name,lat,lon
Mělnická vyhlídka,50.388,14.2923
Unnamed POI,50.0014,14.8589
Unnamed POI,50.7358,15.7398
Malý Rabštýn,49.7229,17.4518
Vysoký kámen,50.3006,12.4081
Křížový kámen,50.8841,14.2802
Horní vyhlídka Edmundova kamene,50.8852,14.2808
Unnamed POI,50.885,14.2805
Unnamed POI,49.2341,17.2513
Unnamed POI,50.1388,14.533
Unnamed POI,50.0027,14.8602
Krásná Máří,50.8524,15.182
Tolštejn,50.8569,14.5817
Komáří hůrka,50.7066,13.8564
Unnamed POI,50.3754,12.9096
Ptačí kámen,50.8589,14.3339
Vilemínina stěna,50.8632,14.4039
Rozhledna Kraví Hora,48.9285,16.847
Unnamed POI,49.3851,12.9276
Unnamed POI,49.4121,12.8045
Rozhledna Blatenský vrch,50.4002,12.7817
rozhledna Koráb,49.3954,13.0753
Unnamed POI,49.4307,13.203
svatý Jan Nepomucký,49.7467,14.3641
Unnamed POI,49.0535,14.435
Hrádek,49.4312,12.8622
Drážďanská vyhlídka,50.7948,14.0981
Jezerní slať,49.0398,13.5754
Unnamed POI,49.0403,13.5745
Unnamed POI,49.7217,13.4348
Unnamed POI,48.8458,15.9783
Unnamed POI,50.1411,14.4769
Terezka,49.786,16.1226
Háj u Šumperka,49.9707,16.9338
Vojtěchův kopec,49.7281,15.9773
Masarykova vyhlídka,50.0916,14.3951
Velká skála,49.3545,16.4183
Unnamed POI,50.0654,14.4208
Unnamed POI,48.8632,16.6335
Vyhlídka Emy Destinnové,50.1174,14.482
Unnamed POI,50.5189,13.6313
Unnamed POI,50.0634,14.4167
Unnamed POI,50.0629,14.4171
Unnamed POI,50.0637,14.4165
Unnamed POI,50.7361,15.7342
Unnamed POI,50.7361,15.7356
Unnamed POI,50.8322,14.6501
Unnamed POI,50.0916,14.4057
Unnamed POI,50.0893,14.3988
U Lvíčka,50.553,15.1763
Unnamed POI,50.0863,14.4136
Křížový vrch,49.8629,17.1784
Unnamed POI,49.1939,16.5988
Unnamed POI,49.1937,16.6002
Unnamed POI,49.1947,16.6004
Roh hranic,50.6744,15.8608
Pražská vyhlídka,50.3841,14.2886
vyhlídka na České středohoří (západní část),50.3891,14.288
Roudnická vyhlídka,50.3893,14.2884
Máchova vyhlídka,50.4402,14.5788
Unnamed POI,49.7437,13.4288
Unnamed POI,50.6984,13.7332
Hornek,49.2315,16.7172
Unnamed POI,49.4454,14.8578
Unnamed POI,50.4556,14.5698
Unnamed POI,50.6144,16.1236
Unnamed POI,50.4465,14.5755
Pokličky,50.4552,14.5894
Unnamed POI,50.4577,14.5773
Výhled na přehradu Souš,50.7994,15.3246
Ostrý,50.5315,13.9515
Unnamed POI,49.7848,13.4357
Unnamed POI,49.7838,13.4351
Unnamed POI,50.0796,15.8136
Unnamed POI,50.0808,15.8145
Unnamed POI,49.1943,16.5973
Unnamed POI,50.1709,17.1165
Zelenohorská vyhlídka,49.0827,13.4361
Vyhlídka Havlova skála,49.9098,13.5526
Unnamed POI,50.2421,14.3061
Unnamed POI,49.5885,16.4316
Paličník,50.8715,15.2576
Soví vyhlídka,50.9342,14.4292
Holubník,50.8407,15.1835
Ptačí kupy,50.847,15.1737
řopík,50.2422,14.3056
Unnamed POI,50.2573,14.3003
rozhledna Osičina,50.2242,16.1273
Vladimíra Menšíka na Hlíně,49.1174,16.4261
Unnamed POI,48.631,14.2783
Unnamed POI,50.7802,14.1856
Doubravská hora,50.639,13.8597
Unnamed POI,50.639,13.8382
Unnamed POI,50.0851,14.4601
Kamenný vrch,49.1828,16.556
Unnamed POI,50.5898,14.0228
Unnamed POI,49.9053,14.4033
Unnamed POI,49.1817,16.5789
Unnamed POI,50.2344,14.299
Czeskie Kamienie / Mužské kameny,50.7769,15.5911
Krakonoš,50.734,15.6649
Minická skála,50.2186,14.2877
Unnamed POI,50.2462,14.3033
Unnamed POI,50.2469,14.3031
Unnamed POI,49.1911,16.6076
Unnamed POI,49.1909,16.6076
Louštín,50.1639,13.7937
Unnamed POI,50.0799,14.4011
Unnamed POI,50.0802,14.401
Unnamed POI,50.0856,14.3911
U Tety,49.7478,16.5794
rozhledna Háj u Aše,50.2335,12.2018
Unnamed POI,49.3863,16.5976
Devět skal,49.6707,16.0322
Skalní hrad,50.8722,15.0894
Kočičí kameny,50.8869,15.2311
Přerovská hůra,50.162,14.8398
Břístevská hůra,50.1376,14.8516
Unnamed POI,50.0627,14.3993
vyhlídka Na Horizontu,49.724,13.4381
Unnamed POI,50.0477,14.4039
Unnamed POI,50.0452,14.3916
Unnamed POI,50.0268,14.4631
Dolní můstek,49.3737,16.7292
rozhledna Podvrší u Veselice,49.3891,16.704
Unnamed POI,48.8587,16.0441
Unnamed POI,48.8589,16.0446
Unnamed POI,50.4906,13.1582
Unnamed POI,50.417,15.776
Rozhledna Stráž u Aše,50.2278,12.272
Unnamed POI,49.2238,16.6708
Unnamed POI,50.1035,14.3214
U Strejců,50.2634,12.3872
Babylon,49.4437,16.4639
Unnamed POI,49.3975,16.5999
Unnamed POI,49.9612,14.2033
Unnamed POI,50.7526,15.5478
Unnamed POI,49.2278,15.362
Unnamed POI,50.7873,14.0388
Unnamed POI,50.4403,14.5871
Unnamed POI,50.4293,14.583
Unnamed POI,50.7782,14.0685
Unnamed POI,50.7781,14.0757
Unnamed POI,50.7781,14.0768
Unnamed POI,50.7784,14.0636
Unnamed POI,50.7783,14.0544
Unnamed POI,50.7792,14.0494
Rozhledna Krátošice,49.3257,14.7842
Mariánská vyhlidka,50.548,15.1935
Vyhlídka nad Výrovkou,50.7179,15.6828
Sněžník,49.276,14.8952
Unnamed POI,50.4406,14.5913
Unnamed POI,50.1738,14.398
Unnamed POI,49.7573,13.5181
Unnamed POI,50.6128,13.521
rozhledna Modrá - Židoviny,49.1191,17.4033
Dračí vrch,50.8095,15.0778
Unnamed POI,50.638,13.864
Panská skála,49.8751,14.5647
Kamenná brána,50.5311,16.3107
Koruna,50.5219,16.3254
Unnamed POI,49.6278,14.2049
Unnamed POI,50.0786,12.3645
Rozhledna Jarník,49.308,14.1925
Unnamed POI,50.736,15.7388
Unnamed POI,49.9502,14.1066
Hlavatice,50.5696,15.1555
Travičná,48.8601,17.3656
Unnamed POI,50.8504,14.2219
Unnamed POI,49.8747,12.9926
Unnamed POI,49.8699,13.0013
Unnamed POI,49.8715,12.9861
Unnamed POI,49.8932,12.9354
Doubrava,49.1838,17.8729
Unnamed POI,50.5278,14.0185
Unnamed POI,49.8778,12.931
Unnamed POI,49.1115,16.4194
Unnamed POI,49.1043,16.4108
Ambrožova vyhlídka,50.7626,15.5455
Unnamed POI,50.6605,15.7476
Unnamed POI,50.6924,15.692
Pančavský vodopád,50.7612,15.5452
Unnamed POI,50.7709,15.5475
Unnamed POI,49.1116,13.3296
Milovské perníčky,49.6936,16.0879
Čtyři palice,49.6868,16.0932
Unnamed POI,50.0713,16.7917
Chalupská Slat,48.9982,13.6592
výhled z věže,49.0511,14.4416
Kamenická vyhlídka,50.8503,14.3444
Mariina skála,50.8604,14.405
Čerchov u Nižbora,50.0048,13.9779
Unnamed POI,49.9181,14.7985
Unnamed POI,48.9664,13.5927
Skalka,49.2476,16.5904
Unnamed POI,49.9144,14.7887
Málkova rozhledna,50.0466,14.1352
Unnamed POI,50.0754,17.3012
Kalvárie,50.5643,15.1645
Zdenčina skála,50.6066,15.1932
Frýdlantská skála,50.5611,16.2057
Vyhlídka Klubačice,49.5603,16.3142
Unnamed POI,50.8317,14.4556
Dolní Bílý ostroh,50.8741,14.2443
Unnamed POI,49.9223,14.7826
Unnamed POI,49.0526,16.8566
Unnamed POI,48.9831,13.7958
Unnamed POI,50.0315,14.4611
Šaunštejn,50.8687,14.3521
Vožický výhled,49.5323,14.8145
Unnamed POI,50.3559,16.9262
Holý vrch,49.7721,13.4458
Kamenná vrata,50.7372,14.977
Unnamed POI,50.7373,14.9766
Červený kámen,50.7312,14.9738
Unnamed POI,50.2302,14.2969
Unnamed POI,49.1807,16.3539
Unnamed POI,50.0231,14.4725
Unnamed POI,49.7714,13.4429
Unnamed POI,49.7763,13.4471
Na stráži,50.7338,14.5844
Otvovická skála,50.2156,14.279
Sylván,49.7697,13.3475
Rozhledna Bára,49.9163,15.7807
Unnamed POI,50.2273,14.3173
Hotel Myslivna,49.1887,16.5538
Babylon,49.3848,16.3598
Unnamed POI,50.2156,14.35
Žuráň,49.1798,16.7384
Unnamed POI,49.1963,16.5256
Unnamed POI,49.3948,16.3388
Unnamed POI,49.4067,16.384
Unnamed POI,50.8206,14.4624
Unnamed POI,50.2155,14.2953
Unnamed POI,49.1782,13.1968
Unnamed POI,50.2146,14.2895
Unnamed POI,48.6319,14.683
Unnamed POI,49.8766,14.2528
Unnamed POI,49.8771,14.2544
Unnamed POI,49.3427,16.411
Lipno Panorama,48.7164,14.0793
Růžový hřbety,50.8013,14.2445
Růžová vyhlídka,50.8063,14.2441
Unnamed POI,50.1129,14.4614
Unnamed POI,50.7721,14.6583
Unnamed POI,50.8081,14.7466
Unnamed POI,50.0797,14.4402
Unnamed POI,49.9758,14.3471
Válečná díra,50.8213,14.357
Unnamed POI,50.0238,16.7016
Unnamed POI,50.8609,15.1878
rozhledna Nedánov,48.9806,16.8195
Klíč,50.7886,14.5727
Helfenburk,49.1362,14.0067
Klimentova vyhlídka,49.8648,14.4579
Unnamed POI,50.0501,17.172
Hvíždinec,49.9068,14.2673
Unnamed POI,49.8574,13.0319
Unnamed POI,48.9649,17.4729
Unnamed POI,48.8548,16.0453
Unnamed POI,50.0866,17.3341
vyhlídka na Mikulce,49.7658,13.3822
Unnamed POI,49.1961,16.5639
Unnamed POI,49.2015,16.5516
Unnamed POI,49.204,16.5517
Unnamed POI,49.2019,16.5572
Unnamed POI,49.2013,16.56
Stříbrná krasavice,49.9602,16.374
Unnamed POI,50.8861,15.275
Pechova smrt,50.8957,15.2549
Špičák,50.8644,15.0742
Rozhledna Černá Studnice,50.7117,15.233
Rozhledna Vrbice,50.0923,16.247
Husova vyhlídka,50.1111,16.2209
Unnamed POI,50.5267,14.2072
Unnamed POI,50.5279,14.2068
Unnamed POI,50.1115,14.4928
Unnamed POI,50.0436,14.392
Unnamed POI,50.3955,14.558
Košťál,50.4902,13.9848
Holý vrch,50.5026,13.9784
Unnamed POI,50.514,13.9878
Unnamed POI,50.0398,14.3587
Unnamed POI,50.5269,13.7588
Unnamed POI,50.3662,13.2366
Unnamed POI,50.3604,13.2535
Hrad Střmen,50.5942,16.1384
U Roklin,50.5916,16.1226
Unnamed POI,50.1908,14.2459
Rozhledna Súkenická,49.3988,18.396
Unnamed POI,49.3713,17.7559
Unnamed POI,49.3743,17.7567
Popovský kříž,50.338,12.9238
Brdlice,49.881,17.9358
Unnamed POI,49.7404,16.5291
Dobrý duch MUHU,50.8941,15.1964
Rozhledna Ocmanice,49.2277,16.1176
Unnamed POI,50.7804,14.1835
Unnamed POI,50.7907,14.1029
Unnamed POI,48.889,14.3584
Unnamed POI,50.8307,15.2216
Čertův odpočinek,50.8245,15.213
Jezdec,50.7975,15.0928
Rozhledna Alfonse Muchy,49.097,16.3857
Unnamed POI,49.8157,17.7597
Unnamed POI,50.1045,14.351
Unnamed POI,50.4057,13.1772
Na Kalvárii,50.066,14.3276
Raisova vyhlídka,49.8604,14.4655
Vyhlídka Vildy Jakše,49.8629,14.4602
Unnamed POI,50.639,14.0506
Altán Camera Obscura,50.2281,12.8846
Altán u Tří Křížů,50.2271,12.8865
Unnamed POI,50.103,14.322
Unnamed POI,49.9514,14.3775
Unnamed POI,49.9398,14.3704
Unnamed POI,50.2055,12.9636
Unnamed POI,49.1758,13.1752
Dušanova vyhlídka,50.6496,13.6846
Vraní skála,49.9277,13.9411
Unnamed POI,48.811,14.3201
Unnamed POI,48.8107,14.3189
Unnamed POI,48.8176,14.3155
Rozhledna Radětice,49.3193,14.429
Unnamed POI,50.4356,16.8895
Pavlova vyhlídka,49.3674,12.7732
vyhlídka E. Maxe,50.7318,14.5884
Unnamed POI,50.7318,14.5878
Hraběnčina vyhlídka,50.7331,14.5905
Maxmiliánova vyhlídka,50.7338,14.5937
Mikovcova vyhlídka,50.7347,14.5962
Unnamed POI,50.7344,14.5952
Malý Chlum,49.4514,16.5858
Unnamed POI,50.0964,14.3203
Unnamed POI,48.8031,14.3228
Klamorna,50.5278,15.0342
Kazatelna,50.2118,12.8665
Vyhlídka Petra Velikého,50.2228,12.8794
Vranovský hřeben,50.6453,15.181
Pecinova vyhlídka,50.6294,15.1777
Kožová hora,50.1137,14.1036
Havraní skály,50.7669,14.5877
Jestřebické pokličky,50.4632,14.5868
Unnamed POI,50.4558,14.6233
Šafářova skála,50.4089,16.8962
Unnamed POI,48.8425,16.0562
Výhled na Plešné jezero,48.7765,13.8575
Kučerova vyhlídka,48.7747,13.8554
Rozhledna Slunečná,48.9054,16.8337
Vyhlídka Nad Soutěskou,48.8648,16.6432
Unnamed POI,48.9294,16.825
Děčínská výšina,50.789,14.2353
Stoličná hora,50.7852,14.2276
Unnamed POI,49.3174,17.8152
Unnamed POI,50.7917,14.4331
Unnamed POI,49.7684,13.0361
Unnamed POI,50.8063,14.4268
Ponorka,50.8106,14.4222
Žába,50.8104,14.4207
Žába II,50.8087,14.426
Rozhledna Rovnina,49.0715,17.5132
Unnamed POI,50.8104,14.3542
Unnamed POI,50.807,14.3461
Hořákova,50.6296,15.1985
Unnamed POI,50.6415,15.1922
Boika,49.8465,15.7841
Hallamasskova vyhlídka,48.8935,15.8101
Unnamed POI,50.9162,15.0972
Vyhlídka „Libverdských pramenů“,50.8921,15.19
Unnamed POI,50.8854,15.2425
Unnamed POI,50.8813,15.2729
Unnamed POI,50.5345,15.0444
Unnamed POI,50.5343,15.0406
Unnamed POI,48.9011,14.4211
Unnamed POI,49.1829,16.5849
Unnamed POI,49.8842,16.0341
Unnamed POI,49.8438,15.7965
Velké Hradisko,49.8019,16.1705
Unnamed POI,50.7878,14.0277
Raškova vyhlídka,49.5836,18.1629
Šikmá věž,50.4629,15.2904
Pechova vyhlídka,50.4667,15.2868
Žaltman,50.5526,16.0521
Nad podkovou,49.6273,14.2022
Unnamed POI,49.6276,14.2036
Chebská stráž,50.0835,12.3416
Salingburg,50.1098,12.3601
Unnamed POI,50.0663,12.7466
Unnamed POI,50.0883,12.8387
Unnamed POI,48.8538,16.0456
Vyhlídka čtyř ročních období,48.8554,16.042
Unnamed POI,48.8556,16.0447
Radniční věž,49.9654,16.9705
Na Plazu,49.9385,13.6558
Unnamed POI,49.8324,15.6713
Dívčí kámen,49.8813,15.587
Homole,49.9443,14.3982
Pasecká skála,49.6156,16.0815
Tři kameny,50.105,17.0479
Unnamed POI,50.7656,14.5691
Unnamed POI,49.1651,13.6464
Unnamed POI,50.2739,17.1648
Unnamed POI,50.372,13.1796
vyhlídka Míru,50.4666,15.2912
vyhlídka Českého ráje,50.4667,15.2897
Hlaholská vyhlídka,50.467,15.2957
Všetečkova vyhlídka,50.4677,15.2906
Vyhlídka pražského pěveckého sboru Křížkovský,50.4664,15.2992
Horní můstek,49.3731,16.7293
Unnamed POI,49.9686,12.5015
Unnamed POI,50.6552,14.0399
Unnamed POI,49.1676,17.4933
Unnamed POI,50.7079,15.1643
Unnamed POI,50.5455,14.139
Unnamed POI,50.712,15.171
Unnamed POI,49.1695,17.5303
Unnamed POI,50.6287,14.0854
Vysoký Ostrý,50.6364,14.0802
Unnamed POI,50.8192,14.8241
Pozorovatelny,49.7626,13.9235
Pozorovatelny,49.7637,13.9265
Jindřichova skála,49.768,13.8818
Dopadová plocha,49.7256,13.8675
Unnamed POI,50.0321,16.4159
Čap,50.5547,14.4758
Unnamed POI,50.6034,14.4505
Smrtka,50.637,14.44
Ronov,50.6204,14.4147
Unnamed POI,50.7918,14.0381
Unnamed POI,50.0947,14.416
Unnamed POI,49.1349,13.6447
Unnamed POI,49.4032,18.0762
Unnamed POI,49.1286,16.7631
Vyhlídková věž Gustava Mahlera,49.3961,15.5861
Výří skála,49.3341,16.6472
Unnamed POI,50.0141,12.6335
Unnamed POI,50.6645,14.5071
Čertův stolek,49.714,15.7124
Unnamed POI,49.7143,15.7131
Unnamed POI,50.5575,14.0807
Unnamed POI,50.5578,14.0811
Železné schody,48.825,15.9674
Vrkoč,50.6309,14.0452
Unnamed POI,49.8759,16.2882
Na hřebínku,50.032,13.8626
Unnamed POI,50.0366,13.8748
Kleť rozhledna,48.8655,14.2833
Unnamed POI,49.5354,12.9384
Akátová věž,49.0418,16.639
Unnamed POI,50.6739,14.765
Unnamed POI,49.8335,15.6537
Unnamed POI,49.8341,15.6531
Alpská vyhlídka,49.0042,13.6931
Unnamed POI,48.8154,15.976
Unnamed POI,48.8544,16.0435
Unnamed POI,48.8542,16.0442
Unnamed POI,48.8546,16.0439
Unnamed POI,48.8544,16.045
Unnamed POI,50.0198,17.309
Unnamed POI,49.8374,17.2458
Unnamed POI,49.1985,17.1201
Králův stolec,48.8445,16.0035
Unnamed POI,48.8377,15.9994
Sealsfieldův kámen,48.8372,15.9982
Unnamed POI,48.838,15.9066
Unnamed POI,50.5601,14.2186
Unnamed POI,48.8569,16.0446
Unnamed POI,48.8569,16.0447
rotunda Sv. Kateřiny,48.855,16.0434
Karolínina brána,48.8542,16.0459
Unnamed POI,49.1814,16.5822
Unnamed POI,49.176,16.5859
Rozhledna Lhotka,49.0568,17.5882
Sněžnická vyhlídka,50.788,14.2332
"Panoramic view of the lake, Pruhonice",50.0003,14.5573
Unnamed POI,50.5923,14.2636
Unnamed POI,50.5834,15.4852
Chocholka,50.5862,15.469
rozhl. Vlčí hora,50.9397,14.4654
Unnamed POI,49.172,16.7213
Unnamed POI,49.1469,16.8141
Unnamed POI,48.8535,16.0463
Unnamed POI,49.5092,18.4069
Janova vyhlídka,50.5565,15.1734
Zámecká vyhlídka,50.5464,15.1932
Unnamed POI,50.5558,15.1735
Lohhauser,49.9344,12.5337
Panský Vrch,49.9352,12.6383
U Trojice,50.0375,13.8749
Unnamed POI,49.0414,16.8352
Unnamed POI,49.3802,17.7018
Unnamed POI,50.4204,16.1585
Sedlo,49.19,13.5693
Sedlo,49.1902,13.5691
Unnamed POI,49.0977,16.8965
Pod Janíkem,49.5462,18.1979
Unnamed POI,49.2165,16.8214
Unnamed POI,49.2155,16.8102
Unnamed POI,49.8999,14.2634
Jelenec,48.8605,17.703
Malá Skála,50.6193,14.0551
Hradiště,49.8113,13.6178
Unnamed POI,49.0275,16.8173
Unnamed POI,49.995,14.3443
Unnamed POI,49.0479,16.3199
Vyhlídková věž hradu Grabštejn,50.8462,14.8763
Unnamed POI,50.9225,14.6131
Vyhlídka Havránka,50.1199,14.4219
Unnamed POI,49.2287,16.6003
Unnamed POI,50.0663,14.4168
Unnamed POI,50.0651,14.4164
Bohdalec,49.6226,16.1438
Unnamed POI,49.6436,16.1974
Unnamed POI,49.3371,14.2941
Unnamed POI,50.0853,14.4129
Skalka,49.2241,16.7542
Unnamed POI,49.9791,14.3461
Unnamed POI,50.6377,14.0384
Unnamed POI,50.6417,14.0393
Unnamed POI,50.6442,14.0391
Unnamed POI,50.6101,14.0689
Unnamed POI,49.2166,16.6806
Lom Hády,49.2199,16.6742
Unnamed POI,50.1397,14.5509
Unnamed POI,50.1327,14.5495
Unnamed POI,50.1381,14.5539
Plešivec,50.566,14.0881
Krkavčí skála,50.5864,14.0846
Hradiště,50.5689,14.1138
Vyhlídka Vojty Náprstka,49.2955,14.4799
Unnamed POI,50.5268,14.0175
Hrad Krupka,50.6849,13.8559
Malá skála,49.1364,16.2467
Harrachova skála,50.7285,15.5747
vyhlídka,50.676,14.0751
Unnamed POI,50.5943,13.4896
Milíře u Rozvadova,49.6653,12.6224
Na Oklikách,49.0985,16.3996
Unnamed POI,49.1909,16.1559
Unnamed POI,49.2219,16.6662
rozhledna Kanihůra,49.7324,18.0102
Unnamed POI,49.5385,18.3042
Unnamed POI,49.231,13.5437
Unnamed POI,50.8339,15.2595
Unnamed POI,49.9489,13.5881
Krašov,49.9489,13.5887
Unnamed POI,50.9738,14.4324
Unnamed POI,49.9599,13.7449
Unnamed POI,49.7689,18.0025
Unnamed POI,50.8836,14.281
Unnamed POI,50.0,14.0012
Unnamed POI,50.3027,12.5719
Unnamed POI,50.0733,14.3997
Unnamed POI,48.8673,17.394
Hradčanská vyhlídka,50.6179,14.6976
Unnamed POI,50.5314,15.032
Rozhledna na Císařském kameni,50.7132,15.1044
Unnamed POI,49.8408,14.1261
Bílá skála,49.8216,13.6506
Unnamed POI,49.2296,16.6774
Wilsonova vyhlídka,49.1615,16.0898
Unnamed POI,50.5314,13.9511
Květnice,49.3584,16.4146
Unnamed POI,48.9002,17.5557
Chocholík,49.2797,16.9377
Unnamed POI,49.7205,13.4382
Unnamed POI,49.7194,13.4415
Unnamed POI,49.5854,14.4703
Rozhledna Annenský vrch,50.2162,16.5127
Unnamed POI,50.2319,14.095
chata Hrádek,49.6169,18.7709
Unnamed POI,49.9615,14.2019
Juránkova vyhlídka,50.3409,16.1592
Koníček,50.3732,16.1862
Unnamed POI,50.1391,14.5292
Trniště,50.7741,15.1578
Slabošovka,48.7904,14.5384
Rubačka,49.3232,15.9575
Kopaniny,49.5569,16.4047
Zelenkův kopec,49.571,16.4556
Unnamed POI,50.5111,14.5024
Nedvězí,50.507,14.5292
Unnamed POI,48.972,16.7653
Klostermannova Rozhledna,49.1382,13.6535
U Obrázku,48.9151,16.7842
rozhledna Vodojem Bratčice,49.0626,16.5402
Divoký důl,50.0793,17.2029
Unnamed POI,50.7868,14.0312
Unnamed POI,50.7867,14.0319
Unnamed POI,49.54,18.1902
Vyhlídka Finkenstein 688m,50.7426,15.2431
Skalní vyhlídka,50.7517,15.2813
Unnamed POI,50.747,15.3657
Unnamed POI,50.7327,14.9851
Unnamed POI,49.0799,15.2832
Bílá skála,50.7396,15.3753
BOROVSKÉ SKÁLY,50.731,15.4057
Šulíkova skála,50.7304,15.3237
Terezínka,50.7304,15.3059
Frýdlantské Cimbuří,50.8562,15.2171
Unnamed POI,49.0628,15.3257
Unnamed POI,49.5391,18.1961
Unnamed POI,50.0623,14.376
Unnamed POI,49.2611,17.854
Unnamed POI,50.3342,16.3483
Unnamed POI,49.5565,18.3918
Unnamed POI,49.6068,16.1526
Unnamed POI,49.1018,13.3356
Unnamed POI,49.2283,18.079
Unnamed POI,49.6671,12.677
Unnamed POI,49.0635,15.3209
Unnamed POI,49.1773,17.7493
Unnamed POI,49.1602,13.4016
Unnamed POI,49.9686,14.3251
Vyhlídka na jihozápad,50.3852,14.2878
Unnamed POI,50.599,15.1582
Albertovy skály,49.7254,14.3681
Velká Panoráma,50.6117,16.1132
Na Čihadle,50.833,15.2316
Unnamed POI,49.1968,16.9853
Javorový kopec,49.5863,16.3263
Unnamed POI,50.2124,17.0166
Unnamed POI,49.9686,14.1284
Unnamed POI,49.8543,13.0265
Böhmova vyhlídka,50.6206,15.3053
Unnamed POI,50.6209,15.3048
Unnamed POI,50.3574,12.8489
Hradek,50.3782,14.925
Unnamed POI,50.3746,14.9263
kamenné moře,50.1568,16.7906
Švédské šance,50.3888,14.927
Unnamed POI,50.7213,15.2252
Unnamed POI,50.8383,14.216
Labska vyhlidka,50.8286,14.2192
Unnamed POI,50.7922,14.4653
Radniční věž,49.5471,18.2117
Branžovský les,49.4267,13.2613
Plánický hřeben,49.4285,13.2752
Unnamed POI,49.4667,13.2781
Unnamed POI,49.9165,14.0649
Unnamed POI,49.5274,18.1617
Vyhlídka nad Tanvaldem,50.735,15.3114
Velká klečová louka,50.8312,15.2444
Jelínkův most,49.9155,14.0485
Skalní vyhlídka,50.7504,15.3758
Rysí skála,50.0883,17.1486
Unnamed POI,50.1531,17.1087
Unnamed POI,49.2219,13.522
Bellarie,49.8459,17.8476
Bezručova vyhlídka,49.856,17.8682
Unnamed POI,49.8639,17.8748
Černá stěna,50.8579,15.2306
Unnamed POI,50.8543,15.2231
Hajní Kostel,50.8614,15.2153
Muchov,50.7247,15.2934
Unnamed POI,50.8806,14.4177
Unnamed POI,49.7922,13.1761
Rozhledna Hanse Kudlicha,50.0505,17.7333
Unnamed POI,50.8133,15.2577
Unnamed POI,49.2521,15.4265
Radniční věž,50.4115,14.9031
Unnamed POI,50.801,15.2774
Unnamed POI,48.8843,15.8446
Unnamed POI,48.9425,15.7024
Unnamed POI,48.9852,17.4815
Unnamed POI,50.7003,15.3071
Vyhlídka,50.3854,14.2911
Unnamed POI,48.8034,14.2915
Unnamed POI,49.365,17.8272
Unnamed POI,49.3737,17.8387
Unnamed POI,49.413,17.8589
Unnamed POI,49.4139,17.8688
Unnamed POI,50.8245,15.1667
Clementsova vyhlídka,49.9777,12.7127
Unnamed POI,49.9774,12.7125
Vyhlídka Hartwiga Rupperta,50.1007,12.7896
Průrva Ploučnice,50.6872,14.7634
Unnamed POI,50.0573,15.536
Unnamed POI,49.5956,16.2808
Unnamed POI,49.6146,16.3127
Unnamed POI,49.6248,16.3117
Rozhledna na Smrku,50.8893,15.2718
Unnamed POI,49.399,17.0574
Rotštejn,50.5943,15.2242
Unnamed POI,50.6328,15.2064
Máj (448 m),49.8311,14.456
Výhled u posedu,50.7952,15.3325
Beethovenova vyhlídka,49.861,17.8741
Leonardova vyhlídka,49.8612,17.8735
Unnamed POI,49.862,17.8724
Unnamed POI,49.8633,17.8747
Unnamed POI,49.5584,16.2802
Unnamed POI,49.5695,16.2518
Unnamed POI,49.1698,16.8883
Unnamed POI,48.9661,16.7525
Unnamed POI,50.3333,12.7899
Unnamed POI,50.3341,12.8125
Unnamed POI,50.539,14.7201
Unnamed POI,50.7838,15.0973
Vyhlídka Liška,50.7199,15.4489
Vyhlídka na hrad Potštejn,50.0754,16.3014
Unnamed POI,50.7257,15.0001
Skalní vyhlídka,50.1988,17.0989
Unnamed POI,50.621,13.8533
Barunčina vyhlídka,50.4477,15.9981
Unnamed POI,50.4895,16.0005
Unnamed POI,50.7815,14.0447
Unnamed POI,50.7865,14.0419
Unnamed POI,48.6359,14.2319
Unnamed POI,50.7614,15.263
Unnamed POI,50.7703,15.2395
Unnamed POI,49.202,13.1393
Unnamed POI,50.104,14.3377
Unnamed POI,50.0517,16.6921
Vinařická hora,50.1851,14.0864
Slavíček,50.7299,14.6021
Unnamed POI,50.7251,14.6085
Výhled na Štěpánku,50.7619,15.3618
Zelená budka,49.7333,17.307
Unnamed POI,49.397,16.2866
Unnamed POI,49.3043,16.6772
Unnamed POI,50.7345,14.5888
Unnamed POI,50.734,14.5885
Velký medlánecký kopec,49.2344,16.5679
Unnamed POI,50.017,14.3883
Výhled na Český Šumburk,50.7296,15.3395
Unnamed POI,50.872,14.3473
Unnamed POI,50.6416,15.1916
Unnamed POI,50.6417,15.191
Unnamed POI,50.6419,15.1891
Unnamed POI,50.849,14.2214
Puklá skála,50.6946,13.5857
Unnamed POI,50.0161,17.1747
Vlčina,49.5427,18.1951
Koňská vyhlídka,50.1832,17.1015
Rajmanova vyhlídka,50.3231,12.7343
Unnamed POI,49.5607,18.225
Unnamed POI,49.1627,16.1657
Krásná stráň,49.9421,14.2704
Unnamed POI,49.2399,16.6757
Unnamed POI,49.1089,16.1848
Unnamed POI,49.7467,13.7516
Unnamed POI,50.4375,14.2925
Unnamed POI,49.4112,16.7571
Unnamed POI,50.438,14.2916
Rozhledna na Vlčí hoře,50.6467,13.6418
Unnamed POI,49.1852,17.4762
Unnamed POI,49.2051,17.4923
Unnamed POI,48.7536,16.1393
Vyhlídka u sv. Jana,49.5382,17.7455
Unnamed POI,50.0606,14.4223
Vrše,49.1209,17.2624
Hanesova vyhlídka,50.0091,16.698
Unnamed POI,50.0571,16.6848
Mlynářův kámen,50.5961,14.0314
Radejčín rozhledna,50.583,14.0112
Vyhídka u Dubice,50.5933,14.0283
Bartůňkova vyhlídka,49.7213,14.3672
Vyhlídka Opata Zaorala,49.7398,14.4044
Unnamed POI,50.8841,14.2953
Unnamed POI,48.8493,17.6066
Unnamed POI,48.8543,17.6684
Unnamed POI,48.8579,17.6769
rozhledna Lázek,49.9257,16.7054
Neštětická hora,49.7692,14.5684
Unnamed POI,49.9707,12.7713
Smetanova vyhlídka,49.8484,14.4522
Třeštibok,49.877,14.4521
Vysoký vrch,50.0584,14.064
Unnamed POI,49.2051,16.7277
Unnamed POI,49.2124,16.7399
Unnamed POI,49.2405,16.5954
Unnamed POI,49.824,13.6877
Unnamed POI,49.862,13.74
Unnamed POI,49.8617,13.7454
Unnamed POI,50.7848,14.2072
Unnamed POI,49.2155,16.611
Unnamed POI,49.2989,13.5916
Unnamed POI,48.8905,14.3552
Unnamed POI,48.8918,14.3549
Unnamed POI,50.0854,14.3987
Unnamed POI,50.0177,14.3874
Unnamed POI,50.2362,13.8688
Unnamed POI,49.8639,15.3482
Unnamed POI,50.833,14.2205
Unnamed POI,49.4033,15.5116
Unnamed POI,49.8442,18.2107
Unnamed POI,49.4,14.1847
Unnamed POI,49.4012,14.1857
Unnamed POI,49.4077,14.1911
Unnamed POI,50.5931,15.3478
Unnamed POI,50.5932,15.3419
Unnamed POI,50.0805,12.3657
Unnamed POI,50.0079,14.1624
Unnamed POI,49.3602,14.2709
Unnamed POI,50.0419,14.3834
Koukolova hora,49.9202,14.0233
Unnamed POI,49.3608,16.4667
Unnamed POI,49.7234,14.3682
Radniční věž,50.292,16.1601
Unnamed POI,50.5409,13.4002
Unnamed POI,50.5455,13.4104
Unnamed POI,50.5825,14.7403
Unnamed POI,50.5956,14.7463
Unnamed POI,49.3379,13.563
Vysoký kámen,50.4055,16.9315
Unnamed POI,50.0427,14.7555
Unnamed POI,50.7836,14.2058
Doskočilova vyhlídka,50.0035,16.2343
Unnamed POI,49.4225,14.2304
Unnamed POI,49.424,14.2298
Unnamed POI,49.4022,14.2397
Čertovy kazatelny,50.3686,16.9927
Dánské kameny,50.7487,14.9595
Unnamed POI,50.6914,15.3542
Unnamed POI,49.0958,17.2266
Unnamed POI,50.208,14.3623
Liběhrad,50.2037,14.3626
Unnamed POI,50.3203,12.8523
Unnamed POI,50.3204,12.8444
Lesná,48.8977,17.6494
"Vyhlídka ""u Martina""",49.2506,16.9145
Zouvalka,49.2522,17.0162
Rajovské skály,48.843,14.3749
Unnamed POI,50.0436,14.1593
Unnamed POI,49.9617,12.9664
Unnamed POI,50.0863,14.4021
Unnamed POI,49.3524,17.6857
Zaječí skok,49.4137,15.5345
Unnamed POI,49.5677,14.3192
Vyhlidka na Český ráj,50.5678,15.2993
Unnamed POI,49.293,14.4714
Unnamed POI,49.2945,14.4731
Kinského vyhlídka,50.912,14.4563
Unnamed POI,50.9111,14.4553
Unnamed POI,50.9113,14.4514
Unnamed POI,50.6965,15.5637
Unnamed POI,49.3173,16.672
Unnamed POI,49.326,16.6461
Unnamed POI,50.105,14.3368
Unnamed POI,50.1148,14.3869
Unnamed POI,50.117,14.3891
Unnamed POI,50.1226,17.3446
Unnamed POI,50.3241,12.7375
Věž Landštejn,49.024,15.2309
Unnamed POI,49.8934,14.4065
Vlčí kámen,50.6777,13.7357
Unnamed POI,49.2145,16.6155
Unnamed POI,49.1037,17.2935
Unnamed POI,49.1039,17.2906
Unnamed POI,49.7646,14.2797
Unnamed POI,50.8668,14.406
Unnamed POI,50.4342,14.0142
Soumarské rašeliniště,48.9016,13.8367
Rogalová rampa,50.3616,13.1704
Unnamed POI,49.9428,12.4773
Unnamed POI,49.9468,12.4743
Unnamed POI,49.1943,16.6033
Unnamed POI,49.1941,16.5866
Raisova vyhlídka,50.5618,15.1276
Unnamed POI,49.2952,18.2487
Unnamed POI,49.9664,16.1706
Holenická vyhlídka na Trosky,50.5217,15.3168
Unnamed POI,49.473,16.4792
Unnamed POI,50.267,16.112
Švamberk view,50.2662,16.1164
Chateau view,50.2633,16.1172
Unnamed POI,49.546,18.4472
Unnamed POI,49.5471,18.4481
Unnamed POI,49.5731,18.4204
Unnamed POI,50.2661,16.1042
Baba - 639,49.7321,17.4247
Zelený vrch,50.8207,15.2823
Unnamed POI,49.1847,17.3672
Jiráskova chata,50.4008,16.1911
Šibenik,50.5561,15.9063
Unnamed POI,50.8328,14.2205
Rozhledna U majáku na Přítlucké hoře,48.8639,16.7711
Unnamed POI,49.6015,16.1645
Unnamed POI,49.6031,16.1495
Unnamed POI,49.5002,14.1895
Rozhledna Kozlovský kopec,49.8813,16.4256
Unnamed POI,49.1598,16.2308
Rozhledna Kožich,49.5713,13.444
Řípská vyhlídka,50.5048,14.5404
Unnamed POI,50.7116,15.2338
Strážnice,50.232,17.5985
Unnamed POI,49.705,17.3968
Vojtěchovská rozhledna,49.7802,15.9798
Krkatá bába,49.3821,16.5293
Stezka korunami stromů Lipno,48.6527,14.2307
Unnamed POI,48.8117,14.2928
Unnamed POI,48.9117,13.7177
Unnamed POI,49.0068,14.5532
Unnamed POI,49.0245,14.5913
Unnamed POI,50.2257,12.8811
Unnamed POI,50.1288,14.4047
Unnamed POI,50.1293,14.4045
Unnamed POI,50.7388,15.7288
Solárka,49.5809,18.3198
Unnamed POI,50.0018,14.4415
Unnamed POI,50.6322,15.8273
Nickerlova vyhlídka,49.9664,14.4115
Zámeček,49.8027,16.1685
Unnamed POI,48.8517,16.0493
Unnamed POI,48.8529,16.0505
Unnamed POI,48.8532,16.051
Dutý buk,50.9742,14.4238
Unnamed POI,50.9803,14.415
Unnamed POI,49.9451,15.2643
Unnamed POI,50.8656,15.004
Metodka,49.6064,16.1473
Arberblick,49.1281,13.2317
Unnamed POI,49.05,14.4427
Unnamed POI,50.557,15.1724
Unnamed POI,50.1043,14.3312
Unnamed POI,48.9334,15.7157
Unnamed POI,48.9335,15.7158
Unnamed POI,48.9342,15.7148
Unnamed POI,48.9343,15.7145
Unnamed POI,48.9428,15.7205
Unnamed POI,49.0151,17.0564
Unnamed POI,50.0421,13.8855
U Čtyř buků,50.7587,15.431
Unnamed POI,50.7469,15.4398
Unnamed POI,50.3358,14.5932
Emergency hut,49.9544,14.7736
21,49.2232,17.6589
Unnamed POI,49.557,18.1699
Unnamed POI,49.5855,18.1176
Unnamed POI,49.5877,18.119
LKPR Spotting Point,50.1155,14.2651
Unnamed POI,49.1552,16.335
Unnamed POI,50.9891,14.2993
Unnamed POI,49.155,13.6312
Unnamed POI,49.155,13.6316
Náklo,48.9384,17.1374
Vyhlídka Václava Hrubého,48.9334,13.7085
Unnamed POI,49.1524,15.3625
Unnamed POI,50.5257,15.0642
Bosenská skála,50.7362,15.384
Skalní vyhlídka,50.7392,15.4067
Unnamed POI,50.8454,14.2118
Unnamed POI,50.7833,13.9221
Unnamed POI,50.7831,13.9222
Unnamed POI,49.1392,16.2404
Unnamed POI,50.7779,14.2026
Unnamed POI,50.7798,14.2048
U obrázku,49.8912,14.4678
Unnamed POI,49.8724,14.4724
Unnamed POI,49.1652,13.5695
Výhled na hrad Kašperk,49.1653,13.5694
Unnamed POI,48.9765,17.2695
Unnamed POI,49.6181,14.2382
Unnamed POI,50.7905,14.2432
Unnamed POI,50.7902,14.2427
Unnamed POI,50.8332,14.2337
Unnamed POI,50.833,14.234
Unnamed POI,50.8342,14.2335
Labská vyhlídka Elisafex,50.8738,14.2364
Unnamed POI,50.8737,14.2367
Unnamed POI,49.2336,14.6285
Unnamed POI,49.2345,14.6256
věž Staré radnice,49.1931,16.6087
Unnamed POI,49.2036,16.5842
Unnamed POI,50.0877,14.4099
Unnamed POI,50.4685,14.9158
Unnamed POI,49.0641,15.2342
Klostermannova vyhlídka,49.1014,13.4801
Unnamed POI,49.5302,16.3267
Unnamed POI,50.0898,14.4019
Halda Ema,49.8397,18.3146
Unnamed POI,50.0098,16.2491
Unnamed POI,50.0056,16.2795
Unnamed POI,49.4418,18.0134
Unnamed POI,50.0335,16.4971
Unnamed POI,50.0498,14.4176
Unnamed POI,50.0521,14.419
Vápenný,50.7888,14.8974
Krkavčí skály,50.7421,14.8917
Unnamed POI,49.3167,14.1889
Unnamed POI,49.3172,14.1904
Unnamed POI,49.5566,18.5413
Unnamed POI,49.5838,18.53
Pohled od sjezdovky Morávka - Sviňorky směrem severovýchod,49.5887,18.5169
Křížový Vrch,50.6244,16.1264
Vyhlídka Špička Brnky,50.1484,14.4019
Aussichts-Kanzel,49.0611,13.3957
Pohled z úbočí Malého Travného,49.5607,18.5436
Unnamed POI,50.8715,14.351
Rozhledna Lidové sady,50.7774,15.0809
Unnamed POI,49.1937,16.5987
Mache,50.5943,14.0828
Unnamed POI,49.0807,18.0696
Unnamed POI,49.0829,18.0821
Unnamed POI,49.0914,18.0452
Taková hezká skála,50.6034,14.9754
"Motýlí vrch, Ferdinandka",49.6945,13.991
Unnamed POI,50.7056,15.0322
Vyhlídka na Kapelu,50.5512,15.179
Bednář,49.8259,14.4506
Unnamed POI,50.8122,14.9249
Unnamed POI,49.5172,14.1627
Unnamed POI,49.5195,14.1642
Lovošská Pískovna,50.5242,14.0394
Unnamed POI,49.1905,13.1567
Unnamed POI,49.1958,13.1485
Unnamed POI,50.2994,16.3386
Unnamed POI,50.312,16.3688
Velká Deštná - jih,50.3006,16.3978
vyhlídka pod Šerlichem,50.3261,16.3869
vyhlídka na Studeném,50.2928,16.3715
Unnamed POI,50.1478,14.1003
Bezručova vyhlídka,49.7128,18.3634
Unnamed POI,49.9236,14.308
Unnamed POI,49.9371,14.3336
Unnamed POI,49.938,14.3354
Unnamed POI,49.9462,14.339
Vyhlídka U Rybárny,49.3866,14.1683
Unnamed POI,49.2974,14.4809
Unnamed POI,49.2982,14.4847
Unnamed POI,50.3727,16.1612
Unnamed POI,49.6909,13.5042
Unnamed POI,50.8519,15.1812
LKPR Spotting Point,50.1032,14.2501
LKPR Spotting Point,50.0966,14.2452
Vyhlídka Srdce,49.6656,14.2476
Unnamed POI,50.0553,15.1893
Unnamed POI,49.998,13.7917
Klosova vyhlídka,50.3494,16.1535
Unnamed POI,49.6367,18.4817
Unnamed POI,50.0857,14.4008
Unnamed POI,49.1659,16.1656
Unnamed POI,49.1289,16.2733
Unnamed POI,49.1292,16.2646
Unnamed POI,49.1292,16.272
Unnamed POI,49.1326,16.2532
Unnamed POI,49.1389,16.2301
Unnamed POI,50.8675,15.272
Kluk,49.6575,13.3571
Unnamed POI,50.2648,16.116
Nad Zdejcinou,49.9787,14.0381
Nad Zdejcinou,49.9789,14.0448
Nad Marastkem,49.5928,13.7284
Unnamed POI,49.6858,18.3446
Unnamed POI,50.0707,14.4247
Rozhledna Maják,50.4778,13.5432
Rozhledna u Křížku,48.8566,16.4718
Rozhledna Hustopeče,48.9535,16.7426
Nad Horními Albeřicemi,50.6902,15.8569
Unnamed POI,50.7526,15.7915
Lasocki Grzbiet,50.7301,15.8317
Unnamed POI,50.7726,15.6132
Unnamed POI,50.7711,15.535
Unnamed POI,50.7696,15.5976
Śląskie Kamienie,50.776,15.6028
Unnamed POI,50.7824,15.5116
Šumavská vyhlídka,49.4292,13.2967
Unnamed POI,50.457,15.695
Unnamed POI,49.5107,18.3729
Juliina vyhlídka,50.6682,14.7564
Výhled na Měšno,49.6514,13.6284
Unnamed POI,49.2364,17.7134
Unnamed POI,49.2427,17.7134
Unnamed POI,49.9626,14.0651
Unnamed POI,50.0034,14.4535
Rozhledna Skalka,49.9897,14.783
Unnamed POI,49.5939,16.9837
Unnamed POI,50.2168,16.5315
Unnamed POI,48.7735,14.8092
Humboldtova vyhlídka,50.6493,14.0371
Unnamed POI,50.6694,14.0042
rozhledna Varta,50.3725,16.2039
Unnamed POI,50.0494,14.4185
Unnamed POI,49.0536,13.4432
Unnamed POI,50.0988,15.9981
U transformátoru,50.4679,16.0223
Hromobitka,50.4535,16.0213
Mečov,50.4644,16.017
Křížový vrch rozhledna,49.6219,13.2128
Unnamed POI,49.5925,17.2632
Unnamed POI,49.5942,17.2603
Unnamed POI,49.9955,14.5614
Unnamed POI,49.9918,14.5616
Křížka,49.9264,14.5706
Homolka 295 m n m,50.0153,14.3733
Unnamed POI,50.9156,14.6428
Unnamed POI,48.7552,14.6086
Unnamed POI,48.7576,14.6076
Unnamed POI,50.4762,15.9998
Krkavčí skála,50.6199,15.3031
Unnamed POI,50.825,15.0865
Unnamed POI,50.7994,15.0834
Unnamed POI,50.4281,14.5808
Unnamed POI,49.6673,16.9035
Medvědí skála,49.5521,18.3999
Unnamed POI,49.9532,14.3858
Unnamed POI,49.4131,17.7974
Unnamed POI,50.1392,14.3923
Bílý kámen,49.6199,17.4531
Vyhlídka Pálavské náměstí,49.2058,16.6561
Astronomical observatory,49.2071,15.8759
Strážná hora,49.2099,15.8737
Zdebořická vyhlídka,49.3677,13.4132
Vyhlídka na Beskydy,49.779,18.425
Mostka rozhledna,50.5466,14.1372
Unnamed POI,50.8969,15.1972
Unnamed POI,49.3871,14.6518
Unnamed POI,49.2351,13.5256
Unnamed POI,50.4952,15.5426
Bašta,49.513,16.885
Vápenice,50.7127,14.9983
rozhledna Petrovice II,49.8142,15.0597
Svatý Kopeček,49.6291,17.3375
Unnamed POI,49.6218,18.3313
Kamenný vrch,49.185,16.5538
Jájina vyhlídka,50.7279,15.5612
Černá skála,50.7091,15.5656
Unnamed POI,50.5672,16.2668
Unnamed POI,50.7233,15.0143
Unnamed POI,50.6208,13.8218
Unnamed POI,49.9344,16.5094
Unnamed POI,50.6129,16.112
Unnamed POI,49.6153,18.345
Unnamed POI,49.617,18.3392
Unnamed POI,49.6229,18.3412
Rozhledna,50.9348,15.0767
Výpust u Vlčnova,49.0121,17.5469
Unnamed POI,49.5278,18.1342
Unnamed POI,48.6084,14.2947
Lišky,49.624,18.3323
Na Magoni,49.6197,18.3063
Unnamed POI,50.6905,13.8776
Unnamed POI,48.6301,14.2597
Unnamed POI,50.8707,14.3504
Unnamed POI,50.6835,13.8581
Unnamed POI,49.181,16.5698
Unnamed POI,50.3485,14.4754
Unnamed POI,50.1354,14.3885
Kopalova vyhlídka,50.6007,15.1706
Unnamed POI,50.6397,13.8357
Unnamed POI,50.099,14.3221
Unnamed POI,50.0996,14.3227
Unnamed POI,50.1041,14.331
Olověný vrch,50.3675,12.5115
Unnamed POI,50.5303,15.0612
Na Altánku,49.5552,15.0504
Unnamed POI,49.1995,14.2319
Krkavčí skála,49.41,14.1639
zvonička,49.6058,18.2512
Unnamed POI,50.4675,15.3293
Unnamed POI,49.6198,18.3064
Vyhlídka na Čertovu tchyni,50.544,16.2986
Supí hnízdo,50.564,16.2761
Skalní divadlo,50.5649,16.2732
Unnamed POI,49.8501,14.145
Unnamed POI,50.5492,14.0373
Unnamed POI,49.8479,18.3284
Unnamed POI,49.8484,18.3283
Unnamed POI,49.8488,18.3281
Mikšova hora 578m,50.6969,15.3011
Unnamed POI,49.8795,14.4301
Arboretum Makču Pikču,49.8173,17.2225
rozhledna,50.0743,16.7686
Unnamed POI,49.1659,13.3929
Unnamed POI,49.1438,13.5334
Unnamed POI,50.5935,14.2633
Unnamed POI,49.1473,13.555
Unnamed POI,49.1489,13.5545
Unnamed POI,49.1503,13.5531
Unnamed POI,49.1477,13.5568
Unnamed POI,50.7306,14.9728
Unnamed POI,50.7308,14.9728
Unnamed POI,49.9158,13.5111
Myší Skála,50.6293,15.3108
Jiřička,50.6169,15.3105
Moravská Jiřička,50.6206,15.3075
Unnamed POI,50.2381,17.2375
Čertovy kameny,50.2454,17.2363
Unnamed POI,48.8927,15.8112
Unnamed POI,50.6676,15.4066
Unnamed POI,48.9177,16.8993
Unnamed POI,49.7211,17.0011
Bradlo,49.8541,17.0543
Laffitova vyhlídka,50.5679,14.1634
Unnamed POI,48.6475,14.6172
Unnamed POI,49.9752,13.7037
Mayerův gloriet,50.2227,12.8799
Unnamed POI,49.8685,13.7425
Unnamed POI,49.6554,16.4135
rozhledna Kohout,50.7104,14.3143
rozhledna Strážný vrch,50.6872,14.3556
Rozhledna Kozinec,50.5192,15.5586
Unnamed POI,50.8569,14.5615
Junácká vyhlídka,50.5147,16.3091
Božanovský Špičák,50.5144,16.3176
Unnamed POI,50.8229,14.6725
Janovská vyhlídka,50.8738,14.245
Unnamed POI,50.2568,17.149
Unnamed POI,50.2366,17.1945
Unnamed POI,49.5944,15.9356
Unnamed POI,49.6613,14.2561
Unnamed POI,50.6385,15.1747
Unnamed POI,50.6463,15.1216
Tisá skála,49.8452,15.419
Unnamed POI,50.4388,14.5819
Víťova vyhlídka,50.6494,14.2768
Unnamed POI,49.6691,16.4095
Unnamed POI,49.472,12.7142
Unnamed POI,49.4726,12.7229
Hrad Adršpach,50.6174,16.1004
Unnamed POI,49.0884,13.5544
Unnamed POI,50.5176,15.5475
Unnamed POI,48.973,13.5508
Unnamed POI,50.0632,14.4303
Unnamed POI,50.6499,14.1529
Unnamed POI,50.0921,14.5743
Grázlova vyhlídka,48.8917,15.6367
Unnamed POI,50.7494,14.9617
Slavenská vyhlídka,50.5364,16.2984
Vyhlídka na Veveří,49.2631,16.4667
Unnamed POI,50.501,16.123
Unnamed POI,49.4419,14.1907
Vyhlídka Stříbrník,50.1686,14.3514
Šumavská vyhlídka Zdeňka Hodka a strážovských turistů,49.3079,13.2482
Unnamed POI,50.8007,15.0836
Jurkovičova rozhledna,49.4624,18.1587
Unnamed POI,48.9825,14.7198
Vyhlídka nad Vysutým,49.6239,18.4973
Unnamed POI,49.2164,15.8727
Unnamed POI,49.3788,16.7297
Unnamed POI,49.3799,16.7291
Ptačí pozorovatelna,50.63,14.5464
Unnamed POI,50.6403,13.8393
Opevnění,50.1688,16.8657
Unnamed POI,49.8099,13.9883
Unnamed POI,49.806,13.9946
Unnamed POI,49.0796,17.3645
Unnamed POI,50.1147,14.4545
Unnamed POI,49.3922,17.4863
Unnamed POI,50.3708,14.8732
"Drkolna, 729 m.n.m.",49.3381,13.3931
Unnamed POI,50.5579,14.4789
Unnamed POI,50.5879,14.4507
Unnamed POI,50.6004,14.4504
Unnamed POI,48.8323,14.4708
Unnamed POI,49.6681,13.5318
Unnamed POI,49.298,17.3799
Zbojnická,49.4363,18.4647
Irenina Skala,50.4622,13.2689
Unnamed POI,48.7295,14.7031
Rozhledna Járy Cimrmana,49.647,16.512
Widok na Kotlinę Ostrawską,49.6056,18.8231
Rozhledna Kbíl,49.2182,13.8449
Unnamed POI,50.7643,15.1148
Okrouhlá,49.6806,18.2775
Unnamed POI,50.7016,15.0477
Unnamed POI,50.702,15.046
Unnamed POI,50.7018,15.0393
Unnamed POI,50.6672,15.548
Unnamed POI,48.9323,15.7176
Unnamed POI,51.0024,14.5524
Unnamed POI,50.7239,14.6068
Schillerova vyhlídka,50.7873,14.6571
Lokomotiva,50.5919,16.1462
Unnamed POI,48.645,14.1031
Unnamed POI,50.6381,13.8304
Unnamed POI,50.5798,14.108
Unnamed POI,48.9323,13.7375
Unnamed POI,48.6192,14.2256
Unnamed POI,50.0818,14.3993
Sedmihůrská Vyhlídka,50.7084,13.8275
rozhledna Šibeniční vrch,49.5213,12.9605
Unnamed POI,50.6777,13.8053
Unnamed POI,49.3332,17.6006
Unnamed POI,50.6977,13.7164
Skála,49.8821,14.8792
Unnamed POI,49.8825,14.8819
rozhledna Hard,50.1778,12.6568
Ervínův hrad,50.4676,15.2743
Unnamed POI,50.601,15.2177
Unnamed POI,50.6063,15.1931
Koráb rozhledna,49.3955,13.0752
Krkavec,49.8028,13.3415
Unnamed POI,49.5877,18.1186
Unnamed POI,49.5918,18.1156
Bolt Tower,49.8194,18.2767
Jelení skok,49.1032,14.4656
Unnamed POI,50.8801,14.4673
Karlova vyhlídka,50.8874,14.4862
Unnamed POI,48.7421,14.7401
Unnamed POI,49.4346,16.3598
Unnamed POI,50.5878,14.3724
Unnamed POI,50.9141,15.0834
Unnamed POI,49.8651,18.4786
Unnamed POI,48.8847,14.5998
Unnamed POI,50.6513,14.0665
Unnamed POI,49.9477,14.339
Rozhledna Kuníček,49.5642,14.3132
rozhledna U Jakuba,49.0876,15.271
Unnamed POI,50.7236,15.2908
Unnamed POI,49.5193,16.8673
Hubertova vyhlídka,50.6645,15.7515
Rozhledna Heřmanice,50.8974,15.017
pozorovatelna Pohraniční stráže,49.6735,12.5446
Unnamed POI,49.4985,16.8957
Unnamed POI,49.2032,16.5731
Zdice,49.9166,13.9862
Unnamed POI,48.9268,17.6711
Unnamed POI,49.5475,16.7829
Brot,50.9026,14.4049
Käs,50.9031,14.408
Unnamed POI,50.115,14.4567
Unnamed POI,50.1148,14.4554
Unnamed POI,50.1848,12.7499
Rozhledna Velká Čantoryje,49.6787,18.8046
Kalvárie,50.0656,16.4394
Unnamed POI,50.2323,17.1935
Unnamed POI,50.4114,13.8086
Unnamed POI,49.5956,16.8896
Unnamed POI,50.4775,15.2758
Unnamed POI,50.4775,15.276
Melicharka - Vyhlídka na Plzeň,49.6823,13.5155
Unnamed POI,50.4868,13.4092
Krkonošská vyhlídka,50.4665,15.6055
Unnamed POI,50.0406,14.3616
Unnamed POI,50.6045,14.2061
Rozhledna na vrchu Čáp,50.5746,16.1241
Byšičky,50.4192,15.6101
U třešně,50.4469,16.0376
Unnamed POI,49.1292,16.2949
Příkosická vyhlídka,49.6647,13.6442
hradiště Denemark,49.9291,15.2524
Unnamed POI,49.8468,18.3294
Unnamed POI,49.8485,18.3249
Unnamed POI,49.8754,13.6013
Vyhlídka na Šumavu,49.4353,13.6594
Vyhlídka na Pavlovsko,49.7236,13.6598
Vyhlídka na Žďár,49.7291,13.6891
Skalní vyhlídka z Vlče na Strašice,49.7227,13.7266
Frotzelova rozhledna,50.3844,13.7943
Krausova vyhlídka,50.6095,15.993
Rozhledna Svatá Markéta,49.3621,13.1563
Unnamed POI,50.8241,14.6038
Doerellova vyhlídka,50.5863,14.0253
Unnamed POI,49.1424,13.5433
Unnamed POI,50.7936,15.0892
Unnamed POI,49.5951,17.2509
Unnamed POI,49.5183,16.8526
Unnamed POI,49.4968,17.1349
Unnamed POI,49.9259,14.3691
Unnamed POI,49.6667,17.4426
Unnamed POI,49.9734,13.7898
Unnamed POI,50.5806,14.1098
Unnamed POI,49.4749,16.6593
Unnamed POI,49.4769,16.6634
Unnamed POI,49.4845,16.6513
Unnamed POI,50.5948,14.2637
Unnamed POI,50.5969,14.2627
Unnamed POI,49.3498,17.7145
Unnamed POI,49.364,17.7113
Unnamed POI,49.4992,18.5417
Unnamed POI,49.4722,17.1094
Unnamed POI,50.7193,15.2767
Unnamed POI,50.7219,15.2866
Unnamed POI,49.5469,16.9422
Tanvaldský Špičák,50.7514,15.2824
Unnamed POI,49.9696,13.7917
Rudolfova vyhlídka,50.6276,15.0896
Unnamed POI,50.7844,14.195
Vyhlídka kováře Popolce,50.7934,14.1827
Unnamed POI,50.7926,14.1973
Přípeřská vyhlídka,50.7904,14.2033
Dolní vyhlídka,50.7864,14.2095
Červená skála (Nad vlajkou),50.7829,14.2071
Hrobka,50.6487,15.1136
rozhledna Křížová hora,50.038,16.7573
Veřejová skála,49.6459,14.8687
Unnamed POI,49.178,16.5501
Unnamed POI,49.2617,16.4703
Liptická vyhlídka,50.5976,13.7318
Wessenstein,50.6835,14.1208
Kozí vrch,50.6758,14.1368
Unnamed POI,49.634,18.556
Humboldtova vyhlídka,50.6718,14.2271
Unnamed POI,49.553,16.6413
Unnamed POI,48.9078,16.8107
Unnamed POI,50.7496,14.5675
Unnamed POI,50.7699,14.6019
Unnamed POI,50.7664,14.6029
Nad Perníkovou věží,50.7667,14.6028
Opálená,49.5536,18.3121
Unnamed POI,49.1942,16.6593
Unnamed POI,50.7297,14.5935
Unnamed POI,50.7302,14.6012
Hradní vyhlídka,50.7336,14.592
Dědovy kameny,50.7252,14.5984
Unnamed POI,49.3605,16.6855
Unnamed POI,49.361,16.6875
Unnamed POI,49.7246,14.3199
Unnamed POI,49.4538,13.3274
Karolínina vyhlídka,50.4967,15.7678
Unnamed POI,49.9208,14.2199
Unnamed POI,49.2998,16.4956
Horní vyhlídka,50.7871,14.2111
Rozhledna Janovský vrch,50.8609,14.2697
Unnamed POI,50.7789,15.0894
Unnamed POI,49.335,16.6831
Unnamed POI,49.6971,13.3411
Bohušův vrch,49.8666,12.7528
Unnamed POI,49.56,16.4707
Unnamed POI,50.7353,14.5973
Unnamed POI,50.735,14.5963
Unnamed POI,50.7352,14.5969
Unnamed POI,50.7347,14.5968
Radost,49.8804,13.463
Unnamed POI,50.5688,14.5932
Unnamed POI,50.5692,14.5884
Unnamed POI,49.93,14.2463
Unnamed POI,49.1908,16.6054
Vávrova vyhlídka,50.0424,14.4137
Unnamed POI,50.0409,14.4119
Unnamed POI,50.0512,14.4202
Unnamed POI,49.2026,16.1455
Unnamed POI,50.7659,14.5925
Unnamed POI,50.7671,14.5869
Unnamed POI,49.9531,14.1329
Unnamed POI,50.6856,14.1111
Unnamed POI,50.8726,14.4567
Unnamed POI,50.7984,14.8149
Unnamed POI,48.7798,16.8105
Unnamed POI,49.2841,16.6736
Unnamed POI,49.2868,16.671
Hradní věž,49.8043,17.7732
Skalní ostroh,49.8034,17.7747
Kibička,50.5288,14.0236
Unnamed POI,49.858,18.1075
Unnamed POI,48.9569,17.4854
Unnamed POI,48.8938,17.7329
Unnamed POI,50.2709,13.6977
Unnamed POI,50.6386,13.8463
Unnamed POI,50.226,12.8849
Unnamed POI,49.9682,14.4178
Unnamed POI,49.8918,18.0925
Unnamed POI,49.5271,16.6996
rozhledna Lanšperk,49.995,16.4541
Unnamed POI,50.7071,13.8566
Unnamed POI,50.6399,14.0508
Unnamed POI,49.9148,14.2917
Unnamed POI,49.1675,13.4451
Vyhlídka,49.5776,17.6248
Obírka,49.5766,17.5867
Vyhlídka Kulivá hora,49.9644,14.2863
Soutok Moravy a Dyje,48.6172,16.9405
Unnamed POI,49.4519,16.3087
Unnamed POI,49.452,16.3087
Mužský,50.5279,15.0461
Venušiny misky,50.3354,17.1471
Unnamed POI,50.2912,17.2305
Unnamed POI,50.147,12.2814
Prdlák,49.9292,14.1376
Unnamed POI,49.6535,16.0842
Unnamed POI,49.8674,14.2124
Unnamed POI,49.5437,16.576
Unnamed POI,50.8196,15.1391
Unnamed POI,50.8186,15.1387
Unnamed POI,49.62,18.3387
Schlikova vyhlídka,50.4679,15.2904
Unnamed POI,49.3091,16.6485
Unnamed POI,50.5504,15.184
Unnamed POI,50.5939,14.6352
Unnamed POI,50.7382,14.6202
Výhled na celou Ostravu,49.8433,18.3008
Paraplíčko,50.6361,15.2905
Unnamed POI,50.771,15.5485
Unnamed POI,50.0887,14.5157
Vyhlídková věž Hošťálkovice,49.8444,18.2113
Unnamed POI,50.6975,14.0992
Unnamed POI,50.5324,14.1323
Unnamed POI,50.1276,17.2803
Unnamed POI,50.1316,17.2953
Unnamed POI,49.4493,14.1878
Unnamed POI,50.1318,17.3089
Jelení kameny,50.133,17.3064
Kamzičí skály,50.1482,17.235
Unnamed POI,49.6174,16.6653
Unnamed POI,50.804,14.4585
Chlumská hora,49.9997,13.2321
Unnamed POI,49.6849,17.5599
Na Skalce,49.0251,17.8444
Unnamed POI,49.5491,18.2832
Vyhlídka Pěnčina,50.0399,13.9259
Unnamed POI,49.2084,16.1623
Lípa svobody,50.4902,15.3155
Unnamed POI,49.0321,17.239
rozhledna Doubí,49.0391,17.3037
Unnamed POI,49.0402,17.2803
Unnamed POI,48.915,17.6804
Hřebenka,50.749,14.5647
Unnamed POI,49.4866,16.8289
Unnamed POI,49.5071,16.8204
Unnamed POI,49.5083,16.8264
Unnamed POI,50.9092,14.4811
Rozhledna na Svatém kopečku,50.3841,13.2578
Unnamed POI,49.3998,16.7677
Unnamed POI,49.402,16.7764
Unnamed POI,50.7106,14.2118
Unnamed POI,49.4989,16.945
Unnamed POI,49.5781,16.8702
Unnamed POI,49.5863,16.8763
Unnamed POI,49.5915,16.884
Unnamed POI,49.6038,16.8918
Unnamed POI,49.6255,16.4152
Unnamed POI,50.1492,17.3193
Unnamed POI,49.2024,17.7564
Unnamed POI,49.4458,16.8455
Unnamed POI,49.4766,16.855
Unnamed POI,49.6242,16.707
Unnamed POI,49.6328,16.7088
Unnamed POI,49.83,18.285
Unnamed POI,49.2164,15.8864
Vyhlídka Na Plazích,49.9674,13.706
Unnamed POI,49.6482,18.4149
Unnamed POI,49.6566,18.4149
Unnamed POI,50.0314,14.3151
Unnamed POI,50.7706,14.6013
Unnamed POI,50.032,14.3243
Unnamed POI,49.5481,16.9279
Unnamed POI,50.0315,14.3241
Unnamed POI,50.0322,14.322
Unnamed POI,50.0313,14.3332
Unnamed POI,50.6241,14.6202
Unnamed POI,50.6304,14.6084
Unnamed POI,49.4955,16.9381
Unnamed POI,49.499,16.9082
Unnamed POI,49.5223,16.8783
Unnamed POI,49.4636,16.7201
Unnamed POI,49.4841,16.7367
Unnamed POI,49.4881,16.727
Kunětická hora,50.0799,15.8132
Unnamed POI,49.5457,16.8584
Unnamed POI,49.5537,16.8602
Unnamed POI,49.5607,16.8578
Unnamed POI,50.2113,16.2431
Unnamed POI,50.1558,17.0206
Unnamed POI,49.524,16.7629
Vyhlídková věž děkanského kostela Proměnění Páně,49.4146,14.6584
Unnamed POI,50.5377,13.7259
Unnamed POI,50.5377,13.7263
Unnamed POI,50.3238,15.139
Nízký Jeseník,49.9725,17.4401
Unnamed POI,50.801,14.4767
Unnamed POI,48.997,13.9965
Unnamed POI,49.6766,16.9507
Unnamed POI,49.6942,16.9132
Orlík,49.5652,15.4104
Unnamed POI,49.6465,18.5627
Výhled na Janoslavice,49.8485,16.9822
Unnamed POI,50.2365,17.3836
Unnamed POI,49.5126,16.6823
Unnamed POI,49.5372,16.7203
Unnamed POI,50.8272,14.6704
Unnamed POI,49.5648,17.1627
Unnamed POI,49.5937,17.2539
Unnamed POI,49.5947,17.256
Unnamed POI,50.2566,17.149
Unnamed POI,49.4438,16.7159
Unnamed POI,49.4842,16.6539
Unnamed POI,49.487,16.6613
Unnamed POI,49.5047,16.7287
Unnamed POI,50.0488,14.3348
Unnamed POI,49.7086,14.6997
Vyhlídka,50.609,14.2795
Unnamed POI,49.6231,16.409
Unnamed POI,49.9456,14.7297
Unnamed POI,50.5258,15.068
Unnamed POI,49.9481,15.2674
Unnamed POI,49.2166,15.8745
Unnamed POI,49.2174,15.8826
Unnamed POI,49.2134,15.8873
Unnamed POI,49.9967,16.4571
Sřed Moravy,49.3856,17.1229
Unnamed POI,49.3878,17.1223
Unnamed POI,49.8517,13.503
Unnamed POI,49.8575,13.5104
Unnamed POI,49.5868,18.8231
vyhlídková věž Lomnice,49.0954,14.7146
Na Skále,49.5613,13.6674
Unnamed POI,49.2878,14.4715
rozhledna Cibulka,50.2369,12.5578
Unnamed POI,49.481,16.6631
Baronova vyhlídka,50.6095,16.1132
Unnamed POI,50.6138,16.1032
vyhlídka u Heřmanova (608m n.m.),49.3765,16.1853
Unnamed POI,49.5917,16.8961
Unnamed POI,50.7247,14.6029
Unnamed POI,50.7252,14.5998
Unnamed POI,50.7251,14.6011
Unnamed POI,50.7251,14.6017
Markoušovická rozhledna,50.5755,16.0124
Unnamed POI,49.4552,17.4508
Unnamed POI,48.8247,14.3498
Unnamed POI,50.9238,14.4534
Unnamed POI,49.7213,17.4613
Rozhledna - Stráž Františka Josefa,50.6372,13.8338
Unnamed POI,48.8453,16.6404
Unnamed POI,48.8455,16.6404
Husníkova vyhlídka,50.6296,15.1985
Kde domov můj,50.6298,15.1986
Kinského,50.6305,15.1992
Vyhlídka Kde domov muj,50.6299,15.1986
Besedická,50.6274,15.2072
Unnamed POI,49.108,13.6329
Kámen,49.8931,14.4067
Unnamed POI,50.3517,14.4721
Unnamed POI,49.3937,13.2743
Unnamed POI,49.3951,13.267
Unnamed POI,49.6623,16.7839
Unnamed POI,49.6657,16.8156
Unnamed POI,50.6376,15.2561
Unnamed POI,50.1111,14.4347
Unnamed POI,49.6543,16.8236
Unnamed POI,49.6853,16.8153
Unnamed POI,49.6938,16.7979
Unnamed POI,49.7011,16.7965
Unnamed POI,50.5021,15.208
Vyhlídka Na Bezděz,50.553,15.1205
Unnamed POI,50.5476,15.7318
Unnamed POI,50.5536,15.7345
Unnamed POI,50.487,13.5799
Unnamed POI,49.8894,15.4806
Unnamed POI,50.1314,17.1899
Unnamed POI,50.1422,17.1822
Unnamed POI,50.1315,17.1738
Unnamed POI,49.6506,18.548
Unnamed POI,50.1682,17.2658
Na Kose,50.7249,15.7748
Unnamed POI,50.6122,14.284
Unnamed POI,50.0911,14.4046
Chvalovka,49.2235,16.4961
Unnamed POI,49.2881,16.3486
Unnamed POI,49.3007,16.3452
Unnamed POI,50.5541,13.8796
Unnamed POI,49.3128,16.3522
Unnamed POI,49.3261,16.3408
Pohanské kameny,50.9714,15.0211
Unnamed POI,49.4527,17.0091
Vyhlídkový altán,50.6849,15.4043
Unnamed POI,50.7935,14.354
výhled na Českosaské Švýcarsko,50.7644,14.3755
vyhlídka,50.7553,14.3712
vyhlídka,50.7482,14.366
vyhlídka Liščí Hory,50.7323,14.357
Unnamed POI,50.7364,14.3671
vyhlídka,50.7247,14.3633
Unnamed POI,50.7395,14.3646
Rozhledna Špičák,49.173,13.2084
Masarykova vyhlídka,49.2168,15.8846
Unnamed POI,49.9237,14.3703
Unnamed POI,49.9213,14.3723
Unnamed POI,50.5327,15.0342
Unnamed POI,50.5309,15.0325
Unnamed POI,50.5344,15.0439
Unnamed POI,49.6364,16.2196
Unnamed POI,49.2562,17.6563
rozhledna Kostelní Hlavno,50.2616,14.7029
Unnamed POI,49.9462,14.1557
Unnamed POI,49.5817,18.3959
Unnamed POI,50.6906,14.2868
výhled na Sedlo,50.6897,14.2833
Unnamed POI,50.6907,14.2847
Unnamed POI,50.6908,14.2824
Unnamed POI,49.7247,17.6306
Unnamed POI,50.7363,14.5264
Unnamed POI,50.0682,14.4293
Unnamed POI,50.078,14.3899
Unnamed POI,50.0882,14.448
Unnamed POI,50.0939,14.4141
Unnamed POI,50.0513,14.4045
Unnamed POI,50.0632,14.4291
Unnamed POI,50.0691,14.4451
Vyhlídka Alexeje Navalného,50.1046,14.4147
Unnamed POI,50.118,14.414
Unnamed POI,50.1186,14.4012
Baba,50.1188,14.3907
Unnamed POI,50.0936,14.4075
Unnamed POI,50.0675,14.4259
Unnamed POI,50.1522,16.8337
Rozhledna na Medvědí hoře,50.0865,17.1394
Unnamed POI,50.0246,14.4977
vyhlídka nad soutěskou,50.8003,14.3626
Unnamed POI,50.068,14.4319
Unnamed POI,50.6922,13.8659
Unnamed POI,50.6933,13.8753
Unnamed POI,49.8054,14.0613
Unnamed POI,49.4247,16.6605
Unnamed POI,49.4309,16.6436
Unnamed POI,49.4334,16.6554
Unnamed POI,49.4355,16.6592
Unnamed POI,49.7687,16.6818
Unnamed POI,50.7742,14.5449
Unnamed POI,50.7744,14.546
Unnamed POI,49.1044,13.5913
Unnamed POI,49.1038,13.5438
Unnamed POI,49.2194,16.4825
Unnamed POI,49.2133,16.475
Unnamed POI,50.1244,14.4374
Unnamed POI,50.6987,14.6256
Unnamed POI,50.0471,14.4199
Unnamed POI,50.9267,14.4226
Unnamed POI,50.932,14.4349
Unnamed POI,49.0496,14.4434
Unnamed POI,50.0529,16.2594
Unnamed POI,49.1741,16.1577
Vyhlídka u laviček,50.7011,13.914
Unnamed POI,50.8465,14.3508
Unnamed POI,49.5655,17.007
Unnamed POI,50.079,14.3798
Unnamed POI,48.8946,15.8057
Seifertova vyhlídka,50.4704,15.2919
Unnamed POI,50.2564,17.2045
Unnamed POI,50.7327,14.9836
Unnamed POI,50.0251,13.9129
Bezručova vyhlídka,49.59,18.1589
vyhlídkový altán Mariina skála,49.6552,13.5653
Brousek,50.2273,17.0246
Unnamed POI,50.7084,15.0299
Unnamed POI,50.7088,15.0288
Unnamed POI,50.3866,17.0003
Zřícenina hradu Svrčov,49.5371,17.7476
Heckelovy skály,50.2534,17.1917
Unnamed POI,48.8887,14.3576
Unnamed POI,50.1345,16.8732
Unnamed POI,49.4198,18.3205
Unnamed POI,50.3901,17.0007
Čertova vyhlídka,49.7859,15.0272
vyhlídková věž,49.2602,15.2406
tvrziště Stráž,49.113,16.7185
Unnamed POI,50.0806,14.3982
Unnamed POI,50.6619,14.4976
Unnamed POI,50.6619,14.5005
rozhledna Hnědý vrch,50.6883,15.7071
Výhled Vysoký kámen,50.5353,16.1635
Unnamed POI,50.5026,13.5961
Unnamed POI,50.5044,13.6236
Unnamed POI,50.7683,14.4971
Unnamed POI,50.7093,14.5191
Vyhlídka Ovčín,50.5489,16.2975
Tell-Platte,50.8093,14.4259
Unnamed POI,49.6218,16.1352
Unnamed POI,49.617,16.1315
Unnamed POI,50.4204,14.4647
Unnamed POI,49.5713,18.6738
Unnamed POI,49.0563,13.9799
Unnamed POI,49.0599,13.9907
Unnamed POI,49.4931,16.501
Unnamed POI,49.494,16.5004
Unnamed POI,49.5019,16.512
Unnamed POI,49.5024,16.5118
Výhled z Faltova kopce,50.4567,16.0401
Unnamed POI,50.076,17.0087
Unnamed POI,49.295,16.3352
Unnamed POI,50.273,12.6504
Vyhlídka Myslík,49.6173,18.2612
Unnamed POI,50.0677,17.0975
Unnamed POI,50.3665,15.6438
Unnamed POI,50.0577,14.6398
Unnamed POI,50.57,14.1585
Unnamed POI,50.5841,14.1511
Unnamed POI,50.591,14.1438
Unnamed POI,50.7623,15.0484
Unnamed POI,49.557,17.0827
Unnamed POI,49.524,17.3268
Libníkovická rozhledna,50.2488,15.9938
Unnamed POI,50.1205,14.4163
Rozhledna,50.1206,14.4167
Unnamed POI,50.1207,14.4178
Goethova vyhlídka,50.1854,12.7545
Loučka,49.6254,18.782
Unnamed POI,49.6263,18.7708
Unnamed POI,49.4195,15.0436
vyhlídka na Housle,50.1245,14.3562
Unnamed POI,49.6003,16.5861
Unnamed POI,50.7248,14.6055
Unnamed POI,50.7037,14.5547
Rozhledna Panorama,49.6491,18.2709
Unnamed POI,50.0577,17.0663
bývalá Švýcarská bouda,50.7786,14.654
Unnamed POI,50.519,14.5808
Unnamed POI,50.529,14.5891
Unnamed POI,50.5355,14.6068
Unnamed POI,49.9012,18.347
rozhledna Olšová,49.6617,17.8773
Třesina,49.9645,14.1329
Unnamed POI,49.9647,14.1335
Unnamed POI,49.9502,14.104
Unnamed POI,49.4668,16.7063
Unnamed POI,49.4684,16.6934
Unnamed POI,49.4699,16.6914
Lysý vrch,50.596,16.1527
Unnamed POI,49.7847,14.9979
Unnamed POI,50.5061,13.1544
Unnamed POI,50.5064,13.1543
Unnamed POI,50.0183,13.8765
Rozhledna Na Skalce,50.1443,17.4509
Unnamed POI,50.4302,16.052
Unnamed POI,50.0193,14.4788
Unnamed POI,50.6999,14.6286
Hraběcí stolek,49.5494,16.3459
Unnamed POI,49.4245,15.0146
Rozhledna Bleiberg,50.3673,12.51
Unnamed POI,50.7971,14.6388
Unnamed POI,50.7603,14.4971
Unnamed POI,50.7603,14.4968
Unnamed POI,49.3985,16.6666
Unnamed POI,49.4032,16.6672
Unnamed POI,49.4052,16.666
Unnamed POI,50.0482,13.8886
Unnamed POI,50.3265,17.0718
Unnamed POI,50.0462,16.9387
Rozhledna Šrotík (Maják),49.074,17.4268
Vyhlídka Oldřicha Fencla,48.8436,14.5572
Unnamed POI,49.6807,16.9518
Unnamed POI,49.4055,16.7159
Unnamed POI,49.408,16.7029
Unnamed POI,49.4129,16.734
Unnamed POI,50.178,14.1196
Modré kameny,50.6456,15.781
Osserblick,49.2114,13.1135
Unnamed POI,50.7369,14.4358
Unnamed POI,50.1198,14.4067
Dreisesselblick,48.7719,13.845
"vyhlídka do dálky ""Koňský vrch""",48.776,13.8715
Unnamed POI,48.8681,17.5816
Unnamed POI,49.9677,14.4113
Unnamed POI,49.9714,14.4044
Unnamed POI,49.9696,14.4078
Unnamed POI,49.9655,14.4166
Unnamed POI,49.97,14.4069
Hasičská vyhlídka,49.1715,14.2583
Unnamed POI,50.1263,14.0015
Unnamed POI,49.6499,16.9076
Unnamed POI,49.666,16.9128
Unnamed POI,50.4171,16.1946
Unnamed POI,50.0859,14.3916
Výhled na Plešné jezero,48.7777,13.8584
Unnamed POI,48.8529,16.0471
Unnamed POI,48.8536,16.0464
Unnamed POI,48.8545,16.0453
Unnamed POI,50.0914,14.4684
výhled na Lužické hory,50.7637,14.3774
Unnamed POI,50.7899,14.4833
Unnamed POI,50.7607,14.366
Ornitologická pozorovatelna,49.6531,17.2312
Zatopený lom Trojka,49.6201,15.4106
Zatopený lom Trojka,49.6203,15.4104
Holý vrch,49.6223,15.3978
Unnamed POI,50.0205,14.4747
Unnamed POI,49.1853,16.597
Unnamed POI,49.1854,16.5967
Unnamed POI,49.0874,13.5195
Unnamed POI,50.5144,15.1688
Unnamed POI,50.533,15.0496
val,50.7708,14.384
Unnamed POI,50.8169,15.0706
Unnamed POI,49.3939,18.4304
Unnamed POI,49.3942,18.4285
Unnamed POI,50.0919,14.4052
Unnamed POI,50.6173,14.6965
Unnamed POI,50.6177,14.6978
Belvedér,50.8495,14.2214
Unnamed POI,49.8514,17.2396
Unnamed POI,49.838,17.2455
Unnamed POI,50.5992,14.4659
Unnamed POI,50.554,14.4942
Unnamed POI,50.5892,14.4524
Unnamed POI,50.0764,14.3989
Unnamed POI,50.202,14.8335
vyhlídka Devět mlýnů,48.8109,15.9809
Unnamed POI,50.2063,14.8319
Unnamed POI,50.2035,14.8311
Unnamed POI,50.8249,14.9241
Unnamed POI,50.7797,14.6585
Unnamed POI,50.7835,14.6623
Unnamed POI,48.8438,16.0036
Unnamed POI,48.8465,16.0148
Unnamed POI,48.8471,16.0151
Unnamed POI,48.8478,16.0157
Unnamed POI,48.8578,16.0383
Unnamed POI,48.8595,16.0426
Unnamed POI,50.1876,14.666
Unnamed POI,50.0793,17.2203
Vyhlídkové místo u Honzíkova kříže,49.4608,16.8779
Unnamed POI,49.2332,17.4163
Unnamed POI,50.8022,14.6859
Chlumská hora,50.0055,13.2053
Unnamed POI,50.9576,14.4824
Unnamed POI,49.5318,16.8697
Unnamed POI,49.2967,16.6531
Rozhledna Líský,50.2454,13.9185
Unnamed POI,49.8376,17.2464
Unnamed POI,50.7334,14.5821
Unnamed POI,50.6666,14.7588
Unnamed POI,49.9256,14.3693
Unnamed POI,50.3881,14.0958
Unnamed POI,50.5539,14.9798
Kabačka,49.639,16.2272
Hadí hora,50.3846,12.9347
Unnamed POI,50.1212,13.3113
Unnamed POI,49.9636,14.4338
Unnamed POI,49.9645,14.4293
Unnamed POI,48.8547,17.5717
Unnamed POI,48.8585,17.5498
Unnamed POI,49.5391,14.1781
Unnamed POI,48.8863,17.698
Unnamed POI,48.887,17.6876
Unnamed POI,48.8892,17.6868
Bílý kámen,49.9298,14.6512
Unnamed POI,49.3947,15.5871
Unnamed POI,50.7332,14.5837
Unnamed POI,50.7358,15.7395
Rolandův kámen,50.0813,17.3069
Stará Vodárna,49.2287,13.5066
Smetanova vyhlídka,50.5314,15.3381
Unnamed POI,50.0785,14.3546
Unnamed POI,49.6168,15.3927
Unnamed POI,50.6682,16.2623
rozhledna Hněvín,50.5207,13.6332
Girova,49.5316,18.8001
Unnamed POI,49.5192,16.2705
Kočího kopec,49.6126,16.3157
Unnamed POI,49.2982,17.885
Skála,49.6657,15.3912
Unnamed POI,49.3929,14.1851
Englišova vyhlídka,49.8899,18.0423
myslivecká vyhlídka,50.7765,14.3271
Vyhlídka u Sedlčan,49.634,14.4654
Čertice,48.9356,15.7237
Unnamed POI,50.4381,14.5755
U Spáleného mostu,50.0868,16.3125
Unnamed POI,50.5669,15.1362
Unnamed POI,50.5512,15.177
výhled,50.7613,14.2929
Unnamed POI,49.2974,17.7199
Unnamed POI,49.0729,17.4236
Unnamed POI,50.7651,14.326
"výhled 291,2",50.7621,14.3295
Švédská skála,49.7137,17.7544
Unnamed POI,49.6815,13.7873
Struhalův dub,49.9537,18.1246
Unnamed POI,50.1975,14.3584
velká vyhlídka na Lužické hory,50.7749,14.3108
výhled na Markvartice,50.7768,14.3139
výhled na Markvartice,50.772,14.3126
výhled,50.7613,14.29
Unnamed POI,50.3734,16.9213
Unnamed POI,50.8134,15.3227
Unnamed POI,50.6067,13.3979
ROZHLEDNA /lookout tower,50.0268,15.2014
Radniční věž,50.922,15.0785
Unnamed POI,50.7532,14.289
výhled,50.7578,14.2924
Unnamed POI,50.7878,14.3353
Unnamed POI,48.8119,14.3117
Unnamed POI,50.6575,15.9884
Unnamed POI,50.6545,15.9907
rozhledna Čeřovka (Milohlídka),50.4448,15.3604
rozhl. Pastýřská stěna,50.7801,14.2044
Rozhledna Tábor,50.5092,15.3684
Unnamed POI,48.8107,14.3172
Unnamed POI,48.812,14.3148
Unnamed POI,49.1932,16.6616
Unnamed POI,49.1114,16.9263
Unnamed POI,48.7774,14.5133
Unnamed POI,49.8323,15.6545
Unnamed POI,50.0696,17.0032
Unnamed POI,50.0795,17.0303
Unnamed POI,50.8502,14.539
Unnamed POI,50.7275,14.3215
Unnamed POI,50.85,14.4375
Unnamed POI,50.539,15.237
Lom Hády,49.2186,16.6738
Unnamed POI,50.5405,15.2362
Unnamed POI,49.8832,15.5851
Trávník,50.1517,15.6864
výhled na Lužické hory a Markvartickou kotlinu,50.7959,14.379
Unnamed POI,50.7034,14.2838
Unnamed POI,50.6991,14.2802
"výhled Jedlová, Sokol",50.8237,14.5028
výhled na Chřibskou,50.826,14.5011
Unnamed POI,50.7517,14.387
rozhledna Růženka,50.8441,14.3011
výhled na Růžovský vrch a České Švýcarsko,50.7818,14.3103
Unnamed POI,50.8441,14.3013
Unnamed POI,50.7698,14.4539
Unnamed POI,50.8302,14.4062
Unnamed POI,50.76,14.4747
Unnamed POI,50.8609,14.2679
Unnamed POI,50.4836,14.6376
Unnamed POI,50.7971,14.4953
Unnamed POI,50.7954,14.4989
Unnamed POI,50.7932,14.463
Unnamed POI,50.8069,14.4672
Unnamed POI,49.5585,17.9848
Věž,49.5832,17.9632
Unnamed POI,49.5822,17.9633
Unnamed POI,49.5824,17.9632
Unnamed POI,49.5827,17.9633
Unnamed POI,49.5832,17.9637
Unnamed POI,49.0978,16.2472
Na babách,49.0994,16.2237
Velký kačer,49.1016,16.2459
Velká skála,49.1024,16.2407
Unnamed POI,50.432,12.7529
Vápenka,49.9322,14.5182
kamen s vyhlidkou,49.139,17.2526
Vinice vyhlídka,50.0466,16.0553
Unnamed POI,49.1937,16.5928
Unnamed POI,50.7359,15.7402
Unnamed POI,50.2016,12.7104
Unnamed POI,50.3305,12.5297
Minirozhledna,49.8555,14.8208
Unnamed POI,50.1329,12.6411
Unnamed POI,50.0814,14.4101
Unnamed POI,49.6971,18.2076
Unnamed POI,49.6981,18.2075
Rozhledna Zadov,49.0615,13.6298
Rýdův kopec Děbolín,49.1591,14.9396
Unnamed POI,48.8872,14.3559
Unnamed POI,49.513,18.2971
Boží skála,49.8902,14.5021
Unnamed POI,50.5275,14.0177
Unnamed POI,49.7383,13.6582
Unnamed POI,49.739,13.6524
Na Vinici,50.0442,15.2335
Unnamed POI,49.6459,18.2878
Unnamed POI,49.5463,18.4493
Unnamed POI,48.8674,16.6512
Unnamed POI,50.1184,13.8802
Unnamed POI,50.1186,13.8816
Unnamed POI,50.1315,13.8988
Unnamed POI,50.1311,13.8991
Unnamed POI,48.8994,14.1709
"Kralovecky Spicak, Karkonosze",50.6663,15.9987
Unnamed POI,50.6629,16.2656
Unnamed POI,50.6049,16.4007
Unnamed POI,50.7638,14.562
Unnamed POI,49.8485,18.3254
Malý Tok - Vyhlídka,49.6536,13.8459
Unnamed POI,50.3838,14.9171
Unnamed POI,50.627,16.1737
Unnamed POI,50.6225,16.1745
Unnamed POI,49.2625,16.7586
Unnamed POI,50.1232,14.3938
Unnamed POI,49.002,16.3179
Unnamed POI,49.813,14.1082
Vyhlídka na Konopiště,49.771,14.6141
Unnamed POI,50.3466,16.1512
Unnamed POI,49.9525,14.3962
Unnamed POI,49.9576,14.4068
Unnamed POI,50.0163,14.3606
Unnamed POI,49.1981,13.2491
Unnamed POI,49.3739,16.1551
Unnamed POI,49.5001,18.3623
Unnamed POI,50.1908,14.3775
Unnamed POI,50.1722,14.3492
Kamýcká vyhlídka,50.1552,14.3081
Unnamed POI,49.2411,18.0924
Unnamed POI,49.7373,17.339
Unnamed POI,49.739,17.4112
Rozhledna Brodek,49.483,17.3486
Claryho kříž,48.9063,15.8224
Unnamed POI,49.9974,14.308
Unnamed POI,50.4661,14.3868
Unnamed POI,49.9006,14.3733
Unnamed POI,49.8712,14.9104
Unnamed POI,48.6728,14.2868
Unnamed POI,50.1831,14.3629
Unnamed POI,49.383,12.7836
Unnamed POI,49.9755,16.3279
Unnamed POI,49.9182,14.0087
Unnamed POI,49.2557,16.756
Unnamed POI,50.8168,14.7127
Unnamed POI,49.1661,13.5647
Unnamed POI,49.5764,16.3887
Unnamed POI,49.0292,13.5863
Unnamed POI,49.0294,13.588
Unnamed POI,49.881,12.7993
Unnamed POI,50.8169,14.7301
Unnamed POI,50.8181,14.7318
Unnamed POI,50.7658,14.6062
Unnamed POI,50.0591,14.1184
Unnamed POI,49.8549,14.4099
Vyhlídka na Kaňon,49.8389,15.9712
Unnamed POI,50.2592,17.2056
Unnamed POI,49.4756,16.6787
Unnamed POI,49.4704,16.6488
Unnamed POI,49.4825,16.6636
Unnamed POI,49.4788,16.6663
Unnamed POI,49.4505,16.5876
Unnamed POI,49.4296,16.6062
Unnamed POI,49.4394,16.597
Unnamed POI,49.1204,17.2397
Unnamed POI,49.1381,17.2168
Čákova vyhlídka,49.6552,13.8175
Unnamed POI,50.78,14.9088
Vyhlídka Svatopluka Čecha,50.5361,15.2435
Unnamed POI,50.1699,14.4048
Unnamed POI,48.7394,14.5265
Unnamed POI,50.1807,14.3572
Unnamed POI,50.1721,14.3679
U Krizove Cesty,49.8624,17.8846
Unnamed POI,50.0279,17.0637
Cimrmanova nejnižší rozhledna,50.6126,15.3604
Unnamed POI,49.1323,16.4031
Unnamed POI,50.3105,17.1116
Roztylská vyhlídka,50.0394,14.484
Unnamed POI,48.9584,13.9288
Unnamed POI,48.959,13.9288
Unnamed POI,50.0784,14.4023
Unnamed POI,50.1269,14.4433
Unnamed POI,50.0242,15.7893
Krásná vyhlídka,50.4811,16.2882
Unnamed POI,50.4898,16.2734
Unnamed POI,49.8981,14.5054
Unnamed POI,50.0086,13.7709
Unnamed POI,50.0067,13.7672
Unnamed POI,49.877,16.7769
Unnamed POI,48.9643,16.8128
Unnamed POI,49.8509,13.4431
Unnamed POI,50.0733,14.2485
Unnamed POI,49.9125,14.3903
Unnamed POI,49.9077,14.4019
Rozhledna Milada na Lichnici,49.8795,15.5864
Unnamed POI,50.0417,14.386
Unnamed POI,49.5659,17.9816
Unnamed POI,49.5693,17.9881
Unnamed POI,49.5703,17.992
Unnamed POI,49.5743,18.0014
Unnamed POI,49.1636,13.4528
Unnamed POI,49.1541,13.4306
Unnamed POI,50.1336,14.3972
Unnamed POI,49.9652,14.4013
Unnamed POI,49.7875,16.1893
Vyhlídka na zvonici,49.492,18.2227
Vyhlídka od hotelu Radegast,49.4891,18.2252
Unnamed POI,49.4836,18.2556
Unnamed POI,49.7281,13.867
Unnamed POI,49.7649,13.9289
výhled na Benešov,50.7441,14.3111
Krásná vyhlídka,50.356,13.9712
Unnamed POI,49.1579,13.4176
Unnamed POI,50.8638,14.3812
Unnamed POI,50.8644,14.3795
Unnamed POI,50.8006,14.4768
Pekelný kopec,49.1829,15.8502
Unnamed POI,49.9046,14.6294
Unnamed POI,50.1588,15.2734
Unnamed POI,49.6539,16.1554
Unnamed POI,50.1132,14.3772
Vyhlídka Zámky,50.144,14.4001
Unnamed POI,49.9424,14.3987
Unnamed POI,49.9427,14.3983
Unnamed POI,49.941,14.3977
Unnamed POI,49.9399,14.3961
Unnamed POI,49.9394,14.3952
Unnamed POI,49.8859,14.6096
Unnamed POI,50.4952,15.1047
Unnamed POI,49.1332,17.2278
Unnamed POI,49.6117,18.0931
Unnamed POI,50.7036,14.5564
Unnamed POI,50.7041,14.5494
Liebeshöhe,49.2121,13.1907
Unnamed POI,49.0989,16.3988
Zlatý vrch,50.0886,12.3746
Unnamed POI,48.7868,14.582
Unnamed POI,48.789,14.5832
Unnamed POI,50.216,12.8835
U Tří Líp,49.1355,15.6731
Mařenka,49.1707,15.703
František,49.141,15.6484
Nad Doly,49.7664,16.5834
Unnamed POI,49.6312,17.3383
Unnamed POI,50.0193,14.1122
Unnamed POI,50.0193,14.1164
Unnamed POI,49.8748,14.24
Unnamed POI,50.7379,14.4737
Unnamed POI,50.7883,14.7988
Unnamed POI,50.0007,16.2907
Unnamed POI,50.0007,16.2901
Výrovka,49.3498,16.6788
Vyhlídka Žimrovická skála,49.8611,17.8587
Unnamed POI,49.8239,14.5209
Unnamed POI,48.8018,14.3165
Unnamed POI,50.0583,14.109
Unnamed POI,48.9193,14.4985
Unnamed POI,50.0985,13.3699
Unnamed POI,49.0701,13.4908
Unnamed POI,49.8985,14.4022
Unnamed POI,48.8083,14.2462
Unnamed POI,49.3346,13.2294
Rozhledna Hostovice,49.1932,13.7589
Alšova vyhlídka,50.1486,14.3671
Unnamed POI,50.1448,14.3638
Unnamed POI,50.1459,14.3651
Unnamed POI,50.1424,14.3602
Unnamed POI,50.3089,17.1147
Unnamed POI,49.1915,16.5188
Unnamed POI,49.8375,17.9058
Prchalovská vyhlídka,49.6442,18.1112
Rozhledna,49.1661,13.7976
Unnamed POI,50.543,14.0095
Unnamed POI,50.576,14.015
Unnamed POI,50.5832,14.0176
Unnamed POI,50.607,14.0361
Vaňovská Skála,50.6199,14.0545
Unnamed POI,48.7409,14.7241
Unnamed POI,50.8074,14.4681
Unnamed POI,50.2404,17.1892
Skautská vyhlídka,49.2005,16.6485
Vyhlídka Bohumila Hrabala,49.2009,16.6484
Unnamed POI,50.2832,17.2499
Unnamed POI,49.9692,14.4146
Unnamed POI,49.1897,16.6725
Unnamed POI,49.1906,16.6757
Unnamed POI,49.1388,17.2524
Jardova vyhlídka,49.1397,17.738
Unnamed POI,49.9796,14.0466
Unnamed POI,50.8142,14.3737
Unnamed POI,50.8178,14.3822
Unnamed POI,50.1492,17.1366
Unnamed POI,50.8255,14.8132
Unnamed POI,50.8342,14.8087
Unnamed POI,50.8349,14.8077
Unnamed POI,50.8333,15.2314
Unnamed POI,50.3056,17.2442
Unnamed POI,50.2041,17.3261
Rabštejnská vyhlídka,50.7272,14.6569
Unnamed POI,50.731,14.6812
výhled na Českosaské Švýcarsko,50.7809,14.4009
Unnamed POI,49.8409,15.6471
Unnamed POI,49.1289,17.2329
Unnamed POI,50.0811,14.4511
Na Nebičku,48.7997,14.0562
Unnamed POI,49.2306,14.4097
Sedlo Lysé hory,50.7523,15.5197
Unnamed POI,49.471,16.4278
Unnamed POI,49.4447,17.9492
Unnamed POI,49.4448,17.9497
Unnamed POI,50.7279,15.1519
Unnamed POI,50.0936,14.4127
Unnamed POI,49.6939,18.1033
Unnamed POI,49.414,15.5342
Unnamed POI,50.2378,17.1765
Nad Solvayovým lomem,50.7557,14.9161
Čertík,50.5251,15.071
Unnamed POI,50.5125,13.9128
Unnamed POI,50.5546,13.9313
Unnamed POI,49.1947,16.601
Unnamed POI,50.7822,14.4032
Unnamed POI,48.8347,14.7013
Unnamed POI,50.2291,17.1898
Unnamed POI,50.7084,14.5918
Unnamed POI,49.5622,18.6462
Rozhledna Obecnice,48.9141,17.6702
Malesická vyhlídka,49.7744,13.3141
Rozhledna Máminka,49.9633,13.93
Unnamed POI,49.7807,13.3521
Unnamed POI,49.9774,14.4261
Unnamed POI,50.1504,17.0327
Výhled na Štramberk,49.5366,18.1786
Unnamed POI,49.9999,14.3211
Unnamed POI,50.0125,14.3345
Unnamed POI,49.6276,18.627
Unnamed POI,50.0869,14.3903
Unnamed POI,49.6839,18.784
Rozhledna Vrchbělá,50.5284,14.7635
Unnamed POI,49.7862,14.0013
Unnamed POI,49.8137,13.9998
Unnamed POI,49.8158,13.9975
Unnamed POI,48.9725,13.582
Unnamed POI,48.9759,13.5799
Unnamed POI,49.6923,18.2739
Unnamed POI,50.3782,13.2565
Unnamed POI,50.3791,13.256
Unnamed POI,50.384,13.2577
Unnamed POI,50.3822,13.2574
Unnamed POI,50.3807,13.2585
Vyhlídka u osady Jánské Koupele,49.8344,17.7116
Unnamed POI,49.5086,18.3702
Unnamed POI,49.5095,18.3837
Unnamed POI,50.0034,14.4501
Unnamed POI,50.1835,16.8992
Unnamed POI,50.7478,14.6304
Prosecká vyhlídka,50.1169,14.4883
Unnamed POI,50.4554,14.9589
Unnamed POI,49.512,16.5291
Lhotský vrchol,49.5367,16.5673
Unnamed POI,49.5467,16.5638
rozhledna Doubská hora,50.204,12.8466
Unnamed POI,49.3054,16.827
Unnamed POI,50.1715,16.4781
Dva kameny,49.7826,13.3468
Unnamed POI,49.5325,16.3604
Unnamed POI,49.529,16.3617
Šrámkova vyhlídka,50.4858,15.2588
Unnamed POI,48.8549,15.8611
výhled na Lužické hory,50.7951,14.3083
Unnamed POI,49.8277,18.1076
Unnamed POI,49.4924,16.7156
Unnamed POI,49.4908,16.7152
Unnamed POI,50.0988,14.351
Unnamed POI,50.1177,14.4091
Unnamed POI,49.5239,15.2097
Vřesník - přehrada,49.5298,15.2425
Vřesník - přehrada,49.5299,15.2428
výhled na Růžovský vrch,50.7964,14.3763
Unnamed POI,49.7569,14.361
Vyhlídka ševce a krále Miroslava (Pyšná princezna),50.7851,14.3114
Unnamed POI,50.7614,15.5529
Vyhlidka pod Krkavcem,49.7983,13.334
Unnamed POI,50.7094,15.7442
Unnamed POI,50.7092,15.7464
Unnamed POI,50.711,15.7124
Unnamed POI,50.0681,14.431
Unnamed POI,49.5197,18.3596
Unnamed POI,49.5425,18.4284
Unnamed POI,49.3672,17.7012
Unnamed POI,50.7747,14.4546
Unnamed POI,50.7724,14.4545
Unnamed POI,50.7695,14.4539
Unnamed POI,50.7696,14.4545
Unnamed POI,50.1168,14.4798
Unnamed POI,50.7346,14.3396
Unnamed POI,49.978,14.1611
Unnamed POI,49.5163,18.0656
Unnamed POI,49.5125,18.0456
Unnamed POI,50.7322,14.3431
Unnamed POI,49.9668,16.3737
Unnamed POI,50.5588,15.1637
Unnamed POI,49.9883,14.5527
Unnamed POI,49.9829,14.5435
Unnamed POI,49.9823,14.5441
Unnamed POI,50.0854,14.3943
Unnamed POI,50.2269,17.365
Unnamed POI,49.66,13.8158
Unnamed POI,49.6824,18.718
Unnamed POI,49.6817,18.6936
Unnamed POI,49.6655,18.7804
Unnamed POI,49.6696,18.7887
Unnamed POI,50.0734,13.8818
Unnamed POI,49.6276,18.1957
Unnamed POI,50.5992,15.2199
Sokolí skála,50.113,17.2076
Zamek Rychleby,50.3637,16.982
Jeskynní vyhlídka,50.1942,12.7893
Unnamed POI,50.5327,15.0356
Unnamed POI,49.8825,14.9042
Unnamed POI,49.6616,16.0718
Unnamed POI,49.63,16.0792
Unnamed POI,50.7802,14.2046
Unnamed POI,50.7857,14.2264
Unnamed POI,49.5254,18.3929
Unnamed POI,50.2315,17.3875
Unnamed POI,49.618,17.9742
Unnamed POI,50.0772,14.4477
Unnamed POI,49.5183,17.6284
Unnamed POI,49.1803,16.3895
Unnamed POI,50.8498,14.5382
Unnamed POI,50.4058,12.9256
Unnamed POI,49.4042,13.7159
Moravská bašta,50.0912,14.4047
Rozhledna Ládví u Kamenice,49.887,14.6125
Unnamed POI,49.7112,18.3912
Unnamed POI,49.1904,16.6085
důl Nástup,50.4327,13.3843
Unnamed POI,49.9313,14.3149
Unnamed POI,49.5541,18.2991
Unnamed POI,50.187,17.1089
vyhlídka Kobylí skála,49.5687,16.2954
Unnamed POI,48.8061,16.6367
Unnamed POI,48.8121,14.3124
Unnamed POI,48.8123,14.316
Unnamed POI,50.0237,14.5629
Stožecká skála,48.8735,13.8213
Unnamed POI,49.2167,13.4276
Unnamed POI,49.4381,14.1929
Unnamed POI,49.4394,14.1928
Unnamed POI,49.7749,13.893
Unnamed POI,50.2428,17.1867
Unnamed POI,49.7227,13.8522
Unnamed POI,49.7011,13.9566
Kazatelna,49.6925,13.9431
Unnamed POI,49.1775,17.3398
Stvořidla,49.6659,15.3354
U kapličky,49.0025,14.5322
Unnamed POI,50.7611,14.3934
Unnamed POI,49.285,16.669
Unnamed POI,49.5735,16.2716
Unnamed POI,49.6698,17.5346
Unnamed POI,49.8948,14.9159
Unnamed POI,48.9518,14.1902
Unnamed POI,49.9581,14.1936
Unnamed POI,49.9572,14.192
Unnamed POI,50.6727,14.2053
Unnamed POI,49.8704,14.5367
Unnamed POI,50.8715,14.2623
Unnamed POI,50.1321,14.4013
Unnamed POI,50.1327,14.4005
Unnamed POI,50.1331,14.3993
Unnamed POI,50.1333,14.3986
Unnamed POI,50.134,14.3965
Unnamed POI,50.8672,14.3657
Unnamed POI,49.6472,18.5583
Unnamed POI,50.2268,17.2212
Unnamed POI,50.226,17.2245
Unnamed POI,49.6445,18.5565
Unnamed POI,50.2488,17.1899
Unnamed POI,50.2432,17.1454
Unnamed POI,50.227,12.8917
Unnamed POI,50.2277,17.0992
Unnamed POI,50.2338,17.112
Unnamed POI,49.0643,13.3947
Vyhlídková plošina na kopci Kozlov,49.3468,17.1824
Malý Bezděz,50.5399,14.7137
Unnamed POI,49.8799,14.673
Unnamed POI,49.7214,14.9563
Myšák,49.8339,14.456
Unnamed POI,50.7881,14.2288
Unnamed POI,49.2543,13.3314
Unnamed POI,49.0726,17.4241
Unnamed POI,49.0734,17.4244
Unnamed POI,49.0735,17.4246
Unnamed POI,49.8987,14.473
Unnamed POI,49.901,14.4751
Mariensruh,50.8792,14.413
Unnamed POI,50.878,14.4123
Unnamed POI,50.1569,17.1492
Unnamed POI,50.0014,16.0277
Unnamed POI,49.645,16.7652
Unnamed POI,50.1787,14.2194
Unnamed POI,50.1908,14.2459
Unnamed POI,49.6486,16.7708
Unnamed POI,48.8111,14.3208
Unnamed POI,50.1157,14.323
Unnamed POI,50.028,14.9364
Unnamed POI,49.219,16.5678
Unnamed POI,49.2717,17.3205
Unnamed POI,50.7903,14.6523
Unnamed POI,50.7483,14.6304
Unnamed POI,50.8212,14.357
Unnamed POI,48.9617,16.7524
Vyhlídka sv. Ludmily,50.1702,14.3735
Unnamed POI,50.1704,14.374
Unnamed POI,50.1663,14.3609
Unnamed POI,50.1663,14.3612
Unnamed POI,49.9686,12.6995
Unnamed POI,50.0385,14.5706
Dlouhý hřeben,50.6105,14.5695
Unnamed POI,49.5762,18.4746
Unnamed POI,49.8883,14.3919
Unnamed POI,49.8684,14.3616
Unnamed POI,49.681,13.4649
Unnamed POI,49.6321,18.2022
Unnamed POI,49.6319,18.2012
Unnamed POI,49.336,14.2978
Unnamed POI,49.4748,13.2715
Černá skála,49.8162,13.6376
velke skalky,49.278,16.7001
velke skalky,49.2779,16.7
Unnamed POI,50.0194,14.4816
Unnamed POI,50.5877,14.3718
Na horách,50.4515,14.2102
Rozhledna Bukovka,50.0141,17.0131
Unnamed POI,48.7181,14.7075
Unnamed POI,48.9209,14.3417
Unnamed POI,48.9197,14.3428
Unnamed POI,48.9043,14.4028
Unnamed POI,48.8567,16.4719
Unnamed POI,49.647,18.2663
Unnamed POI,50.7845,14.6469
Unnamed POI,50.1006,17.1502
Unnamed POI,50.3721,12.9274
Unnamed POI,50.3514,12.934
Unnamed POI,50.3741,12.9151
Unnamed POI,50.338,12.9238
Unnamed POI,49.1777,13.2538
Unnamed POI,49.9681,14.4112
Unnamed POI,49.8725,14.4523
Unnamed POI,50.6879,15.2588
Vyhled Nad Jizdarnou,49.6053,18.5266
Unnamed POI,49.5523,17.0947
Unnamed POI,49.6988,14.4561
Unnamed POI,49.2774,13.6082
Rozhledna Fajtův kopec,49.3601,16.0262
Unnamed POI,49.8655,17.8739
Unnamed POI,50.9347,15.0767
9-StoneStand,49.4488,13.8403
Unnamed POI,49.825,17.6672
Výhled na Alpy,50.0052,16.7253
Unnamed POI,50.1792,15.8417
Vyhlídka Chabeřické skály,49.751,15.0878
Unnamed POI,50.3118,16.3684
Unnamed POI,50.353,16.3599
Unnamed POI,49.1334,13.5637
Prostřední skála,49.9851,17.0583
Unnamed POI,49.0683,13.4951
Nad Hraběšicemi,49.9865,17.0792
Unnamed POI,49.4123,16.7581
Helišova skála,49.4125,16.7587
Unnamed POI,49.1884,16.7636
Vyhlídka na Karlík,49.9383,14.2618
Vyhlídka kouzel,50.5723,16.1398
Unnamed POI,50.5269,13.7621
Unnamed POI,50.5321,13.7591
Unnamed POI,49.8915,14.2363
Unnamed POI,49.8914,14.2361
Unnamed POI,49.5822,18.4981
Unnamed POI,50.2543,12.9928
Unnamed POI,49.8008,14.4359
Unnamed POI,49.9603,15.2693
Unnamed POI,49.6717,13.5286
Unnamed POI,48.7476,14.5872
Unnamed POI,49.971,14.0582
Unnamed POI,50.0914,14.4048
Unnamed POI,49.8564,13.9492
Unnamed POI,50.0885,14.4496
Unnamed POI,50.0884,14.4468
Unnamed POI,50.0885,14.4476
Unnamed POI,49.7038,17.7376
Unnamed POI,49.6994,16.7965
Unnamed POI,49.7056,16.8105
Vinohrady Révová,49.203,16.6532
Unnamed POI,49.2013,16.6594
Unnamed POI,49.3323,16.8248
Unnamed POI,49.3346,16.8301
Unnamed POI,49.6364,18.4821
Kraví pole,49.0118,14.0931
Vyhlídková Terasa pro veřejnost,50.1065,14.2655
Unnamed POI,50.49,13.9235
Unnamed POI,49.4124,14.641
Unnamed POI,49.4125,16.7587
Unnamed POI,50.0841,14.4236
Unnamed POI,49.62,16.8891
Unnamed POI,48.9302,14.5299
Unnamed POI,49.917,14.2923
Unnamed POI,49.9129,14.3027
Unnamed POI,49.0252,13.9545
Křížák,49.0526,16.319
Unnamed POI,48.8207,14.0529
Unnamed POI,50.2768,13.5271
Vyhlídka Homolka,49.7998,14.4366
Vyhlídka,49.9515,14.0969
Unnamed POI,49.1813,16.5817
Prase divoké,50.1742,15.9111
Unnamed POI,50.5517,14.1344
Unnamed POI,50.6208,14.1189
Unnamed POI,50.6802,14.2059
Unnamed POI,50.5901,14.1005
Unnamed POI,50.5905,14.1009
Unnamed POI,50.6057,14.1224
Unnamed POI,50.6521,14.0597
Unnamed POI,49.5386,16.5664
Unnamed POI,50.4912,13.9389
Rozhledna Babka,49.7586,15.0987
Unnamed POI,50.5204,13.6341
Panorama Jamné,48.9065,14.4054
Strážná,49.3546,16.7422
Unnamed POI,49.5629,16.5496
Unnamed POI,50.0919,14.4062
Unnamed POI,50.493,13.9031
Unnamed POI,50.4935,13.9154
Unnamed POI,49.2926,16.8935
Unnamed POI,50.1196,14.4067
Unnamed POI,50.1158,14.407
Unnamed POI,50.1158,14.4067
Unnamed POI,50.7252,14.5989
Unnamed POI,50.5393,14.7138
Unnamed POI,50.5646,14.0894
Unnamed POI,48.8594,14.8132
Unnamed POI,50.6904,15.1831
Unnamed POI,50.5933,15.2632
Unnamed POI,49.9463,15.2643
Unnamed POI,49.9476,15.2657
Unnamed POI,50.4609,14.5934
Unnamed POI,50.3032,14.3143
Unnamed POI,50.3452,14.3345
Unnamed POI,50.4119,16.2029
Unnamed POI,49.5655,18.4077
Unnamed POI,49.5671,18.4076
Unnamed POI,50.4786,13.5435
Unnamed POI,49.9768,12.7038
Unnamed POI,50.1863,12.7493
Unnamed POI,50.1841,12.7576
Unnamed POI,50.1588,15.2756
Unnamed POI,49.532,17.7512
Strážisko,49.637,17.4784
Unnamed POI,49.5982,18.4541
Unnamed POI,50.7428,13.986
Unnamed POI,50.7066,13.8564
Unnamed POI,50.36,12.9333
Unnamed POI,50.3495,12.9274
Unnamed POI,50.35,12.9093
Lom ČSA,50.5456,13.4919
Unnamed POI,50.5471,13.4834
Unnamed POI,50.5459,13.4828
Vláďulina vyhlídka,50.5481,13.468
Unnamed POI,50.5427,13.461
Vyhlídka Jelení skok,50.2233,12.8808
Vyhlídkový altán Josefa Jungmanna,50.2,12.843
Unnamed POI,50.2139,12.8534
Unnamed POI,49.9493,14.0927
Unnamed POI,49.9401,14.1196
Unnamed POI,49.6091,15.5829
Unnamed POI,50.8513,15.1946
Unnamed POI,49.228,16.6356
Unnamed POI,48.8486,16.04
Unnamed POI,50.2042,12.8423
Unnamed POI,50.2254,12.8675
Unnamed POI,50.229,12.8787
Unnamed POI,50.0343,17.1989
Unnamed POI,50.022,17.1816
Unnamed POI,49.6567,17.8236
Unnamed POI,50.0196,17.3091
Na Špici,49.7023,16.2561
Unnamed POI,50.2362,12.8736
Hvězdička,48.9413,15.7238
Vyhlídka pod Liščím vrchem,50.2825,12.9998
Unnamed POI,49.3779,15.6996
Unnamed POI,50.1042,14.3216
Unnamed POI,50.0289,15.1219
Unnamed POI,49.9391,14.1877
Unnamed POI,49.9388,14.1869
Unnamed POI,49.9357,14.1954
Unnamed POI,48.9259,14.3402
Unnamed POI,50.0506,14.4361
Unnamed POI,50.3728,13.1467
Unnamed POI,50.8027,14.4576
Unnamed POI,49.7769,15.0271
na Hadrava,49.3066,13.1579
na Kaple Nejsvětější Trojice,49.3058,13.1305
Unnamed POI,50.0628,14.4174
Kočičí skála,50.5492,13.4239
Prachovna,50.5442,15.1921
Unnamed POI,50.08,12.3656
Unnamed POI,49.9902,14.3355
Lovecká vyhlídka,50.1845,12.7907
Unnamed POI,49.6937,18.3526
Unnamed POI,49.5859,15.9431
Unnamed POI,48.9033,14.4953
Unnamed POI,48.9358,14.5568
Unnamed POI,50.078,14.3984
Unnamed POI,50.6425,14.4798
Unnamed POI,50.1322,17.1508
Kremelna,49.1444,13.3983
Draci skaly,49.1179,13.5012
Kosatce Skelna,49.1582,13.4025
Vyhlídkový altán,49.9018,12.7808
Unnamed POI,49.9621,16.5959
Unnamed POI,49.7578,16.6749
Unnamed POI,50.0573,14.3775
Unnamed POI,50.0866,14.4094
Unnamed POI,48.8574,15.8611
Unnamed POI,50.0944,14.4178
Vyhlídka Maleni,50.0887,14.4111
Svatý kopeček,48.8063,16.6467
Unnamed POI,48.8053,16.636
Unnamed POI,50.1726,17.6046
Unnamed POI,48.8982,14.2409
Vyhlídková věž Lednická kolonáda,48.7926,16.8185
Vyhlídka Josefa II.,50.3248,12.5198
Unnamed POI,49.8902,17.9516
Unnamed POI,50.7275,14.6074
Bönischovy Boudy,50.6447,15.7001
Vyhled do udoli Zlateho potoka u Retenice,49.1267,13.613
Unnamed POI,49.3617,13.6128
Unnamed POI,50.7449,15.6235
Unnamed POI,49.0322,13.5276
Unnamed POI,48.8128,14.3145
Unnamed POI,50.6893,14.8205
Unnamed POI,49.1397,18.0613
Unnamed POI,48.8762,16.6621
Pavlov,48.872,16.6556
Unnamed POI,50.77,15.4318
Unnamed POI,49.074,17.6863
Unnamed POI,49.0245,13.9869
Unnamed POI,49.0793,15.4366
Unnamed POI,50.0921,14.4069
Unnamed POI,49.5924,17.2608
Unnamed POI,50.123,14.4132
Unnamed POI,49.9772,17.446
Hrubý Jeseník,49.9726,17.4395
Unnamed POI,50.0914,14.4633
Unnamed POI,49.5347,17.0831
Unnamed POI,49.6162,15.3941
Unnamed POI,50.2177,12.8591
Unnamed POI,49.384,16.8756
Triangl,50.8762,15.1743
Unnamed POI,50.529,15.0339
Unnamed POI,49.2047,17.9429
Vyhlídkové místo,49.8817,17.8622
Vyhlídkové místo,49.8755,17.8499
Unnamed POI,49.2505,13.5127
Unnamed POI,50.8497,14.6455
Unnamed POI,50.8668,14.5663
Unnamed POI,50.4147,14.9026
Unnamed POI,50.7702,14.6556
Rozhledna,50.0901,14.4439
Unnamed POI,49.9555,14.4244
Unnamed POI,49.9554,14.4165
Věž sv. Jakuba,49.1852,15.451
Unnamed POI,49.1732,13.25
Panorama vimperských kopců,49.0686,13.768
Unnamed POI,50.6203,14.6131
Unnamed POI,50.6562,14.4923
Unnamed POI,50.6561,14.4935
Unnamed POI,50.0981,14.4464
Unnamed POI,50.0981,14.4463
Unnamed POI,50.0981,14.4455
Unnamed POI,50.0981,14.4453
Unnamed POI,50.2757,12.9952
Unnamed POI,49.7659,13.931
Unnamed POI,49.7631,13.9197
Hubertova Vyhlídka,49.1649,15.5608
Pětnice - rozhledna Christiana Battaglii,49.3751,13.8138
Lesní vyhlídka nad Ohří,50.1972,12.8029
Unnamed POI,50.3496,13.0653
Unnamed POI,50.3496,13.0667
Unnamed POI,50.3683,16.9937
Stezka korunami stromů Krkonoše,50.6311,15.7576
Unnamed POI,49.0928,16.2197
Unnamed POI,49.0929,16.2261
Mravenečník,50.7003,13.5646
Unnamed POI,49.1865,13.3383
Unnamed POI,49.5343,16.8532
Unnamed POI,49.535,16.842
Unnamed POI,50.1294,16.9035
Unnamed POI,50.1238,16.9051
Unnamed POI,50.1278,16.9054
Unnamed POI,50.1075,16.9125
Unnamed POI,49.4977,15.8323
Unnamed POI,50.1457,12.6608
Unnamed POI,49.1965,16.6079
Unnamed POI,48.9711,13.5973
Unnamed POI,50.7209,14.8097
Unnamed POI,49.5867,18.3968
Unnamed POI,50.7933,14.1094
Unnamed POI,50.7969,14.116
Unnamed POI,50.7543,14.0921
Unnamed POI,49.3718,18.3495
Rozhledna Miloňová,49.3807,18.338
Unnamed POI,49.8557,13.2248
Unnamed POI,49.8022,13.4856
Unnamed POI,49.7918,13.5259
Unnamed POI,49.3644,13.0281
Unnamed POI,49.3668,12.9946
Unnamed POI,50.6137,16.1215
Unnamed POI,49.4071,12.9243
Unnamed POI,49.594,17.2515
Unnamed POI,49.8628,18.2
Unnamed POI,49.0901,16.2481
Jehlický vrch,50.2335,15.6654
Unnamed POI,49.0476,18.0079
Unnamed POI,49.0499,18.0084
Unnamed POI,49.0522,18.0084
Unnamed POI,49.8349,18.2967
Unnamed POI,50.7376,15.4858
Unnamed POI,50.1222,17.3442
Unnamed POI,48.8805,14.2633
Unnamed POI,50.8832,14.2779
Unnamed POI,50.7397,14.5434
Zatopený mlýn,49.133,16.1006
Unnamed POI,50.0852,14.4301
Unnamed POI,50.1537,15.8336
Unnamed POI,50.4481,12.8224
Unnamed POI,50.3687,12.925
Unnamed POI,50.3669,12.9301
Unnamed POI,50.4043,12.9351
Unnamed POI,48.9775,13.9946
Chochola,49.5379,16.8686
Unnamed POI,50.7611,14.5961
Unnamed POI,50.7613,14.597
Unnamed POI,50.1494,16.829
Unnamed POI,50.3775,13.0462
Unnamed POI,50.4489,12.8232
Unnamed POI,50.4244,13.1116
Unnamed POI,50.4244,13.1115
Unnamed POI,50.424,13.1115
Unnamed POI,50.4041,13.0627
Unnamed POI,50.3481,13.0447
Unnamed POI,50.203,17.1869
Unnamed POI,50.4991,13.6101
Unnamed POI,50.8259,14.8137
Unnamed POI,49.9577,14.1931
Magdalenina skála,49.1403,16.2362
Světovina,49.8683,13.7423
Unnamed POI,49.5081,18.1347
Vyhlídková věž Jana Křtitele,50.6377,13.827
Okno,50.4019,12.7498
Unnamed POI,50.4016,12.7496
Strašidlo,50.4013,12.7496
Borůvčí,50.401,12.7506
Unnamed POI,50.721,15.5351
Unnamed POI,50.7201,15.5361
Vysoká,49.7963,12.6122
Unnamed POI,50.0635,14.4026
Unnamed POI,50.3452,16.1513
Unnamed POI,50.3593,12.9568
Unnamed POI,50.3837,12.994
Unnamed POI,50.3842,12.9948
Unnamed POI,50.6759,14.5527
Unnamed POI,49.0879,16.3235
Unnamed POI,50.3545,12.9497
Unnamed POI,49.9832,18.1225
Unnamed POI,50.0212,13.8983
Unnamed POI,49.6358,16.7694
Unnamed POI,50.3373,12.9512
Pohled na lázně,50.3674,12.926
Unnamed POI,50.4605,13.0858
Unnamed POI,50.1486,16.8224
Unnamed POI,50.1537,16.8218
Unnamed POI,50.1478,16.831
Unnamed POI,50.149,16.8376
Voštinová skála,50.0106,16.9718
Výhled na trať a Chomutov,50.4219,13.4319
Unnamed POI,49.5874,16.6248
Unnamed POI,50.0411,13.8765
Unnamed POI,50.0636,14.4159
Tržnice na Zelném trhu,49.1927,16.6086
Unnamed POI,50.6907,15.2035
Vyhlídka U Kříže,50.6829,15.2188
Unnamed POI,50.1173,12.3684
Unnamed POI,49.6798,12.6668
Unnamed POI,49.691,13.3299
Unnamed POI,50.8548,14.4056
Unnamed POI,50.8549,14.4056
Unnamed POI,49.9997,16.2014
Unnamed POI,50.3184,13.9108
Unnamed POI,50.2288,13.8077
Unnamed POI,49.9497,14.2674
Unnamed POI,49.9427,14.2747
Rozhledna Maják,50.031,15.1972
Pozorovatelna vodního ptactva,50.1139,12.3178
Unnamed POI,50.8803,14.3203
U Köglerova kříže,50.9104,14.4881
Nadhledna Háječek,49.9378,16.8362
Unnamed POI,50.2539,13.437
Unnamed POI,50.1371,14.4024
Svah Čertovka,50.6237,14.0541
Kašparova vyhlídka,49.6245,17.4451
Goethova vyhlídka,49.8124,12.8523
Rozhledna Vinice,50.0777,14.7304
Krahulcova vyhlídka,49.463,16.7202
Unnamed POI,50.9484,14.4462
rozhledna Lebedov,49.2125,17.2868
Unnamed POI,50.0777,13.2148
Unnamed POI,49.0482,17.3418
Unnamed POI,49.0357,17.3271
Unnamed POI,50.8381,14.2924
Unnamed POI,50.0914,14.4628
Unnamed POI,50.7208,14.6581
Unnamed POI,49.3042,16.2581
Unnamed POI,50.1683,14.6056
Unnamed POI,48.9773,16.9624
Unnamed POI,48.9301,14.3184
Unnamed POI,50.6842,15.4098
Unnamed POI,50.6832,15.4144
Unnamed POI,50.6842,15.4336
Unnamed POI,50.6834,15.4251
Unnamed POI,48.8117,14.3118
Unnamed POI,49.5586,18.4434
Unnamed POI,49.5491,13.0177
Vyhlídka u kostela,48.81,14.316
Unnamed POI,49.2613,16.6886
Novoveský vrch,49.9964,17.2715
Unnamed POI,50.7363,15.2572
Unnamed POI,49.5351,16.779
Unnamed POI,50.2333,14.8905
Unnamed POI,50.2337,14.8958
Unnamed POI,50.5519,13.484
Unnamed POI,50.3737,12.9195
Unnamed POI,48.7271,14.7265
Unnamed POI,48.7309,14.7199
Žampašská vyhlídka,49.8702,14.4879
Na Výhledu,50.8611,14.9649
Velký kámen,49.7282,13.7368
Unnamed POI,50.2542,14.2868
Unnamed POI,49.4022,14.6128
Unnamed POI,50.8778,14.4121
Unnamed POI,50.8784,14.4122
Unnamed POI,50.8572,14.5816
Unnamed POI,49.4505,14.3667
Unnamed POI,49.5814,17.9668
Unnamed POI,49.5849,17.966
Unnamed POI,49.5825,17.9603
Unnamed POI,49.8463,14.9629
Unnamed POI,50.186,15.9833
Unnamed POI,49.7512,13.9764
Máchova vyhlídka,50.6124,14.5074
Unnamed POI,50.6106,14.5038
Unnamed POI,50.6209,14.4094
Papinova vyhlídka,50.6287,14.4029
Unnamed POI,49.2079,15.8703
Unnamed POI,49.9226,16.5743
Unnamed POI,49.855,16.5561
Unnamed POI,49.8442,16.5474
Unnamed POI,49.8298,16.5733
Unnamed POI,49.8018,13.8806
Vyhlídka na Bezděz,50.5255,14.6874
Unnamed POI,50.1715,14.3661
Unnamed POI,49.6264,18.5595
Unnamed POI,50.3705,14.8731
Unnamed POI,50.7351,14.667
Unnamed POI,50.1895,12.7577
Unnamed POI,50.1906,12.7571
Nad Strží,50.7581,14.7084
Vyhlídka na soutok,49.2345,14.3845
Kořenská skála,49.2355,14.3849
Unnamed POI,49.8904,15.5774
Unnamed POI,50.6115,14.1848
Unnamed POI,50.6115,14.1842
Unnamed POI,50.6054,14.2067
Unnamed POI,50.0842,14.397
Unnamed POI,49.1042,13.5032
Unnamed POI,49.108,13.5449
Unnamed POI,49.5312,18.3782
Unnamed POI,49.5126,18.3206
Unnamed POI,49.4759,18.3051
Unnamed POI,49.5426,16.4704
Unnamed POI,48.8415,16.6358
Vyhlídka dědy z Dědova,50.5599,16.2028
Unnamed POI,50.5278,13.7639
Unnamed POI,50.0023,13.8249
Joštova vyhlídka,50.1495,15.9638
Unnamed POI,49.2057,17.6886
Unnamed POI,50.7508,14.7271
Unnamed POI,49.9539,18.107
Unnamed POI,49.6352,17.3421
Unnamed POI,49.6346,17.3364
Unnamed POI,49.6325,17.3409
Unnamed POI,49.6331,17.3402
Unnamed POI,49.1321,14.1303
Unnamed POI,49.2637,17.1097
rozhledna Vyšicko,48.9205,17.0218
Unnamed POI,50.2914,17.1061
Unnamed POI,50.737,14.6032
Unnamed POI,50.2375,17.18
Unnamed POI,50.6294,14.6078
Unnamed POI,49.2133,15.8704
Unnamed POI,49.3514,17.6579
Unnamed POI,49.3382,17.661
Unnamed POI,49.5551,18.4023
Unnamed POI,50.3907,13.0068
Unnamed POI,50.3909,13.0075
Šumavská vyhlídka,49.1678,14.0913
Unnamed POI,49.5917,18.1155
Unnamed POI,49.5877,18.1253
Unnamed POI,50.6531,15.5808
Unnamed POI,50.6565,14.5193
Unnamed POI,50.6583,14.5181
Unnamed POI,50.6578,14.5242
Těchanovická vyhlídka,49.8163,17.681
Unnamed POI,50.0809,14.4022
Vyhlídka Praděd,50.122,17.3976
Unnamed POI,50.7494,14.7104
průhled na Klíč,50.7395,14.5457
Unnamed POI,49.6665,18.3968
Unnamed POI,49.5399,18.4689
Muflon a daněk,50.1744,15.9111
Jelen sika Dybowského,50.1708,15.9138
Unnamed POI,49.5537,18.6181
Malé Hradisko,49.8026,16.1702
Unnamed POI,49.8944,13.5394
Unnamed POI,49.8942,13.5389
Unnamed POI,49.5568,18.7776
Lama a klokan,50.2058,15.9173
Unnamed POI,50.0929,14.347
Unnamed POI,50.9146,15.0797
Unnamed POI,50.9148,15.0769
Unnamed POI,50.9163,15.0791
Sokolohrady,49.7148,15.7137
Knesplova vyhlídka,50.805,14.648
Unnamed POI,50.3047,12.1765
Chloudov,50.6275,15.2386
Unnamed POI,49.1792,15.4677
Unnamed POI,49.1799,15.4682
Unnamed POI,49.9712,15.2616
Unnamed POI,49.9639,15.2413
Luisino údolí,50.6591,15.6486
Unnamed POI,50.5621,15.1687
Unnamed POI,49.4393,14.1906
Unnamed POI,49.4386,14.192
Unnamed POI,49.4254,14.1954
Duncanova vyhlídka,49.9967,12.6932
Unnamed POI,50.6341,15.3067
U Peršinky,50.6182,15.3085
U Bakala,50.6216,15.3052
Peretka,50.616,15.3099
Unnamed POI,50.3844,13.7946
Unnamed POI,49.9097,14.3974
Unnamed POI,49.1917,13.3728
Unnamed POI,49.1526,15.7831
Brusná,49.9317,16.9345
Unnamed POI,50.3463,12.7405
Unnamed POI,50.3575,12.8481
Unnamed POI,50.3695,12.5671
Unnamed POI,49.4296,16.0126
Unnamed POI,49.9783,12.7107
Unnamed POI,49.3997,18.1052
Unnamed POI,50.017,14.3617
Unnamed POI,50.1944,13.6432
Unnamed POI,49.4484,18.3216
Unnamed POI,49.41,18.0979
Unnamed POI,51.0106,14.4301
Unnamed POI,49.2376,16.738
Šeptouchovská skála,49.6944,15.2718
pod Šeptouchovskou skálou,49.6945,15.2715
Unnamed POI,50.8491,14.5953
Unnamed POI,50.8495,14.6021
Unnamed POI,50.0422,14.2918
Unnamed POI,50.2183,13.6807
Krásná vyhlídka,50.7639,15.2863
Vyhlídka k Jizerkám,50.7514,15.2827
Šmídova vyhlídka,50.7442,15.569
Unnamed POI,49.4863,16.6396
Vyhlídka českých bratří,50.6262,15.2015
Unnamed POI,50.6305,15.1995
Výhled na Suché skály,50.6323,15.2057
Unnamed POI,50.2507,12.3917
Unnamed POI,50.7666,15.4289
Unnamed POI,50.2016,16.5364
Unnamed POI,49.4356,18.1907
Třitrubecká vyhlídka,49.7038,13.7845
Borůvka,49.8401,16.0625
Unnamed POI,49.1557,16.5394
Unnamed POI,49.1541,16.5429
Unnamed POI,49.1576,16.5359
Unnamed POI,49.2061,16.4429
Vyhlídková plošina Lovoš,50.5278,14.0183
Unnamed POI,50.5355,14.0103
Unnamed POI,50.3976,12.7002
Unnamed POI,49.1444,16.506
Rozhledna Kosice,50.1902,15.5309
Výhled od Lechova kamene na město Kouřim,50.0023,14.9862
Voltušská vyhlídka,49.5841,13.8396
Unnamed POI,49.4281,18.0921
Unnamed POI,49.4382,18.0484
Unnamed POI,49.4421,18.03
Unnamed POI,49.4425,18.008
Unnamed POI,49.4355,18.0173
Unnamed POI,50.3302,12.5247
Unnamed POI,49.999,14.5592
Unnamed POI,50.0429,14.3841
Unnamed POI,50.0401,14.38
Unnamed POI,50.2214,13.6706
Unnamed POI,49.6941,13.8166
Unnamed POI,49.674,13.8659
Unnamed POI,49.2747,16.4597
Unnamed POI,49.0171,15.3894
Unnamed POI,49.4749,14.525
Unnamed POI,50.0543,16.6876
Unnamed POI,50.2614,14.6359
Kamenný stůl,49.2223,17.2526
Unnamed POI,50.1207,13.4398
Skuhrov,50.2273,16.2887
Unnamed POI,49.3561,14.2712
"Tis, u kapličky",49.7128,15.4883
Unnamed POI,50.5449,13.4685
Unnamed POI,48.9062,14.4978
Rozhledna Slovácký dvůr,49.0126,17.4413
Unnamed POI,50.7534,15.2717
Unnamed POI,49.3243,16.6418
Unnamed POI,49.1578,15.8034
Unnamed POI,49.1578,15.8044
Unnamed POI,50.6568,14.5561
Unnamed POI,50.6559,14.5688
Jurkova jáma,50.0668,14.106
Unnamed POI,50.4349,13.7581
Unnamed POI,50.3984,13.6324
Unnamed POI,51.0176,14.3275
Unnamed POI,50.0295,14.3939
Unnamed POI,50.0334,14.3991
Unnamed POI,48.8084,16.6541
Unnamed POI,48.8091,16.6544
Unnamed POI,48.8074,16.6524
Vyhlídka U andílka,49.3124,17.2493
Unnamed POI,48.9422,16.9234
Unnamed POI,49.9649,14.4732
Unnamed POI,49.9728,14.4513
Unnamed POI,49.8137,12.8548
Unnamed POI,50.3384,14.323
Unnamed POI,49.5277,16.7062
Unnamed POI,49.1906,16.6059
Unnamed POI,50.0463,14.3977
Unnamed POI,50.6391,14.0507
Unnamed POI,50.6391,14.0504
Pěkný výhled,50.7836,15.329
Výhled Čertův Kámen,50.8305,15.2986
Unnamed POI,49.3722,17.7538
Unnamed POI,48.9365,16.311
Unnamed POI,49.3735,18.141
Strom života - památník 100 let Republiky,49.5362,16.0126
Unnamed POI,50.7353,15.2446
Unnamed POI,49.1621,13.1908
Unnamed POI,49.3448,16.4109
Unnamed POI,49.3343,16.4052
Panoramata,50.2317,17.051
Unnamed POI,49.5814,18.3956
Unnamed POI,49.9383,14.6245
Unnamed POI,49.6856,13.4678
Unnamed POI,49.6831,13.4647
Babická vyhlídka,49.2794,16.6783
Unnamed POI,50.0403,13.8778
Unnamed POI,50.7267,14.5214
Rozhledna Sosnová,49.9934,17.6528
Unnamed POI,49.9153,14.3837
Unnamed POI,49.9153,14.3835
Unnamed POI,49.9126,14.3931
Unnamed POI,49.9004,14.4054
Unnamed POI,50.1002,14.5793
Unnamed POI,48.9389,14.2511
Unnamed POI,50.6736,14.7648
Unnamed POI,50.6971,14.6276
Unnamed POI,50.6891,14.6706
Unnamed POI,50.058,14.3661
Unnamed POI,49.4324,16.3153
Vyhlídka,50.6379,13.8603
Rozhledna Doubravka,50.6388,13.8602
Unnamed POI,48.8958,15.8152
Unnamed POI,50.225,12.1883
Kouty nad Desnou kolejka linowa,50.1,17.116
Unnamed POI,48.8457,15.9744
Unnamed POI,48.8465,15.9684
Unnamed POI,48.8108,15.9969
Unnamed POI,48.8078,15.9938
Unnamed POI,48.8083,15.993
Vyhlídka Soudek,48.9819,17.0334
Unnamed POI,50.7801,14.5085
Rozhledna Soběšovice,49.7286,18.4625
Unnamed POI,49.8152,13.9984
Unnamed POI,50.9271,14.6457
Unnamed POI,50.9284,14.6458
Unnamed POI,49.0775,15.4436
Unnamed POI,49.0751,15.4454
Unnamed POI,49.8638,15.3486
Unnamed POI,49.1368,13.4606
Unnamed POI,50.5955,14.0847
Vyhlídka republiky,50.8169,14.5284
Unnamed POI,49.173,13.5053
Unnamed POI,49.1812,13.4837
Unnamed POI,50.0196,14.302
Unnamed POI,49.8719,15.5964
Unnamed POI,49.4461,12.7875
Unnamed POI,50.0847,13.6391
Unnamed POI,50.0989,13.6787
Unnamed POI,49.1459,13.4692
Unnamed POI,50.1038,14.0502
Unnamed POI,50.1047,14.0572
Unnamed POI,50.3897,15.1307
Unnamed POI,50.657,15.9849
Unnamed POI,50.002,14.0775
Unnamed POI,50.0123,14.1045
Unnamed POI,49.0887,16.3428
Unnamed POI,49.3409,17.999
Unnamed POI,50.071,14.3985
Unnamed POI,49.212,15.8632
Unnamed POI,49.8765,14.4432
Brýlařský lom,50.7351,14.5931
Unnamed POI,50.0515,14.6407
Unnamed POI,49.9055,14.2841
Unnamed POI,50.7332,14.5969
Vyhlídka poštolek,50.7333,14.5978
Unnamed POI,50.0808,14.4017
Dolní vyhlídka Edmundova kamene,50.8852,14.2807
Unnamed POI,50.7339,14.6009
Unnamed POI,50.7336,14.6004
Unnamed POI,50.7339,14.6014
Unnamed POI,49.848,18.5174
Unnamed POI,49.7453,18.5353
Sychrák,49.3453,16.4361
ptačí pozorovatelna,50.6281,14.54
Unnamed POI,49.3537,16.7045
Unnamed POI,49.3994,16.7184
Unnamed POI,50.742,14.5383
Unnamed POI,50.6201,14.4143
Medvědí vyhlídka,50.6105,14.5632
Unnamed POI,49.7714,13.5907
Unnamed POI,49.9706,14.139
Unnamed POI,49.7639,13.5323
Unnamed POI,50.1688,14.3698
Unnamed POI,50.6116,14.5618
Unnamed POI,49.9181,14.0218
Unnamed POI,49.9202,14.0234
Unnamed POI,50.2632,16.1131
Unnamed POI,50.2628,16.1156
Unnamed POI,50.2656,16.1127
Unnamed POI,50.5897,14.6609
Unnamed POI,50.5336,14.2865
Unnamed POI,50.5292,14.2249
Vyhlídka Na Kouli,50.1821,12.7905
Unnamed POI,48.8668,13.7651
Výhled na Liblín,49.9196,13.5569
Unnamed POI,49.4886,18.0012
Unnamed POI,49.4881,18.0039
Unnamed POI,49.3185,18.1223
Unnamed POI,49.8928,14.3622
Novomlýnská vodárenská věž,50.0923,14.4283
Národní muzeum věž,50.0791,14.4306
Unnamed POI,50.7366,14.6162
Na Chocholce,50.6135,15.1862
Dancing House viewpoint,50.0755,14.4141
Unnamed POI,49.0775,15.4403
Unnamed POI,49.1688,16.1842
Unnamed POI,49.1588,16.1666
Unnamed POI,49.1653,16.1687
Unnamed POI,49.0932,16.2483
Unnamed POI,49.1936,16.5927
Kabuďův vrch,49.6042,18.195
Unnamed POI,49.4311,12.8618
Hvězdárna,50.0883,12.375
Unnamed POI,49.7504,15.0889
Unnamed POI,49.7496,15.0897
Vyhlídka nad Fedlem,48.7658,14.0547
Unnamed POI,50.3479,13.0452
Velká Baba,49.0993,16.2253
Unnamed POI,49.9166,17.1851
Unnamed POI,49.2142,16.6289
Stezka Valaška,49.4934,18.2679
Unnamed POI,49.1912,16.6055
Unnamed POI,50.2616,13.0013
Unnamed POI,50.8096,14.705
Unnamed POI,50.8087,14.7058
Unnamed POI,49.5357,18.837
Unnamed POI,50.6689,15.5695
Rottrovy domky,50.7298,15.8126
Unnamed POI,50.7315,15.8132
Unnamed POI,50.729,15.8197
Unnamed POI,50.7366,15.8234
Unnamed POI,48.7381,14.5457
Ferdinandova vyhlídka,50.6879,14.6687
Unnamed POI,49.3249,17.7866
Unnamed POI,49.8428,14.1296
Unnamed POI,50.3477,16.3542
Unnamed POI,50.3579,16.3545
Unnamed POI,49.0476,14.0409
Unnamed POI,49.835,15.6519
Unnamed POI,50.7908,14.5274
Unnamed POI,50.7891,14.5236
Unnamed POI,50.5707,13.4647
Unnamed POI,50.5714,13.4649
Unnamed POI,50.5706,13.4642
Unnamed POI,50.5554,13.5025
Hráz rybníku Dolní Peklo,49.867,15.6093
Unnamed POI,50.5802,13.497
Dolní vyhlídka,50.5721,13.518
Horní vyhlídka,50.5731,13.5181
Unnamed POI,50.5425,13.4609
Terezina vyhlídka,50.5418,13.4744
Unnamed POI,50.6132,13.5201
Novoměstská radnice,50.0782,14.4213
Unnamed POI,50.3574,12.934
Unnamed POI,49.7629,13.8658
Unnamed POI,50.7903,15.2183
Unnamed POI,50.1912,12.8218
Unnamed POI,49.1684,13.5056
výhled na Helfenburk,50.5819,14.3784
Malinská skála,49.661,16.0715
Unnamed POI,50.2671,13.6831
Unnamed POI,50.2225,13.6932
Unnamed POI,49.4124,14.6629
Unnamed POI,49.4112,14.6568
Unnamed POI,50.4804,14.6178
Unnamed POI,50.2,12.8429
Unnamed POI,50.2138,12.8693
Unnamed POI,50.2059,12.8964
Unnamed POI,50.2053,12.8985
Unnamed POI,50.6483,15.6992
Unnamed POI,49.3342,13.2301
Těnovická vyhlídka,49.6247,13.6344
Unnamed POI,49.6852,13.4681
Unnamed POI,49.3086,15.2935
Svatý jezevčík,49.7317,13.8686
Unnamed POI,50.1898,13.9854
Malý belvedér,50.0897,14.4013
Unnamed POI,50.0906,14.4033
Unnamed POI,50.0579,14.2197
Unnamed POI,49.319,14.3497
Unnamed POI,49.3448,14.5015
Unnamed POI,49.3413,14.5004
Čertova stěna,48.9205,17.2741
Unnamed POI,49.0315,13.9822
Unnamed POI,49.545,16.3358
Štátula,49.303,17.2381
Unnamed POI,49.4208,17.1648
Unnamed POI,49.102,13.4316
Unnamed POI,50.0973,17.2915
Rabštejn,49.948,17.1503
Unnamed POI,49.356,14.0858
Unnamed POI,49.3676,14.1449
Unnamed POI,49.6829,16.6616
Unnamed POI,49.5127,16.5036
Unnamed POI,50.1087,17.3107
Unnamed POI,50.5562,13.6499
Lipa sp.,49.196,16.515
Unnamed POI,49.2167,16.6709
Unnamed POI,50.7315,14.1149
Unnamed POI,50.7513,14.0914
Unnamed POI,48.9532,14.244
Unnamed POI,49.228,14.9746
Unnamed POI,50.4906,13.9854
Unnamed POI,50.4868,13.9895
Unnamed POI,50.6012,14.2619
Fričova vyhlídka,50.6755,14.076
Unnamed POI,49.1565,13.4392
Unnamed POI,49.9938,14.3364
Unnamed POI,49.9922,14.3403
Unnamed POI,49.9884,14.3332
Unnamed POI,50.2025,12.8418
Unnamed POI,50.202,12.8477
Městské skály (675 m),50.0073,16.9775
Vyhlídková věž Haniperk - Svobodné Hory,49.1231,14.1168
Unnamed POI,48.8107,14.3192
Unnamed POI,50.0917,14.3987
Unnamed POI,48.8106,14.3185
Unnamed POI,50.2091,12.8933
Unnamed POI,50.208,12.8377
Unnamed POI,48.8177,14.3172
Unnamed POI,50.6743,14.6779
Unnamed POI,50.1967,14.2548
Unnamed POI,50.0937,14.4089
Unnamed POI,50.219,12.8755
Unnamed POI,50.2191,12.8743
Unnamed POI,50.2623,17.43
Unnamed POI,50.7802,14.185
Unnamed POI,50.7802,14.1853
Unnamed POI,50.7797,14.1861
Unnamed POI,48.8445,14.3154
Unnamed POI,49.2787,13.6183
Unnamed POI,49.964,18.2033
Unnamed POI,49.3575,14.2698
Unnamed POI,49.1678,13.4856
Unnamed POI,49.1945,16.6
Unnamed POI,48.8105,14.3161
Unnamed POI,50.0723,14.4167
Unnamed POI,50.1718,17.6043
Unnamed POI,50.1717,17.6041
Farní vyhlídka,50.2324,14.4098
Unnamed POI,49.9286,14.6889
Unnamed POI,50.0957,14.4255
Unnamed POI,50.073,14.3645
Unnamed POI,50.0786,14.3963
Čtyři palice,49.6861,16.0933
Unnamed POI,50.0776,14.3938
Unnamed POI,50.2677,16.1136
Unnamed POI,50.0652,14.6968
Unnamed POI,50.0709,14.685
Unnamed POI,50.1849,14.3754
Unnamed POI,50.1838,14.3746
Unnamed POI,50.0957,14.4201
Unnamed POI,50.566,16.0758
Unnamed POI,49.4894,18.4913
Unnamed POI,50.7865,14.4778
Unnamed POI,50.7835,14.4785
Unnamed POI,50.7829,14.481
Unnamed POI,50.7829,14.4819
Unnamed POI,49.2727,16.457
Chlukov,49.7148,13.7862
Unnamed POI,50.3883,13.0271
Unnamed POI,50.6382,14.5701
Unnamed POI,50.5717,16.1405
Unnamed POI,50.6342,14.5568
Unnamed POI,50.1233,13.9932
Unnamed POI,50.2741,14.2538
Unnamed POI,50.7644,14.5651
Unnamed POI,49.6362,18.2904
Unnamed POI,48.811,14.315
Unnamed POI,48.809,14.315
Unnamed POI,50.0855,12.8353
Unnamed POI,50.1081,15.9805
Unnamed POI,48.8138,14.3219
Unnamed POI,50.406,14.4489
Unnamed POI,50.1631,14.8366
Skalní vyhlídka,49.4484,16.3205
Unnamed POI,49.4494,16.3136
Výhled na vilu Mittrovských,49.4519,16.323
Unnamed POI,50.7859,14.4758
Unnamed POI,48.9776,14.4672
Unnamed POI,49.1275,16.468
Unnamed POI,50.7096,14.5907
Unnamed POI,50.6596,14.6733
Unnamed POI,50.7611,14.4757
Karlova Výšina,50.5113,13.4109
Na kamenech. Pohled na hřeben a Sněžku.,50.6689,15.5702
Unnamed POI,50.658,15.5755
Unnamed POI,49.3325,15.8796
Unnamed POI,50.7338,15.2752
Unnamed POI,50.1029,14.3225
Unnamed POI,50.5667,13.9729
Unnamed POI,50.5667,13.9732
Unnamed POI,50.8649,14.5658
Unnamed POI,50.8649,14.5706
Unnamed POI,50.8546,14.572
Výhled na Smržovku,50.7357,15.2518
Výhled na Krkonoše,50.7367,15.2579
Výhled na viadukt,50.7383,15.2503
Unnamed POI,50.5885,14.5708
Unnamed POI,50.5914,14.5717
Výhled na chatu Bunč,49.1816,17.3481
Vyhlídka pod Barabášem,49.2142,17.6658
Šibeniční vrch,49.2231,17.872
Unnamed POI,49.9585,14.7143
Unnamed POI,49.9583,14.7121
Unnamed POI,50.8222,14.4652
Unnamed POI,50.8216,14.4629
Unnamed POI,50.8217,14.4653
Unnamed POI,49.6788,18.2068
Unnamed POI,49.6805,18.2105
Unnamed POI,49.6815,18.2086
výhled na Českou Lípu,50.6721,14.4357
výhled na Nový Bor,50.6698,14.4358
výhled na Nový Oldřichov,50.6688,14.4379
Unnamed POI,50.6785,14.364
Unnamed POI,50.6801,14.3604
Johannisstein Aussicht,50.8345,14.7178
Unnamed POI,50.1144,14.5814
Vyhlídková věž na skokanském můstku,50.5307,15.3483
Unnamed POI,49.9014,14.2517
Unnamed POI,49.9081,14.2512
Unnamed POI,49.8148,13.9877
Unnamed POI,49.9019,14.2548
Hoher Stein,49.7211,17.6391
Dvořáčkova vyhlídka,50.3396,16.1559
Vyhlídka Kačenka,50.5777,16.2581
Vyhlídka do Zaječí rokle,50.5414,16.2978
výhled na Lužické hory,50.6653,14.439
Unnamed POI,50.668,14.4323
Unnamed POI,50.6635,14.4334
Unnamed POI,49.2054,17.6137
Unnamed POI,48.9238,14.3294
Skrytá vyhlídka,49.8608,14.467
Unnamed POI,48.9355,14.2944
Unnamed POI,50.7451,14.4829
Unnamed POI,49.4073,16.0973
Unnamed POI,49.0976,16.3874
Unnamed POI,49.0975,16.3865
Unnamed POI,49.954,14.1767
Horymírka,49.5582,16.3348
Unnamed POI,49.9548,14.1841
Unnamed POI,49.1811,16.559
Unnamed POI,49.1853,16.5616
Unnamed POI,50.6881,14.4366
Turistická rozhledna Vysoká Srbská,50.4867,16.2298
Unnamed POI,50.6836,14.436
Unnamed POI,49.2425,14.3826
Unnamed POI,50.8255,14.5014
Unnamed POI,50.1044,14.5638
Rozhledna Šťastná věž,49.6181,13.6134
Unnamed POI,50.0075,12.6088
Unnamed POI,50.0078,12.5955
Unnamed POI,50.0025,12.6052
Vyhlídková plošina,50.2019,12.9124
Unnamed POI,50.4744,13.1717
Unnamed POI,49.3428,17.929
vyhlídková terasa,49.2257,14.1275
Vyhlídka Skalka,49.8283,14.4502
Unnamed POI,49.7101,13.8752
Unnamed POI,50.8418,14.492
Unnamed POI,50.8432,14.4903
Unnamed POI,50.8424,14.4904
Unnamed POI,50.844,14.4924
Unnamed POI,50.8419,14.491
Rozhledna Lenka,50.5635,16.1444
Unnamed POI,49.1545,16.083
Unnamed POI,49.9982,14.5592
Unnamed POI,49.9986,14.5567
Unnamed POI,50.6681,14.4657
Jelen evropský,50.1569,15.9266
Unnamed POI,49.0387,17.1552
Unnamed POI,50.8725,15.1868
Vyhlídka na Střmen,50.5944,16.1314
Unnamed POI,50.1576,17.3159
Unnamed POI,50.664,14.4683
Bezděz,50.664,14.4598
"Česká Lípa, Ralsko",50.686,14.4816
Unnamed POI,49.2311,16.4599
Unnamed POI,48.8091,14.3143
Unnamed POI,48.8096,14.3131
Česká Lípa,50.6728,14.4908
Rozhledna Feistův kopec,50.3785,16.3174
Unnamed POI,50.1217,15.3015
Unnamed POI,50.0304,14.3138
Unnamed POI,49.9747,17.1413
Unnamed POI,49.9839,14.4038
Melicharka (skála),49.6835,13.516
Vyhlídka Malhotky 269 m.n.m,49.149,17.0542
Vyhlídka na výsluní,48.9028,16.9472
Unnamed POI,49.2973,16.7009
Unnamed POI,50.1821,14.456
Unnamed POI,50.3102,17.1125
Unnamed POI,48.8126,14.3045
Unnamed POI,49.2614,14.3041
Unnamed POI,50.8836,14.2812
Unnamed POI,50.8847,14.2819
vyhlídka Radovič,50.2729,14.2508
Unnamed POI,50.0297,14.3357
Vyhlídka Homole,49.9552,14.2781
vyhlídka,49.2442,16.7387
Unnamed POI,50.6564,15.6826
Unnamed POI,49.7852,14.8558
Hajnýho vyhlídka u Májky,48.915,13.7987
Unnamed POI,50.6124,14.4826
Unnamed POI,50.0793,17.7206
Unnamed POI,49.073,16.4694
Unnamed POI,50.7847,15.1146
Výří skála,49.45,16.3021
Unnamed POI,49.3064,14.108
Unnamed POI,49.5345,14.5163
Unnamed POI,49.0723,17.4241
Špalkova vyhlídka,48.84,16.0314
Unnamed POI,49.2481,18.1124
Unnamed POI,49.0686,17.3043
Unnamed POI,50.4902,13.9845
Unnamed POI,50.3851,12.9359
Unnamed POI,50.8433,14.3976
Unnamed POI,50.2036,14.3625
Unnamed POI,50.243,13.567
Unnamed POI,49.4525,16.3154
Burianova rozhledna (Milena),49.517,16.5137
Unnamed POI,50.7427,15.7696
Unnamed POI,49.866,13.6013
Unnamed POI,48.921,13.9083
Vyhlídka Seppa Wudyho,49.2001,13.2163
Unnamed POI,50.4773,14.9125
Unnamed POI,49.1396,14.1346
Unnamed POI,49.5877,18.1191
Unnamed POI,49.8056,17.0371
Unnamed POI,51.0083,14.4483
Unnamed POI,49.7418,17.335
Unnamed POI,50.5823,13.465
Unnamed POI,48.8551,16.0395
Unnamed POI,48.9986,14.0066
Unnamed POI,48.7876,14.108
Unnamed POI,48.7922,14.1038
Unnamed POI,50.0693,14.8579
Krásná vyhlídka,50.6904,14.8848
Unnamed POI,49.8587,13.7619
Unnamed POI,49.1901,13.5689
Unnamed POI,50.8682,14.296
Unnamed POI,50.5205,13.6318
Unnamed POI,49.0076,13.9233
Unnamed POI,49.5175,14.1778
Unnamed POI,50.0676,14.6903
Unnamed POI,50.8278,14.5117
Unnamed POI,50.1233,12.2213
Unnamed POI,50.1611,14.313
Unnamed POI,50.6077,14.2857
Unnamed POI,49.1619,16.0887
Unnamed POI,49.7729,13.1237
Unnamed POI,48.959,13.8656
Unnamed POI,50.8521,15.1721
Vyhlídková plošina,50.1256,14.2808
Vyhlídka Floriánek,48.9083,16.8248
Korunní vyhlídka,50.1876,12.7965
Unnamed POI,50.6737,14.7097
Unnamed POI,50.6752,14.7094
Unnamed POI,50.6742,14.7142
Unnamed POI,48.8125,14.3162
Unnamed POI,48.815,14.317
Rozhledna Amálka,50.1151,16.6028
Unnamed POI,50.5587,16.207
Krtičkova vyhlídka,50.5606,16.2081
Unnamed POI,50.215,12.8935
Unnamed POI,50.2781,12.9991
Unnamed POI,50.8526,14.5636
Unnamed POI,50.0828,17.2298
Nad Vaněčkem,48.6568,14.5991
U Ludvických Hor,48.6598,14.6008
Malonty U Jákla,48.6822,14.588
Unnamed POI,49.2358,16.594
Unnamed POI,50.2237,12.8852
Unnamed POI,50.099,14.4618
Unnamed POI,49.9438,14.4059
Unnamed POI,49.9448,14.4039
Unnamed POI,49.9475,14.3981
Unnamed POI,49.9485,14.397
Unnamed POI,49.9515,14.3961
Unnamed POI,50.8184,14.7124
Unnamed POI,50.8174,14.714
Unnamed POI,50.8072,14.5496
Unnamed POI,50.7803,14.668
Unnamed POI,50.6653,14.0912
Unnamed POI,49.1499,13.4151
rozhledna Holedná,49.2149,16.5443
Unnamed POI,49.8483,13.6089
Vyhlídka z Domaniny,49.012,16.7837
Unnamed POI,49.9401,14.3967
Unnamed POI,49.9455,14.3973
Unnamed POI,50.7136,14.458
Unnamed POI,50.7159,14.4468
Unnamed POI,50.2251,14.3874
Unnamed POI,50.2133,14.357
Radechovské skály,50.2781,13.2639
Unnamed POI,49.8502,13.4468
Unnamed POI,50.8094,15.0723
Unnamed POI,49.0924,16.2497
Rozhledna Sofie,50.0053,14.4181
Unnamed POI,49.9279,14.1448
"Česká Lípa, Bezděz",50.6619,14.4817
Kočičí vrch,49.8017,17.431
Unnamed POI,50.5,15.0397
Unnamed POI,50.4966,15.0459
Unnamed POI,49.1288,16.2778
Unnamed POI,49.194,17.5041
Unnamed POI,49.1946,17.4926
Unnamed POI,49.1879,17.4712
Unnamed POI,49.6901,18.5682
Unnamed POI,49.1345,16.2488
Unnamed POI,49.7756,14.6542
Unnamed POI,50.0964,14.5
Unnamed POI,50.1133,14.3175
Unnamed POI,49.8009,13.9894
Unnamed POI,50.031,14.7264
Unnamed POI,49.9358,14.3333
Unnamed POI,50.1015,14.5445
Unnamed POI,50.101,14.5424
Unnamed POI,50.7325,14.4133
Unnamed POI,49.9845,14.351
Unnamed POI,49.1032,16.1796
Unnamed POI,49.1031,16.1799
Unnamed POI,49.1033,16.1798
Unnamed POI,50.8406,14.5693
Unnamed POI,48.9373,14.5919
Unnamed POI,50.5926,14.0746
Unnamed POI,50.6146,16.4085
Unnamed POI,49.631,18.1139
Unnamed POI,50.1795,14.3713
Unnamed POI,49.9559,13.683
Unnamed POI,50.2291,14.3765
Český betlém,50.3388,16.1607
Unnamed POI,49.5914,17.4985
Unnamed POI,50.5978,14.4572
Unnamed POI,50.5949,14.4568
Unnamed POI,50.6055,14.421
Unnamed POI,50.6055,14.4215
Unnamed POI,49.0983,16.2629
Unnamed POI,50.5954,14.4464
Unnamed POI,50.5946,14.4441
Unnamed POI,50.5958,14.447
Unnamed POI,50.5963,15.2503
Unnamed POI,50.5975,15.2556
Unnamed POI,50.5889,14.4516
Unnamed POI,49.7008,17.5829
Unnamed POI,49.3935,18.2502
Unnamed POI,49.3928,18.2553
Unnamed POI,49.4032,18.2699
Unnamed POI,49.0197,15.5687
Unnamed POI,48.9566,16.7614
Unnamed POI,50.5807,14.4674
Unnamed POI,50.5669,13.9727
Unnamed POI,50.1282,14.3722
Unnamed POI,50.1298,14.3859
Unnamed POI,49.66,18.1539
Unnamed POI,48.8178,14.3136
Unnamed POI,50.0483,14.5173
Unnamed POI,49.0991,14.1398
Unnamed POI,50.0002,14.6805
Markův kopec,49.538,18.2237
Unnamed POI,50.3504,14.4731
Unnamed POI,49.8565,14.3958
Unnamed POI,50.5997,15.213
Unnamed POI,49.147,16.2633
Unnamed POI,49.149,16.2553
Unnamed POI,49.9454,14.0928
Unnamed POI,49.9468,14.0938
Unnamed POI,50.0834,14.41
Unnamed POI,50.08,14.4019
Unnamed POI,50.0654,14.4847
Unnamed POI,50.5794,16.1328
Rozhledna Radošov,48.925,17.4282
Unnamed POI,48.8566,16.0384
Unnamed POI,50.6636,15.0776
Unnamed POI,49.9621,14.3638
Unnamed POI,49.9483,14.3622
Unnamed POI,50.0719,14.3257
Unnamed POI,49.1936,16.5867
Unnamed POI,50.1162,14.4908
Unnamed POI,49.7505,17.6398
Unnamed POI,49.2785,16.4616
Unnamed POI,49.254,16.4831
Unnamed POI,50.0701,14.4432
Unnamed POI,49.9759,14.3904
Unnamed POI,49.2859,16.6715
Unnamed POI,49.0353,16.2031
Unnamed POI,49.0351,16.2022
Unnamed POI,50.6779,14.2206
Unnamed POI,49.6292,18.2336
Unnamed POI,48.8734,14.5535
Unnamed POI,49.0407,14.0067
Mrtvý muž,49.949,17.0983
Unnamed POI,50.5285,14.5987
Unnamed POI,50.5282,14.5924
Unnamed POI,50.5287,14.5926
Unnamed POI,50.5359,14.5838
Unnamed POI,48.8253,14.3177
Unnamed POI,49.1387,16.2385
Unnamed POI,50.7245,14.6101
Unnamed POI,50.6564,14.5119
Unnamed POI,49.3559,16.3497
Unnamed POI,49.3594,16.301
Unnamed POI,49.3612,16.3015
Unnamed POI,49.3607,16.4219
Unnamed POI,49.7386,13.5516
Unnamed POI,50.564,16.2761
Unnamed POI,49.0978,16.2584
Unnamed POI,49.0981,16.2595
Unnamed POI,49.0985,16.2616
Unnamed POI,50.114,15.2984
Unnamed POI,50.0426,15.2906
Unnamed POI,49.4996,17.8923
Unnamed POI,49.4995,17.889
Unnamed POI,49.2343,13.4918
Unnamed POI,49.2548,16.4923
Unnamed POI,50.4107,13.8068
Unnamed POI,49.9527,18.1005
Unnamed POI,49.2984,16.7496
Poutníkův trůn,49.8483,14.2262
Unnamed POI,49.2943,16.7423
Unnamed POI,49.2991,16.7413
Unnamed POI,50.5526,14.9827
Unnamed POI,50.2379,14.8968
Unnamed POI,49.2951,16.7481
Unnamed POI,50.7128,14.6535
Unnamed POI,50.7252,14.6439
Unnamed POI,50.7188,14.638
Unnamed POI,50.6355,14.0741
Unnamed POI,49.7281,17.3126
Unnamed POI,49.8992,14.1345
Unnamed POI,49.948,14.0911
Unnamed POI,49.9614,14.1254
Unnamed POI,49.962,14.125
Unnamed POI,50.0815,15.3018
Unnamed POI,48.7829,16.8245
Unnamed POI,48.8338,14.2939
Unnamed POI,49.8648,17.3701
Unnamed POI,49.639,17.552
Unnamed POI,49.9544,14.1774
Unnamed POI,49.954,14.1747
Unnamed POI,49.6417,17.4883
Unnamed POI,49.8813,17.2104
Unnamed POI,49.3282,18.3085
Unnamed POI,49.3274,18.3022
Unnamed POI,50.0366,17.4494
Ločarův kámen,49.5459,15.5409
Unnamed POI,50.0812,14.5633
Unnamed POI,49.0633,14.4468
Unnamed POI,49.2075,16.46
Unnamed POI,49.2081,16.1621
Unnamed POI,49.7957,17.3321
Unnamed POI,49.5371,17.7475
Unnamed POI,49.0464,14.0656
Unnamed POI,49.3263,16.6539
Lorelei,49.8195,17.7106
Unnamed POI,50.7166,15.4932
Unnamed POI,49.996,14.8605
Unnamed POI,49.996,14.8615
Unnamed POI,50.0786,16.3084
Unnamed POI,49.3071,14.1464
Unnamed POI,49.1933,17.5885
Unnamed POI,50.5683,15.9825
Unnamed POI,50.6382,15.7156
Unnamed POI,50.6739,15.7274
Unnamed POI,50.6758,15.7185
Unnamed POI,49.267,15.5205
Gräfova vyhlídka,50.1911,17.1774
Unnamed POI,50.4877,14.5191
Unnamed POI,50.144,14.8018
Unnamed POI,50.764,14.5574
Kazabrud,50.4965,15.6095
Unnamed POI,49.4123,18.2592
Unnamed POI,49.4125,18.2587
Rozhledna Halaška,49.8115,17.6088
Unnamed POI,50.8296,14.4571
Unnamed POI,50.8314,14.4496
Unnamed POI,50.8392,14.4512
Unnamed POI,50.5233,13.2509
Unnamed POI,50.4875,13.0284
Unnamed POI,50.6853,13.7068
Unnamed POI,50.6856,13.708
Unnamed POI,50.5548,13.9318
Unnamed POI,49.3749,17.6945
Unnamed POI,50.6987,15.7859
Unnamed POI,50.688,15.7941
Unnamed POI,50.715,15.7869
Unnamed POI,49.7438,15.1008
Unnamed POI,49.7833,14.1803
Unnamed POI,50.7062,15.1139
Unnamed POI,50.7359,15.0707
Unnamed POI,49.3356,18.2881
Unnamed POI,50.7829,15.5108
Unnamed POI,49.6129,13.6215
Unnamed POI,50.5271,13.6407
Unnamed POI,50.5534,13.6431
Unnamed POI,50.5314,15.0654
Unnamed POI,49.0286,13.5874
Unnamed POI,49.03,13.5843
Unnamed POI,50.1082,14.4676
Unnamed POI,50.1094,14.4653
Unnamed POI,50.5391,14.7192
Unnamed POI,50.5395,14.7202
Unnamed POI,49.2954,18.2301
Unnamed POI,50.1016,17.2139
Unnamed POI,49.4606,12.9535
Výhled na Beskydy,49.6306,17.7128
Rozhledna Modrá,49.119,17.4033
Unnamed POI,50.3311,14.4355
Vyhlídka Dominiky Kolowrat Krakovské,49.6298,12.6
Unnamed POI,50.7847,14.6594
Unnamed POI,50.3679,13.1321
Unnamed POI,50.5221,16.3257
Unnamed POI,50.5235,16.3221
Unnamed POI,50.8208,15.3665
Unnamed POI,49.289,17.1853
Unnamed POI,49.8061,18.0995
Unnamed POI,49.8057,18.0989
Unnamed POI,50.8556,15.2391
jihovýchodní výhled,49.5723,14.0278
severozápadní výhled,49.5739,14.0265
Unnamed POI,49.1289,18.1055
Vyhlídka u rybářské školy,49.1601,14.1777
Unnamed POI,49.738,13.6588
Unnamed POI,49.7392,13.6537
Unnamed POI,48.9891,15.9923
Unnamed POI,50.8691,14.2965
Unnamed POI,49.6724,13.808
Unnamed POI,49.6722,13.8086
Unnamed POI,49.657,13.7782
Unnamed POI,50.1414,16.8237
Unnamed POI,50.488,15.7697
Unnamed POI,49.0571,17.2427
Unnamed POI,49.625,13.6086
Unnamed POI,48.8117,14.3113
Unnamed POI,48.812,14.3119
Unnamed POI,48.7023,14.0266
Unnamed POI,48.922,14.1163
Kaple Zvěstování Panny Marie,50.422,16.1689
Unnamed POI,50.256,13.0044
Unnamed POI,49.1374,15.5726
Unnamed POI,49.1043,15.4162
Unnamed POI,49.1032,15.4151
Unnamed POI,49.1038,15.417
Unnamed POI,49.5187,17.6289
Unnamed POI,49.5188,17.6287
Unnamed POI,49.9648,14.4178
Unnamed POI,48.9448,15.7054
Unnamed POI,49.5594,16.3077
Unnamed POI,49.5586,16.3093
Vyhlídka Karla Zvěřiny,49.1537,14.9691
Unnamed POI,49.4279,17.9989
Unnamed POI,50.5872,14.5664
Unnamed POI,50.5852,14.5636
Unnamed POI,50.7612,15.4254
Rozhledna,49.9955,14.8588
Unnamed POI,49.2589,16.463
Unnamed POI,49.2589,16.463
Unnamed POI,50.6847,13.7065
Unnamed POI,49.9666,16.9359
Unnamed POI,49.9151,14.3764
Unnamed POI,49.7717,17.9824
Unnamed POI,49.9965,17.0465
Unnamed POI,50.7384,14.3162
Unnamed POI,50.1264,14.3716
Unnamed POI,49.9944,17.047
Unnamed POI,50.0256,14.2484
Unnamed POI,50.6195,15.3036
Unnamed POI,50.6043,13.4438
Unnamed POI,50.0718,14.3661
Unnamed POI,49.2512,14.0961
Unnamed POI,50.2833,17.1915
Unnamed POI,49.5937,16.1188
Unnamed POI,49.5939,16.1178
Unnamed POI,49.2172,16.8343
Unnamed POI,49.9331,13.9832
Unnamed POI,50.7967,14.1158
Unnamed POI,50.7913,14.1002
Unnamed POI,50.7938,14.0979
Unnamed POI,50.5905,14.4731
Unnamed POI,48.8109,14.3095
Hájníkův kohout,50.8902,15.2172
Unnamed POI,50.8953,15.2014
Unnamed POI,50.5939,14.4442
Unnamed POI,49.2115,16.6141
Unnamed POI,49.7419,14.4105
Unnamed POI,50.4672,15.3286
Unnamed POI,50.1741,14.3929
Unnamed POI,49.9052,13.7239
výhled na Opičí skálu,50.5896,14.378
Unnamed POI,49.4172,16.0599
Unnamed POI,49.4172,16.0574
Unnamed POI,48.904,14.5039
Unnamed POI,49.1772,16.9422
Unnamed POI,49.0915,16.2484
Unnamed POI,50.1713,14.4151
Unnamed POI,50.0962,14.4299
Unnamed POI,50.5876,14.6728
Unnamed POI,49.0865,16.8888
Hraběcí kříž,50.0399,13.2961
ptačí pozorovatelna,49.8033,18.2022
Unnamed POI,50.0211,15.3838
Unnamed POI,50.5899,14.4613
Unnamed POI,50.5933,14.4434
Unnamed POI,50.6122,14.5608
Unnamed POI,50.5621,16.2141
Unnamed POI,49.8396,13.8925
Unnamed POI,49.0759,17.6561
Unnamed POI,50.7472,14.7133
Unnamed POI,50.2232,12.8792
Unnamed POI,50.7543,14.6855
Unnamed POI,50.7394,14.7036
Unnamed POI,49.0482,15.1449
Unnamed POI,50.7867,14.4123
Unnamed POI,50.7844,14.4221
Unnamed POI,50.7219,13.7771
Unnamed POI,50.0434,14.4032
Kraví hora,48.634,14.3203
Unnamed POI,50.3114,16.3274
Unnamed POI,50.7641,14.377
Unnamed POI,50.7654,14.3645
rozhledna u sovy,48.9941,15.4966
Unnamed POI,48.9929,15.4718
Unnamed POI,48.9174,15.733
Unnamed POI,49.464,17.014
Unnamed POI,49.3087,16.6937
Unnamed POI,50.7782,14.6715
Unnamed POI,50.0964,14.4488
Unnamed POI,50.6688,14.2869
Unnamed POI,48.7761,14.5109
Unnamed POI,48.7331,14.0107
Unnamed POI,50.7597,14.7658
Unnamed POI,50.7678,14.7783
Unnamed POI,50.7557,14.7687
Unnamed POI,50.0567,14.2441
Unnamed POI,49.3199,17.752
Unnamed POI,50.5451,13.7805
Unnamed POI,49.6238,18.5627
Unnamed POI,50.6486,15.169
Unnamed POI,50.6486,15.1691
Unnamed POI,49.1401,15.332
Unnamed POI,50.6387,14.4713
Cimburk,49.1036,17.2156
Koryčanská kaple,49.0817,17.1991
Unnamed POI,50.5527,13.7777
Unnamed POI,50.6803,14.8602
Unnamed POI,50.6877,14.8522
Unnamed POI,49.0715,17.2218
Unnamed POI,48.9275,16.9078
Unnamed POI,50.6839,14.8571
Unnamed POI,50.6863,14.854
Unnamed POI,50.6935,14.8553
Vyhlídková věž,50.2907,14.8232
Unnamed POI,50.3058,14.8448
Unnamed POI,49.479,14.6688
Unnamed POI,49.2275,18.0781
Unnamed POI,49.6527,14.2794
Unnamed POI,50.6877,14.8999
Unnamed POI,50.6874,14.8823
Unnamed POI,50.7001,14.8803
Unnamed POI,50.6982,14.877
Unnamed POI,49.9955,14.3708
Unnamed POI,50.7832,13.9204
Unnamed POI,50.6919,14.1684
Unnamed POI,50.6899,14.1671
Unnamed POI,50.7351,14.4875
Unnamed POI,49.9508,14.0643
Unnamed POI,49.9707,14.0569
Unnamed POI,49.2003,13.4936
Rozhledna Blahutovice,49.59,17.878
Polické Insta dveře,50.5232,16.2611
Unnamed POI,50.6325,13.6659
Březový vrch,50.6869,14.1727
Unnamed POI,49.3835,12.7836
Unnamed POI,50.2549,12.2069
Unnamed POI,49.9066,14.3147
Unnamed POI,49.6793,12.6669
Unnamed POI,50.5968,14.2622
Unnamed POI,50.6015,14.2619
Unnamed POI,50.606,14.2575
Unnamed POI,50.1787,16.235
Unnamed POI,49.608,12.8612
Unnamed POI,49.6647,12.9844
Unnamed POI,49.9483,13.3757
minirozhledna,48.9684,14.4215
Rozhledna na Skřivánčím vrchu u Málkova,50.4491,13.3265
Unnamed POI,50.0749,15.0302
Unnamed POI,49.8723,16.3083
Unnamed POI,50.7829,14.6725
Unnamed POI,49.0815,17.3381
Unnamed POI,49.0822,17.3367
Unnamed POI,50.6468,16.0844
Otevřené dveře Nová Ves,50.3515,12.5454
Unnamed POI,50.679,14.4322
Unnamed POI,49.0851,17.2212
Unnamed POI,49.204,16.652
Unnamed POI,50.0803,12.3467
Unnamed POI,49.4623,14.1963
Na Vlčí skále,49.438,14.1984
Unnamed POI,49.4397,14.1961
Unnamed POI,49.4427,14.1973
Unnamed POI,49.4465,14.1907
Unnamed POI,49.4527,14.1923
Unnamed POI,49.455,14.1954
Unnamed POI,49.4573,14.1986
Unnamed POI,49.4592,14.1984
Unnamed POI,48.6121,14.4072
swing_gate,49.6939,17.4813
Unnamed POI,49.1701,17.5633
Unnamed POI,49.4987,18.2392
Pochopova skála,49.3507,16.2837
Pochopova skála,49.3505,16.2835
Sochorská skála,49.3641,16.2829
Unnamed POI,49.6064,12.863
Unnamed POI,50.5556,15.1293
Unnamed POI,49.316,16.485
Vyhlídka Větrovy,49.3908,14.6473
Unnamed POI,50.1701,16.2872
minirozhledna,49.4605,14.3948
Unnamed POI,50.5394,14.7209
Unnamed POI,49.4811,17.4201
Unnamed POI,49.3297,13.6537
Unnamed POI,50.1222,13.3666
minirozhledna,49.1457,14.5393
rozhledna pod lesem,48.9987,15.5001
Unnamed POI,48.9499,16.7388
Unnamed POI,49.2148,16.6347
Unnamed POI,50.5838,14.6708
Unnamed POI,50.0973,14.4364
Vyhlídka u altánku,49.5431,14.6063
Unnamed POI,49.507,14.6044
Unnamed POI,49.4777,14.5182
Unnamed POI,48.9889,15.9912
Unnamed POI,48.99,15.9948
Unnamed POI,48.991,15.9913
Unnamed POI,48.9938,15.9908
Památná lípa na Láni,49.7929,18.1169
Unnamed POI,50.8082,14.5478
Unnamed POI,49.7589,13.3584
Unnamed POI,49.8499,12.8385
Unnamed POI,50.8026,14.0396
Unnamed POI,50.8024,14.0397
Unnamed POI,50.7897,14.0276
Unnamed POI,50.7869,14.031
Unnamed POI,50.7871,14.0304
Unnamed POI,50.7878,14.0279
Unnamed POI,50.7882,14.0276
Unnamed POI,50.786,14.0345
Otova vyhlídka,50.0539,16.6962
Unnamed POI,49.3934,13.2698
Mařenka,49.8326,14.4562
Unnamed POI,48.8177,14.3327
Unnamed POI,49.7514,17.9936
Unnamed POI,49.0619,18.0312
Unnamed POI,49.0664,18.048
Dveře,49.1782,13.2537
Bezděz,50.5949,14.748
Unnamed POI,50.5957,14.7468
Břehyňský rybník a Máchovo jezero,50.5926,14.7518
Orlí hnízdo,49.3523,16.3697
Unnamed POI,49.4195,18.3207
Rozhledna Božka,49.5852,17.3876
Unnamed POI,49.1641,18.07
Unnamed POI,50.6947,13.7216
Unnamed POI,49.4357,18.0177
Unnamed POI,49.2167,15.3824
Unnamed POI,49.151,15.3372
Unnamed POI,49.7729,14.4077
Lesní bar U Krav,49.2432,16.784
Vyhlídka Vladimíra Foltánka,49.2824,16.9461
Vyhlídka u lomu Čertovy schody,49.9172,14.0539
Unnamed POI,49.7442,17.3303
Rozhledna Doubrava,49.1838,17.8729
Unnamed POI,49.788,12.7341
Rozhledna Kochnov,49.6538,14.6567
Unnamed POI,49.6592,14.6833
Unnamed POI,49.2204,16.6678
vyhlídka Karlov,49.1402,14.9985
Unnamed POI,49.2268,16.4717
Unnamed POI,50.6074,13.3968
Unnamed POI,49.9381,14.7214
Unnamed POI,48.6563,14.3655
Unnamed POI,48.6564,14.3652
Unnamed POI,48.6572,14.3662
Unnamed POI,48.6569,14.3669
Vyhlídka pana Šalamouna,48.6538,14.3655
Pod Budinou,50.5799,14.3566
Unnamed POI,50.5745,14.3628
Unnamed POI,49.5004,18.0722
Unnamed POI,49.5182,18.1047
Unnamed POI,50.0402,14.3704
Unnamed POI,49.2351,13.5268
Unnamed POI,49.2202,13.497
Unnamed POI,49.2344,13.487
Unnamed POI,49.7683,12.9267
Unnamed POI,50.6221,14.6785
Unnamed POI,50.1076,14.2668
Unnamed POI,50.7156,14.7008
"Ralsko, Bezděz",50.7157,14.701
Unnamed POI,50.0738,14.3339
Vyhlídka na Kalvárii,50.0667,14.3258
Unnamed POI,50.4465,14.3232
Unnamed POI,49.6611,14.2729
Unnamed POI,49.2953,18.2396
Unnamed POI,49.2954,18.23
Unnamed POI,48.8974,15.8203
Unnamed POI,50.6614,16.2809
Unnamed POI,50.6613,16.2817
Unnamed POI,50.6423,16.3595
Unnamed POI,50.5879,16.3978
Unnamed POI,50.7207,14.8421
Unnamed POI,50.7206,14.8331
Unnamed POI,49.4201,12.9111
Vyhlídka Medvěd,50.7197,15.4487
Unnamed POI,50.4337,15.8132
Vyhlídka,50.3678,12.805
Unnamed POI,50.3672,12.8053
rozhledna Anička,48.9962,15.9274
Unnamed POI,50.4319,15.7982
Unnamed POI,50.4305,15.7936
Unnamed POI,50.4309,15.7951
Unnamed POI,50.088,14.4498
Unnamed POI,50.0936,14.4146
Unnamed POI,49.4014,14.6998
Posed,50.2067,14.341
pidirozhledna,49.0726,14.5145
Unnamed POI,49.5132,14.1712
Vyhlídkové místo na Štramberk,49.5931,18.1209
Vyhlídkové místo Nad vlekem,49.1664,17.8357
Unnamed POI,50.095,14.4191
Rozhledna Kurovický lom,49.2737,17.5201
Heroldova vyhlídka,50.5319,15.033
Unnamed POI,49.6354,13.7045
Okno na Kašperk,49.1714,13.5691
Unnamed POI,50.4743,13.4174
Unnamed POI,50.4755,13.4166
Unnamed POI,50.4762,13.4186
Unnamed POI,50.4751,13.4176
Unnamed POI,50.4763,13.4216
Unnamed POI,50.4753,13.424
Unnamed POI,50.1189,14.4057
Chacharova vyhlídka,49.8461,18.3007
Unnamed POI,50.0818,14.2953
Unnamed POI,50.0945,14.3206
Unnamed POI,48.6216,14.2227
Unnamed POI,50.8586,14.3484
Unnamed POI,50.8584,14.3473
Unnamed POI,50.8586,14.348
Unnamed POI,50.8686,14.3518
Unnamed POI,49.0535,13.7694
Unnamed POI,50.5745,16.1952
Unnamed POI,50.1028,14.9167
Unnamed POI,50.6901,14.1835
Unnamed POI,49.3337,14.2966
Zvičina,50.4549,15.6942
Unnamed POI,49.8903,15.6318
Unnamed POI,49.8864,15.6422
Unnamed POI,50.5941,14.5861
Vyhlídka Ovce,50.7196,15.4475
Vyhlídka Horník,50.7193,15.4465
Unnamed POI,50.2558,17.1511
rozhledna Kupa,49.391,14.3911
Unnamed POI,49.7928,17.6539
Unnamed POI,50.4964,14.0831
Unnamed POI,50.553,15.1758
Unnamed POI,50.553,15.1756
Unnamed POI,50.5311,15.0639
Unnamed POI,50.5312,15.065
Unnamed POI,50.4671,15.296
Unnamed POI,49.9903,14.3539
Unnamed POI,50.7863,15.2311
Buková - viklan,50.7633,15.2434
Unnamed POI,50.0872,14.4496
Unnamed POI,49.9757,14.8756
Holubí skály,50.4417,12.8095
Unnamed POI,49.1092,17.3235
Unnamed POI,49.0153,13.9997
Unnamed POI,49.651,18.1761
Unnamed POI,49.2084,16.7287
Unnamed POI,48.8923,15.8013
Unnamed POI,48.8957,15.8172
Unnamed POI,50.0903,14.4012
Vyhlídka na Plzeň,49.7919,13.3442
Unnamed POI,49.8115,13.3403
Unnamed POI,48.9683,14.4215
Unnamed POI,49.2427,16.6767
Unnamed POI,49.4054,14.6603
Unnamed POI,50.1225,14.409
Hadí skála,49.8773,14.4498
Unnamed POI,50.029,16.1872
Unnamed POI,50.3034,16.3714
Unnamed POI,49.8486,13.6082
Unnamed POI,48.7919,14.1012
Unnamed POI,48.7921,14.1028
Unnamed POI,48.7837,14.1191
Unnamed POI,50.0957,14.4761
Vyhlídka Samuela Šroma,49.1623,17.624
Nová Radnice,49.8417,18.2917
Unnamed POI,49.9691,18.1409
Unnamed POI,50.4394,15.2134
Unnamed POI,48.9054,13.9367
Unnamed POI,50.5138,13.4052
Unnamed POI,50.5191,13.6309
Unnamed POI,50.5201,13.6335
Unnamed POI,50.5511,13.7775
Unnamed POI,50.3523,13.5141
Unnamed POI,49.9892,14.28
Unnamed POI,50.1226,13.9669
Unnamed POI,49.864,14.2713
Unnamed POI,50.1625,13.2823
Unnamed POI,49.2353,13.4872
Unnamed POI,50.3352,13.2907
Unnamed POI,50.3316,13.2859
Unnamed POI,50.3367,13.2667
Karvánka,49.9141,13.529
Unnamed POI,50.1206,14.4503
Vřesník,49.5343,15.2497
Unnamed POI,50.1724,14.7697
Unnamed POI,50.1729,14.7698
Unnamed POI,49.4657,16.6119
Vyhlídkové místo Kamínky,49.4813,16.512
Unnamed POI,50.1537,17.0098
Unnamed POI,49.8522,14.4018
Unnamed POI,49.5604,14.2585
Unnamed POI,50.5921,14.3713
Unnamed POI,49.6177,18.6615
Unnamed POI,49.9796,14.4255
vyhlídková plošina,48.9223,13.9058
Unnamed POI,49.0177,15.5688
Unnamed POI,49.0192,15.5685
Unnamed POI,50.0405,13.8701
Masarykova vyhlídka,50.0352,13.923
Unnamed POI,50.0429,13.923
Unnamed POI,50.0426,13.9238
Unnamed POI,50.0365,13.8753
Unnamed POI,50.0334,13.8728
Unnamed POI,50.5715,14.3854
Unnamed POI,50.8026,14.6863
Unnamed POI,50.784,14.7001
Unnamed POI,50.3209,12.851
Drobošova vyhlídka,50.8062,14.6503
Unnamed POI,50.8048,14.6504
Unnamed POI,50.031,14.3333
Unnamed POI,50.6438,15.1672
Unnamed POI,50.0408,16.4281
Unnamed POI,50.363,13.2078
Unnamed POI,50.3645,13.2089
Unnamed POI,50.7082,15.743
Unnamed POI,49.535,18.7224
Unnamed POI,50.5731,16.1402
Skála smrti,50.2552,17.0542
Unnamed POI,50.1967,12.8245
Unnamed POI,50.1828,12.8321
Unnamed POI,49.2525,16.6579
Unnamed POI,50.5778,14.4381
Unnamed POI,50.5769,14.4444
Unnamed POI,50.0629,14.5041
Unnamed POI,50.6453,15.2199
Unnamed POI,50.6441,15.2197
Unnamed POI,50.6972,13.7063
Unnamed POI,50.4362,14.0136
Unnamed POI,50.0706,14.3549
Unnamed POI,49.7727,13.5882
Unnamed POI,49.2951,14.471
Unnamed POI,49.2958,14.4715
Unnamed POI,49.2441,16.5073
Unnamed POI,50.415,14.5219
Unnamed POI,49.0898,17.6855
Unnamed POI,50.0647,14.4029
Unnamed POI,50.7773,15.0857
Unnamed POI,50.5949,14.0832
Unnamed POI,50.5908,14.0893
Unnamed POI,50.5866,14.0858
Unnamed POI,50.4908,14.6238
Unnamed POI,50.5343,15.2489
Unnamed POI,50.8653,15.0476
Unnamed POI,50.8735,15.0581
Unnamed POI,50.8751,15.0537
Unnamed POI,49.935,18.352
Unnamed POI,50.4164,14.5329
Unnamed POI,48.9941,15.3426
skalní vyhlídka Pavučina,49.9309,13.5573
Treppenstein,50.8598,14.3936
Unnamed POI,50.5679,14.1639
Unnamed POI,50.5709,14.1502
Unnamed POI,49.8593,13.3525
Vyhlídka Na pilíři,49.7306,13.3821
Unnamed POI,50.8843,14.2809
"Varnsdorf, Tolštejn, Hrádek",50.9268,14.6316
Unnamed POI,50.726,15.7728
Unnamed POI,50.719,15.8027
Unnamed POI,50.732,15.8017
Unnamed POI,50.7439,15.8245
Unnamed POI,50.6884,15.8127
Unnamed POI,49.847,14.7822
Unnamed POI,50.1867,12.7499
Unnamed POI,49.2469,14.8884
Unnamed POI,49.2475,14.887
Unnamed POI,49.2138,16.7438
Unnamed POI,50.0215,12.4911
Mufloní vyhlídka,50.461,13.2765
Unnamed POI,50.5958,14.275
Unnamed POI,50.6037,14.2789
Unnamed POI,50.6045,14.2783
Unnamed POI,50.6064,14.2852
Unnamed POI,49.0117,17.0591
Unnamed POI,50.5965,14.254
Unnamed POI,50.5858,14.2615
Unnamed POI,50.585,14.2626
Unnamed POI,50.0808,12.8406
Unnamed POI,49.9773,12.7125
Unnamed POI,49.972,12.7134
Unnamed POI,50.7774,14.1893
Unnamed POI,48.8049,14.2348
Unnamed POI,49.0436,14.1251
Výhled na Teplické skalní město,50.5804,16.1139
Unnamed POI,50.6082,16.4051
Unnamed POI,49.7578,13.3538
Unnamed POI,49.2966,14.4768
Unnamed POI,49.218,15.8812
Unnamed POI,49.4309,16.2314
Unnamed POI,49.3694,16.1575
Unnamed POI,50.788,15.2872
Unnamed POI,50.9114,14.4533
Vyhlídková plošina,49.8742,18.2594
Unnamed POI,50.4347,13.7574
Unnamed POI,49.2143,13.6679
Unnamed POI,49.872,14.4552
Unnamed POI,50.3848,12.9519
Unnamed POI,50.4047,12.9274
Unnamed POI,49.212,13.8533
Unnamed POI,50.514,16.316
Talblick,50.722,13.7769
Unnamed POI,49.5877,13.1972
Unnamed POI,49.3637,16.001
Unnamed POI,50.8488,14.2213
Vyhlídka Bednář,49.8253,14.4501
Mohyla Karla Klostermanna,50.3722,12.8282
Unnamed POI,48.7204,14.7408
Unnamed POI,49.9362,12.5211
Unnamed POI,50.6101,16.1145
Starosta a Starostová,50.6123,16.1132
Unnamed POI,50.2217,12.8509
Unnamed POI,49.2322,16.772
Unnamed POI,50.5077,14.5029
Unnamed POI,50.0821,14.3977
Unnamed POI,49.679,18.8011
Unnamed POI,49.1861,15.204
Unnamed POI,49.1798,15.2208
Unnamed POI,49.2588,15.2542
Unnamed POI,49.2128,15.3277
Unnamed POI,49.2151,15.3404
Nývltova vyhlídka,50.2173,15.9684
Unnamed POI,50.2147,15.967
Zlatý kůň,49.9163,14.066
Unnamed POI,49.457,18.4406
Unnamed POI,49.1382,16.2492
Unnamed POI,50.5448,15.3192
Unnamed POI,50.1174,14.406
Unnamed POI,50.149,12.3993
vyhlídka Boženy Němcové,50.3416,15.9283
Unnamed POI,50.1815,14.5952
Unnamed POI,50.1699,14.5713
Unnamed POI,50.169,14.5563
Unnamed POI,50.1253,15.9451
Unnamed POI,48.8144,14.3206
Unnamed POI,50.0171,14.4893
Unnamed POI,50.3746,12.5497
Kuhberg -  Kraví Hora,48.634,14.3203
Unnamed POI,49.1095,15.4478
Unnamed POI,49.1017,15.4471
Unnamed POI,50.063,14.4203
Unnamed POI,50.0934,14.4052
Unnamed POI,50.2112,16.9334
Vyhlídka sv. Kryštofa,49.0804,17.8725
Unnamed POI,49.1778,17.5805
Unnamed POI,48.8067,16.6512
Vlková,49.8851,14.6032
Unnamed POI,50.0682,14.5544
Sokolova vyhlídka,49.3889,12.8436
Unnamed POI,49.0956,16.483
Unnamed POI,50.0845,14.398
Unnamed POI,50.0855,14.3991
Unnamed POI,50.2466,17.2339
Unnamed POI,50.7632,14.4246
Unnamed POI,50.7616,14.4511
Unnamed POI,49.1116,17.3354
Unnamed POI,50.7753,14.453
Unnamed POI,49.1944,16.0095
Unnamed POI,49.0733,17.4242
Halířova skála,49.1862,16.0159
Unnamed POI,50.4915,15.1355
Unnamed POI,50.5889,14.6324
Unnamed POI,49.6012,12.7295
Unnamed POI,50.4703,14.5276
Unnamed POI,50.659,14.0449
Unnamed POI,49.9807,14.3635
Unnamed POI,49.1889,14.5714
Rossiho vyhlídka,49.5574,16.3111
Unnamed POI,50.7754,15.1691
Unnamed POI,50.1548,14.3871
Unnamed POI,50.6554,16.0019
Unnamed POI,50.0879,14.4533
Unnamed POI,50.32,12.8807
Unnamed POI,50.3168,12.8629
Unnamed POI,50.3176,12.8688
Unnamed POI,49.1822,15.4313
Unnamed POI,49.4093,14.6555
Unnamed POI,50.357,12.6909
Unnamed POI,50.8492,14.3481
U Spáleného mostu,49.2759,15.7779
Vyhlídka Karla Löwa,49.4067,15.62
Unnamed POI,49.5235,18.3977
Unnamed POI,49.9815,14.2021
Vyhlídka Jaruš,50.907,15.2058
Exilvorstand der deutschen Sozialdemokratie 1933 bis 1938,50.0919,14.4492
Unnamed POI,49.1015,13.4833
Unnamed POI,49.6996,13.1878
Unnamed POI,50.7056,14.8023
Unnamed POI,49.7991,12.9025
Ve smrčí,49.1663,14.5544
Unnamed POI,50.1884,12.7012
"Vyhlídková věž ""Vikšejn""",49.8043,17.7732
Unnamed POI,49.6161,18.1973
Unnamed POI,49.3373,15.7411
Unnamed POI,49.0746,17.4954
Unnamed POI,50.1063,13.9291
Vyhlídka Vladimíra Horáka,50.6988,14.0625
Vyhlídka Na Hřebeni,50.701,14.0302
Unnamed POI,48.9603,13.7622
Unnamed POI,49.7218,12.9049
Unnamed POI,50.0671,14.4142
Unnamed POI,50.2726,14.3284
Unnamed POI,49.2796,16.6095
Unnamed POI,50.1041,14.5423
Unnamed POI,49.9168,17.7468
Unnamed POI,50.425,14.6338
Unnamed POI,50.5896,14.4213
Vyhlídka na Jiráskově stezce,50.2069,15.2833
Unnamed POI,49.8264,17.6947
Unnamed POI,49.3712,13.042
Unnamed POI,50.8998,15.1962
Vyhlídka Triangl,50.9115,15.1986
Unnamed POI,50.2772,13.9135
Unnamed POI,50.7985,14.326
Unnamed POI,50.8035,14.3341
Unnamed POI,50.8056,14.3342
Unnamed POI,50.2132,14.4375
Unnamed POI,49.0155,15.2829
Unnamed POI,50.7091,15.0198
Unnamed POI,49.602,14.1963
Unnamed POI,50.2631,17.4312
Unnamed POI,50.067,14.414
Unnamed POI,50.0654,14.4186
Unnamed POI,49.9132,18.3734
Unnamed POI,50.3726,12.5517
Unnamed POI,49.1624,16.5411
Unnamed POI,50.5528,13.5015
Unnamed POI,49.2556,15.7213
Unnamed POI,50.4415,14.5875
Unnamed POI,49.379,16.2616
Unnamed POI,49.6454,17.3522
Unnamed POI,49.438,14.1924
Unnamed POI,50.5304,15.0623
Unnamed POI,50.5251,15.0715
Unnamed POI,50.5253,15.0726
Unnamed POI,50.5338,15.0557
Unnamed POI,50.5321,15.0608
Unnamed POI,50.817,14.2195
Unnamed POI,50.5271,13.7633
Unnamed POI,50.5272,13.7631
Unnamed POI,50.274,17.0513
Unnamed POI,50.527,13.764
Unnamed POI,50.3723,12.9117
Unnamed POI,50.5422,14.3751
Unnamed POI,49.1934,16.6003
Unnamed POI,49.1937,16.6022
Unnamed POI,49.1944,16.5976
Unnamed POI,49.1953,16.5985
Unnamed POI,49.1952,16.5998
Unnamed POI,49.1938,16.5978
Unnamed POI,50.1163,14.2933
Unnamed POI,49.8167,12.8038
Unnamed POI,49.5308,17.7003
Unnamed POI,50.689,14.6699
Unnamed POI,49.7874,18.0866
Unnamed POI,49.692,14.593
Unnamed POI,50.6946,15.0707
Dědova vyhlídka,50.2126,14.8541
Unnamed POI,50.6394,14.0614
Unnamed POI,50.635,14.0713
Unnamed POI,49.8723,15.8176
Unnamed POI,49.8724,15.8162
Unnamed POI,49.8715,15.8145
Unnamed POI,50.3595,14.4994
rozhledna Kelčský Javorník,49.4001,17.7655
Unnamed POI,49.9615,14.2027
Unnamed POI,49.9609,14.1998
Unnamed POI,49.973,14.1442
Unnamed POI,48.7411,14.7393
Unnamed POI,48.7497,14.7371
Unnamed POI,50.2928,16.367
Unnamed POI,49.1512,13.4241
Unnamed POI,49.3572,18.3993
Unnamed POI,49.4032,18.0757
Unnamed POI,48.7538,14.6074
Unnamed POI,50.8317,14.2696
Unnamed POI,50.8308,14.2676
Unnamed POI,50.7941,14.1119
Unnamed POI,50.7957,14.1145
Koňská hlava,50.8,14.1209
Unnamed POI,49.5759,18.1581
Unnamed POI,50.1034,17.2388
Unnamed POI,49.7659,13.0644
Unnamed POI,50.3109,13.2749
fotopoint,49.2917,15.4892
Unnamed POI,49.9428,16.0539
Unnamed POI,49.2872,16.6009
Unnamed POI,50.0972,14.5061
Unnamed POI,49.8705,15.5182
Unnamed POI,50.5874,16.126
Unnamed POI,49.4165,17.7978
Unnamed POI,49.5847,18.118
Unnamed POI,50.6475,14.1808
Unnamed POI,50.6473,14.1829
Unnamed POI,50.647,14.1841
Unnamed POI,49.5028,14.1893
Unnamed POI,49.5458,18.4489
Unnamed POI,49.5456,18.4481
Unnamed POI,49.3559,13.0136
Unnamed POI,49.3545,13.0121
Unnamed POI,49.4619,12.9166
Unnamed POI,50.751,15.2792
Rozhledna Hamštejn,50.6208,15.2409
Unnamed POI,50.0424,14.3681
Unnamed POI,49.512,18.4184
Unnamed POI,50.433,16.0444
Unnamed POI,49.6768,15.3126
Unnamed POI,49.6509,17.8275
Unnamed POI,49.0775,16.098
Unnamed POI,49.6014,16.1647
vyhlídka Vejdoch,49.5361,16.0127
Unnamed POI,50.5631,16.2126
Unnamed POI,49.2163,14.5589
Unnamed POI,48.9208,13.7093
Unnamed POI,50.2606,12.8372
Unnamed POI,49.9663,13.7335
Unnamed POI,50.3189,12.4317
Unnamed POI,50.2475,17.022
Skautská vyhlídka,50.4706,15.2894
Unnamed POI,49.5408,16.4978
Králův stolec,50.5667,14.6862
Unnamed POI,50.4502,15.7108
Unnamed POI,50.319,12.1088
Unnamed POI,49.576,16.2711
Unnamed POI,49.1535,17.0035
Unnamed POI,49.5126,16.5286
Unnamed POI,49.6363,18.2354
Unnamed POI,49.0861,16.3954
Unnamed POI,49.5138,16.5263
Unnamed POI,49.5149,16.5259
Unnamed POI,49.5135,16.5263
Unnamed POI,50.0873,14.4367
Unnamed POI,49.515,16.521
Unnamed POI,50.655,14.3572
Unnamed POI,50.3725,13.9159
Vyhlídková věž kostela sv. Mikuláše,49.5415,15.3592
Unnamed POI,48.7707,14.0461
Unnamed POI,49.681,13.8205
Vyhlídka na vodní nádrž Plumlov,49.468,17.0403
Unnamed POI,50.3753,14.497
Unnamed POI,48.8118,13.9582
Unnamed POI,48.821,13.9531
Mílova vyhlídka,50.529,14.0236
Unnamed POI,49.9162,15.7718
Unnamed POI,49.2347,13.3206
Unnamed POI,50.0807,15.8104
Unnamed POI,49.247,16.6611
Unnamed POI,49.933,17.7715
Vyhlídka zamilovaných,48.8952,15.8189
Čtyři douglasky,49.3548,16.6823
Unnamed POI,48.9074,13.6781
Unnamed POI,49.3413,18.0065
Unnamed POI,49.3422,18.0068
Unnamed POI,50.4672,15.2962
Unnamed POI,49.6484,18.2895
Unnamed POI,49.6436,18.2845
Unnamed POI,49.693,13.3422
Unnamed POI,50.0882,14.4456
Unnamed POI,50.7996,14.4438
Unnamed POI,49.2704,15.2313
Unnamed POI,49.9634,13.3539
Unnamed POI,48.6515,14.2346
Unnamed POI,48.6503,14.2409
Unnamed POI,50.7995,14.1204
Unnamed POI,49.9364,14.1299
Rozhledna nad Šebrovem,49.3348,16.6044
Unnamed POI,49.4209,17.8124
Unnamed POI,49.9603,14.2013
Unnamed POI,49.9605,14.2021
Unnamed POI,49.9576,14.1938
Unnamed POI,49.9579,14.1936
Unnamed POI,49.96,14.1973
Unnamed POI,49.9613,14.2013
Unnamed POI,49.957,14.1922
Unnamed POI,49.793,14.0537
Unnamed POI,50.0789,14.398
Unnamed POI,50.0921,14.3998
Unnamed POI,50.5961,15.2233
Unnamed POI,50.2583,14.976
Unnamed POI,49.3588,16.6256
Unnamed POI,50.244,15.7431
Unnamed POI,50.2431,15.7225
Unnamed POI,50.2329,15.7212
Unnamed POI,50.2204,15.6772
Unnamed POI,50.2319,15.7079
Unnamed POI,50.2739,15.7467
Unnamed POI,50.2733,15.749
Unnamed POI,50.2804,15.6898
Unnamed POI,50.2707,15.6444
Unnamed POI,50.2628,15.7003
Unnamed POI,50.2552,15.7742
Unnamed POI,50.2686,15.7577
Unnamed POI,50.2993,15.8206
Unnamed POI,49.1779,16.0534
Unnamed POI,49.176,16.0524
Unnamed POI,49.1751,16.0519
Unnamed POI,49.1752,16.0487
Dvořákova vyhlídka,49.1718,16.0462
Unnamed POI,49.5936,18.3036
Unnamed POI,49.9904,14.0662
Unnamed POI,48.8496,16.5573
LKPR spotting point,50.1153,14.2788
Unnamed POI,49.5378,16.3317
Unnamed POI,49.6744,18.6869
Unnamed POI,49.2739,15.757
Rufusova vyhlídka,50.5666,14.6846
Unnamed POI,49.8893,14.2227
Hradisko,49.2465,16.6753
Unnamed POI,49.2358,13.6779
Unnamed POI,49.9049,15.6585
Unnamed POI,49.4676,13.1121
Unnamed POI,50.3891,14.2893
Unnamed POI,49.8901,13.8866
Vyhlídka v Holubu,49.274,13.4353
Vyhlídka na Kalvárii,49.2713,13.431
Vyhlídka na Plášti,49.26,13.4388
Unnamed POI,50.564,14.6708
Unnamed POI,50.5534,14.6677
výhled na Helfenburk,50.5815,14.3819
Unnamed POI,49.685,14.8546
Unnamed POI,49.7029,13.8997
Unnamed POI,49.7044,13.9156
Unnamed POI,49.2345,13.7688
Unnamed POI,50.5495,13.4946
Unnamed POI,50.5461,13.4863
Unnamed POI,49.5624,16.525
Unnamed POI,49.562,16.5249
Unnamed POI,49.6255,16.3665
Unnamed POI,49.6212,16.4054
Unnamed POI,49.6238,16.4101
Unnamed POI,49.9206,14.7116
Unnamed POI,49.5564,16.3448
Výhled na Chudobínskou borovici,49.5695,16.2801
Unnamed POI,49.5691,16.2789
Unnamed POI,48.7234,14.6386
Panoráma Jeseníků,49.657,17.0388
Unnamed POI,49.8294,13.5864
Komárova vyhlídka,49.639,13.3753
Unnamed POI,50.26,14.3049
Unnamed POI,49.9317,13.8393
Vyhlídka na řeku Berounku,49.7696,13.4198
Unnamed POI,49.4294,13.2156
Vyhlídka pod Bukovou horou,49.5288,13.5499
Unnamed POI,50.7678,14.3767
Unnamed POI,50.7709,14.3599
Unnamed POI,49.7354,15.8834
Unnamed POI,49.7391,15.8917
Římská věž,49.452,17.5327
Unnamed POI,49.9683,15.2172
Unnamed POI,50.0577,14.9857
Unnamed POI,50.8742,14.2861
Unnamed POI,50.7473,15.5118
Unnamed POI,49.5744,17.6256
Vyhlídka U jelena,49.6215,17.6207
Výhled na Kamenec,49.8825,13.5974
Bývalá rozhledna Vidice,49.6072,12.8285
Unnamed POI,49.8104,12.8551
Unnamed POI,49.811,12.8573
Unnamed POI,50.0118,14.4049
Unnamed POI,48.8615,16.088
Unnamed POI,50.2246,15.5508
Unnamed POI,50.2141,17.0132
Laďova vyhlídka,50.2094,17.0299
Unnamed POI,49.857,13.3718
Unnamed POI,49.5775,17.6397
Unnamed POI,49.2182,17.4805
Planýrka,49.2168,16.612
Vyhlídka TGM,49.5173,16.5119
Unnamed POI,50.8498,14.2151
Unnamed POI,49.2925,14.127
Unnamed POI,49.9735,14.1448
Unnamed POI,49.5922,18.1162
Unnamed POI,49.5908,18.1229
Unnamed POI,49.2531,16.5597
Unnamed POI,50.6698,15.6892
Unnamed POI,50.253,14.4225
Unnamed POI,49.4224,17.8437
Vyhlídka Barborka,49.2665,17.8286
Unnamed POI,48.8594,14.4764
Unnamed POI,50.5801,14.392
Unnamed POI,50.5717,14.3892
Unnamed POI,49.5591,17.1698
Unnamed POI,50.7169,14.7159
Všekarská vyhlídka,49.6079,13.0447
Unnamed POI,49.9176,18.2877
Unnamed POI,50.0729,14.3989
Unnamed POI,50.8518,14.5219
Unnamed POI,50.654,15.918
Unnamed POI,50.6513,15.9251
Unnamed POI,49.2011,16.5878
Unnamed POI,49.1814,16.5497
Unnamed POI,49.2242,16.6669
Unnamed POI,49.2652,16.5372
Unnamed POI,49.6608,16.5123
Unnamed POI,50.8149,14.3637
Unnamed POI,50.8198,14.3672
Unnamed POI,49.2316,16.6444
Unnamed POI,49.2028,16.5691
Unnamed POI,49.2034,16.569
Vyhlídka Jaroslava Kuby,50.4933,15.2573
Unnamed POI,49.0416,17.9126
Unnamed POI,49.5129,16.5249
Unnamed POI,48.8405,16.5158
Unnamed POI,49.9501,14.1037
Unnamed POI,49.9459,14.0928
Maxova bouda,50.6612,15.8494
Unnamed POI,50.6593,15.8575
Unnamed POI,48.8085,16.6499
Unnamed POI,50.0804,16.2961
Unnamed POI,50.0719,16.3065
Unnamed POI,49.0281,17.0637
Unnamed POI,50.4088,13.0647
Unnamed POI,49.2673,17.0047
Unnamed POI,49.301,16.9435
Unnamed POI,50.5994,15.2197
Unnamed POI,50.5937,15.2248
Unnamed POI,50.1773,16.3193
Unnamed POI,50.7347,14.4381
Unnamed POI,49.1905,16.6756
Unnamed POI,50.7947,14.0444
Unnamed POI,49.5643,13.4958
Unnamed POI,50.4414,13.9034
Unnamed POI,50.5246,14.653
Unnamed POI,50.6606,14.2515
Unnamed POI,50.4912,14.6243
Unnamed POI,50.4901,14.6204
Unnamed POI,50.4903,14.6202
Unnamed POI,49.9711,14.1351
Unnamed POI,50.081,12.3662
Unnamed POI,49.3994,17.8831
Unnamed POI,50.7521,15.5834
Unnamed POI,50.7684,15.5486
Unnamed POI,48.7949,14.6817
Unnamed POI,50.1214,13.266
Unnamed POI,50.1207,13.2671
Unnamed POI,49.2494,16.6613
Louka nad Husovou,49.2497,16.6627
Unnamed POI,50.2026,12.2467
Unnamed POI,49.2212,16.5394
Unnamed POI,49.3767,13.086
Unnamed POI,49.0164,13.9846
Unnamed POI,49.0916,18.0278
Unnamed POI,50.3632,13.3003
Chalupníkova lavička,49.559,16.3272
Unnamed POI,50.1463,17.2672
Orlí skála,49.7232,17.7316
Unnamed POI,50.2312,14.0935
Vyhlídka Šibeňák,50.646,15.2591
Unnamed POI,49.0747,14.4526
Unnamed POI,49.3038,16.485
Unnamed POI,49.6516,18.7559
Unnamed POI,49.0466,16.3185
Unnamed POI,48.8868,14.5442
Unnamed POI,48.8335,14.2968
Unnamed POI,48.8318,14.2901
Unnamed POI,49.1145,15.026
Unnamed POI,49.4251,17.9004
Unnamed POI,49.4223,17.8968
Unnamed POI,48.8758,16.8863
Vyhlídka na samotě u lesa,48.7506,14.3055
Unnamed POI,49.2244,15.3368
Unnamed POI,49.2202,15.3359
Unnamed POI,49.21,15.3031
Unnamed POI,49.2015,15.3186
Unnamed POI,50.0015,13.6555
Unnamed POI,50.085,13.7383
Unnamed POI,49.9317,13.668
Unnamed POI,50.2488,14.4258
Unnamed POI,48.9903,15.3549
Unnamed POI,49.1292,16.2702
Unnamed POI,49.5213,18.6097
Unnamed POI,49.8815,14.3951
Horka,48.9367,15.7178
Unnamed POI,48.9336,15.7016
Výří skála,48.9354,15.7082
Unnamed POI,48.9331,15.7425
Unnamed POI,48.782,14.413
Unnamed POI,50.1213,13.455
Unnamed POI,50.3203,12.8782
Unnamed POI,50.3201,12.8785
Unnamed POI,48.9426,15.7029
Unnamed POI,49.4463,18.2792
Unnamed POI,49.4467,18.2834
Unnamed POI,50.0284,13.7083
Unnamed POI,49.9456,13.7088
Unnamed POI,50.188,12.7502
Unnamed POI,50.183,12.7561
Unnamed POI,49.8903,13.8871
Unnamed POI,49.2327,16.5195
Unnamed POI,49.577,18.1434
Unnamed POI,50.863,14.3214
Unnamed POI,49.5743,18.5382
Unnamed POI,50.7891,14.4926
Unnamed POI,49.3058,16.0376
Unnamed POI,49.4608,16.3438
Unnamed POI,49.9936,14.6529
Unnamed POI,50.7199,15.4491
Unnamed POI,49.1509,13.4244
Unnamed POI,50.6303,14.606
Unnamed POI,50.6872,14.8158
Unnamed POI,49.5373,18.847
Unnamed POI,49.5437,18.8499
Unnamed POI,49.5476,18.8552
Unnamed POI,49.5262,18.1457
Unnamed POI,49.4999,18.6235
Unnamed POI,49.4996,18.6153
Unnamed POI,49.5013,18.6144
vyhlídka Miloše Formana,50.5871,14.637
Unnamed POI,49.5635,18.6668
Unnamed POI,49.5632,18.6598
Unnamed POI,49.5633,18.648
Unnamed POI,49.1546,17.7633
Unnamed POI,50.0568,16.6883
Unnamed POI,50.3844,13.1782
Unnamed POI,50.0973,14.4364
Unnamed POI,50.3678,13.1525
Unnamed POI,49.1895,15.4494
Unnamed POI,50.2198,12.8406
Unnamed POI,49.1331,16.2538
Unnamed POI,49.5158,15.2024
Unnamed POI,50.0434,14.3845
Rozhledna Babylon,50.1159,14.3202
Unnamed POI,49.4197,18.3206
Unnamed POI,49.4197,18.3206
Unnamed POI,49.7162,12.9956
Unnamed POI,49.7526,13.0144
Unnamed POI,49.3836,17.9658
Unnamed POI,49.6547,16.1175
Unnamed POI,50.6825,15.9168
Unnamed POI,49.3031,17.3711
Unnamed POI,49.7601,17.7198
Unnamed POI,49.7598,17.72
Unnamed POI,50.6361,15.7053
Unnamed POI,50.6346,15.6998
Unnamed POI,49.7496,18.4759
Unnamed POI,51.0234,14.3701
Unnamed POI,50.8455,14.4226
Urbanečský vrch,49.0426,15.4171
Unnamed POI,51.0288,14.3038
Unnamed POI,49.0748,16.4181
Unnamed POI,49.636,18.5554
Unnamed POI,49.6246,18.5602
Unnamed POI,49.5434,18.5655
Unnamed POI,49.5552,18.5594
Unnamed POI,49.5556,18.5555
Unnamed POI,49.5466,18.5638
Unnamed POI,50.8464,14.351
Šelenburk,50.0689,17.7277
Unnamed POI,50.0813,17.7216
Unnamed POI,49.7769,15.5694
Unnamed POI,50.5567,14.58
Unnamed POI,50.5567,14.5802
Unnamed POI,50.5698,14.5883
Unnamed POI,50.0779,17.7202
Vyhlídka na Červenou Vodu,50.0457,16.7526
Unnamed POI,49.9785,12.6987
Unnamed POI,48.8204,15.9729
Unnamed POI,48.8192,15.9737
Unnamed POI,49.9534,17.9524
Unnamed POI,48.657,14.1775
Unnamed POI,49.7111,18.4638
Unnamed POI,48.8248,14.5172
Unnamed POI,50.1253,13.4669
Unnamed POI,50.8353,14.3437
Unnamed POI,50.8465,14.3503
Unnamed POI,48.844,17.0871
Unnamed POI,49.6367,18.3444
Unnamed POI,50.3899,13.0105
Unnamed POI,50.4183,16.1618
Unnamed POI,49.0525,16.3188
Unnamed POI,50.7354,15.7406
Unnamed POI,49.2816,16.4033
Unnamed POI,49.5635,16.5474
Unnamed POI,49.286,16.4166
Unnamed POI,49.0517,16.3219
Unnamed POI,49.284,16.4142
Unnamed POI,50.4529,16.1221
Unnamed POI,49.0694,16.3276
Unnamed POI,50.1058,17.1914
Unnamed POI,50.4381,14.5768
Unnamed POI,49.9919,16.9736
Vyhlídka Fénix,50.8742,14.2861
Unnamed POI,50.8704,14.351
Vyhlídka Pohoří,49.3503,13.1488
Unnamed POI,49.9372,14.0509
Unnamed POI,49.938,14.0511
Unnamed POI,49.9387,14.0512
Unnamed POI,49.9384,14.051
Unnamed POI,49.9377,14.0511
Unnamed POI,49.9375,14.051
Unnamed POI,50.5038,14.4822
Oskarova vyhlídka,49.9689,13.7812
Na Floriánu,49.8496,13.6076
Unnamed POI,49.418,18.028
Strážná,49.5616,16.9716
Unnamed POI,49.4167,16.4107
Unnamed POI,49.4512,16.5849
Unnamed POI,49.4506,16.5854
Unnamed POI,49.4518,16.5872
Unnamed POI,49.4581,16.5852
Vyhlídka na Janečku,50.6304,15.3173
Unnamed POI,50.7082,15.1611
Unnamed POI,50.5296,15.1278
Unnamed POI,49.4702,17.0197
Unnamed POI,48.8975,14.5091
Unnamed POI,49.3034,16.4846
Unnamed POI,50.0783,13.2156
Unnamed POI,50.0802,13.2158
Unnamed POI,49.359,13.0476
Unnamed POI,48.9046,14.5003
Unnamed POI,48.9057,14.5042
Unnamed POI,50.4934,15.4454
Unnamed POI,48.8863,17.68
Unnamed POI,50.2229,12.9064
Unnamed POI,50.2141,12.8943
Fotopoint SRDÍČKO Vršovice,49.8825,17.9387
Unnamed POI,50.9105,15.082
Unnamed POI,49.111,17.7596
Unnamed POI,50.1027,14.5859
Unnamed POI,49.937,14.3663
Unnamed POI,51.0045,14.288
Unnamed POI,49.7432,17.4438
Unnamed POI,49.3889,14.6488
Unnamed POI,49.6966,15.2796
Unnamed POI,49.6968,15.282
Unnamed POI,49.7249,15.2697
Unnamed POI,49.7586,13.5649
Unnamed POI,49.2641,16.439
Unnamed POI,49.9592,13.9625
Unnamed POI,49.9592,13.9628
Unnamed POI,50.1414,13.0364
Unnamed POI,49.9705,14.1373
Skála Rozloučení,50.042,14.4129
Unnamed POI,49.9475,14.297
Unnamed POI,50.884,14.275
Unnamed POI,49.3706,14.1434
rozhledna Vrchovina,50.6455,15.0753
Unnamed POI,50.6472,13.646
Unnamed POI,48.8115,16.6582
Unnamed POI,49.5311,18.7909
LOVEčka,49.6174,18.1881
Unnamed POI,50.0816,13.6308
Unnamed POI,49.6993,13.3504
Unnamed POI,49.3034,16.5444
Unnamed POI,49.6901,13.8404
Unnamed POI,50.735,15.7408
Unnamed POI,50.7003,15.7681
Unnamed POI,50.6939,15.7644
Unnamed POI,50.0658,13.7847
Unnamed POI,49.3096,16.6021
Unnamed POI,49.2163,16.9157
Unnamed POI,49.6934,13.4152
Alžbětina vyhlídka,50.4537,15.7072
Unnamed POI,49.1141,14.154
Unnamed POI,48.9864,17.215
Unnamed POI,49.719,13.5859
Unnamed POI,49.6498,13.891
Okklania,50.2797,16.4699
Unnamed POI,48.9294,16.8168
Unnamed POI,50.2109,12.8083
Unnamed POI,50.2111,12.8087
Unnamed POI,49.233,16.574
Unnamed POI,49.2331,16.5746
Unnamed POI,49.7503,13.7428
Unnamed POI,49.6662,13.3214
Unnamed POI,49.9751,16.5407
Unnamed POI,49.5478,13.0387
Unnamed POI,49.8876,13.7479
Unnamed POI,49.3945,16.6736
vyhlídka Cyrila Boudy,50.4896,15.4864
Unnamed POI,50.7595,15.2949
Unnamed POI,50.1985,17.3528
Vyhlídka na Šmahlířce,49.3814,15.3565
Unnamed POI,50.6499,15.0088
Unnamed POI,49.62,18.2302
Unnamed POI,49.3762,13.175
Unnamed POI,49.7581,14.2262
Unnamed POI,49.5528,18.301
Unnamed POI,49.6317,13.6342
Unnamed POI,48.8039,14.2932
Unnamed POI,49.9693,13.7885
Unnamed POI,50.0799,17.7264
Unnamed POI,49.3767,15.3976
Unnamed POI,49.3075,16.423
Unnamed POI,50.1801,14.3551
Unnamed POI,49.6265,17.4629
Unnamed POI,50.2476,12.5575
Amorova vyhlídka,49.3552,16.3492
Unnamed POI,49.3556,16.3495
Unnamed POI,50.659,15.1693
Unnamed POI,50.1782,14.502
Unnamed POI,49.3876,13.1757
Vyhlídka na střeše Krajského úřadu,50.7632,15.0535
Unnamed POI,50.0801,15.8114
Unnamed POI,50.0802,15.8113
Unnamed POI,49.5467,18.4975
Unnamed POI,49.5517,18.4962
Návarovská vyhlídka,50.6782,15.3167
Na Poledník,49.0525,13.4448
Výšina sv. Metoděje,49.059,17.4703
Unnamed POI,49.0603,17.4709
Unnamed POI,49.0738,17.4925
Unnamed POI,49.076,17.4903
Unnamed POI,49.075,17.4909
Unnamed POI,49.076,17.4947
Unnamed POI,49.0718,17.4885
Unnamed POI,50.6513,13.9419
Unnamed POI,49.684,17.5674
Unnamed POI,49.6866,17.5692
Unnamed POI,49.0586,17.4697
Unnamed POI,49.4359,18.2189
Matějčkova vyhlídka,48.7403,14.422
Unnamed POI,50.849,14.6595
Unnamed POI,50.6143,16.1242
Rozhledna Mařský vrch,49.0728,13.8479
Rozhledna Libín,48.9788,14.0118
rozhledna Christiana Battaglii,49.3751,13.8139
Unnamed POI,49.3005,16.4083
Unnamed POI,48.9182,14.4715
Unnamed POI,49.7649,13.4153
Unnamed POI,49.77,13.4196
Unnamed POI,50.1405,14.3941
Pětikostelní kámen,50.8424,14.603
Unnamed POI,49.4737,13.227
Unnamed POI,50.4795,15.2469
Unnamed POI,49.4327,13.2029
Unnamed POI,49.4308,13.2042
Unnamed POI,48.9728,14.4698
Unnamed POI,49.5965,18.6695
Unnamed POI,49.416,13.2011
Unnamed POI,49.6455,17.5014
Unnamed POI,50.5819,14.0651
Unnamed POI,50.3416,13.7854
Unnamed POI,50.753,14.2274
Unnamed POI,50.7576,14.2292
Unnamed POI,50.7496,14.2257
45-135,50.7339,14.2437
Unnamed POI,50.7316,14.2436
Unnamed POI,49.639,13.5314
Unnamed POI,49.0227,15.2311
Unnamed POI,49.9438,16.2251
Unnamed POI,49.9462,16.2164
Unnamed POI,49.3883,13.0843
Unnamed POI,49.3924,13.0797
Unnamed POI,49.4071,13.0477
Unnamed POI,49.5675,13.7774
Bílá skála,49.5773,13.8434
U Drtiče,49.5747,13.8441
Unnamed POI,49.265,16.4014
Unnamed POI,50.4782,14.4721
Unnamed POI,49.4814,16.6616
Vyhlídka na Baštu,49.4815,16.6615
Unnamed POI,49.4817,16.6619
Unnamed POI,49.4815,16.6621
Unnamed POI,49.4816,16.6621
Unnamed POI,49.6955,13.9443
Unnamed POI,49.2963,16.6566
Unnamed POI,49.2572,17.0053
Unnamed POI,50.4172,13.8208
Unnamed POI,50.4195,13.8239
Unnamed POI,49.6473,13.7309
Unnamed POI,49.6329,13.712
Unnamed POI,49.2547,18.0412
Unnamed POI,50.1497,12.5821
Unnamed POI,50.7352,14.3698
Kostelní věž,50.1499,12.5358
Unnamed POI,50.1444,12.5349
Unnamed POI,50.1703,12.608
Unnamed POI,48.9199,14.1235
Unnamed POI,50.8731,14.2534
Unnamed POI,50.7883,14.2372
Unnamed POI,49.6827,12.6685
Minirozhledna Rumovka,49.5211,13.5284
vyhlídka,49.2251,15.8378
Unnamed POI,50.8388,14.5772
Jelení kámen,50.839,14.5866
Unnamed POI,50.8373,14.5912
Unnamed POI,50.9449,14.5245
Modulární Vyhlídka,50.0672,14.4054
Unnamed POI,49.3817,12.847
Unnamed POI,50.3702,13.1037
Unnamed POI,49.9488,13.5868
Unnamed POI,50.8032,14.2456
Unnamed POI,50.8022,14.2447
Unnamed POI,50.8094,14.2618
Unnamed POI,50.3608,13.0997
Unnamed POI,48.8406,17.4391
Unnamed POI,48.8415,17.4444
Unnamed POI,49.3524,16.42
Unnamed POI,49.5845,18.1174
Unnamed POI,49.8822,13.5701
Unnamed POI,50.3683,13.1513
Unnamed POI,49.6552,13.8186
Unnamed POI,49.656,13.8088
Unnamed POI,49.6538,13.8472
Rozhledna Pancíř,49.1779,13.2538
Unnamed POI,49.2996,13.0664
Unnamed POI,50.3699,13.101
Unnamed POI,50.3699,13.101
Unnamed POI,50.2183,12.9017
Unnamed POI,50.218,12.9029
Unnamed POI,49.7091,14.8829
Unnamed POI,49.7475,13.6768
Unnamed POI,49.7687,13.3438
Unnamed POI,50.5671,13.9729
Unnamed POI,50.5317,13.9519
Unnamed POI,50.5315,13.9506
Rozhledna Milešovka,50.5548,13.9312
Unnamed POI,49.6178,14.2381
Unnamed POI,49.5133,18.5863
Vyhlídka Antonína Bárty,49.5255,13.6653
Unnamed POI,49.6208,14.2381
Unnamed POI,49.6501,14.2488
Unnamed POI,50.0243,13.8431
Unnamed POI,50.0192,13.8608
Unnamed POI,49.3584,16.4125
Unnamed POI,49.3593,16.4121
Jižní vyhlídka,49.8582,13.7612
hledisko,50.6545,15.7473
hledisko,50.6556,15.7456
Unnamed POI,49.1813,16.5547
Unnamed POI,49.0289,16.4207
Unnamed POI,49.0682,16.4622
Unnamed POI,49.3855,16.5212
Unnamed POI,49.9449,15.2621
Unnamed POI,50.7807,14.1905
Unnamed POI,50.7864,14.1579
Unnamed POI,50.211,12.9989
Unnamed POI,50.2294,12.9707
Výhled na Vlašim,49.725,14.8453
Unnamed POI,50.0385,14.4816
Unnamed POI,49.349,16.4415
Unnamed POI,49.3623,13.6177
Unnamed POI,50.0314,13.8689
Unnamed POI,49.6112,15.4127
Unnamed POI,50.0043,16.6848
Unnamed POI,50.8751,14.3306
Unnamed POI,50.8715,15.2576
Unnamed POI,50.9073,15.2514
Unnamed POI,50.7701,15.55
Unnamed POI,49.9394,14.2641
Unnamed POI,50.5118,15.2346
Unnamed POI,49.6414,17.2001
Petřínská rozhledna,50.0835,14.3951
Svatomikulášská městská zvonice,50.0878,14.4036
Prašná brána,50.0872,14.4278
rozhledna Jedlová,50.8567,14.5604
Babylon,49.1272,16.1488
Tribuna T2,49.203,16.4438
Tribuna T3,49.2024,16.4458
Rozhledna Veselý vrch,49.7448,14.3432
Bolfánek,49.4596,13.1626
Kozí hrádek,48.8095,16.6381
Rozhledna na Kostelíčku,49.2094,15.8735
Pípalka,49.4036,15.327
Karasín,49.5582,16.279
Valdická brána,50.4367,15.3534
Šance,49.8505,17.9159
rozhledna císaře Františka Josefa I.,49.3802,17.7018
Tyršova rozhledna,50.085,16.4571
Rozhledna Diana,50.219,12.8723
vyhlídka Karla IV.,50.2163,12.8805
Burianova rozhledna,49.517,16.5136
Vlkova věž,48.8536,16.0513
Radniční věž,48.8555,16.0488
Pražská brána,50.3515,14.476
Rozhledna Brdo,49.1707,17.3082
Zlatý Chlum,50.2381,17.2375
Kamenná Hláska,50.4256,14.2593
Oslednice,49.1804,15.4681
Rozhledna Královka,50.7921,15.1575
Hamelika,49.9721,12.7095
Rozhledna Městská Hora,49.9626,14.0651
rozhledna Chlum,49.7673,13.4305
Bukovanský mlýn,49.0403,17.0912
Unnamed POI,48.9971,15.3526
Rozhledna Havran,49.7432,12.4092
Rozhledna Panorama,50.6489,15.752
Lichtensteinova rozhledna,50.0821,17.7225
rozhledna Fajtův kopec,49.36,16.0261
Rozhledna Bílá hora,49.5943,18.1264
rozhledna Babí lom,49.3051,16.5761
Cyrilka,49.4849,18.2612
Erbenova vyhlídka,50.6787,14.0509
Rozhledna Suchý vrch,50.0522,16.6896
Bismarckova rozhledna,50.0708,12.3064
Unnamed POI,50.3906,16.9027
Hardegger Warte,48.8574,15.861
rozhledna Semněvice,49.6011,12.9272
Rozhledna Kopanina,50.6597,15.1647
Unnamed POI,49.3336,15.726
Rozhledna na Hraničním vrchu,50.1718,17.6043
Rozhledna na Hraničním vrchu,50.1717,17.6041
Rozhledna Bramberk,50.7563,15.2059
Unnamed POI,49.2252,17.0312
vyhlídková věž,49.6341,17.3404
Černá věž,49.3947,13.2928
Víťova rozhledna,50.6495,14.2767
Helfenburk,50.5792,14.3842
Rozhledna Nisanka,50.7309,15.2142
Vyhlídková vež Gloriet,49.9952,14.5572
Rozhledna Velký Chlum,50.7476,14.2283
Rozhledna Ládví - Vlková,49.8869,14.6125
Unnamed POI,49.2648,14.6944
Rýzmberk,49.407,13.031
Poledník,49.0641,13.3951
Rozhledna Tetřev,49.5107,18.6964
Biskupská kupa (rozhledna),50.2567,17.4286
Rozhledna Velká Buková,50.0325,13.838
Rozhledna Zdenička,49.2171,17.2825
Schillerova rozhledna,50.1722,13.4299
Alexandrova rozhledna,49.2979,16.6727
Unnamed POI,49.4775,16.1719
Unnamed POI,49.2148,15.8798
Rozhledna Dubecko,50.5836,15.2226
rozhledna Milíř,50.1543,15.8336
Korytňanská rozhledna,48.9141,17.6702
Rozhledna Na Vrších,49.8461,13.5757
Vyhlídka u hrušky,49.2334,17.9152
Komáří vížka,50.7066,13.8565
Rozhledna na Svatém kopečku,50.3841,13.2578
Rozhledna Velký Kosíř,49.5483,17.0619
Rozhledna Maják J. Cimrmanna,50.7399,15.3454
Žernovská rozhledna,50.4302,16.052
rozhledna Eliška,50.6294,15.9112
Rozhledna na Vrátenské hoře,50.477,14.6516
Rozhledna Žernovník,49.4052,16.5405
Rozhledna Nová Ves,49.9961,17.2657
Rozhledna Děd,49.9676,14.0342
Kaňk,49.9707,15.2849
rozhledna Chanovice,49.4067,13.7107
Na Strážné,49.2554,17.596
Rozhledna Čížovka,50.4823,15.0859
Na Podluží,48.8629,16.9674
Radniční věž,50.087,14.4207
Rozhledna Hráběcí,49.0196,17.5948
Rozhledna Velký Blaník,49.6419,14.8732
Studený vrch,49.8051,14.0832
Štramberská trúba,49.5924,18.1162
Rozhledna Žalý,50.6582,15.5724
rozhledna Semenec,49.2306,14.4101
Milešovka,50.5548,13.9313
Rozhledna Vitčice (Štátula),49.303,17.2381
Vyhlídková věž,49.1945,16.6
Vyhlídka královny Karoly,49.9785,12.6987
Rozhledna Rumburak,48.9434,15.7148
rozhledna Boubín,48.9912,13.8174
Vyhlídková věž Horšovský Týn,49.5354,12.9384
Unnamed POI,49.4113,14.6557
rozhledna Slovanka,50.7733,15.1963
rozhledna Vysoký Kamýk,49.2313,14.2972
Rozhledna Kozákov,50.5944,15.2631
Klínovec,50.3959,12.9679
Stradonka,50.3724,13.9713
Kratochvílova rozhledna,50.4217,14.2611
Pozorovací lávka u Lučních rybníků,50.2138,12.8542
Rozhledna na Senecké hoře,50.0595,13.7253
Tribuna T5,49.2026,16.4451
Tribuna,49.2036,16.4595
Tribuna,49.2039,16.4594
Tribuna T1,49.2075,16.4541
Pastýřka,49.7461,16.6645
Rozhledna Krásenský vrch,50.1016,12.7864
Rozhledna Sněžník,50.793,14.1085
Vartovna,49.27,17.9388
Unnamed POI,50.0284,15.1801
Unnamed POI,50.0798,12.36
Rozhledna Vinice,50.0777,14.7304
rozhledna Kraví hora,48.7309,14.7199
Rozhledna na Kotli,49.7118,13.5958
Rozhledna Mokrá-Horákov,49.2231,16.755
rozhledna Svákov,49.2664,14.6948
Rozhledna Kopaninka,49.4611,16.8784
Kaple Nejsvětější Trojice,49.9156,18.2691
Veselská rozhledna,49.6431,17.8093
Klucanina rozhledna,49.3467,16.4405
Rozhledna Hořidla,50.5408,14.2681
Rozhledna U Zámečku,50.5168,14.0582
rozhledna,49.2007,17.3857
Pepř,49.8871,14.4832
Rozhledna Jeřabina,50.6128,13.521
Vyhlídková věž kostela,49.3952,15.593
Rozhledna Velký Roudný,49.8912,17.5226
Rozhledna U Marešů,49.7788,16.1064
Špulka,49.7935,14.8258
Pozorovatelna Durch,49.1467,18.0791
Rozhledna Hradišť,50.3956,14.7068
Staroměstská mostecká věž,50.0862,14.4136
Malostranská mostecká věž,50.0873,14.4069
Ruprechtický Špičák,50.6611,16.2814
rozhledna Romanka,50.2538,15.0827
Rozhledna na Šibeníku,50.3629,16.2546
rozhledna Krudum,50.1375,12.7292
Unnamed POI,50.0513,14.3894
Unnamed POI,50.0496,14.395
Rozhledna Velký Lopeník,48.9167,17.7826
Rozhledna U Cyrila Bureše,49.1339,18.0384
Rozhledna Maruška,49.3659,17.8284
Strážný vrch,49.7862,16.5828
Střekovská vyhlídka,50.6525,14.0604
rozhledna Bučina,50.256,13.0044
Rozhledna Dalibor,48.8702,16.7497
vyhlídka na Harrachov,50.7623,15.4308
Unnamed POI,50.5185,13.6075
Toulovcova rozhledna,49.8145,16.1634
rozhledna Tanečníce;rozhledna Tanečnice,50.9661,14.32
Drtinova rozhledna,49.7645,14.3764
Boží vyhlídka,50.4054,12.9325
rozhledna Hradiště - Závist,49.9623,14.408
Rozhledna,50.3014,16.3977
Rozhledna Slatina,49.8032,17.9843
Křivoš,49.373,16.3715
Unnamed POI,49.5398,15.36
Svatobor - rozhledna,49.2355,13.4875
Vyhlídková věž kostela sv. Jiljí,49.0513,15.8088
Unnamed POI,50.2296,12.8783
rozhledna Salaš,49.1428,17.3522
Zuberský kopec,49.7815,15.8018
Langova rozhledna,49.5591,14.2379
Dalimilova rozhledna,50.1952,16.9806
Unnamed POI,50.6926,15.7764
Unnamed POI,49.7441,13.3871
Rozhledna Dobrá Voda,48.7724,14.0326
Unnamed POI,50.0118,14.4046
Korunka,49.9159,14.298
Unnamed POI,49.5447,15.3825
Unnamed POI,50.1548,14.3874
rozhledna Landek,49.8677,18.2728
Podhledna Svinná,49.8941,16.3889
Unnamed POI,49.6438,17.2017
Unnamed POI,50.3223,14.9975
rozhledna Vochlice,50.1524,13.3169
gloriet Klobouk,49.4083,12.9934
Rozhledna Na Kopečku,49.9163,15.5558
Rozhledna Šiška,50.079,14.3569
Spešovská rozhledna,49.4012,16.6091
Rozhledna Dymník,50.941,14.5251
Unnamed POI,50.0006,16.2008
Ploučnická vyhlídka,50.737,14.3084
Rozhledna Ježník,50.097,17.631
vyhlídka Na Cihelně,49.6908,13.1202
Unnamed POI,49.5891,13.0731
Rozhledna Vysoká,49.9426,15.1896
Výhledna Bořanovice,50.1789,14.4686
Barborka,49.9636,15.6367
Rosička,49.5385,15.8426
Rozhledna Liberecká výšina,50.7782,15.0917
Čebínka,49.3199,16.4847
Přístřešek s ochozem Zamčiska,49.6111,18.7373
Ptačí pozorovatelna Girov,49.606,18.737
Rozhledna Březinka,49.6258,12.812
Unnamed POI,50.0476,14.391
Rozhledna Floriánka,49.0378,17.3264
Rozhledna Lhotka,49.996,14.1074
Unnamed POI,50.0996,14.4401
Rozhledna Zlobice,49.3221,16.5184
Horní les,49.5908,16.341
Súsedská,49.0264,17.1919
