name,lat,lon,darkness_value,falchi_category,reachable_from_city,addr_city
Krásná Máří,50.8524,15.182,0.13954967260360718,Modrá (Mírné znečištění),Liberec,Unknown
Tolštejn,50.8569,14.5817,0.13970156013965607,Modrá (Mírné znečištění),Liberec,Unknown
Unnamed POI,50.8322,14.6501,0.12811818718910217,Modrá (Mírné znečištění),Liberec,Unknown
Holubník,50.8407,15.1835,0.1348344385623932,Modrá (Mírné znečištění),Liberec,Unknown
Ptačí kupy,50.847,15.1737,0.14267100393772125,Modrá (Mírné znečištění),Liberec,Unknown
Unnamed POI,50.8206,14.4624,0.129509836435318,Modrá (Mírné znečištění),Liberec,Unknown
Unnamed POI,50.8081,14.7466,0.14146754145622253,Modrá (Mírné znečištění),Liberec,Unknown
Unnamed POI,50.8307,15.2216,0.12352669984102249,Modrá (Mírné znečištění),Liberec,Unknown
Čertův odpočinek,50.8245,15.213,0.13225889205932617,Modrá (Mírné znečištění),Liberec,Unknown
Šikmá věž,50.4629,15.2904,0.14626269042491913,Modrá (Mírné znečištění),Liberec,Unknown
Pechova vyhlídka,50.4667,15.2868,0.14626269042491913,Modrá (Mírné znečištění),Liberec,Unknown
vyhlídka Míru,50.4666,15.2912,0.14626269042491913,Modrá (Mírné znečištění),Liberec,Unknown
vyhlídka Českého ráje,50.4667,15.2897,0.14626269042491913,Modrá (Mírné znečištění),Liberec,Unknown
Hlaholská vyhlídka,50.467,15.2957,0.15158526599407196,Modrá (Mírné znečištění),Liberec,Unknown
Všetečkova vyhlídka,50.4677,15.2906,0.14626269042491913,Modrá (Mírné znečištění),Liberec,Unknown
Vyhlídka pražského pěveckého sboru Křížkovský,50.4664,15.2992,0.15158526599407196,Modrá (Mírné znečištění),Liberec,Unknown
Hradčanská vyhlídka,50.6179,14.6976,0.1396275758743286,Modrá (Mírné znečištění),Liberec,Unknown
Unnamed POI,50.747,15.3657,0.14017432928085327,Modrá (Mírné znečištění),Liberec,Unknown
Bílá skála,50.7396,15.3753,0.13165071606636047,Modrá (Mírné znečištění),Liberec,Unknown
BOROVSKÉ SKÁLY,50.731,15.4057,0.130785271525383,Modrá (Mírné znečištění),Liberec,Unknown
Na Čihadle,50.833,15.2316,0.12014786899089813,Modrá (Mírné znečištění),Liberec,Unknown
Skalní vyhlídka,50.7504,15.3758,0.12804517149925232,Modrá (Mírné znečištění),Liberec,Unknown
Unnamed POI,50.8245,15.1667,0.1577683836221695,Modrá (Mírné znečištění),Liberec,Unknown
Unnamed POI,50.539,14.7201,0.13940474390983582,Modrá (Mírné znečištění),Liberec,Unknown
Vyhlídka Liška,50.7199,15.4489,0.12245185673236847,Modrá (Mírné znečištění),Liberec,Unknown
Výhled na Štěpánku,50.7619,15.3618,0.13869032263755798,Modrá (Mírné znečištění),Liberec,Unknown
Unnamed POI,50.5825,14.7403,0.12026288360357285,Modrá (Mírné znečištění),Liberec,Unknown
Unnamed POI,50.5956,14.7463,0.12349875271320343,Modrá (Mírné znečištění),Liberec,Unknown
Unnamed POI,50.6914,15.3542,0.1504816710948944,Modrá (Mírné znečištění),Liberec,Unknown
Vyhlidka na Český ráj,50.5678,15.2993,0.14691896736621857,Modrá (Mírné znečištění),Liberec,Unknown
Holenická vyhlídka na Trosky,50.5217,15.3168,0.14293339848518372,Modrá (Mírné znečištění),Liberec,Unknown
Unnamed POI,50.7469,15.4398,0.11501407623291016,Modrá (Mírné znečištění),Liberec,Unknown
Bosenská skála,50.7362,15.384,0.129878431558609,Modrá (Mírné znečištění),Liberec,Unknown
Taková hezká skála,50.6034,14.9754,0.15755800902843475,Modrá (Mírné znečištění),Liberec,Unknown
Unnamed POI,50.8519,15.1812,0.13954967260360718,Modrá (Mírné znečištění),Liberec,Unknown
Unnamed POI,50.6676,15.4066,0.11934950202703476,Modrá (Mírné znečištění),Liberec,Unknown
Unnamed POI,50.8569,14.5615,0.13280323147773743,Modrá (Mírné znečištění),Liberec,Unknown
Unnamed POI,50.8229,14.6725,0.12892146408557892,Modrá (Mírné znečištění),Liberec,Unknown
Ervínův hrad,50.4676,15.2743,0.1397933065891266,Modrá (Mírné znečištění),Liberec,Unknown
Unnamed POI,50.4775,15.2758,0.13976864516735077,Modrá (Mírné znečištění),Liberec,Unknown
Unnamed POI,50.4775,15.276,0.13976864516735077,Modrá (Mírné znečištění),Liberec,Unknown
Unnamed POI,50.8241,14.6038,0.1231699287891388,Modrá (Mírné znečištění),Liberec,Unknown
Schlikova vyhlídka,50.4679,15.2904,0.14626269042491913,Modrá (Mírné znečištění),Liberec,Unknown
Unnamed POI,50.804,14.4585,0.1583973467350006,Modrá (Mírné znečištění),Liberec,Unknown
Lípa svobody,50.4902,15.3155,0.14957362413406372,Modrá (Mírné znečištění),Liberec,Unknown
Unnamed POI,50.801,14.4767,0.1468804031610489,Modrá (Mírné znečištění),Liberec,Unknown
Unnamed POI,50.8272,14.6704,0.12892146408557892,Modrá (Mírné znečištění),Liberec,Unknown
Unnamed POI,50.5021,15.208,0.1396275758743286,Modrá (Mírné znečištění),Liberec,Unknown
Vyhlídkový altán,50.6849,15.4043,0.1298525333404541,Modrá (Mírné znečištění),Liberec,Unknown
Seifertova vyhlídka,50.4704,15.2919,0.15158526599407196,Modrá (Mírné znečištění),Liberec,Unknown
Unnamed POI,50.7971,14.6388,0.1483878195285797,Modrá (Mírné znečištění),Liberec,Unknown
Unnamed POI,50.7899,14.4833,0.15758384764194489,Modrá (Mírné znečištění),Liberec,Unknown
Unnamed POI,50.5144,15.1688,0.14324575662612915,Modrá (Mírné znečištění),Liberec,Unknown
val,50.7708,14.384,0.14949391782283783,Modrá (Mírné znečištění),Liberec,Unknown
Unnamed POI,50.6173,14.6965,0.1396275758743286,Modrá (Mírné znečištění),Liberec,Unknown
Unnamed POI,50.6177,14.6978,0.1396275758743286,Modrá (Mírné znečištění),Liberec,Unknown
Unnamed POI,50.7797,14.6585,0.15775372087955475,Modrá (Mírné znečištění),Liberec,Unknown
Unnamed POI,50.7835,14.6623,0.15775372087955475,Modrá (Mírné znečištění),Liberec,Unknown
Unnamed POI,50.8022,14.6859,0.13424403965473175,Modrá (Mírné znečištění),Liberec,Unknown
Rozhledna Tábor,50.5092,15.3684,0.15723299980163574,Modrá (Mírné znečištění),Liberec,Unknown
Unnamed POI,50.8502,14.539,0.1189325824379921,Modrá (Mírné znečištění),Liberec,Unknown
Unnamed POI,50.539,15.237,0.15569256246089935,Modrá (Mírné znečištění),Liberec,Unknown
Unnamed POI,50.5405,15.2362,0.15569256246089935,Modrá (Mírné znečištění),Liberec,Unknown
"výhled Jedlová, Sokol",50.8237,14.5028,0.12138499319553375,Modrá (Mírné znečištění),Liberec,Unknown
výhled na Chřibskou,50.826,14.5011,0.12138499319553375,Modrá (Mírné znečištění),Liberec,Unknown
Unnamed POI,50.7971,14.4953,0.14170688390731812,Modrá (Mírné znečištění),Liberec,Unknown
Unnamed POI,50.7954,14.4989,0.15381157398223877,Modrá (Mírné znečištění),Liberec,Unknown
Unnamed POI,50.8069,14.4672,0.13626728951931,Modrá (Mírné znečištění),Liberec,Unknown
Unnamed POI,50.8168,14.7127,0.13092277944087982,Modrá (Mírné znečištění),Liberec,Unknown
Unnamed POI,50.8169,14.7301,0.1348269134759903,Modrá (Mírné znečištění),Liberec,Unknown
Unnamed POI,50.8181,14.7318,0.1348269134759903,Modrá (Mírné znečištění),Liberec,Unknown
Vyhlídka Svatopluka Čecha,50.5361,15.2435,0.15509212017059326,Modrá (Mírné znečištění),Liberec,Unknown
Cimrmanova nejnižší rozhledna,50.6126,15.3604,0.1578095704317093,Modrá (Mírné znečištění),Liberec,Unknown
Unnamed POI,50.8006,14.4768,0.1468804031610489,Modrá (Mírné znečištění),Liberec,Unknown
Unnamed POI,50.8074,14.4681,0.13626728951931,Modrá (Mírné znečištění),Liberec,Unknown
Unnamed POI,50.8333,15.2314,0.12014786899089813,Modrá (Mírné znečištění),Liberec,Unknown
výhled na Českosaské Švýcarsko,50.7809,14.4009,0.15283623337745667,Modrá (Mírné znečištění),Liberec,Unknown
Unnamed POI,50.7822,14.4032,0.15283623337745667,Modrá (Mírné znečištění),Liberec,Unknown
Rozhledna Vrchbělá,50.5284,14.7635,0.15890072286128998,Modrá (Mírné znečištění),Liberec,Unknown
Šrámkova vyhlídka,50.4858,15.2588,0.14025284349918365,Modrá (Mírné znečištění),Liberec,Unknown
Unnamed POI,50.8498,14.5382,0.1189325824379921,Modrá (Mírné znečištění),Liberec,Unknown
Malý Bezděz,50.5399,14.7137,0.13779431581497192,Modrá (Mírné znečištění),Liberec,Unknown
Unnamed POI,50.7903,14.6523,0.15197771787643433,Modrá (Mírné znečištění),Liberec,Unknown
Unnamed POI,50.5393,14.7138,0.13779431581497192,Modrá (Mírné znečištění),Liberec,Unknown
Unnamed POI,50.5933,15.2632,0.15612047910690308,Modrá (Mírné znečištění),Liberec,Unknown
Unnamed POI,50.8513,15.1946,0.13251006603240967,Modrá (Mírné znečištění),Liberec,Unknown
Prachovna,50.5442,15.1921,0.15782733261585236,Modrá (Mírné znečištění),Liberec,Unknown
Unnamed POI,50.77,15.4318,0.12297234684228897,Modrá (Mírné znečištění),Liberec,Unknown
Unnamed POI,50.8497,14.6455,0.13524381816387177,Modrá (Mírné znečištění),Liberec,Unknown
Unnamed POI,50.8668,14.5663,0.14879073202610016,Modrá (Mírné znečištění),Liberec,Unknown
Unnamed POI,50.6842,15.4098,0.12486042827367783,Modrá (Mírné znečištění),Liberec,Unknown
Unnamed POI,50.6832,15.4144,0.12486042827367783,Modrá (Mírné znečištění),Liberec,Unknown
Unnamed POI,50.6842,15.4336,0.11482790857553482,Modrá (Mírné znečištění),Liberec,Unknown
Unnamed POI,50.6834,15.4251,0.1161973848938942,Modrá (Mírné znečištění),Liberec,Unknown
Unnamed POI,50.8572,14.5816,0.13970156013965607,Modrá (Mírné znečištění),Liberec,Unknown
Vyhlídka na Bezděz,50.5255,14.6874,0.14103186130523682,Modrá (Mírné znečištění),Liberec,Unknown
Unnamed POI,50.7351,14.667,0.1592322140932083,Modrá (Mírné znečištění),Liberec,Unknown
Nad Strží,50.7581,14.7084,0.1495310217142105,Modrá (Mírné znečištění),Liberec,Unknown
Unnamed POI,50.7508,14.7271,0.15930217504501343,Modrá (Mírné znečištění),Liberec,Unknown
Unnamed POI,50.7494,14.7104,0.15441355109214783,Modrá (Mírné znečištění),Liberec,Unknown
Knesplova vyhlídka,50.805,14.648,0.13841348886489868,Modrá (Mírné znečištění),Liberec,Unknown
Unnamed POI,50.8491,14.5953,0.12866456806659698,Modrá (Mírné znečištění),Liberec,Unknown
Unnamed POI,50.8495,14.6021,0.1281803697347641,Modrá (Mírné znečištění),Liberec,Unknown
Pěkný výhled,50.7836,15.329,0.14069770276546478,Modrá (Mírné znečištění),Liberec,Unknown
Vyhlídka republiky,50.8169,14.5284,0.12811186909675598,Modrá (Mírné znečištění),Liberec,Unknown
Unnamed POI,50.3897,15.1307,0.1584165245294571,Modrá (Mírné znečištění),Liberec,Unknown
Unnamed POI,50.5897,14.6609,0.14526289701461792,Modrá (Mírné znečištění),Liberec,Unknown
Unnamed POI,50.8096,14.705,0.13307277858257294,Modrá (Mírné znečištění),Liberec,Unknown
Unnamed POI,50.8087,14.7058,0.13307277858257294,Modrá (Mírné znečištění),Liberec,Unknown
Unnamed POI,50.7891,14.5236,0.1572609543800354,Modrá (Mírné znečištění),Liberec,Unknown
Unnamed POI,50.8649,14.5658,0.14879073202610016,Modrá (Mírné znečištění),Liberec,Unknown
Unnamed POI,50.8649,14.5706,0.15602463483810425,Modrá (Mírné znečištění),Liberec,Unknown
Unnamed POI,50.8546,14.572,0.13640877604484558,Modrá (Mírné znečištění),Liberec,Unknown
Unnamed POI,50.8222,14.4652,0.11952728033065796,Modrá (Mírné znečištění),Liberec,Unknown
Unnamed POI,50.8216,14.4629,0.11952728033065796,Modrá (Mírné znečištění),Liberec,Unknown
Unnamed POI,50.8217,14.4653,0.11952728033065796,Modrá (Mírné znečištění),Liberec,Unknown
Johannisstein Aussicht,50.8345,14.7178,0.14139413833618164,Modrá (Mírné znečištění),Liberec,Unknown
Unnamed POI,50.8255,14.5014,0.12138499319553375,Modrá (Mírné znečištění),Liberec,Unknown
Unnamed POI,50.8418,14.492,0.11500165611505508,Modrá (Mírné znečištění),Liberec,Unknown
Unnamed POI,50.8432,14.4903,0.11443141847848892,Modrá (Mírné znečištění),Liberec,Unknown
Unnamed POI,50.8424,14.4904,0.11443141847848892,Modrá (Mírné znečištění),Liberec,Unknown
Unnamed POI,50.844,14.4924,0.11500165611505508,Modrá (Mírné znečištění),Liberec,Unknown
Unnamed POI,50.8419,14.491,0.11443141847848892,Modrá (Mírné znečištění),Liberec,Unknown
Krásná vyhlídka,50.6904,14.8848,0.15406295657157898,Modrá (Mírné znečištění),Liberec,Unknown
Unnamed POI,50.8278,14.5117,0.12167327105998993,Modrá (Mírné znečištění),Liberec,Unknown
Unnamed POI,50.8521,15.1721,0.14267100393772125,Modrá (Mírné znečištění),Liberec,Unknown
Unnamed POI,50.8526,14.5636,0.1245679035782814,Modrá (Mírné znečištění),Liberec,Unknown
Unnamed POI,50.8184,14.7124,0.13092277944087982,Modrá (Mírné znečištění),Liberec,Unknown
Unnamed POI,50.8174,14.714,0.13092277944087982,Modrá (Mírné znečištění),Liberec,Unknown
Unnamed POI,50.8072,14.5496,0.13337980210781097,Modrá (Mírné znečištění),Liberec,Unknown
Unnamed POI,50.7803,14.668,0.15015017986297607,Modrá (Mírné znečištění),Liberec,Unknown
Unnamed POI,50.7325,14.4133,0.1582876592874527,Modrá (Mírné znečištění),Liberec,Unknown
Unnamed POI,50.8406,14.5693,0.11930689215660095,Modrá (Mírné znečištění),Liberec,Unknown
Unnamed POI,50.5963,15.2503,0.15739956498146057,Modrá (Mírné znečištění),Liberec,Unknown
Unnamed POI,50.5975,15.2556,0.15739956498146057,Modrá (Mírné znečištění),Liberec,Unknown
Unnamed POI,50.5391,14.7192,0.13940474390983582,Modrá (Mírné znečištění),Liberec,Unknown
Unnamed POI,50.5395,14.7202,0.13940474390983582,Modrá (Mírné znečištění),Liberec,Unknown
Unnamed POI,50.7847,14.6594,0.15775372087955475,Modrá (Mírné znečištění),Liberec,Unknown
Hájníkův kohout,50.8902,15.2172,0.1389780044555664,Modrá (Mírné znečištění),Liberec,Unknown
Unnamed POI,50.5876,14.6728,0.14074358344078064,Modrá (Mírné znečištění),Liberec,Unknown
Unnamed POI,50.7472,14.7133,0.15441355109214783,Modrá (Mírné znečištění),Liberec,Unknown
Unnamed POI,50.7543,14.6855,0.14878299832344055,Modrá (Mírné znečištění),Liberec,Unknown
Unnamed POI,50.7867,14.4123,0.1568707376718521,Modrá (Mírné znečištění),Liberec,Unknown
Unnamed POI,50.7844,14.4221,0.1568264365196228,Modrá (Mírné znečištění),Liberec,Unknown
Unnamed POI,50.7782,14.6715,0.15909773111343384,Modrá (Mírné znečištění),Liberec,Unknown
Unnamed POI,50.6803,14.8602,0.15920774638652802,Modrá (Mírné znečištění),Liberec,Unknown
Unnamed POI,50.6877,14.8999,0.1551082581281662,Modrá (Mírné znečištění),Liberec,Unknown
Unnamed POI,50.6874,14.8823,0.1524011790752411,Modrá (Mírné znečištění),Liberec,Unknown
Unnamed POI,50.7001,14.8803,0.1584409922361374,Modrá (Mírné znečištění),Liberec,Unknown
Unnamed POI,50.6982,14.877,0.1584409922361374,Modrá (Mírné znečištění),Liberec,Unknown
Unnamed POI,50.7829,14.6725,0.15015017986297607,Modrá (Mírné znečištění),Liberec,Unknown
Unnamed POI,50.5394,14.7209,0.13940474390983582,Modrá (Mírné znečištění),Liberec,Unknown
Unnamed POI,50.5838,14.6708,0.14832264184951782,Modrá (Mírné znečištění),Liberec,Unknown
Unnamed POI,50.8082,14.5478,0.13337980210781097,Modrá (Mírné znečištění),Liberec,Unknown
Bezděz,50.5949,14.748,0.12349875271320343,Modrá (Mírné znečištění),Liberec,Unknown
Unnamed POI,50.5957,14.7468,0.12349875271320343,Modrá (Mírné znečištění),Liberec,Unknown
Břehyňský rybník a Máchovo jezero,50.5926,14.7518,0.125094935297966,Modrá (Mírné znečištění),Liberec,Unknown
Unnamed POI,50.6221,14.6785,0.14235012233257294,Modrá (Mírné znečištění),Liberec,Unknown
Vyhlídka Medvěd,50.7197,15.4487,0.12245185673236847,Modrá (Mírné znečištění),Liberec,Unknown
Vyhlídka Ovce,50.7196,15.4475,0.12245185673236847,Modrá (Mírné znečištění),Liberec,Unknown
Vyhlídka Horník,50.7193,15.4465,0.12245185673236847,Modrá (Mírné znečištění),Liberec,Unknown
Unnamed POI,50.4671,15.296,0.15158526599407196,Modrá (Mírné znečištění),Liberec,Unknown
Unnamed POI,50.4394,15.2134,0.13976885378360748,Modrá (Mírné znečištění),Liberec,Unknown
Unnamed POI,50.8026,14.6863,0.13424403965473175,Modrá (Mírné znečištění),Liberec,Unknown
Unnamed POI,50.784,14.7001,0.14057192206382751,Modrá (Mírné znečištění),Liberec,Unknown
Drobošova vyhlídka,50.8062,14.6503,0.13781246542930603,Modrá (Mírné znečištění),Liberec,Unknown
Unnamed POI,50.8048,14.6504,0.13781246542930603,Modrá (Mírné znečištění),Liberec,Unknown
Unnamed POI,50.5343,15.2489,0.15509212017059326,Modrá (Mírné znečištění),Liberec,Unknown
Unnamed POI,50.5448,15.3192,0.1451118141412735,Modrá (Mírné znečištění),Liberec,Unknown
Unnamed POI,50.7632,14.4246,0.15283623337745667,Modrá (Mírné znečištění),Liberec,Unknown
Unnamed POI,50.4915,15.1355,0.15833048522472382,Modrá (Mírné znečištění),Liberec,Unknown
Vyhlídka Jaruš,50.907,15.2058,0.14403675496578217,Modrá (Mírné znečištění),Liberec,Unknown
Vyhlídka Triangl,50.9115,15.1986,0.14790774881839752,Modrá (Mírné znečištění),Liberec,Unknown
Skautská vyhlídka,50.4706,15.2894,0.14626269042491913,Modrá (Mírné znečištění),Liberec,Unknown
Králův stolec,50.5667,14.6862,0.1413446068763733,Modrá (Mírné znečištění),Liberec,Unknown
Unnamed POI,50.4672,15.2962,0.15158526599407196,Modrá (Mírné znečištění),Liberec,Unknown
Rufusova vyhlídka,50.5666,14.6846,0.1413446068763733,Modrá (Mírné znečištění),Liberec,Unknown
Unnamed POI,50.5534,14.6677,0.15644118189811707,Modrá (Mírné znečištění),Liberec,Unknown
Unnamed POI,50.8518,14.5219,0.11858779937028885,Modrá (Mírné znečištění),Liberec,Unknown
Vyhlídka Jaroslava Kuby,50.4933,15.2573,0.15265315771102905,Modrá (Mírné znečištění),Liberec,Unknown
Unnamed POI,50.7891,14.4926,0.15381157398223877,Modrá (Mírné znečištění),Liberec,Unknown
Unnamed POI,50.7199,15.4491,0.12245185673236847,Modrá (Mírné znečištění),Liberec,Unknown
Unnamed POI,50.849,14.6595,0.13861875236034393,Modrá (Mírné znečištění),Liberec,Unknown
Pětikostelní kámen,50.8424,14.603,0.12382620573043823,Modrá (Mírné znečištění),Liberec,Unknown
Unnamed POI,50.4795,15.2469,0.14165101945400238,Modrá (Mírné znečištění),Liberec,Unknown
Unnamed POI,50.8388,14.5772,0.12016541510820389,Modrá (Mírné znečištění),Liberec,Unknown
Jelení kámen,50.839,14.5866,0.12252099812030792,Modrá (Mírné znečištění),Liberec,Unknown
Unnamed POI,50.8373,14.5912,0.12285086512565613,Modrá (Mírné znečištění),Liberec,Unknown
Unnamed POI,50.5118,15.2346,0.15086109936237335,Modrá (Mírné znečištění),Liberec,Unknown
rozhledna Jedlová,50.8567,14.5604,0.13280323147773743,Modrá (Mírné znečištění),Liberec,Unknown
Rozhledna Kozákov,50.5944,15.2631,0.15612047910690308,Modrá (Mírné znečištění),Liberec,Unknown
Unnamed POI,49.2278,15.362,0.06508030742406845,Tmavě modrá (Slabé znečištění),Jihlava,Unknown
Rozhledna Ocmanice,49.2277,16.1176,0.14878275990486145,Modrá (Mírné znečištění),Jihlava,Unknown
Čertův stolek,49.714,15.7124,0.1191708892583847,Modrá (Mírné znečištění),Jihlava,Unknown
Unnamed POI,49.7143,15.7131,0.1191708892583847,Modrá (Mírné znečištění),Jihlava,Unknown
Rubačka,49.3232,15.9575,0.12940508127212524,Modrá (Mírné znečištění),Jihlava,Unknown
Unnamed POI,49.2521,15.4265,0.07402035593986511,Tmavě modrá (Slabé znečištění),Jihlava,Unknown
Unnamed POI,49.1524,15.3625,0.06870398670434952,Tmavě modrá (Slabé znečištění),Jihlava,Unknown
Na Altánku,49.5552,15.0504,0.0776139497756958,Tmavě modrá (Slabé znečištění),Jihlava,Unknown
Orlík,49.5652,15.4104,0.111910879611969,Modrá (Mírné znečištění),Jihlava,Unknown
vyhlídka u Heřmanova (608m n.m.),49.3765,16.1853,0.10333202034235,Modrá (Mírné znečištění),Jihlava,Unknown
Unnamed POI,49.3261,16.3408,0.15134590864181519,Modrá (Mírné znečištění),Jihlava,Unknown
Čertova vyhlídka,49.7859,15.0272,0.1263379156589508,Modrá (Mírné znečištění),Jihlava,Unknown
vyhlídková věž,49.2602,15.2406,0.13603782653808594,Modrá (Mírné znečištění),Jihlava,Unknown
Unnamed POI,49.4195,15.0436,0.07372014224529266,Tmavě modrá (Slabé znečištění),Jihlava,Unknown
Unnamed POI,49.7847,14.9979,0.1124134510755539,Modrá (Mírné znečištění),Jihlava,Unknown
Unnamed POI,49.4245,15.0146,0.0837516114115715,Modrá (Mírné znečištění),Jihlava,Unknown
Zatopený lom Trojka,49.6201,15.4106,0.11722571402788162,Modrá (Mírné znečištění),Jihlava,Unknown
Zatopený lom Trojka,49.6203,15.4104,0.11722571402788162,Modrá (Mírné znečištění),Jihlava,Unknown
Holý vrch,49.6223,15.3978,0.11066540330648422,Modrá (Mírné znečištění),Jihlava,Unknown
Unnamed POI,49.6168,15.3927,0.10897915810346603,Modrá (Mírné znečištění),Jihlava,Unknown
Unnamed POI,49.3739,16.1551,0.10565008223056793,Modrá (Mírné znečištění),Jihlava,Unknown
U Tří Líp,49.1355,15.6731,0.0750809982419014,Tmavě modrá (Slabé znečištění),Jihlava,Unknown
Mařenka,49.1707,15.703,0.07375724613666534,Tmavě modrá (Slabé znečištění),Jihlava,Unknown
František,49.141,15.6484,0.07116271555423737,Tmavě modrá (Slabé znečištění),Jihlava,Unknown
Unnamed POI,49.5239,15.2097,0.10641541332006454,Modrá (Mírné znečištění),Jihlava,Unknown
Vřesník - přehrada,49.5298,15.2425,0.10487852245569229,Modrá (Mírné znečištění),Jihlava,Unknown
Vřesník - přehrada,49.5299,15.2428,0.10487852245569229,Modrá (Mírné znečištění),Jihlava,Unknown
Stvořidla,49.6659,15.3354,0.10335016250610352,Modrá (Mírné znečištění),Jihlava,Unknown
Unnamed POI,49.7214,14.9563,0.13575716316699982,Modrá (Mírné znečištění),Jihlava,Unknown
Rozhledna Babka,49.7586,15.0987,0.140074223279953,Modrá (Mírné znečištění),Jihlava,Unknown
Unnamed POI,49.7769,15.0271,0.1290910542011261,Modrá (Mírné znečištění),Jihlava,Unknown
Unnamed POI,49.6162,15.3941,0.10897915810346603,Modrá (Mírné znečištění),Jihlava,Unknown
Hubertova Vyhlídka,49.1649,15.5608,0.06724444776773453,Tmavě modrá (Slabé znečištění),Jihlava,Unknown
Unnamed POI,49.4977,15.8323,0.0989476814866066,Modrá (Mírné znečištění),Jihlava,Unknown
Unnamed POI,49.3042,16.2581,0.13688667118549347,Modrá (Mírné znečištění),Jihlava,Unknown
Sokolohrady,49.7148,15.7137,0.1191708892583847,Modrá (Mírné znečištění),Jihlava,Unknown
Unnamed POI,49.1792,15.4677,0.14405156672000885,Modrá (Mírné znečištění),Jihlava,Unknown
Unnamed POI,49.1799,15.4682,0.14405156672000885,Modrá (Mírné znečištění),Jihlava,Unknown
Unnamed POI,49.1526,15.7831,0.09718721359968185,Modrá (Mírné znečištění),Jihlava,Unknown
Unnamed POI,49.4296,16.0126,0.10615875571966171,Modrá (Mírné znečištění),Jihlava,Unknown
"Tis, u kapličky",49.7128,15.4883,0.0876399353146553,Modrá (Mírné znečištění),Jihlava,Unknown
Unnamed POI,49.1578,15.8034,0.11003992706537247,Modrá (Mírné znečištění),Jihlava,Unknown
Unnamed POI,49.1578,15.8044,0.11003992706537247,Modrá (Mírné znečištění),Jihlava,Unknown
Strom života - památník 100 let Republiky,49.5362,16.0126,0.12570181488990784,Modrá (Mírné znečištění),Jihlava,Unknown
Unnamed POI,49.0775,15.4436,0.15676911175251007,Modrá (Mírné znečištění),Jihlava,Unknown
Unnamed POI,49.0751,15.4454,0.15676911175251007,Modrá (Mírné znečištění),Jihlava,Unknown
Unnamed POI,49.3086,15.2935,0.08244600147008896,Modrá (Mírné znečištění),Jihlava,Unknown
Unnamed POI,49.3325,15.8796,0.09935217350721359,Modrá (Mírné znečištění),Jihlava,Unknown
Unnamed POI,49.4073,16.0973,0.11379938572645187,Modrá (Mírné znečištění),Jihlava,Unknown
Unnamed POI,49.7852,14.8558,0.14306774735450745,Modrá (Mírné znečištění),Jihlava,Unknown
Unnamed POI,49.0197,15.5687,0.15803474187850952,Modrá (Mírné znečištění),Jihlava,Unknown
Unnamed POI,49.3559,16.3497,0.1520197093486786,Modrá (Mírné znečištění),Jihlava,Unknown
Unnamed POI,49.3594,16.301,0.12055093795061111,Modrá (Mírné znečištění),Jihlava,Unknown
Unnamed POI,49.3612,16.3015,0.12055093795061111,Modrá (Mírné znečištění),Jihlava,Unknown
Ločarův kámen,49.5459,15.5409,0.12690326571464539,Modrá (Mírné znečištění),Jihlava,Unknown
Unnamed POI,49.267,15.5205,0.08475178480148315,Modrá (Mírné znečištění),Jihlava,Unknown
Unnamed POI,49.1374,15.5726,0.06731762737035751,Tmavě modrá (Slabé znečištění),Jihlava,Unknown
Unnamed POI,49.1043,15.4162,0.10184696316719055,Modrá (Mírné znečištění),Jihlava,Unknown
Unnamed POI,49.1032,15.4151,0.10987041890621185,Modrá (Mírné znečištění),Jihlava,Unknown
Unnamed POI,49.1038,15.417,0.12144646793603897,Modrá (Mírné znečištění),Jihlava,Unknown
Unnamed POI,49.4172,16.0599,0.10888594388961792,Modrá (Mírné znečištění),Jihlava,Unknown
Unnamed POI,49.4172,16.0574,0.10991188883781433,Modrá (Mírné znečištění),Jihlava,Unknown
Unnamed POI,49.1401,15.332,0.07057983428239822,Tmavě modrá (Slabé znečištění),Jihlava,Unknown
Pochopova skála,49.3507,16.2837,0.11748486012220383,Modrá (Mírné znečištění),Jihlava,Unknown
Pochopova skála,49.3505,16.2835,0.11748486012220383,Modrá (Mírné znečištění),Jihlava,Unknown
Sochorská skála,49.3641,16.2829,0.11101548373699188,Modrá (Mírné znečištění),Jihlava,Unknown
Unnamed POI,49.2167,15.3824,0.07259780168533325,Tmavě modrá (Slabé znečištění),Jihlava,Unknown
Unnamed POI,49.151,15.3372,0.06989318877458572,Tmavě modrá (Slabé znečištění),Jihlava,Unknown
Vřesník,49.5343,15.2497,0.10487852245569229,Modrá (Mírné znečištění),Jihlava,Unknown
Unnamed POI,49.0177,15.5688,0.15803474187850952,Modrá (Mírné znečištění),Jihlava,Unknown
Unnamed POI,49.0192,15.5685,0.15803474187850952,Modrá (Mírné znečištění),Jihlava,Unknown
Unnamed POI,49.3694,16.1575,0.10536812245845795,Modrá (Mírné znečištění),Jihlava,Unknown
Unnamed POI,49.1861,15.204,0.08161193877458572,Modrá (Mírné znečištění),Jihlava,Unknown
Unnamed POI,49.1798,15.2208,0.07995014637708664,Tmavě modrá (Slabé znečištění),Jihlava,Unknown
Unnamed POI,49.2588,15.2542,0.10404820740222931,Modrá (Mírné znečištění),Jihlava,Unknown
Unnamed POI,49.2128,15.3277,0.0656813308596611,Tmavě modrá (Slabé znečištění),Jihlava,Unknown
Unnamed POI,49.2151,15.3404,0.0656813308596611,Tmavě modrá (Slabé znečištění),Jihlava,Unknown
Unnamed POI,49.1095,15.4478,0.10331282764673233,Modrá (Mírné znečištění),Jihlava,Unknown
Unnamed POI,49.1017,15.4471,0.12164120376110077,Modrá (Mírné znečištění),Jihlava,Unknown
Unnamed POI,49.1944,16.0095,0.11896254122257233,Modrá (Mírné znečištění),Jihlava,Unknown
Unnamed POI,49.1822,15.4313,0.12473475188016891,Modrá (Mírné znečištění),Jihlava,Unknown
U Spáleného mostu,49.2759,15.7779,0.12106571346521378,Modrá (Mírné znečištění),Jihlava,Unknown
Unnamed POI,49.3373,15.7411,0.10610350221395493,Modrá (Mírné znečištění),Jihlava,Unknown
Unnamed POI,49.2556,15.7213,0.09871464967727661,Modrá (Mírné znečištění),Jihlava,Unknown
Unnamed POI,49.379,16.2616,0.11042627692222595,Modrá (Mírné znečištění),Jihlava,Unknown
fotopoint,49.2917,15.4892,0.15678603947162628,Modrá (Mírné znečištění),Jihlava,Unknown
Unnamed POI,49.6768,15.3126,0.10726844519376755,Modrá (Mírné znečištění),Jihlava,Unknown
vyhlídka Vejdoch,49.5361,16.0127,0.12570181488990784,Modrá (Mírné znečištění),Jihlava,Unknown
Unnamed POI,49.2704,15.2313,0.13601218163967133,Modrá (Mírné znečištění),Jihlava,Unknown
Unnamed POI,49.1779,16.0534,0.12122534960508347,Modrá (Mírné znečištění),Jihlava,Unknown
Unnamed POI,49.2739,15.757,0.10959282517433167,Modrá (Mírné znečištění),Jihlava,Unknown
Unnamed POI,49.2244,15.3368,0.06443141400814056,Tmavě modrá (Slabé znečištění),Jihlava,Unknown
Unnamed POI,49.2202,15.3359,0.0656813308596611,Tmavě modrá (Slabé znečištění),Jihlava,Unknown
Unnamed POI,49.21,15.3031,0.07437008619308472,Tmavě modrá (Slabé znečištění),Jihlava,Unknown
Unnamed POI,49.2015,15.3186,0.07468098402023315,Tmavě modrá (Slabé znečištění),Jihlava,Unknown
Unnamed POI,49.3058,16.0376,0.1348203718662262,Modrá (Mírné znečištění),Jihlava,Unknown
Unnamed POI,49.5158,15.2024,0.09721799939870834,Modrá (Mírné znečištění),Jihlava,Unknown
Unnamed POI,49.7249,15.2697,0.10563743859529495,Modrá (Mírné znečištění),Jihlava,Unknown
Vyhlídka na Šmahlířce,49.3814,15.3565,0.08880487084388733,Modrá (Mírné znečištění),Jihlava,Unknown
Unnamed POI,49.3767,15.3976,0.09112925827503204,Modrá (Mírné znečištění),Jihlava,Unknown
Amorova vyhlídka,49.3552,16.3492,0.1520197093486786,Modrá (Mírné znečištění),Jihlava,Unknown
Unnamed POI,49.3556,16.3495,0.1520197093486786,Modrá (Mírné znečištění),Jihlava,Unknown
Unnamed POI,49.6112,15.4127,0.11197734624147415,Modrá (Mírné znečištění),Jihlava,Unknown
Pípalka,49.4036,15.327,0.087492935359478,Modrá (Mírné znečištění),Jihlava,Unknown
Oslednice,49.1804,15.4681,0.14405156672000885,Modrá (Mírné znečištění),Jihlava,Unknown
Unnamed POI,49.3336,15.726,0.10696201771497726,Modrá (Mírné znečištění),Jihlava,Unknown
Unnamed POI,49.4775,16.1719,0.10277359932661057,Modrá (Mírné znečištění),Jihlava,Unknown
Křivoš,49.373,16.3715,0.14908941090106964,Modrá (Mírné znečištění),Jihlava,Unknown
Rosička,49.5385,15.8426,0.11159814894199371,Modrá (Mírné znečištění),Jihlava,Unknown
Vysoký kámen,50.3006,12.4081,0.09396862983703613,Modrá (Mírné znečištění),Karlovy Vary,Unknown
Unnamed POI,50.3754,12.9096,0.13749784231185913,Modrá (Mírné znečištění),Karlovy Vary,Unknown
Rozhledna Blatenský vrch,50.4002,12.7817,0.09987957775592804,Modrá (Mírné znečištění),Karlovy Vary,Unknown
Rozhledna Stráž u Aše,50.2278,12.272,0.12194061279296875,Modrá (Mírné znečištění),Karlovy Vary,Unknown
U Strejců,50.2634,12.3872,0.10225861519575119,Modrá (Mírné znečištění),Karlovy Vary,Unknown
Unnamed POI,50.2055,12.9636,0.1331830471754074,Modrá (Mírné znečištění),Karlovy Vary,Unknown
Unnamed POI,50.0663,12.7466,0.08075425773859024,Modrá (Mírné znečištění),Karlovy Vary,Unknown
Unnamed POI,50.0883,12.8387,0.10775814205408096,Modrá (Mírné znečištění),Karlovy Vary,Unknown
Unnamed POI,49.9686,12.5015,0.06506216526031494,Tmavě modrá (Slabé znečištění),Karlovy Vary,Unknown
Unnamed POI,50.0141,12.6335,0.10916303843259811,Modrá (Mírné znečištění),Karlovy Vary,Unknown
Lohhauser,49.9344,12.5337,0.0627993568778038,Tmavě modrá (Slabé znečištění),Karlovy Vary,Unknown
Panský Vrch,49.9352,12.6383,0.11625239998102188,Modrá (Mírné znečištění),Karlovy Vary,Unknown
Unnamed POI,50.3574,12.8489,0.11595230549573898,Modrá (Mírné znečištění),Karlovy Vary,Unknown
Vyhlídka Hartwiga Rupperta,50.1007,12.7896,0.1076182872056961,Modrá (Mírné znečištění),Karlovy Vary,Unknown
Unnamed POI,50.3333,12.7899,0.12446410208940506,Modrá (Mírné znečištění),Karlovy Vary,Unknown
Unnamed POI,50.3341,12.8125,0.12446410208940506,Modrá (Mírné znečištění),Karlovy Vary,Unknown
Unnamed POI,49.9707,12.7713,0.10815201699733734,Modrá (Mírné znečištění),Karlovy Vary,Unknown
Unnamed POI,50.3204,12.8444,0.15831822156906128,Modrá (Mírné znečištění),Karlovy Vary,Unknown
Unnamed POI,49.9617,12.9664,0.05263209342956543,Tmavě modrá (Slabé znečištění),Karlovy Vary,Unknown
Rogalová rampa,50.3616,13.1704,0.12993106245994568,Modrá (Mírné znečištění),Karlovy Vary,Unknown
Unnamed POI,49.9428,12.4773,0.05950471758842468,Tmavě modrá (Slabé znečištění),Karlovy Vary,Unknown
Unnamed POI,49.9468,12.4743,0.06056732311844826,Tmavě modrá (Slabé znečištění),Karlovy Vary,Unknown
Olověný vrch,50.3675,12.5115,0.11310028284788132,Modrá (Mírné znečištění),Karlovy Vary,Unknown
Unnamed POI,50.147,12.2814,0.1334342062473297,Modrá (Mírné znečištění),Karlovy Vary,Unknown
Chlumská hora,49.9997,13.2321,0.07801762223243713,Tmavě modrá (Slabé znečištění),Karlovy Vary,Unknown
rozhledna Cibulka,50.2369,12.5578,0.1460665464401245,Modrá (Mírné znečištění),Karlovy Vary,Unknown
Rozhledna Bleiberg,50.3673,12.51,0.11310028284788132,Modrá (Mírné znečištění),Karlovy Vary,Unknown
Chlumská hora,50.0055,13.2053,0.06161544471979141,Tmavě modrá (Slabé znečištění),Karlovy Vary,Unknown
Hadí hora,50.3846,12.9347,0.11119364947080612,Modrá (Mírné znečištění),Karlovy Vary,Unknown
Unnamed POI,50.1212,13.3113,0.08932874351739883,Modrá (Mírné znečištění),Karlovy Vary,Unknown
Unnamed POI,50.432,12.7529,0.10542887449264526,Modrá (Mírné znečištění),Karlovy Vary,Unknown
Unnamed POI,50.3305,12.5297,0.1447892189025879,Modrá (Mírné znečištění),Karlovy Vary,Unknown
Unnamed POI,49.881,12.7993,0.08806317299604416,Modrá (Mírné znečištění),Karlovy Vary,Unknown
Unnamed POI,50.0985,13.3699,0.07755870372056961,Tmavě modrá (Slabé znečištění),Karlovy Vary,Unknown
Unnamed POI,50.4058,12.9256,0.10535465180873871,Modrá (Mírné znečištění),Karlovy Vary,Unknown
Unnamed POI,50.3721,12.9274,0.13397282361984253,Modrá (Mírné znečištění),Karlovy Vary,Unknown
Unnamed POI,50.3514,12.934,0.15662705898284912,Modrá (Mírné znečištění),Karlovy Vary,Unknown
Unnamed POI,50.3741,12.9151,0.13749784231185913,Modrá (Mírné znečištění),Karlovy Vary,Unknown
Unnamed POI,50.2543,12.9928,0.13667725026607513,Modrá (Mírné znečištění),Karlovy Vary,Unknown
Unnamed POI,50.36,12.9333,0.15221518278121948,Modrá (Mírné znečištění),Karlovy Vary,Unknown
Unnamed POI,50.3495,12.9274,0.15714673697948456,Modrá (Mírné znečištění),Karlovy Vary,Unknown
Unnamed POI,50.35,12.9093,0.14425024390220642,Modrá (Mírné znečištění),Karlovy Vary,Unknown
Vyhlídka pod Liščím vrchem,50.2825,12.9998,0.15003702044487,Modrá (Mírné znečištění),Karlovy Vary,Unknown
Unnamed POI,50.3728,13.1467,0.14783822000026703,Modrá (Mírné znečištění),Karlovy Vary,Unknown
Vyhlídkový altán,49.9018,12.7808,0.10036378353834152,Modrá (Mírné znečištění),Karlovy Vary,Unknown
Unnamed POI,50.2757,12.9952,0.1470404416322708,Modrá (Mírné znečištění),Karlovy Vary,Unknown
Unnamed POI,50.3496,13.0653,0.0978926345705986,Modrá (Mírné znečištění),Karlovy Vary,Unknown
Unnamed POI,50.3496,13.0667,0.09540311992168427,Modrá (Mírné znečištění),Karlovy Vary,Unknown
Unnamed POI,50.4481,12.8224,0.08860346674919128,Modrá (Mírné znečištění),Karlovy Vary,Unknown
Unnamed POI,50.3687,12.925,0.15948006510734558,Modrá (Mírné znečištění),Karlovy Vary,Unknown
Unnamed POI,50.3669,12.9301,0.15948006510734558,Modrá (Mírné znečištění),Karlovy Vary,Unknown
Unnamed POI,50.4043,12.9351,0.10264473408460617,Modrá (Mírné znečištění),Karlovy Vary,Unknown
Unnamed POI,50.3775,13.0462,0.089976966381073,Modrá (Mírné znečištění),Karlovy Vary,Unknown
Unnamed POI,50.4489,12.8232,0.08860346674919128,Modrá (Mírné znečištění),Karlovy Vary,Unknown
Unnamed POI,50.4244,13.1116,0.11051291227340698,Modrá (Mírné znečištění),Karlovy Vary,Unknown
Unnamed POI,50.4244,13.1115,0.11051291227340698,Modrá (Mírné znečištění),Karlovy Vary,Unknown
Unnamed POI,50.424,13.1115,0.11051291227340698,Modrá (Mírné znečištění),Karlovy Vary,Unknown
Unnamed POI,50.4041,13.0627,0.09752524644136429,Modrá (Mírné znečištění),Karlovy Vary,Unknown
Unnamed POI,50.3481,13.0447,0.09878193587064743,Modrá (Mírné znečištění),Karlovy Vary,Unknown
Okno,50.4019,12.7498,0.09766019880771637,Modrá (Mírné znečištění),Karlovy Vary,Unknown
Unnamed POI,50.4016,12.7496,0.09766019880771637,Modrá (Mírné znečištění),Karlovy Vary,Unknown
Strašidlo,50.4013,12.7496,0.09766019880771637,Modrá (Mírné znečištění),Karlovy Vary,Unknown
Borůvčí,50.401,12.7506,0.10126159340143204,Modrá (Mírné znečištění),Karlovy Vary,Unknown
Unnamed POI,50.3593,12.9568,0.1317359060049057,Modrá (Mírné znečištění),Karlovy Vary,Unknown
Unnamed POI,50.3837,12.994,0.09212356805801392,Modrá (Mírné znečištění),Karlovy Vary,Unknown
Unnamed POI,50.3842,12.9948,0.09212356805801392,Modrá (Mírné znečištění),Karlovy Vary,Unknown
Unnamed POI,50.3545,12.9497,0.14170582592487335,Modrá (Mírné znečištění),Karlovy Vary,Unknown
Pohled na lázně,50.3674,12.926,0.15948006510734558,Modrá (Mírné znečištění),Karlovy Vary,Unknown
Unnamed POI,50.4605,13.0858,0.10296463966369629,Modrá (Mírné znečištění),Karlovy Vary,Unknown
Unnamed POI,50.2539,13.437,0.11389746516942978,Modrá (Mírné znečištění),Karlovy Vary,Unknown
Unnamed POI,50.0777,13.2148,0.059358954429626465,Tmavě modrá (Slabé znečištění),Karlovy Vary,Unknown
Unnamed POI,50.3737,12.9195,0.13668373227119446,Modrá (Mírné znečištění),Karlovy Vary,Unknown
Unnamed POI,50.3907,13.0068,0.09071926772594452,Modrá (Mírné znečištění),Karlovy Vary,Unknown
Unnamed POI,50.3909,13.0075,0.09071926772594452,Modrá (Mírné znečištění),Karlovy Vary,Unknown
Unnamed POI,50.3047,12.1765,0.11839064210653305,Modrá (Mírné znečištění),Karlovy Vary,Unknown
Duncanova vyhlídka,49.9967,12.6932,0.13699118793010712,Modrá (Mírné znečištění),Karlovy Vary,Unknown
Unnamed POI,50.3463,12.7405,0.1185215413570404,Modrá (Mírné znečištění),Karlovy Vary,Unknown
Unnamed POI,50.3575,12.8481,0.11595230549573898,Modrá (Mírné znečištění),Karlovy Vary,Unknown
Unnamed POI,50.3695,12.5671,0.08224458247423172,Modrá (Mírné znečištění),Karlovy Vary,Unknown
Unnamed POI,50.1944,13.6432,0.10798019170761108,Modrá (Mírné znečištění),Karlovy Vary,Unknown
Unnamed POI,50.2507,12.3917,0.11374341696500778,Modrá (Mírné znečištění),Karlovy Vary,Unknown
Unnamed POI,50.3976,12.7002,0.0853351280093193,Modrá (Mírné znečištění),Karlovy Vary,Unknown
Unnamed POI,50.1207,13.4398,0.08874962478876114,Modrá (Mírné znečištění),Karlovy Vary,Unknown
Unnamed POI,50.3479,13.0452,0.09878193587064743,Modrá (Mírné znečištění),Karlovy Vary,Unknown
Unnamed POI,50.2616,13.0013,0.12660866975784302,Modrá (Mírné znečištění),Karlovy Vary,Unknown
Unnamed POI,50.3574,12.934,0.15221518278121948,Modrá (Mírné znečištění),Karlovy Vary,Unknown
Unnamed POI,50.3883,13.0271,0.08868949115276337,Modrá (Mírné znečištění),Karlovy Vary,Unknown
Unnamed POI,50.0855,12.8353,0.1120389848947525,Modrá (Mírné znečištění),Karlovy Vary,Unknown
Unnamed POI,50.0075,12.6088,0.14075268805027008,Modrá (Mírné znečištění),Karlovy Vary,Unknown
Unnamed POI,50.0078,12.5955,0.1235046461224556,Modrá (Mírné znečištění),Karlovy Vary,Unknown
Unnamed POI,50.0025,12.6052,0.1338796466588974,Modrá (Mírné znečištění),Karlovy Vary,Unknown
Unnamed POI,50.3851,12.9359,0.11119364947080612,Modrá (Mírné znečištění),Karlovy Vary,Unknown
Unnamed POI,50.1233,12.2213,0.11517922580242157,Modrá (Mírné znečištění),Karlovy Vary,Unknown
Unnamed POI,50.2781,12.9991,0.1470404416322708,Modrá (Mírné znečištění),Karlovy Vary,Unknown
Radechovské skály,50.2781,13.2639,0.07886514812707901,Tmavě modrá (Slabé znečištění),Karlovy Vary,Unknown
Unnamed POI,50.4875,13.0284,0.12470120191574097,Modrá (Mírné znečištění),Karlovy Vary,Unknown
Unnamed POI,50.3679,13.1321,0.12245125323534012,Modrá (Mírné znečištění),Karlovy Vary,Unknown
Unnamed POI,50.256,13.0044,0.12660866975784302,Modrá (Mírné znečištění),Karlovy Vary,Unknown
Hraběcí kříž,50.0399,13.2961,0.05812970921397209,Tmavě modrá (Slabé znečištění),Karlovy Vary,Unknown
Unnamed POI,50.2549,12.2069,0.1389777809381485,Modrá (Mírné znečištění),Karlovy Vary,Unknown
Otevřené dveře Nová Ves,50.3515,12.5454,0.10395178943872452,Modrá (Mírné znečištění),Karlovy Vary,Unknown
Unnamed POI,50.1222,13.3666,0.07954294234514236,Tmavě modrá (Slabé znečištění),Karlovy Vary,Unknown
Vyhlídka,50.3678,12.805,0.1227574497461319,Modrá (Mírné znečištění),Karlovy Vary,Unknown
Unnamed POI,50.3672,12.8053,0.1227574497461319,Modrá (Mírné znečištění),Karlovy Vary,Unknown
Holubí skály,50.4417,12.8095,0.08559894561767578,Modrá (Mírné znečištění),Karlovy Vary,Unknown
Unnamed POI,50.1625,13.2823,0.06857535243034363,Tmavě modrá (Slabé znečištění),Karlovy Vary,Unknown
Unnamed POI,50.3352,13.2907,0.14012420177459717,Modrá (Mírné znečištění),Karlovy Vary,Unknown
Unnamed POI,50.3316,13.2859,0.14012420177459717,Modrá (Mírné znečištění),Karlovy Vary,Unknown
Unnamed POI,50.3367,13.2667,0.13325665891170502,Modrá (Mírné znečištění),Karlovy Vary,Unknown
Unnamed POI,50.3209,12.851,0.15523949265480042,Modrá (Mírné znečištění),Karlovy Vary,Unknown
Unnamed POI,50.0215,12.4911,0.09612945467233658,Modrá (Mírné znečištění),Karlovy Vary,Unknown
Unnamed POI,50.0808,12.8406,0.1120389848947525,Modrá (Mírné znečištění),Karlovy Vary,Unknown
Unnamed POI,50.3848,12.9519,0.1042155995965004,Modrá (Mírné znečištění),Karlovy Vary,Unknown
Unnamed POI,50.4047,12.9274,0.10535465180873871,Modrá (Mírné znečištění),Karlovy Vary,Unknown
Mohyla Karla Klostermanna,50.3722,12.8282,0.11438143998384476,Modrá (Mírné znečištění),Karlovy Vary,Unknown
Unnamed POI,49.9362,12.5211,0.06079404056072235,Tmavě modrá (Slabé znečištění),Karlovy Vary,Unknown
Unnamed POI,50.149,12.3993,0.15573491156101227,Modrá (Mírné znečištění),Karlovy Vary,Unknown
Unnamed POI,50.3746,12.5497,0.08590536564588547,Modrá (Mírné znečištění),Karlovy Vary,Unknown
Unnamed POI,50.357,12.6909,0.09986776858568192,Modrá (Mírné znečištění),Karlovy Vary,Unknown
Unnamed POI,50.3726,12.5517,0.08208998292684555,Modrá (Mírné znečištění),Karlovy Vary,Unknown
Unnamed POI,50.3723,12.9117,0.13749784231185913,Modrá (Mírné znečištění),Karlovy Vary,Unknown
Unnamed POI,50.3109,13.2749,0.11600002646446228,Modrá (Mírné znečištění),Karlovy Vary,Unknown
Unnamed POI,50.3189,12.4317,0.09441973268985748,Modrá (Mírné znečištění),Karlovy Vary,Unknown
Unnamed POI,50.4088,13.0647,0.09955502301454544,Modrá (Mírné znečištění),Karlovy Vary,Unknown
Unnamed POI,50.1214,13.266,0.06846196949481964,Tmavě modrá (Slabé znečištění),Karlovy Vary,Unknown
Unnamed POI,50.1207,13.2671,0.07094516605138779,Tmavě modrá (Slabé znečištění),Karlovy Vary,Unknown
Unnamed POI,50.2026,12.2467,0.13517631590366364,Modrá (Mírné znečištění),Karlovy Vary,Unknown
Unnamed POI,50.1213,13.455,0.092379629611969,Modrá (Mírné znečištění),Karlovy Vary,Unknown
Unnamed POI,50.3678,13.1525,0.13898982107639313,Modrá (Mírné znečištění),Karlovy Vary,Unknown
Unnamed POI,50.1253,13.4669,0.08789743483066559,Modrá (Mírné znečištění),Karlovy Vary,Unknown
Unnamed POI,50.3899,13.0105,0.08877552300691605,Modrá (Mírné znečištění),Karlovy Vary,Unknown
Unnamed POI,50.0783,13.2156,0.059358954429626465,Tmavě modrá (Slabé znečištění),Karlovy Vary,Unknown
Unnamed POI,50.0802,13.2158,0.06198791414499283,Tmavě modrá (Slabé znečištění),Karlovy Vary,Unknown
Unnamed POI,50.1414,13.0364,0.08514957875013351,Modrá (Mírné znečištění),Karlovy Vary,Unknown
Unnamed POI,50.3702,13.1037,0.11099651455879211,Modrá (Mírné znečištění),Karlovy Vary,Unknown
Unnamed POI,50.3608,13.0997,0.09795420616865158,Modrá (Mírné znečištění),Karlovy Vary,Unknown
Unnamed POI,50.3683,13.1513,0.13898982107639313,Modrá (Mírné znečištění),Karlovy Vary,Unknown
Unnamed POI,50.3699,13.101,0.11099651455879211,Modrá (Mírné znečištění),Karlovy Vary,Unknown
Unnamed POI,50.3699,13.101,0.11099651455879211,Modrá (Mírné znečištění),Karlovy Vary,Unknown
Unnamed POI,50.211,12.9989,0.10347330570220947,Modrá (Mírné znečištění),Karlovy Vary,Unknown
Unnamed POI,50.2294,12.9707,0.1409154236316681,Modrá (Mírné znečištění),Karlovy Vary,Unknown
Schillerova rozhledna,50.1722,13.4299,0.15530920028686523,Modrá (Mírné znečištění),Karlovy Vary,Unknown
Klínovec,50.3959,12.9679,0.09745795279741287,Modrá (Mírné znečištění),Karlovy Vary,Unknown
Rozhledna Krásenský vrch,50.1016,12.7864,0.1076182872056961,Modrá (Mírné znečištění),Karlovy Vary,Unknown
rozhledna Krudum,50.1375,12.7292,0.1386350691318512,Modrá (Mírné znečištění),Karlovy Vary,Unknown
rozhledna Bučina,50.256,13.0044,0.12660866975784302,Modrá (Mírné znečištění),Karlovy Vary,Unknown
Boží vyhlídka,50.4054,12.9325,0.10535465180873871,Modrá (Mírné znečištění),Karlovy Vary,Unknown
rozhledna Vochlice,50.1524,13.3169,0.08708152174949646,Modrá (Mírné znečištění),Karlovy Vary,Unknown
Rozhledna Súkenická,49.3988,18.396,0.07998748868703842,Tmavě modrá (Slabé znečištění),Ostrava,Unknown
Unnamed POI,49.8157,17.7597,0.13730357587337494,Modrá (Mírné znečištění),Ostrava,Unknown
Unnamed POI,49.5092,18.4069,0.11991995573043823,Modrá (Mírné znečištění),Ostrava,Unknown
Unnamed POI,49.546,18.4472,0.1374962478876114,Modrá (Mírné znečištění),Ostrava,Unknown
Unnamed POI,49.5471,18.4481,0.1374962478876114,Modrá (Mírné znečištění),Ostrava,Unknown
Unnamed POI,49.5566,18.5413,0.12604030966758728,Modrá (Mírné znečištění),Ostrava,Unknown
Pohled z úbočí Malého Travného,49.5607,18.5436,0.12380828708410263,Modrá (Mírné znečištění),Ostrava,Unknown
Unnamed POI,49.5107,18.3729,0.12307900935411453,Modrá (Mírné znečištění),Ostrava,Unknown
Zbojnická,49.4363,18.4647,0.08723567426204681,Modrá (Mírné znečištění),Ostrava,Unknown
Unnamed POI,49.4992,18.5417,0.09364430606365204,Modrá (Mírné znečištění),Ostrava,Unknown
Hradní věž,49.8043,17.7732,0.14504167437553406,Modrá (Mírné znečištění),Ostrava,Unknown
Skalní ostroh,49.8034,17.7747,0.14436154067516327,Modrá (Mírné znečištění),Ostrava,Unknown
Unnamed POI,49.4198,18.3205,0.09723636507987976,Modrá (Mírné znečištění),Ostrava,Unknown
Unnamed POI,49.5713,18.6738,0.14055542647838593,Modrá (Mírné znečištění),Ostrava,Unknown
Unnamed POI,49.3939,18.4304,0.0816737487912178,Modrá (Mírné znečištění),Ostrava,Unknown
Unnamed POI,49.3942,18.4285,0.0816737487912178,Modrá (Mírné znečištění),Ostrava,Unknown
Švédská skála,49.7137,17.7544,0.14049790799617767,Modrá (Mírné znečištění),Ostrava,Unknown
Unnamed POI,49.513,18.2971,0.15338976681232452,Modrá (Mírné znečištění),Ostrava,Unknown
Unnamed POI,49.5463,18.4493,0.1374962478876114,Modrá (Mírné znečištění),Ostrava,Unknown
Unnamed POI,49.5001,18.3623,0.11600860953330994,Modrá (Mírné znečištění),Ostrava,Unknown
Unnamed POI,49.5622,18.6462,0.12654267251491547,Modrá (Mírné znečištění),Ostrava,Unknown
Vyhlídka u osady Jánské Koupele,49.8344,17.7116,0.11430827528238297,Modrá (Mírné znečištění),Ostrava,Unknown
Unnamed POI,49.5086,18.3702,0.12307900935411453,Modrá (Mírné znečištění),Ostrava,Unknown
Unnamed POI,49.5095,18.3837,0.12082021683454514,Modrá (Mírné znečištění),Ostrava,Unknown
Unnamed POI,49.5197,18.3596,0.13629969954490662,Modrá (Mírné znečištění),Ostrava,Unknown
Unnamed POI,49.5425,18.4284,0.1408926248550415,Modrá (Mírné znečištění),Ostrava,Unknown
Unnamed POI,49.5254,18.3929,0.1527540236711502,Modrá (Mírné znečištění),Ostrava,Unknown
Unnamed POI,49.7038,17.7376,0.13035021722316742,Modrá (Mírné znečištění),Ostrava,Unknown
Unnamed POI,49.5586,18.4434,0.14700092375278473,Modrá (Mírné znečištění),Ostrava,Unknown
Unnamed POI,49.5126,18.3206,0.15424135327339172,Modrá (Mírné znečištění),Ostrava,Unknown
Unnamed POI,49.5399,18.4689,0.12317708134651184,Modrá (Mírné znečištění),Ostrava,Unknown
Unnamed POI,49.5537,18.6181,0.11624104529619217,Modrá (Mírné znečištění),Ostrava,Unknown
Stezka Valaška,49.4934,18.2679,0.13312312960624695,Modrá (Mírné znečištění),Ostrava,Unknown
Unnamed POI,49.4894,18.4913,0.09252829104661942,Modrá (Mírné znečištění),Ostrava,Unknown
Unnamed POI,49.639,17.552,0.11780475080013275,Modrá (Mírné znečištění),Ostrava,Unknown
Lorelei,49.8195,17.7106,0.11617695540189743,Modrá (Mírné znečištění),Ostrava,Unknown
Výhled na Beskydy,49.6306,17.7128,0.1482616811990738,Modrá (Mírné znečištění),Ostrava,Unknown
Unnamed POI,49.4195,18.3207,0.09723636507987976,Modrá (Mírné znečištění),Ostrava,Unknown
Unnamed POI,49.535,18.7224,0.12372834980487823,Modrá (Mírné znečištění),Ostrava,Unknown
Unnamed POI,49.457,18.4406,0.09030807763338089,Modrá (Mírné znečištění),Ostrava,Unknown
Unnamed POI,49.5235,18.3977,0.1527540236711502,Modrá (Mírné znečištění),Ostrava,Unknown
"Vyhlídková věž ""Vikšejn""",49.8043,17.7732,0.14504167437553406,Modrá (Mírné znečištění),Ostrava,Unknown
Unnamed POI,49.9168,17.7468,0.14085796475410461,Modrá (Mírné znečištění),Ostrava,Unknown
Unnamed POI,49.5458,18.4489,0.13087928295135498,Modrá (Mírné znečištění),Ostrava,Unknown
Unnamed POI,49.5456,18.4481,0.13087928295135498,Modrá (Mírné znečištění),Ostrava,Unknown
Unnamed POI,49.512,18.4184,0.11568261682987213,Modrá (Mírné znečištění),Ostrava,Unknown
Vyhlídka U jelena,49.6215,17.6207,0.1308652013540268,Modrá (Mírné znečištění),Ostrava,Unknown
Orlí skála,49.7232,17.7316,0.12130528688430786,Modrá (Mírné znečištění),Ostrava,Unknown
Unnamed POI,49.5743,18.5382,0.1455799639225006,Modrá (Mírné znečištění),Ostrava,Unknown
Unnamed POI,49.5635,18.6668,0.1348971426486969,Modrá (Mírné znečištění),Ostrava,Unknown
Unnamed POI,49.5632,18.6598,0.13322120904922485,Modrá (Mírné znečištění),Ostrava,Unknown
Unnamed POI,49.5633,18.648,0.13033290207386017,Modrá (Mírné znečištění),Ostrava,Unknown
Unnamed POI,49.4197,18.3206,0.09723636507987976,Modrá (Mírné znečištění),Ostrava,Unknown
Unnamed POI,49.4197,18.3206,0.09723636507987976,Modrá (Mírné znečištění),Ostrava,Unknown
Unnamed POI,49.7601,17.7198,0.13031859695911407,Modrá (Mírné znečištění),Ostrava,Unknown
Unnamed POI,49.7598,17.72,0.13031859695911407,Modrá (Mírné znečištění),Ostrava,Unknown
Unnamed POI,49.5434,18.5655,0.11017677187919617,Modrá (Mírné znečištění),Ostrava,Unknown
Unnamed POI,49.5552,18.5594,0.1215454712510109,Modrá (Mírné znečištění),Ostrava,Unknown
Unnamed POI,49.5556,18.5555,0.12303580343723297,Modrá (Mírné znečištění),Ostrava,Unknown
Unnamed POI,49.5466,18.5638,0.1154748797416687,Modrá (Mírné znečištění),Ostrava,Unknown
Unnamed POI,49.5467,18.4975,0.12478362768888474,Modrá (Mírné znečištění),Ostrava,Unknown
Unnamed POI,49.5517,18.4962,0.12478362768888474,Modrá (Mírné znečištění),Ostrava,Unknown
Unnamed POI,49.5133,18.5863,0.09763047099113464,Modrá (Mírné znečištění),Ostrava,Unknown
Ptačí kámen,50.8589,14.3339,0.11081896722316742,Modrá (Mírné znečištění),Ústí nad Labem,Unknown
Unnamed POI,50.8504,14.2219,0.1486290693283081,Modrá (Mírné znečištění),Ústí nad Labem,Unknown
Kamenická vyhlídka,50.8503,14.3444,0.11292338371276855,Modrá (Mírné znečištění),Ústí nad Labem,Unknown
Unnamed POI,50.8206,14.4624,0.129509836435318,Modrá (Mírné znečištění),Ústí nad Labem,Unknown
Válečná díra,50.8213,14.357,0.13093797862529755,Modrá (Mírné znečištění),Ústí nad Labem,Unknown
Unnamed POI,50.8104,14.3542,0.14521946012973785,Modrá (Mírné znečištění),Ústí nad Labem,Unknown
Unnamed POI,50.807,14.3461,0.14576523005962372,Modrá (Mírné znečištění),Ústí nad Labem,Unknown
Unnamed POI,50.6034,14.4505,0.1364065408706665,Modrá (Mírné znečištění),Ústí nad Labem,Unknown
Ronov,50.6204,14.4147,0.1470107138156891,Modrá (Mírné znečištění),Ústí nad Labem,Unknown
Unnamed POI,50.5923,14.2636,0.14147406816482544,Modrá (Mírné znečištění),Ústí nad Labem,Unknown
Unnamed POI,50.849,14.2214,0.1486290693283081,Modrá (Mírné znečištění),Ústí nad Labem,Unknown
Puklá skála,50.6946,13.5857,0.13223138451576233,Modrá (Mírné znečištění),Ústí nad Labem,Unknown
Unnamed POI,50.7833,13.9221,0.14671123027801514,Modrá (Mírné znečištění),Ústí nad Labem,Unknown
Unnamed POI,50.7831,13.9222,0.14671123027801514,Modrá (Mírné znečištění),Ústí nad Labem,Unknown
Unnamed POI,50.5935,14.2633,0.14147406816482544,Modrá (Mírné znečištění),Ústí nad Labem,Unknown
rozhledna Kohout,50.7104,14.3143,0.15749071538448334,Modrá (Mírné znečištění),Ústí nad Labem,Unknown
rozhledna Strážný vrch,50.6872,14.3556,0.1404866874217987,Modrá (Mírné znečištění),Ústí nad Labem,Unknown
Víťova vyhlídka,50.6494,14.2768,0.14121168851852417,Modrá (Mírné znečištění),Ústí nad Labem,Unknown
Unnamed POI,50.6004,14.4504,0.1364065408706665,Modrá (Mírné znečištění),Ústí nad Labem,Unknown
Unnamed POI,50.5878,14.3724,0.13071821630001068,Modrá (Mírné znečištění),Ústí nad Labem,Unknown
Unnamed POI,50.5948,14.2637,0.14147406816482544,Modrá (Mírné znečištění),Ústí nad Labem,Unknown
Unnamed POI,50.5969,14.2627,0.13955643773078918,Modrá (Mírné znečištění),Ústí nad Labem,Unknown
Rozhledna Janovský vrch,50.8609,14.2697,0.1315390169620514,Modrá (Mírné znečištění),Ústí nad Labem,Unknown
Unnamed POI,50.8726,14.4567,0.11147522926330566,Modrá (Mírné znečištění),Ústí nad Labem,Unknown
Unnamed POI,50.804,14.4585,0.1583973467350006,Modrá (Mírné znečištění),Ústí nad Labem,Unknown
Unnamed POI,50.801,14.4767,0.1468804031610489,Modrá (Mírné znečištění),Ústí nad Labem,Unknown
Vyhlídka,50.609,14.2795,0.1335000991821289,Modrá (Mírné znečištění),Ústí nad Labem,Unknown
Unnamed POI,50.6122,14.284,0.1323431134223938,Modrá (Mírné znečištění),Ústí nad Labem,Unknown
Unnamed POI,50.7935,14.354,0.15780776739120483,Modrá (Mírné znečištění),Ústí nad Labem,Unknown
výhled na Českosaské Švýcarsko,50.7644,14.3755,0.1486661732196808,Modrá (Mírné znečištění),Ústí nad Labem,Unknown
vyhlídka,50.7553,14.3712,0.1479552686214447,Modrá (Mírné znečištění),Ústí nad Labem,Unknown
vyhlídka,50.7482,14.366,0.1509707272052765,Modrá (Mírné znečištění),Ústí nad Labem,Unknown
vyhlídka Liščí Hory,50.7323,14.357,0.1594589203596115,Modrá (Mírné znečištění),Ústí nad Labem,Unknown
Unnamed POI,50.7364,14.3671,0.15739835798740387,Modrá (Mírné znečištění),Ústí nad Labem,Unknown
Unnamed POI,50.7395,14.3646,0.15302035212516785,Modrá (Mírné znečištění),Ústí nad Labem,Unknown
Unnamed POI,50.6906,14.2868,0.15111371874809265,Modrá (Mírné znečištění),Ústí nad Labem,Unknown
výhled na Sedlo,50.6897,14.2833,0.15111371874809265,Modrá (Mírné znečištění),Ústí nad Labem,Unknown
Unnamed POI,50.6907,14.2847,0.15111371874809265,Modrá (Mírné znečištění),Ústí nad Labem,Unknown
Unnamed POI,50.6908,14.2824,0.153376504778862,Modrá (Mírné znečištění),Ústí nad Labem,Unknown
vyhlídka nad soutěskou,50.8003,14.3626,0.15305766463279724,Modrá (Mírné znečištění),Ústí nad Labem,Unknown
Unnamed POI,50.8465,14.3508,0.1124807596206665,Modrá (Mírné znečištění),Ústí nad Labem,Unknown
výhled na Lužické hory,50.7637,14.3774,0.1486661732196808,Modrá (Mírné znečištění),Ústí nad Labem,Unknown
Unnamed POI,50.7899,14.4833,0.15758384764194489,Modrá (Mírné znečištění),Ústí nad Labem,Unknown
Unnamed POI,50.7607,14.366,0.15008671581745148,Modrá (Mírné znečištění),Ústí nad Labem,Unknown
val,50.7708,14.384,0.14949391782283783,Modrá (Mírné znečištění),Ústí nad Labem,Unknown
Belvedér,50.8495,14.2214,0.1486290693283081,Modrá (Mírné znečištění),Ústí nad Labem,Unknown
Unnamed POI,50.5992,14.4659,0.1380273550748825,Modrá (Mírné znečištění),Ústí nad Labem,Unknown
Unnamed POI,50.554,14.4942,0.1323612630367279,Modrá (Mírné znečištění),Ústí nad Labem,Unknown
Unnamed POI,50.7878,14.3353,0.15613475441932678,Modrá (Mírné znečištění),Ústí nad Labem,Unknown
Unnamed POI,50.85,14.4375,0.11150601506233215,Modrá (Mírné znečištění),Ústí nad Labem,Unknown
výhled na Lužické hory a Markvartickou kotlinu,50.7959,14.379,0.1545463502407074,Modrá (Mírné znečištění),Ústí nad Labem,Unknown
Unnamed POI,50.7034,14.2838,0.15532025694847107,Modrá (Mírné znečištění),Ústí nad Labem,Unknown
Unnamed POI,50.6991,14.2802,0.15732558071613312,Modrá (Mírné znečištění),Ústí nad Labem,Unknown
"výhled Jedlová, Sokol",50.8237,14.5028,0.12138499319553375,Modrá (Mírné znečištění),Ústí nad Labem,Unknown
výhled na Chřibskou,50.826,14.5011,0.12138499319553375,Modrá (Mírné znečištění),Ústí nad Labem,Unknown
Unnamed POI,50.7517,14.387,0.14786922931671143,Modrá (Mírné znečištění),Ústí nad Labem,Unknown
rozhledna Růženka,50.8441,14.3011,0.12653550505638123,Modrá (Mírné znečištění),Ústí nad Labem,Unknown
Unnamed POI,50.8441,14.3013,0.12653550505638123,Modrá (Mírné znečištění),Ústí nad Labem,Unknown
Unnamed POI,50.8302,14.4062,0.11854562908411026,Modrá (Mírné znečištění),Ústí nad Labem,Unknown
Unnamed POI,50.8609,14.2679,0.1315390169620514,Modrá (Mírné znečištění),Ústí nad Labem,Unknown
Unnamed POI,50.8069,14.4672,0.13626728951931,Modrá (Mírné znečištění),Ústí nad Labem,Unknown
Krásná vyhlídka,50.356,13.9712,0.15309394896030426,Modrá (Mírné znečištění),Ústí nad Labem,Unknown
Unnamed POI,50.8638,14.3812,0.10017381608486176,Modrá (Mírné znečištění),Ústí nad Labem,Unknown
Unnamed POI,50.8644,14.3795,0.10017381608486176,Modrá (Mírné znečištění),Ústí nad Labem,Unknown
Unnamed POI,50.8006,14.4768,0.1468804031610489,Modrá (Mírné znečištění),Ústí nad Labem,Unknown
Unnamed POI,50.8074,14.4681,0.13626728951931,Modrá (Mírné znečištění),Ústí nad Labem,Unknown
Unnamed POI,50.8142,14.3737,0.13610784709453583,Modrá (Mírné znečištění),Ústí nad Labem,Unknown
Unnamed POI,50.8178,14.3822,0.13823489844799042,Modrá (Mírné znečištění),Ústí nad Labem,Unknown
výhled na Českosaské Švýcarsko,50.7809,14.4009,0.15283623337745667,Modrá (Mírné znečištění),Ústí nad Labem,Unknown
Unnamed POI,50.7822,14.4032,0.15283623337745667,Modrá (Mírné znečištění),Ústí nad Labem,Unknown
výhled na Růžovský vrch,50.7964,14.3763,0.1545463502407074,Modrá (Mírné znečištění),Ústí nad Labem,Unknown
Unnamed POI,50.7611,14.3934,0.14918117225170135,Modrá (Mírné znečištění),Ústí nad Labem,Unknown
Unnamed POI,50.8715,14.2623,0.12953369319438934,Modrá (Mírné znečištění),Ústí nad Labem,Unknown
Unnamed POI,50.8212,14.357,0.13093797862529755,Modrá (Mírné znečištění),Ústí nad Labem,Unknown
Unnamed POI,50.5877,14.3718,0.13071821630001068,Modrá (Mírné znečištění),Ústí nad Labem,Unknown
Mravenečník,50.7003,13.5646,0.12093789875507355,Modrá (Mírné znečištění),Ústí nad Labem,Unknown
Unnamed POI,50.8381,14.2924,0.13045378029346466,Modrá (Mírné znečištění),Ústí nad Labem,Unknown
Máchova vyhlídka,50.6124,14.5074,0.1541973352432251,Modrá (Mírné znečištění),Ústí nad Labem,Unknown
Unnamed POI,50.6106,14.5038,0.1541973352432251,Modrá (Mírné znečištění),Ústí nad Labem,Unknown
Unnamed POI,50.6209,14.4094,0.15579183399677277,Modrá (Mírné znečištění),Ústí nad Labem,Unknown
Papinova vyhlídka,50.6287,14.4029,0.1513032615184784,Modrá (Mírné znečištění),Ústí nad Labem,Unknown
Vyhlídka republiky,50.8169,14.5284,0.12811186909675598,Modrá (Mírné znečištění),Ústí nad Labem,Unknown
Unnamed POI,50.6201,14.4143,0.1470107138156891,Modrá (Mírné znečištění),Ústí nad Labem,Unknown
výhled na Helfenburk,50.5819,14.3784,0.1278972029685974,Modrá (Mírné znečištění),Ústí nad Labem,Unknown
Unnamed POI,50.6012,14.2619,0.13955643773078918,Modrá (Mírné znečištění),Ústí nad Labem,Unknown
Unnamed POI,50.8222,14.4652,0.11952728033065796,Modrá (Mírné znečištění),Ústí nad Labem,Unknown
Unnamed POI,50.8216,14.4629,0.11952728033065796,Modrá (Mírné znečištění),Ústí nad Labem,Unknown
Unnamed POI,50.8217,14.4653,0.11952728033065796,Modrá (Mírné znečištění),Ústí nad Labem,Unknown
Unnamed POI,50.6785,14.364,0.14205613732337952,Modrá (Mírné znečištění),Ústí nad Labem,Unknown
Unnamed POI,50.6801,14.3604,0.14240598678588867,Modrá (Mírné znečištění),Ústí nad Labem,Unknown
Unnamed POI,50.8255,14.5014,0.12138499319553375,Modrá (Mírné znečištění),Ústí nad Labem,Unknown
Unnamed POI,50.8418,14.492,0.11500165611505508,Modrá (Mírné znečištění),Ústí nad Labem,Unknown
Unnamed POI,50.8424,14.4904,0.11443141847848892,Modrá (Mírné znečištění),Ústí nad Labem,Unknown
Unnamed POI,50.8419,14.491,0.11443141847848892,Modrá (Mírné znečištění),Ústí nad Labem,Unknown
Unnamed POI,50.6124,14.4826,0.1511620283126831,Modrá (Mírné znečištění),Ústí nad Labem,Unknown
Unnamed POI,50.8433,14.3976,0.11339451372623444,Modrá (Mírné znečištění),Ústí nad Labem,Unknown
Unnamed POI,50.8682,14.296,0.11869033426046371,Modrá (Mírné znečištění),Ústí nad Labem,Unknown
Unnamed POI,50.8278,14.5117,0.12167327105998993,Modrá (Mírné znečištění),Ústí nad Labem,Unknown
Unnamed POI,50.6077,14.2857,0.1323431134223938,Modrá (Mírné znečištění),Ústí nad Labem,Unknown
Unnamed POI,50.7325,14.4133,0.1582876592874527,Modrá (Mírné znečištění),Ústí nad Labem,Unknown
Unnamed POI,50.5978,14.4572,0.1364065408706665,Modrá (Mírné znečištění),Ústí nad Labem,Unknown
Unnamed POI,50.5949,14.4568,0.12963297963142395,Modrá (Mírné znečištění),Ústí nad Labem,Unknown
Unnamed POI,50.6055,14.421,0.14031462371349335,Modrá (Mírné znečištění),Ústí nad Labem,Unknown
Unnamed POI,50.6055,14.4215,0.14031462371349335,Modrá (Mírné znečištění),Ústí nad Labem,Unknown
Unnamed POI,50.5954,14.4464,0.1293567419052124,Modrá (Mírné znečištění),Ústí nad Labem,Unknown
Unnamed POI,50.5946,14.4441,0.1293567419052124,Modrá (Mírné znečištění),Ústí nad Labem,Unknown
Unnamed POI,50.5958,14.447,0.1293567419052124,Modrá (Mírné znečištění),Ústí nad Labem,Unknown
Unnamed POI,50.8691,14.2965,0.11869033426046371,Modrá (Mírné znečištění),Ústí nad Labem,Unknown
Unnamed POI,50.5905,14.4731,0.13210377097129822,Modrá (Mírné znečištění),Ústí nad Labem,Unknown
výhled na Opičí skálu,50.5896,14.378,0.12909924983978271,Modrá (Mírné znečištění),Ústí nad Labem,Unknown
Unnamed POI,50.7867,14.4123,0.1568707376718521,Modrá (Mírné znečištění),Ústí nad Labem,Unknown
Unnamed POI,50.7844,14.4221,0.1568264365196228,Modrá (Mírné znečištění),Ústí nad Labem,Unknown
Unnamed POI,50.7641,14.377,0.1486661732196808,Modrá (Mírné znečištění),Ústí nad Labem,Unknown
Unnamed POI,50.7654,14.3645,0.15164050459861755,Modrá (Mírné znečištění),Ústí nad Labem,Unknown
Unnamed POI,50.6688,14.2869,0.1560058891773224,Modrá (Mírné znečištění),Ústí nad Labem,Unknown
Unnamed POI,50.7832,13.9204,0.14671123027801514,Modrá (Mírné znečištění),Ústí nad Labem,Unknown
Unnamed POI,50.5968,14.2622,0.13955643773078918,Modrá (Mírné znečištění),Ústí nad Labem,Unknown
Unnamed POI,50.6015,14.2619,0.13955643773078918,Modrá (Mírné znečištění),Ústí nad Labem,Unknown
Unnamed POI,50.606,14.2575,0.14255930483341217,Modrá (Mírné znečištění),Ústí nad Labem,Unknown
Unnamed POI,50.8026,14.0396,0.15592129528522491,Modrá (Mírné znečištění),Ústí nad Labem,Unknown
Unnamed POI,50.8024,14.0397,0.15592129528522491,Modrá (Mírné znečištění),Ústí nad Labem,Unknown
Pod Budinou,50.5799,14.3566,0.13927772641181946,Modrá (Mírné znečištění),Ústí nad Labem,Unknown
Unnamed POI,50.5745,14.3628,0.13007399439811707,Modrá (Mírné znečištění),Ústí nad Labem,Unknown
Unnamed POI,50.8586,14.3484,0.10969434678554535,Modrá (Mírné znečištění),Ústí nad Labem,Unknown
Unnamed POI,50.8584,14.3473,0.10969434678554535,Modrá (Mírné znečištění),Ústí nad Labem,Unknown
Unnamed POI,50.8586,14.348,0.10969434678554535,Modrá (Mírné znečištění),Ústí nad Labem,Unknown
Unnamed POI,50.5921,14.3713,0.13071821630001068,Modrá (Mírné znečištění),Ústí nad Labem,Unknown
Unnamed POI,50.5715,14.3854,0.12232345342636108,Modrá (Mírné znečištění),Ústí nad Labem,Unknown
Treppenstein,50.8598,14.3936,0.10520810633897781,Modrá (Mírné znečištění),Ústí nad Labem,Unknown
Unnamed POI,50.5958,14.275,0.13909444212913513,Modrá (Mírné znečištění),Ústí nad Labem,Unknown
Unnamed POI,50.6037,14.2789,0.13711991906166077,Modrá (Mírné znečištění),Ústí nad Labem,Unknown
Unnamed POI,50.6045,14.2783,0.1335000991821289,Modrá (Mírné znečištění),Ústí nad Labem,Unknown
Unnamed POI,50.6064,14.2852,0.1323431134223938,Modrá (Mírné znečištění),Ústí nad Labem,Unknown
Unnamed POI,50.5965,14.254,0.14130261540412903,Modrá (Mírné znečištění),Ústí nad Labem,Unknown
Unnamed POI,50.5858,14.2615,0.14622560143470764,Modrá (Mírné znečištění),Ústí nad Labem,Unknown
Unnamed POI,50.585,14.2626,0.14622560143470764,Modrá (Mírné znečištění),Ústí nad Labem,Unknown
Unnamed POI,50.8488,14.2213,0.1486290693283081,Modrá (Mírné znečištění),Ústí nad Labem,Unknown
Unnamed POI,50.7632,14.4246,0.15283623337745667,Modrá (Mírné znečištění),Ústí nad Labem,Unknown
Unnamed POI,50.8492,14.3481,0.11292338371276855,Modrá (Mírné znečištění),Ústí nad Labem,Unknown
Unnamed POI,50.5896,14.4213,0.12769494950771332,Modrá (Mírné znečištění),Ústí nad Labem,Unknown
Unnamed POI,50.7985,14.326,0.15801693499088287,Modrá (Mírné znečištění),Ústí nad Labem,Unknown
Unnamed POI,50.8035,14.3341,0.15520833432674408,Modrá (Mírné znečištění),Ústí nad Labem,Unknown
Unnamed POI,50.8056,14.3342,0.14691203832626343,Modrá (Mírné znečištění),Ústí nad Labem,Unknown
Unnamed POI,50.5422,14.3751,0.13866488635540009,Modrá (Mírné znečištění),Ústí nad Labem,Unknown
Unnamed POI,50.8317,14.2696,0.14617830514907837,Modrá (Mírné znečištění),Ústí nad Labem,Unknown
Unnamed POI,50.8308,14.2676,0.14617830514907837,Modrá (Mírné znečištění),Ústí nad Labem,Unknown
Unnamed POI,50.655,14.3572,0.13563406467437744,Modrá (Mírné znečištění),Ústí nad Labem,Unknown
výhled na Helfenburk,50.5815,14.3819,0.1278972029685974,Modrá (Mírné znečištění),Ústí nad Labem,Unknown
Unnamed POI,50.7678,14.3767,0.1486661732196808,Modrá (Mírné znečištění),Ústí nad Labem,Unknown
Unnamed POI,50.8742,14.2861,0.11636823415756226,Modrá (Mírné znečištění),Ústí nad Labem,Unknown
Unnamed POI,50.8498,14.2151,0.15286581218242645,Modrá (Mírné znečištění),Ústí nad Labem,Unknown
Unnamed POI,50.5801,14.392,0.12540768086910248,Modrá (Mírné znečištění),Ústí nad Labem,Unknown
Unnamed POI,50.5717,14.3892,0.12232345342636108,Modrá (Mírné znečištění),Ústí nad Labem,Unknown
Unnamed POI,50.8149,14.3637,0.13526137173175812,Modrá (Mírné znečištění),Ústí nad Labem,Unknown
Unnamed POI,50.8198,14.3672,0.13610784709453583,Modrá (Mírné znečištění),Ústí nad Labem,Unknown
Unnamed POI,50.6606,14.2515,0.15002849698066711,Modrá (Mírné znečištění),Ústí nad Labem,Unknown
Unnamed POI,50.863,14.3214,0.1098526194691658,Modrá (Mírné znečištění),Ústí nad Labem,Unknown
Unnamed POI,50.7891,14.4926,0.15381157398223877,Modrá (Mírné znečištění),Ústí nad Labem,Unknown
Unnamed POI,50.8455,14.4226,0.11313702166080475,Modrá (Mírné znečištění),Ústí nad Labem,Unknown
Unnamed POI,50.8464,14.351,0.1124807596206665,Modrá (Mírné znečištění),Ústí nad Labem,Unknown
Unnamed POI,50.8353,14.3437,0.12475690990686417,Modrá (Mírné znečištění),Ústí nad Labem,Unknown
Unnamed POI,50.8465,14.3503,0.1124807596206665,Modrá (Mírné znečištění),Ústí nad Labem,Unknown
Vyhlídka Fénix,50.8742,14.2861,0.11636823415756226,Modrá (Mírné znečištění),Ústí nad Labem,Unknown
Unnamed POI,50.5038,14.4822,0.14313526451587677,Modrá (Mírné znečištění),Ústí nad Labem,Unknown
Unnamed POI,50.7352,14.3698,0.15739835798740387,Modrá (Mírné znečištění),Ústí nad Labem,Unknown
Unnamed POI,50.8731,14.2534,0.14267446100711823,Modrá (Mírné znečištění),Ústí nad Labem,Unknown
Víťova rozhledna,50.6495,14.2767,0.14121168851852417,Modrá (Mírné znečištění),Ústí nad Labem,Unknown
Helfenburk,50.5792,14.3842,0.1267811805009842,Modrá (Mírné znečištění),Ústí nad Labem,Unknown
Stradonka,50.3724,13.9713,0.15748097002506256,Modrá (Mírné znečištění),Ústí nad Labem,Unknown
Travičná,48.8601,17.3656,0.12642501294612885,Modrá (Mírné znečištění),Zlín,Unknown
Doubrava,49.1838,17.8729,0.13271087408065796,Modrá (Mírné znečištění),Zlín,Unknown
Unnamed POI,49.3713,17.7559,0.1358267068862915,Modrá (Mírné znečištění),Zlín,Unknown
Unnamed POI,49.3743,17.7567,0.1358267068862915,Modrá (Mírné znečištění),Zlín,Unknown
Unnamed POI,49.3174,17.8152,0.13544607162475586,Modrá (Mírné znečištění),Zlín,Unknown
Unnamed POI,49.4032,18.0762,0.1315830498933792,Modrá (Mírné znečištění),Zlín,Unknown
Unnamed POI,49.1985,17.1201,0.14432527124881744,Modrá (Mírné znečištění),Zlín,Unknown
Unnamed POI,49.2611,17.854,0.15140116214752197,Modrá (Mírné znečištění),Zlín,Unknown
Unnamed POI,49.2283,18.079,0.08962711691856384,Modrá (Mírné znečištění),Zlín,Unknown
Unnamed POI,49.365,17.8272,0.12359888851642609,Modrá (Mírné znečištění),Zlín,Unknown
Unnamed POI,49.3737,17.8387,0.12340296059846878,Modrá (Mírné znečištění),Zlín,Unknown
Unnamed POI,49.413,17.8589,0.1404866874217987,Modrá (Mírné znečištění),Zlín,Unknown
Unnamed POI,49.4139,17.8688,0.14128996431827545,Modrá (Mírné znečištění),Zlín,Unknown
Vrše,49.1209,17.2624,0.12857793271541595,Modrá (Mírné znečištění),Zlín,Unknown
Unnamed POI,49.0958,17.2266,0.13170559704303741,Modrá (Mírné znečištění),Zlín,Unknown
Unnamed POI,49.1037,17.2935,0.14681479334831238,Modrá (Mírné znečištění),Zlín,Unknown
Unnamed POI,49.1039,17.2906,0.1419517546892166,Modrá (Mírné znečištění),Zlín,Unknown
Unnamed POI,49.1847,17.3672,0.15040850639343262,Modrá (Mírné znečištění),Zlín,Unknown
Unnamed POI,49.4131,17.7974,0.14857442677021027,Modrá (Mírné znečištění),Zlín,Unknown
Unnamed POI,48.9268,17.6711,0.1223219707608223,Modrá (Mírné znečištění),Zlín,Unknown
Unnamed POI,49.3498,17.7145,0.15534472465515137,Modrá (Mírné znečištění),Zlín,Unknown
Unnamed POI,49.364,17.7113,0.1588892936706543,Modrá (Mírné znečištění),Zlín,Unknown
Na Skalce,49.0251,17.8444,0.12689144909381866,Modrá (Mírné znečištění),Zlín,Unknown
Unnamed POI,48.915,17.6804,0.12346244603395462,Modrá (Mírné znečištění),Zlín,Unknown
Unnamed POI,49.2982,17.885,0.1293383687734604,Modrá (Mírné znečištění),Zlín,Unknown
kamen s vyhlidkou,49.139,17.2526,0.12685313820838928,Modrá (Mírné znečištění),Zlín,Unknown
Unnamed POI,49.2411,18.0924,0.0795847550034523,Tmavě modrá (Slabé znečištění),Zlín,Unknown
Unnamed POI,49.1204,17.2397,0.12712471187114716,Modrá (Mírné znečištění),Zlín,Unknown
Unnamed POI,49.1381,17.2168,0.1489717662334442,Modrá (Mírné znečištění),Zlín,Unknown
Unnamed POI,49.1332,17.2278,0.13289499282836914,Modrá (Mírné znečištění),Zlín,Unknown
Unnamed POI,49.1388,17.2524,0.12685313820838928,Modrá (Mírné znečištění),Zlín,Unknown
Unnamed POI,49.1289,17.2329,0.12977997958660126,Modrá (Mírné znečištění),Zlín,Unknown
Rozhledna Obecnice,48.9141,17.6702,0.11868058890104294,Modrá (Mírné znečištění),Zlín,Unknown
Unnamed POI,49.1775,17.3398,0.13215738534927368,Modrá (Mírné znečištění),Zlín,Unknown
Unnamed POI,49.1397,18.0613,0.11045766621828079,Modrá (Mírné znečištění),Zlín,Unknown
Unnamed POI,49.2047,17.9429,0.10405642539262772,Modrá (Mírné znečištění),Zlín,Unknown
Unnamed POI,49.0476,18.0079,0.10975247621536255,Modrá (Mírné znečištění),Zlín,Unknown
Unnamed POI,49.0499,18.0084,0.11246870458126068,Modrá (Mírné znečištění),Zlín,Unknown
Unnamed POI,49.0522,18.0084,0.11246870458126068,Modrá (Mírné znečištění),Zlín,Unknown
rozhledna Lebedov,49.2125,17.2868,0.15164564549922943,Modrá (Mírné znečištění),Zlín,Unknown
Kamenný stůl,49.2223,17.2526,0.15473678708076477,Modrá (Mírné znečištění),Zlín,Unknown
Unnamed POI,49.3722,17.7538,0.1358267068862915,Modrá (Mírné znečištění),Zlín,Unknown
Unnamed POI,49.3249,17.7866,0.14482128620147705,Modrá (Mírné znečištění),Zlín,Unknown
Výhled na chatu Bunč,49.1816,17.3481,0.1387026011943817,Modrá (Mírné znečištění),Zlín,Unknown
Unnamed POI,49.3428,17.929,0.1549031287431717,Modrá (Mírné znečištění),Zlín,Unknown
Unnamed POI,49.2481,18.1124,0.07609367370605469,Tmavě modrá (Slabé znečištění),Zlín,Unknown
Unnamed POI,49.639,17.552,0.11780475080013275,Modrá (Mírné znečištění),Zlín,Unknown
Výhled na Beskydy,49.6306,17.7128,0.1482616811990738,Modrá (Mírné znečištění),Zlín,Unknown
Cimburk,49.1036,17.2156,0.1289585679769516,Modrá (Mírné znečištění),Zlín,Unknown
Koryčanská kaple,49.0817,17.1991,0.140602707862854,Modrá (Mírné znečištění),Zlín,Unknown
Unnamed POI,49.0715,17.2218,0.14726820588111877,Modrá (Mírné znečištění),Zlín,Unknown
Unnamed POI,49.2275,18.0781,0.08962711691856384,Modrá (Mírné znečištění),Zlín,Unknown
Unnamed POI,49.0851,17.2212,0.1378558874130249,Modrá (Mírné znečištění),Zlín,Unknown
Unnamed POI,49.0619,18.0312,0.11724549531936646,Modrá (Mírné znečištění),Zlín,Unknown
Unnamed POI,49.0664,18.048,0.11232170462608337,Modrá (Mírné znečištění),Zlín,Unknown
Unnamed POI,49.1641,18.07,0.12348102033138275,Modrá (Mírné znečištění),Zlín,Unknown
Rozhledna Doubrava,49.1838,17.8729,0.13271087408065796,Modrá (Mírné znečištění),Zlín,Unknown
Vyhlídkové místo Nad vlekem,49.1664,17.8357,0.14153867959976196,Modrá (Mírné znečištění),Zlín,Unknown
rozhledna Kelčský Javorník,49.4001,17.7655,0.14103306829929352,Modrá (Mírné znečištění),Zlín,Unknown
Unnamed POI,49.4032,18.0757,0.1315830498933792,Modrá (Mírné znečištění),Zlín,Unknown
Unnamed POI,49.4165,17.7978,0.14857442677021027,Modrá (Mírné znečištění),Zlín,Unknown
Unnamed POI,49.4209,17.8124,0.15026700496673584,Modrá (Mírné znečištění),Zlín,Unknown
Vyhlídka U jelena,49.6215,17.6207,0.1308652013540268,Modrá (Mírné znečištění),Zlín,Unknown
Unnamed POI,49.4224,17.8437,0.14360801875591278,Modrá (Mírné znečištění),Zlín,Unknown
Unnamed POI,49.3994,17.8831,0.13822388648986816,Modrá (Mírné znečištění),Zlín,Unknown
Unnamed POI,49.4251,17.9004,0.15826953947544098,Modrá (Mírné znečištění),Zlín,Unknown
Unnamed POI,49.4223,17.8968,0.15386071801185608,Modrá (Mírné znečištění),Zlín,Unknown
Unnamed POI,49.418,18.028,0.15872354805469513,Modrá (Mírné znečištění),Zlín,Unknown
Unnamed POI,49.2547,18.0412,0.09230075031518936,Modrá (Mírné znečištění),Zlín,Unknown
Rozhledna Brdo,49.1707,17.3082,0.12330283224582672,Modrá (Mírné znečištění),Zlín,Unknown
Rozhledna Zdenička,49.2171,17.2825,0.15500059723854065,Modrá (Mírné znečištění),Zlín,Unknown
Korytňanská rozhledna,48.9141,17.6702,0.11868058890104294,Modrá (Mírné znečištění),Zlín,Unknown
Vyhlídka u hrušky,49.2334,17.9152,0.11643444746732712,Modrá (Mírné znečištění),Zlín,Unknown
Vartovna,49.27,17.9388,0.11282487958669662,Modrá (Mírné znečištění),Zlín,Unknown
Pozorovatelna Durch,49.1467,18.0791,0.10370001941919327,Modrá (Mírné znečištění),Zlín,Unknown
Rozhledna U Cyrila Bureše,49.1339,18.0384,0.12705086171627045,Modrá (Mírné znečištění),Zlín,Unknown
Rozhledna Maruška,49.3659,17.8284,0.12359888851642609,Modrá (Mírné znečištění),Zlín,Unknown
rozhledna Salaš,49.1428,17.3522,0.1529463529586792,Modrá (Mírné znečištění),Zlín,Unknown
Unnamed POI,48.8632,16.6335,0.1521548628807068,Modrá (Mírné znečištění),Brno,Unknown
Babylon,49.4437,16.4639,0.12155706435441971,Modrá (Mírné znečištění),Brno,Unknown
Babylon,49.3848,16.3598,0.13611213862895966,Modrá (Mírné znečištění),Brno,Unknown
Unnamed POI,49.3948,16.3388,0.11751564592123032,Modrá (Mírné znečištění),Brno,Unknown
Unnamed POI,49.4067,16.384,0.12990228831768036,Modrá (Mírné znečištění),Brno,Unknown
Rozhledna Ocmanice,49.2277,16.1176,0.14878275990486145,Modrá (Mírné znečištění),Brno,Unknown
Vyhlídka Nad Soutěskou,48.8648,16.6432,0.1526152491569519,Modrá (Mírné znečištění),Brno,Unknown
Unnamed POI,49.1985,17.1201,0.14432527124881744,Modrá (Mírné znečištění),Brno,Unknown
Malá skála,49.1364,16.2467,0.15204501152038574,Modrá (Mírné znečištění),Brno,Unknown
Wilsonova vyhlídka,49.1615,16.0898,0.1350226253271103,Modrá (Mírné znečištění),Brno,Unknown
Rubačka,49.3232,15.9575,0.12940508127212524,Modrá (Mírné znečištění),Brno,Unknown
Unnamed POI,49.397,16.2866,0.10345456004142761,Modrá (Mírné znečištění),Brno,Unknown
Unnamed POI,49.1627,16.1657,0.1492551565170288,Modrá (Mírné znečištění),Brno,Unknown
Unnamed POI,49.473,16.4792,0.12155073881149292,Modrá (Mírné znečištění),Brno,Unknown
Unnamed POI,49.1598,16.2308,0.14509306848049164,Modrá (Mírné znečištění),Brno,Unknown
Unnamed POI,49.1392,16.2404,0.14758095145225525,Modrá (Mírné znečištění),Brno,Unknown
Unnamed POI,49.1659,16.1656,0.1492551565170288,Modrá (Mírné znečištění),Brno,Unknown
Unnamed POI,49.1289,16.2733,0.15428052842617035,Modrá (Mírné znečištění),Brno,Unknown
Unnamed POI,49.1292,16.2646,0.1528196632862091,Modrá (Mírné znečištění),Brno,Unknown
Unnamed POI,49.1292,16.272,0.15598224103450775,Modrá (Mírné znečištění),Brno,Unknown
Unnamed POI,49.1326,16.2532,0.15150555968284607,Modrá (Mírné znečištění),Brno,Unknown
Unnamed POI,49.1389,16.2301,0.14806514978408813,Modrá (Mírné znečištění),Brno,Unknown
Rozhledna u Křížku,48.8566,16.4718,0.13758431375026703,Modrá (Mírné znečištění),Brno,Unknown
Unnamed POI,49.4346,16.3598,0.11558371782302856,Modrá (Mírné znečištění),Brno,Unknown
Unnamed POI,49.553,16.6413,0.15343642234802246,Modrá (Mírné znečištění),Brno,Unknown
Unnamed POI,49.56,16.4707,0.11182485520839691,Modrá (Mírné znečištění),Brno,Unknown
Unnamed POI,49.4519,16.3087,0.10613428056240082,Modrá (Mírné znečištění),Brno,Unknown
Unnamed POI,49.452,16.3087,0.10613428056240082,Modrá (Mírné znečištění),Brno,Unknown
Unnamed POI,49.3998,16.7677,0.15735003352165222,Modrá (Mírné znečištění),Brno,Unknown
Unnamed POI,49.402,16.7764,0.15288597345352173,Modrá (Mírné znečištění),Brno,Unknown
Unnamed POI,49.4458,16.8455,0.13055816292762756,Modrá (Mírné znečištění),Brno,Unknown
Unnamed POI,49.4636,16.7201,0.15683422982692719,Modrá (Mírné znečištění),Brno,Unknown
Unnamed POI,49.4841,16.7367,0.14101409912109375,Modrá (Mírné znečištění),Brno,Unknown
Unnamed POI,49.4881,16.727,0.14404940605163574,Modrá (Mírné znečištění),Brno,Unknown
Unnamed POI,49.4438,16.7159,0.15492475032806396,Modrá (Mírné znečištění),Brno,Unknown
vyhlídka u Heřmanova (608m n.m.),49.3765,16.1853,0.10333202034235,Modrá (Mírné znečištění),Brno,Unknown
Unnamed POI,49.3261,16.3408,0.15134590864181519,Modrá (Mírné znečištění),Brno,Unknown
Unnamed POI,49.1741,16.1577,0.15609252452850342,Modrá (Mírné znečištění),Brno,Unknown
Unnamed POI,49.4931,16.501,0.14594972133636475,Modrá (Mírné znečištění),Brno,Unknown
Unnamed POI,49.494,16.5004,0.14594972133636475,Modrá (Mírné znečištění),Brno,Unknown
Unnamed POI,49.0978,16.2472,0.1455267071723938,Modrá (Mírné znečištění),Brno,Unknown
Na babách,49.0994,16.2237,0.1567055881023407,Modrá (Mírné znečištění),Brno,Unknown
Velký kačer,49.1016,16.2459,0.1455267071723938,Modrá (Mírné znečištění),Brno,Unknown
Velká skála,49.1024,16.2407,0.14912591874599457,Modrá (Mírné znečištění),Brno,Unknown
Unnamed POI,48.8674,16.6512,0.153044193983078,Modrá (Mírné znečištění),Brno,Unknown
Unnamed POI,49.002,16.3179,0.13755497336387634,Modrá (Mírné znečištění),Brno,Unknown
Unnamed POI,49.3739,16.1551,0.10565008223056793,Modrá (Mírné znečištění),Brno,Unknown
Unnamed POI,49.1381,17.2168,0.1489717662334442,Modrá (Mírné znečištění),Brno,Unknown
Unnamed POI,49.471,16.4278,0.10614693909883499,Modrá (Mírné znečištění),Brno,Unknown
Unnamed POI,48.8567,16.4719,0.13758431375026703,Modrá (Mírné znečištění),Brno,Unknown
Helišova skála,49.4125,16.7587,0.15979613363742828,Modrá (Mírné znečištění),Brno,Unknown
Unnamed POI,49.4125,16.7587,0.15979613363742828,Modrá (Mírné znečištění),Brno,Unknown
Pavlov,48.872,16.6556,0.1556442379951477,Modrá (Mírné znečištění),Brno,Unknown
Unnamed POI,49.384,16.8756,0.14934222400188446,Modrá (Mírné znečištění),Brno,Unknown
Unnamed POI,49.0928,16.2197,0.15395857393741608,Modrá (Mírné znečištění),Brno,Unknown
Unnamed POI,49.0929,16.2261,0.14909574389457703,Modrá (Mírné znečištění),Brno,Unknown
Unnamed POI,49.0901,16.2481,0.1426098644733429,Modrá (Mírné znečištění),Brno,Unknown
Zatopený mlýn,49.133,16.1006,0.14423899352550507,Modrá (Mírné znečištění),Brno,Unknown
Magdalenina skála,49.1403,16.2362,0.14758095145225525,Modrá (Mírné znečištění),Brno,Unknown
Krahulcova vyhlídka,49.463,16.7202,0.15683422982692719,Modrá (Mírné znečištění),Brno,Unknown
rozhledna Lebedov,49.2125,17.2868,0.15164564549922943,Modrá (Mírné znečištění),Brno,Unknown
Unnamed POI,49.3042,16.2581,0.13688667118549347,Modrá (Mírné znečištění),Brno,Unknown
Unnamed POI,49.5426,16.4704,0.11517922580242157,Modrá (Mírné znečištění),Brno,Unknown
Unnamed POI,49.4296,16.0126,0.10615875571966171,Modrá (Mírné znečištění),Brno,Unknown
Kamenný stůl,49.2223,17.2526,0.15473678708076477,Modrá (Mírné znečištění),Brno,Unknown
Unnamed POI,48.9365,16.311,0.15063989162445068,Modrá (Mírné znečištění),Brno,Unknown
Unnamed POI,49.4324,16.3153,0.10356505960226059,Modrá (Mírné znečištění),Brno,Unknown
Unnamed POI,49.1688,16.1842,0.1502252072095871,Modrá (Mírné znečištění),Brno,Unknown
Unnamed POI,49.1588,16.1666,0.14693710207939148,Modrá (Mírné znečištění),Brno,Unknown
Unnamed POI,49.1653,16.1687,0.14645452797412872,Modrá (Mírné znečištění),Brno,Unknown
Unnamed POI,49.0932,16.2483,0.1426098644733429,Modrá (Mírné znečištění),Brno,Unknown
Velká Baba,49.0993,16.2253,0.15235775709152222,Modrá (Mírné znečištění),Brno,Unknown
Unnamed POI,49.5127,16.5036,0.15468107163906097,Modrá (Mírné znečištění),Brno,Unknown
Skalní vyhlídka,49.4484,16.3205,0.11336350440979004,Modrá (Mírné znečištění),Brno,Unknown
Unnamed POI,49.4494,16.3136,0.10613428056240082,Modrá (Mírné znečištění),Brno,Unknown
Výhled na vilu Mittrovských,49.4519,16.323,0.11336350440979004,Modrá (Mírné znečištění),Brno,Unknown
Unnamed POI,49.3325,15.8796,0.09935217350721359,Modrá (Mírné znečištění),Brno,Unknown
Unnamed POI,49.4073,16.0973,0.11379938572645187,Modrá (Mírné znečištění),Brno,Unknown
Unnamed POI,49.1545,16.083,0.130785271525383,Modrá (Mírné znečištění),Brno,Unknown
Výří skála,49.45,16.3021,0.10273100435733795,Modrá (Mírné znečištění),Brno,Unknown
Unnamed POI,49.4525,16.3154,0.10613428056240082,Modrá (Mírné znečištění),Brno,Unknown
Unnamed POI,49.1619,16.0887,0.1350226253271103,Modrá (Mírné znečištění),Brno,Unknown
Unnamed POI,49.0924,16.2497,0.1426098644733429,Modrá (Mírné znečištění),Brno,Unknown
Unnamed POI,49.1345,16.2488,0.15204501152038574,Modrá (Mírné znečištění),Brno,Unknown
Unnamed POI,49.0983,16.2629,0.14799177646636963,Modrá (Mírné znečištění),Brno,Unknown
Unnamed POI,49.147,16.2633,0.15687422454357147,Modrá (Mírné znečištění),Brno,Unknown
Unnamed POI,49.149,16.2553,0.1526215672492981,Modrá (Mírné znečištění),Brno,Unknown
Unnamed POI,49.0353,16.2031,0.11163122951984406,Modrá (Mírné znečištění),Brno,Unknown
Unnamed POI,49.0351,16.2022,0.11163122951984406,Modrá (Mírné znečištění),Brno,Unknown
Unnamed POI,49.1387,16.2385,0.14758095145225525,Modrá (Mírné znečištění),Brno,Unknown
Unnamed POI,49.3559,16.3497,0.1520197093486786,Modrá (Mírné znečištění),Brno,Unknown
Unnamed POI,49.3594,16.301,0.12055093795061111,Modrá (Mírné znečištění),Brno,Unknown
Unnamed POI,49.3612,16.3015,0.12055093795061111,Modrá (Mírné znečištění),Brno,Unknown
Unnamed POI,49.0978,16.2584,0.14799177646636963,Modrá (Mírné znečištění),Brno,Unknown
Unnamed POI,49.0981,16.2595,0.14799177646636963,Modrá (Mírné znečištění),Brno,Unknown
Unnamed POI,49.0985,16.2616,0.14799177646636963,Modrá (Mírné znečištění),Brno,Unknown
Unnamed POI,49.4172,16.0599,0.10888594388961792,Modrá (Mírné znečištění),Brno,Unknown
Unnamed POI,49.4172,16.0574,0.10991188883781433,Modrá (Mírné znečištění),Brno,Unknown
Unnamed POI,49.0915,16.2484,0.1426098644733429,Modrá (Mírné znečištění),Brno,Unknown
Pochopova skála,49.3507,16.2837,0.11748486012220383,Modrá (Mírné znečištění),Brno,Unknown
Pochopova skála,49.3505,16.2835,0.11748486012220383,Modrá (Mírné znečištění),Brno,Unknown
Sochorská skála,49.3641,16.2829,0.11101548373699188,Modrá (Mírné znečištění),Brno,Unknown
Vyhlídkové místo Kamínky,49.4813,16.512,0.14679008722305298,Modrá (Mírné znečištění),Brno,Unknown
Unnamed POI,49.4309,16.2314,0.09517639875411987,Modrá (Mírné znečištění),Brno,Unknown
Unnamed POI,49.3694,16.1575,0.10536812245845795,Modrá (Mírné znečištění),Brno,Unknown
Unnamed POI,49.1382,16.2492,0.1500152349472046,Modrá (Mírné znečištění),Brno,Unknown
Unnamed POI,49.1944,16.0095,0.11896254122257233,Modrá (Mírné znečištění),Brno,Unknown
Halířova skála,49.1862,16.0159,0.11701878905296326,Modrá (Mírné znečištění),Brno,Unknown
Unnamed POI,49.379,16.2616,0.11042627692222595,Modrá (Mírné znečištění),Brno,Unknown
Unnamed POI,49.5408,16.4978,0.12690958380699158,Modrá (Mírné znečištění),Brno,Unknown
Unnamed POI,49.1779,16.0534,0.12122534960508347,Modrá (Mírné znečištění),Brno,Unknown
Unnamed POI,49.176,16.0524,0.12122534960508347,Modrá (Mírné znečištění),Brno,Unknown
Unnamed POI,49.1751,16.0519,0.12122534960508347,Modrá (Mírné znečištění),Brno,Unknown
Unnamed POI,49.1752,16.0487,0.12007855623960495,Modrá (Mírné znečištění),Brno,Unknown
Dvořákova vyhlídka,49.1718,16.0462,0.12007855623960495,Modrá (Mírné znečištění),Brno,Unknown
Unnamed POI,48.8496,16.5573,0.13625486195087433,Modrá (Mírné znečištění),Brno,Unknown
Unnamed POI,48.8405,16.5158,0.1482294797897339,Modrá (Mírné znečištění),Brno,Unknown
Unnamed POI,49.1292,16.2702,0.15598224103450775,Modrá (Mírné znečištění),Brno,Unknown
Unnamed POI,49.3058,16.0376,0.1348203718662262,Modrá (Mírné znečištění),Brno,Unknown
Unnamed POI,49.4608,16.3438,0.12447388470172882,Modrá (Mírné znečištění),Brno,Unknown
Unnamed POI,49.1331,16.2538,0.15150555968284607,Modrá (Mírné znečištění),Brno,Unknown
Unnamed POI,49.4167,16.4107,0.135310098528862,Modrá (Mírné znečištění),Brno,Unknown
Amorova vyhlídka,49.3552,16.3492,0.1520197093486786,Modrá (Mírné znečištění),Brno,Unknown
Unnamed POI,49.3556,16.3495,0.1520197093486786,Modrá (Mírné znečištění),Brno,Unknown
Křivoš,49.373,16.3715,0.14908941090106964,Modrá (Mírné znečištění),Brno,Unknown
Malý Rabštýn,49.7229,17.4518,0.12711267173290253,Modrá (Mírné znečištění),Olomouc,Unknown
Křížový vrch,49.8629,17.1784,0.09991060197353363,Modrá (Mírné znečištění),Olomouc,Unknown
U Tety,49.7478,16.5794,0.12502598762512207,Modrá (Mírné znečištění),Olomouc,Unknown
Unnamed POI,49.7404,16.5291,0.12301577627658844,Modrá (Mírné znečištění),Olomouc,Unknown
Unnamed POI,49.8374,17.2458,0.10580340027809143,Modrá (Mírné znečištění),Olomouc,Unknown
Unnamed POI,49.1985,17.1201,0.14432527124881744,Modrá (Mírné znečištění),Olomouc,Unknown
Baba - 639,49.7321,17.4247,0.13014797866344452,Modrá (Mírné znečištění),Olomouc,Unknown
Unnamed POI,49.6673,16.9035,0.12957140803337097,Modrá (Mírné znečištění),Olomouc,Unknown
Bašta,49.513,16.885,0.13237999379634857,Modrá (Mírné znečištění),Olomouc,Unknown
Arboretum Makču Pikču,49.8173,17.2225,0.14432360231876373,Modrá (Mírné znečištění),Olomouc,Unknown
Bradlo,49.8541,17.0543,0.13405360281467438,Modrá (Mírné znečištění),Olomouc,Unknown
Unnamed POI,49.5193,16.8673,0.13071821630001068,Modrá (Mírné znečištění),Olomouc,Unknown
Unnamed POI,49.4985,16.8957,0.13232475519180298,Modrá (Mírné znečištění),Olomouc,Unknown
Unnamed POI,49.5475,16.7829,0.12959504127502441,Modrá (Mírné znečištění),Olomouc,Unknown
Unnamed POI,49.5183,16.8526,0.1275489628314972,Modrá (Mírné znečištění),Olomouc,Unknown
Unnamed POI,49.6849,17.5599,0.10285437107086182,Modrá (Mírné znečištění),Olomouc,Unknown
Unnamed POI,49.4866,16.8289,0.13925853371620178,Modrá (Mírné znečištění),Olomouc,Unknown
Unnamed POI,49.5071,16.8204,0.12238479405641556,Modrá (Mírné znečištění),Olomouc,Unknown
Unnamed POI,49.5083,16.8264,0.12365047633647919,Modrá (Mírné znečištění),Olomouc,Unknown
Unnamed POI,49.3998,16.7677,0.15735003352165222,Modrá (Mírné znečištění),Olomouc,Unknown
Unnamed POI,49.402,16.7764,0.15288597345352173,Modrá (Mírné znečištění),Olomouc,Unknown
Unnamed POI,49.5781,16.8702,0.1467221975326538,Modrá (Mírné znečištění),Olomouc,Unknown
Unnamed POI,49.4458,16.8455,0.13055816292762756,Modrá (Mírné znečištění),Olomouc,Unknown
Unnamed POI,49.4766,16.855,0.1275489628314972,Modrá (Mírné znečištění),Olomouc,Unknown
Unnamed POI,49.5481,16.9279,0.15724503993988037,Modrá (Mírné znečištění),Olomouc,Unknown
Unnamed POI,49.499,16.9082,0.13593026995658875,Modrá (Mírné znečištění),Olomouc,Unknown
Unnamed POI,49.5223,16.8783,0.13597901165485382,Modrá (Mírné znečištění),Olomouc,Unknown
Unnamed POI,49.4636,16.7201,0.15683422982692719,Modrá (Mírné znečištění),Olomouc,Unknown
Unnamed POI,49.4841,16.7367,0.14101409912109375,Modrá (Mírné znečištění),Olomouc,Unknown
Unnamed POI,49.5457,16.8584,0.14438068866729736,Modrá (Mírné znečištění),Olomouc,Unknown
Unnamed POI,49.5537,16.8602,0.14642760157585144,Modrá (Mírné znečištění),Olomouc,Unknown
Unnamed POI,49.5607,16.8578,0.13894090056419373,Modrá (Mírné znečištění),Olomouc,Unknown
Unnamed POI,49.524,16.7629,0.12692223489284515,Modrá (Mírné znečištění),Olomouc,Unknown
Unnamed POI,49.6766,16.9507,0.15639963746070862,Modrá (Mírné znečištění),Olomouc,Unknown
Unnamed POI,49.6942,16.9132,0.14556358754634857,Modrá (Mírné znečištění),Olomouc,Unknown
Výhled na Janoslavice,49.8485,16.9822,0.15243114531040192,Modrá (Mírné znečištění),Olomouc,Unknown
Unnamed POI,49.4438,16.7159,0.15492475032806396,Modrá (Mírné znečištění),Olomouc,Unknown
Unnamed POI,49.5047,16.7287,0.13894721865653992,Modrá (Mírné znečištění),Olomouc,Unknown
Unnamed POI,49.7213,17.4613,0.1274254024028778,Modrá (Mírné znečištění),Olomouc,Unknown
Unnamed POI,49.6623,16.7839,0.11425133794546127,Modrá (Mírné znečištění),Olomouc,Unknown
Unnamed POI,49.6657,16.8156,0.11141426116228104,Modrá (Mírné znečištění),Olomouc,Unknown
Unnamed POI,49.6543,16.8236,0.11616027355194092,Modrá (Mírné znečištění),Olomouc,Unknown
Unnamed POI,49.6853,16.8153,0.10918855667114258,Modrá (Mírné znečištění),Olomouc,Unknown
Unnamed POI,49.6938,16.7979,0.10972800850868225,Modrá (Mírné znečištění),Olomouc,Unknown
Unnamed POI,49.7011,16.7965,0.11319057643413544,Modrá (Mírné znečištění),Olomouc,Unknown
Unnamed POI,49.6807,16.9518,0.15417896211147308,Modrá (Mírné znečištění),Olomouc,Unknown
Unnamed POI,49.6499,16.9076,0.13459937274456024,Modrá (Mírné znečištění),Olomouc,Unknown
Unnamed POI,49.666,16.9128,0.1315646916627884,Modrá (Mírné znečištění),Olomouc,Unknown
Unnamed POI,49.8514,17.2396,0.0976170003414154,Modrá (Mírné znečištění),Olomouc,Unknown
Unnamed POI,49.838,17.2455,0.10070755332708359,Modrá (Mírné znečištění),Olomouc,Unknown
Vyhlídkové místo u Honzíkova kříže,49.4608,16.8779,0.12708820402622223,Modrá (Mírné znečištění),Olomouc,Unknown
Unnamed POI,49.5318,16.8697,0.14385205507278442,Modrá (Mírné znečištění),Olomouc,Unknown
Unnamed POI,49.8376,17.2464,0.10070755332708359,Modrá (Mírné znečištění),Olomouc,Unknown
Švédská skála,49.7137,17.7544,0.14049790799617767,Modrá (Mírné znečištění),Olomouc,Unknown
Unnamed POI,49.739,17.4112,0.13039281964302063,Modrá (Mírné znečištění),Olomouc,Unknown
Unnamed POI,49.877,16.7769,0.1276625096797943,Modrá (Mírné znečištění),Olomouc,Unknown
Nad Doly,49.7664,16.5834,0.11815927177667618,Modrá (Mírné znečištění),Olomouc,Unknown
Unnamed POI,49.6698,17.5346,0.11493460088968277,Modrá (Mírné znečištění),Olomouc,Unknown
Unnamed POI,49.645,16.7652,0.12908637523651123,Modrá (Mírné znečištění),Olomouc,Unknown
Unnamed POI,49.6486,16.7708,0.12042208015918732,Modrá (Mírné znečištění),Olomouc,Unknown
Helišova skála,49.4125,16.7587,0.15979613363742828,Modrá (Mírné znečištění),Olomouc,Unknown
Unnamed POI,49.7038,17.7376,0.13035021722316742,Modrá (Mírné znečištění),Olomouc,Unknown
Unnamed POI,49.6994,16.7965,0.11319057643413544,Modrá (Mírné znečištění),Olomouc,Unknown
Unnamed POI,49.7056,16.8105,0.12999320030212402,Modrá (Mírné znečištění),Olomouc,Unknown
Unnamed POI,49.4125,16.7587,0.15979613363742828,Modrá (Mírné znečištění),Olomouc,Unknown
Unnamed POI,49.62,16.8891,0.1392354965209961,Modrá (Mírné znečištění),Olomouc,Unknown
Strážisko,49.637,17.4784,0.15933722257614136,Modrá (Mírné znečištění),Olomouc,Unknown
Unnamed POI,49.384,16.8756,0.14934222400188446,Modrá (Mírné znečištění),Olomouc,Unknown
Unnamed POI,49.5343,16.8532,0.1380515992641449,Modrá (Mírné znečištění),Olomouc,Unknown
Unnamed POI,49.535,16.842,0.1333363652229309,Modrá (Mírné znečištění),Olomouc,Unknown
Chochola,49.5379,16.8686,0.14834055304527283,Modrá (Mírné znečištění),Olomouc,Unknown
Unnamed POI,49.6358,16.7694,0.1266031712293625,Modrá (Mírné znečištění),Olomouc,Unknown
Nadhledna Háječek,49.9378,16.8362,0.1367514729499817,Modrá (Mírné znečištění),Olomouc,Unknown
Krahulcova vyhlídka,49.463,16.7202,0.15683422982692719,Modrá (Mírné znečištění),Olomouc,Unknown
rozhledna Lebedov,49.2125,17.2868,0.15164564549922943,Modrá (Mírné znečištění),Olomouc,Unknown
Unnamed POI,49.5351,16.779,0.12440824508666992,Modrá (Mírné znečištění),Olomouc,Unknown
Kamenný stůl,49.2223,17.2526,0.15473678708076477,Modrá (Mírné znečištění),Olomouc,Unknown
Unnamed POI,49.9166,17.1851,0.0946858674287796,Modrá (Mírné znečištění),Olomouc,Unknown
Unnamed POI,49.6829,16.6616,0.09850630164146423,Modrá (Mírné znečištění),Olomouc,Unknown
Kočičí vrch,49.8017,17.431,0.13800883293151855,Modrá (Mírné znečištění),Olomouc,Unknown
Unnamed POI,49.7008,17.5829,0.09755626320838928,Modrá (Mírné znečištění),Olomouc,Unknown
Unnamed POI,49.8648,17.3701,0.08985383063554764,Modrá (Mírné znečištění),Olomouc,Unknown
Unnamed POI,49.639,17.552,0.11780475080013275,Modrá (Mírné znečištění),Olomouc,Unknown
Unnamed POI,49.6417,17.4883,0.15148800611495972,Modrá (Mírné znečištění),Olomouc,Unknown
Unnamed POI,49.8813,17.2104,0.0917794406414032,Modrá (Mírné znečištění),Olomouc,Unknown
Unnamed POI,49.7957,17.3321,0.10996104776859283,Modrá (Mírné znečištění),Olomouc,Unknown
Výhled na Beskydy,49.6306,17.7128,0.1482616811990738,Modrá (Mírné znečištění),Olomouc,Unknown
swing_gate,49.6939,17.4813,0.13407257199287415,Modrá (Mírné znečištění),Olomouc,Unknown
Vyhlídka U jelena,49.6215,17.6207,0.1308652013540268,Modrá (Mírné znečištění),Olomouc,Unknown
Orlí skála,49.7232,17.7316,0.12130528688430786,Modrá (Mírné znečištění),Olomouc,Unknown
Unnamed POI,49.7432,17.4438,0.12752266228199005,Modrá (Mírné znečištění),Olomouc,Unknown
Unnamed POI,49.684,17.5674,0.10062234103679657,Modrá (Mírné znečištění),Olomouc,Unknown
Unnamed POI,49.6866,17.5692,0.10062234103679657,Modrá (Mírné znečištění),Olomouc,Unknown
Unnamed POI,49.6455,17.5014,0.1416398137807846,Modrá (Mírné znečištění),Olomouc,Unknown
Rozhledna Kopaninka,49.4611,16.8784,0.12708820402622223,Modrá (Mírné znečištění),Olomouc,Unknown
Strážný vrch,49.7862,16.5828,0.11434584110975266,Modrá (Mírné znečištění),Olomouc,Unknown
rozhledna Osičina,50.2242,16.1273,0.14319659769535065,Modrá (Mírné znečištění),Hradec Králové,Unknown
Rozhledna Vrbice,50.0923,16.247,0.15771721303462982,Modrá (Mírné znečištění),Hradec Králové,Unknown
Boika,49.8465,15.7841,0.1150134801864624,Modrá (Mírné znečištění),Hradec Králové,Unknown
Unnamed POI,49.8842,16.0341,0.14059491455554962,Modrá (Mírné znečištění),Hradec Králové,Unknown
Unnamed POI,49.8438,15.7965,0.11493925750255585,Modrá (Mírné znečištění),Hradec Králové,Unknown
Velké Hradisko,49.8019,16.1705,0.09427444636821747,Modrá (Mírné znečištění),Hradec Králové,Unknown
Šikmá věž,50.4629,15.2904,0.14626269042491913,Modrá (Mírné znečištění),Hradec Králové,Unknown
Unnamed POI,49.8324,15.6713,0.10314556956291199,Modrá (Mírné znečištění),Hradec Králové,Unknown
vyhlídka Míru,50.4666,15.2912,0.14626269042491913,Modrá (Mírné znečištění),Hradec Králové,Unknown
Hlaholská vyhlídka,50.467,15.2957,0.15158526599407196,Modrá (Mírné znečištění),Hradec Králové,Unknown
Vyhlídka pražského pěveckého sboru Křížkovský,50.4664,15.2992,0.15158526599407196,Modrá (Mírné znečištění),Hradec Králové,Unknown
Unnamed POI,49.8335,15.6537,0.10651805996894836,Modrá (Mírné znečištění),Hradec Králové,Unknown
Unnamed POI,49.8341,15.6531,0.10651805996894836,Modrá (Mírné znečištění),Hradec Králové,Unknown
Vyhlídka na hrad Potštejn,50.0754,16.3014,0.13201750814914703,Modrá (Mírné znečištění),Hradec Králové,Unknown
Barunčina vyhlídka,50.4477,15.9981,0.14344143867492676,Modrá (Mírné znečištění),Hradec Králové,Unknown
Unnamed POI,50.4895,16.0005,0.15807905793190002,Modrá (Mírné znečištění),Hradec Králové,Unknown
Zámeček,49.8027,16.1685,0.09427444636821747,Modrá (Mírné znečištění),Hradec Králové,Unknown
Unnamed POI,50.457,15.695,0.11508540064096451,Modrá (Mírné znečištění),Hradec Králové,Unknown
rozhledna Varta,50.3725,16.2039,0.15137729048728943,Modrá (Mírné znečištění),Hradec Králové,Unknown
U transformátoru,50.4679,16.0223,0.1480594277381897,Modrá (Mírné znečištění),Hradec Králové,Unknown
Hromobitka,50.4535,16.0213,0.14651386439800262,Modrá (Mírné znečištění),Hradec Králové,Unknown
Mečov,50.4644,16.017,0.1480594277381897,Modrá (Mírné znečištění),Hradec Králové,Unknown
Unnamed POI,50.4762,15.9998,0.1393682360649109,Modrá (Mírné znečištění),Hradec Králové,Unknown
Unnamed POI,50.4952,15.5426,0.14848816394805908,Modrá (Mírné znečištění),Hradec Králové,Unknown
Krkonošská vyhlídka,50.4665,15.6055,0.11839862167835236,Modrá (Mírné znečištění),Hradec Králové,Unknown
Byšičky,50.4192,15.6101,0.1440424770116806,Modrá (Mírné znečištění),Hradec Králové,Unknown
U třešně,50.4469,16.0376,0.15601220726966858,Modrá (Mírné znečištění),Hradec Králové,Unknown
Karolínina vyhlídka,50.4967,15.7678,0.11837416142225266,Modrá (Mírné znečištění),Hradec Králové,Unknown
Unnamed POI,50.0529,16.2594,0.12867578864097595,Modrá (Mírné znečištění),Hradec Králové,Unknown
Výhled z Faltova kopce,50.4567,16.0401,0.15941551327705383,Modrá (Mírné znečištění),Hradec Králové,Unknown
U Spáleného mostu,50.0868,16.3125,0.14279069006443024,Modrá (Mírné znečištění),Hradec Králové,Unknown
Unnamed POI,49.8323,15.6545,0.10651805996894836,Modrá (Mírné znečištění),Hradec Králové,Unknown
Vinice vyhlídka,50.0466,16.0553,0.15536226332187653,Modrá (Mírné znečištění),Hradec Králové,Unknown
Vyhlídka na Kaňon,49.8389,15.9712,0.13364194333553314,Modrá (Mírné znečištění),Hradec Králové,Unknown
Unnamed POI,50.0007,16.2907,0.15880098938941956,Modrá (Mírné znečištění),Hradec Králové,Unknown
Unnamed POI,50.0007,16.2901,0.15880098938941956,Modrá (Mírné znečištění),Hradec Králové,Unknown
Unnamed POI,49.8409,15.6471,0.12082573771476746,Modrá (Mírné znečištění),Hradec Králové,Unknown
Unnamed POI,50.0014,16.0277,0.1490335613489151,Modrá (Mírné znečištění),Hradec Králové,Unknown
Unnamed POI,49.8904,15.5774,0.1451283097267151,Modrá (Mírné znečištění),Hradec Králové,Unknown
Malé Hradisko,49.8026,16.1702,0.09427444636821747,Modrá (Mírné znečištění),Hradec Králové,Unknown
Borůvka,49.8401,16.0625,0.10037035495042801,Modrá (Mírné znečištění),Hradec Králové,Unknown
Rozhledna Kosice,50.1902,15.5309,0.15994253754615784,Modrá (Mírné znečištění),Hradec Králové,Unknown
Skuhrov,50.2273,16.2887,0.14549629390239716,Modrá (Mírné znečištění),Hradec Králové,Unknown
Unnamed POI,49.835,15.6519,0.10651805996894836,Modrá (Mírné znečištění),Hradec Králové,Unknown
Hráz rybníku Dolní Peklo,49.867,15.6093,0.13803955912590027,Modrá (Mírné znečištění),Hradec Králové,Unknown
Unnamed POI,50.0786,16.3084,0.13247092068195343,Modrá (Mírné znečištění),Hradec Králové,Unknown
Kazabrud,50.4965,15.6095,0.11425133794546127,Modrá (Mírné znečištění),Hradec Králové,Unknown
Unnamed POI,50.488,15.7697,0.11837416142225266,Modrá (Mírné znečištění),Hradec Králové,Unknown
Zvičina,50.4549,15.6942,0.11508540064096451,Modrá (Mírné znečištění),Hradec Králové,Unknown
Unnamed POI,49.8864,15.6422,0.15000423789024353,Modrá (Mírné znečištění),Hradec Králové,Unknown
Unnamed POI,50.4671,15.296,0.15158526599407196,Modrá (Mírné znečištění),Hradec Králové,Unknown
Unnamed POI,49.8723,15.8176,0.13393740355968475,Modrá (Mírné znečištění),Hradec Králové,Unknown
Unnamed POI,49.8724,15.8162,0.13503466546535492,Modrá (Mírné znečištění),Hradec Králové,Unknown
Unnamed POI,49.8715,15.8145,0.13503466546535492,Modrá (Mírné znečištění),Hradec Králové,Unknown
Unnamed POI,49.9428,16.0539,0.12887802720069885,Modrá (Mírné znečištění),Hradec Králové,Unknown
Unnamed POI,50.433,16.0444,0.15799307823181152,Modrá (Mírné znečištění),Hradec Králové,Unknown
Unnamed POI,50.4502,15.7108,0.11949016898870468,Modrá (Mírné znečištění),Hradec Králové,Unknown
Unnamed POI,50.4672,15.2962,0.15158526599407196,Modrá (Mírné znečištění),Hradec Králové,Unknown
Unnamed POI,49.9049,15.6585,0.15957841277122498,Modrá (Mírné znečištění),Hradec Králové,Unknown
Unnamed POI,50.2246,15.5508,0.14489489793777466,Modrá (Mírné znečištění),Hradec Králové,Unknown
Unnamed POI,50.0804,16.2961,0.14511506259441376,Modrá (Mírné znečištění),Hradec Králové,Unknown
Unnamed POI,50.0719,16.3065,0.13201750814914703,Modrá (Mírné znečištění),Hradec Králové,Unknown
Unnamed POI,50.4934,15.4454,0.13396145403385162,Modrá (Mírné znečištění),Hradec Králové,Unknown
Alžbětina vyhlídka,50.4537,15.7072,0.11700064688920975,Modrá (Mírné znečištění),Hradec Králové,Unknown
Unnamed POI,49.9438,16.2251,0.15119993686676025,Modrá (Mírné znečištění),Hradec Králové,Unknown
Rozhledna na Šibeníku,50.3629,16.2546,0.1218634843826294,Modrá (Mírné znečištění),Hradec Králové,Unknown
Toulovcova rozhledna,49.8145,16.1634,0.09376578778028488,Modrá (Mírné znečištění),Hradec Králové,Unknown
Zuberský kopec,49.7815,15.8018,0.10303109139204025,Modrá (Mírné znečištění),Hradec Králové,Unknown
Rozhledna Na Kopečku,49.9163,15.5558,0.13732826709747314,Modrá (Mírné znečištění),Hradec Králové,Unknown
Terezka,49.786,16.1226,0.08575143665075302,Modrá (Mírné znečištění),Pardubice,Unknown
Vojtěchův kopec,49.7281,15.9773,0.08970049768686295,Modrá (Mírné znečištění),Pardubice,Unknown
rozhledna Osičina,50.2242,16.1273,0.14319659769535065,Modrá (Mírné znečištění),Pardubice,Unknown
Rozhledna Vrbice,50.0923,16.247,0.15771721303462982,Modrá (Mírné znečištění),Pardubice,Unknown
Boika,49.8465,15.7841,0.1150134801864624,Modrá (Mírné znečištění),Pardubice,Unknown
Unnamed POI,49.8842,16.0341,0.14059491455554962,Modrá (Mírné znečištění),Pardubice,Unknown
Unnamed POI,49.8438,15.7965,0.11493925750255585,Modrá (Mírné znečištění),Pardubice,Unknown
Velké Hradisko,49.8019,16.1705,0.09427444636821747,Modrá (Mírné znečištění),Pardubice,Unknown
Unnamed POI,49.8324,15.6713,0.10314556956291199,Modrá (Mírné znečištění),Pardubice,Unknown
Čertův stolek,49.714,15.7124,0.1191708892583847,Modrá (Mírné znečištění),Pardubice,Unknown
Unnamed POI,49.7143,15.7131,0.1191708892583847,Modrá (Mírné znečištění),Pardubice,Unknown
Unnamed POI,49.8335,15.6537,0.10651805996894836,Modrá (Mírné znečištění),Pardubice,Unknown
Unnamed POI,49.8341,15.6531,0.10651805996894836,Modrá (Mírné znečištění),Pardubice,Unknown
Barunčina vyhlídka,50.4477,15.9981,0.14344143867492676,Modrá (Mírné znečištění),Pardubice,Unknown
Vojtěchovská rozhledna,49.7802,15.9798,0.0932815819978714,Modrá (Mírné znečištění),Pardubice,Unknown
Zámeček,49.8027,16.1685,0.09427444636821747,Modrá (Mírné znečištění),Pardubice,Unknown
U transformátoru,50.4679,16.0223,0.1480594277381897,Modrá (Mírné znečištění),Pardubice,Unknown
Hromobitka,50.4535,16.0213,0.14651386439800262,Modrá (Mírné znečištění),Pardubice,Unknown
Mečov,50.4644,16.017,0.1480594277381897,Modrá (Mírné znečištění),Pardubice,Unknown
Unnamed POI,50.4762,15.9998,0.1393682360649109,Modrá (Mírné znečištění),Pardubice,Unknown
Tisá skála,49.8452,15.419,0.11576149612665176,Modrá (Mírné znečištění),Pardubice,Unknown
Byšičky,50.4192,15.6101,0.1440424770116806,Modrá (Mírné znečištění),Pardubice,Unknown
U třešně,50.4469,16.0376,0.15601220726966858,Modrá (Mírné znečištění),Pardubice,Unknown
Unnamed POI,49.8894,15.4806,0.15945878624916077,Modrá (Mírné znečištění),Pardubice,Unknown
Unnamed POI,50.0529,16.2594,0.12867578864097595,Modrá (Mírné znečištění),Pardubice,Unknown
Výhled z Faltova kopce,50.4567,16.0401,0.15941551327705383,Modrá (Mírné znečištění),Pardubice,Unknown
U Spáleného mostu,50.0868,16.3125,0.14279069006443024,Modrá (Mírné znečištění),Pardubice,Unknown
Unnamed POI,49.8323,15.6545,0.10651805996894836,Modrá (Mírné znečištění),Pardubice,Unknown
Vinice vyhlídka,50.0466,16.0553,0.15536226332187653,Modrá (Mírné znečištění),Pardubice,Unknown
Vyhlídka na Kaňon,49.8389,15.9712,0.13364194333553314,Modrá (Mírné znečištění),Pardubice,Unknown
Unnamed POI,50.0007,16.2907,0.15880098938941956,Modrá (Mírné znečištění),Pardubice,Unknown
Unnamed POI,50.0007,16.2901,0.15880098938941956,Modrá (Mírné znečištění),Pardubice,Unknown
Unnamed POI,49.8409,15.6471,0.12082573771476746,Modrá (Mírné znečištění),Pardubice,Unknown
Unnamed POI,50.0014,16.0277,0.1490335613489151,Modrá (Mírné znečištění),Pardubice,Unknown
Unnamed POI,49.8904,15.5774,0.1451283097267151,Modrá (Mírné znečištění),Pardubice,Unknown
Malé Hradisko,49.8026,16.1702,0.09427444636821747,Modrá (Mírné znečištění),Pardubice,Unknown
Sokolohrady,49.7148,15.7137,0.1191708892583847,Modrá (Mírné znečištění),Pardubice,Unknown
Borůvka,49.8401,16.0625,0.10037035495042801,Modrá (Mírné znečištění),Pardubice,Unknown
Rozhledna Kosice,50.1902,15.5309,0.15994253754615784,Modrá (Mírné znečištění),Pardubice,Unknown
Unnamed POI,49.8638,15.3486,0.1338878720998764,Modrá (Mírné znečištění),Pardubice,Unknown
Unnamed POI,49.835,15.6519,0.10651805996894836,Modrá (Mírné znečištění),Pardubice,Unknown
Hráz rybníku Dolní Peklo,49.867,15.6093,0.13803955912590027,Modrá (Mírné znečištění),Pardubice,Unknown
Unnamed POI,50.0786,16.3084,0.13247092068195343,Modrá (Mírné znečištění),Pardubice,Unknown
Unnamed POI,49.8864,15.6422,0.15000423789024353,Modrá (Mírné znečištění),Pardubice,Unknown
Unnamed POI,49.8723,15.8176,0.13393740355968475,Modrá (Mírné znečištění),Pardubice,Unknown
Unnamed POI,49.8724,15.8162,0.13503466546535492,Modrá (Mírné znečištění),Pardubice,Unknown
Unnamed POI,49.8715,15.8145,0.13503466546535492,Modrá (Mírné znečištění),Pardubice,Unknown
Unnamed POI,49.9428,16.0539,0.12887802720069885,Modrá (Mírné znečištění),Pardubice,Unknown
Unnamed POI,49.8705,15.5182,0.1299569457769394,Modrá (Mírné znečištění),Pardubice,Unknown
Unnamed POI,50.433,16.0444,0.15799307823181152,Modrá (Mírné znečištění),Pardubice,Unknown
Unnamed POI,49.9049,15.6585,0.15957841277122498,Modrá (Mírné znečištění),Pardubice,Unknown
Unnamed POI,49.7354,15.8834,0.10489573329687119,Modrá (Mírné znečištění),Pardubice,Unknown
Unnamed POI,49.7391,15.8917,0.11533231288194656,Modrá (Mírné znečištění),Pardubice,Unknown
Unnamed POI,50.2246,15.5508,0.14489489793777466,Modrá (Mírné znečištění),Pardubice,Unknown
Unnamed POI,49.7769,15.5694,0.09064444899559021,Modrá (Mírné znečištění),Pardubice,Unknown
Unnamed POI,49.9438,16.2251,0.15119993686676025,Modrá (Mírné znečištění),Pardubice,Unknown
Rozhledna U Marešů,49.7788,16.1064,0.0846046432852745,Modrá (Mírné znečištění),Pardubice,Unknown
Toulovcova rozhledna,49.8145,16.1634,0.09376578778028488,Modrá (Mírné znečištění),Pardubice,Unknown
Zuberský kopec,49.7815,15.8018,0.10303109139204025,Modrá (Mírné znečištění),Pardubice,Unknown
Rozhledna Na Kopečku,49.9163,15.5558,0.13732826709747314,Modrá (Mírné znečištění),Pardubice,Unknown
Louštín,50.1639,13.7937,0.14099226891994476,Modrá (Mírné znečištění),Praha,Unknown
Unnamed POI,49.8408,14.1261,0.15085071325302124,Modrá (Mírné znečištění),Praha,Unknown
Neštětická hora,49.7692,14.5684,0.1523640751838684,Modrá (Mírné znečištění),Praha,Unknown
Unnamed POI,49.824,13.6877,0.12043473869562149,Modrá (Mírné znečištění),Praha,Unknown
Unnamed POI,49.862,13.74,0.13523034751415253,Modrá (Mírné znečištění),Praha,Unknown
Unnamed POI,49.8617,13.7454,0.1543913632631302,Modrá (Mírné znečištění),Praha,Unknown
Unnamed POI,50.2362,13.8688,0.13574638962745667,Modrá (Mírné znečištění),Praha,Unknown
Unnamed POI,49.7646,14.2797,0.1233169287443161,Modrá (Mírné znečištění),Praha,Unknown
Unnamed POI,49.8501,14.145,0.15809889137744904,Modrá (Mírné znečištění),Praha,Unknown
Unnamed POI,49.8685,13.7425,0.13862383365631104,Modrá (Mírné znečištění),Praha,Unknown
Unnamed POI,49.8099,13.9883,0.1488017439842224,Modrá (Mírné znečištění),Praha,Unknown
Unnamed POI,49.806,13.9946,0.14745019376277924,Modrá (Mírné znečištění),Praha,Unknown
Unnamed POI,49.7086,14.6997,0.11932378262281418,Modrá (Mírné znečištění),Praha,Unknown
Unnamed POI,49.8054,14.0613,0.1317024827003479,Modrá (Mírné znečištění),Praha,Unknown
Unnamed POI,50.0251,13.9129,0.1440798044204712,Modrá (Mírné znečištění),Praha,Unknown
Čertova vyhlídka,49.7859,15.0272,0.1263379156589508,Modrá (Mírné znečištění),Praha,Unknown
Unnamed POI,49.7847,14.9979,0.1124134510755539,Modrá (Mírné znečištění),Praha,Unknown
Unnamed POI,50.0482,13.8886,0.13737741112709045,Modrá (Mírné znečištění),Praha,Unknown
Rozhledna Líský,50.2454,13.9185,0.151039719581604,Modrá (Mírné znečištění),Praha,Unknown
Unnamed POI,50.1184,13.8802,0.15267132222652435,Modrá (Mírné znečištění),Praha,Unknown
Unnamed POI,50.1186,13.8816,0.15267132222652435,Modrá (Mírné znečištění),Praha,Unknown
Unnamed POI,49.813,14.1082,0.1374087929725647,Modrá (Mírné znečištění),Praha,Unknown
Rozhledna Máminka,49.9633,13.93,0.14663150906562805,Modrá (Mírné znečištění),Praha,Unknown
Unnamed POI,49.8137,13.9998,0.14589530229568481,Modrá (Mírné znečištění),Praha,Unknown
Unnamed POI,49.8158,13.9975,0.14589530229568481,Modrá (Mírné znečištění),Praha,Unknown
Unnamed POI,49.7569,14.361,0.11876682937145233,Modrá (Mírné znečištění),Praha,Unknown
Unnamed POI,50.0734,13.8818,0.12851719558238983,Modrá (Mírné znečištění),Praha,Unknown
Unnamed POI,49.7214,14.9563,0.13575716316699982,Modrá (Mírné znečištění),Praha,Unknown
Rozhledna Babka,49.7586,15.0987,0.140074223279953,Modrá (Mírné znečištění),Praha,Unknown
Unnamed POI,49.7769,15.0271,0.1290910542011261,Modrá (Mírné znečištění),Praha,Unknown
Světovina,49.8683,13.7423,0.13862383365631104,Modrá (Mírné znečištění),Praha,Unknown
Unnamed POI,50.2288,13.8077,0.12808740139007568,Modrá (Mírné znečištění),Praha,Unknown
Unnamed POI,49.8463,14.9629,0.12473304569721222,Modrá (Mírné znečištění),Praha,Unknown
Unnamed POI,49.8018,13.8806,0.14754381775856018,Modrá (Mírné znečištění),Praha,Unknown
Unnamed POI,50.1944,13.6432,0.10798019170761108,Modrá (Mírné znečištění),Praha,Unknown
Unnamed POI,49.8152,13.9984,0.14589530229568481,Modrá (Mírné znečištění),Praha,Unknown
Unnamed POI,49.8428,14.1296,0.15085071325302124,Modrá (Mírné znečištění),Praha,Unknown
Unnamed POI,49.8148,13.9877,0.1457483023405075,Modrá (Mírné znečištění),Praha,Unknown
Unnamed POI,49.7852,14.8558,0.14306774735450745,Modrá (Mírné znečištění),Praha,Unknown
Rozhledna Kochnov,49.6538,14.6567,0.1296919584274292,Modrá (Mírné znečištění),Praha,Unknown
Masarykova vyhlídka,50.0352,13.923,0.15829338133335114,Modrá (Mírné znečištění),Praha,Unknown
Unnamed POI,50.2772,13.9135,0.1553441286087036,Modrá (Mírné znečištění),Praha,Unknown
Unnamed POI,49.692,14.593,0.11530808359384537,Modrá (Mírné znečištění),Praha,Unknown
Unnamed POI,49.793,14.0537,0.12346453219652176,Modrá (Mírné znečištění),Praha,Unknown
Unnamed POI,49.7503,13.7428,0.12017091363668442,Modrá (Mírné znečištění),Praha,Unknown
Unnamed POI,49.8876,13.7479,0.1048896461725235,Modrá (Mírné znečištění),Praha,Unknown
Unnamed POI,49.7581,14.2262,0.12725967168807983,Modrá (Mírné znečištění),Praha,Unknown
Výhled na Vlašim,49.725,14.8453,0.12403394281864166,Modrá (Mírné znečištění),Praha,Unknown
Studený vrch,49.8051,14.0832,0.12905091047286987,Modrá (Mírné znečištění),Praha,Unknown
Špulka,49.7935,14.8258,0.14155927300453186,Modrá (Mírné znečištění),Praha,Unknown
Drtinova rozhledna,49.7645,14.3764,0.12380746006965637,Modrá (Mírné znečištění),Praha,Unknown
rozhledna Koráb,49.3954,13.0753,0.09214086830615997,Modrá (Mírné znečištění),Plzeň,Unknown
Unnamed POI,49.4307,13.203,0.09683246165513992,Modrá (Mírné znečištění),Plzeň,Unknown
Vyhlídka Havlova skála,49.9098,13.5526,0.10514713823795319,Modrá (Mírné znečištění),Plzeň,Unknown
Unnamed POI,49.8747,12.9926,0.0750565379858017,Tmavě modrá (Slabé znečištění),Plzeň,Unknown
Unnamed POI,49.8699,13.0013,0.0705435574054718,Tmavě modrá (Slabé znečištění),Plzeň,Unknown
Unnamed POI,49.8715,12.9861,0.07871100306510925,Tmavě modrá (Slabé znečištění),Plzeň,Unknown
Unnamed POI,49.8932,12.9354,0.06556451320648193,Tmavě modrá (Slabé znečištění),Plzeň,Unknown
Unnamed POI,49.8778,12.931,0.06525177508592606,Tmavě modrá (Slabé znečištění),Plzeň,Unknown
Unnamed POI,49.8574,13.0319,0.06492088735103607,Tmavě modrá (Slabé znečištění),Plzeň,Unknown
Na Plazu,49.9385,13.6558,0.08215794712305069,Modrá (Mírné znečištění),Plzeň,Unknown
Jindřichova skála,49.768,13.8818,0.10527028143405914,Modrá (Mírné znečištění),Plzeň,Unknown
Panský Vrch,49.9352,12.6383,0.11625239998102188,Modrá (Mírné znečištění),Plzeň,Unknown
Hradiště,49.8113,13.6178,0.14851918816566467,Modrá (Mírné znečištění),Plzeň,Unknown
Milíře u Rozvadova,49.6653,12.6224,0.09057717770338058,Modrá (Mírné znečištění),Plzeň,Unknown
Unnamed POI,49.9489,13.5881,0.08416201174259186,Modrá (Mírné znečištění),Plzeň,Unknown
Krašov,49.9489,13.5887,0.08416201174259186,Modrá (Mírné znečištění),Plzeň,Unknown
Unnamed POI,49.9599,13.7449,0.07705027610063553,Tmavě modrá (Slabé znečištění),Plzeň,Unknown
Bílá skála,49.8216,13.6506,0.11881636083126068,Modrá (Mírné znečištění),Plzeň,Unknown
Unnamed POI,49.6671,12.677,0.08049522340297699,Modrá (Mírné znečištění),Plzeň,Unknown
Unnamed POI,49.8543,13.0265,0.06492088735103607,Tmavě modrá (Slabé znečištění),Plzeň,Unknown
Unnamed POI,49.4667,13.2781,0.11900514364242554,Modrá (Mírné znečištění),Plzeň,Unknown
Unnamed POI,49.7467,13.7516,0.11873583495616913,Modrá (Mírné znečištění),Plzeň,Unknown
Unnamed POI,49.824,13.6877,0.12043473869562149,Modrá (Mírné znečištění),Plzeň,Unknown
Unnamed POI,49.862,13.74,0.13523034751415253,Modrá (Mírné znečištění),Plzeň,Unknown
Unnamed POI,49.8617,13.7454,0.1543913632631302,Modrá (Mírné znečištění),Plzeň,Unknown
Unnamed POI,49.9617,12.9664,0.05263209342956543,Tmavě modrá (Slabé znečištění),Plzeň,Unknown
Rozhledna Kožich,49.5713,13.444,0.13250291347503662,Modrá (Mírné znečištění),Plzeň,Unknown
Nad Marastkem,49.5928,13.7284,0.06587176024913788,Tmavě modrá (Slabé znečištění),Plzeň,Unknown
Výhled na Měšno,49.6514,13.6284,0.12177745252847672,Modrá (Mírné znečištění),Plzeň,Unknown
Unnamed POI,49.9158,13.5111,0.10761220753192902,Modrá (Mírné znečištění),Plzeň,Unknown
Unnamed POI,49.9752,13.7037,0.07369590550661087,Tmavě modrá (Slabé znečištění),Plzeň,Unknown
Unnamed POI,49.8685,13.7425,0.13862383365631104,Modrá (Mírné znečištění),Plzeň,Unknown
Unnamed POI,49.8099,13.9883,0.1488017439842224,Modrá (Mírné znečištění),Plzeň,Unknown
Unnamed POI,49.806,13.9946,0.14745019376277924,Modrá (Mírné znečištění),Plzeň,Unknown
rozhledna Šibeniční vrch,49.5213,12.9605,0.14225076138973236,Modrá (Mírné znečištění),Plzeň,Unknown
Koráb rozhledna,49.3955,13.0752,0.09214086830615997,Modrá (Mírné znečištění),Plzeň,Unknown
pozorovatelna Pohraniční stráže,49.6735,12.5446,0.11403624713420868,Modrá (Mírné znečištění),Plzeň,Unknown
Příkosická vyhlídka,49.6647,13.6442,0.12881706655025482,Modrá (Mírné znečištění),Plzeň,Unknown
Unnamed POI,49.8754,13.6013,0.11896886676549911,Modrá (Mírné znečištění),Plzeň,Unknown
Vyhlídka na Šumavu,49.4353,13.6594,0.07145732641220093,Tmavě modrá (Slabé znečištění),Plzeň,Unknown
Vyhlídka na Žďár,49.7291,13.6891,0.15793758630752563,Modrá (Mírné znečištění),Plzeň,Unknown
Skalní vyhlídka z Vlče na Strašice,49.7227,13.7266,0.11647933721542358,Modrá (Mírné znečištění),Plzeň,Unknown
Rozhledna Svatá Markéta,49.3621,13.1563,0.0964636504650116,Modrá (Mírné znečištění),Plzeň,Unknown
Unnamed POI,49.4538,13.3274,0.12584249675273895,Modrá (Mírné znečištění),Plzeň,Unknown
Radost,49.8804,13.463,0.14842049777507782,Modrá (Mírné znečištění),Plzeň,Unknown
Chlumská hora,49.9997,13.2321,0.07801762223243713,Tmavě modrá (Slabé znečištění),Plzeň,Unknown
Vyhlídka Na Plazích,49.9674,13.706,0.07369590550661087,Tmavě modrá (Slabé znečištění),Plzeň,Unknown
Unnamed POI,49.8575,13.5104,0.15250475704669952,Modrá (Mírné znečištění),Plzeň,Unknown
Na Skále,49.5613,13.6674,0.0834823027253151,Modrá (Mírné znečištění),Plzeň,Unknown
Unnamed POI,49.8054,14.0613,0.1317024827003479,Modrá (Mírné znečištění),Plzeň,Unknown
Chlumská hora,50.0055,13.2053,0.06161544471979141,Tmavě modrá (Slabé znečištění),Plzeň,Unknown
Unnamed POI,49.881,12.7993,0.08806317299604416,Modrá (Mírné znečištění),Plzeň,Unknown
Unnamed POI,49.3346,13.2294,0.11614107340574265,Modrá (Mírné znečištění),Plzeň,Unknown
Rozhledna Máminka,49.9633,13.93,0.14663150906562805,Modrá (Mírné znečištění),Plzeň,Unknown
Unnamed POI,49.8137,13.9998,0.14589530229568481,Modrá (Mírné znečištění),Plzeň,Unknown
Unnamed POI,49.8158,13.9975,0.14589530229568481,Modrá (Mírné znečištění),Plzeň,Unknown
Unnamed POI,49.4042,13.7159,0.09940685331821442,Modrá (Mírné znečištění),Plzeň,Unknown
Unnamed POI,49.4748,13.2715,0.11893724650144577,Modrá (Mírné znečištění),Plzeň,Unknown
Černá skála,49.8162,13.6376,0.13112331926822662,Modrá (Mírné znečištění),Plzeň,Unknown
Vyhlídkový altán,49.9018,12.7808,0.10036378353834152,Modrá (Mírné znečištění),Plzeň,Unknown
Unnamed POI,49.8557,13.2248,0.13187681138515472,Modrá (Mírné znečištění),Plzeň,Unknown
Světovina,49.8683,13.7423,0.13862383365631104,Modrá (Mírné znečištění),Plzeň,Unknown
Unnamed POI,49.6798,12.6668,0.08999976515769958,Modrá (Mírné znečištění),Plzeň,Unknown
Goethova vyhlídka,49.8124,12.8523,0.07850325852632523,Tmavě modrá (Slabé znečištění),Plzeň,Unknown
Unnamed POI,49.5491,13.0177,0.10626063495874405,Modrá (Mírné znečištění),Plzeň,Unknown
Velký kámen,49.7282,13.7368,0.11478675901889801,Modrá (Mírné znečištění),Plzeň,Unknown
Unnamed POI,49.8018,13.8806,0.14754381775856018,Modrá (Mírné znečištění),Plzeň,Unknown
Unnamed POI,49.8944,13.5394,0.11597006767988205,Modrá (Mírné znečištění),Plzeň,Unknown
Unnamed POI,49.8942,13.5389,0.11597006767988205,Modrá (Mírné znečištění),Plzeň,Unknown
Unnamed POI,49.8137,12.8548,0.07875443249940872,Tmavě modrá (Slabé znečištění),Plzeň,Unknown
Unnamed POI,49.8152,13.9984,0.14589530229568481,Modrá (Mírné znečištění),Plzeň,Unknown
Výhled na Liblín,49.9196,13.5569,0.10539831221103668,Modrá (Mírné znečištění),Plzeň,Unknown
Unnamed POI,49.7629,13.8658,0.1067148968577385,Modrá (Mírné znečištění),Plzeň,Unknown
Unnamed POI,49.3342,13.2301,0.11614107340574265,Modrá (Mírné znečištění),Plzeň,Unknown
Těnovická vyhlídka,49.6247,13.6344,0.11026113480329514,Modrá (Mírné znečištění),Plzeň,Unknown
Unnamed POI,49.8148,13.9877,0.1457483023405075,Modrá (Mírné znečištění),Plzeň,Unknown
Rozhledna Šťastná věž,49.6181,13.6134,0.14064261317253113,Modrá (Mírné znečištění),Plzeň,Unknown
Unnamed POI,49.866,13.6013,0.13766463100910187,Modrá (Mírné znečištění),Plzeň,Unknown
Unnamed POI,49.7729,13.1237,0.13505259156227112,Modrá (Mírné znečištění),Plzeň,Unknown
Unnamed POI,49.8483,13.6089,0.14331260323524475,Modrá (Mírné znečištění),Plzeň,Unknown
Unnamed POI,49.9559,13.683,0.07455442100763321,Tmavě modrá (Slabé znečištění),Plzeň,Unknown
Unnamed POI,49.6129,13.6215,0.12289895862340927,Modrá (Mírné znečištění),Plzeň,Unknown
Vyhlídka Dominiky Kolowrat Krakovské,49.6298,12.6,0.06278671324253082,Tmavě modrá (Slabé znečištění),Plzeň,Unknown
Unnamed POI,49.625,13.6086,0.12825864553451538,Modrá (Mírné znečištění),Plzeň,Unknown
Unnamed POI,49.9052,13.7239,0.09210796654224396,Modrá (Mírné znečištění),Plzeň,Unknown
Hraběcí kříž,50.0399,13.2961,0.05812970921397209,Tmavě modrá (Slabé znečištění),Plzeň,Unknown
Unnamed POI,49.6793,12.6669,0.08999976515769958,Modrá (Mírné znečištění),Plzeň,Unknown
Unnamed POI,49.608,12.8612,0.05296909809112549,Tmavě modrá (Slabé znečištění),Plzeň,Unknown
Unnamed POI,49.6647,12.9844,0.08678141981363297,Modrá (Mírné znečištění),Plzeň,Unknown
Unnamed POI,49.9483,13.3757,0.13507704436779022,Modrá (Mírné znečištění),Plzeň,Unknown
Unnamed POI,49.6064,12.863,0.05296909809112549,Tmavě modrá (Slabé znečištění),Plzeň,Unknown
Unnamed POI,49.8499,12.8385,0.06803589314222336,Tmavě modrá (Slabé znečištění),Plzeň,Unknown
Unnamed POI,49.788,12.7341,0.10285963118076324,Modrá (Mírné znečištění),Plzeň,Unknown
Unnamed POI,49.7683,12.9267,0.10117338597774506,Modrá (Mírné znečištění),Plzeň,Unknown
Unnamed POI,49.8486,13.6082,0.1528353989124298,Modrá (Mírné znečištění),Plzeň,Unknown
Karvánka,49.9141,13.529,0.11120280623435974,Modrá (Mírné znečištění),Plzeň,Unknown
skalní vyhlídka Pavučina,49.9309,13.5573,0.10647722333669662,Modrá (Mírné znečištění),Plzeň,Unknown
Unnamed POI,49.5877,13.1972,0.13540245592594147,Modrá (Mírné znečištění),Plzeň,Unknown
Unnamed POI,49.6012,12.7295,0.07881516963243484,Tmavě modrá (Slabé znečištění),Plzeň,Unknown
Unnamed POI,49.7991,12.9025,0.08714309334754944,Modrá (Mírné znečištění),Plzeň,Unknown
Unnamed POI,49.7218,12.9049,0.09714377671480179,Modrá (Mírné znečištění),Plzeň,Unknown
Unnamed POI,49.8167,12.8038,0.07562127709388733,Tmavě modrá (Slabé znečištění),Plzeň,Unknown
Unnamed POI,49.7659,13.0644,0.1292095184326172,Modrá (Mírné znečištění),Plzeň,Unknown
Unnamed POI,49.9634,13.3539,0.0963168740272522,Modrá (Mírné znečištění),Plzeň,Unknown
Unnamed POI,49.793,14.0537,0.12346453219652176,Modrá (Mírné znečištění),Plzeň,Unknown
Unnamed POI,49.4676,13.1121,0.07419252395629883,Tmavě modrá (Slabé znečištění),Plzeň,Unknown
Unnamed POI,49.4294,13.2156,0.10598728060722351,Modrá (Mírné znečištění),Plzeň,Unknown
Vyhlídka pod Bukovou horou,49.5288,13.5499,0.09824881702661514,Modrá (Mírné znečištění),Plzeň,Unknown
Výhled na Kamenec,49.8825,13.5974,0.11216229200363159,Modrá (Mírné znečištění),Plzeň,Unknown
Bývalá rozhledna Vidice,49.6072,12.8285,0.052343811839818954,Tmavě modrá (Slabé znečištění),Plzeň,Unknown
Unnamed POI,49.8104,12.8551,0.07850325852632523,Tmavě modrá (Slabé znečištění),Plzeň,Unknown
Unnamed POI,49.811,12.8573,0.07850325852632523,Tmavě modrá (Slabé znečištění),Plzeň,Unknown
Všekarská vyhlídka,49.6079,13.0447,0.1111559346318245,Modrá (Mírné znečištění),Plzeň,Unknown
Unnamed POI,49.5643,13.4958,0.1352982521057129,Modrá (Mírné znečištění),Plzeň,Unknown
Unnamed POI,50.0015,13.6555,0.07538554072380066,Tmavě modrá (Slabé znečištění),Plzeň,Unknown
Unnamed POI,49.9317,13.668,0.08467824757099152,Modrá (Mírné znečištění),Plzeň,Unknown
Unnamed POI,49.9456,13.7088,0.08127496391534805,Modrá (Mírné znečištění),Plzeň,Unknown
Vyhlídka Pohoří,49.3503,13.1488,0.09591155499219894,Modrá (Mírné znečištění),Plzeň,Unknown
Oskarova vyhlídka,49.9689,13.7812,0.0844428688287735,Modrá (Mírné znečištění),Plzeň,Unknown
Na Floriánu,49.8496,13.6076,0.1528353989124298,Modrá (Mírné znečištění),Plzeň,Unknown
Unnamed POI,49.7503,13.7428,0.12017091363668442,Modrá (Mírné znečištění),Plzeň,Unknown
Unnamed POI,49.5478,13.0387,0.11429540067911148,Modrá (Mírné znečištění),Plzeň,Unknown
Unnamed POI,49.8876,13.7479,0.1048896461725235,Modrá (Mírné znečištění),Plzeň,Unknown
Unnamed POI,49.3762,13.175,0.10551893711090088,Modrá (Mírné znečištění),Plzeň,Unknown
Unnamed POI,49.6317,13.6342,0.11061099171638489,Modrá (Mírné znečištění),Plzeň,Unknown
Unnamed POI,49.3876,13.1757,0.10262659937143326,Modrá (Mírné znečištění),Plzeň,Unknown
Unnamed POI,49.4737,13.227,0.09499861299991608,Modrá (Mírné znečištění),Plzeň,Unknown
Unnamed POI,49.4327,13.2029,0.09683246165513992,Modrá (Mírné znečištění),Plzeň,Unknown
Unnamed POI,49.4308,13.2042,0.09683246165513992,Modrá (Mírné znečištění),Plzeň,Unknown
Unnamed POI,49.416,13.2011,0.10942135751247406,Modrá (Mírné znečištění),Plzeň,Unknown
Unnamed POI,49.3924,13.0797,0.09214086830615997,Modrá (Mírné znečištění),Plzeň,Unknown
Unnamed POI,49.4071,13.0477,0.12039655447006226,Modrá (Mírné znečištění),Plzeň,Unknown
Unnamed POI,49.5675,13.7774,0.06389090418815613,Tmavě modrá (Slabé znečištění),Plzeň,Unknown
Unnamed POI,49.6827,12.6685,0.08999976515769958,Modrá (Mírné znečištění),Plzeň,Unknown
Minirozhledna Rumovka,49.5211,13.5284,0.10445985198020935,Modrá (Mírné znečištění),Plzeň,Unknown
Unnamed POI,49.9488,13.5868,0.08416201174259186,Modrá (Mírné znečištění),Plzeň,Unknown
Unnamed POI,49.8822,13.5701,0.11742328852415085,Modrá (Mírné znečištění),Plzeň,Unknown
Unnamed POI,49.7475,13.6768,0.15769150853157043,Modrá (Mírné znečištění),Plzeň,Unknown
Vyhlídka Antonína Bárty,49.5255,13.6653,0.07931285351514816,Tmavě modrá (Slabé znečištění),Plzeň,Unknown
Bolfánek,49.4596,13.1626,0.07681573182344437,Tmavě modrá (Slabé znečištění),Plzeň,Unknown
rozhledna Semněvice,49.6011,12.9272,0.0633724257349968,Tmavě modrá (Slabé znečištění),Plzeň,Unknown
Rozhledna Na Vrších,49.8461,13.5757,0.15947948396205902,Modrá (Mírné znečištění),Plzeň,Unknown
rozhledna Chanovice,49.4067,13.7107,0.09940685331821442,Modrá (Mírné znečištění),Plzeň,Unknown
Studený vrch,49.8051,14.0832,0.12905091047286987,Modrá (Mírné znečištění),Plzeň,Unknown
Unnamed POI,49.5891,13.0731,0.1479785293340683,Modrá (Mírné znečištění),Plzeň,Unknown
Rozhledna Březinka,49.6258,12.812,0.057972799986600876,Tmavě modrá (Slabé znečištění),Plzeň,Unknown
Unnamed POI,49.4454,14.8578,0.07966224104166031,Tmavě modrá (Slabé znečištění),České Budějovice,Unknown
Unnamed POI,48.631,14.2783,0.07930610328912735,Tmavě modrá (Slabé znečištění),České Budějovice,Unknown
Rozhledna Krátošice,49.3257,14.7842,0.10140641778707504,Modrá (Mírné znečištění),České Budějovice,Unknown
Sněžník,49.276,14.8952,0.0806737169623375,Modrá (Mírné znečištění),České Budějovice,Unknown
Vožický výhled,49.5323,14.8145,0.13567353785037994,Modrá (Mírné znečištění),České Budějovice,Unknown
Lipno Panorama,48.7164,14.0793,0.050792496651411057,Tmavě modrá (Slabé znečištění),České Budějovice,Unknown
Helfenburk,49.1362,14.0067,0.07257965952157974,Tmavě modrá (Slabé znečištění),České Budějovice,Unknown
Kleť rozhledna,48.8655,14.2833,0.1264510452747345,Modrá (Mírné znečištění),České Budějovice,Unknown
Slabošovka,48.7904,14.5384,0.10599910467863083,Modrá (Mírné znečištění),České Budějovice,Unknown
Unnamed POI,48.6359,14.2319,0.11142275482416153,Modrá (Mírné znečištění),České Budějovice,Unknown
Unnamed POI,49.2336,14.6285,0.1035587340593338,Modrá (Mírné znečištění),České Budějovice,Unknown
Unnamed POI,49.2345,14.6256,0.1035587340593338,Modrá (Mírné znečištění),České Budějovice,Unknown
Unnamed POI,48.7735,14.8092,0.0675571858882904,Tmavě modrá (Slabé znečištění),České Budějovice,Unknown
Unnamed POI,48.7552,14.6086,0.06716980785131454,Tmavě modrá (Slabé znečištění),České Budějovice,Unknown
Unnamed POI,48.7576,14.6076,0.06768664717674255,Tmavě modrá (Slabé znečištění),České Budějovice,Unknown
Unnamed POI,48.6084,14.2947,0.08087573200464249,Modrá (Mírné znečištění),České Budějovice,Unknown
Unnamed POI,48.6301,14.2597,0.08679299801588058,Modrá (Mírné znečištění),České Budějovice,Unknown
Unnamed POI,48.6475,14.6172,0.04077840968966484,Tmavě modrá (Slabé znečištění),České Budějovice,Unknown
Unnamed POI,48.9825,14.7198,0.13094468414783478,Modrá (Mírné znečištění),České Budějovice,Unknown
Unnamed POI,48.7295,14.7031,0.05222126841545105,Tmavě modrá (Slabé znečištění),České Budějovice,Unknown
Jelení skok,49.1032,14.4656,0.1469142735004425,Modrá (Mírné znečištění),České Budějovice,Unknown
Unnamed POI,48.7421,14.7401,0.06171329692006111,Tmavě modrá (Slabé znečištění),České Budějovice,Unknown
Unnamed POI,48.8847,14.5998,0.15490229427814484,Modrá (Mírné znečištění),České Budějovice,Unknown
Unnamed POI,48.997,13.9965,0.14844201505184174,Modrá (Mírné znečištění),České Budějovice,Unknown
vyhlídková věž Lomnice,49.0954,14.7146,0.13523980975151062,Modrá (Mírné znečištění),České Budějovice,Unknown
Unnamed POI,49.0563,13.9799,0.12636765837669373,Modrá (Mírné znečištění),České Budějovice,Unknown
Unnamed POI,49.0599,13.9907,0.1325482726097107,Modrá (Mírné znečištění),České Budějovice,Unknown
Unnamed POI,49.4195,15.0436,0.07372014224529266,Tmavě modrá (Slabé znečištění),České Budějovice,Unknown
Unnamed POI,49.4245,15.0146,0.0837516114115715,Modrá (Mírné znečištění),České Budějovice,Unknown
Vyhlídka Oldřicha Fencla,48.8436,14.5572,0.12161780148744583,Modrá (Mírné znečištění),České Budějovice,Unknown
Hasičská vyhlídka,49.1715,14.2583,0.12158701568841934,Modrá (Mírné znečištění),České Budějovice,Unknown
Unnamed POI,48.7774,14.5133,0.10806599259376526,Modrá (Mírné znečištění),České Budějovice,Unknown
Rýdův kopec Děbolín,49.1591,14.9396,0.13976840674877167,Modrá (Mírné znečištění),České Budějovice,Unknown
Unnamed POI,48.8994,14.1709,0.06221647188067436,Tmavě modrá (Slabé znečištění),České Budějovice,Unknown
Unnamed POI,48.6728,14.2868,0.056766483932733536,Tmavě modrá (Slabé znečištění),České Budějovice,Unknown
Unnamed POI,48.7394,14.5265,0.1078692376613617,Modrá (Mírné znečištění),České Budějovice,Unknown
Unnamed POI,48.7868,14.582,0.0828021764755249,Modrá (Mírné znečištění),České Budějovice,Unknown
Unnamed POI,48.789,14.5832,0.08978021144866943,Modrá (Mírné znečištění),České Budějovice,Unknown
Unnamed POI,48.8083,14.2462,0.13492920994758606,Modrá (Mírné znečištění),České Budějovice,Unknown
Unnamed POI,48.7409,14.7241,0.06107298657298088,Tmavě modrá (Slabé znečištění),České Budějovice,Unknown
Unnamed POI,48.8347,14.7013,0.0950348898768425,Modrá (Mírné znečištění),České Budějovice,Unknown
Unnamed POI,48.9518,14.1902,0.07346896827220917,Tmavě modrá (Slabé znečištění),České Budějovice,Unknown
Unnamed POI,48.7181,14.7075,0.04639394208788872,Tmavě modrá (Slabé znečištění),České Budějovice,Unknown
Unnamed POI,48.7476,14.5872,0.07351788878440857,Tmavě modrá (Slabé znečištění),České Budějovice,Unknown
Kraví pole,49.0118,14.0931,0.06823241710662842,Tmavě modrá (Slabé znečištění),České Budějovice,Unknown
Unnamed POI,49.0252,13.9545,0.10151036083698273,Modrá (Mírné znečištění),České Budějovice,Unknown
Unnamed POI,48.8594,14.8132,0.06528256088495255,Tmavě modrá (Slabé znečištění),České Budějovice,Unknown
Unnamed POI,48.8982,14.2409,0.08936390280723572,Modrá (Mírné znečištění),České Budějovice,Unknown
Unnamed POI,48.8805,14.2633,0.10438767075538635,Modrá (Mírné znečištění),České Budějovice,Unknown
Unnamed POI,48.9775,13.9946,0.07236763089895248,Tmavě modrá (Slabé znečištění),České Budějovice,Unknown
Unnamed POI,48.9301,14.3184,0.15525907278060913,Modrá (Mírné znečištění),České Budějovice,Unknown
Unnamed POI,48.7271,14.7265,0.049731746315956116,Tmavě modrá (Slabé znečištění),České Budějovice,Unknown
Unnamed POI,48.7309,14.7199,0.05390752851963043,Tmavě modrá (Slabé znečištění),České Budějovice,Unknown
Unnamed POI,49.1321,14.1303,0.10797364264726639,Modrá (Mírné znečištění),České Budějovice,Unknown
Šumavská vyhlídka,49.1678,14.0913,0.09036731719970703,Modrá (Mírné znečištění),České Budějovice,Unknown
Unnamed POI,49.4749,14.525,0.08963260799646378,Modrá (Mírné znečištění),České Budějovice,Unknown
Unnamed POI,48.9389,14.2511,0.10987477749586105,Modrá (Mírné znečištění),České Budějovice,Unknown
Unnamed POI,48.7381,14.5457,0.08940768986940384,Modrá (Mírné znečištění),České Budějovice,Unknown
Unnamed POI,49.0476,14.0409,0.10328836739063263,Modrá (Mírné znečištění),České Budějovice,Unknown
Unnamed POI,49.319,14.3497,0.09393328428268433,Modrá (Mírné znečištění),České Budějovice,Unknown
Unnamed POI,49.3413,14.5004,0.09883085638284683,Modrá (Mírné znečištění),České Budějovice,Unknown
Unnamed POI,49.0315,13.9822,0.13191264867782593,Modrá (Mírné znečištění),České Budějovice,Unknown
Unnamed POI,48.9532,14.244,0.11291568726301193,Modrá (Mírné znečištění),České Budějovice,Unknown
Vyhlídková věž Haniperk - Svobodné Hory,49.1231,14.1168,0.09532949328422546,Modrá (Mírné znečištění),České Budějovice,Unknown
Unnamed POI,48.9355,14.2944,0.13770867884159088,Modrá (Mírné znečištění),České Budějovice,Unknown
vyhlídková terasa,49.2257,14.1275,0.10387148708105087,Modrá (Mírné znečištění),České Budějovice,Unknown
Unnamed POI,49.2614,14.3041,0.12230657041072845,Modrá (Mírné znečištění),České Budějovice,Unknown
Unnamed POI,49.1396,14.1346,0.12673097848892212,Modrá (Mírné znečištění),České Budějovice,Unknown
Unnamed POI,48.9986,14.0066,0.15859948098659515,Modrá (Mírné znečištění),České Budějovice,Unknown
Unnamed POI,48.7876,14.108,0.05616401880979538,Tmavě modrá (Slabé znečištění),České Budějovice,Unknown
Unnamed POI,48.7922,14.1038,0.05616401880979538,Tmavě modrá (Slabé znečištění),České Budějovice,Unknown
Nad Vaněčkem,48.6568,14.5991,0.04661041870713234,Tmavě modrá (Slabé znečištění),České Budějovice,Unknown
U Ludvických Hor,48.6598,14.6008,0.04466667026281357,Tmavě modrá (Slabé znečištění),České Budějovice,Unknown
Malonty U Jákla,48.6822,14.588,0.07335680723190308,Tmavě modrá (Slabé znečištění),České Budějovice,Unknown
Unnamed POI,49.0991,14.1398,0.08274693042039871,Modrá (Mírné znečištění),České Budějovice,Unknown
Unnamed POI,48.8734,14.5535,0.14870938658714294,Modrá (Mírné znečištění),České Budějovice,Unknown
Unnamed POI,49.0407,14.0067,0.1276634931564331,Modrá (Mírné znečištění),České Budějovice,Unknown
Unnamed POI,49.0464,14.0656,0.09142303466796875,Modrá (Mírné znečištění),České Budějovice,Unknown
Unnamed POI,48.922,14.1163,0.05133829265832901,Tmavě modrá (Slabé znečištění),České Budějovice,Unknown
Unnamed POI,49.2512,14.0961,0.12735667824745178,Modrá (Mírné znečištění),České Budějovice,Unknown
Kraví hora,48.634,14.3203,0.07722127437591553,Tmavě modrá (Slabé znečištění),České Budějovice,Unknown
Unnamed POI,48.7761,14.5109,0.10806599259376526,Modrá (Mírné znečištění),České Budějovice,Unknown
Unnamed POI,49.479,14.6688,0.1439170390367508,Modrá (Mírné znečištění),České Budějovice,Unknown
Unnamed POI,48.6121,14.4072,0.08129836618900299,Modrá (Mírné znečištění),České Budějovice,Unknown
minirozhledna,49.1457,14.5393,0.11372599005699158,Modrá (Mírné znečištění),České Budějovice,Unknown
Vyhlídka u altánku,49.5431,14.6063,0.08151115477085114,Modrá (Mírné znečištění),České Budějovice,Unknown
Unnamed POI,49.507,14.6044,0.08928908407688141,Modrá (Mírné znečištění),České Budějovice,Unknown
Unnamed POI,48.6563,14.3655,0.07694420963525772,Tmavě modrá (Slabé znečištění),České Budějovice,Unknown
Unnamed POI,48.6564,14.3652,0.07694420963525772,Tmavě modrá (Slabé znečištění),České Budějovice,Unknown
Unnamed POI,48.6572,14.3662,0.07694420963525772,Tmavě modrá (Slabé znečištění),České Budějovice,Unknown
Unnamed POI,48.6569,14.3669,0.07229055464267731,Tmavě modrá (Slabé znečištění),České Budějovice,Unknown
Vyhlídka pana Šalamouna,48.6538,14.3655,0.07203938066959381,Tmavě modrá (Slabé znečištění),České Budějovice,Unknown
Unnamed POI,48.7919,14.1012,0.05616401880979538,Tmavě modrá (Slabé znečištění),České Budějovice,Unknown
Unnamed POI,48.7921,14.1028,0.05616401880979538,Tmavě modrá (Slabé znečištění),České Budějovice,Unknown
Unnamed POI,48.7837,14.1191,0.06316651403903961,Tmavě modrá (Slabé znečištění),České Budějovice,Unknown
Unnamed POI,49.2469,14.8884,0.0895955041050911,Modrá (Mírné znečištění),České Budějovice,Unknown
Unnamed POI,49.2475,14.887,0.0895955041050911,Modrá (Mírné znečištění),České Budějovice,Unknown
Unnamed POI,48.8049,14.2348,0.11623343080282211,Modrá (Mírné znečištění),České Budějovice,Unknown
Unnamed POI,49.0436,14.1251,0.07453534752130508,Tmavě modrá (Slabé znečištění),České Budějovice,Unknown
Unnamed POI,48.7204,14.7408,0.047499727457761765,Tmavě modrá (Slabé znečištění),České Budějovice,Unknown
Kuhberg -  Kraví Hora,48.634,14.3203,0.07722127437591553,Tmavě modrá (Slabé znečištění),České Budějovice,Unknown
Unnamed POI,49.1889,14.5714,0.11874131858348846,Modrá (Mírné znečištění),České Budějovice,Unknown
Ve smrčí,49.1663,14.5544,0.12275195866823196,Modrá (Mírné znečištění),České Budějovice,Unknown
Unnamed POI,48.7411,14.7393,0.06171329692006111,Tmavě modrá (Slabé znečištění),České Budějovice,Unknown
Unnamed POI,48.7497,14.7371,0.07016414403915405,Tmavě modrá (Slabé znečištění),České Budějovice,Unknown
Unnamed POI,48.7538,14.6074,0.06988156586885452,Tmavě modrá (Slabé znečištění),České Budějovice,Unknown
Unnamed POI,49.2163,14.5589,0.10635467618703842,Modrá (Mírné znečištění),České Budějovice,Unknown
Unnamed POI,48.7707,14.0461,0.07393886893987656,Tmavě modrá (Slabé znečištění),České Budějovice,Unknown
Unnamed POI,48.7234,14.6386,0.06782649457454681,Tmavě modrá (Slabé znečištění),České Budějovice,Unknown
Unnamed POI,48.7949,14.6817,0.07206466794013977,Tmavě modrá (Slabé znečištění),České Budějovice,Unknown
Vyhlídka na samotě u lesa,48.7506,14.3055,0.08477038890123367,Modrá (Mírné znečištění),České Budějovice,Unknown
Unnamed POI,48.782,14.413,0.11405126750469208,Modrá (Mírné znečištění),České Budějovice,Unknown
Unnamed POI,48.657,14.1775,0.08079519867897034,Modrá (Mírné znečištění),České Budějovice,Unknown
Unnamed POI,48.8248,14.5172,0.13198015093803406,Modrá (Mírné znečištění),České Budějovice,Unknown
Unnamed POI,49.1141,14.154,0.10708433389663696,Modrá (Mírné znečištění),České Budějovice,Unknown
Matějčkova vyhlídka,48.7403,14.422,0.08877468854188919,Modrá (Mírné znečištění),České Budějovice,Unknown
Rozhledna Libín,48.9788,14.0118,0.07201551645994186,Tmavě modrá (Slabé znečištění),České Budějovice,Unknown
Unnamed POI,48.9199,14.1235,0.05350874736905098,Tmavě modrá (Slabé znečištění),České Budějovice,Unknown
rozhledna Vysoký Kamýk,49.2313,14.2972,0.11131618171930313,Modrá (Mírné znečištění),České Budějovice,Unknown
rozhledna Kraví hora,48.7309,14.7199,0.05390752851963043,Tmavě modrá (Slabé znečištění),České Budějovice,Unknown
Rozhledna Dobrá Voda,48.7724,14.0326,0.078297920525074,Tmavě modrá (Slabé znečištění),České Budějovice,Unknown
svatý Jan Nepomucký,49.7467,14.3641,0.11481145769357681,Modrá (Mírné znečištění),Příbram,Unknown
Unnamed POI,49.6278,14.2049,0.08618040382862091,Modrá (Mírné znečištění),Příbram,Unknown
Nad podkovou,49.6273,14.2022,0.08618040382862091,Modrá (Mírné znečištění),Příbram,Unknown
Unnamed POI,49.6276,14.2036,0.08618040382862091,Modrá (Mírné znečištění),Příbram,Unknown
Pozorovatelny,49.7626,13.9235,0.11068519949913025,Modrá (Mírné znečištění),Příbram,Unknown
Pozorovatelny,49.7637,13.9265,0.1142907440662384,Modrá (Mírné znečištění),Příbram,Unknown
Jindřichova skála,49.768,13.8818,0.10527028143405914,Modrá (Mírné znečištění),Příbram,Unknown
Dopadová plocha,49.7256,13.8675,0.08769601583480835,Modrá (Mírné znečištění),Příbram,Unknown
Hradiště,49.8113,13.6178,0.14851918816566467,Modrá (Mírné znečištění),Příbram,Unknown
Unnamed POI,49.3371,14.2941,0.08981671929359436,Modrá (Mírné znečištění),Příbram,Unknown
Unnamed POI,49.8408,14.1261,0.15085071325302124,Modrá (Mírné znečištění),Příbram,Unknown
Bílá skála,49.8216,13.6506,0.11881636083126068,Modrá (Mírné znečištění),Příbram,Unknown
Unnamed POI,49.5854,14.4703,0.0819983035326004,Modrá (Mírné znečištění),Příbram,Unknown
Albertovy skály,49.7254,14.3681,0.10729945451021194,Modrá (Mírné znečištění),Příbram,Unknown
Unnamed POI,49.7467,13.7516,0.11873583495616913,Modrá (Mírné znečištění),Příbram,Unknown
Bartůňkova vyhlídka,49.7213,14.3672,0.10729945451021194,Modrá (Mírné znečištění),Příbram,Unknown
Vyhlídka Opata Zaorala,49.7398,14.4044,0.10691332817077637,Modrá (Mírné znečištění),Příbram,Unknown
Neštětická hora,49.7692,14.5684,0.1523640751838684,Modrá (Mírné znečištění),Příbram,Unknown
Unnamed POI,49.824,13.6877,0.12043473869562149,Modrá (Mírné znečištění),Příbram,Unknown
Unnamed POI,49.862,13.74,0.13523034751415253,Modrá (Mírné znečištění),Příbram,Unknown
Unnamed POI,49.8617,13.7454,0.1543913632631302,Modrá (Mírné znečištění),Příbram,Unknown
Unnamed POI,49.4,14.1847,0.07221799343824387,Tmavě modrá (Slabé znečištění),Příbram,Unknown
Unnamed POI,49.4012,14.1857,0.07221799343824387,Tmavě modrá (Slabé znečištění),Příbram,Unknown
Unnamed POI,49.4077,14.1911,0.06798064708709717,Tmavě modrá (Slabé znečištění),Příbram,Unknown
Unnamed POI,49.3602,14.2709,0.09152743220329285,Modrá (Mírné znečištění),Příbram,Unknown
Unnamed POI,49.7234,14.3682,0.10729945451021194,Modrá (Mírné znečištění),Příbram,Unknown
Unnamed POI,49.4225,14.2304,0.06208151578903198,Tmavě modrá (Slabé znečištění),Příbram,Unknown
Unnamed POI,49.424,14.2298,0.06208151578903198,Tmavě modrá (Slabé znečištění),Příbram,Unknown
Unnamed POI,49.4022,14.2397,0.06928768754005432,Tmavě modrá (Slabé znečištění),Příbram,Unknown
Unnamed POI,49.5677,14.3192,0.08007269352674484,Modrá (Mírné znečištění),Příbram,Unknown
Unnamed POI,49.7646,14.2797,0.1233169287443161,Modrá (Mírné znečištění),Příbram,Unknown
Unnamed POI,49.5002,14.1895,0.06041339784860611,Tmavě modrá (Slabé znečištění),Příbram,Unknown
Unnamed POI,49.6181,14.2382,0.08229290693998337,Modrá (Mírné znečištění),Příbram,Unknown
Unnamed POI,49.5172,14.1627,0.0634731650352478,Tmavě modrá (Slabé znečištění),Příbram,Unknown
Unnamed POI,49.5195,14.1642,0.0634731650352478,Tmavě modrá (Slabé znečištění),Příbram,Unknown
Vyhlídka U Rybárny,49.3866,14.1683,0.09155821800231934,Modrá (Mírné znečištění),Příbram,Unknown
Vyhlídka Srdce,49.6656,14.2476,0.09554378688335419,Modrá (Mírné znečištění),Příbram,Unknown
Nad Marastkem,49.5928,13.7284,0.06587176024913788,Tmavě modrá (Slabé znečištění),Příbram,Unknown
Výhled na Měšno,49.6514,13.6284,0.12177745252847672,Modrá (Mírné znečištění),Příbram,Unknown
Krkavčí skála,49.41,14.1639,0.07215642184019089,Tmavě modrá (Slabé znečištění),Příbram,Unknown
Unnamed POI,49.8501,14.145,0.15809889137744904,Modrá (Mírné znečištění),Příbram,Unknown
Unnamed POI,49.8685,13.7425,0.13862383365631104,Modrá (Mírné znečištění),Příbram,Unknown
Unnamed POI,49.6613,14.2561,0.10457607358694077,Modrá (Mírné znečištění),Příbram,Unknown
Unnamed POI,49.4419,14.1907,0.05870268866419792,Tmavě modrá (Slabé znečištění),Příbram,Unknown
Unnamed POI,49.8099,13.9883,0.1488017439842224,Modrá (Mírné znečištění),Příbram,Unknown
Unnamed POI,49.806,13.9946,0.14745019376277924,Modrá (Mírné znečištění),Příbram,Unknown
Rozhledna Kbíl,49.2182,13.8449,0.1102980226278305,Modrá (Mírné znečištění),Příbram,Unknown
Rozhledna Kuníček,49.5642,14.3132,0.07730121165513992,Tmavě modrá (Slabé znečištění),Příbram,Unknown
Příkosická vyhlídka,49.6647,13.6442,0.12881706655025482,Modrá (Mírné znečištění),Příbram,Unknown
Vyhlídka na Žďár,49.7291,13.6891,0.15793758630752563,Modrá (Mírné znečištění),Příbram,Unknown
Skalní vyhlídka z Vlče na Strašice,49.7227,13.7266,0.11647933721542358,Modrá (Mírné znečištění),Příbram,Unknown
Unnamed POI,49.7246,14.3199,0.09537219256162643,Modrá (Mírné znečištění),Příbram,Unknown
Unnamed POI,49.4493,14.1878,0.05755315348505974,Tmavě modrá (Slabé znečištění),Příbram,Unknown
Na Skále,49.5613,13.6674,0.0834823027253151,Modrá (Mírné znečištění),Příbram,Unknown
Unnamed POI,49.8054,14.0613,0.1317024827003479,Modrá (Mírné znečištění),Příbram,Unknown
Hasičská vyhlídka,49.1715,14.2583,0.12158701568841934,Modrá (Mírné znečištění),Příbram,Unknown
Unnamed POI,49.5391,14.1781,0.06162460520863533,Tmavě modrá (Slabé znečištění),Příbram,Unknown
Unnamed POI,49.3929,14.1851,0.08031543344259262,Modrá (Mírné znečištění),Příbram,Unknown
Vyhlídka u Sedlčan,49.634,14.4654,0.10504273325204849,Modrá (Mírné znečištění),Příbram,Unknown
Unnamed POI,49.6815,13.7873,0.07618603110313416,Tmavě modrá (Slabé znečištění),Příbram,Unknown
Malý Tok - Vyhlídka,49.6536,13.8459,0.08543869107961655,Modrá (Mírné znečištění),Příbram,Unknown
Unnamed POI,49.813,14.1082,0.1374087929725647,Modrá (Mírné znečištění),Příbram,Unknown
Čákova vyhlídka,49.6552,13.8175,0.07690808922052383,Tmavě modrá (Slabé znečištění),Příbram,Unknown
Unnamed POI,49.7281,13.867,0.08769601583480835,Modrá (Mírné znečištění),Příbram,Unknown
Unnamed POI,49.7649,13.9289,0.1142907440662384,Modrá (Mírné znečištění),Příbram,Unknown
Rozhledna Máminka,49.9633,13.93,0.14663150906562805,Modrá (Mírné znečištění),Příbram,Unknown
Unnamed POI,49.8137,13.9998,0.14589530229568481,Modrá (Mírné znečištění),Příbram,Unknown
Unnamed POI,49.8158,13.9975,0.14589530229568481,Modrá (Mírné znečištění),Příbram,Unknown
Unnamed POI,49.7569,14.361,0.11876682937145233,Modrá (Mírné znečištění),Příbram,Unknown
Unnamed POI,49.66,13.8158,0.07522183656692505,Tmavě modrá (Slabé znečištění),Příbram,Unknown
Unnamed POI,49.4042,13.7159,0.09940685331821442,Modrá (Mírné znečištění),Příbram,Unknown
Unnamed POI,49.4381,14.1929,0.05956120789051056,Tmavě modrá (Slabé znečištění),Příbram,Unknown
Unnamed POI,49.4394,14.1928,0.05956120789051056,Tmavě modrá (Slabé znečištění),Příbram,Unknown
Unnamed POI,49.7749,13.893,0.11120019108057022,Modrá (Mírné znečištění),Příbram,Unknown
Unnamed POI,49.7227,13.8522,0.08460547029972076,Modrá (Mírné znečištění),Příbram,Unknown
Unnamed POI,49.336,14.2978,0.08981671929359436,Modrá (Mírné znečištění),Příbram,Unknown
Černá skála,49.8162,13.6376,0.13112331926822662,Modrá (Mírné znečištění),Příbram,Unknown
Unnamed POI,49.6988,14.4561,0.10603643953800201,Modrá (Mírné znečištění),Příbram,Unknown
9-StoneStand,49.4488,13.8403,0.1009213775396347,Modrá (Mírné znečištění),Příbram,Unknown
Unnamed POI,49.8008,14.4359,0.1580919772386551,Modrá (Mírné znečištění),Příbram,Unknown
Vyhlídka Homolka,49.7998,14.4366,0.1580919772386551,Modrá (Mírné znečištění),Příbram,Unknown
Unnamed POI,49.7659,13.931,0.1142907440662384,Modrá (Mírné znečištění),Příbram,Unknown
Unnamed POI,49.7631,13.9197,0.11068519949913025,Modrá (Mírné znečištění),Příbram,Unknown
Pětnice - rozhledna Christiana Battaglii,49.3751,13.8138,0.08235996961593628,Modrá (Mírné znečištění),Příbram,Unknown
Světovina,49.8683,13.7423,0.13862383365631104,Modrá (Mírné znečištění),Příbram,Unknown
Velký kámen,49.7282,13.7368,0.11478675901889801,Modrá (Mírné znečištění),Příbram,Unknown
Unnamed POI,49.7512,13.9764,0.13703423738479614,Modrá (Mírné znečištění),Příbram,Unknown
Unnamed POI,49.8018,13.8806,0.14754381775856018,Modrá (Mírné znečištění),Příbram,Unknown
Šumavská vyhlídka,49.1678,14.0913,0.09036731719970703,Modrá (Mírné znečištění),Příbram,Unknown
Unnamed POI,49.4393,14.1906,0.05870268866419792,Tmavě modrá (Slabé znečištění),Příbram,Unknown
Unnamed POI,49.4386,14.192,0.05956120789051056,Tmavě modrá (Slabé znečištění),Příbram,Unknown
Unnamed POI,49.4254,14.1954,0.06208151578903198,Tmavě modrá (Slabé znečištění),Příbram,Unknown
Třitrubecká vyhlídka,49.7038,13.7845,0.08033733814954758,Modrá (Mírné znečištění),Příbram,Unknown
Voltušská vyhlídka,49.5841,13.8396,0.07990755140781403,Tmavě modrá (Slabé znečištění),Příbram,Unknown
Unnamed POI,49.6941,13.8166,0.07670102268457413,Tmavě modrá (Slabé znečištění),Příbram,Unknown
Unnamed POI,49.674,13.8659,0.08353838324546814,Modrá (Mírné znečištění),Příbram,Unknown
Unnamed POI,49.3561,14.2712,0.09152743220329285,Modrá (Mírné znečištění),Příbram,Unknown
Unnamed POI,49.8152,13.9984,0.14589530229568481,Modrá (Mírné znečištění),Příbram,Unknown
Unnamed POI,49.8428,14.1296,0.15085071325302124,Modrá (Mírné znečištění),Příbram,Unknown
Unnamed POI,49.7629,13.8658,0.1067148968577385,Modrá (Mírné znečištění),Příbram,Unknown
Těnovická vyhlídka,49.6247,13.6344,0.11026113480329514,Modrá (Mírné znečištění),Příbram,Unknown
Svatý jezevčík,49.7317,13.8686,0.08922191709280014,Modrá (Mírné znečištění),Příbram,Unknown
Unnamed POI,49.356,14.0858,0.15063883364200592,Modrá (Mírné znečištění),Příbram,Unknown
Unnamed POI,49.3676,14.1449,0.12212647497653961,Modrá (Mírné znečištění),Příbram,Unknown
Unnamed POI,49.3575,14.2698,0.09152743220329285,Modrá (Mírné znečištění),Příbram,Unknown
Chlukov,49.7148,13.7862,0.08763444423675537,Modrá (Mírné znečištění),Příbram,Unknown
Unnamed POI,49.8148,13.9877,0.1457483023405075,Modrá (Mírné znečištění),Příbram,Unknown
Rozhledna Šťastná věž,49.6181,13.6134,0.14064261317253113,Modrá (Mírné znečištění),Příbram,Unknown
vyhlídková terasa,49.2257,14.1275,0.10387148708105087,Modrá (Mírné znečištění),Příbram,Unknown
Unnamed POI,49.7101,13.8752,0.08886726945638657,Modrá (Mírné znečištění),Příbram,Unknown
Unnamed POI,49.2614,14.3041,0.12230657041072845,Modrá (Mírné znečištění),Příbram,Unknown
Unnamed POI,49.5175,14.1778,0.06098996102809906,Tmavě modrá (Slabé znečištění),Příbram,Unknown
Unnamed POI,49.8483,13.6089,0.14331260323524475,Modrá (Mírné znečištění),Příbram,Unknown
Unnamed POI,49.6129,13.6215,0.12289895862340927,Modrá (Mírné znečištění),Příbram,Unknown
jihovýchodní výhled,49.5723,14.0278,0.08734533935785294,Modrá (Mírné znečištění),Příbram,Unknown
severozápadní výhled,49.5739,14.0265,0.08734533935785294,Modrá (Mírné znečištění),Příbram,Unknown
Unnamed POI,49.6724,13.808,0.07452423870563507,Tmavě modrá (Slabé znečištění),Příbram,Unknown
Unnamed POI,49.6722,13.8086,0.07452423870563507,Tmavě modrá (Slabé znečištění),Příbram,Unknown
Unnamed POI,49.657,13.7782,0.07251892238855362,Tmavě modrá (Slabé znečištění),Příbram,Unknown
Unnamed POI,49.625,13.6086,0.12825864553451538,Modrá (Mírné znečištění),Příbram,Unknown
Unnamed POI,49.2512,14.0961,0.12735667824745178,Modrá (Mírné znečištění),Příbram,Unknown
Unnamed POI,49.7419,14.4105,0.10477365553379059,Modrá (Mírné znečištění),Příbram,Unknown
Unnamed POI,49.9052,13.7239,0.09210796654224396,Modrá (Mírné znečištění),Příbram,Unknown
Unnamed POI,49.6527,14.2794,0.09511483460664749,Modrá (Mírné znečištění),Příbram,Unknown
Unnamed POI,49.4623,14.1963,0.05621316656470299,Tmavě modrá (Slabé znečištění),Příbram,Unknown
Na Vlčí skále,49.438,14.1984,0.05956120789051056,Tmavě modrá (Slabé znečištění),Příbram,Unknown
Unnamed POI,49.4397,14.1961,0.05956120789051056,Tmavě modrá (Slabé znečištění),Příbram,Unknown
Unnamed POI,49.4427,14.1973,0.05956120789051056,Tmavě modrá (Slabé znečištění),Příbram,Unknown
Unnamed POI,49.4465,14.1907,0.05755315348505974,Tmavě modrá (Slabé znečištění),Příbram,Unknown
Unnamed POI,49.4527,14.1923,0.05815691873431206,Tmavě modrá (Slabé znečištění),Příbram,Unknown
Unnamed POI,49.455,14.1954,0.05621316656470299,Tmavě modrá (Slabé znečištění),Příbram,Unknown
Unnamed POI,49.4573,14.1986,0.05621316656470299,Tmavě modrá (Slabé znečištění),Příbram,Unknown
Unnamed POI,49.4592,14.1984,0.05621316656470299,Tmavě modrá (Slabé znečištění),Příbram,Unknown
minirozhledna,49.4605,14.3948,0.11944255232810974,Modrá (Mírné znečištění),Příbram,Unknown
Unnamed POI,49.7729,14.4077,0.13148461282253265,Modrá (Mírné znečištění),Příbram,Unknown
Rozhledna Kochnov,49.6538,14.6567,0.1296919584274292,Modrá (Mírné znečištění),Příbram,Unknown
Unnamed POI,49.6611,14.2729,0.09597334265708923,Modrá (Mírné znečištění),Příbram,Unknown
Unnamed POI,49.5132,14.1712,0.06290292739868164,Tmavě modrá (Slabé znečištění),Příbram,Unknown
Unnamed POI,49.6354,13.7045,0.08535898476839066,Modrá (Mírné znečištění),Příbram,Unknown
Unnamed POI,49.3337,14.2966,0.08981671929359436,Modrá (Mírné znečištění),Příbram,Unknown
rozhledna Kupa,49.391,14.3911,0.0935816764831543,Modrá (Mírné znečištění),Příbram,Unknown
Unnamed POI,49.8486,13.6082,0.1528353989124298,Modrá (Mírné znečištění),Příbram,Unknown
Unnamed POI,49.5604,14.2585,0.07475011795759201,Tmavě modrá (Slabé znečištění),Příbram,Unknown
Unnamed POI,49.212,13.8533,0.10772246867418289,Modrá (Mírné znečištění),Příbram,Unknown
Unnamed POI,49.602,14.1963,0.07776094973087311,Tmavě modrá (Slabé znečištění),Příbram,Unknown
Unnamed POI,49.438,14.1924,0.05956120789051056,Tmavě modrá (Slabé znečištění),Příbram,Unknown
Unnamed POI,49.692,14.593,0.11530808359384537,Modrá (Mírné znečištění),Příbram,Unknown
Unnamed POI,49.5028,14.1893,0.06041339784860611,Tmavě modrá (Slabé znečištění),Příbram,Unknown
Unnamed POI,49.681,13.8205,0.07615524530410767,Tmavě modrá (Slabé znečištění),Příbram,Unknown
Unnamed POI,49.793,14.0537,0.12346453219652176,Modrá (Mírné znečištění),Příbram,Unknown
Unnamed POI,49.7029,13.8997,0.0970228984951973,Modrá (Mírné znečištění),Příbram,Unknown
Unnamed POI,49.7044,13.9156,0.10907234251499176,Modrá (Mírné znečištění),Příbram,Unknown
Unnamed POI,49.9317,13.8393,0.10090430080890656,Modrá (Mírné znečištění),Příbram,Unknown
Na Floriánu,49.8496,13.6076,0.1528353989124298,Modrá (Mírné znečištění),Příbram,Unknown
Unnamed POI,49.3706,14.1434,0.12212647497653961,Modrá (Mírné znečištění),Příbram,Unknown
Unnamed POI,49.6901,13.8404,0.0784180611371994,Tmavě modrá (Slabé znečištění),Příbram,Unknown
Unnamed POI,49.6498,13.891,0.09811993688344955,Modrá (Mírné znečištění),Příbram,Unknown
Unnamed POI,49.7503,13.7428,0.12017091363668442,Modrá (Mírné znečištění),Příbram,Unknown
Unnamed POI,49.8876,13.7479,0.1048896461725235,Modrá (Mírné znečištění),Příbram,Unknown
Unnamed POI,49.7581,14.2262,0.12725967168807983,Modrá (Mírné znečištění),Příbram,Unknown
Unnamed POI,49.6317,13.6342,0.11061099171638489,Modrá (Mírné znečištění),Příbram,Unknown
rozhledna Christiana Battaglii,49.3751,13.8139,0.08235996961593628,Modrá (Mírné znečištění),Příbram,Unknown
Unnamed POI,49.5675,13.7774,0.06389090418815613,Tmavě modrá (Slabé znečištění),Příbram,Unknown
Bílá skála,49.5773,13.8434,0.07710528373718262,Tmavě modrá (Slabé znečištění),Příbram,Unknown
U Drtiče,49.5747,13.8441,0.07710528373718262,Tmavě modrá (Slabé znečištění),Příbram,Unknown
Unnamed POI,49.6473,13.7309,0.07873079925775528,Tmavě modrá (Slabé znečištění),Příbram,Unknown
Unnamed POI,49.6329,13.712,0.08069143444299698,Modrá (Mírné znečištění),Příbram,Unknown
Unnamed POI,49.6552,13.8186,0.07690808922052383,Tmavě modrá (Slabé znečištění),Příbram,Unknown
Unnamed POI,49.656,13.8088,0.07522183656692505,Tmavě modrá (Slabé znečištění),Příbram,Unknown
Unnamed POI,49.6538,13.8472,0.08543869107961655,Modrá (Mírné znečištění),Příbram,Unknown
Unnamed POI,49.7475,13.6768,0.15769150853157043,Modrá (Mírné znečištění),Příbram,Unknown
Unnamed POI,49.6178,14.2381,0.08229290693998337,Modrá (Mírné znečištění),Příbram,Unknown
Vyhlídka Antonína Bárty,49.5255,13.6653,0.07931285351514816,Tmavě modrá (Slabé znečištění),Příbram,Unknown
Unnamed POI,49.6208,14.2381,0.08229290693998337,Modrá (Mírné znečištění),Příbram,Unknown
Unnamed POI,49.6501,14.2488,0.12269528210163116,Modrá (Mírné znečištění),Příbram,Unknown
Rozhledna Veselý vrch,49.7448,14.3432,0.1108560711145401,Modrá (Mírné znečištění),Příbram,Unknown
rozhledna Chanovice,49.4067,13.7107,0.09940685331821442,Modrá (Mírné znečištění),Příbram,Unknown
Studený vrch,49.8051,14.0832,0.12905091047286987,Modrá (Mírné znečištění),Příbram,Unknown
rozhledna Vysoký Kamýk,49.2313,14.2972,0.11131618171930313,Modrá (Mírné znečištění),Příbram,Unknown
Drtinova rozhledna,49.7645,14.3764,0.12380746006965637,Modrá (Mírné znečištění),Příbram,Unknown
Langova rozhledna,49.5591,14.2379,0.07417355477809906,Tmavě modrá (Slabé znečištění),Příbram,Unknown
