name,lat,lon,darkness_value,falchi_category
Mělnická vyhlídka,50.388,14.2923,0.24211289,Světle modrá (Střední znečištění)
Unnamed POI,50.0014,14.8589,0.26736322,Světle modrá (Střední znečištění)
Unnamed POI,50.7358,15.7398,0.11004827,Modrá (Mírné znečištění)
Malý Rabštýn,49.7229,17.4518,0.12711267,Modrá (Mírné znečištění)
Vysoký kámen,50.3006,12.4081,0.09396863,Modrá (Mírné znečištění)
Křížový kámen,50.8841,14.2802,0.11305099,Modrá (Mírné znečištění)
Horní vyhlídka Edmundova kamene,50.8852,14.2808,0.11305099,Modrá (Mírné znečištění)
Unnamed POI,50.885,14.2805,0.11305099,Modrá (Mírné znečištění)
Unnamed POI,49.2341,17.2513,0.16009013,Světle modrá (Střední znečištění)
Unnamed POI,50.1388,14.533,1.8000325,Žlutá (Velmi silné znečištění)
Unnamed POI,50.0027,14.8602,0.26736322,Světle modrá (Střední znečištění)
Krásná Máří,50.8524,15.182,0.13954967,Modrá (Mírné znečištění)
Tolštejn,50.8569,14.5817,0.13970156,Modrá (Mírné znečištění)
Komáří hůrka,50.7066,13.8564,0.26980686,Světle modrá (Střední znečištění)
Unnamed POI,50.3754,12.9096,0.13749784,Modrá (Mírné znečištění)
Ptačí kámen,50.8589,14.3339,0.11081897,Modrá (Mírné znečištění)
Vilemínina stěna,50.8632,14.4039,0.099401325,Modrá (Mírné znečištění)
Rozhledna Kraví Hora,48.9285,16.847,0.20735458,Světle modrá (Střední znečištění)
Unnamed POI,49.3851,12.9276,0.09720468,Modrá (Mírné znečištění)
Unnamed POI,49.4121,12.8045,0.079987265,Tmavě modrá (Slabé znečištění)
Rozhledna Blatenský vrch,50.4002,12.7817,0.09987958,Modrá (Mírné znečištění)
rozhledna Koráb,49.3954,13.0753,0.09214087,Modrá (Mírné znečištění)
Unnamed POI,49.4307,13.203,0.09683246,Modrá (Mírné znečištění)
svatý Jan Nepomucký,49.7467,14.3641,0.11481146,Modrá (Mírné znečištění)
Unnamed POI,49.0535,14.435,0.41354162,Tmavě zelená (Znečištěná)
Hrádek,49.4312,12.8622,0.13133,Modrá (Mírné znečištění)
Drážďanská vyhlídka,50.7948,14.0981,0.19057356,Světle modrá (Střední znečištění)
Jezerní slať,49.0398,13.5754,0.036811143,Šedá (Téměř přirozená)
Unnamed POI,49.0403,13.5745,0.03598341,Šedá (Téměř přirozená)
Unnamed POI,49.7217,13.4348,0.8048529,Zelená (Silné znečištění)
Unnamed POI,48.8458,15.9783,0.1482735,Modrá (Mírné znečištění)
Unnamed POI,50.1411,14.4769,2.2725022,Žlutá (Velmi silné znečištění)
Terezka,49.786,16.1226,0.08575144,Modrá (Mírné znečištění)
Háj u Šumperka,49.9707,16.9338,0.29257295,Světle modrá (Střední znečištění)
Vojtěchův kopec,49.7281,15.9773,0.0897005,Modrá (Mírné znečištění)
Masarykova vyhlídka,50.0916,14.3951,3.9275193,Oranžová (Extrémní znečištění)
Velká skála,49.3545,16.4183,0.3523172,Tmavě zelená (Znečištěná)
Unnamed POI,50.0654,14.4208,4.217256,Oranžová (Extrémní znečištění)
Unnamed POI,48.8632,16.6335,0.15215486,Modrá (Mírné znečištění)
Vyhlídka Emy Destinnové,50.1174,14.482,3.2547991,Oranžová (Extrémní znečištění)
Unnamed POI,50.5189,13.6313,0.8583765,Zelená (Silné znečištění)
Unnamed POI,50.0634,14.4167,4.217256,Oranžová (Extrémní znečištění)
Unnamed POI,50.0629,14.4171,4.217256,Oranžová (Extrémní znečištění)
Unnamed POI,50.0637,14.4165,4.125843,Oranžová (Extrémní znečištění)
Unnamed POI,50.7361,15.7342,0.11004827,Modrá (Mírné znečištění)
Unnamed POI,50.7361,15.7356,0.11004827,Modrá (Mírné znečištění)
Unnamed POI,50.8322,14.6501,0.12811819,Modrá (Mírné znečištění)
Unnamed POI,50.0916,14.4057,4.2743573,Oranžová (Extrémní znečištění)
Unnamed POI,50.0893,14.3988,3.9275193,Oranžová (Extrémní znečištění)
U Lvíčka,50.553,15.1763,0.16917105,Světle modrá (Střední znečištění)
Unnamed POI,50.0863,14.4136,4.7292356,Oranžová (Extrémní znečištění)
Křížový vrch,49.8629,17.1784,0.0999106,Modrá (Mírné znečištění)
Unnamed POI,49.1939,16.5988,3.1747441,Oranžová (Extrémní znečištění)
Unnamed POI,49.1937,16.6002,3.5112658,Oranžová (Extrémní znečištění)
Unnamed POI,49.1947,16.6004,3.5112658,Oranžová (Extrémní znečištění)
Roh hranic,50.6744,15.8608,0.118773535,Modrá (Mírné znečištění)
Pražská vyhlídka,50.3841,14.2886,0.23341782,Světle modrá (Střední znečištění)
vyhlídka na České středohoří (západní část),50.3891,14.288,0.23982622,Světle modrá (Střední znečištění)
Roudnická vyhlídka,50.3893,14.2884,0.23982622,Světle modrá (Střední znečištění)
Máchova vyhlídka,50.4402,14.5788,0.15212494,Modrá (Mírné znečištění)
Unnamed POI,49.7437,13.4288,1.1303747,Zelená (Silné znečištění)
Unnamed POI,50.6984,13.7332,0.18842266,Světle modrá (Střední znečištění)
Hornek,49.2315,16.7172,0.47618178,Tmavě zelená (Znečištěná)
Unnamed POI,49.4454,14.8578,0.07966224,Tmavě modrá (Slabé znečištění)
Unnamed POI,50.4556,14.5698,0.13427505,Modrá (Mírné znečištění)
Unnamed POI,50.6144,16.1236,0.11387932,Modrá (Mírné znečištění)
Unnamed POI,50.4465,14.5755,0.14131466,Modrá (Mírné znečištění)
Pokličky,50.4552,14.5894,0.13755102,Modrá (Mírné znečištění)
Unnamed POI,50.4577,14.5773,0.136188,Modrá (Mírné znečištění)
Výhled na přehradu Souš,50.7994,15.3246,0.11772445,Modrá (Mírné znečištění)
Ostrý,50.5315,13.9515,0.1995384,Světle modrá (Střední znečištění)
Unnamed POI,49.7848,13.4357,0.54656285,Tmavě zelená (Znečištěná)
Unnamed POI,49.7838,13.4351,0.54656285,Tmavě zelená (Znečištěná)
Unnamed POI,50.0796,15.8136,0.40837535,Tmavě zelená (Znečištěná)
Unnamed POI,50.0808,15.8145,0.40837535,Tmavě zelená (Znečištěná)
Unnamed POI,49.1943,16.5973,3.1747441,Oranžová (Extrémní znečištění)
Unnamed POI,50.1709,17.1165,0.070556805,Tmavě modrá (Slabé znečištění)
Zelenohorská vyhlídka,49.0827,13.4361,0.033407856,Šedá (Téměř přirozená)
Vyhlídka Havlova skála,49.9098,13.5526,0.10514714,Modrá (Mírné znečištění)
Unnamed POI,50.2421,14.3061,1.2336674,Zelená (Silné znečištění)
Unnamed POI,49.5885,16.4316,0.09525612,Modrá (Mírné znečištění)
Paličník,50.8715,15.2576,0.11500226,Modrá (Mírné znečištění)
Soví vyhlídka,50.9342,14.4292,0.102289625,Modrá (Mírné znečištění)
Holubník,50.8407,15.1835,0.13483444,Modrá (Mírné znečištění)
Ptačí kupy,50.847,15.1737,0.142671,Modrá (Mírné znečištění)
řopík,50.2422,14.3056,1.2336674,Zelená (Silné znečištění)
Unnamed POI,50.2573,14.3003,1.0396235,Zelená (Silné znečištění)
rozhledna Osičina,50.2242,16.1273,0.1431966,Modrá (Mírné znečištění)
Vladimíra Menšíka na Hlíně,49.1174,16.4261,0.2746192,Světle modrá (Střední znečištění)
Unnamed POI,48.631,14.2783,0.0793061,Tmavě modrá (Slabé znečištění)
Unnamed POI,50.7802,14.1856,0.6985901,Zelená (Silné znečištění)
Doubravská hora,50.639,13.8597,0.642071,Zelená (Silné znečištění)
Unnamed POI,50.639,13.8382,1.098289,Zelená (Silné znečištění)
Unnamed POI,50.0851,14.4601,4.000663,Oranžová (Extrémní znečištění)
Kamenný vrch,49.1828,16.556,1.5659341,Žlutá (Velmi silné znečištění)
Unnamed POI,50.5898,14.0228,0.28757998,Světle modrá (Střední znečištění)
Unnamed POI,49.9053,14.4033,0.41788307,Tmavě zelená (Znečištěná)
Unnamed POI,49.1817,16.5789,2.2706008,Žlutá (Velmi silné znečištění)
Unnamed POI,50.2344,14.299,0.9126869,Zelená (Silné znečištění)
Czeskie Kamienie / Mužské kameny,50.7769,15.5911,0.103499204,Modrá (Mírné znečištění)
Krakonoš,50.734,15.6649,0.10546108,Modrá (Mírné znečištění)
Minická skála,50.2186,14.2877,0.6169277,Tmavě zelená (Znečištěná)
Unnamed POI,50.2462,14.3033,1.2123128,Zelená (Silné znečištění)
Unnamed POI,50.2469,14.3031,1.2123128,Zelená (Silné znečištění)
Unnamed POI,49.1911,16.6076,3.5112658,Oranžová (Extrémní znečištění)
Unnamed POI,49.1909,16.6076,3.5112658,Oranžová (Extrémní znečištění)
Louštín,50.1639,13.7937,0.14099227,Modrá (Mírné znečištění)
Unnamed POI,50.0799,14.4011,4.3506646,Oranžová (Extrémní znečištění)
Unnamed POI,50.0802,14.401,4.3506646,Oranžová (Extrémní znečištění)
Unnamed POI,50.0856,14.3911,3.500648,Oranžová (Extrémní znečištění)
U Tety,49.7478,16.5794,0.12502599,Modrá (Mírné znečištění)
rozhledna Háj u Aše,50.2335,12.2018,0.2574737,Světle modrá (Střední znečištění)
Unnamed POI,49.3863,16.5976,0.23083752,Světle modrá (Střední znečištění)
Devět skal,49.6707,16.0322,0.07768817,Tmavě modrá (Slabé znečištění)
Skalní hrad,50.8722,15.0894,0.17626138,Světle modrá (Střední znečištění)
Kočičí kameny,50.8869,15.2311,0.13411497,Modrá (Mírné znečištění)
Přerovská hůra,50.162,14.8398,0.33538672,Tmavě zelená (Znečištěná)
Břístevská hůra,50.1376,14.8516,0.32037538,Tmavě zelená (Znečištěná)
Unnamed POI,50.0627,14.3993,3.6143632,Oranžová (Extrémní znečištění)
vyhlídka Na Horizontu,49.724,13.4381,0.8048529,Zelená (Silné znečištění)
Unnamed POI,50.0477,14.4039,3.4219449,Oranžová (Extrémní znečištění)
Unnamed POI,50.0452,14.3916,3.0365696,Oranžová (Extrémní znečištění)
Unnamed POI,50.0268,14.4631,2.831878,Oranžová (Extrémní znečištění)
Dolní můstek,49.3737,16.7292,0.19688983,Světle modrá (Střední znečištění)
rozhledna Podvrší u Veselice,49.3891,16.704,0.2028868,Světle modrá (Střední znečištění)
Unnamed POI,48.8587,16.0441,1.0315042,Zelená (Silné znečištění)
Unnamed POI,48.8589,16.0446,1.0315042,Zelená (Silné znečištění)
Unnamed POI,50.4906,13.1582,0.09956767,Modrá (Mírné znečištění)
Unnamed POI,50.417,15.776,0.1867215,Světle modrá (Střední znečištění)
Rozhledna Stráž u Aše,50.2278,12.272,0.12194061,Modrá (Mírné znečištění)
Unnamed POI,49.2238,16.6708,0.9721463,Zelená (Silné znečištění)
Unnamed POI,50.1035,14.3214,1.9382424,Žlutá (Velmi silné znečištění)
U Strejců,50.2634,12.3872,0.102258615,Modrá (Mírné znečištění)
Babylon,49.4437,16.4639,0.121557064,Modrá (Mírné znečištění)
Unnamed POI,49.3975,16.5999,0.22730559,Světle modrá (Střední znečištění)
Unnamed POI,49.9612,14.2033,0.37214467,Tmavě zelená (Znečištěná)
Unnamed POI,50.7526,15.5478,0.09737346,Modrá (Mírné znečištění)
Unnamed POI,49.2278,15.362,0.06508031,Tmavě modrá (Slabé znečištění)
Unnamed POI,50.7873,14.0388,0.18138102,Světle modrá (Střední znečištění)
Unnamed POI,50.4403,14.5871,0.15135247,Modrá (Mírné znečištění)
Unnamed POI,50.4293,14.583,0.1540343,Modrá (Mírné znečištění)
Unnamed POI,50.7782,14.0685,0.20855232,Světle modrá (Střední znečištění)
Unnamed POI,50.7781,14.0757,0.2172474,Světle modrá (Střední znečištění)
Unnamed POI,50.7781,14.0768,0.2172474,Světle modrá (Střední znečištění)
Unnamed POI,50.7784,14.0636,0.20288621,Světle modrá (Střední znečištění)
Unnamed POI,50.7783,14.0544,0.1989127,Světle modrá (Střední znečištění)
Unnamed POI,50.7792,14.0494,0.17841363,Světle modrá (Střední znečištění)
Rozhledna Krátošice,49.3257,14.7842,0.10140642,Modrá (Mírné znečištění)
Mariánská vyhlidka,50.548,15.1935,0.16821498,Světle modrá (Střední znečištění)
Vyhlídka nad Výrovkou,50.7179,15.6828,0.102891855,Modrá (Mírné znečištění)
Sněžník,49.276,14.8952,0.08067372,Modrá (Mírné znečištění)
Unnamed POI,50.4406,14.5913,0.15135247,Modrá (Mírné znečištění)
Unnamed POI,50.1738,14.398,1.0637964,Zelená (Silné znečištění)
Unnamed POI,49.7573,13.5181,0.33789513,Tmavě zelená (Znečištěná)
Unnamed POI,50.6128,13.521,0.20481303,Světle modrá (Střední znečištění)
rozhledna Modrá - Židoviny,49.1191,17.4033,0.2579702,Světle modrá (Střední znečištění)
Dračí vrch,50.8095,15.0778,0.3595921,Tmavě zelená (Znečištěná)
Unnamed POI,50.638,13.864,0.642071,Zelená (Silné znečištění)
Panská skála,49.8751,14.5647,0.2939185,Světle modrá (Střední znečištění)
Kamenná brána,50.5311,16.3107,0.11505058,Modrá (Mírné znečištění)
Koruna,50.5219,16.3254,0.11506824,Modrá (Mírné znečištění)
Unnamed POI,49.6278,14.2049,0.086180404,Modrá (Mírné znečištění)
Unnamed POI,50.0786,12.3645,0.83749026,Zelená (Silné znečištění)
Rozhledna Jarník,49.308,14.1925,0.18461873,Světle modrá (Střední znečištění)
Unnamed POI,50.736,15.7388,0.11004827,Modrá (Mírné znečištění)
Unnamed POI,49.9502,14.1066,0.35458034,Tmavě zelená (Znečištěná)
Hlavatice,50.5696,15.1555,0.24443027,Světle modrá (Střední znečištění)
Travičná,48.8601,17.3656,0.12642501,Modrá (Mírné znečištění)
Unnamed POI,50.8504,14.2219,0.14862907,Modrá (Mírné znečištění)
Unnamed POI,49.8747,12.9926,0.07505654,Tmavě modrá (Slabé znečištění)
Unnamed POI,49.8699,13.0013,0.07054356,Tmavě modrá (Slabé znečištění)
Unnamed POI,49.8715,12.9861,0.078711,Tmavě modrá (Slabé znečištění)
Unnamed POI,49.8932,12.9354,0.06556451,Tmavě modrá (Slabé znečištění)
Doubrava,49.1838,17.8729,0.13271087,Modrá (Mírné znečištění)
Unnamed POI,50.5278,14.0185,0.31288126,Světle modrá (Střední znečištění)
Unnamed POI,49.8778,12.931,0.065251775,Tmavě modrá (Slabé znečištění)
Unnamed POI,49.1115,16.4194,0.27249706,Světle modrá (Střední znečištění)
Unnamed POI,49.1043,16.4108,0.27709606,Světle modrá (Střední znečištění)
Ambrožova vyhlídka,50.7626,15.5455,0.097489566,Modrá (Mírné znečištění)
Unnamed POI,50.6605,15.7476,0.109385684,Modrá (Mírné znečištění)
Unnamed POI,50.6924,15.692,0.10623357,Modrá (Mírné znečištění)
Pančavský vodopád,50.7612,15.5452,0.096171305,Modrá (Mírné znečištění)
Unnamed POI,50.7709,15.5475,0.09829355,Modrá (Mírné znečištění)
Unnamed POI,49.1116,13.3296,0.034842934,Šedá (Téměř přirozená)
Milovské perníčky,49.6936,16.0879,0.08377059,Modrá (Mírné znečištění)
Čtyři palice,49.6868,16.0932,0.08234183,Modrá (Mírné znečištění)
Unnamed POI,50.0713,16.7917,0.092483796,Modrá (Mírné znečištění)
Chalupská Slat,48.9982,13.6592,0.03926988,Šedá (Téměř přirozená)
výhled z věže,49.0511,14.4416,0.39128023,Tmavě zelená (Znečištěná)
Kamenická vyhlídka,50.8503,14.3444,0.11292338,Modrá (Mírné znečištění)
Mariina skála,50.8604,14.405,0.104693115,Modrá (Mírné znečištění)
Čerchov u Nižbora,50.0048,13.9779,0.18840846,Světle modrá (Střední znečištění)
Unnamed POI,49.9181,14.7985,0.22736874,Světle modrá (Střední znečištění)
Unnamed POI,48.9664,13.5927,0.03463689,Šedá (Téměř přirozená)
Skalka,49.2476,16.5904,1.2252913,Zelená (Silné znečištění)
Unnamed POI,49.9144,14.7887,0.23389691,Světle modrá (Střední znečištění)
Málkova rozhledna,50.0466,14.1352,0.42079097,Tmavě zelená (Znečištěná)
Unnamed POI,50.0754,17.3012,0.07436948,Tmavě modrá (Slabé znečištění)
Kalvárie,50.5643,15.1645,0.23891118,Světle modrá (Střední znečištění)
Zdenčina skála,50.6066,15.1932,0.19879015,Světle modrá (Střední znečištění)
Frýdlantská skála,50.5611,16.2057,0.12801379,Modrá (Mírné znečištění)
Vyhlídka Klubačice,49.5603,16.3142,0.09489253,Modrá (Mírné znečištění)
Unnamed POI,50.8317,14.4556,0.11422917,Modrá (Mírné znečištění)
Dolní Bílý ostroh,50.8741,14.2443,0.16440493,Světle modrá (Střední znečištění)
Unnamed POI,49.9223,14.7826,0.24353103,Světle modrá (Střední znečištění)
Unnamed POI,49.0526,16.8566,0.19276813,Světle modrá (Střední znečištění)
Unnamed POI,48.9831,13.7958,0.046200477,Tmavě modrá (Slabé znečištění)
Unnamed POI,50.0315,14.4611,3.2832224,Oranžová (Extrémní znečištění)
Šaunštejn,50.8687,14.3521,0.1038346,Modrá (Mírné znečištění)
Vožický výhled,49.5323,14.8145,0.13567354,Modrá (Mírné znečištění)
Unnamed POI,50.3559,16.9262,0.09951792,Modrá (Mírné znečištění)
Holý vrch,49.7721,13.4458,0.5829937,Tmavě zelená (Znečištěná)
Kamenná vrata,50.7372,14.977,0.28792644,Světle modrá (Střední znečištění)
Unnamed POI,50.7373,14.9766,0.28792644,Světle modrá (Střední znečištění)
Červený kámen,50.7312,14.9738,0.2630553,Světle modrá (Střední znečištění)
Unnamed POI,50.2302,14.2969,0.9126869,Zelená (Silné znečištění)
Unnamed POI,49.1807,16.3539,0.33614483,Tmavě zelená (Znečištěná)
Unnamed POI,50.0231,14.4725,2.7345014,Oranžová (Extrémní znečištění)
Unnamed POI,49.7714,13.4429,0.5829937,Tmavě zelená (Znečištěná)
Unnamed POI,49.7763,13.4471,0.5829937,Tmavě zelená (Znečištěná)
Na stráži,50.7338,14.5844,0.23282792,Světle modrá (Střední znečištění)
Otvovická skála,50.2156,14.279,0.58498585,Tmavě zelená (Znečištěná)
Sylván,49.7697,13.3475,1.2515459,Zelená (Silné znečištění)
Rozhledna Bára,49.9163,15.7807,0.24536873,Světle modrá (Střední znečištění)
Unnamed POI,50.2273,14.3173,0.7424135,Zelená (Silné znečištění)
Hotel Myslivna,49.1887,16.5538,1.4885719,Žlutá (Velmi silné znečištění)
Babylon,49.3848,16.3598,0.13611214,Modrá (Mírné znečištění)
Unnamed POI,50.2156,14.35,0.706535,Zelená (Silné znečištění)
Žuráň,49.1798,16.7384,0.636291,Tmavě zelená (Znečištěná)
Unnamed POI,49.1963,16.5256,1.0245817,Zelená (Silné znečištění)
Unnamed POI,49.3948,16.3388,0.117515646,Modrá (Mírné znečištění)
Unnamed POI,49.4067,16.384,0.12990229,Modrá (Mírné znečištění)
Unnamed POI,50.8206,14.4624,0.12950984,Modrá (Mírné znečištění)
Unnamed POI,50.2155,14.2953,0.6431668,Zelená (Silné znečištění)
Unnamed POI,49.1782,13.1968,0.04554333,Tmavě modrá (Slabé znečištění)
Unnamed POI,50.2146,14.2895,0.6169277,Tmavě zelená (Znečištěná)
Unnamed POI,48.6319,14.683,0.035992306,Šedá (Téměř přirozená)
Unnamed POI,49.8766,14.2528,0.32801533,Tmavě zelená (Znečištěná)
Unnamed POI,49.8771,14.2544,0.32801533,Tmavě zelená (Znečištěná)
Unnamed POI,49.3427,16.411,0.36348617,Tmavě zelená (Znečištěná)
Lipno Panorama,48.7164,14.0793,0.050792497,Tmavě modrá (Slabé znečištění)
Růžový hřbety,50.8013,14.2445,0.29165843,Světle modrá (Střední znečištění)
Růžová vyhlídka,50.8063,14.2441,0.23335007,Světle modrá (Střední znečištění)
Unnamed POI,50.1129,14.4614,3.245857,Oranžová (Extrémní znečištění)
Unnamed POI,50.7721,14.6583,0.16610526,Světle modrá (Střední znečištění)
Unnamed POI,50.8081,14.7466,0.14146754,Modrá (Mírné znečištění)
Unnamed POI,50.0797,14.4402,4.6364536,Oranžová (Extrémní znečištění)
Unnamed POI,49.9758,14.3471,0.9677807,Zelená (Silné znečištění)
Válečná díra,50.8213,14.357,0.13093798,Modrá (Mírné znečištění)
Unnamed POI,50.0238,16.7016,0.08721098,Modrá (Mírné znečištění)
Unnamed POI,50.8609,15.1878,0.14002755,Modrá (Mírné znečištění)
rozhledna Nedánov,48.9806,16.8195,0.18047242,Světle modrá (Střední znečištění)
Klíč,50.7886,14.5727,0.16088195,Světle modrá (Střední znečištění)
Helfenburk,49.1362,14.0067,0.07257966,Tmavě modrá (Slabé znečištění)
Klimentova vyhlídka,49.8648,14.4579,0.28688315,Světle modrá (Střední znečištění)
Unnamed POI,50.0501,17.172,0.066380434,Tmavě modrá (Slabé znečištění)
Hvíždinec,49.9068,14.2673,0.35435802,Tmavě zelená (Znečištěná)
Unnamed POI,49.8574,13.0319,0.06492089,Tmavě modrá (Slabé znečištění)
Unnamed POI,48.9649,17.4729,0.1864455,Světle modrá (Střední znečištění)
Unnamed POI,48.8548,16.0453,1.0315042,Zelená (Silné znečištění)
Unnamed POI,50.0866,17.3341,0.073702,Tmavě modrá (Slabé znečištění)
vyhlídka na Mikulce,49.7658,13.3822,1.6039511,Žlutá (Velmi silné znečištění)
Unnamed POI,49.1961,16.5639,1.7317426,Žlutá (Velmi silné znečištění)
Unnamed POI,49.2015,16.5516,1.4503763,Žlutá (Velmi silné znečištění)
Unnamed POI,49.204,16.5517,1.4503763,Žlutá (Velmi silné znečištění)
Unnamed POI,49.2019,16.5572,1.4503763,Žlutá (Velmi silné znečištění)
Unnamed POI,49.2013,16.56,1.7317426,Žlutá (Velmi silné znečištění)
Stříbrná krasavice,49.9602,16.374,0.21498413,Světle modrá (Střední znečištění)
Unnamed POI,50.8861,15.275,0.109483756,Modrá (Mírné znečištění)
Pechova smrt,50.8957,15.2549,0.114861585,Modrá (Mírné znečištění)
Špičák,50.8644,15.0742,0.18938528,Světle modrá (Střední znečištění)
Rozhledna Černá Studnice,50.7117,15.233,0.25589886,Světle modrá (Střední znečištění)
Rozhledna Vrbice,50.0923,16.247,0.15771721,Modrá (Mírné znečištění)
Husova vyhlídka,50.1111,16.2209,0.21032295,Světle modrá (Střední znečištění)
Unnamed POI,50.5267,14.2072,0.2699865,Světle modrá (Střední znečištění)
Unnamed POI,50.5279,14.2068,0.2699865,Světle modrá (Střední znečištění)
Unnamed POI,50.1115,14.4928,3.7192686,Oranžová (Extrémní znečištění)
Unnamed POI,50.0436,14.392,3.0365696,Oranžová (Extrémní znečištění)
Unnamed POI,50.3955,14.558,0.20206887,Světle modrá (Střední znečištění)
Košťál,50.4902,13.9848,0.22169903,Světle modrá (Střední znečištění)
Holý vrch,50.5026,13.9784,0.20485525,Světle modrá (Střední znečištění)
Unnamed POI,50.514,13.9878,0.22424005,Světle modrá (Střední znečištění)
Unnamed POI,50.0398,14.3587,2.341884,Žlutá (Velmi silné znečištění)
Unnamed POI,50.5269,13.7588,0.3463886,Tmavě zelená (Znečištěná)
Unnamed POI,50.3662,13.2366,0.22046694,Světle modrá (Střední znečištění)
Unnamed POI,50.3604,13.2535,0.21486181,Světle modrá (Střední znečištění)
Hrad Střmen,50.5942,16.1384,0.110648096,Modrá (Mírné znečištění)
U Roklin,50.5916,16.1226,0.1072756,Modrá (Mírné znečištění)
Unnamed POI,50.1908,14.2459,0.51208866,Tmavě zelená (Znečištěná)
Rozhledna Súkenická,49.3988,18.396,0.07998749,Tmavě modrá (Slabé znečištění)
Unnamed POI,49.3713,17.7559,0.1358267,Modrá (Mírné znečištění)
Unnamed POI,49.3743,17.7567,0.1358267,Modrá (Mírné znečištění)
Popovský kříž,50.338,12.9238,0.1606487,Světle modrá (Střední znečištění)
Brdlice,49.881,17.9358,0.26863402,Světle modrá (Střední znečištění)
Unnamed POI,49.7404,16.5291,0.12301578,Modrá (Mírné znečištění)
Dobrý duch MUHU,50.8941,15.1964,0.183696,Světle modrá (Střední znečištění)
Rozhledna Ocmanice,49.2277,16.1176,0.14878276,Modrá (Mírné znečištění)
Unnamed POI,50.7804,14.1835,0.6985901,Zelená (Silné znečištění)
Unnamed POI,50.7907,14.1029,0.1989622,Světle modrá (Střední znečištění)
Unnamed POI,48.889,14.3584,0.1830489,Světle modrá (Střední znečištění)
Unnamed POI,50.8307,15.2216,0.1235267,Modrá (Mírné znečištění)
Čertův odpočinek,50.8245,15.213,0.13225889,Modrá (Mírné znečištění)
Jezdec,50.7975,15.0928,0.3666933,Tmavě zelená (Znečištěná)
Rozhledna Alfonse Muchy,49.097,16.3857,0.44096196,Tmavě zelená (Znečištěná)
Unnamed POI,49.8157,17.7597,0.13730358,Modrá (Mírné znečištění)
Unnamed POI,50.1045,14.351,2.0914798,Žlutá (Velmi silné znečištění)
Unnamed POI,50.4057,13.1772,0.20797531,Světle modrá (Střední znečištění)
Na Kalvárii,50.066,14.3276,2.6708322,Oranžová (Extrémní znečištění)
Raisova vyhlídka,49.8604,14.4655,0.26011756,Světle modrá (Střední znečištění)
Vyhlídka Vildy Jakše,49.8629,14.4602,0.29354212,Světle modrá (Střední znečištění)
Unnamed POI,50.639,14.0506,0.7070635,Zelená (Silné znečištění)
Altán Camera Obscura,50.2281,12.8846,0.5805844,Tmavě zelená (Znečištěná)
Altán u Tří Křížů,50.2271,12.8865,0.5805844,Tmavě zelená (Znečištěná)
Unnamed POI,50.103,14.322,1.9382424,Žlutá (Velmi silné znečištění)
Unnamed POI,49.9514,14.3775,0.7740042,Zelená (Silné znečištění)
Unnamed POI,49.9398,14.3704,0.64737236,Zelená (Silné znečištění)
Unnamed POI,50.2055,12.9636,0.13318305,Modrá (Mírné znečištění)
Unnamed POI,49.1758,13.1752,0.042827975,Tmavě modrá (Slabé znečištění)
Dušanova vyhlídka,50.6496,13.6846,0.25683123,Světle modrá (Střední znečištění)
Vraní skála,49.9277,13.9411,0.18122855,Světle modrá (Střední znečištění)
Unnamed POI,48.811,14.3201,0.42393446,Tmavě zelená (Znečištěná)
Unnamed POI,48.8107,14.3189,0.42393446,Tmavě zelená (Znečištěná)
Unnamed POI,48.8176,14.3155,0.5378362,Tmavě zelená (Znečištěná)
Rozhledna Radětice,49.3193,14.429,0.11264627,Modrá (Mírné znečištění)
Unnamed POI,50.4356,16.8895,0.11989444,Modrá (Mírné znečištění)
Pavlova vyhlídka,49.3674,12.7732,0.065499574,Tmavě modrá (Slabé znečištění)
vyhlídka E. Maxe,50.7318,14.5884,0.23282792,Světle modrá (Střední znečištění)
Unnamed POI,50.7318,14.5878,0.23282792,Světle modrá (Střední znečištění)
Hraběnčina vyhlídka,50.7331,14.5905,0.23282792,Světle modrá (Střední znečištění)
Maxmiliánova vyhlídka,50.7338,14.5937,0.21355559,Světle modrá (Střední znečištění)
Mikovcova vyhlídka,50.7347,14.5962,0.21355559,Světle modrá (Střední znečištění)
Unnamed POI,50.7344,14.5952,0.21355559,Světle modrá (Střední znečištění)
Malý Chlum,49.4514,16.5858,0.18455762,Světle modrá (Střední znečištění)
Unnamed POI,50.0964,14.3203,1.9382424,Žlutá (Velmi silné znečištění)
Unnamed POI,48.8031,14.3228,0.2889486,Světle modrá (Střední znečištění)
Klamorna,50.5278,15.0342,0.24255405,Světle modrá (Střední znečištění)
Kazatelna,50.2118,12.8665,0.3472835,Tmavě zelená (Znečištěná)
Vyhlídka Petra Velikého,50.2228,12.8794,0.70367897,Zelená (Silné znečištění)
Vranovský hřeben,50.6453,15.181,0.22506379,Světle modrá (Střední znečištění)
Pecinova vyhlídka,50.6294,15.1777,0.21540661,Světle modrá (Střední znečištění)
Kožová hora,50.1137,14.1036,0.66764593,Zelená (Silné znečištění)
Havraní skály,50.7669,14.5877,0.21100965,Světle modrá (Střední znečištění)
Jestřebické pokličky,50.4632,14.5868,0.13143566,Modrá (Mírné znečištění)
Unnamed POI,50.4558,14.6233,0.1435956,Modrá (Mírné znečištění)
Šafářova skála,50.4089,16.8962,0.09074946,Modrá (Mírné znečištění)
Unnamed POI,48.8425,16.0562,0.6778787,Zelená (Silné znečištění)
Výhled na Plešné jezero,48.7765,13.8575,0.035495404,Šedá (Téměř přirozená)
Kučerova vyhlídka,48.7747,13.8554,0.035495404,Šedá (Téměř přirozená)
Rozhledna Slunečná,48.9054,16.8337,0.23653665,Světle modrá (Střední znečištění)
Vyhlídka Nad Soutěskou,48.8648,16.6432,0.15261525,Modrá (Mírné znečištění)
Unnamed POI,48.9294,16.825,0.1945145,Světle modrá (Střední znečištění)
Děčínská výšina,50.789,14.2353,0.42516902,Tmavě zelená (Znečištěná)
Stoličná hora,50.7852,14.2276,0.7674308,Zelená (Silné znečištění)
Unnamed POI,49.3174,17.8152,0.13544607,Modrá (Mírné znečištění)
Unnamed POI,50.7917,14.4331,0.16658373,Světle modrá (Střední znečištění)
Unnamed POI,49.7684,13.0361,0.16166812,Světle modrá (Střední znečištění)
Unnamed POI,50.8063,14.4268,0.16422226,Světle modrá (Střední znečištění)
Ponorka,50.8106,14.4222,0.17395912,Světle modrá (Střední znečištění)
Žába,50.8104,14.4207,0.17395912,Světle modrá (Střední znečištění)
Žába II,50.8087,14.426,0.16422226,Světle modrá (Střední znečištění)
Rozhledna Rovnina,49.0715,17.5132,0.3138633,Světle modrá (Střední znečištění)
Unnamed POI,50.8104,14.3542,0.14521946,Modrá (Mírné znečištění)
Unnamed POI,50.807,14.3461,0.14576523,Modrá (Mírné znečištění)
Hořákova,50.6296,15.1985,0.20824063,Světle modrá (Střední znečištění)
Unnamed POI,50.6415,15.1922,0.22895105,Světle modrá (Střední znečištění)
Boika,49.8465,15.7841,0.11501348,Modrá (Mírné znečištění)
Hallamasskova vyhlídka,48.8935,15.8101,0.066581845,Tmavě modrá (Slabé znečištění)
Unnamed POI,50.9162,15.0972,0.23724796,Světle modrá (Střední znečištění)
Vyhlídka „Libverdských pramenů“,50.8921,15.19,0.19096231,Světle modrá (Střední znečištění)
Unnamed POI,50.8854,15.2425,0.119497105,Modrá (Mírné znečištění)
Unnamed POI,50.8813,15.2729,0.11085727,Modrá (Mírné znečištění)
Unnamed POI,50.5345,15.0444,0.22086558,Světle modrá (Střední znečištění)
Unnamed POI,50.5343,15.0406,0.23322144,Světle modrá (Střední znečištění)
Unnamed POI,48.9011,14.4211,0.2288495,Světle modrá (Střední znečištění)
Unnamed POI,49.1829,16.5849,2.51448,Žlutá (Velmi silné znečištění)
Unnamed POI,49.8842,16.0341,0.14059491,Modrá (Mírné znečištění)
Unnamed POI,49.8438,15.7965,0.11493926,Modrá (Mírné znečištění)
Velké Hradisko,49.8019,16.1705,0.09427445,Modrá (Mírné znečištění)
Unnamed POI,50.7878,14.0277,0.16821559,Světle modrá (Střední znečištění)
Raškova vyhlídka,49.5836,18.1629,0.39282703,Tmavě zelená (Znečištěná)
Šikmá věž,50.4629,15.2904,0.14626269,Modrá (Mírné znečištění)
Pechova vyhlídka,50.4667,15.2868,0.14626269,Modrá (Mírné znečištění)
Žaltman,50.5526,16.0521,0.13826075,Modrá (Mírné znečištění)
Nad podkovou,49.6273,14.2022,0.086180404,Modrá (Mírné znečištění)
Unnamed POI,49.6276,14.2036,0.086180404,Modrá (Mírné znečištění)
Chebská stráž,50.0835,12.3416,0.4688214,Tmavě zelená (Znečištěná)
Salingburg,50.1098,12.3601,0.3635986,Tmavě zelená (Znečištěná)
Unnamed POI,50.0663,12.7466,0.08075426,Modrá (Mírné znečištění)
Unnamed POI,50.0883,12.8387,0.10775814,Modrá (Mírné znečištění)
Unnamed POI,48.8538,16.0456,0.7999083,Zelená (Silné znečištění)
Vyhlídka čtyř ročních období,48.8554,16.042,1.0315042,Zelená (Silné znečištění)
Unnamed POI,48.8556,16.0447,1.0315042,Zelená (Silné znečištění)
Radniční věž,49.9654,16.9705,0.85122377,Zelená (Silné znečištění)
Na Plazu,49.9385,13.6558,0.08215795,Modrá (Mírné znečištění)
Unnamed POI,49.8324,15.6713,0.10314557,Modrá (Mírné znečištění)
Dívčí kámen,49.8813,15.587,0.16107073,Světle modrá (Střední znečištění)
Homole,49.9443,14.3982,0.63915205,Tmavě zelená (Znečištěná)
Pasecká skála,49.6156,16.0815,0.09401756,Modrá (Mírné znečištění)
Tři kameny,50.105,17.0479,0.07738724,Tmavě modrá (Slabé znečištění)
Unnamed POI,50.7656,14.5691,0.26871794,Světle modrá (Střední znečištění)
Unnamed POI,49.1651,13.6464,0.058684815,Tmavě modrá (Slabé znečištění)
Unnamed POI,50.2739,17.1648,0.106872626,Modrá (Mírné znečištění)
Unnamed POI,50.372,13.1796,0.21625265,Světle modrá (Střední znečištění)
vyhlídka Míru,50.4666,15.2912,0.14626269,Modrá (Mírné znečištění)
vyhlídka Českého ráje,50.4667,15.2897,0.14626269,Modrá (Mírné znečištění)
Hlaholská vyhlídka,50.467,15.2957,0.15158527,Modrá (Mírné znečištění)
Všetečkova vyhlídka,50.4677,15.2906,0.14626269,Modrá (Mírné znečištění)
Vyhlídka pražského pěveckého sboru Křížkovský,50.4664,15.2992,0.15158527,Modrá (Mírné znečištění)
Horní můstek,49.3731,16.7293,0.19688983,Světle modrá (Střední znečištění)
Unnamed POI,49.9686,12.5015,0.065062165,Tmavě modrá (Slabé znečištění)
Unnamed POI,50.6552,14.0399,1.6890115,Žlutá (Velmi silné znečištění)
Unnamed POI,49.1676,17.4933,0.40382227,Tmavě zelená (Znečištěná)
Unnamed POI,50.7079,15.1643,0.45191678,Tmavě zelená (Znečištěná)
Unnamed POI,50.5455,14.139,0.7539989,Zelená (Silné znečištění)
Unnamed POI,50.712,15.171,0.46925572,Tmavě zelená (Znečištěná)
Unnamed POI,49.1695,17.5303,0.39087948,Tmavě zelená (Znečištěná)
Unnamed POI,50.6287,14.0854,0.34948546,Tmavě zelená (Znečištěná)
Vysoký Ostrý,50.6364,14.0802,0.42890748,Tmavě zelená (Znečištěná)
Unnamed POI,50.8192,14.8241,0.16683026,Světle modrá (Střední znečištění)
Pozorovatelny,49.7626,13.9235,0.1106852,Modrá (Mírné znečištění)
Pozorovatelny,49.7637,13.9265,0.114290744,Modrá (Mírné znečištění)
Jindřichova skála,49.768,13.8818,0.10527028,Modrá (Mírné znečištění)
Dopadová plocha,49.7256,13.8675,0.087696016,Modrá (Mírné znečištění)
Unnamed POI,50.0321,16.4159,0.13104276,Modrá (Mírné znečištění)
Čap,50.5547,14.4758,0.1245247,Modrá (Mírné znečištění)
Unnamed POI,50.6034,14.4505,0.13640654,Modrá (Mírné znečištění)
Smrtka,50.637,14.44,0.21969864,Světle modrá (Střední znečištění)
Ronov,50.6204,14.4147,0.14701071,Modrá (Mírné znečištění)
Unnamed POI,50.7918,14.0381,0.16741863,Světle modrá (Střední znečištění)
Unnamed POI,50.0947,14.416,4.610816,Oranžová (Extrémní znečištění)
Unnamed POI,49.1349,13.6447,0.05593098,Tmavě modrá (Slabé znečištění)
Unnamed POI,49.4032,18.0762,0.13158305,Modrá (Mírné znečištění)
Unnamed POI,49.1286,16.7631,0.37098098,Tmavě zelená (Znečištěná)
Vyhlídková věž Gustava Mahlera,49.3961,15.5861,1.1043874,Zelená (Silné znečištění)
Výří skála,49.3341,16.6472,0.31889564,Světle modrá (Střední znečištění)
Unnamed POI,50.0141,12.6335,0.10916304,Modrá (Mírné znečištění)
Unnamed POI,50.6645,14.5071,0.35662636,Tmavě zelená (Znečištěná)
Čertův stolek,49.714,15.7124,0.11917089,Modrá (Mírné znečištění)
Unnamed POI,49.7143,15.7131,0.11917089,Modrá (Mírné znečištění)
Unnamed POI,50.5575,14.0807,0.28958076,Světle modrá (Střední znečištění)
Unnamed POI,50.5578,14.0811,0.28958076,Světle modrá (Střední znečištění)
Železné schody,48.825,15.9674,0.1318699,Modrá (Mírné znečištění)
Vrkoč,50.6309,14.0452,0.614438,Tmavě zelená (Znečištěná)
Unnamed POI,49.8759,16.2882,0.27393302,Světle modrá (Střední znečištění)
Na hřebínku,50.032,13.8626,0.13429236,Modrá (Mírné znečištění)
Unnamed POI,50.0366,13.8748,0.13743815,Modrá (Mírné znečištění)
Kleť rozhledna,48.8655,14.2833,0.12645105,Modrá (Mírné znečištění)
Unnamed POI,49.5354,12.9384,0.2481197,Světle modrá (Střední znečištění)
Akátová věž,49.0418,16.639,0.30393624,Světle modrá (Střední znečištění)
Unnamed POI,50.6739,14.765,0.22224496,Světle modrá (Střední znečištění)
Unnamed POI,49.8335,15.6537,0.10651806,Modrá (Mírné znečištění)
Unnamed POI,49.8341,15.6531,0.10651806,Modrá (Mírné znečištění)
Alpská vyhlídka,49.0042,13.6931,0.039908014,Šedá (Téměř přirozená)
Unnamed POI,48.8154,15.976,0.14117233,Modrá (Mírné znečištění)
Unnamed POI,48.8544,16.0435,1.0315042,Zelená (Silné znečištění)
Unnamed POI,48.8542,16.0442,1.0315042,Zelená (Silné znečištění)
Unnamed POI,48.8546,16.0439,1.0315042,Zelená (Silné znečištění)
Unnamed POI,48.8544,16.045,1.0315042,Zelená (Silné znečištění)
Unnamed POI,50.0198,17.309,0.09895806,Modrá (Mírné znečištění)
Unnamed POI,49.8374,17.2458,0.1058034,Modrá (Mírné znečištění)
Unnamed POI,49.1985,17.1201,0.14432527,Modrá (Mírné znečištění)
Králův stolec,48.8445,16.0035,0.21298476,Světle modrá (Střední znečištění)
Unnamed POI,48.8377,15.9994,0.18399286,Světle modrá (Střední znečištění)
Sealsfieldův kámen,48.8372,15.9982,0.17314547,Světle modrá (Střední znečištění)
Unnamed POI,48.838,15.9066,0.0799196,Tmavě modrá (Slabé znečištění)
Unnamed POI,50.5601,14.2186,0.18604064,Světle modrá (Střední znečištění)
Unnamed POI,48.8569,16.0446,1.0315042,Zelená (Silné znečištění)
Unnamed POI,48.8569,16.0447,1.0315042,Zelená (Silné znečištění)
rotunda Sv. Kateřiny,48.855,16.0434,1.0315042,Zelená (Silné znečištění)
Karolínina brána,48.8542,16.0459,1.0315042,Zelená (Silné znečištění)
Unnamed POI,49.1814,16.5822,2.2706008,Žlutá (Velmi silné znečištění)
Unnamed POI,49.176,16.5859,2.3137054,Žlutá (Velmi silné znečištění)
Rozhledna Lhotka,49.0568,17.5882,0.2155684,Světle modrá (Střední znečištění)
Sněžnická vyhlídka,50.788,14.2332,0.4861298,Tmavě zelená (Znečištěná)
"Panoramic view of the lake, Pruhonice",50.0003,14.5573,1.4955664,Žlutá (Velmi silné znečištění)
Unnamed POI,50.5923,14.2636,0.14147407,Modrá (Mírné znečištění)
Unnamed POI,50.5834,15.4852,0.12738831,Modrá (Mírné znečištění)
Chocholka,50.5862,15.469,0.12652978,Modrá (Mírné znečištění)
rozhl. Vlčí hora,50.9397,14.4654,0.123488165,Modrá (Mírné znečištění)
Unnamed POI,49.172,16.7213,0.88523954,Zelená (Silné znečištění)
Unnamed POI,49.1469,16.8141,0.32663828,Tmavě zelená (Znečištěná)
Unnamed POI,48.8535,16.0463,0.7999083,Zelená (Silné znečištění)
Unnamed POI,49.5092,18.4069,0.119919956,Modrá (Mírné znečištění)
Janova vyhlídka,50.5565,15.1734,0.19311774,Světle modrá (Střední znečištění)
Zámecká vyhlídka,50.5464,15.1932,0.16821498,Světle modrá (Střední znečištění)
Unnamed POI,50.5558,15.1735,0.19311774,Světle modrá (Střední znečištění)
Lohhauser,49.9344,12.5337,0.06279936,Tmavě modrá (Slabé znečištění)
Panský Vrch,49.9352,12.6383,0.1162524,Modrá (Mírné znečištění)
U Trojice,50.0375,13.8749,0.13743815,Modrá (Mírné znečištění)
Unnamed POI,49.0414,16.8352,0.19357139,Světle modrá (Střední znečištění)
Unnamed POI,49.3802,17.7018,0.20082459,Světle modrá (Střední znečištění)
Unnamed POI,50.4204,16.1585,0.49923086,Tmavě zelená (Znečištěná)
Sedlo,49.19,13.5693,0.061445035,Tmavě modrá (Slabé znečištění)
Sedlo,49.1902,13.5691,0.061445035,Tmavě modrá (Slabé znečištění)
Unnamed POI,49.0977,16.8965,0.22577673,Světle modrá (Střední znečištění)
Pod Janíkem,49.5462,18.1979,0.45207644,Tmavě zelená (Znečištěná)
Unnamed POI,49.2165,16.8214,0.34047097,Tmavě zelená (Znečištěná)
Unnamed POI,49.2155,16.8102,0.3517766,Tmavě zelená (Znečištěná)
Unnamed POI,49.8999,14.2634,0.31769314,Světle modrá (Střední znečištění)
Jelenec,48.8605,17.703,0.10241909,Modrá (Mírné znečištění)
Malá Skála,50.6193,14.0551,0.3629949,Tmavě zelená (Znečištěná)
Hradiště,49.8113,13.6178,0.14851919,Modrá (Mírné znečištění)
Unnamed POI,49.0275,16.8173,0.20408073,Světle modrá (Střední znečištění)
Unnamed POI,49.995,14.3443,1.2232214,Zelená (Silné znečištění)
Unnamed POI,49.0479,16.3199,0.26693645,Světle modrá (Střední znečištění)
Vyhlídková věž hradu Grabštejn,50.8462,14.8763,0.2718216,Světle modrá (Střední znečištění)
Unnamed POI,50.9225,14.6131,0.36531785,Tmavě zelená (Znečištěná)
Vyhlídka Havránka,50.1199,14.4219,2.8807688,Oranžová (Extrémní znečištění)
Unnamed POI,49.2287,16.6003,2.161926,Žlutá (Velmi silné znečištění)
Unnamed POI,50.0663,14.4168,4.217256,Oranžová (Extrémní znečištění)
Unnamed POI,50.0651,14.4164,4.125843,Oranžová (Extrémní znečištění)
Bohdalec,49.6226,16.1438,0.08491739,Modrá (Mírné znečištění)
Unnamed POI,49.6436,16.1974,0.086548395,Modrá (Mírné znečištění)
Unnamed POI,49.3371,14.2941,0.08981672,Modrá (Mírné znečištění)
Unnamed POI,50.0853,14.4129,4.7292356,Oranžová (Extrémní znečištění)
Skalka,49.2241,16.7542,0.47899625,Tmavě zelená (Znečištěná)
Unnamed POI,49.9791,14.3461,0.9677807,Zelená (Silné znečištění)
Unnamed POI,50.6377,14.0384,0.79038936,Zelená (Silné znečištění)
Unnamed POI,50.6417,14.0393,0.79038936,Zelená (Silné znečištění)
Unnamed POI,50.6442,14.0391,0.79038936,Zelená (Silné znečištění)
Unnamed POI,50.6101,14.0689,0.31934458,Světle modrá (Střední znečištění)
Unnamed POI,49.2166,16.6806,1.1427541,Zelená (Silné znečištění)
Lom Hády,49.2199,16.6742,1.2544203,Zelená (Silné znečištění)
Unnamed POI,50.1397,14.5509,1.4818239,Žlutá (Velmi silné znečištění)
Unnamed POI,50.1327,14.5495,1.8364712,Žlutá (Velmi silné znečištění)
Unnamed POI,50.1381,14.5539,1.4818239,Žlutá (Velmi silné znečištění)
Plešivec,50.566,14.0881,0.26825458,Světle modrá (Střední znečištění)
Krkavčí skála,50.5864,14.0846,0.25134805,Světle modrá (Střední znečištění)
Hradiště,50.5689,14.1138,0.28687698,Světle modrá (Střední znečištění)
Vyhlídka Vojty Náprstka,49.2955,14.4799,0.17636867,Světle modrá (Střední znečištění)
Unnamed POI,50.5268,14.0175,0.31288126,Světle modrá (Střední znečištění)
Hrad Krupka,50.6849,13.8559,0.582237,Tmavě zelená (Znečištěná)
Malá skála,49.1364,16.2467,0.15204501,Modrá (Mírné znečištění)
Harrachova skála,50.7285,15.5747,0.12643088,Modrá (Mírné znečištění)
vyhlídka,50.676,14.0751,0.8514355,Zelená (Silné znečištění)
Unnamed POI,50.5943,13.4896,0.20894536,Světle modrá (Střední znečištění)
Milíře u Rozvadova,49.6653,12.6224,0.09057718,Modrá (Mírné znečištění)
Na Oklikách,49.0985,16.3996,0.35070154,Tmavě zelená (Znečištěná)
Unnamed POI,49.1909,16.1559,0.19735402,Světle modrá (Střední znečištění)
Unnamed POI,49.2219,16.6662,1.1230152,Zelená (Silné znečištění)
rozhledna Kanihůra,49.7324,18.0102,0.29148823,Světle modrá (Střední znečištění)
Unnamed POI,49.5385,18.3042,0.20866854,Světle modrá (Střední znečištění)
Unnamed POI,49.231,13.5437,0.11974006,Modrá (Mírné znečištění)
Unnamed POI,50.8339,15.2595,0.10915288,Modrá (Mírné znečištění)
Unnamed POI,49.9489,13.5881,0.08416201,Modrá (Mírné znečištění)
Krašov,49.9489,13.5887,0.08416201,Modrá (Mírné znečištění)
Unnamed POI,50.9738,14.4324,0.108348176,Modrá (Mírné znečištění)
Unnamed POI,49.9599,13.7449,0.077050276,Tmavě modrá (Slabé znečištění)
Unnamed POI,49.7689,18.0025,0.3505743,Tmavě zelená (Znečištěná)
Unnamed POI,50.8836,14.281,0.11305099,Modrá (Mírné znečištění)
Unnamed POI,50.0,14.0012,0.23707147,Světle modrá (Střední znečištění)
Unnamed POI,50.3027,12.5719,0.16238102,Světle modrá (Střední znečištění)
Unnamed POI,50.0733,14.3997,3.986209,Oranžová (Extrémní znečištění)
Unnamed POI,48.8673,17.394,0.112218745,Modrá (Mírné znečištění)
Hradčanská vyhlídka,50.6179,14.6976,0.13962758,Modrá (Mírné znečištění)
Unnamed POI,50.5314,15.032,0.24744134,Světle modrá (Střední znečištění)
Rozhledna na Císařském kameni,50.7132,15.1044,0.37277654,Tmavě zelená (Znečištěná)
Unnamed POI,49.8408,14.1261,0.15085071,Modrá (Mírné znečištění)
Bílá skála,49.8216,13.6506,0.11881636,Modrá (Mírné znečištění)
Unnamed POI,49.2296,16.6774,0.72686094,Zelená (Silné znečištění)
Wilsonova vyhlídka,49.1615,16.0898,0.13502263,Modrá (Mírné znečištění)
Unnamed POI,50.5314,13.9511,0.1995384,Světle modrá (Střední znečištění)
Květnice,49.3584,16.4146,0.3044184,Světle modrá (Střední znečištění)
Unnamed POI,48.9002,17.5557,0.109360024,Modrá (Mírné znečištění)
Chocholík,49.2797,16.9377,0.2852431,Světle modrá (Střední znečištění)
Unnamed POI,49.7205,13.4382,0.804548,Zelená (Silné znečištění)
Unnamed POI,49.7194,13.4415,0.804548,Zelená (Silné znečištění)
Unnamed POI,49.5854,14.4703,0.0819983,Modrá (Mírné znečištění)
Rozhledna Annenský vrch,50.2162,16.5127,0.06446747,Tmavě modrá (Slabé znečištění)
Unnamed POI,50.2319,14.095,0.6563733,Zelená (Silné znečištění)
chata Hrádek,49.6169,18.7709,0.19788986,Světle modrá (Střední znečištění)
Unnamed POI,49.9615,14.2019,0.37214467,Tmavě zelená (Znečištěná)
Juránkova vyhlídka,50.3409,16.1592,0.21511789,Světle modrá (Střední znečištění)
Koníček,50.3732,16.1862,0.16651727,Světle modrá (Střední znečištění)
Unnamed POI,50.1391,14.5292,1.8000325,Žlutá (Velmi silné znečištění)
Trniště,50.7741,15.1578,0.3166058,Světle modrá (Střední znečištění)
Slabošovka,48.7904,14.5384,0.105999105,Modrá (Mírné znečištění)
Rubačka,49.3232,15.9575,0.12940508,Modrá (Mírné znečištění)
Kopaniny,49.5569,16.4047,0.1233758,Modrá (Mírné znečištění)
Zelenkův kopec,49.571,16.4556,0.10175627,Modrá (Mírné znečištění)
Unnamed POI,50.5111,14.5024,0.13348359,Modrá (Mírné znečištění)
Nedvězí,50.507,14.5292,0.124905325,Modrá (Mírné znečištění)
Unnamed POI,48.972,16.7653,0.18423244,Světle modrá (Střední znečištění)
Klostermannova Rozhledna,49.1382,13.6535,0.05510325,Tmavě modrá (Slabé znečištění)
U Obrázku,48.9151,16.7842,0.21260434,Světle modrá (Střední znečištění)
rozhledna Vodojem Bratčice,49.0626,16.5402,0.32521924,Tmavě zelená (Znečištěná)
Divoký důl,50.0793,17.2029,0.06222279,Tmavě modrá (Slabé znečištění)
Unnamed POI,50.7868,14.0312,0.18434842,Světle modrá (Střední znečištění)
Unnamed POI,50.7867,14.0319,0.18434842,Světle modrá (Střední znečištění)
Unnamed POI,49.54,18.1902,0.32941365,Tmavě zelená (Znečištěná)
Vyhlídka Finkenstein 688m,50.7426,15.2431,0.3036499,Světle modrá (Střední znečištění)
Skalní vyhlídka,50.7517,15.2813,0.25154305,Světle modrá (Střední znečištění)
Unnamed POI,50.747,15.3657,0.14017433,Modrá (Mírné znečištění)
Unnamed POI,50.7327,14.9851,0.3214256,Tmavě zelená (Znečištěná)
Unnamed POI,49.0799,15.2832,0.05379071,Tmavě modrá (Slabé znečištění)
Bílá skála,50.7396,15.3753,0.13165072,Modrá (Mírné znečištění)
BOROVSKÉ SKÁLY,50.731,15.4057,0.13078527,Modrá (Mírné znečištění)
Šulíkova skála,50.7304,15.3237,0.2473903,Světle modrá (Střední znečištění)
Terezínka,50.7304,15.3059,0.31445855,Světle modrá (Střední znečištění)
Frýdlantské Cimbuří,50.8562,15.2171,0.12431101,Modrá (Mírné znečištění)
Unnamed POI,49.0628,15.3257,0.06841632,Tmavě modrá (Slabé znečištění)
Unnamed POI,49.5391,18.1961,0.39911819,Tmavě zelená (Znečištěná)
Unnamed POI,50.0623,14.376,2.8445427,Oranžová (Extrémní znečištění)
Unnamed POI,49.2611,17.854,0.15140116,Modrá (Mírné znečištění)
Unnamed POI,50.3342,16.3483,0.09285894,Modrá (Mírné znečištění)
Unnamed POI,49.5565,18.3918,0.19809188,Světle modrá (Střední znečištění)
Unnamed POI,49.6068,16.1526,0.08699481,Modrá (Mírné znečištění)
Unnamed POI,49.1018,13.3356,0.034842934,Šedá (Téměř přirozená)
Unnamed POI,49.2283,18.079,0.08962712,Modrá (Mírné znečištění)
Unnamed POI,49.6671,12.677,0.08049522,Modrá (Mírné znečištění)
Unnamed POI,49.0635,15.3209,0.07047483,Tmavě modrá (Slabé znečištění)
Unnamed POI,49.1773,17.7493,0.18448423,Světle modrá (Střední znečištění)
Unnamed POI,49.1602,13.4016,0.037363242,Šedá (Téměř přirozená)
Unnamed POI,49.9686,14.3251,0.79189044,Zelená (Silné znečištění)
Vyhlídka na jihozápad,50.3852,14.2878,0.23341782,Světle modrá (Střední znečištění)
Unnamed POI,50.599,15.1582,0.3968248,Tmavě zelená (Znečištěná)
Albertovy skály,49.7254,14.3681,0.107299455,Modrá (Mírné znečištění)
Velká Panoráma,50.6117,16.1132,0.10833636,Modrá (Mírné znečištění)
Na Čihadle,50.833,15.2316,0.12014787,Modrá (Mírné znečištění)
Unnamed POI,49.1968,16.9853,0.20124279,Světle modrá (Střední znečištění)
Javorový kopec,49.5863,16.3263,0.08798347,Modrá (Mírné znečištění)
Unnamed POI,50.2124,17.0166,0.069320485,Tmavě modrá (Slabé znečištění)
Unnamed POI,49.9686,14.1284,0.3427517,Tmavě zelená (Znečištěná)
Unnamed POI,49.8543,13.0265,0.06492089,Tmavě modrá (Slabé znečištění)
Böhmova vyhlídka,50.6206,15.3053,0.21641687,Světle modrá (Střední znečištění)
Unnamed POI,50.6209,15.3048,0.19200782,Světle modrá (Střední znečištění)
Unnamed POI,50.3574,12.8489,0.115952305,Modrá (Mírné znečištění)
Hradek,50.3782,14.925,0.55575883,Tmavě zelená (Znečištěná)
Unnamed POI,50.3746,14.9263,0.55575883,Tmavě zelená (Znečištěná)
kamenné moře,50.1568,16.7906,0.06139506,Tmavě modrá (Slabé znečištění)
Švédské šance,50.3888,14.927,0.79354596,Zelená (Silné znečištění)
Unnamed POI,50.7213,15.2252,0.28600916,Světle modrá (Střední znečištění)
Unnamed POI,50.8383,14.216,0.16565695,Světle modrá (Střední znečištění)
Labska vyhlidka,50.8286,14.2192,0.18797234,Světle modrá (Střední znečištění)
Unnamed POI,50.7922,14.4653,0.18317819,Světle modrá (Střední znečištění)
Radniční věž,49.5471,18.2117,0.53189415,Tmavě zelená (Znečištěná)
Branžovský les,49.4267,13.2613,0.19707875,Světle modrá (Střední znečištění)
Plánický hřeben,49.4285,13.2752,0.22877483,Světle modrá (Střední znečištění)
Unnamed POI,49.4667,13.2781,0.11900514,Modrá (Mírné znečištění)
Unnamed POI,49.9165,14.0649,0.35721505,Tmavě zelená (Znečištěná)
Unnamed POI,49.5274,18.1617,0.21474351,Světle modrá (Střední znečištění)
Vyhlídka nad Tanvaldem,50.735,15.3114,0.2849588,Světle modrá (Střední znečištění)
Velká klečová louka,50.8312,15.2444,0.114248745,Modrá (Mírné znečištění)
Jelínkův most,49.9155,14.0485,0.3802989,Tmavě zelená (Znečištěná)
Skalní vyhlídka,50.7504,15.3758,0.12804517,Modrá (Mírné znečištění)
Rysí skála,50.0883,17.1486,0.069320485,Tmavě modrá (Slabé znečištění)
Unnamed POI,50.1531,17.1087,0.06483546,Tmavě modrá (Slabé znečištění)
Unnamed POI,49.2219,13.522,0.17480779,Světle modrá (Střední znečištění)
Bellarie,49.8459,17.8476,0.17831436,Světle modrá (Střední znečištění)
Bezručova vyhlídka,49.856,17.8682,0.20880921,Světle modrá (Střední znečištění)
Unnamed POI,49.8639,17.8748,0.24588168,Světle modrá (Střední znečištění)
Černá stěna,50.8579,15.2306,0.120674685,Modrá (Mírné znečištění)
Unnamed POI,50.8543,15.2231,0.12431101,Modrá (Mírné znečištění)
Hajní Kostel,50.8614,15.2153,0.12854835,Modrá (Mírné znečištění)
Muchov,50.7247,15.2934,0.25897452,Světle modrá (Střední znečištění)
Unnamed POI,50.8806,14.4177,0.09582657,Modrá (Mírné znečištění)
Unnamed POI,49.7922,13.1761,0.16746062,Světle modrá (Střední znečištění)
Rozhledna Hanse Kudlicha,50.0505,17.7333,0.20846952,Světle modrá (Střední znečištění)
Unnamed POI,50.8133,15.2577,0.12152139,Modrá (Mírné znečištění)
Unnamed POI,49.2521,15.4265,0.074020356,Tmavě modrá (Slabé znečištění)
Radniční věž,50.4115,14.9031,1.8081685,Žlutá (Velmi silné znečištění)
Unnamed POI,50.801,15.2774,0.12995896,Modrá (Mírné znečištění)
Unnamed POI,48.8843,15.8446,0.06248313,Tmavě modrá (Slabé znečištění)
Unnamed POI,48.9425,15.7024,0.042777568,Tmavě modrá (Slabé znečištění)
Unnamed POI,48.9852,17.4815,0.20204465,Světle modrá (Střední znečištění)
Unnamed POI,50.7003,15.3071,0.21388017,Světle modrá (Střední znečištění)
Vyhlídka,50.3854,14.2911,0.23341782,Světle modrá (Střední znečištění)
Unnamed POI,48.8034,14.2915,0.19559452,Světle modrá (Střední znečištění)
Unnamed POI,49.365,17.8272,0.12359889,Modrá (Mírné znečištění)
Unnamed POI,49.3737,17.8387,0.12340296,Modrá (Mírné znečištění)
Unnamed POI,49.413,17.8589,0.14048669,Modrá (Mírné znečištění)
Unnamed POI,49.4139,17.8688,0.14128996,Modrá (Mírné znečištění)
Unnamed POI,50.8245,15.1667,0.15776838,Modrá (Mírné znečištění)
Clementsova vyhlídka,49.9777,12.7127,0.3224752,Tmavě zelená (Znečištěná)
Unnamed POI,49.9774,12.7125,0.3224752,Tmavě zelená (Znečištěná)
Vyhlídka Hartwiga Rupperta,50.1007,12.7896,0.10761829,Modrá (Mírné znečištění)
Průrva Ploučnice,50.6872,14.7634,0.2498254,Světle modrá (Střední znečištění)
Unnamed POI,50.0573,15.536,0.24804616,Světle modrá (Střední znečištění)
Unnamed POI,49.5956,16.2808,0.086290896,Modrá (Mírné znečištění)
Unnamed POI,49.6146,16.3127,0.08785333,Modrá (Mírné znečištění)
Unnamed POI,49.6248,16.3117,0.08886644,Modrá (Mírné znečištění)
Rozhledna na Smrku,50.8893,15.2718,0.11185707,Modrá (Mírné znečištění)
Unnamed POI,49.399,17.0574,0.19881509,Světle modrá (Střední znečištění)
Rotštejn,50.5943,15.2242,0.17337242,Světle modrá (Střední znečištění)
Unnamed POI,50.6328,15.2064,0.20278181,Světle modrá (Střední znečištění)
Máj (448 m),49.8311,14.456,0.20259899,Světle modrá (Střední znečištění)
Výhled u posedu,50.7952,15.3325,0.12513243,Modrá (Mírné znečištění)
Beethovenova vyhlídka,49.861,17.8741,0.20880921,Světle modrá (Střední znečištění)
Leonardova vyhlídka,49.8612,17.8735,0.20880921,Světle modrá (Střední znečištění)
Unnamed POI,49.862,17.8724,0.20880921,Světle modrá (Střední znečištění)
Unnamed POI,49.8633,17.8747,0.24588168,Světle modrá (Střední znečištění)
Unnamed POI,49.5584,16.2802,0.09530503,Modrá (Mírné znečištění)
Unnamed POI,49.5695,16.2518,0.09272948,Modrá (Mírné znečištění)
Unnamed POI,49.1698,16.8883,0.33697996,Tmavě zelená (Znečištěná)
Unnamed POI,48.9661,16.7525,0.19918881,Světle modrá (Střední znečištění)
Unnamed POI,50.3333,12.7899,0.1244641,Modrá (Mírné znečištění)
Unnamed POI,50.3341,12.8125,0.1244641,Modrá (Mírné znečištění)
Unnamed POI,50.539,14.7201,0.13940474,Modrá (Mírné znečištění)
Unnamed POI,50.7838,15.0973,0.5288904,Tmavě zelená (Znečištěná)
Vyhlídka Liška,50.7199,15.4489,0.12245186,Modrá (Mírné znečištění)
Vyhlídka na hrad Potštejn,50.0754,16.3014,0.13201751,Modrá (Mírné znečištění)
Unnamed POI,50.7257,15.0001,0.34799096,Tmavě zelená (Znečištěná)
Skalní vyhlídka,50.1988,17.0989,0.08307781,Modrá (Mírné znečištění)
Unnamed POI,50.621,13.8533,0.5579702,Tmavě zelená (Znečištěná)
Barunčina vyhlídka,50.4477,15.9981,0.14344144,Modrá (Mírné znečištění)
Unnamed POI,50.4895,16.0005,0.15807906,Modrá (Mírné znečištění)
Unnamed POI,50.7815,14.0447,0.17841363,Světle modrá (Střední znečištění)
Unnamed POI,50.7865,14.0419,0.17841363,Světle modrá (Střední znečištění)
Unnamed POI,48.6359,14.2319,0.111422755,Modrá (Mírné znečištění)
Unnamed POI,50.7614,15.263,0.25106946,Světle modrá (Střední znečištění)
Unnamed POI,50.7703,15.2395,0.2141089,Světle modrá (Střední znečištění)
Unnamed POI,49.202,13.1393,0.043004885,Tmavě modrá (Slabé znečištění)
Unnamed POI,50.104,14.3377,2.2381914,Žlutá (Velmi silné znečištění)
Unnamed POI,50.0517,16.6921,0.08580668,Modrá (Mírné znečištění)
Vinařická hora,50.1851,14.0864,0.47225553,Tmavě zelená (Znečištěná)
Slavíček,50.7299,14.6021,0.19997956,Světle modrá (Střední znečištění)
Unnamed POI,50.7251,14.6085,0.18965921,Světle modrá (Střední znečištění)
Výhled na Štěpánku,50.7619,15.3618,0.13869032,Modrá (Mírné znečištění)
Zelená budka,49.7333,17.307,0.3297084,Tmavě zelená (Znečištěná)
Unnamed POI,49.397,16.2866,0.10345456,Modrá (Mírné znečištění)
Unnamed POI,49.3043,16.6772,0.30290708,Světle modrá (Střední znečištění)
Unnamed POI,50.7345,14.5888,0.23282792,Světle modrá (Střední znečištění)
Unnamed POI,50.734,14.5885,0.23282792,Světle modrá (Střední znečištění)
Velký medlánecký kopec,49.2344,16.5679,1.7759377,Žlutá (Velmi silné znečištění)
Unnamed POI,50.017,14.3883,2.1955655,Žlutá (Velmi silné znečištění)
Výhled na Český Šumburk,50.7296,15.3395,0.19084264,Světle modrá (Střední znečištění)
Unnamed POI,50.872,14.3473,0.09997157,Modrá (Mírné znečištění)
Unnamed POI,50.6416,15.1916,0.22895105,Světle modrá (Střední znečištění)
Unnamed POI,50.6417,15.191,0.2412266,Světle modrá (Střední znečištění)
Unnamed POI,50.6419,15.1891,0.2412266,Světle modrá (Střední znečištění)
Unnamed POI,50.849,14.2214,0.14862907,Modrá (Mírné znečištění)
Puklá skála,50.6946,13.5857,0.13223138,Modrá (Mírné znečištění)
Unnamed POI,50.0161,17.1747,0.07070381,Tmavě modrá (Slabé znečištění)
Vlčina,49.5427,18.1951,0.39911819,Tmavě zelená (Znečištěná)
Koňská vyhlídka,50.1832,17.1015,0.073359065,Tmavě modrá (Slabé znečištění)
Rajmanova vyhlídka,50.3231,12.7343,0.20162395,Světle modrá (Střední znečištění)
Unnamed POI,49.5607,18.225,0.31960973,Světle modrá (Střední znečištění)
Unnamed POI,49.1627,16.1657,0.14925516,Modrá (Mírné znečištění)
Krásná stráň,49.9421,14.2704,0.50586283,Tmavě zelená (Znečištěná)
Unnamed POI,49.2399,16.6757,0.6462889,Zelená (Silné znečištění)
Unnamed POI,49.1089,16.1848,0.21726388,Světle modrá (Střední znečištění)
Unnamed POI,49.7467,13.7516,0.118735835,Modrá (Mírné znečištění)
Unnamed POI,50.4375,14.2925,0.40961665,Tmavě zelená (Znečištěná)
Unnamed POI,49.4112,16.7571,0.1662284,Světle modrá (Střední znečištění)
Unnamed POI,50.438,14.2916,0.363162,Tmavě zelená (Znečištěná)
Rozhledna na Vlčí hoře,50.6467,13.6418,0.21375439,Světle modrá (Střední znečištění)
Unnamed POI,49.1852,17.4762,0.30927062,Světle modrá (Střední znečištění)
Unnamed POI,49.2051,17.4923,0.47714072,Tmavě zelená (Znečištěná)
Unnamed POI,48.7536,16.1393,0.10826786,Modrá (Mírné znečištění)
Vyhlídka u sv. Jana,49.5382,17.7455,0.37909865,Tmavě zelená (Znečištěná)
Unnamed POI,50.0606,14.4223,3.925824,Oranžová (Extrémní znečištění)
Vrše,49.1209,17.2624,0.12857793,Modrá (Mírné znečištění)
Hanesova vyhlídka,50.0091,16.698,0.089185506,Modrá (Mírné znečištění)
Unnamed POI,50.0571,16.6848,0.08331717,Modrá (Mírné znečištění)
Mlynářův kámen,50.5961,14.0314,0.31542507,Světle modrá (Střední znečištění)
Radejčín rozhledna,50.583,14.0112,0.2614786,Světle modrá (Střední znečištění)
Vyhídka u Dubice,50.5933,14.0283,0.293442,Světle modrá (Střední znečištění)
Bartůňkova vyhlídka,49.7213,14.3672,0.107299455,Modrá (Mírné znečištění)
Vyhlídka Opata Zaorala,49.7398,14.4044,0.10691333,Modrá (Mírné znečištění)
Unnamed POI,50.8841,14.2953,0.10791886,Modrá (Mírné znečištění)
Unnamed POI,48.8493,17.6066,0.091559045,Modrá (Mírné znečištění)
Unnamed POI,48.8543,17.6684,0.09501759,Modrá (Mírné znečištění)
Unnamed POI,48.8579,17.6769,0.096679375,Modrá (Mírné znečištění)
rozhledna Lázek,49.9257,16.7054,0.105907574,Modrá (Mírné znečištění)
Neštětická hora,49.7692,14.5684,0.15236408,Modrá (Mírné znečištění)
Unnamed POI,49.9707,12.7713,0.10815202,Modrá (Mírné znečištění)
Smetanova vyhlídka,49.8484,14.4522,0.23901685,Světle modrá (Střední znečištění)
Třeštibok,49.877,14.4521,0.30624977,Světle modrá (Střední znečištění)
Vysoký vrch,50.0584,14.064,0.2803787,Světle modrá (Střední znečištění)
Unnamed POI,49.2051,16.7277,0.5963427,Tmavě zelená (Znečištěná)
Unnamed POI,49.2124,16.7399,0.5576141,Tmavě zelená (Znečištěná)
Unnamed POI,49.2405,16.5954,1.3560258,Žlutá (Velmi silné znečištění)
Unnamed POI,49.824,13.6877,0.12043474,Modrá (Mírné znečištění)
Unnamed POI,49.862,13.74,0.13523035,Modrá (Mírné znečištění)
Unnamed POI,49.8617,13.7454,0.15439136,Modrá (Mírné znečištění)
Unnamed POI,50.7848,14.2072,0.93289375,Zelená (Silné znečištění)
Unnamed POI,49.2155,16.611,2.429207,Žlutá (Velmi silné znečištění)
Unnamed POI,49.2989,13.5916,0.08355569,Modrá (Mírné znečištění)
Unnamed POI,48.8905,14.3552,0.18978758,Světle modrá (Střední znečištění)
Unnamed POI,48.8918,14.3549,0.18978758,Světle modrá (Střední znečištění)
Unnamed POI,50.0854,14.3987,3.9616766,Oranžová (Extrémní znečištění)
Unnamed POI,50.0177,14.3874,2.1955655,Žlutá (Velmi silné znečištění)
Unnamed POI,50.2362,13.8688,0.13574639,Modrá (Mírné znečištění)
Unnamed POI,49.8639,15.3482,0.13388787,Modrá (Mírné znečištění)
Unnamed POI,50.833,14.2205,0.17262317,Světle modrá (Střední znečištění)
Unnamed POI,49.4033,15.5116,0.21695614,Světle modrá (Střední znečištění)
Unnamed POI,49.8442,18.2107,1.9738849,Žlutá (Velmi silné znečištění)
Unnamed POI,49.4,14.1847,0.07221799,Tmavě modrá (Slabé znečištění)
Unnamed POI,49.4012,14.1857,0.07221799,Tmavě modrá (Slabé znečištění)
Unnamed POI,49.4077,14.1911,0.06798065,Tmavě modrá (Slabé znečištění)
Unnamed POI,50.5931,15.3478,0.1924667,Světle modrá (Střední znečištění)
Unnamed POI,50.5932,15.3419,0.1924667,Světle modrá (Střední znečištění)
Unnamed POI,50.0805,12.3657,0.8635241,Zelená (Silné znečištění)
Unnamed POI,50.0079,14.1624,0.6024563,Tmavě zelená (Znečištěná)
Unnamed POI,49.3602,14.2709,0.09152743,Modrá (Mírné znečištění)
Unnamed POI,50.0419,14.3834,2.735179,Oranžová (Extrémní znečištění)
Koukolova hora,49.9202,14.0233,0.29581177,Světle modrá (Střední znečištění)
Unnamed POI,49.3608,16.4667,0.22421362,Světle modrá (Střední znečištění)
Unnamed POI,49.7234,14.3682,0.107299455,Modrá (Mírné znečištění)
Radniční věž,50.292,16.1601,0.33110294,Tmavě zelená (Znečištěná)
Unnamed POI,50.5409,13.4002,0.18663715,Světle modrá (Střední znečištění)
Unnamed POI,50.5455,13.4104,0.1955229,Světle modrá (Střední znečištění)
Unnamed POI,50.5825,14.7403,0.12026288,Modrá (Mírné znečištění)
Unnamed POI,50.5956,14.7463,0.12349875,Modrá (Mírné znečištění)
Unnamed POI,49.3379,13.563,0.08297913,Modrá (Mírné znečištění)
Vysoký kámen,50.4055,16.9315,0.09298148,Modrá (Mírné znečištění)
Unnamed POI,50.0427,14.7555,0.4236142,Tmavě zelená (Znečištěná)
Unnamed POI,50.7836,14.2058,0.93289375,Zelená (Silné znečištění)
Doskočilova vyhlídka,50.0035,16.2343,0.24667186,Světle modrá (Střední znečištění)
Unnamed POI,49.4225,14.2304,0.062081516,Tmavě modrá (Slabé znečištění)
Unnamed POI,49.424,14.2298,0.062081516,Tmavě modrá (Slabé znečištění)
Unnamed POI,49.4022,14.2397,0.06928769,Tmavě modrá (Slabé znečištění)
Čertovy kazatelny,50.3686,16.9927,0.096543595,Modrá (Mírné znečištění)
Dánské kameny,50.7487,14.9595,0.25716963,Světle modrá (Střední znečištění)
Unnamed POI,50.6914,15.3542,0.15048167,Modrá (Mírné znečištění)
Unnamed POI,49.0958,17.2266,0.1317056,Modrá (Mírné znečištění)
Unnamed POI,50.208,14.3623,0.7507763,Zelená (Silné znečištění)
Liběhrad,50.2037,14.3626,0.8737299,Zelená (Silné znečištění)
Unnamed POI,50.3203,12.8523,0.1683497,Světle modrá (Střední znečištění)
Unnamed POI,50.3204,12.8444,0.15831822,Modrá (Mírné znečištění)
Lesná,48.8977,17.6494,0.09965941,Modrá (Mírné znečištění)
"Vyhlídka ""u Martina""",49.2506,16.9145,0.25343743,Světle modrá (Střední znečištění)
Zouvalka,49.2522,17.0162,0.25303403,Světle modrá (Střední znečištění)
Rajovské skály,48.843,14.3749,0.1858265,Světle modrá (Střední znečištění)
Unnamed POI,50.0436,14.1593,0.4997103,Tmavě zelená (Znečištěná)
Unnamed POI,49.9617,12.9664,0.052632093,Tmavě modrá (Slabé znečištění)
Unnamed POI,50.0863,14.4021,4.3506646,Oranžová (Extrémní znečištění)
Unnamed POI,49.3524,17.6857,0.17673227,Světle modrá (Střední znečištění)
Zaječí skok,49.4137,15.5345,0.33712232,Tmavě zelená (Znečištěná)
Unnamed POI,49.5677,14.3192,0.08007269,Modrá (Mírné znečištění)
Vyhlidka na Český ráj,50.5678,15.2993,0.14691897,Modrá (Mírné znečištění)
Unnamed POI,49.293,14.4714,0.18579261,Světle modrá (Střední znečištění)
Unnamed POI,49.2945,14.4731,0.18579261,Světle modrá (Střední znečištění)
Kinského vyhlídka,50.912,14.4563,0.112677276,Modrá (Mírné znečištění)
Unnamed POI,50.9111,14.4553,0.112677276,Modrá (Mírné znečištění)
Unnamed POI,50.9113,14.4514,0.112677276,Modrá (Mírné znečištění)
Unnamed POI,50.6965,15.5637,0.10889456,Modrá (Mírné znečištění)
Unnamed POI,49.3173,16.672,0.2984738,Světle modrá (Střední znečištění)
Unnamed POI,49.326,16.6461,0.31000197,Světle modrá (Střední znečištění)
Unnamed POI,50.105,14.3368,1.8989464,Žlutá (Velmi silné znečištění)
Unnamed POI,50.1148,14.3869,2.4645581,Žlutá (Velmi silné znečištění)
Unnamed POI,50.117,14.3891,2.4645581,Žlutá (Velmi silné znečištění)
Unnamed POI,50.1226,17.3446,0.10039247,Modrá (Mírné znečištění)
Unnamed POI,50.3241,12.7375,0.20162395,Světle modrá (Střední znečištění)
Věž Landštejn,49.024,15.2309,0.049584147,Tmavě modrá (Slabé znečištění)
Unnamed POI,49.8934,14.4065,0.37935346,Tmavě zelená (Znečištěná)
Vlčí kámen,50.6777,13.7357,0.29305723,Světle modrá (Střední znečištění)
Unnamed POI,49.2145,16.6155,2.429207,Žlutá (Velmi silné znečištění)
Unnamed POI,49.1037,17.2935,0.1468148,Modrá (Mírné znečištění)
Unnamed POI,49.1039,17.2906,0.14195175,Modrá (Mírné znečištění)
Unnamed POI,49.7646,14.2797,0.12331693,Modrá (Mírné znečištění)
Unnamed POI,50.8668,14.406,0.099401325,Modrá (Mírné znečištění)
Unnamed POI,50.4342,14.0142,0.17616224,Světle modrá (Střední znečištění)
Soumarské rašeliniště,48.9016,13.8367,0.04385708,Tmavě modrá (Slabé znečištění)
Rogalová rampa,50.3616,13.1704,0.12993106,Modrá (Mírné znečištění)
Unnamed POI,49.9428,12.4773,0.059504718,Tmavě modrá (Slabé znečištění)
Unnamed POI,49.9468,12.4743,0.060567323,Tmavě modrá (Slabé znečištění)
Unnamed POI,49.1943,16.6033,3.5112658,Oranžová (Extrémní znečištění)
Unnamed POI,49.1941,16.5866,2.7170057,Oranžová (Extrémní znečištění)
Raisova vyhlídka,50.5618,15.1276,0.20788972,Světle modrá (Střední znečištění)
Unnamed POI,49.2952,18.2487,0.06430172,Tmavě modrá (Slabé znečištění)
Unnamed POI,49.9664,16.1706,0.31284267,Světle modrá (Střední znečištění)
Holenická vyhlídka na Trosky,50.5217,15.3168,0.1429334,Modrá (Mírné znečištění)
Unnamed POI,49.473,16.4792,0.12155074,Modrá (Mírné znečištění)
Unnamed POI,50.267,16.112,0.24729891,Světle modrá (Střední znečištění)
Švamberk view,50.2662,16.1164,0.24729891,Světle modrá (Střední znečištění)
Chateau view,50.2633,16.1172,0.22557771,Světle modrá (Střední znečištění)
Unnamed POI,49.546,18.4472,0.13749625,Modrá (Mírné znečištění)
Unnamed POI,49.5471,18.4481,0.13749625,Modrá (Mírné znečištění)
Unnamed POI,49.5731,18.4204,0.19145186,Světle modrá (Střední znečištění)
Unnamed POI,50.2661,16.1042,0.23983389,Světle modrá (Střední znečištění)
Baba - 639,49.7321,17.4247,0.13014798,Modrá (Mírné znečištění)
Zelený vrch,50.8207,15.2823,0.11413192,Modrá (Mírné znečištění)
Unnamed POI,49.1847,17.3672,0.1504085,Modrá (Mírné znečištění)
Jiráskova chata,50.4008,16.1911,0.21851689,Světle modrá (Střední znečištění)
Šibenik,50.5561,15.9063,0.61096895,Tmavě zelená (Znečištěná)
Unnamed POI,50.8328,14.2205,0.17262317,Světle modrá (Střední znečištění)
Rozhledna U majáku na Přítlucké hoře,48.8639,16.7711,0.1971879,Světle modrá (Střední znečištění)
Unnamed POI,49.6015,16.1645,0.08689191,Modrá (Mírné znečištění)
Unnamed POI,49.6031,16.1495,0.08889723,Modrá (Mírné znečištění)
Unnamed POI,49.5002,14.1895,0.060413398,Tmavě modrá (Slabé znečištění)
Rozhledna Kozlovský kopec,49.8813,16.4256,0.32865313,Tmavě zelená (Znečištěná)
Unnamed POI,49.1598,16.2308,0.14509307,Modrá (Mírné znečištění)
Rozhledna Kožich,49.5713,13.444,0.13250291,Modrá (Mírné znečištění)
Řípská vyhlídka,50.5048,14.5404,0.1229308,Modrá (Mírné znečištění)
Unnamed POI,50.7116,15.2338,0.24519847,Světle modrá (Střední znečištění)
Strážnice,50.232,17.5985,0.096954405,Modrá (Mírné znečištění)
Unnamed POI,49.705,17.3968,0.16696377,Světle modrá (Střední znečištění)
Vojtěchovská rozhledna,49.7802,15.9798,0.09328158,Modrá (Mírné znečištění)
Krkatá bába,49.3821,16.5293,0.18841454,Světle modrá (Střední znečištění)
Stezka korunami stromů Lipno,48.6527,14.2307,0.09977518,Modrá (Mírné znečištění)
Unnamed POI,48.8117,14.2928,0.2891229,Světle modrá (Střední znečištění)
Unnamed POI,48.9117,13.7177,0.08705313,Modrá (Mírné znečištění)
Unnamed POI,49.0068,14.5532,0.36693585,Tmavě zelená (Znečištěná)
Unnamed POI,49.0245,14.5913,0.25250596,Světle modrá (Střední znečištění)
Unnamed POI,50.2257,12.8811,0.70367897,Zelená (Silné znečištění)
Unnamed POI,50.1288,14.4047,2.2809658,Žlutá (Velmi silné znečištění)
Unnamed POI,50.1293,14.4045,2.018007,Žlutá (Velmi silné znečištění)
Unnamed POI,50.7388,15.7288,0.11290579,Modrá (Mírné znečištění)
Solárka,49.5809,18.3198,0.27639207,Světle modrá (Střední znečištění)
Unnamed POI,50.0018,14.4415,1.697355,Žlutá (Velmi silné znečištění)
Unnamed POI,50.6322,15.8273,0.15028492,Modrá (Mírné znečištění)
Nickerlova vyhlídka,49.9664,14.4115,0.95230335,Zelená (Silné znečištění)
Zámeček,49.8027,16.1685,0.09427445,Modrá (Mírné znečištění)
Unnamed POI,48.8517,16.0493,0.7999083,Zelená (Silné znečištění)
Unnamed POI,48.8529,16.0505,0.97087234,Zelená (Silné znečištění)
Unnamed POI,48.8532,16.051,0.97087234,Zelená (Silné znečištění)
Dutý buk,50.9742,14.4238,0.10710563,Modrá (Mírné znečištění)
Unnamed POI,50.9803,14.415,0.108761095,Modrá (Mírné znečištění)
Unnamed POI,49.9451,15.2643,0.55362386,Tmavě zelená (Znečištěná)
Unnamed POI,50.8656,15.004,0.22592448,Světle modrá (Střední znečištění)
Metodka,49.6064,16.1473,0.08785333,Modrá (Mírné znečištění)
Arberblick,49.1281,13.2317,0.07358336,Tmavě modrá (Slabé znečištění)
Unnamed POI,49.05,14.4427,0.39128023,Tmavě zelená (Znečištěná)
Unnamed POI,50.557,15.1724,0.19311774,Světle modrá (Střední znečištění)
Unnamed POI,50.1043,14.3312,1.7942077,Žlutá (Velmi silné znečištění)
Unnamed POI,48.9334,15.7157,0.042808354,Tmavě modrá (Slabé znečištění)
Unnamed POI,48.9335,15.7158,0.042808354,Tmavě modrá (Slabé znečištění)
Unnamed POI,48.9342,15.7148,0.042808354,Tmavě modrá (Slabé znečištění)
Unnamed POI,48.9343,15.7145,0.042808354,Tmavě modrá (Slabé znečištění)
Unnamed POI,48.9428,15.7205,0.043065853,Tmavě modrá (Slabé znečištění)
Unnamed POI,49.0151,17.0564,0.2055527,Světle modrá (Střední znečištění)
Unnamed POI,50.0421,13.8855,0.1396339,Modrá (Mírné znečištění)
U Čtyř buků,50.7587,15.431,0.11517845,Modrá (Mírné znečištění)
Unnamed POI,50.7469,15.4398,0.115014076,Modrá (Mírné znečištění)
Unnamed POI,50.3358,14.5932,0.24842918,Světle modrá (Střední znečištění)
Emergency hut,49.9544,14.7736,0.29166174,Světle modrá (Střední znečištění)
21,49.2232,17.6589,1.1207702,Zelená (Silné znečištění)
Unnamed POI,49.557,18.1699,0.30956584,Světle modrá (Střední znečištění)
Unnamed POI,49.5855,18.1176,0.4465019,Tmavě zelená (Znečištěná)
Unnamed POI,49.5877,18.119,0.47450134,Tmavě zelená (Znečištěná)
LKPR Spotting Point,50.1155,14.2651,1.9262186,Žlutá (Velmi silné znečištění)
Unnamed POI,49.1552,16.335,0.3144997,Světle modrá (Střední znečištění)
Unnamed POI,50.9891,14.2993,0.14643942,Modrá (Mírné znečištění)
Unnamed POI,49.155,13.6312,0.055047996,Tmavě modrá (Slabé znečištění)
Unnamed POI,49.155,13.6316,0.055047996,Tmavě modrá (Slabé znečištění)
Náklo,48.9384,17.1374,0.23264368,Světle modrá (Střední znečištění)
Vyhlídka Václava Hrubého,48.9334,13.7085,0.05036993,Tmavě modrá (Slabé znečištění)
Unnamed POI,49.1524,15.3625,0.06870399,Tmavě modrá (Slabé znečištění)
Unnamed POI,50.5257,15.0642,0.20519187,Světle modrá (Střední znečištění)
Bosenská skála,50.7362,15.384,0.12987843,Modrá (Mírné znečištění)
Skalní vyhlídka,50.7392,15.4067,0.12570006,Modrá (Mírné znečištění)
Unnamed POI,50.8454,14.2118,0.16565695,Světle modrá (Střední znečištění)
Unnamed POI,50.7833,13.9221,0.14671123,Modrá (Mírné znečištění)
Unnamed POI,50.7831,13.9222,0.14671123,Modrá (Mírné znečištění)
Unnamed POI,49.1392,16.2404,0.14758095,Modrá (Mírné znečištění)
Unnamed POI,50.7779,14.2026,1.2326113,Zelená (Silné znečištění)
Unnamed POI,50.7798,14.2048,0.93289375,Zelená (Silné znečištění)
U obrázku,49.8912,14.4678,0.36330235,Tmavě zelená (Znečištěná)
Unnamed POI,49.8724,14.4724,0.3134534,Světle modrá (Střední znečištění)
Unnamed POI,49.1652,13.5695,0.05962255,Tmavě modrá (Slabé znečištění)
Výhled na hrad Kašperk,49.1653,13.5694,0.05962255,Tmavě modrá (Slabé znečištění)
Unnamed POI,48.9765,17.2695,0.49762344,Tmavě zelená (Znečištěná)
Unnamed POI,49.6181,14.2382,0.08229291,Modrá (Mírné znečištění)
Unnamed POI,50.7905,14.2432,0.36454257,Tmavě zelená (Znečištěná)
Unnamed POI,50.7902,14.2427,0.36454257,Tmavě zelená (Znečištěná)
Unnamed POI,50.8332,14.2337,0.16000469,Světle modrá (Střední znečištění)
Unnamed POI,50.833,14.234,0.16000469,Světle modrá (Střední znečištění)
Unnamed POI,50.8342,14.2335,0.16000469,Světle modrá (Střední znečištění)
Labská vyhlídka Elisafex,50.8738,14.2364,0.18191679,Světle modrá (Střední znečištění)
Unnamed POI,50.8737,14.2367,0.18191679,Světle modrá (Střední znečištění)
Unnamed POI,49.2336,14.6285,0.103558734,Modrá (Mírné znečištění)
Unnamed POI,49.2345,14.6256,0.103558734,Modrá (Mírné znečištění)
věž Staré radnice,49.1931,16.6087,3.4255514,Oranžová (Extrémní znečištění)
Unnamed POI,49.2036,16.5842,2.5238194,Žlutá (Velmi silné znečištění)
Unnamed POI,50.0877,14.4099,4.610816,Oranžová (Extrémní znečištění)
Unnamed POI,50.4685,14.9158,0.67300224,Zelená (Silné znečištění)
Unnamed POI,49.0641,15.2342,0.047389228,Tmavě modrá (Slabé znečištění)
Klostermannova vyhlídka,49.1014,13.4801,0.041464802,Tmavě modrá (Slabé znečištění)
Unnamed POI,49.5302,16.3267,0.09700404,Modrá (Mírné znečištění)
Unnamed POI,50.0898,14.4019,4.2743573,Oranžová (Extrémní znečištění)
Halda Ema,49.8397,18.3146,2.0406454,Žlutá (Velmi silné znečištění)
Unnamed POI,50.0098,16.2491,0.19444126,Světle modrá (Střední znečištění)
Unnamed POI,50.0056,16.2795,0.16435193,Světle modrá (Střední znečištění)
Unnamed POI,49.4418,18.0134,0.20594719,Světle modrá (Střední znečištění)
Unnamed POI,50.0335,16.4971,0.23019871,Světle modrá (Střední znečištění)
Unnamed POI,50.0498,14.4176,3.6254897,Oranžová (Extrémní znečištění)
Unnamed POI,50.0521,14.419,3.6254897,Oranžová (Extrémní znečištění)
Vápenný,50.7888,14.8974,0.17550778,Světle modrá (Střední znečištění)
Krkavčí skály,50.7421,14.8917,0.16740622,Světle modrá (Střední znečištění)
Unnamed POI,49.3167,14.1889,0.20789596,Světle modrá (Střední znečištění)
Unnamed POI,49.3172,14.1904,0.20789596,Světle modrá (Střední znečištění)
Unnamed POI,49.5566,18.5413,0.12604031,Modrá (Mírné znečištění)
Unnamed POI,49.5838,18.53,0.16927026,Světle modrá (Střední znečištění)
Pohled od sjezdovky Morávka - Sviňorky směrem severovýchod,49.5887,18.5169,0.1849868,Světle modrá (Střední znečištění)
Křížový Vrch,50.6244,16.1264,0.11591946,Modrá (Mírné znečištění)
Vyhlídka Špička Brnky,50.1484,14.4019,1.4101328,Žlutá (Velmi silné znečištění)
Aussichts-Kanzel,49.0611,13.3957,0.032353412,Šedá (Téměř přirozená)
Pohled z úbočí Malého Travného,49.5607,18.5436,0.12380829,Modrá (Mírné znečištění)
Unnamed POI,50.8715,14.351,0.09885555,Modrá (Mírné znečištění)
Rozhledna Lidové sady,50.7774,15.0809,0.91558945,Zelená (Silné znečištění)
Unnamed POI,49.1937,16.5987,3.1747441,Oranžová (Extrémní znečištění)
Mache,50.5943,14.0828,0.2629314,Světle modrá (Střední znečištění)
Unnamed POI,49.0807,18.0696,0.10316688,Modrá (Mírné znečištění)
Unnamed POI,49.0829,18.0821,0.10062211,Modrá (Mírné znečištění)
Unnamed POI,49.0914,18.0452,0.12272749,Modrá (Mírné znečištění)
Taková hezká skála,50.6034,14.9754,0.15755801,Modrá (Mírné znečištění)
"Motýlí vrch, Ferdinandka",49.6945,13.991,0.43543255,Tmavě zelená (Znečištěná)
Unnamed POI,50.7056,15.0322,0.3062877,Světle modrá (Střední znečištění)
Vyhlídka na Kapelu,50.5512,15.179,0.16917105,Světle modrá (Střední znečištění)
Bednář,49.8259,14.4506,0.19051243,Světle modrá (Střední znečištění)
Unnamed POI,50.8122,14.9249,0.2180941,Světle modrá (Střední znečištění)
Unnamed POI,49.5172,14.1627,0.063473165,Tmavě modrá (Slabé znečištění)
Unnamed POI,49.5195,14.1642,0.063473165,Tmavě modrá (Slabé znečištění)
Lovošská Pískovna,50.5242,14.0394,0.44763532,Tmavě zelená (Znečištěná)
Unnamed POI,49.1905,13.1567,0.04188887,Tmavě modrá (Slabé znečištění)
Unnamed POI,49.1958,13.1485,0.0427166,Tmavě modrá (Slabé znečištění)
Unnamed POI,50.2994,16.3386,0.09376579,Modrá (Mírné znečištění)
Unnamed POI,50.312,16.3688,0.08920705,Modrá (Mírné znečištění)
Velká Deštná - jih,50.3006,16.3978,0.07880419,Tmavě modrá (Slabé znečištění)
vyhlídka pod Šerlichem,50.3261,16.3869,0.093324184,Modrá (Mírné znečištění)
vyhlídka na Studeném,50.2928,16.3715,0.083206676,Modrá (Mírné znečištění)
Unnamed POI,50.1478,14.1003,1.0606163,Zelená (Silné znečištění)
Bezručova vyhlídka,49.7128,18.3634,0.64347804,Zelená (Silné znečištění)
Unnamed POI,49.9236,14.308,0.48394173,Tmavě zelená (Znečištěná)
Unnamed POI,49.9371,14.3336,0.53817946,Tmavě zelená (Znečištěná)
Unnamed POI,49.938,14.3354,0.59845895,Tmavě zelená (Znečištěná)
Unnamed POI,49.9462,14.339,0.6858567,Zelená (Silné znečištění)
Vyhlídka U Rybárny,49.3866,14.1683,0.09155822,Modrá (Mírné znečištění)
Unnamed POI,49.2974,14.4809,0.22703859,Světle modrá (Střední znečištění)
Unnamed POI,49.2982,14.4847,0.1871227,Světle modrá (Střední znečištění)
Unnamed POI,50.3727,16.1612,0.196963,Světle modrá (Střední znečištění)
Unnamed POI,49.6909,13.5042,0.32109946,Tmavě zelená (Znečištěná)
Unnamed POI,50.8519,15.1812,0.13954967,Modrá (Mírné znečištění)
LKPR Spotting Point,50.1032,14.2501,1.5812781,Žlutá (Velmi silné znečištění)
LKPR Spotting Point,50.0966,14.2452,1.3546091,Žlutá (Velmi silné znečištění)
Vyhlídka Srdce,49.6656,14.2476,0.09554379,Modrá (Mírné znečištění)
Unnamed POI,50.0553,15.1893,0.52085984,Tmavě zelená (Znečištěná)
Unnamed POI,49.998,13.7917,0.08656126,Modrá (Mírné znečištění)
Klosova vyhlídka,50.3494,16.1535,0.30223644,Světle modrá (Střední znečištění)
Unnamed POI,49.6367,18.4817,0.2813656,Světle modrá (Střední znečištění)
Unnamed POI,50.0857,14.4008,4.3506646,Oranžová (Extrémní znečištění)
Unnamed POI,49.1659,16.1656,0.14925516,Modrá (Mírné znečištění)
Unnamed POI,49.1289,16.2733,0.15428053,Modrá (Mírné znečištění)
Unnamed POI,49.1292,16.2646,0.15281966,Modrá (Mírné znečištění)
Unnamed POI,49.1292,16.272,0.15598224,Modrá (Mírné znečištění)
Unnamed POI,49.1326,16.2532,0.15150556,Modrá (Mírné znečištění)
Unnamed POI,49.1389,16.2301,0.14806515,Modrá (Mírné znečištění)
Unnamed POI,50.8675,15.272,0.10771149,Modrá (Mírné znečištění)
Kluk,49.6575,13.3571,0.32483527,Tmavě zelená (Znečištěná)
Unnamed POI,50.2648,16.116,0.24729891,Světle modrá (Střední znečištění)
Nad Zdejcinou,49.9787,14.0381,0.36589164,Tmavě zelená (Znečištěná)
Nad Zdejcinou,49.9789,14.0448,0.41896063,Tmavě zelená (Znečištěná)
Nad Marastkem,49.5928,13.7284,0.06587176,Tmavě modrá (Slabé znečištění)
Unnamed POI,49.6858,18.3446,1.577888,Žlutá (Velmi silné znečištění)
Unnamed POI,50.0707,14.4247,4.217256,Oranžová (Extrémní znečištění)
Rozhledna Maják,50.4778,13.5432,0.3569404,Tmavě zelená (Znečištěná)
Rozhledna u Křížku,48.8566,16.4718,0.13758431,Modrá (Mírné znečištění)
Rozhledna Hustopeče,48.9535,16.7426,0.27153796,Světle modrá (Střední znečištění)
Nad Horními Albeřicemi,50.6902,15.8569,0.11173796,Modrá (Mírné znečištění)
Unnamed POI,50.7526,15.7915,0.13104397,Modrá (Mírné znečištění)
Lasocki Grzbiet,50.7301,15.8317,0.111507215,Modrá (Mírné znečištění)
Unnamed POI,50.7726,15.6132,0.10825153,Modrá (Mírné znečištění)
Unnamed POI,50.7711,15.535,0.09788834,Modrá (Mírné znečištění)
Unnamed POI,50.7696,15.5976,0.104271695,Modrá (Mírné znečištění)
Śląskie Kamienie,50.776,15.6028,0.105762005,Modrá (Mírné znečištění)
Unnamed POI,50.7824,15.5116,0.09960538,Modrá (Mírné znečištění)
Šumavská vyhlídka,49.4292,13.2967,0.17854752,Světle modrá (Střední znečištění)
Unnamed POI,50.457,15.695,0.1150854,Modrá (Mírné znečištění)
Unnamed POI,49.5107,18.3729,0.12307901,Modrá (Mírné znečištění)
Juliina vyhlídka,50.6682,14.7564,0.2201412,Světle modrá (Střední znečištění)
Výhled na Měšno,49.6514,13.6284,0.12177745,Modrá (Mírné znečištění)
Unnamed POI,49.2364,17.7134,0.50318676,Tmavě zelená (Znečištěná)
Unnamed POI,49.2427,17.7134,0.41184694,Tmavě zelená (Znečištěná)
Unnamed POI,49.9626,14.0651,0.81371135,Zelená (Silné znečištění)
Unnamed POI,50.0034,14.4535,1.7401551,Žlutá (Velmi silné znečištění)
Rozhledna Skalka,49.9897,14.783,0.33336422,Tmavě zelená (Znečištěná)
Unnamed POI,49.5939,16.9837,0.17603339,Světle modrá (Střední znečištění)
Unnamed POI,50.2168,16.5315,0.0639292,Tmavě modrá (Slabé znečištění)
Unnamed POI,48.7735,14.8092,0.067557186,Tmavě modrá (Slabé znečištění)
Humboldtova vyhlídka,50.6493,14.0371,1.1290666,Zelená (Silné znečištění)
Unnamed POI,50.6694,14.0042,1.1687589,Zelená (Silné znečištění)
rozhledna Varta,50.3725,16.2039,0.15137729,Modrá (Mírné znečištění)
Unnamed POI,50.0494,14.4185,3.6254897,Oranžová (Extrémní znečištění)
Unnamed POI,49.0536,13.4432,0.031464107,Šedá (Téměř přirozená)
Unnamed POI,50.0988,15.9981,0.18104954,Světle modrá (Střední znečištění)
U transformátoru,50.4679,16.0223,0.14805943,Modrá (Mírné znečištění)
Hromobitka,50.4535,16.0213,0.14651386,Modrá (Mírné znečištění)
Mečov,50.4644,16.017,0.14805943,Modrá (Mírné znečištění)
Křížový vrch rozhledna,49.6219,13.2128,0.18448345,Světle modrá (Střední znečištění)
Unnamed POI,49.5925,17.2632,2.5048244,Žlutá (Velmi silné znečištění)
Unnamed POI,49.5942,17.2603,2.5048244,Žlutá (Velmi silné znečištění)
Unnamed POI,49.9955,14.5614,1.3042781,Žlutá (Velmi silné znečištění)
Unnamed POI,49.9918,14.5616,1.3042781,Žlutá (Velmi silné znečištění)
Křížka,49.9264,14.5706,0.53581965,Tmavě zelená (Znečištěná)
Homolka 295 m n m,50.0153,14.3733,1.8842242,Žlutá (Velmi silné znečištění)
Unnamed POI,50.9156,14.6428,0.33435312,Tmavě zelená (Znečištěná)
Unnamed POI,48.7552,14.6086,0.06716981,Tmavě modrá (Slabé znečištění)
Unnamed POI,48.7576,14.6076,0.06768665,Tmavě modrá (Slabé znečištění)
Unnamed POI,50.4762,15.9998,0.13936824,Modrá (Mírné znečištění)
Krkavčí skála,50.6199,15.3031,0.21641687,Světle modrá (Střední znečištění)
Unnamed POI,50.825,15.0865,0.24660358,Světle modrá (Střední znečištění)
Unnamed POI,50.7994,15.0834,0.40931648,Tmavě zelená (Znečištěná)
Unnamed POI,50.4281,14.5808,0.15386094,Modrá (Mírné znečištění)
Unnamed POI,49.6673,16.9035,0.12957141,Modrá (Mírné znečištění)
Medvědí skála,49.5521,18.3999,0.19694999,Světle modrá (Střední znečištění)
Unnamed POI,49.9532,14.3858,0.77615523,Zelená (Silné znečištění)
Unnamed POI,49.4131,17.7974,0.14857443,Modrá (Mírné znečištění)
Unnamed POI,50.1392,14.3923,1.5912136,Žlutá (Velmi silné znečištění)
Bílý kámen,49.6199,17.4531,0.19690906,Světle modrá (Střední znečištění)
Vyhlídka Pálavské náměstí,49.2058,16.6561,1.8092654,Žlutá (Velmi silné znečištění)
Astronomical observatory,49.2071,15.8759,0.69402623,Zelená (Silné znečištění)
Strážná hora,49.2099,15.8737,0.6095163,Tmavě zelená (Znečištěná)
Zdebořická vyhlídka,49.3677,13.4132,0.07801905,Tmavě modrá (Slabé znečištění)
Vyhlídka na Beskydy,49.779,18.425,0.95718616,Zelená (Silné znečištění)
Mostka rozhledna,50.5466,14.1372,0.50981885,Tmavě zelená (Znečištěná)
Unnamed POI,50.8969,15.1972,0.16070276,Světle modrá (Střední znečištění)
Unnamed POI,49.3871,14.6518,0.2666836,Světle modrá (Střední znečištění)
Unnamed POI,49.2351,13.5256,0.19066416,Světle modrá (Střední znečištění)
Unnamed POI,50.4952,15.5426,0.14848816,Modrá (Mírné znečištění)
Bašta,49.513,16.885,0.13238,Modrá (Mírné znečištění)
Vápenice,50.7127,14.9983,0.27873558,Světle modrá (Střední znečištění)
rozhledna Petrovice II,49.8142,15.0597,0.10262683,Modrá (Mírné znečištění)
Svatý Kopeček,49.6291,17.3375,0.5769306,Tmavě zelená (Znečištěná)
Unnamed POI,49.6218,18.3313,0.38443276,Tmavě zelená (Znečištěná)
Kamenný vrch,49.185,16.5538,1.5659341,Žlutá (Velmi silné znečištění)
Jájina vyhlídka,50.7279,15.5612,0.11557167,Modrá (Mírné znečištění)
Černá skála,50.7091,15.5656,0.111948,Modrá (Mírné znečištění)
Unnamed POI,50.5672,16.2668,0.12160599,Modrá (Mírné znečištění)
Unnamed POI,50.7233,15.0143,0.39750326,Tmavě zelená (Znečištěná)
Unnamed POI,50.6208,13.8218,0.5431632,Tmavě zelená (Znečištěná)
Unnamed POI,49.9344,16.5094,0.15934822,Modrá (Mírné znečištění)
Unnamed POI,50.6129,16.112,0.1130208,Modrá (Mírné znečištění)
Unnamed POI,49.6153,18.345,0.38884014,Tmavě zelená (Znečištěná)
Unnamed POI,49.617,18.3392,0.3893206,Tmavě zelená (Znečištěná)
Unnamed POI,49.6229,18.3412,0.38649964,Tmavě zelená (Znečištěná)
Rozhledna,50.9348,15.0767,0.2561949,Světle modrá (Střední znečištění)
Výpust u Vlčnova,49.0121,17.5469,0.1986304,Světle modrá (Střední znečištění)
Unnamed POI,49.5278,18.1342,0.21410304,Světle modrá (Střední znečištění)
Unnamed POI,48.6084,14.2947,0.08087573,Modrá (Mírné znečištění)
Lišky,49.624,18.3323,0.38443276,Tmavě zelená (Znečištěná)
Na Magoni,49.6197,18.3063,0.32708043,Tmavě zelená (Znečištěná)
Unnamed POI,50.6905,13.8776,0.4863098,Tmavě zelená (Znečištěná)
Unnamed POI,48.6301,14.2597,0.086793,Modrá (Mírné znečištění)
Unnamed POI,50.8707,14.3504,0.1038346,Modrá (Mírné znečištění)
Unnamed POI,50.6835,13.8581,0.582237,Tmavě zelená (Znečištěná)
Unnamed POI,49.181,16.5698,2.0427256,Žlutá (Velmi silné znečištění)
Unnamed POI,50.3485,14.4754,0.8227686,Zelená (Silné znečištění)
Unnamed POI,50.1354,14.3885,1.8677274,Žlutá (Velmi silné znečištění)
Kopalova vyhlídka,50.6007,15.1706,0.30545405,Světle modrá (Střední znečištění)
Unnamed POI,50.6397,13.8357,1.098289,Zelená (Silné znečištění)
Unnamed POI,50.099,14.3221,1.9382424,Žlutá (Velmi silné znečištění)
Unnamed POI,50.0996,14.3227,1.9382424,Žlutá (Velmi silné znečištění)
Unnamed POI,50.1041,14.331,2.0709922,Žlutá (Velmi silné znečištění)
Olověný vrch,50.3675,12.5115,0.11310028,Modrá (Mírné znečištění)
Unnamed POI,50.5303,15.0612,0.20370154,Světle modrá (Střední znečištění)
Na Altánku,49.5552,15.0504,0.07761395,Tmavě modrá (Slabé znečištění)
Unnamed POI,49.1995,14.2319,0.16632377,Světle modrá (Střední znečištění)
Krkavčí skála,49.41,14.1639,0.07215642,Tmavě modrá (Slabé znečištění)
zvonička,49.6058,18.2512,0.2940308,Světle modrá (Střední znečištění)
Unnamed POI,50.4675,15.3293,0.18723674,Světle modrá (Střední znečištění)
Unnamed POI,49.6198,18.3064,0.32708043,Tmavě zelená (Znečištěná)
Vyhlídka na Čertovu tchyni,50.544,16.2986,0.11868691,Modrá (Mírné znečištění)
Supí hnízdo,50.564,16.2761,0.123588905,Modrá (Mírné znečištění)
Skalní divadlo,50.5649,16.2732,0.12160599,Modrá (Mírné znečištění)
Unnamed POI,49.8501,14.145,0.15809889,Modrá (Mírné znečištění)
Unnamed POI,50.5492,14.0373,0.28165066,Světle modrá (Střední znečištění)
Unnamed POI,49.8479,18.3284,1.5800608,Žlutá (Velmi silné znečištění)
Unnamed POI,49.8484,18.3283,1.5800608,Žlutá (Velmi silné znečištění)
Unnamed POI,49.8488,18.3281,1.5800608,Žlutá (Velmi silné znečištění)
Mikšova hora 578m,50.6969,15.3011,0.21388017,Světle modrá (Střední znečištění)
Unnamed POI,49.8795,14.4301,0.3415868,Tmavě zelená (Znečištěná)
Arboretum Makču Pikču,49.8173,17.2225,0.1443236,Modrá (Mírné znečištění)
rozhledna,50.0743,16.7686,0.11648271,Modrá (Mírné znečištění)
Unnamed POI,49.1659,13.3929,0.038190976,Šedá (Téměř přirozená)
Unnamed POI,49.1438,13.5334,0.07117371,Tmavě modrá (Slabé znečištění)
Unnamed POI,50.5935,14.2633,0.14147407,Modrá (Mírné znečištění)
Unnamed POI,49.1473,13.555,0.090596735,Modrá (Mírné znečištění)
Unnamed POI,49.1489,13.5545,0.090596735,Modrá (Mírné znečištění)
Unnamed POI,49.1503,13.5531,0.090596735,Modrá (Mírné znečištění)
Unnamed POI,49.1477,13.5568,0.090596735,Modrá (Mírné znečištění)
Unnamed POI,50.7306,14.9728,0.2630553,Světle modrá (Střední znečištění)
Unnamed POI,50.7308,14.9728,0.2630553,Světle modrá (Střední znečištění)
Unnamed POI,49.9158,13.5111,0.10761221,Modrá (Mírné znečištění)
Myší Skála,50.6293,15.3108,0.17770189,Světle modrá (Střední znečištění)
Jiřička,50.6169,15.3105,0.24339955,Světle modrá (Střední znečištění)
Moravská Jiřička,50.6206,15.3075,0.21641687,Světle modrá (Střední znečištění)
Unnamed POI,50.2381,17.2375,0.14785042,Modrá (Mírné znečištění)
Čertovy kameny,50.2454,17.2363,0.14785042,Modrá (Mírné znečištění)
Unnamed POI,48.8927,15.8112,0.066581845,Tmavě modrá (Slabé znečištění)
Unnamed POI,50.6676,15.4066,0.1193495,Modrá (Mírné znečištění)
Unnamed POI,48.9177,16.8993,0.21798325,Světle modrá (Střední znečištění)
Unnamed POI,49.7211,17.0011,0.17957737,Světle modrá (Střední znečištění)
Bradlo,49.8541,17.0543,0.1340536,Modrá (Mírné znečištění)
Laffitova vyhlídka,50.5679,14.1634,0.24677265,Světle modrá (Střední znečištění)
Unnamed POI,48.6475,14.6172,0.04077841,Tmavě modrá (Slabé znečištění)
Unnamed POI,49.9752,13.7037,0.073695906,Tmavě modrá (Slabé znečištění)
Mayerův gloriet,50.2227,12.8799,0.70367897,Zelená (Silné znečištění)
Unnamed POI,49.8685,13.7425,0.13862383,Modrá (Mírné znečištění)
Unnamed POI,49.6554,16.4135,0.09016025,Modrá (Mírné znečištění)
rozhledna Kohout,50.7104,14.3143,0.15749072,Modrá (Mírné znečištění)
rozhledna Strážný vrch,50.6872,14.3556,0.14048669,Modrá (Mírné znečištění)
Rozhledna Kozinec,50.5192,15.5586,0.12568942,Modrá (Mírné znečištění)
Unnamed POI,50.8569,14.5615,0.13280323,Modrá (Mírné znečištění)
Junácká vyhlídka,50.5147,16.3091,0.11325215,Modrá (Mírné znečištění)
Božanovský Špičák,50.5144,16.3176,0.113076046,Modrá (Mírné znečištění)
Unnamed POI,50.8229,14.6725,0.12892146,Modrá (Mírné znečištění)
Janovská vyhlídka,50.8738,14.245,0.16440493,Světle modrá (Střední znečištění)
Unnamed POI,50.2568,17.149,0.12356765,Modrá (Mírné znečištění)
Unnamed POI,50.2366,17.1945,0.3930381,Tmavě zelená (Znečištěná)
Unnamed POI,49.5944,15.9356,0.20464374,Světle modrá (Střední znečištění)
Unnamed POI,49.6613,14.2561,0.10457607,Modrá (Mírné znečištění)
Unnamed POI,50.6385,15.1747,0.20399447,Světle modrá (Střední znečištění)
Unnamed POI,50.6463,15.1216,0.19811574,Světle modrá (Střední znečištění)
Tisá skála,49.8452,15.419,0.115761496,Modrá (Mírné znečištění)
Unnamed POI,50.4388,14.5819,0.15212494,Modrá (Mírné znečištění)
Víťova vyhlídka,50.6494,14.2768,0.14121169,Modrá (Mírné znečištění)
Unnamed POI,49.6691,16.4095,0.09153375,Modrá (Mírné znečištění)
Unnamed POI,49.472,12.7142,0.047131736,Tmavě modrá (Slabé znečištění)
Unnamed POI,49.4726,12.7229,0.048247747,Tmavě modrá (Slabé znečištění)
Hrad Adršpach,50.6174,16.1004,0.11276331,Modrá (Mírné znečištění)
Unnamed POI,49.0884,13.5544,0.03741849,Šedá (Téměř přirozená)
Unnamed POI,50.5176,15.5475,0.12970003,Modrá (Mírné znečištění)
Unnamed POI,48.973,13.5508,0.033469427,Šedá (Téměř přirozená)
Unnamed POI,50.0632,14.4303,4.3763957,Oranžová (Extrémní znečištění)
Unnamed POI,50.6499,14.1529,0.2574247,Světle modrá (Střední znečištění)
Unnamed POI,50.0921,14.5743,2.1724794,Žlutá (Velmi silné znečištění)
Grázlova vyhlídka,48.8917,15.6367,0.05347164,Tmavě modrá (Slabé znečištění)
Unnamed POI,50.7494,14.9617,0.25716963,Světle modrá (Střední znečištění)
Slavenská vyhlídka,50.5364,16.2984,0.11599513,Modrá (Mírné znečištění)
Vyhlídka na Veveří,49.2631,16.4667,0.34147033,Tmavě zelená (Znečištěná)
Unnamed POI,50.501,16.123,0.17170788,Světle modrá (Střední znečištění)
Unnamed POI,49.4419,14.1907,0.05870269,Tmavě modrá (Slabé znečištění)
Vyhlídka Stříbrník,50.1686,14.3514,0.96842706,Zelená (Silné znečištění)
Šumavská vyhlídka Zdeňka Hodka a strážovských turistů,49.3079,13.2482,0.10762152,Modrá (Mírné znečištění)
Unnamed POI,50.8007,15.0836,0.40931648,Tmavě zelená (Znečištěná)
Jurkovičova rozhledna,49.4624,18.1587,0.2946861,Světle modrá (Střední znečištění)
Unnamed POI,48.9825,14.7198,0.13094468,Modrá (Mírné znečištění)
Vyhlídka nad Vysutým,49.6239,18.4973,0.23841703,Světle modrá (Střední znečištění)
Unnamed POI,49.2164,15.8727,0.8063258,Zelená (Silné znečištění)
Unnamed POI,49.3788,16.7297,0.19688983,Světle modrá (Střední znečištění)
Unnamed POI,49.3799,16.7291,0.1885012,Světle modrá (Střední znečištění)
Ptačí pozorovatelna,50.63,14.5464,0.20839147,Světle modrá (Střední znečištění)
Unnamed POI,50.6403,13.8393,1.098289,Zelená (Silné znečištění)
Opevnění,50.1688,16.8657,0.057820313,Tmavě modrá (Slabé znečištění)
Unnamed POI,49.8099,13.9883,0.14880174,Modrá (Mírné znečištění)
Unnamed POI,49.806,13.9946,0.1474502,Modrá (Mírné znečištění)
Unnamed POI,49.0796,17.3645,0.28082547,Světle modrá (Střední znečištění)
Unnamed POI,50.1147,14.4545,3.251253,Oranžová (Extrémní znečištění)
Unnamed POI,49.3922,17.4863,0.24300943,Světle modrá (Střední znečištění)
Unnamed POI,50.3708,14.8732,0.40828905,Tmavě zelená (Znečištěná)
"Drkolna, 729 m.n.m.",49.3381,13.3931,0.0738125,Tmavě modrá (Slabé znečištění)
Unnamed POI,50.5579,14.4789,0.1245247,Modrá (Mírné znečištění)
Unnamed POI,50.5879,14.4507,0.12963298,Modrá (Mírné znečištění)
Unnamed POI,50.6004,14.4504,0.13640654,Modrá (Mírné znečištění)
Unnamed POI,48.8323,14.4708,0.20565622,Světle modrá (Střední znečištění)
Unnamed POI,49.6681,13.5318,0.22518754,Světle modrá (Střední znečištění)
Unnamed POI,49.298,17.3799,0.8084422,Zelená (Silné znečištění)
Zbojnická,49.4363,18.4647,0.087235674,Modrá (Mírné znečištění)
Irenina Skala,50.4622,13.2689,0.1662969,Světle modrá (Střední znečištění)
Unnamed POI,48.7295,14.7031,0.05222127,Tmavě modrá (Slabé znečištění)
Rozhledna Járy Cimrmana,49.647,16.512,0.14277005,Modrá (Mírné znečištění)
Widok na Kotlinę Ostrawską,49.6056,18.8231,0.16735429,Světle modrá (Střední znečištění)
Rozhledna Kbíl,49.2182,13.8449,0.11029802,Modrá (Mírné znečištění)
Unnamed POI,50.7643,15.1148,0.50710344,Tmavě zelená (Znečištěná)
Okrouhlá,49.6806,18.2775,0.6012981,Tmavě zelená (Znečištěná)
Unnamed POI,50.7016,15.0477,0.27946484,Světle modrá (Střední znečištění)
Unnamed POI,50.702,15.046,0.27946484,Světle modrá (Střední znečištění)
Unnamed POI,50.7018,15.0393,0.27271354,Světle modrá (Střední znečištění)
Unnamed POI,50.6672,15.548,0.11587892,Modrá (Mírné znečištění)
Unnamed POI,48.9323,15.7176,0.043065853,Tmavě modrá (Slabé znečištění)
Unnamed POI,51.0024,14.5524,0.18968262,Světle modrá (Střední znečištění)
Unnamed POI,50.7239,14.6068,0.19795609,Světle modrá (Střední znečištění)
Schillerova vyhlídka,50.7873,14.6571,0.16790201,Světle modrá (Střední znečištění)
Lokomotiva,50.5919,16.1462,0.11286297,Modrá (Mírné znečištění)
Unnamed POI,48.645,14.1031,0.046126213,Tmavě modrá (Slabé znečištění)
Unnamed POI,50.6381,13.8304,1.2471455,Zelená (Silné znečištění)
Unnamed POI,50.5798,14.108,0.24001454,Světle modrá (Střední znečištění)
Unnamed POI,48.9323,13.7375,0.05117232,Tmavě modrá (Slabé znečištění)
Unnamed POI,48.6192,14.2256,0.07755848,Tmavě modrá (Slabé znečištění)
Unnamed POI,50.0818,14.3993,3.9616766,Oranžová (Extrémní znečištění)
Sedmihůrská Vyhlídka,50.7084,13.8275,0.25096348,Světle modrá (Střední znečištění)
rozhledna Šibeniční vrch,49.5213,12.9605,0.14225076,Modrá (Mírné znečištění)
Unnamed POI,50.6777,13.8053,0.5600721,Tmavě zelená (Znečištěná)
Unnamed POI,49.3332,17.6006,0.28699702,Světle modrá (Střední znečištění)
Unnamed POI,50.6977,13.7164,0.1778014,Světle modrá (Střední znečištění)
Skála,49.8821,14.8792,0.17957795,Světle modrá (Střední znečištění)
Unnamed POI,49.8825,14.8819,0.17957795,Světle modrá (Střední znečištění)
rozhledna Hard,50.1778,12.6568,0.6982646,Zelená (Silné znečištění)
Ervínův hrad,50.4676,15.2743,0.1397933,Modrá (Mírné znečištění)
Unnamed POI,50.601,15.2177,0.17620547,Světle modrá (Střední znečištění)
Unnamed POI,50.6063,15.1931,0.19879015,Světle modrá (Střední znečištění)
Koráb rozhledna,49.3955,13.0752,0.09214087,Modrá (Mírné znečištění)
Krkavec,49.8028,13.3415,0.46496573,Tmavě zelená (Znečištěná)
Unnamed POI,49.5877,18.1186,0.47450134,Tmavě zelená (Znečištěná)
Unnamed POI,49.5918,18.1156,0.43734768,Tmavě zelená (Znečištěná)
Bolt Tower,49.8194,18.2767,2.7676501,Oranžová (Extrémní znečištění)
Jelení skok,49.1032,14.4656,0.14691427,Modrá (Mírné znečištění)
Unnamed POI,50.8801,14.4673,0.1180551,Modrá (Mírné znečištění)
Karlova vyhlídka,50.8874,14.4862,0.12652346,Modrá (Mírné znečištění)
Unnamed POI,48.7421,14.7401,0.061713297,Tmavě modrá (Slabé znečištění)
Unnamed POI,49.4346,16.3598,0.11558372,Modrá (Mírné znečištění)
Unnamed POI,50.5878,14.3724,0.13071822,Modrá (Mírné znečištění)
Unnamed POI,50.9141,15.0834,0.27322257,Světle modrá (Střední znečištění)
Unnamed POI,49.8651,18.4786,0.84299034,Zelená (Silné znečištění)
Unnamed POI,48.8847,14.5998,0.1549023,Modrá (Mírné znečištění)
Unnamed POI,50.6513,14.0665,0.8079752,Zelená (Silné znečištění)
Unnamed POI,49.9477,14.339,0.6858567,Zelená (Silné znečištění)
Rozhledna Kuníček,49.5642,14.3132,0.07730121,Tmavě modrá (Slabé znečištění)
rozhledna U Jakuba,49.0876,15.271,0.054048203,Tmavě modrá (Slabé znečištění)
Unnamed POI,50.7236,15.2908,0.24208814,Světle modrá (Střední znečištění)
Unnamed POI,49.5193,16.8673,0.13071822,Modrá (Mírné znečištění)
Hubertova vyhlídka,50.6645,15.7515,0.109111026,Modrá (Mírné znečištění)
Rozhledna Heřmanice,50.8974,15.017,0.26383802,Světle modrá (Střední znečištění)
pozorovatelna Pohraniční stráže,49.6735,12.5446,0.11403625,Modrá (Mírné znečištění)
Unnamed POI,49.4985,16.8957,0.13232476,Modrá (Mírné znečištění)
Unnamed POI,49.2032,16.5731,1.9565152,Žlutá (Velmi silné znečištění)
Zdice,49.9166,13.9862,0.42130676,Tmavě zelená (Znečištěná)
Unnamed POI,48.9268,17.6711,0.12232197,Modrá (Mírné znečištění)
Unnamed POI,49.5475,16.7829,0.12959504,Modrá (Mírné znečištění)
Brot,50.9026,14.4049,0.09158923,Modrá (Mírné znečištění)
Käs,50.9031,14.408,0.09158923,Modrá (Mírné znečištění)
Unnamed POI,50.115,14.4567,3.251253,Oranžová (Extrémní znečištění)
Unnamed POI,50.1148,14.4554,3.251253,Oranžová (Extrémní znečištění)
Unnamed POI,50.1848,12.7499,0.30667296,Světle modrá (Střední znečištění)
Rozhledna Velká Čantoryje,49.6787,18.8046,0.26480442,Světle modrá (Střední znečištění)
Kalvárie,50.0656,16.4394,0.1586546,Modrá (Mírné znečištění)
Unnamed POI,50.2323,17.1935,0.3930381,Tmavě zelená (Znečištěná)
Unnamed POI,50.4114,13.8086,0.20197073,Světle modrá (Střední znečištění)
Unnamed POI,49.5956,16.8896,0.20908558,Světle modrá (Střední znečištění)
Unnamed POI,50.4775,15.2758,0.13976865,Modrá (Mírné znečištění)
Unnamed POI,50.4775,15.276,0.13976865,Modrá (Mírné znečištění)
Melicharka - Vyhlídka na Plzeň,49.6823,13.5155,0.28358224,Světle modrá (Střední znečištění)
Unnamed POI,50.4868,13.4092,0.6476175,Zelená (Silné znečištění)
Krkonošská vyhlídka,50.4665,15.6055,0.11839862,Modrá (Mírné znečištění)
Unnamed POI,50.0406,14.3616,2.341884,Žlutá (Velmi silné znečištění)
Unnamed POI,50.6045,14.2061,0.17118321,Světle modrá (Střední znečištění)
Rozhledna na vrchu Čáp,50.5746,16.1241,0.110366136,Modrá (Mírné znečištění)
Byšičky,50.4192,15.6101,0.14404248,Modrá (Mírné znečištění)
U třešně,50.4469,16.0376,0.1560122,Modrá (Mírné znečištění)
Unnamed POI,49.1292,16.2949,0.1845144,Světle modrá (Střední znečištění)
Příkosická vyhlídka,49.6647,13.6442,0.12881707,Modrá (Mírné znečištění)
hradiště Denemark,49.9291,15.2524,0.27057034,Světle modrá (Střední znečištění)
Unnamed POI,49.8468,18.3294,1.5800608,Žlutá (Velmi silné znečištění)
Unnamed POI,49.8485,18.3249,1.7084712,Žlutá (Velmi silné znečištění)
Unnamed POI,49.8754,13.6013,0.11896887,Modrá (Mírné znečištění)
Vyhlídka na Šumavu,49.4353,13.6594,0.07145733,Tmavě modrá (Slabé znečištění)
Vyhlídka na Pavlovsko,49.7236,13.6598,0.19564962,Světle modrá (Střední znečištění)
Vyhlídka na Žďár,49.7291,13.6891,0.15793759,Modrá (Mírné znečištění)
Skalní vyhlídka z Vlče na Strašice,49.7227,13.7266,0.11647934,Modrá (Mírné znečištění)
Frotzelova rozhledna,50.3844,13.7943,0.30384246,Světle modrá (Střední znečištění)
Krausova vyhlídka,50.6095,15.993,0.1363472,Modrá (Mírné znečištění)
Rozhledna Svatá Markéta,49.3621,13.1563,0.09646365,Modrá (Mírné znečištění)
Unnamed POI,50.8241,14.6038,0.12316993,Modrá (Mírné znečištění)
Doerellova vyhlídka,50.5863,14.0253,0.274672,Světle modrá (Střední znečištění)
Unnamed POI,49.1424,13.5433,0.0861105,Modrá (Mírné znečištění)
Unnamed POI,50.7936,15.0892,0.49611455,Tmavě zelená (Znečištěná)
Unnamed POI,49.5951,17.2509,2.5447836,Žlutá (Velmi silné znečištění)
Unnamed POI,49.5183,16.8526,0.12754896,Modrá (Mírné znečištění)
Unnamed POI,49.4968,17.1349,0.465232,Tmavě zelená (Znečištěná)
Unnamed POI,49.9259,14.3691,0.5049136,Tmavě zelená (Znečištěná)
Unnamed POI,49.6667,17.4426,0.17099339,Světle modrá (Střední znečištění)
Unnamed POI,49.9734,13.7898,0.084322914,Modrá (Mírné znečištění)
Unnamed POI,50.5806,14.1098,0.23660108,Světle modrá (Střední znečištění)
Unnamed POI,49.4749,16.6593,0.22934532,Světle modrá (Střední znečištění)
Unnamed POI,49.4769,16.6634,0.22934532,Světle modrá (Střední znečištění)
Unnamed POI,49.4845,16.6513,0.32706997,Tmavě zelená (Znečištěná)
Unnamed POI,50.5948,14.2637,0.14147407,Modrá (Mírné znečištění)
Unnamed POI,50.5969,14.2627,0.13955644,Modrá (Mírné znečištění)
Unnamed POI,49.3498,17.7145,0.15534472,Modrá (Mírné znečištění)
Unnamed POI,49.364,17.7113,0.1588893,Modrá (Mírné znečištění)
Unnamed POI,49.4992,18.5417,0.093644306,Modrá (Mírné znečištění)
Unnamed POI,49.4722,17.1094,1.2540945,Zelená (Silné znečištění)
Unnamed POI,50.7193,15.2767,0.22878222,Světle modrá (Střední znečištění)
Unnamed POI,50.7219,15.2866,0.24208814,Světle modrá (Střední znečištění)
Unnamed POI,49.5469,16.9422,0.16620393,Světle modrá (Střední znečištění)
Tanvaldský Špičák,50.7514,15.2824,0.25154305,Světle modrá (Střední znečištění)
Unnamed POI,49.9696,13.7917,0.08461119,Modrá (Mírné znečištění)
Rudolfova vyhlídka,50.6276,15.0896,0.20175695,Světle modrá (Střední znečištění)
Unnamed POI,50.7844,14.195,0.83149236,Zelená (Silné znečištění)
Vyhlídka kováře Popolce,50.7934,14.1827,0.44327703,Tmavě zelená (Znečištěná)
Unnamed POI,50.7926,14.1973,0.5132122,Tmavě zelená (Znečištěná)
Přípeřská vyhlídka,50.7904,14.2033,0.55556,Tmavě zelená (Znečištěná)
Dolní vyhlídka,50.7864,14.2095,0.99167204,Zelená (Silné znečištění)
Červená skála (Nad vlajkou),50.7829,14.2071,0.93289375,Zelená (Silné znečištění)
Hrobka,50.6487,15.1136,0.20034145,Světle modrá (Střední znečištění)
rozhledna Křížová hora,50.038,16.7573,0.09746285,Modrá (Mírné znečištění)
Veřejová skála,49.6459,14.8687,0.08959001,Modrá (Mírné znečištění)
Unnamed POI,49.178,16.5501,1.6452788,Žlutá (Velmi silné znečištění)
Unnamed POI,49.2617,16.4703,0.35893413,Tmavě zelená (Znečištěná)
Liptická vyhlídka,50.5976,13.7318,0.5738764,Tmavě zelená (Znečištěná)
Wessenstein,50.6835,14.1208,0.44859824,Tmavě zelená (Znečištěná)
Kozí vrch,50.6758,14.1368,0.3940977,Tmavě zelená (Znečištěná)
Unnamed POI,49.634,18.556,0.22082332,Světle modrá (Střední znečištění)
Humboldtova vyhlídka,50.6718,14.2271,0.16775034,Světle modrá (Střední znečištění)
Unnamed POI,49.553,16.6413,0.15343642,Modrá (Mírné znečištění)
Unnamed POI,48.9078,16.8107,0.35565224,Tmavě zelená (Znečištěná)
Unnamed POI,50.7496,14.5675,0.29634812,Světle modrá (Střední znečištění)
Unnamed POI,50.7699,14.6019,0.18601084,Světle modrá (Střední znečištění)
Unnamed POI,50.7664,14.6029,0.18601084,Světle modrá (Střední znečištění)
Nad Perníkovou věží,50.7667,14.6028,0.18601084,Světle modrá (Střední znečištění)
Opálená,49.5536,18.3121,0.21793702,Světle modrá (Střední znečištění)
Unnamed POI,49.1942,16.6593,1.9871666,Žlutá (Velmi silné znečištění)
Unnamed POI,50.7297,14.5935,0.21355559,Světle modrá (Střední znečištění)
Unnamed POI,50.7302,14.6012,0.19997956,Světle modrá (Střední znečištění)
Hradní vyhlídka,50.7336,14.592,0.21355559,Světle modrá (Střední znečištění)
Dědovy kameny,50.7252,14.5984,0.20845424,Světle modrá (Střední znečištění)
Unnamed POI,49.3605,16.6855,0.30230504,Světle modrá (Střední znečištění)
Unnamed POI,49.361,16.6875,0.30230504,Světle modrá (Střední znečištění)
Unnamed POI,49.7246,14.3199,0.09537219,Modrá (Mírné znečištění)
Unnamed POI,49.4538,13.3274,0.1258425,Modrá (Mírné znečištění)
Karolínina vyhlídka,50.4967,15.7678,0.11837416,Modrá (Mírné znečištění)
Unnamed POI,49.9208,14.2199,0.4285045,Tmavě zelená (Znečištěná)
Unnamed POI,49.2998,16.4956,0.35945043,Tmavě zelená (Znečištěná)
Horní vyhlídka,50.7871,14.2111,0.99167204,Zelená (Silné znečištění)
Rozhledna Janovský vrch,50.8609,14.2697,0.13153902,Modrá (Mírné znečištění)
Unnamed POI,50.7789,15.0894,0.76343393,Zelená (Silné znečištění)
Unnamed POI,49.335,16.6831,0.2917887,Světle modrá (Střední znečištění)
Unnamed POI,49.6971,13.3411,0.6614294,Zelená (Silné znečištění)
Bohušův vrch,49.8666,12.7528,0.17478101,Světle modrá (Střední znečištění)
Unnamed POI,49.56,16.4707,0.111824855,Modrá (Mírné znečištění)
Unnamed POI,50.7353,14.5973,0.21355559,Světle modrá (Střední znečištění)
Unnamed POI,50.735,14.5963,0.21355559,Světle modrá (Střední znečištění)
Unnamed POI,50.7352,14.5969,0.21355559,Světle modrá (Střední znečištění)
Unnamed POI,50.7347,14.5968,0.21355559,Světle modrá (Střední znečištění)
Radost,49.8804,13.463,0.1484205,Modrá (Mírné znečištění)
Unnamed POI,50.5688,14.5932,0.13631031,Modrá (Mírné znečištění)
Unnamed POI,50.5692,14.5884,0.13602203,Modrá (Mírné znečištění)
Unnamed POI,49.93,14.2463,0.4485124,Tmavě zelená (Znečištěná)
Unnamed POI,49.1908,16.6054,3.5112658,Oranžová (Extrémní znečištění)
Vávrova vyhlídka,50.0424,14.4137,3.273671,Oranžová (Extrémní znečištění)
Unnamed POI,50.0409,14.4119,3.273671,Oranžová (Extrémní znečištění)
Unnamed POI,50.0512,14.4202,3.6254897,Oranžová (Extrémní znečištění)
Unnamed POI,49.2026,16.1455,0.2653723,Světle modrá (Střední znečištění)
Unnamed POI,50.7659,14.5925,0.19362068,Světle modrá (Střední znečištění)
Unnamed POI,50.7671,14.5869,0.21100965,Světle modrá (Střední znečištění)
Unnamed POI,49.9531,14.1329,0.31429988,Světle modrá (Střední znečištění)
Unnamed POI,50.6856,14.1111,0.5194031,Tmavě zelená (Znečištěná)
Unnamed POI,50.8726,14.4567,0.11147523,Modrá (Mírné znečištění)
Unnamed POI,50.7984,14.8149,0.16297972,Světle modrá (Střední znečištění)
Unnamed POI,48.7798,16.8105,0.21289204,Světle modrá (Střední znečištění)
Unnamed POI,49.2841,16.6736,0.3973697,Tmavě zelená (Znečištěná)
Unnamed POI,49.2868,16.671,0.3973697,Tmavě zelená (Znečištěná)
Hradní věž,49.8043,17.7732,0.14504167,Modrá (Mírné znečištění)
Skalní ostroh,49.8034,17.7747,0.14436154,Modrá (Mírné znečištění)
Kibička,50.5288,14.0236,0.31288126,Světle modrá (Střední znečištění)
Unnamed POI,49.858,18.1075,0.5811834,Tmavě zelená (Znečištěná)
Unnamed POI,48.9569,17.4854,0.17041622,Světle modrá (Střední znečištění)
Unnamed POI,48.8938,17.7329,0.12982662,Modrá (Mírné znečištění)
Unnamed POI,50.2709,13.6977,0.13111006,Modrá (Mírné znečištění)
Unnamed POI,50.6386,13.8463,0.9222276,Zelená (Silné znečištění)
Unnamed POI,50.226,12.8849,0.5805844,Tmavě zelená (Znečištěná)
Unnamed POI,49.9682,14.4178,0.9481213,Zelená (Silné znečištění)
Unnamed POI,49.8918,18.0925,0.4374863,Tmavě zelená (Znečištěná)
Unnamed POI,49.5271,16.6996,0.14656502,Modrá (Mírné znečištění)
rozhledna Lanšperk,49.995,16.4541,0.16591543,Světle modrá (Střední znečištění)
Unnamed POI,50.7071,13.8566,0.26980686,Světle modrá (Střední znečištění)
Unnamed POI,50.6399,14.0508,0.7070635,Zelená (Silné znečištění)
Unnamed POI,49.9148,14.2917,0.41495866,Tmavě zelená (Znečištěná)
Unnamed POI,49.1675,13.4451,0.05185245,Tmavě modrá (Slabé znečištění)
Vyhlídka,49.5776,17.6248,0.18397412,Světle modrá (Střední znečištění)
Obírka,49.5766,17.5867,0.17366703,Světle modrá (Střední znečištění)
Vyhlídka Kulivá hora,49.9644,14.2863,0.59793115,Tmavě zelená (Znečištěná)
Soutok Moravy a Dyje,48.6172,16.9405,0.15144338,Modrá (Mírné znečištění)
Unnamed POI,49.4519,16.3087,0.10613428,Modrá (Mírné znečištění)
Unnamed POI,49.452,16.3087,0.10613428,Modrá (Mírné znečištění)
Mužský,50.5279,15.0461,0.22822365,Světle modrá (Střední znečištění)
Venušiny misky,50.3354,17.1471,0.09782144,Modrá (Mírné znečištění)
Unnamed POI,50.2912,17.2305,0.118527256,Modrá (Mírné znečištění)
Unnamed POI,50.147,12.2814,0.1334342,Modrá (Mírné znečištění)
Prdlák,49.9292,14.1376,0.2911812,Světle modrá (Střední znečištění)
Unnamed POI,49.6535,16.0842,0.08294285,Modrá (Mírné znečištění)
Unnamed POI,49.8674,14.2124,0.2081489,Světle modrá (Střední znečištění)
Unnamed POI,49.5437,16.576,0.2776833,Světle modrá (Střední znečištění)
Unnamed POI,50.8196,15.1391,0.20307213,Světle modrá (Střední znečištění)
Unnamed POI,50.8186,15.1387,0.20307213,Světle modrá (Střední znečištění)
Unnamed POI,49.62,18.3387,0.3893206,Tmavě zelená (Znečištěná)
Schlikova vyhlídka,50.4679,15.2904,0.14626269,Modrá (Mírné znečištění)
Unnamed POI,49.3091,16.6485,0.38092786,Tmavě zelená (Znečištěná)
Unnamed POI,50.5504,15.184,0.16801904,Světle modrá (Střední znečištění)
Unnamed POI,50.5939,14.6352,0.16897748,Světle modrá (Střední znečištění)
Unnamed POI,50.7382,14.6202,0.18283996,Světle modrá (Střední znečištění)
Výhled na celou Ostravu,49.8433,18.3008,2.3193429,Žlutá (Velmi silné znečištění)
Paraplíčko,50.6361,15.2905,0.20179445,Světle modrá (Střední znečištění)
Unnamed POI,50.771,15.5485,0.09829355,Modrá (Mírné znečištění)
Unnamed POI,50.0887,14.5157,3.37368,Oranžová (Extrémní znečištění)
Vyhlídková věž Hošťálkovice,49.8444,18.2113,1.9738849,Žlutá (Velmi silné znečištění)
Unnamed POI,50.6975,14.0992,0.3479839,Tmavě zelená (Znečištěná)
Unnamed POI,50.5324,14.1323,0.79918516,Zelená (Silné znečištění)
Unnamed POI,50.1276,17.2803,0.061572846,Tmavě modrá (Slabé znečištění)
Unnamed POI,50.1316,17.2953,0.06466339,Tmavě modrá (Slabé znečištění)
Unnamed POI,49.4493,14.1878,0.057553153,Tmavě modrá (Slabé znečištění)
Unnamed POI,50.1318,17.3089,0.068268925,Tmavě modrá (Slabé znečištění)
Jelení kameny,50.133,17.3064,0.066036895,Tmavě modrá (Slabé znečištění)
Kamzičí skály,50.1482,17.235,0.06755169,Tmavě modrá (Slabé znečištění)
Unnamed POI,49.6174,16.6653,0.1678506,Světle modrá (Střední znečištění)
Unnamed POI,50.804,14.4585,0.15839735,Modrá (Mírné znečištění)
Chlumská hora,49.9997,13.2321,0.07801762,Tmavě modrá (Slabé znečištění)
Unnamed POI,49.6849,17.5599,0.10285437,Modrá (Mírné znečištění)
Na Skalce,49.0251,17.8444,0.12689145,Modrá (Mírné znečištění)
Unnamed POI,49.5491,18.2832,0.21524921,Světle modrá (Střední znečištění)
Vyhlídka Pěnčina,50.0399,13.9259,0.16121246,Světle modrá (Střední znečištění)
Unnamed POI,49.2084,16.1623,0.28794065,Světle modrá (Střední znečištění)
Lípa svobody,50.4902,15.3155,0.14957362,Modrá (Mírné znečištění)
Unnamed POI,49.0321,17.239,0.18920544,Světle modrá (Střední znečištění)
rozhledna Doubí,49.0391,17.3037,0.1934788,Světle modrá (Střední znečištění)
Unnamed POI,49.0402,17.2803,0.18229419,Světle modrá (Střední znečištění)
Unnamed POI,48.915,17.6804,0.123462446,Modrá (Mírné znečištění)
Hřebenka,50.749,14.5647,0.34139723,Tmavě zelená (Znečištěná)
Unnamed POI,49.4866,16.8289,0.13925853,Modrá (Mírné znečištění)
Unnamed POI,49.5071,16.8204,0.122384794,Modrá (Mírné znečištění)
Unnamed POI,49.5083,16.8264,0.12365048,Modrá (Mírné znečištění)
Unnamed POI,50.9092,14.4811,0.13361832,Modrá (Mírné znečištění)
Rozhledna na Svatém kopečku,50.3841,13.2578,0.5104404,Tmavě zelená (Znečištěná)
Unnamed POI,49.3998,16.7677,0.15735003,Modrá (Mírné znečištění)
Unnamed POI,49.402,16.7764,0.15288597,Modrá (Mírné znečištění)
Unnamed POI,50.7106,14.2118,0.22306621,Světle modrá (Střední znečištění)
Unnamed POI,49.4989,16.945,0.1720415,Světle modrá (Střední znečištění)
Unnamed POI,49.5781,16.8702,0.1467222,Modrá (Mírné znečištění)
Unnamed POI,49.5863,16.8763,0.16521573,Světle modrá (Střední znečištění)
Unnamed POI,49.5915,16.884,0.20908558,Světle modrá (Střední znečištění)
Unnamed POI,49.6038,16.8918,0.17078948,Světle modrá (Střední znečištění)
Unnamed POI,49.6255,16.4152,0.091502964,Modrá (Mírné znečištění)
Unnamed POI,50.1492,17.3193,0.06822179,Tmavě modrá (Slabé znečištění)
Unnamed POI,49.2024,17.7564,0.24355991,Světle modrá (Střední znečištění)
Unnamed POI,49.4458,16.8455,0.13055816,Modrá (Mírné znečištění)
Unnamed POI,49.4766,16.855,0.12754896,Modrá (Mírné znečištění)
Unnamed POI,49.6242,16.707,0.18370843,Světle modrá (Střední znečištění)
Unnamed POI,49.6328,16.7088,0.22675405,Světle modrá (Střední znečištění)
Unnamed POI,49.83,18.285,3.1320248,Oranžová (Extrémní znečištění)
Unnamed POI,49.2164,15.8864,0.8453872,Zelená (Silné znečištění)
Vyhlídka Na Plazích,49.9674,13.706,0.073695906,Tmavě modrá (Slabé znečištění)
Unnamed POI,49.6482,18.4149,0.45103946,Tmavě zelená (Znečištěná)
Unnamed POI,49.6566,18.4149,0.5225177,Tmavě zelená (Znečištěná)
Unnamed POI,50.0314,14.3151,1.8351742,Žlutá (Velmi silné znečištění)
Unnamed POI,50.7706,14.6013,0.18601084,Světle modrá (Střední znečištění)
Unnamed POI,50.032,14.3243,1.891069,Žlutá (Velmi silné znečištění)
Unnamed POI,49.5481,16.9279,0.15724504,Modrá (Mírné znečištění)
Unnamed POI,50.0315,14.3241,1.891069,Žlutá (Velmi silné znečištění)
Unnamed POI,50.0322,14.322,1.891069,Žlutá (Velmi silné znečištění)
Unnamed POI,50.0313,14.3332,1.9435601,Žlutá (Velmi silné znečištění)
Unnamed POI,50.6241,14.6202,0.16801272,Světle modrá (Střední znečištění)
Unnamed POI,50.6304,14.6084,0.17445764,Světle modrá (Střední znečištění)
Unnamed POI,49.4955,16.9381,0.16027279,Světle modrá (Střední znečištění)
Unnamed POI,49.499,16.9082,0.13593027,Modrá (Mírné znečištění)
Unnamed POI,49.5223,16.8783,0.13597901,Modrá (Mírné znečištění)
Unnamed POI,49.4636,16.7201,0.15683423,Modrá (Mírné znečištění)
Unnamed POI,49.4841,16.7367,0.1410141,Modrá (Mírné znečištění)
Unnamed POI,49.4881,16.727,0.1440494,Modrá (Mírné znečištění)
Kunětická hora,50.0799,15.8132,0.40837535,Tmavě zelená (Znečištěná)
Unnamed POI,49.5457,16.8584,0.14438069,Modrá (Mírné znečištění)
Unnamed POI,49.5537,16.8602,0.1464276,Modrá (Mírné znečištění)
Unnamed POI,49.5607,16.8578,0.1389409,Modrá (Mírné znečištění)
Unnamed POI,50.2113,16.2431,0.3738979,Tmavě zelená (Znečištěná)
Unnamed POI,50.1558,17.0206,0.080918565,Modrá (Mírné znečištění)
Unnamed POI,49.524,16.7629,0.12692223,Modrá (Mírné znečištění)
Vyhlídková věž děkanského kostela Proměnění Páně,49.4146,14.6584,0.7344439,Zelená (Silné znečištění)
Unnamed POI,50.5377,13.7259,0.44170457,Tmavě zelená (Znečištěná)
Unnamed POI,50.5377,13.7263,0.44170457,Tmavě zelená (Znečištěná)
Unnamed POI,50.3238,15.139,0.13949262,Modrá (Mírné znečištění)
Nízký Jeseník,49.9725,17.4401,0.15293936,Modrá (Mírné znečištění)
Unnamed POI,50.801,14.4767,0.1468804,Modrá (Mírné znečištění)
Unnamed POI,48.997,13.9965,0.14844202,Modrá (Mírné znečištění)
Unnamed POI,49.6766,16.9507,0.15639964,Modrá (Mírné znečištění)
Unnamed POI,49.6942,16.9132,0.14556359,Modrá (Mírné znečištění)
Orlík,49.5652,15.4104,0.11191088,Modrá (Mírné znečištění)
Unnamed POI,49.6465,18.5627,0.2653058,Světle modrá (Střední znečištění)
Výhled na Janoslavice,49.8485,16.9822,0.15243115,Modrá (Mírné znečištění)
Unnamed POI,50.2365,17.3836,0.10257768,Modrá (Mírné znečištění)
Unnamed POI,49.5126,16.6823,0.17212181,Světle modrá (Střední znečištění)
Unnamed POI,49.5372,16.7203,0.13222668,Modrá (Mírné znečištění)
Unnamed POI,50.8272,14.6704,0.12892146,Modrá (Mírné znečištění)
Unnamed POI,49.5648,17.1627,0.5303351,Tmavě zelená (Znečištěná)
Unnamed POI,49.5937,17.2539,2.5447836,Žlutá (Velmi silné znečištění)
Unnamed POI,49.5947,17.256,2.5447836,Žlutá (Velmi silné znečištění)
Unnamed POI,50.2566,17.149,0.12356765,Modrá (Mírné znečištění)
Unnamed POI,49.4438,16.7159,0.15492475,Modrá (Mírné znečištění)
Unnamed POI,49.4842,16.6539,0.32706997,Tmavě zelená (Znečištěná)
Unnamed POI,49.487,16.6613,0.3255695,Tmavě zelená (Znečištěná)
Unnamed POI,49.5047,16.7287,0.13894722,Modrá (Mírné znečištění)
Unnamed POI,50.0488,14.3348,2.739187,Oranžová (Extrémní znečištění)
Unnamed POI,49.7086,14.6997,0.11932378,Modrá (Mírné znečištění)
Vyhlídka,50.609,14.2795,0.1335001,Modrá (Mírné znečištění)
Unnamed POI,49.6231,16.409,0.091502964,Modrá (Mírné znečištění)
Unnamed POI,49.9456,14.7297,0.37601966,Tmavě zelená (Znečištěná)
Unnamed POI,50.5258,15.068,0.19649045,Světle modrá (Střední znečištění)
Unnamed POI,49.9481,15.2674,0.84988457,Zelená (Silné znečištění)
Unnamed POI,49.2166,15.8745,0.8063258,Zelená (Silné znečištění)
Unnamed POI,49.2174,15.8826,0.89528227,Zelená (Silné znečištění)
Unnamed POI,49.2134,15.8873,0.8453872,Zelená (Silné znečištění)
Unnamed POI,49.9967,16.4571,0.16607425,Světle modrá (Střední znečištění)
Sřed Moravy,49.3856,17.1229,0.22406541,Světle modrá (Střední znečištění)
Unnamed POI,49.3878,17.1223,0.22410253,Světle modrá (Střední znečištění)
Unnamed POI,49.8517,13.503,0.167332,Světle modrá (Střední znečištění)
Unnamed POI,49.8575,13.5104,0.15250476,Modrá (Mírné znečištění)
Unnamed POI,49.5868,18.8231,0.15654127,Modrá (Mírné znečištění)
vyhlídková věž Lomnice,49.0954,14.7146,0.13523981,Modrá (Mírné znečištění)
Na Skále,49.5613,13.6674,0.0834823,Modrá (Mírné znečištění)
Unnamed POI,49.2878,14.4715,0.18579261,Světle modrá (Střední znečištění)
rozhledna Cibulka,50.2369,12.5578,0.14606655,Modrá (Mírné znečištění)
Unnamed POI,49.481,16.6631,0.3255695,Tmavě zelená (Znečištěná)
Baronova vyhlídka,50.6095,16.1132,0.10833636,Modrá (Mírné znečištění)
Unnamed POI,50.6138,16.1032,0.11276331,Modrá (Mírné znečištění)
vyhlídka u Heřmanova (608m n.m.),49.3765,16.1853,0.10333202,Modrá (Mírné znečištění)
Unnamed POI,49.5917,16.8961,0.19180188,Světle modrá (Střední znečištění)
Unnamed POI,50.7247,14.6029,0.19795609,Světle modrá (Střední znečištění)
Unnamed POI,50.7252,14.5998,0.20845424,Světle modrá (Střední znečištění)
Unnamed POI,50.7251,14.6011,0.19795609,Světle modrá (Střední znečištění)
Unnamed POI,50.7251,14.6017,0.19795609,Světle modrá (Střední znečištění)
Markoušovická rozhledna,50.5755,16.0124,0.14355887,Modrá (Mírné znečištění)
Unnamed POI,49.4552,17.4508,1.12491,Zelená (Silné znečištění)
Unnamed POI,48.8247,14.3498,0.2941397,Světle modrá (Střední znečištění)
Unnamed POI,50.9238,14.4534,0.11608056,Modrá (Mírné znečištění)
Unnamed POI,49.7213,17.4613,0.1274254,Modrá (Mírné znečištění)
Rozhledna - Stráž Františka Josefa,50.6372,13.8338,0.86998487,Zelená (Silné znečištění)
Unnamed POI,48.8453,16.6404,0.18661043,Světle modrá (Střední znečištění)
Unnamed POI,48.8455,16.6404,0.18661043,Světle modrá (Střední znečištění)
Husníkova vyhlídka,50.6296,15.1985,0.20824063,Světle modrá (Střední znečištění)
Kde domov můj,50.6298,15.1986,0.20824063,Světle modrá (Střední znečištění)
Kinského,50.6305,15.1992,0.20824063,Světle modrá (Střední znečištění)
Vyhlídka Kde domov muj,50.6299,15.1986,0.20824063,Světle modrá (Střední znečištění)
Besedická,50.6274,15.2072,0.19295259,Světle modrá (Střední znečištění)
Unnamed POI,49.108,13.6329,0.053122386,Tmavě modrá (Slabé znečištění)
Kámen,49.8931,14.4067,0.37935346,Tmavě zelená (Znečištěná)
Unnamed POI,50.3517,14.4721,0.74173784,Zelená (Silné znečištění)
Unnamed POI,49.3937,13.2743,0.47321856,Tmavě zelená (Znečištěná)
Unnamed POI,49.3951,13.267,0.47321856,Tmavě zelená (Znečištěná)
Unnamed POI,49.6623,16.7839,0.11425134,Modrá (Mírné znečištění)
Unnamed POI,49.6657,16.8156,0.11141426,Modrá (Mírné znečištění)
Unnamed POI,50.6376,15.2561,0.39648488,Tmavě zelená (Znečištěná)
Unnamed POI,50.1111,14.4347,3.8132925,Oranžová (Extrémní znečištění)
Unnamed POI,49.6543,16.8236,0.11616027,Modrá (Mírné znečištění)
Unnamed POI,49.6853,16.8153,0.10918856,Modrá (Mírné znečištění)
Unnamed POI,49.6938,16.7979,0.10972801,Modrá (Mírné znečištění)
Unnamed POI,49.7011,16.7965,0.11319058,Modrá (Mírné znečištění)
Unnamed POI,50.5021,15.208,0.13962758,Modrá (Mírné znečištění)
Vyhlídka Na Bezděz,50.553,15.1205,0.18843547,Světle modrá (Střední znečištění)
Unnamed POI,50.5476,15.7318,0.18511903,Světle modrá (Střední znečištění)
Unnamed POI,50.5536,15.7345,0.1667242,Světle modrá (Střední znečištění)
Unnamed POI,50.487,13.5799,0.49473032,Tmavě zelená (Znečištěná)
Unnamed POI,49.8894,15.4806,0.15945879,Modrá (Mírné znečištění)
Unnamed POI,50.1314,17.1899,0.06583466,Tmavě modrá (Slabé znečištění)
Unnamed POI,50.1422,17.1822,0.06894966,Tmavě modrá (Slabé znečištění)
Unnamed POI,50.1315,17.1738,0.06480467,Tmavě modrá (Slabé znečištění)
Unnamed POI,49.6506,18.548,0.25408286,Světle modrá (Střední znečištění)
Unnamed POI,50.1682,17.2658,0.06927506,Tmavě modrá (Slabé znečištění)
Na Kose,50.7249,15.7748,0.109997064,Modrá (Mírné znečištění)
Unnamed POI,50.6122,14.284,0.13234311,Modrá (Mírné znečištění)
Unnamed POI,50.0911,14.4046,4.2743573,Oranžová (Extrémní znečištění)
Chvalovka,49.2235,16.4961,0.6597261,Zelená (Silné znečištění)
Unnamed POI,49.2881,16.3486,0.16978502,Světle modrá (Střední znečištění)
Unnamed POI,49.3007,16.3452,0.16468498,Světle modrá (Střední znečištění)
Unnamed POI,50.5541,13.8796,0.21914998,Světle modrá (Střední znečištění)
Unnamed POI,49.3128,16.3522,0.16229197,Světle modrá (Střední znečištění)
Unnamed POI,49.3261,16.3408,0.15134591,Modrá (Mírné znečištění)
Pohanské kameny,50.9714,15.0211,0.19555081,Světle modrá (Střední znečištění)
Unnamed POI,49.4527,17.0091,0.2163946,Světle modrá (Střední znečištění)
Vyhlídkový altán,50.6849,15.4043,0.12985253,Modrá (Mírné znečištění)
Unnamed POI,50.7935,14.354,0.15780777,Modrá (Mírné znečištění)
výhled na Českosaské Švýcarsko,50.7644,14.3755,0.14866617,Modrá (Mírné znečištění)
vyhlídka,50.7553,14.3712,0.14795527,Modrá (Mírné znečištění)
vyhlídka,50.7482,14.366,0.15097073,Modrá (Mírné znečištění)
vyhlídka Liščí Hory,50.7323,14.357,0.15945892,Modrá (Mírné znečištění)
Unnamed POI,50.7364,14.3671,0.15739836,Modrá (Mírné znečištění)
vyhlídka,50.7247,14.3633,0.16972284,Světle modrá (Střední znečištění)
Unnamed POI,50.7395,14.3646,0.15302035,Modrá (Mírné znečištění)
Rozhledna Špičák,49.173,13.2084,0.049970277,Tmavě modrá (Slabé znečištění)
Masarykova vyhlídka,49.2168,15.8846,0.8453872,Zelená (Silné znečištění)
Unnamed POI,49.9237,14.3703,0.5049136,Tmavě zelená (Znečištěná)
Unnamed POI,49.9213,14.3723,0.5049136,Tmavě zelená (Znečištěná)
Unnamed POI,50.5327,15.0342,0.23322144,Světle modrá (Střední znečištění)
Unnamed POI,50.5309,15.0325,0.24744134,Světle modrá (Střední znečištění)
Unnamed POI,50.5344,15.0439,0.22086558,Světle modrá (Střední znečištění)
Unnamed POI,49.6364,16.2196,0.100938916,Modrá (Mírné znečištění)
Unnamed POI,49.2562,17.6563,0.38392854,Tmavě zelená (Znečištěná)
rozhledna Kostelní Hlavno,50.2616,14.7029,0.29383612,Světle modrá (Střední znečištění)
Unnamed POI,49.9462,14.1557,0.3110876,Světle modrá (Střední znečištění)
Unnamed POI,49.5817,18.3959,0.2636176,Světle modrá (Střední znečištění)
Unnamed POI,50.6906,14.2868,0.15111372,Modrá (Mírné znečištění)
výhled na Sedlo,50.6897,14.2833,0.15111372,Modrá (Mírné znečištění)
Unnamed POI,50.6907,14.2847,0.15111372,Modrá (Mírné znečištění)
Unnamed POI,50.6908,14.2824,0.1533765,Modrá (Mírné znečištění)
Unnamed POI,49.7247,17.6306,0.08982674,Modrá (Mírné znečištění)
Unnamed POI,50.7363,14.5264,0.263071,Světle modrá (Střední znečištění)
Unnamed POI,50.0682,14.4293,4.3763957,Oranžová (Extrémní znečištění)
Unnamed POI,50.078,14.3899,3.5501785,Oranžová (Extrémní znečištění)
Unnamed POI,50.0882,14.448,4.369525,Oranžová (Extrémní znečištění)
Unnamed POI,50.0939,14.4141,4.610816,Oranžová (Extrémní znečištění)
Unnamed POI,50.0513,14.4045,3.4219449,Oranžová (Extrémní znečištění)
Unnamed POI,50.0632,14.4291,4.3763957,Oranžová (Extrémní znečištění)
Unnamed POI,50.0691,14.4451,4.3174896,Oranžová (Extrémní znečištění)
Vyhlídka Alexeje Navalného,50.1046,14.4147,3.209688,Oranžová (Extrémní znečištění)
Unnamed POI,50.118,14.414,2.7395074,Oranžová (Extrémní znečištění)
Unnamed POI,50.1186,14.4012,2.652322,Oranžová (Extrémní znečištění)
Baba,50.1188,14.3907,2.4645581,Žlutá (Velmi silné znečištění)
Unnamed POI,50.0936,14.4075,4.2743573,Oranžová (Extrémní znečištění)
Unnamed POI,50.0675,14.4259,4.3763957,Oranžová (Extrémní znečištění)
Unnamed POI,50.1522,16.8337,0.06002155,Tmavě modrá (Slabé znečištění)
Rozhledna na Medvědí hoře,50.0865,17.1394,0.07043366,Tmavě modrá (Slabé znečištění)
Unnamed POI,50.0246,14.4977,2.8665988,Oranžová (Extrémní znečištění)
vyhlídka nad soutěskou,50.8003,14.3626,0.15305766,Modrá (Mírné znečištění)
Unnamed POI,50.068,14.4319,4.3763957,Oranžová (Extrémní znečištění)
Unnamed POI,50.6922,13.8659,0.45158023,Tmavě zelená (Znečištěná)
Unnamed POI,50.6933,13.8753,0.4863098,Tmavě zelená (Znečištěná)
Unnamed POI,49.8054,14.0613,0.13170248,Modrá (Mírné znečištění)
Unnamed POI,49.4247,16.6605,0.19560263,Světle modrá (Střední znečištění)
Unnamed POI,49.4309,16.6436,0.20103398,Světle modrá (Střední znečištění)
Unnamed POI,49.4334,16.6554,0.19268246,Světle modrá (Střední znečištění)
Unnamed POI,49.4355,16.6592,0.18407342,Světle modrá (Střední znečištění)
Unnamed POI,49.7687,16.6818,0.22345512,Světle modrá (Střední znečištění)
Unnamed POI,50.7742,14.5449,0.29159966,Světle modrá (Střední znečištění)
Unnamed POI,50.7744,14.546,0.29159966,Světle modrá (Střední znečištění)
Unnamed POI,49.1044,13.5913,0.043029346,Tmavě modrá (Slabé znečištění)
Unnamed POI,49.1038,13.5438,0.038534503,Šedá (Téměř přirozená)
Unnamed POI,49.2194,16.4825,0.5525645,Tmavě zelená (Znečištěná)
Unnamed POI,49.2133,16.475,0.5525645,Tmavě zelená (Znečištěná)
Unnamed POI,50.1244,14.4374,2.7051988,Oranžová (Extrémní znečištění)
Unnamed POI,50.6987,14.6256,0.20841654,Světle modrá (Střední znečištění)
Unnamed POI,50.0471,14.4199,3.6254897,Oranžová (Extrémní znečištění)
Unnamed POI,50.9267,14.4226,0.09665431,Modrá (Mírné znečištění)
Unnamed POI,50.932,14.4349,0.10598119,Modrá (Mírné znečištění)
Unnamed POI,49.0496,14.4434,0.39128023,Tmavě zelená (Znečištěná)
Unnamed POI,50.0529,16.2594,0.12867579,Modrá (Mírné znečištění)
Unnamed POI,49.1741,16.1577,0.15609252,Modrá (Mírné znečištění)
Vyhlídka u laviček,50.7011,13.914,0.36334187,Tmavě zelená (Znečištěná)
Unnamed POI,50.8465,14.3508,0.11248076,Modrá (Mírné znečištění)
Unnamed POI,49.5655,17.007,0.21258537,Světle modrá (Střední znečištění)
Unnamed POI,50.079,14.3798,3.2396975,Oranžová (Extrémní znečištění)
Unnamed POI,48.8946,15.8057,0.06517755,Tmavě modrá (Slabé znečištění)
Seifertova vyhlídka,50.4704,15.2919,0.15158527,Modrá (Mírné znečištění)
Unnamed POI,50.2564,17.2045,0.16669402,Světle modrá (Střední znečištění)
Unnamed POI,50.7327,14.9836,0.3214256,Tmavě zelená (Znečištěná)
Unnamed POI,50.0251,13.9129,0.1440798,Modrá (Mírné znečištění)
Bezručova vyhlídka,49.59,18.1589,0.49224412,Tmavě zelená (Znečištěná)
vyhlídkový altán Mariina skála,49.6552,13.5653,0.16346957,Světle modrá (Střední znečištění)
Brousek,50.2273,17.0246,0.0656324,Tmavě modrá (Slabé znečištění)
Unnamed POI,50.7084,15.0299,0.3062877,Světle modrá (Střední znečištění)
Unnamed POI,50.7088,15.0288,0.3062877,Světle modrá (Střední znečištění)
Unnamed POI,50.3866,17.0003,0.1370383,Modrá (Mírné znečištění)
Zřícenina hradu Svrčov,49.5371,17.7476,0.32831317,Tmavě zelená (Znečištěná)
Heckelovy skály,50.2534,17.1917,0.19940172,Světle modrá (Střední znečištění)
Unnamed POI,48.8887,14.3576,0.18978758,Světle modrá (Střední znečištění)
Unnamed POI,50.1345,16.8732,0.06808482,Tmavě modrá (Slabé znečištění)
Unnamed POI,49.4198,18.3205,0.097236365,Modrá (Mírné znečištění)
Unnamed POI,50.3901,17.0007,0.1928604,Světle modrá (Střední znečištění)
Čertova vyhlídka,49.7859,15.0272,0.12633792,Modrá (Mírné znečištění)
vyhlídková věž,49.2602,15.2406,0.13603783,Modrá (Mírné znečištění)
tvrziště Stráž,49.113,16.7185,0.51870507,Tmavě zelená (Znečištěná)
Unnamed POI,50.0806,14.3982,3.9616766,Oranžová (Extrémní znečištění)
Unnamed POI,50.6619,14.4976,0.2627954,Světle modrá (Střední znečištění)
Unnamed POI,50.6619,14.5005,0.28525695,Světle modrá (Střední znečištění)
rozhledna Hnědý vrch,50.6883,15.7071,0.1113279,Modrá (Mírné znečištění)
Výhled Vysoký kámen,50.5353,16.1635,0.1353101,Modrá (Mírné znečištění)
Unnamed POI,50.5026,13.5961,0.54119617,Tmavě zelená (Znečištěná)
Unnamed POI,50.5044,13.6236,0.79383385,Zelená (Silné znečištění)
Unnamed POI,50.7683,14.4971,0.191376,Světle modrá (Střední znečištění)
Unnamed POI,50.7093,14.5191,0.36714077,Tmavě zelená (Znečištěná)
Vyhlídka Ovčín,50.5489,16.2975,0.11969042,Modrá (Mírné znečištění)
Tell-Platte,50.8093,14.4259,0.16422226,Světle modrá (Střední znečištění)
Unnamed POI,49.6218,16.1352,0.08465989,Modrá (Mírné znečištění)
Unnamed POI,49.617,16.1315,0.08785333,Modrá (Mírné znečištění)
Unnamed POI,50.4204,14.4647,0.25892016,Světle modrá (Střední znečištění)
Unnamed POI,49.5713,18.6738,0.14055543,Modrá (Mírné znečištění)
Unnamed POI,49.0563,13.9799,0.12636766,Modrá (Mírné znečištění)
Unnamed POI,49.0599,13.9907,0.13254827,Modrá (Mírné znečištění)
Unnamed POI,49.4931,16.501,0.14594972,Modrá (Mírné znečištění)
Unnamed POI,49.494,16.5004,0.14594972,Modrá (Mírné znečištění)
Unnamed POI,49.5019,16.512,0.17768085,Světle modrá (Střední znečištění)
Unnamed POI,49.5024,16.5118,0.17768085,Světle modrá (Střední znečištění)
Výhled z Faltova kopce,50.4567,16.0401,0.15941551,Modrá (Mírné znečištění)
Unnamed POI,50.076,17.0087,0.09444652,Modrá (Mírné znečištění)
Unnamed POI,49.295,16.3352,0.16172175,Světle modrá (Střední znečištění)
Unnamed POI,50.273,12.6504,0.17780665,Světle modrá (Střední znečištění)
Vyhlídka Myslík,49.6173,18.2612,0.30286902,Světle modrá (Střední znečištění)
Unnamed POI,50.0677,17.0975,0.09796519,Modrá (Mírné znečištění)
Unnamed POI,50.3665,15.6438,0.31475255,Světle modrá (Střední znečištění)
Unnamed POI,50.0577,14.6398,0.9658394,Zelená (Silné znečištění)
Unnamed POI,50.57,14.1585,0.24677265,Světle modrá (Střední znečištění)
Unnamed POI,50.5841,14.1511,0.20743713,Světle modrá (Střední znečištění)
Unnamed POI,50.591,14.1438,0.20606364,Světle modrá (Střední znečištění)
Unnamed POI,50.7623,15.0484,1.4218531,Žlutá (Velmi silné znečištění)
Unnamed POI,49.557,17.0827,0.29940492,Světle modrá (Střední znečištění)
Unnamed POI,49.524,17.3268,0.39367673,Tmavě zelená (Znečištěná)
Libníkovická rozhledna,50.2488,15.9938,0.20519674,Světle modrá (Střední znečištění)
Unnamed POI,50.1205,14.4163,2.7395074,Oranžová (Extrémní znečištění)
Rozhledna,50.1206,14.4167,2.8807688,Oranžová (Extrémní znečištění)
Unnamed POI,50.1207,14.4178,2.8807688,Oranžová (Extrémní znečištění)
Goethova vyhlídka,50.1854,12.7545,0.30394998,Světle modrá (Střední znečištění)
Loučka,49.6254,18.782,0.19781077,Světle modrá (Střední znečištění)
Unnamed POI,49.6263,18.7708,0.2044208,Světle modrá (Střední znečištění)
Unnamed POI,49.4195,15.0436,0.07372014,Tmavě modrá (Slabé znečištění)
vyhlídka na Housle,50.1245,14.3562,1.5383326,Žlutá (Velmi silné znečištění)
Unnamed POI,49.6003,16.5861,0.11943538,Modrá (Mírné znečištění)
Unnamed POI,50.7248,14.6055,0.19795609,Světle modrá (Střední znečištění)
Unnamed POI,50.7037,14.5547,0.47403955,Tmavě zelená (Znečištěná)
Rozhledna Panorama,49.6491,18.2709,0.41196653,Tmavě zelená (Znečištěná)
Unnamed POI,50.0577,17.0663,0.104803376,Modrá (Mírné znečištění)
bývalá Švýcarská bouda,50.7786,14.654,0.17979752,Světle modrá (Střední znečištění)
Unnamed POI,50.519,14.5808,0.12327205,Modrá (Mírné znečištění)
Unnamed POI,50.529,14.5891,0.12569596,Modrá (Mírné znečištění)
Unnamed POI,50.5355,14.6068,0.124267206,Modrá (Mírné znečištění)
Unnamed POI,49.9012,18.347,1.4869907,Žlutá (Velmi silné znečištění)
rozhledna Olšová,49.6617,17.8773,0.20905702,Světle modrá (Střední znečištění)
Třesina,49.9645,14.1329,0.3427517,Tmavě zelená (Znečištěná)
Unnamed POI,49.9647,14.1335,0.33778653,Tmavě zelená (Znečištěná)
Unnamed POI,49.9502,14.104,0.35458034,Tmavě zelená (Znečištěná)
Unnamed POI,49.4668,16.7063,0.16288096,Světle modrá (Střední znečištění)
Unnamed POI,49.4684,16.6934,0.16634582,Světle modrá (Střední znečištění)
Unnamed POI,49.4699,16.6914,0.17146616,Světle modrá (Střední znečištění)
Lysý vrch,50.596,16.1527,0.1204258,Modrá (Mírné znečištění)
Unnamed POI,49.7847,14.9979,0.11241345,Modrá (Mírné znečištění)
Unnamed POI,50.5061,13.1544,0.099401,Modrá (Mírné znečištění)
Unnamed POI,50.5064,13.1543,0.099401,Modrá (Mírné znečištění)
Unnamed POI,50.0183,13.8765,0.12660973,Modrá (Mírné znečištění)
Rozhledna Na Skalce,50.1443,17.4509,0.08085782,Modrá (Mírné znečištění)
Unnamed POI,50.4302,16.052,0.16325407,Světle modrá (Střední znečištění)
Unnamed POI,50.0193,14.4788,2.4057412,Žlutá (Velmi silné znečištění)
Unnamed POI,50.6999,14.6286,0.20841654,Světle modrá (Střední znečištění)
Hraběcí stolek,49.5494,16.3459,0.09350829,Modrá (Mírné znečištění)
Unnamed POI,49.4245,15.0146,0.08375161,Modrá (Mírné znečištění)
Rozhledna Bleiberg,50.3673,12.51,0.11310028,Modrá (Mírné znečištění)
Unnamed POI,50.7971,14.6388,0.14838782,Modrá (Mírné znečištění)
Unnamed POI,50.7603,14.4971,0.19165248,Světle modrá (Střední znečištění)
Unnamed POI,50.7603,14.4968,0.19165248,Světle modrá (Střední znečištění)
Unnamed POI,49.3985,16.6666,0.22856207,Světle modrá (Střední znečištění)
Unnamed POI,49.4032,16.6672,0.22856207,Světle modrá (Střední znečištění)
Unnamed POI,49.4052,16.666,0.23037003,Světle modrá (Střední znečištění)
Unnamed POI,50.0482,13.8886,0.13737741,Modrá (Mírné znečištění)
Unnamed POI,50.3265,17.0718,0.097395785,Modrá (Mírné znečištění)
Unnamed POI,50.0462,16.9387,0.11156103,Modrá (Mírné znečištění)
Rozhledna Šrotík (Maják),49.074,17.4268,0.62280405,Tmavě zelená (Znečištěná)
Vyhlídka Oldřicha Fencla,48.8436,14.5572,0.1216178,Modrá (Mírné znečištění)
Unnamed POI,49.6807,16.9518,0.15417896,Modrá (Mírné znečištění)
Unnamed POI,49.4055,16.7159,0.1887823,Světle modrá (Střední znečištění)
Unnamed POI,49.408,16.7029,0.19541568,Světle modrá (Střední znečištění)
Unnamed POI,49.4129,16.734,0.17621645,Světle modrá (Střední znečištění)
Unnamed POI,50.178,14.1196,0.6161347,Tmavě zelená (Znečištěná)
Modré kameny,50.6456,15.781,0.14928429,Modrá (Mírné znečištění)
Osserblick,49.2114,13.1135,0.044212483,Tmavě modrá (Slabé znečištění)
Unnamed POI,50.7369,14.4358,0.17247047,Světle modrá (Střední znečištění)
Unnamed POI,50.1198,14.4067,2.652322,Oranžová (Extrémní znečištění)
Dreisesselblick,48.7719,13.845,0.036355615,Šedá (Téměř přirozená)
"vyhlídka do dálky ""Koňský vrch""",48.776,13.8715,0.034842934,Šedá (Téměř přirozená)
Unnamed POI,48.8681,17.5816,0.099818245,Modrá (Mírné znečištění)
Unnamed POI,49.9677,14.4113,0.95230335,Zelená (Silné znečištění)
Unnamed POI,49.9714,14.4044,1.1443862,Zelená (Silné znečištění)
Unnamed POI,49.9696,14.4078,0.9818829,Zelená (Silné znečištění)
Unnamed POI,49.9655,14.4166,0.9481213,Zelená (Silné znečištění)
Unnamed POI,49.97,14.4069,0.9818829,Zelená (Silné znečištění)
Hasičská vyhlídka,49.1715,14.2583,0.121587016,Modrá (Mírné znečištění)
Unnamed POI,50.1263,14.0015,0.29814208,Světle modrá (Střední znečištění)
Unnamed POI,49.6499,16.9076,0.13459937,Modrá (Mírné znečištění)
Unnamed POI,49.666,16.9128,0.13156469,Modrá (Mírné znečištění)
Unnamed POI,50.4171,16.1946,0.27943683,Světle modrá (Střední znečištění)
Unnamed POI,50.0859,14.3916,3.9616766,Oranžová (Extrémní znečištění)
Výhled na Plešné jezero,48.7777,13.8584,0.035495404,Šedá (Téměř přirozená)
Unnamed POI,48.8529,16.0471,0.7999083,Zelená (Silné znečištění)
Unnamed POI,48.8536,16.0464,0.7999083,Zelená (Silné znečištění)
Unnamed POI,48.8545,16.0453,1.0315042,Zelená (Silné znečištění)
Unnamed POI,50.0914,14.4684,3.746679,Oranžová (Extrémní znečištění)
výhled na Lužické hory,50.7637,14.3774,0.14866617,Modrá (Mírné znečištění)
Unnamed POI,50.7899,14.4833,0.15758385,Modrá (Mírné znečištění)
Unnamed POI,50.7607,14.366,0.15008672,Modrá (Mírné znečištění)
Ornitologická pozorovatelna,49.6531,17.2312,0.4376679,Tmavě zelená (Znečištěná)
Zatopený lom Trojka,49.6201,15.4106,0.117225714,Modrá (Mírné znečištění)
Zatopený lom Trojka,49.6203,15.4104,0.117225714,Modrá (Mírné znečištění)
Holý vrch,49.6223,15.3978,0.1106654,Modrá (Mírné znečištění)
Unnamed POI,50.0205,14.4747,2.4439611,Žlutá (Velmi silné znečištění)
Unnamed POI,49.1853,16.597,2.8049376,Oranžová (Extrémní znečištění)
Unnamed POI,49.1854,16.5967,2.8049376,Oranžová (Extrémní znečištění)
Unnamed POI,49.0874,13.5195,0.03546462,Šedá (Téměř přirozená)
Unnamed POI,50.5144,15.1688,0.14324576,Modrá (Mírné znečištění)
Unnamed POI,50.533,15.0496,0.22086558,Světle modrá (Střední znečištění)
val,50.7708,14.384,0.14949392,Modrá (Mírné znečištění)
Unnamed POI,50.8169,15.0706,0.31725025,Světle modrá (Střední znečištění)
Unnamed POI,49.3939,18.4304,0.08167375,Modrá (Mírné znečištění)
Unnamed POI,49.3942,18.4285,0.08167375,Modrá (Mírné znečištění)
Unnamed POI,50.0919,14.4052,4.2743573,Oranžová (Extrémní znečištění)
Unnamed POI,50.6173,14.6965,0.13962758,Modrá (Mírné znečištění)
Unnamed POI,50.6177,14.6978,0.13962758,Modrá (Mírné znečištění)
Belvedér,50.8495,14.2214,0.14862907,Modrá (Mírné znečištění)
Unnamed POI,49.8514,17.2396,0.097617,Modrá (Mírné znečištění)
Unnamed POI,49.838,17.2455,0.10070755,Modrá (Mírné znečištění)
Unnamed POI,50.5992,14.4659,0.13802736,Modrá (Mírné znečištění)
Unnamed POI,50.554,14.4942,0.13236126,Modrá (Mírné znečištění)
Unnamed POI,50.5892,14.4524,0.12963298,Modrá (Mírné znečištění)
Unnamed POI,50.0764,14.3989,3.986209,Oranžová (Extrémní znečištění)
Unnamed POI,50.202,14.8335,0.6183868,Tmavě zelená (Znečištěná)
vyhlídka Devět mlýnů,48.8109,15.9809,0.14976873,Modrá (Mírné znečištění)
Unnamed POI,50.2063,14.8319,0.47672504,Tmavě zelená (Znečištěná)
Unnamed POI,50.2035,14.8311,0.54476947,Tmavě zelená (Znečištěná)
Unnamed POI,50.8249,14.9241,0.25848895,Světle modrá (Střední znečištění)
Unnamed POI,50.7797,14.6585,0.15775372,Modrá (Mírné znečištění)
Unnamed POI,50.7835,14.6623,0.15775372,Modrá (Mírné znečištění)
Unnamed POI,48.8438,16.0036,0.21298476,Světle modrá (Střední znečištění)
Unnamed POI,48.8465,16.0148,0.2716134,Světle modrá (Střední znečištění)
Unnamed POI,48.8471,16.0151,0.2716134,Světle modrá (Střední znečištění)
Unnamed POI,48.8478,16.0157,0.2716134,Světle modrá (Střední znečištění)
Unnamed POI,48.8578,16.0383,0.7735889,Zelená (Silné znečištění)
Unnamed POI,48.8595,16.0426,1.0315042,Zelená (Silné znečištění)
Unnamed POI,50.1876,14.666,0.8605721,Zelená (Silné znečištění)
Unnamed POI,50.0793,17.2203,0.059566285,Tmavě modrá (Slabé znečištění)
Vyhlídkové místo u Honzíkova kříže,49.4608,16.8779,0.1270882,Modrá (Mírné znečištění)
Unnamed POI,49.2332,17.4163,0.21682988,Světle modrá (Střední znečištění)
Unnamed POI,50.8022,14.6859,0.13424404,Modrá (Mírné znečištění)
Chlumská hora,50.0055,13.2053,0.061615445,Tmavě modrá (Slabé znečištění)
Unnamed POI,50.9576,14.4824,0.13852946,Modrá (Mírné znečištění)
Unnamed POI,49.5318,16.8697,0.14385206,Modrá (Mírné znečištění)
Unnamed POI,49.2967,16.6531,0.43578815,Tmavě zelená (Znečištěná)
Rozhledna Líský,50.2454,13.9185,0.15103972,Modrá (Mírné znečištění)
Unnamed POI,49.8376,17.2464,0.10070755,Modrá (Mírné znečištění)
Unnamed POI,50.7334,14.5821,0.2506289,Světle modrá (Střední znečištění)
Unnamed POI,50.6666,14.7588,0.21656644,Světle modrá (Střední znečištění)
Unnamed POI,49.9256,14.3693,0.5049136,Tmavě zelená (Znečištěná)
Unnamed POI,50.3881,14.0958,0.17359303,Světle modrá (Střední znečištění)
Unnamed POI,50.5539,14.9798,0.27393678,Světle modrá (Střední znečištění)
Kabačka,49.639,16.2272,0.095715016,Modrá (Mírné znečištění)
Hadí hora,50.3846,12.9347,0.11119365,Modrá (Mírné znečištění)
Unnamed POI,50.1212,13.3113,0.08932874,Modrá (Mírné znečištění)
Unnamed POI,49.9636,14.4338,0.96778613,Zelená (Silné znečištění)
Unnamed POI,49.9645,14.4293,0.9521501,Zelená (Silné znečištění)
Unnamed POI,48.8547,17.5717,0.0978745,Modrá (Mírné znečištění)
Unnamed POI,48.8585,17.5498,0.103767306,Modrá (Mírné znečištění)
Unnamed POI,49.5391,14.1781,0.061624605,Tmavě modrá (Slabé znečištění)
Unnamed POI,48.8863,17.698,0.11704325,Modrá (Mírné znečištění)
Unnamed POI,48.887,17.6876,0.11183186,Modrá (Mírné znečištění)
Unnamed POI,48.8892,17.6868,0.11946616,Modrá (Mírné znečištění)
Bílý kámen,49.9298,14.6512,0.59516484,Tmavě zelená (Znečištěná)
Unnamed POI,49.3947,15.5871,0.8758137,Zelená (Silné znečištění)
Unnamed POI,50.7332,14.5837,0.23282792,Světle modrá (Střední znečištění)
Unnamed POI,50.7358,15.7395,0.11004827,Modrá (Mírné znečištění)
Rolandův kámen,50.0813,17.3069,0.07023081,Tmavě modrá (Slabé znečištění)
Stará Vodárna,49.2287,13.5066,0.17122121,Světle modrá (Střední znečištění)
Smetanova vyhlídka,50.5314,15.3381,0.1643152,Světle modrá (Střední znečištění)
Unnamed POI,50.0785,14.3546,2.8377767,Oranžová (Extrémní znečištění)
Unnamed POI,49.6168,15.3927,0.10897916,Modrá (Mírné znečištění)
Unnamed POI,50.6682,16.2623,0.15081972,Modrá (Mírné znečištění)
rozhledna Hněvín,50.5207,13.6332,0.8583765,Zelená (Silné znečištění)
Girova,49.5316,18.8001,0.13682282,Modrá (Mírné znečištění)
Unnamed POI,49.5192,16.2705,0.14853418,Modrá (Mírné znečištění)
Kočího kopec,49.6126,16.3157,0.08785333,Modrá (Mírné znečištění)
Unnamed POI,49.2982,17.885,0.12933837,Modrá (Mírné znečištění)
Skála,49.6657,15.3912,0.19892326,Světle modrá (Střední znečištění)
Unnamed POI,49.3929,14.1851,0.08031543,Modrá (Mírné znečištění)
Englišova vyhlídka,49.8899,18.0423,0.34832773,Tmavě zelená (Znečištěná)
myslivecká vyhlídka,50.7765,14.3271,0.16777126,Světle modrá (Střední znečištění)
Vyhlídka u Sedlčan,49.634,14.4654,0.10504273,Modrá (Mírné znečištění)
Čertice,48.9356,15.7237,0.043065853,Tmavě modrá (Slabé znečištění)
Unnamed POI,50.4381,14.5755,0.15212494,Modrá (Mírné znečištění)
U Spáleného mostu,50.0868,16.3125,0.14279069,Modrá (Mírné znečištění)
Unnamed POI,50.5669,15.1362,0.2501329,Světle modrá (Střední znečištění)
Unnamed POI,50.5512,15.177,0.16917105,Světle modrá (Střední znečištění)
výhled,50.7613,14.2929,0.21654768,Světle modrá (Střední znečištění)
Unnamed POI,49.2974,17.7199,0.2206619,Světle modrá (Střední znečištění)
Unnamed POI,49.0729,17.4236,0.5716624,Tmavě zelená (Znečištěná)
Unnamed POI,50.7651,14.326,0.17171003,Světle modrá (Střední znečištění)
"výhled 291,2",50.7621,14.3295,0.17949133,Světle modrá (Střední znečištění)
Švédská skála,49.7137,17.7544,0.14049791,Modrá (Mírné znečištění)
Unnamed POI,49.6815,13.7873,0.07618603,Tmavě modrá (Slabé znečištění)
Struhalův dub,49.9537,18.1246,0.36697945,Tmavě zelená (Znečištěná)
Unnamed POI,50.1975,14.3584,0.8737299,Zelená (Silné znečištění)
velká vyhlídka na Lužické hory,50.7749,14.3108,0.17931934,Světle modrá (Střední znečištění)
výhled na Markvartice,50.7768,14.3139,0.17931934,Světle modrá (Střední znečištění)
výhled na Markvartice,50.772,14.3126,0.17931934,Světle modrá (Střední znečištění)
výhled,50.7613,14.29,0.22616285,Světle modrá (Střední znečištění)
Unnamed POI,50.3734,16.9213,0.095207185,Modrá (Mírné znečištění)
Unnamed POI,50.8134,15.3227,0.10424113,Modrá (Mírné znečištění)
Unnamed POI,50.6067,13.3979,0.1290081,Modrá (Mírné znečištění)
ROZHLEDNA /lookout tower,50.0268,15.2014,1.3114641,Žlutá (Velmi silné znečištění)
Radniční věž,50.922,15.0785,0.3538648,Tmavě zelená (Znečištěná)
Unnamed POI,50.7532,14.289,0.24589434,Světle modrá (Střední znečištění)
výhled,50.7578,14.2924,0.21654768,Světle modrá (Střední znečištění)
Unnamed POI,50.7878,14.3353,0.15613475,Modrá (Mírné znečištění)
Unnamed POI,48.8119,14.3117,0.46057072,Tmavě zelená (Znečištěná)
Unnamed POI,50.6575,15.9884,0.12057601,Modrá (Mírné znečištění)
Unnamed POI,50.6545,15.9907,0.12057601,Modrá (Mírné znečištění)
rozhledna Čeřovka (Milohlídka),50.4448,15.3604,0.55284584,Tmavě zelená (Znečištěná)
rozhl. Pastýřská stěna,50.7801,14.2044,0.93289375,Zelená (Silné znečištění)
Rozhledna Tábor,50.5092,15.3684,0.157233,Modrá (Mírné znečištění)
Unnamed POI,48.8107,14.3172,0.42393446,Tmavě zelená (Znečištěná)
Unnamed POI,48.812,14.3148,0.46057072,Tmavě zelená (Znečištěná)
Unnamed POI,49.1932,16.6616,1.9871666,Žlutá (Velmi silné znečištění)
Unnamed POI,49.1114,16.9263,0.2139114,Světle modrá (Střední znečištění)
Unnamed POI,48.7774,14.5133,0.10806599,Modrá (Mírné znečištění)
Unnamed POI,49.8323,15.6545,0.10651806,Modrá (Mírné znečištění)
Unnamed POI,50.0696,17.0032,0.09756784,Modrá (Mírné znečištění)
Unnamed POI,50.0795,17.0303,0.08995168,Modrá (Mírné znečištění)
Unnamed POI,50.8502,14.539,0.11893258,Modrá (Mírné znečištění)
Unnamed POI,50.7275,14.3215,0.198604,Světle modrá (Střední znečištění)
Unnamed POI,50.85,14.4375,0.111506015,Modrá (Mírné znečištění)
Unnamed POI,50.539,15.237,0.15569256,Modrá (Mírné znečištění)
Lom Hády,49.2186,16.6738,1.2544203,Zelená (Silné znečištění)
Unnamed POI,50.5405,15.2362,0.15569256,Modrá (Mírné znečištění)
Unnamed POI,49.8832,15.5851,0.16107073,Světle modrá (Střední znečištění)
Trávník,50.1517,15.6864,0.24555185,Světle modrá (Střední znečištění)
výhled na Lužické hory a Markvartickou kotlinu,50.7959,14.379,0.15454635,Modrá (Mírné znečištění)
Unnamed POI,50.7034,14.2838,0.15532026,Modrá (Mírné znečištění)
Unnamed POI,50.6991,14.2802,0.15732558,Modrá (Mírné znečištění)
"výhled Jedlová, Sokol",50.8237,14.5028,0.12138499,Modrá (Mírné znečištění)
výhled na Chřibskou,50.826,14.5011,0.12138499,Modrá (Mírné znečištění)
Unnamed POI,50.7517,14.387,0.14786923,Modrá (Mírné znečištění)
rozhledna Růženka,50.8441,14.3011,0.1265355,Modrá (Mírné znečištění)
výhled na Růžovský vrch a České Švýcarsko,50.7818,14.3103,0.17759712,Světle modrá (Střední znečištění)
Unnamed POI,50.8441,14.3013,0.1265355,Modrá (Mírné znečištění)
Unnamed POI,50.7698,14.4539,0.16922088,Světle modrá (Střední znečištění)
Unnamed POI,50.8302,14.4062,0.11854563,Modrá (Mírné znečištění)
Unnamed POI,50.76,14.4747,0.1687801,Světle modrá (Střední znečištění)
Unnamed POI,50.8609,14.2679,0.13153902,Modrá (Mírné znečištění)
Unnamed POI,50.4836,14.6376,0.124310635,Modrá (Mírné znečištění)
Unnamed POI,50.7971,14.4953,0.14170688,Modrá (Mírné znečištění)
Unnamed POI,50.7954,14.4989,0.15381157,Modrá (Mírné znečištění)
Unnamed POI,50.7932,14.463,0.18317819,Světle modrá (Střední znečištění)
Unnamed POI,50.8069,14.4672,0.13626729,Modrá (Mírné znečištění)
Unnamed POI,49.5585,17.9848,0.28573078,Světle modrá (Střední znečištění)
Věž,49.5832,17.9632,0.34628743,Tmavě zelená (Znečištěná)
Unnamed POI,49.5822,17.9633,0.34628743,Tmavě zelená (Znečištěná)
Unnamed POI,49.5824,17.9632,0.34628743,Tmavě zelená (Znečištěná)
Unnamed POI,49.5827,17.9633,0.34628743,Tmavě zelená (Znečištěná)
Unnamed POI,49.5832,17.9637,0.34628743,Tmavě zelená (Znečištěná)
Unnamed POI,49.0978,16.2472,0.1455267,Modrá (Mírné znečištění)
Na babách,49.0994,16.2237,0.15670559,Modrá (Mírné znečištění)
Velký kačer,49.1016,16.2459,0.1455267,Modrá (Mírné znečištění)
Velká skála,49.1024,16.2407,0.14912592,Modrá (Mírné znečištění)
Unnamed POI,50.432,12.7529,0.105428874,Modrá (Mírné znečištění)
Vápenka,49.9322,14.5182,0.6224261,Tmavě zelená (Znečištěná)
kamen s vyhlidkou,49.139,17.2526,0.12685314,Modrá (Mírné znečištění)
Vinice vyhlídka,50.0466,16.0553,0.15536226,Modrá (Mírné znečištění)
Unnamed POI,49.1937,16.5928,3.1747441,Oranžová (Extrémní znečištění)
Unnamed POI,50.7359,15.7402,0.11004827,Modrá (Mírné znečištění)
Unnamed POI,50.2016,12.7104,0.3359205,Tmavě zelená (Znečištěná)
Unnamed POI,50.3305,12.5297,0.14478922,Modrá (Mírné znečištění)
Minirozhledna,49.8555,14.8208,0.18386696,Světle modrá (Střední znečištění)
Unnamed POI,50.1329,12.6411,0.18043113,Světle modrá (Střední znečištění)
Unnamed POI,50.0814,14.4101,4.7292356,Oranžová (Extrémní znečištění)
Unnamed POI,49.6971,18.2076,0.4726854,Tmavě zelená (Znečištěná)
Unnamed POI,49.6981,18.2075,0.4726854,Tmavě zelená (Znečištěná)
Rozhledna Zadov,49.0615,13.6298,0.044678487,Tmavě modrá (Slabé znečištění)
Rýdův kopec Děbolín,49.1591,14.9396,0.1397684,Modrá (Mírné znečištění)
Unnamed POI,48.8872,14.3559,0.19003245,Světle modrá (Střední znečištění)
Unnamed POI,49.513,18.2971,0.15338977,Modrá (Mírné znečištění)
Boží skála,49.8902,14.5021,0.3808815,Tmavě zelená (Znečištěná)
Unnamed POI,50.5275,14.0177,0.31288126,Světle modrá (Střední znečištění)
Unnamed POI,49.7383,13.6582,0.19000943,Světle modrá (Střední znečištění)
Unnamed POI,49.739,13.6524,0.19000943,Světle modrá (Střední znečištění)
Na Vinici,50.0442,15.2335,0.5802572,Tmavě zelená (Znečištěná)
Unnamed POI,49.6459,18.2878,0.44697443,Tmavě zelená (Znečištěná)
Unnamed POI,49.5463,18.4493,0.13749625,Modrá (Mírné znečištění)
Unnamed POI,48.8674,16.6512,0.1530442,Modrá (Mírné znečištění)
Unnamed POI,50.1184,13.8802,0.15267132,Modrá (Mírné znečištění)
Unnamed POI,50.1186,13.8816,0.15267132,Modrá (Mírné znečištění)
Unnamed POI,50.1315,13.8988,0.20824741,Světle modrá (Střední znečištění)
Unnamed POI,50.1311,13.8991,0.20824741,Světle modrá (Střední znečištění)
Unnamed POI,48.8994,14.1709,0.062216472,Tmavě modrá (Slabé znečištění)
"Kralovecky Spicak, Karkonosze",50.6663,15.9987,0.11917804,Modrá (Mírné znečištění)
Unnamed POI,50.6629,16.2656,0.15081972,Modrá (Mírné znečištění)
Unnamed POI,50.6049,16.4007,0.12682438,Modrá (Mírné znečištění)
Unnamed POI,50.7638,14.562,0.32385415,Tmavě zelená (Znečištěná)
Unnamed POI,49.8485,18.3254,1.5800608,Žlutá (Velmi silné znečištění)
Malý Tok - Vyhlídka,49.6536,13.8459,0.08543869,Modrá (Mírné znečištění)
Unnamed POI,50.3838,14.9171,0.6530087,Zelená (Silné znečištění)
Unnamed POI,50.627,16.1737,0.12324331,Modrá (Mírné znečištění)
Unnamed POI,50.6225,16.1745,0.12324331,Modrá (Mírné znečištění)
Unnamed POI,49.2625,16.7586,0.2876197,Světle modrá (Střední znečištění)
Unnamed POI,50.1232,14.3938,2.1791437,Žlutá (Velmi silné znečištění)
Unnamed POI,49.002,16.3179,0.13755497,Modrá (Mírné znečištění)
Unnamed POI,49.813,14.1082,0.1374088,Modrá (Mírné znečištění)
Vyhlídka na Konopiště,49.771,14.6141,0.1757462,Světle modrá (Střední znečištění)
Unnamed POI,50.3466,16.1512,0.30223644,Světle modrá (Střední znečištění)
Unnamed POI,49.9525,14.3962,0.7447571,Zelená (Silné znečištění)
Unnamed POI,49.9576,14.4068,0.84331924,Zelená (Silné znečištění)
Unnamed POI,50.0163,14.3606,1.8213319,Žlutá (Velmi silné znečištění)
Unnamed POI,49.1981,13.2491,0.04086505,Tmavě modrá (Slabé znečištění)
Unnamed POI,49.3739,16.1551,0.10565008,Modrá (Mírné znečištění)
Unnamed POI,49.5001,18.3623,0.11600861,Modrá (Mírné znečištění)
Unnamed POI,50.1908,14.3775,0.85549927,Zelená (Silné znečištění)
Unnamed POI,50.1722,14.3492,0.87689954,Zelená (Silné znečištění)
Kamýcká vyhlídka,50.1552,14.3081,0.91565275,Zelená (Silné znečištění)
Unnamed POI,49.2411,18.0924,0.079584755,Tmavě modrá (Slabé znečištění)
Unnamed POI,49.7373,17.339,0.17905726,Světle modrá (Střední znečištění)
Unnamed POI,49.739,17.4112,0.13039282,Modrá (Mírné znečištění)
Rozhledna Brodek,49.483,17.3486,0.33956635,Tmavě zelená (Znečištěná)
Claryho kříž,48.9063,15.8224,0.07160982,Tmavě modrá (Slabé znečištění)
Unnamed POI,49.9974,14.308,0.9335086,Zelená (Silné znečištění)
Unnamed POI,50.4661,14.3868,0.6143959,Tmavě zelená (Znečištěná)
Unnamed POI,49.9006,14.3733,0.3751608,Tmavě zelená (Znečištěná)
Unnamed POI,49.8712,14.9104,0.20647603,Světle modrá (Střední znečištění)
Unnamed POI,48.6728,14.2868,0.056766484,Tmavě modrá (Slabé znečištění)
Unnamed POI,50.1831,14.3629,0.89203286,Zelená (Silné znečištění)
Unnamed POI,49.383,12.7836,0.066368386,Tmavě modrá (Slabé znečištění)
Unnamed POI,49.9755,16.3279,0.14939275,Modrá (Mírné znečištění)
Unnamed POI,49.9182,14.0087,0.29546824,Světle modrá (Střední znečištění)
Unnamed POI,49.2557,16.756,0.30502814,Světle modrá (Střední znečištění)
Unnamed POI,50.8168,14.7127,0.13092278,Modrá (Mírné znečištění)
Unnamed POI,49.1661,13.5647,0.061278015,Tmavě modrá (Slabé znečištění)
Unnamed POI,49.5764,16.3887,0.09796054,Modrá (Mírné znečištění)
Unnamed POI,49.0292,13.5863,0.037638877,Šedá (Téměř přirozená)
Unnamed POI,49.0294,13.588,0.037638877,Šedá (Téměř přirozená)
Unnamed POI,49.881,12.7993,0.08806317,Modrá (Mírné znečištění)
Unnamed POI,50.8169,14.7301,0.13482691,Modrá (Mírné znečištění)
Unnamed POI,50.8181,14.7318,0.13482691,Modrá (Mírné znečištění)
Unnamed POI,50.7658,14.6062,0.18601084,Světle modrá (Střední znečištění)
Unnamed POI,50.0591,14.1184,0.39458805,Tmavě zelená (Znečištěná)
Unnamed POI,49.8549,14.4099,0.28992325,Světle modrá (Střední znečištění)
Vyhlídka na Kaňon,49.8389,15.9712,0.13364194,Modrá (Mírné znečištění)
Unnamed POI,50.2592,17.2056,0.16669402,Světle modrá (Střední znečištění)
Unnamed POI,49.4756,16.6787,0.2073435,Světle modrá (Střední znečištění)
Unnamed POI,49.4704,16.6488,0.201709,Světle modrá (Střední znečištění)
Unnamed POI,49.4825,16.6636,0.3255695,Tmavě zelená (Znečištěná)
Unnamed POI,49.4788,16.6663,0.22934532,Světle modrá (Střední znečištění)
Unnamed POI,49.4505,16.5876,0.18455762,Světle modrá (Střední znečištění)
Unnamed POI,49.4296,16.6062,0.20890766,Světle modrá (Střední znečištění)
Unnamed POI,49.4394,16.597,0.194289,Světle modrá (Střední znečištění)
Unnamed POI,49.1204,17.2397,0.12712471,Modrá (Mírné znečištění)
Unnamed POI,49.1381,17.2168,0.14897177,Modrá (Mírné znečištění)
Čákova vyhlídka,49.6552,13.8175,0.07690809,Tmavě modrá (Slabé znečištění)
Unnamed POI,50.78,14.9088,0.18948224,Světle modrá (Střední znečištění)
Vyhlídka Svatopluka Čecha,50.5361,15.2435,0.15509212,Modrá (Mírné znečištění)
Unnamed POI,50.1699,14.4048,1.1715311,Zelená (Silné znečištění)
Unnamed POI,48.7394,14.5265,0.10786924,Modrá (Mírné znečištění)
Unnamed POI,50.1807,14.3572,0.86091906,Zelená (Silné znečištění)
Unnamed POI,50.1721,14.3679,0.9979809,Zelená (Silné znečištění)
U Krizove Cesty,49.8624,17.8846,0.20950891,Světle modrá (Střední znečištění)
Unnamed POI,50.0279,17.0637,0.142619,Modrá (Mírné znečištění)
Cimrmanova nejnižší rozhledna,50.6126,15.3604,0.15780957,Modrá (Mírné znečištění)
Unnamed POI,49.1323,16.4031,0.27277118,Světle modrá (Střední znečištění)
Unnamed POI,50.3105,17.1116,0.11894906,Modrá (Mírné znečištění)
Roztylská vyhlídka,50.0394,14.484,3.898483,Oranžová (Extrémní znečištění)
Unnamed POI,48.9584,13.9288,0.048615735,Tmavě modrá (Slabé znečištění)
Unnamed POI,48.959,13.9288,0.048615735,Tmavě modrá (Slabé znečištění)
Unnamed POI,50.0784,14.4023,4.2668343,Oranžová (Extrémní znečištění)
Unnamed POI,50.1269,14.4433,2.8148725,Oranžová (Extrémní znečištění)
Unnamed POI,50.0242,15.7893,1.314907,Žlutá (Velmi silné znečištění)
Krásná vyhlídka,50.4811,16.2882,0.12177805,Modrá (Mírné znečištění)
Unnamed POI,50.4898,16.2734,0.12959854,Modrá (Mírné znečištění)
Unnamed POI,49.8981,14.5054,0.42442417,Tmavě zelená (Znečištěná)
Unnamed POI,50.0086,13.7709,0.08572721,Modrá (Mírné znečištění)
Unnamed POI,50.0067,13.7672,0.08572721,Modrá (Mírné znečištění)
Unnamed POI,49.877,16.7769,0.12766251,Modrá (Mírné znečištění)
Unnamed POI,48.9643,16.8128,0.20616433,Světle modrá (Střední znečištění)
Unnamed POI,49.8509,13.4431,0.21451731,Světle modrá (Střední znečištění)
Unnamed POI,50.0733,14.2485,1.2562175,Zelená (Silné znečištění)
Unnamed POI,49.9125,14.3903,0.449601,Tmavě zelená (Znečištěná)
Unnamed POI,49.9077,14.4019,0.41788307,Tmavě zelená (Znečištěná)
Rozhledna Milada na Lichnici,49.8795,15.5864,0.16107073,Světle modrá (Střední znečištění)
Unnamed POI,50.0417,14.386,2.735179,Oranžová (Extrémní znečištění)
Unnamed POI,49.5659,17.9816,0.30082792,Světle modrá (Střední znečištění)
Unnamed POI,49.5693,17.9881,0.30902064,Světle modrá (Střední znečištění)
Unnamed POI,49.5703,17.992,0.31964767,Světle modrá (Střední znečištění)
Unnamed POI,49.5743,18.0014,0.406059,Tmavě zelená (Znečištěná)
Unnamed POI,49.1636,13.4528,0.0550038,Tmavě modrá (Slabé znečištění)
Unnamed POI,49.1541,13.4306,0.038792,Šedá (Téměř přirozená)
Unnamed POI,50.1336,14.3972,1.9187157,Žlutá (Velmi silné znečištění)
Unnamed POI,49.9652,14.4013,0.9818829,Zelená (Silné znečištění)
Unnamed POI,49.7875,16.1893,0.09127626,Modrá (Mírné znečištění)
Vyhlídka na zvonici,49.492,18.2227,0.15610027,Modrá (Mírné znečištění)
Vyhlídka od hotelu Radegast,49.4891,18.2252,0.15215121,Modrá (Mírné znečištění)
Unnamed POI,49.4836,18.2556,0.13400611,Modrá (Mírné znečištění)
Unnamed POI,49.7281,13.867,0.087696016,Modrá (Mírné znečištění)
Unnamed POI,49.7649,13.9289,0.114290744,Modrá (Mírné znečištění)
výhled na Benešov,50.7441,14.3111,0.2712517,Světle modrá (Střední znečištění)
Krásná vyhlídka,50.356,13.9712,0.15309395,Modrá (Mírné znečištění)
Unnamed POI,49.1579,13.4176,0.039908014,Šedá (Téměř přirozená)
Unnamed POI,50.8638,14.3812,0.100173816,Modrá (Mírné znečištění)
Unnamed POI,50.8644,14.3795,0.100173816,Modrá (Mírné znečištění)
Unnamed POI,50.8006,14.4768,0.1468804,Modrá (Mírné znečištění)
Pekelný kopec,49.1829,15.8502,0.18544094,Světle modrá (Střední znečištění)
Unnamed POI,49.9046,14.6294,0.4086795,Tmavě zelená (Znečištěná)
Unnamed POI,50.1588,15.2734,0.1720774,Světle modrá (Střední znečištění)
Unnamed POI,49.6539,16.1554,0.08438847,Modrá (Mírné znečištění)
Unnamed POI,50.1132,14.3772,2.238455,Žlutá (Velmi silné znečištění)
Vyhlídka Zámky,50.144,14.4001,1.656789,Žlutá (Velmi silné znečištění)
Unnamed POI,49.9424,14.3987,0.63915205,Tmavě zelená (Znečištěná)
Unnamed POI,49.9427,14.3983,0.63915205,Tmavě zelená (Znečištěná)
Unnamed POI,49.941,14.3977,0.63915205,Tmavě zelená (Znečištěná)
Unnamed POI,49.9399,14.3961,0.63915205,Tmavě zelená (Znečištěná)
Unnamed POI,49.9394,14.3952,0.63915205,Tmavě zelená (Znečištěná)
Unnamed POI,49.8859,14.6096,0.3054852,Světle modrá (Střední znečištění)
Unnamed POI,50.4952,15.1047,0.18043038,Světle modrá (Střední znečištění)
Unnamed POI,49.1332,17.2278,0.132895,Modrá (Mírné znečištění)
Unnamed POI,49.6117,18.0931,0.37864208,Tmavě zelená (Znečištěná)
Unnamed POI,50.7036,14.5564,0.47403955,Tmavě zelená (Znečištěná)
Unnamed POI,50.7041,14.5494,0.57414556,Tmavě zelená (Znečištěná)
Liebeshöhe,49.2121,13.1907,0.047940496,Tmavě modrá (Slabé znečištění)
Unnamed POI,49.0989,16.3988,0.35070154,Tmavě zelená (Znečištěná)
Zlatý vrch,50.0886,12.3746,0.65727735,Zelená (Silné znečištění)
Unnamed POI,48.7868,14.582,0.08280218,Modrá (Mírné znečištění)
Unnamed POI,48.789,14.5832,0.08978021,Modrá (Mírné znečištění)
Unnamed POI,50.216,12.8835,0.43790707,Tmavě zelená (Znečištěná)
U Tří Líp,49.1355,15.6731,0.075081,Tmavě modrá (Slabé znečištění)
Mařenka,49.1707,15.703,0.073757246,Tmavě modrá (Slabé znečištění)
František,49.141,15.6484,0.071162716,Tmavě modrá (Slabé znečištění)
Nad Doly,49.7664,16.5834,0.11815927,Modrá (Mírné znečištění)
Unnamed POI,49.6312,17.3383,0.54261875,Tmavě zelená (Znečištěná)
Unnamed POI,50.0193,14.1122,0.3453595,Tmavě zelená (Znečištěná)
Unnamed POI,50.0193,14.1164,0.3453595,Tmavě zelená (Znečištěná)
Unnamed POI,49.8748,14.24,0.25951058,Světle modrá (Střední znečištění)
Unnamed POI,50.7379,14.4737,0.17719492,Světle modrá (Střední znečištění)
Unnamed POI,50.7883,14.7988,0.16214566,Světle modrá (Střední znečištění)
Unnamed POI,50.0007,16.2907,0.15880099,Modrá (Mírné znečištění)
Unnamed POI,50.0007,16.2901,0.15880099,Modrá (Mírné znečištění)
Výrovka,49.3498,16.6788,0.3218506,Tmavě zelená (Znečištěná)
Vyhlídka Žimrovická skála,49.8611,17.8587,0.19807863,Světle modrá (Střední znečištění)
Unnamed POI,49.8239,14.5209,0.20644306,Světle modrá (Střední znečištění)
Unnamed POI,48.8018,14.3165,0.3158293,Světle modrá (Střední znečištění)
Unnamed POI,50.0583,14.109,0.37955168,Tmavě zelená (Znečištěná)
Unnamed POI,48.9193,14.4985,0.3231504,Tmavě zelená (Znečištěná)
Unnamed POI,50.0985,13.3699,0.0775587,Tmavě modrá (Slabé znečištění)
Unnamed POI,49.0701,13.4908,0.034266375,Šedá (Téměř přirozená)
Unnamed POI,49.8985,14.4022,0.39719242,Tmavě zelená (Znečištěná)
Unnamed POI,48.8083,14.2462,0.13492921,Modrá (Mírné znečištění)
Unnamed POI,49.3346,13.2294,0.11614107,Modrá (Mírné znečištění)
Rozhledna Hostovice,49.1932,13.7589,0.082095444,Modrá (Mírné znečištění)
Alšova vyhlídka,50.1486,14.3671,1.2415297,Zelená (Silné znečištění)
Unnamed POI,50.1448,14.3638,1.3395804,Žlutá (Velmi silné znečištění)
Unnamed POI,50.1459,14.3651,1.1917009,Zelená (Silné znečištění)
Unnamed POI,50.1424,14.3602,1.3395804,Žlutá (Velmi silné znečištění)
Unnamed POI,50.3089,17.1147,0.11894906,Modrá (Mírné znečištění)
Unnamed POI,49.1915,16.5188,0.91264474,Zelená (Silné znečištění)
Unnamed POI,49.8375,17.9058,0.17922677,Světle modrá (Střední znečištění)
Prchalovská vyhlídka,49.6442,18.1112,0.39520535,Tmavě zelená (Znečištěná)
Rozhledna,49.1661,13.7976,0.09048397,Modrá (Mírné znečištění)
Unnamed POI,50.543,14.0095,0.25235105,Světle modrá (Střední znečištění)
Unnamed POI,50.576,14.015,0.24948911,Světle modrá (Střední znečištění)
Unnamed POI,50.5832,14.0176,0.26796508,Světle modrá (Střední znečištění)
Unnamed POI,50.607,14.0361,0.3304262,Tmavě zelená (Znečištěná)
Vaňovská Skála,50.6199,14.0545,0.3629949,Tmavě zelená (Znečištěná)
Unnamed POI,48.7409,14.7241,0.061072987,Tmavě modrá (Slabé znečištění)
Unnamed POI,50.8074,14.4681,0.13626729,Modrá (Mírné znečištění)
Unnamed POI,50.2404,17.1892,0.24802414,Světle modrá (Střední znečištění)
Skautská vyhlídka,49.2005,16.6485,2.080417,Žlutá (Velmi silné znečištění)
Vyhlídka Bohumila Hrabala,49.2009,16.6484,2.080417,Žlutá (Velmi silné znečištění)
Unnamed POI,50.2832,17.2499,0.13834538,Modrá (Mírné znečištění)
Unnamed POI,49.9692,14.4146,0.95230335,Zelená (Silné znečištění)
Unnamed POI,49.1897,16.6725,1.7670982,Žlutá (Velmi silné znečištění)
Unnamed POI,49.1906,16.6757,1.5242431,Žlutá (Velmi silné znečištění)
Unnamed POI,49.1388,17.2524,0.12685314,Modrá (Mírné znečištění)
Jardova vyhlídka,49.1397,17.738,0.17317016,Světle modrá (Střední znečištění)
Unnamed POI,49.9796,14.0466,0.3559913,Tmavě zelená (Znečištěná)
Unnamed POI,50.8142,14.3737,0.13610785,Modrá (Mírné znečištění)
Unnamed POI,50.8178,14.3822,0.1382349,Modrá (Mírné znečištění)
Unnamed POI,50.1492,17.1366,0.0670367,Tmavě modrá (Slabé znečištění)
Unnamed POI,50.8255,14.8132,0.17461155,Světle modrá (Střední znečištění)
Unnamed POI,50.8342,14.8087,0.18894829,Světle modrá (Střední znečištění)
Unnamed POI,50.8349,14.8077,0.17921689,Světle modrá (Střední znečištění)
Unnamed POI,50.8333,15.2314,0.12014787,Modrá (Mírné znečištění)
Unnamed POI,50.3056,17.2442,0.12734362,Modrá (Mírné znečištění)
Unnamed POI,50.2041,17.3261,0.07474462,Tmavě modrá (Slabé znečištění)
Rabštejnská vyhlídka,50.7272,14.6569,0.17042254,Světle modrá (Střední znečištění)
Unnamed POI,50.731,14.6812,0.16140397,Světle modrá (Střední znečištění)
výhled na Českosaské Švýcarsko,50.7809,14.4009,0.15283623,Modrá (Mírné znečištění)
Unnamed POI,49.8409,15.6471,0.12082574,Modrá (Mírné znečištění)
Unnamed POI,49.1289,17.2329,0.12977998,Modrá (Mírné znečištění)
Unnamed POI,50.0811,14.4511,4.188228,Oranžová (Extrémní znečištění)
Na Nebičku,48.7997,14.0562,0.047235902,Tmavě modrá (Slabé znečištění)
Unnamed POI,49.2306,14.4097,0.28659445,Světle modrá (Střední znečištění)
Sedlo Lysé hory,50.7523,15.5197,0.096484154,Modrá (Mírné znečištění)
Unnamed POI,49.471,16.4278,0.10614694,Modrá (Mírné znečištění)
Unnamed POI,49.4447,17.9492,0.22383991,Světle modrá (Střední znečištění)
Unnamed POI,49.4448,17.9497,0.22383991,Světle modrá (Střední znečištění)
Unnamed POI,50.7279,15.1519,0.7355265,Zelená (Silné znečištění)
Unnamed POI,50.0936,14.4127,4.610816,Oranžová (Extrémní znečištění)
Unnamed POI,49.6939,18.1033,0.51197773,Tmavě zelená (Znečištěná)
Unnamed POI,49.414,15.5342,0.33712232,Tmavě zelená (Znečištěná)
Unnamed POI,50.2378,17.1765,0.22057983,Světle modrá (Střední znečištění)
Nad Solvayovým lomem,50.7557,14.9161,0.1808361,Světle modrá (Střední znečištění)
Čertík,50.5251,15.071,0.19649045,Světle modrá (Střední znečištění)
Unnamed POI,50.5125,13.9128,0.17738327,Světle modrá (Střední znečištění)
Unnamed POI,50.5546,13.9313,0.20498471,Světle modrá (Střední znečištění)
Unnamed POI,49.1947,16.601,3.5112658,Oranžová (Extrémní znečištění)
Unnamed POI,50.7822,14.4032,0.15283623,Modrá (Mírné znečištění)
Unnamed POI,48.8347,14.7013,0.09503489,Modrá (Mírné znečištění)
Unnamed POI,50.2291,17.1898,0.370981,Tmavě zelená (Znečištěná)
Unnamed POI,50.7084,14.5918,0.22263093,Světle modrá (Střední znečištění)
Unnamed POI,49.5622,18.6462,0.12654267,Modrá (Mírné znečištění)
Rozhledna Obecnice,48.9141,17.6702,0.11868059,Modrá (Mírné znečištění)
Malesická vyhlídka,49.7744,13.3141,0.63758594,Tmavě zelená (Znečištěná)
Rozhledna Máminka,49.9633,13.93,0.14663151,Modrá (Mírné znečištění)
Unnamed POI,49.7807,13.3521,0.95483106,Zelená (Silné znečištění)
Unnamed POI,49.9774,14.4261,1.0769562,Zelená (Silné znečištění)
Unnamed POI,50.1504,17.0327,0.07786513,Tmavě modrá (Slabé znečištění)
Výhled na Štramberk,49.5366,18.1786,0.25870708,Světle modrá (Střední znečištění)
Unnamed POI,49.9999,14.3211,1.0642617,Zelená (Silné znečištění)
Unnamed POI,50.0125,14.3345,1.4737443,Žlutá (Velmi silné znečištění)
Unnamed POI,49.6276,18.627,0.23242615,Světle modrá (Střední znečištění)
Unnamed POI,50.0869,14.3903,3.500648,Oranžová (Extrémní znečištění)
Unnamed POI,49.6839,18.784,0.2721112,Světle modrá (Střední znečištění)
Rozhledna Vrchbělá,50.5284,14.7635,0.15890072,Modrá (Mírné znečištění)
Unnamed POI,49.7862,14.0013,0.16547324,Světle modrá (Střední znečištění)
Unnamed POI,49.8137,13.9998,0.1458953,Modrá (Mírné znečištění)
Unnamed POI,49.8158,13.9975,0.1458953,Modrá (Mírné znečištění)
Unnamed POI,48.9725,13.582,0.03429716,Šedá (Téměř přirozená)
Unnamed POI,48.9759,13.5799,0.03429716,Šedá (Téměř přirozená)
Unnamed POI,49.6923,18.2739,0.62294376,Tmavě zelená (Znečištěná)
Unnamed POI,50.3782,13.2565,0.41353378,Tmavě zelená (Znečištěná)
Unnamed POI,50.3791,13.256,0.41353378,Tmavě zelená (Znečištěná)
Unnamed POI,50.384,13.2577,0.5104404,Tmavě zelená (Znečištěná)
Unnamed POI,50.3822,13.2574,0.5104404,Tmavě zelená (Znečištěná)
Unnamed POI,50.3807,13.2585,0.6645949,Zelená (Silné znečištění)
Vyhlídka u osady Jánské Koupele,49.8344,17.7116,0.114308275,Modrá (Mírné znečištění)
Unnamed POI,49.5086,18.3702,0.12307901,Modrá (Mírné znečištění)
Unnamed POI,49.5095,18.3837,0.12082022,Modrá (Mírné znečištění)
Unnamed POI,50.0034,14.4501,1.7401551,Žlutá (Velmi silné znečištění)
Unnamed POI,50.1835,16.8992,0.06547848,Tmavě modrá (Slabé znečištění)
Unnamed POI,50.7478,14.6304,0.17179666,Světle modrá (Střední znečištění)
Prosecká vyhlídka,50.1169,14.4883,3.3522134,Oranžová (Extrémní znečištění)
Unnamed POI,50.4554,14.9589,0.5815466,Tmavě zelená (Znečištěná)
Unnamed POI,49.512,16.5291,0.20079704,Světle modrá (Střední znečištění)
Lhotský vrchol,49.5367,16.5673,0.21035923,Světle modrá (Střední znečištění)
Unnamed POI,49.5467,16.5638,0.25806338,Světle modrá (Střední znečištění)
rozhledna Doubská hora,50.204,12.8466,0.2791321,Světle modrá (Střední znečištění)
Unnamed POI,49.3054,16.827,0.17192002,Světle modrá (Střední znečištění)
Unnamed POI,50.1715,16.4781,0.09217738,Modrá (Mírné znečištění)
Dva kameny,49.7826,13.3468,0.82683027,Zelená (Silné znečištění)
Unnamed POI,49.5325,16.3604,0.09714461,Modrá (Mírné znečištění)
Unnamed POI,49.529,16.3617,0.09800313,Modrá (Mírné znečištění)
Šrámkova vyhlídka,50.4858,15.2588,0.14025284,Modrá (Mírné znečištění)
Unnamed POI,48.8549,15.8611,0.07524651,Tmavě modrá (Slabé znečištění)
výhled na Lužické hory,50.7951,14.3083,0.17421196,Světle modrá (Střední znečištění)
Unnamed POI,49.8277,18.1076,0.6194665,Tmavě zelená (Znečištěná)
Unnamed POI,49.4924,16.7156,0.16227362,Světle modrá (Střední znečištění)
Unnamed POI,49.4908,16.7152,0.16227362,Světle modrá (Střední znečištění)
Unnamed POI,50.0988,14.351,2.5210633,Žlutá (Velmi silné znečištění)
Unnamed POI,50.1177,14.4091,2.7395074,Oranžová (Extrémní znečištění)
Unnamed POI,49.5239,15.2097,0.10641541,Modrá (Mírné znečištění)
Vřesník - přehrada,49.5298,15.2425,0.10487852,Modrá (Mírné znečištění)
Vřesník - přehrada,49.5299,15.2428,0.10487852,Modrá (Mírné znečištění)
výhled na Růžovský vrch,50.7964,14.3763,0.15454635,Modrá (Mírné znečištění)
Unnamed POI,49.7569,14.361,0.11876683,Modrá (Mírné znečištění)
Vyhlídka ševce a krále Miroslava (Pyšná princezna),50.7851,14.3114,0.17759712,Světle modrá (Střední znečištění)
Unnamed POI,50.7614,15.5529,0.098832294,Modrá (Mírné znečištění)
Vyhlidka pod Krkavcem,49.7983,13.334,0.46496573,Tmavě zelená (Znečištěná)
Unnamed POI,50.7094,15.7442,0.119636014,Modrá (Mírné znečištění)
Unnamed POI,50.7092,15.7464,0.119636014,Modrá (Mírné znečištění)
Unnamed POI,50.711,15.7124,0.11392252,Modrá (Mírné znečištění)
Unnamed POI,50.0681,14.431,4.3763957,Oranžová (Extrémní znečištění)
Unnamed POI,49.5197,18.3596,0.1362997,Modrá (Mírné znečištění)
Unnamed POI,49.5425,18.4284,0.14089262,Modrá (Mírné znečištění)
Unnamed POI,49.3672,17.7012,0.16423632,Světle modrá (Střední znečištění)
Unnamed POI,50.7747,14.4546,0.17617995,Světle modrá (Střední znečištění)
Unnamed POI,50.7724,14.4545,0.17617995,Světle modrá (Střední znečištění)
Unnamed POI,50.7695,14.4539,0.16922088,Světle modrá (Střední znečištění)
Unnamed POI,50.7696,14.4545,0.16922088,Světle modrá (Střední znečištění)
Unnamed POI,50.1168,14.4798,3.2547991,Oranžová (Extrémní znečištění)
Unnamed POI,50.7346,14.3396,0.17676306,Světle modrá (Střední znečištění)
Unnamed POI,49.978,14.1611,0.3864685,Tmavě zelená (Znečištěná)
Unnamed POI,49.5163,18.0656,0.22088516,Světle modrá (Střední znečištění)
Unnamed POI,49.5125,18.0456,0.2318243,Světle modrá (Střední znečištění)
Unnamed POI,50.7322,14.3431,0.165101,Světle modrá (Střední znečištění)
Unnamed POI,49.9668,16.3737,0.26727548,Světle modrá (Střední znečištění)
Unnamed POI,50.5588,15.1637,0.19581011,Světle modrá (Střední znečištění)
Unnamed POI,49.9883,14.5527,1.2761277,Zelená (Silné znečištění)
Unnamed POI,49.9829,14.5435,1.1573566,Zelená (Silné znečištění)
Unnamed POI,49.9823,14.5441,1.1573566,Zelená (Silné znečištění)
Unnamed POI,50.0854,14.3943,3.9616766,Oranžová (Extrémní znečištění)
Unnamed POI,50.2269,17.365,0.09112185,Modrá (Mírné znečištění)
Unnamed POI,49.66,13.8158,0.07522184,Tmavě modrá (Slabé znečištění)
Unnamed POI,49.6824,18.718,0.38513306,Tmavě zelená (Znečištěná)
Unnamed POI,49.6817,18.6936,0.5816513,Tmavě zelená (Znečištěná)
Unnamed POI,49.6655,18.7804,0.2553112,Světle modrá (Střední znečištění)
Unnamed POI,49.6696,18.7887,0.25280613,Světle modrá (Střední znečištění)
Unnamed POI,50.0734,13.8818,0.1285172,Modrá (Mírné znečištění)
Unnamed POI,49.6276,18.1957,0.36554596,Tmavě zelená (Znečištěná)
Unnamed POI,50.5992,15.2199,0.17620547,Světle modrá (Střední znečištění)
Sokolí skála,50.113,17.2076,0.06085561,Tmavě modrá (Slabé znečištění)
Zamek Rychleby,50.3637,16.982,0.090969846,Modrá (Mírné znečištění)
Jeskynní vyhlídka,50.1942,12.7893,0.2466203,Světle modrá (Střední znečištění)
Unnamed POI,50.5327,15.0356,0.23322144,Světle modrá (Střední znečištění)
Unnamed POI,49.8825,14.9042,0.22395793,Světle modrá (Střední znečištění)
Unnamed POI,49.6616,16.0718,0.08042887,Modrá (Mírné znečištění)
Unnamed POI,49.63,16.0792,0.08909315,Modrá (Mírné znečištění)
Unnamed POI,50.7802,14.2046,0.93289375,Zelená (Silné znečištění)
Unnamed POI,50.7857,14.2264,0.7674308,Zelená (Silné znečištění)
Unnamed POI,49.5254,18.3929,0.15275402,Modrá (Mírné znečištění)
Unnamed POI,50.2315,17.3875,0.10257768,Modrá (Mírné znečištění)
Unnamed POI,49.618,17.9742,0.34076467,Tmavě zelená (Znečištěná)
Unnamed POI,50.0772,14.4477,4.320778,Oranžová (Extrémní znečištění)
Unnamed POI,49.5183,17.6284,0.20668828,Světle modrá (Střední znečištění)
Unnamed POI,49.1803,16.3895,0.5201324,Tmavě zelená (Znečištěná)
Unnamed POI,50.8498,14.5382,0.11893258,Modrá (Mírné znečištění)
Unnamed POI,50.4058,12.9256,0.10535465,Modrá (Mírné znečištění)
Unnamed POI,49.4042,13.7159,0.09940685,Modrá (Mírné znečištění)
Moravská bašta,50.0912,14.4047,4.2743573,Oranžová (Extrémní znečištění)
Rozhledna Ládví u Kamenice,49.887,14.6125,0.3054852,Světle modrá (Střední znečištění)
Unnamed POI,49.7112,18.3912,0.577353,Tmavě zelená (Znečištěná)
Unnamed POI,49.1904,16.6085,3.4255514,Oranžová (Extrémní znečištění)
důl Nástup,50.4327,13.3843,0.3908126,Tmavě zelená (Znečištěná)
Unnamed POI,49.9313,14.3149,0.5360641,Tmavě zelená (Znečištěná)
Unnamed POI,49.5541,18.2991,0.2069774,Světle modrá (Střední znečištění)
Unnamed POI,50.187,17.1089,0.07535682,Tmavě modrá (Slabé znečištění)
vyhlídka Kobylí skála,49.5687,16.2954,0.09267423,Modrá (Mírné znečištění)
Unnamed POI,48.8061,16.6367,0.5108161,Tmavě zelená (Znečištěná)
Unnamed POI,48.8121,14.3124,0.46057072,Tmavě zelená (Znečištěná)
Unnamed POI,48.8123,14.316,0.46057072,Tmavě zelená (Znečištěná)
Unnamed POI,50.0237,14.5629,1.6127678,Žlutá (Velmi silné znečištění)
Stožecká skála,48.8735,13.8213,0.037964266,Šedá (Téměř přirozená)
Unnamed POI,49.2167,13.4276,0.06454861,Tmavě modrá (Slabé znečištění)
Unnamed POI,49.4381,14.1929,0.059561208,Tmavě modrá (Slabé znečištění)
Unnamed POI,49.4394,14.1928,0.059561208,Tmavě modrá (Slabé znečištění)
Unnamed POI,49.7749,13.893,0.11120019,Modrá (Mírné znečištění)
Unnamed POI,50.2428,17.1867,0.24802414,Světle modrá (Střední znečištění)
Unnamed POI,49.7227,13.8522,0.08460547,Modrá (Mírné znečištění)
Unnamed POI,49.7011,13.9566,0.18122177,Světle modrá (Střední znečištění)
Kazatelna,49.6925,13.9431,0.16617057,Světle modrá (Střední znečištění)
Unnamed POI,49.1775,17.3398,0.13215739,Modrá (Mírné znečištění)
Stvořidla,49.6659,15.3354,0.10335016,Modrá (Mírné znečištění)
U kapličky,49.0025,14.5322,0.592465,Tmavě zelená (Znečištěná)
Unnamed POI,50.7611,14.3934,0.14918117,Modrá (Mírné znečištění)
Unnamed POI,49.285,16.669,0.3973697,Tmavě zelená (Znečištěná)
Unnamed POI,49.5735,16.2716,0.0901847,Modrá (Mírné znečištění)
Unnamed POI,49.6698,17.5346,0.1149346,Modrá (Mírné znečištění)
Unnamed POI,49.8948,14.9159,0.16567124,Světle modrá (Střední znečištění)
Unnamed POI,48.9518,14.1902,0.07346897,Tmavě modrá (Slabé znečištění)
Unnamed POI,49.9581,14.1936,0.3656382,Tmavě zelená (Znečištěná)
Unnamed POI,49.9572,14.192,0.3656382,Tmavě zelená (Znečištěná)
Unnamed POI,50.6727,14.2053,0.19088021,Světle modrá (Střední znečištění)
Unnamed POI,49.8704,14.5367,0.30114624,Světle modrá (Střední znečištění)
Unnamed POI,50.8715,14.2623,0.1295337,Modrá (Mírné znečištění)
Unnamed POI,50.1321,14.4013,2.018007,Žlutá (Velmi silné znečištění)
Unnamed POI,50.1327,14.4005,2.018007,Žlutá (Velmi silné znečištění)
Unnamed POI,50.1331,14.3993,1.9187157,Žlutá (Velmi silné znečištění)
Unnamed POI,50.1333,14.3986,1.9187157,Žlutá (Velmi silné znečištění)
Unnamed POI,50.134,14.3965,1.9187157,Žlutá (Velmi silné znečištění)
Unnamed POI,50.8672,14.3657,0.102718584,Modrá (Mírné znečištění)
Unnamed POI,49.6472,18.5583,0.2653058,Světle modrá (Střední znečištění)
Unnamed POI,50.2268,17.2212,0.23256688,Světle modrá (Střední znečištění)
Unnamed POI,50.226,17.2245,0.23256688,Světle modrá (Střední znečištění)
Unnamed POI,49.6445,18.5565,0.23949045,Světle modrá (Střední znečištění)
Unnamed POI,50.2488,17.1899,0.18456309,Světle modrá (Střední znečištění)
Unnamed POI,50.2432,17.1454,0.18945488,Světle modrá (Střední znečištění)
Unnamed POI,50.227,12.8917,0.43670556,Tmavě zelená (Znečištěná)
Unnamed POI,50.2277,17.0992,0.10950597,Modrá (Mírné znečištění)
Unnamed POI,50.2338,17.112,0.12924497,Modrá (Mírné znečištění)
Unnamed POI,49.0643,13.3947,0.032322627,Šedá (Téměř přirozená)
Vyhlídková plošina na kopci Kozlov,49.3468,17.1824,0.24843359,Světle modrá (Střední znečištění)
Malý Bezděz,50.5399,14.7137,0.13779432,Modrá (Mírné znečištění)
Unnamed POI,49.8799,14.673,0.31686255,Světle modrá (Střední znečištění)
Unnamed POI,49.7214,14.9563,0.13575716,Modrá (Mírné znečištění)
Myšák,49.8339,14.456,0.20259899,Světle modrá (Střední znečištění)
Unnamed POI,50.7881,14.2288,0.4861298,Tmavě zelená (Znečištěná)
Unnamed POI,49.2543,13.3314,0.048302993,Tmavě modrá (Slabé znečištění)
Unnamed POI,49.0726,17.4241,0.5716624,Tmavě zelená (Znečištěná)
Unnamed POI,49.0734,17.4244,0.5716624,Tmavě zelená (Znečištěná)
Unnamed POI,49.0735,17.4246,0.5716624,Tmavě zelená (Znečištěná)
Unnamed POI,49.8987,14.473,0.3996221,Tmavě zelená (Znečištěná)
Unnamed POI,49.901,14.4751,0.41985023,Tmavě zelená (Znečištěná)
Mariensruh,50.8792,14.413,0.09359455,Modrá (Mírné znečištění)
Unnamed POI,50.878,14.4123,0.09585736,Modrá (Mírné znečištění)
Unnamed POI,50.1569,17.1492,0.072071,Tmavě modrá (Slabé znečištění)
Unnamed POI,50.0014,16.0277,0.14903356,Modrá (Mírné znečištění)
Unnamed POI,49.645,16.7652,0.12908638,Modrá (Mírné znečištění)
Unnamed POI,50.1787,14.2194,0.5348771,Tmavě zelená (Znečištěná)
Unnamed POI,50.1908,14.2459,0.51208866,Tmavě zelená (Znečištěná)
Unnamed POI,49.6486,16.7708,0.12042208,Modrá (Mírné znečištění)
Unnamed POI,48.8111,14.3208,0.42393446,Tmavě zelená (Znečištěná)
Unnamed POI,50.1157,14.323,1.5063857,Žlutá (Velmi silné znečištění)
Unnamed POI,50.028,14.9364,0.2271994,Světle modrá (Střední znečištění)
Unnamed POI,49.219,16.5678,1.9662086,Žlutá (Velmi silné znečištění)
Unnamed POI,49.2717,17.3205,0.22160667,Světle modrá (Střední znečištění)
Unnamed POI,50.7903,14.6523,0.15197772,Modrá (Mírné znečištění)
Unnamed POI,50.7483,14.6304,0.17179666,Světle modrá (Střední znečištění)
Unnamed POI,50.8212,14.357,0.13093798,Modrá (Mírné znečištění)
Unnamed POI,48.9617,16.7524,0.22013834,Světle modrá (Střední znečištění)
Vyhlídka sv. Ludmily,50.1702,14.3735,1.1183944,Zelená (Silné znečištění)
Unnamed POI,50.1704,14.374,1.1183944,Zelená (Silné znečištění)
Unnamed POI,50.1663,14.3609,1.0405302,Zelená (Silné znečištění)
Unnamed POI,50.1663,14.3612,1.0405302,Zelená (Silné znečištění)
Unnamed POI,49.9686,12.6995,0.5072064,Tmavě zelená (Znečištěná)
Unnamed POI,50.0385,14.5706,1.9810164,Žlutá (Velmi silné znečištění)
Dlouhý hřeben,50.6105,14.5695,0.17904973,Světle modrá (Střední znečištění)
Unnamed POI,49.5762,18.4746,0.16195942,Světle modrá (Střední znečištění)
Unnamed POI,49.8883,14.3919,0.3956633,Tmavě zelená (Znečištěná)
Unnamed POI,49.8684,14.3616,0.25710955,Světle modrá (Střední znečištění)
Unnamed POI,49.681,13.4649,0.40578395,Tmavě zelená (Znečištěná)
Unnamed POI,49.6321,18.2022,0.36720654,Tmavě zelená (Znečištěná)
Unnamed POI,49.6319,18.2012,0.36720654,Tmavě zelená (Znečištěná)
Unnamed POI,49.336,14.2978,0.08981672,Modrá (Mírné znečištění)
Unnamed POI,49.4748,13.2715,0.11893725,Modrá (Mírné znečištění)
Černá skála,49.8162,13.6376,0.13112332,Modrá (Mírné znečištění)
velke skalky,49.278,16.7001,0.34509546,Tmavě zelená (Znečištěná)
velke skalky,49.2779,16.7,0.34509546,Tmavě zelená (Znečištěná)
Unnamed POI,50.0194,14.4816,2.4057412,Žlutá (Velmi silné znečištění)
Unnamed POI,50.5877,14.3718,0.13071822,Modrá (Mírné znečištění)
Na horách,50.4515,14.2102,0.2455274,Světle modrá (Střední znečištění)
Rozhledna Bukovka,50.0141,17.0131,0.16318655,Světle modrá (Střední znečištění)
Unnamed POI,48.7181,14.7075,0.046393942,Tmavě modrá (Slabé znečištění)
Unnamed POI,48.9209,14.3417,0.18807688,Světle modrá (Střední znečištění)
Unnamed POI,48.9197,14.3428,0.1892726,Světle modrá (Střední znečištění)
Unnamed POI,48.9043,14.4028,0.23041895,Světle modrá (Střední znečištění)
Unnamed POI,48.8567,16.4719,0.13758431,Modrá (Mírné znečištění)
Unnamed POI,49.647,18.2663,0.39471132,Tmavě zelená (Znečištěná)
Unnamed POI,50.7845,14.6469,0.18412639,Světle modrá (Střední znečištění)
Unnamed POI,50.1006,17.1502,0.06723262,Tmavě modrá (Slabé znečištění)
Unnamed POI,50.3721,12.9274,0.13397282,Modrá (Mírné znečištění)
Unnamed POI,50.3514,12.934,0.15662706,Modrá (Mírné znečištění)
Unnamed POI,50.3741,12.9151,0.13749784,Modrá (Mírné znečištění)
Unnamed POI,50.338,12.9238,0.1606487,Světle modrá (Střední znečištění)
Unnamed POI,49.1777,13.2538,0.04448344,Tmavě modrá (Slabé znečištění)
Unnamed POI,49.9681,14.4112,0.95230335,Zelená (Silné znečištění)
Unnamed POI,49.8725,14.4523,0.30624977,Světle modrá (Střední znečištění)
Unnamed POI,50.6879,15.2588,0.23257676,Světle modrá (Střední znečištění)
Vyhled Nad Jizdarnou,49.6053,18.5266,0.19483583,Světle modrá (Střední znečištění)
Unnamed POI,49.5523,17.0947,0.3583699,Tmavě zelená (Znečištěná)
Unnamed POI,49.6988,14.4561,0.10603644,Modrá (Mírné znečištění)
Unnamed POI,49.2774,13.6082,0.088902734,Modrá (Mírné znečištění)
Rozhledna Fajtův kopec,49.3601,16.0262,0.41492453,Tmavě zelená (Znečištěná)
Unnamed POI,49.8655,17.8739,0.24588168,Světle modrá (Střední znečištění)
Unnamed POI,50.9347,15.0767,0.2561949,Světle modrá (Střední znečištění)
9-StoneStand,49.4488,13.8403,0.10092138,Modrá (Mírné znečištění)
Unnamed POI,49.825,17.6672,0.10200135,Modrá (Mírné znečištění)
Výhled na Alpy,50.0052,16.7253,0.094078526,Modrá (Mírné znečištění)
Unnamed POI,50.1792,15.8417,1.1309909,Zelená (Silné znečištění)
Vyhlídka Chabeřické skály,49.751,15.0878,0.17176256,Světle modrá (Střední znečištění)
Unnamed POI,50.3118,16.3684,0.08920705,Modrá (Mírné znečištění)
Unnamed POI,50.353,16.3599,0.097537905,Modrá (Mírné znečištění)
Unnamed POI,49.1334,13.5637,0.065152094,Tmavě modrá (Slabé znečištění)
Prostřední skála,49.9851,17.0583,0.13272329,Modrá (Mírné znečištění)
Unnamed POI,49.0683,13.4951,0.03343864,Šedá (Téměř přirozená)
Nad Hraběšicemi,49.9865,17.0792,0.11814322,Modrá (Mírné znečištění)
Unnamed POI,49.4123,16.7581,0.1662284,Světle modrá (Střední znečištění)
Helišova skála,49.4125,16.7587,0.15979613,Modrá (Mírné znečištění)
Unnamed POI,49.1884,16.7636,0.5246678,Tmavě zelená (Znečištěná)
Vyhlídka na Karlík,49.9383,14.2618,0.4835118,Tmavě zelená (Znečištěná)
Vyhlídka kouzel,50.5723,16.1398,0.11170886,Modrá (Mírné znečištění)
Unnamed POI,50.5269,13.7621,0.3463886,Tmavě zelená (Znečištěná)
Unnamed POI,50.5321,13.7591,0.40459076,Tmavě zelená (Znečištěná)
Unnamed POI,49.8915,14.2363,0.2772088,Světle modrá (Střední znečištění)
Unnamed POI,49.8914,14.2361,0.2772088,Světle modrá (Střední znečištění)
Unnamed POI,49.5822,18.4981,0.17508395,Světle modrá (Střední znečištění)
Unnamed POI,50.2543,12.9928,0.13667725,Modrá (Mírné znečištění)
Unnamed POI,49.8008,14.4359,0.15809198,Modrá (Mírné znečištění)
Unnamed POI,49.9603,15.2693,0.8253909,Zelená (Silné znečištění)
Unnamed POI,49.6717,13.5286,0.23038206,Světle modrá (Střední znečištění)
Unnamed POI,48.7476,14.5872,0.07351789,Tmavě modrá (Slabé znečištění)
Unnamed POI,49.971,14.0582,0.4989741,Tmavě zelená (Znečištěná)
Unnamed POI,50.0914,14.4048,4.2743573,Oranžová (Extrémní znečištění)
Unnamed POI,49.8564,13.9492,0.19775108,Světle modrá (Střední znečištění)
Unnamed POI,50.0885,14.4496,4.369525,Oranžová (Extrémní znečištění)
Unnamed POI,50.0884,14.4468,4.369525,Oranžová (Extrémní znečištění)
Unnamed POI,50.0885,14.4476,4.369525,Oranžová (Extrémní znečištění)
Unnamed POI,49.7038,17.7376,0.13035022,Modrá (Mírné znečištění)
Unnamed POI,49.6994,16.7965,0.11319058,Modrá (Mírné znečištění)
Unnamed POI,49.7056,16.8105,0.1299932,Modrá (Mírné znečištění)
Vinohrady Révová,49.203,16.6532,1.920539,Žlutá (Velmi silné znečištění)
Unnamed POI,49.2013,16.6594,1.8520085,Žlutá (Velmi silné znečištění)
Unnamed POI,49.3323,16.8248,0.16763985,Světle modrá (Střední znečištění)
Unnamed POI,49.3346,16.8301,0.16649306,Světle modrá (Střední znečištění)
Unnamed POI,49.6364,18.4821,0.2813656,Světle modrá (Střední znečištění)
Kraví pole,49.0118,14.0931,0.06823242,Tmavě modrá (Slabé znečištění)
Vyhlídková Terasa pro veřejnost,50.1065,14.2655,2.5136933,Žlutá (Velmi silné znečištění)
Unnamed POI,50.49,13.9235,0.17136791,Světle modrá (Střední znečištění)
Unnamed POI,49.4124,14.641,0.3478812,Tmavě zelená (Znečištěná)
Unnamed POI,49.4125,16.7587,0.15979613,Modrá (Mírné znečištění)
Unnamed POI,50.0841,14.4236,5.038393,Oranžová (Extrémní znečištění)
Unnamed POI,49.62,16.8891,0.1392355,Modrá (Mírné znečištění)
Unnamed POI,48.9302,14.5299,0.36043364,Tmavě zelená (Znečištěná)
Unnamed POI,49.917,14.2923,0.41495866,Tmavě zelená (Znečištěná)
Unnamed POI,49.9129,14.3027,0.41951305,Tmavě zelená (Znečištěná)
Unnamed POI,49.0252,13.9545,0.10151036,Modrá (Mírné znečištění)
Křížák,49.0526,16.319,0.26693645,Světle modrá (Střední znečištění)
Unnamed POI,48.8207,14.0529,0.04188887,Tmavě modrá (Slabé znečištění)
Unnamed POI,50.2768,13.5271,0.1449801,Modrá (Mírné znečištění)
Vyhlídka Homolka,49.7998,14.4366,0.15809198,Modrá (Mírné znečištění)
Vyhlídka,49.9515,14.0969,0.37908977,Tmavě zelená (Znečištěná)
Unnamed POI,49.1813,16.5817,2.2706008,Žlutá (Velmi silné znečištění)
Prase divoké,50.1742,15.9111,0.33132106,Tmavě zelená (Znečištěná)
Unnamed POI,50.5517,14.1344,0.50981885,Tmavě zelená (Znečištěná)
Unnamed POI,50.6208,14.1189,0.24784727,Světle modrá (Střední znečištění)
Unnamed POI,50.6802,14.2059,0.19774775,Světle modrá (Střední znečištění)
Unnamed POI,50.5901,14.1005,0.23531994,Světle modrá (Střední znečištění)
Unnamed POI,50.5905,14.1009,0.23531994,Světle modrá (Střední znečištění)
Unnamed POI,50.6057,14.1224,0.2344551,Světle modrá (Střední znečištění)
Unnamed POI,50.6521,14.0597,0.8079752,Zelená (Silné znečištění)
Unnamed POI,49.5386,16.5664,0.22668478,Světle modrá (Střední znečištění)
Unnamed POI,50.4912,13.9389,0.17737694,Světle modrá (Střední znečištění)
Rozhledna Babka,49.7586,15.0987,0.14007422,Modrá (Mírné znečištění)
Unnamed POI,50.5204,13.6341,0.9307278,Zelená (Silné znečištění)
Panorama Jamné,48.9065,14.4054,0.23041895,Světle modrá (Střední znečištění)
Strážná,49.3546,16.7422,0.2122928,Světle modrá (Střední znečištění)
Unnamed POI,49.5629,16.5496,0.16089295,Světle modrá (Střední znečištění)
Unnamed POI,50.0919,14.4062,4.2743573,Oranžová (Extrémní znečištění)
Unnamed POI,50.493,13.9031,0.16999441,Světle modrá (Střední znečištění)
Unnamed POI,50.4935,13.9154,0.16999441,Světle modrá (Střední znečištění)
Unnamed POI,49.2926,16.8935,0.19777222,Světle modrá (Střední znečištění)
Unnamed POI,50.1196,14.4067,2.652322,Oranžová (Extrémní znečištění)
Unnamed POI,50.1158,14.407,2.652322,Oranžová (Extrémní znečištění)
Unnamed POI,50.1158,14.4067,2.652322,Oranžová (Extrémní znečištění)
Unnamed POI,50.7252,14.5989,0.20845424,Světle modrá (Střední znečištění)
Unnamed POI,50.5393,14.7138,0.13779432,Modrá (Mírné znečištění)
Unnamed POI,50.5646,14.0894,0.26825458,Světle modrá (Střední znečištění)
Unnamed POI,48.8594,14.8132,0.06528256,Tmavě modrá (Slabé znečištění)
Unnamed POI,50.6904,15.1831,0.28082547,Světle modrá (Střední znečištění)
Unnamed POI,50.5933,15.2632,0.15612048,Modrá (Mírné znečištění)
Unnamed POI,49.9463,15.2643,0.83367693,Zelená (Silné znečištění)
Unnamed POI,49.9476,15.2657,0.83367693,Zelená (Silné znečištění)
Unnamed POI,50.4609,14.5934,0.13904552,Modrá (Mírné znečištění)
Unnamed POI,50.3032,14.3143,0.47836593,Tmavě zelená (Znečištěná)
Unnamed POI,50.3452,14.3345,0.27136886,Světle modrá (Střední znečištění)
Unnamed POI,50.4119,16.2029,0.21619843,Světle modrá (Střední znečištění)
Unnamed POI,49.5655,18.4077,0.20007907,Světle modrá (Střední znečištění)
Unnamed POI,49.5671,18.4076,0.20007907,Světle modrá (Střední znečištění)
Unnamed POI,50.4786,13.5435,0.3569404,Tmavě zelená (Znečištěná)
Unnamed POI,49.9768,12.7038,0.41235423,Tmavě zelená (Znečištěná)
Unnamed POI,50.1863,12.7493,0.30667296,Světle modrá (Střední znečištění)
Unnamed POI,50.1841,12.7576,0.30394998,Světle modrá (Střední znečištění)
Unnamed POI,50.1588,15.2756,0.16513015,Světle modrá (Střední znečištění)
Unnamed POI,49.532,17.7512,0.29961535,Světle modrá (Střední znečištění)
Strážisko,49.637,17.4784,0.15933722,Modrá (Mírné znečištění)
Unnamed POI,49.5982,18.4541,0.21387655,Světle modrá (Střední znečištění)
Unnamed POI,50.7428,13.986,0.22411638,Světle modrá (Střední znečištění)
Unnamed POI,50.7066,13.8564,0.26980686,Světle modrá (Střední znečištění)
Unnamed POI,50.36,12.9333,0.15221518,Modrá (Mírné znečištění)
Unnamed POI,50.3495,12.9274,0.15714674,Modrá (Mírné znečištění)
Unnamed POI,50.35,12.9093,0.14425024,Modrá (Mírné znečištění)
Lom ČSA,50.5456,13.4919,0.3462938,Tmavě zelená (Znečištěná)
Unnamed POI,50.5471,13.4834,0.28343886,Světle modrá (Střední znečištění)
Unnamed POI,50.5459,13.4828,0.25630358,Světle modrá (Střední znečištění)
Vláďulina vyhlídka,50.5481,13.468,0.2443459,Světle modrá (Střední znečištění)
Unnamed POI,50.5427,13.461,0.24924333,Světle modrá (Střední znečištění)
Vyhlídka Jelení skok,50.2233,12.8808,0.70367897,Zelená (Silné znečištění)
Vyhlídkový altán Josefa Jungmanna,50.2,12.843,0.2791321,Světle modrá (Střední znečištění)
Unnamed POI,50.2139,12.8534,0.42504272,Tmavě zelená (Znečištěná)
Unnamed POI,49.9493,14.0927,0.37908977,Tmavě zelená (Znečištěná)
Unnamed POI,49.9401,14.1196,0.30607006,Světle modrá (Střední znečištění)
Unnamed POI,49.6091,15.5829,0.50005114,Tmavě zelená (Znečištěná)
Unnamed POI,50.8513,15.1946,0.13251007,Modrá (Mírné znečištění)
Unnamed POI,49.228,16.6356,1.6481256,Žlutá (Velmi silné znečištění)
Unnamed POI,48.8486,16.04,0.5768779,Tmavě zelená (Znečištěná)
Unnamed POI,50.2042,12.8423,0.33542424,Tmavě zelená (Znečištěná)
Unnamed POI,50.2254,12.8675,0.68164086,Zelená (Silné znečištění)
Unnamed POI,50.229,12.8787,0.70367897,Zelená (Silné znečištění)
Unnamed POI,50.0343,17.1989,0.06452271,Tmavě modrá (Slabé znečištění)
Unnamed POI,50.022,17.1816,0.06735577,Tmavě modrá (Slabé znečištění)
Unnamed POI,49.6567,17.8236,0.28389847,Světle modrá (Střední znečištění)
Unnamed POI,50.0196,17.3091,0.09895806,Modrá (Mírné znečištění)
Na Špici,49.7023,16.2561,0.15194625,Modrá (Mírné znečištění)
Unnamed POI,50.2362,12.8736,0.8409262,Zelená (Silné znečištění)
Hvězdička,48.9413,15.7238,0.043065853,Tmavě modrá (Slabé znečištění)
Vyhlídka pod Liščím vrchem,50.2825,12.9998,0.15003702,Modrá (Mírné znečištění)
Unnamed POI,49.3779,15.6996,0.18990073,Světle modrá (Střední znečištění)
Unnamed POI,50.1042,14.3216,1.7077056,Žlutá (Velmi silné znečištění)
Unnamed POI,50.0289,15.1219,0.25940034,Světle modrá (Střední znečištění)
Unnamed POI,49.9391,14.1877,0.34574917,Tmavě zelená (Znečištěná)
Unnamed POI,49.9388,14.1869,0.34574917,Tmavě zelená (Znečištěná)
Unnamed POI,49.9357,14.1954,0.34535173,Tmavě zelená (Znečištěná)
Unnamed POI,48.9259,14.3402,0.1786338,Světle modrá (Střední znečištění)
Unnamed POI,50.0506,14.4361,4.0837283,Oranžová (Extrémní znečištění)
Unnamed POI,50.3728,13.1467,0.14783822,Modrá (Mírné znečištění)
Unnamed POI,50.8027,14.4576,0.1636828,Světle modrá (Střední znečištění)
Unnamed POI,49.7769,15.0271,0.12909105,Modrá (Mírné znečištění)
na Hadrava,49.3066,13.1579,0.09942304,Modrá (Mírné znečištění)
na Kaple Nejsvětější Trojice,49.3058,13.1305,0.09681899,Modrá (Mírné znečištění)
Unnamed POI,50.0628,14.4174,4.217256,Oranžová (Extrémní znečištění)
Kočičí skála,50.5492,13.4239,0.18509218,Světle modrá (Střední znečištění)
Prachovna,50.5442,15.1921,0.15782733,Modrá (Mírné znečištění)
Unnamed POI,50.08,12.3656,0.8635241,Zelená (Silné znečištění)
Unnamed POI,49.9902,14.3355,1.10153,Zelená (Silné znečištění)
Lovecká vyhlídka,50.1845,12.7907,0.21461758,Světle modrá (Střední znečištění)
Unnamed POI,49.6937,18.3526,1.2862217,Žlutá (Velmi silné znečištění)
Unnamed POI,49.5859,15.9431,0.26267344,Světle modrá (Střední znečištění)
Unnamed POI,48.9033,14.4953,0.25686523,Světle modrá (Střední znečištění)
Unnamed POI,48.9358,14.5568,0.28614113,Světle modrá (Střední znečištění)
Unnamed POI,50.078,14.3984,3.986209,Oranžová (Extrémní znečištění)
Unnamed POI,50.6425,14.4798,0.21139659,Světle modrá (Střední znečištění)
Unnamed POI,50.1322,17.1508,0.06611661,Tmavě modrá (Slabé znečištění)
Kremelna,49.1444,13.3983,0.03424191,Šedá (Téměř přirozená)
Draci skaly,49.1179,13.5012,0.039908014,Šedá (Téměř přirozená)
Kosatce Skelna,49.1582,13.4025,0.037363242,Šedá (Téměř přirozená)
Vyhlídkový altán,49.9018,12.7808,0.10036378,Modrá (Mírné znečištění)
Unnamed POI,49.9621,16.5959,0.12377519,Modrá (Mírné znečištění)
Unnamed POI,49.7578,16.6749,0.28187636,Světle modrá (Střední znečištění)
Unnamed POI,50.0573,14.3775,2.8445427,Oranžová (Extrémní znečištění)
Unnamed POI,50.0866,14.4094,4.7292356,Oranžová (Extrémní znečištění)
Unnamed POI,48.8574,15.8611,0.07524651,Tmavě modrá (Slabé znečištění)
Unnamed POI,50.0944,14.4178,4.9607544,Oranžová (Extrémní znečištění)
Vyhlídka Maleni,50.0887,14.4111,4.610816,Oranžová (Extrémní znečištění)
Svatý kopeček,48.8063,16.6467,0.38376758,Tmavě zelená (Znečištěná)
Unnamed POI,48.8053,16.636,0.5108161,Tmavě zelená (Znečištěná)
Unnamed POI,50.1726,17.6046,0.10799832,Modrá (Mírné znečištění)
Unnamed POI,48.8982,14.2409,0.0893639,Modrá (Mírné znečištění)
Vyhlídková věž Lednická kolonáda,48.7926,16.8185,0.22877182,Světle modrá (Střední znečištění)
Vyhlídka Josefa II.,50.3248,12.5198,0.18447292,Světle modrá (Střední znečištění)
Unnamed POI,49.8902,17.9516,0.29269087,Světle modrá (Střední znečištění)
Unnamed POI,50.7275,14.6074,0.19795609,Světle modrá (Střední znečištění)
Bönischovy Boudy,50.6447,15.7001,0.1386982,Modrá (Mírné znečištění)
Vyhled do udoli Zlateho potoka u Retenice,49.1267,13.613,0.050322942,Tmavě modrá (Slabé znečištění)
Unnamed POI,49.3617,13.6128,0.07823943,Tmavě modrá (Slabé znečištění)
Unnamed POI,50.7449,15.6235,0.12093684,Modrá (Mírné znečištění)
Unnamed POI,49.0322,13.5276,0.03454833,Šedá (Téměř přirozená)
Unnamed POI,48.8128,14.3145,0.5378362,Tmavě zelená (Znečištěná)
Unnamed POI,50.6893,14.8205,0.26689386,Světle modrá (Střední znečištění)
Unnamed POI,49.1397,18.0613,0.110457666,Modrá (Mírné znečištění)
Unnamed POI,48.8762,16.6621,0.16170347,Světle modrá (Střední znečištění)
Pavlov,48.872,16.6556,0.15564424,Modrá (Mírné znečištění)
Unnamed POI,50.77,15.4318,0.12297235,Modrá (Mírné znečištění)
Unnamed POI,49.074,17.6863,0.17508945,Světle modrá (Střední znečištění)
Unnamed POI,49.0245,13.9869,0.20542943,Světle modrá (Střední znečištění)
Unnamed POI,49.0793,15.4366,0.22908975,Světle modrá (Střední znečištění)
Unnamed POI,50.0921,14.4069,4.2743573,Oranžová (Extrémní znečištění)
Unnamed POI,49.5924,17.2608,2.5048244,Žlutá (Velmi silné znečištění)
Unnamed POI,50.123,14.4132,2.4118474,Žlutá (Velmi silné znečištění)
Unnamed POI,49.9772,17.446,0.17394686,Světle modrá (Střední znečištění)
Hrubý Jeseník,49.9726,17.4395,0.15293936,Modrá (Mírné znečištění)
Unnamed POI,50.0914,14.4633,3.8529944,Oranžová (Extrémní znečištění)
Unnamed POI,49.5347,17.0831,0.31293163,Světle modrá (Střední znečištění)
Unnamed POI,49.6162,15.3941,0.10897916,Modrá (Mírné znečištění)
Unnamed POI,50.2177,12.8591,0.4465905,Tmavě zelená (Znečištěná)
Unnamed POI,49.384,16.8756,0.14934222,Modrá (Mírné znečištění)
Triangl,50.8762,15.1743,0.18541387,Světle modrá (Střední znečištění)
Unnamed POI,50.529,15.0339,0.24255405,Světle modrá (Střední znečištění)
Unnamed POI,49.2047,17.9429,0.104056425,Modrá (Mírné znečištění)
Vyhlídkové místo,49.8817,17.8622,0.25804245,Světle modrá (Střední znečištění)
Vyhlídkové místo,49.8755,17.8499,0.20286177,Světle modrá (Střední znečištění)
Unnamed POI,49.2505,13.5127,0.14496678,Modrá (Mírné znečištění)
Unnamed POI,50.8497,14.6455,0.13524382,Modrá (Mírné znečištění)
Unnamed POI,50.8668,14.5663,0.14879073,Modrá (Mírné znečištění)
Unnamed POI,50.4147,14.9026,2.4101083,Žlutá (Velmi silné znečištění)
Unnamed POI,50.7702,14.6556,0.17115264,Světle modrá (Střední znečištění)
Rozhledna,50.0901,14.4439,4.369525,Oranžová (Extrémní znečištění)
Unnamed POI,49.9555,14.4244,0.84283316,Zelená (Silné znečištění)
Unnamed POI,49.9554,14.4165,0.8337344,Zelená (Silné znečištění)
Věž sv. Jakuba,49.1852,15.451,0.22063893,Světle modrá (Střední znečištění)
Unnamed POI,49.1732,13.25,0.04448344,Tmavě modrá (Slabé znečištění)
Panorama vimperských kopců,49.0686,13.768,0.13500582,Modrá (Mírné znečištění)
Unnamed POI,50.6203,14.6131,0.19421965,Světle modrá (Střední znečištění)
Unnamed POI,50.6562,14.4923,0.2627954,Světle modrá (Střední znečištění)
Unnamed POI,50.6561,14.4935,0.2627954,Světle modrá (Střední znečištění)
Unnamed POI,50.0981,14.4464,4.140882,Oranžová (Extrémní znečištění)
Unnamed POI,50.0981,14.4463,4.140882,Oranžová (Extrémní znečištění)
Unnamed POI,50.0981,14.4455,4.140882,Oranžová (Extrémní znečištění)
Unnamed POI,50.0981,14.4453,4.140882,Oranžová (Extrémní znečištění)
Unnamed POI,50.2757,12.9952,0.14704044,Modrá (Mírné znečištění)
Unnamed POI,49.7659,13.931,0.114290744,Modrá (Mírné znečištění)
Unnamed POI,49.7631,13.9197,0.1106852,Modrá (Mírné znečištění)
Hubertova Vyhlídka,49.1649,15.5608,0.06724445,Tmavě modrá (Slabé znečištění)
Pětnice - rozhledna Christiana Battaglii,49.3751,13.8138,0.08235997,Modrá (Mírné znečištění)
Lesní vyhlídka nad Ohří,50.1972,12.8029,0.2798067,Světle modrá (Střední znečištění)
Unnamed POI,50.3496,13.0653,0.097892635,Modrá (Mírné znečištění)
Unnamed POI,50.3496,13.0667,0.09540312,Modrá (Mírné znečištění)
Unnamed POI,50.3683,16.9937,0.096543595,Modrá (Mírné znečištění)
Stezka korunami stromů Krkonoše,50.6311,15.7576,0.13459566,Modrá (Mírné znečištění)
Unnamed POI,49.0928,16.2197,0.15395857,Modrá (Mírné znečištění)
Unnamed POI,49.0929,16.2261,0.14909574,Modrá (Mírné znečištění)
Mravenečník,50.7003,13.5646,0.1209379,Modrá (Mírné znečištění)
Unnamed POI,49.1865,13.3383,0.036506414,Šedá (Téměř přirozená)
Unnamed POI,49.5343,16.8532,0.1380516,Modrá (Mírné znečištění)
Unnamed POI,49.535,16.842,0.13333637,Modrá (Mírné znečištění)
Unnamed POI,50.1294,16.9035,0.074492626,Tmavě modrá (Slabé znečištění)
Unnamed POI,50.1238,16.9051,0.07895668,Tmavě modrá (Slabé znečištění)
Unnamed POI,50.1278,16.9054,0.07895668,Tmavě modrá (Slabé znečištění)
Unnamed POI,50.1075,16.9125,0.08794004,Modrá (Mírné znečištění)
Unnamed POI,49.4977,15.8323,0.09894768,Modrá (Mírné znečištění)
Unnamed POI,50.1457,12.6608,0.19803046,Světle modrá (Střední znečištění)
Unnamed POI,49.1965,16.6079,3.2600834,Oranžová (Extrémní znečištění)
Unnamed POI,48.9711,13.5973,0.03429716,Šedá (Téměř přirozená)
Unnamed POI,50.7209,14.8097,0.18567303,Světle modrá (Střední znečištění)
Unnamed POI,49.5867,18.3968,0.2636176,Světle modrá (Střední znečištění)
Unnamed POI,50.7933,14.1094,0.21041064,Světle modrá (Střední znečištění)
Unnamed POI,50.7969,14.116,0.18697435,Světle modrá (Střední znečištění)
Unnamed POI,50.7543,14.0921,0.27447984,Světle modrá (Střední znečištění)
Unnamed POI,49.3718,18.3495,0.079668425,Tmavě modrá (Slabé znečištění)
Rozhledna Miloňová,49.3807,18.338,0.07941725,Tmavě modrá (Slabé znečištění)
Unnamed POI,49.8557,13.2248,0.13187681,Modrá (Mírné znečištění)
Unnamed POI,49.8022,13.4856,0.35196716,Tmavě zelená (Znečištěná)
Unnamed POI,49.7918,13.5259,0.2544624,Světle modrá (Střední znečištění)
Unnamed POI,49.3644,13.0281,0.09566037,Modrá (Mírné znečištění)
Unnamed POI,49.3668,12.9946,0.09197514,Modrá (Mírné znečištění)
Unnamed POI,50.6137,16.1215,0.11387932,Modrá (Mírné znečištění)
Unnamed POI,49.4071,12.9243,0.13863342,Modrá (Mírné znečištění)
Unnamed POI,49.594,17.2515,2.5447836,Žlutá (Velmi silné znečištění)
Unnamed POI,49.8628,18.2,1.0785114,Zelená (Silné znečištění)
Unnamed POI,49.0901,16.2481,0.14260986,Modrá (Mírné znečištění)
Jehlický vrch,50.2335,15.6654,0.19267577,Světle modrá (Střední znečištění)
Unnamed POI,49.0476,18.0079,0.109752476,Modrá (Mírné znečištění)
Unnamed POI,49.0499,18.0084,0.112468705,Modrá (Mírné znečištění)
Unnamed POI,49.0522,18.0084,0.112468705,Modrá (Mírné znečištění)
Unnamed POI,49.8349,18.2967,2.733443,Oranžová (Extrémní znečištění)
Unnamed POI,50.7376,15.4858,0.10965843,Modrá (Mírné znečištění)
Unnamed POI,50.1222,17.3442,0.10039247,Modrá (Mírné znečištění)
Unnamed POI,48.8805,14.2633,0.10438767,Modrá (Mírné znečištění)
Unnamed POI,50.8832,14.2779,0.11305099,Modrá (Mírné znečištění)
Unnamed POI,50.7397,14.5434,0.29855463,Světle modrá (Střední znečištění)
Zatopený mlýn,49.133,16.1006,0.144239,Modrá (Mírné znečištění)
Unnamed POI,50.0852,14.4301,5.006194,Oranžová (Extrémní znečištění)
Unnamed POI,50.1537,15.8336,0.42481515,Tmavě zelená (Znečištěná)
Unnamed POI,50.4481,12.8224,0.08860347,Modrá (Mírné znečištění)
Unnamed POI,50.3687,12.925,0.15948007,Modrá (Mírné znečištění)
Unnamed POI,50.3669,12.9301,0.15948007,Modrá (Mírné znečištění)
Unnamed POI,50.4043,12.9351,0.102644734,Modrá (Mírné znečištění)
Unnamed POI,48.9775,13.9946,0.07236763,Tmavě modrá (Slabé znečištění)
Chochola,49.5379,16.8686,0.14834055,Modrá (Mírné znečištění)
Unnamed POI,50.7611,14.5961,0.20744179,Světle modrá (Střední znečištění)
Unnamed POI,50.7613,14.597,0.20744179,Světle modrá (Střední znečištění)
Unnamed POI,50.1494,16.829,0.061106786,Tmavě modrá (Slabé znečištění)
Unnamed POI,50.3775,13.0462,0.08997697,Modrá (Mírné znečištění)
Unnamed POI,50.4489,12.8232,0.08860347,Modrá (Mírné znečištění)
Unnamed POI,50.4244,13.1116,0.11051291,Modrá (Mírné znečištění)
Unnamed POI,50.4244,13.1115,0.11051291,Modrá (Mírné znečištění)
Unnamed POI,50.424,13.1115,0.11051291,Modrá (Mírné znečištění)
Unnamed POI,50.4041,13.0627,0.09752525,Modrá (Mírné znečištění)
Unnamed POI,50.3481,13.0447,0.098781936,Modrá (Mírné znečištění)
Unnamed POI,50.203,17.1869,0.16734639,Světle modrá (Střední znečištění)
Unnamed POI,50.4991,13.6101,0.6453589,Zelená (Silné znečištění)
Unnamed POI,50.8259,14.8137,0.17461155,Světle modrá (Střední znečištění)
Unnamed POI,49.9577,14.1931,0.3656382,Tmavě zelená (Znečištěná)
Magdalenina skála,49.1403,16.2362,0.14758095,Modrá (Mírné znečištění)
Světovina,49.8683,13.7423,0.13862383,Modrá (Mírné znečištění)
Unnamed POI,49.5081,18.1347,0.20091312,Světle modrá (Střední znečištění)
Vyhlídková věž Jana Křtitele,50.6377,13.827,1.2471455,Zelená (Silné znečištění)
Okno,50.4019,12.7498,0.0976602,Modrá (Mírné znečištění)
Unnamed POI,50.4016,12.7496,0.0976602,Modrá (Mírné znečištění)
Strašidlo,50.4013,12.7496,0.0976602,Modrá (Mírné znečištění)
Borůvčí,50.401,12.7506,0.10126159,Modrá (Mírné znečištění)
Unnamed POI,50.721,15.5351,0.10377423,Modrá (Mírné znečištění)
Unnamed POI,50.7201,15.5361,0.102689,Modrá (Mírné znečištění)
Vysoká,49.7963,12.6122,0.26863447,Světle modrá (Střední znečištění)
Unnamed POI,50.0635,14.4026,4.0587354,Oranžová (Extrémní znečištění)
Unnamed POI,50.3452,16.1513,0.25066924,Světle modrá (Střední znečištění)
Unnamed POI,50.3593,12.9568,0.1317359,Modrá (Mírné znečištění)
Unnamed POI,50.3837,12.994,0.09212357,Modrá (Mírné znečištění)
Unnamed POI,50.3842,12.9948,0.09212357,Modrá (Mírné znečištění)
Unnamed POI,50.6759,14.5527,0.52267724,Tmavě zelená (Znečištěná)
Unnamed POI,49.0879,16.3235,0.21257989,Světle modrá (Střední znečištění)
Unnamed POI,50.3545,12.9497,0.14170583,Modrá (Mírné znečištění)
Unnamed POI,49.9832,18.1225,0.31731218,Světle modrá (Střední znečištění)
Unnamed POI,50.0212,13.8983,0.13608994,Modrá (Mírné znečištění)
Unnamed POI,49.6358,16.7694,0.12660317,Modrá (Mírné znečištění)
Unnamed POI,50.3373,12.9512,0.2631191,Světle modrá (Střední znečištění)
Pohled na lázně,50.3674,12.926,0.15948007,Modrá (Mírné znečištění)
Unnamed POI,50.4605,13.0858,0.10296464,Modrá (Mírné znečištění)
Unnamed POI,50.1486,16.8224,0.062192008,Tmavě modrá (Slabé znečištění)
Unnamed POI,50.1537,16.8218,0.062192008,Tmavě modrá (Slabé znečištění)
Unnamed POI,50.1478,16.831,0.061106786,Tmavě modrá (Slabé znečištění)
Unnamed POI,50.149,16.8376,0.06002155,Tmavě modrá (Slabé znečištění)
Voštinová skála,50.0106,16.9718,0.16706283,Světle modrá (Střední znečištění)
Výhled na trať a Chomutov,50.4219,13.4319,0.32572258,Tmavě zelená (Znečištěná)
Unnamed POI,49.5874,16.6248,0.12437746,Modrá (Mírné znečištění)
Unnamed POI,50.0411,13.8765,0.1393393,Modrá (Mírné znečištění)
Unnamed POI,50.0636,14.4159,4.125843,Oranžová (Extrémní znečištění)
Tržnice na Zelném trhu,49.1927,16.6086,3.4255514,Oranžová (Extrémní znečištění)
Unnamed POI,50.6907,15.2035,0.25827157,Světle modrá (Střední znečištění)
Vyhlídka U Kříže,50.6829,15.2188,0.24080026,Světle modrá (Střední znečištění)
Unnamed POI,50.1173,12.3684,0.31323692,Světle modrá (Střední znečištění)
Unnamed POI,49.6798,12.6668,0.089999765,Modrá (Mírné znečištění)
Unnamed POI,49.691,13.3299,0.53088325,Tmavě zelená (Znečištěná)
Unnamed POI,50.8548,14.4056,0.104693115,Modrá (Mírné znečištění)
Unnamed POI,50.8549,14.4056,0.104693115,Modrá (Mírné znečištění)
Unnamed POI,49.9997,16.2014,0.2965726,Světle modrá (Střední znečištění)
Unnamed POI,50.3184,13.9108,0.16438906,Světle modrá (Střední znečištění)
Unnamed POI,50.2288,13.8077,0.1280874,Modrá (Mírné znečištění)
Unnamed POI,49.9497,14.2674,0.49047372,Tmavě zelená (Znečištěná)
Unnamed POI,49.9427,14.2747,0.50586283,Tmavě zelená (Znečištěná)
Rozhledna Maják,50.031,15.1972,1.1408737,Zelená (Silné znečištění)
Pozorovatelna vodního ptactva,50.1139,12.3178,0.24291864,Světle modrá (Střední znečištění)
Unnamed POI,50.8803,14.3203,0.099744864,Modrá (Mírné znečištění)
U Köglerova kříže,50.9104,14.4881,0.1481793,Modrá (Mírné znečištění)
Nadhledna Háječek,49.9378,16.8362,0.13675147,Modrá (Mírné znečištění)
Unnamed POI,50.2539,13.437,0.113897465,Modrá (Mírné znečištění)
Unnamed POI,50.1371,14.4024,2.018007,Žlutá (Velmi silné znečištění)
Svah Čertovka,50.6237,14.0541,0.47247794,Tmavě zelená (Znečištěná)
Kašparova vyhlídka,49.6245,17.4451,0.19838649,Světle modrá (Střední znečištění)
Goethova vyhlídka,49.8124,12.8523,0.07850326,Tmavě modrá (Slabé znečištění)
Rozhledna Vinice,50.0777,14.7304,0.642021,Zelená (Silné znečištění)
Krahulcova vyhlídka,49.463,16.7202,0.15683423,Modrá (Mírné znečištění)
Unnamed POI,50.9484,14.4462,0.116356194,Modrá (Mírné znečištění)
rozhledna Lebedov,49.2125,17.2868,0.15164565,Modrá (Mírné znečištění)
Unnamed POI,50.0777,13.2148,0.059358954,Tmavě modrá (Slabé znečištění)
Unnamed POI,49.0482,17.3418,0.2265423,Světle modrá (Střední znečištění)
Unnamed POI,49.0357,17.3271,0.22421372,Světle modrá (Střední znečištění)
Unnamed POI,50.8381,14.2924,0.13045378,Modrá (Mírné znečištění)
Unnamed POI,50.0914,14.4628,3.8529944,Oranžová (Extrémní znečištění)
Unnamed POI,50.7208,14.6581,0.18243192,Světle modrá (Střední znečištění)
Unnamed POI,49.3042,16.2581,0.13688667,Modrá (Mírné znečištění)
Unnamed POI,50.1683,14.6056,0.8082348,Zelená (Silné znečištění)
Unnamed POI,48.9773,16.9624,0.16748029,Světle modrá (Střední znečištění)
Unnamed POI,48.9301,14.3184,0.15525907,Modrá (Mírné znečištění)
Unnamed POI,50.6842,15.4098,0.12486043,Modrá (Mírné znečištění)
Unnamed POI,50.6832,15.4144,0.12486043,Modrá (Mírné znečištění)
Unnamed POI,50.6842,15.4336,0.11482791,Modrá (Mírné znečištění)
Unnamed POI,50.6834,15.4251,0.116197385,Modrá (Mírné znečištění)
Unnamed POI,48.8117,14.3118,0.46057072,Tmavě zelená (Znečištěná)
Unnamed POI,49.5586,18.4434,0.14700092,Modrá (Mírné znečištění)
Unnamed POI,49.5491,13.0177,0.106260635,Modrá (Mírné znečištění)
Vyhlídka u kostela,48.81,14.316,0.46057072,Tmavě zelená (Znečištěná)
Unnamed POI,49.2613,16.6886,0.47072163,Tmavě zelená (Znečištěná)
Novoveský vrch,49.9964,17.2715,0.08014058,Modrá (Mírné znečištění)
Unnamed POI,50.7363,15.2572,0.28948608,Světle modrá (Střední znečištění)
Unnamed POI,49.5351,16.779,0.124408245,Modrá (Mírné znečištění)
Unnamed POI,50.2333,14.8905,0.33646527,Tmavě zelená (Znečištěná)
Unnamed POI,50.2337,14.8958,0.2939148,Světle modrá (Střední znečištění)
Unnamed POI,50.5519,13.484,0.28343886,Světle modrá (Střední znečištění)
Unnamed POI,50.3737,12.9195,0.13668373,Modrá (Mírné znečištění)
Unnamed POI,48.7271,14.7265,0.049731746,Tmavě modrá (Slabé znečištění)
Unnamed POI,48.7309,14.7199,0.05390753,Tmavě modrá (Slabé znečištění)
Žampašská vyhlídka,49.8702,14.4879,0.30003595,Světle modrá (Střední znečištění)
Na Výhledu,50.8611,14.9649,0.24638774,Světle modrá (Střední znečištění)
Velký kámen,49.7282,13.7368,0.11478676,Modrá (Mírné znečištění)
Unnamed POI,50.2542,14.2868,0.7026388,Zelená (Silné znečištění)
Unnamed POI,49.4022,14.6128,0.18254635,Světle modrá (Střední znečištění)
Unnamed POI,50.8778,14.4121,0.09585736,Modrá (Mírné znečištění)
Unnamed POI,50.8784,14.4122,0.09585736,Modrá (Mírné znečištění)
Unnamed POI,50.8572,14.5816,0.13970156,Modrá (Mírné znečištění)
Unnamed POI,49.4505,14.3667,0.2478669,Světle modrá (Střední znečištění)
Unnamed POI,49.5814,17.9668,0.37967712,Tmavě zelená (Znečištěná)
Unnamed POI,49.5849,17.966,0.34628743,Tmavě zelená (Znečištěná)
Unnamed POI,49.5825,17.9603,0.34628743,Tmavě zelená (Znečištěná)
Unnamed POI,49.8463,14.9629,0.124733046,Modrá (Mírné znečištění)
Unnamed POI,50.186,15.9833,0.2356545,Světle modrá (Střední znečištění)
Unnamed POI,49.7512,13.9764,0.13703424,Modrá (Mírné znečištění)
Máchova vyhlídka,50.6124,14.5074,0.15419734,Modrá (Mírné znečištění)
Unnamed POI,50.6106,14.5038,0.15419734,Modrá (Mírné znečištění)
Unnamed POI,50.6209,14.4094,0.15579183,Modrá (Mírné znečištění)
Papinova vyhlídka,50.6287,14.4029,0.15130326,Modrá (Mírné znečištění)
Unnamed POI,49.2079,15.8703,0.6095163,Tmavě zelená (Znečištěná)
Unnamed POI,49.9226,16.5743,0.17147103,Světle modrá (Střední znečištění)
Unnamed POI,49.855,16.5561,0.15143743,Modrá (Mírné znečištění)
Unnamed POI,49.8442,16.5474,0.128351,Modrá (Mírné znečištění)
Unnamed POI,49.8298,16.5733,0.120366834,Modrá (Mírné znečištění)
Unnamed POI,49.8018,13.8806,0.14754382,Modrá (Mírné znečištění)
Vyhlídka na Bezděz,50.5255,14.6874,0.14103186,Modrá (Mírné znečištění)
Unnamed POI,50.1715,14.3661,0.9769781,Zelená (Silné znečištění)
Unnamed POI,49.6264,18.5595,0.20556784,Světle modrá (Střední znečištění)
Unnamed POI,50.3705,14.8731,0.40828905,Tmavě zelená (Znečištěná)
Unnamed POI,50.7351,14.667,0.15923221,Modrá (Mírné znečištění)
Unnamed POI,50.1895,12.7577,0.3710064,Tmavě zelená (Znečištěná)
Unnamed POI,50.1906,12.7571,0.3710064,Tmavě zelená (Znečištěná)
Nad Strží,50.7581,14.7084,0.14953102,Modrá (Mírné znečištění)
Vyhlídka na soutok,49.2345,14.3845,0.20157239,Světle modrá (Střední znečištění)
Kořenská skála,49.2355,14.3849,0.20157239,Světle modrá (Střední znečištění)
Unnamed POI,49.8904,15.5774,0.14512831,Modrá (Mírné znečištění)
Unnamed POI,50.6115,14.1848,0.18131968,Světle modrá (Střední znečištění)
Unnamed POI,50.6115,14.1842,0.18131968,Světle modrá (Střední znečištění)
Unnamed POI,50.6054,14.2067,0.17118321,Světle modrá (Střední znečištění)
Unnamed POI,50.0842,14.397,3.9616766,Oranžová (Extrémní znečištění)
Unnamed POI,49.1042,13.5032,0.038503718,Šedá (Téměř přirozená)
Unnamed POI,49.108,13.5449,0.04076653,Tmavě modrá (Slabé znečištění)
Unnamed POI,49.5312,18.3782,0.17903218,Světle modrá (Střední znečištění)
Unnamed POI,49.5126,18.3206,0.15424135,Modrá (Mírné znečištění)
Unnamed POI,49.4759,18.3051,0.11005297,Modrá (Mírné znečištění)
Unnamed POI,49.5426,16.4704,0.115179226,Modrá (Mírné znečištění)
Unnamed POI,48.8415,16.6358,0.18661043,Světle modrá (Střední znečištění)
Vyhlídka dědy z Dědova,50.5599,16.2028,0.12801379,Modrá (Mírné znečištění)
Unnamed POI,50.5278,13.7639,0.3463886,Tmavě zelená (Znečištěná)
Unnamed POI,50.0023,13.8249,0.09223369,Modrá (Mírné znečištění)
Joštova vyhlídka,50.1495,15.9638,0.19898571,Světle modrá (Střední znečištění)
Unnamed POI,49.2057,17.6886,0.46565753,Tmavě zelená (Znečištěná)
Unnamed POI,50.7508,14.7271,0.15930218,Modrá (Mírné znečištění)
Unnamed POI,49.9539,18.107,0.36734113,Tmavě zelená (Znečištěná)
Unnamed POI,49.6352,17.3421,0.49772236,Tmavě zelená (Znečištěná)
Unnamed POI,49.6346,17.3364,0.54261875,Tmavě zelená (Znečištěná)
Unnamed POI,49.6325,17.3409,0.54261875,Tmavě zelená (Znečištěná)
Unnamed POI,49.6331,17.3402,0.54261875,Tmavě zelená (Znečištěná)
Unnamed POI,49.1321,14.1303,0.10797364,Modrá (Mírné znečištění)
Unnamed POI,49.2637,17.1097,0.18899661,Světle modrá (Střední znečištění)
rozhledna Vyšicko,48.9205,17.0218,0.21982664,Světle modrá (Střední znečištění)
Unnamed POI,50.2914,17.1061,0.115601026,Modrá (Mírné znečištění)
Unnamed POI,50.737,14.6032,0.19997956,Světle modrá (Střední znečištění)
Unnamed POI,50.2375,17.18,0.27463165,Světle modrá (Střední znečištění)
Unnamed POI,50.6294,14.6078,0.1851517,Světle modrá (Střední znečištění)
Unnamed POI,49.2133,15.8704,0.8063258,Zelená (Silné znečištění)
Unnamed POI,49.3514,17.6579,0.17817435,Světle modrá (Střední znečištění)
Unnamed POI,49.3382,17.661,0.17475916,Světle modrá (Střední znečištění)
Unnamed POI,49.5551,18.4023,0.18685204,Světle modrá (Střední znečištění)
Unnamed POI,50.3907,13.0068,0.09071927,Modrá (Mírné znečištění)
Unnamed POI,50.3909,13.0075,0.09071927,Modrá (Mírné znečištění)
Šumavská vyhlídka,49.1678,14.0913,0.09036732,Modrá (Mírné znečištění)
Unnamed POI,49.5917,18.1155,0.43734768,Tmavě zelená (Znečištěná)
Unnamed POI,49.5877,18.1253,0.5337459,Tmavě zelená (Znečištěná)
Unnamed POI,50.6531,15.5808,0.15639323,Modrá (Mírné znečištění)
Unnamed POI,50.6565,14.5193,0.3452024,Tmavě zelená (Znečištěná)
Unnamed POI,50.6583,14.5181,0.3452024,Tmavě zelená (Znečištěná)
Unnamed POI,50.6578,14.5242,0.3452024,Tmavě zelená (Znečištěná)
Těchanovická vyhlídka,49.8163,17.681,0.10595041,Modrá (Mírné znečištění)
Unnamed POI,50.0809,14.4022,4.3506646,Oranžová (Extrémní znečištění)
Vyhlídka Praděd,50.122,17.3976,0.11678628,Modrá (Mírné znečištění)
Unnamed POI,50.7494,14.7104,0.15441355,Modrá (Mírné znečištění)
průhled na Klíč,50.7395,14.5457,0.29855463,Světle modrá (Střední znečištění)
Unnamed POI,49.6665,18.3968,0.5895489,Tmavě zelená (Znečištěná)
Unnamed POI,49.5399,18.4689,0.12317708,Modrá (Mírné znečištění)
Muflon a daněk,50.1744,15.9111,0.33132106,Tmavě zelená (Znečištěná)
Jelen sika Dybowského,50.1708,15.9138,0.30570123,Světle modrá (Střední znečištění)
Unnamed POI,49.5537,18.6181,0.116241045,Modrá (Mírné znečištění)
Malé Hradisko,49.8026,16.1702,0.09427445,Modrá (Mírné znečištění)
Unnamed POI,49.8944,13.5394,0.11597007,Modrá (Mírné znečištění)
Unnamed POI,49.8942,13.5389,0.11597007,Modrá (Mírné znečištění)
Unnamed POI,49.5568,18.7776,0.16732627,Světle modrá (Střední znečištění)
Lama a klokan,50.2058,15.9173,0.40752667,Tmavě zelená (Znečištěná)
Unnamed POI,50.0929,14.347,2.5258932,Žlutá (Velmi silné znečištění)
Unnamed POI,50.9146,15.0797,0.29966256,Světle modrá (Střední znečištění)
Unnamed POI,50.9148,15.0769,0.29966256,Světle modrá (Střední znečištění)
Unnamed POI,50.9163,15.0791,0.29966256,Světle modrá (Střední znečištění)
Sokolohrady,49.7148,15.7137,0.11917089,Modrá (Mírné znečištění)
Knesplova vyhlídka,50.805,14.648,0.13841349,Modrá (Mírné znečištění)
Unnamed POI,50.3047,12.1765,0.11839064,Modrá (Mírné znečištění)
Chloudov,50.6275,15.2386,0.19621925,Světle modrá (Střední znečištění)
Unnamed POI,49.1792,15.4677,0.14405157,Modrá (Mírné znečištění)
Unnamed POI,49.1799,15.4682,0.14405157,Modrá (Mírné znečištění)
Unnamed POI,49.9712,15.2616,0.41616204,Tmavě zelená (Znečištěná)
Unnamed POI,49.9639,15.2413,0.34516755,Tmavě zelená (Znečištěná)
Luisino údolí,50.6591,15.6486,0.13851194,Modrá (Mírné znečištění)
Unnamed POI,50.5621,15.1687,0.19311774,Světle modrá (Střední znečištění)
Unnamed POI,49.4393,14.1906,0.05870269,Tmavě modrá (Slabé znečištění)
Unnamed POI,49.4386,14.192,0.059561208,Tmavě modrá (Slabé znečištění)
Unnamed POI,49.4254,14.1954,0.062081516,Tmavě modrá (Slabé znečištění)
Duncanova vyhlídka,49.9967,12.6932,0.13699119,Modrá (Mírné znečištění)
Unnamed POI,50.6341,15.3067,0.1821967,Světle modrá (Střední znečištění)
U Peršinky,50.6182,15.3085,0.24339955,Světle modrá (Střední znečištění)
U Bakala,50.6216,15.3052,0.19200782,Světle modrá (Střední znečištění)
Peretka,50.616,15.3099,0.24339955,Světle modrá (Střední znečištění)
Unnamed POI,50.3844,13.7946,0.30384246,Světle modrá (Střední znečištění)
Unnamed POI,49.9097,14.3974,0.4316789,Tmavě zelená (Znečištěná)
Unnamed POI,49.1917,13.3728,0.039025035,Šedá (Téměř přirozená)
Unnamed POI,49.1526,15.7831,0.09718721,Modrá (Mírné znečištění)
Brusná,49.9317,16.9345,0.22955902,Světle modrá (Střední znečištění)
Unnamed POI,50.3463,12.7405,0.11852154,Modrá (Mírné znečištění)
Unnamed POI,50.3575,12.8481,0.115952305,Modrá (Mírné znečištění)
Unnamed POI,50.3695,12.5671,0.08224458,Modrá (Mírné znečištění)
Unnamed POI,49.4296,16.0126,0.106158756,Modrá (Mírné znečištění)
Unnamed POI,49.9783,12.7107,0.3224752,Tmavě zelená (Znečištěná)
Unnamed POI,49.3997,18.1052,0.12374649,Modrá (Mírné znečištění)
Unnamed POI,50.017,14.3617,1.8213319,Žlutá (Velmi silné znečištění)
Unnamed POI,50.1944,13.6432,0.10798019,Modrá (Mírné znečištění)
Unnamed POI,49.4484,18.3216,0.09707205,Modrá (Mírné znečištění)
Unnamed POI,49.41,18.0979,0.13497207,Modrá (Mírné znečištění)
Unnamed POI,51.0106,14.4301,0.12255543,Modrá (Mírné znečištění)
Unnamed POI,49.2376,16.738,0.38963938,Tmavě zelená (Znečištěná)
Šeptouchovská skála,49.6944,15.2718,0.2050071,Světle modrá (Střední znečištění)
pod Šeptouchovskou skálou,49.6945,15.2715,0.2050071,Světle modrá (Střední znečištění)
Unnamed POI,50.8491,14.5953,0.12866457,Modrá (Mírné znečištění)
Unnamed POI,50.8495,14.6021,0.12818037,Modrá (Mírné znečištění)
Unnamed POI,50.0422,14.2918,1.9380991,Žlutá (Velmi silné znečištění)
Unnamed POI,50.2183,13.6807,0.10932924,Modrá (Mírné znečištění)
Krásná vyhlídka,50.7639,15.2863,0.21734418,Světle modrá (Střední znečištění)
Vyhlídka k Jizerkám,50.7514,15.2827,0.25154305,Světle modrá (Střední znečištění)
Šmídova vyhlídka,50.7442,15.569,0.11062974,Modrá (Mírné znečištění)
Unnamed POI,49.4863,16.6396,0.2997835,Světle modrá (Střední znečištění)
Vyhlídka českých bratří,50.6262,15.2015,0.19295259,Světle modrá (Střední znečištění)
Unnamed POI,50.6305,15.1995,0.20824063,Světle modrá (Střední znečištění)
Výhled na Suché skály,50.6323,15.2057,0.20278181,Světle modrá (Střední znečištění)
Unnamed POI,50.2507,12.3917,0.11374342,Modrá (Mírné znečištění)
Unnamed POI,50.7666,15.4289,0.12297235,Modrá (Mírné znečištění)
Unnamed POI,50.2016,16.5364,0.06495167,Tmavě modrá (Slabé znečištění)
Unnamed POI,49.4356,18.1907,0.16944759,Světle modrá (Střední znečištění)
Třitrubecká vyhlídka,49.7038,13.7845,0.08033734,Modrá (Mírné znečištění)
Borůvka,49.8401,16.0625,0.100370355,Modrá (Mírné znečištění)
Unnamed POI,49.1557,16.5394,0.9315161,Zelená (Silné znečištění)
Unnamed POI,49.1541,16.5429,0.82046944,Zelená (Silné znečištění)
Unnamed POI,49.1576,16.5359,0.9315161,Zelená (Silné znečištění)
Unnamed POI,49.2061,16.4429,0.41806403,Tmavě zelená (Znečištěná)
Vyhlídková plošina Lovoš,50.5278,14.0183,0.31288126,Světle modrá (Střední znečištění)
Unnamed POI,50.5355,14.0103,0.25628483,Světle modrá (Střední znečištění)
Unnamed POI,50.3976,12.7002,0.08533513,Modrá (Mírné znečištění)
Unnamed POI,49.1444,16.506,0.50366265,Tmavě zelená (Znečištěná)
Rozhledna Kosice,50.1902,15.5309,0.15994254,Modrá (Mírné znečištění)
Výhled od Lechova kamene na město Kouřim,50.0023,14.9862,0.21421088,Světle modrá (Střední znečištění)
Voltušská vyhlídka,49.5841,13.8396,0.07990755,Tmavě modrá (Slabé znečištění)
Unnamed POI,49.4281,18.0921,0.16378231,Světle modrá (Střední znečištění)
Unnamed POI,49.4382,18.0484,0.19135346,Světle modrá (Střední znečištění)
Unnamed POI,49.4421,18.03,0.19838452,Světle modrá (Střední znečištění)
Unnamed POI,49.4425,18.008,0.21379006,Světle modrá (Střední znečištění)
Unnamed POI,49.4355,18.0173,0.18669511,Světle modrá (Střední znečištění)
Unnamed POI,50.3302,12.5247,0.17501168,Světle modrá (Střední znečištění)
Unnamed POI,49.999,14.5592,1.6000102,Žlutá (Velmi silné znečištění)
Unnamed POI,50.0429,14.3841,2.735179,Oranžová (Extrémní znečištění)
Unnamed POI,50.0401,14.38,2.5384343,Žlutá (Velmi silné znečištění)
Unnamed POI,50.2214,13.6706,0.10652697,Modrá (Mírné znečištění)
Unnamed POI,49.6941,13.8166,0.07670102,Tmavě modrá (Slabé znečištění)
Unnamed POI,49.674,13.8659,0.08353838,Modrá (Mírné znečištění)
Unnamed POI,49.2747,16.4597,0.32058492,Tmavě zelená (Znečištěná)
Unnamed POI,49.0171,15.3894,0.066459306,Tmavě modrá (Slabé znečištění)
Unnamed POI,49.4749,14.525,0.08963261,Modrá (Mírné znečištění)
Unnamed POI,50.0543,16.6876,0.08331717,Modrá (Mírné znečištění)
Unnamed POI,50.2614,14.6359,0.3587988,Tmavě zelená (Znečištěná)
Kamenný stůl,49.2223,17.2526,0.15473679,Modrá (Mírné znečištění)
Unnamed POI,50.1207,13.4398,0.088749625,Modrá (Mírné znečištění)
Skuhrov,50.2273,16.2887,0.1454963,Modrá (Mírné znečištění)
Unnamed POI,49.3561,14.2712,0.09152743,Modrá (Mírné znečištění)
"Tis, u kapličky",49.7128,15.4883,0.087639935,Modrá (Mírné znečištění)
Unnamed POI,50.5449,13.4685,0.26714906,Světle modrá (Střední znečištění)
Unnamed POI,48.9062,14.4978,0.289175,Světle modrá (Střední znečištění)
Rozhledna Slovácký dvůr,49.0126,17.4413,0.29195124,Světle modrá (Střední znečištění)
Unnamed POI,50.7534,15.2717,0.25261647,Světle modrá (Střední znečištění)
Unnamed POI,49.3243,16.6418,0.31000197,Světle modrá (Střední znečištění)
Unnamed POI,49.1578,15.8034,0.11003993,Modrá (Mírné znečištění)
Unnamed POI,49.1578,15.8044,0.11003993,Modrá (Mírné znečištění)
Unnamed POI,50.6568,14.5561,0.3022791,Světle modrá (Střední znečištění)
Unnamed POI,50.6559,14.5688,0.25687134,Světle modrá (Střední znečištění)
Jurkova jáma,50.0668,14.106,0.3817164,Tmavě zelená (Znečištěná)
Unnamed POI,50.4349,13.7581,0.22196284,Světle modrá (Střední znečištění)
Unnamed POI,50.3984,13.6324,0.23323289,Světle modrá (Střední znečištění)
Unnamed POI,51.0176,14.3275,0.10940262,Modrá (Mírné znečištění)
Unnamed POI,50.0295,14.3939,2.8396842,Oranžová (Extrémní znečištění)
Unnamed POI,50.0334,14.3991,2.8396842,Oranžová (Extrémní znečištění)
Unnamed POI,48.8084,16.6541,0.2829246,Světle modrá (Střední znečištění)
Unnamed POI,48.8091,16.6544,0.2829246,Světle modrá (Střední znečištění)
Unnamed POI,48.8074,16.6524,0.2829246,Světle modrá (Střední znečištění)
Vyhlídka U andílka,49.3124,17.2493,0.19898023,Světle modrá (Střední znečištění)
Unnamed POI,48.9422,16.9234,0.1688833,Světle modrá (Střední znečištění)
Unnamed POI,49.9649,14.4732,1.0089864,Zelená (Silné znečištění)
Unnamed POI,49.9728,14.4513,1.1470975,Zelená (Silné znečištění)
Unnamed POI,49.8137,12.8548,0.07875443,Tmavě modrá (Slabé znečištění)
Unnamed POI,50.3384,14.323,0.26278427,Světle modrá (Střední znečištění)
Unnamed POI,49.5277,16.7062,0.14204408,Modrá (Mírné znečištění)
Unnamed POI,49.1906,16.6059,3.5112658,Oranžová (Extrémní znečištění)
Unnamed POI,50.0463,14.3977,3.0225518,Oranžová (Extrémní znečištění)
Unnamed POI,50.6391,14.0507,0.7070635,Zelená (Silné znečištění)
Unnamed POI,50.6391,14.0504,0.7070635,Zelená (Silné znečištění)
Pěkný výhled,50.7836,15.329,0.1406977,Modrá (Mírné znečištění)
Výhled Čertův Kámen,50.8305,15.2986,0.100990936,Modrá (Mírné znečištění)
Unnamed POI,49.3722,17.7538,0.1358267,Modrá (Mírné znečištění)
Unnamed POI,48.9365,16.311,0.15063989,Modrá (Mírné znečištění)
Unnamed POI,49.3735,18.141,0.09852527,Modrá (Mírné znečištění)
Strom života - památník 100 let Republiky,49.5362,16.0126,0.12570181,Modrá (Mírné znečištění)
Unnamed POI,50.7353,15.2446,0.30396897,Světle modrá (Střední znečištění)
Unnamed POI,49.1621,13.1908,0.047548648,Tmavě modrá (Slabé znečištění)
Unnamed POI,49.3448,16.4109,0.36348617,Tmavě zelená (Znečištěná)
Unnamed POI,49.3343,16.4052,0.2409894,Světle modrá (Střední znečištění)
Panoramata,50.2317,17.051,0.075388245,Tmavě modrá (Slabé znečištění)
Unnamed POI,49.5814,18.3956,0.2636176,Světle modrá (Střední znečištění)
Unnamed POI,49.9383,14.6245,0.6007145,Tmavě zelená (Znečištěná)
Unnamed POI,49.6856,13.4678,0.39007312,Tmavě zelená (Znečištěná)
Unnamed POI,49.6831,13.4647,0.40578395,Tmavě zelená (Znečištěná)
Babická vyhlídka,49.2794,16.6783,0.37221697,Tmavě zelená (Znečištěná)
Unnamed POI,50.0403,13.8778,0.1393393,Modrá (Mírné znečištění)
Unnamed POI,50.7267,14.5214,0.25962514,Světle modrá (Střední znečištění)
Rozhledna Sosnová,49.9934,17.6528,0.11299002,Modrá (Mírné znečištění)
Unnamed POI,49.9153,14.3837,0.45801696,Tmavě zelená (Znečištěná)
Unnamed POI,49.9153,14.3835,0.45801696,Tmavě zelená (Znečištěná)
Unnamed POI,49.9126,14.3931,0.4513586,Tmavě zelená (Znečištěná)
Unnamed POI,49.9004,14.4054,0.39719242,Tmavě zelená (Znečištěná)
Unnamed POI,50.1002,14.5793,2.1799927,Žlutá (Velmi silné znečištění)
Unnamed POI,48.9389,14.2511,0.10987478,Modrá (Mírné znečištění)
Unnamed POI,50.6736,14.7648,0.22224496,Světle modrá (Střední znečištění)
Unnamed POI,50.6971,14.6276,0.20841654,Světle modrá (Střední znečištění)
Unnamed POI,50.6891,14.6706,0.19164553,Světle modrá (Střední znečištění)
Unnamed POI,50.058,14.3661,2.7204962,Oranžová (Extrémní znečištění)
Unnamed POI,49.4324,16.3153,0.10356506,Modrá (Mírné znečištění)
Vyhlídka,50.6379,13.8603,0.642071,Zelená (Silné znečištění)
Rozhledna Doubravka,50.6388,13.8602,0.642071,Zelená (Silné znečištění)
Unnamed POI,48.8958,15.8152,0.066581845,Tmavě modrá (Slabé znečištění)
Unnamed POI,50.225,12.1883,0.41985214,Tmavě zelená (Znečištěná)
Kouty nad Desnou kolejka linowa,50.1,17.116,0.08149631,Modrá (Mírné znečištění)
Unnamed POI,48.8457,15.9744,0.13608257,Modrá (Mírné znečištění)
Unnamed POI,48.8465,15.9684,0.13932195,Modrá (Mírné znečištění)
Unnamed POI,48.8108,15.9969,0.1601998,Světle modrá (Střední znečištění)
Unnamed POI,48.8078,15.9938,0.1601998,Světle modrá (Střední znečištění)
Unnamed POI,48.8083,15.993,0.1601998,Světle modrá (Střední znečištění)
Vyhlídka Soudek,48.9819,17.0334,0.1950666,Světle modrá (Střední znečištění)
Unnamed POI,50.7801,14.5085,0.17026411,Světle modrá (Střední znečištění)
Rozhledna Soběšovice,49.7286,18.4625,0.43410218,Tmavě zelená (Znečištěná)
Unnamed POI,49.8152,13.9984,0.1458953,Modrá (Mírné znečištění)
Unnamed POI,50.9271,14.6457,0.2590614,Světle modrá (Střední znečištění)
Unnamed POI,50.9284,14.6458,0.2590614,Světle modrá (Střední znečištění)
Unnamed POI,49.0775,15.4436,0.15676911,Modrá (Mírné znečištění)
Unnamed POI,49.0751,15.4454,0.15676911,Modrá (Mírné znečištění)
Unnamed POI,49.8638,15.3486,0.13388787,Modrá (Mírné znečištění)
Unnamed POI,49.1368,13.4606,0.03793348,Šedá (Téměř přirozená)
Unnamed POI,50.5955,14.0847,0.25008562,Světle modrá (Střední znečištění)
Vyhlídka republiky,50.8169,14.5284,0.12811187,Modrá (Mírné znečištění)
Unnamed POI,49.173,13.5053,0.067951895,Tmavě modrá (Slabé znečištění)
Unnamed POI,49.1812,13.4837,0.06763057,Tmavě modrá (Slabé znečištění)
Unnamed POI,50.0196,14.302,1.2656157,Zelená (Silné znečištění)
Unnamed POI,49.8719,15.5964,0.16297737,Světle modrá (Střední znečištění)
Unnamed POI,49.4461,12.7875,0.09163078,Modrá (Mírné znečištění)
Unnamed POI,50.0847,13.6391,0.12508206,Modrá (Mírné znečištění)
Unnamed POI,50.0989,13.6787,0.19809082,Světle modrá (Střední znečištění)
Unnamed POI,49.1459,13.4692,0.044372067,Tmavě modrá (Slabé znečištění)
Unnamed POI,50.1038,14.0502,0.36228395,Tmavě zelená (Znečištěná)
Unnamed POI,50.1047,14.0572,0.3978612,Tmavě zelená (Znečištěná)
Unnamed POI,50.3897,15.1307,0.15841652,Modrá (Mírné znečištění)
Unnamed POI,50.657,15.9849,0.12057601,Modrá (Mírné znečištění)
Unnamed POI,50.002,14.0775,0.311014,Světle modrá (Střední znečištění)
Unnamed POI,50.0123,14.1045,0.32783416,Tmavě zelená (Znečištěná)
Unnamed POI,49.0887,16.3428,0.26985887,Světle modrá (Střední znečištění)
Unnamed POI,49.3409,17.999,0.50883055,Tmavě zelená (Znečištěná)
Unnamed POI,50.071,14.3985,3.986209,Oranžová (Extrémní znečištění)
Unnamed POI,49.212,15.8632,0.52123857,Tmavě zelená (Znečištěná)
Unnamed POI,49.8765,14.4432,0.30693513,Světle modrá (Střední znečištění)
Brýlařský lom,50.7351,14.5931,0.21355559,Světle modrá (Střední znečištění)
Unnamed POI,50.0515,14.6407,0.90779567,Zelená (Silné znečištění)
Unnamed POI,49.9055,14.2841,0.37146974,Tmavě zelená (Znečištěná)
Unnamed POI,50.7332,14.5969,0.21355559,Světle modrá (Střední znečištění)
Vyhlídka poštolek,50.7333,14.5978,0.21355559,Světle modrá (Střední znečištění)
Unnamed POI,50.0808,14.4017,4.3506646,Oranžová (Extrémní znečištění)
Dolní vyhlídka Edmundova kamene,50.8852,14.2807,0.11305099,Modrá (Mírné znečištění)
Unnamed POI,50.7339,14.6009,0.19997956,Světle modrá (Střední znečištění)
Unnamed POI,50.7336,14.6004,0.19997956,Světle modrá (Střední znečištění)
Unnamed POI,50.7339,14.6014,0.19997956,Světle modrá (Střední znečištění)
Unnamed POI,49.848,18.5174,1.1236491,Zelená (Silné znečištění)
Unnamed POI,49.7453,18.5353,0.42634022,Tmavě zelená (Znečištěná)
Sychrák,49.3453,16.4361,0.38858172,Tmavě zelená (Znečištěná)
ptačí pozorovatelna,50.6281,14.54,0.19105025,Světle modrá (Střední znečištění)
Unnamed POI,49.3537,16.7045,0.26073542,Světle modrá (Střední znečištění)
Unnamed POI,49.3994,16.7184,0.18838987,Světle modrá (Střední znečištění)
Unnamed POI,50.742,14.5383,0.28830382,Světle modrá (Střední znečištění)
Unnamed POI,50.6201,14.4143,0.14701071,Modrá (Mírné znečištění)
Medvědí vyhlídka,50.6105,14.5632,0.16870594,Světle modrá (Střední znečištění)
Unnamed POI,49.7714,13.5907,0.26018885,Světle modrá (Střední znečištění)
Unnamed POI,49.9706,14.139,0.33778653,Tmavě zelená (Znečištěná)
Unnamed POI,49.7639,13.5323,0.29820603,Světle modrá (Střední znečištění)
Unnamed POI,50.1688,14.3698,1.1183944,Zelená (Silné znečištění)
Unnamed POI,50.6116,14.5618,0.16870594,Světle modrá (Střední znečištění)
Unnamed POI,49.9181,14.0218,0.29581177,Světle modrá (Střední znečištění)
Unnamed POI,49.9202,14.0234,0.29581177,Světle modrá (Střední znečištění)
Unnamed POI,50.2632,16.1131,0.24729891,Světle modrá (Střední znečištění)
Unnamed POI,50.2628,16.1156,0.24729891,Světle modrá (Střední znečištění)
Unnamed POI,50.2656,16.1127,0.24729891,Světle modrá (Střední znečištění)
Unnamed POI,50.5897,14.6609,0.1452629,Modrá (Mírné znečištění)
Unnamed POI,50.5336,14.2865,0.16966338,Světle modrá (Střední znečištění)
Unnamed POI,50.5292,14.2249,0.22237857,Světle modrá (Střední znečištění)
Vyhlídka Na Kouli,50.1821,12.7905,0.21461758,Světle modrá (Střední znečištění)
Unnamed POI,48.8668,13.7651,0.045856073,Tmavě modrá (Slabé znečištění)
Výhled na Liblín,49.9196,13.5569,0.10539831,Modrá (Mírné znečištění)
Unnamed POI,49.4886,18.0012,0.35685506,Tmavě zelená (Znečištěná)
Unnamed POI,49.4881,18.0039,0.35685506,Tmavě zelená (Znečištěná)
Unnamed POI,49.3185,18.1223,0.096696906,Modrá (Mírné znečištění)
Unnamed POI,49.8928,14.3622,0.33471435,Tmavě zelená (Znečištěná)
Novomlýnská vodárenská věž,50.0923,14.4283,5.0469403,Oranžová (Extrémní znečištění)
Národní muzeum věž,50.0791,14.4306,4.5506,Oranžová (Extrémní znečištění)
Unnamed POI,50.7366,14.6162,0.18968366,Světle modrá (Střední znečištění)
Na Chocholce,50.6135,15.1862,0.20686547,Světle modrá (Střední znečištění)
Dancing House viewpoint,50.0755,14.4141,4.3764353,Oranžová (Extrémní znečištění)
Unnamed POI,49.0775,15.4403,0.1703627,Světle modrá (Střední znečištění)
Unnamed POI,49.1688,16.1842,0.1502252,Modrá (Mírné znečištění)
Unnamed POI,49.1588,16.1666,0.1469371,Modrá (Mírné znečištění)
Unnamed POI,49.1653,16.1687,0.14645453,Modrá (Mírné znečištění)
Unnamed POI,49.0932,16.2483,0.14260986,Modrá (Mírné znečištění)
Unnamed POI,49.1936,16.5927,3.1747441,Oranžová (Extrémní znečištění)
Kabuďův vrch,49.6042,18.195,0.38473836,Tmavě zelená (Znečištěná)
Unnamed POI,49.4311,12.8618,0.13133,Modrá (Mírné znečištění)
Hvězdárna,50.0883,12.375,0.6271726,Tmavě zelená (Znečištěná)
Unnamed POI,49.7504,15.0889,0.17176256,Světle modrá (Střední znečištění)
Unnamed POI,49.7496,15.0897,0.17176256,Světle modrá (Střední znečištění)
Vyhlídka nad Fedlem,48.7658,14.0547,0.06660484,Tmavě modrá (Slabé znečištění)
Unnamed POI,50.3479,13.0452,0.098781936,Modrá (Mírné znečištění)
Velká Baba,49.0993,16.2253,0.15235776,Modrá (Mírné znečištění)
Unnamed POI,49.9166,17.1851,0.09468587,Modrá (Mírné znečištění)
Unnamed POI,49.2142,16.6289,2.2083938,Žlutá (Velmi silné znečištění)
Stezka Valaška,49.4934,18.2679,0.13312313,Modrá (Mírné znečištění)
Unnamed POI,49.1912,16.6055,3.5112658,Oranžová (Extrémní znečištění)
Unnamed POI,50.2616,13.0013,0.12660867,Modrá (Mírné znečištění)
Unnamed POI,50.8096,14.705,0.13307278,Modrá (Mírné znečištění)
Unnamed POI,50.8087,14.7058,0.13307278,Modrá (Mírné znečištění)
Unnamed POI,49.5357,18.837,0.1419707,Modrá (Mírné znečištění)
Unnamed POI,50.6689,15.5695,0.122589745,Modrá (Mírné znečištění)
Rottrovy domky,50.7298,15.8126,0.11510643,Modrá (Mírné znečištění)
Unnamed POI,50.7315,15.8132,0.11510643,Modrá (Mírné znečištění)
Unnamed POI,50.729,15.8197,0.109000534,Modrá (Mírné znečištění)
Unnamed POI,50.7366,15.8234,0.1123902,Modrá (Mírné znečištění)
Unnamed POI,48.7381,14.5457,0.08940769,Modrá (Mírné znečištění)
Ferdinandova vyhlídka,50.6879,14.6687,0.19164553,Světle modrá (Střední znečištění)
Unnamed POI,49.3249,17.7866,0.14482129,Modrá (Mírné znečištění)
Unnamed POI,49.8428,14.1296,0.15085071,Modrá (Mírné znečištění)
Unnamed POI,50.3477,16.3542,0.09629302,Modrá (Mírné znečištění)
Unnamed POI,50.3579,16.3545,0.09817604,Modrá (Mírné znečištění)
Unnamed POI,49.0476,14.0409,0.10328837,Modrá (Mírné znečištění)
Unnamed POI,49.835,15.6519,0.10651806,Modrá (Mírné znečištění)
Unnamed POI,50.7908,14.5274,0.16199797,Světle modrá (Střední znečištění)
Unnamed POI,50.7891,14.5236,0.15726095,Modrá (Mírné znečištění)
Unnamed POI,50.5707,13.4647,0.19689947,Světle modrá (Střední znečištění)
Unnamed POI,50.5714,13.4649,0.18796949,Světle modrá (Střední znečištění)
Unnamed POI,50.5706,13.4642,0.19689947,Světle modrá (Střední znečištění)
Unnamed POI,50.5554,13.5025,0.3172418,Světle modrá (Střední znečištění)
Hráz rybníku Dolní Peklo,49.867,15.6093,0.13803956,Modrá (Mírné znečištění)
Unnamed POI,50.5802,13.497,0.22870967,Světle modrá (Střední znečištění)
Dolní vyhlídka,50.5721,13.518,0.33671954,Tmavě zelená (Znečištěná)
Horní vyhlídka,50.5731,13.5181,0.33671954,Tmavě zelená (Znečištěná)
Unnamed POI,50.5425,13.4609,0.24924333,Světle modrá (Střední znečištění)
Terezina vyhlídka,50.5418,13.4744,0.26714906,Světle modrá (Střední znečištění)
Unnamed POI,50.6132,13.5201,0.20481303,Světle modrá (Střední znečištění)
Novoměstská radnice,50.0782,14.4213,4.49328,Oranžová (Extrémní znečištění)
Unnamed POI,50.3574,12.934,0.15221518,Modrá (Mírné znečištění)
Unnamed POI,49.7629,13.8658,0.1067149,Modrá (Mírné znečištění)
Unnamed POI,50.7903,15.2183,0.18000813,Světle modrá (Střední znečištění)
Unnamed POI,50.1912,12.8218,0.23248737,Světle modrá (Střední znečištění)
Unnamed POI,49.1684,13.5056,0.061191987,Tmavě modrá (Slabé znečištění)
výhled na Helfenburk,50.5819,14.3784,0.1278972,Modrá (Mírné znečištění)
Malinská skála,49.661,16.0715,0.08042887,Modrá (Mírné znečištění)
Unnamed POI,50.2671,13.6831,0.121329755,Modrá (Mírné znečištění)
Unnamed POI,50.2225,13.6932,0.11050682,Modrá (Mírné znečištění)
Unnamed POI,49.4124,14.6629,0.59948075,Tmavě zelená (Znečištěná)
Unnamed POI,49.4112,14.6568,0.5271132,Tmavě zelená (Znečištěná)
Unnamed POI,50.4804,14.6178,0.12342133,Modrá (Mírné znečištění)
Unnamed POI,50.2,12.8429,0.2791321,Světle modrá (Střední znečištění)
Unnamed POI,50.2138,12.8693,0.47626084,Tmavě zelená (Znečištěná)
Unnamed POI,50.2059,12.8964,0.2908014,Světle modrá (Střední znečištění)
Unnamed POI,50.2053,12.8985,0.2908014,Světle modrá (Střední znečištění)
Unnamed POI,50.6483,15.6992,0.121256724,Modrá (Mírné znečištění)
Unnamed POI,49.3342,13.2301,0.11614107,Modrá (Mírné znečištění)
Těnovická vyhlídka,49.6247,13.6344,0.110261135,Modrá (Mírné znečištění)
Unnamed POI,49.6852,13.4681,0.39007312,Tmavě zelená (Znečištěná)
Unnamed POI,49.3086,15.2935,0.082446,Modrá (Mírné znečištění)
Svatý jezevčík,49.7317,13.8686,0.08922192,Modrá (Mírné znečištění)
Unnamed POI,50.1898,13.9854,0.23142493,Světle modrá (Střední znečištění)
Malý belvedér,50.0897,14.4013,4.2743573,Oranžová (Extrémní znečištění)
Unnamed POI,50.0906,14.4033,4.2743573,Oranžová (Extrémní znečištění)
Unnamed POI,50.0579,14.2197,0.91899526,Zelená (Silné znečištění)
Unnamed POI,49.319,14.3497,0.093933284,Modrá (Mírné znečištění)
Unnamed POI,49.3448,14.5015,0.09883086,Modrá (Mírné znečištění)
Unnamed POI,49.3413,14.5004,0.09883086,Modrá (Mírné znečištění)
Čertova stěna,48.9205,17.2741,0.19962241,Světle modrá (Střední znečištění)
Unnamed POI,49.0315,13.9822,0.13191265,Modrá (Mírné znečištění)
Unnamed POI,49.545,16.3358,0.09542757,Modrá (Mírné znečištění)
Štátula,49.303,17.2381,0.19452141,Světle modrá (Střední znečištění)
Unnamed POI,49.4208,17.1648,0.25296578,Světle modrá (Střední znečištění)
Unnamed POI,49.102,13.4316,0.033696137,Šedá (Téměř přirozená)
Unnamed POI,50.0973,17.2915,0.06257548,Tmavě modrá (Slabé znečištění)
Rabštejn,49.948,17.1503,0.0856228,Modrá (Mírné znečištění)
Unnamed POI,49.356,14.0858,0.15063883,Modrá (Mírné znečištění)
Unnamed POI,49.3676,14.1449,0.122126475,Modrá (Mírné znečištění)
Unnamed POI,49.6829,16.6616,0.0985063,Modrá (Mírné znečištění)
Unnamed POI,49.5127,16.5036,0.15468107,Modrá (Mírné znečištění)
Unnamed POI,50.1087,17.3107,0.06780919,Tmavě modrá (Slabé znečištění)
Unnamed POI,50.5562,13.6499,0.6073515,Tmavě zelená (Znečištěná)
Lipa sp.,49.196,16.515,0.79367274,Zelená (Silné znečištění)
Unnamed POI,49.2167,16.6709,1.2544203,Zelená (Silné znečištění)
Unnamed POI,50.7315,14.1149,0.24521075,Světle modrá (Střední znečištění)
Unnamed POI,50.7513,14.0914,0.24427168,Světle modrá (Střední znečištění)
Unnamed POI,48.9532,14.244,0.11291569,Modrá (Mírné znečištění)
Unnamed POI,49.228,14.9746,0.091637924,Modrá (Mírné znečištění)
Unnamed POI,50.4906,13.9854,0.22169903,Světle modrá (Střední znečištění)
Unnamed POI,50.4868,13.9895,0.2484385,Světle modrá (Střední znečištění)
Unnamed POI,50.6012,14.2619,0.13955644,Modrá (Mírné znečištění)
Fričova vyhlídka,50.6755,14.076,0.8514355,Zelená (Silné znečištění)
Unnamed POI,49.1565,13.4392,0.043795507,Tmavě modrá (Slabé znečištění)
Unnamed POI,49.9938,14.3364,1.10153,Zelená (Silné znečištění)
Unnamed POI,49.9922,14.3403,1.10153,Zelená (Silné znečištění)
Unnamed POI,49.9884,14.3332,1.0220351,Zelená (Silné znečištění)
Unnamed POI,50.2025,12.8418,0.2791321,Světle modrá (Střední znečištění)
Unnamed POI,50.202,12.8477,0.2791321,Světle modrá (Střední znečištění)
Městské skály (675 m),50.0073,16.9775,0.17476444,Světle modrá (Střední znečištění)
Vyhlídková věž Haniperk - Svobodné Hory,49.1231,14.1168,0.09532949,Modrá (Mírné znečištění)
Unnamed POI,48.8107,14.3192,0.42393446,Tmavě zelená (Znečištěná)
Unnamed POI,50.0917,14.3987,3.9275193,Oranžová (Extrémní znečištění)
Unnamed POI,48.8106,14.3185,0.42393446,Tmavě zelená (Znečištěná)
Unnamed POI,50.2091,12.8933,0.2908014,Světle modrá (Střední znečištění)
Unnamed POI,50.208,12.8377,0.3464086,Tmavě zelená (Znečištěná)
Unnamed POI,48.8177,14.3172,0.5054934,Tmavě zelená (Znečištěná)
Unnamed POI,50.6743,14.6779,0.18283364,Světle modrá (Střední znečištění)
Unnamed POI,50.1967,14.2548,0.5147932,Tmavě zelená (Znečištěná)
Unnamed POI,50.0937,14.4089,4.610816,Oranžová (Extrémní znečištění)
Unnamed POI,50.219,12.8755,0.4928987,Tmavě zelená (Znečištěná)
Unnamed POI,50.2191,12.8743,0.47626084,Tmavě zelená (Znečištěná)
Unnamed POI,50.2623,17.43,0.116693996,Modrá (Mírné znečištění)
Unnamed POI,50.7802,14.185,0.6985901,Zelená (Silné znečištění)
Unnamed POI,50.7802,14.1853,0.6985901,Zelená (Silné znečištění)
Unnamed POI,50.7797,14.1861,0.6985901,Zelená (Silné znečištění)
Unnamed POI,48.8445,14.3154,0.235303,Světle modrá (Střední znečištění)
Unnamed POI,49.2787,13.6183,0.0950479,Modrá (Mírné znečištění)
Unnamed POI,49.964,18.2033,0.38952178,Tmavě zelená (Znečištěná)
Unnamed POI,49.3575,14.2698,0.09152743,Modrá (Mírné znečištění)
Unnamed POI,49.1678,13.4856,0.056480665,Tmavě modrá (Slabé znečištění)
Unnamed POI,49.1945,16.6,3.5112658,Oranžová (Extrémní znečištění)
Unnamed POI,48.8105,14.3161,0.46057072,Tmavě zelená (Znečištěná)
Unnamed POI,50.0723,14.4167,4.49328,Oranžová (Extrémní znečištění)
Unnamed POI,50.1718,17.6043,0.10799832,Modrá (Mírné znečištění)
Unnamed POI,50.1717,17.6041,0.10799832,Modrá (Mírné znečištění)
Farní vyhlídka,50.2324,14.4098,0.7210384,Zelená (Silné znečištění)
Unnamed POI,49.9286,14.6889,0.44390807,Tmavě zelená (Znečištěná)
Unnamed POI,50.0957,14.4255,5.0469403,Oranžová (Extrémní znečištění)
Unnamed POI,50.073,14.3645,2.905292,Oranžová (Extrémní znečištění)
Unnamed POI,50.0786,14.3963,3.986209,Oranžová (Extrémní znečištění)
Čtyři palice,49.6861,16.0933,0.08234183,Modrá (Mírné znečištění)
Unnamed POI,50.0776,14.3938,3.986209,Oranžová (Extrémní znečištění)
Unnamed POI,50.2677,16.1136,0.24729891,Světle modrá (Střední znečištění)
Unnamed POI,50.0652,14.6968,0.66955316,Zelená (Silné znečištění)
Unnamed POI,50.0709,14.685,0.7576257,Zelená (Silné znečištění)
Unnamed POI,50.1849,14.3754,0.90150326,Zelená (Silné znečištění)
Unnamed POI,50.1838,14.3746,0.8988653,Zelená (Silné znečištění)
Unnamed POI,50.0957,14.4201,4.9607544,Oranžová (Extrémní znečištění)
Unnamed POI,50.566,16.0758,0.12180823,Modrá (Mírné znečištění)
Unnamed POI,49.4894,18.4913,0.09252829,Modrá (Mírné znečištění)
Unnamed POI,50.7865,14.4778,0.1767873,Světle modrá (Střední znečištění)
Unnamed POI,50.7835,14.4785,0.1767873,Světle modrá (Střední znečištění)
Unnamed POI,50.7829,14.481,0.1767873,Světle modrá (Střední znečištění)
Unnamed POI,50.7829,14.4819,0.1767873,Světle modrá (Střední znečištění)
Unnamed POI,49.2727,16.457,0.3226259,Tmavě zelená (Znečištěná)
Chlukov,49.7148,13.7862,0.087634444,Modrá (Mírné znečištění)
Unnamed POI,50.3883,13.0271,0.08868949,Modrá (Mírné znečištění)
Unnamed POI,50.6382,14.5701,0.21157436,Světle modrá (Střední znečištění)
Unnamed POI,50.5717,16.1405,0.11170886,Modrá (Mírné znečištění)
Unnamed POI,50.6342,14.5568,0.20256022,Světle modrá (Střední znečištění)
Unnamed POI,50.1233,13.9932,0.28446165,Světle modrá (Střední znečištění)
Unnamed POI,50.2741,14.2538,0.41002366,Tmavě zelená (Znečištěná)
Unnamed POI,50.7644,14.5651,0.32385415,Tmavě zelená (Znečištěná)
Unnamed POI,49.6362,18.2904,0.36912096,Tmavě zelená (Znečištěná)
Unnamed POI,48.811,14.315,0.46057072,Tmavě zelená (Znečištěná)
Unnamed POI,48.809,14.315,0.46057072,Tmavě zelená (Znečištěná)
Unnamed POI,50.0855,12.8353,0.112038985,Modrá (Mírné znečištění)
Unnamed POI,50.1081,15.9805,0.18228811,Světle modrá (Střední znečištění)
Unnamed POI,48.8138,14.3219,0.5054934,Tmavě zelená (Znečištěná)
Unnamed POI,50.406,14.4489,0.34127766,Tmavě zelená (Znečištěná)
Unnamed POI,50.1631,14.8366,0.34300378,Tmavě zelená (Znečištěná)
Skalní vyhlídka,49.4484,16.3205,0.113363504,Modrá (Mírné znečištění)
Unnamed POI,49.4494,16.3136,0.10613428,Modrá (Mírné znečištění)
Výhled na vilu Mittrovských,49.4519,16.323,0.113363504,Modrá (Mírné znečištění)
Unnamed POI,50.7859,14.4758,0.1767873,Světle modrá (Střední znečištění)
Unnamed POI,48.9776,14.4672,1.8108541,Žlutá (Velmi silné znečištění)
Unnamed POI,49.1275,16.468,0.35256258,Tmavě zelená (Znečištěná)
Unnamed POI,50.7096,14.5907,0.24054743,Světle modrá (Střední znečištění)
Unnamed POI,50.6596,14.6733,0.16736278,Světle modrá (Střední znečištění)
Unnamed POI,50.7611,14.4757,0.17353244,Světle modrá (Střední znečištění)
Karlova Výšina,50.5113,13.4109,0.34206557,Tmavě zelená (Znečištěná)
Na kamenech. Pohled na hřeben a Sněžku.,50.6689,15.5702,0.122589745,Modrá (Mírné znečištění)
Unnamed POI,50.658,15.5755,0.13984895,Modrá (Mírné znečištění)
Unnamed POI,49.3325,15.8796,0.09935217,Modrá (Mírné znečištění)
Unnamed POI,50.7338,15.2752,0.26155007,Světle modrá (Střední znečištění)
Unnamed POI,50.1029,14.3225,1.9382424,Žlutá (Velmi silné znečištění)
Unnamed POI,50.5667,13.9729,0.21580765,Světle modrá (Střední znečištění)
Unnamed POI,50.5667,13.9732,0.21580765,Světle modrá (Střední znečištění)
Unnamed POI,50.8649,14.5658,0.14879073,Modrá (Mírné znečištění)
Unnamed POI,50.8649,14.5706,0.15602463,Modrá (Mírné znečištění)
Unnamed POI,50.8546,14.572,0.13640878,Modrá (Mírné znečištění)
Výhled na Smržovku,50.7357,15.2518,0.28948608,Světle modrá (Střední znečištění)
Výhled na Krkonoše,50.7367,15.2579,0.28948608,Světle modrá (Střední znečištění)
Výhled na viadukt,50.7383,15.2503,0.28515148,Světle modrá (Střední znečištění)
Unnamed POI,50.5885,14.5708,0.14572324,Modrá (Mírné znečištění)
Unnamed POI,50.5914,14.5717,0.14572324,Modrá (Mírné znečištění)
Výhled na chatu Bunč,49.1816,17.3481,0.1387026,Modrá (Mírné znečištění)
Vyhlídka pod Barabášem,49.2142,17.6658,0.7309552,Zelená (Silné znečištění)
Šibeniční vrch,49.2231,17.872,0.17215116,Světle modrá (Střední znečištění)
Unnamed POI,49.9585,14.7143,0.435244,Tmavě zelená (Znečištěná)
Unnamed POI,49.9583,14.7121,0.435244,Tmavě zelená (Znečištěná)
Unnamed POI,50.8222,14.4652,0.11952728,Modrá (Mírné znečištění)
Unnamed POI,50.8216,14.4629,0.11952728,Modrá (Mírné znečištění)
Unnamed POI,50.8217,14.4653,0.11952728,Modrá (Mírné znečištění)
Unnamed POI,49.6788,18.2068,0.40380934,Tmavě zelená (Znečištěná)
Unnamed POI,49.6805,18.2105,0.44224435,Tmavě zelená (Znečištěná)
Unnamed POI,49.6815,18.2086,0.44224435,Tmavě zelená (Znečištěná)
výhled na Českou Lípu,50.6721,14.4357,0.17199951,Světle modrá (Střední znečištění)
výhled na Nový Bor,50.6698,14.4358,0.17036851,Světle modrá (Střední znečištění)
výhled na Nový Oldřichov,50.6688,14.4379,0.17036851,Světle modrá (Střední znečištění)
Unnamed POI,50.6785,14.364,0.14205614,Modrá (Mírné znečištění)
Unnamed POI,50.6801,14.3604,0.14240599,Modrá (Mírné znečištění)
Johannisstein Aussicht,50.8345,14.7178,0.14139414,Modrá (Mírné znečištění)
Unnamed POI,50.1144,14.5814,2.1758635,Žlutá (Velmi silné znečištění)
Vyhlídková věž na skokanském můstku,50.5307,15.3483,0.1880263,Světle modrá (Střední znečištění)
Unnamed POI,49.9014,14.2517,0.31425276,Světle modrá (Střední znečištění)
Unnamed POI,49.9081,14.2512,0.358458,Tmavě zelená (Znečištěná)
Unnamed POI,49.8148,13.9877,0.1457483,Modrá (Mírné znečištění)
Unnamed POI,49.9019,14.2548,0.31425276,Světle modrá (Střední znečištění)
Hoher Stein,49.7211,17.6391,0.09079861,Modrá (Mírné znečištění)
Dvořáčkova vyhlídka,50.3396,16.1559,0.25066924,Světle modrá (Střední znečištění)
Vyhlídka Kačenka,50.5777,16.2581,0.121863484,Modrá (Mírné znečištění)
Vyhlídka do Zaječí rokle,50.5414,16.2978,0.11868691,Modrá (Mírné znečištění)
výhled na Lužické hory,50.6653,14.439,0.17036851,Světle modrá (Střední znečištění)
Unnamed POI,50.668,14.4323,0.16389912,Světle modrá (Střední znečištění)
Unnamed POI,50.6635,14.4334,0.17036851,Světle modrá (Střední znečištění)
Unnamed POI,49.2054,17.6137,0.5572007,Tmavě zelená (Znečištěná)
Unnamed POI,48.9238,14.3294,0.16924593,Světle modrá (Střední znečištění)
Skrytá vyhlídka,49.8608,14.467,0.26226357,Světle modrá (Střední znečištění)
Unnamed POI,48.9355,14.2944,0.13770868,Modrá (Mírné znečištění)
Unnamed POI,50.7451,14.4829,0.18570381,Světle modrá (Střední znečištění)
Unnamed POI,49.4073,16.0973,0.113799386,Modrá (Mírné znečištění)
Unnamed POI,49.0976,16.3874,0.44096196,Tmavě zelená (Znečištěná)
Unnamed POI,49.0975,16.3865,0.44096196,Tmavě zelená (Znečištěná)
Unnamed POI,49.954,14.1767,0.33708075,Tmavě zelená (Znečištěná)
Horymírka,49.5582,16.3348,0.092151836,Modrá (Mírné znečištění)
Unnamed POI,49.9548,14.1841,0.3601007,Tmavě zelená (Znečištěná)
Unnamed POI,49.1811,16.559,1.8117795,Žlutá (Velmi silné znečištění)
Unnamed POI,49.1853,16.5616,1.8117795,Žlutá (Velmi silné znečištění)
Unnamed POI,50.6881,14.4366,0.19507901,Světle modrá (Střední znečištění)
Turistická rozhledna Vysoká Srbská,50.4867,16.2298,0.16590993,Světle modrá (Střední znečištění)
Unnamed POI,50.6836,14.436,0.1809578,Světle modrá (Střední znečištění)
Unnamed POI,49.2425,14.3826,0.17444393,Světle modrá (Střední znečištění)
Unnamed POI,50.8255,14.5014,0.12138499,Modrá (Mírné znečištění)
Unnamed POI,50.1044,14.5638,2.5459075,Žlutá (Velmi silné znečištění)
Rozhledna Šťastná věž,49.6181,13.6134,0.14064261,Modrá (Mírné znečištění)
Unnamed POI,50.0075,12.6088,0.14075269,Modrá (Mírné znečištění)
Unnamed POI,50.0078,12.5955,0.123504646,Modrá (Mírné znečištění)
Unnamed POI,50.0025,12.6052,0.13387965,Modrá (Mírné znečištění)
Vyhlídková plošina,50.2019,12.9124,0.21601328,Světle modrá (Střední znečištění)
Unnamed POI,50.4744,13.1717,0.10463907,Modrá (Mírné znečištění)
Unnamed POI,49.3428,17.929,0.15490313,Modrá (Mírné znečištění)
vyhlídková terasa,49.2257,14.1275,0.10387149,Modrá (Mírné znečištění)
Vyhlídka Skalka,49.8283,14.4502,0.19051243,Světle modrá (Střední znečištění)
Unnamed POI,49.7101,13.8752,0.08886727,Modrá (Mírné znečištění)
Unnamed POI,50.8418,14.492,0.115001656,Modrá (Mírné znečištění)
Unnamed POI,50.8432,14.4903,0.11443142,Modrá (Mírné znečištění)
Unnamed POI,50.8424,14.4904,0.11443142,Modrá (Mírné znečištění)
Unnamed POI,50.844,14.4924,0.115001656,Modrá (Mírné znečištění)
Unnamed POI,50.8419,14.491,0.11443142,Modrá (Mírné znečištění)
Rozhledna Lenka,50.5635,16.1444,0.113940895,Modrá (Mírné znečištění)
Unnamed POI,49.1545,16.083,0.13078527,Modrá (Mírné znečištění)
Unnamed POI,49.9982,14.5592,1.6000102,Žlutá (Velmi silné znečištění)
Unnamed POI,49.9986,14.5567,1.4955664,Žlutá (Velmi silné znečištění)
Unnamed POI,50.6681,14.4657,0.20199119,Světle modrá (Střední znečištění)
Jelen evropský,50.1569,15.9266,0.250695,Světle modrá (Střední znečištění)
Unnamed POI,49.0387,17.1552,0.20995405,Světle modrá (Střední znečištění)
Unnamed POI,50.8725,15.1868,0.18460427,Světle modrá (Střední znečištění)
Vyhlídka na Střmen,50.5944,16.1314,0.10813412,Modrá (Mírné znečištění)
Unnamed POI,50.1576,17.3159,0.066184506,Tmavě modrá (Slabé znečištění)
Unnamed POI,50.664,14.4683,0.21678767,Světle modrá (Střední znečištění)
Bezděz,50.664,14.4598,0.20199119,Světle modrá (Střední znečištění)
"Česká Lípa, Ralsko",50.686,14.4816,0.26759332,Světle modrá (Střední znečištění)
Unnamed POI,49.2311,16.4599,0.38264865,Tmavě zelená (Znečištěná)
Unnamed POI,48.8091,14.3143,0.46057072,Tmavě zelená (Znečištěná)
Unnamed POI,48.8096,14.3131,0.46057072,Tmavě zelená (Znečištěná)
Česká Lípa,50.6728,14.4908,0.29129678,Světle modrá (Střední znečištění)
Rozhledna Feistův kopec,50.3785,16.3174,0.113084465,Modrá (Mírné znečištění)
Unnamed POI,50.1217,15.3015,0.17189412,Světle modrá (Střední znečištění)
Unnamed POI,50.0304,14.3138,1.8351742,Žlutá (Velmi silné znečištění)
Unnamed POI,49.9747,17.1413,0.08338214,Modrá (Mírné znečištění)
Unnamed POI,49.9839,14.4038,1.3602781,Žlutá (Velmi silné znečištění)
Melicharka (skála),49.6835,13.516,0.28358224,Světle modrá (Střední znečištění)
Vyhlídka Malhotky 269 m.n.m,49.149,17.0542,0.19314158,Světle modrá (Střední znečištění)
Vyhlídka na výsluní,48.9028,16.9472,0.22188637,Světle modrá (Střední znečištění)
Unnamed POI,49.2973,16.7009,0.2822851,Světle modrá (Střední znečištění)
Unnamed POI,50.1821,14.456,1.04826,Zelená (Silné znečištění)
Unnamed POI,50.3102,17.1125,0.11894906,Modrá (Mírné znečištění)
Unnamed POI,48.8126,14.3045,0.45077515,Tmavě zelená (Znečištěná)
Unnamed POI,49.2614,14.3041,0.12230657,Modrá (Mírné znečištění)
Unnamed POI,50.8836,14.2812,0.11305099,Modrá (Mírné znečištění)
Unnamed POI,50.8847,14.2819,0.11305099,Modrá (Mírné znečištění)
vyhlídka Radovič,50.2729,14.2508,0.41002366,Tmavě zelená (Znečištěná)
Unnamed POI,50.0297,14.3357,2.0020967,Žlutá (Velmi silné znečištění)
Vyhlídka Homole,49.9552,14.2781,0.52716863,Tmavě zelená (Znečištěná)
vyhlídka,49.2442,16.7387,0.38963938,Tmavě zelená (Znečištěná)
Unnamed POI,50.6564,15.6826,0.117400035,Modrá (Mírné znečištění)
Unnamed POI,49.7852,14.8558,0.14306775,Modrá (Mírné znečištění)
Hajnýho vyhlídka u Májky,48.915,13.7987,0.050509732,Tmavě modrá (Slabé znečištění)
Unnamed POI,50.6124,14.4826,0.15116203,Modrá (Mírné znečištění)
Unnamed POI,50.0793,17.7206,0.4185707,Tmavě zelená (Znečištěná)
Unnamed POI,49.073,16.4694,0.3554588,Tmavě zelená (Znečištěná)
Unnamed POI,50.7847,15.1146,0.39892942,Tmavě zelená (Znečištěná)
Výří skála,49.45,16.3021,0.102731004,Modrá (Mírné znečištění)
Unnamed POI,49.3064,14.108,0.2929093,Světle modrá (Střední znečištění)
Unnamed POI,49.5345,14.5163,0.076442696,Tmavě modrá (Slabé znečištění)
Unnamed POI,49.0723,17.4241,0.5716624,Tmavě zelená (Znečištěná)
Špalkova vyhlídka,48.84,16.0314,0.3440736,Tmavě zelená (Znečištěná)
Unnamed POI,49.2481,18.1124,0.07609367,Tmavě modrá (Slabé znečištění)
Unnamed POI,49.0686,17.3043,0.17294918,Světle modrá (Střední znečištění)
Unnamed POI,50.4902,13.9845,0.22169903,Světle modrá (Střední znečištění)
Unnamed POI,50.3851,12.9359,0.11119365,Modrá (Mírné znečištění)
Unnamed POI,50.8433,14.3976,0.113394514,Modrá (Mírné znečištění)
Unnamed POI,50.2036,14.3625,0.8737299,Zelená (Silné znečištění)
Unnamed POI,50.243,13.567,0.106778145,Modrá (Mírné znečištění)
Unnamed POI,49.4525,16.3154,0.10613428,Modrá (Mírné znečištění)
Burianova rozhledna (Milena),49.517,16.5137,0.1702492,Světle modrá (Střední znečištění)
Unnamed POI,50.7427,15.7696,0.12135916,Modrá (Mírné znečištění)
Unnamed POI,49.866,13.6013,0.13766463,Modrá (Mírné znečištění)
Unnamed POI,48.921,13.9083,0.05786208,Tmavě modrá (Slabé znečištění)
Vyhlídka Seppa Wudyho,49.2001,13.2163,0.045457296,Tmavě modrá (Slabé znečištění)
Unnamed POI,50.4773,14.9125,0.57300687,Tmavě zelená (Znečištěná)
Unnamed POI,49.1396,14.1346,0.12673098,Modrá (Mírné znečištění)
Unnamed POI,49.5877,18.1191,0.47450134,Tmavě zelená (Znečištěná)
Unnamed POI,49.8056,17.0371,0.1657221,Světle modrá (Střední znečištění)
Unnamed POI,51.0083,14.4483,0.1511532,Modrá (Mírné znečištění)
Unnamed POI,49.7418,17.335,0.16801795,Světle modrá (Střední znečištění)
Unnamed POI,50.5823,13.465,0.18348615,Světle modrá (Střední znečištění)
Unnamed POI,48.8551,16.0395,0.7735889,Zelená (Silné znečištění)
Unnamed POI,48.9986,14.0066,0.15859948,Modrá (Mírné znečištění)
Unnamed POI,48.7876,14.108,0.05616402,Tmavě modrá (Slabé znečištění)
Unnamed POI,48.7922,14.1038,0.05616402,Tmavě modrá (Slabé znečištění)
Unnamed POI,50.0693,14.8579,0.43517506,Tmavě zelená (Znečištěná)
Krásná vyhlídka,50.6904,14.8848,0.15406296,Modrá (Mírné znečištění)
Unnamed POI,49.8587,13.7619,0.18250494,Světle modrá (Střední znečištění)
Unnamed POI,49.1901,13.5689,0.061445035,Tmavě modrá (Slabé znečištění)
Unnamed POI,50.8682,14.296,0.118690334,Modrá (Mírné znečištění)
Unnamed POI,50.5205,13.6318,0.8583765,Zelená (Silné znečištění)
Unnamed POI,49.0076,13.9233,0.07203853,Tmavě modrá (Slabé znečištění)
Unnamed POI,49.5175,14.1778,0.06098996,Tmavě modrá (Slabé znečištění)
Unnamed POI,50.0676,14.6903,0.7193379,Zelená (Silné znečištění)
Unnamed POI,50.8278,14.5117,0.12167327,Modrá (Mírné znečištění)
Unnamed POI,50.1233,12.2213,0.115179226,Modrá (Mírné znečištění)
Unnamed POI,50.1611,14.313,0.9688707,Zelená (Silné znečištění)
Unnamed POI,50.6077,14.2857,0.13234311,Modrá (Mírné znečištění)
Unnamed POI,49.1619,16.0887,0.13502263,Modrá (Mírné znečištění)
Unnamed POI,49.7729,13.1237,0.13505259,Modrá (Mírné znečištění)
Unnamed POI,48.959,13.8656,0.04306013,Tmavě modrá (Slabé znečištění)
Unnamed POI,50.8521,15.1721,0.142671,Modrá (Mírné znečištění)
Vyhlídková plošina,50.1256,14.2808,1.4165043,Žlutá (Velmi silné znečištění)
Vyhlídka Floriánek,48.9083,16.8248,0.32032126,Tmavě zelená (Znečištěná)
Korunní vyhlídka,50.1876,12.7965,0.23992422,Světle modrá (Střední znečištění)
Unnamed POI,50.6737,14.7097,0.20638043,Světle modrá (Střední znečištění)
Unnamed POI,50.6752,14.7094,0.20638043,Světle modrá (Střední znečištění)
Unnamed POI,50.6742,14.7142,0.20638043,Světle modrá (Střední znečištění)
Unnamed POI,48.8125,14.3162,0.46057072,Tmavě zelená (Znečištěná)
Unnamed POI,48.815,14.317,0.5054934,Tmavě zelená (Znečištěná)
Rozhledna Amálka,50.1151,16.6028,0.0846291,Modrá (Mírné znečištění)
Unnamed POI,50.5587,16.207,0.12801379,Modrá (Mírné znečištění)
Krtičkova vyhlídka,50.5606,16.2081,0.12801379,Modrá (Mírné znečištění)
Unnamed POI,50.215,12.8935,0.37056804,Tmavě zelená (Znečištěná)
Unnamed POI,50.2781,12.9991,0.14704044,Modrá (Mírné znečištění)
Unnamed POI,50.8526,14.5636,0.1245679,Modrá (Mírné znečištění)
Unnamed POI,50.0828,17.2298,0.05973959,Tmavě modrá (Slabé znečištění)
Nad Vaněčkem,48.6568,14.5991,0.04661042,Tmavě modrá (Slabé znečištění)
U Ludvických Hor,48.6598,14.6008,0.04466667,Tmavě modrá (Slabé znečištění)
Malonty U Jákla,48.6822,14.588,0.07335681,Tmavě modrá (Slabé znečištění)
Unnamed POI,49.2358,16.594,1.8006097,Žlutá (Velmi silné znečištění)
Unnamed POI,50.2237,12.8852,0.5805844,Tmavě zelená (Znečištěná)
Unnamed POI,50.099,14.4618,3.8641882,Oranžová (Extrémní znečištění)
Unnamed POI,49.9438,14.4059,0.6361382,Tmavě zelená (Znečištěná)
Unnamed POI,49.9448,14.4039,0.6361382,Tmavě zelená (Znečištěná)
Unnamed POI,49.9475,14.3981,0.7447571,Zelená (Silné znečištění)
Unnamed POI,49.9485,14.397,0.7447571,Zelená (Silné znečištění)
Unnamed POI,49.9515,14.3961,0.7447571,Zelená (Silné znečištění)
Unnamed POI,50.8184,14.7124,0.13092278,Modrá (Mírné znečištění)
Unnamed POI,50.8174,14.714,0.13092278,Modrá (Mírné znečištění)
Unnamed POI,50.8072,14.5496,0.1333798,Modrá (Mírné znečištění)
Unnamed POI,50.7803,14.668,0.15015018,Modrá (Mírné znečištění)
Unnamed POI,50.6653,14.0912,0.87545264,Zelená (Silné znečištění)
Unnamed POI,49.1499,13.4151,0.037076652,Šedá (Téměř přirozená)
rozhledna Holedná,49.2149,16.5443,1.326399,Žlutá (Velmi silné znečištění)
Unnamed POI,49.8483,13.6089,0.1433126,Modrá (Mírné znečištění)
Vyhlídka z Domaniny,49.012,16.7837,0.20474333,Světle modrá (Střední znečištění)
Unnamed POI,49.9401,14.3967,0.63915205,Tmavě zelená (Znečištěná)
Unnamed POI,49.9455,14.3973,0.63915205,Tmavě zelená (Znečištěná)
Unnamed POI,50.7136,14.458,0.18985513,Světle modrá (Střední znečištění)
Unnamed POI,50.7159,14.4468,0.18472275,Světle modrá (Střední znečištění)
Unnamed POI,50.2251,14.3874,0.70598894,Zelená (Silné znečištění)
Unnamed POI,50.2133,14.357,0.706535,Zelená (Silné znečištění)
Radechovské skály,50.2781,13.2639,0.07886515,Tmavě modrá (Slabé znečištění)
Unnamed POI,49.8502,13.4468,0.21451731,Světle modrá (Střední znečištění)
Unnamed POI,50.8094,15.0723,0.38836908,Tmavě zelená (Znečištěná)
Unnamed POI,49.0924,16.2497,0.14260986,Modrá (Mírné znečištění)
Rozhledna Sofie,50.0053,14.4181,2.1414032,Žlutá (Velmi silné znečištění)
Unnamed POI,49.9279,14.1448,0.2698734,Světle modrá (Střední znečištění)
"Česká Lípa, Bezděz",50.6619,14.4817,0.22907901,Světle modrá (Střední znečištění)
Kočičí vrch,49.8017,17.431,0.13800883,Modrá (Mírné znečištění)
Unnamed POI,50.5,15.0397,0.3053748,Světle modrá (Střední znečištění)
Unnamed POI,50.4966,15.0459,0.2802341,Světle modrá (Střední znečištění)
Unnamed POI,49.1288,16.2778,0.16227956,Světle modrá (Střední znečištění)
Unnamed POI,49.194,17.5041,0.5000843,Tmavě zelená (Znečištěná)
Unnamed POI,49.1946,17.4926,0.423754,Tmavě zelená (Znečištěná)
Unnamed POI,49.1879,17.4712,0.2818916,Světle modrá (Střední znečištění)
Unnamed POI,49.6901,18.5682,0.37692755,Tmavě zelená (Znečištěná)
Unnamed POI,49.1345,16.2488,0.15204501,Modrá (Mírné znečištění)
Unnamed POI,49.7756,14.6542,0.25505096,Světle modrá (Střední znečištění)
Unnamed POI,50.0964,14.5,3.60584,Oranžová (Extrémní znečištění)
Unnamed POI,50.1133,14.3175,1.5063857,Žlutá (Velmi silné znečištění)
Unnamed POI,49.8009,13.9894,0.16055027,Světle modrá (Střední znečištění)
Unnamed POI,50.031,14.7264,0.468867,Tmavě zelená (Znečištěná)
Unnamed POI,49.9358,14.3333,0.53817946,Tmavě zelená (Znečištěná)
Unnamed POI,50.1015,14.5445,2.716703,Oranžová (Extrémní znečištění)
Unnamed POI,50.101,14.5424,2.716703,Oranžová (Extrémní znečištění)
Unnamed POI,50.7325,14.4133,0.15828766,Modrá (Mírné znečištění)
Unnamed POI,49.9845,14.351,1.2362658,Zelená (Silné znečištění)
Unnamed POI,49.1032,16.1796,0.2216233,Světle modrá (Střední znečištění)
Unnamed POI,49.1031,16.1799,0.2216233,Světle modrá (Střední znečištění)
Unnamed POI,49.1033,16.1798,0.2216233,Světle modrá (Střední znečištění)
Unnamed POI,50.8406,14.5693,0.11930689,Modrá (Mírné znečištění)
Unnamed POI,48.9373,14.5919,0.21289362,Světle modrá (Střední znečištění)
Unnamed POI,50.5926,14.0746,0.28358236,Světle modrá (Střední znečištění)
Unnamed POI,50.6146,16.4085,0.13105541,Modrá (Mírné znečištění)
Unnamed POI,49.631,18.1139,0.38946012,Tmavě zelená (Znečištěná)
Unnamed POI,50.1795,14.3713,0.8988653,Zelená (Silné znečištění)
Unnamed POI,49.9559,13.683,0.07455442,Tmavě modrá (Slabé znečištění)
Unnamed POI,50.2291,14.3765,0.69573706,Zelená (Silné znečištění)
Český betlém,50.3388,16.1607,0.21511789,Světle modrá (Střední znečištění)
Unnamed POI,49.5914,17.4985,0.18581213,Světle modrá (Střední znečištění)
Unnamed POI,50.5978,14.4572,0.13640654,Modrá (Mírné znečištění)
Unnamed POI,50.5949,14.4568,0.12963298,Modrá (Mírné znečištění)
Unnamed POI,50.6055,14.421,0.14031462,Modrá (Mírné znečištění)
Unnamed POI,50.6055,14.4215,0.14031462,Modrá (Mírné znečištění)
Unnamed POI,49.0983,16.2629,0.14799178,Modrá (Mírné znečištění)
Unnamed POI,50.5954,14.4464,0.12935674,Modrá (Mírné znečištění)
Unnamed POI,50.5946,14.4441,0.12935674,Modrá (Mírné znečištění)
Unnamed POI,50.5958,14.447,0.12935674,Modrá (Mírné znečištění)
Unnamed POI,50.5963,15.2503,0.15739956,Modrá (Mírné znečištění)
Unnamed POI,50.5975,15.2556,0.15739956,Modrá (Mírné znečištění)
Unnamed POI,50.5889,14.4516,0.12963298,Modrá (Mírné znečištění)
Unnamed POI,49.7008,17.5829,0.09755626,Modrá (Mírné znečištění)
Unnamed POI,49.3935,18.2502,0.09541575,Modrá (Mírné znečištění)
Unnamed POI,49.3928,18.2553,0.09541575,Modrá (Mírné znečištění)
Unnamed POI,49.4032,18.2699,0.0926506,Modrá (Mírné znečištění)
Unnamed POI,49.0197,15.5687,0.15803474,Modrá (Mírné znečištění)
Unnamed POI,48.9566,16.7614,0.21528347,Světle modrá (Střední znečištění)
Unnamed POI,50.5807,14.4674,0.12678118,Modrá (Mírné znečištění)
Unnamed POI,50.5669,13.9727,0.21580765,Světle modrá (Střední znečištění)
Unnamed POI,50.1282,14.3722,1.8043848,Žlutá (Velmi silné znečištění)
Unnamed POI,50.1298,14.3859,1.8677274,Žlutá (Velmi silné znečištění)
Unnamed POI,49.66,18.1539,0.41352126,Tmavě zelená (Znečištěná)
Unnamed POI,48.8178,14.3136,0.5378362,Tmavě zelená (Znečištěná)
Unnamed POI,50.0483,14.5173,2.9412134,Oranžová (Extrémní znečištění)
Unnamed POI,49.0991,14.1398,0.08274693,Modrá (Mírné znečištění)
Unnamed POI,50.0002,14.6805,0.73906296,Zelená (Silné znečištění)
Markův kopec,49.538,18.2237,0.43606642,Tmavě zelená (Znečištěná)
Unnamed POI,50.3504,14.4731,0.74173784,Zelená (Silné znečištění)
Unnamed POI,49.8565,14.3958,0.28435567,Světle modrá (Střední znečištění)
Unnamed POI,50.5997,15.213,0.18055962,Světle modrá (Střední znečištění)
Unnamed POI,49.147,16.2633,0.15687422,Modrá (Mírné znečištění)
Unnamed POI,49.149,16.2553,0.15262157,Modrá (Mírné znečištění)
Unnamed POI,49.9454,14.0928,0.32294068,Tmavě zelená (Znečištěná)
Unnamed POI,49.9468,14.0938,0.37908977,Tmavě zelená (Znečištěná)
Unnamed POI,50.0834,14.41,4.7292356,Oranžová (Extrémní znečištění)
Unnamed POI,50.08,14.4019,4.3506646,Oranžová (Extrémní znečištění)
Unnamed POI,50.0654,14.4847,3.8627474,Oranžová (Extrémní znečištění)
Unnamed POI,50.5794,16.1328,0.10870436,Modrá (Mírné znečištění)
Rozhledna Radošov,48.925,17.4282,0.17665648,Světle modrá (Střední znečištění)
Unnamed POI,48.8566,16.0384,0.7735889,Zelená (Silné znečištění)
Unnamed POI,50.6636,15.0776,0.2278485,Světle modrá (Střední znečištění)
Unnamed POI,49.9621,14.3638,0.8764744,Zelená (Silné znečištění)
Unnamed POI,49.9483,14.3622,0.71292615,Zelená (Silné znečištění)
Unnamed POI,50.0719,14.3257,2.6352284,Oranžová (Extrémní znečištění)
Unnamed POI,49.1936,16.5867,2.7170057,Oranžová (Extrémní znečištění)
Unnamed POI,50.1162,14.4908,3.3522134,Oranžová (Extrémní znečištění)
Unnamed POI,49.7505,17.6398,0.08936352,Modrá (Mírné znečištění)
Unnamed POI,49.2785,16.4616,0.32058492,Tmavě zelená (Znečištěná)
Unnamed POI,49.254,16.4831,0.40073672,Tmavě zelená (Znečištěná)
Unnamed POI,50.0701,14.4432,4.3174896,Oranžová (Extrémní znečištění)
Unnamed POI,49.9759,14.3904,1.3007549,Žlutá (Velmi silné znečištění)
Unnamed POI,49.2859,16.6715,0.3973697,Tmavě zelená (Znečištěná)
Unnamed POI,49.0353,16.2031,0.11163123,Modrá (Mírné znečištění)
Unnamed POI,49.0351,16.2022,0.11163123,Modrá (Mírné znečištění)
Unnamed POI,50.6779,14.2206,0.17310369,Světle modrá (Střední znečištění)
Unnamed POI,49.6292,18.2336,0.33091328,Tmavě zelená (Znečištěná)
Unnamed POI,48.8734,14.5535,0.14870939,Modrá (Mírné znečištění)
Unnamed POI,49.0407,14.0067,0.1276635,Modrá (Mírné znečištění)
Mrtvý muž,49.949,17.0983,0.10874063,Modrá (Mírné znečištění)
Unnamed POI,50.5285,14.5987,0.12483744,Modrá (Mírné znečištění)
Unnamed POI,50.5282,14.5924,0.12483744,Modrá (Mírné znečištění)
Unnamed POI,50.5287,14.5926,0.12483744,Modrá (Mírné znečištění)
Unnamed POI,50.5359,14.5838,0.12824073,Modrá (Mírné znečištění)
Unnamed POI,48.8253,14.3177,0.45249504,Tmavě zelená (Znečištěná)
Unnamed POI,49.1387,16.2385,0.14758095,Modrá (Mírné znečištění)
Unnamed POI,50.7245,14.6101,0.18965921,Světle modrá (Střední znečištění)
Unnamed POI,50.6564,14.5119,0.31223148,Světle modrá (Střední znečištění)
Unnamed POI,49.3559,16.3497,0.15201971,Modrá (Mírné znečištění)
Unnamed POI,49.3594,16.301,0.12055094,Modrá (Mírné znečištění)
Unnamed POI,49.3612,16.3015,0.12055094,Modrá (Mírné znečištění)
Unnamed POI,49.3607,16.4219,0.3523172,Tmavě zelená (Znečištěná)
Unnamed POI,49.7386,13.5516,0.32123837,Tmavě zelená (Znečištěná)
Unnamed POI,50.564,16.2761,0.123588905,Modrá (Mírné znečištění)
Unnamed POI,49.0978,16.2584,0.14799178,Modrá (Mírné znečištění)
Unnamed POI,49.0981,16.2595,0.14799178,Modrá (Mírné znečištění)
Unnamed POI,49.0985,16.2616,0.14799178,Modrá (Mírné znečištění)
Unnamed POI,50.114,15.2984,0.18337333,Světle modrá (Střední znečištění)
Unnamed POI,50.0426,15.2906,0.3206738,Tmavě zelená (Znečištěná)
Unnamed POI,49.4996,17.8923,0.2435043,Světle modrá (Střední znečištění)
Unnamed POI,49.4995,17.889,0.22633456,Světle modrá (Střední znečištění)
Unnamed POI,49.2343,13.4918,0.14040405,Modrá (Mírné znečištění)
Unnamed POI,49.2548,16.4923,0.43515593,Tmavě zelená (Znečištěná)
Unnamed POI,50.4107,13.8068,0.2079878,Světle modrá (Střední znečištění)
Unnamed POI,49.9527,18.1005,0.36734113,Tmavě zelená (Znečištěná)
Unnamed POI,49.2984,16.7496,0.26529065,Světle modrá (Střední znečištění)
Poutníkův trůn,49.8483,14.2262,0.19947581,Světle modrá (Střední znečištění)
Unnamed POI,49.2943,16.7423,0.26989678,Světle modrá (Střední znečištění)
Unnamed POI,49.2991,16.7413,0.2749912,Světle modrá (Střední znečištění)
Unnamed POI,50.5526,14.9827,0.27393678,Světle modrá (Střední znečištění)
Unnamed POI,50.2379,14.8968,0.2640036,Světle modrá (Střední znečištění)
Unnamed POI,49.2951,16.7481,0.26989678,Světle modrá (Střední znečištění)
Unnamed POI,50.7128,14.6535,0.18243192,Světle modrá (Střední znečištění)
Unnamed POI,50.7252,14.6439,0.17217037,Světle modrá (Střední znečištění)
Unnamed POI,50.7188,14.638,0.18229757,Světle modrá (Střední znečištění)
Unnamed POI,50.6355,14.0741,0.4972337,Tmavě zelená (Znečištěná)
Unnamed POI,49.7281,17.3126,0.27443928,Světle modrá (Střední znečištění)
Unnamed POI,49.8992,14.1345,0.2243427,Světle modrá (Střední znečištění)
Unnamed POI,49.948,14.0911,0.40506604,Tmavě zelená (Znečištěná)
Unnamed POI,49.9614,14.1254,0.32618418,Tmavě zelená (Znečištěná)
Unnamed POI,49.962,14.125,0.32618418,Tmavě zelená (Znečištěná)
Unnamed POI,50.0815,15.3018,0.21966676,Světle modrá (Střední znečištění)
Unnamed POI,48.7829,16.8245,0.22291611,Světle modrá (Střední znečištění)
Unnamed POI,48.8338,14.2939,0.23745644,Světle modrá (Střední znečištění)
Unnamed POI,49.8648,17.3701,0.08985383,Modrá (Mírné znečištění)
Unnamed POI,49.639,17.552,0.11780475,Modrá (Mírné znečištění)
Unnamed POI,49.9544,14.1774,0.35256165,Tmavě zelená (Znečištěná)
Unnamed POI,49.954,14.1747,0.32574913,Tmavě zelená (Znečištěná)
Unnamed POI,49.6417,17.4883,0.151488,Modrá (Mírné znečištění)
Unnamed POI,49.8813,17.2104,0.09177944,Modrá (Mírné znečištění)
Unnamed POI,49.3282,18.3085,0.066564545,Tmavě modrá (Slabé znečištění)
Unnamed POI,49.3274,18.3022,0.06768055,Tmavě modrá (Slabé znečištění)
Unnamed POI,50.0366,17.4494,0.10427025,Modrá (Mírné znečištění)
Ločarův kámen,49.5459,15.5409,0.12690327,Modrá (Mírné znečištění)
Unnamed POI,50.0812,14.5633,2.4195645,Žlutá (Velmi silné znečištění)
Unnamed POI,49.0633,14.4468,0.26476336,Světle modrá (Střední znečištění)
Unnamed POI,49.2075,16.46,0.46008924,Tmavě zelená (Znečištěná)
Unnamed POI,49.2081,16.1621,0.28794065,Světle modrá (Střední znečištění)
Unnamed POI,49.7957,17.3321,0.10996105,Modrá (Mírné znečištění)
Unnamed POI,49.5371,17.7475,0.32831317,Tmavě zelená (Znečištěná)
Unnamed POI,49.0464,14.0656,0.091423035,Modrá (Mírné znečištění)
Unnamed POI,49.3263,16.6539,0.30533564,Světle modrá (Střední znečištění)
Lorelei,49.8195,17.7106,0.116176955,Modrá (Mírné znečištění)
Unnamed POI,50.7166,15.4932,0.105429694,Modrá (Mírné znečištění)
Unnamed POI,49.996,14.8605,0.26736322,Světle modrá (Střední znečištění)
Unnamed POI,49.996,14.8615,0.26736322,Světle modrá (Střední znečištění)
Unnamed POI,50.0786,16.3084,0.13247092,Modrá (Mírné znečištění)
Unnamed POI,49.3071,14.1464,0.8093591,Zelená (Silné znečištění)
Unnamed POI,49.1933,17.5885,0.37695137,Tmavě zelená (Znečištěná)
Unnamed POI,50.5683,15.9825,0.21181938,Světle modrá (Střední znečištění)
Unnamed POI,50.6382,15.7156,0.13442075,Modrá (Mírné znečištění)
Unnamed POI,50.6739,15.7274,0.1120648,Modrá (Mírné znečištění)
Unnamed POI,50.6758,15.7185,0.11135868,Modrá (Mírné znečištění)
Unnamed POI,49.267,15.5205,0.084751785,Modrá (Mírné znečištění)
Gräfova vyhlídka,50.1911,17.1774,0.12759581,Modrá (Mírné znečištění)
Unnamed POI,50.4877,14.5191,0.1260625,Modrá (Mírné znečištění)
Unnamed POI,50.144,14.8018,0.40538284,Tmavě zelená (Znečištěná)
Unnamed POI,50.764,14.5574,0.3941401,Tmavě zelená (Znečištěná)
Kazabrud,50.4965,15.6095,0.11425134,Modrá (Mírné znečištění)
Unnamed POI,49.4123,18.2592,0.0983167,Modrá (Mírné znečištění)
Unnamed POI,49.4125,18.2587,0.0983167,Modrá (Mírné znečištění)
Rozhledna Halaška,49.8115,17.6088,0.10264497,Modrá (Mírné znečištění)
Unnamed POI,50.8296,14.4571,0.11422917,Modrá (Mírné znečištění)
Unnamed POI,50.8314,14.4496,0.11422917,Modrá (Mírné znečištění)
Unnamed POI,50.8392,14.4512,0.11219307,Modrá (Mírné znečištění)
Unnamed POI,50.5233,13.2509,0.12000451,Modrá (Mírné znečištění)
Unnamed POI,50.4875,13.0284,0.1247012,Modrá (Mírné znečištění)
Unnamed POI,50.6853,13.7068,0.19884896,Světle modrá (Střední znečištění)
Unnamed POI,50.6856,13.708,0.19884896,Světle modrá (Střední znečištění)
Unnamed POI,50.5548,13.9318,0.20498471,Světle modrá (Střední znečištění)
Unnamed POI,49.3749,17.6945,0.18549098,Světle modrá (Střední znečištění)
Unnamed POI,50.6987,15.7859,0.11416918,Modrá (Mírné znečištění)
Unnamed POI,50.688,15.7941,0.11552907,Modrá (Mírné znečištění)
Unnamed POI,50.715,15.7869,0.10947744,Modrá (Mírné znečištění)
Unnamed POI,49.7438,15.1008,0.18748,Světle modrá (Střední znečištění)
Unnamed POI,49.7833,14.1803,0.28469926,Světle modrá (Střední znečištění)
Unnamed POI,50.7062,15.1139,0.33459544,Tmavě zelená (Znečištěná)
Unnamed POI,50.7359,15.0707,0.6603108,Zelená (Silné znečištění)
Unnamed POI,49.3356,18.2881,0.07331587,Tmavě modrá (Slabé znečištění)
Unnamed POI,50.7829,15.5108,0.09960538,Modrá (Mírné znečištění)
Unnamed POI,49.6129,13.6215,0.12289896,Modrá (Mírné znečištění)
Unnamed POI,50.5271,13.6407,0.72885567,Zelená (Silné znečištění)
Unnamed POI,50.5534,13.6431,0.59363025,Tmavě zelená (Znečištěná)
Unnamed POI,50.5314,15.0654,0.20370154,Světle modrá (Střední znečištění)
Unnamed POI,49.0286,13.5874,0.0398338,Šedá (Téměř přirozená)
Unnamed POI,49.03,13.5843,0.037638877,Šedá (Téměř přirozená)
Unnamed POI,50.1082,14.4676,3.5981224,Oranžová (Extrémní znečištění)
Unnamed POI,50.1094,14.4653,3.5603523,Oranžová (Extrémní znečištění)
Unnamed POI,50.5391,14.7192,0.13940474,Modrá (Mírné znečištění)
Unnamed POI,50.5395,14.7202,0.13940474,Modrá (Mírné znečištění)
Unnamed POI,49.2954,18.2301,0.06541774,Tmavě modrá (Slabé znečištění)
Unnamed POI,50.1016,17.2139,0.05973959,Tmavě modrá (Slabé znečištění)
Unnamed POI,49.4606,12.9535,0.16222912,Světle modrá (Střední znečištění)
Výhled na Beskydy,49.6306,17.7128,0.14826168,Modrá (Mírné znečištění)
Rozhledna Modrá,49.119,17.4033,0.2579702,Světle modrá (Střední znečištění)
Unnamed POI,50.3311,14.4355,0.33880836,Tmavě zelená (Znečištěná)
Vyhlídka Dominiky Kolowrat Krakovské,49.6298,12.6,0.06278671,Tmavě modrá (Slabé znečištění)
Unnamed POI,50.7847,14.6594,0.15775372,Modrá (Mírné znečištění)
Unnamed POI,50.3679,13.1321,0.12245125,Modrá (Mírné znečištění)
Unnamed POI,50.5221,16.3257,0.11506824,Modrá (Mírné znečištění)
Unnamed POI,50.5235,16.3221,0.114282124,Modrá (Mírné znečištění)
Unnamed POI,50.8208,15.3665,0.097519755,Modrá (Mírné znečištění)
Unnamed POI,49.289,17.1853,0.17596,Světle modrá (Střední znečištění)
Unnamed POI,49.8061,18.0995,0.538364,Tmavě zelená (Znečištěná)
Unnamed POI,49.8057,18.0989,0.538364,Tmavě zelená (Znečištěná)
Unnamed POI,50.8556,15.2391,0.11772445,Modrá (Mírné znečištění)
jihovýchodní výhled,49.5723,14.0278,0.08734534,Modrá (Mírné znečištění)
severozápadní výhled,49.5739,14.0265,0.08734534,Modrá (Mírné znečištění)
Unnamed POI,49.1289,18.1055,0.09797867,Modrá (Mírné znečištění)
Vyhlídka u rybářské školy,49.1601,14.1777,0.1982806,Světle modrá (Střední znečištění)
Unnamed POI,49.738,13.6588,0.17616323,Světle modrá (Střední znečištění)
Unnamed POI,49.7392,13.6537,0.19000943,Světle modrá (Střední znečištění)
Unnamed POI,48.9891,15.9923,0.107084654,Modrá (Mírné znečištění)
Unnamed POI,50.8691,14.2965,0.118690334,Modrá (Mírné znečištění)
Unnamed POI,49.6724,13.808,0.07452424,Tmavě modrá (Slabé znečištění)
Unnamed POI,49.6722,13.8086,0.07452424,Tmavě modrá (Slabé znečištění)
Unnamed POI,49.657,13.7782,0.07251892,Tmavě modrá (Slabé znečištění)
Unnamed POI,50.1414,16.8237,0.06442404,Tmavě modrá (Slabé znečištění)
Unnamed POI,50.488,15.7697,0.11837416,Modrá (Mírné znečištění)
Unnamed POI,49.0571,17.2427,0.19677566,Světle modrá (Střední znečištění)
Unnamed POI,49.625,13.6086,0.12825865,Modrá (Mírné znečištění)
Unnamed POI,48.8117,14.3113,0.46057072,Tmavě zelená (Znečištěná)
Unnamed POI,48.812,14.3119,0.46057072,Tmavě zelená (Znečištěná)
Unnamed POI,48.7023,14.0266,0.03988355,Šedá (Téměř přirozená)
Unnamed POI,48.922,14.1163,0.051338293,Tmavě modrá (Slabé znečištění)
Kaple Zvěstování Panny Marie,50.422,16.1689,0.4548342,Tmavě zelená (Znečištěná)
Unnamed POI,50.256,13.0044,0.12660867,Modrá (Mírné znečištění)
Unnamed POI,49.1374,15.5726,0.06731763,Tmavě modrá (Slabé znečištění)
Unnamed POI,49.1043,15.4162,0.10184696,Modrá (Mírné znečištění)
Unnamed POI,49.1032,15.4151,0.10987042,Modrá (Mírné znečištění)
Unnamed POI,49.1038,15.417,0.12144647,Modrá (Mírné znečištění)
Unnamed POI,49.5187,17.6289,0.20668828,Světle modrá (Střední znečištění)
Unnamed POI,49.5188,17.6287,0.20668828,Světle modrá (Střední znečištění)
Unnamed POI,49.9648,14.4178,0.9481213,Zelená (Silné znečištění)
Unnamed POI,48.9448,15.7054,0.042777568,Tmavě modrá (Slabé znečištění)
Unnamed POI,49.5594,16.3077,0.09599149,Modrá (Mírné znečištění)
Unnamed POI,49.5586,16.3093,0.09489253,Modrá (Mírné znečištění)
Vyhlídka Karla Zvěřiny,49.1537,14.9691,0.2506786,Světle modrá (Střední znečištění)
Unnamed POI,49.4279,17.9989,0.18388319,Světle modrá (Střední znečištění)
Unnamed POI,50.5872,14.5664,0.14556931,Modrá (Mírné znečištění)
Unnamed POI,50.5852,14.5636,0.14556931,Modrá (Mírné znečištění)
Unnamed POI,50.7612,15.4254,0.11517845,Modrá (Mírné znečištění)
Rozhledna,49.9955,14.8588,0.27961326,Světle modrá (Střední znečištění)
Unnamed POI,49.2589,16.463,0.3377543,Tmavě zelená (Znečištěná)
Unnamed POI,49.2589,16.463,0.3377543,Tmavě zelená (Znečištěná)
Unnamed POI,50.6847,13.7065,0.19884896,Světle modrá (Střední znečištění)
Unnamed POI,49.9666,16.9359,0.29257295,Světle modrá (Střední znečištění)
Unnamed POI,49.9151,14.3764,0.46276814,Tmavě zelená (Znečištěná)
Unnamed POI,49.7717,17.9824,0.2553904,Světle modrá (Střední znečištění)
Unnamed POI,49.9965,17.0465,0.15457118,Modrá (Mírné znečištění)
Unnamed POI,50.7384,14.3162,0.2712517,Světle modrá (Střední znečištění)
Unnamed POI,50.1264,14.3716,1.8043848,Žlutá (Velmi silné znečištění)
Unnamed POI,49.9944,17.047,0.15303254,Modrá (Mírné znečištění)
Unnamed POI,50.0256,14.2484,0.91406983,Zelená (Silné znečištění)
Unnamed POI,50.6195,15.3036,0.21641687,Světle modrá (Střední znečištění)
Unnamed POI,50.6043,13.4438,0.171017,Světle modrá (Střední znečištění)
Unnamed POI,50.0718,14.3661,2.905292,Oranžová (Extrémní znečištění)
Unnamed POI,49.2512,14.0961,0.12735668,Modrá (Mírné znečištění)
Unnamed POI,50.2833,17.1915,0.10859363,Modrá (Mírné znečištění)
Unnamed POI,49.5937,16.1188,0.09945621,Modrá (Mírné znečištění)
Unnamed POI,49.5939,16.1178,0.09945621,Modrá (Mírné znečištění)
Unnamed POI,49.2172,16.8343,0.3039966,Světle modrá (Střední znečištění)
Unnamed POI,49.9331,13.9832,0.2706754,Světle modrá (Střední znečištění)
Unnamed POI,50.7967,14.1158,0.18697435,Světle modrá (Střední znečištění)
Unnamed POI,50.7913,14.1002,0.1989622,Světle modrá (Střední znečištění)
Unnamed POI,50.7938,14.0979,0.19057356,Světle modrá (Střední znečištění)
Unnamed POI,50.5905,14.4731,0.13210377,Modrá (Mírné znečištění)
Unnamed POI,48.8109,14.3095,0.46057072,Tmavě zelená (Znečištěná)
Hájníkův kohout,50.8902,15.2172,0.138978,Modrá (Mírné znečištění)
Unnamed POI,50.8953,15.2014,0.1676129,Světle modrá (Střední znečištění)
Unnamed POI,50.5939,14.4442,0.12935674,Modrá (Mírné znečištění)
Unnamed POI,49.2115,16.6141,2.6750977,Oranžová (Extrémní znečištění)
Unnamed POI,49.7419,14.4105,0.104773656,Modrá (Mírné znečištění)
Unnamed POI,50.4672,15.3286,0.18723674,Světle modrá (Střední znečištění)
Unnamed POI,50.1741,14.3929,1.0637964,Zelená (Silné znečištění)
Unnamed POI,49.9052,13.7239,0.09210797,Modrá (Mírné znečištění)
výhled na Opičí skálu,50.5896,14.378,0.12909925,Modrá (Mírné znečištění)
Unnamed POI,49.4172,16.0599,0.108885944,Modrá (Mírné znečištění)
Unnamed POI,49.4172,16.0574,0.10991189,Modrá (Mírné znečištění)
Unnamed POI,48.904,14.5039,0.24216746,Světle modrá (Střední znečištění)
Unnamed POI,49.1772,16.9422,0.26754078,Světle modrá (Střední znečištění)
Unnamed POI,49.0915,16.2484,0.14260986,Modrá (Mírné znečištění)
Unnamed POI,50.1713,14.4151,1.1026859,Zelená (Silné znečištění)
Unnamed POI,50.0962,14.4299,4.2460117,Oranžová (Extrémní znečištění)
Unnamed POI,50.5876,14.6728,0.14074358,Modrá (Mírné znečištění)
Unnamed POI,49.0865,16.8888,0.20641775,Světle modrá (Střední znečištění)
Hraběcí kříž,50.0399,13.2961,0.05812971,Tmavě modrá (Slabé znečištění)
ptačí pozorovatelna,49.8033,18.2022,1.5868388,Žlutá (Velmi silné znečištění)
Unnamed POI,50.0211,15.3838,0.22209087,Světle modrá (Střední znečištění)
Unnamed POI,50.5899,14.4613,0.13073026,Modrá (Mírné znečištění)
Unnamed POI,50.5933,14.4434,0.12935674,Modrá (Mírné znečištění)
Unnamed POI,50.6122,14.5608,0.16870594,Světle modrá (Střední znečištění)
Unnamed POI,50.5621,16.2141,0.13290948,Modrá (Mírné znečištění)
Unnamed POI,49.8396,13.8925,0.38476694,Tmavě zelená (Znečištěná)
Unnamed POI,49.0759,17.6561,0.19145533,Světle modrá (Střední znečištění)
Unnamed POI,50.7472,14.7133,0.15441355,Modrá (Mírné znečištění)
Unnamed POI,50.2232,12.8792,0.70367897,Zelená (Silné znečištění)
Unnamed POI,50.7543,14.6855,0.148783,Modrá (Mírné znečištění)
Unnamed POI,50.7394,14.7036,0.16262858,Světle modrá (Střední znečištění)
Unnamed POI,49.0482,15.1449,0.07078248,Tmavě modrá (Slabé znečištění)
Unnamed POI,50.7867,14.4123,0.15687074,Modrá (Mírné znečištění)
Unnamed POI,50.7844,14.4221,0.15682644,Modrá (Mírné znečištění)
Unnamed POI,50.7219,13.7771,0.18660063,Světle modrá (Střední znečištění)
Unnamed POI,50.0434,14.4032,3.2866642,Oranžová (Extrémní znečištění)
Kraví hora,48.634,14.3203,0.077221274,Tmavě modrá (Slabé znečištění)
Unnamed POI,50.3114,16.3274,0.09356986,Modrá (Mírné znečištění)
Unnamed POI,50.7641,14.377,0.14866617,Modrá (Mírné znečištění)
Unnamed POI,50.7654,14.3645,0.1516405,Modrá (Mírné znečištění)
rozhledna u sovy,48.9941,15.4966,0.050458033,Tmavě modrá (Slabé znečištění)
Unnamed POI,48.9929,15.4718,0.050473448,Tmavě modrá (Slabé znečištění)
Unnamed POI,48.9174,15.733,0.04511054,Tmavě modrá (Slabé znečištění)
Unnamed POI,49.464,17.014,0.2751366,Světle modrá (Střední znečištění)
Unnamed POI,49.3087,16.6937,0.27750197,Světle modrá (Střední znečištění)
Unnamed POI,50.7782,14.6715,0.15909773,Modrá (Mírné znečištění)
Unnamed POI,50.0964,14.4488,4.140882,Oranžová (Extrémní znečištění)
Unnamed POI,50.6688,14.2869,0.15600589,Modrá (Mírné znečištění)
Unnamed POI,48.7761,14.5109,0.10806599,Modrá (Mírné znečištění)
Unnamed POI,48.7331,14.0107,0.042428322,Tmavě modrá (Slabé znečištění)
Unnamed POI,50.7597,14.7658,0.1987205,Světle modrá (Střední znečištění)
Unnamed POI,50.7678,14.7783,0.18797761,Světle modrá (Střední znečištění)
Unnamed POI,50.7557,14.7687,0.18524323,Světle modrá (Střední znečištění)
Unnamed POI,50.0567,14.2441,1.160618,Zelená (Silné znečištění)
Unnamed POI,49.3199,17.752,0.16045396,Světle modrá (Střední znečištění)
Unnamed POI,50.5451,13.7805,0.5637855,Tmavě zelená (Znečištěná)
Unnamed POI,49.6238,18.5627,0.20556784,Světle modrá (Střední znečištění)
Unnamed POI,50.6486,15.169,0.2028065,Světle modrá (Střední znečištění)
Unnamed POI,50.6486,15.1691,0.2028065,Světle modrá (Střední znečištění)
Unnamed POI,49.1401,15.332,0.070579834,Tmavě modrá (Slabé znečištění)
Unnamed POI,50.6387,14.4713,0.2248027,Světle modrá (Střední znečištění)
Cimburk,49.1036,17.2156,0.12895857,Modrá (Mírné znečištění)
Koryčanská kaple,49.0817,17.1991,0.14060271,Modrá (Mírné znečištění)
Unnamed POI,50.5527,13.7777,0.7035854,Zelená (Silné znečištění)
Unnamed POI,50.6803,14.8602,0.15920775,Modrá (Mírné znečištění)
Unnamed POI,50.6877,14.8522,0.1756289,Světle modrá (Střední znečištění)
Unnamed POI,49.0715,17.2218,0.1472682,Modrá (Mírné znečištění)
Unnamed POI,48.9275,16.9078,0.18969487,Světle modrá (Střední znečištění)
Unnamed POI,50.6839,14.8571,0.16764534,Světle modrá (Střední znečištění)
Unnamed POI,50.6863,14.854,0.16764534,Světle modrá (Střední znečištění)
Unnamed POI,50.6935,14.8553,0.1756289,Světle modrá (Střední znečištění)
Vyhlídková věž,50.2907,14.8232,0.4178071,Tmavě zelená (Znečištěná)
Unnamed POI,50.3058,14.8448,0.29359573,Světle modrá (Střední znečištění)
Unnamed POI,49.479,14.6688,0.14391704,Modrá (Mírné znečištění)
Unnamed POI,49.2275,18.0781,0.08962712,Modrá (Mírné znečištění)
Unnamed POI,49.6527,14.2794,0.095114835,Modrá (Mírné znečištění)
Unnamed POI,50.6877,14.8999,0.15510826,Modrá (Mírné znečištění)
Unnamed POI,50.6874,14.8823,0.15240118,Modrá (Mírné znečištění)
Unnamed POI,50.7001,14.8803,0.15844099,Modrá (Mírné znečištění)
Unnamed POI,50.6982,14.877,0.15844099,Modrá (Mírné znečištění)
Unnamed POI,49.9955,14.3708,1.5295205,Žlutá (Velmi silné znečištění)
Unnamed POI,50.7832,13.9204,0.14671123,Modrá (Mírné znečištění)
Unnamed POI,50.6919,14.1684,0.2540383,Světle modrá (Střední znečištění)
Unnamed POI,50.6899,14.1671,0.2540383,Světle modrá (Střední znečištění)
Unnamed POI,50.7351,14.4875,0.20401976,Světle modrá (Střední znečištění)
Unnamed POI,49.9508,14.0643,0.56045717,Tmavě zelená (Znečištěná)
Unnamed POI,49.9707,14.0569,0.68293303,Zelená (Silné znečištění)
Unnamed POI,49.2003,13.4936,0.08699525,Modrá (Mírné znečištění)
Rozhledna Blahutovice,49.59,17.878,0.19171011,Světle modrá (Střední znečištění)
Polické Insta dveře,50.5232,16.2611,0.13115959,Modrá (Mírné znečištění)
Unnamed POI,50.6325,13.6659,0.28928164,Světle modrá (Střední znečištění)
Březový vrch,50.6869,14.1727,0.26476893,Světle modrá (Střední znečištění)
Unnamed POI,49.3835,12.7836,0.066368386,Tmavě modrá (Slabé znečištění)
Unnamed POI,50.2549,12.2069,0.13897778,Modrá (Mírné znečištění)
Unnamed POI,49.9066,14.3147,0.38554296,Tmavě zelená (Znečištěná)
Unnamed POI,49.6793,12.6669,0.089999765,Modrá (Mírné znečištění)
Unnamed POI,50.5968,14.2622,0.13955644,Modrá (Mírné znečištění)
Unnamed POI,50.6015,14.2619,0.13955644,Modrá (Mírné znečištění)
Unnamed POI,50.606,14.2575,0.1425593,Modrá (Mírné znečištění)
Unnamed POI,50.1787,16.235,0.24619564,Světle modrá (Střední znečištění)
Unnamed POI,49.608,12.8612,0.052969098,Tmavě modrá (Slabé znečištění)
Unnamed POI,49.6647,12.9844,0.08678142,Modrá (Mírné znečištění)
Unnamed POI,49.9483,13.3757,0.13507704,Modrá (Mírné znečištění)
minirozhledna,48.9684,14.4215,0.5618362,Tmavě zelená (Znečištěná)
Rozhledna na Skřivánčím vrchu u Málkova,50.4491,13.3265,0.26182038,Světle modrá (Střední znečištění)
Unnamed POI,50.0749,15.0302,0.28626472,Světle modrá (Střední znečištění)
Unnamed POI,49.8723,16.3083,0.3842341,Tmavě zelená (Znečištěná)
Unnamed POI,50.7829,14.6725,0.15015018,Modrá (Mírné znečištění)
Unnamed POI,49.0815,17.3381,0.2550357,Světle modrá (Střední znečištění)
Unnamed POI,49.0822,17.3367,0.2550357,Světle modrá (Střední znečištění)
Unnamed POI,50.6468,16.0844,0.119581275,Modrá (Mírné znečištění)
Otevřené dveře Nová Ves,50.3515,12.5454,0.10395179,Modrá (Mírné znečištění)
Unnamed POI,50.679,14.4322,0.16553013,Světle modrá (Střední znečištění)
Unnamed POI,49.0851,17.2212,0.13785589,Modrá (Mírné znečištění)
Unnamed POI,49.204,16.652,1.920539,Žlutá (Velmi silné znečištění)
Unnamed POI,50.0803,12.3467,0.4688214,Tmavě zelená (Znečištěná)
Unnamed POI,49.4623,14.1963,0.056213167,Tmavě modrá (Slabé znečištění)
Na Vlčí skále,49.438,14.1984,0.059561208,Tmavě modrá (Slabé znečištění)
Unnamed POI,49.4397,14.1961,0.059561208,Tmavě modrá (Slabé znečištění)
Unnamed POI,49.4427,14.1973,0.059561208,Tmavě modrá (Slabé znečištění)
Unnamed POI,49.4465,14.1907,0.057553153,Tmavě modrá (Slabé znečištění)
Unnamed POI,49.4527,14.1923,0.05815692,Tmavě modrá (Slabé znečištění)
Unnamed POI,49.455,14.1954,0.056213167,Tmavě modrá (Slabé znečištění)
Unnamed POI,49.4573,14.1986,0.056213167,Tmavě modrá (Slabé znečištění)
Unnamed POI,49.4592,14.1984,0.056213167,Tmavě modrá (Slabé znečištění)
Unnamed POI,48.6121,14.4072,0.081298366,Modrá (Mírné znečištění)
swing_gate,49.6939,17.4813,0.13407257,Modrá (Mírné znečištění)
Unnamed POI,49.1701,17.5633,0.2977482,Světle modrá (Střední znečištění)
Unnamed POI,49.4987,18.2392,0.1606561,Světle modrá (Střední znečištění)
Pochopova skála,49.3507,16.2837,0.11748486,Modrá (Mírné znečištění)
Pochopova skála,49.3505,16.2835,0.11748486,Modrá (Mírné znečištění)
Sochorská skála,49.3641,16.2829,0.111015484,Modrá (Mírné znečištění)
Unnamed POI,49.6064,12.863,0.052969098,Tmavě modrá (Slabé znečištění)
Unnamed POI,50.5556,15.1293,0.20788972,Světle modrá (Střední znečištění)
Unnamed POI,49.316,16.485,0.33712694,Tmavě zelená (Znečištěná)
Vyhlídka Větrovy,49.3908,14.6473,0.28713903,Světle modrá (Střední znečištění)
Unnamed POI,50.1701,16.2872,0.4273634,Tmavě zelená (Znečištěná)
minirozhledna,49.4605,14.3948,0.11944255,Modrá (Mírné znečištění)
Unnamed POI,50.5394,14.7209,0.13940474,Modrá (Mírné znečištění)
Unnamed POI,49.4811,17.4201,0.3960567,Tmavě zelená (Znečištěná)
Unnamed POI,49.3297,13.6537,0.109389745,Modrá (Mírné znečištění)
Unnamed POI,50.1222,13.3666,0.07954294,Tmavě modrá (Slabé znečištění)
minirozhledna,49.1457,14.5393,0.11372599,Modrá (Mírné znečištění)
rozhledna pod lesem,48.9987,15.5001,0.053821497,Tmavě modrá (Slabé znečištění)
Unnamed POI,48.9499,16.7388,0.3244487,Tmavě zelená (Znečištěná)
Unnamed POI,49.2148,16.6347,2.031219,Žlutá (Velmi silné znečištění)
Unnamed POI,50.5838,14.6708,0.14832264,Modrá (Mírné znečištění)
Unnamed POI,50.0973,14.4364,4.2773204,Oranžová (Extrémní znečištění)
Vyhlídka u altánku,49.5431,14.6063,0.081511155,Modrá (Mírné znečištění)
Unnamed POI,49.507,14.6044,0.089289084,Modrá (Mírné znečištění)
Unnamed POI,49.4777,14.5182,0.08743137,Modrá (Mírné znečištění)
Unnamed POI,48.9889,15.9912,0.114127405,Modrá (Mírné znečištění)
Unnamed POI,48.99,15.9948,0.107084654,Modrá (Mírné znečištění)
Unnamed POI,48.991,15.9913,0.114127405,Modrá (Mírné znečištění)
Unnamed POI,48.9938,15.9908,0.114127405,Modrá (Mírné znečištění)
Památná lípa na Láni,49.7929,18.1169,0.71179104,Zelená (Silné znečištění)
Unnamed POI,50.8082,14.5478,0.1333798,Modrá (Mírné znečištění)
Unnamed POI,49.7589,13.3584,1.8466942,Žlutá (Velmi silné znečištění)
Unnamed POI,49.8499,12.8385,0.06803589,Tmavě modrá (Slabé znečištění)
Unnamed POI,50.8026,14.0396,0.1559213,Modrá (Mírné znečištění)
Unnamed POI,50.8024,14.0397,0.1559213,Modrá (Mírné znečištění)
Unnamed POI,50.7897,14.0276,0.16821559,Světle modrá (Střední znečištění)
Unnamed POI,50.7869,14.031,0.18434842,Světle modrá (Střední znečištění)
Unnamed POI,50.7871,14.0304,0.18434842,Světle modrá (Střední znečištění)
Unnamed POI,50.7878,14.0279,0.16821559,Světle modrá (Střední znečištění)
Unnamed POI,50.7882,14.0276,0.16821559,Světle modrá (Střední znečištění)
Unnamed POI,50.786,14.0345,0.18138102,Světle modrá (Střední znečištění)
Otova vyhlídka,50.0539,16.6962,0.08580668,Modrá (Mírné znečištění)
Unnamed POI,49.3934,13.2698,0.47321856,Tmavě zelená (Znečištěná)
Mařenka,49.8326,14.4562,0.20259899,Světle modrá (Střední znečištění)
Unnamed POI,48.8177,14.3327,0.4159131,Tmavě zelená (Znečištěná)
Unnamed POI,49.7514,17.9936,0.3098221,Světle modrá (Střední znečištění)
Unnamed POI,49.0619,18.0312,0.117245495,Modrá (Mírné znečištění)
Unnamed POI,49.0664,18.048,0.112321705,Modrá (Mírné znečištění)
Dveře,49.1782,13.2537,0.04448344,Tmavě modrá (Slabé znečištění)
Bezděz,50.5949,14.748,0.12349875,Modrá (Mírné znečištění)
Unnamed POI,50.5957,14.7468,0.12349875,Modrá (Mírné znečištění)
Břehyňský rybník a Máchovo jezero,50.5926,14.7518,0.12509494,Modrá (Mírné znečištění)
Orlí hnízdo,49.3523,16.3697,0.16802473,Světle modrá (Střední znečištění)
Unnamed POI,49.4195,18.3207,0.097236365,Modrá (Mírné znečištění)
Rozhledna Božka,49.5852,17.3876,0.39075226,Tmavě zelená (Znečištěná)
Unnamed POI,49.1641,18.07,0.12348102,Modrá (Mírné znečištění)
Unnamed POI,50.6947,13.7216,0.20321222,Světle modrá (Střední znečištění)
Unnamed POI,49.4357,18.0177,0.18669511,Světle modrá (Střední znečištění)
Unnamed POI,49.2167,15.3824,0.0725978,Tmavě modrá (Slabé znečištění)
Unnamed POI,49.151,15.3372,0.06989319,Tmavě modrá (Slabé znečištění)
Unnamed POI,49.7729,14.4077,0.13148461,Modrá (Mírné znečištění)
Lesní bar U Krav,49.2432,16.784,0.28744254,Světle modrá (Střední znečištění)
Vyhlídka Vladimíra Foltánka,49.2824,16.9461,0.32677534,Tmavě zelená (Znečištěná)
Vyhlídka u lomu Čertovy schody,49.9172,14.0539,0.39573783,Tmavě zelená (Znečištěná)
Unnamed POI,49.7442,17.3303,0.1793841,Světle modrá (Střední znečištění)
Rozhledna Doubrava,49.1838,17.8729,0.13271087,Modrá (Mírné znečištění)
Unnamed POI,49.788,12.7341,0.10285963,Modrá (Mírné znečištění)
Rozhledna Kochnov,49.6538,14.6567,0.12969196,Modrá (Mírné znečištění)
Unnamed POI,49.6592,14.6833,0.102559544,Modrá (Mírné znečištění)
Unnamed POI,49.2204,16.6678,1.2544203,Zelená (Silné znečištění)
vyhlídka Karlov,49.1402,14.9985,0.62161845,Tmavě zelená (Znečištěná)
Unnamed POI,49.2268,16.4717,0.446414,Tmavě zelená (Znečištěná)
Unnamed POI,50.6074,13.3968,0.1290081,Modrá (Mírné znečištění)
Unnamed POI,49.9381,14.7214,0.41371843,Tmavě zelená (Znečištěná)
Unnamed POI,48.6563,14.3655,0.07694421,Tmavě modrá (Slabé znečištění)
Unnamed POI,48.6564,14.3652,0.07694421,Tmavě modrá (Slabé znečištění)
Unnamed POI,48.6572,14.3662,0.07694421,Tmavě modrá (Slabé znečištění)
Unnamed POI,48.6569,14.3669,0.072290555,Tmavě modrá (Slabé znečištění)
Vyhlídka pana Šalamouna,48.6538,14.3655,0.07203938,Tmavě modrá (Slabé znečištění)
Pod Budinou,50.5799,14.3566,0.13927773,Modrá (Mírné znečištění)
Unnamed POI,50.5745,14.3628,0.130074,Modrá (Mírné znečištění)
Unnamed POI,49.5004,18.0722,0.22154081,Světle modrá (Střední znečištění)
Unnamed POI,49.5182,18.1047,0.20984122,Světle modrá (Střední znečištění)
Unnamed POI,50.0402,14.3704,2.4169555,Žlutá (Velmi silné znečištění)
Unnamed POI,49.2351,13.5268,0.19066416,Světle modrá (Střední znečištění)
Unnamed POI,49.2202,13.497,0.11656632,Modrá (Mírné znečištění)
Unnamed POI,49.2344,13.487,0.109107554,Modrá (Mírné znečištění)
Unnamed POI,49.7683,12.9267,0.101173386,Modrá (Mírné znečištění)
Unnamed POI,50.6221,14.6785,0.14235012,Modrá (Mírné znečištění)
Unnamed POI,50.1076,14.2668,2.5929313,Oranžová (Extrémní znečištění)
Unnamed POI,50.7156,14.7008,0.1902729,Světle modrá (Střední znečištění)
"Ralsko, Bezděz",50.7157,14.701,0.1902729,Světle modrá (Střední znečištění)
Unnamed POI,50.0738,14.3339,2.7627153,Oranžová (Extrémní znečištění)
Vyhlídka na Kalvárii,50.0667,14.3258,2.6708322,Oranžová (Extrémní znečištění)
Unnamed POI,50.4465,14.3232,0.32095662,Tmavě zelená (Znečištěná)
Unnamed POI,49.6611,14.2729,0.09597334,Modrá (Mírné znečištění)
Unnamed POI,49.2953,18.2396,0.06538695,Tmavě modrá (Slabé znečištění)
Unnamed POI,49.2954,18.23,0.06541774,Tmavě modrá (Slabé znečištění)
Unnamed POI,48.8974,15.8203,0.07186732,Tmavě modrá (Slabé znečištění)
Unnamed POI,50.6614,16.2809,0.14448792,Modrá (Mírné znečištění)
Unnamed POI,50.6613,16.2817,0.14448792,Modrá (Mírné znečištění)
Unnamed POI,50.6423,16.3595,0.13361281,Modrá (Mírné znečištění)
Unnamed POI,50.5879,16.3978,0.12584905,Modrá (Mírné znečištění)
Unnamed POI,50.7207,14.8421,0.1741757,Světle modrá (Střední znečištění)
Unnamed POI,50.7206,14.8331,0.19490756,Světle modrá (Střední znečištění)
Unnamed POI,49.4201,12.9111,0.1500272,Modrá (Mírné znečištění)
Vyhlídka Medvěd,50.7197,15.4487,0.12245186,Modrá (Mírné znečištění)
Unnamed POI,50.4337,15.8132,0.45895126,Tmavě zelená (Znečištěná)
Vyhlídka,50.3678,12.805,0.12275745,Modrá (Mírné znečištění)
Unnamed POI,50.3672,12.8053,0.12275745,Modrá (Mírné znečištění)
rozhledna Anička,48.9962,15.9274,0.06909666,Tmavě modrá (Slabé znečištění)
Unnamed POI,50.4319,15.7982,0.33101487,Tmavě zelená (Znečištěná)
Unnamed POI,50.4305,15.7936,0.33101487,Tmavě zelená (Znečištěná)
Unnamed POI,50.4309,15.7951,0.33101487,Tmavě zelená (Znečištěná)
Unnamed POI,50.088,14.4498,4.369525,Oranžová (Extrémní znečištění)
Unnamed POI,50.0936,14.4146,4.610816,Oranžová (Extrémní znečištění)
Unnamed POI,49.4014,14.6998,0.48803625,Tmavě zelená (Znečištěná)
Posed,50.2067,14.341,0.6823823,Zelená (Silné znečištění)
pidirozhledna,49.0726,14.5145,0.17879343,Světle modrá (Střední znečištění)
Unnamed POI,49.5132,14.1712,0.06290293,Tmavě modrá (Slabé znečištění)
Vyhlídkové místo na Štramberk,49.5931,18.1209,0.47450134,Tmavě zelená (Znečištěná)
Vyhlídkové místo Nad vlekem,49.1664,17.8357,0.14153868,Modrá (Mírné znečištění)
Unnamed POI,50.095,14.4191,4.9607544,Oranžová (Extrémní znečištění)
Rozhledna Kurovický lom,49.2737,17.5201,0.26510084,Světle modrá (Střední znečištění)
Heroldova vyhlídka,50.5319,15.033,0.24744134,Světle modrá (Střední znečištění)
Unnamed POI,49.6354,13.7045,0.085358985,Modrá (Mírné znečištění)
Okno na Kašperk,49.1714,13.5691,0.058482077,Tmavě modrá (Slabé znečištění)
Unnamed POI,50.4743,13.4174,0.81505376,Zelená (Silné znečištění)
Unnamed POI,50.4755,13.4166,0.81505376,Zelená (Silné znečištění)
Unnamed POI,50.4762,13.4186,0.81505376,Zelená (Silné znečištění)
Unnamed POI,50.4751,13.4176,0.81505376,Zelená (Silné znečištění)
Unnamed POI,50.4763,13.4216,0.81505376,Zelená (Silné znečištění)
Unnamed POI,50.4753,13.424,0.81505376,Zelená (Silné znečištění)
Unnamed POI,50.1189,14.4057,2.652322,Oranžová (Extrémní znečištění)
Chacharova vyhlídka,49.8461,18.3007,2.1123068,Žlutá (Velmi silné znečištění)
Unnamed POI,50.0818,14.2953,2.0981472,Žlutá (Velmi silné znečištění)
Unnamed POI,50.0945,14.3206,2.250019,Žlutá (Velmi silné znečištění)
Unnamed POI,48.6216,14.2227,0.08343865,Modrá (Mírné znečištění)
Unnamed POI,50.8586,14.3484,0.10969435,Modrá (Mírné znečištění)
Unnamed POI,50.8584,14.3473,0.10969435,Modrá (Mírné znečištění)
Unnamed POI,50.8586,14.348,0.10969435,Modrá (Mírné znečištění)
Unnamed POI,50.8686,14.3518,0.1038346,Modrá (Mírné znečištění)
Unnamed POI,49.0535,13.7694,0.12060754,Modrá (Mírné znečištění)
Unnamed POI,50.5745,16.1952,0.119721204,Modrá (Mírné znečištění)
Unnamed POI,50.1028,14.9167,0.2749923,Světle modrá (Střední znečištění)
Unnamed POI,50.6901,14.1835,0.23746902,Světle modrá (Střední znečištění)
Unnamed POI,49.3337,14.2966,0.08981672,Modrá (Mírné znečištění)
Zvičina,50.4549,15.6942,0.1150854,Modrá (Mírné znečištění)
Unnamed POI,49.8903,15.6318,0.21836905,Světle modrá (Střední znečištění)
Unnamed POI,49.8864,15.6422,0.15000424,Modrá (Mírné znečištění)
Unnamed POI,50.5941,14.5861,0.1481575,Modrá (Mírné znečištění)
Vyhlídka Ovce,50.7196,15.4475,0.12245186,Modrá (Mírné znečištění)
Vyhlídka Horník,50.7193,15.4465,0.12245186,Modrá (Mírné znečištění)
Unnamed POI,50.2558,17.1511,0.123941965,Modrá (Mírné znečištění)
rozhledna Kupa,49.391,14.3911,0.09358168,Modrá (Mírné znečištění)
Unnamed POI,49.7928,17.6539,0.10460136,Modrá (Mírné znečištění)
Unnamed POI,50.4964,14.0831,0.54060143,Tmavě zelená (Znečištěná)
Unnamed POI,50.553,15.1758,0.16917105,Světle modrá (Střední znečištění)
Unnamed POI,50.553,15.1756,0.16917105,Světle modrá (Střední znečištění)
Unnamed POI,50.5311,15.0639,0.20370154,Světle modrá (Střední znečištění)
Unnamed POI,50.5312,15.065,0.20370154,Světle modrá (Střední znečištění)
Unnamed POI,50.4671,15.296,0.15158527,Modrá (Mírné znečištění)
Unnamed POI,49.9903,14.3539,1.3312712,Žlutá (Velmi silné znečištění)
Unnamed POI,50.7863,15.2311,0.19999138,Světle modrá (Střední znečištění)
Buková - viklan,50.7633,15.2434,0.2144763,Světle modrá (Střední znečištění)
Unnamed POI,50.0872,14.4496,4.3670816,Oranžová (Extrémní znečištění)
Unnamed POI,49.9757,14.8756,0.20446913,Světle modrá (Střední znečištění)
Holubí skály,50.4417,12.8095,0.085598946,Modrá (Mírné znečištění)
Unnamed POI,49.1092,17.3235,0.16135375,Světle modrá (Střední znečištění)
Unnamed POI,49.0153,13.9997,0.3258324,Tmavě zelená (Znečištěná)
Unnamed POI,49.651,18.1761,0.38401657,Tmavě zelená (Znečištěná)
Unnamed POI,49.2084,16.7287,0.5963427,Tmavě zelená (Znečištěná)
Unnamed POI,48.8923,15.8013,0.06517755,Tmavě modrá (Slabé znečištění)
Unnamed POI,48.8957,15.8172,0.06447112,Tmavě modrá (Slabé znečištění)
Unnamed POI,50.0903,14.4012,4.2743573,Oranžová (Extrémní znečištění)
Vyhlídka na Plzeň,49.7919,13.3442,0.625772,Tmavě zelená (Znečištěná)
Unnamed POI,49.8115,13.3403,0.39269924,Tmavě zelená (Znečištěná)
Unnamed POI,48.9683,14.4215,0.5618362,Tmavě zelená (Znečištěná)
Unnamed POI,49.2427,16.6767,0.6462889,Zelená (Silné znečištění)
Unnamed POI,49.4054,14.6603,0.59948075,Tmavě zelená (Znečištěná)
Unnamed POI,50.1225,14.409,2.4118474,Žlutá (Velmi silné znečištění)
Hadí skála,49.8773,14.4498,0.30693513,Světle modrá (Střední znečištění)
Unnamed POI,50.029,16.1872,0.16802454,Světle modrá (Střední znečištění)
Unnamed POI,50.3034,16.3714,0.087921895,Modrá (Mírné znečištění)
Unnamed POI,49.8486,13.6082,0.1528354,Modrá (Mírné znečištění)
Unnamed POI,48.7919,14.1012,0.05616402,Tmavě modrá (Slabé znečištění)
Unnamed POI,48.7921,14.1028,0.05616402,Tmavě modrá (Slabé znečištění)
Unnamed POI,48.7837,14.1191,0.063166514,Tmavě modrá (Slabé znečištění)
Unnamed POI,50.0957,14.4761,3.6557248,Oranžová (Extrémní znečištění)
Vyhlídka Samuela Šroma,49.1623,17.624,0.23622537,Světle modrá (Střední znečištění)
Nová Radnice,49.8417,18.2917,2.7246478,Oranžová (Extrémní znečištění)
Unnamed POI,49.9691,18.1409,0.3292191,Tmavě zelená (Znečištěná)
Unnamed POI,50.4394,15.2134,0.13976885,Modrá (Mírné znečištění)
Unnamed POI,48.9054,13.9367,0.045311175,Tmavě modrá (Slabé znečištění)
Unnamed POI,50.5138,13.4052,0.26172128,Světle modrá (Střední znečištění)
Unnamed POI,50.5191,13.6309,0.8583765,Zelená (Silné znečištění)
Unnamed POI,50.5201,13.6335,0.9307278,Zelená (Silné znečištění)
Unnamed POI,50.5511,13.7775,0.7035854,Zelená (Silné znečištění)
Unnamed POI,50.3523,13.5141,0.23517638,Světle modrá (Střední znečištění)
Unnamed POI,49.9892,14.28,0.7098363,Zelená (Silné znečištění)
Unnamed POI,50.1226,13.9669,0.25597212,Světle modrá (Střední znečištění)
Unnamed POI,49.864,14.2713,0.33457968,Tmavě zelená (Znečištěná)
Unnamed POI,50.1625,13.2823,0.06857535,Tmavě modrá (Slabé znečištění)
Unnamed POI,49.2353,13.4872,0.109107554,Modrá (Mírné znečištění)
Unnamed POI,50.3352,13.2907,0.1401242,Modrá (Mírné znečištění)
Unnamed POI,50.3316,13.2859,0.1401242,Modrá (Mírné znečištění)
Unnamed POI,50.3367,13.2667,0.13325666,Modrá (Mírné znečištění)
Karvánka,49.9141,13.529,0.111202806,Modrá (Mírné znečištění)
Unnamed POI,50.1206,14.4503,3.251253,Oranžová (Extrémní znečištění)
Vřesník,49.5343,15.2497,0.10487852,Modrá (Mírné znečištění)
Unnamed POI,50.1724,14.7697,0.48262143,Tmavě zelená (Znečištěná)
Unnamed POI,50.1729,14.7698,0.48262143,Tmavě zelená (Znečištěná)
Unnamed POI,49.4657,16.6119,0.20840332,Světle modrá (Střední znečištění)
Vyhlídkové místo Kamínky,49.4813,16.512,0.14679009,Modrá (Mírné znečištění)
Unnamed POI,50.1537,17.0098,0.086142465,Modrá (Mírné znečištění)
Unnamed POI,49.8522,14.4018,0.27361858,Světle modrá (Střední znečištění)
Unnamed POI,49.5604,14.2585,0.07475012,Tmavě modrá (Slabé znečištění)
Unnamed POI,50.5921,14.3713,0.13071822,Modrá (Mírné znečištění)
Unnamed POI,49.6177,18.6615,0.21673408,Světle modrá (Střední znečištění)
Unnamed POI,49.9796,14.4255,1.2335356,Zelená (Silné znečištění)
vyhlídková plošina,48.9223,13.9058,0.062601775,Tmavě modrá (Slabé znečištění)
Unnamed POI,49.0177,15.5688,0.15803474,Modrá (Mírné znečištění)
Unnamed POI,49.0192,15.5685,0.15803474,Modrá (Mírné znečištění)
Unnamed POI,50.0405,13.8701,0.13684346,Modrá (Mírné znečištění)
Masarykova vyhlídka,50.0352,13.923,0.15829338,Modrá (Mírné znečištění)
Unnamed POI,50.0429,13.923,0.16031684,Světle modrá (Střední znečištění)
Unnamed POI,50.0426,13.9238,0.16031684,Světle modrá (Střední znečištění)
Unnamed POI,50.0365,13.8753,0.13796578,Modrá (Mírné znečištění)
Unnamed POI,50.0334,13.8728,0.13743815,Modrá (Mírné znečištění)
Unnamed POI,50.5715,14.3854,0.12232345,Modrá (Mírné znečištění)
Unnamed POI,50.8026,14.6863,0.13424404,Modrá (Mírné znečištění)
Unnamed POI,50.784,14.7001,0.14057192,Modrá (Mírné znečištění)
Unnamed POI,50.3209,12.851,0.1552395,Modrá (Mírné znečištění)
Drobošova vyhlídka,50.8062,14.6503,0.13781247,Modrá (Mírné znečištění)
Unnamed POI,50.8048,14.6504,0.13781247,Modrá (Mírné znečištění)
Unnamed POI,50.031,14.3333,2.0020967,Žlutá (Velmi silné znečištění)
Unnamed POI,50.6438,15.1672,0.20399447,Světle modrá (Střední znečištění)
Unnamed POI,50.0408,16.4281,0.13378346,Modrá (Mírné znečištění)
Unnamed POI,50.363,13.2078,0.18043053,Světle modrá (Střední znečištění)
Unnamed POI,50.3645,13.2089,0.18575943,Světle modrá (Střední znečištění)
Unnamed POI,50.7082,15.743,0.119636014,Modrá (Mírné znečištění)
Unnamed POI,49.535,18.7224,0.12372835,Modrá (Mírné znečištění)
Unnamed POI,50.5731,16.1402,0.11170886,Modrá (Mírné znečištění)
Skála smrti,50.2552,17.0542,0.07453605,Tmavě modrá (Slabé znečištění)
Unnamed POI,50.1967,12.8245,0.28003952,Světle modrá (Střední znečištění)
Unnamed POI,50.1828,12.8321,0.2044071,Světle modrá (Střední znečištění)
Unnamed POI,49.2525,16.6579,0.7155533,Zelená (Silné znečištění)
Unnamed POI,50.5778,14.4381,0.1192329,Modrá (Mírné znečištění)
Unnamed POI,50.5769,14.4444,0.11897541,Modrá (Mírné znečištění)
Unnamed POI,50.0629,14.5041,3.757001,Oranžová (Extrémní znečištění)
Unnamed POI,50.6453,15.2199,0.21634604,Světle modrá (Střední znečištění)
Unnamed POI,50.6441,15.2197,0.21634604,Světle modrá (Střední znečištění)
Unnamed POI,50.6972,13.7063,0.17110531,Světle modrá (Střední znečištění)
Unnamed POI,50.4362,14.0136,0.17616224,Světle modrá (Střední znečištění)
Unnamed POI,50.0706,14.3549,2.6829112,Oranžová (Extrémní znečištění)
Unnamed POI,49.7727,13.5882,0.26018885,Světle modrá (Střední znečištění)
Unnamed POI,49.2951,14.471,0.18579261,Světle modrá (Střední znečištění)
Unnamed POI,49.2958,14.4715,0.18579261,Světle modrá (Střední znečištění)
Unnamed POI,49.2441,16.5073,0.5817527,Tmavě zelená (Znečištěná)
Unnamed POI,50.415,14.5219,0.19100848,Světle modrá (Střední znečištění)
Unnamed POI,49.0898,17.6855,0.18115371,Světle modrá (Střední znečištění)
Unnamed POI,50.0647,14.4029,4.0587354,Oranžová (Extrémní znečištění)
Unnamed POI,50.7773,15.0857,0.76343393,Zelená (Silné znečištění)
Unnamed POI,50.5949,14.0832,0.2629314,Světle modrá (Střední znečištění)
Unnamed POI,50.5908,14.0893,0.25008562,Světle modrá (Střední znečištění)
Unnamed POI,50.5866,14.0858,0.25134805,Světle modrá (Střední znečištění)
Unnamed POI,50.4908,14.6238,0.122103065,Modrá (Mírné znečištění)
Unnamed POI,50.5343,15.2489,0.15509212,Modrá (Mírné znečištění)
Unnamed POI,50.8653,15.0476,0.20153439,Světle modrá (Střední znečištění)
Unnamed POI,50.8735,15.0581,0.19368307,Světle modrá (Střední znečištění)
Unnamed POI,50.8751,15.0537,0.19368307,Světle modrá (Střední znečištění)
Unnamed POI,49.935,18.352,0.68378294,Zelená (Silné znečištění)
Unnamed POI,50.4164,14.5329,0.18625614,Světle modrá (Střední znečištění)
Unnamed POI,48.9941,15.3426,0.07899213,Tmavě modrá (Slabé znečištění)
skalní vyhlídka Pavučina,49.9309,13.5573,0.10647722,Modrá (Mírné znečištění)
Treppenstein,50.8598,14.3936,0.10520811,Modrá (Mírné znečištění)
Unnamed POI,50.5679,14.1639,0.24677265,Světle modrá (Střední znečištění)
Unnamed POI,50.5709,14.1502,0.22208658,Světle modrá (Střední znečištění)
Unnamed POI,49.8593,13.3525,0.266374,Světle modrá (Střední znečištění)
Vyhlídka Na pilíři,49.7306,13.3821,2.0157077,Žlutá (Velmi silné znečištění)
Unnamed POI,50.8843,14.2809,0.11305099,Modrá (Mírné znečištění)
"Varnsdorf, Tolštejn, Hrádek",50.9268,14.6316,0.32947886,Tmavě zelená (Znečištěná)
Unnamed POI,50.726,15.7728,0.109997064,Modrá (Mírné znečištění)
Unnamed POI,50.719,15.8027,0.109704144,Modrá (Mírné znečištění)
Unnamed POI,50.732,15.8017,0.115813956,Modrá (Mírné znečištění)
Unnamed POI,50.7439,15.8245,0.11911074,Modrá (Mírné znečištění)
Unnamed POI,50.6884,15.8127,0.110243596,Modrá (Mírné znečištění)
Unnamed POI,49.847,14.7822,0.20346276,Světle modrá (Střední znečištění)
Unnamed POI,50.1867,12.7499,0.30667296,Světle modrá (Střední znečištění)
Unnamed POI,49.2469,14.8884,0.089595504,Modrá (Mírné znečištění)
Unnamed POI,49.2475,14.887,0.089595504,Modrá (Mírné znečištění)
Unnamed POI,49.2138,16.7438,0.52873075,Tmavě zelená (Znečištěná)
Unnamed POI,50.0215,12.4911,0.096129455,Modrá (Mírné znečištění)
Mufloní vyhlídka,50.461,13.2765,0.17133752,Světle modrá (Střední znečištění)
Unnamed POI,50.5958,14.275,0.13909444,Modrá (Mírné znečištění)
Unnamed POI,50.6037,14.2789,0.13711992,Modrá (Mírné znečištění)
Unnamed POI,50.6045,14.2783,0.1335001,Modrá (Mírné znečištění)
Unnamed POI,50.6064,14.2852,0.13234311,Modrá (Mírné znečištění)
Unnamed POI,49.0117,17.0591,0.2106606,Světle modrá (Střední znečištění)
Unnamed POI,50.5965,14.254,0.14130262,Modrá (Mírné znečištění)
Unnamed POI,50.5858,14.2615,0.1462256,Modrá (Mírné znečištění)
Unnamed POI,50.585,14.2626,0.1462256,Modrá (Mírné znečištění)
Unnamed POI,50.0808,12.8406,0.112038985,Modrá (Mírné znečištění)
Unnamed POI,49.9773,12.7125,0.3224752,Tmavě zelená (Znečištěná)
Unnamed POI,49.972,12.7134,0.3224752,Tmavě zelená (Znečištěná)
Unnamed POI,50.7774,14.1893,1.0424312,Zelená (Silné znečištění)
Unnamed POI,48.8049,14.2348,0.11623343,Modrá (Mírné znečištění)
Unnamed POI,49.0436,14.1251,0.07453535,Tmavě modrá (Slabé znečištění)
Výhled na Teplické skalní město,50.5804,16.1139,0.10896185,Modrá (Mírné znečištění)
Unnamed POI,50.6082,16.4051,0.12682438,Modrá (Mírné znečištění)
Unnamed POI,49.7578,13.3538,1.6188214,Žlutá (Velmi silné znečištění)
Unnamed POI,49.2966,14.4768,0.22703859,Světle modrá (Střední znečištění)
Unnamed POI,49.218,15.8812,0.89528227,Zelená (Silné znečištění)
Unnamed POI,49.4309,16.2314,0.0951764,Modrá (Mírné znečištění)
Unnamed POI,49.3694,16.1575,0.10536812,Modrá (Mírné znečištění)
Unnamed POI,50.788,15.2872,0.1400828,Modrá (Mírné znečištění)
Unnamed POI,50.9114,14.4533,0.112677276,Modrá (Mírné znečištění)
Vyhlídková plošina,49.8742,18.2594,1.4133196,Žlutá (Velmi silné znečištění)
Unnamed POI,50.4347,13.7574,0.22196284,Světle modrá (Střední znečištění)
Unnamed POI,49.2143,13.6679,0.072100945,Tmavě modrá (Slabé znečištění)
Unnamed POI,49.872,14.4552,0.30624977,Světle modrá (Střední znečištění)
Unnamed POI,50.3848,12.9519,0.1042156,Modrá (Mírné znečištění)
Unnamed POI,50.4047,12.9274,0.10535465,Modrá (Mírné znečištění)
Unnamed POI,49.212,13.8533,0.10772247,Modrá (Mírné znečištění)
Unnamed POI,50.514,16.316,0.11325215,Modrá (Mírné znečištění)
Talblick,50.722,13.7769,0.18660063,Světle modrá (Střední znečištění)
Unnamed POI,49.5877,13.1972,0.13540246,Modrá (Mírné znečištění)
Unnamed POI,49.3637,16.001,0.33933637,Tmavě zelená (Znečištěná)
Unnamed POI,50.8488,14.2213,0.14862907,Modrá (Mírné znečištění)
Vyhlídka Bednář,49.8253,14.4501,0.19051243,Světle modrá (Střední znečištění)
Mohyla Karla Klostermanna,50.3722,12.8282,0.11438144,Modrá (Mírné znečištění)
Unnamed POI,48.7204,14.7408,0.047499727,Tmavě modrá (Slabé znečištění)
Unnamed POI,49.9362,12.5211,0.06079404,Tmavě modrá (Slabé znečištění)
Unnamed POI,50.6101,16.1145,0.10833636,Modrá (Mírné znečištění)
Starosta a Starostová,50.6123,16.1132,0.10833636,Modrá (Mírné znečištění)
Unnamed POI,50.2217,12.8509,0.5932664,Tmavě zelená (Znečištěná)
Unnamed POI,49.2322,16.772,0.3623509,Tmavě zelená (Znečištěná)
Unnamed POI,50.5077,14.5029,0.13348359,Modrá (Mírné znečištění)
Unnamed POI,50.0821,14.3977,3.9616766,Oranžová (Extrémní znečištění)
Unnamed POI,49.679,18.8011,0.26480442,Světle modrá (Střední znečištění)
Unnamed POI,49.1861,15.204,0.08161194,Modrá (Mírné znečištění)
Unnamed POI,49.1798,15.2208,0.07995015,Tmavě modrá (Slabé znečištění)
Unnamed POI,49.2588,15.2542,0.10404821,Modrá (Mírné znečištění)
Unnamed POI,49.2128,15.3277,0.06568133,Tmavě modrá (Slabé znečištění)
Unnamed POI,49.2151,15.3404,0.06568133,Tmavě modrá (Slabé znečištění)
Nývltova vyhlídka,50.2173,15.9684,0.26925963,Světle modrá (Střední znečištění)
Unnamed POI,50.2147,15.967,0.26925963,Světle modrá (Střední znečištění)
Zlatý kůň,49.9163,14.066,0.35721505,Tmavě zelená (Znečištěná)
Unnamed POI,49.457,18.4406,0.09030808,Modrá (Mírné znečištění)
Unnamed POI,49.1382,16.2492,0.15001523,Modrá (Mírné znečištění)
Unnamed POI,50.5448,15.3192,0.14511181,Modrá (Mírné znečištění)
Unnamed POI,50.1174,14.406,2.652322,Oranžová (Extrémní znečištění)
Unnamed POI,50.149,12.3993,0.15573491,Modrá (Mírné znečištění)
vyhlídka Boženy Němcové,50.3416,15.9283,0.39022455,Tmavě zelená (Znečištěná)
Unnamed POI,50.1815,14.5952,0.6802899,Zelená (Silné znečištění)
Unnamed POI,50.1699,14.5713,0.90373796,Zelená (Silné znečištění)
Unnamed POI,50.169,14.5563,0.9681342,Zelená (Silné znečištění)
Unnamed POI,50.1253,15.9451,0.20490931,Světle modrá (Střední znečištění)
Unnamed POI,48.8144,14.3206,0.5054934,Tmavě zelená (Znečištěná)
Unnamed POI,50.0171,14.4893,2.346476,Žlutá (Velmi silné znečištění)
Unnamed POI,50.3746,12.5497,0.085905366,Modrá (Mírné znečištění)
Kuhberg -  Kraví Hora,48.634,14.3203,0.077221274,Tmavě modrá (Slabé znečištění)
Unnamed POI,49.1095,15.4478,0.10331283,Modrá (Mírné znečištění)
Unnamed POI,49.1017,15.4471,0.121641204,Modrá (Mírné znečištění)
Unnamed POI,50.063,14.4203,4.217256,Oranžová (Extrémní znečištění)
Unnamed POI,50.0934,14.4052,4.2743573,Oranžová (Extrémní znečištění)
Unnamed POI,50.2112,16.9334,0.0659456,Tmavě modrá (Slabé znečištění)
Vyhlídka sv. Kryštofa,49.0804,17.8725,0.17629558,Světle modrá (Střední znečištění)
Unnamed POI,49.1778,17.5805,0.31076035,Světle modrá (Střední znečištění)
Unnamed POI,48.8067,16.6512,0.2829246,Světle modrá (Střední znečištění)
Vlková,49.8851,14.6032,0.30638796,Světle modrá (Střední znečištění)
Unnamed POI,50.0682,14.5544,2.5661821,Oranžová (Extrémní znečištění)
Sokolova vyhlídka,49.3889,12.8436,0.09989773,Modrá (Mírné znečištění)
Unnamed POI,49.0956,16.483,0.29801226,Světle modrá (Střední znečištění)
Unnamed POI,50.0845,14.398,3.9616766,Oranžová (Extrémní znečištění)
Unnamed POI,50.0855,14.3991,3.9616766,Oranžová (Extrémní znečištění)
Unnamed POI,50.2466,17.2339,0.15301743,Modrá (Mírné znečištění)
Unnamed POI,50.7632,14.4246,0.15283623,Modrá (Mírné znečištění)
Unnamed POI,50.7616,14.4511,0.16497171,Světle modrá (Střední znečištění)
Unnamed POI,49.1116,17.3354,0.18452266,Světle modrá (Střední znečištění)
Unnamed POI,50.7753,14.453,0.17617995,Světle modrá (Střední znečištění)
Unnamed POI,49.1944,16.0095,0.11896254,Modrá (Mírné znečištění)
Unnamed POI,49.0733,17.4242,0.5716624,Tmavě zelená (Znečištěná)
Halířova skála,49.1862,16.0159,0.11701879,Modrá (Mírné znečištění)
Unnamed POI,50.4915,15.1355,0.15833049,Modrá (Mírné znečištění)
Unnamed POI,50.5889,14.6324,0.1775341,Světle modrá (Střední znečištění)
Unnamed POI,49.6012,12.7295,0.07881517,Tmavě modrá (Slabé znečištění)
Unnamed POI,50.4703,14.5276,0.13650706,Modrá (Mírné znečištění)
Unnamed POI,50.659,14.0449,1.5434092,Žlutá (Velmi silné znečištění)
Unnamed POI,49.9807,14.3635,1.3197274,Žlutá (Velmi silné znečištění)
Unnamed POI,49.1889,14.5714,0.11874132,Modrá (Mírné znečištění)
Rossiho vyhlídka,49.5574,16.3111,0.09489253,Modrá (Mírné znečištění)
Unnamed POI,50.7754,15.1691,0.28763184,Světle modrá (Střední znečištění)
Unnamed POI,50.1548,14.3871,1.2927929,Žlutá (Velmi silné znečištění)
Unnamed POI,50.6554,16.0019,0.11746606,Modrá (Mírné znečištění)
Unnamed POI,50.0879,14.4533,4.0437436,Oranžová (Extrémní znečištění)
Unnamed POI,50.32,12.8807,0.181062,Světle modrá (Střední znečištění)
Unnamed POI,50.3168,12.8629,0.17863233,Světle modrá (Střední znečištění)
Unnamed POI,50.3176,12.8688,0.18366665,Světle modrá (Střední znečištění)
Unnamed POI,49.1822,15.4313,0.12473475,Modrá (Mírné znečištění)
Unnamed POI,49.4093,14.6555,0.5271132,Tmavě zelená (Znečištěná)
Unnamed POI,50.357,12.6909,0.09986777,Modrá (Mírné znečištění)
Unnamed POI,50.8492,14.3481,0.11292338,Modrá (Mírné znečištění)
U Spáleného mostu,49.2759,15.7779,0.12106571,Modrá (Mírné znečištění)
Vyhlídka Karla Löwa,49.4067,15.62,0.5310576,Tmavě zelená (Znečištěná)
Unnamed POI,49.5235,18.3977,0.15275402,Modrá (Mírné znečištění)
Unnamed POI,49.9815,14.2021,0.46207774,Tmavě zelená (Znečištěná)
Vyhlídka Jaruš,50.907,15.2058,0.14403675,Modrá (Mírné znečištění)
Exilvorstand der deutschen Sozialdemokratie 1933 bis 1938,50.0919,14.4492,4.369525,Oranžová (Extrémní znečištění)
Unnamed POI,49.1015,13.4833,0.04175308,Tmavě modrá (Slabé znečištění)
Unnamed POI,49.6996,13.1878,0.29470065,Světle modrá (Střední znečištění)
Unnamed POI,50.7056,14.8023,0.29434136,Světle modrá (Střední znečištění)
Unnamed POI,49.7991,12.9025,0.08714309,Modrá (Mírné znečištění)
Ve smrčí,49.1663,14.5544,0.12275196,Modrá (Mírné znečištění)
Unnamed POI,50.1884,12.7012,0.33364588,Tmavě zelená (Znečištěná)
"Vyhlídková věž ""Vikšejn""",49.8043,17.7732,0.14504167,Modrá (Mírné znečištění)
Unnamed POI,49.6161,18.1973,0.368833,Tmavě zelená (Znečištěná)
Unnamed POI,49.3373,15.7411,0.1061035,Modrá (Mírné znečištění)
Unnamed POI,49.0746,17.4954,0.41502827,Tmavě zelená (Znečištěná)
Unnamed POI,50.1063,13.9291,0.18150772,Světle modrá (Střední znečištění)
Vyhlídka Vladimíra Horáka,50.6988,14.0625,0.4234124,Tmavě zelená (Znečištěná)
Vyhlídka Na Hřebeni,50.701,14.0302,0.52203244,Tmavě zelená (Znečištěná)
Unnamed POI,48.9603,13.7622,0.058817845,Tmavě modrá (Slabé znečištění)
Unnamed POI,49.7218,12.9049,0.09714378,Modrá (Mírné znečištění)
Unnamed POI,50.0671,14.4142,4.125843,Oranžová (Extrémní znečištění)
Unnamed POI,50.2726,14.3284,0.8582639,Zelená (Silné znečištění)
Unnamed POI,49.2796,16.6095,0.47836956,Tmavě zelená (Znečištěná)
Unnamed POI,50.1041,14.5423,2.716703,Oranžová (Extrémní znečištění)
Unnamed POI,49.9168,17.7468,0.14085796,Modrá (Mírné znečištění)
Unnamed POI,50.425,14.6338,0.16260496,Světle modrá (Střední znečištění)
Unnamed POI,50.5896,14.4213,0.12769495,Modrá (Mírné znečištění)
Vyhlídka na Jiráskově stezce,50.2069,15.2833,0.22189736,Světle modrá (Střední znečištění)
Unnamed POI,49.8264,17.6947,0.10932924,Modrá (Mírné znečištění)
Unnamed POI,49.3712,13.042,0.11058547,Modrá (Mírné znečištění)
Unnamed POI,50.8998,15.1962,0.16070276,Světle modrá (Střední znečištění)
Vyhlídka Triangl,50.9115,15.1986,0.14790775,Modrá (Mírné znečištění)
Unnamed POI,50.2772,13.9135,0.15534413,Modrá (Mírné znečištění)
Unnamed POI,50.7985,14.326,0.15801693,Modrá (Mírné znečištění)
Unnamed POI,50.8035,14.3341,0.15520833,Modrá (Mírné znečištění)
Unnamed POI,50.8056,14.3342,0.14691204,Modrá (Mírné znečištění)
Unnamed POI,50.2132,14.4375,0.76906025,Zelená (Silné znečištění)
Unnamed POI,49.0155,15.2829,0.04849892,Tmavě modrá (Slabé znečištění)
Unnamed POI,50.7091,15.0198,0.29058275,Světle modrá (Střední znečištění)
Unnamed POI,49.602,14.1963,0.07776095,Tmavě modrá (Slabé znečištění)
Unnamed POI,50.2631,17.4312,0.1258391,Modrá (Mírné znečištění)
Unnamed POI,50.067,14.414,4.125843,Oranžová (Extrémní znečištění)
Unnamed POI,50.0654,14.4186,4.217256,Oranžová (Extrémní znečištění)
Unnamed POI,49.9132,18.3734,0.99677634,Zelená (Silné znečištění)
Unnamed POI,50.3726,12.5517,0.08208998,Modrá (Mírné znečištění)
Unnamed POI,49.1624,16.5411,0.9315161,Zelená (Silné znečištění)
Unnamed POI,50.5528,13.5015,0.35139596,Tmavě zelená (Znečištěná)
Unnamed POI,49.2556,15.7213,0.09871465,Modrá (Mírné znečištění)
Unnamed POI,50.4415,14.5875,0.15135247,Modrá (Mírné znečištění)
Unnamed POI,49.379,16.2616,0.11042628,Modrá (Mírné znečištění)
Unnamed POI,49.6454,17.3522,0.3825315,Tmavě zelená (Znečištěná)
Unnamed POI,49.438,14.1924,0.059561208,Tmavě modrá (Slabé znečištění)
Unnamed POI,50.5304,15.0623,0.20370154,Světle modrá (Střední znečištění)
Unnamed POI,50.5251,15.0715,0.19649045,Světle modrá (Střední znečištění)
Unnamed POI,50.5253,15.0726,0.19649045,Světle modrá (Střední znečištění)
Unnamed POI,50.5338,15.0557,0.21091323,Světle modrá (Střední znečištění)
Unnamed POI,50.5321,15.0608,0.20370154,Světle modrá (Střední znečištění)
Unnamed POI,50.817,14.2195,0.22869402,Světle modrá (Střední znečištění)
Unnamed POI,50.5271,13.7633,0.3463886,Tmavě zelená (Znečištěná)
Unnamed POI,50.5272,13.7631,0.3463886,Tmavě zelená (Znečištěná)
Unnamed POI,50.274,17.0513,0.07702558,Tmavě modrá (Slabé znečištění)
Unnamed POI,50.527,13.764,0.3463886,Tmavě zelená (Znečištěná)
Unnamed POI,50.3723,12.9117,0.13749784,Modrá (Mírné znečištění)
Unnamed POI,50.5422,14.3751,0.13866489,Modrá (Mírné znečištění)
Unnamed POI,49.1934,16.6003,3.5112658,Oranžová (Extrémní znečištění)
Unnamed POI,49.1937,16.6022,3.5112658,Oranžová (Extrémní znečištění)
Unnamed POI,49.1944,16.5976,3.1747441,Oranžová (Extrémní znečištění)
Unnamed POI,49.1953,16.5985,3.1747441,Oranžová (Extrémní znečištění)
Unnamed POI,49.1952,16.5998,3.1747441,Oranžová (Extrémní znečištění)
Unnamed POI,49.1938,16.5978,3.1747441,Oranžová (Extrémní znečištění)
Unnamed POI,50.1163,14.2933,1.527517,Žlutá (Velmi silné znečištění)
Unnamed POI,49.8167,12.8038,0.07562128,Tmavě modrá (Slabé znečištění)
Unnamed POI,49.5308,17.7003,0.24170853,Světle modrá (Střední znečištění)
Unnamed POI,50.689,14.6699,0.19164553,Světle modrá (Střední znečištění)
Unnamed POI,49.7874,18.0866,0.49822178,Tmavě zelená (Znečištěná)
Unnamed POI,49.692,14.593,0.11530808,Modrá (Mírné znečištění)
Unnamed POI,50.6946,15.0707,0.2584559,Světle modrá (Střední znečištění)
Dědova vyhlídka,50.2126,14.8541,0.36507726,Tmavě zelená (Znečištěná)
Unnamed POI,50.6394,14.0614,0.6125178,Tmavě zelená (Znečištěná)
Unnamed POI,50.635,14.0713,0.4972337,Tmavě zelená (Znečištěná)
Unnamed POI,49.8723,15.8176,0.1339374,Modrá (Mírné znečištění)
Unnamed POI,49.8724,15.8162,0.13503467,Modrá (Mírné znečištění)
Unnamed POI,49.8715,15.8145,0.13503467,Modrá (Mírné znečištění)
Unnamed POI,50.3595,14.4994,0.60791737,Tmavě zelená (Znečištěná)
rozhledna Kelčský Javorník,49.4001,17.7655,0.14103307,Modrá (Mírné znečištění)
Unnamed POI,49.9615,14.2027,0.37214467,Tmavě zelená (Znečištěná)
Unnamed POI,49.9609,14.1998,0.3656382,Tmavě zelená (Znečištěná)
Unnamed POI,49.973,14.1442,0.36046356,Tmavě zelená (Znečištěná)
Unnamed POI,48.7411,14.7393,0.061713297,Tmavě modrá (Slabé znečištění)
Unnamed POI,48.7497,14.7371,0.070164144,Tmavě modrá (Slabé znečištění)
Unnamed POI,50.2928,16.367,0.083206676,Modrá (Mírné znečištění)
Unnamed POI,49.1512,13.4241,0.03793348,Šedá (Téměř přirozená)
Unnamed POI,49.3572,18.3993,0.071059376,Tmavě modrá (Slabé znečištění)
Unnamed POI,49.4032,18.0757,0.13158305,Modrá (Mírné znečištění)
Unnamed POI,48.7538,14.6074,0.069881566,Tmavě modrá (Slabé znečištění)
Unnamed POI,50.8317,14.2696,0.1461783,Modrá (Mírné znečištění)
Unnamed POI,50.8308,14.2676,0.1461783,Modrá (Mírné znečištění)
Unnamed POI,50.7941,14.1119,0.21041064,Světle modrá (Střední znečištění)
Unnamed POI,50.7957,14.1145,0.21041064,Světle modrá (Střední znečištění)
Koňská hlava,50.8,14.1209,0.19782174,Světle modrá (Střední znečištění)
Unnamed POI,49.5759,18.1581,0.34738648,Tmavě zelená (Znečištěná)
Unnamed POI,50.1034,17.2388,0.05939607,Tmavě modrá (Slabé znečištění)
Unnamed POI,49.7659,13.0644,0.12920952,Modrá (Mírné znečištění)
Unnamed POI,50.3109,13.2749,0.11600003,Modrá (Mírné znečištění)
fotopoint,49.2917,15.4892,0.15678604,Modrá (Mírné znečištění)
Unnamed POI,49.9428,16.0539,0.12887803,Modrá (Mírné znečištění)
Unnamed POI,49.2872,16.6009,0.49641538,Tmavě zelená (Znečištěná)
Unnamed POI,50.0972,14.5061,3.60584,Oranžová (Extrémní znečištění)
Unnamed POI,49.8705,15.5182,0.12995695,Modrá (Mírné znečištění)
Unnamed POI,50.5874,16.126,0.10870436,Modrá (Mírné znečištění)
Unnamed POI,49.4165,17.7978,0.14857443,Modrá (Mírné znečištění)
Unnamed POI,49.5847,18.118,0.4465019,Tmavě zelená (Znečištěná)
Unnamed POI,50.6475,14.1808,0.20610479,Světle modrá (Střední znečištění)
Unnamed POI,50.6473,14.1829,0.20610479,Světle modrá (Střední znečištění)
Unnamed POI,50.647,14.1841,0.19707666,Světle modrá (Střední znečištění)
Unnamed POI,49.5028,14.1893,0.060413398,Tmavě modrá (Slabé znečištění)
Unnamed POI,49.5458,18.4489,0.13087928,Modrá (Mírné znečištění)
Unnamed POI,49.5456,18.4481,0.13087928,Modrá (Mírné znečištění)
Unnamed POI,49.3559,13.0136,0.086621776,Modrá (Mírné znečištění)
Unnamed POI,49.3545,13.0121,0.086621776,Modrá (Mírné znečištění)
Unnamed POI,49.4619,12.9166,0.19674622,Světle modrá (Střední znečištění)
Unnamed POI,50.751,15.2792,0.25154305,Světle modrá (Střední znečištění)
Rozhledna Hamštejn,50.6208,15.2409,0.18012433,Světle modrá (Střední znečištění)
Unnamed POI,50.0424,14.3681,2.4169555,Žlutá (Velmi silné znečištění)
Unnamed POI,49.512,18.4184,0.11568262,Modrá (Mírné znečištění)
Unnamed POI,50.433,16.0444,0.15799308,Modrá (Mírné znečištění)
Unnamed POI,49.6768,15.3126,0.107268445,Modrá (Mírné znečištění)
Unnamed POI,49.6509,17.8275,0.2436937,Světle modrá (Střední znečištění)
Unnamed POI,49.0775,16.098,0.16633175,Světle modrá (Střední znečištění)
Unnamed POI,49.6014,16.1647,0.08689191,Modrá (Mírné znečištění)
vyhlídka Vejdoch,49.5361,16.0127,0.12570181,Modrá (Mírné znečištění)
Unnamed POI,50.5631,16.2126,0.1246105,Modrá (Mírné znečištění)
Unnamed POI,49.2163,14.5589,0.106354676,Modrá (Mírné znečištění)
Unnamed POI,48.9208,13.7093,0.07056004,Tmavě modrá (Slabé znečištění)
Unnamed POI,50.2606,12.8372,0.37252775,Tmavě zelená (Znečištěná)
Unnamed POI,49.9663,13.7335,0.076473705,Tmavě modrá (Slabé znečištění)
Unnamed POI,50.3189,12.4317,0.09441973,Modrá (Mírné znečištění)
Unnamed POI,50.2475,17.022,0.06586544,Tmavě modrá (Slabé znečištění)
Skautská vyhlídka,50.4706,15.2894,0.14626269,Modrá (Mírné znečištění)
Unnamed POI,49.5408,16.4978,0.12690958,Modrá (Mírné znečištění)
Králův stolec,50.5667,14.6862,0.1413446,Modrá (Mírné znečištění)
Unnamed POI,50.4502,15.7108,0.11949017,Modrá (Mírné znečištění)
Unnamed POI,50.319,12.1088,0.09359432,Modrá (Mírné znečištění)
Unnamed POI,49.576,16.2711,0.0901847,Modrá (Mírné znečištění)
Unnamed POI,49.1535,17.0035,0.3970717,Tmavě zelená (Znečištěná)
Unnamed POI,49.5126,16.5286,0.17258623,Světle modrá (Střední znečištění)
Unnamed POI,49.6363,18.2354,0.33091328,Tmavě zelená (Znečištěná)
Unnamed POI,49.0861,16.3954,0.25066647,Světle modrá (Střední znečištění)
Unnamed POI,49.5138,16.5263,0.17258623,Světle modrá (Střední znečištění)
Unnamed POI,49.5149,16.5259,0.17258623,Světle modrá (Střední znečištění)
Unnamed POI,49.5135,16.5263,0.17258623,Světle modrá (Střední znečištění)
Unnamed POI,50.0873,14.4367,4.6364536,Oranžová (Extrémní znečištění)
Unnamed POI,49.515,16.521,0.176142,Světle modrá (Střední znečištění)
Unnamed POI,50.655,14.3572,0.13563406,Modrá (Mírné znečištění)
Unnamed POI,50.3725,13.9159,0.17126232,Světle modrá (Střední znečištění)
Vyhlídková věž kostela sv. Mikuláše,49.5415,15.3592,0.31593004,Světle modrá (Střední znečištění)
Unnamed POI,48.7707,14.0461,0.07393887,Tmavě modrá (Slabé znečištění)
Unnamed POI,49.681,13.8205,0.076155245,Tmavě modrá (Slabé znečištění)
Vyhlídka na vodní nádrž Plumlov,49.468,17.0403,0.29168543,Světle modrá (Střední znečištění)
Unnamed POI,50.3753,14.497,0.38658774,Tmavě zelená (Znečištěná)
Unnamed POI,48.8118,13.9582,0.042930666,Tmavě modrá (Slabé znečištění)
Unnamed POI,48.821,13.9531,0.03678668,Šedá (Téměř přirozená)
Mílova vyhlídka,50.529,14.0236,0.31288126,Světle modrá (Střední znečištění)
Unnamed POI,49.9162,15.7718,0.23647806,Světle modrá (Střední znečištění)
Unnamed POI,49.2347,13.3206,0.04221191,Tmavě modrá (Slabé znečištění)
Unnamed POI,50.0807,15.8104,0.40837535,Tmavě zelená (Znečištěná)
Unnamed POI,49.247,16.6611,0.68934345,Zelená (Silné znečištění)
Unnamed POI,49.933,17.7715,0.16062327,Světle modrá (Střední znečištění)
Vyhlídka zamilovaných,48.8952,15.8189,0.06447112,Tmavě modrá (Slabé znečištění)
Čtyři douglasky,49.3548,16.6823,0.34013876,Tmavě zelená (Znečištěná)
Unnamed POI,48.9074,13.6781,0.053989954,Tmavě modrá (Slabé znečištění)
Unnamed POI,49.3413,18.0065,0.41127944,Tmavě zelená (Znečištěná)
Unnamed POI,49.3422,18.0068,0.41127944,Tmavě zelená (Znečištěná)
Unnamed POI,50.4672,15.2962,0.15158527,Modrá (Mírné znečištění)
Unnamed POI,49.6484,18.2895,0.44697443,Tmavě zelená (Znečištěná)
Unnamed POI,49.6436,18.2845,0.40163985,Tmavě zelená (Znečištěná)
Unnamed POI,49.693,13.3422,0.57199806,Tmavě zelená (Znečištěná)
Unnamed POI,50.0882,14.4456,4.369525,Oranžová (Extrémní znečištění)
Unnamed POI,50.7996,14.4438,0.17031099,Světle modrá (Střední znečištění)
Unnamed POI,49.2704,15.2313,0.13601218,Modrá (Mírné znečištění)
Unnamed POI,49.9634,13.3539,0.096316874,Modrá (Mírné znečištění)
Unnamed POI,48.6515,14.2346,0.092046976,Modrá (Mírné znečištění)
Unnamed POI,48.6503,14.2409,0.092046976,Modrá (Mírné znečištění)
Unnamed POI,50.7995,14.1204,0.19782174,Světle modrá (Střední znečištění)
Unnamed POI,49.9364,14.1299,0.2871069,Světle modrá (Střední znečištění)
Rozhledna nad Šebrovem,49.3348,16.6044,0.31198075,Světle modrá (Střední znečištění)
Unnamed POI,49.4209,17.8124,0.150267,Modrá (Mírné znečištění)
Unnamed POI,49.9603,14.2013,0.37214467,Tmavě zelená (Znečištěná)
Unnamed POI,49.9605,14.2021,0.37214467,Tmavě zelená (Znečištěná)
Unnamed POI,49.9576,14.1938,0.3656382,Tmavě zelená (Znečištěná)
Unnamed POI,49.9579,14.1936,0.3656382,Tmavě zelená (Znečištěná)
Unnamed POI,49.96,14.1973,0.3656382,Tmavě zelená (Znečištěná)
Unnamed POI,49.9613,14.2013,0.37214467,Tmavě zelená (Znečištěná)
Unnamed POI,49.957,14.1922,0.3656382,Tmavě zelená (Znečištěná)
Unnamed POI,49.793,14.0537,0.12346453,Modrá (Mírné znečištění)
Unnamed POI,50.0789,14.398,3.986209,Oranžová (Extrémní znečištění)
Unnamed POI,50.0921,14.3998,3.9275193,Oranžová (Extrémní znečištění)
Unnamed POI,50.5961,15.2233,0.17620547,Světle modrá (Střední znečištění)
Unnamed POI,50.2583,14.976,0.20248075,Světle modrá (Střední znečištění)
Unnamed POI,49.3588,16.6256,0.46939138,Tmavě zelená (Znečištěná)
Unnamed POI,50.244,15.7431,0.34722164,Tmavě zelená (Znečištěná)
Unnamed POI,50.2431,15.7225,0.26753446,Světle modrá (Střední znečištění)
Unnamed POI,50.2329,15.7212,0.2877714,Světle modrá (Střední znečištění)
Unnamed POI,50.2204,15.6772,0.22743295,Světle modrá (Střední znečištění)
Unnamed POI,50.2319,15.7079,0.24577917,Světle modrá (Střední znečištění)
Unnamed POI,50.2739,15.7467,0.24133192,Světle modrá (Střední znečištění)
Unnamed POI,50.2733,15.749,0.24133192,Světle modrá (Střední znečištění)
Unnamed POI,50.2804,15.6898,0.17947319,Světle modrá (Střední znečištění)
Unnamed POI,50.2707,15.6444,0.16184367,Světle modrá (Střední znečištění)
Unnamed POI,50.2628,15.7003,0.19958039,Světle modrá (Střední znečištění)
Unnamed POI,50.2552,15.7742,0.36206508,Tmavě zelená (Znečištěná)
Unnamed POI,50.2686,15.7577,0.27706468,Světle modrá (Střední znečištění)
Unnamed POI,50.2993,15.8206,0.26388657,Světle modrá (Střední znečištění)
Unnamed POI,49.1779,16.0534,0.12122535,Modrá (Mírné znečištění)
Unnamed POI,49.176,16.0524,0.12122535,Modrá (Mírné znečištění)
Unnamed POI,49.1751,16.0519,0.12122535,Modrá (Mírné znečištění)
Unnamed POI,49.1752,16.0487,0.120078556,Modrá (Mírné znečištění)
Dvořákova vyhlídka,49.1718,16.0462,0.120078556,Modrá (Mírné znečištění)
Unnamed POI,49.5936,18.3036,0.25675294,Světle modrá (Střední znečištění)
Unnamed POI,49.9904,14.0662,0.34717903,Tmavě zelená (Znečištěná)
Unnamed POI,48.8496,16.5573,0.13625486,Modrá (Mírné znečištění)
LKPR spotting point,50.1153,14.2788,1.9054695,Žlutá (Velmi silné znečištění)
Unnamed POI,49.5378,16.3317,0.09491259,Modrá (Mírné znečištění)
Unnamed POI,49.6744,18.6869,0.7971941,Zelená (Silné znečištění)
Unnamed POI,49.2739,15.757,0.109592825,Modrá (Mírné znečištění)
Rufusova vyhlídka,50.5666,14.6846,0.1413446,Modrá (Mírné znečištění)
Unnamed POI,49.8893,14.2227,0.26277977,Světle modrá (Střední znečištění)
Hradisko,49.2465,16.6753,0.5765784,Tmavě zelená (Znečištěná)
Unnamed POI,49.2358,13.6779,0.07048074,Tmavě modrá (Slabé znečištění)
Unnamed POI,49.9049,15.6585,0.15957841,Modrá (Mírné znečištění)
Unnamed POI,49.4676,13.1121,0.074192524,Tmavě modrá (Slabé znečištění)
Unnamed POI,50.3891,14.2893,0.23982622,Světle modrá (Střední znečištění)
Unnamed POI,49.8901,13.8866,0.1877831,Světle modrá (Střední znečištění)
Vyhlídka v Holubu,49.274,13.4353,0.07601923,Tmavě modrá (Slabé znečištění)
Vyhlídka na Kalvárii,49.2713,13.431,0.073529705,Tmavě modrá (Slabé znečištění)
Vyhlídka na Plášti,49.26,13.4388,0.07160644,Tmavě modrá (Slabé znečištění)
Unnamed POI,50.564,14.6708,0.1804119,Světle modrá (Střední znečištění)
Unnamed POI,50.5534,14.6677,0.15644118,Modrá (Mírné znečištění)
výhled na Helfenburk,50.5815,14.3819,0.1278972,Modrá (Mírné znečištění)
Unnamed POI,49.685,14.8546,0.11649748,Modrá (Mírné znečištění)
Unnamed POI,49.7029,13.8997,0.0970229,Modrá (Mírné znečištění)
Unnamed POI,49.7044,13.9156,0.10907234,Modrá (Mírné znečištění)
Unnamed POI,49.2345,13.7688,0.089166544,Modrá (Mírné znečištění)
Unnamed POI,50.5495,13.4946,0.31641406,Světle modrá (Střední znečištění)
Unnamed POI,50.5461,13.4863,0.28343886,Světle modrá (Střední znečištění)
Unnamed POI,49.5624,16.525,0.14858094,Modrá (Mírné znečištění)
Unnamed POI,49.562,16.5249,0.14249668,Modrá (Mírné znečištění)
Unnamed POI,49.6255,16.3665,0.09661065,Modrá (Mírné znečištění)
Unnamed POI,49.6212,16.4054,0.091502964,Modrá (Mírné znečištění)
Unnamed POI,49.6238,16.4101,0.091502964,Modrá (Mírné znečištění)
Unnamed POI,49.9206,14.7116,0.45024142,Tmavě zelená (Znečištěná)
Unnamed POI,49.5564,16.3448,0.09272207,Modrá (Mírné znečištění)
Výhled na Chudobínskou borovici,49.5695,16.2801,0.09164426,Modrá (Mírné znečištění)
Unnamed POI,49.5691,16.2789,0.09164426,Modrá (Mírné znečištění)
Unnamed POI,48.7234,14.6386,0.067826495,Tmavě modrá (Slabé znečištění)
Panoráma Jeseníků,49.657,17.0388,0.2523013,Světle modrá (Střední znečištění)
Unnamed POI,49.8294,13.5864,0.18456715,Světle modrá (Střední znečištění)
Komárova vyhlídka,49.639,13.3753,0.25806284,Světle modrá (Střední znečištění)
Unnamed POI,50.26,14.3049,1.0396235,Zelená (Silné znečištění)
Unnamed POI,49.9317,13.8393,0.1009043,Modrá (Mírné znečištění)
Vyhlídka na řeku Berounku,49.7696,13.4198,1.0239049,Zelená (Silné znečištění)
Unnamed POI,49.4294,13.2156,0.10598728,Modrá (Mírné znečištění)
Vyhlídka pod Bukovou horou,49.5288,13.5499,0.09824882,Modrá (Mírné znečištění)
Unnamed POI,50.7678,14.3767,0.14866617,Modrá (Mírné znečištění)
Unnamed POI,50.7709,14.3599,0.16035946,Světle modrá (Střední znečištění)
Unnamed POI,49.7354,15.8834,0.10489573,Modrá (Mírné znečištění)
Unnamed POI,49.7391,15.8917,0.11533231,Modrá (Mírné znečištění)
Římská věž,49.452,17.5327,0.26291773,Světle modrá (Střední znečištění)
Unnamed POI,49.9683,15.2172,0.29775655,Světle modrá (Střední znečištění)
Unnamed POI,50.0577,14.9857,0.26380602,Světle modrá (Střední znečištění)
Unnamed POI,50.8742,14.2861,0.116368234,Modrá (Mírné znečištění)
Unnamed POI,50.7473,15.5118,0.09745246,Modrá (Mírné znečištění)
Unnamed POI,49.5744,17.6256,0.18594866,Světle modrá (Střední znečištění)
Vyhlídka U jelena,49.6215,17.6207,0.1308652,Modrá (Mírné znečištění)
Výhled na Kamenec,49.8825,13.5974,0.11216229,Modrá (Mírné znečištění)
Bývalá rozhledna Vidice,49.6072,12.8285,0.05234381,Tmavě modrá (Slabé znečištění)
Unnamed POI,49.8104,12.8551,0.07850326,Tmavě modrá (Slabé znečištění)
Unnamed POI,49.811,12.8573,0.07850326,Tmavě modrá (Slabé znečištění)
Unnamed POI,50.0118,14.4049,2.113269,Žlutá (Velmi silné znečištění)
Unnamed POI,48.8615,16.088,0.44850618,Tmavě zelená (Znečištěná)
Unnamed POI,50.2246,15.5508,0.1448949,Modrá (Mírné znečištění)
Unnamed POI,50.2141,17.0132,0.065344125,Tmavě modrá (Slabé znečištění)
Laďova vyhlídka,50.2094,17.0299,0.07203388,Tmavě modrá (Slabé znečištění)
Unnamed POI,49.857,13.3718,0.28055045,Světle modrá (Střední znečištění)
Unnamed POI,49.5775,17.6397,0.1848453,Světle modrá (Střední znečištění)
Unnamed POI,49.2182,17.4805,0.33319685,Tmavě zelená (Znečištěná)
Planýrka,49.2168,16.612,2.429207,Žlutá (Velmi silné znečištění)
Vyhlídka TGM,49.5173,16.5119,0.1702492,Světle modrá (Střední znečištění)
Unnamed POI,50.8498,14.2151,0.15286581,Modrá (Mírné znečištění)
Unnamed POI,49.2925,14.127,0.3335145,Tmavě zelená (Znečištěná)
Unnamed POI,49.9735,14.1448,0.36046356,Tmavě zelená (Znečištěná)
Unnamed POI,49.5922,18.1162,0.43734768,Tmavě zelená (Znečištěná)
Unnamed POI,49.5908,18.1229,0.47450134,Tmavě zelená (Znečištěná)
Unnamed POI,49.2531,16.5597,0.98070234,Zelená (Silné znečištění)
Unnamed POI,50.6698,15.6892,0.10943226,Modrá (Mírné znečištění)
Unnamed POI,50.253,14.4225,0.5413559,Tmavě zelená (Znečištěná)
Unnamed POI,49.4224,17.8437,0.14360802,Modrá (Mírné znečištění)
Vyhlídka Barborka,49.2665,17.8286,0.17415336,Světle modrá (Střední znečištění)
Unnamed POI,48.8594,14.4764,0.18448174,Světle modrá (Střední znečištění)
Unnamed POI,50.5801,14.392,0.12540768,Modrá (Mírné znečištění)
Unnamed POI,50.5717,14.3892,0.12232345,Modrá (Mírné znečištění)
Unnamed POI,49.5591,17.1698,0.5389323,Tmavě zelená (Znečištěná)
Unnamed POI,50.7169,14.7159,0.18978469,Světle modrá (Střední znečištění)
Všekarská vyhlídka,49.6079,13.0447,0.111155935,Modrá (Mírné znečištění)
Unnamed POI,49.9176,18.2877,0.69110024,Zelená (Silné znečištění)
Unnamed POI,50.0729,14.3989,3.986209,Oranžová (Extrémní znečištění)
Unnamed POI,50.8518,14.5219,0.1185878,Modrá (Mírné znečištění)
Unnamed POI,50.654,15.918,0.167871,Světle modrá (Střední znečištění)
Unnamed POI,50.6513,15.9251,0.1539031,Modrá (Mírné znečištění)
Unnamed POI,49.2011,16.5878,2.5238194,Žlutá (Velmi silné znečištění)
Unnamed POI,49.1814,16.5497,1.3415625,Žlutá (Velmi silné znečištění)
Unnamed POI,49.2242,16.6669,0.9721463,Zelená (Silné znečištění)
Unnamed POI,49.2652,16.5372,0.56734383,Tmavě zelená (Znečištěná)
Unnamed POI,49.6608,16.5123,0.13165967,Modrá (Mírné znečištění)
Unnamed POI,50.8149,14.3637,0.13526137,Modrá (Mírné znečištění)
Unnamed POI,50.8198,14.3672,0.13610785,Modrá (Mírné znečištění)
Unnamed POI,49.2316,16.6444,1.171257,Zelená (Silné znečištění)
Unnamed POI,49.2028,16.5691,1.9565152,Žlutá (Velmi silné znečištění)
Unnamed POI,49.2034,16.569,1.9565152,Žlutá (Velmi silné znečištění)
Vyhlídka Jaroslava Kuby,50.4933,15.2573,0.15265316,Modrá (Mírné znečištění)
Unnamed POI,49.0416,17.9126,0.10471818,Modrá (Mírné znečištění)
Unnamed POI,49.5129,16.5249,0.176142,Světle modrá (Střední znečištění)
Unnamed POI,48.8405,16.5158,0.14822948,Modrá (Mírné znečištění)
Unnamed POI,49.9501,14.1037,0.35458034,Tmavě zelená (Znečištěná)
Unnamed POI,49.9459,14.0928,0.37908977,Tmavě zelená (Znečištěná)
Maxova bouda,50.6612,15.8494,0.12134278,Modrá (Mírné znečištění)
Unnamed POI,50.6593,15.8575,0.12220129,Modrá (Mírné znečištění)
Unnamed POI,48.8085,16.6499,0.38376758,Tmavě zelená (Znečištěná)
Unnamed POI,50.0804,16.2961,0.14511506,Modrá (Mírné znečištění)
Unnamed POI,50.0719,16.3065,0.13201751,Modrá (Mírné znečištění)
Unnamed POI,49.0281,17.0637,0.20884548,Světle modrá (Střední znečištění)
Unnamed POI,50.4088,13.0647,0.09955502,Modrá (Mírné znečištění)
Unnamed POI,49.2673,17.0047,0.4311356,Tmavě zelená (Znečištěná)
Unnamed POI,49.301,16.9435,0.26491478,Světle modrá (Střední znečištění)
Unnamed POI,50.5994,15.2197,0.17620547,Světle modrá (Střední znečištění)
Unnamed POI,50.5937,15.2248,0.17337242,Světle modrá (Střední znečištění)
Unnamed POI,50.1773,16.3193,0.17250796,Světle modrá (Střední znečištění)
Unnamed POI,50.7347,14.4381,0.17247047,Světle modrá (Střední znečištění)
Unnamed POI,49.1905,16.6756,1.5242431,Žlutá (Velmi silné znečištění)
Unnamed POI,50.7947,14.0444,0.16608223,Světle modrá (Střední znečištění)
Unnamed POI,49.5643,13.4958,0.13529825,Modrá (Mírné znečištění)
Unnamed POI,50.4414,13.9034,0.16010849,Světle modrá (Střední znečištění)
Unnamed POI,50.5246,14.653,0.13739555,Modrá (Mírné znečištění)
Unnamed POI,50.6606,14.2515,0.1500285,Modrá (Mírné znečištění)
Unnamed POI,50.4912,14.6243,0.122103065,Modrá (Mírné znečištění)
Unnamed POI,50.4901,14.6204,0.122103065,Modrá (Mírné znečištění)
Unnamed POI,50.4903,14.6202,0.122103065,Modrá (Mírné znečištění)
Unnamed POI,49.9711,14.1351,0.35661808,Tmavě zelená (Znečištěná)
Unnamed POI,50.081,12.3662,0.8635241,Zelená (Silné znečištění)
Unnamed POI,49.3994,17.8831,0.13822389,Modrá (Mírné znečištění)
Unnamed POI,50.7521,15.5834,0.112843625,Modrá (Mírné znečištění)
Unnamed POI,50.7684,15.5486,0.097489566,Modrá (Mírné znečištění)
Unnamed POI,48.7949,14.6817,0.07206467,Tmavě modrá (Slabé znečištění)
Unnamed POI,50.1214,13.266,0.06846197,Tmavě modrá (Slabé znečištění)
Unnamed POI,50.1207,13.2671,0.070945166,Tmavě modrá (Slabé znečištění)
Unnamed POI,49.2494,16.6613,0.68934345,Zelená (Silné znečištění)
Louka nad Husovou,49.2497,16.6627,0.68934345,Zelená (Silné znečištění)
Unnamed POI,50.2026,12.2467,0.13517632,Modrá (Mírné znečištění)
Unnamed POI,49.2212,16.5394,1.1642091,Zelená (Silné znečištění)
Unnamed POI,49.3767,13.086,0.092796534,Modrá (Mírné znečištění)
Unnamed POI,49.0164,13.9846,0.25098658,Světle modrá (Střední znečištění)
Unnamed POI,49.0916,18.0278,0.16466136,Světle modrá (Střední znečištění)
Unnamed POI,50.3632,13.3003,0.2476126,Světle modrá (Střední znečištění)
Chalupníkova lavička,49.559,16.3272,0.09268056,Modrá (Mírné znečištění)
Unnamed POI,50.1463,17.2672,0.0636642,Tmavě modrá (Slabé znečištění)
Orlí skála,49.7232,17.7316,0.12130529,Modrá (Mírné znečištění)
Unnamed POI,50.2312,14.0935,0.6563733,Zelená (Silné znečištění)
Vyhlídka Šibeňák,50.646,15.2591,0.301392,Světle modrá (Střední znečištění)
Unnamed POI,49.0747,14.4526,0.20427214,Světle modrá (Střední znečištění)
Unnamed POI,49.3038,16.485,0.33477342,Tmavě zelená (Znečištěná)
Unnamed POI,49.6516,18.7559,0.25263122,Světle modrá (Střední znečištění)
Unnamed POI,49.0466,16.3185,0.26693645,Světle modrá (Střední znečištění)
Unnamed POI,48.8868,14.5442,0.16576234,Světle modrá (Střední znečištění)
Unnamed POI,48.8335,14.2968,0.23745644,Světle modrá (Střední znečištění)
Unnamed POI,48.8318,14.2901,0.20324719,Světle modrá (Střední znečištění)
Unnamed POI,49.1145,15.026,0.19541064,Světle modrá (Střední znečištění)
Unnamed POI,49.4251,17.9004,0.15826954,Modrá (Mírné znečištění)
Unnamed POI,49.4223,17.8968,0.15386072,Modrá (Mírné znečištění)
Unnamed POI,48.8758,16.8863,0.1830787,Světle modrá (Střední znečištění)
Vyhlídka na samotě u lesa,48.7506,14.3055,0.08477039,Modrá (Mírné znečištění)
Unnamed POI,49.2244,15.3368,0.064431414,Tmavě modrá (Slabé znečištění)
Unnamed POI,49.2202,15.3359,0.06568133,Tmavě modrá (Slabé znečištění)
Unnamed POI,49.21,15.3031,0.074370086,Tmavě modrá (Slabé znečištění)
Unnamed POI,49.2015,15.3186,0.074680984,Tmavě modrá (Slabé znečištění)
Unnamed POI,50.0015,13.6555,0.07538554,Tmavě modrá (Slabé znečištění)
Unnamed POI,50.085,13.7383,0.2540087,Světle modrá (Střední znečištění)
Unnamed POI,49.9317,13.668,0.08467825,Modrá (Mírné znečištění)
Unnamed POI,50.2488,14.4258,0.52385384,Tmavě zelená (Znečištěná)
Unnamed POI,48.9903,15.3549,0.079819866,Tmavě modrá (Slabé znečištění)
Unnamed POI,49.1292,16.2702,0.15598224,Modrá (Mírné znečištění)
Unnamed POI,49.5213,18.6097,0.101438254,Modrá (Mírné znečištění)
Unnamed POI,49.8815,14.3951,0.35190022,Tmavě zelená (Znečištěná)
Horka,48.9367,15.7178,0.043065853,Tmavě modrá (Slabé znečištění)
Unnamed POI,48.9336,15.7016,0.042777568,Tmavě modrá (Slabé znečištění)
Výří skála,48.9354,15.7082,0.042777568,Tmavě modrá (Slabé znečištění)
Unnamed POI,48.9331,15.7425,0.04529788,Tmavě modrá (Slabé znečištění)
Unnamed POI,48.782,14.413,0.11405127,Modrá (Mírné znečištění)
Unnamed POI,50.1213,13.455,0.09237963,Modrá (Mírné znečištění)
Unnamed POI,50.3203,12.8782,0.181062,Světle modrá (Střední znečištění)
Unnamed POI,50.3201,12.8785,0.181062,Světle modrá (Střední znečištění)
Unnamed POI,48.9426,15.7029,0.042777568,Tmavě modrá (Slabé znečištění)
Unnamed POI,49.4463,18.2792,0.11583572,Modrá (Mírné znečištění)
Unnamed POI,49.4467,18.2834,0.11217493,Modrá (Mírné znečištění)
Unnamed POI,50.0284,13.7083,0.09396254,Modrá (Mírné znečištění)
Unnamed POI,49.9456,13.7088,0.081274964,Modrá (Mírné znečištění)
Unnamed POI,50.188,12.7502,0.3710064,Tmavě zelená (Znečištěná)
Unnamed POI,50.183,12.7561,0.30394998,Světle modrá (Střední znečištění)
Unnamed POI,49.8903,13.8871,0.1877831,Světle modrá (Střední znečištění)
Unnamed POI,49.2327,16.5195,0.88857406,Zelená (Silné znečištění)
Unnamed POI,49.577,18.1434,0.34730926,Tmavě zelená (Znečištěná)
Unnamed POI,50.863,14.3214,0.10985262,Modrá (Mírné znečištění)
Unnamed POI,49.5743,18.5382,0.14557996,Modrá (Mírné znečištění)
Unnamed POI,50.7891,14.4926,0.15381157,Modrá (Mírné znečištění)
Unnamed POI,49.3058,16.0376,0.13482037,Modrá (Mírné znečištění)
Unnamed POI,49.4608,16.3438,0.124473885,Modrá (Mírné znečištění)
Unnamed POI,49.9936,14.6529,0.96394795,Zelená (Silné znečištění)
Unnamed POI,50.7199,15.4491,0.12245186,Modrá (Mírné znečištění)
Unnamed POI,49.1509,13.4244,0.03793348,Šedá (Téměř přirozená)
Unnamed POI,50.6303,14.606,0.1851517,Světle modrá (Střední znečištění)
Unnamed POI,50.6872,14.8158,0.25357795,Světle modrá (Střední znečištění)
Unnamed POI,49.5373,18.847,0.14582905,Modrá (Mírné znečištění)
Unnamed POI,49.5437,18.8499,0.15006417,Modrá (Mírné znečištění)
Unnamed POI,49.5476,18.8552,0.16170277,Světle modrá (Střední znečištění)
Unnamed POI,49.5262,18.1457,0.21041207,Světle modrá (Střední znečištění)
Unnamed POI,49.4999,18.6235,0.09513463,Modrá (Mírné znečištění)
Unnamed POI,49.4996,18.6153,0.094846345,Modrá (Mírné znečištění)
Unnamed POI,49.5013,18.6144,0.094846345,Modrá (Mírné znečištění)
vyhlídka Miloše Formana,50.5871,14.637,0.1720835,Světle modrá (Střední znečištění)
Unnamed POI,49.5635,18.6668,0.13489714,Modrá (Mírné znečištění)
Unnamed POI,49.5632,18.6598,0.13322121,Modrá (Mírné znečištění)
Unnamed POI,49.5633,18.648,0.1303329,Modrá (Mírné znečištění)
Unnamed POI,49.1546,17.7633,0.16164307,Světle modrá (Střední znečištění)
Unnamed POI,50.0568,16.6883,0.08331717,Modrá (Mírné znečištění)
Unnamed POI,50.3844,13.1782,0.32120925,Tmavě zelená (Znečištěná)
Unnamed POI,50.0973,14.4364,4.2773204,Oranžová (Extrémní znečištění)
Unnamed POI,50.3678,13.1525,0.13898982,Modrá (Mírné znečištění)
Unnamed POI,49.1895,15.4494,0.17811178,Světle modrá (Střední znečištění)
Unnamed POI,50.2198,12.8406,0.44593912,Tmavě zelená (Znečištěná)
Unnamed POI,49.1331,16.2538,0.15150556,Modrá (Mírné znečištění)
Unnamed POI,49.5158,15.2024,0.097218,Modrá (Mírné znečištění)
Unnamed POI,50.0434,14.3845,2.735179,Oranžová (Extrémní znečištění)
Rozhledna Babylon,50.1159,14.3202,1.5063857,Žlutá (Velmi silné znečištění)
Unnamed POI,49.4197,18.3206,0.097236365,Modrá (Mírné znečištění)
Unnamed POI,49.4197,18.3206,0.097236365,Modrá (Mírné znečištění)
Unnamed POI,49.7162,12.9956,0.16309723,Světle modrá (Střední znečištění)
Unnamed POI,49.7526,13.0144,0.3148295,Světle modrá (Střední znečištění)
Unnamed POI,49.3836,17.9658,0.17955329,Světle modrá (Střední znečištění)
Unnamed POI,49.6547,16.1175,0.08239707,Modrá (Mírné znečištění)
Unnamed POI,50.6825,15.9168,0.13736513,Modrá (Mírné znečištění)
Unnamed POI,49.3031,17.3711,0.6206523,Tmavě zelená (Znečištěná)
Unnamed POI,49.7601,17.7198,0.1303186,Modrá (Mírné znečištění)
Unnamed POI,49.7598,17.72,0.1303186,Modrá (Mírné znečištění)
Unnamed POI,50.6361,15.7053,0.14583208,Modrá (Mírné znečištění)
Unnamed POI,50.6346,15.6998,0.14084552,Modrá (Mírné znečištění)
Unnamed POI,49.7496,18.4759,0.52971745,Tmavě zelená (Znečištěná)
Unnamed POI,51.0234,14.3701,0.10408006,Modrá (Mírné znečištění)
Unnamed POI,50.8455,14.4226,0.11313702,Modrá (Mírné znečištění)
Urbanečský vrch,49.0426,15.4171,0.07376274,Tmavě modrá (Slabé znečištění)
Unnamed POI,51.0288,14.3038,0.11103362,Modrá (Mírné znečištění)
Unnamed POI,49.0748,16.4181,0.24522707,Světle modrá (Střední znečištění)
Unnamed POI,49.636,18.5554,0.22082332,Světle modrá (Střední znečištění)
Unnamed POI,49.6246,18.5602,0.20556784,Světle modrá (Střední znečištění)
Unnamed POI,49.5434,18.5655,0.11017677,Modrá (Mírné znečištění)
Unnamed POI,49.5552,18.5594,0.12154547,Modrá (Mírné znečištění)
Unnamed POI,49.5556,18.5555,0.1230358,Modrá (Mírné znečištění)
Unnamed POI,49.5466,18.5638,0.11547488,Modrá (Mírné znečištění)
Unnamed POI,50.8464,14.351,0.11248076,Modrá (Mírné znečištění)
Šelenburk,50.0689,17.7277,0.24100108,Světle modrá (Střední znečištění)
Unnamed POI,50.0813,17.7216,0.4185707,Tmavě zelená (Znečištěná)
Unnamed POI,49.7769,15.5694,0.09064445,Modrá (Mírné znečištění)
Unnamed POI,50.5567,14.58,0.13439105,Modrá (Mírné znečištění)
Unnamed POI,50.5567,14.5802,0.13439105,Modrá (Mírné znečištění)
Unnamed POI,50.5698,14.5883,0.13602203,Modrá (Mírné znečištění)
Unnamed POI,50.0779,17.7202,0.2997204,Světle modrá (Střední znečištění)
Vyhlídka na Červenou Vodu,50.0457,16.7526,0.09746285,Modrá (Mírné znečištění)
Unnamed POI,49.9785,12.6987,0.4087824,Tmavě zelená (Znečištěná)
Unnamed POI,48.8204,15.9729,0.1329859,Modrá (Mírné znečištění)
Unnamed POI,48.8192,15.9737,0.1329859,Modrá (Mírné znečištění)
Unnamed POI,49.9534,17.9524,0.36710823,Tmavě zelená (Znečištěná)
Unnamed POI,48.657,14.1775,0.0807952,Modrá (Mírné znečištění)
Unnamed POI,49.7111,18.4638,0.4038912,Tmavě zelená (Znečištěná)
Unnamed POI,48.8248,14.5172,0.13198015,Modrá (Mírné znečištění)
Unnamed POI,50.1253,13.4669,0.087897435,Modrá (Mírné znečištění)
Unnamed POI,50.8353,14.3437,0.12475691,Modrá (Mírné znečištění)
Unnamed POI,50.8465,14.3503,0.11248076,Modrá (Mírné znečištění)
Unnamed POI,48.844,17.0871,0.4264492,Tmavě zelená (Znečištěná)
Unnamed POI,49.6367,18.3444,0.43560997,Tmavě zelená (Znečištěná)
Unnamed POI,50.3899,13.0105,0.08877552,Modrá (Mírné znečištění)
Unnamed POI,50.4183,16.1618,0.49923086,Tmavě zelená (Znečištěná)
Unnamed POI,49.0525,16.3188,0.26693645,Světle modrá (Střední znečištění)
Unnamed POI,50.7354,15.7406,0.11004827,Modrá (Mírné znečištění)
Unnamed POI,49.2816,16.4033,0.22826076,Světle modrá (Střední znečištění)
Unnamed POI,49.5635,16.5474,0.16089295,Světle modrá (Střední znečištění)
Unnamed POI,49.286,16.4166,0.29292658,Světle modrá (Střední znečištění)
Unnamed POI,49.0517,16.3219,0.26693645,Světle modrá (Střední znečištění)
Unnamed POI,49.284,16.4142,0.25077695,Světle modrá (Střední znečištění)
Unnamed POI,50.4529,16.1221,0.1880714,Světle modrá (Střední znečištění)
Unnamed POI,49.0694,16.3276,0.19712146,Světle modrá (Střední znečištění)
Unnamed POI,50.1058,17.1914,0.061683346,Tmavě modrá (Slabé znečištění)
Unnamed POI,50.4381,14.5768,0.15212494,Modrá (Mírné znečištění)
Unnamed POI,49.9919,16.9736,0.2723126,Světle modrá (Střední znečištění)
Vyhlídka Fénix,50.8742,14.2861,0.116368234,Modrá (Mírné znečištění)
Unnamed POI,50.8704,14.351,0.1038346,Modrá (Mírné znečištění)
Vyhlídka Pohoří,49.3503,13.1488,0.095911555,Modrá (Mírné znečištění)
Unnamed POI,49.9372,14.0509,0.36470938,Tmavě zelená (Znečištěná)
Unnamed POI,49.938,14.0511,0.43390995,Tmavě zelená (Znečištěná)
Unnamed POI,49.9387,14.0512,0.43390995,Tmavě zelená (Znečištěná)
Unnamed POI,49.9384,14.051,0.43390995,Tmavě zelená (Znečištěná)
Unnamed POI,49.9377,14.0511,0.43390995,Tmavě zelená (Znečištěná)
Unnamed POI,49.9375,14.051,0.36470938,Tmavě zelená (Znečištěná)
Unnamed POI,50.5038,14.4822,0.14313526,Modrá (Mírné znečištění)
Oskarova vyhlídka,49.9689,13.7812,0.08444287,Modrá (Mírné znečištění)
Na Floriánu,49.8496,13.6076,0.1528354,Modrá (Mírné znečištění)
Unnamed POI,49.418,18.028,0.15872355,Modrá (Mírné znečištění)
Strážná,49.5616,16.9716,0.1717722,Světle modrá (Střední znečištění)
Unnamed POI,49.4167,16.4107,0.1353101,Modrá (Mírné znečištění)
Unnamed POI,49.4512,16.5849,0.18455762,Světle modrá (Střední znečištění)
Unnamed POI,49.4506,16.5854,0.18455762,Světle modrá (Střední znečištění)
Unnamed POI,49.4518,16.5872,0.18455762,Světle modrá (Střední znečištění)
Unnamed POI,49.4581,16.5852,0.18517677,Světle modrá (Střední znečištění)
Vyhlídka na Janečku,50.6304,15.3173,0.17584063,Světle modrá (Střední znečištění)
Unnamed POI,50.7082,15.1611,0.45191678,Tmavě zelená (Znečištěná)
Unnamed POI,50.5296,15.1278,0.16608734,Světle modrá (Střední znečištění)
Unnamed POI,49.4702,17.0197,0.27256244,Světle modrá (Střední znečištění)
Unnamed POI,48.8975,14.5091,0.22741443,Světle modrá (Střední znečištění)
Unnamed POI,49.3034,16.4846,0.33477342,Tmavě zelená (Znečištěná)
Unnamed POI,50.0783,13.2156,0.059358954,Tmavě modrá (Slabé znečištění)
Unnamed POI,50.0802,13.2158,0.061987914,Tmavě modrá (Slabé znečištění)
Unnamed POI,49.359,13.0476,0.083370656,Modrá (Mírné znečištění)
Unnamed POI,48.9046,14.5003,0.27442196,Světle modrá (Střední znečištění)
Unnamed POI,48.9057,14.5042,0.27442196,Světle modrá (Střední znečištění)
Unnamed POI,50.4934,15.4454,0.13396145,Modrá (Mírné znečištění)
Unnamed POI,48.8863,17.68,0.10688864,Modrá (Mírné znečištění)
Unnamed POI,50.2229,12.9064,0.3507151,Tmavě zelená (Znečištěná)
Unnamed POI,50.2141,12.8943,0.37056804,Tmavě zelená (Znečištěná)
Fotopoint SRDÍČKO Vršovice,49.8825,17.9387,0.26863402,Světle modrá (Střední znečištění)
Unnamed POI,50.9105,15.082,0.23374742,Světle modrá (Střední znečištění)
Unnamed POI,49.111,17.7596,0.29091114,Světle modrá (Střední znečištění)
Unnamed POI,50.1027,14.5859,2.1045265,Žlutá (Velmi silné znečištění)
Unnamed POI,49.937,14.3663,0.56033456,Tmavě zelená (Znečištěná)
Unnamed POI,51.0045,14.288,0.12397237,Modrá (Mírné znečištění)
Unnamed POI,49.7432,17.4438,0.12752266,Modrá (Mírné znečištění)
Unnamed POI,49.3889,14.6488,0.28713903,Světle modrá (Střední znečištění)
Unnamed POI,49.6966,15.2796,0.23213303,Světle modrá (Střední znečištění)
Unnamed POI,49.6968,15.282,0.23213303,Světle modrá (Střední znečištění)
Unnamed POI,49.7249,15.2697,0.10563744,Modrá (Mírné znečištění)
Unnamed POI,49.7586,13.5649,0.32009944,Tmavě zelená (Znečištěná)
Unnamed POI,49.2641,16.439,0.31094384,Světle modrá (Střední znečištění)
Unnamed POI,49.9592,13.9625,0.19548495,Světle modrá (Střední znečištění)
Unnamed POI,49.9592,13.9628,0.19548495,Světle modrá (Střední znečištění)
Unnamed POI,50.1414,13.0364,0.08514958,Modrá (Mírné znečištění)
Unnamed POI,49.9705,14.1373,0.33778653,Tmavě zelená (Znečištěná)
Skála Rozloučení,50.042,14.4129,3.273671,Oranžová (Extrémní znečištění)
Unnamed POI,49.9475,14.297,0.5800676,Tmavě zelená (Znečištěná)
Unnamed POI,50.884,14.275,0.11305099,Modrá (Mírné znečištění)
Unnamed POI,49.3706,14.1434,0.122126475,Modrá (Mírné znečištění)
rozhledna Vrchovina,50.6455,15.0753,0.18449627,Světle modrá (Střední znečištění)
Unnamed POI,50.6472,13.646,0.21375439,Světle modrá (Střední znečištění)
Unnamed POI,48.8115,16.6582,0.2829246,Světle modrá (Střední znečištění)
Unnamed POI,49.5311,18.7909,0.13496819,Modrá (Mírné znečištění)
LOVEčka,49.6174,18.1881,0.39803326,Tmavě zelená (Znečištěná)
Unnamed POI,50.0816,13.6308,0.121126674,Modrá (Mírné znečištění)
Unnamed POI,49.6993,13.3504,0.7217281,Zelená (Silné znečištění)
Unnamed POI,49.3034,16.5444,0.5120831,Tmavě zelená (Znečištěná)
Unnamed POI,49.6901,13.8404,0.07841806,Tmavě modrá (Slabé znečištění)
Unnamed POI,50.735,15.7408,0.11004827,Modrá (Mírné znečištění)
Unnamed POI,50.7003,15.7681,0.12029322,Modrá (Mírné znečištění)
Unnamed POI,50.6939,15.7644,0.13383155,Modrá (Mírné znečištění)
Unnamed POI,50.0658,13.7847,0.13029496,Modrá (Mírné znečištění)
Unnamed POI,49.3096,16.6021,0.36115497,Tmavě zelená (Znečištěná)
Unnamed POI,49.2163,16.9157,0.30703068,Světle modrá (Střední znečištění)
Unnamed POI,49.6934,13.4152,0.7428993,Zelená (Silné znečištění)
Alžbětina vyhlídka,50.4537,15.7072,0.11700065,Modrá (Mírné znečištění)
Unnamed POI,49.1141,14.154,0.107084334,Modrá (Mírné znečištění)
Unnamed POI,48.9864,17.215,0.29530394,Světle modrá (Střední znečištění)
Unnamed POI,49.719,13.5859,0.26697847,Světle modrá (Střední znečištění)
Unnamed POI,49.6498,13.891,0.09811994,Modrá (Mírné znečištění)
Okklania,50.2797,16.4699,0.08058768,Modrá (Mírné znečištění)
Unnamed POI,48.9294,16.8168,0.19848171,Světle modrá (Střední znečištění)
Unnamed POI,50.2109,12.8083,0.36025017,Tmavě zelená (Znečištěná)
Unnamed POI,50.2111,12.8087,0.36025017,Tmavě zelená (Znečištěná)
Unnamed POI,49.233,16.574,1.7759377,Žlutá (Velmi silné znečištění)
Unnamed POI,49.2331,16.5746,1.7759377,Žlutá (Velmi silné znečištění)
Unnamed POI,49.7503,13.7428,0.12017091,Modrá (Mírné znečištění)
Unnamed POI,49.6662,13.3214,0.3863999,Tmavě zelená (Znečištěná)
Unnamed POI,49.9751,16.5407,0.12740645,Modrá (Mírné znečištění)
Unnamed POI,49.5478,13.0387,0.1142954,Modrá (Mírné znečištění)
Unnamed POI,49.8876,13.7479,0.104889646,Modrá (Mírné znečištění)
Unnamed POI,49.3945,16.6736,0.25135285,Světle modrá (Střední znečištění)
vyhlídka Cyrila Boudy,50.4896,15.4864,0.16395906,Světle modrá (Střední znečištění)
Unnamed POI,50.7595,15.2949,0.25568658,Světle modrá (Střední znečištění)
Unnamed POI,50.1985,17.3528,0.07534565,Tmavě modrá (Slabé znečištění)
Vyhlídka na Šmahlířce,49.3814,15.3565,0.08880487,Modrá (Mírné znečištění)
Unnamed POI,50.6499,15.0088,0.17163724,Světle modrá (Střední znečištění)
Unnamed POI,49.62,18.2302,0.31924874,Světle modrá (Střední znečištění)
Unnamed POI,49.3762,13.175,0.10551894,Modrá (Mírné znečištění)
Unnamed POI,49.7581,14.2262,0.12725967,Modrá (Mírné znečištění)
Unnamed POI,49.5528,18.301,0.21023938,Světle modrá (Střední znečištění)
Unnamed POI,49.6317,13.6342,0.11061099,Modrá (Mírné znečištění)
Unnamed POI,48.8039,14.2932,0.24260123,Světle modrá (Střední znečištění)
Unnamed POI,49.9693,13.7885,0.08380792,Modrá (Mírné znečištění)
Unnamed POI,50.0799,17.7264,0.34651735,Tmavě zelená (Znečištěná)
Unnamed POI,49.3767,15.3976,0.09112926,Modrá (Mírné znečištění)
Unnamed POI,49.3075,16.423,0.2306341,Světle modrá (Střední znečištění)
Unnamed POI,50.1801,14.3551,0.86091906,Zelená (Silné znečištění)
Unnamed POI,49.6265,17.4629,0.17815064,Světle modrá (Střední znečištění)
Unnamed POI,50.2476,12.5575,0.16891769,Světle modrá (Střední znečištění)
Amorova vyhlídka,49.3552,16.3492,0.15201971,Modrá (Mírné znečištění)
Unnamed POI,49.3556,16.3495,0.15201971,Modrá (Mírné znečištění)
Unnamed POI,50.659,15.1693,0.20243913,Světle modrá (Střední znečištění)
Unnamed POI,50.1782,14.502,1.0561279,Zelená (Silné znečištění)
Unnamed POI,49.3876,13.1757,0.1026266,Modrá (Mírné znečištění)
Vyhlídka na střeše Krajského úřadu,50.7632,15.0535,1.5669394,Žlutá (Velmi silné znečištění)
Unnamed POI,50.0801,15.8114,0.40837535,Tmavě zelená (Znečištěná)
Unnamed POI,50.0802,15.8113,0.40837535,Tmavě zelená (Znečištěná)
Unnamed POI,49.5467,18.4975,0.12478363,Modrá (Mírné znečištění)
Unnamed POI,49.5517,18.4962,0.12478363,Modrá (Mírné znečištění)
Návarovská vyhlídka,50.6782,15.3167,0.16407102,Světle modrá (Střední znečištění)
Na Poledník,49.0525,13.4448,0.031464107,Šedá (Téměř přirozená)
Výšina sv. Metoděje,49.059,17.4703,0.7675965,Zelená (Silné znečištění)
Unnamed POI,49.0603,17.4709,0.7675965,Zelená (Silné znečištění)
Unnamed POI,49.0738,17.4925,0.41502827,Tmavě zelená (Znečištěná)
Unnamed POI,49.076,17.4903,0.51918936,Tmavě zelená (Znečištěná)
Unnamed POI,49.075,17.4909,0.51918936,Tmavě zelená (Znečištěná)
Unnamed POI,49.076,17.4947,0.41502827,Tmavě zelená (Znečištěná)
Unnamed POI,49.0718,17.4885,0.51918936,Tmavě zelená (Znečištěná)
Unnamed POI,50.6513,13.9419,0.44148713,Tmavě zelená (Znečištěná)
Unnamed POI,49.684,17.5674,0.10062234,Modrá (Mírné znečištění)
Unnamed POI,49.6866,17.5692,0.10062234,Modrá (Mírné znečištění)
Unnamed POI,49.0586,17.4697,0.7675965,Zelená (Silné znečištění)
Unnamed POI,49.4359,18.2189,0.16631217,Světle modrá (Střední znečištění)
Matějčkova vyhlídka,48.7403,14.422,0.08877469,Modrá (Mírné znečištění)
Unnamed POI,50.849,14.6595,0.13861875,Modrá (Mírné znečištění)
Unnamed POI,50.6143,16.1242,0.11387932,Modrá (Mírné znečištění)
Rozhledna Mařský vrch,49.0728,13.8479,0.078841686,Tmavě modrá (Slabé znečištění)
Rozhledna Libín,48.9788,14.0118,0.07201552,Tmavě modrá (Slabé znečištění)
rozhledna Christiana Battaglii,49.3751,13.8139,0.08235997,Modrá (Mírné znečištění)
Unnamed POI,49.3005,16.4083,0.22574617,Světle modrá (Střední znečištění)
Unnamed POI,48.9182,14.4715,0.34507003,Tmavě zelená (Znečištěná)
Unnamed POI,49.7649,13.4153,1.160511,Zelená (Silné znečištění)
Unnamed POI,49.77,13.4196,1.0239049,Zelená (Silné znečištění)
Unnamed POI,50.1405,14.3941,1.5912136,Žlutá (Velmi silné znečištění)
Pětikostelní kámen,50.8424,14.603,0.123826206,Modrá (Mírné znečištění)
Unnamed POI,49.4737,13.227,0.09499861,Modrá (Mírné znečištění)
Unnamed POI,50.4795,15.2469,0.14165102,Modrá (Mírné znečištění)
Unnamed POI,49.4327,13.2029,0.09683246,Modrá (Mírné znečištění)
Unnamed POI,49.4308,13.2042,0.09683246,Modrá (Mírné znečištění)
Unnamed POI,48.9728,14.4698,1.8108541,Žlutá (Velmi silné znečištění)
Unnamed POI,49.5965,18.6695,0.1747174,Světle modrá (Střední znečištění)
Unnamed POI,49.416,13.2011,0.10942136,Modrá (Mírné znečištění)
Unnamed POI,49.6455,17.5014,0.14163981,Modrá (Mírné znečištění)
Unnamed POI,50.5819,14.0651,0.26526394,Světle modrá (Střední znečištění)
Unnamed POI,50.3416,13.7854,0.36392975,Tmavě zelená (Znečištěná)
Unnamed POI,50.753,14.2274,0.34689188,Tmavě zelená (Znečištěná)
Unnamed POI,50.7576,14.2292,0.45616803,Tmavě zelená (Znečištěná)
Unnamed POI,50.7496,14.2257,0.34689188,Tmavě zelená (Znečištěná)
45-135,50.7339,14.2437,0.23341799,Světle modrá (Střední znečištění)
Unnamed POI,50.7316,14.2436,0.23341799,Světle modrá (Střední znečištění)
Unnamed POI,49.639,13.5314,0.20585828,Světle modrá (Střední znečištění)
Unnamed POI,49.0227,15.2311,0.049584147,Tmavě modrá (Slabé znečištění)
Unnamed POI,49.9438,16.2251,0.15119994,Modrá (Mírné znečištění)
Unnamed POI,49.9462,16.2164,0.1751194,Světle modrá (Střední znečištění)
Unnamed POI,49.3883,13.0843,0.088192955,Modrá (Mírné znečištění)
Unnamed POI,49.3924,13.0797,0.09214087,Modrá (Mírné znečištění)
Unnamed POI,49.4071,13.0477,0.120396554,Modrá (Mírné znečištění)
Unnamed POI,49.5675,13.7774,0.063890904,Tmavě modrá (Slabé znečištění)
Bílá skála,49.5773,13.8434,0.077105284,Tmavě modrá (Slabé znečištění)
U Drtiče,49.5747,13.8441,0.077105284,Tmavě modrá (Slabé znečištění)
Unnamed POI,49.265,16.4014,0.23688278,Světle modrá (Střední znečištění)
Unnamed POI,50.4782,14.4721,0.1638064,Světle modrá (Střední znečištění)
Unnamed POI,49.4814,16.6616,0.3255695,Tmavě zelená (Znečištěná)
Vyhlídka na Baštu,49.4815,16.6615,0.3255695,Tmavě zelená (Znečištěná)
Unnamed POI,49.4817,16.6619,0.3255695,Tmavě zelená (Znečištěná)
Unnamed POI,49.4815,16.6621,0.3255695,Tmavě zelená (Znečištěná)
Unnamed POI,49.4816,16.6621,0.3255695,Tmavě zelená (Znečištěná)
Unnamed POI,49.6955,13.9443,0.16617057,Světle modrá (Střední znečištění)
Unnamed POI,49.2963,16.6566,0.43578815,Tmavě zelená (Znečištěná)
Unnamed POI,49.2572,17.0053,0.31513965,Světle modrá (Střední znečištění)
Unnamed POI,50.4172,13.8208,0.1908733,Světle modrá (Střední znečištění)
Unnamed POI,50.4195,13.8239,0.1908733,Světle modrá (Střední znečištění)
Unnamed POI,49.6473,13.7309,0.0787308,Tmavě modrá (Slabé znečištění)
Unnamed POI,49.6329,13.712,0.080691434,Modrá (Mírné znečištění)
Unnamed POI,49.2547,18.0412,0.09230075,Modrá (Mírné znečištění)
Unnamed POI,50.1497,12.5821,0.21567059,Světle modrá (Střední znečištění)
Unnamed POI,50.7352,14.3698,0.15739836,Modrá (Mírné znečištění)
Kostelní věž,50.1499,12.5358,0.17637277,Světle modrá (Střední znečištění)
Unnamed POI,50.1444,12.5349,0.17330532,Světle modrá (Střední znečištění)
Unnamed POI,50.1703,12.608,0.30578673,Světle modrá (Střední znečištění)
Unnamed POI,48.9199,14.1235,0.053508747,Tmavě modrá (Slabé znečištění)
Unnamed POI,50.8731,14.2534,0.14267446,Modrá (Mírné znečištění)
Unnamed POI,50.7883,14.2372,0.42516902,Tmavě zelená (Znečištěná)
Unnamed POI,49.6827,12.6685,0.089999765,Modrá (Mírné znečištění)
Minirozhledna Rumovka,49.5211,13.5284,0.10445985,Modrá (Mírné znečištění)
vyhlídka,49.2251,15.8378,0.26816761,Světle modrá (Střední znečištění)
Unnamed POI,50.8388,14.5772,0.120165415,Modrá (Mírné znečištění)
Jelení kámen,50.839,14.5866,0.122521,Modrá (Mírné znečištění)
Unnamed POI,50.8373,14.5912,0.122850865,Modrá (Mírné znečištění)
Unnamed POI,50.9449,14.5245,0.19413543,Světle modrá (Střední znečištění)
Modulární Vyhlídka,50.0672,14.4054,4.0587354,Oranžová (Extrémní znečištění)
Unnamed POI,49.3817,12.847,0.09852421,Modrá (Mírné znečištění)
Unnamed POI,50.3702,13.1037,0.110996515,Modrá (Mírné znečištění)
Unnamed POI,49.9488,13.5868,0.08416201,Modrá (Mírné znečištění)
Unnamed POI,50.8032,14.2456,0.29165843,Světle modrá (Střední znečištění)
Unnamed POI,50.8022,14.2447,0.29165843,Světle modrá (Střední znečištění)
Unnamed POI,50.8094,14.2618,0.21396582,Světle modrá (Střední znečištění)
Unnamed POI,50.3608,13.0997,0.097954206,Modrá (Mírné znečištění)
Unnamed POI,48.8406,17.4391,0.09140181,Modrá (Mírné znečištění)
Unnamed POI,48.8415,17.4444,0.09162001,Modrá (Mírné znečištění)
Unnamed POI,49.3524,16.42,0.48363954,Tmavě zelená (Znečištěná)
Unnamed POI,49.5845,18.1174,0.4465019,Tmavě zelená (Znečištěná)
Unnamed POI,49.8822,13.5701,0.11742329,Modrá (Mírné znečištění)
Unnamed POI,50.3683,13.1513,0.13898982,Modrá (Mírné znečištění)
Unnamed POI,49.6552,13.8186,0.07690809,Tmavě modrá (Slabé znečištění)
Unnamed POI,49.656,13.8088,0.07522184,Tmavě modrá (Slabé znečištění)
Unnamed POI,49.6538,13.8472,0.08543869,Modrá (Mírné znečištění)
Rozhledna Pancíř,49.1779,13.2538,0.04448344,Tmavě modrá (Slabé znečištění)
Unnamed POI,49.2996,13.0664,0.056636404,Tmavě modrá (Slabé znečištění)
Unnamed POI,50.3699,13.101,0.110996515,Modrá (Mírné znečištění)
Unnamed POI,50.3699,13.101,0.110996515,Modrá (Mírné znečištění)
Unnamed POI,50.2183,12.9017,0.31792682,Světle modrá (Střední znečištění)
Unnamed POI,50.218,12.9029,0.31792682,Světle modrá (Střední znečištění)
Unnamed POI,49.7091,14.8829,0.22471873,Světle modrá (Střední znečištění)
Unnamed POI,49.7475,13.6768,0.15769151,Modrá (Mírné znečištění)
Unnamed POI,49.7687,13.3438,1.2515459,Zelená (Silné znečištění)
Unnamed POI,50.5671,13.9729,0.21580765,Světle modrá (Střední znečištění)
Unnamed POI,50.5317,13.9519,0.1995384,Světle modrá (Střední znečištění)
Unnamed POI,50.5315,13.9506,0.1995384,Světle modrá (Střední znečištění)
Rozhledna Milešovka,50.5548,13.9312,0.20498471,Světle modrá (Střední znečištění)
Unnamed POI,49.6178,14.2381,0.08229291,Modrá (Mírné znečištění)
Unnamed POI,49.5133,18.5863,0.09763047,Modrá (Mírné znečištění)
Vyhlídka Antonína Bárty,49.5255,13.6653,0.07931285,Tmavě modrá (Slabé znečištění)
Unnamed POI,49.6208,14.2381,0.08229291,Modrá (Mírné znečištění)
Unnamed POI,49.6501,14.2488,0.12269528,Modrá (Mírné znečištění)
Unnamed POI,50.0243,13.8431,0.11755847,Modrá (Mírné znečištění)
Unnamed POI,50.0192,13.8608,0.122648016,Modrá (Mírné znečištění)
Unnamed POI,49.3584,16.4125,0.3044184,Světle modrá (Střední znečištění)
Unnamed POI,49.3593,16.4121,0.3044184,Světle modrá (Střední znečištění)
Jižní vyhlídka,49.8582,13.7612,0.18250494,Světle modrá (Střední znečištění)
hledisko,50.6545,15.7473,0.109385684,Modrá (Mírné znečištění)
hledisko,50.6556,15.7456,0.109385684,Modrá (Mírné znečištění)
Unnamed POI,49.1813,16.5547,1.5659341,Žlutá (Velmi silné znečištění)
Unnamed POI,49.0289,16.4207,0.17020787,Světle modrá (Střední znečištění)
Unnamed POI,49.0682,16.4622,0.35589322,Tmavě zelená (Znečištěná)
Unnamed POI,49.3855,16.5212,0.183693,Světle modrá (Střední znečištění)
Unnamed POI,49.9449,15.2621,0.55362386,Tmavě zelená (Znečištěná)
Unnamed POI,50.7807,14.1905,0.6985901,Zelená (Silné znečištění)
Unnamed POI,50.7864,14.1579,0.43980953,Tmavě zelená (Znečištěná)
Unnamed POI,50.211,12.9989,0.103473306,Modrá (Mírné znečištění)
Unnamed POI,50.2294,12.9707,0.14091542,Modrá (Mírné znečištění)
Výhled na Vlašim,49.725,14.8453,0.12403394,Modrá (Mírné znečištění)
Unnamed POI,50.0385,14.4816,4.064302,Oranžová (Extrémní znečištění)
Unnamed POI,49.349,16.4415,0.3527663,Tmavě zelená (Znečištěná)
Unnamed POI,49.3623,13.6177,0.0812992,Modrá (Mírné znečištění)
Unnamed POI,50.0314,13.8689,0.13743815,Modrá (Mírné znečištění)
Unnamed POI,49.6112,15.4127,0.111977346,Modrá (Mírné znečištění)
Unnamed POI,50.0043,16.6848,0.08973128,Modrá (Mírné znečištění)
Unnamed POI,50.8751,14.3306,0.1038346,Modrá (Mírné znečištění)
Unnamed POI,50.8715,15.2576,0.11500226,Modrá (Mírné znečištění)
Unnamed POI,50.9073,15.2514,0.12538359,Modrá (Mírné znečištění)
Unnamed POI,50.7701,15.55,0.09834809,Modrá (Mírné znečištění)
Unnamed POI,49.9394,14.2641,0.4835118,Tmavě zelená (Znečištěná)
Unnamed POI,50.5118,15.2346,0.1508611,Modrá (Mírné znečištění)
Unnamed POI,49.6414,17.2001,0.51177573,Tmavě zelená (Znečištěná)
Petřínská rozhledna,50.0835,14.3951,3.9616766,Oranžová (Extrémní znečištění)
Svatomikulášská městská zvonice,50.0878,14.4036,4.2743573,Oranžová (Extrémní znečištění)
Prašná brána,50.0872,14.4278,5.006194,Oranžová (Extrémní znečištění)
rozhledna Jedlová,50.8567,14.5604,0.13280323,Modrá (Mírné znečištění)
Babylon,49.1272,16.1488,0.16487995,Světle modrá (Střední znečištění)
Tribuna T2,49.203,16.4438,0.41515267,Tmavě zelená (Znečištěná)
Tribuna T3,49.2024,16.4458,0.41515267,Tmavě zelená (Znečištěná)
Rozhledna Veselý vrch,49.7448,14.3432,0.11085607,Modrá (Mírné znečištění)
Bolfánek,49.4596,13.1626,0.07681573,Tmavě modrá (Slabé znečištění)
Kozí hrádek,48.8095,16.6381,0.5108161,Tmavě zelená (Znečištěná)
Rozhledna na Kostelíčku,49.2094,15.8735,0.6095163,Tmavě zelená (Znečištěná)
Pípalka,49.4036,15.327,0.087492935,Modrá (Mírné znečištění)
Karasín,49.5582,16.279,0.09530503,Modrá (Mírné znečištění)
Valdická brána,50.4367,15.3534,0.68059194,Zelená (Silné znečištění)
Šance,49.8505,17.9159,0.20057556,Světle modrá (Střední znečištění)
rozhledna císaře Františka Josefa I.,49.3802,17.7018,0.20082459,Světle modrá (Střední znečištění)
Tyršova rozhledna,50.085,16.4571,0.24772832,Světle modrá (Střední znečištění)
Rozhledna Diana,50.219,12.8723,0.47626084,Tmavě zelená (Znečištěná)
vyhlídka Karla IV.,50.2163,12.8805,0.4928987,Tmavě zelená (Znečištěná)
Burianova rozhledna,49.517,16.5136,0.1702492,Světle modrá (Střední znečištění)
Vlkova věž,48.8536,16.0513,0.97087234,Zelená (Silné znečištění)
Radniční věž,48.8555,16.0488,1.0315042,Zelená (Silné znečištění)
Pražská brána,50.3515,14.476,0.8227686,Zelená (Silné znečištění)
Rozhledna Brdo,49.1707,17.3082,0.12330283,Modrá (Mírné znečištění)
Zlatý Chlum,50.2381,17.2375,0.14785042,Modrá (Mírné znečištění)
Kamenná Hláska,50.4256,14.2593,0.6578404,Zelená (Silné znečištění)
Oslednice,49.1804,15.4681,0.14405157,Modrá (Mírné znečištění)
Rozhledna Královka,50.7921,15.1575,0.2524403,Světle modrá (Střední znečištění)
Hamelika,49.9721,12.7095,0.3224752,Tmavě zelená (Znečištěná)
Rozhledna Městská Hora,49.9626,14.0651,0.81371135,Zelená (Silné znečištění)
rozhledna Chlum,49.7673,13.4305,0.91298336,Zelená (Silné znečištění)
Bukovanský mlýn,49.0403,17.0912,0.21610548,Světle modrá (Střední znečištění)
Unnamed POI,48.9971,15.3526,0.094688274,Modrá (Mírné znečištění)
Rozhledna Havran,49.7432,12.4092,0.054659132,Tmavě modrá (Slabé znečištění)
Rozhledna Panorama,50.6489,15.752,0.115474425,Modrá (Mírné znečištění)
Lichtensteinova rozhledna,50.0821,17.7225,0.4185707,Tmavě zelená (Znečištěná)
rozhledna Fajtův kopec,49.36,16.0261,0.41492453,Tmavě zelená (Znečištěná)
Rozhledna Bílá hora,49.5943,18.1264,0.5337459,Tmavě zelená (Znečištěná)
rozhledna Babí lom,49.3051,16.5761,0.370599,Tmavě zelená (Znečištěná)
Cyrilka,49.4849,18.2612,0.13134451,Modrá (Mírné znečištění)
Erbenova vyhlídka,50.6787,14.0509,1.099601,Zelená (Silné znečištění)
Rozhledna Suchý vrch,50.0522,16.6896,0.08528653,Modrá (Mírné znečištění)
Bismarckova rozhledna,50.0708,12.3064,0.17610775,Světle modrá (Střední znečištění)
Unnamed POI,50.3906,16.9027,0.089028455,Modrá (Mírné znečištění)
Hardegger Warte,48.8574,15.861,0.07524651,Tmavě modrá (Slabé znečištění)
rozhledna Semněvice,49.6011,12.9272,0.063372426,Tmavě modrá (Slabé znečištění)
Rozhledna Kopanina,50.6597,15.1647,0.20051983,Světle modrá (Střední znečištění)
Unnamed POI,49.3336,15.726,0.10696202,Modrá (Mírné znečištění)
Rozhledna na Hraničním vrchu,50.1718,17.6043,0.10799832,Modrá (Mírné znečištění)
Rozhledna na Hraničním vrchu,50.1717,17.6041,0.10799832,Modrá (Mírné znečištění)
Rozhledna Bramberk,50.7563,15.2059,0.27355975,Světle modrá (Střední znečištění)
Unnamed POI,49.2252,17.0312,0.21757136,Světle modrá (Střední znečištění)
vyhlídková věž,49.6341,17.3404,0.54261875,Tmavě zelená (Znečištěná)
Černá věž,49.3947,13.2928,0.69200087,Zelená (Silné znečištění)
Víťova rozhledna,50.6495,14.2767,0.14121169,Modrá (Mírné znečištění)
Helfenburk,50.5792,14.3842,0.12678118,Modrá (Mírné znečištění)
Rozhledna Nisanka,50.7309,15.2142,0.3408694,Tmavě zelená (Znečištěná)
Vyhlídková vež Gloriet,49.9952,14.5572,1.2761277,Zelená (Silné znečištění)
Rozhledna Velký Chlum,50.7476,14.2283,0.34689188,Tmavě zelená (Znečištěná)
Rozhledna Ládví - Vlková,49.8869,14.6125,0.3054852,Světle modrá (Střední znečištění)
Unnamed POI,49.2648,14.6944,0.22745661,Světle modrá (Střední znečištění)
Rýzmberk,49.407,13.031,0.12421548,Modrá (Mírné znečištění)
Poledník,49.0641,13.3951,0.032322627,Šedá (Téměř přirozená)
Rozhledna Tetřev,49.5107,18.6964,0.10969805,Modrá (Mírné znečištění)
Biskupská kupa (rozhledna),50.2567,17.4286,0.116693996,Modrá (Mírné znečištění)
Rozhledna Velká Buková,50.0325,13.838,0.114296466,Modrá (Mírné znečištění)
Rozhledna Zdenička,49.2171,17.2825,0.1550006,Modrá (Mírné znečištění)
Schillerova rozhledna,50.1722,13.4299,0.1553092,Modrá (Mírné znečištění)
Alexandrova rozhledna,49.2979,16.6727,0.35818562,Tmavě zelená (Znečištěná)
Unnamed POI,49.4775,16.1719,0.1027736,Modrá (Mírné znečištění)
Unnamed POI,49.2148,15.8798,0.89528227,Zelená (Silné znečištění)
Rozhledna Dubecko,50.5836,15.2226,0.17002437,Světle modrá (Střední znečištění)
rozhledna Milíř,50.1543,15.8336,0.50489926,Tmavě zelená (Znečištěná)
Korytňanská rozhledna,48.9141,17.6702,0.11868059,Modrá (Mírné znečištění)
Rozhledna Na Vrších,49.8461,13.5757,0.15947948,Modrá (Mírné znečištění)
Vyhlídka u hrušky,49.2334,17.9152,0.11643445,Modrá (Mírné znečištění)
Komáří vížka,50.7066,13.8565,0.26980686,Světle modrá (Střední znečištění)
Rozhledna na Svatém kopečku,50.3841,13.2578,0.5104404,Tmavě zelená (Znečištěná)
Rozhledna Velký Kosíř,49.5483,17.0619,0.2587807,Světle modrá (Střední znečištění)
Rozhledna Maják J. Cimrmanna,50.7399,15.3454,0.1704172,Světle modrá (Střední znečištění)
Žernovská rozhledna,50.4302,16.052,0.16325407,Světle modrá (Střední znečištění)
rozhledna Eliška,50.6294,15.9112,0.15137097,Modrá (Mírné znečištění)
Rozhledna na Vrátenské hoře,50.477,14.6516,0.13235962,Modrá (Mírné znečištění)
Rozhledna Žernovník,49.4052,16.5405,0.17769578,Světle modrá (Střední znečištění)
Rozhledna Nová Ves,49.9961,17.2657,0.077705055,Tmavě modrá (Slabé znečištění)
Rozhledna Děd,49.9676,14.0342,0.4578847,Tmavě zelená (Znečištěná)
Kaňk,49.9707,15.2849,0.6288798,Tmavě zelená (Znečištěná)
rozhledna Chanovice,49.4067,13.7107,0.09940685,Modrá (Mírné znečištění)
Na Strážné,49.2554,17.596,0.30115783,Světle modrá (Střední znečištění)
Rozhledna Čížovka,50.4823,15.0859,0.20418574,Světle modrá (Střední znečištění)
Na Podluží,48.8629,16.9674,0.20544794,Světle modrá (Střední znečištění)
Radniční věž,50.087,14.4207,5.038393,Oranžová (Extrémní znečištění)
Rozhledna Hráběcí,49.0196,17.5948,0.24680573,Světle modrá (Střední znečištění)
Rozhledna Velký Blaník,49.6419,14.8732,0.08426744,Modrá (Mírné znečištění)
Studený vrch,49.8051,14.0832,0.12905091,Modrá (Mírné znečištění)
Štramberská trúba,49.5924,18.1162,0.43734768,Tmavě zelená (Znečištěná)
Rozhledna Žalý,50.6582,15.5724,0.13092716,Modrá (Mírné znečištění)
rozhledna Semenec,49.2306,14.4101,0.28659445,Světle modrá (Střední znečištění)
Milešovka,50.5548,13.9313,0.20498471,Světle modrá (Střední znečištění)
Rozhledna Vitčice (Štátula),49.303,17.2381,0.19452141,Světle modrá (Střední znečištění)
Vyhlídková věž,49.1945,16.6,3.5112658,Oranžová (Extrémní znečištění)
Vyhlídka královny Karoly,49.9785,12.6987,0.4087824,Tmavě zelená (Znečištěná)
Rozhledna Rumburak,48.9434,15.7148,0.043058988,Tmavě modrá (Slabé znečištění)
rozhledna Boubín,48.9912,13.8174,0.046150673,Tmavě modrá (Slabé znečištění)
Vyhlídková věž Horšovský Týn,49.5354,12.9384,0.2481197,Světle modrá (Střední znečištění)
Unnamed POI,49.4113,14.6557,0.5271132,Tmavě zelená (Znečištěná)
rozhledna Slovanka,50.7733,15.1963,0.23407543,Světle modrá (Střední znečištění)
rozhledna Vysoký Kamýk,49.2313,14.2972,0.11131618,Modrá (Mírné znečištění)
Rozhledna Kozákov,50.5944,15.2631,0.15612048,Modrá (Mírné znečištění)
Klínovec,50.3959,12.9679,0.09745795,Modrá (Mírné znečištění)
Stradonka,50.3724,13.9713,0.15748097,Modrá (Mírné znečištění)
Kratochvílova rozhledna,50.4217,14.2611,0.6578404,Zelená (Silné znečištění)
Pozorovací lávka u Lučních rybníků,50.2138,12.8542,0.42504272,Tmavě zelená (Znečištěná)
Rozhledna na Senecké hoře,50.0595,13.7253,0.15311104,Modrá (Mírné znečištění)
Tribuna T5,49.2026,16.4451,0.41515267,Tmavě zelená (Znečištěná)
Tribuna,49.2036,16.4595,0.46852076,Tmavě zelená (Znečištěná)
Tribuna,49.2039,16.4594,0.46852076,Tmavě zelená (Znečištěná)
Tribuna T1,49.2075,16.4541,0.43227986,Tmavě zelená (Znečištěná)
Pastýřka,49.7461,16.6645,0.22273706,Světle modrá (Střední znečištění)
Rozhledna Krásenský vrch,50.1016,12.7864,0.10761829,Modrá (Mírné znečištění)
Rozhledna Sněžník,50.793,14.1085,0.21041064,Světle modrá (Střední znečištění)
Vartovna,49.27,17.9388,0.11282488,Modrá (Mírné znečištění)
Unnamed POI,50.0284,15.1801,0.7485462,Zelená (Silné znečištění)
Unnamed POI,50.0798,12.36,0.8635241,Zelená (Silné znečištění)
Rozhledna Vinice,50.0777,14.7304,0.642021,Zelená (Silné znečištění)
rozhledna Kraví hora,48.7309,14.7199,0.05390753,Tmavě modrá (Slabé znečištění)
Rozhledna na Kotli,49.7118,13.5958,0.22545256,Světle modrá (Střední znečištění)
Rozhledna Mokrá-Horákov,49.2231,16.755,0.47899625,Tmavě zelená (Znečištěná)
rozhledna Svákov,49.2664,14.6948,0.22745661,Světle modrá (Střední znečištění)
Rozhledna Kopaninka,49.4611,16.8784,0.1270882,Modrá (Mírné znečištění)
Kaple Nejsvětější Trojice,49.9156,18.2691,0.64482236,Zelená (Silné znečištění)
Veselská rozhledna,49.6431,17.8093,0.19634956,Světle modrá (Střední znečištění)
Klucanina rozhledna,49.3467,16.4405,0.3527663,Tmavě zelená (Znečištěná)
Rozhledna Hořidla,50.5408,14.2681,0.16500212,Světle modrá (Střední znečištění)
Rozhledna U Zámečku,50.5168,14.0582,0.72861505,Zelená (Silné znečištění)
rozhledna,49.2007,17.3857,0.17461097,Světle modrá (Střední znečištění)
Pepř,49.8871,14.4832,0.34212744,Tmavě zelená (Znečištěná)
Rozhledna Jeřabina,50.6128,13.521,0.20481303,Světle modrá (Střední znečištění)
Vyhlídková věž kostela,49.3952,15.593,0.8492781,Zelená (Silné znečištění)
Rozhledna Velký Roudný,49.8912,17.5226,0.087591015,Modrá (Mírné znečištění)
Rozhledna U Marešů,49.7788,16.1064,0.08460464,Modrá (Mírné znečištění)
Špulka,49.7935,14.8258,0.14155927,Modrá (Mírné znečištění)
Pozorovatelna Durch,49.1467,18.0791,0.10370002,Modrá (Mírné znečištění)
Rozhledna Hradišť,50.3956,14.7068,0.17805159,Světle modrá (Střední znečištění)
Staroměstská mostecká věž,50.0862,14.4136,4.7292356,Oranžová (Extrémní znečištění)
Malostranská mostecká věž,50.0873,14.4069,4.3506646,Oranžová (Extrémní znečištění)
Ruprechtický Špičák,50.6611,16.2814,0.14448792,Modrá (Mírné znečištění)
rozhledna Romanka,50.2538,15.0827,0.18718112,Světle modrá (Střední znečištění)
Rozhledna na Šibeníku,50.3629,16.2546,0.121863484,Modrá (Mírné znečištění)
rozhledna Krudum,50.1375,12.7292,0.13863507,Modrá (Mírné znečištění)
Unnamed POI,50.0513,14.3894,2.7258532,Oranžová (Extrémní znečištění)
Unnamed POI,50.0496,14.395,3.0225518,Oranžová (Extrémní znečištění)
Rozhledna Velký Lopeník,48.9167,17.7826,0.10563195,Modrá (Mírné znečištění)
Rozhledna U Cyrila Bureše,49.1339,18.0384,0.12705086,Modrá (Mírné znečištění)
Rozhledna Maruška,49.3659,17.8284,0.12359889,Modrá (Mírné znečištění)
Strážný vrch,49.7862,16.5828,0.11434584,Modrá (Mírné znečištění)
Střekovská vyhlídka,50.6525,14.0604,0.8079752,Zelená (Silné znečištění)
rozhledna Bučina,50.256,13.0044,0.12660867,Modrá (Mírné znečištění)
Rozhledna Dalibor,48.8702,16.7497,0.17324866,Světle modrá (Střední znečištění)
vyhlídka na Harrachov,50.7623,15.4308,0.11517845,Modrá (Mírné znečištění)
Unnamed POI,50.5185,13.6075,0.63826466,Tmavě zelená (Znečištěná)
Toulovcova rozhledna,49.8145,16.1634,0.09376579,Modrá (Mírné znečištění)
rozhledna Tanečníce;rozhledna Tanečnice,50.9661,14.32,0.11630155,Modrá (Mírné znečištění)
Drtinova rozhledna,49.7645,14.3764,0.12380746,Modrá (Mírné znečištění)
Boží vyhlídka,50.4054,12.9325,0.10535465,Modrá (Mírné znečištění)
rozhledna Hradiště - Závist,49.9623,14.408,0.84331924,Zelená (Silné znečištění)
Rozhledna,50.3014,16.3977,0.07880419,Tmavě modrá (Slabé znečištění)
Rozhledna Slatina,49.8032,17.9843,0.2499855,Světle modrá (Střední znečištění)
Křivoš,49.373,16.3715,0.14908941,Modrá (Mírné znečištění)
Unnamed POI,49.5398,15.36,0.31593004,Světle modrá (Střední znečištění)
Svatobor - rozhledna,49.2355,13.4875,0.109107554,Modrá (Mírné znečištění)
Vyhlídková věž kostela sv. Jiljí,49.0513,15.8088,0.26681158,Světle modrá (Střední znečištění)
Unnamed POI,50.2296,12.8783,0.7469059,Zelená (Silné znečištění)
rozhledna Salaš,49.1428,17.3522,0.15294635,Modrá (Mírné znečištění)
Zuberský kopec,49.7815,15.8018,0.10303109,Modrá (Mírné znečištění)
Langova rozhledna,49.5591,14.2379,0.074173555,Tmavě modrá (Slabé znečištění)
Dalimilova rozhledna,50.1952,16.9806,0.0692897,Tmavě modrá (Slabé znečištění)
Unnamed POI,50.6926,15.7764,0.12574382,Modrá (Mírné znečištění)
Unnamed POI,49.7441,13.3871,2.275748,Žlutá (Velmi silné znečištění)
Rozhledna Dobrá Voda,48.7724,14.0326,0.07829792,Tmavě modrá (Slabé znečištění)
Unnamed POI,50.0118,14.4046,2.113269,Žlutá (Velmi silné znečištění)
Korunka,49.9159,14.298,0.41495866,Tmavě zelená (Znečištěná)
Unnamed POI,49.5447,15.3825,0.18840306,Světle modrá (Střední znečištění)
Unnamed POI,50.1548,14.3874,1.2927929,Žlutá (Velmi silné znečištění)
rozhledna Landek,49.8677,18.2728,1.943058,Žlutá (Velmi silné znečištění)
Podhledna Svinná,49.8941,16.3889,0.18490723,Světle modrá (Střední znečištění)
Unnamed POI,49.6438,17.2017,0.51177573,Tmavě zelená (Znečištěná)
Unnamed POI,50.3223,14.9975,0.2334535,Světle modrá (Střední znečištění)
rozhledna Vochlice,50.1524,13.3169,0.08708152,Modrá (Mírné znečištění)
gloriet Klobouk,49.4083,12.9934,0.13898185,Modrá (Mírné znečištění)
Rozhledna Na Kopečku,49.9163,15.5558,0.13732827,Modrá (Mírné znečištění)
Rozhledna Šiška,50.079,14.3569,2.8377767,Oranžová (Extrémní znečištění)
Spešovská rozhledna,49.4012,16.6091,0.26511073,Světle modrá (Střední znečištění)
Rozhledna Dymník,50.941,14.5251,0.22307186,Světle modrá (Střední znečištění)
Unnamed POI,50.0006,16.2008,0.2965726,Světle modrá (Střední znečištění)
Ploučnická vyhlídka,50.737,14.3084,0.23044077,Světle modrá (Střední znečištění)
Rozhledna Ježník,50.097,17.631,0.14849448,Modrá (Mírné znečištění)
vyhlídka Na Cihelně,49.6908,13.1202,0.16608773,Světle modrá (Střední znečištění)
Unnamed POI,49.5891,13.0731,0.14797853,Modrá (Mírné znečištění)
Rozhledna Vysoká,49.9426,15.1896,0.20765036,Světle modrá (Střední znečištění)
Výhledna Bořanovice,50.1789,14.4686,1.0896102,Zelená (Silné znečištění)
Barborka,49.9636,15.6367,0.20214963,Světle modrá (Střední znečištění)
Rosička,49.5385,15.8426,0.11159815,Modrá (Mírné znečištění)
Rozhledna Liberecká výšina,50.7782,15.0917,0.6361615,Tmavě zelená (Znečištěná)
Čebínka,49.3199,16.4847,0.33712694,Tmavě zelená (Znečištěná)
Přístřešek s ochozem Zamčiska,49.6111,18.7373,0.23449567,Světle modrá (Střední znečištění)
Ptačí pozorovatelna Girov,49.606,18.737,0.23449567,Světle modrá (Střední znečištění)
Rozhledna Březinka,49.6258,12.812,0.0579728,Tmavě modrá (Slabé znečištění)
Unnamed POI,50.0476,14.391,2.7258532,Oranžová (Extrémní znečištění)
Rozhledna Floriánka,49.0378,17.3264,0.21351178,Světle modrá (Střední znečištění)
Rozhledna Lhotka,49.996,14.1074,0.32990667,Tmavě zelená (Znečištěná)
Unnamed POI,50.0996,14.4401,4.2773204,Oranžová (Extrémní znečištění)
Rozhledna Zlobice,49.3221,16.5184,0.33772367,Tmavě zelená (Znečištěná)
Horní les,49.5908,16.341,0.088296205,Modrá (Mírné znečištění)
Súsedská,49.0264,17.1919,0.22506379,Světle modrá (Střední znečištění)
