<?xml version="1.0" encoding="UTF-8"?>
<gpx xmlns="http://www.topografix.com/GPX/1/1" xmlns:xsi="http://www.w3.org/2001/XMLSchema-instance" xsi:schemaLocation="http://www.topografix.com/GPX/1/1 http://www.topografix.com/GPX/1/1/gpx.xsd" version="1.1" creator="gpx.py -- https://github.com/tkrajina/gpxpy">
  <trk>
    <trkseg>
      <trkpt lat="49.708059" lon="17.022454">
      </trkpt>
      <trkpt lat="49.707464" lon="17.023706">
      </trkpt>
      <trkpt lat="49.706289" lon="17.026058">
      </trkpt>
      <trkpt lat="49.705198" lon="17.028091">
      </trkpt>
      <trkpt lat="49.704337" lon="17.029619">
      </trkpt>
      <trkpt lat="49.703043" lon="17.031772">
      </trkpt>
      <trkpt lat="49.695214" lon="17.036011">
      </trkpt>
      <trkpt lat="49.692847" lon="17.036317">
      </trkpt>
      <trkpt lat="49.688591" lon="17.039222">
      </trkpt>
      <trkpt lat="49.686222" lon="17.046904">
      </trkpt>
      <trkpt lat="49.682862" lon="17.048196">
      </trkpt>
      <trkpt lat="49.683173" lon="17.049006">
      </trkpt>
      <trkpt lat="49.681806" lon="17.05772">
      </trkpt>
      <trkpt lat="49.681626" lon="17.058032">
      </trkpt>
      <trkpt lat="49.680722" lon="17.059944">
      </trkpt>
      <trkpt lat="49.679982" lon="17.061422">
      </trkpt>
      <trkpt lat="49.679147" lon="17.063253">
      </trkpt>
      <trkpt lat="49.678406" lon="17.065024">
      </trkpt>
      <trkpt lat="49.677668" lon="17.066955">
      </trkpt>
      <trkpt lat="49.67663" lon="17.069884">
      </trkpt>
      <trkpt lat="49.675609" lon="17.072771">
      </trkpt>
      <trkpt lat="49.674709" lon="17.075243">
      </trkpt>
      <trkpt lat="49.674081" lon="17.076915">
      </trkpt>
      <trkpt lat="49.673072" lon="17.079453">
      </trkpt>
      <trkpt lat="49.672554" lon="17.080701">
      </trkpt>
      <trkpt lat="49.671547" lon="17.082994">
      </trkpt>
      <trkpt lat="49.670936" lon="17.08431">
      </trkpt>
      <trkpt lat="49.669996" lon="17.086253">
      </trkpt>
      <trkpt lat="49.669354" lon="17.087531">
      </trkpt>
      <trkpt lat="49.668402" lon="17.089342">
      </trkpt>
      <trkpt lat="49.667078" lon="17.091733">
      </trkpt>
      <trkpt lat="49.665323" lon="17.094789">
      </trkpt>
      <trkpt lat="49.65697" lon="17.096347">
      </trkpt>
      <trkpt lat="49.655175" lon="17.090198">
      </trkpt>
      <trkpt lat="49.650856" lon="17.084177">
      </trkpt>
      <trkpt lat="49.650588" lon="17.083569">
      </trkpt>
      <trkpt lat="49.650071" lon="17.082091">
      </trkpt>
      <trkpt lat="49.646471" lon="17.082026">
      </trkpt>
      <trkpt lat="49.642051" lon="17.086829">
      </trkpt>
      <trkpt lat="49.640966" lon="17.090262">
      </trkpt>
      <trkpt lat="49.641761" lon="17.090513">
      </trkpt>
      <trkpt lat="49.642831" lon="17.090751">
      </trkpt>
      <trkpt lat="49.643946" lon="17.090882">
      </trkpt>
      <trkpt lat="49.6503" lon="17.09366">
      </trkpt>
      <trkpt lat="49.65223" lon="17.096128">
      </trkpt>
      <trkpt lat="49.654134" lon="17.098564">
      </trkpt>
      <trkpt lat="49.656038" lon="17.100999">
      </trkpt>
      <trkpt lat="49.656682" lon="17.109557">
      </trkpt>
      <trkpt lat="49.655829" lon="17.111266">
      </trkpt>
      <trkpt lat="49.654727" lon="17.112947">
      </trkpt>
      <trkpt lat="49.654232" lon="17.114038">
      </trkpt>
      <trkpt lat="49.652772" lon="17.116338">
      </trkpt>
      <trkpt lat="49.645087" lon="17.117664">
      </trkpt>
      <trkpt lat="49.642889" lon="17.120515">
      </trkpt>
      <trkpt lat="49.641702" lon="17.123852">
      </trkpt>
      <trkpt lat="49.643248" lon="17.132318">
      </trkpt>
      <trkpt lat="49.642018" lon="17.13388">
      </trkpt>
      <trkpt lat="49.641569" lon="17.13439">
      </trkpt>
      <trkpt lat="49.64068" lon="17.135346">
      </trkpt>
      <trkpt lat="49.640153" lon="17.135972">
      </trkpt>
      <trkpt lat="49.639193" lon="17.136938">
      </trkpt>
      <trkpt lat="49.638402" lon="17.138314">
      </trkpt>
      <trkpt lat="49.637091" lon="17.14062">
      </trkpt>
      <trkpt lat="49.631706" lon="17.144291">
      </trkpt>
      <trkpt lat="49.626981" lon="17.143592">
      </trkpt>
      <trkpt lat="49.626554" lon="17.144985">
      </trkpt>
      <trkpt lat="49.618324" lon="17.147538">
      </trkpt>
      <trkpt lat="49.617088" lon="17.142613">
      </trkpt>
      <trkpt lat="49.614647" lon="17.140533">
      </trkpt>
      <trkpt lat="49.611229" lon="17.139405">
      </trkpt>
      <trkpt lat="49.608934" lon="17.14166">
      </trkpt>
      <trkpt lat="49.608554" lon="17.14524">
      </trkpt>
      <trkpt lat="49.614512" lon="17.149206">
      </trkpt>
      <trkpt lat="49.616294" lon="17.152289">
      </trkpt>
      <trkpt lat="49.617695" lon="17.154049">
      </trkpt>
      <trkpt lat="49.619012" lon="17.160907">
      </trkpt>
      <trkpt lat="49.620468" lon="17.162758">
      </trkpt>
      <trkpt lat="49.621925" lon="17.164609">
      </trkpt>
      <trkpt lat="49.622656" lon="17.170713">
      </trkpt>
      <trkpt lat="49.621263" lon="17.173328">
      </trkpt>
      <trkpt lat="49.61987" lon="17.175943">
      </trkpt>
      <trkpt lat="49.619496" lon="17.176992">
      </trkpt>
      <trkpt lat="49.618477" lon="17.178558">
      </trkpt>
      <trkpt lat="49.611603" lon="17.179911">
      </trkpt>
      <trkpt lat="49.608463" lon="17.174405">
      </trkpt>
      <trkpt lat="49.608436" lon="17.171493">
      </trkpt>
      <trkpt lat="49.608408" lon="17.170498">
      </trkpt>
      <trkpt lat="49.608401" lon="17.16918">
      </trkpt>
      <trkpt lat="49.608363" lon="17.168763">
      </trkpt>
      <trkpt lat="49.607857" lon="17.165348">
      </trkpt>
      <trkpt lat="49.604296" lon="17.165875">
      </trkpt>
      <trkpt lat="49.604802" lon="17.169291">
      </trkpt>
      <trkpt lat="49.604813" lon="17.169476">
      </trkpt>
      <trkpt lat="49.604808" lon="17.170501">
      </trkpt>
      <trkpt lat="49.604837" lon="17.171591">
      </trkpt>
      <trkpt lat="49.604863" lon="17.174438">
      </trkpt>
      <trkpt lat="49.604809" lon="17.175907">
      </trkpt>
      <trkpt lat="49.604592" lon="17.17807">
      </trkpt>
      <trkpt lat="49.604409" lon="17.179202">
      </trkpt>
      <trkpt lat="49.604259" lon="17.179987">
      </trkpt>
      <trkpt lat="49.603794" lon="17.182115">
      </trkpt>
      <trkpt lat="49.603481" lon="17.183702">
      </trkpt>
      <trkpt lat="49.605456" lon="17.191126">
      </trkpt>
      <trkpt lat="49.600233" lon="17.194561">
      </trkpt>
      <trkpt lat="49.599629" lon="17.194738">
      </trkpt>
      <trkpt lat="49.591821" lon="17.190269">
      </trkpt>
      <trkpt lat="49.591431" lon="17.186743">
      </trkpt>
      <trkpt lat="49.591356" lon="17.186256">
      </trkpt>
      <trkpt lat="49.59108" lon="17.184841">
      </trkpt>
      <trkpt lat="49.590658" lon="17.182764">
      </trkpt>
      <trkpt lat="49.590568" lon="17.182453">
      </trkpt>
      <trkpt lat="49.589637" lon="17.17928">
      </trkpt>
      <trkpt lat="49.589444" lon="17.177052">
      </trkpt>
      <trkpt lat="49.589381" lon="17.176541">
      </trkpt>
      <trkpt lat="49.588709" lon="17.172498">
      </trkpt>
      <trkpt lat="49.58844" lon="17.16944">
      </trkpt>
      <trkpt lat="49.588396" lon="17.168677">
      </trkpt>
      <trkpt lat="49.590227" lon="17.162531">
      </trkpt>
      <trkpt lat="49.590266" lon="17.159984">
      </trkpt>
      <trkpt lat="49.590276" lon="17.159369">
      </trkpt>
      <trkpt lat="49.590291" lon="17.158663">
      </trkpt>
      <trkpt lat="49.589846" lon="17.155471">
      </trkpt>
      <trkpt lat="49.589937" lon="17.151872">
      </trkpt>
      <trkpt lat="49.590484" lon="17.148383">
      </trkpt>
      <trkpt lat="49.590792" lon="17.145656">
      </trkpt>
      <trkpt lat="49.591178" lon="17.143922">
      </trkpt>
      <trkpt lat="49.587664" lon="17.143139">
      </trkpt>
      <trkpt lat="49.587278" lon="17.144873">
      </trkpt>
      <trkpt lat="49.586555" lon="17.147816">
      </trkpt>
      <trkpt lat="49.586452" lon="17.148244">
      </trkpt>
      <trkpt lat="49.586376" lon="17.148626">
      </trkpt>
      <trkpt lat="49.584073" lon="17.153805">
      </trkpt>
      <trkpt lat="49.584071" lon="17.153973">
      </trkpt>
      <trkpt lat="49.584007" lon="17.154799">
      </trkpt>
      <trkpt lat="49.582826" lon="17.158123">
      </trkpt>
      <trkpt lat="49.582671" lon="17.159045">
      </trkpt>
      <trkpt lat="49.584817" lon="17.164506">
      </trkpt>
      <trkpt lat="49.581371" lon="17.169931">
      </trkpt>
      <trkpt lat="49.574752" lon="17.169362">
      </trkpt>
      <trkpt lat="49.567997" lon="17.166585">
      </trkpt>
      <trkpt lat="49.567083" lon="17.164034">
      </trkpt>
      <trkpt lat="49.566041" lon="17.161106">
      </trkpt>
      <trkpt lat="49.56767" lon="17.154576">
      </trkpt>
      <trkpt lat="49.568989" lon="17.152742">
      </trkpt>
      <trkpt lat="49.570309" lon="17.150909">
      </trkpt>
      <trkpt lat="49.571543" lon="17.14563">
      </trkpt>
      <trkpt lat="49.56904" lon="17.143042">
      </trkpt>
      <trkpt lat="49.566833" lon="17.135529">
      </trkpt>
      <trkpt lat="49.569434" lon="17.133154">
      </trkpt>
      <trkpt lat="49.572034" lon="17.130779">
      </trkpt>
      <trkpt lat="49.574826" lon="17.128228">
      </trkpt>
      <trkpt lat="49.575386" lon="17.127717">
      </trkpt>
      <trkpt lat="49.575294" lon="17.126921">
      </trkpt>
      <trkpt lat="49.575096" lon="17.126418">
      </trkpt>
      <trkpt lat="49.572958" lon="17.125059">
      </trkpt>
      <trkpt lat="49.572398" lon="17.125571">
      </trkpt>
      <trkpt lat="49.569606" lon="17.12812">
      </trkpt>
      <trkpt lat="49.567006" lon="17.130495">
      </trkpt>
      <trkpt lat="49.559216" lon="17.126794">
      </trkpt>
      <trkpt lat="49.55954" lon="17.123484">
      </trkpt>
      <trkpt lat="49.559642" lon="17.121628">
      </trkpt>
      <trkpt lat="49.559747" lon="17.119716">
      </trkpt>
      <trkpt lat="49.559831" lon="17.11625">
      </trkpt>
      <trkpt lat="49.559856" lon="17.114955">
      </trkpt>
      <trkpt lat="49.559883" lon="17.114445">
      </trkpt>
      <trkpt lat="49.556289" lon="17.11425">
      </trkpt>
      <trkpt lat="49.548586" lon="17.112779">
      </trkpt>
      <trkpt lat="49.546584" lon="17.11475">
      </trkpt>
      <trkpt lat="49.54533" lon="17.118789">
      </trkpt>
      <trkpt lat="49.544593" lon="17.12475">
      </trkpt>
      <trkpt lat="49.543963" lon="17.12664">
      </trkpt>
      <trkpt lat="49.543756" lon="17.127337">
      </trkpt>
      <trkpt lat="49.542943" lon="17.130401">
      </trkpt>
      <trkpt lat="49.542144" lon="17.133415">
      </trkpt>
      <trkpt lat="49.541345" lon="17.136429">
      </trkpt>
      <trkpt lat="49.540546" lon="17.139443">
      </trkpt>
      <trkpt lat="49.532739" lon="17.13915">
      </trkpt>
      <trkpt lat="49.531373" lon="17.136017">
      </trkpt>
      <trkpt lat="49.529664" lon="17.132108">
      </trkpt>
      <trkpt lat="49.527917" lon="17.128117">
      </trkpt>
      <trkpt lat="49.529152" lon="17.122987">
      </trkpt>
      <trkpt lat="49.527037" lon="17.120073">
      </trkpt>
      <trkpt lat="49.524655" lon="17.117281">
      </trkpt>
      <trkpt lat="49.522538" lon="17.114369">
      </trkpt>
      <trkpt lat="49.519863" lon="17.109121">
      </trkpt>
      <trkpt lat="49.519545" lon="17.102287">
      </trkpt>
      <trkpt lat="49.518974" lon="17.102196">
      </trkpt>
      <trkpt lat="49.516726" lon="17.101932">
      </trkpt>
      <trkpt lat="49.514331" lon="17.101685">
      </trkpt>
      <trkpt lat="49.513521" lon="17.101614">
      </trkpt>
      <trkpt lat="49.512692" lon="17.104083">
      </trkpt>
      <trkpt lat="49.505397" lon="17.106926">
      </trkpt>
      <trkpt lat="49.503419" lon="17.100328">
      </trkpt>
      <trkpt lat="49.503721" lon="17.09943">
      </trkpt>
      <trkpt lat="49.502917" lon="17.098411">
      </trkpt>
      <trkpt lat="49.500807" lon="17.093092">
      </trkpt>
      <trkpt lat="49.500597" lon="17.092606">
      </trkpt>
      <trkpt lat="49.498182" lon="17.092464">
      </trkpt>
      <trkpt lat="49.492291" lon="17.087788">
      </trkpt>
      <trkpt lat="49.489143" lon="17.086042">
      </trkpt>
      <trkpt lat="49.488046" lon="17.08802">
      </trkpt>
      <trkpt lat="49.486949" lon="17.089998">
      </trkpt>
      <trkpt lat="49.486724" lon="17.090423">
      </trkpt>
      <trkpt lat="49.477862" lon="17.088953">
      </trkpt>
      <trkpt lat="49.477537" lon="17.08716">
      </trkpt>
      <trkpt lat="49.474195" lon="17.079099">
      </trkpt>
      <trkpt lat="49.474177" lon="17.078611">
      </trkpt>
      <trkpt lat="49.475501" lon="17.071522">
      </trkpt>
      <trkpt lat="49.476834" lon="17.068177">
      </trkpt>
      <trkpt lat="49.475162" lon="17.062757">
      </trkpt>
      <trkpt lat="49.47308" lon="17.0615">
      </trkpt>
      <trkpt lat="49.472827" lon="17.061519">
      </trkpt>
      <trkpt lat="49.467809" lon="17.061156">
      </trkpt>
      <trkpt lat="49.464423" lon="17.055362">
      </trkpt>
      <trkpt lat="49.458635" lon="17.05213">
      </trkpt>
      <trkpt lat="49.4593" lon="17.046479">
      </trkpt>
      <trkpt lat="49.459804" lon="17.044598">
      </trkpt>
      <trkpt lat="49.459847" lon="17.044455">
      </trkpt>
      <trkpt lat="49.458252" lon="17.043457">
      </trkpt>
      <trkpt lat="49.453415" lon="17.039744">
      </trkpt>
      <trkpt lat="49.453247" lon="17.039634">
      </trkpt>
      <trkpt lat="49.451951" lon="17.039103">
      </trkpt>
      <trkpt lat="49.449408" lon="17.037859">
      </trkpt>
      <trkpt lat="49.449261" lon="17.037793">
      </trkpt>
      <trkpt lat="49.442176" lon="17.040597">
      </trkpt>
      <trkpt lat="49.439863" lon="17.04063">
      </trkpt>
      <trkpt lat="49.433655" lon="17.035613">
      </trkpt>
      <trkpt lat="49.43361" lon="17.035522">
      </trkpt>
      <trkpt lat="49.431993" lon="17.026679">
      </trkpt>
      <trkpt lat="49.433455" lon="17.025518">
      </trkpt>
      <trkpt lat="49.435872" lon="17.022204">
      </trkpt>
      <trkpt lat="49.436301" lon="17.021689">
      </trkpt>
      <trkpt lat="49.437516" lon="17.019531">
      </trkpt>
      <trkpt lat="49.438124" lon="17.018366">
      </trkpt>
      <trkpt lat="49.440636" lon="17.014806">
      </trkpt>
      <trkpt lat="49.441489" lon="17.011651">
      </trkpt>
      <trkpt lat="49.441926" lon="17.010496">
      </trkpt>
      <trkpt lat="49.438558" lon="17.009223">
      </trkpt>
      <trkpt lat="49.430874" lon="17.005206">
      </trkpt>
      <trkpt lat="49.429938" lon="17.002792">
      </trkpt>
      <trkpt lat="49.430194" lon="16.997146">
      </trkpt>
      <trkpt lat="49.429552" lon="16.996402">
      </trkpt>
      <trkpt lat="49.428845" lon="16.995719">
      </trkpt>
      <trkpt lat="49.428094" lon="16.995241">
      </trkpt>
      <trkpt lat="49.427417" lon="16.994975">
      </trkpt>
      <trkpt lat="49.426742" lon="16.995902">
      </trkpt>
      <trkpt lat="49.418109" lon="16.997999">
      </trkpt>
      <trkpt lat="49.417582" lon="16.999482">
      </trkpt>
      <trkpt lat="49.417381" lon="17.000113">
      </trkpt>
      <trkpt lat="49.416931" lon="17.001686">
      </trkpt>
      <trkpt lat="49.416853" lon="17.002029">
      </trkpt>
      <trkpt lat="49.41302" lon="17.006544">
      </trkpt>
      <trkpt lat="49.406091" lon="17.007579">
      </trkpt>
      <trkpt lat="49.404824" lon="17.001014">
      </trkpt>
      <trkpt lat="49.405052" lon="17.000523">
      </trkpt>
      <trkpt lat="49.405196" lon="17.000124">
      </trkpt>
      <trkpt lat="49.405331" lon="16.999578">
      </trkpt>
      <trkpt lat="49.405462" lon="16.998692">
      </trkpt>
      <trkpt lat="49.405512" lon="16.998102">
      </trkpt>
      <trkpt lat="49.405837" lon="16.996546">
      </trkpt>
      <trkpt lat="49.40614" lon="16.99581">
      </trkpt>
      <trkpt lat="49.40281" lon="16.994442">
      </trkpt>
      <trkpt lat="49.402507" lon="16.995178">
      </trkpt>
      <trkpt lat="49.398785" lon="16.999601">
      </trkpt>
      <trkpt lat="49.397466" lon="17.002591">
      </trkpt>
      <trkpt lat="49.396375" lon="17.004713">
      </trkpt>
      <trkpt lat="49.396059" lon="17.00589">
      </trkpt>
      <trkpt lat="49.39718" lon="17.008727">
      </trkpt>
      <trkpt lat="49.3944" lon="17.014092">
      </trkpt>
      <trkpt lat="49.388291" lon="17.01355">
      </trkpt>
      <trkpt lat="49.383351" lon="17.009043">
      </trkpt>
      <trkpt lat="49.382832" lon="17.008097">
      </trkpt>
      <trkpt lat="49.385359" lon="16.999901">
      </trkpt>
      <trkpt lat="49.385244" lon="16.999716">
      </trkpt>
      <trkpt lat="49.384954" lon="16.999347">
      </trkpt>
      <trkpt lat="49.382703" lon="16.992402">
      </trkpt>
      <trkpt lat="49.380064" lon="16.984769">
      </trkpt>
      <trkpt lat="49.380218" lon="16.98374">
      </trkpt>
      <trkpt lat="49.380749" lon="16.981819">
      </trkpt>
      <trkpt lat="49.380586" lon="16.977933">
      </trkpt>
      <trkpt lat="49.380162" lon="16.975711">
      </trkpt>
      <trkpt lat="49.379543" lon="16.973191">
      </trkpt>
      <trkpt lat="49.375975" lon="16.973673">
      </trkpt>
      <trkpt lat="49.376137" lon="16.974867">
      </trkpt>
      <trkpt lat="49.376736" lon="16.976817">
      </trkpt>
      <trkpt lat="49.377045" lon="16.978584">
      </trkpt>
      <trkpt lat="49.376614" lon="16.981644">
      </trkpt>
      <trkpt lat="49.37182" lon="16.986862">
      </trkpt>
      <trkpt lat="49.368223" lon="16.986718">
      </trkpt>
      <trkpt lat="49.368207" lon="16.987118">
      </trkpt>
      <trkpt lat="49.36832" lon="16.987991">
      </trkpt>
      <trkpt lat="49.368704" lon="16.988887">
      </trkpt>
      <trkpt lat="49.370266" lon="16.992678">
      </trkpt>
      <trkpt lat="49.368803" lon="17.001525">
      </trkpt>
      <trkpt lat="49.368334" lon="17.002434">
      </trkpt>
      <trkpt lat="49.36759" lon="17.004528">
      </trkpt>
      <trkpt lat="49.363434" lon="17.010798">
      </trkpt>
      <trkpt lat="49.359604" lon="17.012952">
      </trkpt>
      <trkpt lat="49.354351" lon="17.014306">
      </trkpt>
      <trkpt lat="49.346534" lon="17.015829">
      </trkpt>
      <trkpt lat="49.344276" lon="17.008849">
      </trkpt>
      <trkpt lat="49.341116" lon="17.007124">
      </trkpt>
      <trkpt lat="49.340097" lon="17.008294">
      </trkpt>
      <trkpt lat="49.338881" lon="17.009753">
      </trkpt>
      <trkpt lat="49.338471" lon="17.010343">
      </trkpt>
      <trkpt lat="49.33642" lon="17.013368">
      </trkpt>
      <trkpt lat="49.329121" lon="17.01011">
      </trkpt>
      <trkpt lat="49.328001" lon="17.008898">
      </trkpt>
      <trkpt lat="49.325502" lon="17.002458">
      </trkpt>
      <trkpt lat="49.329167" lon="16.99807">
      </trkpt>
      <trkpt lat="49.330118" lon="16.995662">
      </trkpt>
      <trkpt lat="49.330586" lon="16.994613">
      </trkpt>
      <trkpt lat="49.332373" lon="16.991689">
      </trkpt>
      <trkpt lat="49.333388" lon="16.990394">
      </trkpt>
      <trkpt lat="49.328447" lon="16.987191">
      </trkpt>
      <trkpt lat="49.327972" lon="16.986725">
      </trkpt>
      <trkpt lat="49.326653" lon="16.98508">
      </trkpt>
      <trkpt lat="49.328" lon="16.977378">
      </trkpt>
      <trkpt lat="49.330468" lon="16.975611">
      </trkpt>
      <trkpt lat="49.331827" lon="16.974414">
      </trkpt>
      <trkpt lat="49.334102" lon="16.971993">
      </trkpt>
      <trkpt lat="49.335004" lon="16.970349">
      </trkpt>
      <trkpt lat="49.336214" lon="16.967534">
      </trkpt>
      <trkpt lat="49.33782" lon="16.964652">
      </trkpt>
      <trkpt lat="49.339381" lon="16.96251">
      </trkpt>
      <trkpt lat="49.346972" lon="16.958044">
      </trkpt>
      <trkpt lat="49.348852" lon="16.954974">
      </trkpt>
      <trkpt lat="49.346217" lon="16.951783">
      </trkpt>
      <trkpt lat="49.345838" lon="16.951237">
      </trkpt>
      <trkpt lat="49.337741" lon="16.947551">
      </trkpt>
      <trkpt lat="49.337408" lon="16.946762">
      </trkpt>
      <trkpt lat="49.336178" lon="16.94562">
      </trkpt>
      <trkpt lat="49.334933" lon="16.945208">
      </trkpt>
      <trkpt lat="49.333097" lon="16.945449">
      </trkpt>
      <trkpt lat="49.332249" lon="16.945548">
      </trkpt>
      <trkpt lat="49.331177" lon="16.94572">
      </trkpt>
      <trkpt lat="49.330196" lon="16.946124">
      </trkpt>
      <trkpt lat="49.328915" lon="16.946985">
      </trkpt>
      <trkpt lat="49.328455" lon="16.947571">
      </trkpt>
      <trkpt lat="49.327514" lon="16.948594">
      </trkpt>
      <trkpt lat="49.326717" lon="16.949855">
      </trkpt>
      <trkpt lat="49.325501" lon="16.955013">
      </trkpt>
      <trkpt lat="49.32492" lon="16.956044">
      </trkpt>
      <trkpt lat="49.324677" lon="16.956607">
      </trkpt>
      <trkpt lat="49.323809" lon="16.958427">
      </trkpt>
      <trkpt lat="49.322656" lon="16.959998">
      </trkpt>
      <trkpt lat="49.322059" lon="16.960816">
      </trkpt>
      <trkpt lat="49.321664" lon="16.961607">
      </trkpt>
      <trkpt lat="49.321461" lon="16.962127">
      </trkpt>
      <trkpt lat="49.321286" lon="16.962864">
      </trkpt>
      <trkpt lat="49.320383" lon="16.964686">
      </trkpt>
      <trkpt lat="49.313073" lon="16.966536">
      </trkpt>
      <trkpt lat="49.310759" lon="16.95969">
      </trkpt>
      <trkpt lat="49.312256" lon="16.957012">
      </trkpt>
      <trkpt lat="49.313012" lon="16.955424">
      </trkpt>
      <trkpt lat="49.314523" lon="16.950197">
      </trkpt>
      <trkpt lat="49.314437" lon="16.949519">
      </trkpt>
      <trkpt lat="49.315424" lon="16.944408">
      </trkpt>
      <trkpt lat="49.317841" lon="16.942313">
      </trkpt>
      <trkpt lat="49.318929" lon="16.941138">
      </trkpt>
      <trkpt lat="49.319419" lon="16.940439">
      </trkpt>
      <trkpt lat="49.320265" lon="16.938951">
      </trkpt>
      <trkpt lat="49.321591" lon="16.936641">
      </trkpt>
      <trkpt lat="49.321893" lon="16.936226">
      </trkpt>
      <trkpt lat="49.32301" lon="16.93489">
      </trkpt>
      <trkpt lat="49.328095" lon="16.931804">
      </trkpt>
      <trkpt lat="49.32795" lon="16.928207">
      </trkpt>
      <trkpt lat="49.329216" lon="16.923454">
      </trkpt>
      <trkpt lat="49.336283" lon="16.918444">
      </trkpt>
      <trkpt lat="49.341397" lon="16.919436">
      </trkpt>
      <trkpt lat="49.342016" lon="16.919595">
      </trkpt>
      <trkpt lat="49.343494" lon="16.919785">
      </trkpt>
      <trkpt lat="49.346979" lon="16.920686">
      </trkpt>
      <trkpt lat="49.347367" lon="16.919548">
      </trkpt>
      <trkpt lat="49.347615" lon="16.918762">
      </trkpt>
      <trkpt lat="49.347698" lon="16.917454">
      </trkpt>
      <trkpt lat="49.347188" lon="16.91608">
      </trkpt>
      <trkpt lat="49.343282" lon="16.912935">
      </trkpt>
      <trkpt lat="49.343026" lon="16.912567">
      </trkpt>
      <trkpt lat="49.345158" lon="16.903991">
      </trkpt>
      <trkpt lat="49.34706" lon="16.902769">
      </trkpt>
      <trkpt lat="49.348736" lon="16.901805">
      </trkpt>
      <trkpt lat="49.350847" lon="16.900489">
      </trkpt>
      <trkpt lat="49.35138" lon="16.899772">
      </trkpt>
      <trkpt lat="49.35311" lon="16.896853">
      </trkpt>
      <trkpt lat="49.354396" lon="16.895069">
      </trkpt>
      <trkpt lat="49.355576" lon="16.89342">
      </trkpt>
      <trkpt lat="49.356574" lon="16.892265">
      </trkpt>
      <trkpt lat="49.358155" lon="16.889986">
      </trkpt>
      <trkpt lat="49.365664" lon="16.890094">
      </trkpt>
      <trkpt lat="49.368511" lon="16.892297">
      </trkpt>
      <trkpt lat="49.368888" lon="16.891811">
      </trkpt>
      <trkpt lat="49.369328" lon="16.891174">
      </trkpt>
      <trkpt lat="49.369571" lon="16.890803">
      </trkpt>
      <trkpt lat="49.369876" lon="16.890224">
      </trkpt>
      <trkpt lat="49.370197" lon="16.889105">
      </trkpt>
      <trkpt lat="49.375868" lon="16.883015">
      </trkpt>
      <trkpt lat="49.376322" lon="16.882513">
      </trkpt>
      <trkpt lat="49.376954" lon="16.881769">
      </trkpt>
      <trkpt lat="49.37743" lon="16.880831">
      </trkpt>
      <trkpt lat="49.377497" lon="16.880495">
      </trkpt>
      <trkpt lat="49.377509" lon="16.880309">
      </trkpt>
      <trkpt lat="49.377475" lon="16.88008">
      </trkpt>
      <trkpt lat="49.377467" lon="16.88003">
      </trkpt>
      <trkpt lat="49.375311" lon="16.879058">
      </trkpt>
      <trkpt lat="49.370699" lon="16.872183">
      </trkpt>
      <trkpt lat="49.367665" lon="16.870244">
      </trkpt>
      <trkpt lat="49.366634" lon="16.871857">
      </trkpt>
      <trkpt lat="49.366382" lon="16.872282">
      </trkpt>
      <trkpt lat="49.365353" lon="16.874525">
      </trkpt>
      <trkpt lat="49.364414" lon="16.876596">
      </trkpt>
      <trkpt lat="49.363188" lon="16.879297">
      </trkpt>
      <trkpt lat="49.357886" lon="16.885674">
      </trkpt>
      <trkpt lat="49.356393" lon="16.886661">
      </trkpt>
      <trkpt lat="49.355504" lon="16.88755">
      </trkpt>
      <trkpt lat="49.353627" lon="16.890197">
      </trkpt>
      <trkpt lat="49.352869" lon="16.891046">
      </trkpt>
      <trkpt lat="49.351476" lon="16.892964">
      </trkpt>
      <trkpt lat="49.35019" lon="16.894748">
      </trkpt>
      <trkpt lat="49.349266" lon="16.89593">
      </trkpt>
      <trkpt lat="49.342098" lon="16.901128">
      </trkpt>
      <trkpt lat="49.335772" lon="16.902493">
      </trkpt>
      <trkpt lat="49.33433" lon="16.90323">
      </trkpt>
      <trkpt lat="49.327985" lon="16.906769">
      </trkpt>
      <trkpt lat="49.326534" lon="16.911391">
      </trkpt>
      <trkpt lat="49.326495" lon="16.911941">
      </trkpt>
      <trkpt lat="49.326484" lon="16.912112">
      </trkpt>
      <trkpt lat="49.325825" lon="16.916654">
      </trkpt>
      <trkpt lat="49.324688" lon="16.922227">
      </trkpt>
      <trkpt lat="49.324499" lon="16.923465">
      </trkpt>
      <trkpt lat="49.324411" lon="16.924435">
      </trkpt>
      <trkpt lat="49.318095" lon="16.930359">
      </trkpt>
      <trkpt lat="49.317236" lon="16.930341">
      </trkpt>
      <trkpt lat="49.316378" lon="16.930741">
      </trkpt>
      <trkpt lat="49.30839" lon="16.927021">
      </trkpt>
      <trkpt lat="49.307986" lon="16.926046">
      </trkpt>
      <trkpt lat="49.306361" lon="16.922163">
      </trkpt>
      <trkpt lat="49.305918" lon="16.921234">
      </trkpt>
      <trkpt lat="49.304434" lon="16.920186">
      </trkpt>
      <trkpt lat="49.302101" lon="16.918991">
      </trkpt>
      <trkpt lat="49.298467" lon="16.917298">
      </trkpt>
      <trkpt lat="49.296036" lon="16.910688">
      </trkpt>
      <trkpt lat="49.296135" lon="16.909639">
      </trkpt>
      <trkpt lat="49.296241" lon="16.908491">
      </trkpt>
      <trkpt lat="49.296331" lon="16.906837">
      </trkpt>
      <trkpt lat="49.297058" lon="16.903067">
      </trkpt>
      <trkpt lat="49.297418" lon="16.902079">
      </trkpt>
      <trkpt lat="49.29775" lon="16.90121">
      </trkpt>
      <trkpt lat="49.297867" lon="16.900829">
      </trkpt>
      <trkpt lat="49.301994" lon="16.893539">
      </trkpt>
      <trkpt lat="49.303587" lon="16.892168">
      </trkpt>
      <trkpt lat="49.303938" lon="16.891737">
      </trkpt>
      <trkpt lat="49.304183" lon="16.8913">
      </trkpt>
      <trkpt lat="49.309123" lon="16.885032">
      </trkpt>
      <trkpt lat="49.311324" lon="16.883561">
      </trkpt>
      <trkpt lat="49.312086" lon="16.882906">
      </trkpt>
      <trkpt lat="49.312483" lon="16.882492">
      </trkpt>
      <trkpt lat="49.318684" lon="16.877955">
      </trkpt>
      <trkpt lat="49.326477" lon="16.876064">
      </trkpt>
      <trkpt lat="49.330425" lon="16.869698">
      </trkpt>
      <trkpt lat="49.331882" lon="16.868187">
      </trkpt>
      <trkpt lat="49.331903" lon="16.867993">
      </trkpt>
      <trkpt lat="49.331905" lon="16.867972">
      </trkpt>
      <trkpt lat="49.331924" lon="16.867777">
      </trkpt>
      <trkpt lat="49.33163" lon="16.866795">
      </trkpt>
      <trkpt lat="49.330754" lon="16.864466">
      </trkpt>
      <trkpt lat="49.330343" lon="16.856693">
      </trkpt>
      <trkpt lat="49.331392" lon="16.85258">
      </trkpt>
      <trkpt lat="49.33539" lon="16.848158">
      </trkpt>
      <trkpt lat="49.335475" lon="16.848091">
      </trkpt>
      <trkpt lat="49.338325" lon="16.845988">
      </trkpt>
      <trkpt lat="49.339918" lon="16.840148">
      </trkpt>
      <trkpt lat="49.343338" lon="16.83613">
      </trkpt>
      <trkpt lat="49.343797" lon="16.83508">
      </trkpt>
      <trkpt lat="49.343683" lon="16.834561">
      </trkpt>
      <trkpt lat="49.343637" lon="16.834391">
      </trkpt>
      <trkpt lat="49.34361" lon="16.834305">
      </trkpt>
      <trkpt lat="49.341154" lon="16.833269">
      </trkpt>
      <trkpt lat="49.338655" lon="16.834071">
      </trkpt>
      <trkpt lat="49.338208" lon="16.835717">
      </trkpt>
      <trkpt lat="49.336728" lon="16.838481">
      </trkpt>
      <trkpt lat="49.335431" lon="16.840962">
      </trkpt>
      <trkpt lat="49.335056" lon="16.841581">
      </trkpt>
      <trkpt lat="49.326608" lon="16.838525">
      </trkpt>
      <trkpt lat="49.326589" lon="16.837207">
      </trkpt>
      <trkpt lat="49.32651" lon="16.836835">
      </trkpt>
      <trkpt lat="49.325879" lon="16.833147">
      </trkpt>
      <trkpt lat="49.325037" lon="16.83022">
      </trkpt>
      <trkpt lat="49.324627" lon="16.830055">
      </trkpt>
      <trkpt lat="49.324043" lon="16.83005">
      </trkpt>
      <trkpt lat="49.32352" lon="16.83036">
      </trkpt>
      <trkpt lat="49.318877" lon="16.834677">
      </trkpt>
      <trkpt lat="49.317618" lon="16.835728">
      </trkpt>
      <trkpt lat="49.31546" lon="16.839351">
      </trkpt>
      <trkpt lat="49.315781" lon="16.84172">
      </trkpt>
      <trkpt lat="49.317444" lon="16.848842">
      </trkpt>
      <trkpt lat="49.313858" lon="16.854787">
      </trkpt>
      <trkpt lat="49.311011" lon="16.85699">
      </trkpt>
      <trkpt lat="49.307663" lon="16.860328">
      </trkpt>
      <trkpt lat="49.305653" lon="16.861146">
      </trkpt>
      <trkpt lat="49.298369" lon="16.862816">
      </trkpt>
      <trkpt lat="49.295218" lon="16.860596">
      </trkpt>
      <trkpt lat="49.294352" lon="16.855293">
      </trkpt>
      <trkpt lat="49.29929" lon="16.851442">
      </trkpt>
      <trkpt lat="49.299203" lon="16.850877">
      </trkpt>
      <trkpt lat="49.29896" lon="16.849953">
      </trkpt>
      <trkpt lat="49.298609" lon="16.849017">
      </trkpt>
      <trkpt lat="49.298392" lon="16.848383">
      </trkpt>
      <trkpt lat="49.298034" lon="16.846727">
      </trkpt>
      <trkpt lat="49.298712" lon="16.841509">
      </trkpt>
      <trkpt lat="49.298916" lon="16.841049">
      </trkpt>
      <trkpt lat="49.299175" lon="16.84027">
      </trkpt>
      <trkpt lat="49.299303" lon="16.839123">
      </trkpt>
      <trkpt lat="49.300588" lon="16.83563">
      </trkpt>
      <trkpt lat="49.29879" lon="16.83266">
      </trkpt>
      <trkpt lat="49.295353" lon="16.831587">
      </trkpt>
      <trkpt lat="49.292162" lon="16.823957">
      </trkpt>
      <trkpt lat="49.293796" lon="16.821334">
      </trkpt>
      <trkpt lat="49.296091" lon="16.819541">
      </trkpt>
      <trkpt lat="49.296116" lon="16.819496">
      </trkpt>
      <trkpt lat="49.296142" lon="16.819279">
      </trkpt>
      <trkpt lat="49.298938" lon="16.811301">
      </trkpt>
      <trkpt lat="49.301132" lon="16.81009">
      </trkpt>
      <trkpt lat="49.299935" lon="16.806695">
      </trkpt>
      <trkpt lat="49.297928" lon="16.800491">
      </trkpt>
      <trkpt lat="49.300103" lon="16.793287">
      </trkpt>
      <trkpt lat="49.299237" lon="16.786276">
      </trkpt>
      <trkpt lat="49.300201" lon="16.783583">
      </trkpt>
      <trkpt lat="49.30032" lon="16.781622">
      </trkpt>
      <trkpt lat="49.300397" lon="16.780412">
      </trkpt>
      <trkpt lat="49.300457" lon="16.779184">
      </trkpt>
      <trkpt lat="49.299436" lon="16.772523">
      </trkpt>
      <trkpt lat="49.299014" lon="16.771971">
      </trkpt>
      <trkpt lat="49.296896" lon="16.77219">
      </trkpt>
      <trkpt lat="49.296786" lon="16.772292">
      </trkpt>
      <trkpt lat="49.295971" lon="16.773836">
      </trkpt>
      <trkpt lat="49.295869" lon="16.774141">
      </trkpt>
      <trkpt lat="49.296865" lon="16.779419">
      </trkpt>
      <trkpt lat="49.296804" lon="16.780195">
      </trkpt>
      <trkpt lat="49.296479" lon="16.781992">
      </trkpt>
      <trkpt lat="49.290251" lon="16.786721">
      </trkpt>
      <trkpt lat="49.284716" lon="16.793296">
      </trkpt>
      <trkpt lat="49.281867" lon="16.795497">
      </trkpt>
      <trkpt lat="49.281791" lon="16.800424">
      </trkpt>
      <trkpt lat="49.283497" lon="16.805753">
      </trkpt>
      <trkpt lat="49.283531" lon="16.805962">
      </trkpt>
      <trkpt lat="49.286967" lon="16.806186">
      </trkpt>
      <trkpt lat="49.291237" lon="16.811633">
      </trkpt>
      <trkpt lat="49.286417" lon="16.815681">
      </trkpt>
      <trkpt lat="49.283689" lon="16.815476">
      </trkpt>
      <trkpt lat="49.280559" lon="16.816184">
      </trkpt>
      <trkpt lat="49.279746" lon="16.819691">
      </trkpt>
      <trkpt lat="49.280086" lon="16.81977">
      </trkpt>
      <trkpt lat="49.285183" lon="16.82186">
      </trkpt>
      <trkpt lat="49.286903" lon="16.828947">
      </trkpt>
      <trkpt lat="49.286733" lon="16.829436">
      </trkpt>
      <trkpt lat="49.28644" lon="16.830479">
      </trkpt>
      <trkpt lat="49.28635" lon="16.830889">
      </trkpt>
      <trkpt lat="49.286105" lon="16.832311">
      </trkpt>
      <trkpt lat="49.2849" lon="16.8358">
      </trkpt>
      <trkpt lat="49.285352" lon="16.841152">
      </trkpt>
      <trkpt lat="49.284855" lon="16.843824">
      </trkpt>
      <trkpt lat="49.284534" lon="16.845795">
      </trkpt>
      <trkpt lat="49.283756" lon="16.847562">
      </trkpt>
      <trkpt lat="49.275069" lon="16.845745">
      </trkpt>
      <trkpt lat="49.271645" lon="16.838353">
      </trkpt>
      <trkpt lat="49.271506" lon="16.837375">
      </trkpt>
      <trkpt lat="49.271304" lon="16.836894">
      </trkpt>
      <trkpt lat="49.267983" lon="16.838282">
      </trkpt>
      <trkpt lat="49.266839" lon="16.83887">
      </trkpt>
      <trkpt lat="49.258766" lon="16.837363">
      </trkpt>
      <trkpt lat="49.256886" lon="16.834398">
      </trkpt>
      <trkpt lat="49.255011" lon="16.831441">
      </trkpt>
      <trkpt lat="49.253466" lon="16.828974">
      </trkpt>
      <trkpt lat="49.252164" lon="16.82607">
      </trkpt>
      <trkpt lat="49.248644" lon="16.825311">
      </trkpt>
      <trkpt lat="49.248397" lon="16.826458">
      </trkpt>
      <trkpt lat="49.248351" lon="16.826997">
      </trkpt>
      <trkpt lat="49.248429" lon="16.827604">
      </trkpt>
      <trkpt lat="49.250415" lon="16.830886">
      </trkpt>
      <trkpt lat="49.251961" lon="16.833352">
      </trkpt>
      <trkpt lat="49.253846" lon="16.836325">
      </trkpt>
      <trkpt lat="49.252582" lon="16.842832">
      </trkpt>
      <trkpt lat="49.244602" lon="16.844291">
      </trkpt>
      <trkpt lat="49.241016" lon="16.836742">
      </trkpt>
      <trkpt lat="49.237636" lon="16.835503">
      </trkpt>
      <trkpt lat="49.235471" lon="16.836612">
      </trkpt>
      <trkpt lat="49.229019" lon="16.831716">
      </trkpt>
      <trkpt lat="49.233476" lon="16.826083">
      </trkpt>
      <trkpt lat="49.23476" lon="16.824359">
      </trkpt>
      <trkpt lat="49.235546" lon="16.82362">
      </trkpt>
      <trkpt lat="49.233081" lon="16.820997">
      </trkpt>
      <trkpt lat="49.229591" lon="16.821565">
      </trkpt>
      <trkpt lat="49.222175" lon="16.821796">
      </trkpt>
      <trkpt lat="49.217685" lon="16.818115">
      </trkpt>
      <trkpt lat="49.217319" lon="16.817853">
      </trkpt>
      <trkpt lat="49.214719" lon="16.809317">
      </trkpt>
      <trkpt lat="49.217176" lon="16.802797">
      </trkpt>
      <trkpt lat="49.221861" lon="16.799352">
      </trkpt>
      <trkpt lat="49.226359" lon="16.805103">
      </trkpt>
      <trkpt lat="49.226296" lon="16.805664">
      </trkpt>
      <trkpt lat="49.226267" lon="16.806197">
      </trkpt>
      <trkpt lat="49.229862" lon="16.806394">
      </trkpt>
      <trkpt lat="49.234551" lon="16.805423">
      </trkpt>
      <trkpt lat="49.235764" lon="16.805023">
      </trkpt>
      <trkpt lat="49.237149" lon="16.803309">
      </trkpt>
      <trkpt lat="49.23714" lon="16.803282">
      </trkpt>
      <trkpt lat="49.236565" lon="16.802194">
      </trkpt>
      <trkpt lat="49.236092" lon="16.794288">
      </trkpt>
      <trkpt lat="49.236211" lon="16.793302">
      </trkpt>
      <trkpt lat="49.236491" lon="16.788135">
      </trkpt>
      <trkpt lat="49.236864" lon="16.785687">
      </trkpt>
      <trkpt lat="49.237218" lon="16.78411">
      </trkpt>
      <trkpt lat="49.237696" lon="16.778069">
      </trkpt>
      <trkpt lat="49.237439" lon="16.77656">
      </trkpt>
      <trkpt lat="49.237347" lon="16.776397">
      </trkpt>
      <trkpt lat="49.237166" lon="16.776289">
      </trkpt>
      <trkpt lat="49.23498" lon="16.775706">
      </trkpt>
      <trkpt lat="49.233403" lon="16.775513">
      </trkpt>
      <trkpt lat="49.227352" lon="16.769049">
      </trkpt>
      <trkpt lat="49.227062" lon="16.766838">
      </trkpt>
      <trkpt lat="49.22712" lon="16.765089">
      </trkpt>
      <trkpt lat="49.227219" lon="16.763849">
      </trkpt>
      <trkpt lat="49.227489" lon="16.760679">
      </trkpt>
      <trkpt lat="49.227582" lon="16.75975">
      </trkpt>
      <trkpt lat="49.226152" lon="16.755194">
      </trkpt>
      <trkpt lat="49.229456" lon="16.748262">
      </trkpt>
      <trkpt lat="49.231127" lon="16.746104">
      </trkpt>
      <trkpt lat="49.229577" lon="16.742855">
      </trkpt>
      <trkpt lat="49.228909" lon="16.743173">
      </trkpt>
      <trkpt lat="49.228098" lon="16.743698">
      </trkpt>
      <trkpt lat="49.227138" lon="16.74459">
      </trkpt>
      <trkpt lat="49.226612" lon="16.745599">
      </trkpt>
      <trkpt lat="49.219993" lon="16.747837">
      </trkpt>
      <trkpt lat="49.217615" lon="16.743382">
      </trkpt>
      <trkpt lat="49.218566" lon="16.740016">
      </trkpt>
      <trkpt lat="49.218167" lon="16.739286">
      </trkpt>
      <trkpt lat="49.217657" lon="16.738707">
      </trkpt>
      <trkpt lat="49.21435" lon="16.732538">
      </trkpt>
      <trkpt lat="49.213655" lon="16.731521">
      </trkpt>
      <trkpt lat="49.21269" lon="16.730023">
      </trkpt>
      <trkpt lat="49.209663" lon="16.731972">
      </trkpt>
      <trkpt lat="49.210714" lon="16.739478">
      </trkpt>
      <trkpt lat="49.210434" lon="16.741357">
      </trkpt>
      <trkpt lat="49.204369" lon="16.74782">
      </trkpt>
      <trkpt lat="49.200423" lon="16.746227">
      </trkpt>
      <trkpt lat="49.198127" lon="16.744182">
      </trkpt>
      <trkpt lat="49.196859" lon="16.743087">
      </trkpt>
      <trkpt lat="49.193498" lon="16.735367">
      </trkpt>
      <trkpt lat="49.194174" lon="16.733466">
      </trkpt>
      <trkpt lat="49.194482" lon="16.731471">
      </trkpt>
      <trkpt lat="49.194602" lon="16.730657">
      </trkpt>
      <trkpt lat="49.196946" lon="16.725219">
      </trkpt>
      <trkpt lat="49.197452" lon="16.72469">
      </trkpt>
      <trkpt lat="49.197574" lon="16.724502">
      </trkpt>
      <trkpt lat="49.197402" lon="16.722798">
      </trkpt>
      <trkpt lat="49.201449" lon="16.716879">
      </trkpt>
      <trkpt lat="49.204564" lon="16.717013">
      </trkpt>
      <trkpt lat="49.204653" lon="16.716872">
      </trkpt>
      <trkpt lat="49.2048" lon="16.716537">
      </trkpt>
      <trkpt lat="49.204828" lon="16.716421">
      </trkpt>
      <trkpt lat="49.205074" lon="16.715565">
      </trkpt>
      <trkpt lat="49.205253" lon="16.714178">
      </trkpt>
      <trkpt lat="49.205157" lon="16.711611">
      </trkpt>
      <trkpt lat="49.207044" lon="16.706631">
      </trkpt>
      <trkpt lat="49.213582" lon="16.705571">
      </trkpt>
      <trkpt lat="49.217295" lon="16.705654">
      </trkpt>
      <trkpt lat="49.219239" lon="16.703646">
      </trkpt>
      <trkpt lat="49.217497" lon="16.700496">
      </trkpt>
      <trkpt lat="49.215222" lon="16.696869">
      </trkpt>
      <trkpt lat="49.21407" lon="16.69447">
      </trkpt>
      <trkpt lat="49.215071" lon="16.687456">
      </trkpt>
      <trkpt lat="49.215328" lon="16.686823">
      </trkpt>
      <trkpt lat="49.215393" lon="16.686447">
      </trkpt>
      <trkpt lat="49.215437" lon="16.685902">
      </trkpt>
      <trkpt lat="49.214658" lon="16.685258">
      </trkpt>
      <trkpt lat="49.208335" lon="16.679403">
      </trkpt>
      <trkpt lat="49.206974" lon="16.677942">
      </trkpt>
      <trkpt lat="49.206319" lon="16.677333">
      </trkpt>
      <trkpt lat="49.204048" lon="16.671471">
      </trkpt>
      <trkpt lat="49.206743" lon="16.666232">
      </trkpt>
      <trkpt lat="49.203497" lon="16.659753">
      </trkpt>
      <trkpt lat="49.203286" lon="16.657363">
      </trkpt>
      <trkpt lat="49.201571" lon="16.655623">
      </trkpt>
      <trkpt lat="49.200064" lon="16.648422">
      </trkpt>
      <trkpt lat="49.202195" lon="16.646124">
      </trkpt>
      <trkpt lat="49.202638" lon="16.645788">
      </trkpt>
      <trkpt lat="49.203005" lon="16.645431">
      </trkpt>
      <trkpt lat="49.204742" lon="16.643373">
      </trkpt>
      <trkpt lat="49.205708" lon="16.64103">
      </trkpt>
      <trkpt lat="49.205701" lon="16.641013">
      </trkpt>
      <trkpt lat="49.2038" lon="16.639898">
      </trkpt>
      <trkpt lat="49.203566" lon="16.639961">
      </trkpt>
      <trkpt lat="49.196094" lon="16.639372">
      </trkpt>
      <trkpt lat="49.194599" lon="16.635533">
      </trkpt>
      <trkpt lat="49.194585" lon="16.635028">
      </trkpt>
      <trkpt lat="49.194528" lon="16.634538">
      </trkpt>
      <trkpt lat="49.192846" lon="16.630021">
      </trkpt>
      <trkpt lat="49.190745" lon="16.628662">
      </trkpt>
      <trkpt lat="49.18933" lon="16.629245">
      </trkpt>
      <trkpt lat="49.187398" lon="16.629989">
      </trkpt>
      <trkpt lat="49.187645" lon="16.630611">
      </trkpt>
      <trkpt lat="49.188078" lon="16.631995">
      </trkpt>
      <trkpt lat="49.188291" lon="16.633115">
      </trkpt>
      <trkpt lat="49.188553" lon="16.6367">
      </trkpt>
      <trkpt lat="49.187801" lon="16.641091">
      </trkpt>
      <trkpt lat="49.180306" lon="16.644536">
      </trkpt>
      <trkpt lat="49.177193" lon="16.641912">
      </trkpt>
      <trkpt lat="49.173808" lon="16.643137">
      </trkpt>
      <trkpt lat="49.160177" lon="16.638209">
      </trkpt>
      <trkpt lat="49.159908" lon="16.636432">
      </trkpt>
      <trkpt lat="49.161265" lon="16.630599">
      </trkpt>
      <trkpt lat="49.161207" lon="16.628202">
      </trkpt>
      <trkpt lat="49.161033" lon="16.62042">
      </trkpt>
      <trkpt lat="49.160943" lon="16.61672">
      </trkpt>
      <trkpt lat="49.160855" lon="16.61304">
      </trkpt>
      <trkpt lat="49.16083" lon="16.611071">
      </trkpt>
      <trkpt lat="49.160842" lon="16.609805">
      </trkpt>
      <trkpt lat="49.160868" lon="16.608772">
      </trkpt>
      <trkpt lat="49.163975" lon="16.600967">
      </trkpt>
      <trkpt lat="49.163497" lon="16.597399">
      </trkpt>
      <trkpt lat="49.162662" lon="16.591722">
      </trkpt>
      <trkpt lat="49.163057" lon="16.588255">
      </trkpt>
      <trkpt lat="49.163187" lon="16.586833">
      </trkpt>
      <trkpt lat="49.163226" lon="16.586238">
      </trkpt>
      <trkpt lat="49.163295" lon="16.584925">
      </trkpt>
      <trkpt lat="49.163326" lon="16.583402">
      </trkpt>
      <trkpt lat="49.163274" lon="16.581419">
      </trkpt>
      <trkpt lat="49.159675" lon="16.581514">
      </trkpt>
      <trkpt lat="49.159472" lon="16.587926">
      </trkpt>
      <trkpt lat="49.159085" lon="16.591313">
      </trkpt>
      <trkpt lat="49.158724" lon="16.594448">
      </trkpt>
      <trkpt lat="49.157785" lon="16.602596">
      </trkpt>
      <trkpt lat="49.157383" lon="16.60671">
      </trkpt>
      <trkpt lat="49.157275" lon="16.608564">
      </trkpt>
      <trkpt lat="49.157243" lon="16.609709">
      </trkpt>
      <trkpt lat="49.15723" lon="16.611035">
      </trkpt>
      <trkpt lat="49.157255" lon="16.613085">
      </trkpt>
      <trkpt lat="49.157345" lon="16.616806">
      </trkpt>
      <trkpt lat="49.157434" lon="16.620507">
      </trkpt>
      <trkpt lat="49.154111" lon="16.626892">
      </trkpt>
      <trkpt lat="49.151896" lon="16.628093">
      </trkpt>
      <trkpt lat="49.146395" lon="16.62941">
      </trkpt>
      <trkpt lat="49.145887" lon="16.629602">
      </trkpt>
      <trkpt lat="49.144878" lon="16.630031">
      </trkpt>
      <trkpt lat="49.143796" lon="16.630537">
      </trkpt>
      <trkpt lat="49.142255" lon="16.631385">
      </trkpt>
      <trkpt lat="49.139297" lon="16.633067">
      </trkpt>
      <trkpt lat="49.136664" lon="16.634605">
      </trkpt>
      <trkpt lat="49.134702" lon="16.635674">
      </trkpt>
      <trkpt lat="49.132759" lon="16.636769">
      </trkpt>
      <trkpt lat="49.130381" lon="16.638118">
      </trkpt>
      <trkpt lat="49.128003" lon="16.639467">
      </trkpt>
      <trkpt lat="49.12978" lon="16.642598">
      </trkpt>
      <trkpt lat="49.132158" lon="16.641249">
      </trkpt>
      <trkpt lat="49.134536" lon="16.6399">
      </trkpt>
      <trkpt lat="49.136469" lon="16.638811">
      </trkpt>
      <trkpt lat="49.137794" lon="16.638023">
      </trkpt>
      <trkpt lat="49.141077" lon="16.636196">
      </trkpt>
      <trkpt lat="49.144035" lon="16.634514">
      </trkpt>
      <trkpt lat="49.145531" lon="16.633691">
      </trkpt>
      <trkpt lat="49.146391" lon="16.633298">
      </trkpt>
      <trkpt lat="49.147293" lon="16.632916">
      </trkpt>
      <trkpt lat="49.147662" lon="16.632779">
      </trkpt>
      <trkpt lat="49.151222" lon="16.631916">
      </trkpt>
      <trkpt lat="49.160292" lon="16.638861">
      </trkpt>
      <trkpt lat="49.15946" lon="16.644099">
      </trkpt>
      <trkpt lat="49.160153" lon="16.647637">
      </trkpt>
      <trkpt lat="49.160626" lon="16.650342">
      </trkpt>
      <trkpt lat="49.1609" lon="16.652143">
      </trkpt>
      <trkpt lat="49.161091" lon="16.653595">
      </trkpt>
      <trkpt lat="49.161281" lon="16.655445">
      </trkpt>
      <trkpt lat="49.161561" lon="16.66016">
      </trkpt>
      <trkpt lat="49.156556" lon="16.665077">
      </trkpt>
      <trkpt lat="49.153908" lon="16.667806">
      </trkpt>
      <trkpt lat="49.153155" lon="16.669636">
      </trkpt>
      <trkpt lat="49.153094" lon="16.670345">
      </trkpt>
      <trkpt lat="49.15381" lon="16.671405">
      </trkpt>
      <trkpt lat="49.155222" lon="16.671764">
      </trkpt>
      <trkpt lat="49.15676" lon="16.672268">
      </trkpt>
      <trkpt lat="49.161605" lon="16.678183">
      </trkpt>
      <trkpt lat="49.161793" lon="16.680055">
      </trkpt>
      <trkpt lat="49.16202" lon="16.681686">
      </trkpt>
      <trkpt lat="49.161744" lon="16.685621">
      </trkpt>
      <trkpt lat="49.15667" lon="16.689962">
      </trkpt>
      <trkpt lat="49.156291" lon="16.690335">
      </trkpt>
      <trkpt lat="49.155289" lon="16.691337">
      </trkpt>
      <trkpt lat="49.154954" lon="16.691896">
      </trkpt>
      <trkpt lat="49.154934" lon="16.69196">
      </trkpt>
      <trkpt lat="49.153761" lon="16.695461">
      </trkpt>
      <trkpt lat="49.153692" lon="16.696647">
      </trkpt>
      <trkpt lat="49.15496" lon="16.699371">
      </trkpt>
      <trkpt lat="49.155182" lon="16.69987">
      </trkpt>
      <trkpt lat="49.156002" lon="16.701491">
      </trkpt>
      <trkpt lat="49.158714" lon="16.702913">
      </trkpt>
      <trkpt lat="49.160356" lon="16.70154">
      </trkpt>
      <trkpt lat="49.161157" lon="16.700215">
      </trkpt>
      <trkpt lat="49.163096" lon="16.698434">
      </trkpt>
      <trkpt lat="49.163654" lon="16.697979">
      </trkpt>
      <trkpt lat="49.170965" lon="16.702721">
      </trkpt>
      <trkpt lat="49.170228" lon="16.704416">
      </trkpt>
      <trkpt lat="49.169446" lon="16.706559">
      </trkpt>
      <trkpt lat="49.168664" lon="16.708701">
      </trkpt>
      <trkpt lat="49.167882" lon="16.710844">
      </trkpt>
      <trkpt lat="49.165006" lon="16.71491">
      </trkpt>
      <trkpt lat="49.164946" lon="16.71495">
      </trkpt>
      <trkpt lat="49.161634" lon="16.722813">
      </trkpt>
      <trkpt lat="49.155623" lon="16.726874">
      </trkpt>
      <trkpt lat="49.154425" lon="16.727767">
      </trkpt>
      <trkpt lat="49.150102" lon="16.729368">
      </trkpt>
      <trkpt lat="49.14463" lon="16.725989">
      </trkpt>
      <trkpt lat="49.144045" lon="16.722474">
      </trkpt>
      <trkpt lat="49.144165" lon="16.721829">
      </trkpt>
      <trkpt lat="49.144521" lon="16.719107">
      </trkpt>
      <trkpt lat="49.140951" lon="16.71864">
      </trkpt>
      <trkpt lat="49.140225" lon="16.722263">
      </trkpt>
      <trkpt lat="49.140043" lon="16.722976">
      </trkpt>
      <trkpt lat="49.140012" lon="16.723617">
      </trkpt>
      <trkpt lat="49.140049" lon="16.724317">
      </trkpt>
      <trkpt lat="49.136575" lon="16.730476">
      </trkpt>
      <trkpt lat="49.133712" lon="16.731065">
      </trkpt>
      <trkpt lat="49.133288" lon="16.731097">
      </trkpt>
      <trkpt lat="49.132043" lon="16.732774">
      </trkpt>
      <trkpt lat="49.132048" lon="16.732918">
      </trkpt>
      <trkpt lat="49.132308" lon="16.733253">
      </trkpt>
      <trkpt lat="49.133558" lon="16.734687">
      </trkpt>
      <trkpt lat="49.136666" lon="16.741">
      </trkpt>
      <trkpt lat="49.136883" lon="16.744846">
      </trkpt>
      <trkpt lat="49.137085" lon="16.748404">
      </trkpt>
      <trkpt lat="49.137287" lon="16.751961">
      </trkpt>
      <trkpt lat="49.139593" lon="16.758806">
      </trkpt>
      <trkpt lat="49.132698" lon="16.760973">
      </trkpt>
      <trkpt lat="49.130756" lon="16.759698">
      </trkpt>
      <trkpt lat="49.130091" lon="16.759333">
      </trkpt>
      <trkpt lat="49.128361" lon="16.76249">
      </trkpt>
      <trkpt lat="49.129026" lon="16.762855">
      </trkpt>
      <trkpt lat="49.130714" lon="16.763977">
      </trkpt>
      <trkpt lat="49.132529" lon="16.765176">
      </trkpt>
      <trkpt lat="49.135563" lon="16.77362">
      </trkpt>
      <trkpt lat="49.140871" lon="16.779329">
      </trkpt>
      <trkpt lat="49.136298" lon="16.785004">
      </trkpt>
      <trkpt lat="49.134583" lon="16.786173">
      </trkpt>
      <trkpt lat="49.13334" lon="16.789398">
      </trkpt>
      <trkpt lat="49.136699" lon="16.790693">
      </trkpt>
      <trkpt lat="49.135438" lon="16.798707">
      </trkpt>
      <trkpt lat="49.131644" lon="16.79981">
      </trkpt>
      <trkpt lat="49.128224" lon="16.800935">
      </trkpt>
      <trkpt lat="49.128451" lon="16.802198">
      </trkpt>
      <trkpt lat="49.123665" lon="16.808942">
      </trkpt>
      <trkpt lat="49.120829" lon="16.810453">
      </trkpt>
      <trkpt lat="49.117547" lon="16.811933">
      </trkpt>
      <trkpt lat="49.118692" lon="16.815609">
      </trkpt>
      <trkpt lat="49.122542" lon="16.823499">
      </trkpt>
      <trkpt lat="49.123159" lon="16.82753">
      </trkpt>
      <trkpt lat="49.1224" lon="16.832557">
      </trkpt>
      <trkpt lat="49.12192" lon="16.833982">
      </trkpt>
      <trkpt lat="49.124571" lon="16.836418">
      </trkpt>
      <trkpt lat="49.129526" lon="16.839982">
      </trkpt>
      <trkpt lat="49.128833" lon="16.847084">
      </trkpt>
      <trkpt lat="49.127671" lon="16.848409">
      </trkpt>
      <trkpt lat="49.126942" lon="16.851009">
      </trkpt>
      <trkpt lat="49.125411" lon="16.854092">
      </trkpt>
      <trkpt lat="49.125091" lon="16.855167">
      </trkpt>
      <trkpt lat="49.124589" lon="16.859663">
      </trkpt>
      <trkpt lat="49.124296" lon="16.86206">
      </trkpt>
      <trkpt lat="49.127213" lon="16.864169">
      </trkpt>
      <trkpt lat="49.133098" lon="16.867461">
      </trkpt>
      <trkpt lat="49.133893" lon="16.870366">
      </trkpt>
      <trkpt lat="49.13438" lon="16.87174">
      </trkpt>
      <trkpt lat="49.135215" lon="16.873703">
      </trkpt>
      <trkpt lat="49.134016" lon="16.880914">
      </trkpt>
      <trkpt lat="49.131562" lon="16.882027">
      </trkpt>
      <trkpt lat="49.123728" lon="16.877958">
      </trkpt>
      <trkpt lat="49.120869" lon="16.875771">
      </trkpt>
      <trkpt lat="49.112927" lon="16.876335">
      </trkpt>
      <trkpt lat="49.109582" lon="16.877666">
      </trkpt>
      <trkpt lat="49.110051" lon="16.880515">
      </trkpt>
      <trkpt lat="49.109973" lon="16.882836">
      </trkpt>
      <trkpt lat="49.102811" lon="16.888108">
      </trkpt>
      <trkpt lat="49.102435" lon="16.887978">
      </trkpt>
      <trkpt lat="49.101974" lon="16.887894">
      </trkpt>
      <trkpt lat="49.098421" lon="16.887034">
      </trkpt>
      <trkpt lat="49.096118" lon="16.887597">
      </trkpt>
      <trkpt lat="49.095362" lon="16.888933">
      </trkpt>
      <trkpt lat="49.095717" lon="16.890018">
      </trkpt>
      <trkpt lat="49.096513" lon="16.890585">
      </trkpt>
      <trkpt lat="49.097059" lon="16.890978">
      </trkpt>
      <trkpt lat="49.097619" lon="16.891188">
      </trkpt>
      <trkpt lat="49.099862" lon="16.891367">
      </trkpt>
      <trkpt lat="49.101835" lon="16.892362">
      </trkpt>
      <trkpt lat="49.101176" lon="16.901139">
      </trkpt>
      <trkpt lat="49.099561" lon="16.902098">
      </trkpt>
      <trkpt lat="49.099019" lon="16.902471">
      </trkpt>
      <trkpt lat="49.098503" lon="16.902897">
      </trkpt>
      <trkpt lat="49.098128" lon="16.903282">
      </trkpt>
      <trkpt lat="49.096248" lon="16.905344">
      </trkpt>
      <trkpt lat="49.095777" lon="16.905989">
      </trkpt>
      <trkpt lat="49.093143" lon="16.911793">
      </trkpt>
      <trkpt lat="49.092996" lon="16.912548">
      </trkpt>
      <trkpt lat="49.094827" lon="16.91313">
      </trkpt>
      <trkpt lat="49.095112" lon="16.913169">
      </trkpt>
      <trkpt lat="49.096529" lon="16.913238">
      </trkpt>
      <trkpt lat="49.096676" lon="16.912482">
      </trkpt>
      <trkpt lat="49.10276" lon="16.906253">
      </trkpt>
      <trkpt lat="49.108915" lon="16.906399">
      </trkpt>
      <trkpt lat="49.111454" lon="16.910151">
      </trkpt>
      <trkpt lat="49.118607" lon="16.912778">
      </trkpt>
      <trkpt lat="49.120383" lon="16.914699">
      </trkpt>
      <trkpt lat="49.123627" lon="16.915356">
      </trkpt>
      <trkpt lat="49.123872" lon="16.915335">
      </trkpt>
      <trkpt lat="49.124302" lon="16.915085">
      </trkpt>
      <trkpt lat="49.127532" lon="16.914366">
      </trkpt>
      <trkpt lat="49.132964" lon="16.918679">
      </trkpt>
      <trkpt lat="49.137288" lon="16.922495">
      </trkpt>
      <trkpt lat="49.138941" lon="16.926039">
      </trkpt>
      <trkpt lat="49.135016" lon="16.933597">
      </trkpt>
      <trkpt lat="49.128519" lon="16.936431">
      </trkpt>
      <trkpt lat="49.124903" lon="16.933649">
      </trkpt>
      <trkpt lat="49.123834" lon="16.933108">
      </trkpt>
      <trkpt lat="49.123415" lon="16.93306">
      </trkpt>
      <trkpt lat="49.122398" lon="16.933031">
      </trkpt>
      <trkpt lat="49.122295" lon="16.936629">
      </trkpt>
      <trkpt lat="49.121574" lon="16.943674">
      </trkpt>
      <trkpt lat="49.121808" lon="16.944703">
      </trkpt>
      <trkpt lat="49.121875" lon="16.944827">
      </trkpt>
      <trkpt lat="49.124742" lon="16.945385">
      </trkpt>
      <trkpt lat="49.133224" lon="16.943029">
      </trkpt>
      <trkpt lat="49.133762" lon="16.943374">
      </trkpt>
      <trkpt lat="49.136493" lon="16.947657">
      </trkpt>
      <trkpt lat="49.136681" lon="16.948558">
      </trkpt>
      <trkpt lat="49.13679" lon="16.949265">
      </trkpt>
      <trkpt lat="49.143788" lon="16.953957">
      </trkpt>
      <trkpt lat="49.143989" lon="16.956573">
      </trkpt>
      <trkpt lat="49.144139" lon="16.957813">
      </trkpt>
      <trkpt lat="49.143424" lon="16.963955">
      </trkpt>
      <trkpt lat="49.144652" lon="16.970514">
      </trkpt>
      <trkpt lat="49.144805" lon="16.974135">
      </trkpt>
      <trkpt lat="49.144854" lon="16.974701">
      </trkpt>
      <trkpt lat="49.150664" lon="16.981153">
      </trkpt>
      <trkpt lat="49.151436" lon="16.983437">
      </trkpt>
      <trkpt lat="49.154847" lon="16.982284">
      </trkpt>
      <trkpt lat="49.154075" lon="16.980001">
      </trkpt>
      <trkpt lat="49.154065" lon="16.975743">
      </trkpt>
      <trkpt lat="49.161183" lon="16.970462">
      </trkpt>
      <trkpt lat="49.169825" lon="16.968855">
      </trkpt>
      <trkpt lat="49.172102" lon="16.969386">
      </trkpt>
      <trkpt lat="49.178825" lon="16.970492">
      </trkpt>
      <trkpt lat="49.181086" lon="16.973294">
      </trkpt>
      <trkpt lat="49.181712" lon="16.972789">
      </trkpt>
      <trkpt lat="49.182972" lon="16.971631">
      </trkpt>
      <trkpt lat="49.185791" lon="16.969391">
      </trkpt>
      <trkpt lat="49.185354" lon="16.968842">
      </trkpt>
      <trkpt lat="49.183603" lon="16.965679">
      </trkpt>
      <trkpt lat="49.182488" lon="16.963012">
      </trkpt>
      <trkpt lat="49.186333" lon="16.957079">
      </trkpt>
      <trkpt lat="49.189738" lon="16.95591">
      </trkpt>
      <trkpt lat="49.19449" lon="16.952296">
      </trkpt>
      <trkpt lat="49.196054" lon="16.949737">
      </trkpt>
      <trkpt lat="49.196331" lon="16.948932">
      </trkpt>
      <trkpt lat="49.197484" lon="16.945433">
      </trkpt>
      <trkpt lat="49.19768" lon="16.944605">
      </trkpt>
      <trkpt lat="49.197867" lon="16.943655">
      </trkpt>
      <trkpt lat="49.199829" lon="16.93975">
      </trkpt>
      <trkpt lat="49.200225" lon="16.939242">
      </trkpt>
      <trkpt lat="49.200464" lon="16.938842">
      </trkpt>
      <trkpt lat="49.200911" lon="16.937918">
      </trkpt>
      <trkpt lat="49.20163" lon="16.936612">
      </trkpt>
      <trkpt lat="49.202404" lon="16.935132">
      </trkpt>
      <trkpt lat="49.203643" lon="16.932227">
      </trkpt>
      <trkpt lat="49.211168" lon="16.928976">
      </trkpt>
      <trkpt lat="49.213413" lon="16.929712">
      </trkpt>
      <trkpt lat="49.222129" lon="16.927585">
      </trkpt>
      <trkpt lat="49.224244" lon="16.928769">
      </trkpt>
      <trkpt lat="49.225854" lon="16.929754">
      </trkpt>
      <trkpt lat="49.226772" lon="16.930407">
      </trkpt>
      <trkpt lat="49.227811" lon="16.931212">
      </trkpt>
      <trkpt lat="49.224409" lon="16.939183">
      </trkpt>
      <trkpt lat="49.220937" lon="16.93823">
      </trkpt>
      <trkpt lat="49.219397" lon="16.94118">
      </trkpt>
      <trkpt lat="49.217062" lon="16.94368">
      </trkpt>
      <trkpt lat="49.214736" lon="16.94617">
      </trkpt>
      <trkpt lat="49.21427" lon="16.946714">
      </trkpt>
      <trkpt lat="49.21405" lon="16.949924">
      </trkpt>
      <trkpt lat="49.214387" lon="16.950049">
      </trkpt>
      <trkpt lat="49.215485" lon="16.950079">
      </trkpt>
      <trkpt lat="49.216329" lon="16.949667">
      </trkpt>
      <trkpt lat="49.222906" lon="16.949756">
      </trkpt>
      <trkpt lat="49.225315" lon="16.951995">
      </trkpt>
      <trkpt lat="49.226181" lon="16.953428">
      </trkpt>
      <trkpt lat="49.227346" lon="16.955209">
      </trkpt>
      <trkpt lat="49.227866" lon="16.956335">
      </trkpt>
      <trkpt lat="49.228407" lon="16.963103">
      </trkpt>
      <trkpt lat="49.227272" lon="16.964942">
      </trkpt>
      <trkpt lat="49.224515" lon="16.967188">
      </trkpt>
      <trkpt lat="49.216641" lon="16.964734">
      </trkpt>
      <trkpt lat="49.213574" lon="16.96391">
      </trkpt>
      <trkpt lat="49.212843" lon="16.964321">
      </trkpt>
      <trkpt lat="49.212613" lon="16.964478">
      </trkpt>
      <trkpt lat="49.212385" lon="16.964634">
      </trkpt>
      <trkpt lat="49.209499" lon="16.972237">
      </trkpt>
      <trkpt lat="49.206872" lon="16.97357">
      </trkpt>
      <trkpt lat="49.206164" lon="16.974006">
      </trkpt>
      <trkpt lat="49.205371" lon="16.97473">
      </trkpt>
      <trkpt lat="49.205021" lon="16.981781">
      </trkpt>
      <trkpt lat="49.205116" lon="16.982549">
      </trkpt>
      <trkpt lat="49.207637" lon="16.984191">
      </trkpt>
      <trkpt lat="49.21023" lon="16.984923">
      </trkpt>
      <trkpt lat="49.21287" lon="16.985669">
      </trkpt>
      <trkpt lat="49.21563" lon="16.986417">
      </trkpt>
      <trkpt lat="49.215914" lon="16.986492">
      </trkpt>
      <trkpt lat="49.223259" lon="16.990908">
      </trkpt>
      <trkpt lat="49.222605" lon="16.99283">
      </trkpt>
      <trkpt lat="49.215707" lon="16.997676">
      </trkpt>
      <trkpt lat="49.214062" lon="16.996985">
      </trkpt>
      <trkpt lat="49.212216" lon="16.997741">
      </trkpt>
      <trkpt lat="49.207256" lon="16.998566">
      </trkpt>
      <trkpt lat="49.206209" lon="17.00006">
      </trkpt>
      <trkpt lat="49.205688" lon="17.001807">
      </trkpt>
      <trkpt lat="49.207417" lon="17.002812">
      </trkpt>
      <trkpt lat="49.209185" lon="17.011133">
      </trkpt>
      <trkpt lat="49.209014" lon="17.01199">
      </trkpt>
      <trkpt lat="49.208934" lon="17.012406">
      </trkpt>
      <trkpt lat="49.208803" lon="17.013371">
      </trkpt>
      <trkpt lat="49.204026" lon="17.020381">
      </trkpt>
      <trkpt lat="49.196552" lon="17.017688">
      </trkpt>
      <trkpt lat="49.194257" lon="17.015473">
      </trkpt>
      <trkpt lat="49.193968" lon="17.015118">
      </trkpt>
      <trkpt lat="49.193541" lon="17.014515">
      </trkpt>
      <trkpt lat="49.192602" lon="17.013589">
      </trkpt>
      <trkpt lat="49.187958" lon="17.010293">
      </trkpt>
      <trkpt lat="49.187433" lon="17.009775">
      </trkpt>
      <trkpt lat="49.186638" lon="17.009205">
      </trkpt>
      <trkpt lat="49.185316" lon="17.00833">
      </trkpt>
      <trkpt lat="49.181187" lon="17.004725">
      </trkpt>
      <trkpt lat="49.180245" lon="17.003662">
      </trkpt>
      <trkpt lat="49.179578" lon="17.003025">
      </trkpt>
      <trkpt lat="49.178754" lon="17.00244">
      </trkpt>
      <trkpt lat="49.178049" lon="17.002138">
      </trkpt>
      <trkpt lat="49.177428" lon="17.001972">
      </trkpt>
      <trkpt lat="49.176492" lon="17.001803">
      </trkpt>
      <trkpt lat="49.175168" lon="17.001795">
      </trkpt>
      <trkpt lat="49.174089" lon="17.002179">
      </trkpt>
      <trkpt lat="49.165226" lon="17.003485">
      </trkpt>
      <trkpt lat="49.164381" lon="17.003317">
      </trkpt>
      <trkpt lat="49.15725" lon="16.999961">
      </trkpt>
      <trkpt lat="49.153698" lon="17.000547">
      </trkpt>
      <trkpt lat="49.150991" lon="17.006104">
      </trkpt>
      <trkpt lat="49.149272" lon="17.012151">
      </trkpt>
      <trkpt lat="49.149549" lon="17.013316">
      </trkpt>
      <trkpt lat="49.149818" lon="17.013941">
      </trkpt>
      <trkpt lat="49.151217" lon="17.016754">
      </trkpt>
      <trkpt lat="49.152461" lon="17.019731">
      </trkpt>
      <trkpt lat="49.153967" lon="17.024333">
      </trkpt>
      <trkpt lat="49.157528" lon="17.0238">
      </trkpt>
      <trkpt lat="49.157616" lon="17.022482">
      </trkpt>
      <trkpt lat="49.157327" lon="17.017837">
      </trkpt>
      <trkpt lat="49.157477" lon="17.017093">
      </trkpt>
      <trkpt lat="49.157428" lon="17.015269">
      </trkpt>
      <trkpt lat="49.157682" lon="17.01368">
      </trkpt>
      <trkpt lat="49.158202" lon="17.010933">
      </trkpt>
      <trkpt lat="49.167124" lon="17.010429">
      </trkpt>
      <trkpt lat="49.167371" lon="17.013232">
      </trkpt>
      <trkpt lat="49.167612" lon="17.015885">
      </trkpt>
      <trkpt lat="49.167622" lon="17.016632">
      </trkpt>
      <trkpt lat="49.167588" lon="17.017142">
      </trkpt>
      <trkpt lat="49.167435" lon="17.018105">
      </trkpt>
      <trkpt lat="49.167375" lon="17.018656">
      </trkpt>
      <trkpt lat="49.167614" lon="17.023413">
      </trkpt>
      <trkpt lat="49.168617" lon="17.026134">
      </trkpt>
      <trkpt lat="49.170125" lon="17.031498">
      </trkpt>
      <trkpt lat="49.170414" lon="17.032756">
      </trkpt>
      <trkpt lat="49.170538" lon="17.033149">
      </trkpt>
      <trkpt lat="49.172566" lon="17.033397">
      </trkpt>
      <trkpt lat="49.17419" lon="17.032934">
      </trkpt>
      <trkpt lat="49.176086" lon="17.032642">
      </trkpt>
      <trkpt lat="49.176135" lon="17.031912">
      </trkpt>
      <trkpt lat="49.176197" lon="17.031235">
      </trkpt>
      <trkpt lat="49.17929" lon="17.023229">
      </trkpt>
      <trkpt lat="49.184199" lon="17.022426">
      </trkpt>
      <trkpt lat="49.187346" lon="17.020407">
      </trkpt>
      <trkpt lat="49.19399" lon="17.020217">
      </trkpt>
      <trkpt lat="49.196153" lon="17.022369">
      </trkpt>
      <trkpt lat="49.197339" lon="17.023331">
      </trkpt>
      <trkpt lat="49.201353" lon="17.029578">
      </trkpt>
      <trkpt lat="49.199947" lon="17.033224">
      </trkpt>
      <trkpt lat="49.196693" lon="17.040739">
      </trkpt>
      <trkpt lat="49.194124" lon="17.043451">
      </trkpt>
      <trkpt lat="49.193356" lon="17.044135">
      </trkpt>
      <trkpt lat="49.191303" lon="17.046046">
      </trkpt>
      <trkpt lat="49.188802" lon="17.04737">
      </trkpt>
      <trkpt lat="49.186043" lon="17.049075">
      </trkpt>
      <trkpt lat="49.185657" lon="17.049245">
      </trkpt>
      <trkpt lat="49.184979" lon="17.049604">
      </trkpt>
      <trkpt lat="49.184556" lon="17.049898">
      </trkpt>
      <trkpt lat="49.18419" lon="17.05022">
      </trkpt>
      <trkpt lat="49.181866" lon="17.052641">
      </trkpt>
      <trkpt lat="49.179788" lon="17.05364">
      </trkpt>
      <trkpt lat="49.177772" lon="17.055132">
      </trkpt>
      <trkpt lat="49.178126" lon="17.056409">
      </trkpt>
      <trkpt lat="49.178558" lon="17.057035">
      </trkpt>
      <trkpt lat="49.17874" lon="17.057142">
      </trkpt>
      <trkpt lat="49.178772" lon="17.057142">
      </trkpt>
      <trkpt lat="49.181318" lon="17.056899">
      </trkpt>
      <trkpt lat="49.183494" lon="17.055878">
      </trkpt>
      <trkpt lat="49.183933" lon="17.055605">
      </trkpt>
      <trkpt lat="49.18429" lon="17.055302">
      </trkpt>
      <trkpt lat="49.188893" lon="17.052065">
      </trkpt>
      <trkpt lat="49.19644" lon="17.055845">
      </trkpt>
      <trkpt lat="49.196965" lon="17.056866">
      </trkpt>
      <trkpt lat="49.197173" lon="17.057356">
      </trkpt>
      <trkpt lat="49.19751" lon="17.057948">
      </trkpt>
      <trkpt lat="49.198071" lon="17.064591">
      </trkpt>
      <trkpt lat="49.197722" lon="17.065895">
      </trkpt>
      <trkpt lat="49.197254" lon="17.067069">
      </trkpt>
      <trkpt lat="49.196963" lon="17.06767">
      </trkpt>
      <trkpt lat="49.196796" lon="17.068119">
      </trkpt>
      <trkpt lat="49.196681" lon="17.068789">
      </trkpt>
      <trkpt lat="49.194842" lon="17.075568">
      </trkpt>
      <trkpt lat="49.19361" lon="17.080144">
      </trkpt>
      <trkpt lat="49.192012" lon="17.084845">
      </trkpt>
      <trkpt lat="49.18589" lon="17.090701">
      </trkpt>
      <trkpt lat="49.182312" lon="17.086635">
      </trkpt>
      <trkpt lat="49.182045" lon="17.086163">
      </trkpt>
      <trkpt lat="49.181788" lon="17.085775">
      </trkpt>
      <trkpt lat="49.179494" lon="17.082564">
      </trkpt>
      <trkpt lat="49.177049" lon="17.07917">
      </trkpt>
      <trkpt lat="49.176692" lon="17.078825">
      </trkpt>
      <trkpt lat="49.176311" lon="17.078555">
      </trkpt>
      <trkpt lat="49.17205" lon="17.073982">
      </trkpt>
      <trkpt lat="49.171701" lon="17.073375">
      </trkpt>
      <trkpt lat="49.170595" lon="17.071858">
      </trkpt>
      <trkpt lat="49.166681" lon="17.064311">
      </trkpt>
      <trkpt lat="49.166809" lon="17.063491">
      </trkpt>
      <trkpt lat="49.167253" lon="17.061458">
      </trkpt>
      <trkpt lat="49.16755" lon="17.059692">
      </trkpt>
      <trkpt lat="49.167962" lon="17.057863">
      </trkpt>
      <trkpt lat="49.168115" lon="17.057015">
      </trkpt>
      <trkpt lat="49.168517" lon="17.055028">
      </trkpt>
      <trkpt lat="49.168932" lon="17.053126">
      </trkpt>
      <trkpt lat="49.169032" lon="17.052054">
      </trkpt>
      <trkpt lat="49.168939" lon="17.051284">
      </trkpt>
      <trkpt lat="49.169778" lon="17.048091">
      </trkpt>
      <trkpt lat="49.167176" lon="17.045604">
      </trkpt>
      <trkpt lat="49.165819" lon="17.047023">
      </trkpt>
      <trkpt lat="49.165305" lon="17.047648">
      </trkpt>
      <trkpt lat="49.164878" lon="17.04876">
      </trkpt>
      <trkpt lat="49.164889" lon="17.049477">
      </trkpt>
      <trkpt lat="49.165006" lon="17.054134">
      </trkpt>
      <trkpt lat="49.164938" lon="17.054637">
      </trkpt>
      <trkpt lat="49.164589" lon="17.056287">
      </trkpt>
      <trkpt lat="49.157011" lon="17.059974">
      </trkpt>
      <trkpt lat="49.155625" lon="17.059804">
      </trkpt>
      <trkpt lat="49.153411" lon="17.059986">
      </trkpt>
      <trkpt lat="49.148172" lon="17.05979">
      </trkpt>
      <trkpt lat="49.144633" lon="17.060447">
      </trkpt>
      <trkpt lat="49.145192" lon="17.06346">
      </trkpt>
      <trkpt lat="49.145179" lon="17.071905">
      </trkpt>
      <trkpt lat="49.144593" lon="17.07513">
      </trkpt>
      <trkpt lat="49.144002" lon="17.079263">
      </trkpt>
      <trkpt lat="49.144027" lon="17.08149">
      </trkpt>
      <trkpt lat="49.144189" lon="17.087247">
      </trkpt>
      <trkpt lat="49.138454" lon="17.09011">
      </trkpt>
      <trkpt lat="49.135558" lon="17.092249">
      </trkpt>
      <trkpt lat="49.136782" lon="17.093906">
      </trkpt>
      <trkpt lat="49.138079" lon="17.095931">
      </trkpt>
      <trkpt lat="49.138512" lon="17.097192">
      </trkpt>
      <trkpt lat="49.133398" lon="17.103911">
      </trkpt>
      <trkpt lat="49.132972" lon="17.104035">
      </trkpt>
      <trkpt lat="49.132335" lon="17.1044">
      </trkpt>
      <trkpt lat="49.130616" lon="17.105766">
      </trkpt>
      <trkpt lat="49.131079" lon="17.107867">
      </trkpt>
      <trkpt lat="49.137292" lon="17.10875">
      </trkpt>
      <trkpt lat="49.1397" lon="17.111262">
      </trkpt>
      <trkpt lat="49.147354" lon="17.115909">
      </trkpt>
      <trkpt lat="49.148361" lon="17.120976">
      </trkpt>
      <trkpt lat="49.148349" lon="17.12115">
      </trkpt>
      <trkpt lat="49.148368" lon="17.121332">
      </trkpt>
      <trkpt lat="49.148443" lon="17.123147">
      </trkpt>
      <trkpt lat="49.149358" lon="17.126362">
      </trkpt>
      <trkpt lat="49.150128" lon="17.131938">
      </trkpt>
      <trkpt lat="49.150453" lon="17.133092">
      </trkpt>
      <trkpt lat="49.146911" lon="17.140966">
      </trkpt>
      <trkpt lat="49.14654" lon="17.141171">
      </trkpt>
      <trkpt lat="49.144552" lon="17.142688">
      </trkpt>
      <trkpt lat="49.144499" lon="17.143345">
      </trkpt>
      <trkpt lat="49.143421" lon="17.148143">
      </trkpt>
      <trkpt lat="49.14248" lon="17.15044">
      </trkpt>
      <trkpt lat="49.141195" lon="17.153146">
      </trkpt>
      <trkpt lat="49.144447" lon="17.15469">
      </trkpt>
      <trkpt lat="49.149491" lon="17.156079">
      </trkpt>
      <trkpt lat="49.152999" lon="17.15689">
      </trkpt>
      <trkpt lat="49.157215" lon="17.163451">
      </trkpt>
      <trkpt lat="49.157297" lon="17.164032">
      </trkpt>
      <trkpt lat="49.15689" lon="17.170363">
      </trkpt>
      <trkpt lat="49.15648" lon="17.172144">
      </trkpt>
      <trkpt lat="49.151483" lon="17.178946">
      </trkpt>
      <trkpt lat="49.149367" lon="17.180477">
      </trkpt>
      <trkpt lat="49.148279" lon="17.181747">
      </trkpt>
      <trkpt lat="49.149878" lon="17.184973">
      </trkpt>
      <trkpt lat="49.15522" lon="17.191535">
      </trkpt>
      <trkpt lat="49.15522" lon="17.192661">
      </trkpt>
      <trkpt lat="49.155252" lon="17.193468">
      </trkpt>
      <trkpt lat="49.155337" lon="17.194514">
      </trkpt>
      <trkpt lat="49.155449" lon="17.195732">
      </trkpt>
      <trkpt lat="49.155516" lon="17.196933">
      </trkpt>
      <trkpt lat="49.155526" lon="17.197583">
      </trkpt>
      <trkpt lat="49.155495" lon="17.198527">
      </trkpt>
      <trkpt lat="49.155437" lon="17.199231">
      </trkpt>
      <trkpt lat="49.155358" lon="17.199961">
      </trkpt>
      <trkpt lat="49.154911" lon="17.203254">
      </trkpt>
      <trkpt lat="49.154458" lon="17.206599">
      </trkpt>
      <trkpt lat="49.154974" lon="17.207958">
      </trkpt>
      <trkpt lat="49.153381" lon="17.214551">
      </trkpt>
      <trkpt lat="49.144948" lon="17.212442">
      </trkpt>
      <trkpt lat="49.144451" lon="17.20694">
      </trkpt>
      <trkpt lat="49.143388" lon="17.205967">
      </trkpt>
      <trkpt lat="49.140729" lon="17.203274">
      </trkpt>
      <trkpt lat="49.140425" lon="17.20288">
      </trkpt>
      <trkpt lat="49.137938" lon="17.199135">
      </trkpt>
      <trkpt lat="49.13693" lon="17.195316">
      </trkpt>
      <trkpt lat="49.136801" lon="17.194221">
      </trkpt>
      <trkpt lat="49.136893" lon="17.190692">
      </trkpt>
      <trkpt lat="49.132388" lon="17.183533">
      </trkpt>
      <trkpt lat="49.132047" lon="17.181027">
      </trkpt>
      <trkpt lat="49.131869" lon="17.18028">
      </trkpt>
      <trkpt lat="49.131735" lon="17.179918">
      </trkpt>
      <trkpt lat="49.131562" lon="17.179545">
      </trkpt>
      <trkpt lat="49.131336" lon="17.179157">
      </trkpt>
      <trkpt lat="49.131303" lon="17.170542">
      </trkpt>
      <trkpt lat="49.132888" lon="17.16731">
      </trkpt>
      <trkpt lat="49.132167" lon="17.166956">
      </trkpt>
      <trkpt lat="49.131813" lon="17.166767">
      </trkpt>
      <trkpt lat="49.130114" lon="17.166023">
      </trkpt>
      <trkpt lat="49.12611" lon="17.159702">
      </trkpt>
      <trkpt lat="49.122756" lon="17.153511">
      </trkpt>
      <trkpt lat="49.119163" lon="17.153743">
      </trkpt>
      <trkpt lat="49.114861" lon="17.151602">
      </trkpt>
      <trkpt lat="49.111732" lon="17.144155">
      </trkpt>
      <trkpt lat="49.118145" lon="17.139357">
      </trkpt>
      <trkpt lat="49.122113" lon="17.135331">
      </trkpt>
      <trkpt lat="49.12264" lon="17.135031">
      </trkpt>
      <trkpt lat="49.123498" lon="17.134576">
      </trkpt>
      <trkpt lat="49.123884" lon="17.134297">
      </trkpt>
      <trkpt lat="49.12471" lon="17.133563">
      </trkpt>
      <trkpt lat="49.12515" lon="17.133009">
      </trkpt>
      <trkpt lat="49.125482" lon="17.132473">
      </trkpt>
      <trkpt lat="49.126482" lon="17.130602">
      </trkpt>
      <trkpt lat="49.127456" lon="17.128781">
      </trkpt>
      <trkpt lat="49.125152" lon="17.126005">
      </trkpt>
      <trkpt lat="49.125016" lon="17.126116">
      </trkpt>
      <trkpt lat="49.124556" lon="17.126647">
      </trkpt>
      <trkpt lat="49.11594" lon="17.125324">
      </trkpt>
      <trkpt lat="49.115123" lon="17.124936">
      </trkpt>
      <trkpt lat="49.114944" lon="17.1249">
      </trkpt>
      <trkpt lat="49.113308" lon="17.128163">
      </trkpt>
      <trkpt lat="49.107847" lon="17.130715">
      </trkpt>
      <trkpt lat="49.104249" lon="17.130821">
      </trkpt>
      <trkpt lat="49.096098" lon="17.129144">
      </trkpt>
      <trkpt lat="49.094511" lon="17.127451">
      </trkpt>
      <trkpt lat="49.092119" lon="17.12317">
      </trkpt>
      <trkpt lat="49.091865" lon="17.122282">
      </trkpt>
      <trkpt lat="49.09141" lon="17.121142">
      </trkpt>
      <trkpt lat="49.090737" lon="17.120245">
      </trkpt>
      <trkpt lat="49.089866" lon="17.119564">
      </trkpt>
      <trkpt lat="49.087649" lon="17.1224">
      </trkpt>
      <trkpt lat="49.088651" lon="17.124135">
      </trkpt>
      <trkpt lat="49.089307" lon="17.131623">
      </trkpt>
      <trkpt lat="49.090237" lon="17.134727">
      </trkpt>
      <trkpt lat="49.09238" lon="17.137666">
      </trkpt>
      <trkpt lat="49.096368" lon="17.141461">
      </trkpt>
      <trkpt lat="49.096401" lon="17.141506">
      </trkpt>
      <trkpt lat="49.096971" lon="17.142059">
      </trkpt>
      <trkpt lat="49.09825" lon="17.143607">
      </trkpt>
      <trkpt lat="49.094282" lon="17.151495">
      </trkpt>
      <trkpt lat="49.091084" lon="17.153149">
      </trkpt>
      <trkpt lat="49.092185" lon="17.155276">
      </trkpt>
      <trkpt lat="49.092692" lon="17.156417">
      </trkpt>
      <trkpt lat="49.09311" lon="17.157208">
      </trkpt>
      <trkpt lat="49.093914" lon="17.158264">
      </trkpt>
      <trkpt lat="49.094356" lon="17.158752">
      </trkpt>
      <trkpt lat="49.095088" lon="17.159246">
      </trkpt>
      <trkpt lat="49.099996" lon="17.162808">
      </trkpt>
      <trkpt lat="49.098277" lon="17.170756">
      </trkpt>
      <trkpt lat="49.096203" lon="17.172991">
      </trkpt>
      <trkpt lat="49.095668" lon="17.173676">
      </trkpt>
      <trkpt lat="49.09369" lon="17.175971">
      </trkpt>
      <trkpt lat="49.092498" lon="17.177113">
      </trkpt>
      <trkpt lat="49.091182" lon="17.178342">
      </trkpt>
      <trkpt lat="49.090626" lon="17.17933">
      </trkpt>
      <trkpt lat="49.090434" lon="17.180379">
      </trkpt>
      <trkpt lat="49.085747" lon="17.187997">
      </trkpt>
      <trkpt lat="49.082257" lon="17.188881">
      </trkpt>
      <trkpt lat="49.081703" lon="17.192971">
      </trkpt>
      <trkpt lat="49.077552" lon="17.198068">
      </trkpt>
      <trkpt lat="49.074961" lon="17.200568">
      </trkpt>
      <trkpt lat="49.069616" lon="17.200466">
      </trkpt>
      <trkpt lat="49.067709" lon="17.193758">
      </trkpt>
      <trkpt lat="49.069807" lon="17.190832">
      </trkpt>
      <trkpt lat="49.073821" lon="17.183461">
      </trkpt>
      <trkpt lat="49.073867" lon="17.179861">
      </trkpt>
      <trkpt lat="49.070653" lon="17.173832">
      </trkpt>
      <trkpt lat="49.070533" lon="17.173224">
      </trkpt>
      <trkpt lat="49.070503" lon="17.173145">
      </trkpt>
      <trkpt lat="49.069554" lon="17.172359">
      </trkpt>
      <trkpt lat="49.066746" lon="17.171284">
      </trkpt>
      <trkpt lat="49.059774" lon="17.165697">
      </trkpt>
      <trkpt lat="49.059495" lon="17.164753">
      </trkpt>
      <trkpt lat="49.05942" lon="17.164443">
      </trkpt>
      <trkpt lat="49.057504" lon="17.163227">
      </trkpt>
      <trkpt lat="49.053681" lon="17.16138">
      </trkpt>
      <trkpt lat="49.048526" lon="17.154974">
      </trkpt>
      <trkpt lat="49.046252" lon="17.153612">
      </trkpt>
      <trkpt lat="49.045828" lon="17.153879">
      </trkpt>
      <trkpt lat="49.045817" lon="17.153886">
      </trkpt>
      <trkpt lat="49.045442" lon="17.154119">
      </trkpt>
      <trkpt lat="49.044991" lon="17.155658">
      </trkpt>
      <trkpt lat="49.045049" lon="17.156292">
      </trkpt>
      <trkpt lat="49.045135" lon="17.158361">
      </trkpt>
      <trkpt lat="49.045311" lon="17.160854">
      </trkpt>
      <trkpt lat="49.03676" lon="17.163107">
      </trkpt>
      <trkpt lat="49.02955" lon="17.160233">
      </trkpt>
      <trkpt lat="49.031586" lon="17.154367">
      </trkpt>
      <trkpt lat="49.034816" lon="17.151474">
      </trkpt>
      <trkpt lat="49.036861" lon="17.149917">
      </trkpt>
      <trkpt lat="49.037615" lon="17.14921">
      </trkpt>
      <trkpt lat="49.036062" lon="17.146406">
      </trkpt>
      <trkpt lat="49.034537" lon="17.146431">
      </trkpt>
      <trkpt lat="49.033376" lon="17.146471">
      </trkpt>
      <trkpt lat="49.032385" lon="17.147007">
      </trkpt>
      <trkpt lat="49.024794" lon="17.142612">
      </trkpt>
      <trkpt lat="49.025101" lon="17.140339">
      </trkpt>
      <trkpt lat="49.02499" lon="17.139802">
      </trkpt>
      <trkpt lat="49.024866" lon="17.139013">
      </trkpt>
      <trkpt lat="49.023649" lon="17.132763">
      </trkpt>
      <trkpt lat="49.023647" lon="17.132135">
      </trkpt>
      <trkpt lat="49.023618" lon="17.131682">
      </trkpt>
      <trkpt lat="49.023247" lon="17.123621">
      </trkpt>
      <trkpt lat="49.023237" lon="17.123506">
      </trkpt>
      <trkpt lat="49.02014" lon="17.119854">
      </trkpt>
      <trkpt lat="49.019395" lon="17.111336">
      </trkpt>
      <trkpt lat="49.022445" lon="17.110493">
      </trkpt>
      <trkpt lat="49.023502" lon="17.110176">
      </trkpt>
      <trkpt lat="49.022467" lon="17.106728">
      </trkpt>
      <trkpt lat="49.018535" lon="17.106519">
      </trkpt>
      <trkpt lat="49.018121" lon="17.106475">
      </trkpt>
      <trkpt lat="49.016313" lon="17.109187">
      </trkpt>
      <trkpt lat="49.008333" lon="17.108226">
      </trkpt>
      <trkpt lat="49.007456" lon="17.103438">
      </trkpt>
      <trkpt lat="49.007505" lon="17.103022">
      </trkpt>
      <trkpt lat="49.007564" lon="17.102055">
      </trkpt>
      <trkpt lat="49.007582" lon="17.101197">
      </trkpt>
      <trkpt lat="49.007617" lon="17.100624">
      </trkpt>
      <trkpt lat="49.009874" lon="17.092966">
      </trkpt>
      <trkpt lat="49.011906" lon="17.090877">
      </trkpt>
      <trkpt lat="49.012252" lon="17.090292">
      </trkpt>
      <trkpt lat="49.012401" lon="17.089895">
      </trkpt>
      <trkpt lat="49.012481" lon="17.089612">
      </trkpt>
      <trkpt lat="49.00691" lon="17.0845">
      </trkpt>
      <trkpt lat="49.003446" lon="17.08352">
      </trkpt>
      <trkpt lat="49.002958" lon="17.085247">
      </trkpt>
      <trkpt lat="49.002771" lon="17.086244">
      </trkpt>
      <trkpt lat="49.002696" lon="17.086857">
      </trkpt>
      <trkpt lat="49.002672" lon="17.08724">
      </trkpt>
      <trkpt lat="49.002717" lon="17.088307">
      </trkpt>
      <trkpt lat="49.002755" lon="17.088929">
      </trkpt>
      <trkpt lat="49.002843" lon="17.089694">
      </trkpt>
      <trkpt lat="49.002858" lon="17.092515">
      </trkpt>
      <trkpt lat="49.003639" lon="17.095154">
      </trkpt>
      <trkpt lat="49.003553" lon="17.097401">
      </trkpt>
      <trkpt lat="48.995431" lon="17.10081">
      </trkpt>
      <trkpt lat="48.994522" lon="17.100859">
      </trkpt>
      <trkpt lat="48.992345" lon="17.102385">
      </trkpt>
      <trkpt lat="48.992295" lon="17.102982">
      </trkpt>
      <trkpt lat="48.993113" lon="17.104172">
      </trkpt>
      <trkpt lat="48.993116" lon="17.104173">
      </trkpt>
      <trkpt lat="48.995216" lon="17.104403">
      </trkpt>
      <trkpt lat="48.999105" lon="17.107006">
      </trkpt>
      <trkpt lat="48.999802" lon="17.115253">
      </trkpt>
      <trkpt lat="48.996022" lon="17.11994">
      </trkpt>
      <trkpt lat="48.990248" lon="17.117434">
      </trkpt>
      <trkpt lat="48.989638" lon="17.116822">
      </trkpt>
      <trkpt lat="48.989061" lon="17.116138">
      </trkpt>
      <trkpt lat="48.987664" lon="17.11435">
      </trkpt>
      <trkpt lat="48.985679" lon="17.111934">
      </trkpt>
      <trkpt lat="48.982898" lon="17.114219">
      </trkpt>
      <trkpt lat="48.984882" lon="17.116635">
      </trkpt>
      <trkpt lat="48.986223" lon="17.118353">
      </trkpt>
      <trkpt lat="48.986885" lon="17.119141">
      </trkpt>
      <trkpt lat="48.983643" lon="17.127147">
      </trkpt>
      <trkpt lat="48.982964" lon="17.127407">
      </trkpt>
      <trkpt lat="48.980027" lon="17.128795">
      </trkpt>
      <trkpt lat="48.979134" lon="17.12902">
      </trkpt>
      <trkpt lat="48.97654" lon="17.129675">
      </trkpt>
      <trkpt lat="48.975179" lon="17.129888">
      </trkpt>
      <trkpt lat="48.973805" lon="17.130073">
      </trkpt>
      <trkpt lat="48.968788" lon="17.129822">
      </trkpt>
      <trkpt lat="48.968922" lon="17.130649">
      </trkpt>
      <trkpt lat="48.968961" lon="17.13089">
      </trkpt>
      <trkpt lat="48.969057" lon="17.131477">
      </trkpt>
      <trkpt lat="48.969067" lon="17.13154">
      </trkpt>
      <trkpt lat="48.961923" lon="17.13697">
      </trkpt>
      <trkpt lat="48.959114" lon="17.131068">
      </trkpt>
      <trkpt lat="48.959367" lon="17.129929">
      </trkpt>
      <trkpt lat="48.959241" lon="17.129348">
      </trkpt>
      <trkpt lat="48.958825" lon="17.128278">
      </trkpt>
      <trkpt lat="48.957226" lon="17.122741">
      </trkpt>
      <trkpt lat="48.953875" lon="17.118975">
      </trkpt>
      <trkpt lat="48.9504" lon="17.119912">
      </trkpt>
      <trkpt lat="48.950928" lon="17.121871">
      </trkpt>
      <trkpt lat="48.94663" lon="17.12959">
      </trkpt>
      <trkpt lat="48.945226" lon="17.132905">
      </trkpt>
      <trkpt lat="48.943888" lon="17.136013">
      </trkpt>
      <trkpt lat="48.944355" lon="17.139583">
      </trkpt>
      <trkpt lat="48.947007" lon="17.145896">
      </trkpt>
      <trkpt lat="48.949031" lon="17.148873">
      </trkpt>
      <trkpt lat="48.952518" lon="17.15168">
      </trkpt>
      <trkpt lat="48.949887" lon="17.159337">
      </trkpt>
      <trkpt lat="48.949042" lon="17.16092">
      </trkpt>
      <trkpt lat="48.947527" lon="17.164439">
      </trkpt>
      <trkpt lat="48.939081" lon="17.163187">
      </trkpt>
      <trkpt lat="48.938638" lon="17.161348">
      </trkpt>
      <trkpt lat="48.93842" lon="17.160234">
      </trkpt>
      <trkpt lat="48.939528" lon="17.155404">
      </trkpt>
      <trkpt lat="48.937532" lon="17.152408">
      </trkpt>
      <trkpt lat="48.932679" lon="17.152486">
      </trkpt>
      <trkpt lat="48.931959" lon="17.1526">
      </trkpt>
      <trkpt lat="48.923253" lon="17.151433">
      </trkpt>
      <trkpt lat="48.919663" lon="17.151705">
      </trkpt>
      <trkpt lat="48.919813" lon="17.153686">
      </trkpt>
      <trkpt lat="48.916168" lon="17.16057">
      </trkpt>
      <trkpt lat="48.916165" lon="17.160626">
      </trkpt>
      <trkpt lat="48.917118" lon="17.162895">
      </trkpt>
      <trkpt lat="48.918131" lon="17.165818">
      </trkpt>
      <trkpt lat="48.918602" lon="17.173015">
      </trkpt>
      <trkpt lat="48.918601" lon="17.173037">
      </trkpt>
      <trkpt lat="48.919387" lon="17.175534">
      </trkpt>
      <trkpt lat="48.91969" lon="17.175673">
      </trkpt>
      <trkpt lat="48.919776" lon="17.175692">
      </trkpt>
      <trkpt lat="48.92135" lon="17.175341">
      </trkpt>
      <trkpt lat="48.922901" lon="17.174753">
      </trkpt>
      <trkpt lat="48.924431" lon="17.174007">
      </trkpt>
      <trkpt lat="48.931832" lon="17.173176">
      </trkpt>
      <trkpt lat="48.933019" lon="17.179491">
      </trkpt>
      <trkpt lat="48.932749" lon="17.179957">
      </trkpt>
      <trkpt lat="48.937976" lon="17.185162">
      </trkpt>
      <trkpt lat="48.940684" lon="17.193344">
      </trkpt>
      <trkpt lat="48.940643" lon="17.194221">
      </trkpt>
      <trkpt lat="48.940987" lon="17.200294">
      </trkpt>
      <trkpt lat="48.94245" lon="17.20616">
      </trkpt>
      <trkpt lat="48.941446" lon="17.214874">
      </trkpt>
      <trkpt lat="48.938445" lon="17.223311">
      </trkpt>
      <trkpt lat="48.933659" lon="17.224404">
      </trkpt>
      <trkpt lat="48.931051" lon="17.224904">
      </trkpt>
      <trkpt lat="48.929316" lon="17.228406">
      </trkpt>
      <trkpt lat="48.923082" lon="17.231672">
      </trkpt>
      <trkpt lat="48.921476" lon="17.234894">
      </trkpt>
      <trkpt lat="48.913169" lon="17.235881">
      </trkpt>
      <trkpt lat="48.909894" lon="17.237375">
      </trkpt>
      <trkpt lat="48.909279" lon="17.239443">
      </trkpt>
      <trkpt lat="48.909681" lon="17.240601">
      </trkpt>
      <trkpt lat="48.909979" lon="17.244166">
      </trkpt>
      <trkpt lat="48.907842" lon="17.249413">
      </trkpt>
      <trkpt lat="48.907258" lon="17.250022">
      </trkpt>
      <trkpt lat="48.906426" lon="17.253289">
      </trkpt>
      <trkpt lat="48.898253" lon="17.251807">
      </trkpt>
      <trkpt lat="48.898127" lon="17.251188">
      </trkpt>
      <trkpt lat="48.897986" lon="17.250815">
      </trkpt>
      <trkpt lat="48.896912" lon="17.248527">
      </trkpt>
      <trkpt lat="48.896035" lon="17.24642">
      </trkpt>
      <trkpt lat="48.894947" lon="17.24394">
      </trkpt>
      <trkpt lat="48.892959" lon="17.239601">
      </trkpt>
      <trkpt lat="48.891391" lon="17.235927">
      </trkpt>
      <trkpt lat="48.89127" lon="17.235387">
      </trkpt>
      <trkpt lat="48.891109" lon="17.234835">
      </trkpt>
      <trkpt lat="48.890713" lon="17.232533">
      </trkpt>
      <trkpt lat="48.887165" lon="17.233143">
      </trkpt>
      <trkpt lat="48.88169" lon="17.227977">
      </trkpt>
      <trkpt lat="48.882511" lon="17.225285">
      </trkpt>
      <trkpt lat="48.88554" lon="17.222861">
      </trkpt>
      <trkpt lat="48.885331" lon="17.216031">
      </trkpt>
      <trkpt lat="48.881886" lon="17.214984">
      </trkpt>
      <trkpt lat="48.879665" lon="17.216523">
      </trkpt>
      <trkpt lat="48.879538" lon="17.217116">
      </trkpt>
      <trkpt lat="48.879486" lon="17.217943">
      </trkpt>
      <trkpt lat="48.879796" lon="17.22185">
      </trkpt>
      <trkpt lat="48.875636" lon="17.227968">
      </trkpt>
      <trkpt lat="48.874292" lon="17.22921">
      </trkpt>
      <trkpt lat="48.869269" lon="17.23499">
      </trkpt>
      <trkpt lat="48.863854" lon="17.232509">
      </trkpt>
      <trkpt lat="48.860657" lon="17.234166">
      </trkpt>
      <trkpt lat="48.854095" lon="17.233017">
      </trkpt>
      <trkpt lat="48.848831" lon="17.235646">
      </trkpt>
      <trkpt lat="48.847674" lon="17.237108">
      </trkpt>
      <trkpt lat="48.84799" lon="17.238726">
      </trkpt>
      <trkpt lat="48.849185" lon="17.245456">
      </trkpt>
      <trkpt lat="48.848872" lon="17.247862">
      </trkpt>
      <trkpt lat="48.852442" lon="17.248326">
      </trkpt>
      <trkpt lat="48.85975" lon="17.251183">
      </trkpt>
      <trkpt lat="48.859677" lon="17.255564">
      </trkpt>
      <trkpt lat="48.858948" lon="17.258005">
      </trkpt>
      <trkpt lat="48.85882" lon="17.258704">
      </trkpt>
      <trkpt lat="48.85926" lon="17.265167">
      </trkpt>
      <trkpt lat="48.859904" lon="17.265929">
      </trkpt>
      <trkpt lat="48.862083" lon="17.273793">
      </trkpt>
      <trkpt lat="48.861053" lon="17.282138">
      </trkpt>
      <trkpt lat="48.859938" lon="17.283484">
      </trkpt>
      <trkpt lat="48.859232" lon="17.284308">
      </trkpt>
      <trkpt lat="48.858298" lon="17.285479">
      </trkpt>
      <trkpt lat="48.861039" lon="17.287813">
      </trkpt>
      <trkpt lat="48.863752" lon="17.296226">
      </trkpt>
      <trkpt lat="48.864854" lon="17.297188">
      </trkpt>
      <trkpt lat="48.867083" lon="17.299427">
      </trkpt>
      <trkpt lat="48.869673" lon="17.301938">
      </trkpt>
      <trkpt lat="48.871336" lon="17.303486">
      </trkpt>
      <trkpt lat="48.872246" lon="17.304984">
      </trkpt>
      <trkpt lat="48.872824" lon="17.306733">
      </trkpt>
      <trkpt lat="48.867041" lon="17.313465">
      </trkpt>
      <trkpt lat="48.862795" lon="17.311163">
      </trkpt>
      <trkpt lat="48.861473" lon="17.309634">
      </trkpt>
      <trkpt lat="48.860954" lon="17.309087">
      </trkpt>
      <trkpt lat="48.860527" lon="17.308609">
      </trkpt>
      <trkpt lat="48.858062" lon="17.30572">
      </trkpt>
      <trkpt lat="48.857731" lon="17.305394">
      </trkpt>
      <trkpt lat="48.857257" lon="17.305017">
      </trkpt>
      <trkpt lat="48.856711" lon="17.304668">
      </trkpt>
      <trkpt lat="48.854606" lon="17.302352">
      </trkpt>
      <trkpt lat="48.8533" lon="17.300674">
      </trkpt>
      <trkpt lat="48.852866" lon="17.299992">
      </trkpt>
      <trkpt lat="48.85062" lon="17.300264">
      </trkpt>
      <trkpt lat="48.850194" lon="17.300623">
      </trkpt>
      <trkpt lat="48.849828" lon="17.301924">
      </trkpt>
      <trkpt lat="48.850342" lon="17.302851">
      </trkpt>
      <trkpt lat="48.850669" lon="17.303407">
      </trkpt>
      <trkpt lat="48.850959" lon="17.303798">
      </trkpt>
      <trkpt lat="48.852092" lon="17.304929">
      </trkpt>
      <trkpt lat="48.853765" lon="17.306904">
      </trkpt>
      <trkpt lat="48.853343" lon="17.315613">
      </trkpt>
      <trkpt lat="48.852647" lon="17.316514">
      </trkpt>
      <trkpt lat="48.853007" lon="17.319865">
      </trkpt>
      <trkpt lat="48.854215" lon="17.326063">
      </trkpt>
      <trkpt lat="48.85117" lon="17.333089">
      </trkpt>
      <trkpt lat="48.850546" lon="17.336634">
      </trkpt>
      <trkpt lat="48.850393" lon="17.344675">
      </trkpt>
      <trkpt lat="48.849892" lon="17.345796">
      </trkpt>
      <trkpt lat="48.849261" lon="17.347352">
      </trkpt>
      <trkpt lat="48.849897" lon="17.356249">
      </trkpt>
      <trkpt lat="48.850083" lon="17.361013">
      </trkpt>
      <trkpt lat="48.850042" lon="17.36165">
      </trkpt>
      <trkpt lat="48.846984" lon="17.369532">
      </trkpt>
      <trkpt lat="48.848562" lon="17.372768">
      </trkpt>
      <trkpt lat="48.854016" lon="17.377244">
      </trkpt>
      <trkpt lat="48.856042" lon="17.38022">
      </trkpt>
      <trkpt lat="48.859999" lon="17.384987">
      </trkpt>
      <trkpt lat="48.858783" lon="17.39089">
      </trkpt>
      <trkpt lat="48.857088" lon="17.39283">
      </trkpt>
      <trkpt lat="48.856743" lon="17.393922">
      </trkpt>
      <trkpt lat="48.855915" lon="17.395961">
      </trkpt>
      <trkpt lat="48.858619" lon="17.398337">
      </trkpt>
      <trkpt lat="48.86401" lon="17.398549">
      </trkpt>
      <trkpt lat="48.864423" lon="17.396941">
      </trkpt>
      <trkpt lat="48.864317" lon="17.396543">
      </trkpt>
      <trkpt lat="48.866122" lon="17.388162">
      </trkpt>
      <trkpt lat="48.866646" lon="17.387227">
      </trkpt>
      <trkpt lat="48.866862" lon="17.386496">
      </trkpt>
      <trkpt lat="48.866921" lon="17.386232">
      </trkpt>
      <trkpt lat="48.863356" lon="17.380786">
      </trkpt>
      <trkpt lat="48.866743" lon="17.376261">
      </trkpt>
      <trkpt lat="48.868014" lon="17.374764">
      </trkpt>
      <trkpt lat="48.870332" lon="17.372101">
      </trkpt>
      <trkpt lat="48.876341" lon="17.372191">
      </trkpt>
      <trkpt lat="48.878481" lon="17.376565">
      </trkpt>
      <trkpt lat="48.878782" lon="17.378221">
      </trkpt>
      <trkpt lat="48.878826" lon="17.378537">
      </trkpt>
      <trkpt lat="48.879434" lon="17.381171">
      </trkpt>
      <trkpt lat="48.879653" lon="17.381758">
      </trkpt>
      <trkpt lat="48.879913" lon="17.382526">
      </trkpt>
      <trkpt lat="48.880233" lon="17.383292">
      </trkpt>
      <trkpt lat="48.880906" lon="17.384429">
      </trkpt>
      <trkpt lat="48.882956" lon="17.390005">
      </trkpt>
      <trkpt lat="48.882875" lon="17.393572">
      </trkpt>
      <trkpt lat="48.88165" lon="17.396617">
      </trkpt>
      <trkpt lat="48.878304" lon="17.40263">
      </trkpt>
      <trkpt lat="48.880509" lon="17.405476">
      </trkpt>
      <trkpt lat="48.882233" lon="17.40414">
      </trkpt>
      <trkpt lat="48.884471" lon="17.403087">
      </trkpt>
      <trkpt lat="48.887902" lon="17.401785">
      </trkpt>
      <trkpt lat="48.889671" lon="17.401457">
      </trkpt>
      <trkpt lat="48.888556" lon="17.39352">
      </trkpt>
      <trkpt lat="48.88856" lon="17.393019">
      </trkpt>
      <trkpt lat="48.888577" lon="17.392693">
      </trkpt>
      <trkpt lat="48.88871" lon="17.390992">
      </trkpt>
      <trkpt lat="48.888727" lon="17.390242">
      </trkpt>
      <trkpt lat="48.88866" lon="17.389483">
      </trkpt>
      <trkpt lat="48.888504" lon="17.388782">
      </trkpt>
      <trkpt lat="48.888356" lon="17.384593">
      </trkpt>
      <trkpt lat="48.890032" lon="17.381592">
      </trkpt>
      <trkpt lat="48.893997" lon="17.379782">
      </trkpt>
      <trkpt lat="48.89848" lon="17.386654">
      </trkpt>
      <trkpt lat="48.899163" lon="17.388417">
      </trkpt>
      <trkpt lat="48.900573" lon="17.389004">
      </trkpt>
      <trkpt lat="48.900842" lon="17.38912">
      </trkpt>
      <trkpt lat="48.902957" lon="17.389889">
      </trkpt>
      <trkpt lat="48.90791" lon="17.394734">
      </trkpt>
      <trkpt lat="48.908325" lon="17.39522">
      </trkpt>
      <trkpt lat="48.910943" lon="17.397123">
      </trkpt>
      <trkpt lat="48.911201" lon="17.39738">
      </trkpt>
      <trkpt lat="48.912847" lon="17.403972">
      </trkpt>
      <trkpt lat="48.909876" lon="17.406831">
      </trkpt>
      <trkpt lat="48.910008" lon="17.407791">
      </trkpt>
      <trkpt lat="48.909353" lon="17.411819">
      </trkpt>
      <trkpt lat="48.909227" lon="17.412215">
      </trkpt>
      <trkpt lat="48.904584" lon="17.416969">
      </trkpt>
      <trkpt lat="48.901283" lon="17.41716">
      </trkpt>
      <trkpt lat="48.899653" lon="17.416714">
      </trkpt>
      <trkpt lat="48.898338" lon="17.416633">
      </trkpt>
      <trkpt lat="48.897461" lon="17.416747">
      </trkpt>
      <trkpt lat="48.896262" lon="17.417237">
      </trkpt>
      <trkpt lat="48.89437" lon="17.418375">
      </trkpt>
      <trkpt lat="48.891011" lon="17.420382">
      </trkpt>
      <trkpt lat="48.889122" lon="17.421431">
      </trkpt>
      <trkpt lat="48.8873" lon="17.422137">
      </trkpt>
      <trkpt lat="48.88649" lon="17.422598">
      </trkpt>
      <trkpt lat="48.887681" lon="17.42514">
      </trkpt>
      <trkpt lat="48.888274" lon="17.425726">
      </trkpt>
      <trkpt lat="48.890114" lon="17.427793">
      </trkpt>
      <trkpt lat="48.895695" lon="17.434388">
      </trkpt>
      <trkpt lat="48.894792" lon="17.43896">
      </trkpt>
      <trkpt lat="48.896833" lon="17.445595">
      </trkpt>
      <trkpt lat="48.899451" lon="17.448066">
      </trkpt>
      <trkpt lat="48.902067" lon="17.455292">
      </trkpt>
      <trkpt lat="48.903211" lon="17.462556">
      </trkpt>
      <trkpt lat="48.90325" lon="17.463354">
      </trkpt>
      <trkpt lat="48.906837" lon="17.471429">
      </trkpt>
      <trkpt lat="48.907379" lon="17.47446">
      </trkpt>
      <trkpt lat="48.90839" lon="17.482672">
      </trkpt>
      <trkpt lat="48.908155" lon="17.484029">
      </trkpt>
      <trkpt lat="48.913037" lon="17.490323">
      </trkpt>
      <trkpt lat="48.908719" lon="17.497538">
      </trkpt>
      <trkpt lat="48.907819" lon="17.499008">
      </trkpt>
      <trkpt lat="48.900527" lon="17.50302">
      </trkpt>
      <trkpt lat="48.900028" lon="17.503077">
      </trkpt>
      <trkpt lat="48.898556" lon="17.503799">
      </trkpt>
      <trkpt lat="48.898072" lon="17.504149">
      </trkpt>
      <trkpt lat="48.896341" lon="17.505671">
      </trkpt>
      <trkpt lat="48.893252" lon="17.508491">
      </trkpt>
      <trkpt lat="48.892231" lon="17.509649">
      </trkpt>
      <trkpt lat="48.892029" lon="17.511292">
      </trkpt>
      <trkpt lat="48.892088" lon="17.511478">
      </trkpt>
      <trkpt lat="48.894134" lon="17.512705">
      </trkpt>
      <trkpt lat="48.89431" lon="17.512596">
      </trkpt>
      <trkpt lat="48.896868" lon="17.510911">
      </trkpt>
      <trkpt lat="48.905095" lon="17.508789">
      </trkpt>
      <trkpt lat="48.906276" lon="17.508512">
      </trkpt>
      <trkpt lat="48.907525" lon="17.507859">
      </trkpt>
      <trkpt lat="48.916205" lon="17.508309">
      </trkpt>
      <trkpt lat="48.924744" lon="17.508941">
      </trkpt>
      <trkpt lat="48.925746" lon="17.510421">
      </trkpt>
      <trkpt lat="48.928129" lon="17.518331">
      </trkpt>
      <trkpt lat="48.927197" lon="17.521808">
      </trkpt>
      <trkpt lat="48.929123" lon="17.525684">
      </trkpt>
      <trkpt lat="48.92163" lon="17.530436">
      </trkpt>
      <trkpt lat="48.920637" lon="17.530089">
      </trkpt>
      <trkpt lat="48.920221" lon="17.529933">
      </trkpt>
      <trkpt lat="48.919632" lon="17.529685">
      </trkpt>
      <trkpt lat="48.919116" lon="17.52956">
      </trkpt>
      <trkpt lat="48.91868" lon="17.529509">
      </trkpt>
      <trkpt lat="48.918261" lon="17.533085">
      </trkpt>
      <trkpt lat="48.919352" lon="17.533451">
      </trkpt>
      <trkpt lat="48.920439" lon="17.533833">
      </trkpt>
      <trkpt lat="48.921533" lon="17.534258">
      </trkpt>
      <trkpt lat="48.922092" lon="17.534544">
      </trkpt>
      <trkpt lat="48.922717" lon="17.534821">
      </trkpt>
      <trkpt lat="48.923536" lon="17.534975">
      </trkpt>
      <trkpt lat="48.925346" lon="17.53517">
      </trkpt>
      <trkpt lat="48.929074" lon="17.542138">
      </trkpt>
      <trkpt lat="48.928267" lon="17.544781">
      </trkpt>
      <trkpt lat="48.9271" lon="17.548891">
      </trkpt>
      <trkpt lat="48.919942" lon="17.550292">
      </trkpt>
      <trkpt lat="48.917829" lon="17.553207">
      </trkpt>
      <trkpt lat="48.914864" lon="17.555763">
      </trkpt>
      <trkpt lat="48.914531" lon="17.55607">
      </trkpt>
      <trkpt lat="48.913509" lon="17.557281">
      </trkpt>
      <trkpt lat="48.912976" lon="17.558167">
      </trkpt>
      <trkpt lat="48.908167" lon="17.56123">
      </trkpt>
      <trkpt lat="48.904347" lon="17.562273">
      </trkpt>
      <trkpt lat="48.899497" lon="17.556298">
      </trkpt>
      <trkpt lat="48.900797" lon="17.550922">
      </trkpt>
      <trkpt lat="48.901748" lon="17.549384">
      </trkpt>
      <trkpt lat="48.903398" lon="17.546854">
      </trkpt>
      <trkpt lat="48.905048" lon="17.544325">
      </trkpt>
      <trkpt lat="48.902033" lon="17.542358">
      </trkpt>
      <trkpt lat="48.900383" lon="17.544888">
      </trkpt>
      <trkpt lat="48.892726" lon="17.548658">
      </trkpt>
      <trkpt lat="48.888577" lon="17.547284">
      </trkpt>
      <trkpt lat="48.886027" lon="17.544744">
      </trkpt>
      <trkpt lat="48.88429" lon="17.546295">
      </trkpt>
      <trkpt lat="48.884463" lon="17.548276">
      </trkpt>
      <trkpt lat="48.884552" lon="17.548671">
      </trkpt>
      <trkpt lat="48.884724" lon="17.549895">
      </trkpt>
      <trkpt lat="48.887355" lon="17.552192">
      </trkpt>
      <trkpt lat="48.889473" lon="17.555464">
      </trkpt>
      <trkpt lat="48.896478" lon="17.560169">
      </trkpt>
      <trkpt lat="48.895819" lon="17.563035">
      </trkpt>
      <trkpt lat="48.895162" lon="17.564289">
      </trkpt>
      <trkpt lat="48.894872" lon="17.564993">
      </trkpt>
      <trkpt lat="48.894734" lon="17.565605">
      </trkpt>
      <trkpt lat="48.894698" lon="17.566117">
      </trkpt>
      <trkpt lat="48.894146" lon="17.569082">
      </trkpt>
      <trkpt lat="48.893983" lon="17.569523">
      </trkpt>
      <trkpt lat="48.893867" lon="17.570129">
      </trkpt>
      <trkpt lat="48.885181" lon="17.571975">
      </trkpt>
      <trkpt lat="48.884838" lon="17.570718">
      </trkpt>
      <trkpt lat="48.884547" lon="17.570144">
      </trkpt>
      <trkpt lat="48.884177" lon="17.569697">
      </trkpt>
      <trkpt lat="48.883993" lon="17.56954">
      </trkpt>
      <trkpt lat="48.883207" lon="17.569116">
      </trkpt>
      <trkpt lat="48.882674" lon="17.569027">
      </trkpt>
      <trkpt lat="48.881677" lon="17.568885">
      </trkpt>
      <trkpt lat="48.875822" lon="17.562145">
      </trkpt>
      <trkpt lat="48.875822" lon="17.561831">
      </trkpt>
      <trkpt lat="48.875726" lon="17.560519">
      </trkpt>
      <trkpt lat="48.872135" lon="17.560784">
      </trkpt>
      <trkpt lat="48.871492" lon="17.564279">
      </trkpt>
      <trkpt lat="48.871334" lon="17.565842">
      </trkpt>
      <trkpt lat="48.871321" lon="17.56615">
      </trkpt>
      <trkpt lat="48.871402" lon="17.566811">
      </trkpt>
      <trkpt lat="48.871549" lon="17.567285">
      </trkpt>
      <trkpt lat="48.871813" lon="17.567773">
      </trkpt>
      <trkpt lat="48.872076" lon="17.568119">
      </trkpt>
      <trkpt lat="48.873526" lon="17.569618">
      </trkpt>
      <trkpt lat="48.873747" lon="17.56988">
      </trkpt>
      <trkpt lat="48.87625" lon="17.571843">
      </trkpt>
      <trkpt lat="48.876773" lon="17.572165">
      </trkpt>
      <trkpt lat="48.877473" lon="17.57242">
      </trkpt>
      <trkpt lat="48.877908" lon="17.572495">
      </trkpt>
      <trkpt lat="48.882128" lon="17.575424">
      </trkpt>
      <trkpt lat="48.881346" lon="17.582962">
      </trkpt>
      <trkpt lat="48.87872" lon="17.584402">
      </trkpt>
      <trkpt lat="48.877947" lon="17.584609">
      </trkpt>
      <trkpt lat="48.877441" lon="17.58484">
      </trkpt>
      <trkpt lat="48.876096" lon="17.585295">
      </trkpt>
      <trkpt lat="48.870583" lon="17.584847">
      </trkpt>
      <trkpt lat="48.867147" lon="17.585922">
      </trkpt>
      <trkpt lat="48.864872" lon="17.587515">
      </trkpt>
      <trkpt lat="48.863333" lon="17.588592">
      </trkpt>
      <trkpt lat="48.862912" lon="17.588884">
      </trkpt>
      <trkpt lat="48.862703" lon="17.589069">
      </trkpt>
      <trkpt lat="48.865088" lon="17.591766">
      </trkpt>
      <trkpt lat="48.866628" lon="17.591168">
      </trkpt>
      <trkpt lat="48.867594" lon="17.590934">
      </trkpt>
      <trkpt lat="48.868159" lon="17.590723">
      </trkpt>
      <trkpt lat="48.869153" lon="17.590413">
      </trkpt>
      <trkpt lat="48.870334" lon="17.590077">
      </trkpt>
      <trkpt lat="48.87343" lon="17.589737">
      </trkpt>
      <trkpt lat="48.87426" lon="17.589731">
      </trkpt>
      <trkpt lat="48.878025" lon="17.597684">
      </trkpt>
      <trkpt lat="48.877088" lon="17.599426">
      </trkpt>
      <trkpt lat="48.876937" lon="17.599961">
      </trkpt>
      <trkpt lat="48.876818" lon="17.600559">
      </trkpt>
      <trkpt lat="48.876661" lon="17.601167">
      </trkpt>
      <trkpt lat="48.875876" lon="17.603651">
      </trkpt>
      <trkpt lat="48.879308" lon="17.604736">
      </trkpt>
      <trkpt lat="48.883986" lon="17.599037">
      </trkpt>
      <trkpt lat="48.88648" lon="17.594907">
      </trkpt>
      <trkpt lat="48.887693" lon="17.592537">
      </trkpt>
      <trkpt lat="48.889438" lon="17.585792">
      </trkpt>
      <trkpt lat="48.890005" lon="17.584769">
      </trkpt>
      <trkpt lat="48.890317" lon="17.584068">
      </trkpt>
      <trkpt lat="48.890465" lon="17.58361">
      </trkpt>
      <trkpt lat="48.895928" lon="17.576798">
      </trkpt>
      <trkpt lat="48.896404" lon="17.576596">
      </trkpt>
      <trkpt lat="48.896721" lon="17.576427">
      </trkpt>
      <trkpt lat="48.897115" lon="17.576122">
      </trkpt>
      <trkpt lat="48.897437" lon="17.575772">
      </trkpt>
      <trkpt lat="48.897759" lon="17.575349">
      </trkpt>
      <trkpt lat="48.898089" lon="17.574797">
      </trkpt>
      <trkpt lat="48.898377" lon="17.573949">
      </trkpt>
      <trkpt lat="48.898483" lon="17.57308">
      </trkpt>
      <trkpt lat="48.903457" lon="17.56645">
      </trkpt>
      <trkpt lat="48.908959" lon="17.566555">
      </trkpt>
      <trkpt lat="48.912387" lon="17.563669">
      </trkpt>
      <trkpt lat="48.91409" lon="17.561769">
      </trkpt>
      <trkpt lat="48.921794" lon="17.559625">
      </trkpt>
      <trkpt lat="48.922991" lon="17.559809">
      </trkpt>
      <trkpt lat="48.928943" lon="17.564005">
      </trkpt>
      <trkpt lat="48.929733" lon="17.572133">
      </trkpt>
      <trkpt lat="48.929121" lon="17.573016">
      </trkpt>
      <trkpt lat="48.928727" lon="17.57353">
      </trkpt>
      <trkpt lat="48.92835" lon="17.574012">
      </trkpt>
      <trkpt lat="48.927086" lon="17.575754">
      </trkpt>
      <trkpt lat="48.926842" lon="17.576118">
      </trkpt>
      <trkpt lat="48.924107" lon="17.579867">
      </trkpt>
      <trkpt lat="48.923475" lon="17.580403">
      </trkpt>
      <trkpt lat="48.922843" lon="17.581013">
      </trkpt>
      <trkpt lat="48.922398" lon="17.581519">
      </trkpt>
      <trkpt lat="48.918972" lon="17.584055">
      </trkpt>
      <trkpt lat="48.917591" lon="17.584692">
      </trkpt>
      <trkpt lat="48.916825" lon="17.586059">
      </trkpt>
      <trkpt lat="48.916783" lon="17.586573">
      </trkpt>
      <trkpt lat="48.916576" lon="17.587983">
      </trkpt>
      <trkpt lat="48.916245" lon="17.589378">
      </trkpt>
      <trkpt lat="48.916008" lon="17.590735">
      </trkpt>
      <trkpt lat="48.915835" lon="17.591578">
      </trkpt>
      <trkpt lat="48.914243" lon="17.598131">
      </trkpt>
      <trkpt lat="48.913902" lon="17.599004">
      </trkpt>
      <trkpt lat="48.913768" lon="17.599686">
      </trkpt>
      <trkpt lat="48.917227" lon="17.607472">
      </trkpt>
      <trkpt lat="48.912736" lon="17.610654">
      </trkpt>
      <trkpt lat="48.911048" lon="17.610736">
      </trkpt>
      <trkpt lat="48.910045" lon="17.610946">
      </trkpt>
      <trkpt lat="48.906165" lon="17.611356">
      </trkpt>
      <trkpt lat="48.904001" lon="17.611483">
      </trkpt>
      <trkpt lat="48.903269" lon="17.611449">
      </trkpt>
      <trkpt lat="48.900515" lon="17.61115">
      </trkpt>
      <trkpt lat="48.899739" lon="17.614665">
      </trkpt>
      <trkpt lat="48.896602" lon="17.622776">
      </trkpt>
      <trkpt lat="48.893807" lon="17.625045">
      </trkpt>
      <trkpt lat="48.894649" lon="17.626082">
      </trkpt>
      <trkpt lat="48.895622" lon="17.627106">
      </trkpt>
      <trkpt lat="48.896587" lon="17.627748">
      </trkpt>
      <trkpt lat="48.902429" lon="17.633097">
      </trkpt>
      <trkpt lat="48.902665" lon="17.633349">
      </trkpt>
      <trkpt lat="48.903698" lon="17.634118">
      </trkpt>
      <trkpt lat="48.905289" lon="17.635018">
      </trkpt>
      <trkpt lat="48.910902" lon="17.641906">
      </trkpt>
      <trkpt lat="48.911351" lon="17.642599">
      </trkpt>
      <trkpt lat="48.91184" lon="17.643147">
      </trkpt>
      <trkpt lat="48.912327" lon="17.643504">
      </trkpt>
      <trkpt lat="48.914724" lon="17.644922">
      </trkpt>
      <trkpt lat="48.915707" lon="17.652891">
      </trkpt>
      <trkpt lat="48.915176" lon="17.653649">
      </trkpt>
      <trkpt lat="48.914746" lon="17.654462">
      </trkpt>
      <trkpt lat="48.906411" lon="17.656725">
      </trkpt>
      <trkpt lat="48.905729" lon="17.658039">
      </trkpt>
      <trkpt lat="48.902687" lon="17.664424">
      </trkpt>
      <trkpt lat="48.897407" lon="17.667237">
      </trkpt>
      <trkpt lat="48.895377" lon="17.667528">
      </trkpt>
      <trkpt lat="48.892754" lon="17.668408">
      </trkpt>
      <trkpt lat="48.891954" lon="17.668904">
      </trkpt>
      <trkpt lat="48.891174" lon="17.670167">
      </trkpt>
      <trkpt lat="48.891123" lon="17.671034">
      </trkpt>
      <trkpt lat="48.891254" lon="17.671775">
      </trkpt>
      <trkpt lat="48.891965" lon="17.674047">
      </trkpt>
      <trkpt lat="48.892235" lon="17.675029">
      </trkpt>
      <trkpt lat="48.895706" lon="17.674076">
      </trkpt>
      <trkpt lat="48.900172" lon="17.670354">
      </trkpt>
      <trkpt lat="48.905526" lon="17.675549">
      </trkpt>
      <trkpt lat="48.905647" lon="17.67616">
      </trkpt>
      <trkpt lat="48.905674" lon="17.676272">
      </trkpt>
      <trkpt lat="48.906003" lon="17.677068">
      </trkpt>
      <trkpt lat="48.907054" lon="17.678882">
      </trkpt>
      <trkpt lat="48.907484" lon="17.685134">
      </trkpt>
      <trkpt lat="48.906289" lon="17.689161">
      </trkpt>
      <trkpt lat="48.905763" lon="17.691267">
      </trkpt>
      <trkpt lat="48.901885" lon="17.697588">
      </trkpt>
      <trkpt lat="48.901845" lon="17.697646">
      </trkpt>
      <trkpt lat="48.901586" lon="17.698168">
      </trkpt>
      <trkpt lat="48.900703" lon="17.700308">
      </trkpt>
      <trkpt lat="48.900475" lon="17.700803">
      </trkpt>
      <trkpt lat="48.895586" lon="17.707956">
      </trkpt>
      <trkpt lat="48.892134" lon="17.709848">
      </trkpt>
      <trkpt lat="48.883307" lon="17.710635">
      </trkpt>
      <trkpt lat="48.879906" lon="17.711817">
      </trkpt>
      <trkpt lat="48.880091" lon="17.712349">
      </trkpt>
      <trkpt lat="48.880535" lon="17.713124">
      </trkpt>
      <trkpt lat="48.880849" lon="17.713677">
      </trkpt>
      <trkpt lat="48.883398" lon="17.72124">
      </trkpt>
      <trkpt lat="48.880125" lon="17.725362">
      </trkpt>
      <trkpt lat="48.878271" lon="17.728141">
      </trkpt>
      <trkpt lat="48.876365" lon="17.730137">
      </trkpt>
      <trkpt lat="48.874933" lon="17.731878">
      </trkpt>
      <trkpt lat="48.876955" lon="17.734857">
      </trkpt>
      <trkpt lat="48.881223" lon="17.733183">
      </trkpt>
      <trkpt lat="48.883215" lon="17.731394">
      </trkpt>
      <trkpt lat="48.882901" lon="17.730809">
      </trkpt>
      <trkpt lat="48.883381" lon="17.723505">
      </trkpt>
      <trkpt lat="48.885972" lon="17.721752">
      </trkpt>
      <trkpt lat="48.888964" lon="17.720035">
      </trkpt>
      <trkpt lat="48.892152" lon="17.716716">
      </trkpt>
      <trkpt lat="48.893528" lon="17.713167">
      </trkpt>
      <trkpt lat="48.901995" lon="17.714119">
      </trkpt>
      <trkpt lat="48.903094" lon="17.71221">
      </trkpt>
      <trkpt lat="48.909082" lon="17.708134">
      </trkpt>
      <trkpt lat="48.909355" lon="17.707388">
      </trkpt>
      <trkpt lat="48.909482" lon="17.706918">
      </trkpt>
      <trkpt lat="48.909938" lon="17.704663">
      </trkpt>
      <trkpt lat="48.91849" lon="17.70506">
      </trkpt>
      <trkpt lat="48.919345" lon="17.708115">
      </trkpt>
      <trkpt lat="48.920038" lon="17.71005">
      </trkpt>
      <trkpt lat="48.920206" lon="17.711522">
      </trkpt>
      <trkpt lat="48.920317" lon="17.712106">
      </trkpt>
      <trkpt lat="48.920527" lon="17.712811">
      </trkpt>
      <trkpt lat="48.920754" lon="17.713295">
      </trkpt>
      <trkpt lat="48.921583" lon="17.714619">
      </trkpt>
      <trkpt lat="48.920636" lon="17.722903">
      </trkpt>
      <trkpt lat="48.918785" lon="17.723683">
      </trkpt>
      <trkpt lat="48.91781" lon="17.724086">
      </trkpt>
      <trkpt lat="48.913824" lon="17.724658">
      </trkpt>
      <trkpt lat="48.911797" lon="17.724763">
      </trkpt>
      <trkpt lat="48.909614" lon="17.724868">
      </trkpt>
      <trkpt lat="48.908595" lon="17.724883">
      </trkpt>
      <trkpt lat="48.907687" lon="17.724957">
      </trkpt>
      <trkpt lat="48.906943" lon="17.725168">
      </trkpt>
      <trkpt lat="48.905869" lon="17.725577">
      </trkpt>
      <trkpt lat="48.904955" lon="17.726142">
      </trkpt>
      <trkpt lat="48.903157" lon="17.727172">
      </trkpt>
      <trkpt lat="48.901182" lon="17.729432">
      </trkpt>
      <trkpt lat="48.901008" lon="17.730822">
      </trkpt>
      <trkpt lat="48.900441" lon="17.733217">
      </trkpt>
      <trkpt lat="48.900185" lon="17.734136">
      </trkpt>
      <trkpt lat="48.899968" lon="17.734771">
      </trkpt>
      <trkpt lat="48.903375" lon="17.735934">
      </trkpt>
      <trkpt lat="48.903716" lon="17.743982">
      </trkpt>
      <trkpt lat="48.90366" lon="17.744053">
      </trkpt>
      <trkpt lat="48.902871" lon="17.749228">
      </trkpt>
      <trkpt lat="48.897363" lon="17.755349">
      </trkpt>
      <trkpt lat="48.895801" lon="17.755866">
      </trkpt>
      <trkpt lat="48.895298" lon="17.756435">
      </trkpt>
      <trkpt lat="48.895102" lon="17.758033">
      </trkpt>
      <trkpt lat="48.892804" lon="17.765954">
      </trkpt>
      <trkpt lat="48.895664" lon="17.768139">
      </trkpt>
      <trkpt lat="48.895834" lon="17.768011">
      </trkpt>
      <trkpt lat="48.896541" lon="17.767279">
      </trkpt>
      <trkpt lat="48.900168" lon="17.763943">
      </trkpt>
      <trkpt lat="48.902301" lon="17.761595">
      </trkpt>
      <trkpt lat="48.908901" lon="17.759465">
      </trkpt>
      <trkpt lat="48.912474" lon="17.759905">
      </trkpt>
      <trkpt lat="48.917984" lon="17.766297">
      </trkpt>
      <trkpt lat="48.918456" lon="17.767249">
      </trkpt>
      <trkpt lat="48.919701" lon="17.767874">
      </trkpt>
      <trkpt lat="48.926478" lon="17.772857">
      </trkpt>
      <trkpt lat="48.927093" lon="17.77357">
      </trkpt>
      <trkpt lat="48.927464" lon="17.773819">
      </trkpt>
      <trkpt lat="48.927928" lon="17.774058">
      </trkpt>
      <trkpt lat="48.928332" lon="17.774221">
      </trkpt>
      <trkpt lat="48.929987" lon="17.772348">
      </trkpt>
      <trkpt lat="48.930517" lon="17.771876">
      </trkpt>
      <trkpt lat="48.934425" lon="17.770469">
      </trkpt>
      <trkpt lat="48.938933" lon="17.776655">
      </trkpt>
      <trkpt lat="48.939618" lon="17.779033">
      </trkpt>
      <trkpt lat="48.939804" lon="17.779944">
      </trkpt>
      <trkpt lat="48.941088" lon="17.782951">
      </trkpt>
      <trkpt lat="48.94158" lon="17.79031">
      </trkpt>
      <trkpt lat="48.938261" lon="17.791704">
      </trkpt>
      <trkpt lat="48.937269" lon="17.796062">
      </trkpt>
      <trkpt lat="48.937065" lon="17.796713">
      </trkpt>
      <trkpt lat="48.934214" lon="17.802184">
      </trkpt>
      <trkpt lat="48.933391" lon="17.803925">
      </trkpt>
      <trkpt lat="48.929859" lon="17.809697">
      </trkpt>
      <trkpt lat="48.922403" lon="17.81309">
      </trkpt>
      <trkpt lat="48.921205" lon="17.81362">
      </trkpt>
      <trkpt lat="48.917277" lon="17.81505">
      </trkpt>
      <trkpt lat="48.916269" lon="17.815413">
      </trkpt>
      <trkpt lat="48.915406" lon="17.816067">
      </trkpt>
      <trkpt lat="48.915193" lon="17.816372">
      </trkpt>
      <trkpt lat="48.915161" lon="17.816509">
      </trkpt>
      <trkpt lat="48.91514" lon="17.81664">
      </trkpt>
      <trkpt lat="48.915136" lon="17.816728">
      </trkpt>
      <trkpt lat="48.917391" lon="17.818833">
      </trkpt>
      <trkpt lat="48.919003" lon="17.818506">
      </trkpt>
      <trkpt lat="48.926306" lon="17.821018">
      </trkpt>
      <trkpt lat="48.930523" lon="17.823112">
      </trkpt>
      <trkpt lat="48.930355" lon="17.831013">
      </trkpt>
      <trkpt lat="48.928892" lon="17.832291">
      </trkpt>
      <trkpt lat="48.927963" lon="17.833701">
      </trkpt>
      <trkpt lat="48.924885" lon="17.839239">
      </trkpt>
      <trkpt lat="48.924334" lon="17.839996">
      </trkpt>
      <trkpt lat="48.923953" lon="17.840543">
      </trkpt>
      <trkpt lat="48.923519" lon="17.841538">
      </trkpt>
      <trkpt lat="48.922562" lon="17.843356">
      </trkpt>
      <trkpt lat="48.922298" lon="17.843932">
      </trkpt>
      <trkpt lat="48.925571" lon="17.845431">
      </trkpt>
      <trkpt lat="48.928736" lon="17.853735">
      </trkpt>
      <trkpt lat="48.926405" lon="17.859724">
      </trkpt>
      <trkpt lat="48.926135" lon="17.860179">
      </trkpt>
      <trkpt lat="48.924511" lon="17.863155">
      </trkpt>
      <trkpt lat="48.926182" lon="17.866344">
      </trkpt>
      <trkpt lat="48.933656" lon="17.867621">
      </trkpt>
      <trkpt lat="48.935746" lon="17.870552">
      </trkpt>
      <trkpt lat="48.942939" lon="17.875918">
      </trkpt>
      <trkpt lat="48.942982" lon="17.876077">
      </trkpt>
      <trkpt lat="48.943351" lon="17.877399">
      </trkpt>
      <trkpt lat="48.943943" lon="17.878616">
      </trkpt>
      <trkpt lat="48.945248" lon="17.880257">
      </trkpt>
      <trkpt lat="48.94584" lon="17.880931">
      </trkpt>
      <trkpt lat="48.949134" lon="17.888109">
      </trkpt>
      <trkpt lat="48.94805" lon="17.890643">
      </trkpt>
      <trkpt lat="48.95117" lon="17.895494">
      </trkpt>
      <trkpt lat="48.950462" lon="17.899788">
      </trkpt>
      <trkpt lat="48.949528" lon="17.90134">
      </trkpt>
      <trkpt lat="48.94916" lon="17.902088">
      </trkpt>
      <trkpt lat="48.946366" lon="17.905684">
      </trkpt>
      <trkpt lat="48.945912" lon="17.907787">
      </trkpt>
      <trkpt lat="48.944547" lon="17.914101">
      </trkpt>
      <trkpt lat="48.944204" lon="17.915702">
      </trkpt>
      <trkpt lat="48.944082" lon="17.916449">
      </trkpt>
      <trkpt lat="48.944013" lon="17.917062">
      </trkpt>
      <trkpt lat="48.943222" lon="17.922045">
      </trkpt>
      <trkpt lat="48.943079" lon="17.923349">
      </trkpt>
      <trkpt lat="48.946429" lon="17.924668">
      </trkpt>
      <trkpt lat="48.947624" lon="17.922642">
      </trkpt>
      <trkpt lat="48.947536" lon="17.922078">
      </trkpt>
      <trkpt lat="48.947554" lon="17.918124">
      </trkpt>
      <trkpt lat="48.951104" lon="17.913655">
      </trkpt>
      <trkpt lat="48.950154" lon="17.910183">
      </trkpt>
      <trkpt lat="48.949885" lon="17.906444">
      </trkpt>
      <trkpt lat="48.957964" lon="17.899547">
      </trkpt>
      <trkpt lat="48.961239" lon="17.900827">
      </trkpt>
      <trkpt lat="48.96552" lon="17.904951">
      </trkpt>
      <trkpt lat="48.968209" lon="17.904129">
      </trkpt>
      <trkpt lat="48.974538" lon="17.909327">
      </trkpt>
      <trkpt lat="48.974473" lon="17.912055">
      </trkpt>
      <trkpt lat="48.978072" lon="17.912141">
      </trkpt>
      <trkpt lat="48.983134" lon="17.906594">
      </trkpt>
      <trkpt lat="48.986731" lon="17.906459">
      </trkpt>
      <trkpt lat="48.986654" lon="17.904395">
      </trkpt>
      <trkpt lat="48.986678" lon="17.904016">
      </trkpt>
      <trkpt lat="48.988182" lon="17.898131">
      </trkpt>
      <trkpt lat="48.988474" lon="17.897254">
      </trkpt>
      <trkpt lat="48.990058" lon="17.89059">
      </trkpt>
      <trkpt lat="48.992313" lon="17.887936">
      </trkpt>
      <trkpt lat="48.999477" lon="17.889052">
      </trkpt>
      <trkpt lat="49.002093" lon="17.891526">
      </trkpt>
      <trkpt lat="49.005408" lon="17.890225">
      </trkpt>
      <trkpt lat="49.006103" lon="17.890143">
      </trkpt>
      <trkpt lat="49.007751" lon="17.88877">
      </trkpt>
      <trkpt lat="49.011145" lon="17.886422">
      </trkpt>
      <trkpt lat="49.011933" lon="17.886197">
      </trkpt>
      <trkpt lat="49.015686" lon="17.886161">
      </trkpt>
      <trkpt lat="49.020142" lon="17.893659">
      </trkpt>
      <trkpt lat="49.019135" lon="17.896198">
      </trkpt>
      <trkpt lat="49.01882" lon="17.89705">
      </trkpt>
      <trkpt lat="49.015902" lon="17.900976">
      </trkpt>
      <trkpt lat="49.01518" lon="17.90198">
      </trkpt>
      <trkpt lat="49.010809" lon="17.905149">
      </trkpt>
      <trkpt lat="49.009195" lon="17.908145">
      </trkpt>
      <trkpt lat="49.009127" lon="17.908333">
      </trkpt>
      <trkpt lat="49.00935" lon="17.908818">
      </trkpt>
      <trkpt lat="49.011361" lon="17.914543">
      </trkpt>
      <trkpt lat="49.01166" lon="17.915386">
      </trkpt>
      <trkpt lat="49.012068" lon="17.915957">
      </trkpt>
      <trkpt lat="49.014155" lon="17.918325">
      </trkpt>
      <trkpt lat="49.019963" lon="17.918696">
      </trkpt>
      <trkpt lat="49.021528" lon="17.924708">
      </trkpt>
      <trkpt lat="49.021469" lon="17.92508">
      </trkpt>
      <trkpt lat="49.021377" lon="17.925916">
      </trkpt>
      <trkpt lat="49.020989" lon="17.927473">
      </trkpt>
      <trkpt lat="49.020632" lon="17.928842">
      </trkpt>
      <trkpt lat="49.02061" lon="17.929343">
      </trkpt>
      <trkpt lat="49.020649" lon="17.929733">
      </trkpt>
      <trkpt lat="49.020766" lon="17.930253">
      </trkpt>
      <trkpt lat="49.024213" lon="17.929218">
      </trkpt>
      <trkpt lat="49.024456" lon="17.928443">
      </trkpt>
      <trkpt lat="49.02487" lon="17.926788">
      </trkpt>
      <trkpt lat="49.026226" lon="17.923457">
      </trkpt>
      <trkpt lat="49.026685" lon="17.922568">
      </trkpt>
      <trkpt lat="49.027666" lon="17.920614">
      </trkpt>
      <trkpt lat="49.028011" lon="17.920102">
      </trkpt>
      <trkpt lat="49.028924" lon="17.918477">
      </trkpt>
      <trkpt lat="49.029378" lon="17.917835">
      </trkpt>
      <trkpt lat="49.03124" lon="17.915462">
      </trkpt>
      <trkpt lat="49.031523" lon="17.915033">
      </trkpt>
      <trkpt lat="49.032696" lon="17.91342">
      </trkpt>
      <trkpt lat="49.034412" lon="17.911337">
      </trkpt>
      <trkpt lat="49.041755" lon="17.906448">
      </trkpt>
      <trkpt lat="49.04228" lon="17.905552">
      </trkpt>
      <trkpt lat="49.043832" lon="17.903484">
      </trkpt>
      <trkpt lat="49.051013" lon="17.902236">
      </trkpt>
      <trkpt lat="49.056509" lon="17.899697">
      </trkpt>
      <trkpt lat="49.061853" lon="17.903289">
      </trkpt>
      <trkpt lat="49.0626" lon="17.905081">
      </trkpt>
      <trkpt lat="49.062974" lon="17.910531">
      </trkpt>
      <trkpt lat="49.058396" lon="17.916221">
      </trkpt>
      <trkpt lat="49.056402" lon="17.918863">
      </trkpt>
      <trkpt lat="49.054956" lon="17.921547">
      </trkpt>
      <trkpt lat="49.054697" lon="17.922086">
      </trkpt>
      <trkpt lat="49.054375" lon="17.923094">
      </trkpt>
      <trkpt lat="49.054031" lon="17.924093">
      </trkpt>
      <trkpt lat="49.052862" lon="17.926416">
      </trkpt>
      <trkpt lat="49.052477" lon="17.927195">
      </trkpt>
      <trkpt lat="49.052252" lon="17.928147">
      </trkpt>
      <trkpt lat="49.046582" lon="17.934736">
      </trkpt>
      <trkpt lat="49.044981" lon="17.934982">
      </trkpt>
      <trkpt lat="49.044369" lon="17.935041">
      </trkpt>
      <trkpt lat="49.042248" lon="17.935028">
      </trkpt>
      <trkpt lat="49.040794" lon="17.935543">
      </trkpt>
      <trkpt lat="49.037471" lon="17.936039">
      </trkpt>
      <trkpt lat="49.036692" lon="17.936254">
      </trkpt>
      <trkpt lat="49.036312" lon="17.936456">
      </trkpt>
      <trkpt lat="49.035239" lon="17.938591">
      </trkpt>
      <trkpt lat="49.035151" lon="17.938813">
      </trkpt>
      <trkpt lat="49.035023" lon="17.939223">
      </trkpt>
      <trkpt lat="49.034952" lon="17.939591">
      </trkpt>
      <trkpt lat="49.036274" lon="17.940038">
      </trkpt>
      <trkpt lat="49.040741" lon="17.940294">
      </trkpt>
      <trkpt lat="49.045589" lon="17.943486">
      </trkpt>
      <trkpt lat="49.046472" lon="17.943513">
      </trkpt>
      <trkpt lat="49.049184" lon="17.943284">
      </trkpt>
      <trkpt lat="49.052289" lon="17.936772">
      </trkpt>
      <trkpt lat="49.053359" lon="17.935801">
      </trkpt>
      <trkpt lat="49.054289" lon="17.934678">
      </trkpt>
      <trkpt lat="49.054749" lon="17.933931">
      </trkpt>
      <trkpt lat="49.055195" lon="17.93303">
      </trkpt>
      <trkpt lat="49.055531" lon="17.932009">
      </trkpt>
      <trkpt lat="49.055738" lon="17.931261">
      </trkpt>
      <trkpt lat="49.05585" lon="17.930442">
      </trkpt>
      <trkpt lat="49.056623" lon="17.927458">
      </trkpt>
      <trkpt lat="49.057051" lon="17.926671">
      </trkpt>
      <trkpt lat="49.057348" lon="17.925771">
      </trkpt>
      <trkpt lat="49.061786" lon="17.922729">
      </trkpt>
      <trkpt lat="49.066279" lon="17.92714">
      </trkpt>
      <trkpt lat="49.06638" lon="17.927706">
      </trkpt>
      <trkpt lat="49.066618" lon="17.928317">
      </trkpt>
      <trkpt lat="49.066684" lon="17.92846">
      </trkpt>
      <trkpt lat="49.06728" lon="17.931125">
      </trkpt>
      <trkpt lat="49.067304" lon="17.931454">
      </trkpt>
      <trkpt lat="49.067589" lon="17.933372">
      </trkpt>
      <trkpt lat="49.067712" lon="17.933979">
      </trkpt>
      <trkpt lat="49.067151" lon="17.937833">
      </trkpt>
      <trkpt lat="49.066992" lon="17.938355">
      </trkpt>
      <trkpt lat="49.066933" lon="17.938695">
      </trkpt>
      <trkpt lat="49.066931" lon="17.940651">
      </trkpt>
      <trkpt lat="49.067044" lon="17.941031">
      </trkpt>
      <trkpt lat="49.067201" lon="17.941401">
      </trkpt>
      <trkpt lat="49.067933" lon="17.944909">
      </trkpt>
      <trkpt lat="49.067945" lon="17.945272">
      </trkpt>
      <trkpt lat="49.067984" lon="17.945734">
      </trkpt>
      <trkpt lat="49.068146" lon="17.947166">
      </trkpt>
      <trkpt lat="49.068271" lon="17.947922">
      </trkpt>
      <trkpt lat="49.063615" lon="17.955455">
      </trkpt>
      <trkpt lat="49.062933" lon="17.956184">
      </trkpt>
      <trkpt lat="49.054319" lon="17.957828">
      </trkpt>
      <trkpt lat="49.053139" lon="17.956144">
      </trkpt>
      <trkpt lat="49.051985" lon="17.95607">
      </trkpt>
      <trkpt lat="49.050885" lon="17.956816">
      </trkpt>
      <trkpt lat="49.049575" lon="17.958329">
      </trkpt>
      <trkpt lat="49.048727" lon="17.959237">
      </trkpt>
      <trkpt lat="49.048344" lon="17.960196">
      </trkpt>
      <trkpt lat="49.048273" lon="17.961171">
      </trkpt>
      <trkpt lat="49.048452" lon="17.962406">
      </trkpt>
      <trkpt lat="49.048775" lon="17.963631">
      </trkpt>
      <trkpt lat="49.044312" lon="17.971168">
      </trkpt>
      <trkpt lat="49.043158" lon="17.971058">
      </trkpt>
      <trkpt lat="49.042445" lon="17.971113">
      </trkpt>
      <trkpt lat="49.040745" lon="17.974444">
      </trkpt>
      <trkpt lat="49.042705" lon="17.974704">
      </trkpt>
      <trkpt lat="49.044213" lon="17.974944">
      </trkpt>
      <trkpt lat="49.047108" lon="17.983461">
      </trkpt>
      <trkpt lat="49.045044" lon="17.986694">
      </trkpt>
      <trkpt lat="49.043714" lon="17.987732">
      </trkpt>
      <trkpt lat="49.042633" lon="17.988566">
      </trkpt>
      <trkpt lat="49.041232" lon="17.989935">
      </trkpt>
      <trkpt lat="49.039293" lon="17.992074">
      </trkpt>
      <trkpt lat="49.039401" lon="17.992414">
      </trkpt>
      <trkpt lat="49.040564" lon="17.993593">
      </trkpt>
      <trkpt lat="49.041549" lon="17.993854">
      </trkpt>
      <trkpt lat="49.042709" lon="17.993688">
      </trkpt>
      <trkpt lat="49.043659" lon="17.992923">
      </trkpt>
      <trkpt lat="49.044281" lon="17.991968">
      </trkpt>
      <trkpt lat="49.046541" lon="17.990353">
      </trkpt>
      <trkpt lat="49.050897" lon="17.990194">
      </trkpt>
      <trkpt lat="49.053373" lon="17.996595">
      </trkpt>
      <trkpt lat="49.053179" lon="17.997235">
      </trkpt>
      <trkpt lat="49.053103" lon="17.99768">
      </trkpt>
      <trkpt lat="49.053007" lon="17.998384">
      </trkpt>
      <trkpt lat="49.052665" lon="17.999802">
      </trkpt>
      <trkpt lat="49.05241" lon="18.000587">
      </trkpt>
      <trkpt lat="49.052017" lon="18.001429">
      </trkpt>
      <trkpt lat="49.045712" lon="18.005334">
      </trkpt>
      <trkpt lat="49.042391" lon="18.006988">
      </trkpt>
      <trkpt lat="49.042386" lon="18.007408">
      </trkpt>
      <trkpt lat="49.042431" lon="18.007848">
      </trkpt>
      <trkpt lat="49.042583" lon="18.008532">
      </trkpt>
      <trkpt lat="49.042792" lon="18.00908">
      </trkpt>
      <trkpt lat="49.043983" lon="18.012901">
      </trkpt>
      <trkpt lat="49.045375" lon="18.013756">
      </trkpt>
      <trkpt lat="49.045427" lon="18.013786">
      </trkpt>
      <trkpt lat="49.045539" lon="18.0138">
      </trkpt>
      <trkpt lat="49.045782" lon="18.013788">
      </trkpt>
      <trkpt lat="49.045918" lon="18.013742">
      </trkpt>
      <trkpt lat="49.047559" lon="18.012417">
      </trkpt>
      <trkpt lat="49.050148" lon="18.010289">
      </trkpt>
      <trkpt lat="49.051082" lon="18.009695">
      </trkpt>
      <trkpt lat="49.052174" lon="18.008665">
      </trkpt>
      <trkpt lat="49.05261" lon="18.008282">
      </trkpt>
      <trkpt lat="49.052939" lon="18.007927">
      </trkpt>
      <trkpt lat="49.053273" lon="18.007398">
      </trkpt>
      <trkpt lat="49.05346" lon="18.006888">
      </trkpt>
      <trkpt lat="49.054449" lon="18.004591">
      </trkpt>
      <trkpt lat="49.054852" lon="18.003908">
      </trkpt>
      <trkpt lat="49.05495" lon="18.003741">
      </trkpt>
      <trkpt lat="49.055134" lon="18.003362">
      </trkpt>
      <trkpt lat="49.055391" lon="18.002683">
      </trkpt>
      <trkpt lat="49.05566" lon="18.002135">
      </trkpt>
      <trkpt lat="49.055964" lon="18.001334">
      </trkpt>
      <trkpt lat="49.056121" lon="18.000808">
      </trkpt>
      <trkpt lat="49.056505" lon="17.999232">
      </trkpt>
      <trkpt lat="49.056596" lon="17.998771">
      </trkpt>
      <trkpt lat="49.057282" lon="17.996595">
      </trkpt>
      <trkpt lat="49.057467" lon="17.996018">
      </trkpt>
      <trkpt lat="49.060244" lon="17.992295">
      </trkpt>
      <trkpt lat="49.060735" lon="17.991894">
      </trkpt>
      <trkpt lat="49.061412" lon="17.991195">
      </trkpt>
      <trkpt lat="49.06373" lon="17.988677">
      </trkpt>
      <trkpt lat="49.064101" lon="17.988351">
      </trkpt>
      <trkpt lat="49.069712" lon="17.987765">
      </trkpt>
      <trkpt lat="49.071534" lon="17.993749">
      </trkpt>
      <trkpt lat="49.071584" lon="17.994284">
      </trkpt>
      <trkpt lat="49.071729" lon="17.995426">
      </trkpt>
      <trkpt lat="49.071778" lon="17.995904">
      </trkpt>
      <trkpt lat="49.069747" lon="18.004513">
      </trkpt>
      <trkpt lat="49.069726" lon="18.004603">
      </trkpt>
      <trkpt lat="49.068076" lon="18.007779">
      </trkpt>
      <trkpt lat="49.066512" lon="18.014569">
      </trkpt>
      <trkpt lat="49.062597" lon="18.018156">
      </trkpt>
      <trkpt lat="49.059271" lon="18.019243">
      </trkpt>
      <trkpt lat="49.057265" lon="18.01919">
      </trkpt>
      <trkpt lat="49.056552" lon="18.019249">
      </trkpt>
      <trkpt lat="49.055938" lon="18.019389">
      </trkpt>
      <trkpt lat="49.054853" lon="18.023134">
      </trkpt>
      <trkpt lat="49.054554" lon="18.023559">
      </trkpt>
      <trkpt lat="49.053925" lon="18.024493">
      </trkpt>
      <trkpt lat="49.053611" lon="18.025044">
      </trkpt>
      <trkpt lat="49.049038" lon="18.027867">
      </trkpt>
      <trkpt lat="49.0438" lon="18.025544">
      </trkpt>
      <trkpt lat="49.042826" lon="18.02423">
      </trkpt>
      <trkpt lat="49.040909" lon="18.022844">
      </trkpt>
      <trkpt lat="49.040298" lon="18.024206">
      </trkpt>
      <trkpt lat="49.039653" lon="18.025929">
      </trkpt>
      <trkpt lat="49.039743" lon="18.026331">
      </trkpt>
      <trkpt lat="49.040103" lon="18.027001">
      </trkpt>
      <trkpt lat="49.041493" lon="18.028582">
      </trkpt>
      <trkpt lat="49.041908" lon="18.037226">
      </trkpt>
      <trkpt lat="49.040765" lon="18.039377">
      </trkpt>
      <trkpt lat="49.040645" lon="18.039553">
      </trkpt>
      <trkpt lat="49.03968" lon="18.040777">
      </trkpt>
      <trkpt lat="49.039281" lon="18.041375">
      </trkpt>
      <trkpt lat="49.038991" lon="18.041899">
      </trkpt>
      <trkpt lat="49.038316" lon="18.043306">
      </trkpt>
      <trkpt lat="49.038214" lon="18.043711">
      </trkpt>
      <trkpt lat="49.036482" lon="18.048126">
      </trkpt>
      <trkpt lat="49.031486" lon="18.051412">
      </trkpt>
      <trkpt lat="49.031186" lon="18.051493">
      </trkpt>
      <trkpt lat="49.027898" lon="18.051983">
      </trkpt>
      <trkpt lat="49.027411" lon="18.052448">
      </trkpt>
      <trkpt lat="49.023757" lon="18.055804">
      </trkpt>
      <trkpt lat="49.025848" lon="18.061167">
      </trkpt>
      <trkpt lat="49.023949" lon="18.069007">
      </trkpt>
      <trkpt lat="49.023643" lon="18.069529">
      </trkpt>
      <trkpt lat="49.020983" lon="18.075178">
      </trkpt>
      <trkpt lat="49.020418" lon="18.076019">
      </trkpt>
      <trkpt lat="49.023406" lon="18.078027">
      </trkpt>
      <trkpt lat="49.025378" lon="18.075766">
      </trkpt>
      <trkpt lat="49.026508" lon="18.073373">
      </trkpt>
      <trkpt lat="49.027384" lon="18.07058">
      </trkpt>
      <trkpt lat="49.036163" lon="18.07161">
      </trkpt>
      <trkpt lat="49.036633" lon="18.072199">
      </trkpt>
      <trkpt lat="49.037484" lon="18.072695">
      </trkpt>
      <trkpt lat="49.04017" lon="18.074049">
      </trkpt>
      <trkpt lat="49.042807" lon="18.071598">
      </trkpt>
      <trkpt lat="49.038983" lon="18.065125">
      </trkpt>
      <trkpt lat="49.037349" lon="18.061588">
      </trkpt>
      <trkpt lat="49.039443" lon="18.053111">
      </trkpt>
      <trkpt lat="49.041052" lon="18.050734">
      </trkpt>
      <trkpt lat="49.041345" lon="18.050125">
      </trkpt>
      <trkpt lat="49.041857" lon="18.048355">
      </trkpt>
      <trkpt lat="49.042141" lon="18.047636">
      </trkpt>
      <trkpt lat="49.042276" lon="18.047157">
      </trkpt>
      <trkpt lat="49.042357" lon="18.046655">
      </trkpt>
      <trkpt lat="49.051265" lon="18.046206">
      </trkpt>
      <trkpt lat="49.054865" lon="18.046168">
      </trkpt>
      <trkpt lat="49.060608" lon="18.049595">
      </trkpt>
      <trkpt lat="49.064156" lon="18.050385">
      </trkpt>
      <trkpt lat="49.072361" lon="18.052636">
      </trkpt>
      <trkpt lat="49.0792" lon="18.055003">
      </trkpt>
      <trkpt lat="49.082568" lon="18.056275">
      </trkpt>
      <trkpt lat="49.082938" lon="18.055423">
      </trkpt>
      <trkpt lat="49.083053" lon="18.055102">
      </trkpt>
      <trkpt lat="49.083184" lon="18.054518">
      </trkpt>
      <trkpt lat="49.083258" lon="18.053802">
      </trkpt>
      <trkpt lat="49.083275" lon="18.052919">
      </trkpt>
      <trkpt lat="49.083295" lon="18.052607">
      </trkpt>
      <trkpt lat="49.083372" lon="18.051788">
      </trkpt>
      <trkpt lat="49.08338" lon="18.051389">
      </trkpt>
      <trkpt lat="49.083306" lon="18.050772">
      </trkpt>
      <trkpt lat="49.082871" lon="18.049504">
      </trkpt>
      <trkpt lat="49.082516" lon="18.048281">
      </trkpt>
      <trkpt lat="49.082344" lon="18.046746">
      </trkpt>
      <trkpt lat="49.08226" lon="18.046295">
      </trkpt>
      <trkpt lat="49.082147" lon="18.045872">
      </trkpt>
      <trkpt lat="49.085404" lon="18.038105">
      </trkpt>
      <trkpt lat="49.089974" lon="18.037163">
      </trkpt>
      <trkpt lat="49.095336" lon="18.040755">
      </trkpt>
      <trkpt lat="49.095817" lon="18.041405">
      </trkpt>
      <trkpt lat="49.096221" lon="18.041797">
      </trkpt>
      <trkpt lat="49.098381" lon="18.044156">
      </trkpt>
      <trkpt lat="49.098698" lon="18.044584">
      </trkpt>
      <trkpt lat="49.099042" lon="18.044978">
      </trkpt>
      <trkpt lat="49.100875" lon="18.046356">
      </trkpt>
      <trkpt lat="49.102581" lon="18.054343">
      </trkpt>
      <trkpt lat="49.101537" lon="18.055625">
      </trkpt>
      <trkpt lat="49.100993" lon="18.056387">
      </trkpt>
      <trkpt lat="49.103316" lon="18.064354">
      </trkpt>
      <trkpt lat="49.10207" lon="18.067731">
      </trkpt>
      <trkpt lat="49.103192" lon="18.074788">
      </trkpt>
      <trkpt lat="49.100784" lon="18.078359">
      </trkpt>
      <trkpt lat="49.096051" lon="18.080458">
      </trkpt>
      <trkpt lat="49.096266" lon="18.084052">
      </trkpt>
      <trkpt lat="49.097651" lon="18.085343">
      </trkpt>
      <trkpt lat="49.101138" lon="18.086238">
      </trkpt>
      <trkpt lat="49.104699" lon="18.085631">
      </trkpt>
      <trkpt lat="49.109646" lon="18.085625">
      </trkpt>
      <trkpt lat="49.11493" lon="18.088639">
      </trkpt>
      <trkpt lat="49.122615" lon="18.092093">
      </trkpt>
      <trkpt lat="49.124707" lon="18.098679">
      </trkpt>
      <trkpt lat="49.124634" lon="18.099491">
      </trkpt>
      <trkpt lat="49.123817" lon="18.103191">
      </trkpt>
      <trkpt lat="49.123674" lon="18.103754">
      </trkpt>
      <trkpt lat="49.123679" lon="18.104234">
      </trkpt>
      <trkpt lat="49.123693" lon="18.10433">
      </trkpt>
      <trkpt lat="49.125903" lon="18.105008">
      </trkpt>
      <trkpt lat="49.126966" lon="18.105125">
      </trkpt>
      <trkpt lat="49.128137" lon="18.104474">
      </trkpt>
      <trkpt lat="49.128561" lon="18.103737">
      </trkpt>
      <trkpt lat="49.128664" lon="18.103329">
      </trkpt>
      <trkpt lat="49.128706" lon="18.102758">
      </trkpt>
      <trkpt lat="49.1295" lon="18.099862">
      </trkpt>
      <trkpt lat="49.129304" lon="18.099195">
      </trkpt>
      <trkpt lat="49.135563" lon="18.093634">
      </trkpt>
      <trkpt lat="49.138381" lon="18.09836">
      </trkpt>
      <trkpt lat="49.138622" lon="18.099353">
      </trkpt>
      <trkpt lat="49.139603" lon="18.100521">
      </trkpt>
      <trkpt lat="49.139926" lon="18.100914">
      </trkpt>
      <trkpt lat="49.14326" lon="18.103351">
      </trkpt>
      <trkpt lat="49.145732" lon="18.11026">
      </trkpt>
      <trkpt lat="49.145952" lon="18.110627">
      </trkpt>
      <trkpt lat="49.147421" lon="18.112143">
      </trkpt>
      <trkpt lat="49.147869" lon="18.112523">
      </trkpt>
      <trkpt lat="49.149447" lon="18.113427">
      </trkpt>
      <trkpt lat="49.153047" lon="18.113399">
      </trkpt>
      <trkpt lat="49.157525" lon="18.108304">
      </trkpt>
      <trkpt lat="49.163151" lon="18.111363">
      </trkpt>
      <trkpt lat="49.163774" lon="18.111424">
      </trkpt>
      <trkpt lat="49.164983" lon="18.111336">
      </trkpt>
      <trkpt lat="49.166745" lon="18.111135">
      </trkpt>
      <trkpt lat="49.167657" lon="18.11051">
      </trkpt>
      <trkpt lat="49.176274" lon="18.111746">
      </trkpt>
      <trkpt lat="49.177291" lon="18.11355">
      </trkpt>
      <trkpt lat="49.178273" lon="18.115289">
      </trkpt>
      <trkpt lat="49.178986" lon="18.116999">
      </trkpt>
      <trkpt lat="49.178868" lon="18.12435">
      </trkpt>
      <trkpt lat="49.175705" lon="18.131117">
      </trkpt>
      <trkpt lat="49.170692" lon="18.136892">
      </trkpt>
      <trkpt lat="49.16763" lon="18.137535">
      </trkpt>
      <trkpt lat="49.166876" lon="18.137855">
      </trkpt>
      <trkpt lat="49.166491" lon="18.138191">
      </trkpt>
      <trkpt lat="49.166147" lon="18.138679">
      </trkpt>
      <trkpt lat="49.16596" lon="18.139205">
      </trkpt>
      <trkpt lat="49.163527" lon="18.144758">
      </trkpt>
      <trkpt lat="49.165282" lon="18.152332">
      </trkpt>
      <trkpt lat="49.165557" lon="18.154026">
      </trkpt>
      <trkpt lat="49.166794" lon="18.157407">
      </trkpt>
      <trkpt lat="49.168155" lon="18.163898">
      </trkpt>
      <trkpt lat="49.168408" lon="18.165013">
      </trkpt>
      <trkpt lat="49.169576" lon="18.166681">
      </trkpt>
      <trkpt lat="49.17032" lon="18.167266">
      </trkpt>
      <trkpt lat="49.170877" lon="18.167471">
      </trkpt>
      <trkpt lat="49.171345" lon="18.167558">
      </trkpt>
      <trkpt lat="49.172197" lon="18.167521">
      </trkpt>
      <trkpt lat="49.173075" lon="18.167419">
      </trkpt>
      <trkpt lat="49.174259" lon="18.167052">
      </trkpt>
      <trkpt lat="49.174585" lon="18.166779">
      </trkpt>
      <trkpt lat="49.180963" lon="18.164064">
      </trkpt>
      <trkpt lat="49.188373" lon="18.161563">
      </trkpt>
      <trkpt lat="49.189803" lon="18.16846">
      </trkpt>
      <trkpt lat="49.189293" lon="18.170189">
      </trkpt>
      <trkpt lat="49.188596" lon="18.171852">
      </trkpt>
      <trkpt lat="49.189517" lon="18.172441">
      </trkpt>
      <trkpt lat="49.191108" lon="18.180687">
      </trkpt>
      <trkpt lat="49.191852" lon="18.18216">
      </trkpt>
      <trkpt lat="49.193822" lon="18.18962">
      </trkpt>
      <trkpt lat="49.193862" lon="18.19006">
      </trkpt>
      <trkpt lat="49.195614" lon="18.19362">
      </trkpt>
      <trkpt lat="49.196795" lon="18.196419">
      </trkpt>
      <trkpt lat="49.198118" lon="18.196474">
      </trkpt>
      <trkpt lat="49.198525" lon="18.196425">
      </trkpt>
      <trkpt lat="49.200336" lon="18.19577">
      </trkpt>
      <trkpt lat="49.200334" lon="18.195758">
      </trkpt>
      <trkpt lat="49.199457" lon="18.193255">
      </trkpt>
      <trkpt lat="49.198512" lon="18.189087">
      </trkpt>
      <trkpt lat="49.198178" lon="18.185502">
      </trkpt>
      <trkpt lat="49.198044" lon="18.182084">
      </trkpt>
      <trkpt lat="49.196978" lon="18.177377">
      </trkpt>
      <trkpt lat="49.200411" lon="18.172275">
      </trkpt>
      <trkpt lat="49.200895" lon="18.171913">
      </trkpt>
      <trkpt lat="49.20722" lon="18.170186">
      </trkpt>
      <trkpt lat="49.210706" lon="18.163478">
      </trkpt>
      <trkpt lat="49.210636" lon="18.16314">
      </trkpt>
      <trkpt lat="49.210406" lon="18.162266">
      </trkpt>
      <trkpt lat="49.210037" lon="18.161944">
      </trkpt>
      <trkpt lat="49.208592" lon="18.160966">
      </trkpt>
      <trkpt lat="49.207933" lon="18.161119">
      </trkpt>
      <trkpt lat="49.206021" lon="18.16174">
      </trkpt>
      <trkpt lat="49.203301" lon="18.163076">
      </trkpt>
      <trkpt lat="49.202764" lon="18.163292">
      </trkpt>
      <trkpt lat="49.194976" lon="18.163436">
      </trkpt>
      <trkpt lat="49.193142" lon="18.159499">
      </trkpt>
      <trkpt lat="49.19273" lon="18.158758">
      </trkpt>
      <trkpt lat="49.191239" lon="18.154656">
      </trkpt>
      <trkpt lat="49.191147" lon="18.154275">
      </trkpt>
      <trkpt lat="49.190994" lon="18.153829">
      </trkpt>
      <trkpt lat="49.189751" lon="18.151986">
      </trkpt>
      <trkpt lat="49.189199" lon="18.15052">
      </trkpt>
      <trkpt lat="49.189023" lon="18.149764">
      </trkpt>
      <trkpt lat="49.188459" lon="18.14734">
      </trkpt>
      <trkpt lat="49.188556" lon="18.145371">
      </trkpt>
      <trkpt lat="49.188734" lon="18.144631">
      </trkpt>
      <trkpt lat="49.190421" lon="18.141039">
      </trkpt>
      <trkpt lat="49.198737" lon="18.142627">
      </trkpt>
      <trkpt lat="49.202079" lon="18.143966">
      </trkpt>
      <trkpt lat="49.206924" lon="18.142117">
      </trkpt>
      <trkpt lat="49.206812" lon="18.141618">
      </trkpt>
      <trkpt lat="49.208283" lon="18.135637">
      </trkpt>
      <trkpt lat="49.216209" lon="18.135298">
      </trkpt>
      <trkpt lat="49.219711" lon="18.134461">
      </trkpt>
      <trkpt lat="49.224745" lon="18.141426">
      </trkpt>
      <trkpt lat="49.22465" lon="18.142638">
      </trkpt>
      <trkpt lat="49.224665" lon="18.143835">
      </trkpt>
      <trkpt lat="49.224221" lon="18.146907">
      </trkpt>
      <trkpt lat="49.224267" lon="18.148057">
      </trkpt>
      <trkpt lat="49.227858" lon="18.148305">
      </trkpt>
      <trkpt lat="49.232404" lon="18.146492">
      </trkpt>
      <trkpt lat="49.232947" lon="18.146273">
      </trkpt>
      <trkpt lat="49.2335" lon="18.145851">
      </trkpt>
      <trkpt lat="49.23408" lon="18.145086">
      </trkpt>
      <trkpt lat="49.234886" lon="18.14399">
      </trkpt>
      <trkpt lat="49.243836" lon="18.144516">
      </trkpt>
      <trkpt lat="49.244152" lon="18.144812">
      </trkpt>
      <trkpt lat="49.24475" lon="18.145202">
      </trkpt>
      <trkpt lat="49.245619" lon="18.145511">
      </trkpt>
      <trkpt lat="49.253618" lon="18.148095">
      </trkpt>
      <trkpt lat="49.254511" lon="18.149096">
      </trkpt>
      <trkpt lat="49.255358" lon="18.149509">
      </trkpt>
      <trkpt lat="49.255964" lon="18.149649">
      </trkpt>
      <trkpt lat="49.256774" lon="18.146141">
      </trkpt>
      <trkpt lat="49.255643" lon="18.143626">
      </trkpt>
      <trkpt lat="49.255292" lon="18.142728">
      </trkpt>
      <trkpt lat="49.254825" lon="18.14177">
      </trkpt>
      <trkpt lat="49.254252" lon="18.139862">
      </trkpt>
      <trkpt lat="49.253929" lon="18.137227">
      </trkpt>
      <trkpt lat="49.253828" lon="18.136691">
      </trkpt>
      <trkpt lat="49.253526" lon="18.134261">
      </trkpt>
      <trkpt lat="49.249588" lon="18.131814">
      </trkpt>
      <trkpt lat="49.249175" lon="18.131376">
      </trkpt>
      <trkpt lat="49.248393" lon="18.130983">
      </trkpt>
      <trkpt lat="49.247965" lon="18.130862">
      </trkpt>
      <trkpt lat="49.247748" lon="18.121924">
      </trkpt>
      <trkpt lat="49.253475" lon="18.117961">
      </trkpt>
      <trkpt lat="49.256358" lon="18.115805">
      </trkpt>
      <trkpt lat="49.256022" lon="18.115356">
      </trkpt>
      <trkpt lat="49.254884" lon="18.113076">
      </trkpt>
      <trkpt lat="49.254632" lon="18.112391">
      </trkpt>
      <trkpt lat="49.254652" lon="18.108338">
      </trkpt>
      <trkpt lat="49.262707" lon="18.104588">
      </trkpt>
      <trkpt lat="49.267399" lon="18.107013">
      </trkpt>
      <trkpt lat="49.267869" lon="18.107585">
      </trkpt>
      <trkpt lat="49.269599" lon="18.113561">
      </trkpt>
      <trkpt lat="49.269455" lon="18.114278">
      </trkpt>
      <trkpt lat="49.269442" lon="18.114506">
      </trkpt>
      <trkpt lat="49.26944" lon="18.115063">
      </trkpt>
      <trkpt lat="49.269469" lon="18.115509">
      </trkpt>
      <trkpt lat="49.269586" lon="18.116602">
      </trkpt>
      <trkpt lat="49.269594" lon="18.11676">
      </trkpt>
      <trkpt lat="49.26924" lon="18.119253">
      </trkpt>
      <trkpt lat="49.269041" lon="18.119998">
      </trkpt>
      <trkpt lat="49.267933" lon="18.12304">
      </trkpt>
      <trkpt lat="49.266946" lon="18.126199">
      </trkpt>
      <trkpt lat="49.269819" lon="18.131055">
      </trkpt>
      <trkpt lat="49.269977" lon="18.133032">
      </trkpt>
      <trkpt lat="49.270129" lon="18.133663">
      </trkpt>
      <trkpt lat="49.270276" lon="18.134661">
      </trkpt>
      <trkpt lat="49.270453" lon="18.135306">
      </trkpt>
      <trkpt lat="49.270775" lon="18.14014">
      </trkpt>
      <trkpt lat="49.270561" lon="18.141442">
      </trkpt>
      <trkpt lat="49.270302" lon="18.142472">
      </trkpt>
      <trkpt lat="49.270172" lon="18.1432">
      </trkpt>
      <trkpt lat="49.274257" lon="18.149771">
      </trkpt>
      <trkpt lat="49.274327" lon="18.150885">
      </trkpt>
      <trkpt lat="49.276863" lon="18.15127">
      </trkpt>
      <trkpt lat="49.278506" lon="18.150412">
      </trkpt>
      <trkpt lat="49.278701" lon="18.150031">
      </trkpt>
      <trkpt lat="49.280111" lon="18.145211">
      </trkpt>
      <trkpt lat="49.282509" lon="18.141912">
      </trkpt>
      <trkpt lat="49.283023" lon="18.141251">
      </trkpt>
      <trkpt lat="49.283799" lon="18.140135">
      </trkpt>
      <trkpt lat="49.28452" lon="18.139165">
      </trkpt>
      <trkpt lat="49.28631" lon="18.137778">
      </trkpt>
      <trkpt lat="49.289438" lon="18.134203">
      </trkpt>
      <trkpt lat="49.290112" lon="18.133885">
      </trkpt>
      <trkpt lat="49.29138" lon="18.132674">
      </trkpt>
      <trkpt lat="49.291563" lon="18.132533">
      </trkpt>
      <trkpt lat="49.291887" lon="18.132221">
      </trkpt>
      <trkpt lat="49.293165" lon="18.131306">
      </trkpt>
      <trkpt lat="49.300975" lon="18.135417">
      </trkpt>
      <trkpt lat="49.301003" lon="18.136726">
      </trkpt>
      <trkpt lat="49.298043" lon="18.142369">
      </trkpt>
      <trkpt lat="49.297488" lon="18.142696">
      </trkpt>
      <trkpt lat="49.296992" lon="18.143132">
      </trkpt>
      <trkpt lat="49.295232" lon="18.144388">
      </trkpt>
      <trkpt lat="49.294383" lon="18.144739">
      </trkpt>
      <trkpt lat="49.293849" lon="18.145091">
      </trkpt>
      <trkpt lat="49.293365" lon="18.145515">
      </trkpt>
      <trkpt lat="49.29315" lon="18.145775">
      </trkpt>
      <trkpt lat="49.295734" lon="18.148066">
      </trkpt>
      <trkpt lat="49.300057" lon="18.149295">
      </trkpt>
      <trkpt lat="49.303398" lon="18.150635">
      </trkpt>
      <trkpt lat="49.303706" lon="18.15005">
      </trkpt>
      <trkpt lat="49.303901" lon="18.149614">
      </trkpt>
      <trkpt lat="49.30404" lon="18.148938">
      </trkpt>
      <trkpt lat="49.304015" lon="18.148157">
      </trkpt>
      <trkpt lat="49.303997" lon="18.147693">
      </trkpt>
      <trkpt lat="49.303904" lon="18.147001">
      </trkpt>
      <trkpt lat="49.304037" lon="18.144934">
      </trkpt>
      <trkpt lat="49.304316" lon="18.143942">
      </trkpt>
      <trkpt lat="49.312988" lon="18.143909">
      </trkpt>
      <trkpt lat="49.313426" lon="18.145658">
      </trkpt>
      <trkpt lat="49.313386" lon="18.152901">
      </trkpt>
      <trkpt lat="49.312857" lon="18.153902">
      </trkpt>
      <trkpt lat="49.312653" lon="18.154407">
      </trkpt>
      <trkpt lat="49.312421" lon="18.154847">
      </trkpt>
      <trkpt lat="49.311576" lon="18.156172">
      </trkpt>
      <trkpt lat="49.31131" lon="18.156716">
      </trkpt>
      <trkpt lat="49.311073" lon="18.157301">
      </trkpt>
      <trkpt lat="49.310864" lon="18.157995">
      </trkpt>
      <trkpt lat="49.310775" lon="18.158463">
      </trkpt>
      <trkpt lat="49.310302" lon="18.160701">
      </trkpt>
      <trkpt lat="49.309684" lon="18.162267">
      </trkpt>
      <trkpt lat="49.305331" lon="18.167017">
      </trkpt>
      <trkpt lat="49.30543" lon="18.170616">
      </trkpt>
      <trkpt lat="49.306787" lon="18.170578">
      </trkpt>
      <trkpt lat="49.30787" lon="18.170371">
      </trkpt>
      <trkpt lat="49.308653" lon="18.170079">
      </trkpt>
      <trkpt lat="49.309674" lon="18.169524">
      </trkpt>
      <trkpt lat="49.310365" lon="18.169094">
      </trkpt>
      <trkpt lat="49.310969" lon="18.168601">
      </trkpt>
      <trkpt lat="49.311501" lon="18.168035">
      </trkpt>
      <trkpt lat="49.312353" lon="18.16645">
      </trkpt>
      <trkpt lat="49.320977" lon="18.165168">
      </trkpt>
      <trkpt lat="49.32432" lon="18.171237">
      </trkpt>
      <trkpt lat="49.326569" lon="18.172857">
      </trkpt>
      <trkpt lat="49.330664" lon="18.178377">
      </trkpt>
      <trkpt lat="49.331097" lon="18.178934">
      </trkpt>
      <trkpt lat="49.331179" lon="18.179005">
      </trkpt>
      <trkpt lat="49.33241" lon="18.180055">
      </trkpt>
      <trkpt lat="49.335112" lon="18.180131">
      </trkpt>
      <trkpt lat="49.33517" lon="18.18007">
      </trkpt>
      <trkpt lat="49.335494" lon="18.178197">
      </trkpt>
      <trkpt lat="49.335351" lon="18.17796">
      </trkpt>
      <trkpt lat="49.333546" lon="18.176294">
      </trkpt>
      <trkpt lat="49.331855" lon="18.172574">
      </trkpt>
      <trkpt lat="49.334356" lon="18.165157">
      </trkpt>
      <trkpt lat="49.335056" lon="18.164506">
      </trkpt>
      <trkpt lat="49.335488" lon="18.163828">
      </trkpt>
      <trkpt lat="49.335553" lon="18.16355">
      </trkpt>
      <trkpt lat="49.334454" lon="18.16025">
      </trkpt>
      <trkpt lat="49.334094" lon="18.16033">
      </trkpt>
      <trkpt lat="49.330445" lon="18.160921">
      </trkpt>
      <trkpt lat="49.324463" lon="18.154317">
      </trkpt>
      <trkpt lat="49.325335" lon="18.149353">
      </trkpt>
      <trkpt lat="49.32689" lon="18.141008">
      </trkpt>
      <trkpt lat="49.327728" lon="18.140086">
      </trkpt>
      <trkpt lat="49.328292" lon="18.131772">
      </trkpt>
      <trkpt lat="49.331701" lon="18.126187">
      </trkpt>
      <trkpt lat="49.332745" lon="18.12495">
      </trkpt>
      <trkpt lat="49.334225" lon="18.123435">
      </trkpt>
      <trkpt lat="49.335083" lon="18.122483">
      </trkpt>
      <trkpt lat="49.339454" lon="18.118009">
      </trkpt>
      <trkpt lat="49.339238" lon="18.114415">
      </trkpt>
      <trkpt lat="49.339161" lon="18.114361">
      </trkpt>
      <trkpt lat="49.338442" lon="18.11424">
      </trkpt>
      <trkpt lat="49.336354" lon="18.114405">
      </trkpt>
      <trkpt lat="49.334991" lon="18.114701">
      </trkpt>
      <trkpt lat="49.334843" lon="18.114803">
      </trkpt>
      <trkpt lat="49.333225" lon="18.117537">
      </trkpt>
      <trkpt lat="49.332619" lon="18.118504">
      </trkpt>
      <trkpt lat="49.330861" lon="18.121317">
      </trkpt>
      <trkpt lat="49.330036" lon="18.12237">
      </trkpt>
      <trkpt lat="49.328398" lon="18.12405">
      </trkpt>
      <trkpt lat="49.327729" lon="18.124599">
      </trkpt>
      <trkpt lat="49.327086" lon="18.124984">
      </trkpt>
      <trkpt lat="49.326318" lon="18.125417">
      </trkpt>
      <trkpt lat="49.32573" lon="18.126133">
      </trkpt>
      <trkpt lat="49.325344" lon="18.126895">
      </trkpt>
      <trkpt lat="49.324852" lon="18.128778">
      </trkpt>
      <trkpt lat="49.323809" lon="18.131248">
      </trkpt>
      <trkpt lat="49.32352" lon="18.131928">
      </trkpt>
      <trkpt lat="49.322054" lon="18.134109">
      </trkpt>
      <trkpt lat="49.314547" lon="18.133148">
      </trkpt>
      <trkpt lat="49.313181" lon="18.12971">
      </trkpt>
      <trkpt lat="49.316327" lon="18.121699">
      </trkpt>
      <trkpt lat="49.317532" lon="18.120831">
      </trkpt>
      <trkpt lat="49.318045" lon="18.120507">
      </trkpt>
      <trkpt lat="49.319898" lon="18.117931">
      </trkpt>
      <trkpt lat="49.320179" lon="18.117178">
      </trkpt>
      <trkpt lat="49.320462" lon="18.11588">
      </trkpt>
      <trkpt lat="49.316905" lon="18.115327">
      </trkpt>
      <trkpt lat="49.310187" lon="18.110536">
      </trkpt>
      <trkpt lat="49.308509" lon="18.104831">
      </trkpt>
      <trkpt lat="49.313503" lon="18.100772">
      </trkpt>
      <trkpt lat="49.314903" lon="18.10074">
      </trkpt>
      <trkpt lat="49.315286" lon="18.100559">
      </trkpt>
      <trkpt lat="49.316203" lon="18.099657">
      </trkpt>
      <trkpt lat="49.32485" lon="18.09791">
      </trkpt>
      <trkpt lat="49.329347" lon="18.0999">
      </trkpt>
      <trkpt lat="49.33294" lon="18.099669">
      </trkpt>
      <trkpt lat="49.335967" lon="18.096153">
      </trkpt>
      <trkpt lat="49.339695" lon="18.0916">
      </trkpt>
      <trkpt lat="49.340442" lon="18.090572">
      </trkpt>
      <trkpt lat="49.340665" lon="18.090218">
      </trkpt>
      <trkpt lat="49.340998" lon="18.08947">
      </trkpt>
      <trkpt lat="49.341678" lon="18.087378">
      </trkpt>
      <trkpt lat="49.341479" lon="18.085689">
      </trkpt>
      <trkpt lat="49.34149" lon="18.085157">
      </trkpt>
      <trkpt lat="49.341425" lon="18.084018">
      </trkpt>
      <trkpt lat="49.341427" lon="18.083443">
      </trkpt>
      <trkpt lat="49.341321" lon="18.08215">
      </trkpt>
      <trkpt lat="49.347389" lon="18.076064">
      </trkpt>
      <trkpt lat="49.352592" lon="18.078527">
      </trkpt>
      <trkpt lat="49.353317" lon="18.078963">
      </trkpt>
      <trkpt lat="49.35416" lon="18.07929">
      </trkpt>
      <trkpt lat="49.354905" lon="18.079434">
      </trkpt>
      <trkpt lat="49.356294" lon="18.079378">
      </trkpt>
      <trkpt lat="49.358551" lon="18.076542">
      </trkpt>
      <trkpt lat="49.361875" lon="18.070632">
      </trkpt>
      <trkpt lat="49.369933" lon="18.07017">
      </trkpt>
      <trkpt lat="49.37279" lon="18.076477">
      </trkpt>
      <trkpt lat="49.372648" lon="18.07735">
      </trkpt>
      <trkpt lat="49.372518" lon="18.077872">
      </trkpt>
      <trkpt lat="49.372282" lon="18.078659">
      </trkpt>
      <trkpt lat="49.372217" lon="18.079169">
      </trkpt>
      <trkpt lat="49.372205" lon="18.079836">
      </trkpt>
      <trkpt lat="49.369973" lon="18.085237">
      </trkpt>
      <trkpt lat="49.369566" lon="18.086113">
      </trkpt>
      <trkpt lat="49.369492" lon="18.08651">
      </trkpt>
      <trkpt lat="49.369287" lon="18.087503">
      </trkpt>
      <trkpt lat="49.369285" lon="18.088078">
      </trkpt>
      <trkpt lat="49.368649" lon="18.091806">
      </trkpt>
      <trkpt lat="49.368799" lon="18.092127">
      </trkpt>
      <trkpt lat="49.369269" lon="18.092941">
      </trkpt>
      <trkpt lat="49.370172" lon="18.094181">
      </trkpt>
      <trkpt lat="49.370427" lon="18.094573">
      </trkpt>
      <trkpt lat="49.371111" lon="18.095286">
      </trkpt>
      <trkpt lat="49.372568" lon="18.09688">
      </trkpt>
      <trkpt lat="49.373157" lon="18.097376">
      </trkpt>
      <trkpt lat="49.377886" lon="18.097761">
      </trkpt>
      <trkpt lat="49.379588" lon="18.097967">
      </trkpt>
      <trkpt lat="49.381188" lon="18.098013">
      </trkpt>
      <trkpt lat="49.382126" lon="18.098016">
      </trkpt>
      <trkpt lat="49.38237" lon="18.09798">
      </trkpt>
      <trkpt lat="49.381838" lon="18.094419">
      </trkpt>
      <trkpt lat="49.383208" lon="18.087332">
      </trkpt>
      <trkpt lat="49.388632" lon="18.082976">
      </trkpt>
      <trkpt lat="49.39212" lon="18.083868">
      </trkpt>
      <trkpt lat="49.395803" lon="18.081498">
      </trkpt>
      <trkpt lat="49.40273" lon="18.082989">
      </trkpt>
      <trkpt lat="49.403947" lon="18.083365">
      </trkpt>
      <trkpt lat="49.404093" lon="18.083408">
      </trkpt>
      <trkpt lat="49.404416" lon="18.083473">
      </trkpt>
      <trkpt lat="49.405226" lon="18.079966">
      </trkpt>
      <trkpt lat="49.407984" lon="18.072995">
      </trkpt>
      <trkpt lat="49.408726" lon="18.070704">
      </trkpt>
      <trkpt lat="49.409023" lon="18.06996">
      </trkpt>
      <trkpt lat="49.409187" lon="18.069375">
      </trkpt>
      <trkpt lat="49.418083" lon="18.068861">
      </trkpt>
      <trkpt lat="49.418388" lon="18.069263">
      </trkpt>
      <trkpt lat="49.419258" lon="18.074836">
      </trkpt>
      <trkpt lat="49.41836" lon="18.077303">
      </trkpt>
      <trkpt lat="49.418716" lon="18.078297">
      </trkpt>
      <trkpt lat="49.420805" lon="18.082154">
      </trkpt>
      <trkpt lat="49.420912" lon="18.08236">
      </trkpt>
      <trkpt lat="49.423872" lon="18.082363">
      </trkpt>
      <trkpt lat="49.423935" lon="18.082274">
      </trkpt>
      <trkpt lat="49.424106" lon="18.080699">
      </trkpt>
      <trkpt lat="49.42391" lon="18.075739">
      </trkpt>
      <trkpt lat="49.423946" lon="18.074748">
      </trkpt>
      <trkpt lat="49.424101" lon="18.071665">
      </trkpt>
      <trkpt lat="49.426023" lon="18.06425">
      </trkpt>
      <trkpt lat="49.426951" lon="18.061333">
      </trkpt>
      <trkpt lat="49.43252" lon="18.057208">
      </trkpt>
      <trkpt lat="49.432125" lon="18.053187">
      </trkpt>
      <trkpt lat="49.427454" lon="18.052712">
      </trkpt>
      <trkpt lat="49.426141" lon="18.052731">
      </trkpt>
      <trkpt lat="49.420059" lon="18.050833">
      </trkpt>
      <trkpt lat="49.419142" lon="18.046879">
      </trkpt>
      <trkpt lat="49.419449" lon="18.045766">
      </trkpt>
      <trkpt lat="49.418677" lon="18.043363">
      </trkpt>
      <trkpt lat="49.421298" lon="18.036248">
      </trkpt>
      <trkpt lat="49.421741" lon="18.035773">
      </trkpt>
      <trkpt lat="49.422023" lon="18.03535">
      </trkpt>
      <trkpt lat="49.422263" lon="18.034854">
      </trkpt>
      <trkpt lat="49.422463" lon="18.034175">
      </trkpt>
      <trkpt lat="49.422635" lon="18.032939">
      </trkpt>
      <trkpt lat="49.42595" lon="18.024756">
      </trkpt>
      <trkpt lat="49.427748" lon="18.021335">
      </trkpt>
      <trkpt lat="49.427446" lon="18.018533">
      </trkpt>
      <trkpt lat="49.427348" lon="18.016535">
      </trkpt>
      <trkpt lat="49.426334" lon="18.016085">
      </trkpt>
      <trkpt lat="49.423046" lon="18.008367">
      </trkpt>
      <trkpt lat="49.423102" lon="18.007595">
      </trkpt>
      <trkpt lat="49.422807" lon="18.006704">
      </trkpt>
      <trkpt lat="49.422277" lon="18.006097">
      </trkpt>
      <trkpt lat="49.418285" lon="17.998111">
      </trkpt>
      <trkpt lat="49.419111" lon="17.99588">
      </trkpt>
      <trkpt lat="49.426076" lon="17.992179">
      </trkpt>
      <trkpt lat="49.426267" lon="17.990977">
      </trkpt>
      <trkpt lat="49.426359" lon="17.990483">
      </trkpt>
      <trkpt lat="49.435156" lon="17.988881">
      </trkpt>
      <trkpt lat="49.43784" lon="17.989207">
      </trkpt>
      <trkpt lat="49.438752" lon="17.989064">
      </trkpt>
      <trkpt lat="49.442614" lon="17.983868">
      </trkpt>
      <trkpt lat="49.448966" lon="17.983352">
      </trkpt>
      <trkpt lat="49.454008" lon="17.988615">
      </trkpt>
      <trkpt lat="49.457607" lon="17.988687">
      </trkpt>
      <trkpt lat="49.462667" lon="17.98819">
      </trkpt>
      <trkpt lat="49.466266" lon="17.988112">
      </trkpt>
      <trkpt lat="49.471252" lon="17.981482">
      </trkpt>
      <trkpt lat="49.473028" lon="17.977899">
      </trkpt>
      <trkpt lat="49.473813" lon="17.974414">
      </trkpt>
      <trkpt lat="49.473837" lon="17.972443">
      </trkpt>
      <trkpt lat="49.473766" lon="17.972086">
      </trkpt>
      <trkpt lat="49.472044" lon="17.969572">
      </trkpt>
      <trkpt lat="49.471159" lon="17.962721">
      </trkpt>
      <trkpt lat="49.470227" lon="17.961336">
      </trkpt>
      <trkpt lat="49.468106" lon="17.959984">
      </trkpt>
      <trkpt lat="49.467968" lon="17.960013">
      </trkpt>
      <trkpt lat="49.465052" lon="17.962498">
      </trkpt>
      <trkpt lat="49.464717" lon="17.962741">
      </trkpt>
      <trkpt lat="49.464555" lon="17.962868">
      </trkpt>
      <trkpt lat="49.464387" lon="17.96324">
      </trkpt>
      <trkpt lat="49.462663" lon="17.966381">
      </trkpt>
      <trkpt lat="49.4618" lon="17.96706">
      </trkpt>
      <trkpt lat="49.455539" lon="17.968772">
      </trkpt>
      <trkpt lat="49.452947" lon="17.963474">
      </trkpt>
      <trkpt lat="49.453267" lon="17.962345">
      </trkpt>
      <trkpt lat="49.453332" lon="17.960323">
      </trkpt>
      <trkpt lat="49.453419" lon="17.959635">
      </trkpt>
      <trkpt lat="49.453394" lon="17.958383">
      </trkpt>
      <trkpt lat="49.453214" lon="17.957638">
      </trkpt>
      <trkpt lat="49.453146" lon="17.957453">
      </trkpt>
      <trkpt lat="49.450677" lon="17.956065">
      </trkpt>
      <trkpt lat="49.450132" lon="17.955776">
      </trkpt>
      <trkpt lat="49.446061" lon="17.955896">
      </trkpt>
      <trkpt lat="49.442143" lon="17.949299">
      </trkpt>
      <trkpt lat="49.445949" lon="17.946294">
      </trkpt>
      <trkpt lat="49.446481" lon="17.938636">
      </trkpt>
      <trkpt lat="49.446858" lon="17.936936">
      </trkpt>
      <trkpt lat="49.446959" lon="17.936522">
      </trkpt>
      <trkpt lat="49.447012" lon="17.936125">
      </trkpt>
      <trkpt lat="49.44619" lon="17.934666">
      </trkpt>
      <trkpt lat="49.445994" lon="17.934285">
      </trkpt>
      <trkpt lat="49.445753" lon="17.933887">
      </trkpt>
      <trkpt lat="49.440909" lon="17.930214">
      </trkpt>
      <trkpt lat="49.442426" lon="17.925366">
      </trkpt>
      <trkpt lat="49.443325" lon="17.924446">
      </trkpt>
      <trkpt lat="49.443538" lon="17.923754">
      </trkpt>
      <trkpt lat="49.443576" lon="17.923393">
      </trkpt>
      <trkpt lat="49.43876" lon="17.916696">
      </trkpt>
      <trkpt lat="49.438709" lon="17.916154">
      </trkpt>
      <trkpt lat="49.438259" lon="17.915249">
      </trkpt>
      <trkpt lat="49.437639" lon="17.909499">
      </trkpt>
      <trkpt lat="49.437743" lon="17.908889">
      </trkpt>
      <trkpt lat="49.439459" lon="17.904938">
      </trkpt>
      <trkpt lat="49.445735" lon="17.900362">
      </trkpt>
      <trkpt lat="49.450194" lon="17.903994">
      </trkpt>
      <trkpt lat="49.450906" lon="17.905866">
      </trkpt>
      <trkpt lat="49.451577" lon="17.907318">
      </trkpt>
      <trkpt lat="49.452074" lon="17.909108">
      </trkpt>
      <trkpt lat="49.452273" lon="17.909737">
      </trkpt>
      <trkpt lat="49.452525" lon="17.910325">
      </trkpt>
      <trkpt lat="49.457869" lon="17.910684">
      </trkpt>
      <trkpt lat="49.46154" lon="17.914977">
      </trkpt>
      <trkpt lat="49.461221" lon="17.920642">
      </trkpt>
      <trkpt lat="49.461379" lon="17.923625">
      </trkpt>
      <trkpt lat="49.461058" lon="17.925461">
      </trkpt>
      <trkpt lat="49.460992" lon="17.925845">
      </trkpt>
      <trkpt lat="49.460983" lon="17.926344">
      </trkpt>
      <trkpt lat="49.461087" lon="17.927016">
      </trkpt>
      <trkpt lat="49.4613" lon="17.927633">
      </trkpt>
      <trkpt lat="49.462218" lon="17.931618">
      </trkpt>
      <trkpt lat="49.462248" lon="17.932126">
      </trkpt>
      <trkpt lat="49.462334" lon="17.93299">
      </trkpt>
      <trkpt lat="49.462462" lon="17.933703">
      </trkpt>
      <trkpt lat="49.466005" lon="17.933063">
      </trkpt>
      <trkpt lat="49.465908" lon="17.930185">
      </trkpt>
      <trkpt lat="49.465885" lon="17.929797">
      </trkpt>
      <trkpt lat="49.465671" lon="17.928521">
      </trkpt>
      <trkpt lat="49.46814" lon="17.920856">
      </trkpt>
      <trkpt lat="49.469909" lon="17.912315">
      </trkpt>
      <trkpt lat="49.469549" lon="17.911745">
      </trkpt>
      <trkpt lat="49.468725" lon="17.910695">
      </trkpt>
      <trkpt lat="49.467666" lon="17.910344">
      </trkpt>
      <trkpt lat="49.463199" lon="17.904855">
      </trkpt>
      <trkpt lat="49.463643" lon="17.901982">
      </trkpt>
      <trkpt lat="49.471361" lon="17.897938">
      </trkpt>
      <trkpt lat="49.472616" lon="17.897992">
      </trkpt>
      <trkpt lat="49.473082" lon="17.897913">
      </trkpt>
      <trkpt lat="49.474944" lon="17.897592">
      </trkpt>
      <trkpt lat="49.475031" lon="17.894778">
      </trkpt>
      <trkpt lat="49.475025" lon="17.894108">
      </trkpt>
      <trkpt lat="49.475409" lon="17.890422">
      </trkpt>
      <trkpt lat="49.476553" lon="17.887009">
      </trkpt>
      <trkpt lat="49.480279" lon="17.879333">
      </trkpt>
      <trkpt lat="49.485608" lon="17.883325">
      </trkpt>
      <trkpt lat="49.485858" lon="17.884003">
      </trkpt>
      <trkpt lat="49.486266" lon="17.884545">
      </trkpt>
      <trkpt lat="49.486766" lon="17.885454">
      </trkpt>
      <trkpt lat="49.487053" lon="17.885857">
      </trkpt>
      <trkpt lat="49.487662" lon="17.886659">
      </trkpt>
      <trkpt lat="49.488108" lon="17.886952">
      </trkpt>
      <trkpt lat="49.490969" lon="17.888081">
      </trkpt>
      <trkpt lat="49.491104" lon="17.887767">
      </trkpt>
      <trkpt lat="49.49129" lon="17.887369">
      </trkpt>
      <trkpt lat="49.491471" lon="17.886513">
      </trkpt>
      <trkpt lat="49.491449" lon="17.885917">
      </trkpt>
      <trkpt lat="49.491267" lon="17.885227">
      </trkpt>
      <trkpt lat="49.490776" lon="17.884499">
      </trkpt>
      <trkpt lat="49.489079" lon="17.879505">
      </trkpt>
      <trkpt lat="49.489049" lon="17.879041">
      </trkpt>
      <trkpt lat="49.488948" lon="17.878559">
      </trkpt>
      <trkpt lat="49.489795" lon="17.872974">
      </trkpt>
      <trkpt lat="49.495781" lon="17.869091">
      </trkpt>
      <trkpt lat="49.497387" lon="17.865869">
      </trkpt>
      <trkpt lat="49.49466" lon="17.859844">
      </trkpt>
      <trkpt lat="49.494582" lon="17.859311">
      </trkpt>
      <trkpt lat="49.494481" lon="17.858824">
      </trkpt>
      <trkpt lat="49.494125" lon="17.857923">
      </trkpt>
      <trkpt lat="49.493227" lon="17.85615">
      </trkpt>
      <trkpt lat="49.492799" lon="17.855502">
      </trkpt>
      <trkpt lat="49.492291" lon="17.855005">
      </trkpt>
      <trkpt lat="49.491448" lon="17.854136">
      </trkpt>
      <trkpt lat="49.490193" lon="17.852148">
      </trkpt>
      <trkpt lat="49.489891" lon="17.85184">
      </trkpt>
      <trkpt lat="49.488321" lon="17.850383">
      </trkpt>
      <trkpt lat="49.488013" lon="17.850063">
      </trkpt>
      <trkpt lat="49.487402" lon="17.849663">
      </trkpt>
      <trkpt lat="49.486354" lon="17.849143">
      </trkpt>
      <trkpt lat="49.485518" lon="17.848631">
      </trkpt>
      <trkpt lat="49.484927" lon="17.848216">
      </trkpt>
      <trkpt lat="49.480997" lon="17.842876">
      </trkpt>
      <trkpt lat="49.480949" lon="17.842424">
      </trkpt>
      <trkpt lat="49.481229" lon="17.839985">
      </trkpt>
      <trkpt lat="49.488663" lon="17.835849">
      </trkpt>
      <trkpt lat="49.490249" lon="17.837119">
      </trkpt>
      <trkpt lat="49.491266" lon="17.838079">
      </trkpt>
      <trkpt lat="49.491405" lon="17.838243">
      </trkpt>
      <trkpt lat="49.491877" lon="17.838871">
      </trkpt>
      <trkpt lat="49.492377" lon="17.839357">
      </trkpt>
      <trkpt lat="49.493434" lon="17.84003">
      </trkpt>
      <trkpt lat="49.494006" lon="17.840223">
      </trkpt>
      <trkpt lat="49.494534" lon="17.840369">
      </trkpt>
      <trkpt lat="49.496168" lon="17.840732">
      </trkpt>
      <trkpt lat="49.502331" lon="17.844573">
      </trkpt>
      <trkpt lat="49.502363" lon="17.844606">
      </trkpt>
      <trkpt lat="49.502534" lon="17.844725">
      </trkpt>
      <trkpt lat="49.503676" lon="17.841139">
      </trkpt>
      <trkpt lat="49.502099" lon="17.838528">
      </trkpt>
      <trkpt lat="49.505994" lon="17.830473">
      </trkpt>
      <trkpt lat="49.506394" lon="17.830426">
      </trkpt>
      <trkpt lat="49.506683" lon="17.830352">
      </trkpt>
      <trkpt lat="49.509212" lon="17.829744">
      </trkpt>
      <trkpt lat="49.509594" lon="17.828037">
      </trkpt>
      <trkpt lat="49.509057" lon="17.827546">
      </trkpt>
      <trkpt lat="49.508946" lon="17.827466">
      </trkpt>
      <trkpt lat="49.508497" lon="17.827142">
      </trkpt>
      <trkpt lat="49.504949" lon="17.825823">
      </trkpt>
      <trkpt lat="49.505457" lon="17.816869">
      </trkpt>
      <trkpt lat="49.507826" lon="17.815952">
      </trkpt>
      <trkpt lat="49.508581" lon="17.815821">
      </trkpt>
      <trkpt lat="49.509084" lon="17.815594">
      </trkpt>
      <trkpt lat="49.509835" lon="17.814965">
      </trkpt>
      <trkpt lat="49.51099" lon="17.813341">
      </trkpt>
      <trkpt lat="49.511356" lon="17.812713">
      </trkpt>
      <trkpt lat="49.512401" lon="17.809557">
      </trkpt>
      <trkpt lat="49.512541" lon="17.809288">
      </trkpt>
      <trkpt lat="49.514056" lon="17.802376">
      </trkpt>
      <trkpt lat="49.519852" lon="17.803253">
      </trkpt>
      <trkpt lat="49.521397" lon="17.806491">
      </trkpt>
      <trkpt lat="49.52153" lon="17.807006">
      </trkpt>
      <trkpt lat="49.522554" lon="17.809622">
      </trkpt>
      <trkpt lat="49.523676" lon="17.812447">
      </trkpt>
      <trkpt lat="49.525957" lon="17.82045">
      </trkpt>
      <trkpt lat="49.529521" lon="17.820963">
      </trkpt>
      <trkpt lat="49.535342" lon="17.825806">
      </trkpt>
      <trkpt lat="49.534969" lon="17.82891">
      </trkpt>
      <trkpt lat="49.534589" lon="17.832094">
      </trkpt>
      <trkpt lat="49.531663" lon="17.84004">
      </trkpt>
      <trkpt lat="49.527283" lon="17.842397">
      </trkpt>
      <trkpt lat="49.524685" lon="17.843064">
      </trkpt>
      <trkpt lat="49.523718" lon="17.843862">
      </trkpt>
      <trkpt lat="49.523056" lon="17.844902">
      </trkpt>
      <trkpt lat="49.522905" lon="17.845114">
      </trkpt>
      <trkpt lat="49.52187" lon="17.847197">
      </trkpt>
      <trkpt lat="49.520777" lon="17.849133">
      </trkpt>
      <trkpt lat="49.520442" lon="17.850443">
      </trkpt>
      <trkpt lat="49.520231" lon="17.851145">
      </trkpt>
      <trkpt lat="49.520121" lon="17.851601">
      </trkpt>
      <trkpt lat="49.519793" lon="17.852684">
      </trkpt>
      <trkpt lat="49.519285" lon="17.854414">
      </trkpt>
      <trkpt lat="49.520225" lon="17.859676">
      </trkpt>
      <trkpt lat="49.524061" lon="17.866239">
      </trkpt>
      <trkpt lat="49.525467" lon="17.874619">
      </trkpt>
      <trkpt lat="49.52445" lon="17.877667">
      </trkpt>
      <trkpt lat="49.519109" lon="17.882266">
      </trkpt>
      <trkpt lat="49.513497" lon="17.882832">
      </trkpt>
      <trkpt lat="49.510123" lon="17.884086">
      </trkpt>
      <trkpt lat="49.509422" lon="17.890256">
      </trkpt>
      <trkpt lat="49.509224" lon="17.890709">
      </trkpt>
      <trkpt lat="49.512247" lon="17.893147">
      </trkpt>
      <trkpt lat="49.51733" lon="17.898826">
      </trkpt>
      <trkpt lat="49.516271" lon="17.901838">
      </trkpt>
      <trkpt lat="49.515212" lon="17.90485">
      </trkpt>
      <trkpt lat="49.514152" lon="17.907861">
      </trkpt>
      <trkpt lat="49.512995" lon="17.911155">
      </trkpt>
      <trkpt lat="49.509348" lon="17.918229">
      </trkpt>
      <trkpt lat="49.5077" lon="17.926352">
      </trkpt>
      <trkpt lat="49.507619" lon="17.926606">
      </trkpt>
      <trkpt lat="49.511047" lon="17.927706">
      </trkpt>
      <trkpt lat="49.518165" lon="17.932668">
      </trkpt>
      <trkpt lat="49.522193" lon="17.935044">
      </trkpt>
      <trkpt lat="49.525203" lon="17.933069">
      </trkpt>
      <trkpt lat="49.526345" lon="17.932078">
      </trkpt>
      <trkpt lat="49.529585" lon="17.930508">
      </trkpt>
      <trkpt lat="49.529664" lon="17.930329">
      </trkpt>
      <trkpt lat="49.534672" lon="17.927079">
      </trkpt>
      <trkpt lat="49.540565" lon="17.932121">
      </trkpt>
      <trkpt lat="49.539356" lon="17.935114">
      </trkpt>
      <trkpt lat="49.537674" lon="17.936889">
      </trkpt>
      <trkpt lat="49.537613" lon="17.937015">
      </trkpt>
      <trkpt lat="49.537302" lon="17.937719">
      </trkpt>
      <trkpt lat="49.53731" lon="17.938237">
      </trkpt>
      <trkpt lat="49.537386" lon="17.939349">
      </trkpt>
      <trkpt lat="49.538619" lon="17.940007">
      </trkpt>
      <trkpt lat="49.540093" lon="17.940751">
      </trkpt>
      <trkpt lat="49.540532" lon="17.940924">
      </trkpt>
      <trkpt lat="49.541567" lon="17.939173">
      </trkpt>
      <trkpt lat="49.54253" lon="17.937935">
      </trkpt>
      <trkpt lat="49.542697" lon="17.936454">
      </trkpt>
      <trkpt lat="49.543903" lon="17.933469">
      </trkpt>
      <trkpt lat="49.545612" lon="17.931732">
      </trkpt>
      <trkpt lat="49.553829" lon="17.932787">
      </trkpt>
      <trkpt lat="49.555874" lon="17.934723">
      </trkpt>
      <trkpt lat="49.556362" lon="17.935291">
      </trkpt>
      <trkpt lat="49.557551" lon="17.93722">
      </trkpt>
      <trkpt lat="49.558514" lon="17.938871">
      </trkpt>
      <trkpt lat="49.559758" lon="17.946448">
      </trkpt>
      <trkpt lat="49.557336" lon="17.952385">
      </trkpt>
      <trkpt lat="49.557077" lon="17.952694">
      </trkpt>
      <trkpt lat="49.556824" lon="17.95302">
      </trkpt>
      <trkpt lat="49.556734" lon="17.954144">
      </trkpt>
      <trkpt lat="49.556812" lon="17.954468">
      </trkpt>
      <trkpt lat="49.556881" lon="17.954674">
      </trkpt>
      <trkpt lat="49.557062" lon="17.954703">
      </trkpt>
      <trkpt lat="49.55967" lon="17.955225">
      </trkpt>
      <trkpt lat="49.564925" lon="17.954009">
      </trkpt>
      <trkpt lat="49.569368" lon="17.961568">
      </trkpt>
      <trkpt lat="49.56934" lon="17.961686">
      </trkpt>
      <trkpt lat="49.56593" lon="17.966659">
      </trkpt>
      <trkpt lat="49.563638" lon="17.967455">
      </trkpt>
      <trkpt lat="49.563147" lon="17.968013">
      </trkpt>
      <trkpt lat="49.562223" lon="17.96956">
      </trkpt>
      <trkpt lat="49.560033" lon="17.973243">
      </trkpt>
      <trkpt lat="49.559823" lon="17.973984">
      </trkpt>
      <trkpt lat="49.55968" lon="17.974634">
      </trkpt>
      <trkpt lat="49.557377" lon="17.983183">
      </trkpt>
      <trkpt lat="49.557237" lon="17.983688">
      </trkpt>
      <trkpt lat="49.558263" lon="17.985589">
      </trkpt>
      <trkpt lat="49.56285" lon="17.992283">
      </trkpt>
      <trkpt lat="49.565337" lon="17.994602">
      </trkpt>
      <trkpt lat="49.565933" lon="17.995039">
      </trkpt>
      <trkpt lat="49.568061" lon="17.992135">
      </trkpt>
      <trkpt lat="49.567308" lon="17.991071">
      </trkpt>
      <trkpt lat="49.567097" lon="17.990689">
      </trkpt>
      <trkpt lat="49.568985" lon="17.983091">
      </trkpt>
      <trkpt lat="49.57257" lon="17.982761">
      </trkpt>
      <trkpt lat="49.578082" lon="17.980231">
      </trkpt>
      <trkpt lat="49.583071" lon="17.983087">
      </trkpt>
      <trkpt lat="49.584454" lon="17.987046">
      </trkpt>
      <trkpt lat="49.584334" lon="17.98865">
      </trkpt>
      <trkpt lat="49.584195" lon="17.990465">
      </trkpt>
      <trkpt lat="49.584163" lon="17.990885">
      </trkpt>
      <trkpt lat="49.584013" lon="17.992868">
      </trkpt>
      <trkpt lat="49.583837" lon="17.995022">
      </trkpt>
      <trkpt lat="49.583821" lon="17.995213">
      </trkpt>
      <trkpt lat="49.583657" lon="17.997341">
      </trkpt>
      <trkpt lat="49.583646" lon="17.99748">
      </trkpt>
      <trkpt lat="49.583651" lon="17.997993">
      </trkpt>
      <trkpt lat="49.582396" lon="18.002859">
      </trkpt>
      <trkpt lat="49.583129" lon="18.004648">
      </trkpt>
      <trkpt lat="49.584975" lon="18.006745">
      </trkpt>
      <trkpt lat="49.586772" lon="18.008124">
      </trkpt>
      <trkpt lat="49.589267" lon="18.008204">
      </trkpt>
      <trkpt lat="49.596632" lon="18.013159">
      </trkpt>
      <trkpt lat="49.60195" lon="18.019441">
      </trkpt>
      <trkpt lat="49.601905" lon="18.025522">
      </trkpt>
      <trkpt lat="49.602834" lon="18.031223">
      </trkpt>
      <trkpt lat="49.604677" lon="18.034315">
      </trkpt>
      <trkpt lat="49.606735" lon="18.040129">
      </trkpt>
      <trkpt lat="49.607041" lon="18.043882">
      </trkpt>
      <trkpt lat="49.606987" lon="18.050273">
      </trkpt>
      <trkpt lat="49.604666" lon="18.055461">
      </trkpt>
      <trkpt lat="49.607351" lon="18.057859">
      </trkpt>
      <trkpt lat="49.611457" lon="18.058584">
      </trkpt>
      <trkpt lat="49.61207" lon="18.058569">
      </trkpt>
      <trkpt lat="49.612655" lon="18.058458">
      </trkpt>
      <trkpt lat="49.612682" lon="18.053486">
      </trkpt>
      <trkpt lat="49.610931" lon="18.04729">
      </trkpt>
      <trkpt lat="49.610629" lon="18.043589">
      </trkpt>
      <trkpt lat="49.610323" lon="18.039836">
      </trkpt>
      <trkpt lat="49.610017" lon="18.036082">
      </trkpt>
      <trkpt lat="49.60971" lon="18.032328">
      </trkpt>
      <trkpt lat="49.609112" lon="18.024988">
      </trkpt>
      <trkpt lat="49.608448" lon="18.017054">
      </trkpt>
      <trkpt lat="49.60829" lon="18.015723">
      </trkpt>
      <trkpt lat="49.60819" lon="18.015041">
      </trkpt>
      <trkpt lat="49.607959" lon="18.013723">
      </trkpt>
      <trkpt lat="49.60768" lon="18.012405">
      </trkpt>
      <trkpt lat="49.61013" lon="18.004343">
      </trkpt>
      <trkpt lat="49.610703" lon="18.003025">
      </trkpt>
      <trkpt lat="49.612631" lon="17.998893">
      </trkpt>
      <trkpt lat="49.6123" lon="17.997345">
      </trkpt>
      <trkpt lat="49.611991" lon="17.996713">
      </trkpt>
      <trkpt lat="49.610407" lon="17.996063">
      </trkpt>
      <trkpt lat="49.60957" lon="17.99672">
      </trkpt>
      <trkpt lat="49.607134" lon="17.998139">
      </trkpt>
      <trkpt lat="49.6005" lon="17.995736">
      </trkpt>
      <trkpt lat="49.599718" lon="17.994132">
      </trkpt>
      <trkpt lat="49.59932" lon="17.99327">
      </trkpt>
      <trkpt lat="49.598813" lon="17.992032">
      </trkpt>
      <trkpt lat="49.598437" lon="17.990985">
      </trkpt>
      <trkpt lat="49.598267" lon="17.990492">
      </trkpt>
      <trkpt lat="49.597895" lon="17.989272">
      </trkpt>
      <trkpt lat="49.597666" lon="17.988404">
      </trkpt>
      <trkpt lat="49.597433" lon="17.987476">
      </trkpt>
      <trkpt lat="49.59673" lon="17.984372">
      </trkpt>
      <trkpt lat="49.596448" lon="17.983286">
      </trkpt>
      <trkpt lat="49.596225" lon="17.982555">
      </trkpt>
      <trkpt lat="49.595931" lon="17.981715">
      </trkpt>
      <trkpt lat="49.595598" lon="17.980887">
      </trkpt>
      <trkpt lat="49.595414" lon="17.980474">
      </trkpt>
      <trkpt lat="49.595176" lon="17.972511">
      </trkpt>
      <trkpt lat="49.595977" lon="17.970785">
      </trkpt>
      <trkpt lat="49.596144" lon="17.970262">
      </trkpt>
      <trkpt lat="49.596225" lon="17.96981">
      </trkpt>
      <trkpt lat="49.596441" lon="17.967884">
      </trkpt>
      <trkpt lat="49.59702" lon="17.964735">
      </trkpt>
      <trkpt lat="49.598055" lon="17.961478">
      </trkpt>
      <trkpt lat="49.597819" lon="17.96014">
      </trkpt>
      <trkpt lat="49.597749" lon="17.959585">
      </trkpt>
      <trkpt lat="49.59762" lon="17.959096">
      </trkpt>
      <trkpt lat="49.597126" lon="17.95778">
      </trkpt>
      <trkpt lat="49.596771" lon="17.957025">
      </trkpt>
      <trkpt lat="49.596393" lon="17.956501">
      </trkpt>
      <trkpt lat="49.592916" lon="17.956373">
      </trkpt>
      <trkpt lat="49.586028" lon="17.954157">
      </trkpt>
      <trkpt lat="49.585244" lon="17.950229">
      </trkpt>
      <trkpt lat="49.585368" lon="17.949243">
      </trkpt>
      <trkpt lat="49.585925" lon="17.947078">
      </trkpt>
      <trkpt lat="49.586511" lon="17.944776">
      </trkpt>
      <trkpt lat="49.587098" lon="17.942474">
      </trkpt>
      <trkpt lat="49.587684" lon="17.940172">
      </trkpt>
      <trkpt lat="49.58822" lon="17.939278">
      </trkpt>
      <trkpt lat="49.596242" lon="17.943002">
      </trkpt>
      <trkpt lat="49.596745" lon="17.94452">
      </trkpt>
      <trkpt lat="49.597335" lon="17.94713">
      </trkpt>
      <trkpt lat="49.600847" lon="17.946336">
      </trkpt>
      <trkpt lat="49.608344" lon="17.946285">
      </trkpt>
      <trkpt lat="49.610503" lon="17.949317">
      </trkpt>
      <trkpt lat="49.61198" lon="17.949496">
      </trkpt>
      <trkpt lat="49.612523" lon="17.949592">
      </trkpt>
      <trkpt lat="49.613952" lon="17.948284">
      </trkpt>
      <trkpt lat="49.614086" lon="17.947869">
      </trkpt>
      <trkpt lat="49.614111" lon="17.947558">
      </trkpt>
      <trkpt lat="49.612784" lon="17.94475">
      </trkpt>
      <trkpt lat="49.609752" lon="17.939359">
      </trkpt>
      <trkpt lat="49.609375" lon="17.938172">
      </trkpt>
      <trkpt lat="49.609447" lon="17.932534">
      </trkpt>
      <trkpt lat="49.607151" lon="17.930868">
      </trkpt>
      <trkpt lat="49.601652" lon="17.928357">
      </trkpt>
      <trkpt lat="49.598301" lon="17.926171">
      </trkpt>
      <trkpt lat="49.59655" lon="17.931684">
      </trkpt>
      <trkpt lat="49.589082" lon="17.929219">
      </trkpt>
      <trkpt lat="49.588818" lon="17.928513">
      </trkpt>
      <trkpt lat="49.587791" lon="17.926561">
      </trkpt>
      <trkpt lat="49.587514" lon="17.925971">
      </trkpt>
      <trkpt lat="49.586964" lon="17.924384">
      </trkpt>
      <trkpt lat="49.591043" lon="17.917641">
      </trkpt>
      <trkpt lat="49.594299" lon="17.916105">
      </trkpt>
      <trkpt lat="49.593309" lon="17.913766">
      </trkpt>
      <trkpt lat="49.592683" lon="17.911586">
      </trkpt>
      <trkpt lat="49.59284" lon="17.907549">
      </trkpt>
      <trkpt lat="49.593252" lon="17.905233">
      </trkpt>
      <trkpt lat="49.593606" lon="17.903515">
      </trkpt>
      <trkpt lat="49.593906" lon="17.900614">
      </trkpt>
      <trkpt lat="49.6001" lon="17.896364">
      </trkpt>
      <trkpt lat="49.602353" lon="17.897276">
      </trkpt>
      <trkpt lat="49.605153" lon="17.900434">
      </trkpt>
      <trkpt lat="49.605278" lon="17.900618">
      </trkpt>
      <trkpt lat="49.605455" lon="17.900821">
      </trkpt>
      <trkpt lat="49.606968" lon="17.903391">
      </trkpt>
      <trkpt lat="49.608414" lon="17.910073">
      </trkpt>
      <trkpt lat="49.608242" lon="17.913652">
      </trkpt>
      <trkpt lat="49.615155" lon="17.91622">
      </trkpt>
      <trkpt lat="49.618425" lon="17.914714">
      </trkpt>
      <trkpt lat="49.621613" lon="17.912629">
      </trkpt>
      <trkpt lat="49.628395" lon="17.914425">
      </trkpt>
      <trkpt lat="49.629679" lon="17.917343">
      </trkpt>
      <trkpt lat="49.630868" lon="17.926213">
      </trkpt>
      <trkpt lat="49.628782" lon="17.929333">
      </trkpt>
      <trkpt lat="49.628775" lon="17.92937">
      </trkpt>
      <trkpt lat="49.628159" lon="17.931723">
      </trkpt>
      <trkpt lat="49.627543" lon="17.934077">
      </trkpt>
      <trkpt lat="49.627072" lon="17.935877">
      </trkpt>
      <trkpt lat="49.626601" lon="17.937677">
      </trkpt>
      <trkpt lat="49.630084" lon="17.938589">
      </trkpt>
      <trkpt lat="49.632542" lon="17.936707">
      </trkpt>
      <trkpt lat="49.638378" lon="17.935972">
      </trkpt>
      <trkpt lat="49.641027" lon="17.942197">
      </trkpt>
      <trkpt lat="49.636514" lon="17.949857">
      </trkpt>
      <trkpt lat="49.635433" lon="17.953291">
      </trkpt>
      <trkpt lat="49.635669" lon="17.962158">
      </trkpt>
      <trkpt lat="49.634361" lon="17.963226">
      </trkpt>
      <trkpt lat="49.635312" lon="17.964526">
      </trkpt>
      <trkpt lat="49.637938" lon="17.965154">
      </trkpt>
      <trkpt lat="49.639351" lon="17.963478">
      </trkpt>
      <trkpt lat="49.645445" lon="17.960198">
      </trkpt>
      <trkpt lat="49.646227" lon="17.95593">
      </trkpt>
      <trkpt lat="49.649546" lon="17.94825">
      </trkpt>
      <trkpt lat="49.649836" lon="17.947782">
      </trkpt>
      <trkpt lat="49.647717" lon="17.941647">
      </trkpt>
      <trkpt lat="49.651077" lon="17.934148">
      </trkpt>
      <trkpt lat="49.657841" lon="17.932602">
      </trkpt>
      <trkpt lat="49.659644" lon="17.928931">
      </trkpt>
      <trkpt lat="49.659731" lon="17.927333">
      </trkpt>
      <trkpt lat="49.661454" lon="17.923207">
      </trkpt>
      <trkpt lat="49.668771" lon="17.923752">
      </trkpt>
      <trkpt lat="49.670452" lon="17.926261">
      </trkpt>
      <trkpt lat="49.671752" lon="17.928105">
      </trkpt>
      <trkpt lat="49.669601" lon="17.935336">
      </trkpt>
      <trkpt lat="49.668901" lon="17.938333">
      </trkpt>
      <trkpt lat="49.669082" lon="17.942619">
      </trkpt>
      <trkpt lat="49.669285" lon="17.942992">
      </trkpt>
      <trkpt lat="49.670443" lon="17.944511">
      </trkpt>
      <trkpt lat="49.671498" lon="17.945772">
      </trkpt>
      <trkpt lat="49.672567" lon="17.946943">
      </trkpt>
      <trkpt lat="49.673481" lon="17.947603">
      </trkpt>
      <trkpt lat="49.674969" lon="17.949086">
      </trkpt>
      <trkpt lat="49.677047" lon="17.956882">
      </trkpt>
      <trkpt lat="49.675895" lon="17.959001">
      </trkpt>
      <trkpt lat="49.67368" lon="17.960906">
      </trkpt>
      <trkpt lat="49.673213" lon="17.961453">
      </trkpt>
      <trkpt lat="49.672929" lon="17.96187">
      </trkpt>
      <trkpt lat="49.667095" lon="17.967373">
      </trkpt>
      <trkpt lat="49.664362" lon="17.969716">
      </trkpt>
      <trkpt lat="49.659761" lon="17.974856">
      </trkpt>
      <trkpt lat="49.656571" lon="17.982437">
      </trkpt>
      <trkpt lat="49.652624" lon="17.982052">
      </trkpt>
      <trkpt lat="49.650768" lon="17.98336">
      </trkpt>
      <trkpt lat="49.650335" lon="17.983807">
      </trkpt>
      <trkpt lat="49.650039" lon="17.984342">
      </trkpt>
      <trkpt lat="49.649817" lon="17.984936">
      </trkpt>
      <trkpt lat="49.652331" lon="17.98648">
      </trkpt>
      <trkpt lat="49.652898" lon="17.986798">
      </trkpt>
      <trkpt lat="49.65495" lon="17.986813">
      </trkpt>
      <trkpt lat="49.65558" lon="17.986732">
      </trkpt>
      <trkpt lat="49.656283" lon="17.986477">
      </trkpt>
      <trkpt lat="49.661546" lon="17.984905">
      </trkpt>
      <trkpt lat="49.662289" lon="17.984783">
      </trkpt>
      <trkpt lat="49.663068" lon="17.984577">
      </trkpt>
      <trkpt lat="49.663857" lon="17.984272">
      </trkpt>
      <trkpt lat="49.664281" lon="17.984067">
      </trkpt>
      <trkpt lat="49.672705" lon="17.983649">
      </trkpt>
      <trkpt lat="49.675582" lon="17.987774">
      </trkpt>
      <trkpt lat="49.676083" lon="17.990601">
      </trkpt>
      <trkpt lat="49.679373" lon="17.992065">
      </trkpt>
      <trkpt lat="49.682174" lon="17.992404">
      </trkpt>
      <trkpt lat="49.685734" lon="17.992936">
      </trkpt>
      <trkpt lat="49.689391" lon="17.989962">
      </trkpt>
      <trkpt lat="49.691617" lon="17.988325">
      </trkpt>
      <trkpt lat="49.694086" lon="17.986719">
      </trkpt>
      <trkpt lat="49.702284" lon="17.988837">
      </trkpt>
      <trkpt lat="49.70266" lon="17.991024">
      </trkpt>
      <trkpt lat="49.702258" lon="17.99294">
      </trkpt>
      <trkpt lat="49.702145" lon="17.993212">
      </trkpt>
      <trkpt lat="49.702389" lon="17.994522">
      </trkpt>
      <trkpt lat="49.70232" lon="17.996663">
      </trkpt>
      <trkpt lat="49.710522" lon="18.00034">
      </trkpt>
      <trkpt lat="49.710746" lon="18.000622">
      </trkpt>
      <trkpt lat="49.712277" lon="18.002637">
      </trkpt>
      <trkpt lat="49.713041" lon="18.003506">
      </trkpt>
      <trkpt lat="49.714161" lon="18.004731">
      </trkpt>
      <trkpt lat="49.716249" lon="18.006721">
      </trkpt>
      <trkpt lat="49.717021" lon="18.007725">
      </trkpt>
      <trkpt lat="49.71888" lon="18.00941">
      </trkpt>
      <trkpt lat="49.719953" lon="18.010542">
      </trkpt>
      <trkpt lat="49.721888" lon="18.012607">
      </trkpt>
      <trkpt lat="49.721373" lon="18.021304">
      </trkpt>
      <trkpt lat="49.720578" lon="18.022001">
      </trkpt>
      <trkpt lat="49.712152" lon="18.023968">
      </trkpt>
      <trkpt lat="49.70902" lon="18.025743">
      </trkpt>
      <trkpt lat="49.710168" lon="18.027767">
      </trkpt>
      <trkpt lat="49.709247" lon="18.035426">
      </trkpt>
      <trkpt lat="49.7087" lon="18.03657">
      </trkpt>
      <trkpt lat="49.711948" lon="18.038123">
      </trkpt>
      <trkpt lat="49.71813" lon="18.032338">
      </trkpt>
      <trkpt lat="49.718425" lon="18.032049">
      </trkpt>
      <trkpt lat="49.718951" lon="18.030528">
      </trkpt>
      <trkpt lat="49.721394" lon="18.026012">
      </trkpt>
      <trkpt lat="49.722888" lon="18.024762">
      </trkpt>
      <trkpt lat="49.730967" lon="18.026769">
      </trkpt>
      <trkpt lat="49.731455" lon="18.027802">
      </trkpt>
      <trkpt lat="49.731803" lon="18.028638">
      </trkpt>
      <trkpt lat="49.733055" lon="18.031581">
      </trkpt>
      <trkpt lat="49.733964" lon="18.033839">
      </trkpt>
      <trkpt lat="49.734493" lon="18.03533">
      </trkpt>
      <trkpt lat="49.734892" lon="18.036513">
      </trkpt>
      <trkpt lat="49.735355" lon="18.03795">
      </trkpt>
      <trkpt lat="49.735721" lon="18.039148">
      </trkpt>
      <trkpt lat="49.736065" lon="18.040357">
      </trkpt>
      <trkpt lat="49.73687" lon="18.04355">
      </trkpt>
      <trkpt lat="49.737153" lon="18.044773">
      </trkpt>
      <trkpt lat="49.737513" lon="18.046438">
      </trkpt>
      <trkpt lat="49.737787" lon="18.047793">
      </trkpt>
      <trkpt lat="49.738306" lon="18.050616">
      </trkpt>
      <trkpt lat="49.738653" lon="18.052859">
      </trkpt>
      <trkpt lat="49.738954" lon="18.055">
      </trkpt>
      <trkpt lat="49.739077" lon="18.056081">
      </trkpt>
      <trkpt lat="49.739217" lon="18.057431">
      </trkpt>
      <trkpt lat="49.739616" lon="18.063408">
      </trkpt>
      <trkpt lat="49.739708" lon="18.065975">
      </trkpt>
      <trkpt lat="49.739788" lon="18.068911">
      </trkpt>
      <trkpt lat="49.73987" lon="18.071881">
      </trkpt>
      <trkpt lat="49.739948" lon="18.073538">
      </trkpt>
      <trkpt lat="49.740026" lon="18.074793">
      </trkpt>
      <trkpt lat="49.740542" lon="18.079607">
      </trkpt>
      <trkpt lat="49.740806" lon="18.081147">
      </trkpt>
      <trkpt lat="49.740952" lon="18.081895">
      </trkpt>
      <trkpt lat="49.741213" lon="18.083015">
      </trkpt>
      <trkpt lat="49.74147" lon="18.083979">
      </trkpt>
      <trkpt lat="49.741898" lon="18.085352">
      </trkpt>
      <trkpt lat="49.742231" lon="18.086276">
      </trkpt>
      <trkpt lat="49.74257" lon="18.08712">
      </trkpt>
      <trkpt lat="49.742856" lon="18.087766">
      </trkpt>
      <trkpt lat="49.746147" lon="18.086306">
      </trkpt>
      <trkpt lat="49.74409" lon="18.078999">
      </trkpt>
      <trkpt lat="49.743613" lon="18.074489">
      </trkpt>
      <trkpt lat="49.743541" lon="18.073317">
      </trkpt>
      <trkpt lat="49.743466" lon="18.071711">
      </trkpt>
      <trkpt lat="49.743387" lon="18.068812">
      </trkpt>
      <trkpt lat="49.743306" lon="18.065877">
      </trkpt>
      <trkpt lat="49.743214" lon="18.06328">
      </trkpt>
      <trkpt lat="49.742805" lon="18.057137">
      </trkpt>
      <trkpt lat="49.742658" lon="18.05571">
      </trkpt>
      <trkpt lat="49.742531" lon="18.054594">
      </trkpt>
      <trkpt lat="49.742218" lon="18.052358">
      </trkpt>
      <trkpt lat="49.741863" lon="18.050066">
      </trkpt>
      <trkpt lat="49.741328" lon="18.047143">
      </trkpt>
      <trkpt lat="49.741041" lon="18.045723">
      </trkpt>
      <trkpt lat="49.740671" lon="18.044012">
      </trkpt>
      <trkpt lat="49.740377" lon="18.042739">
      </trkpt>
      <trkpt lat="49.739557" lon="18.039478">
      </trkpt>
      <trkpt lat="49.739184" lon="18.038164">
      </trkpt>
      <trkpt lat="49.738797" lon="18.036898">
      </trkpt>
      <trkpt lat="49.738319" lon="18.035411">
      </trkpt>
      <trkpt lat="49.737904" lon="18.034178">
      </trkpt>
      <trkpt lat="49.737358" lon="18.032637">
      </trkpt>
      <trkpt lat="49.736395" lon="18.030238">
      </trkpt>
      <trkpt lat="49.735096" lon="18.027182">
      </trkpt>
      <trkpt lat="49.734779" lon="18.026419">
      </trkpt>
      <trkpt lat="49.734223" lon="18.025235">
      </trkpt>
      <trkpt lat="49.73541" lon="18.016365">
      </trkpt>
      <trkpt lat="49.735993" lon="18.015589">
      </trkpt>
      <trkpt lat="49.73774" lon="18.012714">
      </trkpt>
      <trkpt lat="49.738305" lon="18.011694">
      </trkpt>
      <trkpt lat="49.738536" lon="18.011204">
      </trkpt>
      <trkpt lat="49.738995" lon="18.010082">
      </trkpt>
      <trkpt lat="49.739216" lon="18.009424">
      </trkpt>
      <trkpt lat="49.740628" lon="18.004988">
      </trkpt>
      <trkpt lat="49.737307" lon="18.003598">
      </trkpt>
      <trkpt lat="49.737045" lon="18.004223">
      </trkpt>
      <trkpt lat="49.736737" lon="18.005089">
      </trkpt>
      <trkpt lat="49.735761" lon="18.008413">
      </trkpt>
      <trkpt lat="49.735585" lon="18.008927">
      </trkpt>
      <trkpt lat="49.735208" lon="18.009833">
      </trkpt>
      <trkpt lat="49.735057" lon="18.010143">
      </trkpt>
      <trkpt lat="49.734596" lon="18.010959">
      </trkpt>
      <trkpt lat="49.725693" lon="18.011506">
      </trkpt>
      <trkpt lat="49.724517" lon="18.010147">
      </trkpt>
      <trkpt lat="49.722565" lon="18.008064">
      </trkpt>
      <trkpt lat="49.721453" lon="18.006892">
      </trkpt>
      <trkpt lat="49.720147" lon="18.005557">
      </trkpt>
      <trkpt lat="49.718859" lon="18.004241">
      </trkpt>
      <trkpt lat="49.716856" lon="18.002134">
      </trkpt>
      <trkpt lat="49.714983" lon="18.000262">
      </trkpt>
      <trkpt lat="49.713566" lon="17.998384">
      </trkpt>
      <trkpt lat="49.713342" lon="17.998102">
      </trkpt>
      <trkpt lat="49.711955" lon="17.996658">
      </trkpt>
      <trkpt lat="49.710851" lon="17.995178">
      </trkpt>
      <trkpt lat="49.708203" lon="17.991415">
      </trkpt>
      <trkpt lat="49.711728" lon="17.983141">
      </trkpt>
      <trkpt lat="49.71125" lon="17.979586">
      </trkpt>
      <trkpt lat="49.710004" lon="17.977495">
      </trkpt>
      <trkpt lat="49.709376" lon="17.976445">
      </trkpt>
      <trkpt lat="49.709004" lon="17.975711">
      </trkpt>
      <trkpt lat="49.708783" lon="17.975323">
      </trkpt>
      <trkpt lat="49.707983" lon="17.97445">
      </trkpt>
      <trkpt lat="49.709747" lon="17.96585">
      </trkpt>
      <trkpt lat="49.711878" lon="17.963127">
      </trkpt>
      <trkpt lat="49.715187" lon="17.960408">
      </trkpt>
      <trkpt lat="49.717794" lon="17.957925">
      </trkpt>
      <trkpt lat="49.719114" lon="17.952378">
      </trkpt>
      <trkpt lat="49.716333" lon="17.950092">
      </trkpt>
      <trkpt lat="49.715609" lon="17.950972">
      </trkpt>
      <trkpt lat="49.71496" lon="17.95195">
      </trkpt>
      <trkpt lat="49.714296" lon="17.952866">
      </trkpt>
      <trkpt lat="49.714002" lon="17.95339">
      </trkpt>
      <trkpt lat="49.712184" lon="17.955839">
      </trkpt>
      <trkpt lat="49.711637" lon="17.95688">
      </trkpt>
      <trkpt lat="49.710767" lon="17.957948">
      </trkpt>
      <trkpt lat="49.710405" lon="17.958406">
      </trkpt>
      <trkpt lat="49.710103" lon="17.958896">
      </trkpt>
      <trkpt lat="49.709135" lon="17.960743">
      </trkpt>
      <trkpt lat="49.70897" lon="17.96097">
      </trkpt>
      <trkpt lat="49.708755" lon="17.961336">
      </trkpt>
      <trkpt lat="49.704236" lon="17.964305">
      </trkpt>
      <trkpt lat="49.698711" lon="17.957899">
      </trkpt>
      <trkpt lat="49.699767" lon="17.955872">
      </trkpt>
      <trkpt lat="49.700233" lon="17.954874">
      </trkpt>
      <trkpt lat="49.702374" lon="17.951866">
      </trkpt>
      <trkpt lat="49.703006" lon="17.951198">
      </trkpt>
      <trkpt lat="49.704151" lon="17.949995">
      </trkpt>
      <trkpt lat="49.704619" lon="17.949161">
      </trkpt>
      <trkpt lat="49.70667" lon="17.941185">
      </trkpt>
      <trkpt lat="49.709752" lon="17.940106">
      </trkpt>
      <trkpt lat="49.710306" lon="17.939576">
      </trkpt>
      <trkpt lat="49.710827" lon="17.939033">
      </trkpt>
      <trkpt lat="49.712806" lon="17.935458">
      </trkpt>
      <trkpt lat="49.718894" lon="17.932809">
      </trkpt>
      <trkpt lat="49.722345" lon="17.931783">
      </trkpt>
      <trkpt lat="49.721722" lon="17.929688">
      </trkpt>
      <trkpt lat="49.721308" lon="17.921814">
      </trkpt>
      <trkpt lat="49.722365" lon="17.919168">
      </trkpt>
      <trkpt lat="49.723328" lon="17.916391">
      </trkpt>
      <trkpt lat="49.723713" lon="17.91498">
      </trkpt>
      <trkpt lat="49.724062" lon="17.913557">
      </trkpt>
      <trkpt lat="49.724281" lon="17.912284">
      </trkpt>
      <trkpt lat="49.720734" lon="17.911673">
      </trkpt>
      <trkpt lat="49.714082" lon="17.915496">
      </trkpt>
      <trkpt lat="49.707691" lon="17.915122">
      </trkpt>
      <trkpt lat="49.706254" lon="17.914923">
      </trkpt>
      <trkpt lat="49.7033" lon="17.916236">
      </trkpt>
      <trkpt lat="49.702105" lon="17.916858">
      </trkpt>
      <trkpt lat="49.700236" lon="17.918487">
      </trkpt>
      <trkpt lat="49.696969" lon="17.923954">
      </trkpt>
      <trkpt lat="49.695288" lon="17.931727">
      </trkpt>
      <trkpt lat="49.694178" lon="17.932552">
      </trkpt>
      <trkpt lat="49.688704" lon="17.933344">
      </trkpt>
      <trkpt lat="49.687669" lon="17.933973">
      </trkpt>
      <trkpt lat="49.679133" lon="17.931948">
      </trkpt>
      <trkpt lat="49.678589" lon="17.931008">
      </trkpt>
      <trkpt lat="49.676716" lon="17.928548">
      </trkpt>
      <trkpt lat="49.674988" lon="17.926204">
      </trkpt>
      <trkpt lat="49.673387" lon="17.923918">
      </trkpt>
      <trkpt lat="49.671494" lon="17.921069">
      </trkpt>
      <trkpt lat="49.670533" lon="17.914217">
      </trkpt>
      <trkpt lat="49.67073" lon="17.909216">
      </trkpt>
      <trkpt lat="49.672274" lon="17.905026">
      </trkpt>
      <trkpt lat="49.672227" lon="17.904937">
      </trkpt>
      <trkpt lat="49.670996" lon="17.903991">
      </trkpt>
      <trkpt lat="49.668356" lon="17.902411">
      </trkpt>
      <trkpt lat="49.665775" lon="17.902074">
      </trkpt>
      <trkpt lat="49.658364" lon="17.897293">
      </trkpt>
      <trkpt lat="49.657428" lon="17.895778">
      </trkpt>
      <trkpt lat="49.656425" lon="17.89361">
      </trkpt>
      <trkpt lat="49.655373" lon="17.891897">
      </trkpt>
      <trkpt lat="49.654485" lon="17.889927">
      </trkpt>
      <trkpt lat="49.657072" lon="17.882353">
      </trkpt>
      <trkpt lat="49.659704" lon="17.882028">
      </trkpt>
      <trkpt lat="49.659593" lon="17.880888">
      </trkpt>
      <trkpt lat="49.659412" lon="17.880171">
      </trkpt>
      <trkpt lat="49.658604" lon="17.879135">
      </trkpt>
      <trkpt lat="49.657303" lon="17.877376">
      </trkpt>
      <trkpt lat="49.655766" lon="17.873721">
      </trkpt>
      <trkpt lat="49.655409" lon="17.872828">
      </trkpt>
      <trkpt lat="49.654923" lon="17.8717">
      </trkpt>
      <trkpt lat="49.654081" lon="17.869342">
      </trkpt>
      <trkpt lat="49.653717" lon="17.86838">
      </trkpt>
      <trkpt lat="49.653658" lon="17.868231">
      </trkpt>
      <trkpt lat="49.652926" lon="17.866696">
      </trkpt>
      <trkpt lat="49.652452" lon="17.865361">
      </trkpt>
      <trkpt lat="49.652175" lon="17.863344">
      </trkpt>
      <trkpt lat="49.651993" lon="17.862224">
      </trkpt>
      <trkpt lat="49.651839" lon="17.861528">
      </trkpt>
      <trkpt lat="49.651784" lon="17.861154">
      </trkpt>
      <trkpt lat="49.65703" lon="17.854127">
      </trkpt>
      <trkpt lat="49.663729" lon="17.85752">
      </trkpt>
      <trkpt lat="49.665276" lon="17.85977">
      </trkpt>
      <trkpt lat="49.665676" lon="17.859702">
      </trkpt>
      <trkpt lat="49.6665" lon="17.859337">
      </trkpt>
      <trkpt lat="49.66707" lon="17.858676">
      </trkpt>
      <trkpt lat="49.667288" lon="17.858051">
      </trkpt>
      <trkpt lat="49.670769" lon="17.853535">
      </trkpt>
      <trkpt lat="49.679738" lon="17.853217">
      </trkpt>
      <trkpt lat="49.681205" lon="17.85448">
      </trkpt>
      <trkpt lat="49.683554" lon="17.851752">
      </trkpt>
      <trkpt lat="49.680185" lon="17.847391">
      </trkpt>
      <trkpt lat="49.679642" lon="17.846688">
      </trkpt>
      <trkpt lat="49.677923" lon="17.844688">
      </trkpt>
      <trkpt lat="49.676786" lon="17.843362">
      </trkpt>
      <trkpt lat="49.67944" lon="17.835087">
      </trkpt>
      <trkpt lat="49.680735" lon="17.833744">
      </trkpt>
      <trkpt lat="49.680548" lon="17.833288">
      </trkpt>
      <trkpt lat="49.679984" lon="17.832309">
      </trkpt>
      <trkpt lat="49.67895" lon="17.830062">
      </trkpt>
      <trkpt lat="49.676669" lon="17.823803">
      </trkpt>
      <trkpt lat="49.67834" lon="17.82102">
      </trkpt>
      <trkpt lat="49.679555" lon="17.819021">
      </trkpt>
      <trkpt lat="49.680777" lon="17.81701">
      </trkpt>
      <trkpt lat="49.681159" lon="17.816369">
      </trkpt>
      <trkpt lat="49.68014" lon="17.814534">
      </trkpt>
      <trkpt lat="49.67992" lon="17.814405">
      </trkpt>
      <trkpt lat="49.678068" lon="17.814523">
      </trkpt>
      <trkpt lat="49.674642" lon="17.817442">
      </trkpt>
      <trkpt lat="49.666666" lon="17.815048">
      </trkpt>
      <trkpt lat="49.665313" lon="17.81443">
      </trkpt>
      <trkpt lat="49.664683" lon="17.814263">
      </trkpt>
      <trkpt lat="49.663733" lon="17.814362">
      </trkpt>
      <trkpt lat="49.661588" lon="17.815468">
      </trkpt>
      <trkpt lat="49.655279" lon="17.816379">
      </trkpt>
      <trkpt lat="49.654614" lon="17.816661">
      </trkpt>
      <trkpt lat="49.6505" lon="17.817116">
      </trkpt>
      <trkpt lat="49.650032" lon="17.817214">
      </trkpt>
      <trkpt lat="49.646594" lon="17.817437">
      </trkpt>
      <trkpt lat="49.646588" lon="17.817989">
      </trkpt>
      <trkpt lat="49.639777" lon="17.822639">
      </trkpt>
      <trkpt lat="49.637166" lon="17.819403">
      </trkpt>
      <trkpt lat="49.636793" lon="17.812523">
      </trkpt>
      <trkpt lat="49.637014" lon="17.811995">
      </trkpt>
      <trkpt lat="49.641716" lon="17.807747">
      </trkpt>
      <trkpt lat="49.643222" lon="17.807659">
      </trkpt>
      <trkpt lat="49.644266" lon="17.805209">
      </trkpt>
      <trkpt lat="49.643406" lon="17.799529">
      </trkpt>
      <trkpt lat="49.639883" lon="17.79879">
      </trkpt>
      <trkpt lat="49.634983" lon="17.792336">
      </trkpt>
      <trkpt lat="49.635534" lon="17.790471">
      </trkpt>
      <trkpt lat="49.632081" lon="17.789452">
      </trkpt>
      <trkpt lat="49.632503" lon="17.7818">
      </trkpt>
      <trkpt lat="49.633286" lon="17.78123">
      </trkpt>
      <trkpt lat="49.634464" lon="17.779977">
      </trkpt>
      <trkpt lat="49.639754" lon="17.777144">
      </trkpt>
      <trkpt lat="49.642278" lon="17.776063">
      </trkpt>
      <trkpt lat="49.643298" lon="17.775606">
      </trkpt>
      <trkpt lat="49.643308" lon="17.775594">
      </trkpt>
      <trkpt lat="49.644104" lon="17.772083">
      </trkpt>
      <trkpt lat="49.643481" lon="17.771942">
      </trkpt>
      <trkpt lat="49.641673" lon="17.772393">
      </trkpt>
      <trkpt lat="49.640811" lon="17.772776">
      </trkpt>
      <trkpt lat="49.639478" lon="17.773281">
      </trkpt>
      <trkpt lat="49.636531" lon="17.773608">
      </trkpt>
      <trkpt lat="49.633741" lon="17.775565">
      </trkpt>
      <trkpt lat="49.628429" lon="17.778196">
      </trkpt>
      <trkpt lat="49.625963" lon="17.778522">
      </trkpt>
      <trkpt lat="49.624639" lon="17.778963">
      </trkpt>
      <trkpt lat="49.617848" lon="17.776218">
      </trkpt>
      <trkpt lat="49.616833" lon="17.77243">
      </trkpt>
      <trkpt lat="49.616696" lon="17.77137">
      </trkpt>
      <trkpt lat="49.616665" lon="17.770753">
      </trkpt>
      <trkpt lat="49.616254" lon="17.769322">
      </trkpt>
      <trkpt lat="49.614347" lon="17.767195">
      </trkpt>
      <trkpt lat="49.612426" lon="17.766481">
      </trkpt>
      <trkpt lat="49.605528" lon="17.761718">
      </trkpt>
      <trkpt lat="49.605135" lon="17.760945">
      </trkpt>
      <trkpt lat="49.603889" lon="17.759447">
      </trkpt>
      <trkpt lat="49.602892" lon="17.758745">
      </trkpt>
      <trkpt lat="49.597509" lon="17.753739">
      </trkpt>
      <trkpt lat="49.596391" lon="17.751191">
      </trkpt>
      <trkpt lat="49.596334" lon="17.74446">
      </trkpt>
      <trkpt lat="49.596654" lon="17.743897">
      </trkpt>
      <trkpt lat="49.604868" lon="17.741035">
      </trkpt>
      <trkpt lat="49.605915" lon="17.742032">
      </trkpt>
      <trkpt lat="49.607262" lon="17.743931">
      </trkpt>
      <trkpt lat="49.614168" lon="17.748405">
      </trkpt>
      <trkpt lat="49.614522" lon="17.749231">
      </trkpt>
      <trkpt lat="49.614842" lon="17.749682">
      </trkpt>
      <trkpt lat="49.615593" lon="17.75021">
      </trkpt>
      <trkpt lat="49.616238" lon="17.750359">
      </trkpt>
      <trkpt lat="49.616996" lon="17.750363">
      </trkpt>
      <trkpt lat="49.622085" lon="17.751485">
      </trkpt>
      <trkpt lat="49.624657" lon="17.756514">
      </trkpt>
      <trkpt lat="49.627783" lon="17.758853">
      </trkpt>
      <trkpt lat="49.6313" lon="17.758205">
      </trkpt>
      <trkpt lat="49.632255" lon="17.758266">
      </trkpt>
      <trkpt lat="49.634776" lon="17.758548">
      </trkpt>
      <trkpt lat="49.635983" lon="17.758546">
      </trkpt>
      <trkpt lat="49.636744" lon="17.758251">
      </trkpt>
      <trkpt lat="49.637392" lon="17.757851">
      </trkpt>
      <trkpt lat="49.637883" lon="17.757495">
      </trkpt>
      <trkpt lat="49.638404" lon="17.756965">
      </trkpt>
      <trkpt lat="49.639563" lon="17.755476">
      </trkpt>
      <trkpt lat="49.647537" lon="17.752954">
      </trkpt>
      <trkpt lat="49.649469" lon="17.75482">
      </trkpt>
      <trkpt lat="49.650089" lon="17.755603">
      </trkpt>
      <trkpt lat="49.651212" lon="17.757654">
      </trkpt>
      <trkpt lat="49.651435" lon="17.758105">
      </trkpt>
      <trkpt lat="49.65191" lon="17.759395">
      </trkpt>
      <trkpt lat="49.652126" lon="17.760554">
      </trkpt>
      <trkpt lat="49.652534" lon="17.761356">
      </trkpt>
      <trkpt lat="49.65305" lon="17.761912">
      </trkpt>
      <trkpt lat="49.653584" lon="17.762335">
      </trkpt>
      <trkpt lat="49.654174" lon="17.762672">
      </trkpt>
      <trkpt lat="49.662801" lon="17.761874">
      </trkpt>
      <trkpt lat="49.666309" lon="17.762681">
      </trkpt>
      <trkpt lat="49.666582" lon="17.761496">
      </trkpt>
      <trkpt lat="49.666645" lon="17.761072">
      </trkpt>
      <trkpt lat="49.666604" lon="17.760312">
      </trkpt>
      <trkpt lat="49.666125" lon="17.757597">
      </trkpt>
      <trkpt lat="49.666018" lon="17.755942">
      </trkpt>
      <trkpt lat="49.665772" lon="17.754613">
      </trkpt>
      <trkpt lat="49.671071" lon="17.748138">
      </trkpt>
      <trkpt lat="49.674076" lon="17.746156">
      </trkpt>
      <trkpt lat="49.672837" lon="17.744277">
      </trkpt>
      <trkpt lat="49.673073" lon="17.736453">
      </trkpt>
      <trkpt lat="49.672466" lon="17.732905">
      </trkpt>
      <trkpt lat="49.667128" lon="17.730664">
      </trkpt>
      <trkpt lat="49.664039" lon="17.729535">
      </trkpt>
      <trkpt lat="49.662864" lon="17.729288">
      </trkpt>
      <trkpt lat="49.663142" lon="17.72056">
      </trkpt>
      <trkpt lat="49.662986" lon="17.716964">
      </trkpt>
      <trkpt lat="49.659825" lon="17.710717">
      </trkpt>
      <trkpt lat="49.664598" lon="17.705129">
      </trkpt>
      <trkpt lat="49.665251" lon="17.704836">
      </trkpt>
      <trkpt lat="49.672037" lon="17.704248">
      </trkpt>
      <trkpt lat="49.673165" lon="17.704605">
      </trkpt>
      <trkpt lat="49.673907" lon="17.704683">
      </trkpt>
      <trkpt lat="49.674513" lon="17.704625">
      </trkpt>
      <trkpt lat="49.677201" lon="17.70419">
      </trkpt>
      <trkpt lat="49.677856" lon="17.70407">
      </trkpt>
      <trkpt lat="49.67869" lon="17.703887">
      </trkpt>
      <trkpt lat="49.679201" lon="17.703668">
      </trkpt>
      <trkpt lat="49.679864" lon="17.703286">
      </trkpt>
      <trkpt lat="49.678068" lon="17.700167">
      </trkpt>
      <trkpt lat="49.67601" lon="17.700279">
      </trkpt>
      <trkpt lat="49.671957" lon="17.700377">
      </trkpt>
      <trkpt lat="49.670771" lon="17.692401">
      </trkpt>
      <trkpt lat="49.671811" lon="17.691368">
      </trkpt>
      <trkpt lat="49.672499" lon="17.689243">
      </trkpt>
      <trkpt lat="49.671743" lon="17.688829">
      </trkpt>
      <trkpt lat="49.671079" lon="17.688598">
      </trkpt>
      <trkpt lat="49.670116" lon="17.68858">
      </trkpt>
      <trkpt lat="49.669541" lon="17.688547">
      </trkpt>
      <trkpt lat="49.667129" lon="17.689619">
      </trkpt>
      <trkpt lat="49.664442" lon="17.69064">
      </trkpt>
      <trkpt lat="49.663589" lon="17.69077">
      </trkpt>
      <trkpt lat="49.663062" lon="17.690952">
      </trkpt>
      <trkpt lat="49.658618" lon="17.692164">
      </trkpt>
      <trkpt lat="49.658548" lon="17.692163">
      </trkpt>
      <trkpt lat="49.65846" lon="17.692207">
      </trkpt>
      <trkpt lat="49.65813" lon="17.692593">
      </trkpt>
      <trkpt lat="49.657397" lon="17.693657">
      </trkpt>
      <trkpt lat="49.656292" lon="17.698315">
      </trkpt>
      <trkpt lat="49.651866" lon="17.701593">
      </trkpt>
      <trkpt lat="49.650884" lon="17.701807">
      </trkpt>
      <trkpt lat="49.650396" lon="17.702057">
      </trkpt>
      <trkpt lat="49.645173" lon="17.703624">
      </trkpt>
      <trkpt lat="49.644651" lon="17.703703">
      </trkpt>
      <trkpt lat="49.643784" lon="17.703954">
      </trkpt>
      <trkpt lat="49.642762" lon="17.704331">
      </trkpt>
      <trkpt lat="49.638974" lon="17.705197">
      </trkpt>
      <trkpt lat="49.633081" lon="17.701341">
      </trkpt>
      <trkpt lat="49.630432" lon="17.70122">
      </trkpt>
      <trkpt lat="49.628444" lon="17.701072">
      </trkpt>
      <trkpt lat="49.628001" lon="17.701017">
      </trkpt>
      <trkpt lat="49.626723" lon="17.701062">
      </trkpt>
      <trkpt lat="49.625662" lon="17.701179">
      </trkpt>
      <trkpt lat="49.624743" lon="17.701348">
      </trkpt>
      <trkpt lat="49.619595" lon="17.700693">
      </trkpt>
      <trkpt lat="49.616778" lon="17.700787">
      </trkpt>
      <trkpt lat="49.613564" lon="17.700138">
      </trkpt>
      <trkpt lat="49.612748" lon="17.69994">
      </trkpt>
      <trkpt lat="49.611753" lon="17.699964">
      </trkpt>
      <trkpt lat="49.612269" lon="17.703497">
      </trkpt>
      <trkpt lat="49.607286" lon="17.710043">
      </trkpt>
      <trkpt lat="49.601591" lon="17.708866">
      </trkpt>
      <trkpt lat="49.59916" lon="17.701317">
      </trkpt>
      <trkpt lat="49.599851" lon="17.699662">
      </trkpt>
      <trkpt lat="49.60042" lon="17.698584">
      </trkpt>
      <trkpt lat="49.600821" lon="17.697819">
      </trkpt>
      <trkpt lat="49.601156" lon="17.697131">
      </trkpt>
      <trkpt lat="49.602327" lon="17.694639">
      </trkpt>
      <trkpt lat="49.603453" lon="17.69235">
      </trkpt>
      <trkpt lat="49.604528" lon="17.690664">
      </trkpt>
      <trkpt lat="49.605934" lon="17.689166">
      </trkpt>
      <trkpt lat="49.610722" lon="17.686583">
      </trkpt>
      <trkpt lat="49.613058" lon="17.685941">
      </trkpt>
      <trkpt lat="49.621" lon="17.685706">
      </trkpt>
      <trkpt lat="49.621754" lon="17.685949">
      </trkpt>
      <trkpt lat="49.622838" lon="17.685899">
      </trkpt>
      <trkpt lat="49.623657" lon="17.685581">
      </trkpt>
      <trkpt lat="49.624486" lon="17.685066">
      </trkpt>
      <trkpt lat="49.632095" lon="17.689648">
      </trkpt>
      <trkpt lat="49.632297" lon="17.690894">
      </trkpt>
      <trkpt lat="49.635892" lon="17.690699">
      </trkpt>
      <trkpt lat="49.635863" lon="17.690161">
      </trkpt>
      <trkpt lat="49.635697" lon="17.688678">
      </trkpt>
      <trkpt lat="49.635615" lon="17.687866">
      </trkpt>
      <trkpt lat="49.635353" lon="17.686352">
      </trkpt>
      <trkpt lat="49.635242" lon="17.685471">
      </trkpt>
      <trkpt lat="49.63577" lon="17.681465">
      </trkpt>
      <trkpt lat="49.636092" lon="17.68045">
      </trkpt>
      <trkpt lat="49.636452" lon="17.679491">
      </trkpt>
      <trkpt lat="49.639908" lon="17.675969">
      </trkpt>
      <trkpt lat="49.647681" lon="17.677979">
      </trkpt>
      <trkpt lat="49.648146" lon="17.678252">
      </trkpt>
      <trkpt lat="49.651253" lon="17.679792">
      </trkpt>
      <trkpt lat="49.65294" lon="17.680579">
      </trkpt>
      <trkpt lat="49.653196" lon="17.680637">
      </trkpt>
      <trkpt lat="49.658001" lon="17.675693">
      </trkpt>
      <trkpt lat="49.658328" lon="17.675107">
      </trkpt>
      <trkpt lat="49.65844" lon="17.674207">
      </trkpt>
      <trkpt lat="49.65839" lon="17.673879">
      </trkpt>
      <trkpt lat="49.656748" lon="17.671492">
      </trkpt>
      <trkpt lat="49.650194" lon="17.666022">
      </trkpt>
      <trkpt lat="49.649891" lon="17.66529">
      </trkpt>
      <trkpt lat="49.649454" lon="17.664531">
      </trkpt>
      <trkpt lat="49.649035" lon="17.66392">
      </trkpt>
      <trkpt lat="49.648353" lon="17.663037">
      </trkpt>
      <trkpt lat="49.647563" lon="17.661957">
      </trkpt>
      <trkpt lat="49.650438" lon="17.653608">
      </trkpt>
      <trkpt lat="49.6527" lon="17.652794">
      </trkpt>
      <trkpt lat="49.652932" lon="17.652722">
      </trkpt>
      <trkpt lat="49.655957" lon="17.652041">
      </trkpt>
      <trkpt lat="49.66248" lon="17.653296">
      </trkpt>
      <trkpt lat="49.665059" lon="17.650785">
      </trkpt>
      <trkpt lat="49.666521" lon="17.649104">
      </trkpt>
      <trkpt lat="49.666946" lon="17.648156">
      </trkpt>
      <trkpt lat="49.666103" lon="17.646773">
      </trkpt>
      <trkpt lat="49.665226" lon="17.646601">
      </trkpt>
      <trkpt lat="49.663121" lon="17.64641">
      </trkpt>
      <trkpt lat="49.659708" lon="17.645849">
      </trkpt>
      <trkpt lat="49.657423" lon="17.64539">
      </trkpt>
      <trkpt lat="49.656132" lon="17.645525">
      </trkpt>
      <trkpt lat="49.651869" lon="17.63805">
      </trkpt>
      <trkpt lat="49.652072" lon="17.637663">
      </trkpt>
      <trkpt lat="49.65304" lon="17.635522">
      </trkpt>
      <trkpt lat="49.6533" lon="17.634819">
      </trkpt>
      <trkpt lat="49.654337" lon="17.63215">
      </trkpt>
      <trkpt lat="49.65333" lon="17.630664">
      </trkpt>
      <trkpt lat="49.65248" lon="17.630018">
      </trkpt>
      <trkpt lat="49.651293" lon="17.630228">
      </trkpt>
      <trkpt lat="49.650719" lon="17.631136">
      </trkpt>
      <trkpt lat="49.650025" lon="17.633156">
      </trkpt>
      <trkpt lat="49.649678" lon="17.634234">
      </trkpt>
      <trkpt lat="49.647427" lon="17.637668">
      </trkpt>
      <trkpt lat="49.646001" lon="17.639463">
      </trkpt>
      <trkpt lat="49.644257" lon="17.641762">
      </trkpt>
      <trkpt lat="49.636284" lon="17.639399">
      </trkpt>
      <trkpt lat="49.635137" lon="17.636315">
      </trkpt>
      <trkpt lat="49.635336" lon="17.629325">
      </trkpt>
      <trkpt lat="49.635844" lon="17.628213">
      </trkpt>
      <trkpt lat="49.636206" lon="17.626551">
      </trkpt>
      <trkpt lat="49.636795" lon="17.623644">
      </trkpt>
      <trkpt lat="49.642438" lon="17.617113">
      </trkpt>
      <trkpt lat="49.642807" lon="17.616827">
      </trkpt>
      <trkpt lat="49.643964" lon="17.616085">
      </trkpt>
      <trkpt lat="49.644837" lon="17.615477">
      </trkpt>
      <trkpt lat="49.646545" lon="17.61409">
      </trkpt>
      <trkpt lat="49.648266" lon="17.610927">
      </trkpt>
      <trkpt lat="49.654426" lon="17.607782">
      </trkpt>
      <trkpt lat="49.657425" lon="17.608803">
      </trkpt>
      <trkpt lat="49.658044" lon="17.607633">
      </trkpt>
      <trkpt lat="49.658531" lon="17.606473">
      </trkpt>
      <trkpt lat="49.658769" lon="17.605898">
      </trkpt>
      <trkpt lat="49.65892" lon="17.605281">
      </trkpt>
      <trkpt lat="49.658967" lon="17.60451">
      </trkpt>
      <trkpt lat="49.658929" lon="17.60399">
      </trkpt>
      <trkpt lat="49.658092" lon="17.601454">
      </trkpt>
      <trkpt lat="49.657424" lon="17.599319">
      </trkpt>
      <trkpt lat="49.657307" lon="17.598929">
      </trkpt>
      <trkpt lat="49.657117" lon="17.598473">
      </trkpt>
      <trkpt lat="49.656619" lon="17.597795">
      </trkpt>
      <trkpt lat="49.65597" lon="17.597245">
      </trkpt>
      <trkpt lat="49.65469" lon="17.595968">
      </trkpt>
      <trkpt lat="49.654055" lon="17.587928">
      </trkpt>
      <trkpt lat="49.652863" lon="17.579746">
      </trkpt>
      <trkpt lat="49.653018" lon="17.577631">
      </trkpt>
      <trkpt lat="49.653046" lon="17.57503">
      </trkpt>
      <trkpt lat="49.653074" lon="17.574616">
      </trkpt>
      <trkpt lat="49.653625" lon="17.565887">
      </trkpt>
      <trkpt lat="49.656649" lon="17.565007">
      </trkpt>
      <trkpt lat="49.65689" lon="17.56471">
      </trkpt>
      <trkpt lat="49.660117" lon="17.560327">
      </trkpt>
      <trkpt lat="49.665429" lon="17.553083">
      </trkpt>
      <trkpt lat="49.666301" lon="17.549886">
      </trkpt>
      <trkpt lat="49.66614" lon="17.548612">
      </trkpt>
      <trkpt lat="49.662997" lon="17.5454">
      </trkpt>
      <trkpt lat="49.663404" lon="17.537887">
      </trkpt>
      <trkpt lat="49.664182" lon="17.536583">
      </trkpt>
      <trkpt lat="49.664525" lon="17.535856">
      </trkpt>
      <trkpt lat="49.664755" lon="17.535251">
      </trkpt>
      <trkpt lat="49.661388" lon="17.533976">
      </trkpt>
      <trkpt lat="49.658795" lon="17.536441">
      </trkpt>
      <trkpt lat="49.651625" lon="17.532928">
      </trkpt>
      <trkpt lat="49.644179" lon="17.531523">
      </trkpt>
      <trkpt lat="49.643274" lon="17.52857">
      </trkpt>
      <trkpt lat="49.641943" lon="17.526344">
      </trkpt>
      <trkpt lat="49.641659" lon="17.525704">
      </trkpt>
      <trkpt lat="49.64028" lon="17.520743">
      </trkpt>
      <trkpt lat="49.640055" lon="17.51777">
      </trkpt>
      <trkpt lat="49.639832" lon="17.51484">
      </trkpt>
      <trkpt lat="49.63961" lon="17.51191">
      </trkpt>
      <trkpt lat="49.63602" lon="17.512183">
      </trkpt>
      <trkpt lat="49.636242" lon="17.515113">
      </trkpt>
      <trkpt lat="49.636465" lon="17.518042">
      </trkpt>
      <trkpt lat="49.636691" lon="17.521016">
      </trkpt>
      <trkpt lat="49.636916" lon="17.523989">
      </trkpt>
      <trkpt lat="49.6372" lon="17.524966">
      </trkpt>
      <trkpt lat="49.631109" lon="17.531277">
      </trkpt>
      <trkpt lat="49.630208" lon="17.53471">
      </trkpt>
      <trkpt lat="49.630191" lon="17.537059">
      </trkpt>
      <trkpt lat="49.63004" lon="17.537758">
      </trkpt>
      <trkpt lat="49.629946" lon="17.538674">
      </trkpt>
      <trkpt lat="49.622957" lon="17.543628">
      </trkpt>
      <trkpt lat="49.62039" lon="17.541366">
      </trkpt>
      <trkpt lat="49.611864" lon="17.542489">
      </trkpt>
      <trkpt lat="49.611322" lon="17.538931">
      </trkpt>
      <trkpt lat="49.610963" lon="17.538737">
      </trkpt>
      <trkpt lat="49.606224" lon="17.53553">
      </trkpt>
      <trkpt lat="49.602015" lon="17.532549">
      </trkpt>
      <trkpt lat="49.59914" lon="17.527763">
      </trkpt>
      <trkpt lat="49.598484" lon="17.527154">
      </trkpt>
      <trkpt lat="49.597867" lon="17.526678">
      </trkpt>
      <trkpt lat="49.593695" lon="17.518859">
      </trkpt>
      <trkpt lat="49.591038" lon="17.51643">
      </trkpt>
      <trkpt lat="49.585419" lon="17.516788">
      </trkpt>
      <trkpt lat="49.584528" lon="17.516523">
      </trkpt>
      <trkpt lat="49.580332" lon="17.512277">
      </trkpt>
      <trkpt lat="49.57979" lon="17.511232">
      </trkpt>
      <trkpt lat="49.584241" lon="17.50393">
      </trkpt>
      <trkpt lat="49.584466" lon="17.503067">
      </trkpt>
      <trkpt lat="49.584925" lon="17.501429">
      </trkpt>
      <trkpt lat="49.585998" lon="17.498191">
      </trkpt>
      <trkpt lat="49.586787" lon="17.493612">
      </trkpt>
      <trkpt lat="49.589132" lon="17.485998">
      </trkpt>
      <trkpt lat="49.592104" lon="17.483116">
      </trkpt>
      <trkpt lat="49.592636" lon="17.482485">
      </trkpt>
      <trkpt lat="49.595568" lon="17.477512">
      </trkpt>
      <trkpt lat="49.60398" lon="17.475051">
      </trkpt>
      <trkpt lat="49.606805" lon="17.476052">
      </trkpt>
      <trkpt lat="49.608226" lon="17.476689">
      </trkpt>
      <trkpt lat="49.608366" lon="17.47678">
      </trkpt>
      <trkpt lat="49.60887" lon="17.477001">
      </trkpt>
      <trkpt lat="49.606516" lon="17.48565">
      </trkpt>
      <trkpt lat="49.606814" lon="17.486999">
      </trkpt>
      <trkpt lat="49.607012" lon="17.487332">
      </trkpt>
      <trkpt lat="49.607405" lon="17.48801">
      </trkpt>
      <trkpt lat="49.611227" lon="17.495607">
      </trkpt>
      <trkpt lat="49.611649" lon="17.496937">
      </trkpt>
      <trkpt lat="49.613533" lon="17.500805">
      </trkpt>
      <trkpt lat="49.617112" lon="17.501196">
      </trkpt>
      <trkpt lat="49.623031" lon="17.504549">
      </trkpt>
      <trkpt lat="49.626631" lon="17.504562">
      </trkpt>
      <trkpt lat="49.628811" lon="17.5037">
      </trkpt>
      <trkpt lat="49.630467" lon="17.500004">
      </trkpt>
      <trkpt lat="49.628391" lon="17.495972">
      </trkpt>
      <trkpt lat="49.628169" lon="17.49484">
      </trkpt>
      <trkpt lat="49.627803" lon="17.49373">
      </trkpt>
      <trkpt lat="49.627617" lon="17.493082">
      </trkpt>
      <trkpt lat="49.627203" lon="17.492033">
      </trkpt>
      <trkpt lat="49.626489" lon="17.488092">
      </trkpt>
      <trkpt lat="49.634299" lon="17.483944">
      </trkpt>
      <trkpt lat="49.635024" lon="17.484106">
      </trkpt>
      <trkpt lat="49.635811" lon="17.480593">
      </trkpt>
      <trkpt lat="49.635617" lon="17.480425">
      </trkpt>
      <trkpt lat="49.632645" lon="17.477795">
      </trkpt>
      <trkpt lat="49.63135" lon="17.471232">
      </trkpt>
      <trkpt lat="49.631454" lon="17.470782">
      </trkpt>
      <trkpt lat="49.631434" lon="17.470042">
      </trkpt>
      <trkpt lat="49.63123" lon="17.469377">
      </trkpt>
      <trkpt lat="49.630898" lon="17.468705">
      </trkpt>
      <trkpt lat="49.627917" lon="17.460351">
      </trkpt>
      <trkpt lat="49.628468" lon="17.45963">
      </trkpt>
      <trkpt lat="49.628612" lon="17.459352">
      </trkpt>
      <trkpt lat="49.625412" lon="17.457701">
      </trkpt>
      <trkpt lat="49.625028" lon="17.457872">
      </trkpt>
      <trkpt lat="49.624483" lon="17.458114">
      </trkpt>
      <trkpt lat="49.623874" lon="17.458511">
      </trkpt>
      <trkpt lat="49.623421" lon="17.458932">
      </trkpt>
      <trkpt lat="49.622896" lon="17.459686">
      </trkpt>
      <trkpt lat="49.622581" lon="17.460379">
      </trkpt>
      <trkpt lat="49.622411" lon="17.460926">
      </trkpt>
      <trkpt lat="49.622315" lon="17.461428">
      </trkpt>
      <trkpt lat="49.622267" lon="17.461835">
      </trkpt>
      <trkpt lat="49.622248" lon="17.462585">
      </trkpt>
      <trkpt lat="49.622272" lon="17.463142">
      </trkpt>
      <trkpt lat="49.622481" lon="17.465799">
      </trkpt>
      <trkpt lat="49.622686" lon="17.468401">
      </trkpt>
      <trkpt lat="49.622951" lon="17.471949">
      </trkpt>
      <trkpt lat="49.622446" lon="17.474319">
      </trkpt>
      <trkpt lat="49.613725" lon="17.475053">
      </trkpt>
      <trkpt lat="49.613092" lon="17.474497">
      </trkpt>
      <trkpt lat="49.612171" lon="17.474048">
      </trkpt>
      <trkpt lat="49.611113" lon="17.473743">
      </trkpt>
      <trkpt lat="49.607688" lon="17.47192">
      </trkpt>
      <trkpt lat="49.605949" lon="17.471485">
      </trkpt>
      <trkpt lat="49.603215" lon="17.470667">
      </trkpt>
      <trkpt lat="49.600796" lon="17.470158">
      </trkpt>
      <trkpt lat="49.599167" lon="17.470066">
      </trkpt>
      <trkpt lat="49.596462" lon="17.469529">
      </trkpt>
      <trkpt lat="49.595399" lon="17.469112">
      </trkpt>
      <trkpt lat="49.592573" lon="17.461808">
      </trkpt>
      <trkpt lat="49.595673" lon="17.459979">
      </trkpt>
      <trkpt lat="49.595506" lon="17.458841">
      </trkpt>
      <trkpt lat="49.595249" lon="17.455774">
      </trkpt>
      <trkpt lat="49.594506" lon="17.453329">
      </trkpt>
      <trkpt lat="49.59431" lon="17.452744">
      </trkpt>
      <trkpt lat="49.594103" lon="17.452156">
      </trkpt>
      <trkpt lat="49.593888" lon="17.451513">
      </trkpt>
      <trkpt lat="49.59367" lon="17.450885">
      </trkpt>
      <trkpt lat="49.595841" lon="17.444427">
      </trkpt>
      <trkpt lat="49.603234" lon="17.445946">
      </trkpt>
      <trkpt lat="49.607056" lon="17.449104">
      </trkpt>
      <trkpt lat="49.607195" lon="17.449353">
      </trkpt>
      <trkpt lat="49.60732" lon="17.44945">
      </trkpt>
      <trkpt lat="49.607438" lon="17.449321">
      </trkpt>
      <trkpt lat="49.608032" lon="17.448464">
      </trkpt>
      <trkpt lat="49.607383" lon="17.446689">
      </trkpt>
      <trkpt lat="49.610912" lon="17.43904">
      </trkpt>
      <trkpt lat="49.612511" lon="17.438098">
      </trkpt>
      <trkpt lat="49.616441" lon="17.433055">
      </trkpt>
      <trkpt lat="49.622753" lon="17.431162">
      </trkpt>
      <trkpt lat="49.6237" lon="17.430181">
      </trkpt>
      <trkpt lat="49.624816" lon="17.428951">
      </trkpt>
      <trkpt lat="49.63304" lon="17.430303">
      </trkpt>
      <trkpt lat="49.633428" lon="17.430858">
      </trkpt>
      <trkpt lat="49.636071" lon="17.429849">
      </trkpt>
      <trkpt lat="49.636155" lon="17.429599">
      </trkpt>
      <trkpt lat="49.636379" lon="17.428797">
      </trkpt>
      <trkpt lat="49.64464" lon="17.425235">
      </trkpt>
      <trkpt lat="49.644671" lon="17.42519">
      </trkpt>
      <trkpt lat="49.645003" lon="17.424461">
      </trkpt>
      <trkpt lat="49.64514" lon="17.423855">
      </trkpt>
      <trkpt lat="49.645265" lon="17.422682">
      </trkpt>
      <trkpt lat="49.645377" lon="17.421715">
      </trkpt>
      <trkpt lat="49.645649" lon="17.419663">
      </trkpt>
      <trkpt lat="49.645713" lon="17.419299">
      </trkpt>
      <trkpt lat="49.650124" lon="17.413601">
      </trkpt>
      <trkpt lat="49.6531" lon="17.413399">
      </trkpt>
      <trkpt lat="49.659023" lon="17.410963">
      </trkpt>
      <trkpt lat="49.661156" lon="17.40968">
      </trkpt>
      <trkpt lat="49.661224" lon="17.409541">
      </trkpt>
      <trkpt lat="49.658185" lon="17.407462">
      </trkpt>
      <trkpt lat="49.656691" lon="17.407728">
      </trkpt>
      <trkpt lat="49.651811" lon="17.40797">
      </trkpt>
      <trkpt lat="49.646877" lon="17.402807">
      </trkpt>
      <trkpt lat="49.646683" lon="17.402395">
      </trkpt>
      <trkpt lat="49.646399" lon="17.401911">
      </trkpt>
      <trkpt lat="49.646046" lon="17.401265">
      </trkpt>
      <trkpt lat="49.645624" lon="17.400589">
      </trkpt>
      <trkpt lat="49.645119" lon="17.392271">
      </trkpt>
      <trkpt lat="49.646935" lon="17.386303">
      </trkpt>
      <trkpt lat="49.64518" lon="17.379091">
      </trkpt>
      <trkpt lat="49.64429" lon="17.373122">
      </trkpt>
      <trkpt lat="49.644138" lon="17.366262">
      </trkpt>
      <trkpt lat="49.643245" lon="17.365414">
      </trkpt>
      <trkpt lat="49.642883" lon="17.365249">
      </trkpt>
      <trkpt lat="49.637499" lon="17.360607">
      </trkpt>
      <trkpt lat="49.637243" lon="17.357331">
      </trkpt>
      <trkpt lat="49.637356" lon="17.356414">
      </trkpt>
      <trkpt lat="49.637513" lon="17.354175">
      </trkpt>
      <trkpt lat="49.63613" lon="17.348028">
      </trkpt>
      <trkpt lat="49.639881" lon="17.340298">
      </trkpt>
      <trkpt lat="49.641197" lon="17.338111">
      </trkpt>
      <trkpt lat="49.647813" lon="17.334494">
      </trkpt>
      <trkpt lat="49.648078" lon="17.334463">
      </trkpt>
      <trkpt lat="49.648868" lon="17.333877">
      </trkpt>
      <trkpt lat="49.64923" lon="17.333375">
      </trkpt>
      <trkpt lat="49.650494" lon="17.326176">
      </trkpt>
      <trkpt lat="49.651451" lon="17.319789">
      </trkpt>
      <trkpt lat="49.653417" lon="17.315615">
      </trkpt>
      <trkpt lat="49.65563" lon="17.309504">
      </trkpt>
      <trkpt lat="49.655626" lon="17.309476">
      </trkpt>
      <trkpt lat="49.653437" lon="17.308019">
      </trkpt>
      <trkpt lat="49.647001" lon="17.307957">
      </trkpt>
      <trkpt lat="49.644957" lon="17.30731">
      </trkpt>
      <trkpt lat="49.642924" lon="17.306667">
      </trkpt>
      <trkpt lat="49.639852" lon="17.305674">
      </trkpt>
      <trkpt lat="49.63677" lon="17.304678">
      </trkpt>
      <trkpt lat="49.634412" lon="17.306247">
      </trkpt>
      <trkpt lat="49.63438" lon="17.306672">
      </trkpt>
      <trkpt lat="49.634425" lon="17.307117">
      </trkpt>
      <trkpt lat="49.634523" lon="17.307495">
      </trkpt>
      <trkpt lat="49.635472" lon="17.309989">
      </trkpt>
      <trkpt lat="49.635282" lon="17.314403">
      </trkpt>
      <trkpt lat="49.635156" lon="17.318765">
      </trkpt>
      <trkpt lat="49.63344" lon="17.322195">
      </trkpt>
      <trkpt lat="49.625615" lon="17.320843">
      </trkpt>
      <trkpt lat="49.624267" lon="17.315722">
      </trkpt>
      <trkpt lat="49.624079" lon="17.313845">
      </trkpt>
      <trkpt lat="49.623974" lon="17.313364">
      </trkpt>
      <trkpt lat="49.623811" lon="17.312919">
      </trkpt>
      <trkpt lat="49.623649" lon="17.312591">
      </trkpt>
      <trkpt lat="49.622507" lon="17.310505">
      </trkpt>
      <trkpt lat="49.620999" lon="17.307745">
      </trkpt>
      <trkpt lat="49.62013" lon="17.306171">
      </trkpt>
      <trkpt lat="49.623921" lon="17.299295">
      </trkpt>
      <trkpt lat="49.627365" lon="17.29972">
      </trkpt>
      <trkpt lat="49.629424" lon="17.291516">
      </trkpt>
      <trkpt lat="49.629679" lon="17.291177">
      </trkpt>
      <trkpt lat="49.630752" lon="17.289967">
      </trkpt>
      <trkpt lat="49.631471" lon="17.289378">
      </trkpt>
      <trkpt lat="49.639858" lon="17.292106">
      </trkpt>
      <trkpt lat="49.639908" lon="17.292116">
      </trkpt>
      <trkpt lat="49.640604" lon="17.288584">
      </trkpt>
      <trkpt lat="49.64058" lon="17.285648">
      </trkpt>
      <trkpt lat="49.64098" lon="17.279935">
      </trkpt>
      <trkpt lat="49.641274" lon="17.276554">
      </trkpt>
      <trkpt lat="49.640858" lon="17.27456">
      </trkpt>
      <trkpt lat="49.639574" lon="17.272971">
      </trkpt>
      <trkpt lat="49.639407" lon="17.272912">
      </trkpt>
      <trkpt lat="49.636749" lon="17.272953">
      </trkpt>
      <trkpt lat="49.636679" lon="17.272957">
      </trkpt>
      <trkpt lat="49.635825" lon="17.273234">
      </trkpt>
      <trkpt lat="49.632822" lon="17.277689">
      </trkpt>
      <trkpt lat="49.631407" lon="17.282513">
      </trkpt>
      <trkpt lat="49.631148" lon="17.28303">
      </trkpt>
      <trkpt lat="49.628491" lon="17.287165">
      </trkpt>
      <trkpt lat="49.622624" lon="17.28877">
      </trkpt>
      <trkpt lat="49.622497" lon="17.288777">
      </trkpt>
      <trkpt lat="49.614746" lon="17.286473">
      </trkpt>
      <trkpt lat="49.615306" lon="17.282359">
      </trkpt>
      <trkpt lat="49.616293" lon="17.280422">
      </trkpt>
      <trkpt lat="49.616455" lon="17.279865">
      </trkpt>
      <trkpt lat="49.616482" lon="17.279301">
      </trkpt>
      <trkpt lat="49.616373" lon="17.277354">
      </trkpt>
      <trkpt lat="49.616278" lon="17.273755">
      </trkpt>
      <trkpt lat="49.620513" lon="17.266276">
      </trkpt>
      <trkpt lat="49.620688" lon="17.265994">
      </trkpt>
      <trkpt lat="49.620938" lon="17.265441">
      </trkpt>
      <trkpt lat="49.62107" lon="17.265023">
      </trkpt>
      <trkpt lat="49.621166" lon="17.2646">
      </trkpt>
      <trkpt lat="49.621236" lon="17.263913">
      </trkpt>
      <trkpt lat="49.621229" lon="17.263409">
      </trkpt>
      <trkpt lat="49.622664" lon="17.257924">
      </trkpt>
      <trkpt lat="49.622603" lon="17.257657">
      </trkpt>
      <trkpt lat="49.624197" lon="17.250041">
      </trkpt>
      <trkpt lat="49.630491" lon="17.249122">
      </trkpt>
      <trkpt lat="49.633092" lon="17.24286">
      </trkpt>
      <trkpt lat="49.635017" lon="17.236103">
      </trkpt>
      <trkpt lat="49.634689" lon="17.235522">
      </trkpt>
      <trkpt lat="49.633307" lon="17.232936">
      </trkpt>
      <trkpt lat="49.633003" lon="17.232741">
      </trkpt>
      <trkpt lat="49.631433" lon="17.233622">
      </trkpt>
      <trkpt lat="49.629857" lon="17.234492">
      </trkpt>
      <trkpt lat="49.629655" lon="17.237781">
      </trkpt>
      <trkpt lat="49.629421" lon="17.238731">
      </trkpt>
      <trkpt lat="49.620677" lon="17.240365">
      </trkpt>
      <trkpt lat="49.619124" lon="17.239907">
      </trkpt>
      <trkpt lat="49.617157" lon="17.23961">
      </trkpt>
      <trkpt lat="49.610969" lon="17.233285">
      </trkpt>
      <trkpt lat="49.613276" lon="17.225931">
      </trkpt>
      <trkpt lat="49.617337" lon="17.225165">
      </trkpt>
      <trkpt lat="49.622441" lon="17.227518">
      </trkpt>
      <trkpt lat="49.62561" lon="17.223491">
      </trkpt>
      <trkpt lat="49.626879" lon="17.222631">
      </trkpt>
      <trkpt lat="49.627615" lon="17.222187">
      </trkpt>
      <trkpt lat="49.625753" lon="17.219106">
      </trkpt>
      <trkpt lat="49.621471" lon="17.217761">
      </trkpt>
      <trkpt lat="49.617338" lon="17.212461">
      </trkpt>
      <trkpt lat="49.617748" lon="17.206479">
      </trkpt>
      <trkpt lat="49.622816" lon="17.204778">
      </trkpt>
      <trkpt lat="49.629833" lon="17.208997">
      </trkpt>
      <trkpt lat="49.632015" lon="17.210249">
      </trkpt>
      <trkpt lat="49.632843" lon="17.210975">
      </trkpt>
      <trkpt lat="49.638184" lon="17.215295">
      </trkpt>
      <trkpt lat="49.639588" lon="17.215963">
      </trkpt>
      <trkpt lat="49.639757" lon="17.215997">
      </trkpt>
      <trkpt lat="49.641779" lon="17.215488">
      </trkpt>
      <trkpt lat="49.642903" lon="17.209789">
      </trkpt>
      <trkpt lat="49.643446" lon="17.204653">
      </trkpt>
      <trkpt lat="49.648857" lon="17.198074">
      </trkpt>
      <trkpt lat="49.649084" lon="17.197924">
      </trkpt>
      <trkpt lat="49.650878" lon="17.196916">
      </trkpt>
      <trkpt lat="49.653785" lon="17.195542">
      </trkpt>
      <trkpt lat="49.654344" lon="17.195263">
      </trkpt>
      <trkpt lat="49.6549" lon="17.194941">
      </trkpt>
      <trkpt lat="49.653096" lon="17.191826">
      </trkpt>
      <trkpt lat="49.655519" lon="17.184027">
      </trkpt>
      <trkpt lat="49.654066" lon="17.176291">
      </trkpt>
      <trkpt lat="49.658051" lon="17.169482">
      </trkpt>
      <trkpt lat="49.659567" lon="17.167723">
      </trkpt>
      <trkpt lat="49.660053" lon="17.166322">
      </trkpt>
      <trkpt lat="49.658575" lon="17.164791">
      </trkpt>
      <trkpt lat="49.65626" lon="17.156815">
      </trkpt>
      <trkpt lat="49.657341" lon="17.153756">
      </trkpt>
      <trkpt lat="49.655523" lon="17.147086">
      </trkpt>
      <trkpt lat="49.657878" lon="17.140435">
      </trkpt>
      <trkpt lat="49.665843" lon="17.136894">
      </trkpt>
      <trkpt lat="49.666889" lon="17.135065">
      </trkpt>
      <trkpt lat="49.667473" lon="17.133639">
      </trkpt>
      <trkpt lat="49.66499" lon="17.129836">
      </trkpt>
      <trkpt lat="49.662684" lon="17.124616">
      </trkpt>
      <trkpt lat="49.662783" lon="17.121591">
      </trkpt>
      <trkpt lat="49.662837" lon="17.121335">
      </trkpt>
      <trkpt lat="49.66285" lon="17.12078">
      </trkpt>
      <trkpt lat="49.66335" lon="17.117626">
      </trkpt>
      <trkpt lat="49.6685" lon="17.11034">
      </trkpt>
      <trkpt lat="49.669727" lon="17.110927">
      </trkpt>
      <trkpt lat="49.670412" lon="17.111397">
      </trkpt>
      <trkpt lat="49.670869" lon="17.111612">
      </trkpt>
      <trkpt lat="49.671428" lon="17.111788">
      </trkpt>
      <trkpt lat="49.676343" lon="17.118824">
      </trkpt>
      <trkpt lat="49.677065" lon="17.121312">
      </trkpt>
      <trkpt lat="49.678621" lon="17.122761">
      </trkpt>
      <trkpt lat="49.681667" lon="17.12378">
      </trkpt>
      <trkpt lat="49.683942" lon="17.122865">
      </trkpt>
      <trkpt lat="49.683976" lon="17.122097">
      </trkpt>
      <trkpt lat="49.683686" lon="17.120751">
      </trkpt>
      <trkpt lat="49.684036" lon="17.112316">
      </trkpt>
      <trkpt lat="49.680977" lon="17.106733">
      </trkpt>
      <trkpt lat="49.677602" lon="17.105481">
      </trkpt>
      <trkpt lat="49.674728" lon="17.101902">
      </trkpt>
      <trkpt lat="49.680218" lon="17.096448">
      </trkpt>
      <trkpt lat="49.681955" lon="17.094167">
      </trkpt>
      <trkpt lat="49.681781" lon="17.093205">
      </trkpt>
      <trkpt lat="49.683566" lon="17.084819">
      </trkpt>
      <trkpt lat="49.684248" lon="17.084128">
      </trkpt>
      <trkpt lat="49.684963" lon="17.083476">
      </trkpt>
      <trkpt lat="49.690362" lon="17.080238">
      </trkpt>
      <trkpt lat="49.691042" lon="17.079202">
      </trkpt>
      <trkpt lat="49.693433" lon="17.07531">
      </trkpt>
      <trkpt lat="49.693443" lon="17.075291">
      </trkpt>
      <trkpt lat="49.693471" lon="17.073779">
      </trkpt>
      <trkpt lat="49.69303" lon="17.068163">
      </trkpt>
      <trkpt lat="49.693074" lon="17.066452">
      </trkpt>
      <trkpt lat="49.693078" lon="17.066325">
      </trkpt>
      <trkpt lat="49.692528" lon="17.061149">
      </trkpt>
      <trkpt lat="49.697889" lon="17.055293">
      </trkpt>
      <trkpt lat="49.699037" lon="17.054625">
      </trkpt>
      <trkpt lat="49.697555" lon="17.051259">
      </trkpt>
      <trkpt lat="49.699056" lon="17.043406">
      </trkpt>
      <trkpt lat="49.699927" lon="17.042364">
      </trkpt>
      <trkpt lat="49.701018" lon="17.041009">
      </trkpt>
      <trkpt lat="49.702504" lon="17.039027">
      </trkpt>
      <trkpt lat="49.703106" lon="17.038199">
      </trkpt>
      <trkpt lat="49.703696" lon="17.03735">
      </trkpt>
      <trkpt lat="49.70427" lon="17.036512">
      </trkpt>
      <trkpt lat="49.705212" lon="17.035082">
      </trkpt>
      <trkpt lat="49.706129" lon="17.033626">
      </trkpt>
      <trkpt lat="49.707474" lon="17.031385">
      </trkpt>
      <trkpt lat="49.70837" lon="17.029793">
      </trkpt>
      <trkpt lat="49.709511" lon="17.027665">
      </trkpt>
      <trkpt lat="49.710715" lon="17.025251">
      </trkpt>
      <trkpt lat="49.71131" lon="17.024">
      </trkpt>
      <trkpt lat="49.708059" lon="17.022454">
      </trkpt>
    </trkseg>
  </trk>
</gpx>