<?xml version="1.0" encoding="UTF-8"?>
<gpx xmlns="http://www.topografix.com/GPX/1/1" xmlns:xsi="http://www.w3.org/2001/XMLSchema-instance" xsi:schemaLocation="http://www.topografix.com/GPX/1/1 http://www.topografix.com/GPX/1/1/gpx.xsd" version="1.1" creator="gpx.py -- https://github.com/tkrajina/gpxpy">
  <trk>
    <trkseg>
      <trkpt lat="51.1674" lon="14.485956">
      </trkpt>
      <trkpt lat="51.167356" lon="14.486144">
      </trkpt>
      <trkpt lat="51.166103" lon="14.489998">
      </trkpt>
      <trkpt lat="51.165362" lon="14.493643">
      </trkpt>
      <trkpt lat="51.16229" lon="14.497868">
      </trkpt>
      <trkpt lat="51.153679" lon="14.500065">
      </trkpt>
      <trkpt lat="51.153172" lon="14.500039">
      </trkpt>
      <trkpt lat="51.152249" lon="14.500802">
      </trkpt>
      <trkpt lat="51.152158" lon="14.501002">
      </trkpt>
      <trkpt lat="51.151981" lon="14.501999">
      </trkpt>
      <trkpt lat="51.151521" lon="14.505042">
      </trkpt>
      <trkpt lat="51.151344" lon="14.505684">
      </trkpt>
      <trkpt lat="51.142696" lon="14.507695">
      </trkpt>
      <trkpt lat="51.138903" lon="14.501791">
      </trkpt>
      <trkpt lat="51.139066" lon="14.500156">
      </trkpt>
      <trkpt lat="51.139068" lon="14.499372">
      </trkpt>
      <trkpt lat="51.139007" lon="14.498636">
      </trkpt>
      <trkpt lat="51.138816" lon="14.497499">
      </trkpt>
      <trkpt lat="51.138744" lon="14.49698">
      </trkpt>
      <trkpt lat="51.1385" lon="14.496266">
      </trkpt>
      <trkpt lat="51.137915" lon="14.495607">
      </trkpt>
      <trkpt lat="51.137229" lon="14.495286">
      </trkpt>
      <trkpt lat="51.136787" lon="14.495212">
      </trkpt>
      <trkpt lat="51.136454" lon="14.495195">
      </trkpt>
      <trkpt lat="51.135211" lon="14.497674">
      </trkpt>
      <trkpt lat="51.133727" lon="14.504687">
      </trkpt>
      <trkpt lat="51.133766" lon="14.505491">
      </trkpt>
      <trkpt lat="51.134106" lon="14.506494">
      </trkpt>
      <trkpt lat="51.134959" lon="14.510158">
      </trkpt>
      <trkpt lat="51.135426" lon="14.51494">
      </trkpt>
      <trkpt lat="51.131415" lon="14.521762">
      </trkpt>
      <trkpt lat="51.127867" lon="14.522373">
      </trkpt>
      <trkpt lat="51.122173" lon="14.522152">
      </trkpt>
      <trkpt lat="51.119971" lon="14.522097">
      </trkpt>
      <trkpt lat="51.119852" lon="14.522081">
      </trkpt>
      <trkpt lat="51.119778" lon="14.5221">
      </trkpt>
      <trkpt lat="51.119704" lon="14.522172">
      </trkpt>
      <trkpt lat="51.119671" lon="14.522254">
      </trkpt>
      <trkpt lat="51.119035" lon="14.523917">
      </trkpt>
      <trkpt lat="51.119127" lon="14.524247">
      </trkpt>
      <trkpt lat="51.11936" lon="14.525459">
      </trkpt>
      <trkpt lat="51.119369" lon="14.526163">
      </trkpt>
      <trkpt lat="51.119302" lon="14.528314">
      </trkpt>
      <trkpt lat="51.110382" lon="14.527502">
      </trkpt>
      <trkpt lat="51.109689" lon="14.526368">
      </trkpt>
      <trkpt lat="51.109362" lon="14.52286">
      </trkpt>
      <trkpt lat="51.110061" lon="14.52085">
      </trkpt>
      <trkpt lat="51.110121" lon="14.520713">
      </trkpt>
      <trkpt lat="51.110507" lon="14.519878">
      </trkpt>
      <trkpt lat="51.110685" lon="14.519531">
      </trkpt>
      <trkpt lat="51.111209" lon="14.518602">
      </trkpt>
      <trkpt lat="51.111264" lon="14.518449">
      </trkpt>
      <trkpt lat="51.111357" lon="14.517809">
      </trkpt>
      <trkpt lat="51.111482" lon="14.517062">
      </trkpt>
      <trkpt lat="51.1118" lon="14.515899">
      </trkpt>
      <trkpt lat="51.112001" lon="14.515229">
      </trkpt>
      <trkpt lat="51.112313" lon="14.514165">
      </trkpt>
      <trkpt lat="51.112465" lon="14.513544">
      </trkpt>
      <trkpt lat="51.112532" lon="14.513273">
      </trkpt>
      <trkpt lat="51.112531" lon="14.513181">
      </trkpt>
      <trkpt lat="51.108269" lon="14.514484">
      </trkpt>
      <trkpt lat="51.103147" lon="14.511967">
      </trkpt>
      <trkpt lat="51.10074" lon="14.506598">
      </trkpt>
      <trkpt lat="51.101931" lon="14.501668">
      </trkpt>
      <trkpt lat="51.102453" lon="14.498597">
      </trkpt>
      <trkpt lat="51.101226" lon="14.494729">
      </trkpt>
      <trkpt lat="51.100108" lon="14.492512">
      </trkpt>
      <trkpt lat="51.099491" lon="14.491648">
      </trkpt>
      <trkpt lat="51.099474" lon="14.491624">
      </trkpt>
      <trkpt lat="51.096639" lon="14.493474">
      </trkpt>
      <trkpt lat="51.096537" lon="14.493706">
      </trkpt>
      <trkpt lat="51.095235" lon="14.49785">
      </trkpt>
      <trkpt lat="51.095046" lon="14.498673">
      </trkpt>
      <trkpt lat="51.093116" lon="14.50614">
      </trkpt>
      <trkpt lat="51.091656" lon="14.511378">
      </trkpt>
      <trkpt lat="51.087698" lon="14.51627">
      </trkpt>
      <trkpt lat="51.080605" lon="14.521638">
      </trkpt>
      <trkpt lat="51.075598" lon="14.514317">
      </trkpt>
      <trkpt lat="51.075835" lon="14.513746">
      </trkpt>
      <trkpt lat="51.077216" lon="14.510379">
      </trkpt>
      <trkpt lat="51.077124" lon="14.509891">
      </trkpt>
      <trkpt lat="51.076876" lon="14.509468">
      </trkpt>
      <trkpt lat="51.072933" lon="14.501721">
      </trkpt>
      <trkpt lat="51.073225" lon="14.501236">
      </trkpt>
      <trkpt lat="51.073453" lon="14.500761">
      </trkpt>
      <trkpt lat="51.073682" lon="14.500229">
      </trkpt>
      <trkpt lat="51.071498" lon="14.494675">
      </trkpt>
      <trkpt lat="51.071151" lon="14.492191">
      </trkpt>
      <trkpt lat="51.070107" lon="14.490344">
      </trkpt>
      <trkpt lat="51.06972" lon="14.489831">
      </trkpt>
      <trkpt lat="51.067113" lon="14.490466">
      </trkpt>
      <trkpt lat="51.058834" lon="14.493022">
      </trkpt>
      <trkpt lat="51.055234" lon="14.493013">
      </trkpt>
      <trkpt lat="51.054883" lon="14.495954">
      </trkpt>
      <trkpt lat="51.054389" lon="14.498548">
      </trkpt>
      <trkpt lat="51.054153" lon="14.499601">
      </trkpt>
      <trkpt lat="51.050089" lon="14.505541">
      </trkpt>
      <trkpt lat="51.047763" lon="14.506575">
      </trkpt>
      <trkpt lat="51.043263" lon="14.506978">
      </trkpt>
      <trkpt lat="51.042671" lon="14.506924">
      </trkpt>
      <trkpt lat="51.039912" lon="14.508996">
      </trkpt>
      <trkpt lat="51.03663" lon="14.511108">
      </trkpt>
      <trkpt lat="51.035362" lon="14.511884">
      </trkpt>
      <trkpt lat="51.035294" lon="14.512031">
      </trkpt>
      <trkpt lat="51.030414" lon="14.518786">
      </trkpt>
      <trkpt lat="51.025372" lon="14.52271">
      </trkpt>
      <trkpt lat="51.023757" lon="14.526545">
      </trkpt>
      <trkpt lat="51.023547" lon="14.529588">
      </trkpt>
      <trkpt lat="51.0235" lon="14.530069">
      </trkpt>
      <trkpt lat="51.021185" lon="14.536169">
      </trkpt>
      <trkpt lat="51.0188" lon="14.538524">
      </trkpt>
      <trkpt lat="51.018053" lon="14.53933">
      </trkpt>
      <trkpt lat="51.016814" lon="14.540621">
      </trkpt>
      <trkpt lat="51.015625" lon="14.541844">
      </trkpt>
      <trkpt lat="51.015244" lon="14.542423">
      </trkpt>
      <trkpt lat="51.015145" lon="14.542624">
      </trkpt>
      <trkpt lat="51.014287" lon="14.544183">
      </trkpt>
      <trkpt lat="51.014016" lon="14.544797">
      </trkpt>
      <trkpt lat="51.013501" lon="14.545909">
      </trkpt>
      <trkpt lat="51.015275" lon="14.549041">
      </trkpt>
      <trkpt lat="51.01564" lon="14.548834">
      </trkpt>
      <trkpt lat="51.016302" lon="14.548289">
      </trkpt>
      <trkpt lat="51.016681" lon="14.547967">
      </trkpt>
      <trkpt lat="51.024969" lon="14.550076">
      </trkpt>
      <trkpt lat="51.025256" lon="14.551839">
      </trkpt>
      <trkpt lat="51.025364" lon="14.552501">
      </trkpt>
      <trkpt lat="51.024686" lon="14.558952">
      </trkpt>
      <trkpt lat="51.022537" lon="14.561511">
      </trkpt>
      <trkpt lat="51.016163" lon="14.562012">
      </trkpt>
      <trkpt lat="51.015705" lon="14.561892">
      </trkpt>
      <trkpt lat="51.012971" lon="14.56082">
      </trkpt>
      <trkpt lat="51.011369" lon="14.560421">
      </trkpt>
      <trkpt lat="51.009446" lon="14.560091">
      </trkpt>
      <trkpt lat="51.003417" lon="14.561314">
      </trkpt>
      <trkpt lat="50.995956" lon="14.558609">
      </trkpt>
      <trkpt lat="50.995589" lon="14.556758">
      </trkpt>
      <trkpt lat="50.995446" lon="14.555746">
      </trkpt>
      <trkpt lat="50.99549" lon="14.554138">
      </trkpt>
      <trkpt lat="50.995669" lon="14.553247">
      </trkpt>
      <trkpt lat="50.996025" lon="14.552085">
      </trkpt>
      <trkpt lat="50.996178" lon="14.55109">
      </trkpt>
      <trkpt lat="50.99618" lon="14.550373">
      </trkpt>
      <trkpt lat="50.996094" lon="14.548726">
      </trkpt>
      <trkpt lat="50.996349" lon="14.546085">
      </trkpt>
      <trkpt lat="50.996554" lon="14.544094">
      </trkpt>
      <trkpt lat="50.99654" lon="14.543707">
      </trkpt>
      <trkpt lat="50.996475" lon="14.543128">
      </trkpt>
      <trkpt lat="50.996282" lon="14.54206">
      </trkpt>
      <trkpt lat="50.996109" lon="14.540751">
      </trkpt>
      <trkpt lat="50.995901" lon="14.538556">
      </trkpt>
      <trkpt lat="50.996083" lon="14.534895">
      </trkpt>
      <trkpt lat="50.996274" lon="14.534058">
      </trkpt>
      <trkpt lat="50.996319" lon="14.533492">
      </trkpt>
      <trkpt lat="50.996217" lon="14.530957">
      </trkpt>
      <trkpt lat="50.996201" lon="14.529203">
      </trkpt>
      <trkpt lat="50.996005" lon="14.526308">
      </trkpt>
      <trkpt lat="50.99869" lon="14.518857">
      </trkpt>
      <trkpt lat="50.996889" lon="14.512191">
      </trkpt>
      <trkpt lat="50.997902" lon="14.504929">
      </trkpt>
      <trkpt lat="50.998062" lon="14.504385">
      </trkpt>
      <trkpt lat="50.998144" lon="14.503608">
      </trkpt>
      <trkpt lat="50.998058" lon="14.501978">
      </trkpt>
      <trkpt lat="50.99803" lon="14.500353">
      </trkpt>
      <trkpt lat="50.994489" lon="14.499703">
      </trkpt>
      <trkpt lat="50.994389" lon="14.500252">
      </trkpt>
      <trkpt lat="50.99435" lon="14.50077">
      </trkpt>
      <trkpt lat="50.993343" lon="14.506187">
      </trkpt>
      <trkpt lat="50.99291" lon="14.508131">
      </trkpt>
      <trkpt lat="50.992363" lon="14.510097">
      </trkpt>
      <trkpt lat="50.991872" lon="14.512638">
      </trkpt>
      <trkpt lat="50.991398" lon="14.515326">
      </trkpt>
      <trkpt lat="50.991404" lon="14.515497">
      </trkpt>
      <trkpt lat="50.991566" lon="14.520998">
      </trkpt>
      <trkpt lat="50.991522" lon="14.52162">
      </trkpt>
      <trkpt lat="50.991558" lon="14.522367">
      </trkpt>
      <trkpt lat="50.991659" lon="14.523253">
      </trkpt>
      <trkpt lat="50.991739" lon="14.523729">
      </trkpt>
      <trkpt lat="50.992056" lon="14.525111">
      </trkpt>
      <trkpt lat="50.992438" lon="14.526792">
      </trkpt>
      <trkpt lat="50.992609" lon="14.529441">
      </trkpt>
      <trkpt lat="50.98806" lon="14.534962">
      </trkpt>
      <trkpt lat="50.988874" lon="14.537433">
      </trkpt>
      <trkpt lat="50.989768" lon="14.539516">
      </trkpt>
      <trkpt lat="50.991072" lon="14.541274">
      </trkpt>
      <trkpt lat="50.992771" lon="14.54569">
      </trkpt>
      <trkpt lat="50.989155" lon="14.550961">
      </trkpt>
      <trkpt lat="50.98991" lon="14.554085">
      </trkpt>
      <trkpt lat="50.988333" lon="14.558017">
      </trkpt>
      <trkpt lat="50.988498" lon="14.558789">
      </trkpt>
      <trkpt lat="50.988818" lon="14.560087">
      </trkpt>
      <trkpt lat="50.989233" lon="14.56145">
      </trkpt>
      <trkpt lat="50.985637" lon="14.568132">
      </trkpt>
      <trkpt lat="50.981459" lon="14.566666">
      </trkpt>
      <trkpt lat="50.979061" lon="14.565951">
      </trkpt>
      <trkpt lat="50.978676" lon="14.565736">
      </trkpt>
      <trkpt lat="50.97844" lon="14.565667">
      </trkpt>
      <trkpt lat="50.974341" lon="14.558187">
      </trkpt>
      <trkpt lat="50.975317" lon="14.556451">
      </trkpt>
      <trkpt lat="50.976986" lon="14.55361">
      </trkpt>
      <trkpt lat="50.977592" lon="14.552899">
      </trkpt>
      <trkpt lat="50.978996" lon="14.551325">
      </trkpt>
      <trkpt lat="50.979297" lon="14.550928">
      </trkpt>
      <trkpt lat="50.97968" lon="14.550197">
      </trkpt>
      <trkpt lat="50.979856" lon="14.54971">
      </trkpt>
      <trkpt lat="50.978854" lon="14.548217">
      </trkpt>
      <trkpt lat="50.971435" lon="14.545845">
      </trkpt>
      <trkpt lat="50.969844" lon="14.544079">
      </trkpt>
      <trkpt lat="50.964781" lon="14.536685">
      </trkpt>
      <trkpt lat="50.964723" lon="14.535039">
      </trkpt>
      <trkpt lat="50.966189" lon="14.529529">
      </trkpt>
      <trkpt lat="50.967316" lon="14.527748">
      </trkpt>
      <trkpt lat="50.968934" lon="14.525226">
      </trkpt>
      <trkpt lat="50.965904" lon="14.523282">
      </trkpt>
      <trkpt lat="50.959874" lon="14.526134">
      </trkpt>
      <trkpt lat="50.959582" lon="14.526233">
      </trkpt>
      <trkpt lat="50.958344" lon="14.528033">
      </trkpt>
      <trkpt lat="50.958394" lon="14.528286">
      </trkpt>
      <trkpt lat="50.958105" lon="14.532207">
      </trkpt>
      <trkpt lat="50.950281" lon="14.534409">
      </trkpt>
      <trkpt lat="50.948464" lon="14.533262">
      </trkpt>
      <trkpt lat="50.9477" lon="14.5337">
      </trkpt>
      <trkpt lat="50.946703" lon="14.534799">
      </trkpt>
      <trkpt lat="50.941955" lon="14.539354">
      </trkpt>
      <trkpt lat="50.936812" lon="14.537398">
      </trkpt>
      <trkpt lat="50.935379" lon="14.535148">
      </trkpt>
      <trkpt lat="50.93422" lon="14.530153">
      </trkpt>
      <trkpt lat="50.933759" lon="14.52845">
      </trkpt>
      <trkpt lat="50.933596" lon="14.525434">
      </trkpt>
      <trkpt lat="50.933694" lon="14.524791">
      </trkpt>
      <trkpt lat="50.938307" lon="14.517735">
      </trkpt>
      <trkpt lat="50.938185" lon="14.517392">
      </trkpt>
      <trkpt lat="50.936879" lon="14.510354">
      </trkpt>
      <trkpt lat="50.931605" lon="14.509962">
      </trkpt>
      <trkpt lat="50.928913" lon="14.511476">
      </trkpt>
      <trkpt lat="50.922338" lon="14.507866">
      </trkpt>
      <trkpt lat="50.92123" lon="14.506101">
      </trkpt>
      <trkpt lat="50.917226" lon="14.49904">
      </trkpt>
      <trkpt lat="50.915671" lon="14.497936">
      </trkpt>
      <trkpt lat="50.915592" lon="14.497907">
      </trkpt>
      <trkpt lat="50.913808" lon="14.497911">
      </trkpt>
      <trkpt lat="50.908698" lon="14.501916">
      </trkpt>
      <trkpt lat="50.904128" lon="14.501614">
      </trkpt>
      <trkpt lat="50.899545" lon="14.500422">
      </trkpt>
      <trkpt lat="50.899114" lon="14.500723">
      </trkpt>
      <trkpt lat="50.898998" lon="14.500906">
      </trkpt>
      <trkpt lat="50.897369" lon="14.50329">
      </trkpt>
      <trkpt lat="50.894778" lon="14.506668">
      </trkpt>
      <trkpt lat="50.892188" lon="14.508078">
      </trkpt>
      <trkpt lat="50.889802" lon="14.508565">
      </trkpt>
      <trkpt lat="50.88581" lon="14.509074">
      </trkpt>
      <trkpt lat="50.884441" lon="14.501311">
      </trkpt>
      <trkpt lat="50.886997" lon="14.495623">
      </trkpt>
      <trkpt lat="50.887289" lon="14.492035">
      </trkpt>
      <trkpt lat="50.887238" lon="14.485272">
      </trkpt>
      <trkpt lat="50.887622" lon="14.481692">
      </trkpt>
      <trkpt lat="50.886794" lon="14.474065">
      </trkpt>
      <trkpt lat="50.885135" lon="14.468186">
      </trkpt>
      <trkpt lat="50.885251" lon="14.464675">
      </trkpt>
      <trkpt lat="50.881719" lon="14.463976">
      </trkpt>
      <trkpt lat="50.88063" lon="14.466704">
      </trkpt>
      <trkpt lat="50.880757" lon="14.467585">
      </trkpt>
      <trkpt lat="50.880893" lon="14.468125">
      </trkpt>
      <trkpt lat="50.87856" lon="14.47649">
      </trkpt>
      <trkpt lat="50.877996" lon="14.477129">
      </trkpt>
      <trkpt lat="50.876333" lon="14.479318">
      </trkpt>
      <trkpt lat="50.875709" lon="14.483636">
      </trkpt>
      <trkpt lat="50.875074" lon="14.486004">
      </trkpt>
      <trkpt lat="50.874257" lon="14.487607">
      </trkpt>
      <trkpt lat="50.87346" lon="14.488687">
      </trkpt>
      <trkpt lat="50.86513" lon="14.487445">
      </trkpt>
      <trkpt lat="50.865409" lon="14.483313">
      </trkpt>
      <trkpt lat="50.86552" lon="14.483074">
      </trkpt>
      <trkpt lat="50.866206" lon="14.479536">
      </trkpt>
      <trkpt lat="50.866336" lon="14.479328">
      </trkpt>
      <trkpt lat="50.866555" lon="14.478322">
      </trkpt>
      <trkpt lat="50.866291" lon="14.477788">
      </trkpt>
      <trkpt lat="50.865752" lon="14.477497">
      </trkpt>
      <trkpt lat="50.860776" lon="14.475962">
      </trkpt>
      <trkpt lat="50.854836" lon="14.472264">
      </trkpt>
      <trkpt lat="50.852461" lon="14.469684">
      </trkpt>
      <trkpt lat="50.851513" lon="14.470362">
      </trkpt>
      <trkpt lat="50.842935" lon="14.468406">
      </trkpt>
      <trkpt lat="50.842883" lon="14.467704">
      </trkpt>
      <trkpt lat="50.842695" lon="14.467054">
      </trkpt>
      <trkpt lat="50.842345" lon="14.466435">
      </trkpt>
      <trkpt lat="50.841665" lon="14.465821">
      </trkpt>
      <trkpt lat="50.841272" lon="14.465623">
      </trkpt>
      <trkpt lat="50.840964" lon="14.465498">
      </trkpt>
      <trkpt lat="50.839365" lon="14.468465">
      </trkpt>
      <trkpt lat="50.839336" lon="14.468516">
      </trkpt>
      <trkpt lat="50.839224" lon="14.468905">
      </trkpt>
      <trkpt lat="50.838901" lon="14.469714">
      </trkpt>
      <trkpt lat="50.838446" lon="14.470561">
      </trkpt>
      <trkpt lat="50.837338" lon="14.471951">
      </trkpt>
      <trkpt lat="50.828691" lon="14.473401">
      </trkpt>
      <trkpt lat="50.828252" lon="14.472276">
      </trkpt>
      <trkpt lat="50.827983" lon="14.471389">
      </trkpt>
      <trkpt lat="50.827665" lon="14.470632">
      </trkpt>
      <trkpt lat="50.827298" lon="14.469226">
      </trkpt>
      <trkpt lat="50.828134" lon="14.463614">
      </trkpt>
      <trkpt lat="50.82825" lon="14.462968">
      </trkpt>
      <trkpt lat="50.828344" lon="14.462557">
      </trkpt>
      <trkpt lat="50.827831" lon="14.461694">
      </trkpt>
      <trkpt lat="50.826253" lon="14.456304">
      </trkpt>
      <trkpt lat="50.826208" lon="14.455897">
      </trkpt>
      <trkpt lat="50.826136" lon="14.455603">
      </trkpt>
      <trkpt lat="50.826019" lon="14.455212">
      </trkpt>
      <trkpt lat="50.822719" lon="14.452433">
      </trkpt>
      <trkpt lat="50.822113" lon="14.451673">
      </trkpt>
      <trkpt lat="50.819762" lon="14.446961">
      </trkpt>
      <trkpt lat="50.819423" lon="14.44596">
      </trkpt>
      <trkpt lat="50.819276" lon="14.445583">
      </trkpt>
      <trkpt lat="50.818545" lon="14.443182">
      </trkpt>
      <trkpt lat="50.818159" lon="14.440171">
      </trkpt>
      <trkpt lat="50.819327" lon="14.434503">
      </trkpt>
      <trkpt lat="50.820303" lon="14.431884">
      </trkpt>
      <trkpt lat="50.828611" lon="14.429425">
      </trkpt>
      <trkpt lat="50.831899" lon="14.431212">
      </trkpt>
      <trkpt lat="50.832897" lon="14.430406">
      </trkpt>
      <trkpt lat="50.835014" lon="14.428972">
      </trkpt>
      <trkpt lat="50.835742" lon="14.428524">
      </trkpt>
      <trkpt lat="50.836441" lon="14.427882">
      </trkpt>
      <trkpt lat="50.837158" lon="14.427256">
      </trkpt>
      <trkpt lat="50.83737" lon="14.427012">
      </trkpt>
      <trkpt lat="50.83763" lon="14.426298">
      </trkpt>
      <trkpt lat="50.837589" lon="14.425894">
      </trkpt>
      <trkpt lat="50.836788" lon="14.424399">
      </trkpt>
      <trkpt lat="50.836629" lon="14.424343">
      </trkpt>
      <trkpt lat="50.835524" lon="14.424298">
      </trkpt>
      <trkpt lat="50.83465" lon="14.424654">
      </trkpt>
      <trkpt lat="50.828533" lon="14.424106">
      </trkpt>
      <trkpt lat="50.827729" lon="14.418056">
      </trkpt>
      <trkpt lat="50.828262" lon="14.417233">
      </trkpt>
      <trkpt lat="50.828758" lon="14.416617">
      </trkpt>
      <trkpt lat="50.825955" lon="14.414359">
      </trkpt>
      <trkpt lat="50.821146" lon="14.407616">
      </trkpt>
      <trkpt lat="50.821355" lon="14.406608">
      </trkpt>
      <trkpt lat="50.81783" lon="14.405879">
      </trkpt>
      <trkpt lat="50.812533" lon="14.400563">
      </trkpt>
      <trkpt lat="50.812311" lon="14.397349">
      </trkpt>
      <trkpt lat="50.812267" lon="14.395782">
      </trkpt>
      <trkpt lat="50.810744" lon="14.393012">
      </trkpt>
      <trkpt lat="50.80564" lon="14.386271">
      </trkpt>
      <trkpt lat="50.805885" lon="14.384687">
      </trkpt>
      <trkpt lat="50.807111" lon="14.381185">
      </trkpt>
      <trkpt lat="50.806514" lon="14.377789">
      </trkpt>
      <trkpt lat="50.806298" lon="14.376701">
      </trkpt>
      <trkpt lat="50.805391" lon="14.371878">
      </trkpt>
      <trkpt lat="50.802986" lon="14.371488">
      </trkpt>
      <trkpt lat="50.802937" lon="14.371514">
      </trkpt>
      <trkpt lat="50.801831" lon="14.37241">
      </trkpt>
      <trkpt lat="50.801976" lon="14.373382">
      </trkpt>
      <trkpt lat="50.802064" lon="14.374164">
      </trkpt>
      <trkpt lat="50.802158" lon="14.374772">
      </trkpt>
      <trkpt lat="50.802791" lon="14.377516">
      </trkpt>
      <trkpt lat="50.802875" lon="14.379767">
      </trkpt>
      <trkpt lat="50.802581" lon="14.382081">
      </trkpt>
      <trkpt lat="50.794075" lon="14.382588">
      </trkpt>
      <trkpt lat="50.793015" lon="14.380715">
      </trkpt>
      <trkpt lat="50.792017" lon="14.378458">
      </trkpt>
      <trkpt lat="50.791894" lon="14.37764">
      </trkpt>
      <trkpt lat="50.791596" lon="14.376317">
      </trkpt>
      <trkpt lat="50.791527" lon="14.375915">
      </trkpt>
      <trkpt lat="50.791128" lon="14.373907">
      </trkpt>
      <trkpt lat="50.790888" lon="14.373309">
      </trkpt>
      <trkpt lat="50.790538" lon="14.372806">
      </trkpt>
      <trkpt lat="50.788956" lon="14.368737">
      </trkpt>
      <trkpt lat="50.788891" lon="14.368468">
      </trkpt>
      <trkpt lat="50.788362" lon="14.367982">
      </trkpt>
      <trkpt lat="50.788048" lon="14.367885">
      </trkpt>
      <trkpt lat="50.787985" lon="14.367871">
      </trkpt>
      <trkpt lat="50.783717" lon="14.36808">
      </trkpt>
      <trkpt lat="50.783581" lon="14.368098">
      </trkpt>
      <trkpt lat="50.782065" lon="14.370182">
      </trkpt>
      <trkpt lat="50.779198" lon="14.375553">
      </trkpt>
      <trkpt lat="50.778067" lon="14.376698">
      </trkpt>
      <trkpt lat="50.777935" lon="14.379443">
      </trkpt>
      <trkpt lat="50.776848" lon="14.381787">
      </trkpt>
      <trkpt lat="50.77658" lon="14.382327">
      </trkpt>
      <trkpt lat="50.767748" lon="14.382448">
      </trkpt>
      <trkpt lat="50.766667" lon="14.381009">
      </trkpt>
      <trkpt lat="50.765632" lon="14.379536">
      </trkpt>
      <trkpt lat="50.765608" lon="14.379553">
      </trkpt>
      <trkpt lat="50.763203" lon="14.384343">
      </trkpt>
      <trkpt lat="50.763004" lon="14.385121">
      </trkpt>
      <trkpt lat="50.762883" lon="14.385792">
      </trkpt>
      <trkpt lat="50.762779" lon="14.386986">
      </trkpt>
      <trkpt lat="50.763683" lon="14.388672">
      </trkpt>
      <trkpt lat="50.764631" lon="14.389559">
      </trkpt>
      <trkpt lat="50.765175" lon="14.389988">
      </trkpt>
      <trkpt lat="50.766472" lon="14.391173">
      </trkpt>
      <trkpt lat="50.76694" lon="14.391762">
      </trkpt>
      <trkpt lat="50.767517" lon="14.392332">
      </trkpt>
      <trkpt lat="50.765267" lon="14.400885">
      </trkpt>
      <trkpt lat="50.763468" lon="14.405186">
      </trkpt>
      <trkpt lat="50.754529" lon="14.405443">
      </trkpt>
      <trkpt lat="50.752567" lon="14.403837">
      </trkpt>
      <trkpt lat="50.752304" lon="14.403601">
      </trkpt>
      <trkpt lat="50.750968" lon="14.40242">
      </trkpt>
      <trkpt lat="50.750269" lon="14.402189">
      </trkpt>
      <trkpt lat="50.748866" lon="14.402079">
      </trkpt>
      <trkpt lat="50.743154" lon="14.395288">
      </trkpt>
      <trkpt lat="50.743399" lon="14.394485">
      </trkpt>
      <trkpt lat="50.74774" lon="14.389571">
      </trkpt>
      <trkpt lat="50.749213" lon="14.386286">
      </trkpt>
      <trkpt lat="50.74867" lon="14.38569">
      </trkpt>
      <trkpt lat="50.747049" lon="14.384389">
      </trkpt>
      <trkpt lat="50.745783" lon="14.37778">
      </trkpt>
      <trkpt lat="50.747498" lon="14.375374">
      </trkpt>
      <trkpt lat="50.747837" lon="14.375071">
      </trkpt>
      <trkpt lat="50.751701" lon="14.373389">
      </trkpt>
      <trkpt lat="50.752423" lon="14.373333">
      </trkpt>
      <trkpt lat="50.753235" lon="14.373301">
      </trkpt>
      <trkpt lat="50.754195" lon="14.373097">
      </trkpt>
      <trkpt lat="50.754924" lon="14.372845">
      </trkpt>
      <trkpt lat="50.753748" lon="14.369443">
      </trkpt>
      <trkpt lat="50.752429" lon="14.369733">
      </trkpt>
      <trkpt lat="50.746102" lon="14.364445">
      </trkpt>
      <trkpt lat="50.745815" lon="14.362281">
      </trkpt>
      <trkpt lat="50.745832" lon="14.361852">
      </trkpt>
      <trkpt lat="50.745867" lon="14.361421">
      </trkpt>
      <trkpt lat="50.745947" lon="14.360859">
      </trkpt>
      <trkpt lat="50.74609" lon="14.360145">
      </trkpt>
      <trkpt lat="50.746536" lon="14.358323">
      </trkpt>
      <trkpt lat="50.750546" lon="14.3521">
      </trkpt>
      <trkpt lat="50.751166" lon="14.351615">
      </trkpt>
      <trkpt lat="50.751576" lon="14.351198">
      </trkpt>
      <trkpt lat="50.751896" lon="14.350764">
      </trkpt>
      <trkpt lat="50.753229" lon="14.348573">
      </trkpt>
      <trkpt lat="50.753474" lon="14.348041">
      </trkpt>
      <trkpt lat="50.754491" lon="14.346046">
      </trkpt>
      <trkpt lat="50.754697" lon="14.345582">
      </trkpt>
      <trkpt lat="50.754773" lon="14.345282">
      </trkpt>
      <trkpt lat="50.75689" lon="14.340104">
      </trkpt>
      <trkpt lat="50.756155" lon="14.338871">
      </trkpt>
      <trkpt lat="50.753574" lon="14.337748">
      </trkpt>
      <trkpt lat="50.751121" lon="14.338256">
      </trkpt>
      <trkpt lat="50.751065" lon="14.338347">
      </trkpt>
      <trkpt lat="50.751402" lon="14.340619">
      </trkpt>
      <trkpt lat="50.751308" lon="14.343263">
      </trkpt>
      <trkpt lat="50.74777" lon="14.349394">
      </trkpt>
      <trkpt lat="50.745817" lon="14.351189">
      </trkpt>
      <trkpt lat="50.744519" lon="14.352644">
      </trkpt>
      <trkpt lat="50.74423" lon="14.353096">
      </trkpt>
      <trkpt lat="50.74394" lon="14.353636">
      </trkpt>
      <trkpt lat="50.743648" lon="14.354318">
      </trkpt>
      <trkpt lat="50.743459" lon="14.354855">
      </trkpt>
      <trkpt lat="50.743223" lon="14.355759">
      </trkpt>
      <trkpt lat="50.743147" lon="14.356131">
      </trkpt>
      <trkpt lat="50.743095" lon="14.356573">
      </trkpt>
      <trkpt lat="50.742596" lon="14.359278">
      </trkpt>
      <trkpt lat="50.742419" lon="14.360142">
      </trkpt>
      <trkpt lat="50.742305" lon="14.360898">
      </trkpt>
      <trkpt lat="50.742246" lon="14.361532">
      </trkpt>
      <trkpt lat="50.742219" lon="14.36213">
      </trkpt>
      <trkpt lat="50.742207" lon="14.362536">
      </trkpt>
      <trkpt lat="50.742214" lon="14.363181">
      </trkpt>
      <trkpt lat="50.742294" lon="14.363899">
      </trkpt>
      <trkpt lat="50.742591" lon="14.365242">
      </trkpt>
      <trkpt lat="50.743375" lon="14.368162">
      </trkpt>
      <trkpt lat="50.743502" lon="14.368935">
      </trkpt>
      <trkpt lat="50.74518" lon="14.37262">
      </trkpt>
      <trkpt lat="50.739243" lon="14.378694">
      </trkpt>
      <trkpt lat="50.732958" lon="14.373153">
      </trkpt>
      <trkpt lat="50.72936" lon="14.373243">
      </trkpt>
      <trkpt lat="50.723388" lon="14.378835">
      </trkpt>
      <trkpt lat="50.719806" lon="14.378474">
      </trkpt>
      <trkpt lat="50.716375" lon="14.38127">
      </trkpt>
      <trkpt lat="50.714337" lon="14.385881">
      </trkpt>
      <trkpt lat="50.708476" lon="14.392538">
      </trkpt>
      <trkpt lat="50.70836" lon="14.392686">
      </trkpt>
      <trkpt lat="50.708069" lon="14.393211">
      </trkpt>
      <trkpt lat="50.707642" lon="14.394682">
      </trkpt>
      <trkpt lat="50.707808" lon="14.39502">
      </trkpt>
      <trkpt lat="50.708788" lon="14.397109">
      </trkpt>
      <trkpt lat="50.709645" lon="14.399245">
      </trkpt>
      <trkpt lat="50.71032" lon="14.401107">
      </trkpt>
      <trkpt lat="50.712168" lon="14.401812">
      </trkpt>
      <trkpt lat="50.715733" lon="14.403645">
      </trkpt>
      <trkpt lat="50.720332" lon="14.406605">
      </trkpt>
      <trkpt lat="50.722081" lon="14.40724">
      </trkpt>
      <trkpt lat="50.725423" lon="14.408326">
      </trkpt>
      <trkpt lat="50.729393" lon="14.414666">
      </trkpt>
      <trkpt lat="50.729498" lon="14.415472">
      </trkpt>
      <trkpt lat="50.729536" lon="14.416143">
      </trkpt>
      <trkpt lat="50.729619" lon="14.416656">
      </trkpt>
      <trkpt lat="50.729876" lon="14.417651">
      </trkpt>
      <trkpt lat="50.730312" lon="14.420022">
      </trkpt>
      <trkpt lat="50.723855" lon="14.424726">
      </trkpt>
      <trkpt lat="50.723726" lon="14.425242">
      </trkpt>
      <trkpt lat="50.72269" lon="14.428585">
      </trkpt>
      <trkpt lat="50.714423" lon="14.432041">
      </trkpt>
      <trkpt lat="50.713228" lon="14.431979">
      </trkpt>
      <trkpt lat="50.713043" lon="14.435574">
      </trkpt>
      <trkpt lat="50.714829" lon="14.436163">
      </trkpt>
      <trkpt lat="50.715419" lon="14.436411">
      </trkpt>
      <trkpt lat="50.718581" lon="14.437214">
      </trkpt>
      <trkpt lat="50.720302" lon="14.437772">
      </trkpt>
      <trkpt lat="50.727033" lon="14.443033">
      </trkpt>
      <trkpt lat="50.727254" lon="14.444068">
      </trkpt>
      <trkpt lat="50.727416" lon="14.444618">
      </trkpt>
      <trkpt lat="50.727848" lon="14.445377">
      </trkpt>
      <trkpt lat="50.729381" lon="14.453247">
      </trkpt>
      <trkpt lat="50.727176" lon="14.459441">
      </trkpt>
      <trkpt lat="50.725845" lon="14.462637">
      </trkpt>
      <trkpt lat="50.7258" lon="14.462771">
      </trkpt>
      <trkpt lat="50.724345" lon="14.465989">
      </trkpt>
      <trkpt lat="50.724211" lon="14.466667">
      </trkpt>
      <trkpt lat="50.723423" lon="14.470031">
      </trkpt>
      <trkpt lat="50.722439" lon="14.471879">
      </trkpt>
      <trkpt lat="50.72148" lon="14.473918">
      </trkpt>
      <trkpt lat="50.712952" lon="14.475807">
      </trkpt>
      <trkpt lat="50.711514" lon="14.473495">
      </trkpt>
      <trkpt lat="50.711044" lon="14.472749">
      </trkpt>
      <trkpt lat="50.70936" lon="14.46957">
      </trkpt>
      <trkpt lat="50.70834" lon="14.468365">
      </trkpt>
      <trkpt lat="50.705936" lon="14.465994">
      </trkpt>
      <trkpt lat="50.704607" lon="14.464458">
      </trkpt>
      <trkpt lat="50.703255" lon="14.462897">
      </trkpt>
      <trkpt lat="50.701908" lon="14.461401">
      </trkpt>
      <trkpt lat="50.698571" lon="14.453314">
      </trkpt>
      <trkpt lat="50.698657" lon="14.452609">
      </trkpt>
      <trkpt lat="50.700916" lon="14.446606">
      </trkpt>
      <trkpt lat="50.701083" lon="14.445652">
      </trkpt>
      <trkpt lat="50.701097" lon="14.445572">
      </trkpt>
      <trkpt lat="50.701172" lon="14.445038">
      </trkpt>
      <trkpt lat="50.701229" lon="14.444304">
      </trkpt>
      <trkpt lat="50.697934" lon="14.438687">
      </trkpt>
      <trkpt lat="50.698932" lon="14.434139">
      </trkpt>
      <trkpt lat="50.699733" lon="14.432708">
      </trkpt>
      <trkpt lat="50.699964" lon="14.432244">
      </trkpt>
      <trkpt lat="50.696743" lon="14.430638">
      </trkpt>
      <trkpt lat="50.694777" lon="14.433422">
      </trkpt>
      <trkpt lat="50.694203" lon="14.434735">
      </trkpt>
      <trkpt lat="50.691595" lon="14.44292">
      </trkpt>
      <trkpt lat="50.692835" lon="14.450076">
      </trkpt>
      <trkpt lat="50.690667" lon="14.453979">
      </trkpt>
      <trkpt lat="50.690522" lon="14.454362">
      </trkpt>
      <trkpt lat="50.690435" lon="14.454793">
      </trkpt>
      <trkpt lat="50.690414" lon="14.455033">
      </trkpt>
      <trkpt lat="50.689936" lon="14.461958">
      </trkpt>
      <trkpt lat="50.690046" lon="14.469096">
      </trkpt>
      <trkpt lat="50.689898" lon="14.471839">
      </trkpt>
      <trkpt lat="50.69182" lon="14.474337">
      </trkpt>
      <trkpt lat="50.695229" lon="14.473182">
      </trkpt>
      <trkpt lat="50.69652" lon="14.46998">
      </trkpt>
      <trkpt lat="50.704202" lon="14.470059">
      </trkpt>
      <trkpt lat="50.704826" lon="14.470571">
      </trkpt>
      <trkpt lat="50.707856" lon="14.474421">
      </trkpt>
      <trkpt lat="50.709083" lon="14.479988">
      </trkpt>
      <trkpt lat="50.709123" lon="14.480886">
      </trkpt>
      <trkpt lat="50.709288" lon="14.482245">
      </trkpt>
      <trkpt lat="50.709231" lon="14.484216">
      </trkpt>
      <trkpt lat="50.709325" lon="14.485124">
      </trkpt>
      <trkpt lat="50.708236" lon="14.492778">
      </trkpt>
      <trkpt lat="50.707769" lon="14.49361">
      </trkpt>
      <trkpt lat="50.70662" lon="14.49596">
      </trkpt>
      <trkpt lat="50.706038" lon="14.496736">
      </trkpt>
      <trkpt lat="50.7048" lon="14.498393">
      </trkpt>
      <trkpt lat="50.698905" lon="14.502851">
      </trkpt>
      <trkpt lat="50.69811" lon="14.503189">
      </trkpt>
      <trkpt lat="50.697147" lon="14.503808">
      </trkpt>
      <trkpt lat="50.689488" lon="14.5008">
      </trkpt>
      <trkpt lat="50.690333" lon="14.496473">
      </trkpt>
      <trkpt lat="50.690585" lon="14.49506">
      </trkpt>
      <trkpt lat="50.6907" lon="14.49438">
      </trkpt>
      <trkpt lat="50.690783" lon="14.493786">
      </trkpt>
      <trkpt lat="50.689365" lon="14.493572">
      </trkpt>
      <trkpt lat="50.687217" lon="14.493289">
      </trkpt>
      <trkpt lat="50.687036" lon="14.494455">
      </trkpt>
      <trkpt lat="50.686789" lon="14.495839">
      </trkpt>
      <trkpt lat="50.685955" lon="14.500111">
      </trkpt>
      <trkpt lat="50.683213" lon="14.506871">
      </trkpt>
      <trkpt lat="50.679505" lon="14.512012">
      </trkpt>
      <trkpt lat="50.672983" lon="14.516398">
      </trkpt>
      <trkpt lat="50.671963" lon="14.516828">
      </trkpt>
      <trkpt lat="50.669783" lon="14.519276">
      </trkpt>
      <trkpt lat="50.669376" lon="14.519704">
      </trkpt>
      <trkpt lat="50.668909" lon="14.520316">
      </trkpt>
      <trkpt lat="50.668613" lon="14.520797">
      </trkpt>
      <trkpt lat="50.668386" lon="14.521241">
      </trkpt>
      <trkpt lat="50.660197" lon="14.524939">
      </trkpt>
      <trkpt lat="50.65665" lon="14.524323">
      </trkpt>
      <trkpt lat="50.649271" lon="14.522019">
      </trkpt>
      <trkpt lat="50.645746" lon="14.521288">
      </trkpt>
      <trkpt lat="50.638551" lon="14.526017">
      </trkpt>
      <trkpt lat="50.635967" lon="14.524417">
      </trkpt>
      <trkpt lat="50.635931" lon="14.524425">
      </trkpt>
      <trkpt lat="50.635392" lon="14.526869">
      </trkpt>
      <trkpt lat="50.635358" lon="14.527107">
      </trkpt>
      <trkpt lat="50.630697" lon="14.534542">
      </trkpt>
      <trkpt lat="50.630239" lon="14.534518">
      </trkpt>
      <trkpt lat="50.629611" lon="14.534516">
      </trkpt>
      <trkpt lat="50.629315" lon="14.537021">
      </trkpt>
      <trkpt lat="50.629384" lon="14.537701">
      </trkpt>
      <trkpt lat="50.629525" lon="14.538193">
      </trkpt>
      <trkpt lat="50.633154" lon="14.538866">
      </trkpt>
      <trkpt lat="50.635712" lon="14.537846">
      </trkpt>
      <trkpt lat="50.643588" lon="14.539745">
      </trkpt>
      <trkpt lat="50.64789" lon="14.540783">
      </trkpt>
      <trkpt lat="50.650856" lon="14.548571">
      </trkpt>
      <trkpt lat="50.650554" lon="14.550098">
      </trkpt>
      <trkpt lat="50.651228" lon="14.551812">
      </trkpt>
      <trkpt lat="50.65518" lon="14.558144">
      </trkpt>
      <trkpt lat="50.65518" lon="14.55886">
      </trkpt>
      <trkpt lat="50.655224" lon="14.559773">
      </trkpt>
      <trkpt lat="50.655245" lon="14.560374">
      </trkpt>
      <trkpt lat="50.655215" lon="14.560996">
      </trkpt>
      <trkpt lat="50.655073" lon="14.562406">
      </trkpt>
      <trkpt lat="50.655033" lon="14.564628">
      </trkpt>
      <trkpt lat="50.655041" lon="14.565203">
      </trkpt>
      <trkpt lat="50.647737" lon="14.570043">
      </trkpt>
      <trkpt lat="50.645114" lon="14.564968">
      </trkpt>
      <trkpt lat="50.645117" lon="14.564761">
      </trkpt>
      <trkpt lat="50.642152" lon="14.560122">
      </trkpt>
      <trkpt lat="50.642067" lon="14.559545">
      </trkpt>
      <trkpt lat="50.641898" lon="14.558718">
      </trkpt>
      <trkpt lat="50.64184" lon="14.558578">
      </trkpt>
      <trkpt lat="50.639613" lon="14.556099">
      </trkpt>
      <trkpt lat="50.639069" lon="14.556189">
      </trkpt>
      <trkpt lat="50.638797" lon="14.556409">
      </trkpt>
      <trkpt lat="50.638651" lon="14.556622">
      </trkpt>
      <trkpt lat="50.637553" lon="14.561494">
      </trkpt>
      <trkpt lat="50.632679" lon="14.568618">
      </trkpt>
      <trkpt lat="50.632172" lon="14.570181">
      </trkpt>
      <trkpt lat="50.630704" lon="14.574157">
      </trkpt>
      <trkpt lat="50.631129" lon="14.576889">
      </trkpt>
      <trkpt lat="50.63158" lon="14.578123">
      </trkpt>
      <trkpt lat="50.632054" lon="14.580222">
      </trkpt>
      <trkpt lat="50.629653" lon="14.587943">
      </trkpt>
      <trkpt lat="50.629234" lon="14.588455">
      </trkpt>
      <trkpt lat="50.623671" lon="14.593755">
      </trkpt>
      <trkpt lat="50.62303" lon="14.594674">
      </trkpt>
      <trkpt lat="50.615403" lon="14.598886">
      </trkpt>
      <trkpt lat="50.615373" lon="14.59892">
      </trkpt>
      <trkpt lat="50.614968" lon="14.600655">
      </trkpt>
      <trkpt lat="50.61553" lon="14.602973">
      </trkpt>
      <trkpt lat="50.615984" lon="14.604191">
      </trkpt>
      <trkpt lat="50.616027" lon="14.604236">
      </trkpt>
      <trkpt lat="50.621231" lon="14.608423">
      </trkpt>
      <trkpt lat="50.621322" lon="14.608388">
      </trkpt>
      <trkpt lat="50.625923" lon="14.605083">
      </trkpt>
      <trkpt lat="50.628924" lon="14.597736">
      </trkpt>
      <trkpt lat="50.629556" lon="14.59728">
      </trkpt>
      <trkpt lat="50.638123" lon="14.598893">
      </trkpt>
      <trkpt lat="50.63657" lon="14.604882">
      </trkpt>
      <trkpt lat="50.636523" lon="14.60571">
      </trkpt>
      <trkpt lat="50.636068" lon="14.608081">
      </trkpt>
      <trkpt lat="50.635885" lon="14.608478">
      </trkpt>
      <trkpt lat="50.635734" lon="14.609349">
      </trkpt>
      <trkpt lat="50.635842" lon="14.610201">
      </trkpt>
      <trkpt lat="50.635894" lon="14.617975">
      </trkpt>
      <trkpt lat="50.635664" lon="14.618452">
      </trkpt>
      <trkpt lat="50.63437" lon="14.62114">
      </trkpt>
      <trkpt lat="50.634148" lon="14.621608">
      </trkpt>
      <trkpt lat="50.633558" lon="14.623043">
      </trkpt>
      <trkpt lat="50.626811" lon="14.628794">
      </trkpt>
      <trkpt lat="50.625607" lon="14.629849">
      </trkpt>
      <trkpt lat="50.625145" lon="14.631079">
      </trkpt>
      <trkpt lat="50.625053" lon="14.631613">
      </trkpt>
      <trkpt lat="50.628262" lon="14.633515">
      </trkpt>
      <trkpt lat="50.631071" lon="14.641372">
      </trkpt>
      <trkpt lat="50.631036" lon="14.643002">
      </trkpt>
      <trkpt lat="50.629611" lon="14.64899">
      </trkpt>
      <trkpt lat="50.626333" lon="14.651966">
      </trkpt>
      <trkpt lat="50.626069" lon="14.655676">
      </trkpt>
      <trkpt lat="50.623376" lon="14.66183">
      </trkpt>
      <trkpt lat="50.616965" lon="14.662258">
      </trkpt>
      <trkpt lat="50.615186" lon="14.661484">
      </trkpt>
      <trkpt lat="50.613287" lon="14.660978">
      </trkpt>
      <trkpt lat="50.612851" lon="14.661166">
      </trkpt>
      <trkpt lat="50.612378" lon="14.661475">
      </trkpt>
      <trkpt lat="50.612022" lon="14.661811">
      </trkpt>
      <trkpt lat="50.603706" lon="14.664135">
      </trkpt>
      <trkpt lat="50.599259" lon="14.657266">
      </trkpt>
      <trkpt lat="50.600422" lon="14.652725">
      </trkpt>
      <trkpt lat="50.601003" lon="14.65048">
      </trkpt>
      <trkpt lat="50.602089" lon="14.646265">
      </trkpt>
      <trkpt lat="50.602577" lon="14.644313">
      </trkpt>
      <trkpt lat="50.602652" lon="14.64373">
      </trkpt>
      <trkpt lat="50.602692" lon="14.643107">
      </trkpt>
      <trkpt lat="50.602327" lon="14.640379">
      </trkpt>
      <trkpt lat="50.60242" lon="14.63754">
      </trkpt>
      <trkpt lat="50.599882" lon="14.634817">
      </trkpt>
      <trkpt lat="50.598343" lon="14.627131">
      </trkpt>
      <trkpt lat="50.595311" lon="14.625191">
      </trkpt>
      <trkpt lat="50.594602" lon="14.626299">
      </trkpt>
      <trkpt lat="50.58775" lon="14.631747">
      </trkpt>
      <trkpt lat="50.587801" lon="14.632238">
      </trkpt>
      <trkpt lat="50.588121" lon="14.632652">
      </trkpt>
      <trkpt lat="50.59005" lon="14.636159">
      </trkpt>
      <trkpt lat="50.593985" lon="14.639947">
      </trkpt>
      <trkpt lat="50.596792" lon="14.642245">
      </trkpt>
      <trkpt lat="50.595681" lon="14.649496">
      </trkpt>
      <trkpt lat="50.592129" lon="14.65075">
      </trkpt>
      <trkpt lat="50.589329" lon="14.653241">
      </trkpt>
      <trkpt lat="50.588829" lon="14.653668">
      </trkpt>
      <trkpt lat="50.587796" lon="14.654828">
      </trkpt>
      <trkpt lat="50.58742" lon="14.655213">
      </trkpt>
      <trkpt lat="50.582612" lon="14.662438">
      </trkpt>
      <trkpt lat="50.577702" lon="14.65586">
      </trkpt>
      <trkpt lat="50.575982" lon="14.652698">
      </trkpt>
      <trkpt lat="50.574645" lon="14.648211">
      </trkpt>
      <trkpt lat="50.574751" lon="14.646871">
      </trkpt>
      <trkpt lat="50.574759" lon="14.646768">
      </trkpt>
      <trkpt lat="50.575072" lon="14.642771">
      </trkpt>
      <trkpt lat="50.572595" lon="14.640158">
      </trkpt>
      <trkpt lat="50.565152" lon="14.636988">
      </trkpt>
      <trkpt lat="50.559055" lon="14.631401">
      </trkpt>
      <trkpt lat="50.555553" lon="14.632236">
      </trkpt>
      <trkpt lat="50.555818" lon="14.633347">
      </trkpt>
      <trkpt lat="50.550437" lon="14.640161">
      </trkpt>
      <trkpt lat="50.548863" lon="14.643399">
      </trkpt>
      <trkpt lat="50.549714" lon="14.643813">
      </trkpt>
      <trkpt lat="50.554713" lon="14.650291">
      </trkpt>
      <trkpt lat="50.555038" lon="14.652579">
      </trkpt>
      <trkpt lat="50.554238" lon="14.657297">
      </trkpt>
      <trkpt lat="50.552955" lon="14.659916">
      </trkpt>
      <trkpt lat="50.55012" lon="14.663029">
      </trkpt>
      <trkpt lat="50.549509" lon="14.663566">
      </trkpt>
      <trkpt lat="50.548943" lon="14.664197">
      </trkpt>
      <trkpt lat="50.548459" lon="14.66486">
      </trkpt>
      <trkpt lat="50.547526" lon="14.666265">
      </trkpt>
      <trkpt lat="50.543756" lon="14.669315">
      </trkpt>
      <trkpt lat="50.538242" lon="14.669136">
      </trkpt>
      <trkpt lat="50.537394" lon="14.66907">
      </trkpt>
      <trkpt lat="50.536768" lon="14.669221">
      </trkpt>
      <trkpt lat="50.535039" lon="14.669501">
      </trkpt>
      <trkpt lat="50.529232" lon="14.662722">
      </trkpt>
      <trkpt lat="50.529461" lon="14.661615">
      </trkpt>
      <trkpt lat="50.529604" lon="14.660407">
      </trkpt>
      <trkpt lat="50.52963" lon="14.659697">
      </trkpt>
      <trkpt lat="50.526032" lon="14.659568">
      </trkpt>
      <trkpt lat="50.523212" lon="14.663256">
      </trkpt>
      <trkpt lat="50.523366" lon="14.664118">
      </trkpt>
      <trkpt lat="50.523478" lon="14.664888">
      </trkpt>
      <trkpt lat="50.523634" lon="14.665515">
      </trkpt>
      <trkpt lat="50.523855" lon="14.666058">
      </trkpt>
      <trkpt lat="50.522698" lon="14.672642">
      </trkpt>
      <trkpt lat="50.515147" lon="14.670605">
      </trkpt>
      <trkpt lat="50.514952" lon="14.670124">
      </trkpt>
      <trkpt lat="50.514457" lon="14.668027">
      </trkpt>
      <trkpt lat="50.514397" lon="14.666808">
      </trkpt>
      <trkpt lat="50.514351" lon="14.666379">
      </trkpt>
      <trkpt lat="50.514142" lon="14.66519">
      </trkpt>
      <trkpt lat="50.510596" lon="14.665813">
      </trkpt>
      <trkpt lat="50.503462" lon="14.66564">
      </trkpt>
      <trkpt lat="50.500297" lon="14.666751">
      </trkpt>
      <trkpt lat="50.49948" lon="14.670567">
      </trkpt>
      <trkpt lat="50.498825" lon="14.676198">
      </trkpt>
      <trkpt lat="50.497436" lon="14.678064">
      </trkpt>
      <trkpt lat="50.489488" lon="14.676382">
      </trkpt>
      <trkpt lat="50.489153" lon="14.676656">
      </trkpt>
      <trkpt lat="50.480455" lon="14.674904">
      </trkpt>
      <trkpt lat="50.479155" lon="14.674104">
      </trkpt>
      <trkpt lat="50.476861" lon="14.674684">
      </trkpt>
      <trkpt lat="50.475709" lon="14.675144">
      </trkpt>
      <trkpt lat="50.475858" lon="14.675752">
      </trkpt>
      <trkpt lat="50.476003" lon="14.676697">
      </trkpt>
      <trkpt lat="50.476169" lon="14.677249">
      </trkpt>
      <trkpt lat="50.477031" lon="14.679563">
      </trkpt>
      <trkpt lat="50.479229" lon="14.685749">
      </trkpt>
      <trkpt lat="50.47591" lon="14.691267">
      </trkpt>
      <trkpt lat="50.475266" lon="14.691795">
      </trkpt>
      <trkpt lat="50.474773" lon="14.692319">
      </trkpt>
      <trkpt lat="50.474401" lon="14.69322">
      </trkpt>
      <trkpt lat="50.474124" lon="14.695325">
      </trkpt>
      <trkpt lat="50.477694" lon="14.695794">
      </trkpt>
      <trkpt lat="50.48028" lon="14.702564">
      </trkpt>
      <trkpt lat="50.480191" lon="14.703171">
      </trkpt>
      <trkpt lat="50.480264" lon="14.703908">
      </trkpt>
      <trkpt lat="50.480204" lon="14.707992">
      </trkpt>
      <trkpt lat="50.47901" lon="14.711339">
      </trkpt>
      <trkpt lat="50.473087" lon="14.714953">
      </trkpt>
      <trkpt lat="50.473062" lon="14.714998">
      </trkpt>
      <trkpt lat="50.472976" lon="14.715476">
      </trkpt>
      <trkpt lat="50.472941" lon="14.715765">
      </trkpt>
      <trkpt lat="50.473007" lon="14.716064">
      </trkpt>
      <trkpt lat="50.472585" lon="14.719918">
      </trkpt>
      <trkpt lat="50.465064" lon="14.723995">
      </trkpt>
      <trkpt lat="50.461012" lon="14.716573">
      </trkpt>
      <trkpt lat="50.461124" lon="14.716098">
      </trkpt>
      <trkpt lat="50.461235" lon="14.715504">
      </trkpt>
      <trkpt lat="50.461402" lon="14.71438">
      </trkpt>
      <trkpt lat="50.461413" lon="14.713973">
      </trkpt>
      <trkpt lat="50.461384" lon="14.713523">
      </trkpt>
      <trkpt lat="50.461297" lon="14.713035">
      </trkpt>
      <trkpt lat="50.461331" lon="14.710046">
      </trkpt>
      <trkpt lat="50.461482" lon="14.708967">
      </trkpt>
      <trkpt lat="50.46149" lon="14.708609">
      </trkpt>
      <trkpt lat="50.461465" lon="14.708105">
      </trkpt>
      <trkpt lat="50.461561" lon="14.705831">
      </trkpt>
      <trkpt lat="50.465566" lon="14.699534">
      </trkpt>
      <trkpt lat="50.465297" lon="14.69759">
      </trkpt>
      <trkpt lat="50.465322" lon="14.697284">
      </trkpt>
      <trkpt lat="50.465017" lon="14.696042">
      </trkpt>
      <trkpt lat="50.46473" lon="14.694127">
      </trkpt>
      <trkpt lat="50.46458" lon="14.691231">
      </trkpt>
      <trkpt lat="50.464662" lon="14.69073">
      </trkpt>
      <trkpt lat="50.464716" lon="14.690156">
      </trkpt>
      <trkpt lat="50.464708" lon="14.690144">
      </trkpt>
      <trkpt lat="50.463431" lon="14.684538">
      </trkpt>
      <trkpt lat="50.46334" lon="14.684064">
      </trkpt>
      <trkpt lat="50.463041" lon="14.683312">
      </trkpt>
      <trkpt lat="50.46274" lon="14.682863">
      </trkpt>
      <trkpt lat="50.462598" lon="14.682693">
      </trkpt>
      <trkpt lat="50.461258" lon="14.681176">
      </trkpt>
      <trkpt lat="50.458616" lon="14.67442">
      </trkpt>
      <trkpt lat="50.45584" lon="14.672128">
      </trkpt>
      <trkpt lat="50.455672" lon="14.672332">
      </trkpt>
      <trkpt lat="50.45539" lon="14.672725">
      </trkpt>
      <trkpt lat="50.45516" lon="14.67312">
      </trkpt>
      <trkpt lat="50.45454" lon="14.674187">
      </trkpt>
      <trkpt lat="50.4531" lon="14.677632">
      </trkpt>
      <trkpt lat="50.453138" lon="14.677671">
      </trkpt>
      <trkpt lat="50.453558" lon="14.677985">
      </trkpt>
      <trkpt lat="50.453707" lon="14.678097">
      </trkpt>
      <trkpt lat="50.454595" lon="14.678945">
      </trkpt>
      <trkpt lat="50.455859" lon="14.680475">
      </trkpt>
      <trkpt lat="50.457211" lon="14.682032">
      </trkpt>
      <trkpt lat="50.459084" lon="14.689635">
      </trkpt>
      <trkpt lat="50.459035" lon="14.689896">
      </trkpt>
      <trkpt lat="50.458713" lon="14.692282">
      </trkpt>
      <trkpt lat="50.458542" lon="14.692828">
      </trkpt>
      <trkpt lat="50.458344" lon="14.693691">
      </trkpt>
      <trkpt lat="50.458155" lon="14.694967">
      </trkpt>
      <trkpt lat="50.458134" lon="14.695717">
      </trkpt>
      <trkpt lat="50.458185" lon="14.697678">
      </trkpt>
      <trkpt lat="50.458347" lon="14.699586">
      </trkpt>
      <trkpt lat="50.458364" lon="14.700197">
      </trkpt>
      <trkpt lat="50.458242" lon="14.701897">
      </trkpt>
      <trkpt lat="50.458116" lon="14.7037">
      </trkpt>
      <trkpt lat="50.457898" lon="14.705687">
      </trkpt>
      <trkpt lat="50.457783" lon="14.706379">
      </trkpt>
      <trkpt lat="50.457757" lon="14.706877">
      </trkpt>
      <trkpt lat="50.457834" lon="14.707777">
      </trkpt>
      <trkpt lat="50.457771" lon="14.709512">
      </trkpt>
      <trkpt lat="50.457522" lon="14.712223">
      </trkpt>
      <trkpt lat="50.450378" lon="14.717189">
      </trkpt>
      <trkpt lat="50.449663" lon="14.716819">
      </trkpt>
      <trkpt lat="50.448322" lon="14.716226">
      </trkpt>
      <trkpt lat="50.447573" lon="14.716035">
      </trkpt>
      <trkpt lat="50.446388" lon="14.716353">
      </trkpt>
      <trkpt lat="50.438136" lon="14.716788">
      </trkpt>
      <trkpt lat="50.436129" lon="14.715107">
      </trkpt>
      <trkpt lat="50.434164" lon="14.707465">
      </trkpt>
      <trkpt lat="50.434304" lon="14.706927">
      </trkpt>
      <trkpt lat="50.435275" lon="14.702746">
      </trkpt>
      <trkpt lat="50.436273" lon="14.698412">
      </trkpt>
      <trkpt lat="50.436339" lon="14.697836">
      </trkpt>
      <trkpt lat="50.436308" lon="14.696834">
      </trkpt>
      <trkpt lat="50.436228" lon="14.696459">
      </trkpt>
      <trkpt lat="50.438468" lon="14.68934">
      </trkpt>
      <trkpt lat="50.443036" lon="14.687837">
      </trkpt>
      <trkpt lat="50.443221" lon="14.687841">
      </trkpt>
      <trkpt lat="50.444664" lon="14.68578">
      </trkpt>
      <trkpt lat="50.444592" lon="14.685517">
      </trkpt>
      <trkpt lat="50.443299" lon="14.684241">
      </trkpt>
      <trkpt lat="50.441245" lon="14.682282">
      </trkpt>
      <trkpt lat="50.437645" lon="14.682226">
      </trkpt>
      <trkpt lat="50.431588" lon="14.677776">
      </trkpt>
      <trkpt lat="50.427995" lon="14.67754">
      </trkpt>
      <trkpt lat="50.427879" lon="14.679314">
      </trkpt>
      <trkpt lat="50.427858" lon="14.680018">
      </trkpt>
      <trkpt lat="50.427878" lon="14.680887">
      </trkpt>
      <trkpt lat="50.427915" lon="14.681453">
      </trkpt>
      <trkpt lat="50.427535" lon="14.685764">
      </trkpt>
      <trkpt lat="50.421944" lon="14.691707">
      </trkpt>
      <trkpt lat="50.420693" lon="14.692251">
      </trkpt>
      <trkpt lat="50.421178" lon="14.694015">
      </trkpt>
      <trkpt lat="50.421401" lon="14.694519">
      </trkpt>
      <trkpt lat="50.421846" lon="14.695042">
      </trkpt>
      <trkpt lat="50.422993" lon="14.695904">
      </trkpt>
      <trkpt lat="50.423459" lon="14.696227">
      </trkpt>
      <trkpt lat="50.424016" lon="14.696433">
      </trkpt>
      <trkpt lat="50.424682" lon="14.696491">
      </trkpt>
      <trkpt lat="50.431768" lon="14.701932">
      </trkpt>
      <trkpt lat="50.430797" lon="14.706113">
      </trkpt>
      <trkpt lat="50.430442" lon="14.707191">
      </trkpt>
      <trkpt lat="50.430219" lon="14.707873">
      </trkpt>
      <trkpt lat="50.429756" lon="14.709854">
      </trkpt>
      <trkpt lat="50.429661" lon="14.710358">
      </trkpt>
      <trkpt lat="50.429596" lon="14.711057">
      </trkpt>
      <trkpt lat="50.429564" lon="14.712431">
      </trkpt>
      <trkpt lat="50.429494" lon="14.713624">
      </trkpt>
      <trkpt lat="50.429483" lon="14.714084">
      </trkpt>
      <trkpt lat="50.43254" lon="14.717159">
      </trkpt>
      <trkpt lat="50.434026" lon="14.718029">
      </trkpt>
      <trkpt lat="50.435819" lon="14.719544">
      </trkpt>
      <trkpt lat="50.438238" lon="14.724085">
      </trkpt>
      <trkpt lat="50.438138" lon="14.730338">
      </trkpt>
      <trkpt lat="50.43807" lon="14.730682">
      </trkpt>
      <trkpt lat="50.437955" lon="14.733081">
      </trkpt>
      <trkpt lat="50.437865" lon="14.735247">
      </trkpt>
      <trkpt lat="50.437767" lon="14.737191">
      </trkpt>
      <trkpt lat="50.438061" lon="14.74124">
      </trkpt>
      <trkpt lat="50.438131" lon="14.745184">
      </trkpt>
      <trkpt lat="50.444579" lon="14.75097">
      </trkpt>
      <trkpt lat="50.444953" lon="14.752057">
      </trkpt>
      <trkpt lat="50.446329" lon="14.757296">
      </trkpt>
      <trkpt lat="50.446194" lon="14.758409">
      </trkpt>
      <trkpt lat="50.446164" lon="14.759061">
      </trkpt>
      <trkpt lat="50.446186" lon="14.759631">
      </trkpt>
      <trkpt lat="50.446299" lon="14.76031">
      </trkpt>
      <trkpt lat="50.446517" lon="14.761136">
      </trkpt>
      <trkpt lat="50.446971" lon="14.762604">
      </trkpt>
      <trkpt lat="50.445025" lon="14.768621">
      </trkpt>
      <trkpt lat="50.436947" lon="14.76689">
      </trkpt>
      <trkpt lat="50.436857" lon="14.766793">
      </trkpt>
      <trkpt lat="50.435105" lon="14.764848">
      </trkpt>
      <trkpt lat="50.431337" lon="14.757581">
      </trkpt>
      <trkpt lat="50.431462" lon="14.756368">
      </trkpt>
      <trkpt lat="50.431407" lon="14.755819">
      </trkpt>
      <trkpt lat="50.431152" lon="14.755193">
      </trkpt>
      <trkpt lat="50.430595" lon="14.754602">
      </trkpt>
      <trkpt lat="50.429596" lon="14.754257">
      </trkpt>
      <trkpt lat="50.428463" lon="14.754562">
      </trkpt>
      <trkpt lat="50.425791" lon="14.755514">
      </trkpt>
      <trkpt lat="50.420126" lon="14.760365">
      </trkpt>
      <trkpt lat="50.418789" lon="14.761218">
      </trkpt>
      <trkpt lat="50.417553" lon="14.762377">
      </trkpt>
      <trkpt lat="50.417132" lon="14.762841">
      </trkpt>
      <trkpt lat="50.416828" lon="14.7633">
      </trkpt>
      <trkpt lat="50.41667" lon="14.763665">
      </trkpt>
      <trkpt lat="50.416389" lon="14.765426">
      </trkpt>
      <trkpt lat="50.416338" lon="14.766217">
      </trkpt>
      <trkpt lat="50.416338" lon="14.766873">
      </trkpt>
      <trkpt lat="50.416521" lon="14.768599">
      </trkpt>
      <trkpt lat="50.416063" lon="14.772496">
      </trkpt>
      <trkpt lat="50.41202" lon="14.778505">
      </trkpt>
      <trkpt lat="50.411121" lon="14.780953">
      </trkpt>
      <trkpt lat="50.402819" lon="14.783122">
      </trkpt>
      <trkpt lat="50.400745" lon="14.781149">
      </trkpt>
      <trkpt lat="50.398584" lon="14.776924">
      </trkpt>
      <trkpt lat="50.395843" lon="14.774401">
      </trkpt>
      <trkpt lat="50.395025" lon="14.773983">
      </trkpt>
      <trkpt lat="50.394735" lon="14.773992">
      </trkpt>
      <trkpt lat="50.391796" lon="14.774521">
      </trkpt>
      <trkpt lat="50.391521" lon="14.774928">
      </trkpt>
      <trkpt lat="50.391474" lon="14.775084">
      </trkpt>
      <trkpt lat="50.39145" lon="14.775172">
      </trkpt>
      <trkpt lat="50.391381" lon="14.775936">
      </trkpt>
      <trkpt lat="50.392352" lon="14.778184">
      </trkpt>
      <trkpt lat="50.39242" lon="14.7784">
      </trkpt>
      <trkpt lat="50.392587" lon="14.77871">
      </trkpt>
      <trkpt lat="50.392957" lon="14.779171">
      </trkpt>
      <trkpt lat="50.393935" lon="14.77967">
      </trkpt>
      <trkpt lat="50.398257" lon="14.784995">
      </trkpt>
      <trkpt lat="50.398444" lon="14.785449">
      </trkpt>
      <trkpt lat="50.399883" lon="14.793826">
      </trkpt>
      <trkpt lat="50.39904" lon="14.79609">
      </trkpt>
      <trkpt lat="50.396122" lon="14.803866">
      </trkpt>
      <trkpt lat="50.39449" lon="14.806848">
      </trkpt>
      <trkpt lat="50.39087" lon="14.812454">
      </trkpt>
      <trkpt lat="50.391062" lon="14.814782">
      </trkpt>
      <trkpt lat="50.391788" lon="14.818619">
      </trkpt>
      <trkpt lat="50.391638" lon="14.820327">
      </trkpt>
      <trkpt lat="50.391576" lon="14.820706">
      </trkpt>
      <trkpt lat="50.390679" lon="14.825873">
      </trkpt>
      <trkpt lat="50.390516" lon="14.826282">
      </trkpt>
      <trkpt lat="50.38957" lon="14.827932">
      </trkpt>
      <trkpt lat="50.38785" lon="14.830437">
      </trkpt>
      <trkpt lat="50.387358" lon="14.830915">
      </trkpt>
      <trkpt lat="50.386512" lon="14.832018">
      </trkpt>
      <trkpt lat="50.385419" lon="14.833905">
      </trkpt>
      <trkpt lat="50.384897" lon="14.834783">
      </trkpt>
      <trkpt lat="50.384484" lon="14.835535">
      </trkpt>
      <trkpt lat="50.384127" lon="14.83634">
      </trkpt>
      <trkpt lat="50.381625" lon="14.839276">
      </trkpt>
      <trkpt lat="50.381121" lon="14.839683">
      </trkpt>
      <trkpt lat="50.372275" lon="14.839216">
      </trkpt>
      <trkpt lat="50.37059" lon="14.833105">
      </trkpt>
      <trkpt lat="50.370475" lon="14.829493">
      </trkpt>
      <trkpt lat="50.37036" lon="14.825882">
      </trkpt>
      <trkpt lat="50.377113" lon="14.820243">
      </trkpt>
      <trkpt lat="50.377832" lon="14.8207">
      </trkpt>
      <trkpt lat="50.378873" lon="14.819561">
      </trkpt>
      <trkpt lat="50.379246" lon="14.81739">
      </trkpt>
      <trkpt lat="50.379181" lon="14.817297">
      </trkpt>
      <trkpt lat="50.379016" lon="14.817047">
      </trkpt>
      <trkpt lat="50.378223" lon="14.815873">
      </trkpt>
      <trkpt lat="50.37661" lon="14.813546">
      </trkpt>
      <trkpt lat="50.376246" lon="14.813046">
      </trkpt>
      <trkpt lat="50.375454" lon="14.812278">
      </trkpt>
      <trkpt lat="50.374472" lon="14.811662">
      </trkpt>
      <trkpt lat="50.369732" lon="14.806012">
      </trkpt>
      <trkpt lat="50.369647" lon="14.803299">
      </trkpt>
      <trkpt lat="50.3713" lon="14.795207">
      </trkpt>
      <trkpt lat="50.376659" lon="14.789928">
      </trkpt>
      <trkpt lat="50.377097" lon="14.789553">
      </trkpt>
      <trkpt lat="50.377318" lon="14.789293">
      </trkpt>
      <trkpt lat="50.377708" lon="14.788768">
      </trkpt>
      <trkpt lat="50.378063" lon="14.788161">
      </trkpt>
      <trkpt lat="50.378246" lon="14.787742">
      </trkpt>
      <trkpt lat="50.379607" lon="14.784943">
      </trkpt>
      <trkpt lat="50.380859" lon="14.783131">
      </trkpt>
      <trkpt lat="50.381063" lon="14.78266">
      </trkpt>
      <trkpt lat="50.381184" lon="14.782199">
      </trkpt>
      <trkpt lat="50.381277" lon="14.781526">
      </trkpt>
      <trkpt lat="50.381339" lon="14.780382">
      </trkpt>
      <trkpt lat="50.381687" lon="14.778135">
      </trkpt>
      <trkpt lat="50.381856" lon="14.777706">
      </trkpt>
      <trkpt lat="50.381958" lon="14.777195">
      </trkpt>
      <trkpt lat="50.382219" lon="14.773261">
      </trkpt>
      <trkpt lat="50.382479" lon="14.769068">
      </trkpt>
      <trkpt lat="50.382326" lon="14.7671">
      </trkpt>
      <trkpt lat="50.382921" lon="14.762108">
      </trkpt>
      <trkpt lat="50.383677" lon="14.75984">
      </trkpt>
      <trkpt lat="50.384433" lon="14.757571">
      </trkpt>
      <trkpt lat="50.385153" lon="14.755402">
      </trkpt>
      <trkpt lat="50.386385" lon="14.752313">
      </trkpt>
      <trkpt lat="50.390942" lon="14.747898">
      </trkpt>
      <trkpt lat="50.391707" lon="14.747429">
      </trkpt>
      <trkpt lat="50.392163" lon="14.747">
      </trkpt>
      <trkpt lat="50.393927" lon="14.745111">
      </trkpt>
      <trkpt lat="50.395668" lon="14.743247">
      </trkpt>
      <trkpt lat="50.398059" lon="14.741355">
      </trkpt>
      <trkpt lat="50.399257" lon="14.740604">
      </trkpt>
      <trkpt lat="50.400292" lon="14.74004">
      </trkpt>
      <trkpt lat="50.404154" lon="14.738056">
      </trkpt>
      <trkpt lat="50.404944" lon="14.737627">
      </trkpt>
      <trkpt lat="50.406086" lon="14.736694">
      </trkpt>
      <trkpt lat="50.407388" lon="14.735237">
      </trkpt>
      <trkpt lat="50.408282" lon="14.733861">
      </trkpt>
      <trkpt lat="50.4106" lon="14.73087">
      </trkpt>
      <trkpt lat="50.411472" lon="14.729908">
      </trkpt>
      <trkpt lat="50.412546" lon="14.728616">
      </trkpt>
      <trkpt lat="50.418045" lon="14.724462">
      </trkpt>
      <trkpt lat="50.418849" lon="14.724027">
      </trkpt>
      <trkpt lat="50.41923" lon="14.723659">
      </trkpt>
      <trkpt lat="50.418105" lon="14.71874">
      </trkpt>
      <trkpt lat="50.417652" lon="14.717519">
      </trkpt>
      <trkpt lat="50.415651" lon="14.713853">
      </trkpt>
      <trkpt lat="50.41531" lon="14.713097">
      </trkpt>
      <trkpt lat="50.413921" lon="14.712599">
      </trkpt>
      <trkpt lat="50.413052" lon="14.712868">
      </trkpt>
      <trkpt lat="50.412277" lon="14.715036">
      </trkpt>
      <trkpt lat="50.412345" lon="14.71547">
      </trkpt>
      <trkpt lat="50.412475" lon="14.716178">
      </trkpt>
      <trkpt lat="50.41267" lon="14.716858">
      </trkpt>
      <trkpt lat="50.410546" lon="14.725066">
      </trkpt>
      <trkpt lat="50.409638" lon="14.726494">
      </trkpt>
      <trkpt lat="50.408709" lon="14.7276">
      </trkpt>
      <trkpt lat="50.406482" lon="14.729288">
      </trkpt>
      <trkpt lat="50.40548" lon="14.729827">
      </trkpt>
      <trkpt lat="50.4014" lon="14.735012">
      </trkpt>
      <trkpt lat="50.399919" lon="14.736009">
      </trkpt>
      <trkpt lat="50.398349" lon="14.737009">
      </trkpt>
      <trkpt lat="50.397547" lon="14.737437">
      </trkpt>
      <trkpt lat="50.391313" lon="14.731269">
      </trkpt>
      <trkpt lat="50.392848" lon="14.729011">
      </trkpt>
      <trkpt lat="50.394464" lon="14.726622">
      </trkpt>
      <trkpt lat="50.39523" lon="14.725257">
      </trkpt>
      <trkpt lat="50.39209" lon="14.723495">
      </trkpt>
      <trkpt lat="50.390715" lon="14.715813">
      </trkpt>
      <trkpt lat="50.389606" lon="14.714768">
      </trkpt>
      <trkpt lat="50.388912" lon="14.714067">
      </trkpt>
      <trkpt lat="50.387635" lon="14.706185">
      </trkpt>
      <trkpt lat="50.388481" lon="14.705018">
      </trkpt>
      <trkpt lat="50.388785" lon="14.704476">
      </trkpt>
      <trkpt lat="50.389603" lon="14.702674">
      </trkpt>
      <trkpt lat="50.390057" lon="14.701856">
      </trkpt>
      <trkpt lat="50.386908" lon="14.70011">
      </trkpt>
      <trkpt lat="50.386454" lon="14.700928">
      </trkpt>
      <trkpt lat="50.385511" lon="14.702979">
      </trkpt>
      <trkpt lat="50.378769" lon="14.706346">
      </trkpt>
      <trkpt lat="50.370947" lon="14.706768">
      </trkpt>
      <trkpt lat="50.369875" lon="14.706406">
      </trkpt>
      <trkpt lat="50.368947" lon="14.706326">
      </trkpt>
      <trkpt lat="50.367423" lon="14.70642">
      </trkpt>
      <trkpt lat="50.361412" lon="14.704153">
      </trkpt>
      <trkpt lat="50.359774" lon="14.701947">
      </trkpt>
      <trkpt lat="50.358937" lon="14.701175">
      </trkpt>
      <trkpt lat="50.361507" lon="14.692765">
      </trkpt>
      <trkpt lat="50.362039" lon="14.692709">
      </trkpt>
      <trkpt lat="50.365601" lon="14.693891">
      </trkpt>
      <trkpt lat="50.366858" lon="14.694546">
      </trkpt>
      <trkpt lat="50.367342" lon="14.694689">
      </trkpt>
      <trkpt lat="50.368019" lon="14.694795">
      </trkpt>
      <trkpt lat="50.368621" lon="14.694798">
      </trkpt>
      <trkpt lat="50.369846" lon="14.694663">
      </trkpt>
      <trkpt lat="50.370532" lon="14.694394">
      </trkpt>
      <trkpt lat="50.371711" lon="14.693666">
      </trkpt>
      <trkpt lat="50.373265" lon="14.692154">
      </trkpt>
      <trkpt lat="50.374726" lon="14.690727">
      </trkpt>
      <trkpt lat="50.376304" lon="14.689388">
      </trkpt>
      <trkpt lat="50.377174" lon="14.688741">
      </trkpt>
      <trkpt lat="50.378533" lon="14.687513">
      </trkpt>
      <trkpt lat="50.378947" lon="14.687013">
      </trkpt>
      <trkpt lat="50.379295" lon="14.686533">
      </trkpt>
      <trkpt lat="50.379677" lon="14.685919">
      </trkpt>
      <trkpt lat="50.382517" lon="14.682424">
      </trkpt>
      <trkpt lat="50.390153" lon="14.680331">
      </trkpt>
      <trkpt lat="50.390586" lon="14.679007">
      </trkpt>
      <trkpt lat="50.390756" lon="14.678238">
      </trkpt>
      <trkpt lat="50.392048" lon="14.674047">
      </trkpt>
      <trkpt lat="50.39203" lon="14.671556">
      </trkpt>
      <trkpt lat="50.391945" lon="14.671035">
      </trkpt>
      <trkpt lat="50.390155" lon="14.670047">
      </trkpt>
      <trkpt lat="50.390098" lon="14.67005">
      </trkpt>
      <trkpt lat="50.389238" lon="14.670607">
      </trkpt>
      <trkpt lat="50.389109" lon="14.670722">
      </trkpt>
      <trkpt lat="50.388392" lon="14.671611">
      </trkpt>
      <trkpt lat="50.384013" lon="14.676968">
      </trkpt>
      <trkpt lat="50.377873" lon="14.670933">
      </trkpt>
      <trkpt lat="50.377823" lon="14.670306">
      </trkpt>
      <trkpt lat="50.377709" lon="14.669507">
      </trkpt>
      <trkpt lat="50.377394" lon="14.667933">
      </trkpt>
      <trkpt lat="50.377331" lon="14.666773">
      </trkpt>
      <trkpt lat="50.377348" lon="14.666288">
      </trkpt>
      <trkpt lat="50.377333" lon="14.666058">
      </trkpt>
      <trkpt lat="50.375696" lon="14.66521">
      </trkpt>
      <trkpt lat="50.375282" lon="14.665154">
      </trkpt>
      <trkpt lat="50.373742" lon="14.665799">
      </trkpt>
      <trkpt lat="50.373736" lon="14.665894">
      </trkpt>
      <trkpt lat="50.373708" lon="14.66655">
      </trkpt>
      <trkpt lat="50.373827" lon="14.668412">
      </trkpt>
      <trkpt lat="50.374177" lon="14.670205">
      </trkpt>
      <trkpt lat="50.374284" lon="14.671204">
      </trkpt>
      <trkpt lat="50.374396" lon="14.673825">
      </trkpt>
      <trkpt lat="50.374512" lon="14.676505">
      </trkpt>
      <trkpt lat="50.374588" lon="14.677137">
      </trkpt>
      <trkpt lat="50.374837" lon="14.677945">
      </trkpt>
      <trkpt lat="50.374997" lon="14.678301">
      </trkpt>
      <trkpt lat="50.374176" lon="14.686484">
      </trkpt>
      <trkpt lat="50.372402" lon="14.687978">
      </trkpt>
      <trkpt lat="50.364856" lon="14.68934">
      </trkpt>
      <trkpt lat="50.364054" lon="14.68919">
      </trkpt>
      <trkpt lat="50.362595" lon="14.689074">
      </trkpt>
      <trkpt lat="50.361747" lon="14.689121">
      </trkpt>
      <trkpt lat="50.361133" lon="14.689185">
      </trkpt>
      <trkpt lat="50.360245" lon="14.689338">
      </trkpt>
      <trkpt lat="50.358736" lon="14.689653">
      </trkpt>
      <trkpt lat="50.356636" lon="14.690129">
      </trkpt>
      <trkpt lat="50.355684" lon="14.690235">
      </trkpt>
      <trkpt lat="50.350692" lon="14.684026">
      </trkpt>
      <trkpt lat="50.352559" lon="14.68125">
      </trkpt>
      <trkpt lat="50.353276" lon="14.678747">
      </trkpt>
      <trkpt lat="50.353599" lon="14.670211">
      </trkpt>
      <trkpt lat="50.356048" lon="14.66769">
      </trkpt>
      <trkpt lat="50.357013" lon="14.66705">
      </trkpt>
      <trkpt lat="50.358295" lon="14.666339">
      </trkpt>
      <trkpt lat="50.359394" lon="14.665375">
      </trkpt>
      <trkpt lat="50.359649" lon="14.66484">
      </trkpt>
      <trkpt lat="50.360243" lon="14.663803">
      </trkpt>
      <trkpt lat="50.360633" lon="14.662531">
      </trkpt>
      <trkpt lat="50.360904" lon="14.661767">
      </trkpt>
      <trkpt lat="50.361103" lon="14.661093">
      </trkpt>
      <trkpt lat="50.357498" lon="14.656686">
      </trkpt>
      <trkpt lat="50.354705" lon="14.654414">
      </trkpt>
      <trkpt lat="50.348801" lon="14.649167">
      </trkpt>
      <trkpt lat="50.350298" lon="14.64633">
      </trkpt>
      <trkpt lat="50.351365" lon="14.644285">
      </trkpt>
      <trkpt lat="50.352496" lon="14.642106">
      </trkpt>
      <trkpt lat="50.35467" lon="14.638536">
      </trkpt>
      <trkpt lat="50.354856" lon="14.635759">
      </trkpt>
      <trkpt lat="50.354246" lon="14.632573">
      </trkpt>
      <trkpt lat="50.354047" lon="14.632577">
      </trkpt>
      <trkpt lat="50.353194" lon="14.632727">
      </trkpt>
      <trkpt lat="50.352548" lon="14.632997">
      </trkpt>
      <trkpt lat="50.351937" lon="14.633537">
      </trkpt>
      <trkpt lat="50.351637" lon="14.634011">
      </trkpt>
      <trkpt lat="50.35036" lon="14.635837">
      </trkpt>
      <trkpt lat="50.350217" lon="14.636795">
      </trkpt>
      <trkpt lat="50.350151" lon="14.637619">
      </trkpt>
      <trkpt lat="50.34949" lon="14.639971">
      </trkpt>
      <trkpt lat="50.349178" lon="14.640709">
      </trkpt>
      <trkpt lat="50.348174" lon="14.642619">
      </trkpt>
      <trkpt lat="50.347107" lon="14.644664">
      </trkpt>
      <trkpt lat="50.338665" lon="14.642157">
      </trkpt>
      <trkpt lat="50.33607" lon="14.636843">
      </trkpt>
      <trkpt lat="50.334604" lon="14.633878">
      </trkpt>
      <trkpt lat="50.334235" lon="14.63332">
      </trkpt>
      <trkpt lat="50.333955" lon="14.632977">
      </trkpt>
      <trkpt lat="50.331503" lon="14.628466">
      </trkpt>
      <trkpt lat="50.32556" lon="14.623333">
      </trkpt>
      <trkpt lat="50.324059" lon="14.621614">
      </trkpt>
      <trkpt lat="50.321347" lon="14.623983">
      </trkpt>
      <trkpt lat="50.322849" lon="14.625702">
      </trkpt>
      <trkpt lat="50.325078" lon="14.632939">
      </trkpt>
      <trkpt lat="50.327625" lon="14.635484">
      </trkpt>
      <trkpt lat="50.332838" lon="14.638429">
      </trkpt>
      <trkpt lat="50.335428" lon="14.643734">
      </trkpt>
      <trkpt lat="50.337293" lon="14.647561">
      </trkpt>
      <trkpt lat="50.338144" lon="14.649721">
      </trkpt>
      <trkpt lat="50.339051" lon="14.652005">
      </trkpt>
      <trkpt lat="50.337759" lon="14.660392">
      </trkpt>
      <trkpt lat="50.334744" lon="14.66236">
      </trkpt>
      <trkpt lat="50.335284" lon="14.663542">
      </trkpt>
      <trkpt lat="50.337568" lon="14.665816">
      </trkpt>
      <trkpt lat="50.337653" lon="14.665879">
      </trkpt>
      <trkpt lat="50.342046" lon="14.67127">
      </trkpt>
      <trkpt lat="50.346418" lon="14.677521">
      </trkpt>
      <trkpt lat="50.347111" lon="14.684389">
      </trkpt>
      <trkpt lat="50.347475" lon="14.687982">
      </trkpt>
      <trkpt lat="50.347483" lon="14.68818">
      </trkpt>
      <trkpt lat="50.347375" lon="14.690187">
      </trkpt>
      <trkpt lat="50.347267" lon="14.692377">
      </trkpt>
      <trkpt lat="50.347112" lon="14.695616">
      </trkpt>
      <trkpt lat="50.346957" lon="14.698853">
      </trkpt>
      <trkpt lat="50.346846" lon="14.701052">
      </trkpt>
      <trkpt lat="50.346817" lon="14.701793">
      </trkpt>
      <trkpt lat="50.342763" lon="14.70848">
      </trkpt>
      <trkpt lat="50.342269" lon="14.708794">
      </trkpt>
      <trkpt lat="50.341915" lon="14.709077">
      </trkpt>
      <trkpt lat="50.341655" lon="14.709314">
      </trkpt>
      <trkpt lat="50.339414" lon="14.711649">
      </trkpt>
      <trkpt lat="50.33214" lon="14.70786">
      </trkpt>
      <trkpt lat="50.331721" lon="14.705623">
      </trkpt>
      <trkpt lat="50.331408" lon="14.704948">
      </trkpt>
      <trkpt lat="50.330832" lon="14.700827">
      </trkpt>
      <trkpt lat="50.330784" lon="14.700233">
      </trkpt>
      <trkpt lat="50.330637" lon="14.697853">
      </trkpt>
      <trkpt lat="50.330842" lon="14.694946">
      </trkpt>
      <trkpt lat="50.331077" lon="14.692561">
      </trkpt>
      <trkpt lat="50.331036" lon="14.691563">
      </trkpt>
      <trkpt lat="50.330917" lon="14.690661">
      </trkpt>
      <trkpt lat="50.330297" lon="14.687535">
      </trkpt>
      <trkpt lat="50.330302" lon="14.686722">
      </trkpt>
      <trkpt lat="50.330182" lon="14.685666">
      </trkpt>
      <trkpt lat="50.330153" lon="14.68499">
      </trkpt>
      <trkpt lat="50.326556" lon="14.685144">
      </trkpt>
      <trkpt lat="50.322157" lon="14.680828">
      </trkpt>
      <trkpt lat="50.318622" lon="14.681507">
      </trkpt>
      <trkpt lat="50.313501" lon="14.685623">
      </trkpt>
      <trkpt lat="50.312844" lon="14.689459">
      </trkpt>
      <trkpt lat="50.311152" lon="14.692927">
      </trkpt>
      <trkpt lat="50.310398" lon="14.693882">
      </trkpt>
      <trkpt lat="50.30221" lon="14.697599">
      </trkpt>
      <trkpt lat="50.29863" lon="14.697979">
      </trkpt>
      <trkpt lat="50.29876" lon="14.699201">
      </trkpt>
      <trkpt lat="50.29879" lon="14.700201">
      </trkpt>
      <trkpt lat="50.298755" lon="14.702157">
      </trkpt>
      <trkpt lat="50.298809" lon="14.702711">
      </trkpt>
      <trkpt lat="50.298678" lon="14.705472">
      </trkpt>
      <trkpt lat="50.300943" lon="14.710014">
      </trkpt>
      <trkpt lat="50.302404" lon="14.713408">
      </trkpt>
      <trkpt lat="50.302252" lon="14.718366">
      </trkpt>
      <trkpt lat="50.302094" lon="14.719488">
      </trkpt>
      <trkpt lat="50.301878" lon="14.721902">
      </trkpt>
      <trkpt lat="50.301767" lon="14.723875">
      </trkpt>
      <trkpt lat="50.30166" lon="14.725789">
      </trkpt>
      <trkpt lat="50.30278" lon="14.729949">
      </trkpt>
      <trkpt lat="50.303556" lon="14.730414">
      </trkpt>
      <trkpt lat="50.307466" lon="14.736859">
      </trkpt>
      <trkpt lat="50.307402" lon="14.738426">
      </trkpt>
      <trkpt lat="50.310381" lon="14.74124">
      </trkpt>
      <trkpt lat="50.310677" lon="14.741945">
      </trkpt>
      <trkpt lat="50.311654" lon="14.744103">
      </trkpt>
      <trkpt lat="50.311742" lon="14.744446">
      </trkpt>
      <trkpt lat="50.312303" lon="14.746677">
      </trkpt>
      <trkpt lat="50.312441" lon="14.747476">
      </trkpt>
      <trkpt lat="50.312614" lon="14.749009">
      </trkpt>
      <trkpt lat="50.312885" lon="14.75005">
      </trkpt>
      <trkpt lat="50.31371" lon="14.751948">
      </trkpt>
      <trkpt lat="50.314036" lon="14.752978">
      </trkpt>
      <trkpt lat="50.314219" lon="14.753654">
      </trkpt>
      <trkpt lat="50.31457" lon="14.755461">
      </trkpt>
      <trkpt lat="50.315332" lon="14.757845">
      </trkpt>
      <trkpt lat="50.316039" lon="14.760019">
      </trkpt>
      <trkpt lat="50.316998" lon="14.761952">
      </trkpt>
      <trkpt lat="50.317849" lon="14.763624">
      </trkpt>
      <trkpt lat="50.318579" lon="14.765334">
      </trkpt>
      <trkpt lat="50.318857" lon="14.76581">
      </trkpt>
      <trkpt lat="50.319761" lon="14.766862">
      </trkpt>
      <trkpt lat="50.322341" lon="14.774635">
      </trkpt>
      <trkpt lat="50.322053" lon="14.776723">
      </trkpt>
      <trkpt lat="50.321923" lon="14.779342">
      </trkpt>
      <trkpt lat="50.315189" lon="14.783766">
      </trkpt>
      <trkpt lat="50.314513" lon="14.785224">
      </trkpt>
      <trkpt lat="50.314344" lon="14.785757">
      </trkpt>
      <trkpt lat="50.313381" lon="14.788016">
      </trkpt>
      <trkpt lat="50.312599" lon="14.790088">
      </trkpt>
      <trkpt lat="50.312331" lon="14.791228">
      </trkpt>
      <trkpt lat="50.312072" lon="14.793171">
      </trkpt>
      <trkpt lat="50.303214" lon="14.79422">
      </trkpt>
      <trkpt lat="50.302454" lon="14.790223">
      </trkpt>
      <trkpt lat="50.300581" lon="14.787997">
      </trkpt>
      <trkpt lat="50.297818" lon="14.779733">
      </trkpt>
      <trkpt lat="50.298006" lon="14.778848">
      </trkpt>
      <trkpt lat="50.298434" lon="14.775903">
      </trkpt>
      <trkpt lat="50.298859" lon="14.772978">
      </trkpt>
      <trkpt lat="50.299339" lon="14.769915">
      </trkpt>
      <trkpt lat="50.299608" lon="14.767814">
      </trkpt>
      <trkpt lat="50.299827" lon="14.765558">
      </trkpt>
      <trkpt lat="50.300047" lon="14.763303">
      </trkpt>
      <trkpt lat="50.300267" lon="14.761047">
      </trkpt>
      <trkpt lat="50.300478" lon="14.75886">
      </trkpt>
      <trkpt lat="50.301259" lon="14.755774">
      </trkpt>
      <trkpt lat="50.301906" lon="14.754034">
      </trkpt>
      <trkpt lat="50.302397" lon="14.749406">
      </trkpt>
      <trkpt lat="50.300867" lon="14.747985">
      </trkpt>
      <trkpt lat="50.299903" lon="14.746737">
      </trkpt>
      <trkpt lat="50.298879" lon="14.745086">
      </trkpt>
      <trkpt lat="50.298181" lon="14.744108">
      </trkpt>
      <trkpt lat="50.296019" lon="14.742015">
      </trkpt>
      <trkpt lat="50.294403" lon="14.741054">
      </trkpt>
      <trkpt lat="50.291835" lon="14.734679">
      </trkpt>
      <trkpt lat="50.29185" lon="14.734546">
      </trkpt>
      <trkpt lat="50.292122" lon="14.732598">
      </trkpt>
      <trkpt lat="50.292549" lon="14.731333">
      </trkpt>
      <trkpt lat="50.292972" lon="14.730088">
      </trkpt>
      <trkpt lat="50.293262" lon="14.729295">
      </trkpt>
      <trkpt lat="50.291539" lon="14.726451">
      </trkpt>
      <trkpt lat="50.291397" lon="14.725955">
      </trkpt>
      <trkpt lat="50.291177" lon="14.725484">
      </trkpt>
      <trkpt lat="50.290729" lon="14.724464">
      </trkpt>
      <trkpt lat="50.290515" lon="14.724019">
      </trkpt>
      <trkpt lat="50.290321" lon="14.72367">
      </trkpt>
      <trkpt lat="50.289937" lon="14.723011">
      </trkpt>
      <trkpt lat="50.28933" lon="14.722133">
      </trkpt>
      <trkpt lat="50.288537" lon="14.720923">
      </trkpt>
      <trkpt lat="50.287458" lon="14.71941">
      </trkpt>
      <trkpt lat="50.285656" lon="14.713465">
      </trkpt>
      <trkpt lat="50.281938" lon="14.711156">
      </trkpt>
      <trkpt lat="50.28078" lon="14.709932">
      </trkpt>
      <trkpt lat="50.279091" lon="14.708342">
      </trkpt>
      <trkpt lat="50.277478" lon="14.706827">
      </trkpt>
      <trkpt lat="50.276137" lon="14.705542">
      </trkpt>
      <trkpt lat="50.279052" lon="14.697557">
      </trkpt>
      <trkpt lat="50.282144" lon="14.697255">
      </trkpt>
      <trkpt lat="50.283907" lon="14.697618">
      </trkpt>
      <trkpt lat="50.283973" lon="14.697275">
      </trkpt>
      <trkpt lat="50.28413" lon="14.696113">
      </trkpt>
      <trkpt lat="50.284387" lon="14.695014">
      </trkpt>
      <trkpt lat="50.280647" lon="14.687553">
      </trkpt>
      <trkpt lat="50.280742" lon="14.684677">
      </trkpt>
      <trkpt lat="50.281791" lon="14.677562">
      </trkpt>
      <trkpt lat="50.277148" lon="14.669955">
      </trkpt>
      <trkpt lat="50.275807" lon="14.667939">
      </trkpt>
      <trkpt lat="50.2765" lon="14.659297">
      </trkpt>
      <trkpt lat="50.279706" lon="14.65167">
      </trkpt>
      <trkpt lat="50.281743" lon="14.64946">
      </trkpt>
      <trkpt lat="50.282132" lon="14.648889">
      </trkpt>
      <trkpt lat="50.282816" lon="14.647541">
      </trkpt>
      <trkpt lat="50.283644" lon="14.645864">
      </trkpt>
      <trkpt lat="50.284466" lon="14.644198">
      </trkpt>
      <trkpt lat="50.285552" lon="14.642037">
      </trkpt>
      <trkpt lat="50.286664" lon="14.639821">
      </trkpt>
      <trkpt lat="50.291927" lon="14.634607">
      </trkpt>
      <trkpt lat="50.291924" lon="14.633758">
      </trkpt>
      <trkpt lat="50.292057" lon="14.631615">
      </trkpt>
      <trkpt lat="50.292519" lon="14.629286">
      </trkpt>
      <trkpt lat="50.292983" lon="14.626953">
      </trkpt>
      <trkpt lat="50.293393" lon="14.624861">
      </trkpt>
      <trkpt lat="50.289861" lon="14.624168">
      </trkpt>
      <trkpt lat="50.28945" lon="14.626259">
      </trkpt>
      <trkpt lat="50.286278" lon="14.633343">
      </trkpt>
      <trkpt lat="50.285208" lon="14.634597">
      </trkpt>
      <trkpt lat="50.284978" lon="14.634898">
      </trkpt>
      <trkpt lat="50.279836" lon="14.640257">
      </trkpt>
      <trkpt lat="50.278772" lon="14.640971">
      </trkpt>
      <trkpt lat="50.276392" lon="14.642658">
      </trkpt>
      <trkpt lat="50.275524" lon="14.644881">
      </trkpt>
      <trkpt lat="50.275276" lon="14.645389">
      </trkpt>
      <trkpt lat="50.268701" lon="14.64896">
      </trkpt>
      <trkpt lat="50.262945" lon="14.642471">
      </trkpt>
      <trkpt lat="50.262835" lon="14.639492">
      </trkpt>
      <trkpt lat="50.260396" lon="14.638853">
      </trkpt>
      <trkpt lat="50.254287" lon="14.632277">
      </trkpt>
      <trkpt lat="50.250024" lon="14.625479">
      </trkpt>
      <trkpt lat="50.25457" lon="14.618552">
      </trkpt>
      <trkpt lat="50.25927" lon="14.618366">
      </trkpt>
      <trkpt lat="50.259453" lon="14.618026">
      </trkpt>
      <trkpt lat="50.259543" lon="14.617865">
      </trkpt>
      <trkpt lat="50.259648" lon="14.617461">
      </trkpt>
      <trkpt lat="50.25978" lon="14.616367">
      </trkpt>
      <trkpt lat="50.259339" lon="14.614443">
      </trkpt>
      <trkpt lat="50.259268" lon="14.614275">
      </trkpt>
      <trkpt lat="50.256704" lon="14.606229">
      </trkpt>
      <trkpt lat="50.256793" lon="14.605456">
      </trkpt>
      <trkpt lat="50.256919" lon="14.60427">
      </trkpt>
      <trkpt lat="50.256991" lon="14.603778">
      </trkpt>
      <trkpt lat="50.257698" lon="14.600282">
      </trkpt>
      <trkpt lat="50.254169" lon="14.599569">
      </trkpt>
      <trkpt lat="50.252773" lon="14.604197">
      </trkpt>
      <trkpt lat="50.250165" lon="14.610361">
      </trkpt>
      <trkpt lat="50.250068" lon="14.611123">
      </trkpt>
      <trkpt lat="50.247653" lon="14.617464">
      </trkpt>
      <trkpt lat="50.239688" lon="14.618563">
      </trkpt>
      <trkpt lat="50.239176" lon="14.618564">
      </trkpt>
      <trkpt lat="50.231505" lon="14.620027">
      </trkpt>
      <trkpt lat="50.225297" lon="14.621133">
      </trkpt>
      <trkpt lat="50.225135" lon="14.621586">
      </trkpt>
      <trkpt lat="50.224718" lon="14.623024">
      </trkpt>
      <trkpt lat="50.224608" lon="14.623673">
      </trkpt>
      <trkpt lat="50.22466" lon="14.624218">
      </trkpt>
      <trkpt lat="50.224883" lon="14.62487">
      </trkpt>
      <trkpt lat="50.226713" lon="14.627258">
      </trkpt>
      <trkpt lat="50.227912" lon="14.631281">
      </trkpt>
      <trkpt lat="50.220535" lon="14.634523">
      </trkpt>
      <trkpt lat="50.219978" lon="14.636648">
      </trkpt>
      <trkpt lat="50.213612" lon="14.640426">
      </trkpt>
      <trkpt lat="50.212975" lon="14.640462">
      </trkpt>
      <trkpt lat="50.212171" lon="14.640477">
      </trkpt>
      <trkpt lat="50.211973" lon="14.640521">
      </trkpt>
      <trkpt lat="50.209998" lon="14.640785">
      </trkpt>
      <trkpt lat="50.208917" lon="14.641048">
      </trkpt>
      <trkpt lat="50.201432" lon="14.64082">
      </trkpt>
      <trkpt lat="50.20009" lon="14.635277">
      </trkpt>
      <trkpt lat="50.200764" lon="14.633824">
      </trkpt>
      <trkpt lat="50.201983" lon="14.631118">
      </trkpt>
      <trkpt lat="50.198701" lon="14.629639">
      </trkpt>
      <trkpt lat="50.190212" lon="14.627343">
      </trkpt>
      <trkpt lat="50.186652" lon="14.627884">
      </trkpt>
      <trkpt lat="50.17777" lon="14.628292">
      </trkpt>
      <trkpt lat="50.177595" lon="14.627636">
      </trkpt>
      <trkpt lat="50.177375" lon="14.626715">
      </trkpt>
      <trkpt lat="50.177341" lon="14.625004">
      </trkpt>
      <trkpt lat="50.177285" lon="14.62488">
      </trkpt>
      <trkpt lat="50.175565" lon="14.623952">
      </trkpt>
      <trkpt lat="50.1755" lon="14.623959">
      </trkpt>
      <trkpt lat="50.166999" lon="14.623798">
      </trkpt>
      <trkpt lat="50.165585" lon="14.620756">
      </trkpt>
      <trkpt lat="50.164288" lon="14.617773">
      </trkpt>
      <trkpt lat="50.163456" lon="14.61586">
      </trkpt>
      <trkpt lat="50.162624" lon="14.613946">
      </trkpt>
      <trkpt lat="50.159322" lon="14.615382">
      </trkpt>
      <trkpt lat="50.152218" lon="14.612415">
      </trkpt>
      <trkpt lat="50.149814" lon="14.609428">
      </trkpt>
      <trkpt lat="50.148361" lon="14.604091">
      </trkpt>
      <trkpt lat="50.148367" lon="14.60347">
      </trkpt>
      <trkpt lat="50.141873" lon="14.597503">
      </trkpt>
      <trkpt lat="50.14181" lon="14.596924">
      </trkpt>
      <trkpt lat="50.141753" lon="14.596556">
      </trkpt>
      <trkpt lat="50.141482" lon="14.594999">
      </trkpt>
      <trkpt lat="50.141358" lon="14.593838">
      </trkpt>
      <trkpt lat="50.137778" lon="14.594221">
      </trkpt>
      <trkpt lat="50.137903" lon="14.595382">
      </trkpt>
      <trkpt lat="50.138205" lon="14.597165">
      </trkpt>
      <trkpt lat="50.138253" lon="14.597476">
      </trkpt>
      <trkpt lat="50.138293" lon="14.597878">
      </trkpt>
      <trkpt lat="50.138321" lon="14.598477">
      </trkpt>
      <trkpt lat="50.138334" lon="14.599418">
      </trkpt>
      <trkpt lat="50.130129" lon="14.603096">
      </trkpt>
      <trkpt lat="50.129664" lon="14.602896">
      </trkpt>
      <trkpt lat="50.128885" lon="14.602645">
      </trkpt>
      <trkpt lat="50.123324" lon="14.597285">
      </trkpt>
      <trkpt lat="50.122845" lon="14.595369">
      </trkpt>
      <trkpt lat="50.122401" lon="14.593636">
      </trkpt>
      <trkpt lat="50.122232" lon="14.5919">
      </trkpt>
      <trkpt lat="50.121104" lon="14.58883">
      </trkpt>
      <trkpt lat="50.121032" lon="14.588541">
      </trkpt>
      <trkpt lat="50.120835" lon="14.58749">
      </trkpt>
      <trkpt lat="50.120542" lon="14.586171">
      </trkpt>
      <trkpt lat="50.119874" lon="14.583503">
      </trkpt>
      <trkpt lat="50.119221" lon="14.580895">
      </trkpt>
      <trkpt lat="50.12347" lon="14.574095">
      </trkpt>
      <trkpt lat="50.127253" lon="14.571872">
      </trkpt>
      <trkpt lat="50.128279" lon="14.567804">
      </trkpt>
      <trkpt lat="50.128308" lon="14.567454">
      </trkpt>
      <trkpt lat="50.128323" lon="14.567272">
      </trkpt>
      <trkpt lat="50.128337" lon="14.567104">
      </trkpt>
      <trkpt lat="50.128224" lon="14.565684">
      </trkpt>
      <trkpt lat="50.128075" lon="14.56416">
      </trkpt>
      <trkpt lat="50.12398" lon="14.562403">
      </trkpt>
      <trkpt lat="50.121191" lon="14.557529">
      </trkpt>
      <trkpt lat="50.121075" lon="14.556608">
      </trkpt>
      <trkpt lat="50.120897" lon="14.555567">
      </trkpt>
      <trkpt lat="50.120726" lon="14.554793">
      </trkpt>
      <trkpt lat="50.120539" lon="14.554052">
      </trkpt>
      <trkpt lat="50.119891" lon="14.551913">
      </trkpt>
      <trkpt lat="50.118999" lon="14.549097">
      </trkpt>
      <trkpt lat="50.117365" lon="14.540731">
      </trkpt>
      <trkpt lat="50.115755" lon="14.536967">
      </trkpt>
      <trkpt lat="50.117237" lon="14.531494">
      </trkpt>
      <trkpt lat="50.117134" lon="14.529907">
      </trkpt>
      <trkpt lat="50.117081" lon="14.529308">
      </trkpt>
      <trkpt lat="50.113495" lon="14.529626">
      </trkpt>
      <trkpt lat="50.113645" lon="14.531726">
      </trkpt>
      <trkpt lat="50.11377" lon="14.540541">
      </trkpt>
      <trkpt lat="50.113756" lon="14.541196">
      </trkpt>
      <trkpt lat="50.113761" lon="14.541763">
      </trkpt>
      <trkpt lat="50.11379" lon="14.542491">
      </trkpt>
      <trkpt lat="50.113839" lon="14.543144">
      </trkpt>
      <trkpt lat="50.113924" lon="14.543915">
      </trkpt>
      <trkpt lat="50.114034" lon="14.544674">
      </trkpt>
      <trkpt lat="50.114151" lon="14.545324">
      </trkpt>
      <trkpt lat="50.11431" lon="14.546054">
      </trkpt>
      <trkpt lat="50.114657" lon="14.547309">
      </trkpt>
      <trkpt lat="50.115567" lon="14.550184">
      </trkpt>
      <trkpt lat="50.111751" lon="14.557949">
      </trkpt>
      <trkpt lat="50.111209" lon="14.55822">
      </trkpt>
      <trkpt lat="50.110534" lon="14.55926">
      </trkpt>
      <trkpt lat="50.110534" lon="14.559327">
      </trkpt>
      <trkpt lat="50.110535" lon="14.559858">
      </trkpt>
      <trkpt lat="50.110772" lon="14.560472">
      </trkpt>
      <trkpt lat="50.110823" lon="14.560566">
      </trkpt>
      <trkpt lat="50.113228" lon="14.564384">
      </trkpt>
      <trkpt lat="50.113343" lon="14.564762">
      </trkpt>
      <trkpt lat="50.113441" lon="14.565015">
      </trkpt>
      <trkpt lat="50.115453" lon="14.571411">
      </trkpt>
      <trkpt lat="50.108337" lon="14.57473">
      </trkpt>
      <trkpt lat="50.107431" lon="14.575646">
      </trkpt>
      <trkpt lat="50.10775" lon="14.578106">
      </trkpt>
      <trkpt lat="50.108878" lon="14.582849">
      </trkpt>
      <trkpt lat="50.105238" lon="14.587223">
      </trkpt>
      <trkpt lat="50.104086" lon="14.587717">
      </trkpt>
      <trkpt lat="50.102339" lon="14.588309">
      </trkpt>
      <trkpt lat="50.100905" lon="14.589191">
      </trkpt>
      <trkpt lat="50.099024" lon="14.59034">
      </trkpt>
      <trkpt lat="50.100666" lon="14.593544">
      </trkpt>
      <trkpt lat="50.100826" lon="14.593462">
      </trkpt>
      <trkpt lat="50.104209" lon="14.591658">
      </trkpt>
      <trkpt lat="50.10566" lon="14.590954">
      </trkpt>
      <trkpt lat="50.106649" lon="14.590535">
      </trkpt>
      <trkpt lat="50.10762" lon="14.590189">
      </trkpt>
      <trkpt lat="50.109523" lon="14.589722">
      </trkpt>
      <trkpt lat="50.110702" lon="14.589592">
      </trkpt>
      <trkpt lat="50.115313" lon="14.589971">
      </trkpt>
      <trkpt lat="50.118837" lon="14.594142">
      </trkpt>
      <trkpt lat="50.119352" lon="14.596243">
      </trkpt>
      <trkpt lat="50.119832" lon="14.598159">
      </trkpt>
      <trkpt lat="50.12091" lon="14.603143">
      </trkpt>
      <trkpt lat="50.121355" lon="14.605378">
      </trkpt>
      <trkpt lat="50.118099" lon="14.612249">
      </trkpt>
      <trkpt lat="50.11495" lon="14.612495">
      </trkpt>
      <trkpt lat="50.114928" lon="14.612504">
      </trkpt>
      <trkpt lat="50.113781" lon="14.614202">
      </trkpt>
      <trkpt lat="50.113826" lon="14.614471">
      </trkpt>
      <trkpt lat="50.114511" lon="14.617056">
      </trkpt>
      <trkpt lat="50.111742" lon="14.623296">
      </trkpt>
      <trkpt lat="50.11006" lon="14.624364">
      </trkpt>
      <trkpt lat="50.109434" lon="14.624881">
      </trkpt>
      <trkpt lat="50.10943" lon="14.625113">
      </trkpt>
      <trkpt lat="50.109652" lon="14.626227">
      </trkpt>
      <trkpt lat="50.109881" lon="14.626602">
      </trkpt>
      <trkpt lat="50.114254" lon="14.629704">
      </trkpt>
      <trkpt lat="50.115639" lon="14.635419">
      </trkpt>
      <trkpt lat="50.115651" lon="14.635997">
      </trkpt>
      <trkpt lat="50.11652" lon="14.638752">
      </trkpt>
      <trkpt lat="50.120119" lon="14.638655">
      </trkpt>
      <trkpt lat="50.121001" lon="14.637456">
      </trkpt>
      <trkpt lat="50.121721" lon="14.636033">
      </trkpt>
      <trkpt lat="50.123141" lon="14.634402">
      </trkpt>
      <trkpt lat="50.131578" lon="14.636631">
      </trkpt>
      <trkpt lat="50.132262" lon="14.637892">
      </trkpt>
      <trkpt lat="50.132965" lon="14.639137">
      </trkpt>
      <trkpt lat="50.133923" lon="14.640749">
      </trkpt>
      <trkpt lat="50.135336" lon="14.642989">
      </trkpt>
      <trkpt lat="50.136624" lon="14.644863">
      </trkpt>
      <trkpt lat="50.137769" lon="14.646444">
      </trkpt>
      <trkpt lat="50.14124" lon="14.652929">
      </trkpt>
      <trkpt lat="50.145932" lon="14.655345">
      </trkpt>
      <trkpt lat="50.147205" lon="14.656469">
      </trkpt>
      <trkpt lat="50.149519" lon="14.658425">
      </trkpt>
      <trkpt lat="50.151562" lon="14.660073">
      </trkpt>
      <trkpt lat="50.154339" lon="14.662225">
      </trkpt>
      <trkpt lat="50.156565" lon="14.665218">
      </trkpt>
      <trkpt lat="50.156988" lon="14.67179">
      </trkpt>
      <trkpt lat="50.15676" lon="14.672779">
      </trkpt>
      <trkpt lat="50.156156" lon="14.675493">
      </trkpt>
      <trkpt lat="50.15584" lon="14.676641">
      </trkpt>
      <trkpt lat="50.155296" lon="14.67839">
      </trkpt>
      <trkpt lat="50.154643" lon="14.680305">
      </trkpt>
      <trkpt lat="50.154213" lon="14.681484">
      </trkpt>
      <trkpt lat="50.153793" lon="14.682573">
      </trkpt>
      <trkpt lat="50.148929" lon="14.686698">
      </trkpt>
      <trkpt lat="50.148277" lon="14.686947">
      </trkpt>
      <trkpt lat="50.140468" lon="14.683008">
      </trkpt>
      <trkpt lat="50.140193" lon="14.682462">
      </trkpt>
      <trkpt lat="50.13994" lon="14.682009">
      </trkpt>
      <trkpt lat="50.138921" lon="14.680254">
      </trkpt>
      <trkpt lat="50.137939" lon="14.678567">
      </trkpt>
      <trkpt lat="50.137071" lon="14.675324">
      </trkpt>
      <trkpt lat="50.133513" lon="14.675873">
      </trkpt>
      <trkpt lat="50.133771" lon="14.677547">
      </trkpt>
      <trkpt lat="50.133897" lon="14.678078">
      </trkpt>
      <trkpt lat="50.134091" lon="14.678705">
      </trkpt>
      <trkpt lat="50.134404" lon="14.679547">
      </trkpt>
      <trkpt lat="50.134751" lon="14.680239">
      </trkpt>
      <trkpt lat="50.135808" lon="14.682062">
      </trkpt>
      <trkpt lat="50.136828" lon="14.683817">
      </trkpt>
      <trkpt lat="50.135035" lon="14.692436">
      </trkpt>
      <trkpt lat="50.134554" lon="14.693148">
      </trkpt>
      <trkpt lat="50.134197" lon="14.693927">
      </trkpt>
      <trkpt lat="50.134038" lon="14.696567">
      </trkpt>
      <trkpt lat="50.134039" lon="14.696826">
      </trkpt>
      <trkpt lat="50.134621" lon="14.698248">
      </trkpt>
      <trkpt lat="50.141677" lon="14.703382">
      </trkpt>
      <trkpt lat="50.142724" lon="14.705204">
      </trkpt>
      <trkpt lat="50.143819" lon="14.708433">
      </trkpt>
      <trkpt lat="50.147228" lon="14.707277">
      </trkpt>
      <trkpt lat="50.146133" lon="14.704048">
      </trkpt>
      <trkpt lat="50.145924" lon="14.703389">
      </trkpt>
      <trkpt lat="50.145787" lon="14.703027">
      </trkpt>
      <trkpt lat="50.145622" lon="14.702669">
      </trkpt>
      <trkpt lat="50.145408" lon="14.702303">
      </trkpt>
      <trkpt lat="50.144846" lon="14.701566">
      </trkpt>
      <trkpt lat="50.145979" lon="14.693111">
      </trkpt>
      <trkpt lat="50.14799" lon="14.6913">
      </trkpt>
      <trkpt lat="50.150552" lon="14.689976">
      </trkpt>
      <trkpt lat="50.1519" lon="14.689465">
      </trkpt>
      <trkpt lat="50.15235" lon="14.689259">
      </trkpt>
      <trkpt lat="50.153116" lon="14.688832">
      </trkpt>
      <trkpt lat="50.153826" lon="14.688387">
      </trkpt>
      <trkpt lat="50.154313" lon="14.688023">
      </trkpt>
      <trkpt lat="50.161538" lon="14.686505">
      </trkpt>
      <trkpt lat="50.165688" lon="14.688572">
      </trkpt>
      <trkpt lat="50.170753" lon="14.694038">
      </trkpt>
      <trkpt lat="50.171176" lon="14.695745">
      </trkpt>
      <trkpt lat="50.170361" lon="14.702027">
      </trkpt>
      <trkpt lat="50.166716" lon="14.707764">
      </trkpt>
      <trkpt lat="50.165197" lon="14.708953">
      </trkpt>
      <trkpt lat="50.164342" lon="14.709814">
      </trkpt>
      <trkpt lat="50.164752" lon="14.715876">
      </trkpt>
      <trkpt lat="50.164749" lon="14.715887">
      </trkpt>
      <trkpt lat="50.164747" lon="14.715895">
      </trkpt>
      <trkpt lat="50.16538" lon="14.717738">
      </trkpt>
      <trkpt lat="50.16609" lon="14.719457">
      </trkpt>
      <trkpt lat="50.168554" lon="14.720261">
      </trkpt>
      <trkpt lat="50.169473" lon="14.720689">
      </trkpt>
      <trkpt lat="50.170673" lon="14.719353">
      </trkpt>
      <trkpt lat="50.170777" lon="14.718857">
      </trkpt>
      <trkpt lat="50.173457" lon="14.714742">
      </trkpt>
      <trkpt lat="50.177973" lon="14.713775">
      </trkpt>
      <trkpt lat="50.180528" lon="14.720662">
      </trkpt>
      <trkpt lat="50.180613" lon="14.720877">
      </trkpt>
      <trkpt lat="50.181168" lon="14.723215">
      </trkpt>
      <trkpt lat="50.177693" lon="14.728909">
      </trkpt>
      <trkpt lat="50.174152" lon="14.72956">
      </trkpt>
      <trkpt lat="50.173046" lon="14.734806">
      </trkpt>
      <trkpt lat="50.173005" lon="14.734912">
      </trkpt>
      <trkpt lat="50.173095" lon="14.736221">
      </trkpt>
      <trkpt lat="50.173152" lon="14.736325">
      </trkpt>
      <trkpt lat="50.1746" lon="14.736805">
      </trkpt>
      <trkpt lat="50.179129" lon="14.743373">
      </trkpt>
      <trkpt lat="50.182719" lon="14.743105">
      </trkpt>
      <trkpt lat="50.191049" lon="14.745043">
      </trkpt>
      <trkpt lat="50.19257" lon="14.745664">
      </trkpt>
      <trkpt lat="50.193251" lon="14.745864">
      </trkpt>
      <trkpt lat="50.19425" lon="14.745893">
      </trkpt>
      <trkpt lat="50.196811" lon="14.746481">
      </trkpt>
      <trkpt lat="50.198468" lon="14.746998">
      </trkpt>
      <trkpt lat="50.200704" lon="14.755145">
      </trkpt>
      <trkpt lat="50.201084" lon="14.757673">
      </trkpt>
      <trkpt lat="50.201106" lon="14.758621">
      </trkpt>
      <trkpt lat="50.201069" lon="14.760313">
      </trkpt>
      <trkpt lat="50.201892" lon="14.767725">
      </trkpt>
      <trkpt lat="50.205451" lon="14.77558">
      </trkpt>
      <trkpt lat="50.202883" lon="14.782127">
      </trkpt>
      <trkpt lat="50.20292" lon="14.782787">
      </trkpt>
      <trkpt lat="50.207488" lon="14.783707">
      </trkpt>
      <trkpt lat="50.209728" lon="14.789463">
      </trkpt>
      <trkpt lat="50.206637" lon="14.793849">
      </trkpt>
      <trkpt lat="50.206008" lon="14.794382">
      </trkpt>
      <trkpt lat="50.199458" lon="14.795282">
      </trkpt>
      <trkpt lat="50.191626" lon="14.799321">
      </trkpt>
      <trkpt lat="50.188091" lon="14.799999">
      </trkpt>
      <trkpt lat="50.184956" lon="14.803233">
      </trkpt>
      <trkpt lat="50.184478" lon="14.805043">
      </trkpt>
      <trkpt lat="50.185036" lon="14.805555">
      </trkpt>
      <trkpt lat="50.185422" lon="14.805836">
      </trkpt>
      <trkpt lat="50.18607" lon="14.8061">
      </trkpt>
      <trkpt lat="50.19071" lon="14.813341">
      </trkpt>
      <trkpt lat="50.188684" lon="14.818525">
      </trkpt>
      <trkpt lat="50.187332" lon="14.822057">
      </trkpt>
      <trkpt lat="50.187636" lon="14.824451">
      </trkpt>
      <trkpt lat="50.187794" lon="14.825463">
      </trkpt>
      <trkpt lat="50.187991" lon="14.826329">
      </trkpt>
      <trkpt lat="50.188599" lon="14.828276">
      </trkpt>
      <trkpt lat="50.189009" lon="14.829896">
      </trkpt>
      <trkpt lat="50.187262" lon="14.837246">
      </trkpt>
      <trkpt lat="50.183308" lon="14.843002">
      </trkpt>
      <trkpt lat="50.183625" lon="14.844728">
      </trkpt>
      <trkpt lat="50.183682" lon="14.845121">
      </trkpt>
      <trkpt lat="50.183771" lon="14.845916">
      </trkpt>
      <trkpt lat="50.184161" lon="14.849718">
      </trkpt>
      <trkpt lat="50.183623" lon="14.851077">
      </trkpt>
      <trkpt lat="50.174649" lon="14.850909">
      </trkpt>
      <trkpt lat="50.174482" lon="14.850973">
      </trkpt>
      <trkpt lat="50.172828" lon="14.853544">
      </trkpt>
      <trkpt lat="50.173484" lon="14.854818">
      </trkpt>
      <trkpt lat="50.174628" lon="14.856661">
      </trkpt>
      <trkpt lat="50.179913" lon="14.861481">
      </trkpt>
      <trkpt lat="50.182511" lon="14.869237">
      </trkpt>
      <trkpt lat="50.181566" lon="14.874053">
      </trkpt>
      <trkpt lat="50.181343" lon="14.874883">
      </trkpt>
      <trkpt lat="50.18128" lon="14.875407">
      </trkpt>
      <trkpt lat="50.181285" lon="14.875879">
      </trkpt>
      <trkpt lat="50.181221" lon="14.883517">
      </trkpt>
      <trkpt lat="50.182499" lon="14.885354">
      </trkpt>
      <trkpt lat="50.182536" lon="14.885365">
      </trkpt>
      <trkpt lat="50.184796" lon="14.883941">
      </trkpt>
      <trkpt lat="50.185997" lon="14.883364">
      </trkpt>
      <trkpt lat="50.194622" lon="14.885173">
      </trkpt>
      <trkpt lat="50.194296" lon="14.88829">
      </trkpt>
      <trkpt lat="50.191246" lon="14.89277">
      </trkpt>
      <trkpt lat="50.188112" lon="14.894543">
      </trkpt>
      <trkpt lat="50.18845" lon="14.895139">
      </trkpt>
      <trkpt lat="50.188703" lon="14.895516">
      </trkpt>
      <trkpt lat="50.189286" lon="14.89606">
      </trkpt>
      <trkpt lat="50.191573" lon="14.904732">
      </trkpt>
      <trkpt lat="50.191359" lon="14.906294">
      </trkpt>
      <trkpt lat="50.193079" lon="14.906791">
      </trkpt>
      <trkpt lat="50.194926" lon="14.906782">
      </trkpt>
      <trkpt lat="50.203095" lon="14.910234">
      </trkpt>
      <trkpt lat="50.206298" lon="14.913991">
      </trkpt>
      <trkpt lat="50.209895" lon="14.913845">
      </trkpt>
      <trkpt lat="50.213436" lon="14.910667">
      </trkpt>
      <trkpt lat="50.213976" lon="14.910236">
      </trkpt>
      <trkpt lat="50.214306" lon="14.909772">
      </trkpt>
      <trkpt lat="50.21458" lon="14.909193">
      </trkpt>
      <trkpt lat="50.223566" lon="14.909429">
      </trkpt>
      <trkpt lat="50.223827" lon="14.911329">
      </trkpt>
      <trkpt lat="50.224079" lon="14.913155">
      </trkpt>
      <trkpt lat="50.224141" lon="14.913657">
      </trkpt>
      <trkpt lat="50.224098" lon="14.915498">
      </trkpt>
      <trkpt lat="50.224117" lon="14.915849">
      </trkpt>
      <trkpt lat="50.22412" lon="14.916375">
      </trkpt>
      <trkpt lat="50.224171" lon="14.917451">
      </trkpt>
      <trkpt lat="50.224165" lon="14.918057">
      </trkpt>
      <trkpt lat="50.220664" lon="14.924438">
      </trkpt>
      <trkpt lat="50.218157" lon="14.9261">
      </trkpt>
      <trkpt lat="50.215649" lon="14.927762">
      </trkpt>
      <trkpt lat="50.214965" lon="14.928216">
      </trkpt>
      <trkpt lat="50.215103" lon="14.930211">
      </trkpt>
      <trkpt lat="50.215212" lon="14.930354">
      </trkpt>
      <trkpt lat="50.218124" lon="14.936388">
      </trkpt>
      <trkpt lat="50.215168" lon="14.940428">
      </trkpt>
      <trkpt lat="50.215178" lon="14.944028">
      </trkpt>
      <trkpt lat="50.217981" lon="14.947213">
      </trkpt>
      <trkpt lat="50.220359" lon="14.955299">
      </trkpt>
      <trkpt lat="50.219812" lon="14.958858">
      </trkpt>
      <trkpt lat="50.222055" lon="14.960319">
      </trkpt>
      <trkpt lat="50.224677" lon="14.968616">
      </trkpt>
      <trkpt lat="50.223538" lon="14.970887">
      </trkpt>
      <trkpt lat="50.222755" lon="14.972351">
      </trkpt>
      <trkpt lat="50.222255" lon="14.973157">
      </trkpt>
      <trkpt lat="50.213698" lon="14.973531">
      </trkpt>
      <trkpt lat="50.212143" lon="14.97311">
      </trkpt>
      <trkpt lat="50.211203" lon="14.976585">
      </trkpt>
      <trkpt lat="50.213061" lon="14.978183">
      </trkpt>
      <trkpt lat="50.214104" lon="14.986744">
      </trkpt>
      <trkpt lat="50.213713" lon="14.98726">
      </trkpt>
      <trkpt lat="50.21296" lon="14.988071">
      </trkpt>
      <trkpt lat="50.211896" lon="14.988986">
      </trkpt>
      <trkpt lat="50.211445" lon="14.989642">
      </trkpt>
      <trkpt lat="50.209703" lon="14.992594">
      </trkpt>
      <trkpt lat="50.209075" lon="14.99353">
      </trkpt>
      <trkpt lat="50.208828" lon="14.996686">
      </trkpt>
      <trkpt lat="50.208818" lon="15.003505">
      </trkpt>
      <trkpt lat="50.209615" lon="15.004929">
      </trkpt>
      <trkpt lat="50.209933" lon="15.005182">
      </trkpt>
      <trkpt lat="50.212185" lon="15.00478">
      </trkpt>
      <trkpt lat="50.21242" lon="15.004159">
      </trkpt>
      <trkpt lat="50.213227" lon="15.002361">
      </trkpt>
      <trkpt lat="50.213407" lon="15.001876">
      </trkpt>
      <trkpt lat="50.213527" lon="15.001443">
      </trkpt>
      <trkpt lat="50.213603" lon="15.001089">
      </trkpt>
      <trkpt lat="50.215064" lon="14.996585">
      </trkpt>
      <trkpt lat="50.216451" lon="14.989597">
      </trkpt>
      <trkpt lat="50.216964" lon="14.98893">
      </trkpt>
      <trkpt lat="50.224894" lon="14.987744">
      </trkpt>
      <trkpt lat="50.226585" lon="14.989274">
      </trkpt>
      <trkpt lat="50.228417" lon="14.99089">
      </trkpt>
      <trkpt lat="50.231658" lon="14.991677">
      </trkpt>
      <trkpt lat="50.236218" lon="14.997276">
      </trkpt>
      <trkpt lat="50.236659" lon="15.000559">
      </trkpt>
      <trkpt lat="50.236688" lon="15.000997">
      </trkpt>
      <trkpt lat="50.240275" lon="15.0013">
      </trkpt>
      <trkpt lat="50.243622" lon="15.008851">
      </trkpt>
      <trkpt lat="50.242414" lon="15.011613">
      </trkpt>
      <trkpt lat="50.236673" lon="15.014671">
      </trkpt>
      <trkpt lat="50.233167" lon="15.015487">
      </trkpt>
      <trkpt lat="50.230226" lon="15.022667">
      </trkpt>
      <trkpt lat="50.228119" lon="15.023573">
      </trkpt>
      <trkpt lat="50.226159" lon="15.024415">
      </trkpt>
      <trkpt lat="50.22052" lon="15.026554">
      </trkpt>
      <trkpt lat="50.219024" lon="15.027473">
      </trkpt>
      <trkpt lat="50.218444" lon="15.02959">
      </trkpt>
      <trkpt lat="50.218604" lon="15.03008">
      </trkpt>
      <trkpt lat="50.219276" lon="15.030741">
      </trkpt>
      <trkpt lat="50.222104" lon="15.03092">
      </trkpt>
      <trkpt lat="50.222985" lon="15.030541">
      </trkpt>
      <trkpt lat="50.223281" lon="15.030417">
      </trkpt>
      <trkpt lat="50.230806" lon="15.030281">
      </trkpt>
      <trkpt lat="50.233558" lon="15.032602">
      </trkpt>
      <trkpt lat="50.240679" lon="15.031934">
      </trkpt>
      <trkpt lat="50.244259" lon="15.032319">
      </trkpt>
      <trkpt lat="50.244524" lon="15.029851">
      </trkpt>
      <trkpt lat="50.248334" lon="15.025511">
      </trkpt>
      <trkpt lat="50.254939" lon="15.029329">
      </trkpt>
      <trkpt lat="50.258479" lon="15.028676">
      </trkpt>
      <trkpt lat="50.258132" lon="15.026794">
      </trkpt>
      <trkpt lat="50.257785" lon="15.024912">
      </trkpt>
      <trkpt lat="50.257754" lon="15.024508">
      </trkpt>
      <trkpt lat="50.256335" lon="15.022913">
      </trkpt>
      <trkpt lat="50.252315" lon="15.020728">
      </trkpt>
      <trkpt lat="50.251151" lon="15.020218">
      </trkpt>
      <trkpt lat="50.245713" lon="15.013055">
      </trkpt>
      <trkpt lat="50.24692" lon="15.010293">
      </trkpt>
      <trkpt lat="50.255195" lon="15.011982">
      </trkpt>
      <trkpt lat="50.258736" lon="15.012633">
      </trkpt>
      <trkpt lat="50.258868" lon="15.011916">
      </trkpt>
      <trkpt lat="50.259037" lon="15.011276">
      </trkpt>
      <trkpt lat="50.266562" lon="15.007125">
      </trkpt>
      <trkpt lat="50.268418" lon="15.008981">
      </trkpt>
      <trkpt lat="50.269992" lon="15.015519">
      </trkpt>
      <trkpt lat="50.271446" lon="15.020652">
      </trkpt>
      <trkpt lat="50.271594" lon="15.021613">
      </trkpt>
      <trkpt lat="50.27164" lon="15.023099">
      </trkpt>
      <trkpt lat="50.271733" lon="15.023978">
      </trkpt>
      <trkpt lat="50.271946" lon="15.025032">
      </trkpt>
      <trkpt lat="50.272524" lon="15.02636">
      </trkpt>
      <trkpt lat="50.27306" lon="15.02707">
      </trkpt>
      <trkpt lat="50.273746" lon="15.027585">
      </trkpt>
      <trkpt lat="50.274804" lon="15.02788">
      </trkpt>
      <trkpt lat="50.280604" lon="15.030336">
      </trkpt>
      <trkpt lat="50.281855" lon="15.03627">
      </trkpt>
      <trkpt lat="50.281516" lon="15.038755">
      </trkpt>
      <trkpt lat="50.281538" lon="15.040792">
      </trkpt>
      <trkpt lat="50.281348" lon="15.04422">
      </trkpt>
      <trkpt lat="50.278097" lon="15.050533">
      </trkpt>
      <trkpt lat="50.276407" lon="15.051852">
      </trkpt>
      <trkpt lat="50.275517" lon="15.05285">
      </trkpt>
      <trkpt lat="50.271402" lon="15.056949">
      </trkpt>
      <trkpt lat="50.271698" lon="15.060537">
      </trkpt>
      <trkpt lat="50.272592" lon="15.060464">
      </trkpt>
      <trkpt lat="50.275739" lon="15.058722">
      </trkpt>
      <trkpt lat="50.284114" lon="15.056587">
      </trkpt>
      <trkpt lat="50.284519" lon="15.056393">
      </trkpt>
      <trkpt lat="50.285211" lon="15.055774">
      </trkpt>
      <trkpt lat="50.289027" lon="15.053745">
      </trkpt>
      <trkpt lat="50.292627" lon="15.053708">
      </trkpt>
      <trkpt lat="50.292803" lon="15.051533">
      </trkpt>
      <trkpt lat="50.292812" lon="15.050609">
      </trkpt>
      <trkpt lat="50.295484" lon="15.046047">
      </trkpt>
      <trkpt lat="50.29593" lon="15.045491">
      </trkpt>
      <trkpt lat="50.304689" lon="15.04644">
      </trkpt>
      <trkpt lat="50.305031" lon="15.048737">
      </trkpt>
      <trkpt lat="50.304561" lon="15.051895">
      </trkpt>
      <trkpt lat="50.305082" lon="15.053828">
      </trkpt>
      <trkpt lat="50.304912" lon="15.056523">
      </trkpt>
      <trkpt lat="50.30478" lon="15.058943">
      </trkpt>
      <trkpt lat="50.304726" lon="15.05921">
      </trkpt>
      <trkpt lat="50.304236" lon="15.062556">
      </trkpt>
      <trkpt lat="50.303693" lon="15.06566">
      </trkpt>
      <trkpt lat="50.303587" lon="15.066576">
      </trkpt>
      <trkpt lat="50.303482" lon="15.067145">
      </trkpt>
      <trkpt lat="50.303322" lon="15.067708">
      </trkpt>
      <trkpt lat="50.29648" lon="15.073379">
      </trkpt>
      <trkpt lat="50.293456" lon="15.069437">
      </trkpt>
      <trkpt lat="50.288974" lon="15.074752">
      </trkpt>
      <trkpt lat="50.287462" lon="15.075718">
      </trkpt>
      <trkpt lat="50.287197" lon="15.076068">
      </trkpt>
      <trkpt lat="50.285611" lon="15.078085">
      </trkpt>
      <trkpt lat="50.288416" lon="15.080342">
      </trkpt>
      <trkpt lat="50.291715" lon="15.088574">
      </trkpt>
      <trkpt lat="50.291652" lon="15.089556">
      </trkpt>
      <trkpt lat="50.291649" lon="15.090117">
      </trkpt>
      <trkpt lat="50.291678" lon="15.090696">
      </trkpt>
      <trkpt lat="50.291783" lon="15.091651">
      </trkpt>
      <trkpt lat="50.287481" lon="15.099499">
      </trkpt>
      <trkpt lat="50.286876" lon="15.103048">
      </trkpt>
      <trkpt lat="50.291749" lon="15.104245">
      </trkpt>
      <trkpt lat="50.295269" lon="15.105001">
      </trkpt>
      <trkpt lat="50.295468" lon="15.104076">
      </trkpt>
      <trkpt lat="50.295795" lon="15.10243">
      </trkpt>
      <trkpt lat="50.303212" lon="15.098068">
      </trkpt>
      <trkpt lat="50.304141" lon="15.098487">
      </trkpt>
      <trkpt lat="50.304759" lon="15.098685">
      </trkpt>
      <trkpt lat="50.305856" lon="15.095256">
      </trkpt>
      <trkpt lat="50.307747" lon="15.092015">
      </trkpt>
      <trkpt lat="50.315021" lon="15.091232">
      </trkpt>
      <trkpt lat="50.31684" lon="15.093006">
      </trkpt>
      <trkpt lat="50.315895" lon="15.101159">
      </trkpt>
      <trkpt lat="50.31551" lon="15.102112">
      </trkpt>
      <trkpt lat="50.315656" lon="15.109802">
      </trkpt>
      <trkpt lat="50.31443" lon="15.112671">
      </trkpt>
      <trkpt lat="50.31774" lon="15.114086">
      </trkpt>
      <trkpt lat="50.321137" lon="15.121284">
      </trkpt>
      <trkpt lat="50.320526" lon="15.123312">
      </trkpt>
      <trkpt lat="50.320323" lon="15.124181">
      </trkpt>
      <trkpt lat="50.31939" lon="15.127897">
      </trkpt>
      <trkpt lat="50.318812" lon="15.129994">
      </trkpt>
      <trkpt lat="50.322282" lon="15.130951">
      </trkpt>
      <trkpt lat="50.325556" lon="15.139325">
      </trkpt>
      <trkpt lat="50.324811" lon="15.139866">
      </trkpt>
      <trkpt lat="50.324746" lon="15.140029">
      </trkpt>
      <trkpt lat="50.324138" lon="15.14154">
      </trkpt>
      <trkpt lat="50.324185" lon="15.141678">
      </trkpt>
      <trkpt lat="50.326084" lon="15.142886">
      </trkpt>
      <trkpt lat="50.32758" lon="15.144038">
      </trkpt>
      <trkpt lat="50.331539" lon="15.149279">
      </trkpt>
      <trkpt lat="50.33219" lon="15.154951">
      </trkpt>
      <trkpt lat="50.335325" lon="15.156719">
      </trkpt>
      <trkpt lat="50.336315" lon="15.154964">
      </trkpt>
      <trkpt lat="50.34128" lon="15.152703">
      </trkpt>
      <trkpt lat="50.345087" lon="15.160537">
      </trkpt>
      <trkpt lat="50.342085" lon="15.163185">
      </trkpt>
      <trkpt lat="50.342424" lon="15.166074">
      </trkpt>
      <trkpt lat="50.345944" lon="15.166828">
      </trkpt>
      <trkpt lat="50.351939" lon="15.167034">
      </trkpt>
      <trkpt lat="50.357299" lon="15.168427">
      </trkpt>
      <trkpt lat="50.359716" lon="15.170538">
      </trkpt>
      <trkpt lat="50.363839" lon="15.177608">
      </trkpt>
      <trkpt lat="50.360027" lon="15.181418">
      </trkpt>
      <trkpt lat="50.356495" lon="15.18328">
      </trkpt>
      <trkpt lat="50.360086" lon="15.185018">
      </trkpt>
      <trkpt lat="50.364208" lon="15.19042">
      </trkpt>
      <trkpt lat="50.359625" lon="15.196222">
      </trkpt>
      <trkpt lat="50.356056" lon="15.195747">
      </trkpt>
      <trkpt lat="50.355757" lon="15.197992">
      </trkpt>
      <trkpt lat="50.348426" lon="15.201827">
      </trkpt>
      <trkpt lat="50.346265" lon="15.200544">
      </trkpt>
      <trkpt lat="50.342938" lon="15.199171">
      </trkpt>
      <trkpt lat="50.338862" lon="15.194911">
      </trkpt>
      <trkpt lat="50.335668" lon="15.196573">
      </trkpt>
      <trkpt lat="50.335818" lon="15.198574">
      </trkpt>
      <trkpt lat="50.336324" lon="15.200025">
      </trkpt>
      <trkpt lat="50.339025" lon="15.202925">
      </trkpt>
      <trkpt lat="50.338668" lon="15.211676">
      </trkpt>
      <trkpt lat="50.338223" lon="15.212585">
      </trkpt>
      <trkpt lat="50.340643" lon="15.215251">
      </trkpt>
      <trkpt lat="50.342386" lon="15.217048">
      </trkpt>
      <trkpt lat="50.343216" lon="15.217889">
      </trkpt>
      <trkpt lat="50.345629" lon="15.215664">
      </trkpt>
      <trkpt lat="50.350557" lon="15.214414">
      </trkpt>
      <trkpt lat="50.353368" lon="15.214546">
      </trkpt>
      <trkpt lat="50.353579" lon="15.214573">
      </trkpt>
      <trkpt lat="50.356435" lon="15.215164">
      </trkpt>
      <trkpt lat="50.359079" lon="15.215953">
      </trkpt>
      <trkpt lat="50.360401" lon="15.216154">
      </trkpt>
      <trkpt lat="50.363" lon="15.22441">
      </trkpt>
      <trkpt lat="50.362651" lon="15.224825">
      </trkpt>
      <trkpt lat="50.362369" lon="15.225378">
      </trkpt>
      <trkpt lat="50.354523" lon="15.229763">
      </trkpt>
      <trkpt lat="50.353368" lon="15.229471">
      </trkpt>
      <trkpt lat="50.349633" lon="15.228645">
      </trkpt>
      <trkpt lat="50.34894" lon="15.228634">
      </trkpt>
      <trkpt lat="50.348374" lon="15.228712">
      </trkpt>
      <trkpt lat="50.34713" lon="15.228948">
      </trkpt>
      <trkpt lat="50.346526" lon="15.22915">
      </trkpt>
      <trkpt lat="50.345877" lon="15.229577">
      </trkpt>
      <trkpt lat="50.345562" lon="15.229918">
      </trkpt>
      <trkpt lat="50.345348" lon="15.230218">
      </trkpt>
      <trkpt lat="50.344716" lon="15.231292">
      </trkpt>
      <trkpt lat="50.344479" lon="15.231933">
      </trkpt>
      <trkpt lat="50.343662" lon="15.233719">
      </trkpt>
      <trkpt lat="50.342471" lon="15.235929">
      </trkpt>
      <trkpt lat="50.342046" lon="15.236711">
      </trkpt>
      <trkpt lat="50.341668" lon="15.237514">
      </trkpt>
      <trkpt lat="50.340979" lon="15.239109">
      </trkpt>
      <trkpt lat="50.344284" lon="15.240537">
      </trkpt>
      <trkpt lat="50.344973" lon="15.238942">
      </trkpt>
      <trkpt lat="50.345302" lon="15.238245">
      </trkpt>
      <trkpt lat="50.345627" lon="15.237659">
      </trkpt>
      <trkpt lat="50.346066" lon="15.236935">
      </trkpt>
      <trkpt lat="50.346617" lon="15.235963">
      </trkpt>
      <trkpt lat="50.354682" lon="15.233639">
      </trkpt>
      <trkpt lat="50.354902" lon="15.233727">
      </trkpt>
      <trkpt lat="50.35651" lon="15.234509">
      </trkpt>
      <trkpt lat="50.356829" lon="15.234634">
      </trkpt>
      <trkpt lat="50.35732" lon="15.234744">
      </trkpt>
      <trkpt lat="50.358131" lon="15.234687">
      </trkpt>
      <trkpt lat="50.360325" lon="15.233305">
      </trkpt>
      <trkpt lat="50.363609" lon="15.230428">
      </trkpt>
      <trkpt lat="50.363656" lon="15.230378">
      </trkpt>
      <trkpt lat="50.37219" lon="15.229005">
      </trkpt>
      <trkpt lat="50.37323" lon="15.232025">
      </trkpt>
      <trkpt lat="50.373513" lon="15.232298">
      </trkpt>
      <trkpt lat="50.374039" lon="15.232731">
      </trkpt>
      <trkpt lat="50.377743" lon="15.24072">
      </trkpt>
      <trkpt lat="50.377522" lon="15.241442">
      </trkpt>
      <trkpt lat="50.377099" lon="15.243196">
      </trkpt>
      <trkpt lat="50.376691" lon="15.244892">
      </trkpt>
      <trkpt lat="50.376244" lon="15.246525">
      </trkpt>
      <trkpt lat="50.375922" lon="15.247463">
      </trkpt>
      <trkpt lat="50.375185" lon="15.249156">
      </trkpt>
      <trkpt lat="50.374335" lon="15.25134">
      </trkpt>
      <trkpt lat="50.374148" lon="15.25218">
      </trkpt>
      <trkpt lat="50.373808" lon="15.25363">
      </trkpt>
      <trkpt lat="50.373644" lon="15.254307">
      </trkpt>
      <trkpt lat="50.371413" lon="15.260212">
      </trkpt>
      <trkpt lat="50.36707" lon="15.264257">
      </trkpt>
      <trkpt lat="50.369241" lon="15.267129">
      </trkpt>
      <trkpt lat="50.371894" lon="15.269203">
      </trkpt>
      <trkpt lat="50.374635" lon="15.269618">
      </trkpt>
      <trkpt lat="50.374642" lon="15.269612">
      </trkpt>
      <trkpt lat="50.375042" lon="15.269131">
      </trkpt>
      <trkpt lat="50.376384" lon="15.267023">
      </trkpt>
      <trkpt lat="50.376959" lon="15.266119">
      </trkpt>
      <trkpt lat="50.37713" lon="15.265565">
      </trkpt>
      <trkpt lat="50.384959" lon="15.261303">
      </trkpt>
      <trkpt lat="50.388507" lon="15.261913">
      </trkpt>
      <trkpt lat="50.397281" lon="15.261249">
      </trkpt>
      <trkpt lat="50.400855" lon="15.260822">
      </trkpt>
      <trkpt lat="50.405937" lon="15.266832">
      </trkpt>
      <trkpt lat="50.404853" lon="15.269152">
      </trkpt>
      <trkpt lat="50.404255" lon="15.270221">
      </trkpt>
      <trkpt lat="50.402326" lon="15.272212">
      </trkpt>
      <trkpt lat="50.400103" lon="15.274077">
      </trkpt>
      <trkpt lat="50.399799" lon="15.275606">
      </trkpt>
      <trkpt lat="50.399552" lon="15.276407">
      </trkpt>
      <trkpt lat="50.399043" lon="15.277686">
      </trkpt>
      <trkpt lat="50.393559" lon="15.283506">
      </trkpt>
      <trkpt lat="50.391531" lon="15.286081">
      </trkpt>
      <trkpt lat="50.390095" lon="15.287431">
      </trkpt>
      <trkpt lat="50.389505" lon="15.28822">
      </trkpt>
      <trkpt lat="50.392387" lon="15.290377">
      </trkpt>
      <trkpt lat="50.394081" lon="15.289071">
      </trkpt>
      <trkpt lat="50.394521" lon="15.28877">
      </trkpt>
      <trkpt lat="50.397483" lon="15.28647">
      </trkpt>
      <trkpt lat="50.405214" lon="15.28818">
      </trkpt>
      <trkpt lat="50.405666" lon="15.288699">
      </trkpt>
      <trkpt lat="50.407294" lon="15.290097">
      </trkpt>
      <trkpt lat="50.409344" lon="15.297851">
      </trkpt>
      <trkpt lat="50.408802" lon="15.301121">
      </trkpt>
      <trkpt lat="50.412312" lon="15.30192">
      </trkpt>
      <trkpt lat="50.417081" lon="15.307346">
      </trkpt>
      <trkpt lat="50.417566" lon="15.314621">
      </trkpt>
      <trkpt lat="50.417419" lon="15.315349">
      </trkpt>
      <trkpt lat="50.4175" lon="15.31918">
      </trkpt>
      <trkpt lat="50.413595" lon="15.324298">
      </trkpt>
      <trkpt lat="50.412159" lon="15.32605">
      </trkpt>
      <trkpt lat="50.411832" lon="15.326484">
      </trkpt>
      <trkpt lat="50.411336" lon="15.328175">
      </trkpt>
      <trkpt lat="50.411649" lon="15.328544">
      </trkpt>
      <trkpt lat="50.411966" lon="15.328846">
      </trkpt>
      <trkpt lat="50.413538" lon="15.332258">
      </trkpt>
      <trkpt lat="50.414265" lon="15.334128">
      </trkpt>
      <trkpt lat="50.406462" lon="15.337833">
      </trkpt>
      <trkpt lat="50.401241" lon="15.335493">
      </trkpt>
      <trkpt lat="50.397782" lon="15.334495">
      </trkpt>
      <trkpt lat="50.394196" lon="15.337021">
      </trkpt>
      <trkpt lat="50.39392" lon="15.34061">
      </trkpt>
      <trkpt lat="50.396726" lon="15.343255">
      </trkpt>
      <trkpt lat="50.400296" lon="15.349504">
      </trkpt>
      <trkpt lat="50.402808" lon="15.352083">
      </trkpt>
      <trkpt lat="50.403689" lon="15.351225">
      </trkpt>
      <trkpt lat="50.405234" lon="15.349778">
      </trkpt>
      <trkpt lat="50.413627" lon="15.346578">
      </trkpt>
      <trkpt lat="50.415471" lon="15.347018">
      </trkpt>
      <trkpt lat="50.42016" lon="15.3539">
      </trkpt>
      <trkpt lat="50.419866" lon="15.35551">
      </trkpt>
      <trkpt lat="50.419779" lon="15.35608">
      </trkpt>
      <trkpt lat="50.419833" lon="15.357793">
      </trkpt>
      <trkpt lat="50.419904" lon="15.358759">
      </trkpt>
      <trkpt lat="50.419965" lon="15.360123">
      </trkpt>
      <trkpt lat="50.417567" lon="15.366799">
      </trkpt>
      <trkpt lat="50.414192" lon="15.369464">
      </trkpt>
      <trkpt lat="50.412394" lon="15.371117">
      </trkpt>
      <trkpt lat="50.4107" lon="15.376235">
      </trkpt>
      <trkpt lat="50.410452" lon="15.377763">
      </trkpt>
      <trkpt lat="50.412944" lon="15.37905">
      </trkpt>
      <trkpt lat="50.41396" lon="15.378572">
      </trkpt>
      <trkpt lat="50.420244" lon="15.37526">
      </trkpt>
      <trkpt lat="50.424097" lon="15.382774">
      </trkpt>
      <trkpt lat="50.423944" lon="15.383297">
      </trkpt>
      <trkpt lat="50.423878" lon="15.383755">
      </trkpt>
      <trkpt lat="50.423858" lon="15.384209">
      </trkpt>
      <trkpt lat="50.423923" lon="15.387196">
      </trkpt>
      <trkpt lat="50.423729" lon="15.389934">
      </trkpt>
      <trkpt lat="50.423348" lon="15.391388">
      </trkpt>
      <trkpt lat="50.422911" lon="15.393399">
      </trkpt>
      <trkpt lat="50.422475" lon="15.395409">
      </trkpt>
      <trkpt lat="50.42933" lon="15.397146">
      </trkpt>
      <trkpt lat="50.432928" lon="15.397039">
      </trkpt>
      <trkpt lat="50.441301" lon="15.394851">
      </trkpt>
      <trkpt lat="50.442077" lon="15.395076">
      </trkpt>
      <trkpt lat="50.442726" lon="15.3952">
      </trkpt>
      <trkpt lat="50.445645" lon="15.395708">
      </trkpt>
      <trkpt lat="50.448548" lon="15.396213">
      </trkpt>
      <trkpt lat="50.451746" lon="15.396774">
      </trkpt>
      <trkpt lat="50.454446" lon="15.397241">
      </trkpt>
      <trkpt lat="50.455208" lon="15.397327">
      </trkpt>
      <trkpt lat="50.455669" lon="15.397339">
      </trkpt>
      <trkpt lat="50.462078" lon="15.401147">
      </trkpt>
      <trkpt lat="50.46294" lon="15.404642">
      </trkpt>
      <trkpt lat="50.462229" lon="15.409077">
      </trkpt>
      <trkpt lat="50.461835" lon="15.409934">
      </trkpt>
      <trkpt lat="50.461025" lon="15.411203">
      </trkpt>
      <trkpt lat="50.460727" lon="15.411711">
      </trkpt>
      <trkpt lat="50.460348" lon="15.412465">
      </trkpt>
      <trkpt lat="50.459829" lon="15.413937">
      </trkpt>
      <trkpt lat="50.458914" lon="15.415871">
      </trkpt>
      <trkpt lat="50.458834" lon="15.416113">
      </trkpt>
      <trkpt lat="50.458877" lon="15.417095">
      </trkpt>
      <trkpt lat="50.459166" lon="15.417493">
      </trkpt>
      <trkpt lat="50.462252" lon="15.417244">
      </trkpt>
      <trkpt lat="50.469427" lon="15.41617">
      </trkpt>
      <trkpt lat="50.471637" lon="15.416934">
      </trkpt>
      <trkpt lat="50.476296" lon="15.414072">
      </trkpt>
      <trkpt lat="50.477183" lon="15.413796">
      </trkpt>
      <trkpt lat="50.477906" lon="15.413428">
      </trkpt>
      <trkpt lat="50.47782" lon="15.412271">
      </trkpt>
      <trkpt lat="50.480716" lon="15.406215">
      </trkpt>
      <trkpt lat="50.483631" lon="15.404843">
      </trkpt>
      <trkpt lat="50.490533" lon="15.407524">
      </trkpt>
      <trkpt lat="50.494756" lon="15.415162">
      </trkpt>
      <trkpt lat="50.491456" lon="15.417418">
      </trkpt>
      <trkpt lat="50.490827" lon="15.418276">
      </trkpt>
      <trkpt lat="50.491823" lon="15.425986">
      </trkpt>
      <trkpt lat="50.491642" lon="15.427163">
      </trkpt>
      <trkpt lat="50.495261" lon="15.428472">
      </trkpt>
      <trkpt lat="50.495433" lon="15.428531">
      </trkpt>
      <trkpt lat="50.497555" lon="15.426199">
      </trkpt>
      <trkpt lat="50.498189" lon="15.423199">
      </trkpt>
      <trkpt lat="50.498259" lon="15.422835">
      </trkpt>
      <trkpt lat="50.498066" lon="15.421579">
      </trkpt>
      <trkpt lat="50.49918" lon="15.416243">
      </trkpt>
      <trkpt lat="50.500274" lon="15.414361">
      </trkpt>
      <trkpt lat="50.500618" lon="15.413723">
      </trkpt>
      <trkpt lat="50.500888" lon="15.412976">
      </trkpt>
      <trkpt lat="50.501288" lon="15.411489">
      </trkpt>
      <trkpt lat="50.50137" lon="15.4107">
      </trkpt>
      <trkpt lat="50.501451" lon="15.40735">
      </trkpt>
      <trkpt lat="50.50326" lon="15.404013">
      </trkpt>
      <trkpt lat="50.504656" lon="15.402353">
      </trkpt>
      <trkpt lat="50.504916" lon="15.401958">
      </trkpt>
      <trkpt lat="50.505872" lon="15.400179">
      </trkpt>
      <trkpt lat="50.507789" lon="15.397614">
      </trkpt>
      <trkpt lat="50.50832" lon="15.397093">
      </trkpt>
      <trkpt lat="50.508937" lon="15.39623">
      </trkpt>
      <trkpt lat="50.509457" lon="15.395374">
      </trkpt>
      <trkpt lat="50.512034" lon="15.392732">
      </trkpt>
      <trkpt lat="50.51333" lon="15.39024">
      </trkpt>
      <trkpt lat="50.521867" lon="15.392255">
      </trkpt>
      <trkpt lat="50.522309" lon="15.393195">
      </trkpt>
      <trkpt lat="50.5224" lon="15.393455">
      </trkpt>
      <trkpt lat="50.522791" lon="15.394066">
      </trkpt>
      <trkpt lat="50.52241" lon="15.402066">
      </trkpt>
      <trkpt lat="50.521594" lon="15.403514">
      </trkpt>
      <trkpt lat="50.519259" lon="15.406776">
      </trkpt>
      <trkpt lat="50.513762" lon="15.413087">
      </trkpt>
      <trkpt lat="50.512789" lon="15.413314">
      </trkpt>
      <trkpt lat="50.511923" lon="15.41394">
      </trkpt>
      <trkpt lat="50.510049" lon="15.41523">
      </trkpt>
      <trkpt lat="50.509863" lon="15.415977">
      </trkpt>
      <trkpt lat="50.509769" lon="15.417047">
      </trkpt>
      <trkpt lat="50.509608" lon="15.417992">
      </trkpt>
      <trkpt lat="50.513346" lon="15.426147">
      </trkpt>
      <trkpt lat="50.513086" lon="15.428592">
      </trkpt>
      <trkpt lat="50.512435" lon="15.430703">
      </trkpt>
      <trkpt lat="50.512179" lon="15.431211">
      </trkpt>
      <trkpt lat="50.511948" lon="15.431771">
      </trkpt>
      <trkpt lat="50.511583" lon="15.432545">
      </trkpt>
      <trkpt lat="50.51108" lon="15.433408">
      </trkpt>
      <trkpt lat="50.510654" lon="15.434236">
      </trkpt>
      <trkpt lat="50.506666" lon="15.438209">
      </trkpt>
      <trkpt lat="50.506325" lon="15.438459">
      </trkpt>
      <trkpt lat="50.50835" lon="15.441398">
      </trkpt>
      <trkpt lat="50.514099" lon="15.442671">
      </trkpt>
      <trkpt lat="50.516782" lon="15.441696">
      </trkpt>
      <trkpt lat="50.517083" lon="15.441612">
      </trkpt>
      <trkpt lat="50.5185" lon="15.439789">
      </trkpt>
      <trkpt lat="50.51828" lon="15.439224">
      </trkpt>
      <trkpt lat="50.517962" lon="15.437924">
      </trkpt>
      <trkpt lat="50.517833" lon="15.437502">
      </trkpt>
      <trkpt lat="50.517784" lon="15.429989">
      </trkpt>
      <trkpt lat="50.519612" lon="15.426888">
      </trkpt>
      <trkpt lat="50.518161" lon="15.423605">
      </trkpt>
      <trkpt lat="50.518114" lon="15.422852">
      </trkpt>
      <trkpt lat="50.520505" lon="15.41777">
      </trkpt>
      <trkpt lat="50.520744" lon="15.416457">
      </trkpt>
      <trkpt lat="50.521196" lon="15.414332">
      </trkpt>
      <trkpt lat="50.522304" lon="15.412203">
      </trkpt>
      <trkpt lat="50.522631" lon="15.411743">
      </trkpt>
      <trkpt lat="50.523393" lon="15.410395">
      </trkpt>
      <trkpt lat="50.523734" lon="15.409854">
      </trkpt>
      <trkpt lat="50.532226" lon="15.412777">
      </trkpt>
      <trkpt lat="50.532213" lon="15.413388">
      </trkpt>
      <trkpt lat="50.531522" lon="15.416363">
      </trkpt>
      <trkpt lat="50.531122" lon="15.417692">
      </trkpt>
      <trkpt lat="50.530999" lon="15.418471">
      </trkpt>
      <trkpt lat="50.530501" lon="15.420017">
      </trkpt>
      <trkpt lat="50.529506" lon="15.421735">
      </trkpt>
      <trkpt lat="50.529132" lon="15.422759">
      </trkpt>
      <trkpt lat="50.529058" lon="15.42321">
      </trkpt>
      <trkpt lat="50.528961" lon="15.423979">
      </trkpt>
      <trkpt lat="50.528544" lon="15.425566">
      </trkpt>
      <trkpt lat="50.529206" lon="15.427553">
      </trkpt>
      <trkpt lat="50.529275" lon="15.42866">
      </trkpt>
      <trkpt lat="50.52955" lon="15.429868">
      </trkpt>
      <trkpt lat="50.53004" lon="15.431674">
      </trkpt>
      <trkpt lat="50.536505" lon="15.437732">
      </trkpt>
      <trkpt lat="50.535047" lon="15.441807">
      </trkpt>
      <trkpt lat="50.534793" lon="15.442218">
      </trkpt>
      <trkpt lat="50.534629" lon="15.442524">
      </trkpt>
      <trkpt lat="50.533664" lon="15.444721">
      </trkpt>
      <trkpt lat="50.533806" lon="15.445137">
      </trkpt>
      <trkpt lat="50.533873" lon="15.445295">
      </trkpt>
      <trkpt lat="50.535753" lon="15.445943">
      </trkpt>
      <trkpt lat="50.535777" lon="15.445936">
      </trkpt>
      <trkpt lat="50.537377" lon="15.44554">
      </trkpt>
      <trkpt lat="50.539117" lon="15.444583">
      </trkpt>
      <trkpt lat="50.539624" lon="15.444358">
      </trkpt>
      <trkpt lat="50.540251" lon="15.443846">
      </trkpt>
      <trkpt lat="50.540537" lon="15.443464">
      </trkpt>
      <trkpt lat="50.540751" lon="15.443046">
      </trkpt>
      <trkpt lat="50.540919" lon="15.442495">
      </trkpt>
      <trkpt lat="50.543315" lon="15.438739">
      </trkpt>
      <trkpt lat="50.54378" lon="15.438086">
      </trkpt>
      <trkpt lat="50.544142" lon="15.437304">
      </trkpt>
      <trkpt lat="50.543354" lon="15.434978">
      </trkpt>
      <trkpt lat="50.548814" lon="15.429603">
      </trkpt>
      <trkpt lat="50.550396" lon="15.429962">
      </trkpt>
      <trkpt lat="50.5562" lon="15.436621">
      </trkpt>
      <trkpt lat="50.555636" lon="15.439486">
      </trkpt>
      <trkpt lat="50.554854" lon="15.44258">
      </trkpt>
      <trkpt lat="50.55442" lon="15.446154">
      </trkpt>
      <trkpt lat="50.553052" lon="15.452094">
      </trkpt>
      <trkpt lat="50.553048" lon="15.452106">
      </trkpt>
      <trkpt lat="50.552961" lon="15.452614">
      </trkpt>
      <trkpt lat="50.552966" lon="15.452731">
      </trkpt>
      <trkpt lat="50.556472" lon="15.453219">
      </trkpt>
      <trkpt lat="50.559651" lon="15.448952">
      </trkpt>
      <trkpt lat="50.561224" lon="15.445714">
      </trkpt>
      <trkpt lat="50.559168" lon="15.440182">
      </trkpt>
      <trkpt lat="50.567673" lon="15.438458">
      </trkpt>
      <trkpt lat="50.571152" lon="15.437535">
      </trkpt>
      <trkpt lat="50.573938" lon="15.436404">
      </trkpt>
      <trkpt lat="50.580261" lon="15.439526">
      </trkpt>
      <trkpt lat="50.581121" lon="15.442842">
      </trkpt>
      <trkpt lat="50.581105" lon="15.443897">
      </trkpt>
      <trkpt lat="50.581156" lon="15.444377">
      </trkpt>
      <trkpt lat="50.581286" lon="15.444899">
      </trkpt>
      <trkpt lat="50.581675" lon="15.447101">
      </trkpt>
      <trkpt lat="50.582113" lon="15.448431">
      </trkpt>
      <trkpt lat="50.582411" lon="15.448881">
      </trkpt>
      <trkpt lat="50.582545" lon="15.449033">
      </trkpt>
      <trkpt lat="50.583979" lon="15.449525">
      </trkpt>
      <trkpt lat="50.586547" lon="15.447002">
      </trkpt>
      <trkpt lat="50.585194" lon="15.441099">
      </trkpt>
      <trkpt lat="50.58807" lon="15.435213">
      </trkpt>
      <trkpt lat="50.588938" lon="15.434477">
      </trkpt>
      <trkpt lat="50.589283" lon="15.433956">
      </trkpt>
      <trkpt lat="50.590291" lon="15.432358">
      </trkpt>
      <trkpt lat="50.590389" lon="15.43203">
      </trkpt>
      <trkpt lat="50.589063" lon="15.427931">
      </trkpt>
      <trkpt lat="50.586654" lon="15.425257">
      </trkpt>
      <trkpt lat="50.584221" lon="15.42467">
      </trkpt>
      <trkpt lat="50.583042" lon="15.424076">
      </trkpt>
      <trkpt lat="50.582409" lon="15.423893">
      </trkpt>
      <trkpt lat="50.579071" lon="15.422197">
      </trkpt>
      <trkpt lat="50.578966" lon="15.422087">
      </trkpt>
      <trkpt lat="50.577622" lon="15.420817">
      </trkpt>
      <trkpt lat="50.576726" lon="15.419466">
      </trkpt>
      <trkpt lat="50.583642" lon="15.414098">
      </trkpt>
      <trkpt lat="50.586215" lon="15.413198">
      </trkpt>
      <trkpt lat="50.586625" lon="15.413118">
      </trkpt>
      <trkpt lat="50.587458" lon="15.412654">
      </trkpt>
      <trkpt lat="50.58796" lon="15.412021">
      </trkpt>
      <trkpt lat="50.593258" lon="15.409753">
      </trkpt>
      <trkpt lat="50.597827" lon="15.414289">
      </trkpt>
      <trkpt lat="50.59832" lon="15.415888">
      </trkpt>
      <trkpt lat="50.598515" lon="15.4166">
      </trkpt>
      <trkpt lat="50.599126" lon="15.41815">
      </trkpt>
      <trkpt lat="50.599602" lon="15.419185">
      </trkpt>
      <trkpt lat="50.599745" lon="15.419427">
      </trkpt>
      <trkpt lat="50.602842" lon="15.417591">
      </trkpt>
      <trkpt lat="50.608449" lon="15.422007">
      </trkpt>
      <trkpt lat="50.608261" lon="15.423969">
      </trkpt>
      <trkpt lat="50.610525" lon="15.427237">
      </trkpt>
      <trkpt lat="50.61056" lon="15.427309">
      </trkpt>
      <trkpt lat="50.615481" lon="15.433615">
      </trkpt>
      <trkpt lat="50.614966" lon="15.438458">
      </trkpt>
      <trkpt lat="50.615009" lon="15.440537">
      </trkpt>
      <trkpt lat="50.618025" lon="15.446976">
      </trkpt>
      <trkpt lat="50.617342" lon="15.453412">
      </trkpt>
      <trkpt lat="50.615347" lon="15.456409">
      </trkpt>
      <trkpt lat="50.613924" lon="15.463886">
      </trkpt>
      <trkpt lat="50.613678" lon="15.464949">
      </trkpt>
      <trkpt lat="50.6147" lon="15.465852">
      </trkpt>
      <trkpt lat="50.617185" lon="15.46576">
      </trkpt>
      <trkpt lat="50.622862" lon="15.461606">
      </trkpt>
      <trkpt lat="50.630797" lon="15.465319">
      </trkpt>
      <trkpt lat="50.628748" lon="15.470001">
      </trkpt>
      <trkpt lat="50.628516" lon="15.471393">
      </trkpt>
      <trkpt lat="50.628441" lon="15.472241">
      </trkpt>
      <trkpt lat="50.628368" lon="15.472852">
      </trkpt>
      <trkpt lat="50.628626" lon="15.477223">
      </trkpt>
      <trkpt lat="50.622499" lon="15.483145">
      </trkpt>
      <trkpt lat="50.620711" lon="15.483389">
      </trkpt>
      <trkpt lat="50.619411" lon="15.483976">
      </trkpt>
      <trkpt lat="50.620894" lon="15.487257">
      </trkpt>
      <trkpt lat="50.623765" lon="15.49361">
      </trkpt>
      <trkpt lat="50.620638" lon="15.497317">
      </trkpt>
      <trkpt lat="50.619404" lon="15.49803">
      </trkpt>
      <trkpt lat="50.618214" lon="15.499224">
      </trkpt>
      <trkpt lat="50.617761" lon="15.499918">
      </trkpt>
      <trkpt lat="50.615964" lon="15.50827">
      </trkpt>
      <trkpt lat="50.619797" lon="15.516032">
      </trkpt>
      <trkpt lat="50.623355" lon="15.516581">
      </trkpt>
      <trkpt lat="50.626468" lon="15.510029">
      </trkpt>
      <trkpt lat="50.626172" lon="15.509137">
      </trkpt>
      <trkpt lat="50.626012" lon="15.508443">
      </trkpt>
      <trkpt lat="50.625698" lon="15.508131">
      </trkpt>
      <trkpt lat="50.623558" lon="15.501559">
      </trkpt>
      <trkpt lat="50.625532" lon="15.499031">
      </trkpt>
      <trkpt lat="50.627159" lon="15.496583">
      </trkpt>
      <trkpt lat="50.635769" lon="15.497268">
      </trkpt>
      <trkpt lat="50.6363" lon="15.498105">
      </trkpt>
      <trkpt lat="50.636928" lon="15.499675">
      </trkpt>
      <trkpt lat="50.637895" lon="15.503035">
      </trkpt>
      <trkpt lat="50.63854" lon="15.504277">
      </trkpt>
      <trkpt lat="50.640351" lon="15.504704">
      </trkpt>
      <trkpt lat="50.641323" lon="15.504395">
      </trkpt>
      <trkpt lat="50.641455" lon="15.502499">
      </trkpt>
      <trkpt lat="50.642102" lon="15.497005">
      </trkpt>
      <trkpt lat="50.646872" lon="15.491949">
      </trkpt>
      <trkpt lat="50.646559" lon="15.488362">
      </trkpt>
      <trkpt lat="50.640349" lon="15.485362">
      </trkpt>
      <trkpt lat="50.638325" lon="15.484742">
      </trkpt>
      <trkpt lat="50.636997" lon="15.484257">
      </trkpt>
      <trkpt lat="50.632226" lon="15.477293">
      </trkpt>
      <trkpt lat="50.631892" lon="15.473588">
      </trkpt>
      <trkpt lat="50.632011" lon="15.472699">
      </trkpt>
      <trkpt lat="50.632102" lon="15.471717">
      </trkpt>
      <trkpt lat="50.632297" lon="15.470606">
      </trkpt>
      <trkpt lat="50.63569" lon="15.464729">
      </trkpt>
      <trkpt lat="50.642243" lon="15.467741">
      </trkpt>
      <trkpt lat="50.642767" lon="15.468602">
      </trkpt>
      <trkpt lat="50.645939" lon="15.467271">
      </trkpt>
      <trkpt lat="50.64843" lon="15.461496">
      </trkpt>
      <trkpt lat="50.648801" lon="15.461195">
      </trkpt>
      <trkpt lat="50.655533" lon="15.460965">
      </trkpt>
      <trkpt lat="50.658123" lon="15.466924">
      </trkpt>
      <trkpt lat="50.658022" lon="15.467979">
      </trkpt>
      <trkpt lat="50.657916" lon="15.469997">
      </trkpt>
      <trkpt lat="50.65792" lon="15.471274">
      </trkpt>
      <trkpt lat="50.657539" lon="15.473397">
      </trkpt>
      <trkpt lat="50.657156" lon="15.474629">
      </trkpt>
      <trkpt lat="50.657126" lon="15.475305">
      </trkpt>
      <trkpt lat="50.657366" lon="15.478102">
      </trkpt>
      <trkpt lat="50.657846" lon="15.479215">
      </trkpt>
      <trkpt lat="50.658218" lon="15.480268">
      </trkpt>
      <trkpt lat="50.658655" lon="15.48149">
      </trkpt>
      <trkpt lat="50.658818" lon="15.482299">
      </trkpt>
      <trkpt lat="50.658955" lon="15.482801">
      </trkpt>
      <trkpt lat="50.659322" lon="15.48408">
      </trkpt>
      <trkpt lat="50.659452" lon="15.485662">
      </trkpt>
      <trkpt lat="50.65975" lon="15.486581">
      </trkpt>
      <trkpt lat="50.659986" lon="15.486964">
      </trkpt>
      <trkpt lat="50.661246" lon="15.4887">
      </trkpt>
      <trkpt lat="50.661919" lon="15.489479">
      </trkpt>
      <trkpt lat="50.664644" lon="15.487126">
      </trkpt>
      <trkpt lat="50.670984" lon="15.486259">
      </trkpt>
      <trkpt lat="50.677205" lon="15.490745">
      </trkpt>
      <trkpt lat="50.678598" lon="15.492252">
      </trkpt>
      <trkpt lat="50.679115" lon="15.492687">
      </trkpt>
      <trkpt lat="50.679352" lon="15.492776">
      </trkpt>
      <trkpt lat="50.679612" lon="15.492778">
      </trkpt>
      <trkpt lat="50.680866" lon="15.492294">
      </trkpt>
      <trkpt lat="50.681435" lon="15.489934">
      </trkpt>
      <trkpt lat="50.680799" lon="15.487653">
      </trkpt>
      <trkpt lat="50.680714" lon="15.486762">
      </trkpt>
      <trkpt lat="50.680698" lon="15.486096">
      </trkpt>
      <trkpt lat="50.680599" lon="15.485539">
      </trkpt>
      <trkpt lat="50.680193" lon="15.484769">
      </trkpt>
      <trkpt lat="50.679955" lon="15.477347">
      </trkpt>
      <trkpt lat="50.688162" lon="15.477771">
      </trkpt>
      <trkpt lat="50.688701" lon="15.481021">
      </trkpt>
      <trkpt lat="50.68917" lon="15.481999">
      </trkpt>
      <trkpt lat="50.689491" lon="15.482667">
      </trkpt>
      <trkpt lat="50.689722" lon="15.483126">
      </trkpt>
      <trkpt lat="50.691152" lon="15.48553">
      </trkpt>
      <trkpt lat="50.692363" lon="15.487611">
      </trkpt>
      <trkpt lat="50.692516" lon="15.488093">
      </trkpt>
      <trkpt lat="50.693497" lon="15.489698">
      </trkpt>
      <trkpt lat="50.694028" lon="15.490634">
      </trkpt>
      <trkpt lat="50.696118" lon="15.495824">
      </trkpt>
      <trkpt lat="50.696154" lon="15.496271">
      </trkpt>
      <trkpt lat="50.696314" lon="15.496803">
      </trkpt>
      <trkpt lat="50.69714" lon="15.498322">
      </trkpt>
      <trkpt lat="50.697336" lon="15.498736">
      </trkpt>
      <trkpt lat="50.697543" lon="15.499067">
      </trkpt>
      <trkpt lat="50.699361" lon="15.502502">
      </trkpt>
      <trkpt lat="50.702683" lon="15.503889">
      </trkpt>
      <trkpt lat="50.702858" lon="15.503471">
      </trkpt>
      <trkpt lat="50.703019" lon="15.50293">
      </trkpt>
      <trkpt lat="50.703105" lon="15.502442">
      </trkpt>
      <trkpt lat="50.703161" lon="15.501893">
      </trkpt>
      <trkpt lat="50.703208" lon="15.501117">
      </trkpt>
      <trkpt lat="50.703195" lon="15.500469">
      </trkpt>
      <trkpt lat="50.703135" lon="15.499922">
      </trkpt>
      <trkpt lat="50.703028" lon="15.499403">
      </trkpt>
      <trkpt lat="50.702878" lon="15.498924">
      </trkpt>
      <trkpt lat="50.702683" lon="15.498362">
      </trkpt>
      <trkpt lat="50.70246" lon="15.497896">
      </trkpt>
      <trkpt lat="50.703751" lon="15.491519">
      </trkpt>
      <trkpt lat="50.711262" lon="15.492943">
      </trkpt>
      <trkpt lat="50.713148" lon="15.49355">
      </trkpt>
      <trkpt lat="50.713822" lon="15.493201">
      </trkpt>
      <trkpt lat="50.714042" lon="15.492906">
      </trkpt>
      <trkpt lat="50.714544" lon="15.491463">
      </trkpt>
      <trkpt lat="50.714385" lon="15.489859">
      </trkpt>
      <trkpt lat="50.720745" lon="15.484411">
      </trkpt>
      <trkpt lat="50.726958" lon="15.487383">
      </trkpt>
      <trkpt lat="50.727163" lon="15.487673">
      </trkpt>
      <trkpt lat="50.728216" lon="15.488131">
      </trkpt>
      <trkpt lat="50.728443" lon="15.48823">
      </trkpt>
      <trkpt lat="50.729792" lon="15.487356">
      </trkpt>
      <trkpt lat="50.732303" lon="15.483447">
      </trkpt>
      <trkpt lat="50.732787" lon="15.480613">
      </trkpt>
      <trkpt lat="50.73691" lon="15.473506">
      </trkpt>
      <trkpt lat="50.736833" lon="15.471408">
      </trkpt>
      <trkpt lat="50.736824" lon="15.470966">
      </trkpt>
      <trkpt lat="50.735674" lon="15.466381">
      </trkpt>
      <trkpt lat="50.736516" lon="15.459805">
      </trkpt>
      <trkpt lat="50.736062" lon="15.458993">
      </trkpt>
      <trkpt lat="50.735474" lon="15.458098">
      </trkpt>
      <trkpt lat="50.735013" lon="15.457259">
      </trkpt>
      <trkpt lat="50.741632" lon="15.451264">
      </trkpt>
      <trkpt lat="50.744994" lon="15.45255">
      </trkpt>
      <trkpt lat="50.749965" lon="15.448813">
      </trkpt>
      <trkpt lat="50.750539" lon="15.448399">
      </trkpt>
      <trkpt lat="50.750779" lon="15.448115">
      </trkpt>
      <trkpt lat="50.752462" lon="15.446356">
      </trkpt>
      <trkpt lat="50.751677" lon="15.443296">
      </trkpt>
      <trkpt lat="50.752116" lon="15.434422">
      </trkpt>
      <trkpt lat="50.752499" lon="15.43411">
      </trkpt>
      <trkpt lat="50.753109" lon="15.433492">
      </trkpt>
      <trkpt lat="50.75337" lon="15.433138">
      </trkpt>
      <trkpt lat="50.7536" lon="15.432772">
      </trkpt>
      <trkpt lat="50.753866" lon="15.43227">
      </trkpt>
      <trkpt lat="50.754045" lon="15.431813">
      </trkpt>
      <trkpt lat="50.754133" lon="15.431502">
      </trkpt>
      <trkpt lat="50.754274" lon="15.430852">
      </trkpt>
      <trkpt lat="50.754485" lon="15.430135">
      </trkpt>
      <trkpt lat="50.754568" lon="15.429722">
      </trkpt>
      <trkpt lat="50.752141" lon="15.424402">
      </trkpt>
      <trkpt lat="50.751614" lon="15.42218">
      </trkpt>
      <trkpt lat="50.744935" lon="15.422335">
      </trkpt>
      <trkpt lat="50.743835" lon="15.421943">
      </trkpt>
      <trkpt lat="50.741264" lon="15.42159">
      </trkpt>
      <trkpt lat="50.733628" lon="15.417462">
      </trkpt>
      <trkpt lat="50.733945" lon="15.412947">
      </trkpt>
      <trkpt lat="50.734025" lon="15.412749">
      </trkpt>
      <trkpt lat="50.734475" lon="15.411496">
      </trkpt>
      <trkpt lat="50.734616" lon="15.411005">
      </trkpt>
      <trkpt lat="50.734662" lon="15.410741">
      </trkpt>
      <trkpt lat="50.736562" lon="15.406459">
      </trkpt>
      <trkpt lat="50.736662" lon="15.405893">
      </trkpt>
      <trkpt lat="50.736651" lon="15.405147">
      </trkpt>
      <trkpt lat="50.736616" lon="15.403395">
      </trkpt>
      <trkpt lat="50.736563" lon="15.402731">
      </trkpt>
      <trkpt lat="50.736377" lon="15.401518">
      </trkpt>
      <trkpt lat="50.736307" lon="15.400796">
      </trkpt>
      <trkpt lat="50.736207" lon="15.399973">
      </trkpt>
      <trkpt lat="50.74097" lon="15.392712">
      </trkpt>
      <trkpt lat="50.744576" lon="15.392614">
      </trkpt>
      <trkpt lat="50.749219" lon="15.390062">
      </trkpt>
      <trkpt lat="50.752565" lon="15.388735">
      </trkpt>
      <trkpt lat="50.760298" lon="15.39244">
      </trkpt>
      <trkpt lat="50.760519" lon="15.395017">
      </trkpt>
      <trkpt lat="50.758869" lon="15.399602">
      </trkpt>
      <trkpt lat="50.758111" lon="15.400557">
      </trkpt>
      <trkpt lat="50.757895" lon="15.400988">
      </trkpt>
      <trkpt lat="50.757732" lon="15.401414">
      </trkpt>
      <trkpt lat="50.757543" lon="15.402113">
      </trkpt>
      <trkpt lat="50.757378" lon="15.403272">
      </trkpt>
      <trkpt lat="50.757108" lon="15.404521">
      </trkpt>
      <trkpt lat="50.75475" lon="15.408874">
      </trkpt>
      <trkpt lat="50.756724" lon="15.411909">
      </trkpt>
      <trkpt lat="50.757178" lon="15.411533">
      </trkpt>
      <trkpt lat="50.758169" lon="15.410503">
      </trkpt>
      <trkpt lat="50.758673" lon="15.409933">
      </trkpt>
      <trkpt lat="50.759068" lon="15.409384">
      </trkpt>
      <trkpt lat="50.759404" lon="15.408842">
      </trkpt>
      <trkpt lat="50.759728" lon="15.408222">
      </trkpt>
      <trkpt lat="50.760037" lon="15.407476">
      </trkpt>
      <trkpt lat="50.760384" lon="15.406299">
      </trkpt>
      <trkpt lat="50.760611" lon="15.405351">
      </trkpt>
      <trkpt lat="50.769324" lon="15.404415">
      </trkpt>
      <trkpt lat="50.769802" lon="15.405295">
      </trkpt>
      <trkpt lat="50.770539" lon="15.406217">
      </trkpt>
      <trkpt lat="50.771353" lon="15.407145">
      </trkpt>
      <trkpt lat="50.772388" lon="15.407789">
      </trkpt>
      <trkpt lat="50.773637" lon="15.416619">
      </trkpt>
      <trkpt lat="50.76959" lon="15.420501">
      </trkpt>
      <trkpt lat="50.769317" lon="15.421213">
      </trkpt>
      <trkpt lat="50.769163" lon="15.421558">
      </trkpt>
      <trkpt lat="50.768401" lon="15.423154">
      </trkpt>
      <trkpt lat="50.767017" lon="15.427792">
      </trkpt>
      <trkpt lat="50.766574" lon="15.43544">
      </trkpt>
      <trkpt lat="50.765875" lon="15.436364">
      </trkpt>
      <trkpt lat="50.765667" lon="15.436701">
      </trkpt>
      <trkpt lat="50.765415" lon="15.437209">
      </trkpt>
      <trkpt lat="50.764984" lon="15.438194">
      </trkpt>
      <trkpt lat="50.766474" lon="15.441603">
      </trkpt>
      <trkpt lat="50.769044" lon="15.445368">
      </trkpt>
      <trkpt lat="50.77065" lon="15.449235">
      </trkpt>
      <trkpt lat="50.771322" lon="15.450193">
      </trkpt>
      <trkpt lat="50.772794" lon="15.449388">
      </trkpt>
      <trkpt lat="50.774269" lon="15.448124">
      </trkpt>
      <trkpt lat="50.775739" lon="15.440323">
      </trkpt>
      <trkpt lat="50.778836" lon="15.436297">
      </trkpt>
      <trkpt lat="50.779264" lon="15.43557">
      </trkpt>
      <trkpt lat="50.779463" lon="15.435154">
      </trkpt>
      <trkpt lat="50.779624" lon="15.434746">
      </trkpt>
      <trkpt lat="50.780484" lon="15.432697">
      </trkpt>
      <trkpt lat="50.784259" lon="15.428095">
      </trkpt>
      <trkpt lat="50.786616" lon="15.424878">
      </trkpt>
      <trkpt lat="50.792364" lon="15.422206">
      </trkpt>
      <trkpt lat="50.795928" lon="15.422743">
      </trkpt>
      <trkpt lat="50.799436" lon="15.42327">
      </trkpt>
      <trkpt lat="50.80395" lon="15.427893">
      </trkpt>
      <trkpt lat="50.804459" lon="15.430284">
      </trkpt>
      <trkpt lat="50.805794" lon="15.436426">
      </trkpt>
      <trkpt lat="50.805826" lon="15.437741">
      </trkpt>
      <trkpt lat="50.805828" lon="15.438453">
      </trkpt>
      <trkpt lat="50.805304" lon="15.44321">
      </trkpt>
      <trkpt lat="50.808745" lon="15.44427">
      </trkpt>
      <trkpt lat="50.8093" lon="15.442566">
      </trkpt>
      <trkpt lat="50.809562" lon="15.441565">
      </trkpt>
      <trkpt lat="50.816909" lon="15.436374">
      </trkpt>
      <trkpt lat="50.820127" lon="15.434761">
      </trkpt>
      <trkpt lat="50.819184" lon="15.432363">
      </trkpt>
      <trkpt lat="50.816248" lon="15.426773">
      </trkpt>
      <trkpt lat="50.815935" lon="15.426312">
      </trkpt>
      <trkpt lat="50.814874" lon="15.425573">
      </trkpt>
      <trkpt lat="50.80929" lon="15.422425">
      </trkpt>
      <trkpt lat="50.806297" lon="15.419347">
      </trkpt>
      <trkpt lat="50.800762" lon="15.419856">
      </trkpt>
      <trkpt lat="50.800083" lon="15.419728">
      </trkpt>
      <trkpt lat="50.793356" lon="15.413999">
      </trkpt>
      <trkpt lat="50.792947" lon="15.413172">
      </trkpt>
      <trkpt lat="50.791108" lon="15.410621">
      </trkpt>
      <trkpt lat="50.790281" lon="15.409788">
      </trkpt>
      <trkpt lat="50.789781" lon="15.409544">
      </trkpt>
      <trkpt lat="50.789047" lon="15.409401">
      </trkpt>
      <trkpt lat="50.787983" lon="15.409673">
      </trkpt>
      <trkpt lat="50.781348" lon="15.406529">
      </trkpt>
      <trkpt lat="50.783907" lon="15.400548">
      </trkpt>
      <trkpt lat="50.785187" lon="15.39992">
      </trkpt>
      <trkpt lat="50.7836" lon="15.396688">
      </trkpt>
      <trkpt lat="50.781557" lon="15.394711">
      </trkpt>
      <trkpt lat="50.781088" lon="15.387566">
      </trkpt>
      <trkpt lat="50.781989" lon="15.383585">
      </trkpt>
      <trkpt lat="50.78208" lon="15.383102">
      </trkpt>
      <trkpt lat="50.778542" lon="15.382437">
      </trkpt>
      <trkpt lat="50.770886" lon="15.377889">
      </trkpt>
      <trkpt lat="50.770335" lon="15.376089">
      </trkpt>
      <trkpt lat="50.772015" lon="15.369698">
      </trkpt>
      <trkpt lat="50.780307" lon="15.367549">
      </trkpt>
      <trkpt lat="50.781624" lon="15.368543">
      </trkpt>
      <trkpt lat="50.782335" lon="15.368888">
      </trkpt>
      <trkpt lat="50.783497" lon="15.369191">
      </trkpt>
      <trkpt lat="50.784665" lon="15.369096">
      </trkpt>
      <trkpt lat="50.785128" lon="15.368932">
      </trkpt>
      <trkpt lat="50.789945" lon="15.367735">
      </trkpt>
      <trkpt lat="50.790542" lon="15.367733">
      </trkpt>
      <trkpt lat="50.791563" lon="15.367735">
      </trkpt>
      <trkpt lat="50.792248" lon="15.367606">
      </trkpt>
      <trkpt lat="50.792755" lon="15.367435">
      </trkpt>
      <trkpt lat="50.79349" lon="15.367035">
      </trkpt>
      <trkpt lat="50.7955" lon="15.365751">
      </trkpt>
      <trkpt lat="50.796082" lon="15.365295">
      </trkpt>
      <trkpt lat="50.796733" lon="15.364569">
      </trkpt>
      <trkpt lat="50.800851" lon="15.360061">
      </trkpt>
      <trkpt lat="50.801304" lon="15.359569">
      </trkpt>
      <trkpt lat="50.801655" lon="15.358908">
      </trkpt>
      <trkpt lat="50.801779" lon="15.358494">
      </trkpt>
      <trkpt lat="50.809124" lon="15.353882">
      </trkpt>
      <trkpt lat="50.811908" lon="15.354715">
      </trkpt>
      <trkpt lat="50.812767" lon="15.354881">
      </trkpt>
      <trkpt lat="50.813768" lon="15.354719">
      </trkpt>
      <trkpt lat="50.815034" lon="15.354121">
      </trkpt>
      <trkpt lat="50.81536" lon="15.353896">
      </trkpt>
      <trkpt lat="50.816255" lon="15.353107">
      </trkpt>
      <trkpt lat="50.816611" lon="15.352597">
      </trkpt>
      <trkpt lat="50.819701" lon="15.347809">
      </trkpt>
      <trkpt lat="50.820018" lon="15.347209">
      </trkpt>
      <trkpt lat="50.821844" lon="15.343824">
      </trkpt>
      <trkpt lat="50.828529" lon="15.340081">
      </trkpt>
      <trkpt lat="50.829026" lon="15.33989">
      </trkpt>
      <trkpt lat="50.829447" lon="15.33966">
      </trkpt>
      <trkpt lat="50.827719" lon="15.336501">
      </trkpt>
      <trkpt lat="50.82432" lon="15.335361">
      </trkpt>
      <trkpt lat="50.823268" lon="15.336136">
      </trkpt>
      <trkpt lat="50.819327" lon="15.34125">
      </trkpt>
      <trkpt lat="50.818206" lon="15.342308">
      </trkpt>
      <trkpt lat="50.81795" lon="15.342586">
      </trkpt>
      <trkpt lat="50.81765" lon="15.343018">
      </trkpt>
      <trkpt lat="50.817262" lon="15.343746">
      </trkpt>
      <trkpt lat="50.815351" lon="15.346791">
      </trkpt>
      <trkpt lat="50.807574" lon="15.350188">
      </trkpt>
      <trkpt lat="50.806768" lon="15.350204">
      </trkpt>
      <trkpt lat="50.805352" lon="15.35019">
      </trkpt>
      <trkpt lat="50.804924" lon="15.350217">
      </trkpt>
      <trkpt lat="50.80434" lon="15.350347">
      </trkpt>
      <trkpt lat="50.796771" lon="15.350959">
      </trkpt>
      <trkpt lat="50.791042" lon="15.34993">
      </trkpt>
      <trkpt lat="50.78625" lon="15.346773">
      </trkpt>
      <trkpt lat="50.784846" lon="15.345695">
      </trkpt>
      <trkpt lat="50.783123" lon="15.3373">
      </trkpt>
      <trkpt lat="50.783322" lon="15.336646">
      </trkpt>
      <trkpt lat="50.783259" lon="15.33368">
      </trkpt>
      <trkpt lat="50.783181" lon="15.329283">
      </trkpt>
      <trkpt lat="50.790242" lon="15.324583">
      </trkpt>
      <trkpt lat="50.790819" lon="15.324404">
      </trkpt>
      <trkpt lat="50.791333" lon="15.322071">
      </trkpt>
      <trkpt lat="50.791364" lon="15.321847">
      </trkpt>
      <trkpt lat="50.791646" lon="15.31916">
      </trkpt>
      <trkpt lat="50.791656" lon="15.318655">
      </trkpt>
      <trkpt lat="50.791524" lon="15.318012">
      </trkpt>
      <trkpt lat="50.791292" lon="15.317537">
      </trkpt>
      <trkpt lat="50.790878" lon="15.317075">
      </trkpt>
      <trkpt lat="50.790012" lon="15.316648">
      </trkpt>
      <trkpt lat="50.786084" lon="15.315919">
      </trkpt>
      <trkpt lat="50.785553" lon="15.315779">
      </trkpt>
      <trkpt lat="50.781625" lon="15.314487">
      </trkpt>
      <trkpt lat="50.779882" lon="15.313801">
      </trkpt>
      <trkpt lat="50.778392" lon="15.313375">
      </trkpt>
      <trkpt lat="50.776351" lon="15.312517">
      </trkpt>
      <trkpt lat="50.777691" lon="15.30385">
      </trkpt>
      <trkpt lat="50.781134" lon="15.302799">
      </trkpt>
      <trkpt lat="50.781021" lon="15.300387">
      </trkpt>
      <trkpt lat="50.778698" lon="15.297637">
      </trkpt>
      <trkpt lat="50.77846" lon="15.297838">
      </trkpt>
      <trkpt lat="50.776748" lon="15.298732">
      </trkpt>
      <trkpt lat="50.775021" lon="15.299235">
      </trkpt>
      <trkpt lat="50.771211" lon="15.291256">
      </trkpt>
      <trkpt lat="50.77126" lon="15.290661">
      </trkpt>
      <trkpt lat="50.771264" lon="15.290277">
      </trkpt>
      <trkpt lat="50.77117" lon="15.289525">
      </trkpt>
      <trkpt lat="50.77111" lon="15.288651">
      </trkpt>
      <trkpt lat="50.771098" lon="15.287817">
      </trkpt>
      <trkpt lat="50.771067" lon="15.287421">
      </trkpt>
      <trkpt lat="50.771021" lon="15.287118">
      </trkpt>
      <trkpt lat="50.773892" lon="15.27881">
      </trkpt>
      <trkpt lat="50.774947" lon="15.278188">
      </trkpt>
      <trkpt lat="50.775584" lon="15.277364">
      </trkpt>
      <trkpt lat="50.777294" lon="15.27562">
      </trkpt>
      <trkpt lat="50.77574" lon="15.273317">
      </trkpt>
      <trkpt lat="50.773277" lon="15.264909">
      </trkpt>
      <trkpt lat="50.774144" lon="15.263436">
      </trkpt>
      <trkpt lat="50.775417" lon="15.261535">
      </trkpt>
      <trkpt lat="50.775881" lon="15.26097">
      </trkpt>
      <trkpt lat="50.7762" lon="15.260137">
      </trkpt>
      <trkpt lat="50.776256" lon="15.25973">
      </trkpt>
      <trkpt lat="50.776269" lon="15.259253">
      </trkpt>
      <trkpt lat="50.776123" lon="15.258478">
      </trkpt>
      <trkpt lat="50.776431" lon="15.253245">
      </trkpt>
      <trkpt lat="50.778493" lon="15.248221">
      </trkpt>
      <trkpt lat="50.785212" lon="15.244609">
      </trkpt>
      <trkpt lat="50.785645" lon="15.244478">
      </trkpt>
      <trkpt lat="50.786239" lon="15.244322">
      </trkpt>
      <trkpt lat="50.786423" lon="15.244013">
      </trkpt>
      <trkpt lat="50.790517" lon="15.237821">
      </trkpt>
      <trkpt lat="50.791793" lon="15.236179">
      </trkpt>
      <trkpt lat="50.79205" lon="15.235733">
      </trkpt>
      <trkpt lat="50.797975" lon="15.229132">
      </trkpt>
      <trkpt lat="50.798588" lon="15.228642">
      </trkpt>
      <trkpt lat="50.799351" lon="15.227651">
      </trkpt>
      <trkpt lat="50.799692" lon="15.227016">
      </trkpt>
      <trkpt lat="50.799419" lon="15.225145">
      </trkpt>
      <trkpt lat="50.799221" lon="15.224775">
      </trkpt>
      <trkpt lat="50.798772" lon="15.224143">
      </trkpt>
      <trkpt lat="50.798266" lon="15.223618">
      </trkpt>
      <trkpt lat="50.797641" lon="15.223156">
      </trkpt>
      <trkpt lat="50.795343" lon="15.221044">
      </trkpt>
      <trkpt lat="50.794745" lon="15.220124">
      </trkpt>
      <trkpt lat="50.794405" lon="15.219439">
      </trkpt>
      <trkpt lat="50.793978" lon="15.218622">
      </trkpt>
      <trkpt lat="50.792483" lon="15.211596">
      </trkpt>
      <trkpt lat="50.793158" lon="15.210495">
      </trkpt>
      <trkpt lat="50.794662" lon="15.20813">
      </trkpt>
      <trkpt lat="50.802428" lon="15.210195">
      </trkpt>
      <trkpt lat="50.802692" lon="15.210752">
      </trkpt>
      <trkpt lat="50.803376" lon="15.213007">
      </trkpt>
      <trkpt lat="50.80417" lon="15.21422">
      </trkpt>
      <trkpt lat="50.804881" lon="15.214819">
      </trkpt>
      <trkpt lat="50.80561" lon="15.215214">
      </trkpt>
      <trkpt lat="50.806147" lon="15.215387">
      </trkpt>
      <trkpt lat="50.807184" lon="15.215633">
      </trkpt>
      <trkpt lat="50.809536" lon="15.215892">
      </trkpt>
      <trkpt lat="50.809697" lon="15.215928">
      </trkpt>
      <trkpt lat="50.817562" lon="15.217789">
      </trkpt>
      <trkpt lat="50.822292" lon="15.224696">
      </trkpt>
      <trkpt lat="50.822469" lon="15.225144">
      </trkpt>
      <trkpt lat="50.822643" lon="15.225429">
      </trkpt>
      <trkpt lat="50.823605" lon="15.226692">
      </trkpt>
      <trkpt lat="50.824272" lon="15.227295">
      </trkpt>
      <trkpt lat="50.830203" lon="15.234057">
      </trkpt>
      <trkpt lat="50.833527" lon="15.234841">
      </trkpt>
      <trkpt lat="50.836773" lon="15.231459">
      </trkpt>
      <trkpt lat="50.838167" lon="15.230329">
      </trkpt>
      <trkpt lat="50.838525" lon="15.229925">
      </trkpt>
      <trkpt lat="50.838736" lon="15.229588">
      </trkpt>
      <trkpt lat="50.840172" lon="15.226692">
      </trkpt>
      <trkpt lat="50.841624" lon="15.223762">
      </trkpt>
      <trkpt lat="50.842466" lon="15.222054">
      </trkpt>
      <trkpt lat="50.843278" lon="15.220402">
      </trkpt>
      <trkpt lat="50.844288" lon="15.216822">
      </trkpt>
      <trkpt lat="50.84479" lon="15.21368">
      </trkpt>
      <trkpt lat="50.844947" lon="15.211698">
      </trkpt>
      <trkpt lat="50.844814" lon="15.209007">
      </trkpt>
      <trkpt lat="50.848424" lon="15.202452">
      </trkpt>
      <trkpt lat="50.850812" lon="15.201144">
      </trkpt>
      <trkpt lat="50.851158" lon="15.200555">
      </trkpt>
      <trkpt lat="50.851426" lon="15.200018">
      </trkpt>
      <trkpt lat="50.851631" lon="15.199536">
      </trkpt>
      <trkpt lat="50.8518" lon="15.198949">
      </trkpt>
      <trkpt lat="50.852232" lon="15.197323">
      </trkpt>
      <trkpt lat="50.852647" lon="15.195927">
      </trkpt>
      <trkpt lat="50.855114" lon="15.189741">
      </trkpt>
      <trkpt lat="50.85556" lon="15.189222">
      </trkpt>
      <trkpt lat="50.858113" lon="15.185919">
      </trkpt>
      <trkpt lat="50.858601" lon="15.185387">
      </trkpt>
      <trkpt lat="50.860292" lon="15.184173">
      </trkpt>
      <trkpt lat="50.860681" lon="15.183939">
      </trkpt>
      <trkpt lat="50.862383" lon="15.182194">
      </trkpt>
      <trkpt lat="50.863103" lon="15.181612">
      </trkpt>
      <trkpt lat="50.864586" lon="15.18007">
      </trkpt>
      <trkpt lat="50.870886" lon="15.179932">
      </trkpt>
      <trkpt lat="50.869451" lon="15.188767">
      </trkpt>
      <trkpt lat="50.870579" lon="15.195869">
      </trkpt>
      <trkpt lat="50.867352" lon="15.200357">
      </trkpt>
      <trkpt lat="50.865683" lon="15.203097">
      </trkpt>
      <trkpt lat="50.865635" lon="15.203204">
      </trkpt>
      <trkpt lat="50.866173" lon="15.203806">
      </trkpt>
      <trkpt lat="50.8722" lon="15.209113">
      </trkpt>
      <trkpt lat="50.873466" lon="15.215529">
      </trkpt>
      <trkpt lat="50.871629" lon="15.218972">
      </trkpt>
      <trkpt lat="50.870562" lon="15.222121">
      </trkpt>
      <trkpt lat="50.869872" lon="15.223606">
      </trkpt>
      <trkpt lat="50.869749" lon="15.22403">
      </trkpt>
      <trkpt lat="50.869696" lon="15.224356">
      </trkpt>
      <trkpt lat="50.869613" lon="15.229881">
      </trkpt>
      <trkpt lat="50.867176" lon="15.234709">
      </trkpt>
      <trkpt lat="50.866134" lon="15.236891">
      </trkpt>
      <trkpt lat="50.866341" lon="15.237401">
      </trkpt>
      <trkpt lat="50.866041" lon="15.246071">
      </trkpt>
      <trkpt lat="50.861521" lon="15.25057">
      </trkpt>
      <trkpt lat="50.855498" lon="15.256636">
      </trkpt>
      <trkpt lat="50.852879" lon="15.259086">
      </trkpt>
      <trkpt lat="50.85207" lon="15.259846">
      </trkpt>
      <trkpt lat="50.851262" lon="15.260547">
      </trkpt>
      <trkpt lat="50.850049" lon="15.261727">
      </trkpt>
      <trkpt lat="50.849285" lon="15.262711">
      </trkpt>
      <trkpt lat="50.845321" lon="15.267184">
      </trkpt>
      <trkpt lat="50.844689" lon="15.267701">
      </trkpt>
      <trkpt lat="50.844154" lon="15.268413">
      </trkpt>
      <trkpt lat="50.838079" lon="15.274164">
      </trkpt>
      <trkpt lat="50.837614" lon="15.274532">
      </trkpt>
      <trkpt lat="50.831185" lon="15.278705">
      </trkpt>
      <trkpt lat="50.829337" lon="15.280012">
      </trkpt>
      <trkpt lat="50.826322" lon="15.283883">
      </trkpt>
      <trkpt lat="50.825572" lon="15.284782">
      </trkpt>
      <trkpt lat="50.82501" lon="15.285569">
      </trkpt>
      <trkpt lat="50.824396" lon="15.286622">
      </trkpt>
      <trkpt lat="50.815895" lon="15.2893">
      </trkpt>
      <trkpt lat="50.815345" lon="15.289222">
      </trkpt>
      <trkpt lat="50.814774" lon="15.289245">
      </trkpt>
      <trkpt lat="50.814136" lon="15.289405">
      </trkpt>
      <trkpt lat="50.812135" lon="15.290998">
      </trkpt>
      <trkpt lat="50.811682" lon="15.291588">
      </trkpt>
      <trkpt lat="50.810523" lon="15.293194">
      </trkpt>
      <trkpt lat="50.810776" lon="15.296329">
      </trkpt>
      <trkpt lat="50.811565" lon="15.29645">
      </trkpt>
      <trkpt lat="50.812564" lon="15.296165">
      </trkpt>
      <trkpt lat="50.81968" lon="15.294048">
      </trkpt>
      <trkpt lat="50.821345" lon="15.293415">
      </trkpt>
      <trkpt lat="50.823476" lon="15.29262">
      </trkpt>
      <trkpt lat="50.824043" lon="15.292394">
      </trkpt>
      <trkpt lat="50.826204" lon="15.290533">
      </trkpt>
      <trkpt lat="50.826521" lon="15.290194">
      </trkpt>
      <trkpt lat="50.826832" lon="15.289748">
      </trkpt>
      <trkpt lat="50.830624" lon="15.285155">
      </trkpt>
      <trkpt lat="50.834993" lon="15.282819">
      </trkpt>
      <trkpt lat="50.83641" lon="15.281962">
      </trkpt>
      <trkpt lat="50.837107" lon="15.281299">
      </trkpt>
      <trkpt lat="50.842512" lon="15.276789">
      </trkpt>
      <trkpt lat="50.846885" lon="15.271706">
      </trkpt>
      <trkpt lat="50.849371" lon="15.269637">
      </trkpt>
      <trkpt lat="50.849782" lon="15.26927">
      </trkpt>
      <trkpt lat="50.849936" lon="15.269118">
      </trkpt>
      <trkpt lat="50.855843" lon="15.263772">
      </trkpt>
      <trkpt lat="50.859585" lon="15.261999">
      </trkpt>
      <trkpt lat="50.861003" lon="15.26053">
      </trkpt>
      <trkpt lat="50.862889" lon="15.25883">
      </trkpt>
      <trkpt lat="50.86369" lon="15.257962">
      </trkpt>
      <trkpt lat="50.867238" lon="15.251767">
      </trkpt>
      <trkpt lat="50.867733" lon="15.251144">
      </trkpt>
      <trkpt lat="50.868532" lon="15.249588">
      </trkpt>
      <trkpt lat="50.870925" lon="15.245972">
      </trkpt>
      <trkpt lat="50.874584" lon="15.23913">
      </trkpt>
      <trkpt lat="50.873739" lon="15.232892">
      </trkpt>
      <trkpt lat="50.878114" lon="15.228108">
      </trkpt>
      <trkpt lat="50.878491" lon="15.227735">
      </trkpt>
      <trkpt lat="50.878738" lon="15.227366">
      </trkpt>
      <trkpt lat="50.878498" lon="15.226353">
      </trkpt>
      <trkpt lat="50.878187" lon="15.224687">
      </trkpt>
      <trkpt lat="50.877083" lon="15.217617">
      </trkpt>
      <trkpt lat="50.877451" lon="15.216643">
      </trkpt>
      <trkpt lat="50.877572" lon="15.216132">
      </trkpt>
      <trkpt lat="50.877704" lon="15.215237">
      </trkpt>
      <trkpt lat="50.877754" lon="15.214769">
      </trkpt>
      <trkpt lat="50.877877" lon="15.21401">
      </trkpt>
      <trkpt lat="50.877758" lon="15.212194">
      </trkpt>
      <trkpt lat="50.877875" lon="15.211287">
      </trkpt>
      <trkpt lat="50.878038" lon="15.210592">
      </trkpt>
      <trkpt lat="50.877532" lon="15.203963">
      </trkpt>
      <trkpt lat="50.878066" lon="15.200519">
      </trkpt>
      <trkpt lat="50.878185" lon="15.200308">
      </trkpt>
      <trkpt lat="50.878317" lon="15.199944">
      </trkpt>
      <trkpt lat="50.878455" lon="15.199268">
      </trkpt>
      <trkpt lat="50.878488" lon="15.198568">
      </trkpt>
      <trkpt lat="50.887462" lon="15.197929">
      </trkpt>
      <trkpt lat="50.887524" lon="15.198378">
      </trkpt>
      <trkpt lat="50.887595" lon="15.200104">
      </trkpt>
      <trkpt lat="50.887651" lon="15.201811">
      </trkpt>
      <trkpt lat="50.887771" lon="15.202465">
      </trkpt>
      <trkpt lat="50.890069" lon="15.206182">
      </trkpt>
      <trkpt lat="50.890799" lon="15.208179">
      </trkpt>
      <trkpt lat="50.890807" lon="15.211316">
      </trkpt>
      <trkpt lat="50.889212" lon="15.214602">
      </trkpt>
      <trkpt lat="50.888922" lon="15.215629">
      </trkpt>
      <trkpt lat="50.888632" lon="15.216275">
      </trkpt>
      <trkpt lat="50.888432" lon="15.216973">
      </trkpt>
      <trkpt lat="50.888355" lon="15.217584">
      </trkpt>
      <trkpt lat="50.889632" lon="15.220736">
      </trkpt>
      <trkpt lat="50.889705" lon="15.222592">
      </trkpt>
      <trkpt lat="50.88972" lon="15.223344">
      </trkpt>
      <trkpt lat="50.889855" lon="15.223958">
      </trkpt>
      <trkpt lat="50.895574" lon="15.225672">
      </trkpt>
      <trkpt lat="50.897039" lon="15.222369">
      </trkpt>
      <trkpt lat="50.896962" lon="15.221829">
      </trkpt>
      <trkpt lat="50.896673" lon="15.220968">
      </trkpt>
      <trkpt lat="50.896369" lon="15.219541">
      </trkpt>
      <trkpt lat="50.900506" lon="15.212537">
      </trkpt>
      <trkpt lat="50.901749" lon="15.212056">
      </trkpt>
      <trkpt lat="50.903021" lon="15.211575">
      </trkpt>
      <trkpt lat="50.903859" lon="15.211169">
      </trkpt>
      <trkpt lat="50.907975" lon="15.210567">
      </trkpt>
      <trkpt lat="50.914366" lon="15.216436">
      </trkpt>
      <trkpt lat="50.919762" lon="15.222475">
      </trkpt>
      <trkpt lat="50.922863" lon="15.226675">
      </trkpt>
      <trkpt lat="50.919996" lon="15.231624">
      </trkpt>
      <trkpt lat="50.918835" lon="15.235389">
      </trkpt>
      <trkpt lat="50.92208" lon="15.237066">
      </trkpt>
      <trkpt lat="50.920965" lon="15.245081">
      </trkpt>
      <trkpt lat="50.920002" lon="15.246415">
      </trkpt>
      <trkpt lat="50.920552" lon="15.255379">
      </trkpt>
      <trkpt lat="50.919582" lon="15.258103">
      </trkpt>
      <trkpt lat="50.919419" lon="15.258636">
      </trkpt>
      <trkpt lat="50.919285" lon="15.259236">
      </trkpt>
      <trkpt lat="50.919015" lon="15.261286">
      </trkpt>
      <trkpt lat="50.918895" lon="15.262278">
      </trkpt>
      <trkpt lat="50.918853" lon="15.263003">
      </trkpt>
      <trkpt lat="50.918866" lon="15.263588">
      </trkpt>
      <trkpt lat="50.913465" lon="15.270465">
      </trkpt>
      <trkpt lat="50.911987" lon="15.270792">
      </trkpt>
      <trkpt lat="50.910147" lon="15.271149">
      </trkpt>
      <trkpt lat="50.909354" lon="15.271405">
      </trkpt>
      <trkpt lat="50.908071" lon="15.272006">
      </trkpt>
      <trkpt lat="50.907445" lon="15.272485">
      </trkpt>
      <trkpt lat="50.907009" lon="15.273189">
      </trkpt>
      <trkpt lat="50.906096" lon="15.274813">
      </trkpt>
      <trkpt lat="50.905949" lon="15.275121">
      </trkpt>
      <trkpt lat="50.905619" lon="15.275942">
      </trkpt>
      <trkpt lat="50.90486" lon="15.278104">
      </trkpt>
      <trkpt lat="50.904904" lon="15.279109">
      </trkpt>
      <trkpt lat="50.904988" lon="15.280003">
      </trkpt>
      <trkpt lat="50.905184" lon="15.28102">
      </trkpt>
      <trkpt lat="50.9056" lon="15.283824">
      </trkpt>
      <trkpt lat="50.906288" lon="15.291288">
      </trkpt>
      <trkpt lat="50.904876" lon="15.294986">
      </trkpt>
      <trkpt lat="50.904801" lon="15.295129">
      </trkpt>
      <trkpt lat="50.904806" lon="15.295154">
      </trkpt>
      <trkpt lat="50.909336" lon="15.299903">
      </trkpt>
      <trkpt lat="50.910286" lon="15.300844">
      </trkpt>
      <trkpt lat="50.91062" lon="15.301242">
      </trkpt>
      <trkpt lat="50.910992" lon="15.310104">
      </trkpt>
      <trkpt lat="50.910745" lon="15.310626">
      </trkpt>
      <trkpt lat="50.908828" lon="15.314573">
      </trkpt>
      <trkpt lat="50.908724" lon="15.315136">
      </trkpt>
      <trkpt lat="50.908629" lon="15.316953">
      </trkpt>
      <trkpt lat="50.90591" lon="15.324511">
      </trkpt>
      <trkpt lat="50.905325" lon="15.327757">
      </trkpt>
      <trkpt lat="50.899586" lon="15.332478">
      </trkpt>
      <trkpt lat="50.897686" lon="15.337042">
      </trkpt>
      <trkpt lat="50.897463" lon="15.341995">
      </trkpt>
      <trkpt lat="50.895261" lon="15.346191">
      </trkpt>
      <trkpt lat="50.891509" lon="15.353889">
      </trkpt>
      <trkpt lat="50.890878" lon="15.357204">
      </trkpt>
      <trkpt lat="50.889428" lon="15.361791">
      </trkpt>
      <trkpt lat="50.889893" lon="15.362475">
      </trkpt>
      <trkpt lat="50.890433" lon="15.363038">
      </trkpt>
      <trkpt lat="50.890643" lon="15.36328">
      </trkpt>
      <trkpt lat="50.891392" lon="15.364023">
      </trkpt>
      <trkpt lat="50.891628" lon="15.364221">
      </trkpt>
      <trkpt lat="50.893713" lon="15.369016">
      </trkpt>
      <trkpt lat="50.889783" lon="15.373178">
      </trkpt>
      <trkpt lat="50.889206" lon="15.374384">
      </trkpt>
      <trkpt lat="50.888915" lon="15.375174">
      </trkpt>
      <trkpt lat="50.888799" lon="15.375667">
      </trkpt>
      <trkpt lat="50.885703" lon="15.383858">
      </trkpt>
      <trkpt lat="50.885226" lon="15.384827">
      </trkpt>
      <trkpt lat="50.885056" lon="15.385272">
      </trkpt>
      <trkpt lat="50.884781" lon="15.386123">
      </trkpt>
      <trkpt lat="50.88467" lon="15.386644">
      </trkpt>
      <trkpt lat="50.884613" lon="15.386979">
      </trkpt>
      <trkpt lat="50.882795" lon="15.394033">
      </trkpt>
      <trkpt lat="50.882573" lon="15.394732">
      </trkpt>
      <trkpt lat="50.882416" lon="15.395313">
      </trkpt>
      <trkpt lat="50.881773" lon="15.397508">
      </trkpt>
      <trkpt lat="50.885188" lon="15.398648">
      </trkpt>
      <trkpt lat="50.885546" lon="15.397577">
      </trkpt>
      <trkpt lat="50.885941" lon="15.396538">
      </trkpt>
      <trkpt lat="50.887288" lon="15.392251">
      </trkpt>
      <trkpt lat="50.887496" lon="15.391596">
      </trkpt>
      <trkpt lat="50.887672" lon="15.390907">
      </trkpt>
      <trkpt lat="50.88778" lon="15.39037">
      </trkpt>
      <trkpt lat="50.890336" lon="15.383272">
      </trkpt>
      <trkpt lat="50.891373" lon="15.381608">
      </trkpt>
      <trkpt lat="50.89156" lon="15.381242">
      </trkpt>
      <trkpt lat="50.891752" lon="15.380752">
      </trkpt>
      <trkpt lat="50.891904" lon="15.38022">
      </trkpt>
      <trkpt lat="50.895968" lon="15.373183">
      </trkpt>
      <trkpt lat="50.899049" lon="15.37132">
      </trkpt>
      <trkpt lat="50.89907" lon="15.370077">
      </trkpt>
      <trkpt lat="50.899047" lon="15.369494">
      </trkpt>
      <trkpt lat="50.898993" lon="15.369102">
      </trkpt>
      <trkpt lat="50.898873" lon="15.36866">
      </trkpt>
      <trkpt lat="50.898419" lon="15.366321">
      </trkpt>
      <trkpt lat="50.897347" lon="15.362652">
      </trkpt>
      <trkpt lat="50.900162" lon="15.357437">
      </trkpt>
      <trkpt lat="50.900946" lon="15.355221">
      </trkpt>
      <trkpt lat="50.902342" lon="15.352734">
      </trkpt>
      <trkpt lat="50.902333" lon="15.350724">
      </trkpt>
      <trkpt lat="50.905515" lon="15.346232">
      </trkpt>
      <trkpt lat="50.911076" lon="15.34832">
      </trkpt>
      <trkpt lat="50.911345" lon="15.348317">
      </trkpt>
      <trkpt lat="50.91191" lon="15.348209">
      </trkpt>
      <trkpt lat="50.912964" lon="15.34786">
      </trkpt>
      <trkpt lat="50.921013" lon="15.350119">
      </trkpt>
      <trkpt lat="50.92144" lon="15.352534">
      </trkpt>
      <trkpt lat="50.917918" lon="15.358537">
      </trkpt>
      <trkpt lat="50.916634" lon="15.361184">
      </trkpt>
      <trkpt lat="50.916555" lon="15.366114">
      </trkpt>
      <trkpt lat="50.916979" lon="15.369874">
      </trkpt>
      <trkpt lat="50.918452" lon="15.373048">
      </trkpt>
      <trkpt lat="50.920516" lon="15.381038">
      </trkpt>
      <trkpt lat="50.922712" lon="15.388867">
      </trkpt>
      <trkpt lat="50.926117" lon="15.390035">
      </trkpt>
      <trkpt lat="50.929077" lon="15.39552">
      </trkpt>
      <trkpt lat="50.929236" lon="15.397001">
      </trkpt>
      <trkpt lat="50.92933" lon="15.398362">
      </trkpt>
      <trkpt lat="50.929459" lon="15.39944">
      </trkpt>
      <trkpt lat="50.933033" lon="15.399012">
      </trkpt>
      <trkpt lat="50.93529" lon="15.392993">
      </trkpt>
      <trkpt lat="50.936124" lon="15.390964">
      </trkpt>
      <trkpt lat="50.936789" lon="15.388975">
      </trkpt>
      <trkpt lat="50.93903" lon="15.385507">
      </trkpt>
      <trkpt lat="50.94026" lon="15.384366">
      </trkpt>
      <trkpt lat="50.948459" lon="15.382598">
      </trkpt>
      <trkpt lat="50.952034" lon="15.383022">
      </trkpt>
      <trkpt lat="50.956257" lon="15.383351">
      </trkpt>
      <trkpt lat="50.961383" lon="15.384592">
      </trkpt>
      <trkpt lat="50.968168" lon="15.389599">
      </trkpt>
      <trkpt lat="50.971555" lon="15.390819">
      </trkpt>
      <trkpt lat="50.974487" lon="15.389339">
      </trkpt>
      <trkpt lat="50.974633" lon="15.389003">
      </trkpt>
      <trkpt lat="50.974558" lon="15.387908">
      </trkpt>
      <trkpt lat="50.972501" lon="15.381059">
      </trkpt>
      <trkpt lat="50.969371" lon="15.373038">
      </trkpt>
      <trkpt lat="50.975041" lon="15.367609">
      </trkpt>
      <trkpt lat="50.978846" lon="15.362648">
      </trkpt>
      <trkpt lat="50.982326" lon="15.36116">
      </trkpt>
      <trkpt lat="50.982975" lon="15.357619">
      </trkpt>
      <trkpt lat="50.981184" lon="15.352748">
      </trkpt>
      <trkpt lat="50.980405" lon="15.349862">
      </trkpt>
      <trkpt lat="50.98042" lon="15.349188">
      </trkpt>
      <trkpt lat="50.980327" lon="15.348589">
      </trkpt>
      <trkpt lat="50.981667" lon="15.342811">
      </trkpt>
      <trkpt lat="50.990001" lon="15.343911">
      </trkpt>
      <trkpt lat="50.990598" lon="15.344531">
      </trkpt>
      <trkpt lat="50.991712" lon="15.345819">
      </trkpt>
      <trkpt lat="50.992112" lon="15.346238">
      </trkpt>
      <trkpt lat="50.994093" lon="15.348851">
      </trkpt>
      <trkpt lat="50.995213" lon="15.350211">
      </trkpt>
      <trkpt lat="50.995986" lon="15.35099">
      </trkpt>
      <trkpt lat="50.998061" lon="15.358125">
      </trkpt>
      <trkpt lat="50.998156" lon="15.358724">
      </trkpt>
      <trkpt lat="50.998242" lon="15.358981">
      </trkpt>
      <trkpt lat="50.998509" lon="15.359986">
      </trkpt>
      <trkpt lat="50.998593" lon="15.360358">
      </trkpt>
      <trkpt lat="50.998959" lon="15.361638">
      </trkpt>
      <trkpt lat="51.002908" lon="15.369221">
      </trkpt>
      <trkpt lat="51.002679" lon="15.370861">
      </trkpt>
      <trkpt lat="51.003541" lon="15.372987">
      </trkpt>
      <trkpt lat="51.008646" lon="15.376902">
      </trkpt>
      <trkpt lat="51.012115" lon="15.382869">
      </trkpt>
      <trkpt lat="51.013273" lon="15.385701">
      </trkpt>
      <trkpt lat="51.013559" lon="15.386445">
      </trkpt>
      <trkpt lat="51.01416" lon="15.3881">
      </trkpt>
      <trkpt lat="51.017544" lon="15.386871">
      </trkpt>
      <trkpt lat="51.016943" lon="15.385216">
      </trkpt>
      <trkpt lat="51.016635" lon="15.384412">
      </trkpt>
      <trkpt lat="51.015447" lon="15.381507">
      </trkpt>
      <trkpt lat="51.014506" lon="15.378963">
      </trkpt>
      <trkpt lat="51.013866" lon="15.370969">
      </trkpt>
      <trkpt lat="51.013034" lon="15.368937">
      </trkpt>
      <trkpt lat="51.01194" lon="15.360155">
      </trkpt>
      <trkpt lat="51.01212" lon="15.359761">
      </trkpt>
      <trkpt lat="51.012303" lon="15.359229">
      </trkpt>
      <trkpt lat="51.012468" lon="15.35851">
      </trkpt>
      <trkpt lat="51.013291" lon="15.353709">
      </trkpt>
      <trkpt lat="51.013434" lon="15.350005">
      </trkpt>
      <trkpt lat="51.013509" lon="15.349177">
      </trkpt>
      <trkpt lat="51.01352" lon="15.348595">
      </trkpt>
      <trkpt lat="51.013494" lon="15.348049">
      </trkpt>
      <trkpt lat="51.013363" lon="15.346795">
      </trkpt>
      <trkpt lat="51.01459" lon="15.338441">
      </trkpt>
      <trkpt lat="51.01572" lon="15.337966">
      </trkpt>
      <trkpt lat="51.021702" lon="15.333677">
      </trkpt>
      <trkpt lat="51.021531" lon="15.332502">
      </trkpt>
      <trkpt lat="51.023065" lon="15.325518">
      </trkpt>
      <trkpt lat="51.030598" lon="15.320643">
      </trkpt>
      <trkpt lat="51.03818" lon="15.316002">
      </trkpt>
      <trkpt lat="51.039523" lon="15.312524">
      </trkpt>
      <trkpt lat="51.040356" lon="15.310475">
      </trkpt>
      <trkpt lat="51.040841" lon="15.306908">
      </trkpt>
      <trkpt lat="51.042204" lon="15.299054">
      </trkpt>
      <trkpt lat="51.043427" lon="15.296666">
      </trkpt>
      <trkpt lat="51.049276" lon="15.291411">
      </trkpt>
      <trkpt lat="51.049728" lon="15.290935">
      </trkpt>
      <trkpt lat="51.050226" lon="15.29013">
      </trkpt>
      <trkpt lat="51.050536" lon="15.289437">
      </trkpt>
      <trkpt lat="51.052553" lon="15.286796">
      </trkpt>
      <trkpt lat="51.059282" lon="15.286083">
      </trkpt>
      <trkpt lat="51.060267" lon="15.293699">
      </trkpt>
      <trkpt lat="51.059786" lon="15.29433">
      </trkpt>
      <trkpt lat="51.059055" lon="15.295118">
      </trkpt>
      <trkpt lat="51.057902" lon="15.2965">
      </trkpt>
      <trkpt lat="51.057445" lon="15.297283">
      </trkpt>
      <trkpt lat="51.056516" lon="15.298925">
      </trkpt>
      <trkpt lat="51.055495" lon="15.300008">
      </trkpt>
      <trkpt lat="51.054766" lon="15.301052">
      </trkpt>
      <trkpt lat="51.054023" lon="15.302075">
      </trkpt>
      <trkpt lat="51.053447" lon="15.302828">
      </trkpt>
      <trkpt lat="51.052568" lon="15.303996">
      </trkpt>
      <trkpt lat="51.052432" lon="15.304393">
      </trkpt>
      <trkpt lat="51.051731" lon="15.305773">
      </trkpt>
      <trkpt lat="51.051258" lon="15.306934">
      </trkpt>
      <trkpt lat="51.05335" lon="15.313442">
      </trkpt>
      <trkpt lat="51.053712" lon="15.314974">
      </trkpt>
      <trkpt lat="51.053672" lon="15.317969">
      </trkpt>
      <trkpt lat="51.0537" lon="15.318828">
      </trkpt>
      <trkpt lat="51.057298" lon="15.31871">
      </trkpt>
      <trkpt lat="51.058716" lon="15.313425">
      </trkpt>
      <trkpt lat="51.058408" lon="15.307445">
      </trkpt>
      <trkpt lat="51.05917" lon="15.304585">
      </trkpt>
      <trkpt lat="51.059429" lon="15.303483">
      </trkpt>
      <trkpt lat="51.059586" lon="15.302419">
      </trkpt>
      <trkpt lat="51.067739" lon="15.299364">
      </trkpt>
      <trkpt lat="51.072724" lon="15.301024">
      </trkpt>
      <trkpt lat="51.07531" lon="15.30178">
      </trkpt>
      <trkpt lat="51.076266" lon="15.301666">
      </trkpt>
      <trkpt lat="51.082673" lon="15.301522">
      </trkpt>
      <trkpt lat="51.083651" lon="15.301545">
      </trkpt>
      <trkpt lat="51.087782" lon="15.297508">
      </trkpt>
      <trkpt lat="51.08776" lon="15.297179">
      </trkpt>
      <trkpt lat="51.087395" lon="15.295917">
      </trkpt>
      <trkpt lat="51.085093" lon="15.294134">
      </trkpt>
      <trkpt lat="51.081174" lon="15.293283">
      </trkpt>
      <trkpt lat="51.080479" lon="15.293135">
      </trkpt>
      <trkpt lat="51.079969" lon="15.293144">
      </trkpt>
      <trkpt lat="51.078356" lon="15.293376">
      </trkpt>
      <trkpt lat="51.073817" lon="15.291829">
      </trkpt>
      <trkpt lat="51.072447" lon="15.285039">
      </trkpt>
      <trkpt lat="51.070736" lon="15.281872">
      </trkpt>
      <trkpt lat="51.069266" lon="15.281008">
      </trkpt>
      <trkpt lat="51.064046" lon="15.276902">
      </trkpt>
      <trkpt lat="51.059274" lon="15.269858">
      </trkpt>
      <trkpt lat="51.058665" lon="15.269488">
      </trkpt>
      <trkpt lat="51.054415" lon="15.261762">
      </trkpt>
      <trkpt lat="51.055011" lon="15.259088">
      </trkpt>
      <trkpt lat="51.055378" lon="15.256666">
      </trkpt>
      <trkpt lat="51.051819" lon="15.256127">
      </trkpt>
      <trkpt lat="51.046117" lon="15.249937">
      </trkpt>
      <trkpt lat="51.045967" lon="15.248325">
      </trkpt>
      <trkpt lat="51.045966" lon="15.247658">
      </trkpt>
      <trkpt lat="51.04591" lon="15.246219">
      </trkpt>
      <trkpt lat="51.045855" lon="15.245541">
      </trkpt>
      <trkpt lat="51.045728" lon="15.244377">
      </trkpt>
      <trkpt lat="51.045652" lon="15.243967">
      </trkpt>
      <trkpt lat="51.045202" lon="15.239901">
      </trkpt>
      <trkpt lat="51.045271" lon="15.237575">
      </trkpt>
      <trkpt lat="51.038934" lon="15.232045">
      </trkpt>
      <trkpt lat="51.039189" lon="15.230439">
      </trkpt>
      <trkpt lat="51.039209" lon="15.230087">
      </trkpt>
      <trkpt lat="51.039215" lon="15.228849">
      </trkpt>
      <trkpt lat="51.039247" lon="15.227771">
      </trkpt>
      <trkpt lat="51.039823" lon="15.225185">
      </trkpt>
      <trkpt lat="51.039858" lon="15.224797">
      </trkpt>
      <trkpt lat="51.039862" lon="15.22436">
      </trkpt>
      <trkpt lat="51.039798" lon="15.223885">
      </trkpt>
      <trkpt lat="51.040009" lon="15.221536">
      </trkpt>
      <trkpt lat="51.040133" lon="15.220964">
      </trkpt>
      <trkpt lat="51.040165" lon="15.220508">
      </trkpt>
      <trkpt lat="51.040145" lon="15.220126">
      </trkpt>
      <trkpt lat="51.040143" lon="15.22007">
      </trkpt>
      <trkpt lat="51.040444" lon="15.217928">
      </trkpt>
      <trkpt lat="51.048832" lon="15.216983">
      </trkpt>
      <trkpt lat="51.049803" lon="15.220136">
      </trkpt>
      <trkpt lat="51.050167" lon="15.221294">
      </trkpt>
      <trkpt lat="51.05185" lon="15.22139">
      </trkpt>
      <trkpt lat="51.052127" lon="15.221291">
      </trkpt>
      <trkpt lat="51.053601" lon="15.220213">
      </trkpt>
      <trkpt lat="51.053102" lon="15.216528">
      </trkpt>
      <trkpt lat="51.051622" lon="15.213585">
      </trkpt>
      <trkpt lat="51.051563" lon="15.213273">
      </trkpt>
      <trkpt lat="51.051131" lon="15.21183">
      </trkpt>
      <trkpt lat="51.051314" lon="15.20907">
      </trkpt>
      <trkpt lat="51.057594" lon="15.205469">
      </trkpt>
      <trkpt lat="51.06155" lon="15.207714">
      </trkpt>
      <trkpt lat="51.065474" lon="15.208273">
      </trkpt>
      <trkpt lat="51.067285" lon="15.205162">
      </trkpt>
      <trkpt lat="51.068027" lon="15.202506">
      </trkpt>
      <trkpt lat="51.064676" lon="15.199828">
      </trkpt>
      <trkpt lat="51.062799" lon="15.192446">
      </trkpt>
      <trkpt lat="51.065654" lon="15.187934">
      </trkpt>
      <trkpt lat="51.066677" lon="15.184482">
      </trkpt>
      <trkpt lat="51.06525" lon="15.175976">
      </trkpt>
      <trkpt lat="51.069197" lon="15.171771">
      </trkpt>
      <trkpt lat="51.075784" lon="15.166607">
      </trkpt>
      <trkpt lat="51.078947" lon="15.164888">
      </trkpt>
      <trkpt lat="51.077412" lon="15.162063">
      </trkpt>
      <trkpt lat="51.084619" lon="15.157537">
      </trkpt>
      <trkpt lat="51.087595" lon="15.159561">
      </trkpt>
      <trkpt lat="51.089907" lon="15.163589">
      </trkpt>
      <trkpt lat="51.090014" lon="15.164391">
      </trkpt>
      <trkpt lat="51.09013" lon="15.164986">
      </trkpt>
      <trkpt lat="51.090567" lon="15.166943">
      </trkpt>
      <trkpt lat="51.09106" lon="15.169281">
      </trkpt>
      <trkpt lat="51.091146" lon="15.174733">
      </trkpt>
      <trkpt lat="51.092372" lon="15.177635">
      </trkpt>
      <trkpt lat="51.093409" lon="15.180984">
      </trkpt>
      <trkpt lat="51.093904" lon="15.183778">
      </trkpt>
      <trkpt lat="51.094343" lon="15.186324">
      </trkpt>
      <trkpt lat="51.094783" lon="15.18888">
      </trkpt>
      <trkpt lat="51.095293" lon="15.191735">
      </trkpt>
      <trkpt lat="51.098837" lon="15.191103">
      </trkpt>
      <trkpt lat="51.098327" lon="15.188247">
      </trkpt>
      <trkpt lat="51.09789" lon="15.185712">
      </trkpt>
      <trkpt lat="51.097451" lon="15.183167">
      </trkpt>
      <trkpt lat="51.096954" lon="15.180356">
      </trkpt>
      <trkpt lat="51.096457" lon="15.177554">
      </trkpt>
      <trkpt lat="51.096181" lon="15.176112">
      </trkpt>
      <trkpt lat="51.09557" lon="15.173213">
      </trkpt>
      <trkpt lat="51.095076" lon="15.170875">
      </trkpt>
      <trkpt lat="51.094583" lon="15.168537">
      </trkpt>
      <trkpt lat="51.094089" lon="15.166199">
      </trkpt>
      <trkpt lat="51.093644" lon="15.164202">
      </trkpt>
      <trkpt lat="51.093477" lon="15.163129">
      </trkpt>
      <trkpt lat="51.093558" lon="15.158064">
      </trkpt>
      <trkpt lat="51.093633" lon="15.157132">
      </trkpt>
      <trkpt lat="51.097013" lon="15.148964">
      </trkpt>
      <trkpt lat="51.097446" lon="15.148293">
      </trkpt>
      <trkpt lat="51.098078" lon="15.14697">
      </trkpt>
      <trkpt lat="51.104957" lon="15.141311">
      </trkpt>
      <trkpt lat="51.106555" lon="15.143698">
      </trkpt>
      <trkpt lat="51.106706" lon="15.143935">
      </trkpt>
      <trkpt lat="51.109212" lon="15.143888">
      </trkpt>
      <trkpt lat="51.10978" lon="15.143298">
      </trkpt>
      <trkpt lat="51.109945" lon="15.1428">
      </trkpt>
      <trkpt lat="51.10974" lon="15.141997">
      </trkpt>
      <trkpt lat="51.107881" lon="15.138578">
      </trkpt>
      <trkpt lat="51.105077" lon="15.13477">
      </trkpt>
      <trkpt lat="51.103745" lon="15.130208">
      </trkpt>
      <trkpt lat="51.103453" lon="15.128962">
      </trkpt>
      <trkpt lat="51.103111" lon="15.128077">
      </trkpt>
      <trkpt lat="51.102822" lon="15.127254">
      </trkpt>
      <trkpt lat="51.102338" lon="15.126074">
      </trkpt>
      <trkpt lat="51.101821" lon="15.124944">
      </trkpt>
      <trkpt lat="51.100701" lon="15.123672">
      </trkpt>
      <trkpt lat="51.098492" lon="15.121669">
      </trkpt>
      <trkpt lat="51.096048" lon="15.114575">
      </trkpt>
      <trkpt lat="51.096057" lon="15.114228">
      </trkpt>
      <trkpt lat="51.09603" lon="15.113559">
      </trkpt>
      <trkpt lat="51.096561" lon="15.108209">
      </trkpt>
      <trkpt lat="51.096777" lon="15.106139">
      </trkpt>
      <trkpt lat="51.096953" lon="15.104299">
      </trkpt>
      <trkpt lat="51.096891" lon="15.103014">
      </trkpt>
      <trkpt lat="51.096837" lon="15.102848">
      </trkpt>
      <trkpt lat="51.096426" lon="15.102173">
      </trkpt>
      <trkpt lat="51.094212" lon="15.097008">
      </trkpt>
      <trkpt lat="51.094338" lon="15.094502">
      </trkpt>
      <trkpt lat="51.094983" lon="15.092306">
      </trkpt>
      <trkpt lat="51.095962" lon="15.08868">
      </trkpt>
      <trkpt lat="51.10406" lon="15.085575">
      </trkpt>
      <trkpt lat="51.105431" lon="15.08828">
      </trkpt>
      <trkpt lat="51.107941" lon="15.096092">
      </trkpt>
      <trkpt lat="51.107702" lon="15.09726">
      </trkpt>
      <trkpt lat="51.107445" lon="15.09873">
      </trkpt>
      <trkpt lat="51.109451" lon="15.101584">
      </trkpt>
      <trkpt lat="51.112815" lon="15.102867">
      </trkpt>
      <trkpt lat="51.115349" lon="15.100433">
      </trkpt>
      <trkpt lat="51.118033" lon="15.096313">
      </trkpt>
      <trkpt lat="51.117253" lon="15.095307">
      </trkpt>
      <trkpt lat="51.116572" lon="15.094434">
      </trkpt>
      <trkpt lat="51.113016" lon="15.087482">
      </trkpt>
      <trkpt lat="51.112909" lon="15.082217">
      </trkpt>
      <trkpt lat="51.112843" lon="15.079722">
      </trkpt>
      <trkpt lat="51.111158" lon="15.074702">
      </trkpt>
      <trkpt lat="51.113733" lon="15.067699">
      </trkpt>
      <trkpt lat="51.11477" lon="15.066414">
      </trkpt>
      <trkpt lat="51.116349" lon="15.064506">
      </trkpt>
      <trkpt lat="51.12457" lon="15.064897">
      </trkpt>
      <trkpt lat="51.1254" lon="15.06617">
      </trkpt>
      <trkpt lat="51.126192" lon="15.066962">
      </trkpt>
      <trkpt lat="51.126845" lon="15.067467">
      </trkpt>
      <trkpt lat="51.129699" lon="15.06683">
      </trkpt>
      <trkpt lat="51.129965" lon="15.066206">
      </trkpt>
      <trkpt lat="51.129252" lon="15.06479">
      </trkpt>
      <trkpt lat="51.129694" lon="15.057729">
      </trkpt>
      <trkpt lat="51.131615" lon="15.055597">
      </trkpt>
      <trkpt lat="51.131046" lon="15.054898">
      </trkpt>
      <trkpt lat="51.130751" lon="15.054601">
      </trkpt>
      <trkpt lat="51.129958" lon="15.054173">
      </trkpt>
      <trkpt lat="51.127426" lon="15.046003">
      </trkpt>
      <trkpt lat="51.128305" lon="15.04424">
      </trkpt>
      <trkpt lat="51.129539" lon="15.041617">
      </trkpt>
      <trkpt lat="51.130152" lon="15.040259">
      </trkpt>
      <trkpt lat="51.131386" lon="15.038572">
      </trkpt>
      <trkpt lat="51.138624" lon="15.036352">
      </trkpt>
      <trkpt lat="51.144686" lon="15.036509">
      </trkpt>
      <trkpt lat="51.146099" lon="15.036885">
      </trkpt>
      <trkpt lat="51.146792" lon="15.035989">
      </trkpt>
      <trkpt lat="51.148853" lon="15.032777">
      </trkpt>
      <trkpt lat="51.149206" lon="15.032234">
      </trkpt>
      <trkpt lat="51.14873" lon="15.030647">
      </trkpt>
      <trkpt lat="51.145707" lon="15.022226">
      </trkpt>
      <trkpt lat="51.145234" lon="15.021615">
      </trkpt>
      <trkpt lat="51.143329" lon="15.017789">
      </trkpt>
      <trkpt lat="51.143926" lon="15.012536">
      </trkpt>
      <trkpt lat="51.14436" lon="15.010916">
      </trkpt>
      <trkpt lat="51.144476" lon="15.010256">
      </trkpt>
      <trkpt lat="51.144462" lon="15.010174">
      </trkpt>
      <trkpt lat="51.143735" lon="15.008909">
      </trkpt>
      <trkpt lat="51.14153" lon="15.007069">
      </trkpt>
      <trkpt lat="51.140401" lon="15.006488">
      </trkpt>
      <trkpt lat="51.13529" lon="15.00382">
      </trkpt>
      <trkpt lat="51.134897" lon="15.003575">
      </trkpt>
      <trkpt lat="51.134754" lon="15.003505">
      </trkpt>
      <trkpt lat="51.134264" lon="15.003521">
      </trkpt>
      <trkpt lat="51.13359" lon="15.003571">
      </trkpt>
      <trkpt lat="51.130716" lon="15.003225">
      </trkpt>
      <trkpt lat="51.130701" lon="15.003223">
      </trkpt>
      <trkpt lat="51.127509" lon="15.002832">
      </trkpt>
      <trkpt lat="51.126" lon="15.002659">
      </trkpt>
      <trkpt lat="51.118843" lon="15.003271">
      </trkpt>
      <trkpt lat="51.117758" lon="15.003228">
      </trkpt>
      <trkpt lat="51.112955" lon="14.996227">
      </trkpt>
      <trkpt lat="51.11922" lon="14.990777">
      </trkpt>
      <trkpt lat="51.119323" lon="14.99076">
      </trkpt>
      <trkpt lat="51.120092" lon="14.990499">
      </trkpt>
      <trkpt lat="51.120406" lon="14.990342">
      </trkpt>
      <trkpt lat="51.121001" lon="14.989843">
      </trkpt>
      <trkpt lat="51.125518" lon="14.986218">
      </trkpt>
      <trkpt lat="51.130626" lon="14.988134">
      </trkpt>
      <trkpt lat="51.131224" lon="14.988414">
      </trkpt>
      <trkpt lat="51.136187" lon="14.984214">
      </trkpt>
      <trkpt lat="51.136525" lon="14.984023">
      </trkpt>
      <trkpt lat="51.134754" lon="14.980889">
      </trkpt>
      <trkpt lat="51.128997" lon="14.978171">
      </trkpt>
      <trkpt lat="51.128543" lon="14.970951">
      </trkpt>
      <trkpt lat="51.129939" lon="14.968561">
      </trkpt>
      <trkpt lat="51.131058" lon="14.961104">
      </trkpt>
      <trkpt lat="51.13121" lon="14.959785">
      </trkpt>
      <trkpt lat="51.130901" lon="14.959303">
      </trkpt>
      <trkpt lat="51.128934" lon="14.958197">
      </trkpt>
      <trkpt lat="51.128754" lon="14.958329">
      </trkpt>
      <trkpt lat="51.121299" lon="14.956348">
      </trkpt>
      <trkpt lat="51.121042" lon="14.953334">
      </trkpt>
      <trkpt lat="51.120868" lon="14.951418">
      </trkpt>
      <trkpt lat="51.120692" lon="14.949493">
      </trkpt>
      <trkpt lat="51.120426" lon="14.946705">
      </trkpt>
      <trkpt lat="51.120116" lon="14.943478">
      </trkpt>
      <trkpt lat="51.121921" lon="14.937174">
      </trkpt>
      <trkpt lat="51.120075" lon="14.933833">
      </trkpt>
      <trkpt lat="51.116616" lon="14.930237">
      </trkpt>
      <trkpt lat="51.116006" lon="14.929409">
      </trkpt>
      <trkpt lat="51.116286" lon="14.92282">
      </trkpt>
      <trkpt lat="51.119293" lon="14.920842">
      </trkpt>
      <trkpt lat="51.121604" lon="14.914882">
      </trkpt>
      <trkpt lat="51.120127" lon="14.910636">
      </trkpt>
      <trkpt lat="51.117403" lon="14.908243">
      </trkpt>
      <trkpt lat="51.114679" lon="14.905849">
      </trkpt>
      <trkpt lat="51.120127" lon="14.899189">
      </trkpt>
      <trkpt lat="51.123608" lon="14.898273">
      </trkpt>
      <trkpt lat="51.127409" lon="14.893611">
      </trkpt>
      <trkpt lat="51.130695" lon="14.89214">
      </trkpt>
      <trkpt lat="51.132024" lon="14.889048">
      </trkpt>
      <trkpt lat="51.134832" lon="14.882549">
      </trkpt>
      <trkpt lat="51.136111" lon="14.878455">
      </trkpt>
      <trkpt lat="51.135703" lon="14.877904">
      </trkpt>
      <trkpt lat="51.134239" lon="14.875977">
      </trkpt>
      <trkpt lat="51.131701" lon="14.875342">
      </trkpt>
      <trkpt lat="51.130484" lon="14.875578">
      </trkpt>
      <trkpt lat="51.12417" lon="14.877604">
      </trkpt>
      <trkpt lat="51.123447" lon="14.877554">
      </trkpt>
      <trkpt lat="51.120244" lon="14.877446">
      </trkpt>
      <trkpt lat="51.116683" lon="14.876919">
      </trkpt>
      <trkpt lat="51.112974" lon="14.87785">
      </trkpt>
      <trkpt lat="51.110451" lon="14.876931">
      </trkpt>
      <trkpt lat="51.108758" lon="14.869861">
      </trkpt>
      <trkpt lat="51.109317" lon="14.868917">
      </trkpt>
      <trkpt lat="51.1097" lon="14.86815">
      </trkpt>
      <trkpt lat="51.110172" lon="14.866893">
      </trkpt>
      <trkpt lat="51.11038" lon="14.866183">
      </trkpt>
      <trkpt lat="51.110623" lon="14.865126">
      </trkpt>
      <trkpt lat="51.111" lon="14.863119">
      </trkpt>
      <trkpt lat="51.11911" lon="14.86075">
      </trkpt>
      <trkpt lat="51.120833" lon="14.860044">
      </trkpt>
      <trkpt lat="51.126662" lon="14.858807">
      </trkpt>
      <trkpt lat="51.127409" lon="14.858765">
      </trkpt>
      <trkpt lat="51.127469" lon="14.858761">
      </trkpt>
      <trkpt lat="51.128753" lon="14.857808">
      </trkpt>
      <trkpt lat="51.128878" lon="14.85763">
      </trkpt>
      <trkpt lat="51.129106" lon="14.857039">
      </trkpt>
      <trkpt lat="51.129098" lon="14.856885">
      </trkpt>
      <trkpt lat="51.128889" lon="14.850625">
      </trkpt>
      <trkpt lat="51.127672" lon="14.845894">
      </trkpt>
      <trkpt lat="51.121435" lon="14.840244">
      </trkpt>
      <trkpt lat="51.120849" lon="14.838471">
      </trkpt>
      <trkpt lat="51.120954" lon="14.82995">
      </trkpt>
      <trkpt lat="51.122049" lon="14.827929">
      </trkpt>
      <trkpt lat="51.122518" lon="14.827008">
      </trkpt>
      <trkpt lat="51.124147" lon="14.823006">
      </trkpt>
      <trkpt lat="51.126944" lon="14.816695">
      </trkpt>
      <trkpt lat="51.12896" lon="14.812658">
      </trkpt>
      <trkpt lat="51.129683" lon="14.811208">
      </trkpt>
      <trkpt lat="51.126475" lon="14.809575">
      </trkpt>
      <trkpt lat="51.125798" lon="14.810904">
      </trkpt>
      <trkpt lat="51.125646" lon="14.81125">
      </trkpt>
      <trkpt lat="51.123891" lon="14.814561">
      </trkpt>
      <trkpt lat="51.123008" lon="14.815744">
      </trkpt>
      <trkpt lat="51.12256" lon="14.816411">
      </trkpt>
      <trkpt lat="51.122168" lon="14.817209">
      </trkpt>
      <trkpt lat="51.115738" lon="14.821976">
      </trkpt>
      <trkpt lat="51.112664" lon="14.82142">
      </trkpt>
      <trkpt lat="51.10942" lon="14.813743">
      </trkpt>
      <trkpt lat="51.109641" lon="14.80725">
      </trkpt>
      <trkpt lat="51.112581" lon="14.804846">
      </trkpt>
      <trkpt lat="51.115487" lon="14.803392">
      </trkpt>
      <trkpt lat="51.115495" lon="14.800574">
      </trkpt>
      <trkpt lat="51.115913" lon="14.798584">
      </trkpt>
      <trkpt lat="51.116319" lon="14.796642">
      </trkpt>
      <trkpt lat="51.122357" lon="14.791084">
      </trkpt>
      <trkpt lat="51.124191" lon="14.790049">
      </trkpt>
      <trkpt lat="51.130957" lon="14.789863">
      </trkpt>
      <trkpt lat="51.135894" lon="14.794155">
      </trkpt>
      <trkpt lat="51.13711" lon="14.796516">
      </trkpt>
      <trkpt lat="51.137332" lon="14.796981">
      </trkpt>
      <trkpt lat="51.137559" lon="14.79751">
      </trkpt>
      <trkpt lat="51.137959" lon="14.797958">
      </trkpt>
      <trkpt lat="51.139071" lon="14.799681">
      </trkpt>
      <trkpt lat="51.140099" lon="14.801658">
      </trkpt>
      <trkpt lat="51.142153" lon="14.802046">
      </trkpt>
      <trkpt lat="51.147146" lon="14.804658">
      </trkpt>
      <trkpt lat="51.150674" lon="14.805375">
      </trkpt>
      <trkpt lat="51.151154" lon="14.803009">
      </trkpt>
      <trkpt lat="51.159379" lon="14.800362">
      </trkpt>
      <trkpt lat="51.159706" lon="14.799897">
      </trkpt>
      <trkpt lat="51.160061" lon="14.799251">
      </trkpt>
      <trkpt lat="51.161384" lon="14.794722">
      </trkpt>
      <trkpt lat="51.159768" lon="14.792045">
      </trkpt>
      <trkpt lat="51.158993" lon="14.792031">
      </trkpt>
      <trkpt lat="51.156208" lon="14.792582">
      </trkpt>
      <trkpt lat="51.150688" lon="14.786871">
      </trkpt>
      <trkpt lat="51.150151" lon="14.783434">
      </trkpt>
      <trkpt lat="51.149613" lon="14.779997">
      </trkpt>
      <trkpt lat="51.15469" lon="14.773039">
      </trkpt>
      <trkpt lat="51.158287" lon="14.775232">
      </trkpt>
      <trkpt lat="51.161853" lon="14.774738">
      </trkpt>
      <trkpt lat="51.16142" lon="14.771613">
      </trkpt>
      <trkpt lat="51.163587" lon="14.765117">
      </trkpt>
      <trkpt lat="51.163825" lon="14.764608">
      </trkpt>
      <trkpt lat="51.165208" lon="14.761892">
      </trkpt>
      <trkpt lat="51.166321" lon="14.76004">
      </trkpt>
      <trkpt lat="51.169356" lon="14.756003">
      </trkpt>
      <trkpt lat="51.168851" lon="14.754719">
      </trkpt>
      <trkpt lat="51.166179" lon="14.753771">
      </trkpt>
      <trkpt lat="51.165803" lon="14.754214">
      </trkpt>
      <trkpt lat="51.165069" lon="14.754885">
      </trkpt>
      <trkpt lat="51.157782" lon="14.750094">
      </trkpt>
      <trkpt lat="51.15735" lon="14.747058">
      </trkpt>
      <trkpt lat="51.158421" lon="14.741541">
      </trkpt>
      <trkpt lat="51.16029" lon="14.739565">
      </trkpt>
      <trkpt lat="51.162145" lon="14.737337">
      </trkpt>
      <trkpt lat="51.169994" lon="14.74063">
      </trkpt>
      <trkpt lat="51.170123" lon="14.74189">
      </trkpt>
      <trkpt lat="51.173704" lon="14.741524">
      </trkpt>
      <trkpt lat="51.17972" lon="14.738144">
      </trkpt>
      <trkpt lat="51.1827" lon="14.739475">
      </trkpt>
      <trkpt lat="51.184647" lon="14.742565">
      </trkpt>
      <trkpt lat="51.184681" lon="14.742645">
      </trkpt>
      <trkpt lat="51.186916" lon="14.744022">
      </trkpt>
      <trkpt lat="51.189869" lon="14.744771">
      </trkpt>
      <trkpt lat="51.18991" lon="14.74473">
      </trkpt>
      <trkpt lat="51.190416" lon="14.743179">
      </trkpt>
      <trkpt lat="51.190383" lon="14.74304">
      </trkpt>
      <trkpt lat="51.188392" lon="14.737032">
      </trkpt>
      <trkpt lat="51.182581" lon="14.733348">
      </trkpt>
      <trkpt lat="51.181534" lon="14.731961">
      </trkpt>
      <trkpt lat="51.180561" lon="14.730721">
      </trkpt>
      <trkpt lat="51.180174" lon="14.730271">
      </trkpt>
      <trkpt lat="51.179844" lon="14.729954">
      </trkpt>
      <trkpt lat="51.179286" lon="14.720978">
      </trkpt>
      <trkpt lat="51.181001" lon="14.717813">
      </trkpt>
      <trkpt lat="51.189452" lon="14.715699">
      </trkpt>
      <trkpt lat="51.191189" lon="14.721672">
      </trkpt>
      <trkpt lat="51.192294" lon="14.722089">
      </trkpt>
      <trkpt lat="51.19471" lon="14.722423">
      </trkpt>
      <trkpt lat="51.195024" lon="14.720948">
      </trkpt>
      <trkpt lat="51.1952" lon="14.719667">
      </trkpt>
      <trkpt lat="51.200472" lon="14.713127">
      </trkpt>
      <trkpt lat="51.201914" lon="14.709829">
      </trkpt>
      <trkpt lat="51.210824" lon="14.709672">
      </trkpt>
      <trkpt lat="51.211103" lon="14.711184">
      </trkpt>
      <trkpt lat="51.211298" lon="14.712383">
      </trkpt>
      <trkpt lat="51.211454" lon="14.713597">
      </trkpt>
      <trkpt lat="51.211548" lon="14.714481">
      </trkpt>
      <trkpt lat="51.211604" lon="14.715212">
      </trkpt>
      <trkpt lat="51.211642" lon="14.715929">
      </trkpt>
      <trkpt lat="51.211667" lon="14.716888">
      </trkpt>
      <trkpt lat="51.211662" lon="14.717618">
      </trkpt>
      <trkpt lat="51.211635" lon="14.718278">
      </trkpt>
      <trkpt lat="51.211583" lon="14.719102">
      </trkpt>
      <trkpt lat="51.211435" lon="14.7205">
      </trkpt>
      <trkpt lat="51.21115" lon="14.722125">
      </trkpt>
      <trkpt lat="51.210833" lon="14.723431">
      </trkpt>
      <trkpt lat="51.210407" lon="14.724792">
      </trkpt>
      <trkpt lat="51.209906" lon="14.726107">
      </trkpt>
      <trkpt lat="51.208947" lon="14.728345">
      </trkpt>
      <trkpt lat="51.207989" lon="14.730583">
      </trkpt>
      <trkpt lat="51.211298" lon="14.732">
      </trkpt>
      <trkpt lat="51.212257" lon="14.729763">
      </trkpt>
      <trkpt lat="51.213215" lon="14.727525">
      </trkpt>
      <trkpt lat="51.21377" lon="14.726077">
      </trkpt>
      <trkpt lat="51.214266" lon="14.724512">
      </trkpt>
      <trkpt lat="51.214646" lon="14.722986">
      </trkpt>
      <trkpt lat="51.214979" lon="14.72113">
      </trkpt>
      <trkpt lat="51.215162" lon="14.719491">
      </trkpt>
      <trkpt lat="51.215228" lon="14.718515">
      </trkpt>
      <trkpt lat="51.215259" lon="14.717758">
      </trkpt>
      <trkpt lat="51.215267" lon="14.716919">
      </trkpt>
      <trkpt lat="51.215241" lon="14.715839">
      </trkpt>
      <trkpt lat="51.215199" lon="14.715024">
      </trkpt>
      <trkpt lat="51.215138" lon="14.714209">
      </trkpt>
      <trkpt lat="51.215034" lon="14.713219">
      </trkpt>
      <trkpt lat="51.214868" lon="14.711923">
      </trkpt>
      <trkpt lat="51.214657" lon="14.710611">
      </trkpt>
      <trkpt lat="51.214364" lon="14.709018">
      </trkpt>
      <trkpt lat="51.214031" lon="14.707372">
      </trkpt>
      <trkpt lat="51.21347" lon="14.70481">
      </trkpt>
      <trkpt lat="51.21285" lon="14.702009">
      </trkpt>
      <trkpt lat="51.212264" lon="14.699359">
      </trkpt>
      <trkpt lat="51.211695" lon="14.69677">
      </trkpt>
      <trkpt lat="51.211195" lon="14.694514">
      </trkpt>
      <trkpt lat="51.210696" lon="14.692258">
      </trkpt>
      <trkpt lat="51.210196" lon="14.690002">
      </trkpt>
      <trkpt lat="51.20891" lon="14.684193">
      </trkpt>
      <trkpt lat="51.208299" lon="14.681293">
      </trkpt>
      <trkpt lat="51.208127" lon="14.680392">
      </trkpt>
      <trkpt lat="51.207954" lon="14.679229">
      </trkpt>
      <trkpt lat="51.210673" lon="14.672989">
      </trkpt>
      <trkpt lat="51.219305" lon="14.672417">
      </trkpt>
      <trkpt lat="51.220084" lon="14.673358">
      </trkpt>
      <trkpt lat="51.220272" lon="14.673461">
      </trkpt>
      <trkpt lat="51.22256" lon="14.67278">
      </trkpt>
      <trkpt lat="51.224109" lon="14.670688">
      </trkpt>
      <trkpt lat="51.225046" lon="14.668007">
      </trkpt>
      <trkpt lat="51.225098" lon="14.667506">
      </trkpt>
      <trkpt lat="51.225077" lon="14.666957">
      </trkpt>
      <trkpt lat="51.221917" lon="14.666188">
      </trkpt>
      <trkpt lat="51.21831" lon="14.660998">
      </trkpt>
      <trkpt lat="51.216089" lon="14.658165">
      </trkpt>
      <trkpt lat="51.215733" lon="14.658444">
      </trkpt>
      <trkpt lat="51.208312" lon="14.657902">
      </trkpt>
      <trkpt lat="51.208509" lon="14.653019">
      </trkpt>
      <trkpt lat="51.208642" lon="14.649468">
      </trkpt>
      <trkpt lat="51.208716" lon="14.648231">
      </trkpt>
      <trkpt lat="51.208751" lon="14.647737">
      </trkpt>
      <trkpt lat="51.208829" lon="14.647113">
      </trkpt>
      <trkpt lat="51.208997" lon="14.645971">
      </trkpt>
      <trkpt lat="51.209195" lon="14.645">
      </trkpt>
      <trkpt lat="51.216747" lon="14.64136">
      </trkpt>
      <trkpt lat="51.21934" lon="14.641472">
      </trkpt>
      <trkpt lat="51.220155" lon="14.640199">
      </trkpt>
      <trkpt lat="51.220454" lon="14.635102">
      </trkpt>
      <trkpt lat="51.220166" lon="14.627084">
      </trkpt>
      <trkpt lat="51.222267" lon="14.624161">
      </trkpt>
      <trkpt lat="51.221676" lon="14.623736">
      </trkpt>
      <trkpt lat="51.216936" lon="14.617585">
      </trkpt>
      <trkpt lat="51.217378" lon="14.609242">
      </trkpt>
      <trkpt lat="51.218585" lon="14.600491">
      </trkpt>
      <trkpt lat="51.215429" lon="14.598759">
      </trkpt>
      <trkpt lat="51.210856" lon="14.594565">
      </trkpt>
      <trkpt lat="51.207687" lon="14.596274">
      </trkpt>
      <trkpt lat="51.199068" lon="14.598151">
      </trkpt>
      <trkpt lat="51.196765" lon="14.592909">
      </trkpt>
      <trkpt lat="51.196978" lon="14.585225">
      </trkpt>
      <trkpt lat="51.197284" lon="14.584487">
      </trkpt>
      <trkpt lat="51.1975" lon="14.583702">
      </trkpt>
      <trkpt lat="51.198015" lon="14.582023">
      </trkpt>
      <trkpt lat="51.198076" lon="14.581818">
      </trkpt>
      <trkpt lat="51.198421" lon="14.58082">
      </trkpt>
      <trkpt lat="51.199189" lon="14.578651">
      </trkpt>
      <trkpt lat="51.203355" lon="14.570886">
      </trkpt>
      <trkpt lat="51.206465" lon="14.570146">
      </trkpt>
      <trkpt lat="51.208864" lon="14.569537">
      </trkpt>
      <trkpt lat="51.210142" lon="14.568088">
      </trkpt>
      <trkpt lat="51.210292" lon="14.567354">
      </trkpt>
      <trkpt lat="51.211101" lon="14.56207">
      </trkpt>
      <trkpt lat="51.207678" lon="14.560957">
      </trkpt>
      <trkpt lat="51.202449" lon="14.562223">
      </trkpt>
      <trkpt lat="51.198745" lon="14.559284">
      </trkpt>
      <trkpt lat="51.195664" lon="14.553287">
      </trkpt>
      <trkpt lat="51.200581" lon="14.549998">
      </trkpt>
      <trkpt lat="51.201029" lon="14.5499">
      </trkpt>
      <trkpt lat="51.202879" lon="14.549302">
      </trkpt>
      <trkpt lat="51.204729" lon="14.548703">
      </trkpt>
      <trkpt lat="51.203621" lon="14.545278">
      </trkpt>
      <trkpt lat="51.201771" lon="14.545876">
      </trkpt>
      <trkpt lat="51.194882" lon="14.542005">
      </trkpt>
      <trkpt lat="51.19511" lon="14.537735">
      </trkpt>
      <trkpt lat="51.194224" lon="14.533793">
      </trkpt>
      <trkpt lat="51.193975" lon="14.531652">
      </trkpt>
      <trkpt lat="51.190399" lon="14.532068">
      </trkpt>
      <trkpt lat="51.190649" lon="14.53421">
      </trkpt>
      <trkpt lat="51.189129" lon="14.540128">
      </trkpt>
      <trkpt lat="51.188953" lon="14.543724">
      </trkpt>
      <trkpt lat="51.191024" lon="14.55053">
      </trkpt>
      <trkpt lat="51.191065" lon="14.551318">
      </trkpt>
      <trkpt lat="51.191173" lon="14.553744">
      </trkpt>
      <trkpt lat="51.191165" lon="14.554422">
      </trkpt>
      <trkpt lat="51.1911" lon="14.556309">
      </trkpt>
      <trkpt lat="51.191033" lon="14.558241">
      </trkpt>
      <trkpt lat="51.190969" lon="14.55885">
      </trkpt>
      <trkpt lat="51.190698" lon="14.560634">
      </trkpt>
      <trkpt lat="51.182434" lon="14.562193">
      </trkpt>
      <trkpt lat="51.176774" lon="14.564855">
      </trkpt>
      <trkpt lat="51.171289" lon="14.564509">
      </trkpt>
      <trkpt lat="51.167712" lon="14.564107">
      </trkpt>
      <trkpt lat="51.163961" lon="14.558479">
      </trkpt>
      <trkpt lat="51.163873" lon="14.555579">
      </trkpt>
      <trkpt lat="51.163822" lon="14.553032">
      </trkpt>
      <trkpt lat="51.160222" lon="14.553104">
      </trkpt>
      <trkpt lat="51.156577" lon="14.546976">
      </trkpt>
      <trkpt lat="51.155647" lon="14.543762">
      </trkpt>
      <trkpt lat="51.155617" lon="14.543655">
      </trkpt>
      <trkpt lat="51.157473" lon="14.536184">
      </trkpt>
      <trkpt lat="51.161677" lon="14.536372">
      </trkpt>
      <trkpt lat="51.165258" lon="14.536744">
      </trkpt>
      <trkpt lat="51.168788" lon="14.533641">
      </trkpt>
      <trkpt lat="51.170403" lon="14.530398">
      </trkpt>
      <trkpt lat="51.168933" lon="14.527112">
      </trkpt>
      <trkpt lat="51.167612" lon="14.525138">
      </trkpt>
      <trkpt lat="51.164403" lon="14.523508">
      </trkpt>
      <trkpt lat="51.162584" lon="14.517161">
      </trkpt>
      <trkpt lat="51.165683" lon="14.514309">
      </trkpt>
      <trkpt lat="51.166567" lon="14.513643">
      </trkpt>
      <trkpt lat="51.170986" lon="14.507387">
      </trkpt>
      <trkpt lat="51.171673" lon="14.506609">
      </trkpt>
      <trkpt lat="51.173476" lon="14.504807">
      </trkpt>
      <trkpt lat="51.173259" lon="14.503279">
      </trkpt>
      <trkpt lat="51.170454" lon="14.501022">
      </trkpt>
      <trkpt lat="51.168831" lon="14.494603">
      </trkpt>
      <trkpt lat="51.169532" lon="14.492069">
      </trkpt>
      <trkpt lat="51.17086" lon="14.486968">
      </trkpt>
      <trkpt lat="51.170904" lon="14.48678">
      </trkpt>
      <trkpt lat="51.170976" lon="14.486382">
      </trkpt>
      <trkpt lat="51.170766" lon="14.486049">
      </trkpt>
      <trkpt lat="51.1674" lon="14.485956">
      </trkpt>
    </trkseg>
  </trk>
</gpx>