{"type": "FeatureCollection", "bbox": [16.402213, 49.032397, 18.307733, 50.033494], "features": [{"type": "Feature", "properties": {"group_index": 0, "value": 3600.0, "center": [17.2495142, 49.592791]}, "geometry": {"coordinates": [[[16.402213, 49.821564], [16.406593, 49.818978], [16.408606, 49.81778], [16.409525, 49.817272], [16.410582, 49.816723], [16.412134, 49.815987], [16.413761, 49.815292], [16.415375, 49.814676], [16.41649, 49.81429], [16.41782, 49.813867], [16.419051, 49.813511], [16.420699, 49.813072], [16.42271, 49.812575], [16.424691, 49.812086], [16.42672, 49.81157], [16.431717, 49.810013], [16.433797, 49.809218], [16.435912, 49.808409], [16.437114, 49.807968], [16.439022, 49.807322], [16.440868, 49.806782], [16.44271, 49.806306], [16.446059, 49.805507], [16.446994, 49.805267], [16.448013, 49.80497], [16.449143, 49.804586], [16.449786, 49.804336], [16.45049, 49.804035], [16.451602, 49.803496], [16.452425, 49.803037], [16.457996, 49.79713], [16.458585, 49.796274], [16.458935, 49.795835], [16.459414, 49.795308], [16.460193, 49.794566], [16.460862, 49.794018], [16.46153, 49.793535], [16.46261, 49.792865], [16.46379, 49.792256], [16.465038, 49.791727], [16.466346, 49.791279], [16.467704, 49.790913], [16.469101, 49.790631], [16.470067, 49.790489], [16.471025, 49.790387], [16.473693, 49.789542], [16.476105, 49.781197], [16.473908, 49.777363], [16.471339, 49.775718], [16.470226, 49.772295], [16.469087, 49.769451], [16.469103, 49.768947], [16.469103, 49.768941], [16.469111, 49.768663], [16.469227, 49.766309], [16.465503, 49.7585], [16.464283, 49.758445], [16.464275, 49.75844], [16.46369, 49.756236], [16.463728, 49.755368], [16.464022, 49.753751], [16.464283, 49.752808], [16.464892, 49.752499], [16.470679, 49.748667], [16.467319, 49.740338], [16.464177, 49.739858], [16.462489, 49.739636], [16.462958, 49.736067], [16.464646, 49.736289], [16.467862, 49.73678], [16.469501, 49.737097], [16.475909, 49.732479], [16.476939, 49.729029], [16.479774, 49.724401], [16.479644, 49.71876], [16.476302, 49.711824], [16.475728, 49.711135], [16.475527, 49.710762], [16.478443, 49.707238], [16.481341, 49.704872], [16.488705, 49.702598], [16.488961, 49.69907], [16.49109, 49.696659], [16.49215, 49.695602], [16.492866, 49.695209], [16.493733, 49.695599], [16.495995, 49.69699], [16.495256, 49.698288], [16.493759, 49.701953], [16.498224, 49.709603], [16.499777, 49.709777], [16.500764, 49.709895], [16.501599, 49.710019], [16.503548, 49.710006], [16.503626, 49.713605], [16.501871, 49.713643], [16.50131, 49.713608], [16.500248, 49.713457], [16.499355, 49.713353], [16.491423, 49.716445], [16.491225, 49.716612], [16.487335, 49.722171], [16.491433, 49.728745], [16.498554, 49.731526], [16.502976, 49.736675], [16.510411, 49.731837], [16.510711, 49.728214], [16.51084, 49.727517], [16.511079, 49.72687], [16.511517, 49.72624], [16.512468, 49.724922], [16.515692, 49.726522], [16.523477, 49.729732], [16.524524, 49.728944], [16.525921, 49.727111], [16.527155, 49.725138], [16.528448, 49.723078], [16.530566, 49.719681], [16.536926, 49.717974], [16.53958, 49.715541], [16.541926, 49.716686], [16.542633, 49.717039], [16.549419, 49.717863], [16.552239, 49.715061], [16.552476, 49.714557], [16.552732, 49.714168], [16.55298, 49.71386], [16.553506, 49.713296], [16.554131, 49.712776], [16.554626, 49.712496], [16.554896, 49.71237], [16.556415, 49.715634], [16.563985, 49.714427], [16.564126, 49.71083], [16.567397, 49.708195], [16.567899, 49.707564], [16.568532, 49.707037], [16.568991, 49.706753], [16.572286, 49.705523], [16.573734, 49.705051], [16.575271, 49.704393], [16.576658, 49.703433], [16.5759, 49.695331], [16.574159, 49.694549], [16.573447, 49.694155], [16.572578, 49.693658], [16.566607, 49.692191], [16.56505, 49.692325], [16.56009, 49.695354], [16.55929, 49.695294], [16.559191, 49.695256], [16.558211, 49.694582], [16.553294, 49.690387], [16.553214, 49.690324], [16.552458, 49.689203], [16.552659, 49.688193], [16.555065, 49.687078], [16.555925, 49.68694], [16.556583, 49.686923], [16.557073, 49.686991], [16.557859, 49.687299], [16.562334, 49.688351], [16.570375, 49.687117], [16.574497, 49.684863], [16.576594, 49.683095], [16.57821, 49.681294], [16.578823, 49.680605], [16.582406, 49.68006], [16.584204, 49.671742], [16.583589, 49.670618], [16.581712, 49.663341], [16.578052, 49.659473], [16.577956, 49.659401], [16.577296, 49.658308], [16.577276, 49.658208], [16.577833, 49.656542], [16.579211, 49.655655], [16.579807, 49.655434], [16.580581, 49.655404], [16.58127, 49.655621], [16.581702, 49.655816], [16.581958, 49.656186], [16.582115, 49.656506], [16.582311, 49.656895], [16.583661, 49.659172], [16.584037, 49.65968], [16.584255, 49.660103], [16.586675, 49.663305], [16.588031, 49.664954], [16.588353, 49.665687], [16.596185, 49.6683], [16.598713, 49.665632], [16.599013, 49.66536], [16.599618, 49.664935], [16.600227, 49.664509], [16.603682, 49.663497], [16.608603, 49.662282], [16.60948, 49.654002], [16.608627, 49.653099], [16.607114, 49.650069], [16.60596, 49.648163], [16.605984, 49.647955], [16.606114, 49.647688], [16.607105, 49.646443], [16.608994, 49.638479], [16.607408, 49.637096], [16.606816, 49.636229], [16.604811, 49.629643], [16.605092, 49.629396], [16.606771, 49.627971], [16.607888, 49.627403], [16.608707, 49.627522], [16.608955, 49.627619], [16.609318, 49.62795], [16.610031, 49.630296], [16.611201, 49.633452], [16.614675, 49.63793], [16.621271, 49.638786], [16.621853, 49.638627], [16.622254, 49.63853], [16.623452, 49.638813], [16.624353, 49.639015], [16.625083, 49.639209], [16.625637, 49.639423], [16.632157, 49.639768], [16.634681, 49.638595], [16.640342, 49.638079], [16.64344, 49.635136], [16.646535, 49.632117], [16.6494, 49.634296], [16.648625, 49.637543], [16.648435, 49.638106], [16.647599, 49.639719], [16.647332, 49.640152], [16.645819, 49.641676], [16.645683, 49.641715], [16.645623, 49.641717], [16.643262, 49.639969], [16.636278, 49.644784], [16.635481, 49.646047], [16.635359, 49.646274], [16.628054, 49.648718], [16.628603, 49.655921], [16.630999, 49.65775], [16.634081, 49.661117], [16.634778, 49.661849], [16.635132, 49.662437], [16.641937, 49.665827], [16.645071, 49.664055], [16.649996, 49.66352], [16.65033, 49.663451], [16.656532, 49.660149], [16.657255, 49.659517], [16.657823, 49.659243], [16.661275, 49.657339], [16.664216, 49.651479], [16.666207, 49.648479], [16.667073, 49.64854], [16.667879, 49.648657], [16.672743, 49.649394], [16.673618, 49.649246], [16.675288, 49.64918], [16.680631, 49.643202], [16.676954, 49.637594], [16.676082, 49.637235], [16.675433, 49.636767], [16.675267, 49.636594], [16.677859, 49.634096], [16.680237, 49.630633], [16.681993, 49.625598], [16.683146, 49.622187], [16.687678, 49.6163], [16.688273, 49.614557], [16.689828, 49.614898], [16.690741, 49.615134], [16.691379, 49.615333], [16.697827, 49.616614], [16.699512, 49.616982], [16.701108, 49.617417], [16.705669, 49.619504], [16.707142, 49.620581], [16.707775, 49.62133], [16.712583, 49.625988], [16.714876, 49.626537], [16.72059, 49.630378], [16.725593, 49.628623], [16.72603, 49.628546], [16.726613, 49.628482], [16.727325, 49.628447], [16.729309, 49.628429], [16.734819, 49.62454], [16.735758, 49.61878], [16.729028, 49.616376], [16.728065, 49.616804], [16.727632, 49.616945], [16.724745, 49.616499], [16.72009, 49.615072], [16.720219, 49.611474], [16.722959, 49.611572], [16.724683, 49.61167], [16.730646, 49.611723], [16.732941, 49.605661], [16.732856, 49.604761], [16.732914, 49.603635], [16.732741, 49.601807], [16.73166, 49.597454], [16.733158, 49.593729], [16.73366, 49.592356], [16.734234, 49.592297], [16.73668, 49.594311], [16.738421, 49.597463], [16.736929, 49.606169], [16.738121, 49.609963], [16.7383, 49.61058], [16.73895, 49.613902], [16.739094, 49.614349], [16.739189, 49.614924], [16.739295, 49.615689], [16.740765, 49.618891], [16.748242, 49.621272], [16.753752, 49.61685], [16.753867, 49.616676], [16.756267, 49.613939], [16.759479, 49.608999], [16.759279, 49.604884], [16.759274, 49.600923], [16.759846, 49.596676], [16.759773, 49.595947], [16.759858, 49.594976], [16.7599, 49.593585], [16.759902, 49.592792], [16.760221, 49.591366], [16.761038, 49.58838], [16.761568, 49.582259], [16.761451, 49.581678], [16.760602, 49.578614], [16.759978, 49.576789], [16.751178, 49.57513], [16.748447, 49.575186], [16.741287, 49.572483], [16.739037, 49.569673], [16.741198, 49.567475], [16.741604, 49.566818], [16.742592, 49.565335], [16.743485, 49.564136], [16.744092, 49.563511], [16.746037, 49.556854], [16.740924, 49.554294], [16.74028, 49.554395], [16.73945, 49.554404], [16.738351, 49.554537], [16.737297, 49.554506], [16.736364, 49.554436], [16.735957, 49.554332], [16.733826, 49.554023], [16.733197, 49.553861], [16.732041, 49.553129], [16.730989, 49.552321], [16.730951, 49.550093], [16.732591, 49.546888], [16.733349, 49.545316], [16.736903, 49.545891], [16.744056, 49.547833], [16.746292, 49.546986], [16.748895, 49.543958], [16.744347, 49.536255], [16.743105, 49.536424], [16.742615, 49.536475], [16.742131, 49.536483], [16.741711, 49.53645], [16.740346, 49.536281], [16.740787, 49.532708], [16.746743, 49.529456], [16.747762, 49.529042], [16.749823, 49.528261], [16.755771, 49.526085], [16.756384, 49.526119], [16.757283, 49.526414], [16.76468, 49.523013], [16.763666, 49.516722], [16.757436, 49.513718], [16.757232, 49.51368], [16.755566, 49.51326], [16.751573, 49.512865], [16.750704, 49.512894], [16.745222, 49.516115], [16.74306, 49.518847], [16.742756, 49.518644], [16.734138, 49.517355], [16.73134, 49.515124], [16.729353, 49.513682], [16.727177, 49.512439], [16.725294, 49.50937], [16.720697, 49.501971], [16.719887, 49.501617], [16.718524, 49.50106], [16.717789, 49.500798], [16.715759, 49.500196], [16.716425, 49.496659], [16.716847, 49.496738], [16.718434, 49.497191], [16.719106, 49.497448], [16.719726, 49.497666], [16.720542, 49.497899], [16.72169, 49.498501], [16.722083, 49.498649], [16.72326, 49.499281], [16.724961, 49.500111], [16.725583, 49.500519], [16.727381, 49.501637], [16.727738, 49.501785], [16.728844, 49.502485], [16.732393, 49.503931], [16.734382, 49.50399], [16.735482, 49.503926], [16.73585, 49.504128], [16.740766, 49.505524], [16.744289, 49.504787], [16.747186, 49.497433], [16.747013, 49.496328], [16.745856, 49.493232], [16.745525, 49.491907], [16.737253, 49.488658], [16.734996, 49.489234], [16.734472, 49.489404], [16.73405, 49.489468], [16.733216, 49.489626], [16.731945, 49.489755], [16.731535, 49.489759], [16.728237, 49.489123], [16.727696, 49.488058], [16.725965, 49.48506], [16.725399, 49.484517], [16.724724, 49.483804], [16.723468, 49.48235], [16.723189, 49.482067], [16.721897, 49.480765], [16.720752, 49.47949], [16.720478, 49.479176], [16.71165, 49.477829], [16.710507, 49.479031], [16.708954, 49.482022], [16.708664, 49.482536], [16.708372, 49.483157], [16.704207, 49.483746], [16.703382, 49.483918], [16.701233, 49.481038], [16.694437, 49.485406], [16.69374, 49.488939], [16.688308, 49.488454], [16.682348, 49.484513], [16.681606, 49.483375], [16.68154, 49.483127], [16.682288, 49.480914], [16.686378, 49.479016], [16.689822, 49.473385], [16.696073, 49.468795], [16.6968, 49.468691], [16.697877, 49.46873], [16.699937, 49.469011], [16.704681, 49.461408], [16.704338, 49.460376], [16.704201, 49.45956], [16.700491, 49.45209], [16.69923, 49.448719], [16.694536, 49.441906], [16.688535, 49.43732], [16.684446, 49.437886], [16.677607, 49.435989], [16.677557, 49.435783], [16.675229, 49.43002], [16.672757, 49.428041], [16.672164, 49.427601], [16.674309, 49.42471], [16.676473, 49.426102], [16.680171, 49.428495], [16.686799, 49.432644], [16.693772, 49.43232], [16.697307, 49.431775], [16.703204, 49.42944], [16.704148, 49.429445], [16.70719, 49.432336], [16.709339, 49.433488], [16.717422, 49.432013], [16.72236, 49.425393], [16.723872, 49.423768], [16.719684, 49.416779], [16.717645, 49.416887], [16.717074, 49.41685], [16.713766, 49.417427], [16.710846, 49.41692], [16.710014, 49.416945], [16.707631, 49.416861], [16.707407, 49.416889], [16.707235, 49.416897], [16.706941, 49.4169], [16.706261, 49.416516], [16.705936, 49.416356], [16.705174, 49.415901], [16.706069, 49.413815], [16.70702, 49.41281], [16.710724, 49.413322], [16.711577, 49.413271], [16.712927, 49.413244], [16.713571, 49.41323], [16.715106, 49.413139], [16.719982, 49.40653], [16.719863, 49.404143], [16.719829, 49.403973], [16.720358, 49.402895], [16.721269, 49.401892], [16.721697, 49.401933], [16.722591, 49.402269], [16.723358, 49.403265], [16.727168, 49.406774], [16.727544, 49.406942], [16.728096, 49.407295], [16.731256, 49.408755], [16.73186, 49.40883], [16.737117, 49.401867], [16.740654, 49.394919], [16.744168, 49.394638], [16.751091, 49.391862], [16.753184, 49.388143], [16.753451, 49.386977], [16.754501, 49.381715], [16.756256, 49.381399], [16.760199, 49.380712], [16.760367, 49.380673], [16.76101, 49.380715], [16.765366, 49.379986], [16.769884, 49.373248], [16.770291, 49.37315], [16.770665, 49.373036], [16.771319, 49.372929], [16.772046, 49.372934], [16.77274, 49.372875], [16.776335, 49.370764], [16.777692, 49.369389], [16.778228, 49.369372], [16.778689, 49.36938], [16.779284, 49.369487], [16.780759, 49.369673], [16.78137, 49.36975], [16.785817, 49.368018], [16.785441, 49.360328], [16.780509, 49.356976], [16.779591, 49.356877], [16.77442, 49.3589], [16.772591, 49.360652], [16.770421, 49.36209], [16.768471, 49.363287], [16.768401, 49.363312], [16.766622, 49.362952], [16.7665, 49.362858], [16.766071, 49.361518], [16.766079, 49.36143], [16.766112, 49.35628], [16.760985, 49.349112], [16.760481, 49.346953], [16.761023, 49.346189], [16.761186, 49.346055], [16.761679, 49.345812], [16.761833, 49.345813], [16.762773, 49.345935], [16.763033, 49.346007], [16.764626, 49.347008], [16.765141, 49.347388], [16.769843, 49.351876], [16.770383, 49.35207], [16.778778, 49.349668], [16.783323, 49.344603], [16.786574, 49.343057], [16.788628, 49.344425], [16.789718, 49.347677], [16.791908, 49.349908], [16.792646, 49.35059], [16.801144, 49.350232], [16.802174, 49.34263], [16.802813, 49.339087], [16.80536, 49.335743], [16.80649, 49.329556], [16.806508, 49.329444], [16.807101, 49.328199], [16.808465, 49.327591], [16.811825, 49.328016], [16.813801, 49.327915], [16.816946, 49.319635], [16.81435, 49.317175], [16.81249, 49.315309], [16.805647, 49.312442], [16.805262, 49.312173], [16.804767, 49.311853], [16.804419, 49.311549], [16.802619, 49.310226], [16.801354, 49.309013], [16.800881, 49.308081], [16.800826, 49.307343], [16.801045, 49.306438], [16.801533, 49.305592], [16.800491, 49.297928], [16.794338, 49.298433], [16.794, 49.298716], [16.793643, 49.298954], [16.786276, 49.299237], [16.783583, 49.300201], [16.781622, 49.30032], [16.780412, 49.300397], [16.772869, 49.304631], [16.772524, 49.305192], [16.771905, 49.305793], [16.771541, 49.305984], [16.771227, 49.306104], [16.770125, 49.306485], [16.765343, 49.307698], [16.763707, 49.308211], [16.762316, 49.308542], [16.76171, 49.308248], [16.760507, 49.306563], [16.759884, 49.305645], [16.759578, 49.305118], [16.759359, 49.304578], [16.759065, 49.302996], [16.755064, 49.299263], [16.74963, 49.30123], [16.749281, 49.301706], [16.748164, 49.306869], [16.748301, 49.307722], [16.748306, 49.308203], [16.744706, 49.308238], [16.743889, 49.307558], [16.743466, 49.30718], [16.740657, 49.303822], [16.734739, 49.298638], [16.734147, 49.298078], [16.728728, 49.293484], [16.72814, 49.289933], [16.730321, 49.288612], [16.733896, 49.28903], [16.739067, 49.283793], [16.7417, 49.278325], [16.740151, 49.274755], [16.739748, 49.274318], [16.739337, 49.27356], [16.739215, 49.272917], [16.739286, 49.272071], [16.73957, 49.271463], [16.739882, 49.271084], [16.74012, 49.270874], [16.742732, 49.270078], [16.742883, 49.270242], [16.747304, 49.273871], [16.75523, 49.275643], [16.76195, 49.274561], [16.765497, 49.275181], [16.771874, 49.277136], [16.778614, 49.271337], [16.77842, 49.270551], [16.781915, 49.269687], [16.782463, 49.270553], [16.783422, 49.272582], [16.785305, 49.2753], [16.793114, 49.271129], [16.795772, 49.268701], [16.804013, 49.266021], [16.80807, 49.258141], [16.806508, 49.256521], [16.80464, 49.254599], [16.800479, 49.25343], [16.80029, 49.253421], [16.799742, 49.253146], [16.800648, 49.249661], [16.801949, 49.242458], [16.800202, 49.239889], [16.793302, 49.236211], [16.792859, 49.236172], [16.792104, 49.236058], [16.79036, 49.235746], [16.789238, 49.23552], [16.781014, 49.237631], [16.774724, 49.239574], [16.774096, 49.246177], [16.774945, 49.249675], [16.775592, 49.25233], [16.775147, 49.252865], [16.773874, 49.253708], [16.773217, 49.254037], [16.76841, 49.256863], [16.767796, 49.257662], [16.767242, 49.258094], [16.766526, 49.258534], [16.764548, 49.259501], [16.757112, 49.255532], [16.756188, 49.255762], [16.755566, 49.255867], [16.754638, 49.255917], [16.750974, 49.256774], [16.75043, 49.25695], [16.750287, 49.256944], [16.745029, 49.25705], [16.73909, 49.256554], [16.738134, 49.256491], [16.735472, 49.256873], [16.73168, 49.257102], [16.731609, 49.257078], [16.724569, 49.25424], [16.721403, 49.253348], [16.721189, 49.252999], [16.713623, 49.248354], [16.713108, 49.248701], [16.710451, 49.252968], [16.709857, 49.253277], [16.707489, 49.255015], [16.706935, 49.254382], [16.69928, 49.250114], [16.698294, 49.246652], [16.698814, 49.245544], [16.699546, 49.24543], [16.699953, 49.245396], [16.700327, 49.2454], [16.701734, 49.245562], [16.702243, 49.245591], [16.702668, 49.245669], [16.705434, 49.245981], [16.708723, 49.237998], [16.706846, 49.235712], [16.704605, 49.234256], [16.704074, 49.234008], [16.702621, 49.233293], [16.702108, 49.233104], [16.701608, 49.232858], [16.70118, 49.232577], [16.700556, 49.232084], [16.699895, 49.231522], [16.697125, 49.229843], [16.696406, 49.229561], [16.695775, 49.229347], [16.693846, 49.228882], [16.6928, 49.226693], [16.690261, 49.224143], [16.682191, 49.223262], [16.679062, 49.224967], [16.678114, 49.225115], [16.677029, 49.224719], [16.674711, 49.223795], [16.674463, 49.222021], [16.67153, 49.215711], [16.666363, 49.214925], [16.658847, 49.215167], [16.655762, 49.218602], [16.654901, 49.220254], [16.654669, 49.220762], [16.651137, 49.227644], [16.650844, 49.22832], [16.650561, 49.228918], [16.649762, 49.229359], [16.649416, 49.229265], [16.644121, 49.227043], [16.640954, 49.226145], [16.640026, 49.224859], [16.634202, 49.220554], [16.631164, 49.221857], [16.630931, 49.222051], [16.629439, 49.222546], [16.622241, 49.223757], [16.621784, 49.223851], [16.621488, 49.223889], [16.619512, 49.222609], [16.620212, 49.219078], [16.617662, 49.211072], [16.611789, 49.209223], [16.610228, 49.209253], [16.61011, 49.209191], [16.605591, 49.201682], [16.604956, 49.201106], [16.604417, 49.200628], [16.604226, 49.200447], [16.605864, 49.197623], [16.603278, 49.191036], [16.602057, 49.190008], [16.596078, 49.18874], [16.595001, 49.188628], [16.594862, 49.188618], [16.593904, 49.18797], [16.590598, 49.183143], [16.58305, 49.179499], [16.580298, 49.179002], [16.57566, 49.180033], [16.574664, 49.18783], [16.571586, 49.193562], [16.571406, 49.194121], [16.567979, 49.193017], [16.564964, 49.188827], [16.561327, 49.185354], [16.558226, 49.182766], [16.552508, 49.180335], [16.549402, 49.178514], [16.54711, 49.174439], [16.54704, 49.174333], [16.541008, 49.170216], [16.537674, 49.170822], [16.535271, 49.171192], [16.532423, 49.17155], [16.529575, 49.171908], [16.526727, 49.172266], [16.523666, 49.172649], [16.516193, 49.174374], [16.514628, 49.174981], [16.513208, 49.175502], [16.512334, 49.17579], [16.511185, 49.176137], [16.509939, 49.17645], [16.507881, 49.176908], [16.506956, 49.17707], [16.50549, 49.177296], [16.503994, 49.177494], [16.502199, 49.177745], [16.500453, 49.177987], [16.493933, 49.179429], [16.489871, 49.180799], [16.488025, 49.181479], [16.486012, 49.182184], [16.483977, 49.182896], [16.480637, 49.183966], [16.476006, 49.185612], [16.467302, 49.186807], [16.464299, 49.187348], [16.461296, 49.187888], [16.458293, 49.188428], [16.451054, 49.189758], [16.446363, 49.191716], [16.445916, 49.191763], [16.438692, 49.193374], [16.43686, 49.194135], [16.435624, 49.194698], [16.43376, 49.195598], [16.432195, 49.192356], [16.434059, 49.191456], [16.435365, 49.190859], [16.43731, 49.19005], [16.442026, 49.18836], [16.443173, 49.188009], [16.444298, 49.187681], [16.445678, 49.187306], [16.446915, 49.186989], [16.449731, 49.186353], [16.450339, 49.186229], [16.457656, 49.184885], [16.460659, 49.184345], [16.463662, 49.183804], [16.466665, 49.183264], [16.469668, 49.182724], [16.472744, 49.182169], [16.474128, 49.181888], [16.479648, 49.180504], [16.482831, 49.179483], [16.484823, 49.178786], [16.486836, 49.178081], [16.488626, 49.177422], [16.492826, 49.176003], [16.494589, 49.175512], [16.495761, 49.175222], [16.497044, 49.174933], [16.497793, 49.174783], [16.499859, 49.174437], [16.501702, 49.174179], [16.503497, 49.173929], [16.505003, 49.173729], [16.513385, 49.171602], [16.514891, 49.171018], [16.515979, 49.170636], [16.517088, 49.170276], [16.518276, 49.16994], [16.519788, 49.169594], [16.520664, 49.169435], [16.521551, 49.169294], [16.523204, 49.169079], [16.526278, 49.168694], [16.529126, 49.168336], [16.531974, 49.167978], [16.534822, 49.167621], [16.540831, 49.165282], [16.54151, 49.165025], [16.541918, 49.164939], [16.542427, 49.164889], [16.542933, 49.164896], [16.549518, 49.164361], [16.552491, 49.163353], [16.55555, 49.162319], [16.558535, 49.161311], [16.560617, 49.160606], [16.561931, 49.16021], [16.563346, 49.159839], [16.564838, 49.159524], [16.565688, 49.159376], [16.567173, 49.159158], [16.567957, 49.159072], [16.569098, 49.158979], [16.569874, 49.158933], [16.57064, 49.158905], [16.571583, 49.158892], [16.572388, 49.158898], [16.573176, 49.158923], [16.573849, 49.158955], [16.579387, 49.155206], [16.574662, 49.149297], [16.572515, 49.148949], [16.570056, 49.14972], [16.569306, 49.149774], [16.568816, 49.149775], [16.568806, 49.146175], [16.575092, 49.143889], [16.580257, 49.140841], [16.583149, 49.138698], [16.584549, 49.140587], [16.59329, 49.142532], [16.598138, 49.136892], [16.598355, 49.133003], [16.598812, 49.127136], [16.591493, 49.122687], [16.591396, 49.122668], [16.586237, 49.119258], [16.584779, 49.117341], [16.584785, 49.117269], [16.586586, 49.115675], [16.591326, 49.114863], [16.598995, 49.111625], [16.600648, 49.106248], [16.598739, 49.099972], [16.597338, 49.098161], [16.596897, 49.097634], [16.595971, 49.096636], [16.595293, 49.09599], [16.597776, 49.093383], [16.598454, 49.094029], [16.602517, 49.097891], [16.604071, 49.101508], [16.604413, 49.102163], [16.60613, 49.106661], [16.606433, 49.108039], [16.606554, 49.108799], [16.606704, 49.110232], [16.60675, 49.111283], [16.606746, 49.112049], [16.608901, 49.117456], [16.613641, 49.118573], [16.620587, 49.119231], [16.622614, 49.124197], [16.626018, 49.127064], [16.633293, 49.124448], [16.63363, 49.124487], [16.64143, 49.124544], [16.64298, 49.121811], [16.64438, 49.119323], [16.642601, 49.112461], [16.641708, 49.111706], [16.639129, 49.109436], [16.638628, 49.109136], [16.637701, 49.107428], [16.638844, 49.104963], [16.638944, 49.104911], [16.63907, 49.104885], [16.639213, 49.104878], [16.640389, 49.105033], [16.640776, 49.105467], [16.64201, 49.106538], [16.646403, 49.107948], [16.651161, 49.104633], [16.651907, 49.102443], [16.652532, 49.100341], [16.653079, 49.098296], [16.65402, 49.094541], [16.655013, 49.090585], [16.655745, 49.087714], [16.656477, 49.084844], [16.657209, 49.081973], [16.657947, 49.07908], [16.658458, 49.077182], [16.658993, 49.075334], [16.659807, 49.072852], [16.660425, 49.071156], [16.66118, 49.069273], [16.664367, 49.062622], [16.660987, 49.058769], [16.659569, 49.058116], [16.659165, 49.054539], [16.660331, 49.051723], [16.660436, 49.051536], [16.661032, 49.05073], [16.662038, 49.050805], [16.664832, 49.050794], [16.67194, 49.050444], [16.673814, 49.04742], [16.674457, 49.046329], [16.676013, 49.043544], [16.676738, 49.042204], [16.678068, 49.039579], [16.679359, 49.036761], [16.679907, 49.035493], [16.681092, 49.032397], [16.684454, 49.033683], [16.683269, 49.036779], [16.682666, 49.038185], [16.681342, 49.041078], [16.67995, 49.04383], [16.67918, 49.045256], [16.6776, 49.048084], [16.676917, 49.049246], [16.674999, 49.052341], [16.673093, 49.060393], [16.673432, 49.062307], [16.67369, 49.06385], [16.67235, 49.064258], [16.671945, 49.064341], [16.66749, 49.064413], [16.664455, 49.070767], [16.663769, 49.072491], [16.66319, 49.074083], [16.662414, 49.076455], [16.661916, 49.078182], [16.661424, 49.080014], [16.660698, 49.082862], [16.659966, 49.085733], [16.659234, 49.088604], [16.658502, 49.091475], [16.657512, 49.095416], [16.656571, 49.099171], [16.65601, 49.101271], [16.655358, 49.103468], [16.654569, 49.105793], [16.65386, 49.107773], [16.653792, 49.116058], [16.654118, 49.116996], [16.660099, 49.12232], [16.662165, 49.122056], [16.664605, 49.121624], [16.665287, 49.121575], [16.670807, 49.120657], [16.678863, 49.1236], [16.679665, 49.123788], [16.680457, 49.124101], [16.680877, 49.124327], [16.687923, 49.127659], [16.691937, 49.125644], [16.694669, 49.121661], [16.698945, 49.119068], [16.706322, 49.115687], [16.706653, 49.112102], [16.711784, 49.107366], [16.716265, 49.100774], [16.716574, 49.100367], [16.718255, 49.099372], [16.722069, 49.098526], [16.722543, 49.098744], [16.724314, 49.099506], [16.724595, 49.099617], [16.726076, 49.10127], [16.728515, 49.104594], [16.736859, 49.102717], [16.737315, 49.101464], [16.737777, 49.1004], [16.738186, 49.099692], [16.738542, 49.099234], [16.740148, 49.097426], [16.740301, 49.097218], [16.743203, 49.099348], [16.748545, 49.103605], [16.755313, 49.101867], [16.755673, 49.101814], [16.756132, 49.101785], [16.756945, 49.10194], [16.75978, 49.102546], [16.763913, 49.10415], [16.764897, 49.104694], [16.772555, 49.101111], [16.771767, 49.097598], [16.775518, 49.096757], [16.77927, 49.095915], [16.781503, 49.095407], [16.784992, 49.089689], [16.779928, 49.085862], [16.780084, 49.082265], [16.784846, 49.076442], [16.788097, 49.07799], [16.788124, 49.085937], [16.788301, 49.08627], [16.789069, 49.087509], [16.796573, 49.090314], [16.800172, 49.089308], [16.803624, 49.087429], [16.805841, 49.087541], [16.807954, 49.08763], [16.808096, 49.091227], [16.806004, 49.091421], [16.801141, 49.092776], [16.796148, 49.098897], [16.796865, 49.101384], [16.797583, 49.103872], [16.798129, 49.105752], [16.798675, 49.107636], [16.798939, 49.108617], [16.799445, 49.110497], [16.807843, 49.112321], [16.809746, 49.110739], [16.810345, 49.110387], [16.810739, 49.110229], [16.812823, 49.109497], [16.814717, 49.108844], [16.815136, 49.108648], [16.816927, 49.107578], [16.818673, 49.106535], [16.820266, 49.10528], [16.821824, 49.103948], [16.823388, 49.102611], [16.826256, 49.10018], [16.829134, 49.097741], [16.830782, 49.096377], [16.832588, 49.095183], [16.833438, 49.094714], [16.834427, 49.094371], [16.835015, 49.094244], [16.835702, 49.094144], [16.836331, 49.094103], [16.839021, 49.094031], [16.841711, 49.093959], [16.845516, 49.093057], [16.84881, 49.086146], [16.849147, 49.08574], [16.849393, 49.085656], [16.849682, 49.085571], [16.851916, 49.08804], [16.853047, 49.089379], [16.853082, 49.089466], [16.852255, 49.091528], [16.851148, 49.095787], [16.850273, 49.096711], [16.848869, 49.097171], [16.848275, 49.097313], [16.847797, 49.097378], [16.847236, 49.097412], [16.844497, 49.097486], [16.841709, 49.10592], [16.844094, 49.108617], [16.841297, 49.112908], [16.840635, 49.117699], [16.839067, 49.119621], [16.838251, 49.120792], [16.839982, 49.129526], [16.847084, 49.128833], [16.848409, 49.127671], [16.851009, 49.126942], [16.857095, 49.125131], [16.859663, 49.124589], [16.860225, 49.126909], [16.865012, 49.131855], [16.867461, 49.133098], [16.870366, 49.133893], [16.87174, 49.13438], [16.873703, 49.135215], [16.880914, 49.134016], [16.882027, 49.131562], [16.879364, 49.124081], [16.881203, 49.120987], [16.880176, 49.113621], [16.87944, 49.111899], [16.874389, 49.105071], [16.873707, 49.104901], [16.873345, 49.104731], [16.871812, 49.103857], [16.870922, 49.103306], [16.868256, 49.101797], [16.863204, 49.096505], [16.861278, 49.095332], [16.861348, 49.094526], [16.861316, 49.093541], [16.861525, 49.09262], [16.862783, 49.091363], [16.863399, 49.09124], [16.865517, 49.09058], [16.868868, 49.091895], [16.875162, 49.094129], [16.878758, 49.091813], [16.879006, 49.091487], [16.879482, 49.091086], [16.883813, 49.083301], [16.883637, 49.082056], [16.884036, 49.079677], [16.884224, 49.078675], [16.884461, 49.077951], [16.88452, 49.07783], [16.890095, 49.079069], [16.891311, 49.082457], [16.894145, 49.089001], [16.899191, 49.088716], [16.901746, 49.08618], [16.902301, 49.086739], [16.908685, 49.09125], [16.910085, 49.091595], [16.91199, 49.091643], [16.919496, 49.090136], [16.920708, 49.081221], [16.917567, 49.079594], [16.914802, 49.073172], [16.914359, 49.072725], [16.914088, 49.072425], [16.913846, 49.072093], [16.913256, 49.068196], [16.914366, 49.064771], [16.918815, 49.065276], [16.926811, 49.062292], [16.927708, 49.06149], [16.929385, 49.060342], [16.929886, 49.06019], [16.93009, 49.060297], [16.931722, 49.063286], [16.929876, 49.067636], [16.92993, 49.068239], [16.931946, 49.071601], [16.939662, 49.06959], [16.940199, 49.068863], [16.940713, 49.068357], [16.942983, 49.063801], [16.943003, 49.063199], [16.943112, 49.062676], [16.943238, 49.062303], [16.944128, 49.060147], [16.944654, 49.053797], [16.945149, 49.050231], [16.945555, 49.050187], [16.9459, 49.050171], [16.946562, 49.050223], [16.949265, 49.049883], [16.954449, 49.043037], [16.958031, 49.043395], [16.959915, 49.05056], [16.961792, 49.053633], [16.957015, 49.057647], [16.95343, 49.057974], [16.950722, 49.066127], [16.951128, 49.067255], [16.952249, 49.069953], [16.951679, 49.070224], [16.949252, 49.072158], [16.952377, 49.079921], [16.954724, 49.084223], [16.954293, 49.084493], [16.953673, 49.084813], [16.953284, 49.085039], [16.952467, 49.085467], [16.948804, 49.093524], [16.94929, 49.097091], [16.950578, 49.105688], [16.956917, 49.107777], [16.958278, 49.11111], [16.965288, 49.116483], [16.96641, 49.116568], [16.968037, 49.116635], [16.969864, 49.116644], [16.972863, 49.116386], [16.973635, 49.116354], [16.974078, 49.11635], [16.976245, 49.118161], [16.984304, 49.115727], [16.985259, 49.115501], [16.98629, 49.115551], [16.987688, 49.11669], [16.990108, 49.119564], [16.998456, 49.118982], [16.999057, 49.11772], [17.000606, 49.115061], [17.000664, 49.114918], [17.001628, 49.114061], [17.001775, 49.114005], [17.003996, 49.116281], [17.011154, 49.114184], [17.011539, 49.113427], [17.011999, 49.112834], [17.013954, 49.109421], [17.015372, 49.102165], [17.015335, 49.101367], [17.015457, 49.100651], [17.015631, 49.100167], [17.015902, 49.09968], [17.016654, 49.098629], [17.019648, 49.100628], [17.021152, 49.10559], [17.019122, 49.109412], [17.01886, 49.110089], [17.018334, 49.110886], [17.016511, 49.113061], [17.014755, 49.11515], [17.013761, 49.118781], [17.013848, 49.120853], [17.021361, 49.124777], [17.022839, 49.124035], [17.023615, 49.123422], [17.026107, 49.12602], [17.033012, 49.126296], [17.03626, 49.125378], [17.037351, 49.12509], [17.037835, 49.125729], [17.046579, 49.1264], [17.047291, 49.126104], [17.047834, 49.125888], [17.048379, 49.126011], [17.05608, 49.129682], [17.059575, 49.130302], [17.062036, 49.13293], [17.060488, 49.134379], [17.059679, 49.135184], [17.058945, 49.135853], [17.059317, 49.144428], [17.062828, 49.145075], [17.065589, 49.145062], [17.069117, 49.144419], [17.075357, 49.140836], [17.077521, 49.134297], [17.076653, 49.131014], [17.074585, 49.128457], [17.074182, 49.127967], [17.073827, 49.127376], [17.072371, 49.124807], [17.075503, 49.123032], [17.080487, 49.127533], [17.082104, 49.128189], [17.08472, 49.130064], [17.087118, 49.131811], [17.093146, 49.132352], [17.094421, 49.124845], [17.095022, 49.121296], [17.095801, 49.121143], [17.099355, 49.121718], [17.103799, 49.122854], [17.104331, 49.123712], [17.10478, 49.124911], [17.110449, 49.130246], [17.111153, 49.130483], [17.11996, 49.128678], [17.120945, 49.128005], [17.124904, 49.127821], [17.125401, 49.128007], [17.125889, 49.128536], [17.127515, 49.130299], [17.127296, 49.13053], [17.126798, 49.130918], [17.122194, 49.138207], [17.121601, 49.138019], [17.118928, 49.13729], [17.117684, 49.137147], [17.111724, 49.14325], [17.113932, 49.147046], [17.120449, 49.148025], [17.121332, 49.148368], [17.122953, 49.148623], [17.125912, 49.149146], [17.126489, 49.149425], [17.131938, 49.150128], [17.134693, 49.150701], [17.139433, 49.151148], [17.141796, 49.153864], [17.148837, 49.157486], [17.151388, 49.157689], [17.154032, 49.157902], [17.157541, 49.158292], [17.158129, 49.159172], [17.15822, 49.159328], [17.157571, 49.161892], [17.15163, 49.167342], [17.15553, 49.175397], [17.156058, 49.175299], [17.156676, 49.175318], [17.158414, 49.175115], [17.16039, 49.17482], [17.162504, 49.174511], [17.163114, 49.174481], [17.163821, 49.174524], [17.164162, 49.174575], [17.16678, 49.174767], [17.167365, 49.174717], [17.167901, 49.174709], [17.170891, 49.174453], [17.175261, 49.179085], [17.17614, 49.179595], [17.182782, 49.180941], [17.185048, 49.176352], [17.188419, 49.175089], [17.190346, 49.177899], [17.191132, 49.178604], [17.191481, 49.179025], [17.197235, 49.183342], [17.20332, 49.181038], [17.203571, 49.180808], [17.203927, 49.180558], [17.204228, 49.180401], [17.204659, 49.180238], [17.205245, 49.180101], [17.20566, 49.180061], [17.205909, 49.18006], [17.208415, 49.179524], [17.208287, 49.170937], [17.207955, 49.170748], [17.206309, 49.16967], [17.205477, 49.168993], [17.207751, 49.166202], [17.209835, 49.162347], [17.210329, 49.161802], [17.210623, 49.161585], [17.211042, 49.161317], [17.212911, 49.162895], [17.21331, 49.16328], [17.213741, 49.163857], [17.214632, 49.164977], [17.216122, 49.172837], [17.216527, 49.173825], [17.21654, 49.175303], [17.216006, 49.177278], [17.215885, 49.177634], [17.215713, 49.178009], [17.21532, 49.17861], [17.213554, 49.18074], [17.213131, 49.181179], [17.208226, 49.187832], [17.208806, 49.190361], [17.209277, 49.192414], [17.209749, 49.19447], [17.218434, 49.194137], [17.221763, 49.190712], [17.222241, 49.190304], [17.222766, 49.189993], [17.22332, 49.18976], [17.223738, 49.189626], [17.224327, 49.189502], [17.225124, 49.189425], [17.229514, 49.187908], [17.232953, 49.17999], [17.232833, 49.179346], [17.232914, 49.178052], [17.233314, 49.177382], [17.234186, 49.176824], [17.234286, 49.176795], [17.236425, 49.179109], [17.23647, 49.179222], [17.236911, 49.18066], [17.237187, 49.181661], [17.237362, 49.182203], [17.241013, 49.18855], [17.242251, 49.19193], [17.244493, 49.196233], [17.246603, 49.197725], [17.255251, 49.195293], [17.255949, 49.194243], [17.258946, 49.196238], [17.258226, 49.200572], [17.258062, 49.201215], [17.259487, 49.209424], [17.260724, 49.210828], [17.262597, 49.212546], [17.265453, 49.21418], [17.268185, 49.215638], [17.2695, 49.21622], [17.270547, 49.216786], [17.273365, 49.21921], [17.275563, 49.220505], [17.276283, 49.221252], [17.277726, 49.223913], [17.277935, 49.224427], [17.278808, 49.226332], [17.280243, 49.227925], [17.280466, 49.228259], [17.280675, 49.22862], [17.281325, 49.230134], [17.283134, 49.232055], [17.285141, 49.233326], [17.293437, 49.230212], [17.294634, 49.223137], [17.288896, 49.221297], [17.288131, 49.21964], [17.287652, 49.217634], [17.286659, 49.215317], [17.286437, 49.213816], [17.286262, 49.213235], [17.286405, 49.209199], [17.28521, 49.205804], [17.286542, 49.198233], [17.285416, 49.194955], [17.284951, 49.192357], [17.285251, 49.191988], [17.285665, 49.19159], [17.286071, 49.191263], [17.290699, 49.188185], [17.290835, 49.188167], [17.291984, 49.188402], [17.291986, 49.188402], [17.292218, 49.188639], [17.292727, 49.192203], [17.292106, 49.193472], [17.291379, 49.198949], [17.295838, 49.204088], [17.296372, 49.204436], [17.297009, 49.205412], [17.297116, 49.206309], [17.2971, 49.207993], [17.304676, 49.212051], [17.30525, 49.211739], [17.307072, 49.211076], [17.310161, 49.208761], [17.310477, 49.208474], [17.313785, 49.205335], [17.314445, 49.204283], [17.315012, 49.203719], [17.315723, 49.203244], [17.318491, 49.20551], [17.318366, 49.2057], [17.318754, 49.213759], [17.323056, 49.215179], [17.328324, 49.212619], [17.328833, 49.21215], [17.331318, 49.210709], [17.333206, 49.209611], [17.335213, 49.208502], [17.337393, 49.207263], [17.342216, 49.201493], [17.342314, 49.199194], [17.342389, 49.195745], [17.342667, 49.194418], [17.346266, 49.194457], [17.346242, 49.196746], [17.345881, 49.19968], [17.345813, 49.201634], [17.34576, 49.202483], [17.343902, 49.207124], [17.343649, 49.207564], [17.343117, 49.208121], [17.341351, 49.209154], [17.339172, 49.210393], [17.336992, 49.211632], [17.334945, 49.212763], [17.333129, 49.21382], [17.330931, 49.215102], [17.332336, 49.223026], [17.336268, 49.224104], [17.339377, 49.223722], [17.347316, 49.220889], [17.351266, 49.219244], [17.351743, 49.219107], [17.352305, 49.219067], [17.356599, 49.212439], [17.355289, 49.2105], [17.355153, 49.209299], [17.358562, 49.208142], [17.364239, 49.212163], [17.366807, 49.211832], [17.372785, 49.209655], [17.37404, 49.207648], [17.371645, 49.200518], [17.37049, 49.199651], [17.364817, 49.197079], [17.363689, 49.19703], [17.362585, 49.196844], [17.361514, 49.191278], [17.361223, 49.190398], [17.361144, 49.190097], [17.361079, 49.189603], [17.3611, 49.189578], [17.363579, 49.185744], [17.365367, 49.185729], [17.366544, 49.186381], [17.367629, 49.187496], [17.368024, 49.188232], [17.36818, 49.189622], [17.369853, 49.193446], [17.370398, 49.194158], [17.378831, 49.192483], [17.382303, 49.193047], [17.390724, 49.192176], [17.392592, 49.192449], [17.393007, 49.193184], [17.398264, 49.200476], [17.398612, 49.200411], [17.403005, 49.196898], [17.403164, 49.196394], [17.403367, 49.194999], [17.403408, 49.193386], [17.407007, 49.193477], [17.413016, 49.199384], [17.419152, 49.204209], [17.4209, 49.205033], [17.42856, 49.201659], [17.434185, 49.197842], [17.434583, 49.197414], [17.434778, 49.197259], [17.437054, 49.200029], [17.444038, 49.205332], [17.447168, 49.205212], [17.447638, 49.205234], [17.452517, 49.207951], [17.45824, 49.209622], [17.459693, 49.209193], [17.462975, 49.205637], [17.460334, 49.199227], [17.460019, 49.198937], [17.459301, 49.19835], [17.458891, 49.197468], [17.458768, 49.196677], [17.461784, 49.195799], [17.464052, 49.196648], [17.46593, 49.197324], [17.472473, 49.195574], [17.473794, 49.192226], [17.473878, 49.184596], [17.470482, 49.183315], [17.470203, 49.181983], [17.470113, 49.181599], [17.466746, 49.178197], [17.460828, 49.182248], [17.460493, 49.183011], [17.460173, 49.18342], [17.460032, 49.18355], [17.454019, 49.186978], [17.453525, 49.187389], [17.452363, 49.186887], [17.450312, 49.185764], [17.447993, 49.184149], [17.445435, 49.182468], [17.443369, 49.176303], [17.443655, 49.170039], [17.444401, 49.169246], [17.445732, 49.168493], [17.448816, 49.161603], [17.447172, 49.158289], [17.444452, 49.155931], [17.444521, 49.150908], [17.441548, 49.147196], [17.43634, 49.14643], [17.43303, 49.145014], [17.431874, 49.142385], [17.434389, 49.139809], [17.438742, 49.136376], [17.440851, 49.132382], [17.442991, 49.129488], [17.450501, 49.124561], [17.449126, 49.120665], [17.446321, 49.116374], [17.447818, 49.1131], [17.446479, 49.105904], [17.445682, 49.104855], [17.444423, 49.103163], [17.44041, 49.099521], [17.439914, 49.099221], [17.439484, 49.098831], [17.439117, 49.09835], [17.438818, 49.097678], [17.43398, 49.090297], [17.432843, 49.089214], [17.430901, 49.087577], [17.430181, 49.087003], [17.42864, 49.085886], [17.426693, 49.084594], [17.424065, 49.082964], [17.422028, 49.081759], [17.419954, 49.080532], [17.418049, 49.079342], [17.416083, 49.078038], [17.414415, 49.076832], [17.413615, 49.076222], [17.411558, 49.074519], [17.410098, 49.073249], [17.40225, 49.069996], [17.401059, 49.070232], [17.400219, 49.070364], [17.399684, 49.070433], [17.398697, 49.070526], [17.397666, 49.070588], [17.396719, 49.070612], [17.396627, 49.067013], [17.397692, 49.058092], [17.396221, 49.056317], [17.395216, 49.055256], [17.393885, 49.054008], [17.39352, 49.053636], [17.39609, 49.051115], [17.397676, 49.052628], [17.398829, 49.053835], [17.400459, 49.05579], [17.402054, 49.057821], [17.403228, 49.059327], [17.404929, 49.061535], [17.405383, 49.062152], [17.410989, 49.06905], [17.413913, 49.071797], [17.415878, 49.073422], [17.416596, 49.073968], [17.418191, 49.07512], [17.420037, 49.076341], [17.42186, 49.077477], [17.423861, 49.07866], [17.425898, 49.079866], [17.428589, 49.081534], [17.43484, 49.083212], [17.443106, 49.080851], [17.443478, 49.080038], [17.443853, 49.07818], [17.444107, 49.07784], [17.444251, 49.077681], [17.445624, 49.077415], [17.453694, 49.077876], [17.454746, 49.077847], [17.45555, 49.079021], [17.455543, 49.079674], [17.455497, 49.080224], [17.455313, 49.080901], [17.454821, 49.084508], [17.45373, 49.085414], [17.452775, 49.086179], [17.450944, 49.088911], [17.450776, 49.089378], [17.450521, 49.089864], [17.45005, 49.09062], [17.449644, 49.097994], [17.453868, 49.098859], [17.455205, 49.098625], [17.456462, 49.098163], [17.457991, 49.097647], [17.460757, 49.096542], [17.466946, 49.097929], [17.470202, 49.096393], [17.478504, 49.099372], [17.479168, 49.099228], [17.480249, 49.099025], [17.480916, 49.102562], [17.485365, 49.106718], [17.485945, 49.108705], [17.485872, 49.109548], [17.49032, 49.116811], [17.491294, 49.116992], [17.490328, 49.12046], [17.486753, 49.123017], [17.486492, 49.130626], [17.488449, 49.132443], [17.494254, 49.133911], [17.497931, 49.128638], [17.501409, 49.128025], [17.507072, 49.128255], [17.51122, 49.125921], [17.514467, 49.128085], [17.522853, 49.128977], [17.523487, 49.128855], [17.5266, 49.128473], [17.526949, 49.128444], [17.527456, 49.128459], [17.532135, 49.127618], [17.534695, 49.120489], [17.538685, 49.113709], [17.537414, 49.110581], [17.535933, 49.108641], [17.532275, 49.106488], [17.529533, 49.105298], [17.526791, 49.104107], [17.524049, 49.102917], [17.521087, 49.101702], [17.520892, 49.101641], [17.516977, 49.100994], [17.5169, 49.100985], [17.515894, 49.100494], [17.515426, 49.100094], [17.514817, 49.097795], [17.516345, 49.095872], [17.521022, 49.097896], [17.522292, 49.09828], [17.529561, 49.093824], [17.53039, 49.092275], [17.530906, 49.090711], [17.531019, 49.090162], [17.531637, 49.08974], [17.534273, 49.090051], [17.534324, 49.090121], [17.534545, 49.090891], [17.540455, 49.096159], [17.543134, 49.095056], [17.545345, 49.094129], [17.549822, 49.094089], [17.556894, 49.094786], [17.560288, 49.095767], [17.566458, 49.096007], [17.566873, 49.095965], [17.568531, 49.095917], [17.572572, 49.095828], [17.577318, 49.095556], [17.578917, 49.095563], [17.580115, 49.095613], [17.579966, 49.09921], [17.578768, 49.09916], [17.57659, 49.09927], [17.57593, 49.099316], [17.572694, 49.099426], [17.570415, 49.099515], [17.568531, 49.099517], [17.564033, 49.107205], [17.566245, 49.110045], [17.56712, 49.110603], [17.563406, 49.117352], [17.562782, 49.118538], [17.561831, 49.119815], [17.560898, 49.120587], [17.555768, 49.125532], [17.553034, 49.128072], [17.54796, 49.13112], [17.547326, 49.131702], [17.546874, 49.131925], [17.54637, 49.132074], [17.54352, 49.132269], [17.542061, 49.140983], [17.544551, 49.142172], [17.544867, 49.142245], [17.545556, 49.142388], [17.545687, 49.142483], [17.552191, 49.144325], [17.552605, 49.144215], [17.553102, 49.144152], [17.553562, 49.144165], [17.554176, 49.144318], [17.555535, 49.144765], [17.560115, 49.146193], [17.562106, 49.146195], [17.562551, 49.146244], [17.562936, 49.146333], [17.563467, 49.146534], [17.56412, 49.146877], [17.572565, 49.145121], [17.57375, 49.145428], [17.575186, 49.14605], [17.575563, 49.146277], [17.575939, 49.146633], [17.582681, 49.149675], [17.587525, 49.153864], [17.593941, 49.14842], [17.593196, 49.145173], [17.594154, 49.144274], [17.594492, 49.144147], [17.595356, 49.143896], [17.595772, 49.143773], [17.59838, 49.143653], [17.60734, 49.143871], [17.609393, 49.148459], [17.616043, 49.152671], [17.616684, 49.152876], [17.622505, 49.154193], [17.625061, 49.154472], [17.625543, 49.154549], [17.626264, 49.154705], [17.62673, 49.154836], [17.627207, 49.155007], [17.632859, 49.156527], [17.633417, 49.156619], [17.633895, 49.156755], [17.634209, 49.156884], [17.640571, 49.158206], [17.641194, 49.158178], [17.647779, 49.152766], [17.648116, 49.152114], [17.648409, 49.151766], [17.64878, 49.151405], [17.649204, 49.151035], [17.650198, 49.150168], [17.653685, 49.142279], [17.653882, 49.141512], [17.654332, 49.140841], [17.654542, 49.140639], [17.662125, 49.137722], [17.669822, 49.137926], [17.672852, 49.13987], [17.673407, 49.141454], [17.672272, 49.144871], [17.669244, 49.144857], [17.661673, 49.148519], [17.658038, 49.156433], [17.658904, 49.157874], [17.659495, 49.160916], [17.659767, 49.163029], [17.659612, 49.163176], [17.658325, 49.163507], [17.652244, 49.168958], [17.651767, 49.169786], [17.650863, 49.177208], [17.654412, 49.181804], [17.656184, 49.182701], [17.658951, 49.185395], [17.658995, 49.185515], [17.661192, 49.193555], [17.66332, 49.196458], [17.664685, 49.200322], [17.665785, 49.202619], [17.665734, 49.202745], [17.66516, 49.205028], [17.665024, 49.205669], [17.6647, 49.206342], [17.663767, 49.211483], [17.667805, 49.218381], [17.673024, 49.215553], [17.673291, 49.215202], [17.67372, 49.21474], [17.674091, 49.2144], [17.674683, 49.213905], [17.675122, 49.213577], [17.675965, 49.212886], [17.676408, 49.212648], [17.678852, 49.204208], [17.678944, 49.203381], [17.679223, 49.202788], [17.679284, 49.202701], [17.679857, 49.202031], [17.68098, 49.200408], [17.681728, 49.199049], [17.684257, 49.197423], [17.685726, 49.196455], [17.688586, 49.196712], [17.691606, 49.198256], [17.691476, 49.201418], [17.691362, 49.201848], [17.688108, 49.206659], [17.695484, 49.211594], [17.69735, 49.209999], [17.699213, 49.210434], [17.705518, 49.215035], [17.710409, 49.217326], [17.718468, 49.218928], [17.721117, 49.21877], [17.722676, 49.218746], [17.723956, 49.218794], [17.732246, 49.216762], [17.73283, 49.216762], [17.734116, 49.216876], [17.740029, 49.215046], [17.742241, 49.211896], [17.742342, 49.211833], [17.742902, 49.211606], [17.743249, 49.21153], [17.744393, 49.211902], [17.74987, 49.215021], [17.755317, 49.214897], [17.756268, 49.214627], [17.757252, 49.21809], [17.756301, 49.218361], [17.753882, 49.219587], [17.75006, 49.226871], [17.753458, 49.234759], [17.755021, 49.238002], [17.753798, 49.245055], [17.755422, 49.250371], [17.762103, 49.248716], [17.762697, 49.247277], [17.76345, 49.244604], [17.764083, 49.243476], [17.764718, 49.242724], [17.767217, 49.24012], [17.770759, 49.232838], [17.770405, 49.231347], [17.769503, 49.227728], [17.770047, 49.22368], [17.772407, 49.220961], [17.772652, 49.221173], [17.773202, 49.22178], [17.773638, 49.22258], [17.773793, 49.223087], [17.773872, 49.223714], [17.775234, 49.228095], [17.778361, 49.233127], [17.785258, 49.233826], [17.788527, 49.232319], [17.792336, 49.237474], [17.797647, 49.242386], [17.799509, 49.244271], [17.80631, 49.246081], [17.806976, 49.246194], [17.807622, 49.246335], [17.807883, 49.246416], [17.807432, 49.24777], [17.806816, 49.249854], [17.80622, 49.258341], [17.805247, 49.261807], [17.807171, 49.269302], [17.807147, 49.269363], [17.806127, 49.270494], [17.804329, 49.271988], [17.802478, 49.272587], [17.800628, 49.273187], [17.800355, 49.273256], [17.799893, 49.273373], [17.799368, 49.273388], [17.798862, 49.2733], [17.798334, 49.27308], [17.792189, 49.279412], [17.789401, 49.281975], [17.789055, 49.282389], [17.788354, 49.282852], [17.78768, 49.283024], [17.784299, 49.291052], [17.785973, 49.293258], [17.788102, 49.294679], [17.789008, 49.295127], [17.792636, 49.296196], [17.793017, 49.296251], [17.794551, 49.296423], [17.79494, 49.296444], [17.79747, 49.296221], [17.79808, 49.296186], [17.799609, 49.296331], [17.800375, 49.296342], [17.800984, 49.296371], [17.802222, 49.296551], [17.806551, 49.298185], [17.807111, 49.298357], [17.808777, 49.299444], [17.809411, 49.300044], [17.810297, 49.301023], [17.810618, 49.301967], [17.810485, 49.303586], [17.808625, 49.306668], [17.8082, 49.306412], [17.801566, 49.304506], [17.797763, 49.305809], [17.796735, 49.306281], [17.794891, 49.306386], [17.793886, 49.306454], [17.788286, 49.313344], [17.78811, 49.314087], [17.78797, 49.31449], [17.787732, 49.315003], [17.787421, 49.315509], [17.786193, 49.317537], [17.784196, 49.320533], [17.783252, 49.319931], [17.782703, 49.319541], [17.782036, 49.318946], [17.781574, 49.318312], [17.781329, 49.317469], [17.780927, 49.316294], [17.7722, 49.315979], [17.771983, 49.316311], [17.771883, 49.316381], [17.771592, 49.316526], [17.770733, 49.317002], [17.770032, 49.31701], [17.769289, 49.316878], [17.768887, 49.314695], [17.760882, 49.31281], [17.757542, 49.314416], [17.754403, 49.31618], [17.751181, 49.314828], [17.748146, 49.312892], [17.747893, 49.308627], [17.748007, 49.308434], [17.748552, 49.307711], [17.749023, 49.307304], [17.74915, 49.307209], [17.749811, 49.306819], [17.750615, 49.306547], [17.751229, 49.306347], [17.752326, 49.306136], [17.754199, 49.306293], [17.754792, 49.306531], [17.755407, 49.306807], [17.762974, 49.302776], [17.75854, 49.296191], [17.757985, 49.296071], [17.757461, 49.295849], [17.757081, 49.295593], [17.755929, 49.294455], [17.754325, 49.293517], [17.754016, 49.293359], [17.75362, 49.293098], [17.753178, 49.292744], [17.752461, 49.292065], [17.748909, 49.290255], [17.748403, 49.290209], [17.742572, 49.293503], [17.742492, 49.297785], [17.742156, 49.297754], [17.741266, 49.297523], [17.736811, 49.297606], [17.735007, 49.298291], [17.734731, 49.298327], [17.734595, 49.298339], [17.727533, 49.298493], [17.727201, 49.297146], [17.722227, 49.292009], [17.718575, 49.289941], [17.716507, 49.289664], [17.716046, 49.289616], [17.71563, 49.28959], [17.711455, 49.291214], [17.710227, 49.297627], [17.7106, 49.298529], [17.71108, 49.299651], [17.711259, 49.300078], [17.711658, 49.300952], [17.706211, 49.305224], [17.705996, 49.305387], [17.705618, 49.305582], [17.70533, 49.305685], [17.704283, 49.305697], [17.703276, 49.304214], [17.70294, 49.303763], [17.70119, 49.30194], [17.69426, 49.299833], [17.689343, 49.298252], [17.683168, 49.302355], [17.682193, 49.302591], [17.678845, 49.303327], [17.676824, 49.303865], [17.672365, 49.309734], [17.669408, 49.308023], [17.664174, 49.307202], [17.663945, 49.315266], [17.664522, 49.315773], [17.666433, 49.317077], [17.667074, 49.318523], [17.66656, 49.319904], [17.664535, 49.322566], [17.656119, 49.322304], [17.65561, 49.322209], [17.655082, 49.322041], [17.654479, 49.321739], [17.651799, 49.320369], [17.651267, 49.320207], [17.650788, 49.320033], [17.649515, 49.319647], [17.648607, 49.319402], [17.648103, 49.31933], [17.646582, 49.319149], [17.645974, 49.319018], [17.645521, 49.318865], [17.643132, 49.318304], [17.641533, 49.318265], [17.640728, 49.318213], [17.639705, 49.317905], [17.632856, 49.319269], [17.636034, 49.327251], [17.636959, 49.327557], [17.641109, 49.328469], [17.642622, 49.328678], [17.643961, 49.329027], [17.645422, 49.329639], [17.646873, 49.33047], [17.648298, 49.331176], [17.650748, 49.332901], [17.65124, 49.333189], [17.652431, 49.334036], [17.652956, 49.334334], [17.654325, 49.334976], [17.656993, 49.337631], [17.657642, 49.339073], [17.657882, 49.339704], [17.658165, 49.340445], [17.658141, 49.341575], [17.657744, 49.342425], [17.656529, 49.348395], [17.656548, 49.348654], [17.656529, 49.349303], [17.656402, 49.350429], [17.655093, 49.353849], [17.655066, 49.354187], [17.655882, 49.360428], [17.6616, 49.361514], [17.66394, 49.361015], [17.665083, 49.360524], [17.665646, 49.360299], [17.665956, 49.360192], [17.671799, 49.356119], [17.673133, 49.352738], [17.673186, 49.352614], [17.673841, 49.351123], [17.674208, 49.35033], [17.674264, 49.350275], [17.677129, 49.347575], [17.677797, 49.346872], [17.680949, 49.341165], [17.68121, 49.340848], [17.683301, 49.337697], [17.68544, 49.335588], [17.69116, 49.335573], [17.694558, 49.334382], [17.696872, 49.333371], [17.697469, 49.33312], [17.698725, 49.332604], [17.699529, 49.332282], [17.701491, 49.332592], [17.70165, 49.336189], [17.698012, 49.33884], [17.697411, 49.339437], [17.696721, 49.347269], [17.698833, 49.348817], [17.699695, 49.349233], [17.703958, 49.353306], [17.704301, 49.353549], [17.704482, 49.353709], [17.704189, 49.355055], [17.702108, 49.356415], [17.700882, 49.356479], [17.696149, 49.354998], [17.690643, 49.356708], [17.688617, 49.358442], [17.687271, 49.36178], [17.688185, 49.367706], [17.693136, 49.368872], [17.693677, 49.368916], [17.694108, 49.369023], [17.695295, 49.369351], [17.695598, 49.369446], [17.696852, 49.370629], [17.6975, 49.37417], [17.703008, 49.37727], [17.706453, 49.376224], [17.706685, 49.376318], [17.707806, 49.376765], [17.709125, 49.377381], [17.710432, 49.377892], [17.711261, 49.37819], [17.711717, 49.378429], [17.713361, 49.379836], [17.713848, 49.380398], [17.714024, 49.380713], [17.714243, 49.381597], [17.715162, 49.388293], [17.712967, 49.390231], [17.710188, 49.392578], [17.711987, 49.40132], [17.712374, 49.401928], [17.717297, 49.406829], [17.717926, 49.408204], [17.719291, 49.412838], [17.726048, 49.417106], [17.733987, 49.416781], [17.73524, 49.41619], [17.739317, 49.416206], [17.747483, 49.416413], [17.748354, 49.416566], [17.750539, 49.416975], [17.750257, 49.420564], [17.756673, 49.425762], [17.759721, 49.426393], [17.767527, 49.423366], [17.770977, 49.424393], [17.77547, 49.429037], [17.778687, 49.429421], [17.785293, 49.43085], [17.78875, 49.429649], [17.789087, 49.430488], [17.789551, 49.431345], [17.790701, 49.432674], [17.797963, 49.433965], [17.799635, 49.430777], [17.799918, 49.430926], [17.800439, 49.431241], [17.800918, 49.431571], [17.801317, 49.4319], [17.801599, 49.432193], [17.804137, 49.434553], [17.804525, 49.434923], [17.810903, 49.438938], [17.818459, 49.437717], [17.823576, 49.437939], [17.827837, 49.440276], [17.830298, 49.44202], [17.83036, 49.442844], [17.829997, 49.443358], [17.829096, 49.443822], [17.823754, 49.451013], [17.817864, 49.455101], [17.818111, 49.459825], [17.818797, 49.46096], [17.820687, 49.463256], [17.820927, 49.463592], [17.827355, 49.469758], [17.832242, 49.466899], [17.832674, 49.466459], [17.833378, 49.465926], [17.834008, 49.46565], [17.841952, 49.467906], [17.843711, 49.467778], [17.845321, 49.467882], [17.84653, 49.467906], [17.848157, 49.467887], [17.849541, 49.467778], [17.850873, 49.467644], [17.852858, 49.467232], [17.854263, 49.466972], [17.856522, 49.466373], [17.857874, 49.46574], [17.86202, 49.458455], [17.862563, 49.457061], [17.863229, 49.45507], [17.864426, 49.452053], [17.865763, 49.450711], [17.865891, 49.450687], [17.866553, 49.450573], [17.866716, 49.450621], [17.871692, 49.455315], [17.875941, 49.458467], [17.875469, 49.462036], [17.882935, 49.46615], [17.884685, 49.464655], [17.885012, 49.464327], [17.885457, 49.463976], [17.888164, 49.459388], [17.888314, 49.458763], [17.888384, 49.458692], [17.892581, 49.4569], [17.892689, 49.456902], [17.892919, 49.456917], [17.89628, 49.459462], [17.89739, 49.46148], [17.897371, 49.461606], [17.898723, 49.469915], [17.90271, 49.471613], [17.903954, 49.471653], [17.904661, 49.471697], [17.905544, 49.471998], [17.906282, 49.472759], [17.914729, 49.472852], [17.916314, 49.473103], [17.920627, 49.465345], [17.920546, 49.461746], [17.925587, 49.46103], [17.926031, 49.460979], [17.926659, 49.461014], [17.92739, 49.461204], [17.932836, 49.462313], [17.936946, 49.462767], [17.937604, 49.462948], [17.93802, 49.463098], [17.941187, 49.464695], [17.941549, 49.465475], [17.945253, 49.471127], [17.948414, 49.47285], [17.955987, 49.469885], [17.957427, 49.468251], [17.959247, 49.467365], [17.960554, 49.466527], [17.960646, 49.466511], [17.963746, 49.466242], [17.969249, 49.465722], [17.972865, 49.463605], [17.974164, 49.462572], [17.974651, 49.462476], [17.975006, 49.4625], [17.976451, 49.463915], [17.978791, 49.466297], [17.978823, 49.467036], [17.980384, 49.471375], [17.988085, 49.475082], [17.989392, 49.474768], [17.992937, 49.474139], [17.996061, 49.474412], [17.998202, 49.474479], [17.999297, 49.474513], [17.999188, 49.478111], [17.997079, 49.486337], [17.998533, 49.491731], [17.999701, 49.494694], [18.000594, 49.49881], [18.000054, 49.50237], [18.006519, 49.50785], [18.008366, 49.508469], [18.011376, 49.513179], [18.017637, 49.518906], [18.017844, 49.51906], [18.019138, 49.526367], [18.019286, 49.526784], [18.020127, 49.530902], [18.026939, 49.534785], [18.033816, 49.536198], [18.034793, 49.536147], [18.036213, 49.536165], [18.037189, 49.536175], [18.038348, 49.536173], [18.039475, 49.53614], [18.040004, 49.536127], [18.044956, 49.535414], [18.045273, 49.53549], [18.04617, 49.536408], [18.046224, 49.536611], [18.046278, 49.53725], [18.045903, 49.538335], [18.045836, 49.538405], [18.044428, 49.53899], [18.044111, 49.538913], [18.02894, 49.55114], [18.028556, 49.553944], [18.027465, 49.560045], [18.036421, 49.560527], [18.036958, 49.559968], [18.03722, 49.559728], [18.037412, 49.559612], [18.038284, 49.55929], [18.041461, 49.557738], [18.042422, 49.557051], [18.042875, 49.556784], [18.043746, 49.55658], [18.049052, 49.552628], [18.049315, 49.552351], [18.050212, 49.55154], [18.051605, 49.552381], [18.052626, 49.554212], [18.051713, 49.555052], [18.048559, 49.563449], [18.048734, 49.564515], [18.048738, 49.564861], [18.048312, 49.56601], [18.04714, 49.573041], [18.051805, 49.580255], [18.052372, 49.580472], [18.053474, 49.581077], [18.054627, 49.582029], [18.062825, 49.578877], [18.062979, 49.578172], [18.063131, 49.577855], [18.063656, 49.577003], [18.071632, 49.575416], [18.07288, 49.57534], [18.073008, 49.575388], [18.075195, 49.576144], [18.082232, 49.578464], [18.089063, 49.58127], [18.091803, 49.58036], [18.093863, 49.579887], [18.099126, 49.578247], [18.104446, 49.577103], [18.107331, 49.579256], [18.110562, 49.585866], [18.114007, 49.586538], [18.114499, 49.586558], [18.114604, 49.586572], [18.123524, 49.585381], [18.124251, 49.585107], [18.124882, 49.585181], [18.125217, 49.585483], [18.12559, 49.585972], [18.125523, 49.588474], [18.125429, 49.588739], [18.12468, 49.588854], [18.121699, 49.597315], [18.12282, 49.598313], [18.127717, 49.599617], [18.131587, 49.598744], [18.132767, 49.598562], [18.138661, 49.593843], [18.13956, 49.593562], [18.141115, 49.593472], [18.145689, 49.596636], [18.145818, 49.596817], [18.147046, 49.599108], [18.147272, 49.599574], [18.147475, 49.600097], [18.147524, 49.602844], [18.153345, 49.607585], [18.156469, 49.608422], [18.158964, 49.608874], [18.165258, 49.606434], [18.16584, 49.606231], [18.174384, 49.604633], [18.175792, 49.604906], [18.17644, 49.605494], [18.181814, 49.612391], [18.182221, 49.612595], [18.182871, 49.613128], [18.18879, 49.618383], [18.195452, 49.61789], [18.197754, 49.617051], [18.198066, 49.617793], [18.198345, 49.618886], [18.204317, 49.624713], [18.205864, 49.624719], [18.21223, 49.621579], [18.21349, 49.621009], [18.220298, 49.622551], [18.221902, 49.622967], [18.222005, 49.623065], [18.224165, 49.629023], [18.224372, 49.631564], [18.229187, 49.639068], [18.23155, 49.638374], [18.232564, 49.641829], [18.234772, 49.650008], [18.235995, 49.650282], [18.23724, 49.650582], [18.239602, 49.650828], [18.241457, 49.65123], [18.241889, 49.651323], [18.242577, 49.651649], [18.247776, 49.653587], [18.249956, 49.654104], [18.254492, 49.655178], [18.255574, 49.655445], [18.256604, 49.655722], [18.258926, 49.656399], [18.263213, 49.657743], [18.267479, 49.659081], [18.269716, 49.659754], [18.277581, 49.661486], [18.279751, 49.661791], [18.281636, 49.662008], [18.285087, 49.66236], [18.29093, 49.663006], [18.292216, 49.663192], [18.293663, 49.663425], [18.29516, 49.663696], [18.296841, 49.664036], [18.300771, 49.664965], [18.307733, 49.666347], [18.307389, 49.669931], [18.30635, 49.669831], [18.302093, 49.66902], [18.299878, 49.668453], [18.296068, 49.667552], [18.294447, 49.667225], [18.293024, 49.666968], [18.291645, 49.666747], [18.290414, 49.666569], [18.284722, 49.665941], [18.281271, 49.66559], [18.27934, 49.665368], [18.27708, 49.665051], [18.275117, 49.664719], [18.27015, 49.663606], [18.268762, 49.663225], [18.266444, 49.662529], [18.262136, 49.661178], [18.257848, 49.659833], [18.251863, 49.659325], [18.24624, 49.657778], [18.245609, 49.657502], [18.242747, 49.656331], [18.241146, 49.656001], [18.240647, 49.655877], [18.240252, 49.65576], [18.23235, 49.659467], [18.230712, 49.665611], [18.233125, 49.67002], [18.233482, 49.671206], [18.233727, 49.672606], [18.233866, 49.6734], [18.23032, 49.674021], [18.224696, 49.668355], [18.220904, 49.665054], [18.218974, 49.663551], [18.218903, 49.663475], [18.216091, 49.65978], [18.210478, 49.654675], [18.208479, 49.654616], [18.207658, 49.65461], [18.206878, 49.654586], [18.199637, 49.65033], [18.197384, 49.650151], [18.195132, 49.649973], [18.189768, 49.656646], [18.19262, 49.662875], [18.192223, 49.665528], [18.191443, 49.667115], [18.189755, 49.670751], [18.186182, 49.674011], [18.183045, 49.675942], [18.18247, 49.675873], [18.180223, 49.674708], [18.17798, 49.671049], [18.179729, 49.667902], [18.180776, 49.660375], [18.177308, 49.657877], [18.176838, 49.657751], [18.173414, 49.656868], [18.172401, 49.656888], [18.171885, 49.656855], [18.170466, 49.656632], [18.168055, 49.656143], [18.163005, 49.656258], [18.159324, 49.654293], [18.153631, 49.650253], [18.150333, 49.653161], [18.145077, 49.656777], [18.142817, 49.659466], [18.14084, 49.662965], [18.137363, 49.663898], [18.135069, 49.672575], [18.136271, 49.678611], [18.1358, 49.68218], [18.138818, 49.688856], [18.142367, 49.692402], [18.147687, 49.697731], [18.149994, 49.698572], [18.15093, 49.698829], [18.151409, 49.699039], [18.152831, 49.699902], [18.153849, 49.70054], [18.154469, 49.70097], [18.152416, 49.703927], [18.145291, 49.704161], [18.144693, 49.703584], [18.144271, 49.703068], [18.137537, 49.697883], [18.134173, 49.696658], [18.126201, 49.700268], [18.124915, 49.699465], [18.123986, 49.698911], [18.123394, 49.698108], [18.12317, 49.697685], [18.122849, 49.697139], [18.120877, 49.69501], [18.119356, 49.693619], [18.118117, 49.692578], [18.116944, 49.691851], [18.115743, 49.691115], [18.114536, 49.690455], [18.113888, 49.690108], [18.113111, 49.68969], [18.112815, 49.689533], [18.112656, 49.689445], [18.1123, 49.689253], [18.11155, 49.688842], [18.110279, 49.688156], [18.107719, 49.6872], [18.106839, 49.686722], [18.1023, 49.694434], [18.100903, 49.698001], [18.105481, 49.703958], [18.105878, 49.704061], [18.106596, 49.704292], [18.107449, 49.704597], [18.108507, 49.705051], [18.109581, 49.705561], [18.110571, 49.70612], [18.110961, 49.706403], [18.1112, 49.706573], [18.109112, 49.709506], [18.106973, 49.708308], [18.106031, 49.707906], [18.105397, 49.707686], [18.104604, 49.707449], [18.102641, 49.707059], [18.102071, 49.706904], [18.101602, 49.706749], [18.100587, 49.706295], [18.099651, 49.705802], [18.095225, 49.704733], [18.091676, 49.705322], [18.091464, 49.705238], [18.084183, 49.705414], [18.078264, 49.710407], [18.080723, 49.713947], [18.087219, 49.715684], [18.088904, 49.716185], [18.089452, 49.716689], [18.089976, 49.719094], [18.087674, 49.721862], [18.083856, 49.723902], [18.083721, 49.724042], [18.080882, 49.731533], [18.083387, 49.733169], [18.08453, 49.73394], [18.086239, 49.735197], [18.093404, 49.735711], [18.096045, 49.734359], [18.097688, 49.733915], [18.099432, 49.733609], [18.101391, 49.732889], [18.101487, 49.732863], [18.103263, 49.732419], [18.104664, 49.732199], [18.107338, 49.733522], [18.105077, 49.735775], [18.10472, 49.735854], [18.103732, 49.735988], [18.103995, 49.744915], [18.105283, 49.745161], [18.106359, 49.745342], [18.108798, 49.745379], [18.109285, 49.745403], [18.110014, 49.745518], [18.110382, 49.745635], [18.112018, 49.746222], [18.114626, 49.747096], [18.118207, 49.754773], [18.121976, 49.754312], [18.127509, 49.75287], [18.130671, 49.74803], [18.127408, 49.741712], [18.126514, 49.741202], [18.125408, 49.740316], [18.125014, 49.739788], [18.124717, 49.738673], [18.124531, 49.738152], [18.123489, 49.734645], [18.123775, 49.734406], [18.126881, 49.735425], [18.127698, 49.736538], [18.129776, 49.738794], [18.13641, 49.742352], [18.138958, 49.743411], [18.142392, 49.744469], [18.148221, 49.744828], [18.15241, 49.737047], [18.155586, 49.735351], [18.157841, 49.737543], [18.15719, 49.741083], [18.155757, 49.747412], [18.154985, 49.750928], [18.158534, 49.757376], [18.158399, 49.760973], [18.157713, 49.760947], [18.156628, 49.760884], [18.156261, 49.760883], [18.155532, 49.760849], [18.154906, 49.760811], [18.154485, 49.760755], [18.153391, 49.76052], [18.1456, 49.76345], [18.142569, 49.761509], [18.138762, 49.757205], [18.133544, 49.758749], [18.132155, 49.758773], [18.125778, 49.761555], [18.123555, 49.763633], [18.122952, 49.764441], [18.122325, 49.765084], [18.121452, 49.772375], [18.123019, 49.774339], [18.124587, 49.776303], [18.126206, 49.778336], [18.134483, 49.776778], [18.135763, 49.775526], [18.138722, 49.777577], [18.146498, 49.778189], [18.146892, 49.778375], [18.147449, 49.778602], [18.153605, 49.780317], [18.154789, 49.780233], [18.160405, 49.782912], [18.165341, 49.781166], [18.167226, 49.781045], [18.167608, 49.781163], [18.167901, 49.781276], [18.168582, 49.782733], [18.168509, 49.786149], [18.16474, 49.790937], [18.164579, 49.795248], [18.1713, 49.798865], [18.174596, 49.798941], [18.179847, 49.799081], [18.181708, 49.799179], [18.183539, 49.79931], [18.185394, 49.799487], [18.187167, 49.799686], [18.188687, 49.799897], [18.190195, 49.800129], [18.191508, 49.800336], [18.192848, 49.80058], [18.194298, 49.800877], [18.198677, 49.801972], [18.199542, 49.802257], [18.200702, 49.802701], [18.201405, 49.803006], [18.202089, 49.803352], [18.2028, 49.803907], [18.211488, 49.804565], [18.214457, 49.802289], [18.219122, 49.798873], [18.219849, 49.798397], [18.220685, 49.797908], [18.221701, 49.797357], [18.223851, 49.796222], [18.227791, 49.79576], [18.228924, 49.795588], [18.2299, 49.795471], [18.233275, 49.795308], [18.234129, 49.79532], [18.23408, 49.798919], [18.226368, 49.800955], [18.221157, 49.802008], [18.216647, 49.805146], [18.213678, 49.807422], [18.213045, 49.807813], [18.211042, 49.816029], [18.212098, 49.818272], [18.212916, 49.819807], [18.213737, 49.821085], [18.215103, 49.822852], [18.215578, 49.823446], [18.217293, 49.825459], [18.218367, 49.82689], [18.226526, 49.830659], [18.227549, 49.830385], [18.228017, 49.830272], [18.228505, 49.830184], [18.228978, 49.830124], [18.229414, 49.830096], [18.230297, 49.830098], [18.230796, 49.830141], [18.231196, 49.830198], [18.232222, 49.830379], [18.231594, 49.833924], [18.228444, 49.834623], [18.225351, 49.835234], [18.224703, 49.843664], [18.225525, 49.844407], [18.226398, 49.845126], [18.227011, 49.845607], [18.227708, 49.846106], [18.228307, 49.846505], [18.228964, 49.84689], [18.229559, 49.847213], [18.230101, 49.847481], [18.231247, 49.847963], [18.232091, 49.848266], [18.232873, 49.848508], [18.233849, 49.848767], [18.234448, 49.848902], [18.235358, 49.849075], [18.236835, 49.849305], [18.238016, 49.849447], [18.240449, 49.849754], [18.242896, 49.850062], [18.243784, 49.850182], [18.245949, 49.850572], [18.247118, 49.850907], [18.246195, 49.854387], [18.237565, 49.853019], [18.236405, 49.852879], [18.234807, 49.852633], [18.233779, 49.852439], [18.233061, 49.852279], [18.231955, 49.851989], [18.231032, 49.851706], [18.230038, 49.851354], [18.228713, 49.850803], [18.227978, 49.850447], [18.227252, 49.850057], [18.226493, 49.849615], [18.225723, 49.849109], [18.22492, 49.848538], [18.224182, 49.847963], [18.223236, 49.847186], [18.222293, 49.846338], [18.221113, 49.845148], [18.220316, 49.844243], [18.214209, 49.838193], [18.213832, 49.837757], [18.213562, 49.837279], [18.21345, 49.836132], [18.213779, 49.835357], [18.21442, 49.82763], [18.21284, 49.825783], [18.212294, 49.825103], [18.210882, 49.823277], [18.209895, 49.821765], [18.208927, 49.819975], [18.207787, 49.817566], [18.199986, 49.813946], [18.198304, 49.814039], [18.195822, 49.814175], [18.192552, 49.814359], [18.191771, 49.814412], [18.190633, 49.814518], [18.189835, 49.81463], [18.188944, 49.814794], [18.181536, 49.819265], [18.177232, 49.819823], [18.17658, 49.819988], [18.175685, 49.82017], [18.168726, 49.824757], [18.162863, 49.828809], [18.162525, 49.828886], [18.16089, 49.82883], [18.158223, 49.827672], [18.1496, 49.825214], [18.141122, 49.824449], [18.135978, 49.828896], [18.132683, 49.827445], [18.132898, 49.826959], [18.133238, 49.82632], [18.133632, 49.825704], [18.134077, 49.825113], [18.134569, 49.824549], [18.135239, 49.823883], [18.136002, 49.823241], [18.136182, 49.814565], [18.134364, 49.813231], [18.12548, 49.813446], [18.124221, 49.816364], [18.123488, 49.817804], [18.123265, 49.818193], [18.122531, 49.818604], [18.122466, 49.818628], [18.121017, 49.818007], [18.120839, 49.81766], [18.120141, 49.816403], [18.118347, 49.809681], [18.116433, 49.806631], [18.113405, 49.799079], [18.110069, 49.800165], [18.105492, 49.806442], [18.105414, 49.806509], [18.097961, 49.808194], [18.096215, 49.808168], [18.095768, 49.807809], [18.09567, 49.807677], [18.095283, 49.805788], [18.09022, 49.800852], [18.088966, 49.800251], [18.082494, 49.805505], [18.080595, 49.808564], [18.072773, 49.808318], [18.071411, 49.808299], [18.071365, 49.808279], [18.070983, 49.807927], [18.070749, 49.805341], [18.071055, 49.805133], [18.074739, 49.803004], [18.078269, 49.797435], [18.076992, 49.79118], [18.07641, 49.787627], [18.070857, 49.780689], [18.067426, 49.781436], [18.067149, 49.781383], [18.066137, 49.780838], [18.065435, 49.780023], [18.065062, 49.779193], [18.065365, 49.777608], [18.067936, 49.773619], [18.069024, 49.772292], [18.070397, 49.770829], [18.071116, 49.769513], [18.071685, 49.768988], [18.072646, 49.768362], [18.074155, 49.767804], [18.075256, 49.767559], [18.076841, 49.766747], [18.077675, 49.766094], [18.077006, 49.757568], [18.074106, 49.756623], [18.068702, 49.758924], [18.066488, 49.761099], [18.064142, 49.761474], [18.061867, 49.759209], [18.057524, 49.756983], [18.054861, 49.756687], [18.050151, 49.756859], [18.049657, 49.756993], [18.049573, 49.757017], [18.048176, 49.757345], [18.047503, 49.757407], [18.046498, 49.757079], [18.045645, 49.75606], [18.040233, 49.751155], [18.037231, 49.752702], [18.036495, 49.761514], [18.036566, 49.761694], [18.036637, 49.763437], [18.036822, 49.771176], [18.03883, 49.773825], [18.0392, 49.774253], [18.039525, 49.774708], [18.040228, 49.775908], [18.048347, 49.778062], [18.051285, 49.775982], [18.051865, 49.776801], [18.052673, 49.778374], [18.052268, 49.781036], [18.052451, 49.782409], [18.052833, 49.787542], [18.053078, 49.788308], [18.053176, 49.789135], [18.053083, 49.789938], [18.052571, 49.794772], [18.049057, 49.795554], [18.048713, 49.794011], [18.046463, 49.790034], [18.038009, 49.791017], [18.037335, 49.791236], [18.035524, 49.79161], [18.029656, 49.796888], [18.026414, 49.798451], [18.018401, 49.801352], [18.016552, 49.804441], [18.008364, 49.804361], [18.002863, 49.803886], [18.002411, 49.803624], [17.993649, 49.805008], [17.99268, 49.80662], [17.992256, 49.807271], [17.991928, 49.80769], [17.991547, 49.808066], [17.991123, 49.808401], [17.99012, 49.808191], [17.989959, 49.808128], [17.98889, 49.805578], [17.990562, 49.803155], [17.991501, 49.801591], [17.991747, 49.801245], [17.992089, 49.800882], [17.994413, 49.799181], [17.991369, 49.791595], [17.990868, 49.791437], [17.990303, 49.791198], [17.98971, 49.790852], [17.989195, 49.790434], [17.988473, 49.789638], [17.988113, 49.78872], [17.988303, 49.787602], [17.988939, 49.786851], [17.991732, 49.786652], [17.995809, 49.778885], [17.99617, 49.776909], [17.990694, 49.770014], [17.982205, 49.768539], [17.978285, 49.77097], [17.973642, 49.775652], [17.973397, 49.776207], [17.972957, 49.777344], [17.975641, 49.785508], [17.977507, 49.787086], [17.977705, 49.787287], [17.977218, 49.790674], [17.97677, 49.790638], [17.976371, 49.790572], [17.975588, 49.790227], [17.97262, 49.789054], [17.964153, 49.787595], [17.955745, 49.790446], [17.953715, 49.789865], [17.953558, 49.789694], [17.948642, 49.784411], [17.948594, 49.784371], [17.94823, 49.783315], [17.948294, 49.783044], [17.948715, 49.782211], [17.949886, 49.781329], [17.950617, 49.78076], [17.9513, 49.780306], [17.952263, 49.779763], [17.954014, 49.778815], [17.95441, 49.778543], [17.955851, 49.777747], [17.956452, 49.777531], [17.958459, 49.776874], [17.962028, 49.775575], [17.962444, 49.775365], [17.962766, 49.775234], [17.963252, 49.775083], [17.963746, 49.774971], [17.964698, 49.774848], [17.969501, 49.772746], [17.970051, 49.772403], [17.970856, 49.772018], [17.971164, 49.771843], [17.974539, 49.768829], [17.975033, 49.768523], [17.975671, 49.768214], [17.976157, 49.768011], [17.976688, 49.767744], [17.979953, 49.76556], [17.980323, 49.765371], [17.981618, 49.764588], [17.982116, 49.764254], [17.984796, 49.763334], [17.985117, 49.76317], [17.98643, 49.762514], [17.989459, 49.761079], [17.990011, 49.760806], [17.992273, 49.760093], [17.997067, 49.759701], [17.999127, 49.758732], [17.999212, 49.758674], [18.00216, 49.756299], [18.003056, 49.752051], [17.997239, 49.745632], [17.994931, 49.746795], [17.994815, 49.746885], [17.991637, 49.750487], [17.98849, 49.751067], [17.980599, 49.751883], [17.980033, 49.752304], [17.97949, 49.752533], [17.977396, 49.75306], [17.974908, 49.754183], [17.974585, 49.754276], [17.972393, 49.754805], [17.970074, 49.75536], [17.969094, 49.755479], [17.966846, 49.75536], [17.959187, 49.757759], [17.955625, 49.759484], [17.952737, 49.760114], [17.9498, 49.760754], [17.948813, 49.760937], [17.947028, 49.761173], [17.945113, 49.761336], [17.943282, 49.76149], [17.937815, 49.767009], [17.931876, 49.772517], [17.931566, 49.772982], [17.929769, 49.775151], [17.927489, 49.781444], [17.927177, 49.78202], [17.926718, 49.782656], [17.926207, 49.783189], [17.923627, 49.78599], [17.923208, 49.786441], [17.922457, 49.787028], [17.921647, 49.787411], [17.918143, 49.790139], [17.917409, 49.795496], [17.913823, 49.795808], [17.913538, 49.792536], [17.906082, 49.790724], [17.904332, 49.787579], [17.90623, 49.786522], [17.91199, 49.780985], [17.916713, 49.775854], [17.91693, 49.772261], [17.911559, 49.765537], [17.910399, 49.765694], [17.909881, 49.765736], [17.909562, 49.76574], [17.908681, 49.765816], [17.908371, 49.762229], [17.913847, 49.758133], [17.913665, 49.749266], [17.913475, 49.748945], [17.91325, 49.748349], [17.913119, 49.747534], [17.91296, 49.745909], [17.912897, 49.744933], [17.912944, 49.7443], [17.913119, 49.743657], [17.913306, 49.743208], [17.914941, 49.738767], [17.910715, 49.734197], [17.910196, 49.734016], [17.904227, 49.734887], [17.902533, 49.736402], [17.901442, 49.737981], [17.900766, 49.739974], [17.900311, 49.740724], [17.899093, 49.742176], [17.897492, 49.743913], [17.897001, 49.744257], [17.89645, 49.744548], [17.891824, 49.748469], [17.891503, 49.748869], [17.891157, 49.749208], [17.890634, 49.749591], [17.890041, 49.749872], [17.889572, 49.75001], [17.885367, 49.751278], [17.884724, 49.751506], [17.88439, 49.751596], [17.883845, 49.75172], [17.883099, 49.751839], [17.880323, 49.752213], [17.878337, 49.752329], [17.877788, 49.752437], [17.877246, 49.752519], [17.876846, 49.752532], [17.871131, 49.754554], [17.869059, 49.757376], [17.866996, 49.760184], [17.866155, 49.763939], [17.866143, 49.764723], [17.866192, 49.766552], [17.872145, 49.772706], [17.878302, 49.772009], [17.880138, 49.770685], [17.881019, 49.770109], [17.882991, 49.773121], [17.882187, 49.781991], [17.884049, 49.783164], [17.88612, 49.783912], [17.886902, 49.784343], [17.885165, 49.787496], [17.877227, 49.790957], [17.876893, 49.794542], [17.8757, 49.794431], [17.874314, 49.794257], [17.873299, 49.794061], [17.872319, 49.793816], [17.871426, 49.793705], [17.865066, 49.797233], [17.865182, 49.800547], [17.865549, 49.803286], [17.865043, 49.803732], [17.86216, 49.8045], [17.861517, 49.80301], [17.85789, 49.795281], [17.851657, 49.790835], [17.849628, 49.790913], [17.849489, 49.787316], [17.84576, 49.779638], [17.844396, 49.779652], [17.843064, 49.779565], [17.842144, 49.779431], [17.84158, 49.779391], [17.838996, 49.779316], [17.836896, 49.779295], [17.834611, 49.779309], [17.832299, 49.779323], [17.830456, 49.779308], [17.826548, 49.779475], [17.822882, 49.780143], [17.821895, 49.776681], [17.823446, 49.776239], [17.823784, 49.776156], [17.824204, 49.77608], [17.82622, 49.77589], [17.828096, 49.775718], [17.828537, 49.775694], [17.830486, 49.775708], [17.832329, 49.775723], [17.834589, 49.775709], [17.836874, 49.775695], [17.840327, 49.768687], [17.839808, 49.763066], [17.842257, 49.760427], [17.846786, 49.753974], [17.848648, 49.750892], [17.849844, 49.751218], [17.850342, 49.751356], [17.853813, 49.752033], [17.85457, 49.754267], [17.855423, 49.755458], [17.855954, 49.757563], [17.864075, 49.758081], [17.864996, 49.753601], [17.863965, 49.750152], [17.865922, 49.749798], [17.866841, 49.749575], [17.873198, 49.747809], [17.873706, 49.747789], [17.874803, 49.747872], [17.877895, 49.747784], [17.882611, 49.748272], [17.884135, 49.747895], [17.885581, 49.74723], [17.886445, 49.746975], [17.88967, 49.745001], [17.890292, 49.744248], [17.891136, 49.743502], [17.891876, 49.74277], [17.89229, 49.742422], [17.892975, 49.742002], [17.893452, 49.741783], [17.896406, 49.739779], [17.898014, 49.736881], [17.898219, 49.736322], [17.898482, 49.735701], [17.898767, 49.735199], [17.899369, 49.734453], [17.900064, 49.733782], [17.901826, 49.732204], [17.903554, 49.730658], [17.898888, 49.723219], [17.895844, 49.724003], [17.893058, 49.727458], [17.892636, 49.728188], [17.891905, 49.728999], [17.891326, 49.729469], [17.890679, 49.729836], [17.889096, 49.730467], [17.887326, 49.731074], [17.886309, 49.731728], [17.885751, 49.732022], [17.88523, 49.732267], [17.883148, 49.733124], [17.881509, 49.733728], [17.881104, 49.733663], [17.88005, 49.733502], [17.879325, 49.733052], [17.870551, 49.733949], [17.870324, 49.734185], [17.869302, 49.734998], [17.867505, 49.735852], [17.867188, 49.735981], [17.859456, 49.738113], [17.856823, 49.739309], [17.855648, 49.739654], [17.85139, 49.740158], [17.851024, 49.740147], [17.849479, 49.740044], [17.848864, 49.740057], [17.848039, 49.740043], [17.847236, 49.739914], [17.846551, 49.739673], [17.838553, 49.743719], [17.838488, 49.744411], [17.838327, 49.745148], [17.837917, 49.746041], [17.837471, 49.746612], [17.837087, 49.746926], [17.836731, 49.747132], [17.834231, 49.748837], [17.833044, 49.749114], [17.831069, 49.749903], [17.830461, 49.749948], [17.83024, 49.749928], [17.828843, 49.747074], [17.829292, 49.746721], [17.831461, 49.743948], [17.835316, 49.740109], [17.835634, 49.7394], [17.829938, 49.73274], [17.828308, 49.733408], [17.825645, 49.734025], [17.825334, 49.733471], [17.825139, 49.732974], [17.825443, 49.731276], [17.826828, 49.72571], [17.82705, 49.722117], [17.827434, 49.722073], [17.828467, 49.721919], [17.829318, 49.721825], [17.830092, 49.721792], [17.831883, 49.721807], [17.836069, 49.723894], [17.836548, 49.723925], [17.839954, 49.715627], [17.838588, 49.714652], [17.837041, 49.713576], [17.8364, 49.713083], [17.835265, 49.712101], [17.833372, 49.710505], [17.832882, 49.709903], [17.825121, 49.707324], [17.823812, 49.703971], [17.815818, 49.702264], [17.81426, 49.703688], [17.813002, 49.705054], [17.812371, 49.705908], [17.811855, 49.706603], [17.811372, 49.707315], [17.810589, 49.708701], [17.809831, 49.710401], [17.810532, 49.719002], [17.814304, 49.72167], [17.813009, 49.72286], [17.810667, 49.722701], [17.804599, 49.724042], [17.803373, 49.72485], [17.800141, 49.730044], [17.801939, 49.735201], [17.801152, 49.738714], [17.798294, 49.742847], [17.796417, 49.744026], [17.795811, 49.743699], [17.794697, 49.742686], [17.793475, 49.741423], [17.79287, 49.737874], [17.793081, 49.734655], [17.787737, 49.729362], [17.780165, 49.726813], [17.777158, 49.728792], [17.770403, 49.733058], [17.771247, 49.735762], [17.772797, 49.740294], [17.773864, 49.74186], [17.770889, 49.743886], [17.767209, 49.740994], [17.765664, 49.738468], [17.757834, 49.736641], [17.755604, 49.737938], [17.754876, 49.73825], [17.753977, 49.73863], [17.752577, 49.735313], [17.751305, 49.7268], [17.747463, 49.727295], [17.747042, 49.727376], [17.74675, 49.72744], [17.743856, 49.725699], [17.737115, 49.722672], [17.729522, 49.725758], [17.7287, 49.726554], [17.728053, 49.726872], [17.720278, 49.730052], [17.719542, 49.729113], [17.719279, 49.728734], [17.718956, 49.728121], [17.718611, 49.727353], [17.713014, 49.722906], [17.710382, 49.723058], [17.710156, 49.723057], [17.707256, 49.722352], [17.706521, 49.722147], [17.705949, 49.722016], [17.697289, 49.723662], [17.696187, 49.724933], [17.694757, 49.726225], [17.69041, 49.722073], [17.68929, 49.721188], [17.687325, 49.718535], [17.685309, 49.716716], [17.684304, 49.715872], [17.683974, 49.715509], [17.676849, 49.714099], [17.67409, 49.716412], [17.672156, 49.714619], [17.664336, 49.715047], [17.663302, 49.715262], [17.662425, 49.715453], [17.661766, 49.715488], [17.660081, 49.715575], [17.65168, 49.716472], [17.649428, 49.715066], [17.648892, 49.714596], [17.648779, 49.71445], [17.651294, 49.711983], [17.65135, 49.711987], [17.653961, 49.711796], [17.659868, 49.707953], [17.660451, 49.70464], [17.6612, 49.698142], [17.658815, 49.695445], [17.652418, 49.69199], [17.651185, 49.691165], [17.647417, 49.689719], [17.644751, 49.689259], [17.64258, 49.689179], [17.641987, 49.689162], [17.640658, 49.689033], [17.639052, 49.688622], [17.637315, 49.688121], [17.635736, 49.687657], [17.634338, 49.687458], [17.626824, 49.691651], [17.626227, 49.694853], [17.623412, 49.697289], [17.62168, 49.697984], [17.616353, 49.701515], [17.61421, 49.707018], [17.614097, 49.708086], [17.612287, 49.710062], [17.609685, 49.713439], [17.605814, 49.715386], [17.604759, 49.716008], [17.603215, 49.716546], [17.600186, 49.717177], [17.599122, 49.717354], [17.596446, 49.717964], [17.595638, 49.71809], [17.594706, 49.718175], [17.593562, 49.718249], [17.590202, 49.718332], [17.587977, 49.716006], [17.586969, 49.714086], [17.581128, 49.709464], [17.578858, 49.708825], [17.578245, 49.708582], [17.577447, 49.708019], [17.577017, 49.707605], [17.576602, 49.707035], [17.570655, 49.702737], [17.563984, 49.702234], [17.560648, 49.700883], [17.555632, 49.705671], [17.555038, 49.7065], [17.554466, 49.706888], [17.549948, 49.709715], [17.546705, 49.713768], [17.545737, 49.715624], [17.544843, 49.716308], [17.543898, 49.716744], [17.538702, 49.717782], [17.536728, 49.71815], [17.53423, 49.725875], [17.537265, 49.727157], [17.540536, 49.72856], [17.542836, 49.729961], [17.545006, 49.731216], [17.548179, 49.732835], [17.548905, 49.733312], [17.549347, 49.733686], [17.550642, 49.73503], [17.554837, 49.737911], [17.556581, 49.738668], [17.559448, 49.739636], [17.562251, 49.740584], [17.570241, 49.737825], [17.570491, 49.73755], [17.571434, 49.736518], [17.571571, 49.736454], [17.573054, 49.735997], [17.573169, 49.735986], [17.575052, 49.735843], [17.575227, 49.736832], [17.577996, 49.745119], [17.578298, 49.745514], [17.578634, 49.746031], [17.579025, 49.746738], [17.582192, 49.750929], [17.583896, 49.752756], [17.585569, 49.754557], [17.591596, 49.75905], [17.593773, 49.761625], [17.593877, 49.761782], [17.593544, 49.764221], [17.592593, 49.764392], [17.590878, 49.763774], [17.587889, 49.761846], [17.586381, 49.76068], [17.585714, 49.760129], [17.584968, 49.759341], [17.577233, 49.757027], [17.575776, 49.753735], [17.574726, 49.746802], [17.565831, 49.745618], [17.565342, 49.746008], [17.564748, 49.746357], [17.564209, 49.746597], [17.56338, 49.747032], [17.562729, 49.7474], [17.561832, 49.747788], [17.56133, 49.747952], [17.560566, 49.748126], [17.559002, 49.748589], [17.558263, 49.748667], [17.551296, 49.752257], [17.54638, 49.755485], [17.545861, 49.761704], [17.546096, 49.763279], [17.55064, 49.770529], [17.552982, 49.770897], [17.556194, 49.770446], [17.557321, 49.770724], [17.559462, 49.77102], [17.560242, 49.771045], [17.565251, 49.770784], [17.56689, 49.773989], [17.565909, 49.77449], [17.565439, 49.774675], [17.564449, 49.774901], [17.562283, 49.775049], [17.56165, 49.775012], [17.55898, 49.774728], [17.557674, 49.774663], [17.556863, 49.774453], [17.553683, 49.774478], [17.549905, 49.780336], [17.547127, 49.782625], [17.547072, 49.782592], [17.546454, 49.782261], [17.546085, 49.782075], [17.54567, 49.781886], [17.544885, 49.781243], [17.542825, 49.780015], [17.541934, 49.779511], [17.537574, 49.77891], [17.537134, 49.778729], [17.530974, 49.780768], [17.53202, 49.787325], [17.533418, 49.788247], [17.533964, 49.788498], [17.535391, 49.789079], [17.536183, 49.789389], [17.536369, 49.789457], [17.538725, 49.789992], [17.539475, 49.790228], [17.54029, 49.790603], [17.542369, 49.791072], [17.543286, 49.791192], [17.543767, 49.791277], [17.544226, 49.791397], [17.545776, 49.791788], [17.551578, 49.792227], [17.553171, 49.792477], [17.554204, 49.792744], [17.555695, 49.793008], [17.556774, 49.793147], [17.55741, 49.793254], [17.559044, 49.793613], [17.559622, 49.793768], [17.560441, 49.794015], [17.561011, 49.794147], [17.562527, 49.794426], [17.565315, 49.794991], [17.570557, 49.788464], [17.570136, 49.785972], [17.57352, 49.784745], [17.5737, 49.785241], [17.574227, 49.788214], [17.574428, 49.789702], [17.574308, 49.790755], [17.574163, 49.792793], [17.579848, 49.798614], [17.582506, 49.799425], [17.584535, 49.799749], [17.586611, 49.800037], [17.587005, 49.80013], [17.595313, 49.797252], [17.599533, 49.796765], [17.603073, 49.797423], [17.611543, 49.794982], [17.616853, 49.794521], [17.618007, 49.794394], [17.620089, 49.794061], [17.62089, 49.797571], [17.618606, 49.79848], [17.613703, 49.79941], [17.610511, 49.800357], [17.60993, 49.800494], [17.604789, 49.801822], [17.602028, 49.802642], [17.600924, 49.802849], [17.599611, 49.803031], [17.597922, 49.80303], [17.595669, 49.803349], [17.595134, 49.803422], [17.593122, 49.803437], [17.591915, 49.803527], [17.588959, 49.804048], [17.584353, 49.810251], [17.586083, 49.817556], [17.587208, 49.820975], [17.585492, 49.82154], [17.581003, 49.824022], [17.580847, 49.824123], [17.579097, 49.824411], [17.578037, 49.824653], [17.573946, 49.829836], [17.575464, 49.833459], [17.576374, 49.834799], [17.577121, 49.838415], [17.577821, 49.840871], [17.576035, 49.848404], [17.577062, 49.856379], [17.581646, 49.857405], [17.58362, 49.860416], [17.588035, 49.867629], [17.589786, 49.867121], [17.591536, 49.866613], [17.599829, 49.868938], [17.600314, 49.86903], [17.600823, 49.869238], [17.601421, 49.869686], [17.60187, 49.870366], [17.602038, 49.871209], [17.608364, 49.877144], [17.608422, 49.880743], [17.60642, 49.880775], [17.604419, 49.880807], [17.604005, 49.880788], [17.603597, 49.880722], [17.603062, 49.880528], [17.598921, 49.878634], [17.598299, 49.87843], [17.592014, 49.876166], [17.588971, 49.87628], [17.587437, 49.876317], [17.586853, 49.876271], [17.586208, 49.876118], [17.583799, 49.875249], [17.582667, 49.874816], [17.582283, 49.874692], [17.580681, 49.874332], [17.578734, 49.87394], [17.573653, 49.878923], [17.575001, 49.882261], [17.579737, 49.886422], [17.580093, 49.886657], [17.579783, 49.889187], [17.579723, 49.889236], [17.578105, 49.889659], [17.571853, 49.890003], [17.564594, 49.893074], [17.561053, 49.892426], [17.561226, 49.891478], [17.561604, 49.889791], [17.561979, 49.884991], [17.553377, 49.883026], [17.551225, 49.885725], [17.545844, 49.889021], [17.544602, 49.889635], [17.543939, 49.890005], [17.543304, 49.89029], [17.542575, 49.890548], [17.541291, 49.889707], [17.540654, 49.8889], [17.541375, 49.887153], [17.54428, 49.882404], [17.544613, 49.881604], [17.548078, 49.877695], [17.546083, 49.870033], [17.543722, 49.869238], [17.536286, 49.869704], [17.536002, 49.869899], [17.533962, 49.866932], [17.532159, 49.865236], [17.529525, 49.863334], [17.527816, 49.862016], [17.523033, 49.859916], [17.520313, 49.859296], [17.518436, 49.859005], [17.51579, 49.85865], [17.510806, 49.863557], [17.515041, 49.868169], [17.514726, 49.871755], [17.515118, 49.879176], [17.517286, 49.882161], [17.517636, 49.882882], [17.517905, 49.884064], [17.517816, 49.884899], [17.517322, 49.88608], [17.515495, 49.889135], [17.514248, 49.894418], [17.511206, 49.896343], [17.504607, 49.895392], [17.500543, 49.887812], [17.499402, 49.887237], [17.496907, 49.886312], [17.495615, 49.885913], [17.494686, 49.885661], [17.493703, 49.885372], [17.484833, 49.8851], [17.48138, 49.88612], [17.474944, 49.891967], [17.47182, 49.893757], [17.468757, 49.893038], [17.465223, 49.892352], [17.462378, 49.891937], [17.461767, 49.891962], [17.461266, 49.892006], [17.455204, 49.898497], [17.449627, 49.90421], [17.449384, 49.907523], [17.449844, 49.910088], [17.451844, 49.916594], [17.454099, 49.918078], [17.458209, 49.920532], [17.463706, 49.915381], [17.467143, 49.914311], [17.472451, 49.918592], [17.475995, 49.919225], [17.475837, 49.920109], [17.475421, 49.921499], [17.474959, 49.922566], [17.474766, 49.922942], [17.474471, 49.923418], [17.474009, 49.923989], [17.473564, 49.924397], [17.473195, 49.924662], [17.472578, 49.925013], [17.471932, 49.925287], [17.466069, 49.927897], [17.460751, 49.933549], [17.459484, 49.933964], [17.453665, 49.935877], [17.452956, 49.93631], [17.452228, 49.936687], [17.451159, 49.937042], [17.45, 49.93722], [17.449022, 49.937218], [17.443199, 49.943438], [17.443391, 49.946509], [17.445139, 49.949659], [17.447497, 49.953905], [17.448758, 49.956059], [17.449097, 49.956792], [17.449855, 49.958582], [17.450543, 49.960467], [17.447162, 49.961702], [17.442933, 49.957179], [17.442443, 49.954124], [17.442418, 49.953839], [17.441992, 49.951406], [17.434679, 49.947254], [17.434631, 49.947101], [17.434419, 49.946437], [17.434289, 49.945682], [17.434418, 49.944734], [17.436612, 49.937798], [17.436619, 49.93458], [17.431891, 49.928049], [17.429915, 49.927484], [17.423662, 49.925916], [17.422781, 49.925882], [17.415926, 49.926963], [17.414569, 49.926925], [17.407059, 49.925129], [17.402671, 49.925425], [17.394587, 49.922325], [17.393927, 49.922118], [17.390189, 49.920462], [17.383865, 49.918528], [17.378166, 49.91738], [17.371419, 49.918449], [17.366117, 49.921477], [17.361803, 49.924641], [17.358217, 49.92496], [17.358182, 49.924562], [17.35852, 49.922322], [17.358611, 49.920374], [17.356877, 49.913297], [17.356437, 49.906579], [17.356315, 49.905469], [17.355782, 49.901236], [17.355671, 49.900681], [17.351604, 49.8945], [17.348774, 49.894044], [17.345966, 49.893591], [17.342873, 49.893489], [17.342188, 49.893495], [17.340593, 49.892962], [17.339902, 49.891816], [17.337302, 49.88913], [17.335932, 49.887959], [17.3353, 49.886848], [17.334495, 49.885655], [17.334269, 49.885316], [17.333561, 49.884206], [17.336596, 49.88227], [17.337304, 49.883381], [17.337995, 49.884253], [17.341173, 49.886625], [17.342039, 49.887454], [17.346496, 49.89003], [17.349347, 49.89049], [17.356377, 49.88668], [17.356076, 49.883801], [17.355897, 49.883304], [17.355771, 49.882777], [17.355702, 49.882259], [17.351566, 49.876439], [17.351399, 49.872843], [17.352202, 49.869623], [17.35823, 49.862978], [17.359078, 49.861826], [17.360791, 49.860099], [17.362224, 49.8586], [17.36453, 49.856233], [17.365754, 49.85384], [17.366434, 49.852005], [17.366818, 49.850795], [17.359025, 49.846788], [17.356581, 49.849485], [17.356387, 49.849456], [17.356249, 49.849435], [17.353981, 49.848371], [17.353594, 49.848071], [17.353167, 49.847552], [17.347611, 49.842829], [17.346442, 49.842542], [17.343002, 49.841731], [17.342653, 49.841633], [17.34214, 49.841407], [17.341739, 49.841134], [17.337847, 49.838541], [17.336495, 49.838344], [17.333376, 49.846657], [17.333782, 49.847132], [17.334675, 49.848612], [17.335093, 49.849637], [17.335964, 49.85097], [17.33454, 49.854276], [17.327401, 49.859353], [17.328254, 49.862548], [17.328385, 49.864686], [17.328393, 49.864797], [17.328324, 49.865273], [17.32765, 49.873276], [17.327819, 49.874626], [17.324432, 49.874736], [17.317234, 49.874191], [17.313836, 49.874892], [17.308235, 49.881341], [17.308062, 49.883083], [17.308071, 49.883872], [17.308248, 49.886865], [17.309457, 49.892646], [17.3112, 49.897046], [17.314914, 49.901929], [17.315395, 49.902462], [17.316823, 49.904403], [17.317362, 49.904978], [17.321977, 49.907188], [17.326416, 49.905831], [17.327955, 49.904906], [17.329424, 49.904142], [17.330307, 49.903844], [17.332861, 49.90319], [17.334001, 49.902655], [17.335794, 49.905777], [17.335333, 49.906077], [17.33408, 49.906577], [17.328002, 49.90959], [17.325349, 49.911154], [17.321226, 49.910709], [17.318327, 49.91009], [17.318007, 49.910001], [17.317504, 49.909775], [17.315026, 49.907716], [17.314226, 49.906897], [17.312508, 49.904613], [17.312276, 49.904379], [17.3107, 49.903269], [17.304495, 49.909351], [17.30554, 49.911744], [17.305851, 49.913265], [17.305822, 49.91413], [17.30556, 49.915132], [17.305075, 49.916111], [17.304764, 49.91655], [17.304395, 49.916884], [17.304014, 49.91712], [17.303595, 49.917303], [17.30185, 49.917866], [17.300028, 49.918451], [17.298811, 49.927204], [17.302654, 49.929591], [17.303482, 49.929777], [17.304154, 49.930007], [17.307323, 49.931017], [17.310069, 49.932234], [17.310107, 49.932245], [17.314171, 49.93547], [17.312947, 49.938856], [17.310635, 49.93802], [17.305827, 49.936975], [17.303006, 49.935657], [17.297798, 49.934713], [17.295481, 49.934802], [17.293154, 49.934892], [17.290828, 49.934981], [17.288501, 49.935071], [17.282153, 49.941227], [17.282219, 49.942626], [17.283001, 49.945293], [17.283088, 49.945502], [17.281833, 49.947718], [17.280088, 49.954618], [17.277033, 49.956521], [17.275238, 49.953639], [17.27505, 49.9533], [17.274809, 49.952495], [17.274351, 49.950835], [17.274686, 49.947251], [17.272646, 49.942177], [17.26388, 49.943959], [17.263357, 49.944243], [17.262822, 49.944483], [17.258156, 49.946854], [17.254241, 49.948323], [17.253375, 49.948732], [17.252725, 49.949011], [17.251303, 49.945704], [17.254707, 49.942077], [17.254766, 49.941991], [17.258223, 49.937389], [17.253826, 49.932061], [17.253372, 49.931877], [17.252716, 49.931475], [17.252361, 49.931181], [17.252191, 49.931049], [17.249383, 49.929602], [17.247446, 49.928784], [17.247045, 49.92858], [17.243322, 49.925725], [17.241731, 49.922932], [17.234117, 49.924951], [17.227234, 49.927273], [17.225342, 49.927575], [17.225064, 49.927377], [17.224063, 49.925568], [17.223674, 49.918724], [17.219015, 49.913285], [17.217775, 49.912731], [17.210204, 49.912928], [17.208166, 49.915039], [17.207854, 49.915432], [17.207228, 49.915968], [17.206934, 49.916129], [17.206416, 49.916369], [17.205049, 49.916915], [17.204321, 49.91714], [17.20329, 49.917395], [17.202502, 49.917607], [17.201772, 49.917709], [17.201379, 49.917686], [17.200916, 49.917592], [17.192253, 49.917251], [17.191643, 49.917339], [17.191107, 49.917368], [17.189941, 49.917365], [17.187684, 49.917422], [17.184465, 49.917905], [17.184215, 49.917658], [17.183925, 49.917356], [17.181933, 49.915741], [17.18202, 49.915468], [17.182388, 49.914819], [17.182977, 49.914343], [17.183501, 49.914134], [17.183974, 49.914066], [17.184864, 49.914117], [17.187302, 49.913842], [17.188027, 49.913742], [17.188511, 49.913703], [17.188865, 49.913698], [17.190153, 49.913771], [17.191107, 49.913768], [17.191912, 49.913646], [17.193424, 49.904957], [17.190235, 49.903874], [17.188877, 49.903424], [17.188565, 49.903303], [17.188041, 49.903023], [17.18644, 49.902016], [17.184771, 49.901325], [17.184286, 49.901105], [17.183898, 49.900894], [17.183394, 49.900506], [17.176666, 49.898725], [17.170141, 49.895598], [17.16965, 49.895464], [17.16915, 49.895297], [17.168745, 49.895139], [17.168195, 49.894842], [17.166966, 49.894347], [17.16551, 49.89376], [17.158339, 49.89794], [17.156831, 49.901209], [17.15547, 49.900582], [17.148799, 49.903866], [17.149085, 49.907455], [17.148775, 49.907567], [17.14695, 49.91627], [17.148948, 49.918406], [17.149842, 49.919103], [17.152358, 49.922291], [17.15758, 49.924737], [17.158004, 49.924807], [17.158667, 49.925017], [17.160168, 49.925624], [17.168511, 49.925259], [17.171683, 49.925843], [17.172616, 49.92594], [17.173077, 49.927129], [17.173378, 49.928215], [17.17559, 49.935462], [17.176096, 49.936129], [17.173322, 49.938424], [17.171691, 49.937049], [17.170723, 49.936359], [17.162654, 49.939846], [17.162649, 49.941334], [17.162767, 49.942048], [17.162663, 49.942708], [17.16254, 49.943284], [17.161942, 49.944595], [17.160921, 49.945089], [17.160022, 49.945003], [17.159515, 49.94477], [17.158395, 49.944161], [17.157907, 49.940734], [17.157764, 49.94002], [17.156295, 49.936449], [17.151688, 49.933254], [17.1486, 49.931402], [17.141706, 49.928534], [17.138717, 49.933602], [17.136036, 49.936004], [17.135743, 49.935677], [17.135279, 49.934838], [17.134226, 49.933207], [17.134003, 49.932812], [17.133768, 49.932069], [17.133809, 49.930731], [17.129751, 49.923346], [17.12551, 49.918398], [17.120365, 49.920717], [17.118947, 49.928139], [17.119531, 49.929046], [17.116505, 49.930995], [17.113445, 49.938276], [17.111026, 49.940948], [17.110319, 49.941313], [17.107845, 49.942545], [17.101738, 49.940937], [17.096587, 49.940288], [17.09421, 49.938523], [17.093276, 49.937844], [17.089691, 49.935994], [17.089825, 49.934553], [17.082097, 49.930477], [17.080491, 49.931721], [17.079948, 49.932133], [17.077628, 49.934782], [17.076519, 49.935702], [17.075018, 49.937006], [17.072383, 49.93628], [17.07202, 49.936061], [17.071765, 49.93589], [17.063434, 49.938871], [17.066042, 49.947002], [17.066936, 49.947289], [17.067301, 49.947456], [17.06837, 49.948049], [17.068841, 49.948458], [17.071537, 49.950288], [17.071978, 49.950551], [17.072744, 49.951313], [17.076607, 49.95393], [17.077727, 49.954414], [17.078284, 49.954745], [17.076724, 49.95799], [17.07648, 49.957873], [17.07451, 49.957074], [17.073113, 49.95642], [17.072706, 49.956189], [17.071945, 49.955808], [17.071112, 49.955168], [17.070736, 49.954901], [17.070271, 49.954482], [17.068591, 49.953185], [17.068046, 49.952882], [17.060299, 49.954364], [17.05946, 49.95395], [17.051981, 49.958502], [17.053321, 49.964699], [17.058387, 49.965106], [17.058762, 49.964989], [17.059258, 49.964889], [17.060298, 49.964575], [17.060976, 49.964295], [17.061891, 49.963997], [17.062394, 49.963936], [17.062998, 49.963996], [17.063504, 49.964167], [17.063723, 49.964275], [17.070907, 49.968079], [17.072232, 49.967255], [17.073144, 49.968225], [17.073239, 49.968326], [17.074171, 49.969957], [17.079101, 49.975315], [17.0789, 49.976389], [17.07888, 49.976437], [17.077839, 49.978686], [17.077079, 49.978402], [17.071211, 49.976582], [17.070612, 49.97642], [17.070298, 49.976304], [17.070102, 49.976221], [17.064474, 49.97397], [17.064045, 49.97387], [17.063619, 49.973721], [17.063366, 49.973621], [17.062861, 49.973387], [17.062032, 49.972856], [17.06104, 49.972174], [17.05621, 49.96989], [17.055266, 49.969523], [17.052896, 49.968646], [17.052375, 49.968458], [17.051707, 49.968073], [17.049035, 49.966454], [17.048626, 49.966286], [17.040331, 49.969172], [17.038127, 49.971355], [17.034923, 49.978564], [17.037925, 49.984719], [17.038459, 49.985231], [17.038623, 49.985578], [17.038079, 49.986108], [17.037671, 49.98643], [17.035966, 49.987829], [17.034123, 49.996128], [17.03748, 50.001218], [17.040555, 50.002753], [17.042163, 50.003204], [17.043064, 50.003522], [17.043393, 50.003705], [17.043149, 50.005901], [17.042975, 50.006172], [17.04164, 50.00685], [17.041111, 50.006647], [17.039583, 50.006219], [17.03201, 50.010141], [17.03164, 50.010729], [17.030932, 50.011392], [17.030555, 50.01156], [17.030275, 50.011404], [17.026121, 50.009494], [17.020186, 50.008108], [17.017643, 50.003408], [17.015246, 50.000722], [17.011926, 49.99876], [17.004898, 50.003893], [17.004707, 50.006355], [17.004649, 50.006454], [17.003592, 50.007256], [17.002695, 50.007432], [17.002656, 50.00742], [16.994466, 50.008786], [16.99337, 50.009807], [16.99201, 50.011025], [16.988819, 50.014503], [16.986824, 50.01668], [16.984065, 50.014367], [16.985037, 50.013207], [16.985127, 50.013077], [16.985718, 50.012459], [16.986987, 50.010681], [16.987633, 50.009971], [16.988186, 50.009515], [16.989717, 50.00825], [16.990965, 50.007128], [16.993112, 50.004303], [16.993329, 50.003917], [16.993996, 50.003215], [16.990704, 49.995105], [16.989621, 49.993505], [16.989116, 49.992137], [16.984356, 49.989471], [16.980326, 49.994801], [16.976326, 49.999727], [16.973232, 50.001566], [16.969646, 50.004861], [16.969304, 50.005484], [16.968947, 50.005846], [16.968415, 50.006163], [16.967691, 50.006342], [16.967222, 50.00636], [16.966773, 50.006322], [16.96616, 50.00617], [16.96546, 50.005845], [16.962803, 50.004394], [16.962155, 50.004194], [16.961414, 50.003872], [16.955556, 50.003719], [16.95196, 50.007069], [16.951039, 50.011567], [16.950911, 50.012243], [16.950642, 50.014881], [16.950433, 50.015376], [16.952202, 50.023887], [16.952177, 50.02502], [16.951483, 50.025973], [16.949031, 50.028155], [16.947811, 50.028427], [16.947065, 50.028277], [16.945969, 50.027894], [16.944321, 50.025805], [16.94346, 50.024689], [16.943619, 50.022213], [16.943365, 50.019323], [16.94341, 50.018532], [16.940445, 50.011241], [16.936173, 50.011021], [16.934809, 50.00769], [16.929284, 50.001627], [16.928004, 50.001712], [16.927211, 50.001683], [16.925599, 50.001747], [16.92047, 50.005721], [16.920457, 50.009471], [16.919972, 50.009544], [16.916181, 50.009875], [16.915349, 50.009865], [16.914735, 50.009794], [16.914145, 50.009641], [16.913427, 50.009318], [16.911761, 50.00836], [16.904003, 50.012662], [16.903825, 50.013542], [16.903394, 50.021827], [16.903752, 50.026145], [16.906146, 50.031062], [16.906398, 50.031453], [16.906623, 50.031915], [16.904967, 50.032996], [16.903507, 50.033466], [16.903388, 50.033494], [16.896539, 50.031557], [16.893414, 50.028627], [16.893349, 50.028481], [16.893114, 50.027946], [16.893693, 50.022838], [16.886909, 50.019965], [16.886364, 50.020008], [16.883392, 50.020424], [16.882789, 50.020666], [16.881143, 50.021663], [16.880437, 50.022047], [16.874192, 50.028316], [16.874276, 50.028885], [16.87386, 50.031143], [16.873734, 50.031185], [16.872898, 50.03128], [16.872274, 50.031139], [16.871218, 50.030784], [16.868377, 50.027703], [16.86817, 50.023342], [16.868172, 50.021609], [16.867631, 50.019197], [16.867413, 50.018052], [16.866938, 50.012964], [16.86674, 50.012305], [16.865099, 50.00945], [16.865388, 50.009052], [16.865952, 50.008091], [16.866608, 50.006711], [16.867928, 50.006009], [16.872179, 49.999917], [16.872635, 49.999503], [16.873236, 49.999143], [16.873863, 49.998853], [16.875726, 49.99824], [16.878205, 49.991846], [16.871013, 49.989497], [16.870112, 49.990093], [16.867797, 49.987336], [16.862919, 49.982462], [16.862291, 49.982164], [16.861512, 49.981019], [16.859847, 49.979264], [16.859399, 49.977491], [16.858791, 49.974401], [16.858539, 49.973057], [16.851126, 49.968867], [16.84907, 49.970248], [16.846729, 49.972515], [16.845639, 49.973865], [16.844536, 49.974285], [16.844736, 49.983193], [16.846844, 49.986111], [16.850873, 49.993451], [16.853432, 49.993351], [16.855662, 49.993223], [16.8577, 49.996272], [16.856556, 49.996755], [16.855786, 49.996992], [16.855244, 49.997069], [16.853921, 49.996979], [16.853249, 49.996946], [16.851025, 49.997048], [16.850648, 49.997052], [16.844499, 50.002331], [16.844717, 50.004725], [16.844753, 50.005475], [16.844562, 50.006509], [16.845892, 50.011029], [16.851993, 50.013061], [16.852842, 50.01384], [16.854108, 50.015137], [16.854397, 50.01549], [16.854776, 50.016589], [16.85477, 50.017631], [16.854707, 50.018459], [16.854518, 50.018976], [16.854135, 50.019544], [16.853798, 50.020143], [16.853384, 50.020628], [16.852887, 50.020983], [16.851751, 50.021544], [16.850931, 50.021855], [16.847873, 50.017581], [16.841552, 50.02036], [16.840956, 50.020758], [16.840104, 50.020961], [16.836441, 50.021945], [16.834923, 50.020619], [16.834766, 50.020139], [16.834768, 50.019099], [16.834777, 50.018486], [16.82896, 50.012249], [16.827887, 50.012457], [16.82731, 50.012409], [16.825598, 50.009196], [16.826306, 50.008928], [16.826952, 50.008812], [16.828665, 50.008364], [16.831443, 50.007819], [16.831966, 50.007738], [16.836021, 50.006036], [16.837756, 49.997973], [16.835288, 49.996222], [16.829942, 49.996949], [16.82857, 49.997939], [16.827848, 49.998372], [16.827402, 49.998485], [16.8268, 49.998508], [16.826372, 49.998433], [16.82344, 49.998083], [16.815201, 49.994495], [16.808795, 49.999919], [16.806421, 50.002712], [16.80606, 50.003055], [16.805413, 50.003696], [16.802718, 50.006256], [16.80159, 50.008217], [16.802373, 50.016277], [16.802706, 50.016866], [16.79979, 50.018977], [16.795454, 50.019771], [16.790786, 50.022791], [16.787793, 50.024389], [16.787519, 50.024294], [16.787063, 50.024068], [16.786355, 50.023377], [16.78605, 50.022868], [16.784521, 50.020058], [16.782642, 50.016987], [16.782835, 50.016835], [16.785718, 50.016984], [16.788261, 50.015934], [16.788756, 50.015647], [16.789337, 50.015416], [16.791886, 50.012451], [16.787661, 50.006569], [16.786211, 50.003274], [16.778938, 50.000632], [16.777683, 50.001001], [16.776374, 50.001296], [16.774947, 50.001711], [16.774246, 50.001984], [16.773307, 50.002411], [16.772722, 50.002697], [16.771914, 50.003123], [16.77094, 50.003268], [16.763241, 50.006762], [16.76168, 50.010006], [16.756212, 50.012189], [16.755619, 50.012172], [16.748926, 50.0179], [16.746239, 50.019213], [16.745039, 50.019078], [16.744703, 50.018817], [16.744162, 50.016272], [16.743845, 50.008192], [16.741627, 50.006761], [16.741526, 50.006723], [16.740693, 50.003972], [16.74083, 50.003822], [16.744748, 50.001236], [16.745152, 50.000729], [16.746939, 49.993874], [16.743468, 49.991432], [16.742281, 49.9911], [16.741203, 49.990974], [16.740649, 49.990868], [16.740222, 49.990707], [16.738961, 49.990308], [16.738013, 49.990119], [16.737451, 49.990049], [16.737897, 49.986477], [16.738459, 49.986547], [16.739651, 49.986775], [16.74055, 49.986949], [16.74833, 49.983598], [16.748846, 49.982317], [16.749038, 49.981705], [16.749915, 49.977245], [16.749867, 49.976138], [16.75073, 49.972245], [16.743725, 49.966733], [16.743296, 49.966818], [16.741775, 49.967349], [16.741452, 49.967464], [16.741077, 49.967559], [16.740629, 49.967633], [16.739272, 49.96774], [16.738548, 49.967733], [16.738035, 49.967664], [16.737371, 49.967439], [16.73542, 49.966347], [16.734435, 49.965751], [16.731128, 49.96452], [16.727937, 49.972631], [16.728284, 49.973189], [16.728449, 49.973885], [16.728289, 49.974782], [16.728062, 49.975254], [16.727351, 49.976138], [16.725907, 49.97746], [16.724633, 49.978141], [16.72362, 49.978642], [16.717674, 49.97416], [16.717347, 49.970574], [16.718312, 49.966638], [16.712027, 49.960881], [16.71159, 49.960857], [16.710585, 49.960862], [16.707735, 49.961248], [16.706908, 49.961495], [16.706054, 49.961727], [16.701673, 49.963999], [16.700294, 49.96475], [16.699468, 49.965069], [16.698792, 49.965223], [16.696858, 49.965573], [16.696178, 49.965643], [16.695652, 49.96565], [16.695032, 49.965579], [16.694739, 49.965502], [16.695652, 49.96202], [16.695257, 49.954816], [16.695433, 49.951221], [16.696748, 49.951285], [16.697202, 49.951357], [16.69766, 49.951495], [16.703506, 49.952607], [16.706258, 49.954928], [16.71384, 49.954111], [16.714348, 49.954367], [16.715345, 49.955716], [16.721413, 49.959246], [16.723973, 49.959275], [16.72442, 49.959324], [16.725215, 49.959501], [16.727784, 49.960221], [16.729935, 49.960826], [16.731554, 49.960779], [16.73595, 49.95464], [16.731895, 49.950953], [16.731433, 49.950775], [16.730188, 49.950112], [16.729731, 49.949699], [16.729026, 49.948897], [16.727339, 49.947721], [16.722739, 49.943391], [16.720364, 49.942178], [16.719891, 49.941858], [16.719339, 49.941204], [16.717794, 49.938728], [16.717678, 49.937229], [16.718817, 49.931868], [16.720954, 49.929972], [16.721863, 49.92995], [16.727102, 49.932486], [16.732267, 49.931252], [16.737811, 49.926391], [16.738661, 49.926122], [16.739604, 49.926009], [16.740398, 49.925994], [16.745038, 49.918675], [16.744009, 49.915225], [16.737032, 49.910829], [16.734155, 49.908667], [16.735689, 49.903345], [16.738648, 49.903193], [16.74482, 49.901088], [16.746281, 49.89372], [16.748481, 49.891861], [16.751635, 49.887199], [16.75203, 49.886676], [16.753322, 49.885409], [16.758986, 49.881987], [16.759725, 49.878177], [16.759826, 49.877342], [16.752866, 49.872139], [16.750605, 49.870845], [16.74966, 49.870434], [16.748955, 49.87016], [16.747456, 49.869495], [16.746706, 49.86914], [16.743473, 49.867986], [16.735682, 49.869264], [16.735171, 49.869555], [16.73455, 49.869805], [16.731513, 49.870479], [16.730995, 49.870423], [16.73047, 49.870291], [16.728716, 49.869767], [16.726504, 49.868495], [16.723181, 49.865713], [16.72191, 49.865429], [16.719873, 49.865023], [16.716041, 49.87289], [16.716804, 49.873885], [16.718737, 49.875703], [16.720278, 49.876649], [16.718394, 49.879717], [16.710066, 49.881164], [16.707161, 49.883291], [16.703147, 49.890804], [16.701671, 49.899275], [16.702037, 49.900119], [16.705806, 49.904586], [16.703998, 49.907699], [16.702017, 49.906549], [16.701438, 49.906093], [16.696074, 49.901475], [16.695732, 49.901065], [16.695362, 49.900217], [16.692678, 49.895798], [16.692495, 49.894277], [16.690934, 49.890672], [16.689964, 49.889486], [16.6817, 49.888422], [16.679496, 49.888037], [16.678098, 49.88787], [16.676652, 49.887629], [16.675898, 49.887517], [16.66865, 49.882245], [16.667574, 49.8831], [16.66209, 49.888934], [16.661903, 49.890325], [16.661553, 49.892494], [16.6608, 49.894204], [16.66029, 49.894927], [16.659911, 49.895242], [16.659711, 49.895379], [16.657564, 49.892626], [16.657775, 49.889829], [16.654315, 49.883338], [16.650885, 49.882245], [16.646093, 49.883095], [16.646046, 49.883101], [16.644434, 49.883396], [16.643642, 49.883439], [16.638875, 49.884576], [16.635781, 49.885555], [16.635751, 49.885547], [16.634442, 49.883691], [16.634444, 49.88367], [16.635093, 49.881543], [16.635185, 49.881298], [16.636741, 49.874766], [16.638123, 49.872865], [16.63879, 49.872214], [16.639624, 49.871385], [16.643843, 49.863841], [16.642222, 49.860271], [16.642243, 49.860148], [16.642473, 49.859508], [16.642884, 49.858868], [16.644096, 49.857814], [16.644598, 49.857263], [16.646238, 49.855845], [16.647175, 49.848404], [16.647158, 49.848312], [16.64291, 49.841982], [16.63488, 49.842748], [16.634004, 49.843372], [16.633747, 49.84353], [16.633469, 49.84367], [16.630792, 49.844879], [16.629579, 49.845801], [16.628816, 49.846355], [16.626581, 49.843533], [16.620397, 49.837463], [16.61161, 49.835561], [16.610027, 49.832328], [16.603742, 49.826612], [16.602311, 49.826469], [16.594286, 49.830273], [16.593851, 49.837751], [16.595884, 49.840955], [16.596022, 49.841183], [16.596837, 49.84237], [16.597052, 49.84378], [16.596936, 49.844412], [16.596109, 49.847341], [16.592509, 49.847363], [16.585172, 49.848007], [16.582931, 49.850709], [16.575824, 49.855275], [16.573767, 49.858229], [16.568123, 49.861707], [16.565207, 49.859595], [16.56357, 49.851844], [16.563069, 49.848279], [16.565393, 49.844124], [16.565649, 49.843953], [16.566175, 49.843677], [16.566826, 49.843452], [16.570215, 49.841619], [16.572841, 49.840121], [16.573194, 49.83993], [16.573665, 49.839739], [16.576897, 49.838609], [16.579335, 49.837787], [16.581754, 49.836973], [16.584172, 49.836159], [16.58874, 49.832734], [16.58963, 49.831005], [16.586411, 49.823298], [16.586222, 49.822599], [16.58255, 49.818015], [16.576658, 49.823025], [16.575574, 49.82346], [16.575164, 49.823479], [16.573412, 49.823397], [16.571276, 49.822571], [16.570275, 49.821134], [16.570262, 49.820899], [16.570276, 49.820564], [16.567555, 49.813915], [16.565429, 49.812474], [16.564363, 49.810807], [16.563769, 49.809859], [16.563275, 49.809124], [16.555123, 49.80563], [16.554235, 49.805742], [16.552612, 49.805809], [16.551293, 49.805913], [16.549921, 49.805925], [16.548964, 49.805964], [16.548411, 49.805924], [16.548057, 49.80585], [16.544157, 49.805179], [16.542465, 49.804908], [16.541819, 49.804826], [16.534509, 49.801516], [16.533547, 49.798819], [16.533319, 49.798342], [16.533109, 49.796127], [16.53631, 49.794479], [16.534005, 49.785922], [16.533041, 49.782453], [16.530179, 49.777238], [16.521617, 49.777213], [16.521096, 49.77769], [16.52033, 49.778243], [16.517876, 49.779853], [16.516711, 49.780868], [16.515157, 49.782595], [16.514634, 49.783123], [16.514311, 49.783408], [16.513661, 49.783901], [16.513051, 49.784279], [16.51229, 49.784686], [16.506794, 49.788645], [16.505119, 49.790359], [16.504522, 49.790746], [16.504204, 49.79092], [16.503524, 49.791236], [16.502836, 49.791489], [16.502047, 49.791718], [16.501247, 49.791886], [16.50083, 49.791959], [16.497307, 49.79252], [16.493232, 49.799697], [16.500425, 49.803909], [16.502357, 49.802437], [16.503619, 49.802176], [16.51099, 49.804745], [16.512551, 49.804491], [16.513722, 49.804218], [16.517104, 49.803811], [16.519407, 49.803402], [16.520037, 49.806946], [16.517734, 49.807356], [16.510408, 49.809654], [16.507881, 49.808867], [16.504711, 49.809236], [16.50383, 49.809169], [16.497829, 49.815784], [16.501317, 49.820359], [16.502086, 49.820696], [16.501258, 49.82612], [16.499428, 49.827691], [16.498039, 49.827732], [16.497747, 49.827148], [16.496653, 49.825007], [16.491313, 49.820713], [16.490565, 49.819165], [16.485413, 49.813642], [16.484687, 49.812981], [16.484105, 49.812043], [16.483941, 49.811719], [16.48378, 49.811132], [16.476496, 49.80662], [16.472909, 49.806319], [16.470728, 49.806201], [16.469015, 49.806212], [16.467162, 49.804815], [16.459002, 49.804032], [16.456665, 49.805964], [16.455933, 49.806283], [16.455159, 49.806543], [16.454531, 49.806708], [16.450297, 49.807996], [16.449017, 49.808427], [16.447887, 49.808754], [16.446895, 49.809008], [16.443609, 49.809792], [16.437197, 49.811772], [16.435083, 49.81258], [16.432934, 49.813401], [16.431776, 49.813817], [16.430265, 49.814312], [16.428945, 49.814702], [16.427607, 49.815059], [16.425554, 49.815581], [16.423574, 49.81607], [16.421624, 49.816552], [16.420051, 49.816969], [16.418908, 49.817299], [16.417667, 49.817692], [16.410447, 49.820874], [16.408486, 49.82204], [16.405994, 49.82358], [16.405302, 49.823986], [16.403926, 49.82473], [16.402213, 49.821564]]], "type": "Polygon"}}], "metadata": {"attribution": "openrouteservice.org | OpenStreetMap contributors", "service": "isochrones", "timestamp": 1785652369159, "query": {"profile": "driving-car", "profileName": "driving-car", "locations": [[17.2509, 49.5938]], "range": [3600.0], "range_type": "time"}, "engine": {"version": "9.9.0", "build_date": "2026-06-12T10:08:58Z", "graph_date": "2026-07-26T12:04:00Z", "osm_date": "2026-07-20T00:00:00Z"}}}