{"type": "FeatureCollection", "bbox": [15.430884, 48.484064, 17.696636, 49.63207], "features": [{"type": "Feature", "properties": {"group_index": 0, "value": 3600.0, "center": [16.60650856261603, 49.195003872952164]}, "geometry": {"coordinates": [[[15.432484, 49.514928], [15.434548, 49.515039], [15.436633, 49.515151], [15.438234, 49.515301], [15.439474, 49.515462], [15.440706, 49.515665], [15.443774, 49.516238], [15.444676, 49.516379], [15.445724, 49.516488], [15.446729, 49.516554], [15.447972, 49.516567], [15.448453, 49.516551], [15.449121, 49.516509], [15.450329, 49.516371], [15.450916, 49.516281], [15.451695, 49.51614], [15.45258, 49.515947], [15.453043, 49.515828], [15.454325, 49.515415], [15.461007, 49.510152], [15.461989, 49.508976], [15.463029, 49.5079], [15.463915, 49.507096], [15.465003, 49.506221], [15.466422, 49.505221], [15.46792, 49.504263], [15.469981, 49.50299], [15.471922, 49.501597], [15.473202, 49.500514], [15.474712, 49.49918], [15.475231, 49.498746], [15.476207, 49.497976], [15.47748, 49.497068], [15.478971, 49.496113], [15.480165, 49.495419], [15.481507, 49.494709], [15.482254, 49.49434], [15.483797, 49.493633], [15.484646, 49.493281], [15.486284, 49.49266], [15.490364, 49.487727], [15.488082, 49.480263], [15.487676, 49.479915], [15.486422, 49.479089], [15.481713, 49.478021], [15.481411, 49.478031], [15.480227, 49.477502], [15.480062, 49.477425], [15.480735, 49.474815], [15.481574, 49.474158], [15.484512, 49.474313], [15.488659, 49.476269], [15.48964, 49.476898], [15.495385, 49.479367], [15.495737, 49.479462], [15.496068, 49.4796], [15.500228, 49.480985], [15.500672, 49.481078], [15.509023, 49.47959], [15.510526, 49.478154], [15.510904, 49.477883], [15.512071, 49.477197], [15.512657, 49.477091], [15.513927, 49.47774], [15.522248, 49.477296], [15.525688, 49.476938], [15.53389, 49.48046], [15.535334, 49.480157], [15.536808, 49.479871], [15.538302, 49.479604], [15.540636, 49.479222], [15.544175, 49.478697], [15.547713, 49.478171], [15.550934, 49.477693], [15.554155, 49.477214], [15.556769, 49.476932], [15.557761, 49.476728], [15.558564, 49.476515], [15.565517, 49.470915], [15.565879, 49.470397], [15.566401, 49.469736], [15.566872, 49.46922], [15.567726, 49.46845], [15.568227, 49.468052], [15.568712, 49.467703], [15.569335, 49.467306], [15.570082, 49.466884], [15.570651, 49.466598], [15.57124, 49.466334], [15.572163, 49.46595], [15.574559, 49.465049], [15.579064, 49.462131], [15.580004, 49.461164], [15.581576, 49.459456], [15.582502, 49.458537], [15.583689, 49.45745], [15.584664, 49.456672], [15.585472, 49.456116], [15.58607, 49.455748], [15.58687, 49.455297], [15.587258, 49.455088], [15.589227, 49.453921], [15.59224, 49.4521], [15.592386, 49.45199], [15.596845, 49.447554], [15.599251, 49.440594], [15.597342, 49.437608], [15.596938, 49.437258], [15.59651, 49.436625], [15.593581, 49.431525], [15.587435, 49.428931], [15.580798, 49.429427], [15.579172, 49.432574], [15.577718, 49.434289], [15.574658, 49.439113], [15.574229, 49.439114], [15.573451, 49.439069], [15.573139, 49.439024], [15.56651, 49.438546], [15.562965, 49.437921], [15.563147, 49.436887], [15.563644, 49.435783], [15.563863, 49.435431], [15.561978, 49.426932], [15.560747, 49.426071], [15.559816, 49.424054], [15.552628, 49.421469], [15.551144, 49.418189], [15.552217, 49.417703], [15.553597, 49.417162], [15.557921, 49.412837], [15.55881, 49.408276], [15.558416, 49.405683], [15.559963, 49.397532], [15.563246, 49.396055], [15.566094, 49.39908], [15.574901, 49.398325], [15.57504, 49.398265], [15.577664, 49.398362], [15.579218, 49.398559], [15.579279, 49.398595], [15.58587, 49.402173], [15.587794, 49.401864], [15.591937, 49.39459], [15.592261, 49.391005], [15.595017, 49.3908], [15.595363, 49.390832], [15.603961, 49.389721], [15.605569, 49.38906], [15.606424, 49.388479], [15.607568, 49.380028], [15.609888, 49.372975], [15.610105, 49.369382], [15.615752, 49.364383], [15.61794, 49.364786], [15.61919, 49.36545], [15.62172, 49.37104], [15.622504, 49.377398], [15.622695, 49.378123], [15.6228, 49.378837], [15.622825, 49.379248], [15.622809, 49.381211], [15.629416, 49.386767], [15.631863, 49.386359], [15.633147, 49.385916], [15.633782, 49.385631], [15.635175, 49.385464], [15.635642, 49.385586], [15.636167, 49.388327], [15.642084, 49.393586], [15.650347, 49.390115], [15.650794, 49.389547], [15.651432, 49.388911], [15.651854, 49.388603], [15.653709, 49.387036], [15.656986, 49.386381], [15.66199, 49.38757], [15.66635, 49.382137], [15.668072, 49.379207], [15.668721, 49.379526], [15.676274, 49.378461], [15.678438, 49.370335], [15.681332, 49.368194], [15.685587, 49.364434], [15.6873, 49.355821], [15.68836, 49.354855], [15.689164, 49.354633], [15.69055, 49.354703], [15.690685, 49.35477], [15.690713, 49.354785], [15.690987, 49.355038], [15.694008, 49.358359], [15.702413, 49.358745], [15.702993, 49.358578], [15.703888, 49.358451], [15.704392, 49.362016], [15.712589, 49.364801], [15.715304, 49.365753], [15.720164, 49.366858], [15.721158, 49.366932], [15.723271, 49.367245], [15.730027, 49.365055], [15.733912, 49.358488], [15.735382, 49.356294], [15.739631, 49.353537], [15.740119, 49.353224], [15.740319, 49.353131], [15.747754, 49.349917], [15.74835, 49.350249], [15.756364, 49.350898], [15.757321, 49.350561], [15.757922, 49.35033], [15.758849, 49.350062], [15.762416, 49.342022], [15.762354, 49.341657], [15.762487, 49.340554], [15.762991, 49.339039], [15.766477, 49.338138], [15.76848, 49.338569], [15.769863, 49.338518], [15.77014, 49.338472], [15.772286, 49.337998], [15.775345, 49.330954], [15.77565, 49.327367], [15.777333, 49.325483], [15.780765, 49.325797], [15.784569, 49.327419], [15.786822, 49.330227], [15.79226, 49.332676], [15.794051, 49.32479], [15.792257, 49.321668], [15.791423, 49.319758], [15.788944, 49.315006], [15.787972, 49.31392], [15.787894, 49.31356], [15.7888, 49.311409], [15.789692, 49.311329], [15.793309, 49.312192], [15.801351, 49.313367], [15.803725, 49.31078], [15.803997, 49.310177], [15.804332, 49.309716], [15.804816, 49.309268], [15.806858, 49.307565], [15.809791, 49.309652], [15.809215, 49.314036], [15.809543, 49.317621], [15.815521, 49.323874], [15.815979, 49.323987], [15.82302, 49.31861], [15.82298, 49.317975], [15.823036, 49.317751], [15.824495, 49.315345], [15.825289, 49.314388], [15.826177, 49.313515], [15.82877, 49.31508], [15.829882, 49.315862], [15.837102, 49.319446], [15.843222, 49.318105], [15.846998, 49.312478], [15.847247, 49.311275], [15.844431, 49.30338], [15.843586, 49.302828], [15.843402, 49.302626], [15.843061, 49.302136], [15.836756, 49.297269], [15.833255, 49.297281], [15.831952, 49.297417], [15.830673, 49.297599], [15.829525, 49.297664], [15.828619, 49.297543], [15.827519, 49.297182], [15.82451, 49.295893], [15.824385, 49.292295], [15.827558, 49.291668], [15.834712, 49.293335], [15.835169, 49.293322], [15.837457, 49.293738], [15.839822, 49.294121], [15.840529, 49.294136], [15.842074, 49.294091], [15.842606, 49.294059], [15.843852, 49.294181], [15.845834, 49.294048], [15.847238, 49.285457], [15.846838, 49.285206], [15.848752, 49.282157], [15.85324, 49.275582], [15.850152, 49.267866], [15.846533, 49.267856], [15.844284, 49.268748], [15.841652, 49.271145], [15.841032, 49.271554], [15.838806, 49.272771], [15.83667, 49.273628], [15.83533, 49.270286], [15.837466, 49.26943], [15.842042, 49.262993], [15.845, 49.256679], [15.845677, 49.256634], [15.85046, 49.256491], [15.853042, 49.2563], [15.853797, 49.256329], [15.857728, 49.255868], [15.858811, 49.247201], [15.857091, 49.244038], [15.855055, 49.241694], [15.854721, 49.241412], [15.855263, 49.240632], [15.85627, 49.239421], [15.856681, 49.238985], [15.857042, 49.238661], [15.860608, 49.232326], [15.855162, 49.226812], [15.854345, 49.223306], [15.858699, 49.221439], [15.862576, 49.217143], [15.863604, 49.21552], [15.864281, 49.214752], [15.865931, 49.214252], [15.866503, 49.214411], [15.870169, 49.214854], [15.876877, 49.212475], [15.878688, 49.211078], [15.881787, 49.210333], [15.887, 49.206679], [15.888719, 49.205647], [15.895567, 49.203873], [15.89591, 49.203989], [15.899106, 49.207489], [15.905602, 49.211276], [15.909377, 49.211811], [15.911914, 49.21169], [15.919559, 49.213242], [15.920793, 49.21323], [15.922243, 49.21326], [15.924411, 49.213294], [15.927325, 49.213214], [15.928855, 49.213259], [15.930596, 49.213254], [15.932397, 49.213249], [15.932994, 49.213286], [15.933847, 49.213385], [15.938147, 49.21537], [15.942889, 49.213221], [15.945082, 49.21302], [15.94768, 49.212778], [15.949063, 49.2127], [15.949913, 49.212631], [15.952513, 49.21216], [15.95349, 49.211972], [15.954928, 49.211787], [15.955859, 49.21175], [15.957788, 49.21167], [15.95918, 49.211485], [15.959701, 49.211446], [15.960227, 49.211439], [15.961194, 49.211492], [15.962568, 49.211537], [15.96416, 49.211454], [15.966819, 49.211005], [15.968765, 49.203152], [15.969165, 49.19606], [15.969262, 49.192461], [15.971757, 49.192528], [15.975322, 49.185643], [15.969529, 49.180743], [15.963492, 49.181502], [15.958145, 49.180387], [15.957369, 49.179337], [15.95715, 49.178941], [15.956886, 49.178337], [15.957498, 49.176846], [15.958592, 49.176645], [15.961226, 49.176159], [15.966985, 49.173185], [15.967584, 49.17274], [15.967825, 49.172629], [15.970921, 49.172002], [15.977108, 49.165834], [15.977248, 49.164445], [15.974201, 49.156099], [15.974108, 49.155849], [15.974535, 49.153943], [15.97484, 49.153643], [15.975067, 49.153581], [15.977486, 49.154603], [15.979604, 49.155614], [15.980192, 49.15677], [15.980798, 49.157856], [15.981759, 49.159364], [15.982209, 49.160331], [15.982847, 49.162307], [15.983004, 49.162647], [15.990134, 49.167252], [15.991118, 49.167202], [15.993209, 49.166847], [15.995491, 49.158411], [15.998839, 49.151183], [16.000565, 49.148025], [16.001445, 49.139439], [15.997866, 49.139058], [15.994511, 49.139254], [15.993897, 49.139347], [15.993033, 49.139372], [15.992372, 49.139425], [15.990756, 49.139718], [15.988989, 49.14009], [15.987683, 49.140153], [15.987511, 49.136557], [15.988817, 49.136494], [15.98996, 49.136207], [15.991726, 49.135883], [15.993935, 49.135296], [15.99499, 49.134603], [15.995979, 49.134267], [15.99696, 49.134142], [15.997879, 49.134099], [15.998414, 49.134062], [16.00047, 49.133804], [16.002302, 49.13335], [16.001339, 49.124679], [15.997915, 49.124404], [15.995518, 49.124734], [15.994839, 49.124743], [15.993891, 49.124654], [15.992092, 49.124918], [15.991265, 49.125009], [15.988104, 49.126003], [15.987591, 49.126287], [15.985237, 49.127038], [15.983994, 49.127414], [15.982951, 49.123968], [15.984194, 49.123592], [15.987744, 49.121223], [15.984837, 49.113521], [15.977781, 49.109441], [15.977635, 49.105844], [15.980717, 49.105254], [15.985369, 49.104392], [15.988505, 49.103753], [15.994216, 49.110571], [15.99455, 49.110609], [15.996333, 49.111282], [15.998179, 49.112054], [16.00002, 49.112823], [16.003102, 49.113936], [16.005513, 49.115114], [16.005602, 49.115137], [16.008631, 49.116009], [16.010825, 49.107316], [16.01004, 49.105643], [16.010031, 49.105557], [16.010669, 49.103719], [16.011753, 49.103672], [16.01279, 49.103644], [16.013276, 49.103676], [16.021587, 49.101574], [16.022762, 49.102327], [16.030943, 49.105334], [16.036846, 49.105598], [16.040334, 49.098156], [16.04252, 49.095296], [16.044886, 49.097103], [16.047252, 49.098911], [16.053904, 49.100735], [16.056047, 49.10074], [16.058146, 49.100455], [16.065079, 49.098759], [16.070285, 49.096531], [16.073124, 49.095167], [16.075324, 49.093377], [16.081681, 49.095048], [16.084322, 49.096356], [16.085851, 49.097239], [16.092667, 49.099391], [16.096, 49.099951], [16.10151, 49.099312], [16.104334, 49.098153], [16.108878, 49.100339], [16.114374, 49.098917], [16.115263, 49.098523], [16.116653, 49.097943], [16.117384, 49.097704], [16.11925, 49.097241], [16.122405, 49.09646], [16.122866, 49.096309], [16.124105, 49.095785], [16.127338, 49.094386], [16.130591, 49.092978], [16.132183, 49.092379], [16.132856, 49.084134], [16.12792, 49.077168], [16.124179, 49.076713], [16.121409, 49.076069], [16.113869, 49.077203], [16.112693, 49.077526], [16.109531, 49.074216], [16.105102, 49.072946], [16.100331, 49.075682], [16.100082, 49.07604], [16.099701, 49.076475], [16.096138, 49.075736], [16.090967, 49.073758], [16.084954, 49.076169], [16.08391, 49.077105], [16.083298, 49.077608], [16.082939, 49.077726], [16.080445, 49.078573], [16.079279, 49.078237], [16.072376, 49.07683], [16.065108, 49.072457], [16.060387, 49.072718], [16.05562, 49.071667], [16.053418, 49.071483], [16.053537, 49.070244], [16.053718, 49.067895], [16.055991, 49.063698], [16.055436, 49.060141], [16.048966, 49.056975], [16.04812, 49.053476], [16.048244, 49.053446], [16.05105, 49.052768], [16.055705, 49.048262], [16.056678, 49.044796], [16.058836, 49.045402], [16.060995, 49.046008], [16.061982, 49.046491], [16.06285, 49.047637], [16.062961, 49.047781], [16.070972, 49.05035], [16.07205, 49.049934], [16.076444, 49.052263], [16.078025, 49.052781], [16.080097, 49.053553], [16.080984, 49.05841], [16.081709, 49.059465], [16.083402, 49.061925], [16.085094, 49.064385], [16.09294, 49.062809], [16.09209, 49.054089], [16.092907, 49.050583], [16.095337, 49.051149], [16.100747, 49.052344], [16.105538, 49.047041], [16.108835, 49.039926], [16.106141, 49.035086], [16.105456, 49.03434], [16.104946, 49.032854], [16.104947, 49.032521], [16.105974, 49.031232], [16.106219, 49.031116], [16.106328, 49.031178], [16.108445, 49.03232], [16.108822, 49.032463], [16.114756, 49.033632], [16.121765, 49.029071], [16.126778, 49.027547], [16.128928, 49.02604], [16.130094, 49.025361], [16.130439, 49.025197], [16.133421, 49.022863], [16.134032, 49.022428], [16.134619, 49.022262], [16.135486, 49.022323], [16.137875, 49.023127], [16.138815, 49.023351], [16.140785, 49.023681], [16.142872, 49.024036], [16.145435, 49.024445], [16.146801, 49.02446], [16.153719, 49.021201], [16.152228, 49.015365], [16.151839, 49.011786], [16.152308, 49.011735], [16.153796, 49.011492], [16.154979, 49.011327], [16.155628, 49.011258], [16.157835, 49.010901], [16.158684, 49.010785], [16.163342, 49.009044], [16.165248, 49.00599], [16.158541, 49.000349], [16.158306, 48.998602], [16.154143, 48.991827], [16.151884, 48.991006], [16.144164, 48.99218], [16.141546, 48.993316], [16.142199, 49.001048], [16.142667, 49.004618], [16.140971, 49.004938], [16.140585, 49.005014], [16.139469, 49.005124], [16.138965, 49.005194], [16.138063, 49.005368], [16.135267, 49.005858], [16.132498, 49.006343], [16.131996, 49.006387], [16.131436, 49.006339], [16.12764, 49.006681], [16.12261, 49.009601], [16.122217, 49.010013], [16.121729, 49.010411], [16.121005, 49.010925], [16.120611, 49.011117], [16.120297, 49.011231], [16.118495, 49.011757], [16.117603, 49.012152], [16.115855, 49.012959], [16.115288, 49.013248], [16.11321, 49.014376], [16.112476, 49.014748], [16.112017, 49.014939], [16.11159, 49.015068], [16.111019, 49.015187], [16.109438, 49.015721], [16.108187, 49.014213], [16.107138, 49.012952], [16.107533, 49.012624], [16.107884, 49.012377], [16.109397, 49.011327], [16.111829, 49.003878], [16.112084, 49.000287], [16.118616, 48.998228], [16.127034, 49.000895], [16.133329, 48.998492], [16.134382, 48.996716], [16.13533, 48.995084], [16.130296, 48.988322], [16.125516, 48.987708], [16.12402, 48.984433], [16.123986, 48.981884], [16.122576, 48.97418], [16.123433, 48.970683], [16.127016, 48.967765], [16.124125, 48.960921], [16.122941, 48.960621], [16.117458, 48.962896], [16.115024, 48.962941], [16.114014, 48.962734], [16.113349, 48.962466], [16.104961, 48.964727], [16.101511, 48.963701], [16.097037, 48.960254], [16.090679, 48.964497], [16.087106, 48.964933], [16.082864, 48.960792], [16.081624, 48.957413], [16.08422, 48.95489], [16.089043, 48.952435], [16.090343, 48.952702], [16.092443, 48.953002], [16.098713, 48.947929], [16.098185, 48.945791], [16.100384, 48.944429], [16.10125, 48.943819], [16.107009, 48.946366], [16.108367, 48.947664], [16.109674, 48.948878], [16.116354, 48.953695], [16.118641, 48.953135], [16.121549, 48.951237], [16.123257, 48.949574], [16.123743, 48.949158], [16.124416, 48.948739], [16.126621, 48.947656], [16.128478, 48.946804], [16.129006, 48.946621], [16.129577, 48.946503], [16.132996, 48.94597], [16.134293, 48.945377], [16.137311, 48.944126], [16.1413, 48.942173], [16.143169, 48.933812], [16.142563, 48.932672], [16.141024, 48.930731], [16.13303, 48.927708], [16.130681, 48.929861], [16.128374, 48.931974], [16.12714, 48.933418], [16.126435, 48.933847], [16.125709, 48.933959], [16.125555, 48.933951], [16.123999, 48.932189], [16.124, 48.932158], [16.124539, 48.930883], [16.125043, 48.930212], [16.125858, 48.929399], [16.128249, 48.927207], [16.125167, 48.919192], [16.12474, 48.919051], [16.122451, 48.918624], [16.120125, 48.918189], [16.118083, 48.917755], [16.117046, 48.917628], [16.114459, 48.91745], [16.111872, 48.917272], [16.112119, 48.913681], [16.114706, 48.913859], [16.117292, 48.914036], [16.123996, 48.910924], [16.127568, 48.910474], [16.127709, 48.911593], [16.13277, 48.916777], [16.137915, 48.915023], [16.139115, 48.91408], [16.146061, 48.90998], [16.145156, 48.902082], [16.138932, 48.901712], [16.135699, 48.900878], [16.135322, 48.897298], [16.13401, 48.890923], [16.134287, 48.887334], [16.135358, 48.887416], [16.135987, 48.887536], [16.13652, 48.887707], [16.144624, 48.885892], [16.147996, 48.884634], [16.148734, 48.877787], [16.147682, 48.876617], [16.144776, 48.874918], [16.142581, 48.874553], [16.140442, 48.874196], [16.138618, 48.873951], [16.139096, 48.870383], [16.140921, 48.870628], [16.143172, 48.871002], [16.14508, 48.86228], [16.14187, 48.861676], [16.138245, 48.861], [16.13462, 48.860324], [16.130995, 48.859648], [16.12737, 48.858973], [16.121998, 48.866136], [16.12224, 48.868404], [16.122228, 48.868984], [16.121898, 48.869912], [16.121215, 48.872568], [16.122115, 48.877846], [16.121855, 48.881437], [16.118507, 48.881194], [16.118121, 48.881149], [16.118075, 48.881144], [16.117478, 48.881089], [16.116402, 48.87977], [16.116441, 48.879517], [16.117087, 48.87553], [16.111613, 48.8708], [16.11081, 48.870763], [16.104039, 48.876333], [16.103933, 48.877174], [16.102628, 48.878239], [16.098126, 48.87987], [16.096907, 48.877961], [16.089001, 48.880267], [16.088533, 48.881031], [16.087961, 48.881917], [16.087001, 48.88326], [16.082664, 48.882501], [16.079372, 48.878878], [16.072404, 48.881148], [16.0656, 48.881916], [16.059871, 48.884622], [16.058101, 48.88475], [16.056924, 48.881348], [16.057822, 48.881037], [16.059431, 48.880292], [16.064422, 48.878514], [16.067684, 48.870483], [16.067217, 48.868427], [16.061592, 48.861443], [16.061405, 48.861481], [16.060818, 48.861435], [16.060712, 48.861403], [16.060467, 48.861309], [16.060372, 48.861264], [16.057997, 48.858377], [16.058131, 48.856269], [16.058603, 48.854829], [16.060202, 48.851451], [16.061049, 48.844629], [16.060978, 48.841698], [16.060986, 48.84169], [16.062151, 48.841257], [16.062957, 48.841365], [16.070617, 48.841634], [16.072607, 48.84224], [16.073308, 48.84247], [16.07493, 48.842912], [16.076182, 48.843285], [16.078223, 48.84393], [16.07878, 48.844084], [16.080099, 48.844492], [16.082791, 48.845011], [16.082975, 48.845042], [16.085498, 48.845818], [16.088345, 48.846758], [16.092851, 48.847346], [16.094133, 48.847267], [16.097942, 48.849493], [16.103126, 48.850837], [16.104331, 48.851001], [16.109426, 48.843726], [16.109506, 48.842563], [16.110324, 48.842317], [16.113801, 48.839861], [16.114979, 48.83381], [16.113937, 48.830364], [16.114286, 48.82587], [16.107695, 48.819755], [16.107176, 48.819868], [16.107116, 48.819857], [16.099492, 48.821476], [16.09243, 48.823703], [16.092246, 48.823811], [16.091546, 48.824258], [16.089323, 48.824894], [16.087822, 48.822322], [16.08788, 48.821595], [16.091691, 48.819513], [16.092692, 48.818873], [16.093486, 48.818506], [16.094943, 48.818095], [16.095573, 48.817985], [16.098865, 48.817857], [16.105095, 48.812123], [16.103277, 48.806068], [16.101508, 48.802744], [16.101272, 48.802089], [16.10115, 48.801308], [16.102842, 48.800281], [16.103292, 48.800302], [16.108882, 48.80081], [16.111815, 48.805932], [16.120026, 48.807307], [16.120118, 48.807289], [16.122238, 48.806857], [16.124346, 48.806429], [16.126275, 48.806021], [16.127845, 48.805721], [16.129611, 48.805327], [16.137383, 48.808492], [16.140902, 48.807498], [16.142982, 48.807053], [16.143664, 48.806986], [16.149749, 48.811313], [16.15564, 48.815685], [16.159152, 48.814895], [16.166899, 48.814648], [16.16836, 48.812165], [16.168849, 48.8121], [16.170921, 48.811854], [16.173867, 48.812604], [16.182591, 48.813618], [16.186899, 48.81052], [16.187255, 48.810229], [16.188186, 48.809627], [16.188781, 48.809216], [16.189532, 48.808748], [16.194481, 48.805141], [16.194982, 48.801576], [16.198032, 48.802005], [16.198747, 48.802115], [16.206764, 48.80234], [16.208747, 48.801344], [16.210364, 48.80456], [16.208382, 48.805557], [16.206399, 48.806554], [16.2057, 48.806863], [16.201938, 48.809428], [16.198376, 48.810548], [16.197709, 48.811005], [16.196878, 48.811488], [16.196264, 48.811795], [16.194562, 48.81257], [16.19291, 48.813322], [16.190907, 48.814128], [16.183822, 48.818195], [16.187307, 48.82475], [16.18891, 48.826124], [16.189405, 48.826719], [16.196171, 48.829366], [16.201233, 48.824158], [16.203588, 48.823648], [16.205943, 48.823139], [16.20789, 48.822719], [16.209838, 48.822298], [16.216379, 48.824463], [16.216868, 48.82803], [16.21453, 48.82835], [16.213999, 48.82838], [16.212862, 48.828586], [16.2113, 48.828843], [16.207966, 48.829532], [16.207462, 48.829615], [16.206317, 48.829905], [16.2043, 48.830464], [16.202344, 48.831083], [16.199849, 48.831925], [16.197321, 48.832777], [16.192756, 48.836118], [16.191577, 48.836521], [16.188489, 48.837562], [16.18539, 48.838605], [16.182292, 48.839649], [16.179193, 48.840692], [16.177307, 48.841328], [16.175521, 48.84193], [16.172967, 48.842794], [16.168211, 48.849941], [16.169364, 48.853162], [16.175982, 48.858209], [16.179832, 48.856899], [16.180619, 48.856522], [16.188807, 48.855235], [16.191659, 48.853039], [16.193878, 48.855921], [16.196098, 48.858802], [16.198317, 48.861684], [16.200644, 48.864692], [16.202973, 48.867702], [16.207381, 48.869738], [16.212771, 48.862992], [16.211279, 48.861056], [16.210638, 48.856315], [16.214019, 48.848888], [16.212241, 48.846605], [16.211311, 48.84151], [16.214293, 48.840012], [16.217141, 48.837811], [16.218983, 48.840194], [16.218346, 48.842916], [16.220416, 48.851242], [16.228125, 48.853506], [16.231038, 48.852515], [16.233945, 48.851526], [16.23568, 48.85093], [16.237415, 48.850333], [16.241927, 48.855192], [16.244337, 48.857362], [16.245711, 48.858636], [16.249262, 48.861435], [16.253738, 48.862163], [16.258186, 48.859094], [16.258846, 48.858278], [16.259792, 48.857588], [16.260512, 48.857328], [16.261321, 48.85725], [16.262402, 48.857242], [16.267303, 48.852298], [16.264143, 48.848062], [16.264036, 48.844677], [16.25577, 48.841703], [16.253336, 48.842561], [16.25214, 48.839165], [16.254574, 48.838308], [16.257008, 48.83745], [16.259442, 48.836593], [16.26101, 48.836055], [16.264405, 48.838477], [16.269478, 48.837835], [16.270549, 48.831538], [16.269122, 48.829749], [16.266722, 48.828285], [16.262024, 48.8252], [16.259911, 48.825147], [16.257911, 48.825093], [16.255697, 48.825144], [16.253554, 48.824406], [16.249405, 48.822991], [16.24866, 48.819469], [16.252022, 48.818758], [16.255279, 48.813088], [16.254925, 48.809505], [16.255757, 48.806186], [16.259242, 48.805826], [16.262727, 48.805466], [16.265975, 48.805146], [16.268855, 48.80485], [16.271742, 48.804554], [16.275207, 48.799517], [16.270164, 48.795419], [16.267902, 48.795651], [16.265639, 48.795882], [16.263378, 48.796114], [16.261024, 48.796357], [16.25867, 48.796599], [16.258301, 48.793018], [16.260655, 48.792776], [16.263009, 48.792533], [16.265273, 48.792301], [16.267535, 48.792069], [16.271635, 48.785922], [16.265634, 48.782256], [16.260096, 48.782542], [16.257747, 48.783653], [16.257121, 48.783867], [16.256429, 48.784043], [16.25361, 48.784633], [16.250877, 48.785691], [16.247446, 48.78678], [16.243757, 48.787087], [16.239128, 48.788105], [16.238245, 48.788398], [16.235601, 48.789642], [16.234274, 48.788736], [16.234265, 48.788727], [16.233659, 48.78661], [16.234621, 48.785995], [16.239838, 48.782189], [16.240225, 48.782031], [16.24464, 48.780994], [16.249665, 48.780141], [16.253182, 48.781059], [16.255683, 48.780521], [16.255781, 48.771747], [16.253156, 48.765933], [16.252841, 48.765583], [16.254034, 48.762988], [16.254081, 48.762976], [16.255516, 48.763174], [16.263296, 48.765421], [16.270299, 48.765608], [16.276863, 48.768853], [16.283885, 48.771091], [16.289565, 48.767815], [16.290076, 48.767864], [16.290472, 48.767955], [16.298615, 48.770835], [16.298992, 48.772318], [16.299015, 48.772523], [16.299035, 48.773005], [16.298916, 48.773268], [16.298392, 48.774428], [16.290997, 48.77633], [16.290142, 48.776338], [16.284469, 48.774643], [16.282211, 48.782696], [16.282127, 48.786295], [16.277601, 48.792491], [16.2781, 48.794666], [16.27832, 48.795869], [16.278504, 48.797063], [16.278774, 48.799029], [16.285316, 48.803172], [16.289215, 48.802778], [16.293132, 48.802382], [16.296481, 48.80208], [16.298689, 48.801998], [16.300895, 48.801915], [16.30637, 48.795689], [16.305716, 48.792914], [16.30922, 48.792088], [16.309874, 48.794863], [16.314428, 48.801664], [16.316724, 48.803568], [16.317387, 48.804385], [16.317584, 48.80798], [16.315631, 48.808087], [16.313291, 48.808234], [16.310936, 48.808382], [16.303398, 48.806278], [16.301225, 48.806364], [16.299841, 48.806682], [16.296615, 48.805678], [16.293458, 48.805967], [16.289577, 48.80636], [16.285679, 48.806754], [16.28313, 48.815166], [16.291504, 48.816866], [16.298934, 48.821875], [16.301407, 48.821924], [16.304693, 48.821648], [16.305618, 48.821361], [16.306852, 48.821536], [16.310352, 48.822076], [16.313495, 48.822869], [16.317013, 48.823144], [16.318876, 48.823263], [16.320776, 48.823385], [16.321958, 48.823459], [16.322698, 48.823539], [16.326707, 48.823526], [16.330306, 48.823627], [16.334277, 48.824583], [16.339566, 48.818603], [16.338931, 48.815059], [16.341643, 48.814572], [16.344356, 48.814086], [16.342697, 48.805413], [16.339077, 48.805786], [16.335678, 48.806136], [16.33228, 48.806487], [16.331911, 48.802906], [16.335309, 48.802555], [16.338708, 48.802205], [16.34456, 48.798], [16.345821, 48.797858], [16.352723, 48.794239], [16.353714, 48.794737], [16.354436, 48.795076], [16.355834, 48.795756], [16.3577, 48.796652], [16.358247, 48.796877], [16.358767, 48.797212], [16.365866, 48.80019], [16.371434, 48.800088], [16.372926, 48.800317], [16.378102, 48.800287], [16.378899, 48.80008], [16.380242, 48.799733], [16.380799, 48.791252], [16.375348, 48.788251], [16.373382, 48.788202], [16.373406, 48.784602], [16.372069, 48.77597], [16.368326, 48.775866], [16.36458, 48.775776], [16.363515, 48.775731], [16.361214, 48.775673], [16.36023, 48.775666], [16.357493, 48.775606], [16.354496, 48.775495], [16.35257, 48.7755], [16.352125, 48.775449], [16.35081, 48.775411], [16.348854, 48.775372], [16.346899, 48.775333], [16.34697, 48.771734], [16.339592, 48.766943], [16.337861, 48.767121], [16.337492, 48.76354], [16.341525, 48.762729], [16.342335, 48.762557], [16.343336, 48.762497], [16.347473, 48.761953], [16.353019, 48.755049], [16.356616, 48.754903], [16.360916, 48.755538], [16.364118, 48.749747], [16.364673, 48.746228], [16.364761, 48.74623], [16.367977, 48.746335], [16.372551, 48.740128], [16.374567, 48.740603], [16.38028, 48.738921], [16.380882, 48.733853], [16.381048, 48.732958], [16.381151, 48.732353], [16.383432, 48.731565], [16.3835, 48.731608], [16.3841, 48.732238], [16.3847, 48.732958], [16.384597, 48.733563], [16.383496, 48.737825], [16.388455, 48.743057], [16.391376, 48.743736], [16.39268, 48.744028], [16.391954, 48.750901], [16.392361, 48.755205], [16.390554, 48.757581], [16.385521, 48.76486], [16.38591, 48.766197], [16.386634, 48.767718], [16.386857, 48.768156], [16.387942, 48.770112], [16.388644, 48.77159], [16.389499, 48.773613], [16.390105, 48.775001], [16.391373, 48.777441], [16.392277, 48.779105], [16.394226, 48.782605], [16.394578, 48.783302], [16.394759, 48.783807], [16.395049, 48.784908], [16.39548, 48.788344], [16.400866, 48.793382], [16.405781, 48.794459], [16.413751, 48.795868], [16.417496, 48.79542], [16.42124, 48.794972], [16.424959, 48.794527], [16.430802, 48.788619], [16.430482, 48.78211], [16.428224, 48.779132], [16.431093, 48.776957], [16.438115, 48.773106], [16.439485, 48.772428], [16.440827, 48.771648], [16.444071, 48.76344], [16.447594, 48.762702], [16.448306, 48.766102], [16.452699, 48.769707], [16.453076, 48.769822], [16.460655, 48.765426], [16.456839, 48.760208], [16.455996, 48.758269], [16.459298, 48.756834], [16.458685, 48.748545], [16.454543, 48.747744], [16.451289, 48.747118], [16.447962, 48.747663], [16.442385, 48.746806], [16.442198, 48.746844], [16.436837, 48.745535], [16.43697, 48.741938], [16.442533, 48.741183], [16.448011, 48.740478], [16.455971, 48.741667], [16.464158, 48.742853], [16.466647, 48.741679], [16.470114, 48.740709], [16.470499, 48.742086], [16.470774, 48.742898], [16.476069, 48.747348], [16.481422, 48.745162], [16.48169, 48.739875], [16.480685, 48.736361], [16.480591, 48.735933], [16.481356, 48.734343], [16.482128, 48.734205], [16.484109, 48.735166], [16.484202, 48.735594], [16.48515, 48.73888], [16.486089, 48.742146], [16.486117, 48.743142], [16.489437, 48.750775], [16.495405, 48.745838], [16.495942, 48.742278], [16.495742, 48.738124], [16.494537, 48.734732], [16.493167, 48.730739], [16.490896, 48.727303], [16.490426, 48.725358], [16.490369, 48.724978], [16.49076, 48.72185], [16.492127, 48.71896], [16.492269, 48.718925], [16.494738, 48.718974], [16.49652, 48.719212], [16.498564, 48.72], [16.498636, 48.720156], [16.498775, 48.721236], [16.500924, 48.727927], [16.504675, 48.729534], [16.51146, 48.724562], [16.511344, 48.720964], [16.51331, 48.720901], [16.515277, 48.720837], [16.522478, 48.717442], [16.524152, 48.716047], [16.527383, 48.718362], [16.528642, 48.723923], [16.531711, 48.731223], [16.531356, 48.732524], [16.530589, 48.73318], [16.529872, 48.733632], [16.52604, 48.739596], [16.530692, 48.745148], [16.533317, 48.745435], [16.53775, 48.747513], [16.543516, 48.749449], [16.543652, 48.750798], [16.543655, 48.753046], [16.548293, 48.759485], [16.554761, 48.762589], [16.555694, 48.766066], [16.552844, 48.768394], [16.550263, 48.769742], [16.547003, 48.774223], [16.550503, 48.781309], [16.553614, 48.783121], [16.55384, 48.78798], [16.553089, 48.7915], [16.550347, 48.790915], [16.54634, 48.798121], [16.547955, 48.800342], [16.555372, 48.801361], [16.555896, 48.801023], [16.556369, 48.800858], [16.55828, 48.799621], [16.559823, 48.797664], [16.563156, 48.796755], [16.563417, 48.796842], [16.564249, 48.797491], [16.564659, 48.7979], [16.569247, 48.803963], [16.576384, 48.804845], [16.578439, 48.804146], [16.582698, 48.80206], [16.583065, 48.80187], [16.583432, 48.801728], [16.583891, 48.801598], [16.585244, 48.801232], [16.585797, 48.801077], [16.58691, 48.800793], [16.587763, 48.800649], [16.58862, 48.800605], [16.589317, 48.80068], [16.590309, 48.800761], [16.590983, 48.804316], [16.590414, 48.804359], [16.589121, 48.804308], [16.586702, 48.804561], [16.585996, 48.804775], [16.583988, 48.805865], [16.582804, 48.806493], [16.57957, 48.807564], [16.577543, 48.808253], [16.575932, 48.808803], [16.573064, 48.813666], [16.579077, 48.817725], [16.582533, 48.816717], [16.584882, 48.816683], [16.585686, 48.816463], [16.588105, 48.819642], [16.596682, 48.821313], [16.59681, 48.816249], [16.597654, 48.815429], [16.599529, 48.813236], [16.600098, 48.813103], [16.601817, 48.812664], [16.603575, 48.812216], [16.605334, 48.811592], [16.606362, 48.81106], [16.606797, 48.81086], [16.607421, 48.810633], [16.607717, 48.810542], [16.608098, 48.810457], [16.608777, 48.810391], [16.60914, 48.810393], [16.609755, 48.810456], [16.612258, 48.810836], [16.620146, 48.807769], [16.621925, 48.804558], [16.62217, 48.799695], [16.622943, 48.79807], [16.623715, 48.796444], [16.627416, 48.797502], [16.632169, 48.792728], [16.632278, 48.792191], [16.63249, 48.79155], [16.632895, 48.790755], [16.633265, 48.790241], [16.633652, 48.78234], [16.63081, 48.780418], [16.625147, 48.778303], [16.623539, 48.778419], [16.62212, 48.778619], [16.621067, 48.778863], [16.620332, 48.779103], [16.619686, 48.779274], [16.618986, 48.779327], [16.618394, 48.779248], [16.610404, 48.782284], [16.609827, 48.782415], [16.607427, 48.782571], [16.599301, 48.7788], [16.599045, 48.775209], [16.604088, 48.770049], [16.607612, 48.769314], [16.611361, 48.770285], [16.619013, 48.767463], [16.619485, 48.763165], [16.622536, 48.761244], [16.624724, 48.760088], [16.625397, 48.760007], [16.625845, 48.759956], [16.631876, 48.755512], [16.632288, 48.753638], [16.632429, 48.752891], [16.632536, 48.752056], [16.63255, 48.750497], [16.62623, 48.74551], [16.624912, 48.745406], [16.618213, 48.743864], [16.617395, 48.743969], [16.612736, 48.744784], [16.612359, 48.74495], [16.61191, 48.745111], [16.610519, 48.743767], [16.608742, 48.741439], [16.608753, 48.741402], [16.610105, 48.740191], [16.61175, 48.739711], [16.619129, 48.737979], [16.621134, 48.737466], [16.626513, 48.741921], [16.629252, 48.742033], [16.635476, 48.735677], [16.638957, 48.734759], [16.640684, 48.734898], [16.645732, 48.734968], [16.647528, 48.73459], [16.648219, 48.734417], [16.648828, 48.734239], [16.649491, 48.734017], [16.650129, 48.733776], [16.650718, 48.733528], [16.652111, 48.732837], [16.655231, 48.724934], [16.65502, 48.724107], [16.658508, 48.723216], [16.66166, 48.7283], [16.660976, 48.729376], [16.659216, 48.737868], [16.659829, 48.739632], [16.661782, 48.748414], [16.663499, 48.751501], [16.663672, 48.752143], [16.6637, 48.752979], [16.663564, 48.753669], [16.66581, 48.761757], [16.670925, 48.765672], [16.671098, 48.76624], [16.671198, 48.766801], [16.671313, 48.768109], [16.670444, 48.769259], [16.6717, 48.777825], [16.673895, 48.777745], [16.676021, 48.777669], [16.679279, 48.776695], [16.682653, 48.775669], [16.686026, 48.774643], [16.689743, 48.773548], [16.693359, 48.773183], [16.697226, 48.767443], [16.698105, 48.763952], [16.700912, 48.757359], [16.701532, 48.754965], [16.705097, 48.754465], [16.705395, 48.756589], [16.705693, 48.758714], [16.706046, 48.761119], [16.713267, 48.763597], [16.715291, 48.76253], [16.715913, 48.762319], [16.716781, 48.76213], [16.71858, 48.761752], [16.720466, 48.761358], [16.726774, 48.756408], [16.728398, 48.753293], [16.73168, 48.749515], [16.73232, 48.747781], [16.726993, 48.74153], [16.722392, 48.740922], [16.722086, 48.737336], [16.729347, 48.734951], [16.735866, 48.733306], [16.740325, 48.733355], [16.747083, 48.735211], [16.74831, 48.735526], [16.756109, 48.734646], [16.759525, 48.73351], [16.765077, 48.728205], [16.77191, 48.722847], [16.778415, 48.722942], [16.780066, 48.726142], [16.779789, 48.735092], [16.784669, 48.738005], [16.789173, 48.742559], [16.792754, 48.74292], [16.80068, 48.744629], [16.801678, 48.744105], [16.802305, 48.743843], [16.80481, 48.743228], [16.812118, 48.742553], [16.815716, 48.742679], [16.815636, 48.744967], [16.821625, 48.749908], [16.825202, 48.742436], [16.825028, 48.73884], [16.822463, 48.736121], [16.824467, 48.73313], [16.826699, 48.734626], [16.829189, 48.736313], [16.837217, 48.734046], [16.837481, 48.732785], [16.840069, 48.726171], [16.837152, 48.721061], [16.83018, 48.720244], [16.827036, 48.721577], [16.822527, 48.724289], [16.819222, 48.724915], [16.81782, 48.721599], [16.818156, 48.718957], [16.81823, 48.712077], [16.817587, 48.709255], [16.818112, 48.705693], [16.824557, 48.701998], [16.82664, 48.699596], [16.827226, 48.699422], [16.828712, 48.699234], [16.828773, 48.699291], [16.829518, 48.700887], [16.832485, 48.706254], [16.840972, 48.707878], [16.844526, 48.708452], [16.844221, 48.710336], [16.844131, 48.711112], [16.843793, 48.711978], [16.847699, 48.719109], [16.850469, 48.718267], [16.850869, 48.718131], [16.851652, 48.717872], [16.853203, 48.717504], [16.855866, 48.716956], [16.858528, 48.716409], [16.86398, 48.721007], [16.867555, 48.716842], [16.868758, 48.716562], [16.871413, 48.718993], [16.870245, 48.720269], [16.869258, 48.722979], [16.876499, 48.727414], [16.878953, 48.724674], [16.879761, 48.724827], [16.882413, 48.7277], [16.88193, 48.728163], [16.878839, 48.73124], [16.878102, 48.732588], [16.880876, 48.739678], [16.884441, 48.739175], [16.884574, 48.740479], [16.886901, 48.744305], [16.895668, 48.743074], [16.896924, 48.742154], [16.898503, 48.743955], [16.899936, 48.745828], [16.907822, 48.747069], [16.909824, 48.747005], [16.91067, 48.746993], [16.911314, 48.747237], [16.912468, 48.747981], [16.914894, 48.753899], [16.916359, 48.757188], [16.91862, 48.762702], [16.919113, 48.764786], [16.917078, 48.767138], [16.916366, 48.768758], [16.916644, 48.774552], [16.92341, 48.780322], [16.926147, 48.779015], [16.926498, 48.778775], [16.926837, 48.778528], [16.928311, 48.777712], [16.930369, 48.77562], [16.931704, 48.774218], [16.933779, 48.771975], [16.935879, 48.769705], [16.937164, 48.768371], [16.935794, 48.760606], [16.935114, 48.759983], [16.934446, 48.759308], [16.934136, 48.758907], [16.933675, 48.757568], [16.931353, 48.748929], [16.92685, 48.746959], [16.922482, 48.746784], [16.924379, 48.74434], [16.92676, 48.73741], [16.92524, 48.733887], [16.926988, 48.727303], [16.927991, 48.725926], [16.92962, 48.724848], [16.935067, 48.723666], [16.939763, 48.718919], [16.940856, 48.713861], [16.940855, 48.713823], [16.944453, 48.713719], [16.944454, 48.713757], [16.944395, 48.715941], [16.944068, 48.717642], [16.95053, 48.723303], [16.951559, 48.722819], [16.953649, 48.720729], [16.95711, 48.71985], [16.959385, 48.719676], [16.96213, 48.719965], [16.969274, 48.716796], [16.971166, 48.711564], [16.967645, 48.707452], [16.966033, 48.706571], [16.96551, 48.706325], [16.964695, 48.705579], [16.964396, 48.704714], [16.96286, 48.701177], [16.964851, 48.698177], [16.965684, 48.69873], [16.967029, 48.699618], [16.975212, 48.69699], [16.981804, 48.69468], [16.983724, 48.691878], [16.984934, 48.68939], [16.98402, 48.681742], [16.98368, 48.681163], [16.984981, 48.677984], [16.985207, 48.67736], [16.986486, 48.672856], [16.986707, 48.671479], [16.987142, 48.669138], [16.987431, 48.667753], [16.987858, 48.665879], [16.988269, 48.664233], [16.984719, 48.657251], [16.98368, 48.65582], [16.983393, 48.652232], [16.978442, 48.645035], [16.977175, 48.644891], [16.97237, 48.64511], [16.971996, 48.644771], [16.970823, 48.643627], [16.970461, 48.641089], [16.97029, 48.63986], [16.970281, 48.639717], [16.970568, 48.638275], [16.972068, 48.636098], [16.973266, 48.634231], [16.974417, 48.634741], [16.975216, 48.635413], [16.981871, 48.640572], [16.982702, 48.640592], [16.98405, 48.640593], [16.98705, 48.640546], [16.989867, 48.632632], [16.989595, 48.632115], [16.989417, 48.631631], [16.989333, 48.631299], [16.989216, 48.630631], [16.983711, 48.624989], [16.98094, 48.622788], [16.981395, 48.622185], [16.981897, 48.621842], [16.982582, 48.621571], [16.982876, 48.621458], [16.983825, 48.621111], [16.986839, 48.613101], [16.986776, 48.610679], [16.987143, 48.609922], [16.988015, 48.605706], [16.98486, 48.599515], [16.976985, 48.596648], [16.974771, 48.597021], [16.96883, 48.600841], [16.968006, 48.601656], [16.965798, 48.603765], [16.96359, 48.605873], [16.961104, 48.60327], [16.953624, 48.600546], [16.947587, 48.601552], [16.947113, 48.60163], [16.946525, 48.598079], [16.946998, 48.598], [16.953036, 48.596994], [16.960691, 48.595735], [16.964072, 48.595166], [16.971595, 48.59095], [16.973201, 48.588893], [16.974701, 48.586976], [16.976201, 48.585058], [16.977347, 48.583593], [16.978493, 48.582127], [16.9824, 48.580918], [16.987211, 48.573484], [16.986745, 48.569915], [16.987685, 48.563042], [16.986416, 48.560057], [16.984655, 48.557178], [16.983419, 48.552451], [16.982674, 48.550503], [16.982544, 48.550054], [16.984069, 48.548235], [16.98413, 48.548224], [16.986002, 48.549055], [16.98744, 48.551734], [16.990093, 48.556092], [16.990998, 48.561634], [16.994473, 48.564723], [16.996905, 48.565879], [17.000304, 48.567888], [17.000283, 48.571488], [17.007332, 48.575218], [17.01183, 48.569648], [17.010865, 48.565978], [17.010337, 48.563759], [17.010215, 48.563117], [17.009897, 48.561245], [17.009627, 48.558873], [17.009465, 48.555879], [17.009453, 48.554238], [17.009594, 48.55151], [17.009739, 48.550003], [17.010068, 48.547742], [17.010415, 48.545844], [17.010591, 48.545053], [17.010779, 48.544268], [17.011186, 48.542755], [17.011664, 48.541175], [17.012144, 48.539772], [17.012701, 48.538273], [17.013292, 48.536861], [17.013947, 48.53539], [17.014626, 48.534009], [17.015444, 48.532424], [17.016026, 48.531416], [17.016852, 48.530046], [17.018604, 48.527128], [17.019567, 48.525496], [17.020545, 48.52384], [17.02213, 48.521249], [17.023081, 48.519612], [17.024313, 48.517562], [17.025531, 48.515537], [17.026112, 48.514535], [17.027064, 48.51276], [17.028239, 48.51011], [17.030038, 48.503366], [17.030298, 48.498045], [17.030148, 48.494992], [17.029982, 48.492338], [17.029844, 48.489413], [17.029807, 48.488071], [17.029814, 48.48703], [17.029895, 48.484064], [17.033494, 48.484163], [17.033578, 48.492169], [17.03374, 48.494767], [17.033894, 48.497867], [17.033923, 48.499568], [17.033871, 48.501314], [17.033767, 48.502587], [17.033608, 48.503828], [17.033135, 48.506467], [17.032908, 48.507421], [17.032358, 48.50934], [17.03199, 48.51041], [17.031588, 48.511431], [17.031208, 48.512384], [17.030767, 48.513373], [17.030304, 48.51433], [17.029285, 48.516235], [17.028646, 48.51734], [17.027399, 48.519416], [17.026166, 48.521467], [17.025242, 48.523058], [17.023616, 48.525718], [17.022667, 48.527326], [17.021704, 48.528958], [17.019939, 48.531899], [17.019661, 48.532397], [17.017828, 48.535655], [17.017178, 48.536978], [17.016581, 48.538324], [17.016022, 48.539662], [17.015521, 48.541021], [17.01507, 48.542341], [17.014633, 48.543794], [17.014256, 48.545201], [17.014093, 48.545889], [17.013928, 48.546627], [17.01361, 48.548387], [17.013309, 48.550468], [17.013178, 48.551852], [17.01305, 48.554374], [17.013065, 48.555847], [17.013221, 48.558677], [17.013474, 48.560832], [17.013764, 48.562508], [17.013874, 48.563088], [17.014366, 48.565142], [17.019584, 48.571981], [17.022867, 48.573456], [17.022731, 48.57376], [17.022403, 48.574295], [17.022013, 48.574781], [17.02153, 48.575267], [17.02093, 48.575742], [17.017624, 48.581855], [17.017949, 48.585399], [17.01807, 48.588413], [17.018093, 48.590751], [17.018073, 48.592504], [17.018035, 48.594002], [17.017976, 48.595209], [17.01778, 48.598135], [17.018441, 48.601202], [17.025139, 48.603662], [17.025741, 48.603444], [17.028113, 48.602332], [17.033394, 48.603591], [17.035854, 48.606219], [17.043767, 48.607579], [17.044268, 48.607886], [17.044297, 48.607905], [17.045147, 48.60845], [17.04699, 48.61135], [17.046808, 48.614262], [17.046601, 48.614393], [17.044779, 48.614191], [17.041168, 48.613793], [17.038873, 48.613899], [17.038244, 48.613553], [17.029993, 48.610369], [17.023183, 48.615636], [17.022797, 48.615975], [17.022418, 48.616346], [17.02232, 48.616415], [17.016837, 48.616641], [17.012388, 48.621991], [17.011312, 48.624676], [17.010707, 48.626112], [17.009931, 48.627452], [17.009251, 48.629342], [17.008354, 48.631188], [17.007131, 48.633483], [17.00582, 48.635522], [17.008873, 48.642836], [17.009215, 48.64311], [17.009573, 48.643456], [17.010628, 48.644622], [17.013364, 48.646462], [17.022111, 48.64547], [17.023349, 48.643175], [17.024377, 48.63975], [17.024509, 48.638977], [17.025701, 48.636384], [17.027693, 48.633802], [17.028121, 48.633122], [17.028685, 48.632165], [17.029203, 48.631661], [17.029773, 48.63105], [17.031749, 48.630764], [17.032051, 48.630886], [17.033126, 48.632361], [17.033089, 48.632453], [17.032349, 48.633412], [17.031984, 48.633968], [17.031429, 48.634735], [17.030023, 48.637303], [17.029721, 48.637883], [17.028015, 48.641692], [17.027886, 48.642407], [17.02648, 48.644951], [17.02528, 48.647178], [17.02346, 48.650484], [17.027431, 48.658234], [17.028637, 48.658294], [17.034843, 48.651931], [17.037389, 48.650296], [17.040598, 48.648666], [17.048309, 48.652556], [17.049029, 48.652513], [17.050259, 48.652493], [17.051486, 48.652542], [17.052356, 48.65262], [17.053638, 48.652766], [17.056151, 48.65308], [17.058664, 48.653393], [17.061178, 48.653707], [17.063687, 48.65402], [17.066733, 48.654393], [17.075084, 48.653325], [17.076418, 48.656669], [17.07445, 48.657574], [17.074116, 48.657719], [17.073556, 48.657924], [17.072846, 48.658117], [17.072165, 48.658255], [17.071215, 48.658369], [17.070346, 48.658398], [17.06945, 48.65835], [17.066295, 48.657966], [17.063249, 48.657593], [17.060732, 48.657279], [17.058219, 48.656965], [17.055705, 48.656652], [17.049933, 48.663288], [17.050975, 48.664905], [17.050876, 48.668064], [17.049898, 48.668263], [17.04795, 48.666856], [17.040245, 48.665093], [17.035785, 48.669942], [17.03863, 48.674284], [17.039503, 48.677777], [17.041425, 48.683518], [17.042806, 48.685983], [17.043355, 48.68668], [17.044303, 48.690152], [17.044987, 48.693074], [17.045876, 48.696562], [17.045652, 48.705214], [17.045689, 48.705844], [17.045652, 48.706402], [17.045555, 48.706929], [17.045342, 48.707593], [17.044932, 48.70844], [17.042383, 48.714826], [17.040338, 48.714958], [17.038785, 48.714926], [17.038749, 48.713654], [17.038799, 48.712822], [17.03884, 48.711685], [17.03986, 48.707784], [17.034057, 48.700993], [17.031844, 48.700491], [17.029631, 48.699988], [17.027284, 48.69761], [17.020267, 48.698517], [17.019426, 48.699238], [17.01841, 48.700002], [17.017214, 48.701048], [17.016202, 48.701976], [17.015609, 48.702516], [17.015217, 48.702735], [17.014844, 48.702884], [17.014274, 48.703127], [17.013797, 48.703339], [17.012974, 48.703593], [17.012025, 48.703754], [17.005053, 48.700165], [17.003304, 48.700395], [17.003257, 48.700362], [17.000106, 48.698742], [17.000408, 48.698158], [17.000627, 48.69782], [17.001953, 48.695243], [17.002842, 48.692715], [16.994392, 48.689873], [16.989347, 48.696494], [16.98942, 48.698992], [16.989417, 48.701594], [16.989322, 48.703911], [16.989144, 48.706337], [16.988981, 48.707872], [16.98893, 48.708554], [16.988668, 48.710404], [16.988458, 48.71162], [16.988251, 48.71277], [16.98995, 48.719732], [16.998101, 48.722366], [16.999843, 48.721835], [17.002311, 48.720896], [17.003608, 48.720087], [17.006491, 48.717998], [17.008603, 48.720913], [17.005721, 48.723002], [17.004226, 48.723945], [17.005636, 48.73276], [17.010978, 48.733389], [17.012628, 48.732515], [17.014452, 48.735619], [17.022729, 48.737731], [17.023448, 48.73739], [17.024872, 48.740697], [17.027956, 48.747519], [17.030928, 48.74946], [17.032264, 48.750409], [17.032876, 48.751572], [17.032904, 48.752007], [17.032678, 48.75846], [17.032778, 48.76009], [17.03577, 48.76693], [17.03694, 48.768802], [17.04298, 48.774914], [17.04562, 48.773447], [17.047433, 48.772445], [17.049898, 48.771076], [17.052944, 48.76894], [17.055808, 48.768823], [17.055995, 48.76901], [17.056458, 48.769801], [17.056208, 48.771406], [17.058055, 48.778101], [17.06005, 48.77992], [17.06284, 48.78307], [17.061692, 48.786482], [17.060977, 48.786225], [17.06022, 48.785987], [17.059847, 48.785833], [17.054483, 48.78241], [17.052916, 48.781393], [17.047994, 48.778158], [17.042093, 48.779526], [17.03826, 48.781384], [17.036466, 48.782041], [17.035964, 48.782192], [17.035069, 48.782232], [17.032442, 48.781526], [17.03013, 48.780891], [17.028045, 48.780958], [17.025652, 48.781005], [17.024003, 48.781051], [17.01763, 48.783208], [17.013395, 48.783413], [17.010633, 48.783788], [17.005025, 48.780126], [16.997649, 48.781869], [16.994248, 48.782876], [16.990836, 48.783887], [16.990398, 48.784056], [16.989234, 48.784763], [16.989449, 48.793597], [16.991988, 48.793667], [16.994582, 48.793738], [16.995293, 48.793788], [16.99591, 48.793888], [16.998312, 48.794397], [17.000727, 48.794908], [17.003301, 48.795483], [17.005723, 48.796285], [17.006559, 48.796581], [17.015426, 48.79531], [17.015596, 48.79526], [17.018278, 48.794537], [17.018784, 48.794513], [17.019862, 48.794923], [17.026066, 48.795489], [17.027328, 48.795141], [17.02864, 48.794811], [17.030454, 48.794408], [17.030664, 48.794372], [17.03118, 48.794364], [17.031941, 48.79459], [17.032747, 48.79534], [17.033053, 48.796042], [17.033395, 48.79716], [17.03225, 48.79991], [17.031581, 48.802063], [17.03336, 48.810288], [17.035642, 48.810905], [17.037925, 48.811521], [17.042317, 48.811265], [17.049365, 48.814208], [17.051438, 48.811693], [17.051824, 48.81109], [17.052632, 48.810225], [17.05306, 48.809968], [17.054031, 48.809459], [17.056586, 48.80803], [17.058181, 48.807005], [17.059182, 48.806258], [17.06107, 48.805005], [17.066114, 48.798802], [17.066754, 48.79709], [17.067594, 48.796645], [17.068257, 48.79636], [17.073574, 48.797416], [17.074086, 48.797669], [17.076138, 48.798957], [17.078988, 48.804989], [17.086235, 48.802959], [17.088327, 48.802488], [17.08839, 48.802548], [17.089535, 48.804035], [17.087843, 48.807213], [17.080107, 48.808411], [17.076559, 48.809571], [17.075802, 48.809798], [17.07488, 48.809928], [17.073991, 48.809925], [17.073385, 48.809835], [17.073066, 48.809773], [17.072468, 48.80957], [17.07199, 48.809337], [17.069604, 48.807821], [17.06306, 48.808005], [17.061173, 48.809257], [17.06034, 48.809885], [17.059575, 48.810434], [17.058424, 48.811126], [17.055123, 48.81628], [17.058656, 48.820284], [17.059846, 48.820519], [17.060482, 48.820585], [17.061284, 48.8207], [17.061697, 48.820797], [17.06259, 48.821218], [17.062744, 48.821288], [17.062816, 48.821324], [17.067517, 48.822089], [17.067851, 48.822089], [17.070656, 48.821527], [17.073748, 48.82231], [17.074705, 48.827872], [17.076904, 48.834974], [17.081101, 48.839568], [17.088531, 48.840007], [17.097088, 48.84072], [17.099564, 48.839542], [17.099745, 48.839456], [17.10248, 48.842688], [17.107635, 48.847978], [17.109302, 48.848713], [17.115236, 48.849344], [17.121491, 48.848732], [17.121498, 48.848732], [17.122722, 48.848729], [17.123129, 48.849401], [17.124419, 48.851904], [17.124118, 48.852863], [17.122859, 48.860225], [17.1228, 48.860303], [17.125045, 48.868997], [17.125949, 48.869316], [17.124749, 48.872711], [17.116526, 48.871574], [17.108615, 48.869439], [17.10543, 48.867438], [17.104795, 48.867113], [17.103962, 48.86662], [17.103184, 48.866084], [17.102207, 48.865296], [17.093255, 48.865278], [17.089053, 48.864874], [17.083443, 48.865683], [17.076785, 48.861593], [17.0687, 48.86323], [17.067641, 48.865129], [17.066583, 48.867029], [17.063438, 48.865276], [17.064497, 48.863377], [17.065555, 48.861477], [17.062104, 48.853692], [17.060212, 48.854048], [17.059365, 48.854159], [17.055459, 48.857384], [17.054015, 48.858543], [17.052541, 48.859663], [17.051046, 48.858802], [17.045701, 48.856434], [17.043553, 48.856823], [17.038509, 48.859624], [17.040875, 48.867794], [17.042496, 48.868699], [17.044408, 48.869817], [17.044774, 48.870123], [17.045118, 48.870575], [17.045359, 48.871131], [17.046051, 48.873846], [17.046547, 48.87576], [17.047042, 48.877674], [17.043557, 48.878576], [17.043062, 48.876662], [17.037522, 48.870046], [17.029661, 48.869105], [17.0216, 48.871876], [17.013438, 48.872056], [17.007864, 48.874664], [17.006311, 48.878661], [17.007136, 48.88384], [17.006204, 48.885531], [17.00521, 48.8875], [16.999381, 48.891647], [16.999208, 48.891778], [16.996612, 48.88977], [16.995881, 48.88816], [16.988636, 48.883232], [16.987403, 48.882835], [16.985551, 48.882176], [16.98375, 48.881534], [16.983227, 48.88131], [16.980909, 48.880474], [16.972332, 48.882663], [16.971838, 48.887934], [16.970676, 48.889741], [16.966955, 48.890505], [16.964283, 48.891014], [16.961172, 48.891121], [16.956659, 48.89799], [16.959258, 48.905314], [16.962968, 48.907563], [16.970032, 48.908088], [16.972511, 48.907581], [16.97502, 48.907077], [16.977598, 48.90656], [16.979508, 48.906254], [16.981432, 48.905946], [16.984558, 48.905475], [16.985248, 48.905437], [16.988271, 48.905358], [16.995802, 48.902137], [16.996328, 48.901717], [16.99676, 48.901466], [16.997221, 48.901246], [16.998767, 48.904498], [17.005553, 48.90966], [17.006362, 48.90936], [17.007935, 48.908882], [17.011645, 48.907458], [17.016391, 48.904049], [17.017133, 48.903811], [17.019987, 48.903895], [17.026598, 48.903364], [17.027629, 48.904415], [17.027741, 48.904595], [17.027539, 48.906839], [17.023575, 48.910506], [17.022894, 48.911274], [17.017562, 48.915198], [17.015893, 48.915779], [17.01205, 48.918161], [17.005597, 48.924131], [17.012068, 48.927825], [17.012876, 48.927754], [17.01436, 48.927815], [17.014753, 48.927857], [17.014919, 48.92789], [17.014227, 48.931422], [17.019782, 48.938394], [17.020795, 48.939295], [17.021283, 48.9417], [17.020569, 48.942157], [17.01945, 48.943077], [17.017118, 48.945326], [17.014672, 48.947675], [17.014251, 48.948494], [17.017535, 48.956486], [17.018073, 48.956683], [17.018782, 48.956972], [17.020427, 48.95775], [17.022397, 48.958695], [17.031261, 48.957618], [17.031594, 48.957368], [17.032535, 48.957013], [17.034744, 48.956588], [17.041655, 48.958446], [17.042478, 48.958635], [17.044953, 48.960562], [17.045577, 48.961042], [17.04561, 48.961084], [17.043696, 48.963935], [17.043571, 48.963889], [17.041434, 48.963112], [17.040772, 48.96291], [17.036136, 48.964221], [17.03572, 48.970754], [17.035672, 48.974354], [17.034286, 48.979982], [17.04148, 48.982558], [17.042878, 48.982042], [17.044364, 48.980929], [17.047331, 48.982969], [17.047011, 48.983433], [17.046137, 48.984232], [17.04562, 48.984598], [17.041866, 48.989008], [17.041327, 48.989691], [17.040472, 48.990678], [17.039675, 48.991924], [17.039415, 48.992496], [17.041262, 49.000312], [17.043341, 49.001318], [17.044075, 49.001607], [17.045729, 49.002666], [17.051285, 49.004173], [17.051659, 49.004181], [17.05444, 49.006468], [17.059837, 49.012097], [17.061419, 49.012247], [17.061679, 49.012273], [17.068346, 49.01795], [17.072767, 49.018697], [17.079224, 49.015558], [17.081455, 49.011659], [17.081825, 49.010786], [17.082095, 49.010358], [17.082508, 49.009901], [17.083014, 49.009518], [17.083506, 49.009251], [17.088013, 49.004193], [17.088521, 49.000629], [17.089074, 49.000774], [17.091129, 49.001832], [17.091635, 49.002058], [17.092335, 49.002615], [17.094982, 49.003637], [17.097528, 49.003553], [17.10081, 48.995431], [17.100157, 48.993437], [17.0988, 48.99128], [17.097569, 48.989352], [17.100021, 48.986716], [17.102229, 48.988632], [17.103364, 48.991682], [17.104403, 48.995216], [17.107006, 48.999105], [17.114387, 49.001193], [17.117519, 49.002338], [17.122698, 49.002156], [17.126902, 48.999508], [17.126971, 48.999493], [17.12883, 49.000344], [17.13654, 49.002235], [17.137055, 49.005798], [17.134609, 49.010134], [17.130231, 49.01763], [17.13019, 49.018033], [17.130049, 49.020301], [17.129456, 49.021146], [17.125, 49.023975], [17.123167, 49.025231], [17.123033, 49.025223], [17.121517, 49.023066], [17.120012, 49.020211], [17.117754, 49.018312], [17.110493, 49.022445], [17.110081, 49.023781], [17.109926, 49.02414], [17.108945, 49.026153], [17.105709, 49.024575], [17.10669, 49.022562], [17.107045, 49.02141], [17.107746, 49.018586], [17.107937, 49.018058], [17.108391, 49.017324], [17.10893, 49.016608], [17.106655, 49.00832], [17.09938, 49.007339], [17.093051, 49.009783], [17.091145, 49.011686], [17.088931, 49.01854], [17.088065, 49.01999], [17.087567, 49.020973], [17.081611, 49.024927], [17.079713, 49.025133], [17.0781, 49.025723], [17.073512, 49.02597], [17.072985, 49.026115], [17.072518, 49.026163], [17.072063, 49.02614], [17.071664, 49.026068], [17.063089, 49.027005], [17.061962, 49.027875], [17.061504, 49.028107], [17.05769, 49.030127], [17.054889, 49.033138], [17.05443, 49.033783], [17.052789, 49.034812], [17.049645, 49.038387], [17.048402, 49.039675], [17.048349, 49.039723], [17.047006, 49.040931], [17.043124, 49.037873], [17.042587, 49.037659], [17.035341, 49.037772], [17.034671, 49.038068], [17.033768, 49.038426], [17.031589, 49.03921], [17.030903, 49.039377], [17.030089, 49.039462], [17.029653, 49.039459], [17.027775, 49.039292], [17.026035, 49.039595], [17.025784, 49.039648], [17.025489, 49.039707], [17.024203, 49.039935], [17.020402, 49.041938], [17.020042, 49.049003], [17.025266, 49.049773], [17.027413, 49.049711], [17.028592, 49.051151], [17.02803, 49.056299], [17.028171, 49.056856], [17.028198, 49.057363], [17.030538, 49.062717], [17.036486, 49.063415], [17.039748, 49.06327], [17.041594, 49.062492], [17.042827, 49.054418], [17.04114, 49.052116], [17.042287, 49.050706], [17.043798, 49.049688], [17.045723, 49.05228], [17.052763, 49.054585], [17.055749, 49.051908], [17.05607, 49.051575], [17.056531, 49.051208], [17.057663, 49.050436], [17.058724, 49.049743], [17.059983, 49.048834], [17.061212, 49.048043], [17.06171, 49.047795], [17.062061, 49.0477], [17.063781, 49.047215], [17.068142, 49.045875], [17.068801, 49.045497], [17.070792, 49.048497], [17.078118, 49.044287], [17.076837, 49.040997], [17.077163, 49.040565], [17.077449, 49.040245], [17.082544, 49.03743], [17.083117, 49.037312], [17.083737, 49.03732], [17.084979, 49.037522], [17.085631, 49.037614], [17.086103, 49.037718], [17.086859, 49.03796], [17.087201, 49.038112], [17.085745, 49.041404], [17.084218, 49.046327], [17.091459, 49.050468], [17.092874, 49.049592], [17.09477, 49.052652], [17.097306, 49.058089], [17.094641, 49.060509], [17.096875, 49.068085], [17.098759, 49.069327], [17.098646, 49.072144], [17.0954, 49.073701], [17.092256, 49.078793], [17.091992, 49.080204], [17.091901, 49.082094], [17.088305, 49.081921], [17.084317, 49.074355], [17.08195, 49.073426], [17.081633, 49.073333], [17.07277, 49.074425], [17.069759, 49.076323], [17.065667, 49.076161], [17.062339, 49.074789], [17.053702, 49.076633], [17.0519, 49.080659], [17.055419, 49.086823], [17.055551, 49.086896], [17.057609, 49.08968], [17.055017, 49.097986], [17.05563, 49.102664], [17.055777, 49.103031], [17.056298, 49.105074], [17.056519, 49.105928], [17.064143, 49.110217], [17.064606, 49.109976], [17.067759, 49.10644], [17.068298, 49.105722], [17.069022, 49.1053], [17.07262, 49.102419], [17.073953, 49.101586], [17.076682, 49.100345], [17.081393, 49.097472], [17.083663, 49.100266], [17.085006, 49.109138], [17.086965, 49.109097], [17.088924, 49.109055], [17.091569, 49.108188], [17.094671, 49.106494], [17.095829, 49.106026], [17.097031, 49.105966], [17.098951, 49.106121], [17.100235, 49.10616], [17.106096, 49.104487], [17.110071, 49.100421], [17.10966, 49.095743], [17.109377, 49.095021], [17.109001, 49.093447], [17.109055, 49.09267], [17.109265, 49.092076], [17.109697, 49.091179], [17.111784, 49.087136], [17.115236, 49.084587], [17.116148, 49.083726], [17.118205, 49.080593], [17.118401, 49.080114], [17.121732, 49.081479], [17.122204, 49.0826], [17.122485, 49.083404], [17.122536, 49.084165], [17.124135, 49.088651], [17.132205, 49.088461], [17.13252, 49.088174], [17.132975, 49.08776], [17.133928, 49.08717], [17.134785, 49.087059], [17.136359, 49.086797], [17.136535, 49.086768], [17.136662, 49.086759], [17.137002, 49.086888], [17.13804, 49.087801], [17.137503, 49.09014], [17.141461, 49.096368], [17.141506, 49.096401], [17.145365, 49.09886], [17.152764, 49.097465], [17.152905, 49.097365], [17.153836, 49.096746], [17.154174, 49.096503], [17.160057, 49.094773], [17.160401, 49.094686], [17.162102, 49.095658], [17.162803, 49.097145], [17.170936, 49.098153], [17.172835, 49.096392], [17.173445, 49.095809], [17.176694, 49.089225], [17.176989, 49.088564], [17.17824, 49.086988], [17.179992, 49.085349], [17.182669, 49.087756], [17.187985, 49.091178], [17.196639, 49.092508], [17.197126, 49.096075], [17.194266, 49.096466], [17.191875, 49.096948], [17.191155, 49.096729], [17.187028, 49.095451], [17.179532, 49.099421], [17.177947, 49.100828], [17.17727, 49.10143], [17.174009, 49.107289], [17.177766, 49.11122], [17.18284, 49.114157], [17.184998, 49.114966], [17.184129, 49.118459], [17.179261, 49.120013], [17.178734, 49.120094], [17.17831, 49.120115], [17.172187, 49.119579], [17.167983, 49.122397], [17.167271, 49.122802], [17.164938, 49.124317], [17.164134, 49.124275], [17.163096, 49.123652], [17.161049, 49.12275], [17.161025, 49.122704], [17.161372, 49.119652], [17.161317, 49.119055], [17.161692, 49.117049], [17.154967, 49.112541], [17.154481, 49.112731], [17.154107, 49.112821], [17.153332, 49.112943], [17.150737, 49.112419], [17.144219, 49.111719], [17.14369, 49.111818], [17.143247, 49.111869], [17.142699, 49.111886], [17.141613, 49.111847], [17.136436, 49.118955], [17.134992, 49.122713], [17.134708, 49.123278], [17.134396, 49.123755], [17.133788, 49.124487], [17.133199, 49.125012], [17.132586, 49.125417], [17.130588, 49.126489], [17.128636, 49.128766], [17.132337, 49.136025], [17.132776, 49.136211], [17.133529, 49.136766], [17.14157, 49.139611], [17.143553, 49.138879], [17.152069, 49.141707], [17.153613, 49.144959], [17.160664, 49.147406], [17.162566, 49.146605], [17.163739, 49.150008], [17.167552, 49.157524], [17.170355, 49.156892], [17.172144, 49.15648], [17.17395, 49.156064], [17.178946, 49.151483], [17.180477, 49.149367], [17.181747, 49.148279], [17.184973, 49.149878], [17.19162, 49.155218], [17.192731, 49.155222], [17.193544, 49.155257], [17.194529, 49.155339], [17.19567, 49.155444], [17.196864, 49.155513], [17.197495, 49.155527], [17.198439, 49.1555], [17.199184, 49.155441], [17.19991, 49.155364], [17.203254, 49.154911], [17.209062, 49.153188], [17.206336, 49.144638], [17.206201, 49.144582], [17.205897, 49.143939], [17.203274, 49.140729], [17.20288, 49.140425], [17.199135, 49.137938], [17.194168, 49.137202], [17.192041, 49.136508], [17.186901, 49.132837], [17.187376, 49.129269], [17.189225, 49.129515], [17.191073, 49.129762], [17.19196, 49.129891], [17.192669, 49.130064], [17.193201, 49.130249], [17.198898, 49.130774], [17.20025, 49.131918], [17.207043, 49.135446], [17.208696, 49.135422], [17.213599, 49.135786], [17.218456, 49.136134], [17.218834, 49.136136], [17.225643, 49.139248], [17.230094, 49.139761], [17.238056, 49.136783], [17.238154, 49.13671], [17.246534, 49.134144], [17.246805, 49.133788], [17.247091, 49.133502], [17.247468, 49.133204], [17.247867, 49.132958], [17.252494, 49.130044], [17.254456, 49.128625], [17.256566, 49.131541], [17.250647, 49.138148], [17.248766, 49.139404], [17.24371, 49.143116], [17.245462, 49.148119], [17.245629, 49.148275], [17.245186, 49.150669], [17.244991, 49.150778], [17.243164, 49.151243], [17.24174, 49.159622], [17.244121, 49.161173], [17.25102, 49.163604], [17.251559, 49.163644], [17.252093, 49.163745], [17.252458, 49.16387], [17.252935, 49.164113], [17.253523, 49.164586], [17.253919, 49.165102], [17.254117, 49.16553], [17.254264, 49.166008], [17.254791, 49.168293], [17.255317, 49.170579], [17.251809, 49.171387], [17.246354, 49.167048], [17.245528, 49.166867], [17.244963, 49.16669], [17.244519, 49.166508], [17.243949, 49.166207], [17.243528, 49.165939], [17.235577, 49.169659], [17.237899, 49.17732], [17.237559, 49.183148], [17.237948, 49.18484], [17.238144, 49.18557], [17.23851, 49.186698], [17.238587, 49.187454], [17.238292, 49.188354], [17.237794, 49.188958], [17.237504, 49.189283], [17.235905, 49.189919], [17.231025, 49.191478], [17.23069, 49.191765], [17.230145, 49.192079], [17.228869, 49.192394], [17.225847, 49.192951], [17.226586, 49.201863], [17.227216, 49.201853], [17.2276, 49.201881], [17.230706, 49.202231], [17.23361, 49.202578], [17.23755, 49.201577], [17.238129, 49.201335], [17.239102, 49.201112], [17.243224, 49.197512], [17.24554, 49.197313], [17.245941, 49.197426], [17.246603, 49.197725], [17.255251, 49.195293], [17.25605, 49.194095], [17.25731, 49.193183], [17.257784, 49.192801], [17.259483, 49.193373], [17.259891, 49.193765], [17.260086, 49.194008], [17.260044, 49.195603], [17.258226, 49.200572], [17.258062, 49.201215], [17.257008, 49.207656], [17.261674, 49.214092], [17.265453, 49.21418], [17.268185, 49.215638], [17.2695, 49.21622], [17.270547, 49.216786], [17.273365, 49.21921], [17.275563, 49.220505], [17.276283, 49.221252], [17.277726, 49.223913], [17.277935, 49.224427], [17.278808, 49.226332], [17.280243, 49.227925], [17.280466, 49.228259], [17.280675, 49.22862], [17.281325, 49.230134], [17.283134, 49.232055], [17.285141, 49.233326], [17.285661, 49.233548], [17.293437, 49.230212], [17.290262, 49.224248], [17.289667, 49.223891], [17.288418, 49.223032], [17.288131, 49.21964], [17.287652, 49.217634], [17.286659, 49.215317], [17.286437, 49.213816], [17.286262, 49.213235], [17.28644, 49.212915], [17.287772, 49.207952], [17.286994, 49.199332], [17.286679, 49.198693], [17.286542, 49.198233], [17.286333, 49.197176], [17.286245, 49.196542], [17.286218, 49.195977], [17.286249, 49.195588], [17.286342, 49.195008], [17.286837, 49.192854], [17.287112, 49.192246], [17.28746, 49.191635], [17.288767, 49.192313], [17.290588, 49.193417], [17.291379, 49.198949], [17.295838, 49.204088], [17.296372, 49.204436], [17.297009, 49.205412], [17.297116, 49.206309], [17.2971, 49.207993], [17.304676, 49.212051], [17.30525, 49.211739], [17.307072, 49.211076], [17.310161, 49.208761], [17.310477, 49.208474], [17.314045, 49.20488], [17.317169, 49.206669], [17.316908, 49.207124], [17.316594, 49.21329], [17.321122, 49.215224], [17.323056, 49.215179], [17.328324, 49.212619], [17.328833, 49.21215], [17.330874, 49.208971], [17.332555, 49.205788], [17.339575, 49.206023], [17.341981, 49.202532], [17.342143, 49.202142], [17.343536, 49.201424], [17.343636, 49.201424], [17.345467, 49.203525], [17.345304, 49.203915], [17.344419, 49.207829], [17.34212, 49.210598], [17.336992, 49.211632], [17.334945, 49.212763], [17.333129, 49.21382], [17.330931, 49.215102], [17.332336, 49.223026], [17.336268, 49.224104], [17.339214, 49.223543], [17.347316, 49.220889], [17.351266, 49.219244], [17.355549, 49.213824], [17.357869, 49.213518], [17.365001, 49.209026], [17.365614, 49.207967], [17.366492, 49.207052], [17.371031, 49.200078], [17.373224, 49.197223], [17.374564, 49.197652], [17.379134, 49.198824], [17.3854, 49.197919], [17.389926, 49.199811], [17.391129, 49.202191], [17.391053, 49.20239], [17.389299, 49.203356], [17.388801, 49.203437], [17.388269, 49.203545], [17.383471, 49.206281], [17.378749, 49.208537], [17.378238, 49.208982], [17.376628, 49.210747], [17.376303, 49.21118], [17.374305, 49.21649], [17.374783, 49.220363], [17.377761, 49.22587], [17.376771, 49.231304], [17.379684, 49.235657], [17.385397, 49.236435], [17.389942, 49.229863], [17.390008, 49.229068], [17.39014, 49.228614], [17.390396, 49.227992], [17.390663, 49.227563], [17.390912, 49.227268], [17.391274, 49.22691], [17.393618, 49.222181], [17.395428, 49.220255], [17.395587, 49.220148], [17.397386, 49.220211], [17.397483, 49.22028], [17.397606, 49.223128], [17.397469, 49.224391], [17.397591, 49.226984], [17.397467, 49.227096], [17.3945, 49.233427], [17.39444, 49.234225], [17.39425, 49.234842], [17.393913, 49.235507], [17.393569, 49.236013], [17.393196, 49.236407], [17.392732, 49.236771], [17.392108, 49.23718], [17.391119, 49.237736], [17.390385, 49.238116], [17.389211, 49.238958], [17.388844, 49.239219], [17.388469, 49.23944], [17.388166, 49.239582], [17.384236, 49.244162], [17.383822, 49.245988], [17.382445, 49.247961], [17.381695, 49.249319], [17.383599, 49.257313], [17.383171, 49.260887], [17.391712, 49.261734], [17.393249, 49.25873], [17.395711, 49.25762], [17.397411, 49.256657], [17.399332, 49.248139], [17.399151, 49.247745], [17.399021, 49.247377], [17.398713, 49.246172], [17.399652, 49.242697], [17.404482, 49.241458], [17.412807, 49.238296], [17.414227, 49.234019], [17.414434, 49.232983], [17.414818, 49.231428], [17.418324, 49.232246], [17.418004, 49.233618], [17.417888, 49.235596], [17.417876, 49.236506], [17.424513, 49.242279], [17.426236, 49.242328], [17.426766, 49.242361], [17.427012, 49.242367], [17.427717, 49.24319], [17.432492, 49.246102], [17.439311, 49.244071], [17.447336, 49.243626], [17.449045, 49.240458], [17.450933, 49.239114], [17.453612, 49.241518], [17.461068, 49.240904], [17.461842, 49.237388], [17.463478, 49.237292], [17.471092, 49.237149], [17.471569, 49.237327], [17.473838, 49.238364], [17.473852, 49.238575], [17.473903, 49.240068], [17.480795, 49.244449], [17.483707, 49.245208], [17.484335, 49.245285], [17.484886, 49.245387], [17.485296, 49.245485], [17.485916, 49.245681], [17.486633, 49.245961], [17.487706, 49.246429], [17.496353, 49.24643], [17.502232, 49.244266], [17.503707, 49.242993], [17.506303, 49.238555], [17.505971, 49.233698], [17.507792, 49.23114], [17.510336, 49.225556], [17.510482, 49.225313], [17.511373, 49.224582], [17.515618, 49.225214], [17.520051, 49.223404], [17.520883, 49.222584], [17.521089, 49.22241], [17.522941, 49.214302], [17.517417, 49.211265], [17.517212, 49.211241], [17.516778, 49.211171], [17.516346, 49.210694], [17.515407, 49.209752], [17.51519, 49.207761], [17.516654, 49.206375], [17.518301, 49.205965], [17.519259, 49.205997], [17.526133, 49.207098], [17.530464, 49.202739], [17.530535, 49.202567], [17.530777, 49.201905], [17.531513, 49.197511], [17.527249, 49.192659], [17.527002, 49.192502], [17.526984, 49.192491], [17.526756, 49.192341], [17.52226, 49.188878], [17.520368, 49.188361], [17.51902, 49.187776], [17.517446, 49.186878], [17.514622, 49.185501], [17.513781, 49.185027], [17.509822, 49.183234], [17.509275, 49.182711], [17.508766, 49.182129], [17.508334, 49.181523], [17.507599, 49.179992], [17.507416, 49.179433], [17.507186, 49.17853], [17.508181, 49.177962], [17.508539, 49.177785], [17.50868, 49.177726], [17.509241, 49.177529], [17.50975, 49.177399], [17.510676, 49.177644], [17.517724, 49.182863], [17.524497, 49.1843], [17.524593, 49.18434], [17.529455, 49.186995], [17.533281, 49.187493], [17.535119, 49.1877], [17.536691, 49.187899], [17.537967, 49.188107], [17.538993, 49.188308], [17.540319, 49.188629], [17.541135, 49.188855], [17.541776, 49.189053], [17.542693, 49.189366], [17.543751, 49.189773], [17.544646, 49.190158], [17.545174, 49.190407], [17.545662, 49.19065], [17.546763, 49.191261], [17.547416, 49.191659], [17.548039, 49.192069], [17.548822, 49.192635], [17.54942, 49.193108], [17.549959, 49.193575], [17.550524, 49.194106], [17.551082, 49.194681], [17.551642, 49.195328], [17.55226, 49.196143], [17.560369, 49.199965], [17.563906, 49.200197], [17.568697, 49.200701], [17.569325, 49.200737], [17.576929, 49.203732], [17.578506, 49.204203], [17.577476, 49.207652], [17.573787, 49.207158], [17.569899, 49.206907], [17.568523, 49.206842], [17.563332, 49.206715], [17.562968, 49.20666], [17.562325, 49.206503], [17.561662, 49.206373], [17.560545, 49.2062], [17.559626, 49.206039], [17.556829, 49.205631], [17.551049, 49.210254], [17.550227, 49.211139], [17.549294, 49.212056], [17.545627, 49.217888], [17.543839, 49.218267], [17.543213, 49.218507], [17.538237, 49.223255], [17.54101, 49.229237], [17.541087, 49.232837], [17.539112, 49.233773], [17.535933, 49.235463], [17.535761, 49.235139], [17.526854, 49.234002], [17.526067, 49.234911], [17.525524, 49.235495], [17.523189, 49.237878], [17.521211, 49.241108], [17.520935, 49.241898], [17.520679, 49.242723], [17.519683, 49.245614], [17.519025, 49.247554], [17.518351, 49.249538], [17.517508, 49.251821], [17.516781, 49.25356], [17.515946, 49.255399], [17.514633, 49.257978], [17.513719, 49.259329], [17.512637, 49.261179], [17.512124, 49.262001], [17.51064, 49.264192], [17.509545, 49.26576], [17.508649, 49.267025], [17.507552, 49.268639], [17.507819, 49.275166], [17.5084, 49.27587], [17.509454, 49.276928], [17.51772, 49.275001], [17.519015, 49.274062], [17.519568, 49.274138], [17.524419, 49.273833], [17.52663, 49.273193], [17.527373, 49.273391], [17.534292, 49.278562], [17.536874, 49.277007], [17.537505, 49.276938], [17.541148, 49.276667], [17.547579, 49.273522], [17.5477, 49.27351], [17.549396, 49.273398], [17.551043, 49.274758], [17.551555, 49.276346], [17.552038, 49.279913], [17.552951, 49.282027], [17.553936, 49.283992], [17.562546, 49.286593], [17.56648, 49.283138], [17.569842, 49.281594], [17.571784, 49.280424], [17.573643, 49.283507], [17.570907, 49.289573], [17.56982, 49.289421], [17.569218, 49.289367], [17.568826, 49.289305], [17.564449, 49.289738], [17.563736, 49.28999], [17.559685, 49.294804], [17.562086, 49.299943], [17.563867, 49.300818], [17.567279, 49.302104], [17.57157, 49.301914], [17.575946, 49.301723], [17.576472, 49.301727], [17.583396, 49.296363], [17.586957, 49.29583], [17.59267, 49.295354], [17.595096, 49.291806], [17.599717, 49.288388], [17.601863, 49.285931], [17.608298, 49.28481], [17.612228, 49.282658], [17.620945, 49.282186], [17.621998, 49.28282], [17.622026, 49.28284], [17.622844, 49.285244], [17.626933, 49.292216], [17.628902, 49.292174], [17.630067, 49.292092], [17.630988, 49.292007], [17.632231, 49.291844], [17.633584, 49.291593], [17.634661, 49.291351], [17.636173, 49.29092], [17.637666, 49.290396], [17.640566, 49.288974], [17.641733, 49.288227], [17.644844, 49.285298], [17.646125, 49.283795], [17.647699, 49.282125], [17.649795, 49.280557], [17.651002, 49.279813], [17.653215, 49.278643], [17.655643, 49.277692], [17.658027, 49.277087], [17.659631, 49.276748], [17.661086, 49.276504], [17.662899, 49.276316], [17.664872, 49.276125], [17.673097, 49.274333], [17.675031, 49.273749], [17.676164, 49.273476], [17.678038, 49.273095], [17.680512, 49.272696], [17.68171, 49.272542], [17.687869, 49.266031], [17.688012, 49.265535], [17.68828, 49.265042], [17.688652, 49.264611], [17.692461, 49.261233], [17.692941, 49.260786], [17.693279, 49.260658], [17.694557, 49.261214], [17.695672, 49.262861], [17.695523, 49.263154], [17.694843, 49.264379], [17.692483, 49.267467], [17.690517, 49.273588], [17.695768, 49.276944], [17.696636, 49.280437], [17.694112, 49.281065], [17.688669, 49.285066], [17.68826, 49.285278], [17.687707, 49.285476], [17.683795, 49.28646], [17.683615, 49.286427], [17.682079, 49.283891], [17.679979, 49.280945], [17.671794, 49.278672], [17.670797, 49.278941], [17.669573, 49.279214], [17.666717, 49.279667], [17.66531, 49.279831], [17.662821, 49.280056], [17.661621, 49.280191], [17.660355, 49.280389], [17.658919, 49.280692], [17.65686, 49.281244], [17.654862, 49.282015], [17.648961, 49.286232], [17.64768, 49.287729], [17.645677, 49.28985], [17.643962, 49.29121], [17.642523, 49.291996], [17.640618, 49.293152], [17.639121, 49.293802], [17.635723, 49.296438], [17.635695, 49.296439], [17.632177, 49.296527], [17.630584, 49.296781], [17.626486, 49.303645], [17.627747, 49.307017], [17.634348, 49.310161], [17.635219, 49.310043], [17.63557, 49.310978], [17.635704, 49.31361], [17.62936, 49.318258], [17.628039, 49.320549], [17.626188, 49.320457], [17.619581, 49.325578], [17.615584, 49.333571], [17.611772, 49.336553], [17.611604, 49.336594], [17.610197, 49.336368], [17.603435, 49.340961], [17.601837, 49.342935], [17.601338, 49.343417], [17.601101, 49.343555], [17.595103, 49.342499], [17.593766, 49.342012], [17.590595, 49.339901], [17.588803, 49.336625], [17.588182, 49.336012], [17.587637, 49.335524], [17.581062, 49.341661], [17.581216, 49.342871], [17.580959, 49.343547], [17.580906, 49.343632], [17.580463, 49.344058], [17.580317, 49.344125], [17.579823, 49.344255], [17.577236, 49.344792], [17.57154, 49.344605], [17.568854, 49.342208], [17.561703, 49.346563], [17.559625, 49.346582], [17.557547, 49.346602], [17.555438, 49.346608], [17.554142, 49.346557], [17.553445, 49.346472], [17.552041, 49.34625], [17.549743, 49.345731], [17.547561, 49.345235], [17.545716, 49.344575], [17.544935, 49.344309], [17.542186, 49.343291], [17.53665, 49.344772], [17.535872, 49.352469], [17.54292, 49.35436], [17.544282, 49.357693], [17.546232, 49.366145], [17.547263, 49.369594], [17.54466, 49.370554], [17.53933, 49.369876], [17.534542, 49.371917], [17.532687, 49.371498], [17.525929, 49.376019], [17.524753, 49.378822], [17.523732, 49.38492], [17.521051, 49.391309], [17.518619, 49.391974], [17.518072, 49.391267], [17.517576, 49.390366], [17.516286, 49.386813], [17.509499, 49.385144], [17.505773, 49.386201], [17.50356, 49.383362], [17.496189, 49.383785], [17.495321, 49.387279], [17.494768, 49.388884], [17.492799, 49.391897], [17.487895, 49.394398], [17.488379, 49.401671], [17.488618, 49.403881], [17.487203, 49.407191], [17.488735, 49.413435], [17.486584, 49.416322], [17.482986, 49.415326], [17.480095, 49.4148], [17.479029, 49.414684], [17.471867, 49.417518], [17.470836, 49.420967], [17.472149, 49.425274], [17.470809, 49.426132], [17.470336, 49.42648], [17.466164, 49.431447], [17.465937, 49.43504], [17.46285, 49.44017], [17.461684, 49.447623], [17.461674, 49.447705], [17.460339, 49.449282], [17.458941, 49.449679], [17.458603, 49.449277], [17.458148, 49.448774], [17.452919, 49.445838], [17.446527, 49.44887], [17.444806, 49.452032], [17.444547, 49.451891], [17.440073, 49.450806], [17.438956, 49.450907], [17.438583, 49.450805], [17.436458, 49.449997], [17.434753, 49.449332], [17.428718, 49.445318], [17.42816, 49.445159], [17.424302, 49.444968], [17.420368, 49.452233], [17.420564, 49.453399], [17.420866, 49.454912], [17.421185, 49.456291], [17.421627, 49.457851], [17.422039, 49.458983], [17.429577, 49.463364], [17.434506, 49.462068], [17.436211, 49.460782], [17.437735, 49.46115], [17.438164, 49.461396], [17.438504, 49.461568], [17.441103, 49.462421], [17.441014, 49.462659], [17.44072, 49.463198], [17.440398, 49.463615], [17.439922, 49.464353], [17.439853, 49.464417], [17.438355, 49.465975], [17.439698, 49.474376], [17.440723, 49.474786], [17.444692, 49.476303], [17.44632, 49.476934], [17.448301, 49.477738], [17.449722, 49.478342], [17.45209, 49.479456], [17.453077, 49.479943], [17.4545, 49.480687], [17.456038, 49.481546], [17.458039, 49.482748], [17.459864, 49.48394], [17.461794, 49.485299], [17.463323, 49.486492], [17.464688, 49.487614], [17.465933, 49.488715], [17.463548, 49.491411], [17.457794, 49.486885], [17.456072, 49.485763], [17.454186, 49.484633], [17.452746, 49.483831], [17.450497, 49.482684], [17.446894, 49.481051], [17.444968, 49.480271], [17.443392, 49.479661], [17.439438, 49.478149], [17.438364, 49.47772], [17.436087, 49.476755], [17.434922, 49.476206], [17.43364, 49.475566], [17.4325, 49.474938], [17.430225, 49.473559], [17.422388, 49.470045], [17.42083, 49.4697], [17.420067, 49.469562], [17.41989, 49.467568], [17.418707, 49.460348], [17.418245, 49.459084], [17.417724, 49.457283], [17.413004, 49.4515], [17.4134, 49.447922], [17.408681, 49.442809], [17.408135, 49.442686], [17.407516, 49.442503], [17.400697, 49.444091], [17.395306, 49.441059], [17.389663, 49.438308], [17.389366, 49.438136], [17.387159, 49.436599], [17.385956, 49.434677], [17.386009, 49.434465], [17.388188, 49.433149], [17.395265, 49.43242], [17.400719, 49.433616], [17.403927, 49.43525], [17.410873, 49.439427], [17.412709, 49.439395], [17.421327, 49.438273], [17.421748, 49.438115], [17.422243, 49.437985], [17.422669, 49.437922], [17.425789, 49.437119], [17.426745, 49.436732], [17.428777, 49.435973], [17.429753, 49.435591], [17.430561, 49.435243], [17.431304, 49.434891], [17.431956, 49.434554], [17.432624, 49.434158], [17.433155, 49.433822], [17.434145, 49.433109], [17.434633, 49.432707], [17.435001, 49.432382], [17.435443, 49.431959], [17.435874, 49.431486], [17.436315, 49.43096], [17.436516, 49.430694], [17.43683, 49.430228], [17.437076, 49.429822], [17.437331, 49.42934], [17.437636, 49.424161], [17.431005, 49.419543], [17.430397, 49.419573], [17.428746, 49.419146], [17.428016, 49.418637], [17.425685, 49.416956], [17.42779, 49.414036], [17.432547, 49.409773], [17.433669, 49.409378], [17.434368, 49.409274], [17.435112, 49.409422], [17.442334, 49.406917], [17.44305, 49.405781], [17.443483, 49.404944], [17.444023, 49.403984], [17.444735, 49.402846], [17.44576, 49.401372], [17.446306, 49.400655], [17.446958, 49.399831], [17.447649, 49.399025], [17.448706, 49.397875], [17.449573, 49.397], [17.450273, 49.396329], [17.45242, 49.389533], [17.450141, 49.385654], [17.447234, 49.383561], [17.441704, 49.383], [17.440072, 49.383079], [17.439311, 49.38319], [17.433106, 49.386834], [17.432511, 49.387711], [17.43396, 49.396506], [17.434171, 49.396826], [17.434083, 49.400104], [17.433276, 49.400132], [17.432115, 49.39978], [17.425579, 49.398801], [17.42442, 49.399001], [17.42014, 49.402004], [17.418046, 49.40495], [17.414629, 49.406085], [17.414347, 49.405234], [17.414231, 49.40422], [17.408486, 49.398315], [17.40654, 49.398566], [17.406038, 49.398573], [17.403171, 49.398689], [17.40113, 49.399027], [17.400385, 49.399084], [17.398985, 49.399089], [17.397574, 49.391268], [17.39663, 49.387794], [17.398724, 49.381862], [17.397591, 49.377675], [17.396327, 49.375452], [17.396031, 49.374921], [17.389034, 49.369842], [17.38838, 49.36964], [17.387537, 49.369284], [17.383465, 49.367532], [17.378843, 49.366669], [17.370893, 49.368374], [17.370249, 49.369346], [17.369101, 49.370548], [17.367779, 49.371744], [17.367304, 49.372106], [17.366768, 49.372403], [17.366262, 49.372589], [17.365432, 49.372681], [17.360263, 49.378115], [17.361737, 49.385978], [17.36723, 49.384604], [17.367648, 49.384049], [17.368825, 49.382391], [17.371761, 49.384473], [17.370585, 49.386131], [17.368423, 49.394404], [17.36873, 49.396211], [17.368875, 49.396783], [17.370391, 49.400957], [17.371436, 49.405078], [17.372348, 49.406997], [17.369096, 49.408541], [17.366807, 49.405058], [17.362446, 49.399521], [17.361945, 49.395956], [17.357031, 49.389018], [17.354896, 49.389033], [17.348712, 49.387885], [17.342637, 49.389141], [17.334148, 49.388186], [17.330554, 49.387981], [17.330606, 49.387078], [17.33059, 49.384332], [17.330705, 49.383611], [17.330939, 49.383026], [17.331872, 49.382127], [17.333901, 49.381314], [17.335556, 49.38061], [17.33668, 49.38017], [17.337328, 49.380014], [17.339597, 49.379716], [17.340198, 49.379672], [17.340714, 49.379687], [17.342659, 49.380006], [17.34348, 49.38021], [17.350179, 49.377079], [17.349645, 49.371611], [17.347598, 49.369327], [17.347836, 49.36915], [17.350769, 49.368191], [17.35293, 49.361633], [17.350774, 49.35874], [17.342362, 49.361481], [17.340937, 49.363273], [17.339512, 49.365066], [17.338088, 49.366859], [17.335269, 49.364619], [17.336694, 49.362826], [17.338118, 49.361034], [17.339543, 49.359241], [17.335989, 49.351676], [17.329313, 49.352379], [17.326641, 49.353077], [17.324068, 49.354068], [17.323681, 49.354264], [17.323133, 49.354484], [17.322737, 49.354615], [17.317236, 49.359744], [17.312458, 49.365932], [17.31133, 49.368136], [17.310172, 49.369403], [17.311321, 49.376767], [17.314779, 49.37793], [17.317485, 49.378572], [17.320191, 49.379215], [17.319359, 49.382717], [17.316444, 49.38502], [17.308298, 49.386155], [17.305257, 49.384227], [17.296387, 49.383525], [17.295627, 49.384691], [17.296116, 49.392208], [17.29821, 49.394931], [17.300496, 49.396934], [17.300143, 49.398029], [17.30014, 49.398037], [17.299497, 49.400001], [17.296293, 49.398946], [17.288766, 49.403752], [17.288573, 49.404255], [17.288398, 49.404608], [17.287918, 49.405415], [17.286503, 49.409505], [17.285039, 49.413805], [17.29139, 49.419826], [17.291684, 49.420231], [17.295439, 49.424085], [17.296688, 49.425438], [17.296714, 49.425531], [17.295655, 49.427679], [17.291621, 49.432453], [17.291132, 49.433085], [17.289615, 49.435261], [17.285821, 49.438125], [17.282675, 49.438391], [17.281988, 49.438288], [17.280648, 49.43778], [17.273657, 49.434618], [17.272143, 49.434901], [17.270756, 49.435063], [17.270088, 49.435121], [17.269008, 49.435163], [17.267979, 49.435147], [17.264313, 49.434695], [17.262283, 49.434387], [17.257037, 49.440346], [17.258238, 49.443739], [17.262593, 49.446494], [17.267707, 49.445275], [17.270777, 49.447154], [17.273505, 49.447458], [17.275442, 49.447715], [17.277588, 49.448042], [17.277046, 49.451601], [17.280633, 49.458928], [17.280521, 49.460978], [17.286097, 49.467724], [17.286632, 49.468214], [17.287425, 49.47107], [17.285426, 49.473005], [17.289317, 49.480308], [17.28975, 49.480373], [17.293233, 49.481058], [17.296766, 49.481799], [17.2975, 49.481931], [17.299014, 49.482224], [17.301262, 49.48265], [17.300593, 49.486187], [17.295871, 49.487055], [17.292471, 49.484576], [17.286712, 49.485281], [17.280068, 49.489341], [17.279959, 49.489472], [17.27776, 49.49105], [17.272536, 49.497004], [17.271734, 49.497488], [17.271612, 49.497534], [17.269169, 49.498089], [17.262125, 49.501236], [17.261722, 49.501106], [17.260981, 49.500856], [17.259409, 49.498873], [17.260043, 49.493222], [17.258141, 49.489782], [17.254047, 49.483239], [17.248551, 49.477458], [17.24536, 49.477706], [17.241456, 49.477983], [17.240946, 49.477978], [17.240196, 49.477913], [17.23925, 49.477766], [17.234186, 49.485167], [17.233607, 49.486713], [17.23122, 49.486652], [17.22506, 49.488839], [17.224195, 49.489184], [17.223359, 49.489207], [17.222213, 49.489063], [17.218622, 49.490149], [17.215474, 49.497821], [17.217782, 49.500233], [17.220031, 49.50113], [17.224773, 49.500282], [17.227782, 49.502258], [17.229414, 49.504037], [17.228523, 49.507525], [17.225161, 49.507269], [17.221725, 49.506194], [17.218771, 49.504556], [17.218195, 49.504418], [17.216183, 49.503458], [17.214494, 49.50262], [17.213535, 49.502055], [17.212144, 49.501007], [17.205506, 49.506617], [17.208378, 49.513606], [17.210079, 49.514326], [17.215821, 49.520556], [17.217411, 49.521098], [17.217788, 49.52121], [17.219856, 49.52175], [17.222558, 49.522494], [17.226594, 49.523579], [17.231073, 49.525736], [17.237191, 49.523786], [17.240417, 49.522187], [17.245065, 49.51792], [17.24855, 49.51882], [17.250275, 49.519081], [17.252158, 49.522562], [17.258114, 49.526339], [17.261238, 49.526129], [17.262294, 49.526064], [17.263135, 49.5277], [17.26314, 49.527752], [17.265378, 49.535844], [17.267908, 49.538484], [17.268938, 49.541768], [17.26582, 49.545932], [17.270765, 49.552009], [17.272359, 49.552262], [17.273814, 49.552478], [17.275351, 49.552679], [17.276707, 49.552841], [17.279003, 49.553074], [17.282678, 49.553407], [17.286352, 49.55374], [17.290026, 49.554074], [17.293697, 49.554407], [17.296666, 49.554669], [17.299323, 49.554914], [17.301085, 49.555102], [17.303808, 49.555446], [17.306177, 49.555801], [17.308119, 49.55612], [17.309737, 49.556418], [17.313116, 49.55649], [17.318088, 49.552512], [17.319167, 49.549841], [17.31942, 49.549264], [17.322716, 49.550714], [17.322462, 49.55129], [17.321417, 49.553881], [17.326463, 49.561084], [17.332336, 49.56347], [17.335719, 49.564953], [17.339089, 49.566432], [17.340896, 49.567208], [17.342682, 49.567943], [17.34466, 49.568695], [17.346141, 49.569229], [17.347554, 49.569714], [17.349095, 49.570214], [17.34983, 49.570438], [17.352063, 49.571092], [17.354438, 49.571727], [17.353508, 49.575205], [17.351133, 49.57457], [17.348819, 49.573893], [17.348046, 49.573658], [17.346443, 49.573138], [17.344974, 49.572635], [17.343438, 49.572081], [17.341403, 49.571308], [17.339527, 49.570538], [17.337668, 49.56974], [17.334273, 49.56825], [17.33089, 49.566766], [17.325154, 49.564438], [17.323185, 49.563723], [17.31596, 49.562524], [17.307467, 49.559661], [17.305593, 49.559353], [17.303275, 49.559006], [17.300634, 49.558673], [17.298942, 49.558493], [17.296336, 49.558254], [17.29338, 49.557993], [17.289701, 49.557659], [17.286027, 49.557326], [17.282239, 49.564012], [17.281671, 49.567567], [17.279435, 49.56721], [17.277631, 49.566929], [17.275821, 49.566647], [17.273541, 49.56629], [17.268393, 49.56693], [17.263535, 49.570504], [17.261333, 49.573415], [17.259527, 49.579646], [17.258845, 49.58318], [17.255389, 49.586488], [17.250415, 49.592562], [17.250062, 49.592845], [17.248599, 49.593303], [17.247723, 49.593542], [17.246323, 49.593856], [17.245899, 49.593633], [17.2389, 49.591493], [17.237783, 49.589543], [17.229562, 49.587299], [17.225694, 49.588451], [17.223961, 49.588965], [17.222353, 49.589791], [17.222291, 49.589635], [17.220331, 49.585532], [17.220267, 49.585432], [17.218569, 49.582562], [17.215527, 49.579953], [17.208669, 49.583181], [17.208441, 49.5836], [17.208115, 49.584151], [17.207626, 49.584884], [17.207197, 49.585452], [17.206695, 49.586049], [17.206132, 49.586651], [17.205275, 49.587475], [17.203085, 49.590136], [17.202547, 49.591043], [17.202291, 49.591266], [17.200444, 49.594192], [17.205445, 49.600892], [17.206127, 49.600955], [17.207013, 49.600998], [17.207867, 49.601011], [17.211119, 49.601015], [17.212054, 49.601053], [17.219301, 49.600474], [17.219786, 49.600951], [17.22009, 49.601317], [17.220462, 49.601999], [17.220643, 49.602614], [17.221471, 49.605294], [17.219773, 49.606173], [17.219226, 49.606391], [17.210975, 49.604612], [17.207865, 49.604611], [17.206959, 49.604598], [17.205955, 49.604551], [17.205125, 49.604478], [17.203968, 49.604321], [17.195479, 49.606654], [17.193411, 49.608237], [17.188522, 49.614247], [17.188143, 49.614847], [17.187751, 49.615423], [17.187292, 49.61603], [17.18679, 49.616624], [17.185901, 49.617594], [17.185467, 49.61801], [17.185016, 49.618405], [17.183742, 49.619436], [17.18247, 49.620336], [17.180834, 49.621322], [17.180251, 49.621655], [17.177636, 49.623047], [17.175021, 49.62444], [17.168532, 49.628559], [17.168299, 49.628695], [17.160693, 49.63207], [17.159003, 49.628891], [17.161354, 49.627641], [17.163705, 49.626391], [17.166995, 49.624637], [17.170713, 49.622656], [17.173328, 49.621263], [17.175943, 49.61987], [17.178558, 49.618477], [17.179046, 49.618197], [17.180611, 49.617253], [17.181653, 49.616504], [17.182747, 49.615611], [17.183089, 49.615308], [17.1834, 49.615005], [17.184129, 49.614199], [17.182216, 49.605706], [17.181028, 49.603796], [17.179841, 49.601885], [17.179703, 49.601639], [17.179525, 49.601198], [17.179436, 49.600365], [17.179698, 49.59942], [17.178538, 49.59261], [17.172498, 49.588709], [17.16944, 49.58844], [17.162701, 49.590224], [17.162624, 49.590226], [17.157836, 49.58945], [17.154167, 49.589222], [17.153786, 49.589232], [17.152168, 49.588002], [17.151796, 49.587661], [17.151794, 49.587648], [17.153242, 49.585673], [17.157895, 49.581237], [17.162071, 49.577752], [17.162689, 49.576841], [17.162978, 49.576518], [17.164917, 49.575077], [17.165491, 49.574686], [17.166354, 49.574224], [17.170293, 49.572401], [17.171749, 49.568629], [17.171134, 49.564134], [17.168289, 49.561857], [17.161218, 49.566085], [17.154576, 49.56767], [17.152508, 49.569158], [17.150441, 49.570646], [17.144203, 49.573053], [17.14158, 49.570587], [17.133154, 49.569434], [17.133317, 49.574588], [17.133209, 49.578187], [17.127862, 49.579689], [17.124422, 49.580753], [17.117108, 49.584656], [17.115515, 49.587467], [17.115147, 49.587693], [17.114846, 49.587822], [17.114298, 49.587984], [17.112355, 49.584953], [17.114718, 49.581221], [17.114666, 49.573829], [17.112111, 49.571363], [17.109557, 49.568898], [17.101245, 49.566938], [17.098128, 49.568998], [17.094908, 49.567388], [17.093676, 49.559674], [17.090488, 49.551355], [17.090092, 49.55098], [17.089917, 49.550759], [17.08887, 49.547648], [17.088847, 49.547487], [17.090494, 49.545432], [17.094333, 49.539819], [17.095145, 49.540022], [17.1009, 49.533215], [17.097308, 49.529634], [17.092706, 49.524435], [17.08532, 49.521748], [17.082894, 49.522863], [17.076976, 49.529469], [17.073825, 49.53121], [17.067614, 49.5299], [17.063667, 49.531735], [17.060318, 49.533749], [17.0599, 49.533868], [17.055207, 49.534613], [17.053111, 49.53448], [17.052234, 49.533869], [17.05218, 49.533746], [17.05219, 49.533482], [17.051982, 49.530057], [17.051877, 49.529523], [17.050465, 49.525826], [17.042458, 49.522936], [17.039178, 49.5249], [17.035943, 49.526478], [17.030356, 49.526456], [17.029427, 49.522978], [17.030491, 49.52091], [17.032129, 49.518551], [17.035155, 49.510277], [17.033413, 49.508186], [17.028812, 49.503599], [17.021125, 49.502973], [17.020811, 49.502984], [17.019982, 49.502857], [17.01608, 49.502857], [17.012032, 49.502908], [17.010948, 49.501805], [17.010845, 49.501337], [17.011294, 49.499385], [17.008383, 49.491737], [17.004425, 49.492269], [16.998031, 49.495726], [16.997316, 49.497247], [16.994058, 49.495716], [16.987086, 49.494539], [16.984088, 49.495053], [16.981104, 49.495582], [16.97812, 49.496112], [16.977491, 49.492567], [16.980475, 49.492038], [16.983459, 49.491508], [16.986478, 49.490991], [16.989841, 49.49038], [16.9947, 49.489805], [16.997714, 49.489479], [17.000033, 49.489228], [17.003945, 49.488701], [17.005008, 49.480028], [17.001206, 49.479808], [17.000713, 49.479603], [17.000273, 49.479308], [16.999555, 49.478178], [16.999538, 49.478094], [17.00244, 49.476426], [16.998339, 49.469038], [16.996189, 49.469195], [16.995717, 49.469254], [16.994615, 49.469491], [16.994602, 49.469493], [16.993234, 49.469786], [16.991198, 49.470985], [16.990227, 49.472027], [16.989811, 49.472356], [16.989509, 49.47255], [16.987996, 49.473383], [16.987334, 49.473725], [16.9833, 49.477295], [16.981585, 49.477646], [16.978418, 49.475935], [16.971559, 49.470205], [16.971172, 49.47052], [16.970692, 49.471005], [16.97056, 49.471165], [16.968933, 49.470796], [16.968051, 49.469825], [16.96778, 49.468878], [16.967912, 49.468718], [16.969547, 49.464309], [16.963983, 49.457372], [16.962901, 49.457367], [16.959849, 49.455127], [16.961333, 49.451847], [16.963629, 49.452886], [16.96645, 49.453836], [16.970439, 49.45385], [16.97234, 49.454677], [16.978079, 49.448836], [16.978076, 49.446562], [16.978031, 49.445237], [16.980904, 49.440928], [16.981243, 49.436083], [16.975275, 49.433098], [16.972486, 49.43231], [16.968598, 49.431387], [16.968014, 49.431302], [16.967734, 49.427713], [16.968389, 49.426234], [16.970641, 49.420114], [16.969722, 49.411465], [16.9701, 49.407885], [16.972348, 49.407328], [16.977581, 49.401198], [16.978709, 49.400798], [16.979952, 49.400688], [16.981966, 49.400809], [16.986247, 49.400039], [16.988115, 49.399992], [16.991642, 49.400256], [16.993897, 49.39989], [16.996232, 49.399513], [16.9971, 49.399335], [16.998575, 49.399034], [17.000488, 49.398571], [17.002591, 49.397466], [17.004713, 49.396375], [17.00589, 49.396059], [17.012613, 49.394781], [17.014162, 49.39229], [17.013059, 49.384717], [17.004702, 49.386405], [17.004091, 49.386418], [17.003494, 49.386399], [17.002554, 49.386315], [17.002018, 49.386216], [17.001438, 49.386051], [17.000907, 49.385841], [17.000093, 49.385463], [16.999716, 49.385244], [16.999347, 49.384954], [16.995477, 49.382655], [16.994449, 49.38226], [16.986042, 49.379682], [16.985399, 49.379913], [16.984769, 49.380064], [16.98374, 49.380218], [16.981819, 49.380749], [16.981694, 49.380722], [16.977933, 49.380586], [16.975711, 49.380162], [16.969889, 49.380665], [16.966782, 49.382483], [16.959186, 49.380149], [16.955903, 49.38135], [16.948313, 49.380356], [16.94498, 49.381715], [16.943195, 49.380962], [16.934251, 49.380155], [16.933565, 49.381492], [16.932613, 49.382134], [16.930438, 49.384208], [16.926986, 49.383186], [16.927214, 49.381859], [16.927885, 49.379929], [16.931047, 49.37562], [16.931328, 49.370212], [16.931381, 49.368551], [16.932898, 49.367191], [16.936791, 49.359254], [16.932858, 49.353757], [16.929086, 49.353474], [16.923944, 49.354438], [16.920002, 49.359383], [16.920376, 49.362964], [16.91962, 49.363283], [16.917328, 49.364561], [16.91412, 49.372047], [16.913249, 49.372743], [16.91232, 49.373499], [16.908879, 49.379443], [16.906888, 49.380517], [16.905364, 49.381006], [16.902661, 49.381883], [16.90062, 49.381979], [16.895736, 49.383131], [16.895183, 49.392042], [16.895779, 49.395593], [16.90314, 49.39957], [16.906947, 49.398149], [16.908097, 49.399034], [16.905858, 49.401931], [16.909528, 49.409569], [16.910308, 49.41072], [16.910914, 49.411968], [16.91309, 49.419523], [16.92058, 49.42254], [16.927678, 49.424356], [16.929197, 49.42516], [16.929197, 49.42516], [16.930948, 49.426086], [16.936943, 49.432107], [16.938068, 49.433122], [16.938528, 49.433521], [16.938833, 49.433869], [16.939582, 49.434871], [16.9367, 49.437028], [16.933754, 49.435076], [16.931125, 49.432619], [16.925575, 49.431076], [16.919699, 49.429743], [16.917853, 49.430064], [16.916545, 49.430511], [16.915282, 49.431102], [16.913354, 49.432469], [16.910799, 49.440055], [16.906763, 49.443168], [16.904512, 49.442408], [16.897884, 49.445789], [16.896996, 49.447067], [16.895885, 49.448841], [16.892316, 49.454033], [16.890534, 49.455873], [16.889532, 49.456688], [16.88913, 49.456698], [16.88863, 49.456673], [16.888167, 49.456158], [16.888428, 49.449049], [16.888405, 49.448563], [16.888596, 49.447672], [16.887397, 49.441536], [16.882321, 49.439823], [16.878073, 49.434735], [16.869951, 49.431671], [16.86777, 49.433396], [16.865255, 49.436461], [16.865348, 49.445118], [16.865585, 49.448163], [16.862752, 49.450385], [16.862108, 49.449611], [16.860764, 49.448431], [16.85962, 49.447497], [16.851795, 49.45064], [16.849102, 49.453029], [16.844614, 49.457243], [16.839973, 49.464047], [16.839073, 49.463831], [16.838488, 49.463724], [16.836526, 49.463008], [16.836519, 49.462419], [16.837229, 49.458889], [16.837472, 49.456261], [16.839357, 49.452953], [16.841065, 49.444606], [16.83706, 49.440313], [16.836678, 49.440094], [16.828039, 49.43886], [16.827445, 49.438941], [16.826978, 49.43893], [16.824488, 49.438753], [16.822336, 49.438567], [16.821302, 49.438043], [16.820374, 49.437511], [16.817811, 49.436698], [16.811557, 49.44174], [16.81112, 49.442937], [16.810096, 49.444081], [16.809247, 49.445218], [16.808955, 49.445476], [16.80632, 49.443443], [16.806403, 49.443136], [16.806572, 49.442777], [16.803143, 49.435328], [16.796746, 49.438151], [16.796029, 49.440072], [16.793831, 49.443829], [16.793624, 49.446508], [16.793553, 49.446576], [16.791604, 49.446856], [16.791322, 49.446648], [16.790225, 49.445424], [16.788622, 49.444296], [16.788559, 49.444231], [16.789756, 49.440172], [16.784493, 49.432881], [16.777335, 49.434025], [16.776752, 49.437578], [16.776052, 49.43746], [16.775007, 49.437231], [16.773981, 49.436984], [16.770502, 49.437108], [16.768335, 49.444864], [16.76881, 49.448004], [16.771216, 49.454894], [16.774387, 49.456107], [16.779487, 49.456788], [16.782429, 49.45764], [16.785456, 49.459587], [16.794203, 49.460448], [16.79611, 49.459054], [16.797479, 49.458956], [16.799478, 49.459558], [16.799519, 49.459571], [16.799631, 49.459803], [16.800005, 49.460878], [16.800049, 49.460983], [16.802068, 49.464053], [16.8036, 49.466002], [16.807507, 49.468468], [16.813313, 49.466439], [16.814517, 49.464756], [16.816797, 49.463781], [16.823674, 49.466923], [16.826797, 49.472492], [16.829629, 49.475492], [16.8317, 49.476523], [16.831052, 49.480064], [16.830043, 49.479879], [16.829691, 49.479793], [16.829113, 49.479567], [16.828322, 49.479163], [16.820528, 49.47548], [16.817862, 49.47445], [16.81747, 49.474321], [16.816303, 49.473997], [16.815928, 49.473878], [16.814421, 49.473176], [16.806817, 49.476592], [16.806192, 49.480137], [16.803982, 49.481439], [16.796958, 49.485624], [16.796616, 49.48698], [16.795004, 49.486719], [16.792061, 49.486209], [16.788147, 49.486254], [16.784009, 49.481758], [16.778159, 49.480772], [16.774412, 49.486921], [16.772894, 49.490186], [16.770236, 49.495362], [16.76596, 49.500048], [16.770055, 49.505405], [16.770628, 49.505556], [16.772366, 49.505868], [16.774333, 49.507277], [16.777933, 49.508431], [16.778547, 49.508491], [16.779408, 49.510948], [16.779374, 49.511017], [16.778199, 49.512074], [16.777585, 49.512015], [16.77191, 49.512492], [16.768319, 49.51549], [16.767232, 49.515793], [16.764787, 49.516187], [16.758007, 49.512052], [16.754766, 49.514339], [16.745997, 49.513605], [16.745468, 49.513591], [16.743594, 49.513433], [16.742861, 49.513336], [16.742404, 49.513248], [16.739082, 49.512601], [16.738538, 49.511309], [16.738532, 49.511173], [16.738523, 49.511026], [16.739067, 49.509001], [16.740285, 49.508996], [16.741883, 49.509121], [16.747617, 49.509398], [16.74844, 49.509272], [16.749021, 49.509223], [16.749541, 49.509213], [16.750232, 49.509286], [16.752861, 49.508779], [16.755474, 49.508156], [16.75847, 49.50616], [16.754549, 49.498682], [16.753689, 49.498748], [16.753063, 49.498656], [16.745566, 49.494188], [16.745264, 49.494093], [16.744642, 49.493793], [16.743874, 49.493261], [16.743229, 49.492637], [16.741656, 49.491174], [16.734996, 49.489234], [16.731871, 49.493628], [16.730601, 49.494844], [16.729826, 49.503317], [16.727551, 49.506107], [16.725088, 49.504773], [16.724351, 49.504376], [16.721606, 49.502477], [16.720095, 49.50172], [16.711984, 49.502864], [16.711374, 49.50298], [16.703496, 49.499676], [16.702365, 49.49963], [16.698271, 49.494371], [16.693176, 49.497624], [16.691164, 49.500609], [16.688151, 49.506502], [16.691738, 49.512561], [16.696293, 49.513793], [16.699341, 49.515132], [16.69929, 49.515788], [16.699243, 49.516059], [16.698823, 49.516783], [16.695703, 49.522217], [16.697097, 49.526821], [16.697209, 49.526987], [16.697544, 49.527844], [16.699997, 49.5318], [16.701207, 49.535191], [16.705928, 49.539334], [16.707537, 49.542891], [16.705655, 49.54596], [16.697692, 49.544583], [16.689173, 49.545231], [16.686129, 49.545083], [16.685147, 49.541619], [16.685457, 49.533212], [16.684807, 49.532351], [16.684454, 49.531672], [16.684175, 49.530514], [16.682041, 49.527089], [16.681467, 49.526222], [16.680992, 49.525252], [16.679812, 49.522939], [16.671848, 49.527057], [16.671864, 49.527162], [16.671766, 49.527886], [16.671539, 49.528815], [16.671198, 49.530597], [16.67017, 49.535133], [16.668619, 49.537049], [16.668277, 49.537152], [16.667424, 49.537461], [16.666153, 49.546339], [16.666803, 49.54988], [16.666846, 49.550977], [16.664054, 49.553251], [16.659987, 49.550357], [16.657205, 49.550184], [16.656698, 49.550236], [16.651054, 49.55675], [16.651256, 49.558085], [16.65413, 49.562438], [16.655717, 49.563651], [16.658798, 49.566199], [16.659659, 49.566544], [16.660996, 49.566894], [16.661205, 49.566936], [16.662326, 49.569294], [16.66229, 49.569376], [16.660493, 49.570465], [16.660283, 49.570423], [16.658664, 49.570004], [16.657488, 49.569552], [16.649253, 49.570827], [16.648662, 49.571164], [16.647269, 49.571624], [16.643333, 49.56554], [16.642012, 49.564388], [16.642926, 49.560906], [16.636976, 49.555241], [16.631425, 49.559774], [16.631347, 49.559951], [16.631108, 49.560395], [16.630894, 49.560584], [16.628613, 49.561689], [16.628065, 49.561631], [16.625175, 49.561414], [16.619252, 49.565723], [16.617005, 49.568535], [16.615047, 49.569523], [16.611777, 49.571029], [16.609137, 49.570926], [16.607622, 49.568844], [16.605634, 49.563976], [16.605214, 49.563487], [16.604934, 49.562955], [16.604808, 49.561866], [16.605105, 49.560605], [16.604913, 49.557293], [16.601336, 49.553145], [16.600955, 49.552938], [16.599926, 49.552314], [16.597638, 49.5514], [16.597162, 49.551205], [16.595208, 49.550899], [16.59307, 49.550553], [16.589959, 49.558604], [16.59114, 49.559354], [16.591318, 49.559451], [16.592209, 49.560082], [16.592398, 49.561608], [16.591157, 49.563639], [16.589876, 49.566692], [16.589632, 49.573055], [16.593176, 49.580462], [16.597486, 49.58113], [16.597911, 49.581081], [16.597985, 49.581129], [16.598244, 49.583832], [16.597444, 49.588051], [16.597041, 49.58988], [16.597011, 49.589929], [16.5958, 49.591879], [16.594811, 49.591635], [16.593648, 49.591214], [16.586616, 49.58696], [16.584306, 49.584199], [16.582913, 49.579704], [16.582662, 49.579112], [16.574855, 49.575123], [16.569012, 49.574676], [16.561464, 49.57806], [16.560536, 49.579052], [16.560412, 49.579159], [16.558065, 49.57643], [16.553906, 49.56956], [16.551848, 49.569326], [16.550531, 49.567445], [16.550543, 49.567328], [16.551057, 49.561696], [16.544151, 49.557266], [16.543551, 49.557309], [16.535758, 49.557355], [16.534743, 49.557429], [16.533616, 49.55757], [16.531834, 49.557852], [16.530084, 49.558129], [16.522525, 49.56114], [16.52191, 49.561452], [16.521014, 49.561817], [16.520167, 49.562078], [16.519664, 49.562186], [16.519254, 49.56225], [16.518182, 49.562372], [16.511043, 49.564125], [16.506396, 49.566317], [16.504492, 49.567186], [16.496161, 49.56979], [16.494028, 49.56689], [16.490588, 49.559409], [16.488126, 49.559129], [16.487555, 49.559025], [16.48661, 49.558818], [16.486216, 49.558749], [16.48584, 49.558654], [16.478125, 49.55632], [16.47558, 49.557753], [16.47373, 49.558805], [16.469144, 49.562275], [16.468762, 49.562695], [16.466716, 49.565657], [16.465177, 49.566363], [16.464948, 49.566379], [16.463253, 49.564669], [16.463224, 49.564487], [16.46326, 49.563725], [16.462927, 49.557245], [16.461028, 49.554187], [16.458991, 49.547909], [16.458533, 49.54733], [16.45779, 49.546276], [16.45634, 49.545002], [16.448795, 49.545654], [16.440976, 49.549799], [16.440585, 49.550284], [16.440382, 49.550455], [16.438182, 49.552108], [16.429508, 49.552946], [16.426188, 49.556099], [16.424503, 49.558562], [16.423829, 49.558818], [16.420738, 49.559245], [16.420716, 49.559238], [16.418191, 49.556073], [16.417906, 49.555227], [16.412102, 49.549338], [16.408642, 49.549456], [16.408279, 49.549369], [16.407464, 49.5491], [16.406659, 49.548792], [16.407947, 49.54543], [16.412642, 49.541109], [16.412662, 49.537509], [16.408266, 49.531374], [16.403101, 49.532269], [16.402787, 49.532482], [16.401225, 49.533651], [16.399512, 49.534922], [16.399123, 49.535138], [16.397995, 49.535777], [16.397296, 49.535924], [16.392836, 49.533326], [16.384471, 49.53159], [16.383766, 49.531695], [16.383294, 49.531712], [16.380509, 49.531747], [16.380424, 49.531725], [16.37822, 49.528873], [16.382701, 49.522943], [16.383622, 49.521335], [16.384344, 49.520296], [16.384785, 49.520096], [16.385106, 49.519996], [16.385608, 49.520096], [16.385873, 49.520239], [16.394251, 49.517492], [16.394666, 49.517405], [16.395118, 49.517336], [16.395527, 49.517308], [16.397868, 49.517078], [16.40452, 49.517575], [16.408241, 49.510032], [16.407555, 49.507346], [16.407239, 49.506687], [16.407041, 49.50614], [16.402947, 49.501363], [16.396523, 49.502134], [16.396102, 49.502113], [16.395726, 49.502055], [16.394153, 49.501712], [16.393424, 49.501489], [16.391462, 49.50083], [16.390397, 49.500663], [16.389668, 49.500518], [16.388977, 49.500355], [16.388656, 49.500257], [16.388038, 49.499995], [16.387685, 49.499773], [16.387073, 49.499184], [16.381907, 49.495233], [16.380968, 49.494973], [16.379594, 49.494485], [16.371918, 49.498261], [16.371216, 49.49931], [16.370601, 49.499821], [16.369945, 49.500244], [16.366719, 49.501946], [16.36299, 49.502764], [16.36204, 49.502795], [16.360194, 49.50286], [16.357496, 49.503192], [16.35732, 49.503226], [16.356285, 49.503168], [16.350256, 49.503097], [16.347539, 49.502604], [16.344014, 49.501968], [16.33672, 49.503625], [16.335276, 49.504479], [16.334718, 49.504376], [16.326088, 49.502382], [16.32573, 49.502408], [16.324753, 49.50243], [16.323054, 49.502542], [16.320986, 49.502406], [16.320148, 49.502278], [16.317842, 49.50149], [16.317167, 49.501259], [16.316901, 49.501116], [16.318614, 49.497949], [16.318843, 49.497983], [16.319791, 49.498256], [16.320358, 49.498461], [16.322264, 49.498818], [16.327197, 49.494776], [16.325231, 49.490104], [16.321682, 49.482531], [16.317458, 49.485409], [16.316326, 49.486564], [16.313258, 49.488447], [16.312957, 49.487956], [16.30432, 49.485647], [16.303865, 49.485841], [16.303215, 49.486026], [16.302215, 49.486193], [16.299796, 49.486627], [16.29366, 49.489315], [16.289735, 49.492667], [16.287808, 49.496889], [16.28492, 49.4975], [16.283396, 49.497636], [16.283304, 49.497604], [16.282836, 49.495962], [16.282669, 49.49469], [16.283976, 49.4909], [16.285624, 49.487699], [16.283081, 49.481081], [16.277059, 49.477077], [16.275087, 49.476363], [16.275241, 49.472766], [16.267997, 49.467676], [16.265462, 49.46512], [16.258899, 49.463484], [16.25539, 49.463818], [16.255363, 49.463659], [16.254473, 49.460526], [16.254369, 49.460155], [16.255424, 49.459187], [16.257309, 49.452022], [16.250667, 49.450358], [16.250348, 49.450504], [16.249024, 49.45107], [16.248494, 49.451243], [16.247924, 49.451338], [16.242957, 49.453903], [16.24211, 49.455145], [16.241272, 49.455992], [16.239766, 49.458324], [16.239401, 49.45874], [16.239001, 49.459068], [16.236693, 49.466373], [16.243162, 49.469413], [16.246669, 49.471777], [16.247963, 49.472875], [16.248609, 49.474032], [16.253682, 49.479262], [16.25747, 49.480164], [16.258337, 49.483659], [16.257694, 49.489314], [16.257718, 49.489993], [16.25761, 49.490458], [16.255637, 49.490836], [16.255036, 49.490857], [16.254, 49.490447], [16.248645, 49.48775], [16.245638, 49.48577], [16.238963, 49.486902], [16.231728, 49.485874], [16.226847, 49.48581], [16.223537, 49.485784], [16.216533, 49.487508], [16.220078, 49.495216], [16.220565, 49.499892], [16.220539, 49.503492], [16.218329, 49.503476], [16.210031, 49.50551], [16.206216, 49.507564], [16.198048, 49.508162], [16.19783, 49.507907], [16.19742, 49.507044], [16.196605, 49.502249], [16.196879, 49.49866], [16.199022, 49.498824], [16.199549, 49.489962], [16.191003, 49.487689], [16.187786, 49.489953], [16.187223, 49.490462], [16.18628, 49.491107], [16.182084, 49.496104], [16.181427, 49.499643], [16.175723, 49.500697], [16.172163, 49.500166], [16.167822, 49.49526], [16.168797, 49.491795], [16.169139, 49.491891], [16.172159, 49.492747], [16.177592, 49.487159], [16.178359, 49.478329], [16.175275, 49.476743], [16.175443, 49.476303], [16.173654, 49.467744], [16.168229, 49.467908], [16.160866, 49.472868], [16.161065, 49.476451], [16.161341, 49.477551], [16.161425, 49.478658], [16.161222, 49.479806], [16.157827, 49.478566], [16.157336, 49.476983], [16.150471, 49.472526], [16.146439, 49.4737], [16.140015, 49.467732], [16.139492, 49.467749], [16.136974, 49.468376], [16.136403, 49.468583], [16.135612, 49.468704], [16.129672, 49.471293], [16.128402, 49.471799], [16.12366, 49.475901], [16.123056, 49.478044], [16.127338, 49.484788], [16.129143, 49.484785], [16.133294, 49.483905], [16.134022, 49.483602], [16.134544, 49.483509], [16.137791, 49.483199], [16.140593, 49.482919], [16.141128, 49.482829], [16.141761, 49.482851], [16.142526, 49.483045], [16.143716, 49.483265], [16.143366, 49.486848], [16.142403, 49.486753], [16.140386, 49.486726], [16.139963, 49.486769], [16.135691, 49.494595], [16.136101, 49.495036], [16.134298, 49.49806], [16.134119, 49.497975], [16.133614, 49.497631], [16.13263, 49.496781], [16.124093, 49.499113], [16.120559, 49.498426], [16.120618, 49.498127], [16.120194, 49.493521], [16.120027, 49.492805], [16.116012, 49.487972], [16.108761, 49.486541], [16.106772, 49.490871], [16.106892, 49.492167], [16.106762, 49.493027], [16.099415, 49.497623], [16.098725, 49.498705], [16.098293, 49.499228], [16.096693, 49.500883], [16.088854, 49.503511], [16.087619, 49.506409], [16.087369, 49.507022], [16.086311, 49.509399], [16.086202, 49.509562], [16.086071, 49.509733], [16.086016, 49.509798], [16.085793, 49.51], [16.085688, 49.510068], [16.082921, 49.507948], [16.082765, 49.507061], [16.079073, 49.500109], [16.081658, 49.494668], [16.080661, 49.490695], [16.075086, 49.488265], [16.074344, 49.488332], [16.072027, 49.488845], [16.068493, 49.496647], [16.065166, 49.498023], [16.058844, 49.493639], [16.055331, 49.492852], [16.05408, 49.49243], [16.053253, 49.488926], [16.045921, 49.488315], [16.04537, 49.48875], [16.043243, 49.491292], [16.042099, 49.491945], [16.040092, 49.493032], [16.040013, 49.492967], [16.039657, 49.492605], [16.039154, 49.491658], [16.038455, 49.49062], [16.038218, 49.490053], [16.037948, 49.482326], [16.034617, 49.480961], [16.034855, 49.48038], [16.036222, 49.478236], [16.039086, 49.47046], [16.03818, 49.466975], [16.036599, 49.462878], [16.028873, 49.461609], [16.028145, 49.461988], [16.027361, 49.462483], [16.02676, 49.462824], [16.022236, 49.470477], [16.021995, 49.471452], [16.021657, 49.471944], [16.021468, 49.472164], [16.020213, 49.480391], [16.020235, 49.483991], [16.017969, 49.483934], [16.015759, 49.483878], [16.011951, 49.484974], [16.009521, 49.486277], [16.006985, 49.494274], [16.012321, 49.500748], [16.015203, 49.500773], [16.01577, 49.500742], [16.018488, 49.500925], [16.01867, 49.500932], [16.020127, 49.500888], [16.021403, 49.500929], [16.022387, 49.501018], [16.023664, 49.501205], [16.027272, 49.501941], [16.031295, 49.502238], [16.034131, 49.501835], [16.03463, 49.501821], [16.034907, 49.501845], [16.034595, 49.505432], [16.031808, 49.505802], [16.029098, 49.506192], [16.028774, 49.506219], [16.028023, 49.506129], [16.026393, 49.505432], [16.026137, 49.505357], [16.022957, 49.504735], [16.017508, 49.508502], [16.014728, 49.51079], [16.013727, 49.509573], [16.01329, 49.509076], [16.012754, 49.50851], [16.003994, 49.508844], [16.000417, 49.509245], [15.993175, 49.511133], [15.991104, 49.511522], [15.990486, 49.511517], [15.988339, 49.51055], [15.987639, 49.510314], [15.983987, 49.510142], [15.978351, 49.514505], [15.978039, 49.515003], [15.977736, 49.515384], [15.974544, 49.518924], [15.971753, 49.52579], [15.970486, 49.527085], [15.968863, 49.528195], [15.968537, 49.528412], [15.968534, 49.528412], [15.966941, 49.526461], [15.966288, 49.525547], [15.965819, 49.523654], [15.966378, 49.521431], [15.968348, 49.518197], [15.968906, 49.517112], [15.969533, 49.516704], [15.970297, 49.516279], [15.971655, 49.507452], [15.97135, 49.50305], [15.973, 49.49985], [15.967344, 49.494353], [15.965127, 49.494073], [15.958814, 49.498173], [15.95831, 49.498279], [15.957208, 49.498219], [15.956505, 49.498002], [15.954919, 49.497439], [15.952634, 49.496865], [15.952157, 49.496815], [15.9447, 49.501288], [15.941889, 49.503537], [15.935946, 49.505562], [15.933858, 49.504866], [15.93377, 49.504662], [15.934033, 49.502513], [15.935617, 49.499222], [15.938647, 49.494137], [15.933963, 49.489175], [15.933422, 49.488965], [15.93235, 49.488586], [15.931649, 49.488247], [15.923266, 49.490782], [15.92014, 49.492566], [15.919076, 49.491774], [15.914518, 49.486801], [15.910682, 49.485059], [15.902816, 49.485024], [15.902397, 49.485003], [15.899675, 49.484655], [15.897063, 49.484317], [15.896142, 49.484053], [15.893584, 49.482554], [15.887521, 49.488295], [15.888252, 49.49018], [15.891265, 49.492493], [15.891116, 49.496089], [15.892222, 49.501151], [15.889267, 49.503207], [15.888627, 49.502286], [15.882158, 49.49676], [15.881584, 49.493206], [15.875212, 49.487275], [15.875171, 49.487259], [15.871039, 49.485694], [15.864094, 49.489564], [15.863702, 49.490206], [15.862278, 49.491949], [15.85949, 49.48967], [15.860616, 49.486082], [15.858834, 49.480136], [15.853804, 49.477963], [15.846624, 49.480251], [15.845862, 49.484502], [15.84412, 49.487653], [15.843495, 49.487308], [15.8421, 49.486705], [15.840993, 49.486039], [15.833408, 49.489173], [15.830355, 49.49108], [15.8239, 49.485575], [15.822662, 49.484886], [15.822042, 49.484489], [15.82142, 49.484053], [15.820762, 49.483523], [15.818833, 49.481962], [15.818278, 49.481555], [15.817662, 49.48091], [15.813079, 49.477858], [15.808968, 49.476867], [15.808143, 49.476805], [15.808676, 49.472207], [15.810108, 49.470981], [15.810303, 49.470923], [15.810424, 49.470913], [15.813074, 49.471512], [15.816672, 49.471388], [15.82257, 49.466331], [15.81682, 49.462331], [15.816451, 49.462381], [15.816077, 49.462397], [15.815605, 49.462382], [15.815003, 49.462296], [15.8144, 49.46213], [15.811933, 49.461067], [15.811573, 49.461006], [15.807204, 49.461893], [15.805059, 49.46295], [15.805044, 49.462904], [15.805014, 49.462815], [15.803798, 49.460647], [15.795987, 49.460152], [15.795125, 49.460934], [15.794715, 49.461245], [15.792653, 49.462654], [15.792293, 49.46292], [15.789606, 49.46501], [15.789013, 49.465526], [15.786851, 49.467398], [15.79167, 49.474827], [15.793191, 49.474538], [15.793403, 49.474508], [15.793547, 49.474483], [15.796528, 49.475889], [15.796267, 49.476534], [15.796087, 49.476882], [15.795465, 49.47753], [15.791324, 49.485106], [15.790157, 49.488512], [15.789676, 49.49649], [15.790127, 49.498707], [15.787397, 49.501054], [15.787072, 49.500676], [15.782901, 49.497297], [15.77956, 49.495938], [15.772017, 49.498843], [15.771365, 49.499713], [15.768484, 49.497555], [15.765263, 49.494953], [15.764071, 49.493642], [15.763835, 49.493442], [15.762719, 49.4927], [15.754123, 49.49478], [15.750545, 49.495177], [15.745116, 49.492513], [15.736937, 49.493178], [15.733359, 49.492779], [15.728351, 49.489246], [15.721994, 49.489569], [15.721936, 49.489575], [15.721245, 49.489528], [15.720933, 49.489357], [15.71949, 49.48768], [15.716457, 49.483814], [15.715755, 49.480972], [15.715958, 49.480762], [15.716628, 49.480326], [15.72292, 49.47455], [15.723832, 49.470929], [15.72408, 49.470161], [15.724466, 49.469472], [15.725229, 49.461839], [15.725128, 49.461148], [15.724964, 49.459986], [15.72574, 49.458667], [15.728308, 49.458622], [15.733543, 49.458556], [15.734405, 49.45804], [15.735774, 49.457468], [15.737554, 49.456125], [15.734325, 49.44791], [15.729502, 49.448465], [15.72896, 49.448791], [15.727986, 49.44918], [15.727069, 49.44959], [15.727029, 49.44961], [15.724688, 49.446874], [15.716841, 49.443096], [15.715759, 49.444358], [15.715307, 49.444776], [15.714631, 49.445307], [15.710654, 49.45148], [15.710604, 49.452334], [15.710413, 49.452902], [15.709924, 49.457508], [15.709693, 49.457861], [15.709351, 49.458258], [15.706846, 49.460413], [15.706548, 49.460613], [15.705168, 49.460799], [15.705137, 49.460784], [15.703161, 49.458671], [15.69632, 49.454125], [15.693035, 49.454833], [15.685848, 49.454912], [15.677457, 49.456363], [15.675493, 49.457453], [15.674394, 49.458121], [15.674142, 49.458169], [15.67347, 49.458054], [15.673416, 49.458033], [15.66603, 49.45645], [15.663607, 49.457166], [15.662232, 49.457611], [15.661649, 49.457779], [15.660872, 49.457939], [15.659795, 49.458066], [15.658946, 49.458069], [15.658251, 49.458024], [15.656697, 49.458022], [15.656179, 49.458089], [15.655325, 49.458235], [15.6544, 49.458442], [15.653692, 49.458539], [15.65235, 49.458842], [15.651818, 49.458983], [15.6513, 49.459044], [15.650716, 49.45901], [15.6459, 49.458513], [15.645796, 49.467333], [15.646448, 49.467615], [15.647266, 49.468053], [15.64771, 49.468222], [15.649396, 49.468851], [15.650122, 49.469309], [15.650695, 49.469724], [15.651095, 49.470067], [15.656338, 49.471414], [15.657408, 49.471153], [15.659315, 49.470448], [15.662116, 49.47011], [15.662884, 49.473628], [15.663246, 49.476484], [15.662813, 49.480058], [15.654137, 49.482427], [15.653611, 49.482618], [15.650503, 49.482591], [15.644085, 49.480998], [15.643877, 49.480944], [15.642621, 49.479095], [15.642628, 49.479059], [15.642256, 49.470178], [15.641763, 49.469827], [15.64093, 49.468955], [15.632074, 49.469192], [15.631817, 49.469238], [15.631087, 49.469272], [15.628829, 49.469529], [15.622612, 49.475377], [15.616981, 49.476315], [15.611899, 49.48003], [15.61092, 49.479651], [15.607556, 49.479414], [15.601321, 49.476109], [15.598143, 49.478105], [15.593296, 49.484472], [15.592254, 49.487661], [15.597399, 49.494473], [15.605466, 49.494298], [15.606148, 49.494066], [15.607857, 49.493522], [15.60891, 49.493129], [15.610168, 49.496502], [15.608678, 49.497152], [15.608483, 49.497246], [15.608013, 49.4974], [15.606664, 49.506186], [15.606782, 49.507054], [15.611366, 49.514019], [15.610598, 49.517537], [15.60848, 49.517074], [15.601418, 49.520809], [15.599862, 49.524055], [15.597593, 49.528495], [15.594832, 49.530101], [15.591289, 49.529462], [15.591125, 49.526438], [15.586941, 49.520442], [15.586302, 49.519616], [15.586148, 49.519039], [15.5858, 49.517217], [15.585846, 49.516637], [15.581526, 49.509], [15.577395, 49.510872], [15.574099, 49.509425], [15.569558, 49.507155], [15.569287, 49.503565], [15.569564, 49.503544], [15.57476, 49.49948], [15.572426, 49.494584], [15.570194, 49.493441], [15.567749, 49.493008], [15.567166, 49.49301], [15.564967, 49.493161], [15.564719, 49.48957], [15.566918, 49.489418], [15.570113, 49.487674], [15.572432, 49.482931], [15.573327, 49.482176], [15.57393, 49.481645], [15.574393, 49.481416], [15.574859, 49.481249], [15.578354, 49.482233], [15.583038, 49.482303], [15.584653, 49.481661], [15.587861, 49.480485], [15.586292, 49.472199], [15.583883, 49.471796], [15.575825, 49.468419], [15.573542, 49.469276], [15.572705, 49.469623], [15.572258, 49.46982], [15.571841, 49.470025], [15.571261, 49.470347], [15.570804, 49.470633], [15.570455, 49.47088], [15.570108, 49.47115], [15.569515, 49.471664], [15.569217, 49.471979], [15.568823, 49.472468], [15.568563, 49.472834], [15.567519, 49.474487], [15.566897, 49.475353], [15.566408, 49.475947], [15.565873, 49.476504], [15.56529, 49.477022], [15.564662, 49.477525], [15.563966, 49.478005], [15.563534, 49.478272], [15.562464, 49.478857], [15.561739, 49.479191], [15.561101, 49.479453], [15.560451, 49.479691], [15.559475, 49.479998], [15.558484, 49.480254], [15.557368, 49.480482], [15.5563, 49.480662], [15.554684, 49.480775], [15.55258, 49.481216], [15.551463, 49.481254], [15.548859, 49.481769], [15.545139, 49.482323], [15.541208, 49.482908], [15.538959, 49.483273], [15.537524, 49.483529], [15.536096, 49.483806], [15.534704, 49.484098], [15.533368, 49.484406], [15.531758, 49.484805], [15.530407, 49.485161], [15.528397, 49.48572], [15.524965, 49.487669], [15.526831, 49.494636], [15.527991, 49.495119], [15.52831, 49.495336], [15.52892, 49.495812], [15.530214, 49.496496], [15.534247, 49.496597], [15.536514, 49.496843], [15.536586, 49.496857], [15.543247, 49.498507], [15.545033, 49.498424], [15.545581, 49.498422], [15.547217, 49.498551], [15.546935, 49.50214], [15.538788, 49.504147], [15.535429, 49.502851], [15.532641, 49.501306], [15.529151, 49.499936], [15.527293, 49.499023], [15.526974, 49.498837], [15.524689, 49.497709], [15.523208, 49.49729], [15.522808, 49.497155], [15.522295, 49.496933], [15.521695, 49.496575], [15.520274, 49.495665], [15.51824, 49.494293], [15.512077, 49.499829], [15.511101, 49.503218], [15.510782, 49.503131], [15.510206, 49.502891], [15.509558, 49.502401], [15.506267, 49.498241], [15.500191, 49.501823], [15.500026, 49.502761], [15.499828, 49.503376], [15.49942, 49.504769], [15.499337, 49.506562], [15.499313, 49.507203], [15.498571, 49.508114], [15.498244, 49.508199], [15.497797, 49.508274], [15.497571, 49.508229], [15.495715, 49.507065], [15.495312, 49.506365], [15.495071, 49.50574], [15.494965, 49.505184], [15.49498, 49.504549], [15.495351, 49.500077], [15.48756, 49.496027], [15.486019, 49.49661], [15.485294, 49.496907], [15.483845, 49.497569], [15.483188, 49.497891], [15.481969, 49.498534], [15.48091, 49.499146], [15.479567, 49.500002], [15.478435, 49.500804], [15.477538, 49.501509], [15.477087, 49.501885], [15.475526, 49.503263], [15.474152, 49.504423], [15.473608, 49.504851], [15.473089, 49.505228], [15.472465, 49.505666], [15.471872, 49.506053], [15.469857, 49.507297], [15.463858, 49.51235], [15.462293, 49.514373], [15.461852, 49.514862], [15.461452, 49.515266], [15.460999, 49.515685], [15.460464, 49.516135], [15.459787, 49.516636], [15.459107, 49.517083], [15.458361, 49.517529], [15.457537, 49.517961], [15.45686, 49.518274], [15.456145, 49.518576], [15.455496, 49.51882], [15.453931, 49.519316], [15.453345, 49.519464], [15.452333, 49.519683], [15.451457, 49.51984], [15.450854, 49.519932], [15.450156, 49.520032], [15.449344, 49.520102], [15.448555, 49.52015], [15.447927, 49.520166], [15.446492, 49.520146], [15.4454, 49.520073], [15.444758, 49.520015], [15.444119, 49.519935], [15.443112, 49.519777], [15.434355, 49.518634], [15.432249, 49.518521], [15.430884, 49.518431], [15.431119, 49.514839], [15.432484, 49.514928]]], "type": "Polygon"}}], "metadata": {"attribution": "openrouteservice.org | OpenStreetMap contributors", "service": "isochrones", "timestamp": 1785652359783, "query": {"profile": "driving-car", "profileName": "driving-car", "locations": [[16.6068, 49.1951]], "range": [3600.0], "range_type": "time"}, "engine": {"version": "9.9.0", "build_date": "2026-06-12T10:08:58Z", "graph_date": "2026-07-26T12:04:00Z", "osm_date": "2026-07-20T00:00:00Z"}}}