<?xml version="1.0" encoding="UTF-8"?>
<gpx xmlns="http://www.topografix.com/GPX/1/1" xmlns:xsi="http://www.w3.org/2001/XMLSchema-instance" xsi:schemaLocation="http://www.topografix.com/GPX/1/1 http://www.topografix.com/GPX/1/1/gpx.xsd" version="1.1" creator="gpx.py -- https://github.com/tkrajina/gpxpy">
  <trk>
    <trkseg>
      <trkpt lat="49.248932" lon="13.926951">
      </trkpt>
      <trkpt lat="49.248819" lon="13.927546">
      </trkpt>
      <trkpt lat="49.24828" lon="13.931199">
      </trkpt>
      <trkpt lat="49.244875" lon="13.935672">
      </trkpt>
      <trkpt lat="49.238801" lon="13.933367">
      </trkpt>
      <trkpt lat="49.235214" lon="13.933055">
      </trkpt>
      <trkpt lat="49.233726" lon="13.939402">
      </trkpt>
      <trkpt lat="49.233561" lon="13.93997">
      </trkpt>
      <trkpt lat="49.233463" lon="13.940554">
      </trkpt>
      <trkpt lat="49.229871" lon="13.948511">
      </trkpt>
      <trkpt lat="49.2278" lon="13.951456">
      </trkpt>
      <trkpt lat="49.221184" lon="13.950988">
      </trkpt>
      <trkpt lat="49.221009" lon="13.950914">
      </trkpt>
      <trkpt lat="49.218497" lon="13.952568">
      </trkpt>
      <trkpt lat="49.218521" lon="13.952774">
      </trkpt>
      <trkpt lat="49.217698" lon="13.958603">
      </trkpt>
      <trkpt lat="49.217687" lon="13.958635">
      </trkpt>
      <trkpt lat="49.212551" lon="13.964424">
      </trkpt>
      <trkpt lat="49.208965" lon="13.964737">
      </trkpt>
      <trkpt lat="49.200441" lon="13.962285">
      </trkpt>
      <trkpt lat="49.196845" lon="13.962451">
      </trkpt>
      <trkpt lat="49.195216" lon="13.967216">
      </trkpt>
      <trkpt lat="49.190461" lon="13.970676">
      </trkpt>
      <trkpt lat="49.189568" lon="13.9711">
      </trkpt>
      <trkpt lat="49.189003" lon="13.971343">
      </trkpt>
      <trkpt lat="49.186263" lon="13.973007">
      </trkpt>
      <trkpt lat="49.185616" lon="13.973415">
      </trkpt>
      <trkpt lat="49.185095" lon="13.975864">
      </trkpt>
      <trkpt lat="49.185915" lon="13.978308">
      </trkpt>
      <trkpt lat="49.186072" lon="13.97917">
      </trkpt>
      <trkpt lat="49.185886" lon="13.983438">
      </trkpt>
      <trkpt lat="49.18421" lon="13.985649">
      </trkpt>
      <trkpt lat="49.176155" lon="13.983973">
      </trkpt>
      <trkpt lat="49.175433" lon="13.978372">
      </trkpt>
      <trkpt lat="49.175675" lon="13.977539">
      </trkpt>
      <trkpt lat="49.175778" lon="13.976972">
      </trkpt>
      <trkpt lat="49.175922" lon="13.975587">
      </trkpt>
      <trkpt lat="49.175924" lon="13.975026">
      </trkpt>
      <trkpt lat="49.175881" lon="13.973964">
      </trkpt>
      <trkpt lat="49.175879" lon="13.973286">
      </trkpt>
      <trkpt lat="49.175918" lon="13.97227">
      </trkpt>
      <trkpt lat="49.175899" lon="13.971692">
      </trkpt>
      <trkpt lat="49.175849" lon="13.971233">
      </trkpt>
      <trkpt lat="49.175805" lon="13.97003">
      </trkpt>
      <trkpt lat="49.175773" lon="13.969678">
      </trkpt>
      <trkpt lat="49.175565" lon="13.968113">
      </trkpt>
      <trkpt lat="49.175551" lon="13.96734">
      </trkpt>
      <trkpt lat="49.175581" lon="13.966427">
      </trkpt>
      <trkpt lat="49.176528" lon="13.961946">
      </trkpt>
      <trkpt lat="49.176853" lon="13.961095">
      </trkpt>
      <trkpt lat="49.176905" lon="13.960943">
      </trkpt>
      <trkpt lat="49.1771" lon="13.960286">
      </trkpt>
      <trkpt lat="49.178917" lon="13.955037">
      </trkpt>
      <trkpt lat="49.179996" lon="13.953727">
      </trkpt>
      <trkpt lat="49.180218" lon="13.953417">
      </trkpt>
      <trkpt lat="49.180696" lon="13.95277">
      </trkpt>
      <trkpt lat="49.181434" lon="13.951608">
      </trkpt>
      <trkpt lat="49.182107" lon="13.950442">
      </trkpt>
      <trkpt lat="49.182454" lon="13.949291">
      </trkpt>
      <trkpt lat="49.182658" lon="13.947593">
      </trkpt>
      <trkpt lat="49.182852" lon="13.946275">
      </trkpt>
      <trkpt lat="49.17926" lon="13.938586">
      </trkpt>
      <trkpt lat="49.179839" lon="13.933943">
      </trkpt>
      <trkpt lat="49.176415" lon="13.932831">
      </trkpt>
      <trkpt lat="49.17261" lon="13.9252">
      </trkpt>
      <trkpt lat="49.17296" lon="13.923387">
      </trkpt>
      <trkpt lat="49.173006" lon="13.922899">
      </trkpt>
      <trkpt lat="49.172952" lon="13.922059">
      </trkpt>
      <trkpt lat="49.172404" lon="13.91844">
      </trkpt>
      <trkpt lat="49.172352" lon="13.916076">
      </trkpt>
      <trkpt lat="49.165971" lon="13.910842">
      </trkpt>
      <trkpt lat="49.165778" lon="13.90913">
      </trkpt>
      <trkpt lat="49.165904" lon="13.907652">
      </trkpt>
      <trkpt lat="49.166138" lon="13.905287">
      </trkpt>
      <trkpt lat="49.166202" lon="13.904297">
      </trkpt>
      <trkpt lat="49.166295" lon="13.903637">
      </trkpt>
      <trkpt lat="49.166587" lon="13.902499">
      </trkpt>
      <trkpt lat="49.173149" lon="13.897109">
      </trkpt>
      <trkpt lat="49.17517" lon="13.896133">
      </trkpt>
      <trkpt lat="49.17883" lon="13.895175">
      </trkpt>
      <trkpt lat="49.178838" lon="13.895174">
      </trkpt>
      <trkpt lat="49.178613" lon="13.893388">
      </trkpt>
      <trkpt lat="49.178403" lon="13.891601">
      </trkpt>
      <trkpt lat="49.176356" lon="13.891072">
      </trkpt>
      <trkpt lat="49.172613" lon="13.884255">
      </trkpt>
      <trkpt lat="49.17272" lon="13.883627">
      </trkpt>
      <trkpt lat="49.172743" lon="13.883342">
      </trkpt>
      <trkpt lat="49.171534" lon="13.882582">
      </trkpt>
      <trkpt lat="49.166583" lon="13.880863">
      </trkpt>
      <trkpt lat="49.166499" lon="13.88087">
      </trkpt>
      <trkpt lat="49.164928" lon="13.882394">
      </trkpt>
      <trkpt lat="49.16387" lon="13.883699">
      </trkpt>
      <trkpt lat="49.162925" lon="13.884964">
      </trkpt>
      <trkpt lat="49.156925" lon="13.889924">
      </trkpt>
      <trkpt lat="49.153405" lon="13.890682">
      </trkpt>
      <trkpt lat="49.153486" lon="13.891055">
      </trkpt>
      <trkpt lat="49.153641" lon="13.892209">
      </trkpt>
      <trkpt lat="49.153251" lon="13.896092">
      </trkpt>
      <trkpt lat="49.153351" lon="13.897021">
      </trkpt>
      <trkpt lat="49.153452" lon="13.897686">
      </trkpt>
      <trkpt lat="49.152918" lon="13.90224">
      </trkpt>
      <trkpt lat="49.145354" lon="13.902476">
      </trkpt>
      <trkpt lat="49.142119" lon="13.900259">
      </trkpt>
      <trkpt lat="49.141402" lon="13.899463">
      </trkpt>
      <trkpt lat="49.140546" lon="13.89858">
      </trkpt>
      <trkpt lat="49.140121" lon="13.898064">
      </trkpt>
      <trkpt lat="49.138916" lon="13.896364">
      </trkpt>
      <trkpt lat="49.137175" lon="13.894023">
      </trkpt>
      <trkpt lat="49.134286" lon="13.896172">
      </trkpt>
      <trkpt lat="49.136027" lon="13.898513">
      </trkpt>
      <trkpt lat="49.136619" lon="13.899481">
      </trkpt>
      <trkpt lat="49.136857" lon="13.899848">
      </trkpt>
      <trkpt lat="49.137024" lon="13.900072">
      </trkpt>
      <trkpt lat="49.138047" lon="13.901318">
      </trkpt>
      <trkpt lat="49.139869" lon="13.90494">
      </trkpt>
      <trkpt lat="49.140275" lon="13.90561">
      </trkpt>
      <trkpt lat="49.141392" lon="13.914182">
      </trkpt>
      <trkpt lat="49.141285" lon="13.914576">
      </trkpt>
      <trkpt lat="49.141146" lon="13.915591">
      </trkpt>
      <trkpt lat="49.140788" lon="13.919038">
      </trkpt>
      <trkpt lat="49.132305" lon="13.921059">
      </trkpt>
      <trkpt lat="49.130883" lon="13.920672">
      </trkpt>
      <trkpt lat="49.127471" lon="13.919524">
      </trkpt>
      <trkpt lat="49.126409" lon="13.920205">
      </trkpt>
      <trkpt lat="49.123946" lon="13.922142">
      </trkpt>
      <trkpt lat="49.123944" lon="13.922277">
      </trkpt>
      <trkpt lat="49.123305" lon="13.925522">
      </trkpt>
      <trkpt lat="49.115963" lon="13.928208">
      </trkpt>
      <trkpt lat="49.111874" lon="13.928103">
      </trkpt>
      <trkpt lat="49.104872" lon="13.922542">
      </trkpt>
      <trkpt lat="49.106509" lon="13.920336">
      </trkpt>
      <trkpt lat="49.106909" lon="13.919798">
      </trkpt>
      <trkpt lat="49.107447" lon="13.919207">
      </trkpt>
      <trkpt lat="49.107014" lon="13.916537">
      </trkpt>
      <trkpt lat="49.103451" lon="13.91602">
      </trkpt>
      <trkpt lat="49.096692" lon="13.917448">
      </trkpt>
      <trkpt lat="49.096025" lon="13.917536">
      </trkpt>
      <trkpt lat="49.09577" lon="13.917713">
      </trkpt>
      <trkpt lat="49.095255" lon="13.918213">
      </trkpt>
      <trkpt lat="49.094121" lon="13.919742">
      </trkpt>
      <trkpt lat="49.093867" lon="13.920131">
      </trkpt>
      <trkpt lat="49.093805" lon="13.920257">
      </trkpt>
      <trkpt lat="49.084865" lon="13.919363">
      </trkpt>
      <trkpt lat="49.085721" lon="13.915906">
      </trkpt>
      <trkpt lat="49.085814" lon="13.915635">
      </trkpt>
      <trkpt lat="49.085931" lon="13.915043">
      </trkpt>
      <trkpt lat="49.085923" lon="13.914464">
      </trkpt>
      <trkpt lat="49.085828" lon="13.913228">
      </trkpt>
      <trkpt lat="49.08572" lon="13.912771">
      </trkpt>
      <trkpt lat="49.083839" lon="13.904002">
      </trkpt>
      <trkpt lat="49.085174" lon="13.900658">
      </trkpt>
      <trkpt lat="49.084148" lon="13.896558">
      </trkpt>
      <trkpt lat="49.083976" lon="13.895871">
      </trkpt>
      <trkpt lat="49.083318" lon="13.893386">
      </trkpt>
      <trkpt lat="49.082282" lon="13.889615">
      </trkpt>
      <trkpt lat="49.078791" lon="13.890496">
      </trkpt>
      <trkpt lat="49.07958" lon="13.893623">
      </trkpt>
      <trkpt lat="49.079597" lon="13.894193">
      </trkpt>
      <trkpt lat="49.07857" lon="13.899714">
      </trkpt>
      <trkpt lat="49.073308" lon="13.906561">
      </trkpt>
      <trkpt lat="49.065636" lon="13.90258">
      </trkpt>
      <trkpt lat="49.065475" lon="13.901065">
      </trkpt>
      <trkpt lat="49.065366" lon="13.900518">
      </trkpt>
      <trkpt lat="49.065149" lon="13.899935">
      </trkpt>
      <trkpt lat="49.064722" lon="13.898776">
      </trkpt>
      <trkpt lat="49.064347" lon="13.89797">
      </trkpt>
      <trkpt lat="49.063952" lon="13.89726">
      </trkpt>
      <trkpt lat="49.063208" lon="13.896101">
      </trkpt>
      <trkpt lat="49.062916" lon="13.888519">
      </trkpt>
      <trkpt lat="49.063027" lon="13.888257">
      </trkpt>
      <trkpt lat="49.066176" lon="13.880108">
      </trkpt>
      <trkpt lat="49.066896" lon="13.880108">
      </trkpt>
      <trkpt lat="49.069183" lon="13.880868">
      </trkpt>
      <trkpt lat="49.069329" lon="13.88088">
      </trkpt>
      <trkpt lat="49.071415" lon="13.881034">
      </trkpt>
      <trkpt lat="49.071579" lon="13.880579">
      </trkpt>
      <trkpt lat="49.071694" lon="13.88008">
      </trkpt>
      <trkpt lat="49.071748" lon="13.879613">
      </trkpt>
      <trkpt lat="49.071754" lon="13.8793">
      </trkpt>
      <trkpt lat="49.0717" lon="13.878142">
      </trkpt>
      <trkpt lat="49.071774" lon="13.871534">
      </trkpt>
      <trkpt lat="49.071895" lon="13.870913">
      </trkpt>
      <trkpt lat="49.071952" lon="13.870156">
      </trkpt>
      <trkpt lat="49.068363" lon="13.869885">
      </trkpt>
      <trkpt lat="49.059706" lon="13.871394">
      </trkpt>
      <trkpt lat="49.059156" lon="13.871124">
      </trkpt>
      <trkpt lat="49.056833" lon="13.87">
      </trkpt>
      <trkpt lat="49.055502" lon="13.869373">
      </trkpt>
      <trkpt lat="49.054535" lon="13.868993">
      </trkpt>
      <trkpt lat="49.054047" lon="13.868872">
      </trkpt>
      <trkpt lat="49.053329" lon="13.868884">
      </trkpt>
      <trkpt lat="49.052607" lon="13.869113">
      </trkpt>
      <trkpt lat="49.052271" lon="13.869287">
      </trkpt>
      <trkpt lat="49.044257" lon="13.865557">
      </trkpt>
      <trkpt lat="49.045048" lon="13.861717">
      </trkpt>
      <trkpt lat="49.05017" lon="13.854953">
      </trkpt>
      <trkpt lat="49.050876" lon="13.854693">
      </trkpt>
      <trkpt lat="49.053183" lon="13.852861">
      </trkpt>
      <trkpt lat="49.056391" lon="13.851565">
      </trkpt>
      <trkpt lat="49.057594" lon="13.850961">
      </trkpt>
      <trkpt lat="49.058018" lon="13.850353">
      </trkpt>
      <trkpt lat="49.058946" lon="13.848863">
      </trkpt>
      <trkpt lat="49.057085" lon="13.845781">
      </trkpt>
      <trkpt lat="49.056998" lon="13.845815">
      </trkpt>
      <trkpt lat="49.056493" lon="13.846068">
      </trkpt>
      <trkpt lat="49.048726" lon="13.84267">
      </trkpt>
      <trkpt lat="49.049678" lon="13.839823">
      </trkpt>
      <trkpt lat="49.049823" lon="13.839462">
      </trkpt>
      <trkpt lat="49.049857" lon="13.836744">
      </trkpt>
      <trkpt lat="49.050653" lon="13.833233">
      </trkpt>
      <trkpt lat="49.050751" lon="13.832636">
      </trkpt>
      <trkpt lat="49.050806" lon="13.832023">
      </trkpt>
      <trkpt lat="49.050803" lon="13.831274">
      </trkpt>
      <trkpt lat="49.051271" lon="13.823979">
      </trkpt>
      <trkpt lat="49.051355" lon="13.823532">
      </trkpt>
      <trkpt lat="49.051428" lon="13.82282">
      </trkpt>
      <trkpt lat="49.051432" lon="13.82218">
      </trkpt>
      <trkpt lat="49.051368" lon="13.821423">
      </trkpt>
      <trkpt lat="49.051226" lon="13.820688">
      </trkpt>
      <trkpt lat="49.051033" lon="13.820037">
      </trkpt>
      <trkpt lat="49.050779" lon="13.819362">
      </trkpt>
      <trkpt lat="49.04741" lon="13.82063">
      </trkpt>
      <trkpt lat="49.046896" lon="13.826418">
      </trkpt>
      <trkpt lat="49.046831" lon="13.827125">
      </trkpt>
      <trkpt lat="49.046825" lon="13.827689">
      </trkpt>
      <trkpt lat="49.046847" lon="13.828055">
      </trkpt>
      <trkpt lat="49.047181" lon="13.831126">
      </trkpt>
      <trkpt lat="49.047104" lon="13.832627">
      </trkpt>
      <trkpt lat="49.046346" lon="13.835945">
      </trkpt>
      <trkpt lat="49.040202" lon="13.841289">
      </trkpt>
      <trkpt lat="49.038604" lon="13.84158">
      </trkpt>
      <trkpt lat="49.03689" lon="13.84283">
      </trkpt>
      <trkpt lat="49.036451" lon="13.84353">
      </trkpt>
      <trkpt lat="49.035742" lon="13.844654">
      </trkpt>
      <trkpt lat="49.035319" lon="13.845364">
      </trkpt>
      <trkpt lat="49.032232" lon="13.853618">
      </trkpt>
      <trkpt lat="49.032051" lon="13.854257">
      </trkpt>
      <trkpt lat="49.030934" lon="13.862332">
      </trkpt>
      <trkpt lat="49.030428" lon="13.864197">
      </trkpt>
      <trkpt lat="49.030817" lon="13.86458">
      </trkpt>
      <trkpt lat="49.031087" lon="13.864807">
      </trkpt>
      <trkpt lat="49.031579" lon="13.865086">
      </trkpt>
      <trkpt lat="49.034589" lon="13.866566">
      </trkpt>
      <trkpt lat="49.035363" lon="13.873471">
      </trkpt>
      <trkpt lat="49.035582" lon="13.876323">
      </trkpt>
      <trkpt lat="49.033074" lon="13.883175">
      </trkpt>
      <trkpt lat="49.036453" lon="13.890467">
      </trkpt>
      <trkpt lat="49.0367" lon="13.890926">
      </trkpt>
      <trkpt lat="49.037757" lon="13.893852">
      </trkpt>
      <trkpt lat="49.038174" lon="13.895779">
      </trkpt>
      <trkpt lat="49.032857" lon="13.902912">
      </trkpt>
      <trkpt lat="49.032428" lon="13.902798">
      </trkpt>
      <trkpt lat="49.02934" lon="13.902144">
      </trkpt>
      <trkpt lat="49.029251" lon="13.902552">
      </trkpt>
      <trkpt lat="49.029182" lon="13.90311">
      </trkpt>
      <trkpt lat="49.026955" lon="13.909325">
      </trkpt>
      <trkpt lat="49.01883" lon="13.912714">
      </trkpt>
      <trkpt lat="49.018461" lon="13.912366">
      </trkpt>
      <trkpt lat="49.017721" lon="13.911802">
      </trkpt>
      <trkpt lat="49.017103" lon="13.911387">
      </trkpt>
      <trkpt lat="49.015096" lon="13.914376">
      </trkpt>
      <trkpt lat="49.015704" lon="13.917569">
      </trkpt>
      <trkpt lat="49.015734" lon="13.918134">
      </trkpt>
      <trkpt lat="49.015845" lon="13.918781">
      </trkpt>
      <trkpt lat="49.01609" lon="13.920323">
      </trkpt>
      <trkpt lat="49.010149" lon="13.927026">
      </trkpt>
      <trkpt lat="49.009343" lon="13.927161">
      </trkpt>
      <trkpt lat="49.008777" lon="13.927377">
      </trkpt>
      <trkpt lat="49.008346" lon="13.930951">
      </trkpt>
      <trkpt lat="49.008766" lon="13.931001">
      </trkpt>
      <trkpt lat="49.01207" lon="13.93189">
      </trkpt>
      <trkpt lat="49.013577" lon="13.932557">
      </trkpt>
      <trkpt lat="49.014692" lon="13.93284">
      </trkpt>
      <trkpt lat="49.018291" lon="13.938943">
      </trkpt>
      <trkpt lat="49.015817" lon="13.942568">
      </trkpt>
      <trkpt lat="49.015866" lon="13.942694">
      </trkpt>
      <trkpt lat="49.016185" lon="13.943502">
      </trkpt>
      <trkpt lat="49.016952" lon="13.944142">
      </trkpt>
      <trkpt lat="49.017827" lon="13.944398">
      </trkpt>
      <trkpt lat="49.022715" lon="13.946902">
      </trkpt>
      <trkpt lat="49.024502" lon="13.955458">
      </trkpt>
      <trkpt lat="49.024263" lon="13.956173">
      </trkpt>
      <trkpt lat="49.023692" lon="13.957746">
      </trkpt>
      <trkpt lat="49.017139" lon="13.961736">
      </trkpt>
      <trkpt lat="49.0136" lon="13.961073">
      </trkpt>
      <trkpt lat="49.013397" lon="13.961961">
      </trkpt>
      <trkpt lat="49.012502" lon="13.96494">
      </trkpt>
      <trkpt lat="49.012118" lon="13.966284">
      </trkpt>
      <trkpt lat="49.011786" lon="13.968108">
      </trkpt>
      <trkpt lat="49.011766" lon="13.969238">
      </trkpt>
      <trkpt lat="49.011747" lon="13.970437">
      </trkpt>
      <trkpt lat="49.015074" lon="13.976457">
      </trkpt>
      <trkpt lat="49.011018" lon="13.98008">
      </trkpt>
      <trkpt lat="49.010424" lon="13.980227">
      </trkpt>
      <trkpt lat="49.002544" lon="13.981476">
      </trkpt>
      <trkpt lat="48.998595" lon="13.973532">
      </trkpt>
      <trkpt lat="48.997831" lon="13.972915">
      </trkpt>
      <trkpt lat="48.996587" lon="13.972145">
      </trkpt>
      <trkpt lat="48.995912" lon="13.971708">
      </trkpt>
      <trkpt lat="48.995095" lon="13.971366">
      </trkpt>
      <trkpt lat="48.993256" lon="13.970582">
      </trkpt>
      <trkpt lat="48.991311" lon="13.969702">
      </trkpt>
      <trkpt lat="48.990849" lon="13.969516">
      </trkpt>
      <trkpt lat="48.990225" lon="13.969458">
      </trkpt>
      <trkpt lat="48.98998" lon="13.969479">
      </trkpt>
      <trkpt lat="48.988023" lon="13.97093">
      </trkpt>
      <trkpt lat="48.987555" lon="13.971378">
      </trkpt>
      <trkpt lat="48.987032" lon="13.971993">
      </trkpt>
      <trkpt lat="48.984634" lon="13.973797">
      </trkpt>
      <trkpt lat="48.980096" lon="13.975193">
      </trkpt>
      <trkpt lat="48.974414" lon="13.969091">
      </trkpt>
      <trkpt lat="48.976533" lon="13.965737">
      </trkpt>
      <trkpt lat="48.976952" lon="13.965334">
      </trkpt>
      <trkpt lat="48.977563" lon="13.964596">
      </trkpt>
      <trkpt lat="48.978478" lon="13.963062">
      </trkpt>
      <trkpt lat="48.97865" lon="13.962651">
      </trkpt>
      <trkpt lat="48.979849" lon="13.960614">
      </trkpt>
      <trkpt lat="48.979554" lon="13.954851">
      </trkpt>
      <trkpt lat="48.975228" lon="13.951459">
      </trkpt>
      <trkpt lat="48.971725" lon="13.952287">
      </trkpt>
      <trkpt lat="48.965576" lon="13.946911">
      </trkpt>
      <trkpt lat="48.965394" lon="13.946409">
      </trkpt>
      <trkpt lat="48.965292" lon="13.946186">
      </trkpt>
      <trkpt lat="48.965251" lon="13.946177">
      </trkpt>
      <trkpt lat="48.965207" lon="13.946167">
      </trkpt>
      <trkpt lat="48.965008" lon="13.946208">
      </trkpt>
      <trkpt lat="48.9638" lon="13.9465">
      </trkpt>
      <trkpt lat="48.958146" lon="13.939874">
      </trkpt>
      <trkpt lat="48.958156" lon="13.939833">
      </trkpt>
      <trkpt lat="48.958221" lon="13.938938">
      </trkpt>
      <trkpt lat="48.95801" lon="13.938204">
      </trkpt>
      <trkpt lat="48.957825" lon="13.937483">
      </trkpt>
      <trkpt lat="48.95742" lon="13.935714">
      </trkpt>
      <trkpt lat="48.95703" lon="13.934021">
      </trkpt>
      <trkpt lat="48.95736" lon="13.926535">
      </trkpt>
      <trkpt lat="48.955752" lon="13.92254">
      </trkpt>
      <trkpt lat="48.95557" lon="13.921963">
      </trkpt>
      <trkpt lat="48.955155" lon="13.921295">
      </trkpt>
      <trkpt lat="48.954345" lon="13.920718">
      </trkpt>
      <trkpt lat="48.953326" lon="13.920613">
      </trkpt>
      <trkpt lat="48.953091" lon="13.920657">
      </trkpt>
      <trkpt lat="48.952269" lon="13.923448">
      </trkpt>
      <trkpt lat="48.95228" lon="13.923834">
      </trkpt>
      <trkpt lat="48.952331" lon="13.924141">
      </trkpt>
      <trkpt lat="48.952428" lon="13.924486">
      </trkpt>
      <trkpt lat="48.951035" lon="13.930978">
      </trkpt>
      <trkpt lat="48.950726" lon="13.931316">
      </trkpt>
      <trkpt lat="48.950404" lon="13.931752">
      </trkpt>
      <trkpt lat="48.95018" lon="13.932088">
      </trkpt>
      <trkpt lat="48.942483" lon="13.936592">
      </trkpt>
      <trkpt lat="48.940648" lon="13.935015">
      </trkpt>
      <trkpt lat="48.939564" lon="13.928855">
      </trkpt>
      <trkpt lat="48.939569" lon="13.928543">
      </trkpt>
      <trkpt lat="48.939542" lon="13.927929">
      </trkpt>
      <trkpt lat="48.939551" lon="13.927123">
      </trkpt>
      <trkpt lat="48.939584" lon="13.926272">
      </trkpt>
      <trkpt lat="48.939612" lon="13.925213">
      </trkpt>
      <trkpt lat="48.936018" lon="13.925006">
      </trkpt>
      <trkpt lat="48.929532" lon="13.924943">
      </trkpt>
      <trkpt lat="48.926617" lon="13.922435">
      </trkpt>
      <trkpt lat="48.925022" lon="13.918988">
      </trkpt>
      <trkpt lat="48.92436" lon="13.918272">
      </trkpt>
      <trkpt lat="48.923689" lon="13.917935">
      </trkpt>
      <trkpt lat="48.920679" lon="13.920098">
      </trkpt>
      <trkpt lat="48.920821" lon="13.920306">
      </trkpt>
      <trkpt lat="48.923339" lon="13.923923">
      </trkpt>
      <trkpt lat="48.923699" lon="13.924591">
      </trkpt>
      <trkpt lat="48.925376" lon="13.927233">
      </trkpt>
      <trkpt lat="48.926671" lon="13.928295">
      </trkpt>
      <trkpt lat="48.927492" lon="13.928779">
      </trkpt>
      <trkpt lat="48.929393" lon="13.929685">
      </trkpt>
      <trkpt lat="48.932" lon="13.931354">
      </trkpt>
      <trkpt lat="48.933338" lon="13.933069">
      </trkpt>
      <trkpt lat="48.933946" lon="13.933896">
      </trkpt>
      <trkpt lat="48.934551" lon="13.934518">
      </trkpt>
      <trkpt lat="48.936466" lon="13.936168">
      </trkpt>
      <trkpt lat="48.938302" lon="13.937745">
      </trkpt>
      <trkpt lat="48.940137" lon="13.939322">
      </trkpt>
      <trkpt lat="48.941972" lon="13.940899">
      </trkpt>
      <trkpt lat="48.942469" lon="13.941243">
      </trkpt>
      <trkpt lat="48.945642" lon="13.942687">
      </trkpt>
      <trkpt lat="48.947337" lon="13.94353">
      </trkpt>
      <trkpt lat="48.94987" lon="13.947833">
      </trkpt>
      <trkpt lat="48.94223" lon="13.952483">
      </trkpt>
      <trkpt lat="48.939079" lon="13.950097">
      </trkpt>
      <trkpt lat="48.937153" lon="13.948925">
      </trkpt>
      <trkpt lat="48.935494" lon="13.950428">
      </trkpt>
      <trkpt lat="48.928069" lon="13.945607">
      </trkpt>
      <trkpt lat="48.928084" lon="13.944913">
      </trkpt>
      <trkpt lat="48.928006" lon="13.944287">
      </trkpt>
      <trkpt lat="48.927782" lon="13.94343">
      </trkpt>
      <trkpt lat="48.927325" lon="13.942391">
      </trkpt>
      <trkpt lat="48.927029" lon="13.941952">
      </trkpt>
      <trkpt lat="48.926681" lon="13.941368">
      </trkpt>
      <trkpt lat="48.926385" lon="13.940769">
      </trkpt>
      <trkpt lat="48.92599" lon="13.940098">
      </trkpt>
      <trkpt lat="48.922887" lon="13.941923">
      </trkpt>
      <trkpt lat="48.923274" lon="13.946702">
      </trkpt>
      <trkpt lat="48.916862" lon="13.952931">
      </trkpt>
      <trkpt lat="48.917062" lon="13.95343">
      </trkpt>
      <trkpt lat="48.917891" lon="13.958431">
      </trkpt>
      <trkpt lat="48.921406" lon="13.959208">
      </trkpt>
      <trkpt lat="48.928379" lon="13.962862">
      </trkpt>
      <trkpt lat="48.928545" lon="13.967852">
      </trkpt>
      <trkpt lat="48.928936" lon="13.969638">
      </trkpt>
      <trkpt lat="48.929118" lon="13.971081">
      </trkpt>
      <trkpt lat="48.929154" lon="13.972102">
      </trkpt>
      <trkpt lat="48.929282" lon="13.973119">
      </trkpt>
      <trkpt lat="48.922958" lon="13.979282">
      </trkpt>
      <trkpt lat="48.921718" lon="13.978802">
      </trkpt>
      <trkpt lat="48.920448" lon="13.978691">
      </trkpt>
      <trkpt lat="48.919725" lon="13.97856">
      </trkpt>
      <trkpt lat="48.914098" lon="13.971584">
      </trkpt>
      <trkpt lat="48.914066" lon="13.969728">
      </trkpt>
      <trkpt lat="48.913229" lon="13.96809">
      </trkpt>
      <trkpt lat="48.908001" lon="13.965792">
      </trkpt>
      <trkpt lat="48.90669" lon="13.964583">
      </trkpt>
      <trkpt lat="48.904577" lon="13.963931">
      </trkpt>
      <trkpt lat="48.903151" lon="13.964302">
      </trkpt>
      <trkpt lat="48.902471" lon="13.966786">
      </trkpt>
      <trkpt lat="48.905028" lon="13.974378">
      </trkpt>
      <trkpt lat="48.901685" lon="13.979222">
      </trkpt>
      <trkpt lat="48.901051" lon="13.97977">
      </trkpt>
      <trkpt lat="48.900769" lon="13.980097">
      </trkpt>
      <trkpt lat="48.900461" lon="13.980597">
      </trkpt>
      <trkpt lat="48.898159" lon="13.985004">
      </trkpt>
      <trkpt lat="48.897855" lon="13.985634">
      </trkpt>
      <trkpt lat="48.897453" lon="13.986936">
      </trkpt>
      <trkpt lat="48.889935" lon="13.989937">
      </trkpt>
      <trkpt lat="48.884227" lon="13.991094">
      </trkpt>
      <trkpt lat="48.882437" lon="13.991127">
      </trkpt>
      <trkpt lat="48.878234" lon="13.989668">
      </trkpt>
      <trkpt lat="48.874835" lon="13.983108">
      </trkpt>
      <trkpt lat="48.871419" lon="13.981973">
      </trkpt>
      <trkpt lat="48.870921" lon="13.983474">
      </trkpt>
      <trkpt lat="48.86987" lon="13.988094">
      </trkpt>
      <trkpt lat="48.869582" lon="13.989729">
      </trkpt>
      <trkpt lat="48.86919" lon="13.992508">
      </trkpt>
      <trkpt lat="48.873437" lon="13.999561">
      </trkpt>
      <trkpt lat="48.873269" lon="14.001135">
      </trkpt>
      <trkpt lat="48.873239" lon="14.00185">
      </trkpt>
      <trkpt lat="48.87271" lon="14.005116">
      </trkpt>
      <trkpt lat="48.872076" lon="14.00708">
      </trkpt>
      <trkpt lat="48.871996" lon="14.007559">
      </trkpt>
      <trkpt lat="48.871938" lon="14.008145">
      </trkpt>
      <trkpt lat="48.871917" lon="14.009015">
      </trkpt>
      <trkpt lat="48.871893" lon="14.010064">
      </trkpt>
      <trkpt lat="48.871926" lon="14.010578">
      </trkpt>
      <trkpt lat="48.871957" lon="14.01416">
      </trkpt>
      <trkpt lat="48.875519" lon="14.014681">
      </trkpt>
      <trkpt lat="48.883476" lon="14.0179">
      </trkpt>
      <trkpt lat="48.882698" lon="14.020591">
      </trkpt>
      <trkpt lat="48.882478" lon="14.021083">
      </trkpt>
      <trkpt lat="48.882325" lon="14.02165">
      </trkpt>
      <trkpt lat="48.882245" lon="14.022223">
      </trkpt>
      <trkpt lat="48.882176" lon="14.027155">
      </trkpt>
      <trkpt lat="48.881892" lon="14.028123">
      </trkpt>
      <trkpt lat="48.882202" lon="14.03192">
      </trkpt>
      <trkpt lat="48.882432" lon="14.034396">
      </trkpt>
      <trkpt lat="48.882501" lon="14.034827">
      </trkpt>
      <trkpt lat="48.883763" lon="14.038115">
      </trkpt>
      <trkpt lat="48.884911" lon="14.042532">
      </trkpt>
      <trkpt lat="48.885071" lon="14.044469">
      </trkpt>
      <trkpt lat="48.88502" lon="14.046111">
      </trkpt>
      <trkpt lat="48.884071" lon="14.05065">
      </trkpt>
      <trkpt lat="48.883807" lon="14.051202">
      </trkpt>
      <trkpt lat="48.883068" lon="14.053041">
      </trkpt>
      <trkpt lat="48.884311" lon="14.057491">
      </trkpt>
      <trkpt lat="48.881969" lon="14.062313">
      </trkpt>
      <trkpt lat="48.881558" lon="14.065356">
      </trkpt>
      <trkpt lat="48.88146" lon="14.065749">
      </trkpt>
      <trkpt lat="48.881416" lon="14.065975">
      </trkpt>
      <trkpt lat="48.881413" lon="14.066163">
      </trkpt>
      <trkpt lat="48.88144" lon="14.066302">
      </trkpt>
      <trkpt lat="48.88471" lon="14.072322">
      </trkpt>
      <trkpt lat="48.890425" lon="14.079126">
      </trkpt>
      <trkpt lat="48.89064" lon="14.080247">
      </trkpt>
      <trkpt lat="48.891832" lon="14.082268">
      </trkpt>
      <trkpt lat="48.892804" lon="14.083793">
      </trkpt>
      <trkpt lat="48.89348" lon="14.087166">
      </trkpt>
      <trkpt lat="48.887856" lon="14.092442">
      </trkpt>
      <trkpt lat="48.88652" lon="14.092782">
      </trkpt>
      <trkpt lat="48.886035" lon="14.093104">
      </trkpt>
      <trkpt lat="48.885375" lon="14.09363">
      </trkpt>
      <trkpt lat="48.884557" lon="14.094302">
      </trkpt>
      <trkpt lat="48.884233" lon="14.094573">
      </trkpt>
      <trkpt lat="48.882626" lon="14.095823">
      </trkpt>
      <trkpt lat="48.882635" lon="14.095905">
      </trkpt>
      <trkpt lat="48.884716" lon="14.098843">
      </trkpt>
      <trkpt lat="48.890268" lon="14.097888">
      </trkpt>
      <trkpt lat="48.891367" lon="14.098141">
      </trkpt>
      <trkpt lat="48.895863" lon="14.105602">
      </trkpt>
      <trkpt lat="48.896037" lon="14.109198">
      </trkpt>
      <trkpt lat="48.897267" lon="14.11059">
      </trkpt>
      <trkpt lat="48.897803" lon="14.111231">
      </trkpt>
      <trkpt lat="48.897927" lon="14.111327">
      </trkpt>
      <trkpt lat="48.899394" lon="14.110389">
      </trkpt>
      <trkpt lat="48.900984" lon="14.109547">
      </trkpt>
      <trkpt lat="48.909829" lon="14.110454">
      </trkpt>
      <trkpt lat="48.90997" lon="14.110992">
      </trkpt>
      <trkpt lat="48.910214" lon="14.111618">
      </trkpt>
      <trkpt lat="48.910534" lon="14.112189">
      </trkpt>
      <trkpt lat="48.910938" lon="14.112691">
      </trkpt>
      <trkpt lat="48.912875" lon="14.116295">
      </trkpt>
      <trkpt lat="48.913028" lon="14.116811">
      </trkpt>
      <trkpt lat="48.913497" lon="14.11787">
      </trkpt>
      <trkpt lat="48.913961" lon="14.118571">
      </trkpt>
      <trkpt lat="48.915362" lon="14.121983">
      </trkpt>
      <trkpt lat="48.915466" lon="14.123428">
      </trkpt>
      <trkpt lat="48.912931" lon="14.129035">
      </trkpt>
      <trkpt lat="48.909001" lon="14.130514">
      </trkpt>
      <trkpt lat="48.909679" lon="14.132385">
      </trkpt>
      <trkpt lat="48.90908" lon="14.136">
      </trkpt>
      <trkpt lat="48.900716" lon="14.135382">
      </trkpt>
      <trkpt lat="48.898407" lon="14.132661">
      </trkpt>
      <trkpt lat="48.89093" lon="14.128037">
      </trkpt>
      <trkpt lat="48.890766" lon="14.127621">
      </trkpt>
      <trkpt lat="48.890002" lon="14.126758">
      </trkpt>
      <trkpt lat="48.889062" lon="14.125991">
      </trkpt>
      <trkpt lat="48.888195" lon="14.12531">
      </trkpt>
      <trkpt lat="48.88667" lon="14.123815">
      </trkpt>
      <trkpt lat="48.8857" lon="14.122921">
      </trkpt>
      <trkpt lat="48.883366" lon="14.120352">
      </trkpt>
      <trkpt lat="48.881737" lon="14.119894">
      </trkpt>
      <trkpt lat="48.874027" lon="14.115918">
      </trkpt>
      <trkpt lat="48.873873" lon="14.115171">
      </trkpt>
      <trkpt lat="48.873517" lon="14.114023">
      </trkpt>
      <trkpt lat="48.871978" lon="14.105909">
      </trkpt>
      <trkpt lat="48.871727" lon="14.103626">
      </trkpt>
      <trkpt lat="48.871067" lon="14.102117">
      </trkpt>
      <trkpt lat="48.870897" lon="14.101742">
      </trkpt>
      <trkpt lat="48.870456" lon="14.101119">
      </trkpt>
      <trkpt lat="48.869436" lon="14.094994">
      </trkpt>
      <trkpt lat="48.869722" lon="14.093556">
      </trkpt>
      <trkpt lat="48.869658" lon="14.091964">
      </trkpt>
      <trkpt lat="48.869693" lon="14.088578">
      </trkpt>
      <trkpt lat="48.870026" lon="14.08542">
      </trkpt>
      <trkpt lat="48.870012" lon="14.084095">
      </trkpt>
      <trkpt lat="48.869776" lon="14.082373">
      </trkpt>
      <trkpt lat="48.869346" lon="14.080621">
      </trkpt>
      <trkpt lat="48.868918" lon="14.078881">
      </trkpt>
      <trkpt lat="48.868355" lon="14.07651">
      </trkpt>
      <trkpt lat="48.867795" lon="14.074152">
      </trkpt>
      <trkpt lat="48.867342" lon="14.07218">
      </trkpt>
      <trkpt lat="48.866855" lon="14.070081">
      </trkpt>
      <trkpt lat="48.86651" lon="14.068999">
      </trkpt>
      <trkpt lat="48.865826" lon="14.067402">
      </trkpt>
      <trkpt lat="48.864902" lon="14.065302">
      </trkpt>
      <trkpt lat="48.864541" lon="14.063903">
      </trkpt>
      <trkpt lat="48.864409" lon="14.063052">
      </trkpt>
      <trkpt lat="48.864209" lon="14.060816">
      </trkpt>
      <trkpt lat="48.863469" lon="14.057867">
      </trkpt>
      <trkpt lat="48.863584" lon="14.054739">
      </trkpt>
      <trkpt lat="48.863753" lon="14.053811">
      </trkpt>
      <trkpt lat="48.863822" lon="14.052796">
      </trkpt>
      <trkpt lat="48.864628" lon="14.049812">
      </trkpt>
      <trkpt lat="48.864715" lon="14.049045">
      </trkpt>
      <trkpt lat="48.864702" lon="14.048826">
      </trkpt>
      <trkpt lat="48.864563" lon="14.048166">
      </trkpt>
      <trkpt lat="48.864365" lon="14.046765">
      </trkpt>
      <trkpt lat="48.864214" lon="14.045584">
      </trkpt>
      <trkpt lat="48.864369" lon="14.042674">
      </trkpt>
      <trkpt lat="48.864458" lon="14.041729">
      </trkpt>
      <trkpt lat="48.864688" lon="14.039885">
      </trkpt>
      <trkpt lat="48.864736" lon="14.039095">
      </trkpt>
      <trkpt lat="48.864731" lon="14.037781">
      </trkpt>
      <trkpt lat="48.861131" lon="14.037797">
      </trkpt>
      <trkpt lat="48.860887" lon="14.041277">
      </trkpt>
      <trkpt lat="48.860676" lon="14.043013">
      </trkpt>
      <trkpt lat="48.860517" lon="14.044248">
      </trkpt>
      <trkpt lat="48.860536" lon="14.045129">
      </trkpt>
      <trkpt lat="48.856754" lon="14.052679">
      </trkpt>
      <trkpt lat="48.855841" lon="14.053344">
      </trkpt>
      <trkpt lat="48.857959" lon="14.056255">
      </trkpt>
      <trkpt lat="48.860981" lon="14.064437">
      </trkpt>
      <trkpt lat="48.861411" lon="14.06618">
      </trkpt>
      <trkpt lat="48.862517" lon="14.06882">
      </trkpt>
      <trkpt lat="48.863833" lon="14.072986">
      </trkpt>
      <trkpt lat="48.864286" lon="14.074958">
      </trkpt>
      <trkpt lat="48.864852" lon="14.077342">
      </trkpt>
      <trkpt lat="48.865416" lon="14.079714">
      </trkpt>
      <trkpt lat="48.866114" lon="14.088188">
      </trkpt>
      <trkpt lat="48.865908" lon="14.094278">
      </trkpt>
      <trkpt lat="48.865408" lon="14.097301">
      </trkpt>
      <trkpt lat="48.865364" lon="14.09821">
      </trkpt>
      <trkpt lat="48.865415" lon="14.099059">
      </trkpt>
      <trkpt lat="48.86594" lon="14.101404">
      </trkpt>
      <trkpt lat="48.866856" lon="14.107539">
      </trkpt>
      <trkpt lat="48.8667" lon="14.109043">
      </trkpt>
      <trkpt lat="48.866959" lon="14.110431">
      </trkpt>
      <trkpt lat="48.867879" lon="14.112836">
      </trkpt>
      <trkpt lat="48.868201" lon="14.113596">
      </trkpt>
      <trkpt lat="48.868586" lon="14.114199">
      </trkpt>
      <trkpt lat="48.870629" lon="14.118899">
      </trkpt>
      <trkpt lat="48.870666" lon="14.119934">
      </trkpt>
      <trkpt lat="48.870756" lon="14.120742">
      </trkpt>
      <trkpt lat="48.87086" lon="14.121223">
      </trkpt>
      <trkpt lat="48.871665" lon="14.122518">
      </trkpt>
      <trkpt lat="48.872343" lon="14.123101">
      </trkpt>
      <trkpt lat="48.873851" lon="14.1239">
      </trkpt>
      <trkpt lat="48.876634" lon="14.126596">
      </trkpt>
      <trkpt lat="48.878108" lon="14.127579">
      </trkpt>
      <trkpt lat="48.879492" lon="14.127362">
      </trkpt>
      <trkpt lat="48.885971" lon="14.128217">
      </trkpt>
      <trkpt lat="48.887994" lon="14.13085">
      </trkpt>
      <trkpt lat="48.888488" lon="14.131979">
      </trkpt>
      <trkpt lat="48.888654" lon="14.132502">
      </trkpt>
      <trkpt lat="48.889686" lon="14.136519">
      </trkpt>
      <trkpt lat="48.889676" lon="14.138077">
      </trkpt>
      <trkpt lat="48.889694" lon="14.138486">
      </trkpt>
      <trkpt lat="48.882775" lon="14.144161">
      </trkpt>
      <trkpt lat="48.881927" lon="14.143963">
      </trkpt>
      <trkpt lat="48.88169" lon="14.143964">
      </trkpt>
      <trkpt lat="48.880097" lon="14.143871">
      </trkpt>
      <trkpt lat="48.878905" lon="14.143684">
      </trkpt>
      <trkpt lat="48.878394" lon="14.143773">
      </trkpt>
      <trkpt lat="48.879016" lon="14.147305">
      </trkpt>
      <trkpt lat="48.881383" lon="14.147551">
      </trkpt>
      <trkpt lat="48.882577" lon="14.147929">
      </trkpt>
      <trkpt lat="48.883257" lon="14.148162">
      </trkpt>
      <trkpt lat="48.885459" lon="14.148675">
      </trkpt>
      <trkpt lat="48.889842" lon="14.153901">
      </trkpt>
      <trkpt lat="48.885854" lon="14.161881">
      </trkpt>
      <trkpt lat="48.881854" lon="14.163667">
      </trkpt>
      <trkpt lat="48.881014" lon="14.164449">
      </trkpt>
      <trkpt lat="48.87737" lon="14.166871">
      </trkpt>
      <trkpt lat="48.869791" lon="14.164877">
      </trkpt>
      <trkpt lat="48.868797" lon="14.162644">
      </trkpt>
      <trkpt lat="48.867338" lon="14.160212">
      </trkpt>
      <trkpt lat="48.865641" lon="14.156812">
      </trkpt>
      <trkpt lat="48.865492" lon="14.156116">
      </trkpt>
      <trkpt lat="48.865255" lon="14.155134">
      </trkpt>
      <trkpt lat="48.864817" lon="14.154053">
      </trkpt>
      <trkpt lat="48.863582" lon="14.151132">
      </trkpt>
      <trkpt lat="48.863033" lon="14.150082">
      </trkpt>
      <trkpt lat="48.862009" lon="14.146641">
      </trkpt>
      <trkpt lat="48.862292" lon="14.143094">
      </trkpt>
      <trkpt lat="48.862705" lon="14.141873">
      </trkpt>
      <trkpt lat="48.862786" lon="14.14121">
      </trkpt>
      <trkpt lat="48.86276" lon="14.140672">
      </trkpt>
      <trkpt lat="48.861167" lon="14.137251">
      </trkpt>
      <trkpt lat="48.858988" lon="14.134574">
      </trkpt>
      <trkpt lat="48.858615" lon="14.133862">
      </trkpt>
      <trkpt lat="48.857672" lon="14.131725">
      </trkpt>
      <trkpt lat="48.857291" lon="14.131122">
      </trkpt>
      <trkpt lat="48.855955" lon="14.127637">
      </trkpt>
      <trkpt lat="48.855826" lon="14.127028">
      </trkpt>
      <trkpt lat="48.855564" lon="14.12636">
      </trkpt>
      <trkpt lat="48.85509" lon="14.123679">
      </trkpt>
      <trkpt lat="48.854828" lon="14.122529">
      </trkpt>
      <trkpt lat="48.854674" lon="14.121164">
      </trkpt>
      <trkpt lat="48.854504" lon="14.120377">
      </trkpt>
      <trkpt lat="48.854206" lon="14.119791">
      </trkpt>
      <trkpt lat="48.850754" lon="14.12085">
      </trkpt>
      <trkpt lat="48.851298" lon="14.123237">
      </trkpt>
      <trkpt lat="48.85158" lon="14.124479">
      </trkpt>
      <trkpt lat="48.852018" lon="14.126984">
      </trkpt>
      <trkpt lat="48.852308" lon="14.129379">
      </trkpt>
      <trkpt lat="48.85236" lon="14.130036">
      </trkpt>
      <trkpt lat="48.852495" lon="14.130777">
      </trkpt>
      <trkpt lat="48.852847" lon="14.131571">
      </trkpt>
      <trkpt lat="48.853312" lon="14.132147">
      </trkpt>
      <trkpt lat="48.855014" lon="14.134916">
      </trkpt>
      <trkpt lat="48.855804" lon="14.136599">
      </trkpt>
      <trkpt lat="48.856039" lon="14.137161">
      </trkpt>
      <trkpt lat="48.856432" lon="14.137778">
      </trkpt>
      <trkpt lat="48.857374" lon="14.139149">
      </trkpt>
      <trkpt lat="48.858241" lon="14.144273">
      </trkpt>
      <trkpt lat="48.85288" lon="14.150498">
      </trkpt>
      <trkpt lat="48.851947" lon="14.150888">
      </trkpt>
      <trkpt lat="48.843449" lon="14.151216">
      </trkpt>
      <trkpt lat="48.842073" lon="14.149894">
      </trkpt>
      <trkpt lat="48.840187" lon="14.148925">
      </trkpt>
      <trkpt lat="48.837557" lon="14.151383">
      </trkpt>
      <trkpt lat="48.83824" lon="14.152115">
      </trkpt>
      <trkpt lat="48.841269" lon="14.155301">
      </trkpt>
      <trkpt lat="48.842398" lon="14.15626">
      </trkpt>
      <trkpt lat="48.843899" lon="14.156606">
      </trkpt>
      <trkpt lat="48.844388" lon="14.156732">
      </trkpt>
      <trkpt lat="48.845303" lon="14.157073">
      </trkpt>
      <trkpt lat="48.846989" lon="14.157568">
      </trkpt>
      <trkpt lat="48.848132" lon="14.158063">
      </trkpt>
      <trkpt lat="48.849001" lon="14.158001">
      </trkpt>
      <trkpt lat="48.849805" lon="14.157587">
      </trkpt>
      <trkpt lat="48.851237" lon="14.156751">
      </trkpt>
      <trkpt lat="48.8559" lon="14.155305">
      </trkpt>
      <trkpt lat="48.862612" lon="14.159224">
      </trkpt>
      <trkpt lat="48.864252" lon="14.162065">
      </trkpt>
      <trkpt lat="48.864368" lon="14.170367">
      </trkpt>
      <trkpt lat="48.863407" lon="14.171665">
      </trkpt>
      <trkpt lat="48.862355" lon="14.173045">
      </trkpt>
      <trkpt lat="48.862094" lon="14.173335">
      </trkpt>
      <trkpt lat="48.85519" lon="14.177084">
      </trkpt>
      <trkpt lat="48.851665" lon="14.176463">
      </trkpt>
      <trkpt lat="48.851245" lon="14.177595">
      </trkpt>
      <trkpt lat="48.850758" lon="14.178409">
      </trkpt>
      <trkpt lat="48.842147" lon="14.177301">
      </trkpt>
      <trkpt lat="48.841579" lon="14.174896">
      </trkpt>
      <trkpt lat="48.841695" lon="14.173828">
      </trkpt>
      <trkpt lat="48.841784" lon="14.173429">
      </trkpt>
      <trkpt lat="48.841986" lon="14.172151">
      </trkpt>
      <trkpt lat="48.842372" lon="14.169929">
      </trkpt>
      <trkpt lat="48.84242" lon="14.169503">
      </trkpt>
      <trkpt lat="48.842413" lon="14.169385">
      </trkpt>
      <trkpt lat="48.840431" lon="14.168257">
      </trkpt>
      <trkpt lat="48.840278" lon="14.168163">
      </trkpt>
      <trkpt lat="48.839731" lon="14.168002">
      </trkpt>
      <trkpt lat="48.838856" lon="14.168828">
      </trkpt>
      <trkpt lat="48.838801" lon="14.169478">
      </trkpt>
      <trkpt lat="48.83844" lon="14.171531">
      </trkpt>
      <trkpt lat="48.83798" lon="14.173622">
      </trkpt>
      <trkpt lat="48.837876" lon="14.174043">
      </trkpt>
      <trkpt lat="48.837822" lon="14.17447">
      </trkpt>
      <trkpt lat="48.837855" lon="14.175033">
      </trkpt>
      <trkpt lat="48.838175" lon="14.176068">
      </trkpt>
      <trkpt lat="48.838641" lon="14.178115">
      </trkpt>
      <trkpt lat="48.838794" lon="14.183284">
      </trkpt>
      <trkpt lat="48.838579" lon="14.183874">
      </trkpt>
      <trkpt lat="48.838316" lon="14.185091">
      </trkpt>
      <trkpt lat="48.838048" lon="14.18604">
      </trkpt>
      <trkpt lat="48.837635" lon="14.187973">
      </trkpt>
      <trkpt lat="48.83758" lon="14.188297">
      </trkpt>
      <trkpt lat="48.837548" lon="14.188727">
      </trkpt>
      <trkpt lat="48.829396" lon="14.191898">
      </trkpt>
      <trkpt lat="48.828232" lon="14.189395">
      </trkpt>
      <trkpt lat="48.827498" lon="14.188692">
      </trkpt>
      <trkpt lat="48.825028" lon="14.184616">
      </trkpt>
      <trkpt lat="48.824985" lon="14.184566">
      </trkpt>
      <trkpt lat="48.824451" lon="14.184411">
      </trkpt>
      <trkpt lat="48.823403" lon="14.184248">
      </trkpt>
      <trkpt lat="48.821974" lon="14.184457">
      </trkpt>
      <trkpt lat="48.821187" lon="14.184807">
      </trkpt>
      <trkpt lat="48.82184" lon="14.186531">
      </trkpt>
      <trkpt lat="48.823177" lon="14.189208">
      </trkpt>
      <trkpt lat="48.823417" lon="14.190146">
      </trkpt>
      <trkpt lat="48.82458" lon="14.191189">
      </trkpt>
      <trkpt lat="48.826099" lon="14.193344">
      </trkpt>
      <trkpt lat="48.827211" lon="14.195576">
      </trkpt>
      <trkpt lat="48.827321" lon="14.199267">
      </trkpt>
      <trkpt lat="48.818743" lon="14.201828">
      </trkpt>
      <trkpt lat="48.816619" lon="14.199372">
      </trkpt>
      <trkpt lat="48.816381" lon="14.198845">
      </trkpt>
      <trkpt lat="48.815857" lon="14.198017">
      </trkpt>
      <trkpt lat="48.815208" lon="14.197075">
      </trkpt>
      <trkpt lat="48.814536" lon="14.195698">
      </trkpt>
      <trkpt lat="48.814175" lon="14.194802">
      </trkpt>
      <trkpt lat="48.813538" lon="14.192085">
      </trkpt>
      <trkpt lat="48.813462" lon="14.191665">
      </trkpt>
      <trkpt lat="48.813342" lon="14.190417">
      </trkpt>
      <trkpt lat="48.813239" lon="14.189864">
      </trkpt>
      <trkpt lat="48.812952" lon="14.189022">
      </trkpt>
      <trkpt lat="48.81266" lon="14.188516">
      </trkpt>
      <trkpt lat="48.811996" lon="14.187811">
      </trkpt>
      <trkpt lat="48.809503" lon="14.184005">
      </trkpt>
      <trkpt lat="48.809384" lon="14.183428">
      </trkpt>
      <trkpt lat="48.809173" lon="14.18184">
      </trkpt>
      <trkpt lat="48.808994" lon="14.180835">
      </trkpt>
      <trkpt lat="48.808934" lon="14.180465">
      </trkpt>
      <trkpt lat="48.808871" lon="14.17907">
      </trkpt>
      <trkpt lat="48.80878" lon="14.177787">
      </trkpt>
      <trkpt lat="48.808768" lon="14.177195">
      </trkpt>
      <trkpt lat="48.808879" lon="14.175211">
      </trkpt>
      <trkpt lat="48.812203" lon="14.167534">
      </trkpt>
      <trkpt lat="48.812106" lon="14.167068">
      </trkpt>
      <trkpt lat="48.81182" lon="14.166396">
      </trkpt>
      <trkpt lat="48.811386" lon="14.165869">
      </trkpt>
      <trkpt lat="48.806837" lon="14.160844">
      </trkpt>
      <trkpt lat="48.805607" lon="14.159008">
      </trkpt>
      <trkpt lat="48.804387" lon="14.157188">
      </trkpt>
      <trkpt lat="48.80191" lon="14.152695">
      </trkpt>
      <trkpt lat="48.800814" lon="14.150007">
      </trkpt>
      <trkpt lat="48.802751" lon="14.143332">
      </trkpt>
      <trkpt lat="48.805143" lon="14.136159">
      </trkpt>
      <trkpt lat="48.806058" lon="14.134483">
      </trkpt>
      <trkpt lat="48.807246" lon="14.132214">
      </trkpt>
      <trkpt lat="48.808154" lon="14.130519">
      </trkpt>
      <trkpt lat="48.809252" lon="14.128546">
      </trkpt>
      <trkpt lat="48.810593" lon="14.12664">
      </trkpt>
      <trkpt lat="48.812046" lon="14.12457">
      </trkpt>
      <trkpt lat="48.815978" lon="14.119929">
      </trkpt>
      <trkpt lat="48.817763" lon="14.117875">
      </trkpt>
      <trkpt lat="48.819107" lon="14.11626">
      </trkpt>
      <trkpt lat="48.81948" lon="14.115716">
      </trkpt>
      <trkpt lat="48.81973" lon="14.115099">
      </trkpt>
      <trkpt lat="48.820239" lon="14.113303">
      </trkpt>
      <trkpt lat="48.820815" lon="14.110791">
      </trkpt>
      <trkpt lat="48.817402" lon="14.109646">
      </trkpt>
      <trkpt lat="48.817177" lon="14.110317">
      </trkpt>
      <trkpt lat="48.816995" lon="14.110808">
      </trkpt>
      <trkpt lat="48.816761" lon="14.111692">
      </trkpt>
      <trkpt lat="48.814997" lon="14.115571">
      </trkpt>
      <trkpt lat="48.813261" lon="14.117568">
      </trkpt>
      <trkpt lat="48.810954" lon="14.119726">
      </trkpt>
      <trkpt lat="48.803881" lon="14.116003">
      </trkpt>
      <trkpt lat="48.803928" lon="14.113705">
      </trkpt>
      <trkpt lat="48.803944" lon="14.112968">
      </trkpt>
      <trkpt lat="48.803925" lon="14.112378">
      </trkpt>
      <trkpt lat="48.803836" lon="14.111795">
      </trkpt>
      <trkpt lat="48.802854" lon="14.108249">
      </trkpt>
      <trkpt lat="48.801925" lon="14.104967">
      </trkpt>
      <trkpt lat="48.801832" lon="14.103721">
      </trkpt>
      <trkpt lat="48.801817" lon="14.10316">
      </trkpt>
      <trkpt lat="48.801824" lon="14.102579">
      </trkpt>
      <trkpt lat="48.802265" lon="14.098771">
      </trkpt>
      <trkpt lat="48.809997" lon="14.095012">
      </trkpt>
      <trkpt lat="48.810546" lon="14.094883">
      </trkpt>
      <trkpt lat="48.811107" lon="14.094645">
      </trkpt>
      <trkpt lat="48.814136" lon="14.092951">
      </trkpt>
      <trkpt lat="48.812378" lon="14.089809">
      </trkpt>
      <trkpt lat="48.806276" lon="14.091433">
      </trkpt>
      <trkpt lat="48.801873" lon="14.088288">
      </trkpt>
      <trkpt lat="48.800115" lon="14.083858">
      </trkpt>
      <trkpt lat="48.799306" lon="14.08308">
      </trkpt>
      <trkpt lat="48.798204" lon="14.082488">
      </trkpt>
      <trkpt lat="48.797458" lon="14.082334">
      </trkpt>
      <trkpt lat="48.796586" lon="14.082309">
      </trkpt>
      <trkpt lat="48.791688" lon="14.081031">
      </trkpt>
      <trkpt lat="48.790876" lon="14.082638">
      </trkpt>
      <trkpt lat="48.790065" lon="14.084244">
      </trkpt>
      <trkpt lat="48.781883" lon="14.081096">
      </trkpt>
      <trkpt lat="48.78219" lon="14.079857">
      </trkpt>
      <trkpt lat="48.782274" lon="14.079325">
      </trkpt>
      <trkpt lat="48.782308" lon="14.079161">
      </trkpt>
      <trkpt lat="48.783391" lon="14.076225">
      </trkpt>
      <trkpt lat="48.784895" lon="14.072209">
      </trkpt>
      <trkpt lat="48.78543" lon="14.069905">
      </trkpt>
      <trkpt lat="48.784513" lon="14.063703">
      </trkpt>
      <trkpt lat="48.782181" lon="14.061528">
      </trkpt>
      <trkpt lat="48.781569" lon="14.061121">
      </trkpt>
      <trkpt lat="48.779785" lon="14.059992">
      </trkpt>
      <trkpt lat="48.778444" lon="14.058972">
      </trkpt>
      <trkpt lat="48.777775" lon="14.058544">
      </trkpt>
      <trkpt lat="48.775834" lon="14.061576">
      </trkpt>
      <trkpt lat="48.779969" lon="14.069002">
      </trkpt>
      <trkpt lat="48.780323" lon="14.072473">
      </trkpt>
      <trkpt lat="48.779056" lon="14.077617">
      </trkpt>
      <trkpt lat="48.778841" lon="14.078243">
      </trkpt>
      <trkpt lat="48.77865" lon="14.079204">
      </trkpt>
      <trkpt lat="48.778386" lon="14.080198">
      </trkpt>
      <trkpt lat="48.778318" lon="14.080597">
      </trkpt>
      <trkpt lat="48.778037" lon="14.082645">
      </trkpt>
      <trkpt lat="48.77786" lon="14.083244">
      </trkpt>
      <trkpt lat="48.76938" lon="14.083953">
      </trkpt>
      <trkpt lat="48.769278" lon="14.080355">
      </trkpt>
      <trkpt lat="48.767665" lon="14.077094">
      </trkpt>
      <trkpt lat="48.767555" lon="14.076068">
      </trkpt>
      <trkpt lat="48.765595" lon="14.075503">
      </trkpt>
      <trkpt lat="48.757278" lon="14.073775">
      </trkpt>
      <trkpt lat="48.756162" lon="14.071484">
      </trkpt>
      <trkpt lat="48.755877" lon="14.06758">
      </trkpt>
      <trkpt lat="48.754194" lon="14.062173">
      </trkpt>
      <trkpt lat="48.754179" lon="14.061534">
      </trkpt>
      <trkpt lat="48.755643" lon="14.055379">
      </trkpt>
      <trkpt lat="48.755863" lon="14.048661">
      </trkpt>
      <trkpt lat="48.756064" lon="14.048142">
      </trkpt>
      <trkpt lat="48.756168" lon="14.047803">
      </trkpt>
      <trkpt lat="48.756292" lon="14.047262">
      </trkpt>
      <trkpt lat="48.756405" lon="14.046387">
      </trkpt>
      <trkpt lat="48.756465" lon="14.045028">
      </trkpt>
      <trkpt lat="48.765217" lon="14.0432">
      </trkpt>
      <trkpt lat="48.765909" lon="14.043524">
      </trkpt>
      <trkpt lat="48.768991" lon="14.046534">
      </trkpt>
      <trkpt lat="48.772583" lon="14.046301">
      </trkpt>
      <trkpt lat="48.775909" lon="14.039744">
      </trkpt>
      <trkpt lat="48.778005" lon="14.036817">
      </trkpt>
      <trkpt lat="48.777116" lon="14.03618">
      </trkpt>
      <trkpt lat="48.775946" lon="14.035383">
      </trkpt>
      <trkpt lat="48.77259" lon="14.031762">
      </trkpt>
      <trkpt lat="48.774352" lon="14.026168">
      </trkpt>
      <trkpt lat="48.77438" lon="14.026099">
      </trkpt>
      <trkpt lat="48.779069" lon="14.020146">
      </trkpt>
      <trkpt lat="48.780424" lon="14.017262">
      </trkpt>
      <trkpt lat="48.780531" lon="14.01693">
      </trkpt>
      <trkpt lat="48.780116" lon="14.015523">
      </trkpt>
      <trkpt lat="48.779813" lon="14.015289">
      </trkpt>
      <trkpt lat="48.775851" lon="14.015408">
      </trkpt>
      <trkpt lat="48.775156" lon="14.015497">
      </trkpt>
      <trkpt lat="48.76902" lon="14.018691">
      </trkpt>
      <trkpt lat="48.761545" lon="14.019065">
      </trkpt>
      <trkpt lat="48.758133" lon="14.020211">
      </trkpt>
      <trkpt lat="48.758582" lon="14.021549">
      </trkpt>
      <trkpt lat="48.759508" lon="14.02451">
      </trkpt>
      <trkpt lat="48.758823" lon="14.029325">
      </trkpt>
      <trkpt lat="48.751505" lon="14.03399">
      </trkpt>
      <trkpt lat="48.748435" lon="14.035592">
      </trkpt>
      <trkpt lat="48.748225" lon="14.03598">
      </trkpt>
      <trkpt lat="48.748002" lon="14.036452">
      </trkpt>
      <trkpt lat="48.747753" lon="14.037227">
      </trkpt>
      <trkpt lat="48.749441" lon="14.040744">
      </trkpt>
      <trkpt lat="48.750457" lon="14.043669">
      </trkpt>
      <trkpt lat="48.749572" lon="14.052201">
      </trkpt>
      <trkpt lat="48.749432" lon="14.052576">
      </trkpt>
      <trkpt lat="48.749304" lon="14.053038">
      </trkpt>
      <trkpt lat="48.74919" lon="14.053548">
      </trkpt>
      <trkpt lat="48.749123" lon="14.053998">
      </trkpt>
      <trkpt lat="48.749075" lon="14.05478">
      </trkpt>
      <trkpt lat="48.749104" lon="14.055547">
      </trkpt>
      <trkpt lat="48.749156" lon="14.055994">
      </trkpt>
      <trkpt lat="48.749257" lon="14.056587">
      </trkpt>
      <trkpt lat="48.749332" lon="14.056923">
      </trkpt>
      <trkpt lat="48.749507" lon="14.065574">
      </trkpt>
      <trkpt lat="48.749234" lon="14.066686">
      </trkpt>
      <trkpt lat="48.748961" lon="14.068139">
      </trkpt>
      <trkpt lat="48.749344" lon="14.071078">
      </trkpt>
      <trkpt lat="48.746247" lon="14.076911">
      </trkpt>
      <trkpt lat="48.746217" lon="14.076934">
      </trkpt>
      <trkpt lat="48.74464" lon="14.078242">
      </trkpt>
      <trkpt lat="48.744587" lon="14.078308">
      </trkpt>
      <trkpt lat="48.744576" lon="14.078426">
      </trkpt>
      <trkpt lat="48.744193" lon="14.080742">
      </trkpt>
      <trkpt lat="48.743853" lon="14.08174">
      </trkpt>
      <trkpt lat="48.743512" lon="14.082836">
      </trkpt>
      <trkpt lat="48.743424" lon="14.083061">
      </trkpt>
      <trkpt lat="48.742788" lon="14.085989">
      </trkpt>
      <trkpt lat="48.742702" lon="14.086221">
      </trkpt>
      <trkpt lat="48.742419" lon="14.087085">
      </trkpt>
      <trkpt lat="48.742159" lon="14.087858">
      </trkpt>
      <trkpt lat="48.742092" lon="14.0881">
      </trkpt>
      <trkpt lat="48.742029" lon="14.088407">
      </trkpt>
      <trkpt lat="48.741987" lon="14.088859">
      </trkpt>
      <trkpt lat="48.741875" lon="14.090438">
      </trkpt>
      <trkpt lat="48.741877" lon="14.090698">
      </trkpt>
      <trkpt lat="48.733317" lon="14.093424">
      </trkpt>
      <trkpt lat="48.733205" lon="14.093235">
      </trkpt>
      <trkpt lat="48.732314" lon="14.091347">
      </trkpt>
      <trkpt lat="48.729263" lon="14.087916">
      </trkpt>
      <trkpt lat="48.728549" lon="14.083633">
      </trkpt>
      <trkpt lat="48.727282" lon="14.081163">
      </trkpt>
      <trkpt lat="48.724813" lon="14.080592">
      </trkpt>
      <trkpt lat="48.718169" lon="14.075861">
      </trkpt>
      <trkpt lat="48.717267" lon="14.072791">
      </trkpt>
      <trkpt lat="48.716585" lon="14.072492">
      </trkpt>
      <trkpt lat="48.716526" lon="14.072517">
      </trkpt>
      <trkpt lat="48.715224" lon="14.076135">
      </trkpt>
      <trkpt lat="48.715051" lon="14.076434">
      </trkpt>
      <trkpt lat="48.71481" lon="14.076946">
      </trkpt>
      <trkpt lat="48.714785" lon="14.077068">
      </trkpt>
      <trkpt lat="48.714717" lon="14.079849">
      </trkpt>
      <trkpt lat="48.714872" lon="14.08054">
      </trkpt>
      <trkpt lat="48.715116" lon="14.082842">
      </trkpt>
      <trkpt lat="48.715642" lon="14.08577">
      </trkpt>
      <trkpt lat="48.709114" lon="14.089848">
      </trkpt>
      <trkpt lat="48.706669" lon="14.088489">
      </trkpt>
      <trkpt lat="48.704385" lon="14.086186">
      </trkpt>
      <trkpt lat="48.703643" lon="14.0847">
      </trkpt>
      <trkpt lat="48.703204" lon="14.083707">
      </trkpt>
      <trkpt lat="48.702529" lon="14.081161">
      </trkpt>
      <trkpt lat="48.702551" lon="14.080209">
      </trkpt>
      <trkpt lat="48.702603" lon="14.079491">
      </trkpt>
      <trkpt lat="48.702663" lon="14.078884">
      </trkpt>
      <trkpt lat="48.702721" lon="14.078482">
      </trkpt>
      <trkpt lat="48.702791" lon="14.0776">
      </trkpt>
      <trkpt lat="48.702767" lon="14.076996">
      </trkpt>
      <trkpt lat="48.702641" lon="14.076375">
      </trkpt>
      <trkpt lat="48.702445" lon="14.075874">
      </trkpt>
      <trkpt lat="48.702202" lon="14.075405">
      </trkpt>
      <trkpt lat="48.699107" lon="14.072997">
      </trkpt>
      <trkpt lat="48.694153" lon="14.072312">
      </trkpt>
      <trkpt lat="48.691459" lon="14.0747">
      </trkpt>
      <trkpt lat="48.695371" lon="14.081589">
      </trkpt>
      <trkpt lat="48.695645" lon="14.082191">
      </trkpt>
      <trkpt lat="48.701161" lon="14.087788">
      </trkpt>
      <trkpt lat="48.70221" lon="14.095517">
      </trkpt>
      <trkpt lat="48.701732" lon="14.09739">
      </trkpt>
      <trkpt lat="48.701351" lon="14.099376">
      </trkpt>
      <trkpt lat="48.70125" lon="14.100297">
      </trkpt>
      <trkpt lat="48.701162" lon="14.102165">
      </trkpt>
      <trkpt lat="48.701149" lon="14.103526">
      </trkpt>
      <trkpt lat="48.701365" lon="14.10444">
      </trkpt>
      <trkpt lat="48.701692" lon="14.105014">
      </trkpt>
      <trkpt lat="48.702429" lon="14.105899">
      </trkpt>
      <trkpt lat="48.703584" lon="14.106535">
      </trkpt>
      <trkpt lat="48.704438" lon="14.106559">
      </trkpt>
      <trkpt lat="48.706031" lon="14.106479">
      </trkpt>
      <trkpt lat="48.707411" lon="14.103153">
      </trkpt>
      <trkpt lat="48.705191" lon="14.098773">
      </trkpt>
      <trkpt lat="48.712794" lon="14.094913">
      </trkpt>
      <trkpt lat="48.715221" lon="14.096091">
      </trkpt>
      <trkpt lat="48.717985" lon="14.101606">
      </trkpt>
      <trkpt lat="48.718092" lon="14.102403">
      </trkpt>
      <trkpt lat="48.718076" lon="14.103263">
      </trkpt>
      <trkpt lat="48.717995" lon="14.104095">
      </trkpt>
      <trkpt lat="48.717671" lon="14.105508">
      </trkpt>
      <trkpt lat="48.71723" lon="14.106494">
      </trkpt>
      <trkpt lat="48.71706" lon="14.107018">
      </trkpt>
      <trkpt lat="48.71605" lon="14.108739">
      </trkpt>
      <trkpt lat="48.715838" lon="14.109244">
      </trkpt>
      <trkpt lat="48.718655" lon="14.114905">
      </trkpt>
      <trkpt lat="48.718862" lon="14.116469">
      </trkpt>
      <trkpt lat="48.723197" lon="14.12417">
      </trkpt>
      <trkpt lat="48.721866" lon="14.126262">
      </trkpt>
      <trkpt lat="48.717872" lon="14.129973">
      </trkpt>
      <trkpt lat="48.713707" lon="14.130875">
      </trkpt>
      <trkpt lat="48.712925" lon="14.130883">
      </trkpt>
      <trkpt lat="48.71237" lon="14.131044">
      </trkpt>
      <trkpt lat="48.712009" lon="14.131236">
      </trkpt>
      <trkpt lat="48.708514" lon="14.132405">
      </trkpt>
      <trkpt lat="48.70743" lon="14.132751">
      </trkpt>
      <trkpt lat="48.700225" lon="14.130434">
      </trkpt>
      <trkpt lat="48.69889" lon="14.1271">
      </trkpt>
      <trkpt lat="48.696398" lon="14.121719">
      </trkpt>
      <trkpt lat="48.695844" lon="14.119615">
      </trkpt>
      <trkpt lat="48.694987" lon="14.119375">
      </trkpt>
      <trkpt lat="48.690827" lon="14.118492">
      </trkpt>
      <trkpt lat="48.686843" lon="14.115861">
      </trkpt>
      <trkpt lat="48.686233" lon="14.115199">
      </trkpt>
      <trkpt lat="48.685624" lon="14.114685">
      </trkpt>
      <trkpt lat="48.678527" lon="14.11152">
      </trkpt>
      <trkpt lat="48.677745" lon="14.111138">
      </trkpt>
      <trkpt lat="48.677174" lon="14.11109">
      </trkpt>
      <trkpt lat="48.676586" lon="14.111204">
      </trkpt>
      <trkpt lat="48.676161" lon="14.111395">
      </trkpt>
      <trkpt lat="48.67582" lon="14.111548">
      </trkpt>
      <trkpt lat="48.675231" lon="14.111895">
      </trkpt>
      <trkpt lat="48.674862" lon="14.112298">
      </trkpt>
      <trkpt lat="48.673265" lon="14.114594">
      </trkpt>
      <trkpt lat="48.673402" lon="14.116796">
      </trkpt>
      <trkpt lat="48.673556" lon="14.117097">
      </trkpt>
      <trkpt lat="48.673944" lon="14.117899">
      </trkpt>
      <trkpt lat="48.674585" lon="14.118006">
      </trkpt>
      <trkpt lat="48.675165" lon="14.117961">
      </trkpt>
      <trkpt lat="48.676139" lon="14.117482">
      </trkpt>
      <trkpt lat="48.679455" lon="14.117297">
      </trkpt>
      <trkpt lat="48.68265" lon="14.118935">
      </trkpt>
      <trkpt lat="48.679723" lon="14.126483">
      </trkpt>
      <trkpt lat="48.676455" lon="14.128053">
      </trkpt>
      <trkpt lat="48.676725" lon="14.128513">
      </trkpt>
      <trkpt lat="48.671496" lon="14.135695">
      </trkpt>
      <trkpt lat="48.669347" lon="14.138583">
      </trkpt>
      <trkpt lat="48.672199" lon="14.143911">
      </trkpt>
      <trkpt lat="48.672336" lon="14.144262">
      </trkpt>
      <trkpt lat="48.672565" lon="14.144761">
      </trkpt>
      <trkpt lat="48.673078" lon="14.145824">
      </trkpt>
      <trkpt lat="48.673818" lon="14.148007">
      </trkpt>
      <trkpt lat="48.674325" lon="14.149878">
      </trkpt>
      <trkpt lat="48.674439" lon="14.150564">
      </trkpt>
      <trkpt lat="48.674614" lon="14.151067">
      </trkpt>
      <trkpt lat="48.674871" lon="14.151528">
      </trkpt>
      <trkpt lat="48.675452" lon="14.152125">
      </trkpt>
      <trkpt lat="48.675794" lon="14.160003">
      </trkpt>
      <trkpt lat="48.669076" lon="14.160723">
      </trkpt>
      <trkpt lat="48.665978" lon="14.163167">
      </trkpt>
      <trkpt lat="48.660148" lon="14.162868">
      </trkpt>
      <trkpt lat="48.656579" lon="14.162401">
      </trkpt>
      <trkpt lat="48.656499" lon="14.16301">
      </trkpt>
      <trkpt lat="48.656369" lon="14.163656">
      </trkpt>
      <trkpt lat="48.65624" lon="14.164518">
      </trkpt>
      <trkpt lat="48.656164" lon="14.165437">
      </trkpt>
      <trkpt lat="48.648977" lon="14.170613">
      </trkpt>
      <trkpt lat="48.648231" lon="14.170405">
      </trkpt>
      <trkpt lat="48.64753" lon="14.170353">
      </trkpt>
      <trkpt lat="48.646754" lon="14.170474">
      </trkpt>
      <trkpt lat="48.646257" lon="14.170666">
      </trkpt>
      <trkpt lat="48.643499" lon="14.171728">
      </trkpt>
      <trkpt lat="48.642671" lon="14.17203">
      </trkpt>
      <trkpt lat="48.642025" lon="14.172375">
      </trkpt>
      <trkpt lat="48.64136" lon="14.172904">
      </trkpt>
      <trkpt lat="48.639343" lon="14.175222">
      </trkpt>
      <trkpt lat="48.635853" lon="14.179804">
      </trkpt>
      <trkpt lat="48.635384" lon="14.180436">
      </trkpt>
      <trkpt lat="48.635025" lon="14.181149">
      </trkpt>
      <trkpt lat="48.631682" lon="14.187037">
      </trkpt>
      <trkpt lat="48.630065" lon="14.189354">
      </trkpt>
      <trkpt lat="48.629663" lon="14.189966">
      </trkpt>
      <trkpt lat="48.630626" lon="14.191876">
      </trkpt>
      <trkpt lat="48.630934" lon="14.192003">
      </trkpt>
      <trkpt lat="48.631055" lon="14.192031">
      </trkpt>
      <trkpt lat="48.632672" lon="14.191943">
      </trkpt>
      <trkpt lat="48.633074" lon="14.191331">
      </trkpt>
      <trkpt lat="48.634679" lon="14.189032">
      </trkpt>
      <trkpt lat="48.635489" lon="14.187987">
      </trkpt>
      <trkpt lat="48.636351" lon="14.187051">
      </trkpt>
      <trkpt lat="48.636672" lon="14.186632">
      </trkpt>
      <trkpt lat="48.637228" lon="14.185758">
      </trkpt>
      <trkpt lat="48.637505" lon="14.185187">
      </trkpt>
      <trkpt lat="48.637706" lon="14.184656">
      </trkpt>
      <trkpt lat="48.640136" lon="14.181165">
      </trkpt>
      <trkpt lat="48.640669" lon="14.180633">
      </trkpt>
      <trkpt lat="48.641002" lon="14.180163">
      </trkpt>
      <trkpt lat="48.648145" lon="14.178748">
      </trkpt>
      <trkpt lat="48.650098" lon="14.181773">
      </trkpt>
      <trkpt lat="48.652926" lon="14.18138">
      </trkpt>
      <trkpt lat="48.660078" lon="14.186478">
      </trkpt>
      <trkpt lat="48.660028" lon="14.187293">
      </trkpt>
      <trkpt lat="48.659848" lon="14.18877">
      </trkpt>
      <trkpt lat="48.659829" lon="14.189516">
      </trkpt>
      <trkpt lat="48.659884" lon="14.190562">
      </trkpt>
      <trkpt lat="48.663476" lon="14.190812">
      </trkpt>
      <trkpt lat="48.669501" lon="14.194807">
      </trkpt>
      <trkpt lat="48.66795" lon="14.198931">
      </trkpt>
      <trkpt lat="48.667145" lon="14.200127">
      </trkpt>
      <trkpt lat="48.667253" lon="14.201528">
      </trkpt>
      <trkpt lat="48.667439" lon="14.201702">
      </trkpt>
      <trkpt lat="48.670204" lon="14.204177">
      </trkpt>
      <trkpt lat="48.673803" lon="14.204269">
      </trkpt>
      <trkpt lat="48.673814" lon="14.20382">
      </trkpt>
      <trkpt lat="48.674121" lon="14.201481">
      </trkpt>
      <trkpt lat="48.674257" lon="14.200969">
      </trkpt>
      <trkpt lat="48.67432" lon="14.199992">
      </trkpt>
      <trkpt lat="48.674297" lon="14.1988">
      </trkpt>
      <trkpt lat="48.673402" lon="14.19566">
      </trkpt>
      <trkpt lat="48.678915" lon="14.190505">
      </trkpt>
      <trkpt lat="48.685476" lon="14.194253">
      </trkpt>
      <trkpt lat="48.685873" lon="14.19709">
      </trkpt>
      <trkpt lat="48.685997" lon="14.198389">
      </trkpt>
      <trkpt lat="48.686106" lon="14.199218">
      </trkpt>
      <trkpt lat="48.686286" lon="14.200165">
      </trkpt>
      <trkpt lat="48.686563" lon="14.201222">
      </trkpt>
      <trkpt lat="48.687547" lon="14.204118">
      </trkpt>
      <trkpt lat="48.687846" lon="14.204841">
      </trkpt>
      <trkpt lat="48.688278" lon="14.205611">
      </trkpt>
      <trkpt lat="48.688717" lon="14.206304">
      </trkpt>
      <trkpt lat="48.689405" lon="14.207644">
      </trkpt>
      <trkpt lat="48.689913" lon="14.210308">
      </trkpt>
      <trkpt lat="48.689809" lon="14.211603">
      </trkpt>
      <trkpt lat="48.689377" lon="14.215034">
      </trkpt>
      <trkpt lat="48.681282" lon="14.21715">
      </trkpt>
      <trkpt lat="48.680397" lon="14.216932">
      </trkpt>
      <trkpt lat="48.679397" lon="14.217098">
      </trkpt>
      <trkpt lat="48.677788" lon="14.218061">
      </trkpt>
      <trkpt lat="48.676571" lon="14.224693">
      </trkpt>
      <trkpt lat="48.676412" lon="14.225597">
      </trkpt>
      <trkpt lat="48.676457" lon="14.228553">
      </trkpt>
      <trkpt lat="48.676475" lon="14.229162">
      </trkpt>
      <trkpt lat="48.676538" lon="14.229534">
      </trkpt>
      <trkpt lat="48.677202" lon="14.232973">
      </trkpt>
      <trkpt lat="48.677541" lon="14.234923">
      </trkpt>
      <trkpt lat="48.677865" lon="14.236639">
      </trkpt>
      <trkpt lat="48.678068" lon="14.23759">
      </trkpt>
      <trkpt lat="48.678329" lon="14.238854">
      </trkpt>
      <trkpt lat="48.678434" lon="14.239701">
      </trkpt>
      <trkpt lat="48.678521" lon="14.240229">
      </trkpt>
      <trkpt lat="48.678845" lon="14.244811">
      </trkpt>
      <trkpt lat="48.678831" lon="14.245306">
      </trkpt>
      <trkpt lat="48.678858" lon="14.246351">
      </trkpt>
      <trkpt lat="48.678703" lon="14.247986">
      </trkpt>
      <trkpt lat="48.67864" lon="14.249239">
      </trkpt>
      <trkpt lat="48.675066" lon="14.255405">
      </trkpt>
      <trkpt lat="48.672959" lon="14.257326">
      </trkpt>
      <trkpt lat="48.665567" lon="14.254809">
      </trkpt>
      <trkpt lat="48.664076" lon="14.252606">
      </trkpt>
      <trkpt lat="48.663767" lon="14.252084">
      </trkpt>
      <trkpt lat="48.662542" lon="14.251949">
      </trkpt>
      <trkpt lat="48.655236" lon="14.251367">
      </trkpt>
      <trkpt lat="48.65155" lon="14.256469">
      </trkpt>
      <trkpt lat="48.651616" lon="14.256609">
      </trkpt>
      <trkpt lat="48.651883" lon="14.257174">
      </trkpt>
      <trkpt lat="48.646246" lon="14.263971">
      </trkpt>
      <trkpt lat="48.646099" lon="14.264579">
      </trkpt>
      <trkpt lat="48.645746" lon="14.265839">
      </trkpt>
      <trkpt lat="48.644119" lon="14.268706">
      </trkpt>
      <trkpt lat="48.64166" lon="14.275041">
      </trkpt>
      <trkpt lat="48.642011" lon="14.276413">
      </trkpt>
      <trkpt lat="48.642268" lon="14.27735">
      </trkpt>
      <trkpt lat="48.642413" lon="14.278691">
      </trkpt>
      <trkpt lat="48.642483" lon="14.280199">
      </trkpt>
      <trkpt lat="48.642517" lon="14.280612">
      </trkpt>
      <trkpt lat="48.642054" lon="14.283508">
      </trkpt>
      <trkpt lat="48.634511" lon="14.285466">
      </trkpt>
      <trkpt lat="48.632724" lon="14.282194">
      </trkpt>
      <trkpt lat="48.632464" lon="14.279542">
      </trkpt>
      <trkpt lat="48.632168" lon="14.279098">
      </trkpt>
      <trkpt lat="48.631834" lon="14.278724">
      </trkpt>
      <trkpt lat="48.631094" lon="14.278182">
      </trkpt>
      <trkpt lat="48.626288" lon="14.273645">
      </trkpt>
      <trkpt lat="48.625565" lon="14.270165">
      </trkpt>
      <trkpt lat="48.625316" lon="14.269182">
      </trkpt>
      <trkpt lat="48.625161" lon="14.268687">
      </trkpt>
      <trkpt lat="48.62602" lon="14.262363">
      </trkpt>
      <trkpt lat="48.63195" lon="14.259249">
      </trkpt>
      <trkpt lat="48.634772" lon="14.257947">
      </trkpt>
      <trkpt lat="48.636827" lon="14.253975">
      </trkpt>
      <trkpt lat="48.638871" lon="14.251382">
      </trkpt>
      <trkpt lat="48.638773" lon="14.250994">
      </trkpt>
      <trkpt lat="48.6389" lon="14.242279">
      </trkpt>
      <trkpt lat="48.639589" lon="14.239946">
      </trkpt>
      <trkpt lat="48.640172" lon="14.23694">
      </trkpt>
      <trkpt lat="48.639969" lon="14.235686">
      </trkpt>
      <trkpt lat="48.639866" lon="14.234796">
      </trkpt>
      <trkpt lat="48.640452" lon="14.226655">
      </trkpt>
      <trkpt lat="48.640154" lon="14.224677">
      </trkpt>
      <trkpt lat="48.638512" lon="14.223693">
      </trkpt>
      <trkpt lat="48.632327" lon="14.218813">
      </trkpt>
      <trkpt lat="48.631444" lon="14.216891">
      </trkpt>
      <trkpt lat="48.630782" lon="14.215823">
      </trkpt>
      <trkpt lat="48.629728" lon="14.214124">
      </trkpt>
      <trkpt lat="48.628954" lon="14.212679">
      </trkpt>
      <trkpt lat="48.628064" lon="14.210579">
      </trkpt>
      <trkpt lat="48.624481" lon="14.21092">
      </trkpt>
      <trkpt lat="48.624521" lon="14.211347">
      </trkpt>
      <trkpt lat="48.624786" lon="14.212414">
      </trkpt>
      <trkpt lat="48.625776" lon="14.21437">
      </trkpt>
      <trkpt lat="48.62665" lon="14.218303">
      </trkpt>
      <trkpt lat="48.627241" lon="14.221103">
      </trkpt>
      <trkpt lat="48.626973" lon="14.223879">
      </trkpt>
      <trkpt lat="48.626194" lon="14.227255">
      </trkpt>
      <trkpt lat="48.625859" lon="14.228336">
      </trkpt>
      <trkpt lat="48.627714" lon="14.230775">
      </trkpt>
      <trkpt lat="48.629231" lon="14.238887">
      </trkpt>
      <trkpt lat="48.623832" lon="14.240723">
      </trkpt>
      <trkpt lat="48.622932" lon="14.240684">
      </trkpt>
      <trkpt lat="48.617418" lon="14.23777">
      </trkpt>
      <trkpt lat="48.616895" lon="14.237289">
      </trkpt>
      <trkpt lat="48.615866" lon="14.228858">
      </trkpt>
      <trkpt lat="48.616032" lon="14.228629">
      </trkpt>
      <trkpt lat="48.616343" lon="14.228121">
      </trkpt>
      <trkpt lat="48.616319" lon="14.224962">
      </trkpt>
      <trkpt lat="48.615704" lon="14.224868">
      </trkpt>
      <trkpt lat="48.614868" lon="14.224933">
      </trkpt>
      <trkpt lat="48.614252" lon="14.225213">
      </trkpt>
      <trkpt lat="48.61389" lon="14.225489">
      </trkpt>
      <trkpt lat="48.6113" lon="14.227389">
      </trkpt>
      <trkpt lat="48.610042" lon="14.231572">
      </trkpt>
      <trkpt lat="48.609812" lon="14.23264">
      </trkpt>
      <trkpt lat="48.609784" lon="14.233226">
      </trkpt>
      <trkpt lat="48.609779" lon="14.234061">
      </trkpt>
      <trkpt lat="48.60983" lon="14.234537">
      </trkpt>
      <trkpt lat="48.610174" lon="14.239156">
      </trkpt>
      <trkpt lat="48.610134" lon="14.239667">
      </trkpt>
      <trkpt lat="48.609947" lon="14.241338">
      </trkpt>
      <trkpt lat="48.610067" lon="14.241837">
      </trkpt>
      <trkpt lat="48.611129" lon="14.243457">
      </trkpt>
      <trkpt lat="48.611679" lon="14.244044">
      </trkpt>
      <trkpt lat="48.612254" lon="14.244533">
      </trkpt>
      <trkpt lat="48.614956" lon="14.250885">
      </trkpt>
      <trkpt lat="48.614907" lon="14.251749">
      </trkpt>
      <trkpt lat="48.614949" lon="14.252432">
      </trkpt>
      <trkpt lat="48.615028" lon="14.252925">
      </trkpt>
      <trkpt lat="48.615214" lon="14.253656">
      </trkpt>
      <trkpt lat="48.617466" lon="14.262207">
      </trkpt>
      <trkpt lat="48.618592" lon="14.264118">
      </trkpt>
      <trkpt lat="48.618835" lon="14.264611">
      </trkpt>
      <trkpt lat="48.620495" lon="14.267451">
      </trkpt>
      <trkpt lat="48.621424" lon="14.269118">
      </trkpt>
      <trkpt lat="48.622073" lon="14.271041">
      </trkpt>
      <trkpt lat="48.622762" lon="14.274375">
      </trkpt>
      <trkpt lat="48.619285" lon="14.281523">
      </trkpt>
      <trkpt lat="48.617663" lon="14.283176">
      </trkpt>
      <trkpt lat="48.609788" lon="14.285299">
      </trkpt>
      <trkpt lat="48.608452" lon="14.282679">
      </trkpt>
      <trkpt lat="48.607593" lon="14.281239">
      </trkpt>
      <trkpt lat="48.605923" lon="14.279964">
      </trkpt>
      <trkpt lat="48.602859" lon="14.27255">
      </trkpt>
      <trkpt lat="48.602753" lon="14.271744">
      </trkpt>
      <trkpt lat="48.602378" lon="14.269314">
      </trkpt>
      <trkpt lat="48.602379" lon="14.268854">
      </trkpt>
      <trkpt lat="48.602409" lon="14.26814">
      </trkpt>
      <trkpt lat="48.602406" lon="14.266817">
      </trkpt>
      <trkpt lat="48.602466" lon="14.265716">
      </trkpt>
      <trkpt lat="48.602451" lon="14.264692">
      </trkpt>
      <trkpt lat="48.602356" lon="14.263948">
      </trkpt>
      <trkpt lat="48.602265" lon="14.263086">
      </trkpt>
      <trkpt lat="48.602145" lon="14.262498">
      </trkpt>
      <trkpt lat="48.601879" lon="14.261475">
      </trkpt>
      <trkpt lat="48.601702" lon="14.260959">
      </trkpt>
      <trkpt lat="48.601113" lon="14.258621">
      </trkpt>
      <trkpt lat="48.601031" lon="14.258143">
      </trkpt>
      <trkpt lat="48.600968" lon="14.257894">
      </trkpt>
      <trkpt lat="48.600798" lon="14.256923">
      </trkpt>
      <trkpt lat="48.600548" lon="14.25635">
      </trkpt>
      <trkpt lat="48.600023" lon="14.255538">
      </trkpt>
      <trkpt lat="48.59908" lon="14.253446">
      </trkpt>
      <trkpt lat="48.595492" lon="14.253737">
      </trkpt>
      <trkpt lat="48.595533" lon="14.254244">
      </trkpt>
      <trkpt lat="48.595629" lon="14.254792">
      </trkpt>
      <trkpt lat="48.595858" lon="14.255685">
      </trkpt>
      <trkpt lat="48.595931" lon="14.255929">
      </trkpt>
      <trkpt lat="48.596114" lon="14.256371">
      </trkpt>
      <trkpt lat="48.597751" lon="14.260766">
      </trkpt>
      <trkpt lat="48.598809" lon="14.26814">
      </trkpt>
      <trkpt lat="48.598783" lon="14.268696">
      </trkpt>
      <trkpt lat="48.598757" lon="14.269538">
      </trkpt>
      <trkpt lat="48.598746" lon="14.270547">
      </trkpt>
      <trkpt lat="48.598799" lon="14.271157">
      </trkpt>
      <trkpt lat="48.598801" lon="14.274954">
      </trkpt>
      <trkpt lat="48.593653" lon="14.282012">
      </trkpt>
      <trkpt lat="48.590792" lon="14.284197">
      </trkpt>
      <trkpt lat="48.589713" lon="14.285863">
      </trkpt>
      <trkpt lat="48.582542" lon="14.288589">
      </trkpt>
      <trkpt lat="48.578977" lon="14.288087">
      </trkpt>
      <trkpt lat="48.572839" lon="14.289917">
      </trkpt>
      <trkpt lat="48.572167" lon="14.29047">
      </trkpt>
      <trkpt lat="48.571311" lon="14.291137">
      </trkpt>
      <trkpt lat="48.562638" lon="14.292571">
      </trkpt>
      <trkpt lat="48.561409" lon="14.293574">
      </trkpt>
      <trkpt lat="48.561118" lon="14.293833">
      </trkpt>
      <trkpt lat="48.560774" lon="14.294239">
      </trkpt>
      <trkpt lat="48.556872" lon="14.297697">
      </trkpt>
      <trkpt lat="48.55688" lon="14.298042">
      </trkpt>
      <trkpt lat="48.556838" lon="14.299522">
      </trkpt>
      <trkpt lat="48.550345" lon="14.304776">
      </trkpt>
      <trkpt lat="48.54309" lon="14.300809">
      </trkpt>
      <trkpt lat="48.541425" lon="14.298934">
      </trkpt>
      <trkpt lat="48.537771" lon="14.295501">
      </trkpt>
      <trkpt lat="48.533699" lon="14.29535">
      </trkpt>
      <trkpt lat="48.532705" lon="14.296223">
      </trkpt>
      <trkpt lat="48.532275" lon="14.296967">
      </trkpt>
      <trkpt lat="48.532007" lon="14.298528">
      </trkpt>
      <trkpt lat="48.534069" lon="14.304592">
      </trkpt>
      <trkpt lat="48.537556" lon="14.305489">
      </trkpt>
      <trkpt lat="48.539415" lon="14.312062">
      </trkpt>
      <trkpt lat="48.539278" lon="14.312498">
      </trkpt>
      <trkpt lat="48.540755" lon="14.317292">
      </trkpt>
      <trkpt lat="48.542573" lon="14.323816">
      </trkpt>
      <trkpt lat="48.545374" lon="14.328444">
      </trkpt>
      <trkpt lat="48.545621" lon="14.328705">
      </trkpt>
      <trkpt lat="48.545988" lon="14.329011">
      </trkpt>
      <trkpt lat="48.552525" lon="14.333357">
      </trkpt>
      <trkpt lat="48.555584" lon="14.338624">
      </trkpt>
      <trkpt lat="48.555737" lon="14.338937">
      </trkpt>
      <trkpt lat="48.557371" lon="14.340911">
      </trkpt>
      <trkpt lat="48.559933" lon="14.343364">
      </trkpt>
      <trkpt lat="48.560276" lon="14.343646">
      </trkpt>
      <trkpt lat="48.561733" lon="14.344424">
      </trkpt>
      <trkpt lat="48.563411" lon="14.345573">
      </trkpt>
      <trkpt lat="48.563683" lon="14.345809">
      </trkpt>
      <trkpt lat="48.563986" lon="14.346018">
      </trkpt>
      <trkpt lat="48.564411" lon="14.34623">
      </trkpt>
      <trkpt lat="48.564996" lon="14.346391">
      </trkpt>
      <trkpt lat="48.569269" lon="14.35012">
      </trkpt>
      <trkpt lat="48.565571" lon="14.357969">
      </trkpt>
      <trkpt lat="48.564406" lon="14.360279">
      </trkpt>
      <trkpt lat="48.564428" lon="14.360814">
      </trkpt>
      <trkpt lat="48.564444" lon="14.361015">
      </trkpt>
      <trkpt lat="48.564477" lon="14.361399">
      </trkpt>
      <trkpt lat="48.564659" lon="14.36879">
      </trkpt>
      <trkpt lat="48.566242" lon="14.37121">
      </trkpt>
      <trkpt lat="48.569233" lon="14.373143">
      </trkpt>
      <trkpt lat="48.575832" lon="14.37883">
      </trkpt>
      <trkpt lat="48.575716" lon="14.379755">
      </trkpt>
      <trkpt lat="48.575736" lon="14.380327">
      </trkpt>
      <trkpt lat="48.577182" lon="14.381852">
      </trkpt>
      <trkpt lat="48.580192" lon="14.382775">
      </trkpt>
      <trkpt lat="48.584645" lon="14.386128">
      </trkpt>
      <trkpt lat="48.585632" lon="14.386924">
      </trkpt>
      <trkpt lat="48.586933" lon="14.387577">
      </trkpt>
      <trkpt lat="48.588414" lon="14.388241">
      </trkpt>
      <trkpt lat="48.588974" lon="14.388451">
      </trkpt>
      <trkpt lat="48.589676" lon="14.388568">
      </trkpt>
      <trkpt lat="48.595914" lon="14.393467">
      </trkpt>
      <trkpt lat="48.595999" lon="14.395205">
      </trkpt>
      <trkpt lat="48.595967" lon="14.395841">
      </trkpt>
      <trkpt lat="48.596099" lon="14.396841">
      </trkpt>
      <trkpt lat="48.596345" lon="14.397591">
      </trkpt>
      <trkpt lat="48.596603" lon="14.398101">
      </trkpt>
      <trkpt lat="48.597014" lon="14.398649">
      </trkpt>
      <trkpt lat="48.597912" lon="14.399915">
      </trkpt>
      <trkpt lat="48.594315" lon="14.4077">
      </trkpt>
      <trkpt lat="48.586466" lon="14.41133">
      </trkpt>
      <trkpt lat="48.584649" lon="14.411233">
      </trkpt>
      <trkpt lat="48.577475" lon="14.407779">
      </trkpt>
      <trkpt lat="48.574062" lon="14.406631">
      </trkpt>
      <trkpt lat="48.573349" lon="14.408754">
      </trkpt>
      <trkpt lat="48.56477" lon="14.406136">
      </trkpt>
      <trkpt lat="48.564739" lon="14.405603">
      </trkpt>
      <trkpt lat="48.564703" lon="14.40536">
      </trkpt>
      <trkpt lat="48.563379" lon="14.400642">
      </trkpt>
      <trkpt lat="48.563378" lon="14.400068">
      </trkpt>
      <trkpt lat="48.562042" lon="14.397781">
      </trkpt>
      <trkpt lat="48.561746" lon="14.397197">
      </trkpt>
      <trkpt lat="48.561624" lon="14.397038">
      </trkpt>
      <trkpt lat="48.554144" lon="14.397391">
      </trkpt>
      <trkpt lat="48.551025" lon="14.395388">
      </trkpt>
      <trkpt lat="48.549878" lon="14.394871">
      </trkpt>
      <trkpt lat="48.549017" lon="14.394672">
      </trkpt>
      <trkpt lat="48.548562" lon="14.394686">
      </trkpt>
      <trkpt lat="48.547533" lon="14.394815">
      </trkpt>
      <trkpt lat="48.547983" lon="14.398387">
      </trkpt>
      <trkpt lat="48.544766" lon="14.405303">
      </trkpt>
      <trkpt lat="48.543185" lon="14.406842">
      </trkpt>
      <trkpt lat="48.541262" lon="14.409488">
      </trkpt>
      <trkpt lat="48.540211" lon="14.410861">
      </trkpt>
      <trkpt lat="48.540681" lon="14.419785">
      </trkpt>
      <trkpt lat="48.537942" lon="14.426309">
      </trkpt>
      <trkpt lat="48.532911" lon="14.431058">
      </trkpt>
      <trkpt lat="48.532176" lon="14.432009">
      </trkpt>
      <trkpt lat="48.52982" lon="14.434731">
      </trkpt>
      <trkpt lat="48.529419" lon="14.438014">
      </trkpt>
      <trkpt lat="48.532127" lon="14.445591">
      </trkpt>
      <trkpt lat="48.532172" lon="14.452145">
      </trkpt>
      <trkpt lat="48.531831" lon="14.455728">
      </trkpt>
      <trkpt lat="48.525163" lon="14.461458">
      </trkpt>
      <trkpt lat="48.522907" lon="14.461388">
      </trkpt>
      <trkpt lat="48.522426" lon="14.461855">
      </trkpt>
      <trkpt lat="48.519017" lon="14.465421">
      </trkpt>
      <trkpt lat="48.515682" lon="14.469349">
      </trkpt>
      <trkpt lat="48.512376" lon="14.474793">
      </trkpt>
      <trkpt lat="48.511695" lon="14.478133">
      </trkpt>
      <trkpt lat="48.511713" lon="14.478456">
      </trkpt>
      <trkpt lat="48.51338" lon="14.47986">
      </trkpt>
      <trkpt lat="48.515176" lon="14.482552">
      </trkpt>
      <trkpt lat="48.510652" lon="14.489517">
      </trkpt>
      <trkpt lat="48.502583" lon="14.486202">
      </trkpt>
      <trkpt lat="48.50255" lon="14.484787">
      </trkpt>
      <trkpt lat="48.50253" lon="14.484075">
      </trkpt>
      <trkpt lat="48.500964" lon="14.483049">
      </trkpt>
      <trkpt lat="48.500481" lon="14.482836">
      </trkpt>
      <trkpt lat="48.495795" lon="14.481322">
      </trkpt>
      <trkpt lat="48.495779" lon="14.481319">
      </trkpt>
      <trkpt lat="48.493777" lon="14.482506">
      </trkpt>
      <trkpt lat="48.493758" lon="14.482565">
      </trkpt>
      <trkpt lat="48.49369" lon="14.483328">
      </trkpt>
      <trkpt lat="48.493714" lon="14.483446">
      </trkpt>
      <trkpt lat="48.491252" lon="14.489762">
      </trkpt>
      <trkpt lat="48.483769" lon="14.485598">
      </trkpt>
      <trkpt lat="48.483703" lon="14.485271">
      </trkpt>
      <trkpt lat="48.482306" lon="14.484739">
      </trkpt>
      <trkpt lat="48.481183" lon="14.484347">
      </trkpt>
      <trkpt lat="48.481149" lon="14.484364">
      </trkpt>
      <trkpt lat="48.480172" lon="14.485972">
      </trkpt>
      <trkpt lat="48.480237" lon="14.4863">
      </trkpt>
      <trkpt lat="48.48024" lon="14.490677">
      </trkpt>
      <trkpt lat="48.474673" lon="14.496311">
      </trkpt>
      <trkpt lat="48.469751" lon="14.499583">
      </trkpt>
      <trkpt lat="48.461509" lon="14.500159">
      </trkpt>
      <trkpt lat="48.460404" lon="14.499691">
      </trkpt>
      <trkpt lat="48.459629" lon="14.499328">
      </trkpt>
      <trkpt lat="48.458377" lon="14.498695">
      </trkpt>
      <trkpt lat="48.45735" lon="14.498142">
      </trkpt>
      <trkpt lat="48.455752" lon="14.497151">
      </trkpt>
      <trkpt lat="48.452303" lon="14.494849">
      </trkpt>
      <trkpt lat="48.452293" lon="14.494843">
      </trkpt>
      <trkpt lat="48.45027" lon="14.49782">
      </trkpt>
      <trkpt lat="48.45028" lon="14.497827">
      </trkpt>
      <trkpt lat="48.453765" lon="14.500153">
      </trkpt>
      <trkpt lat="48.455451" lon="14.5012">
      </trkpt>
      <trkpt lat="48.456661" lon="14.50186">
      </trkpt>
      <trkpt lat="48.458004" lon="14.50254">
      </trkpt>
      <trkpt lat="48.458872" lon="14.502949">
      </trkpt>
      <trkpt lat="48.460116" lon="14.503479">
      </trkpt>
      <trkpt lat="48.461875" lon="14.504145">
      </trkpt>
      <trkpt lat="48.463912" lon="14.504719">
      </trkpt>
      <trkpt lat="48.464426" lon="14.504789">
      </trkpt>
      <trkpt lat="48.464971" lon="14.504819">
      </trkpt>
      <trkpt lat="48.465842" lon="14.504772">
      </trkpt>
      <trkpt lat="48.466724" lon="14.504604">
      </trkpt>
      <trkpt lat="48.469479" lon="14.503828">
      </trkpt>
      <trkpt lat="48.471008" lon="14.503492">
      </trkpt>
      <trkpt lat="48.471956" lon="14.503328">
      </trkpt>
      <trkpt lat="48.4758" lon="14.503328">
      </trkpt>
      <trkpt lat="48.475954" lon="14.503346">
      </trkpt>
      <trkpt lat="48.477667" lon="14.503599">
      </trkpt>
      <trkpt lat="48.483646" lon="14.505345">
      </trkpt>
      <trkpt lat="48.484504" lon="14.510011">
      </trkpt>
      <trkpt lat="48.483995" lon="14.511669">
      </trkpt>
      <trkpt lat="48.484018" lon="14.511836">
      </trkpt>
      <trkpt lat="48.486189" lon="14.51324">
      </trkpt>
      <trkpt lat="48.492319" lon="14.516744">
      </trkpt>
      <trkpt lat="48.492788" lon="14.517073">
      </trkpt>
      <trkpt lat="48.493168" lon="14.517301">
      </trkpt>
      <trkpt lat="48.49401" lon="14.517668">
      </trkpt>
      <trkpt lat="48.494876" lon="14.517913">
      </trkpt>
      <trkpt lat="48.495464" lon="14.51803">
      </trkpt>
      <trkpt lat="48.500325" lon="14.519726">
      </trkpt>
      <trkpt lat="48.504472" lon="14.525952">
      </trkpt>
      <trkpt lat="48.504689" lon="14.527314">
      </trkpt>
      <trkpt lat="48.505723" lon="14.531708">
      </trkpt>
      <trkpt lat="48.505684" lon="14.535656">
      </trkpt>
      <trkpt lat="48.505499" lon="14.537043">
      </trkpt>
      <trkpt lat="48.505365" lon="14.539606">
      </trkpt>
      <trkpt lat="48.505277" lon="14.540493">
      </trkpt>
      <trkpt lat="48.511363" lon="14.541984">
      </trkpt>
      <trkpt lat="48.515178" lon="14.544681">
      </trkpt>
      <trkpt lat="48.515447" lon="14.544698">
      </trkpt>
      <trkpt lat="48.521232" lon="14.551413">
      </trkpt>
      <trkpt lat="48.520929" lon="14.552821">
      </trkpt>
      <trkpt lat="48.520285" lon="14.554869">
      </trkpt>
      <trkpt lat="48.521507" lon="14.558297">
      </trkpt>
      <trkpt lat="48.522056" lon="14.559358">
      </trkpt>
      <trkpt lat="48.523248" lon="14.560776">
      </trkpt>
      <trkpt lat="48.526464" lon="14.559159">
      </trkpt>
      <trkpt lat="48.526682" lon="14.551343">
      </trkpt>
      <trkpt lat="48.53198" lon="14.545684">
      </trkpt>
      <trkpt lat="48.535557" lon="14.546092">
      </trkpt>
      <trkpt lat="48.540496" lon="14.549594">
      </trkpt>
      <trkpt lat="48.549115" lon="14.549241">
      </trkpt>
      <trkpt lat="48.550739" lon="14.547417">
      </trkpt>
      <trkpt lat="48.557454" lon="14.542656">
      </trkpt>
      <trkpt lat="48.565196" lon="14.545204">
      </trkpt>
      <trkpt lat="48.564917" lon="14.551791">
      </trkpt>
      <trkpt lat="48.564652" lon="14.554736">
      </trkpt>
      <trkpt lat="48.564784" lon="14.555169">
      </trkpt>
      <trkpt lat="48.565506" lon="14.556074">
      </trkpt>
      <trkpt lat="48.565806" lon="14.556453">
      </trkpt>
      <trkpt lat="48.566032" lon="14.556676">
      </trkpt>
      <trkpt lat="48.573929" lon="14.559216">
      </trkpt>
      <trkpt lat="48.574629" lon="14.559661">
      </trkpt>
      <trkpt lat="48.574997" lon="14.55977">
      </trkpt>
      <trkpt lat="48.581457" lon="14.562856">
      </trkpt>
      <trkpt lat="48.583082" lon="14.569178">
      </trkpt>
      <trkpt lat="48.583126" lon="14.569281">
      </trkpt>
      <trkpt lat="48.585881" lon="14.569859">
      </trkpt>
      <trkpt lat="48.589473" lon="14.577781">
      </trkpt>
      <trkpt lat="48.588769" lon="14.580229">
      </trkpt>
      <trkpt lat="48.588524" lon="14.581758">
      </trkpt>
      <trkpt lat="48.588077" lon="14.584027">
      </trkpt>
      <trkpt lat="48.588389" lon="14.584228">
      </trkpt>
      <trkpt lat="48.589239" lon="14.584638">
      </trkpt>
      <trkpt lat="48.590699" lon="14.585066">
      </trkpt>
      <trkpt lat="48.592827" lon="14.584866">
      </trkpt>
      <trkpt lat="48.592868" lon="14.584708">
      </trkpt>
      <trkpt lat="48.592934" lon="14.584211">
      </trkpt>
      <trkpt lat="48.598306" lon="14.579553">
      </trkpt>
      <trkpt lat="48.603198" lon="14.582293">
      </trkpt>
      <trkpt lat="48.60398" lon="14.582757">
      </trkpt>
      <trkpt lat="48.605381" lon="14.583619">
      </trkpt>
      <trkpt lat="48.613952" lon="14.58598">
      </trkpt>
      <trkpt lat="48.618928" lon="14.59159">
      </trkpt>
      <trkpt lat="48.619208" lon="14.592146">
      </trkpt>
      <trkpt lat="48.619496" lon="14.592535">
      </trkpt>
      <trkpt lat="48.619942" lon="14.592972">
      </trkpt>
      <trkpt lat="48.623393" lon="14.596147">
      </trkpt>
      <trkpt lat="48.624337" lon="14.596689">
      </trkpt>
      <trkpt lat="48.625117" lon="14.596835">
      </trkpt>
      <trkpt lat="48.630113" lon="14.604252">
      </trkpt>
      <trkpt lat="48.629901" lon="14.604684">
      </trkpt>
      <trkpt lat="48.629738" lon="14.605131">
      </trkpt>
      <trkpt lat="48.629072" lon="14.606734">
      </trkpt>
      <trkpt lat="48.628726" lon="14.607463">
      </trkpt>
      <trkpt lat="48.628012" lon="14.609309">
      </trkpt>
      <trkpt lat="48.627163" lon="14.610788">
      </trkpt>
      <trkpt lat="48.626068" lon="14.612175">
      </trkpt>
      <trkpt lat="48.625407" lon="14.613031">
      </trkpt>
      <trkpt lat="48.625111" lon="14.613467">
      </trkpt>
      <trkpt lat="48.621978" lon="14.618372">
      </trkpt>
      <trkpt lat="48.617249" lon="14.622601">
      </trkpt>
      <trkpt lat="48.616852" lon="14.622901">
      </trkpt>
      <trkpt lat="48.616306" lon="14.623471">
      </trkpt>
      <trkpt lat="48.614175" lon="14.625734">
      </trkpt>
      <trkpt lat="48.612978" lon="14.62723">
      </trkpt>
      <trkpt lat="48.612878" lon="14.627927">
      </trkpt>
      <trkpt lat="48.612808" lon="14.628926">
      </trkpt>
      <trkpt lat="48.613894" lon="14.633704">
      </trkpt>
      <trkpt lat="48.611096" lon="14.640001">
      </trkpt>
      <trkpt lat="48.608154" lon="14.642076">
      </trkpt>
      <trkpt lat="48.608093" lon="14.645154">
      </trkpt>
      <trkpt lat="48.608118" lon="14.648931">
      </trkpt>
      <trkpt lat="48.610167" lon="14.651892">
      </trkpt>
      <trkpt lat="48.610732" lon="14.651501">
      </trkpt>
      <trkpt lat="48.618912" lon="14.654518">
      </trkpt>
      <trkpt lat="48.615635" lon="14.662004">
      </trkpt>
      <trkpt lat="48.612509" lon="14.663942">
      </trkpt>
      <trkpt lat="48.611621" lon="14.665974">
      </trkpt>
      <trkpt lat="48.611296" lon="14.66669">
      </trkpt>
      <trkpt lat="48.611123" lon="14.667317">
      </trkpt>
      <trkpt lat="48.608143" lon="14.674652">
      </trkpt>
      <trkpt lat="48.608468" lon="14.678819">
      </trkpt>
      <trkpt lat="48.605611" lon="14.686599">
      </trkpt>
      <trkpt lat="48.60309" lon="14.689135">
      </trkpt>
      <trkpt lat="48.602606" lon="14.69229">
      </trkpt>
      <trkpt lat="48.602004" lon="14.696389">
      </trkpt>
      <trkpt lat="48.60198" lon="14.696939">
      </trkpt>
      <trkpt lat="48.602014" lon="14.697313">
      </trkpt>
      <trkpt lat="48.602265" lon="14.699228">
      </trkpt>
      <trkpt lat="48.605834" lon="14.698761">
      </trkpt>
      <trkpt lat="48.606052" lon="14.695473">
      </trkpt>
      <trkpt lat="48.606179" lon="14.694699">
      </trkpt>
      <trkpt lat="48.606209" lon="14.694089">
      </trkpt>
      <trkpt lat="48.607339" lon="14.690445">
      </trkpt>
      <trkpt lat="48.614459" lon="14.68988">
      </trkpt>
      <trkpt lat="48.618058" lon="14.689933">
      </trkpt>
      <trkpt lat="48.61807" lon="14.689137">
      </trkpt>
      <trkpt lat="48.618034" lon="14.688559">
      </trkpt>
      <trkpt lat="48.617947" lon="14.688001">
      </trkpt>
      <trkpt lat="48.617797" lon="14.687402">
      </trkpt>
      <trkpt lat="48.616547" lon="14.685669">
      </trkpt>
      <trkpt lat="48.622427" lon="14.679006">
      </trkpt>
      <trkpt lat="48.625085" lon="14.681433">
      </trkpt>
      <trkpt lat="48.626379" lon="14.680016">
      </trkpt>
      <trkpt lat="48.634444" lon="14.681721">
      </trkpt>
      <trkpt lat="48.637507" lon="14.682413">
      </trkpt>
      <trkpt lat="48.637994" lon="14.682323">
      </trkpt>
      <trkpt lat="48.640997" lon="14.681528">
      </trkpt>
      <trkpt lat="48.648074" lon="14.681418">
      </trkpt>
      <trkpt lat="48.647249" lon="14.69011">
      </trkpt>
      <trkpt lat="48.64368" lon="14.69058">
      </trkpt>
      <trkpt lat="48.640074" lon="14.693731">
      </trkpt>
      <trkpt lat="48.639565" lon="14.693998">
      </trkpt>
      <trkpt lat="48.639513" lon="14.694942">
      </trkpt>
      <trkpt lat="48.639513" lon="14.694942">
      </trkpt>
      <trkpt lat="48.639482" lon="14.695517">
      </trkpt>
      <trkpt lat="48.640133" lon="14.696408">
      </trkpt>
      <trkpt lat="48.643125" lon="14.702956">
      </trkpt>
      <trkpt lat="48.644844" lon="14.705206">
      </trkpt>
      <trkpt lat="48.648379" lon="14.705887">
      </trkpt>
      <trkpt lat="48.648481" lon="14.705359">
      </trkpt>
      <trkpt lat="48.650714" lon="14.701224">
      </trkpt>
      <trkpt lat="48.658393" lon="14.696585">
      </trkpt>
      <trkpt lat="48.661833" lon="14.697646">
      </trkpt>
      <trkpt lat="48.669298" lon="14.701919">
      </trkpt>
      <trkpt lat="48.669544" lon="14.702879">
      </trkpt>
      <trkpt lat="48.669471" lon="14.706635">
      </trkpt>
      <trkpt lat="48.665078" lon="14.711322">
      </trkpt>
      <trkpt lat="48.663445" lon="14.712486">
      </trkpt>
      <trkpt lat="48.66237" lon="14.715822">
      </trkpt>
      <trkpt lat="48.662771" lon="14.715977">
      </trkpt>
      <trkpt lat="48.663586" lon="14.716102">
      </trkpt>
      <trkpt lat="48.668829" lon="14.716528">
      </trkpt>
      <trkpt lat="48.67026" lon="14.716612">
      </trkpt>
      <trkpt lat="48.676628" lon="14.717359">
      </trkpt>
      <trkpt lat="48.682133" lon="14.722966">
      </trkpt>
      <trkpt lat="48.685718" lon="14.723304">
      </trkpt>
      <trkpt lat="48.691405" lon="14.728925">
      </trkpt>
      <trkpt lat="48.691546" lon="14.729158">
      </trkpt>
      <trkpt lat="48.692734" lon="14.7299">
      </trkpt>
      <trkpt lat="48.698463" lon="14.73452">
      </trkpt>
      <trkpt lat="48.699213" lon="14.735115">
      </trkpt>
      <trkpt lat="48.70219" lon="14.742781">
      </trkpt>
      <trkpt lat="48.703367" lon="14.746233">
      </trkpt>
      <trkpt lat="48.70336" lon="14.753114">
      </trkpt>
      <trkpt lat="48.704053" lon="14.753687">
      </trkpt>
      <trkpt lat="48.704606" lon="14.754003">
      </trkpt>
      <trkpt lat="48.71149" lon="14.758077">
      </trkpt>
      <trkpt lat="48.714988" lon="14.762338">
      </trkpt>
      <trkpt lat="48.715425" lon="14.763106">
      </trkpt>
      <trkpt lat="48.716163" lon="14.763782">
      </trkpt>
      <trkpt lat="48.717394" lon="14.765002">
      </trkpt>
      <trkpt lat="48.720486" lon="14.765203">
      </trkpt>
      <trkpt lat="48.721672" lon="14.765331">
      </trkpt>
      <trkpt lat="48.723391" lon="14.765699">
      </trkpt>
      <trkpt lat="48.723963" lon="14.765924">
      </trkpt>
      <trkpt lat="48.724562" lon="14.766233">
      </trkpt>
      <trkpt lat="48.722995" lon="14.775072">
      </trkpt>
      <trkpt lat="48.722214" lon="14.775586">
      </trkpt>
      <trkpt lat="48.718231" lon="14.776648">
      </trkpt>
      <trkpt lat="48.718175" lon="14.778202">
      </trkpt>
      <trkpt lat="48.710712" lon="14.782368">
      </trkpt>
      <trkpt lat="48.710199" lon="14.782554">
      </trkpt>
      <trkpt lat="48.709626" lon="14.782911">
      </trkpt>
      <trkpt lat="48.709173" lon="14.783386">
      </trkpt>
      <trkpt lat="48.708762" lon="14.784215">
      </trkpt>
      <trkpt lat="48.707766" lon="14.787116">
      </trkpt>
      <trkpt lat="48.701561" lon="14.790795">
      </trkpt>
      <trkpt lat="48.699498" lon="14.791992">
      </trkpt>
      <trkpt lat="48.699458" lon="14.792381">
      </trkpt>
      <trkpt lat="48.699307" lon="14.797148">
      </trkpt>
      <trkpt lat="48.700811" lon="14.798624">
      </trkpt>
      <trkpt lat="48.706065" lon="14.804338">
      </trkpt>
      <trkpt lat="48.70574" lon="14.807232">
      </trkpt>
      <trkpt lat="48.705406" lon="14.81024">
      </trkpt>
      <trkpt lat="48.705377" lon="14.811099">
      </trkpt>
      <trkpt lat="48.704808" lon="14.81612">
      </trkpt>
      <trkpt lat="48.708263" lon="14.817133">
      </trkpt>
      <trkpt lat="48.708564" lon="14.816107">
      </trkpt>
      <trkpt lat="48.709052" lon="14.814693">
      </trkpt>
      <trkpt lat="48.70918" lon="14.814154">
      </trkpt>
      <trkpt lat="48.709265" lon="14.813443">
      </trkpt>
      <trkpt lat="48.709185" lon="14.812794">
      </trkpt>
      <trkpt lat="48.708998" lon="14.81133">
      </trkpt>
      <trkpt lat="48.709002" lon="14.810415">
      </trkpt>
      <trkpt lat="48.709318" lon="14.807634">
      </trkpt>
      <trkpt lat="48.714054" lon="14.800403">
      </trkpt>
      <trkpt lat="48.714246" lon="14.800212">
      </trkpt>
      <trkpt lat="48.714495" lon="14.799915">
      </trkpt>
      <trkpt lat="48.71629" lon="14.798285">
      </trkpt>
      <trkpt lat="48.71626" lon="14.797994">
      </trkpt>
      <trkpt lat="48.715608" lon="14.796741">
      </trkpt>
      <trkpt lat="48.719553" lon="14.789269">
      </trkpt>
      <trkpt lat="48.726665" lon="14.790155">
      </trkpt>
      <trkpt lat="48.727506" lon="14.790767">
      </trkpt>
      <trkpt lat="48.730806" lon="14.797487">
      </trkpt>
      <trkpt lat="48.730998" lon="14.798877">
      </trkpt>
      <trkpt lat="48.726225" lon="14.805723">
      </trkpt>
      <trkpt lat="48.72617" lon="14.806136">
      </trkpt>
      <trkpt lat="48.726028" lon="14.807679">
      </trkpt>
      <trkpt lat="48.725928" lon="14.809062">
      </trkpt>
      <trkpt lat="48.72594" lon="14.809666">
      </trkpt>
      <trkpt lat="48.72602" lon="14.811437">
      </trkpt>
      <trkpt lat="48.726" lon="14.811877">
      </trkpt>
      <trkpt lat="48.726181" lon="14.812833">
      </trkpt>
      <trkpt lat="48.726386" lon="14.81337">
      </trkpt>
      <trkpt lat="48.72676" lon="14.814084">
      </trkpt>
      <trkpt lat="48.727096" lon="14.822999">
      </trkpt>
      <trkpt lat="48.721786" lon="14.829814">
      </trkpt>
      <trkpt lat="48.721667" lon="14.830445">
      </trkpt>
      <trkpt lat="48.715346" lon="14.83614">
      </trkpt>
      <trkpt lat="48.714271" lon="14.837846">
      </trkpt>
      <trkpt lat="48.712847" lon="14.839296">
      </trkpt>
      <trkpt lat="48.711934" lon="14.839937">
      </trkpt>
      <trkpt lat="48.703564" lon="14.84013">
      </trkpt>
      <trkpt lat="48.700013" lon="14.840722">
      </trkpt>
      <trkpt lat="48.70013" lon="14.845963">
      </trkpt>
      <trkpt lat="48.700139" lon="14.846573">
      </trkpt>
      <trkpt lat="48.70022" lon="14.847371">
      </trkpt>
      <trkpt lat="48.700412" lon="14.848243">
      </trkpt>
      <trkpt lat="48.700613" lon="14.848858">
      </trkpt>
      <trkpt lat="48.701865" lon="14.856215">
      </trkpt>
      <trkpt lat="48.700206" lon="14.861673">
      </trkpt>
      <trkpt lat="48.700158" lon="14.862335">
      </trkpt>
      <trkpt lat="48.700173" lon="14.862478">
      </trkpt>
      <trkpt lat="48.701303" lon="14.871">
      </trkpt>
      <trkpt lat="48.701281" lon="14.871614">
      </trkpt>
      <trkpt lat="48.701275" lon="14.872183">
      </trkpt>
      <trkpt lat="48.701299" lon="14.873084">
      </trkpt>
      <trkpt lat="48.70135" lon="14.873939">
      </trkpt>
      <trkpt lat="48.701536" lon="14.875994">
      </trkpt>
      <trkpt lat="48.698432" lon="14.882549">
      </trkpt>
      <trkpt lat="48.697762" lon="14.886348">
      </trkpt>
      <trkpt lat="48.695836" lon="14.894002">
      </trkpt>
      <trkpt lat="48.695939" lon="14.89418">
      </trkpt>
      <trkpt lat="48.697184" lon="14.896219">
      </trkpt>
      <trkpt lat="48.697798" lon="14.89701">
      </trkpt>
      <trkpt lat="48.698253" lon="14.897395">
      </trkpt>
      <trkpt lat="48.698795" lon="14.89776">
      </trkpt>
      <trkpt lat="48.707154" lon="14.897677">
      </trkpt>
      <trkpt lat="48.708839" lon="14.899101">
      </trkpt>
      <trkpt lat="48.709449" lon="14.899487">
      </trkpt>
      <trkpt lat="48.713701" lon="14.90256">
      </trkpt>
      <trkpt lat="48.717113" lon="14.910038">
      </trkpt>
      <trkpt lat="48.717198" lon="14.911482">
      </trkpt>
      <trkpt lat="48.717307" lon="14.911763">
      </trkpt>
      <trkpt lat="48.718888" lon="14.912574">
      </trkpt>
      <trkpt lat="48.725802" lon="14.91344">
      </trkpt>
      <trkpt lat="48.728192" lon="14.910748">
      </trkpt>
      <trkpt lat="48.727581" lon="14.909695">
      </trkpt>
      <trkpt lat="48.729556" lon="14.901306">
      </trkpt>
      <trkpt lat="48.73017" lon="14.900896">
      </trkpt>
      <trkpt lat="48.730566" lon="14.900484">
      </trkpt>
      <trkpt lat="48.7327" lon="14.899043">
      </trkpt>
      <trkpt lat="48.733148" lon="14.898692">
      </trkpt>
      <trkpt lat="48.741333" lon="14.901996">
      </trkpt>
      <trkpt lat="48.741394" lon="14.902224">
      </trkpt>
      <trkpt lat="48.741566" lon="14.902668">
      </trkpt>
      <trkpt lat="48.741996" lon="14.903299">
      </trkpt>
      <trkpt lat="48.7446" lon="14.906775">
      </trkpt>
      <trkpt lat="48.747131" lon="14.911483">
      </trkpt>
      <trkpt lat="48.75244" lon="14.91522">
      </trkpt>
      <trkpt lat="48.75309" lon="14.914697">
      </trkpt>
      <trkpt lat="48.75859" lon="14.91211">
      </trkpt>
      <trkpt lat="48.759283" lon="14.911547">
      </trkpt>
      <trkpt lat="48.762099" lon="14.908877">
      </trkpt>
      <trkpt lat="48.762568" lon="14.908456">
      </trkpt>
      <trkpt lat="48.763343" lon="14.907528">
      </trkpt>
      <trkpt lat="48.763712" lon="14.90691">
      </trkpt>
      <trkpt lat="48.763979" lon="14.906291">
      </trkpt>
      <trkpt lat="48.764017" lon="14.906215">
      </trkpt>
      <trkpt lat="48.765805" lon="14.904006">
      </trkpt>
      <trkpt lat="48.766018" lon="14.903683">
      </trkpt>
      <trkpt lat="48.766235" lon="14.903211">
      </trkpt>
      <trkpt lat="48.767153" lon="14.90175">
      </trkpt>
      <trkpt lat="48.767503" lon="14.901338">
      </trkpt>
      <trkpt lat="48.767817" lon="14.900835">
      </trkpt>
      <trkpt lat="48.767977" lon="14.900463">
      </trkpt>
      <trkpt lat="48.770631" lon="14.897744">
      </trkpt>
      <trkpt lat="48.770917" lon="14.89753">
      </trkpt>
      <trkpt lat="48.771219" lon="14.89722">
      </trkpt>
      <trkpt lat="48.771513" lon="14.896739">
      </trkpt>
      <trkpt lat="48.771706" lon="14.896138">
      </trkpt>
      <trkpt lat="48.77176" lon="14.895773">
      </trkpt>
      <trkpt lat="48.772242" lon="14.894214">
      </trkpt>
      <trkpt lat="48.772422" lon="14.893783">
      </trkpt>
      <trkpt lat="48.777281" lon="14.889225">
      </trkpt>
      <trkpt lat="48.782286" lon="14.889485">
      </trkpt>
      <trkpt lat="48.783888" lon="14.896288">
      </trkpt>
      <trkpt lat="48.78297" lon="14.898194">
      </trkpt>
      <trkpt lat="48.78256" lon="14.8991">
      </trkpt>
      <trkpt lat="48.781309" lon="14.902256">
      </trkpt>
      <trkpt lat="48.780054" lon="14.905421">
      </trkpt>
      <trkpt lat="48.77475" lon="14.908221">
      </trkpt>
      <trkpt lat="48.772123" lon="14.910682">
      </trkpt>
      <trkpt lat="48.772615" lon="14.911207">
      </trkpt>
      <trkpt lat="48.775125" lon="14.919061">
      </trkpt>
      <trkpt lat="48.775125" lon="14.922661">
      </trkpt>
      <trkpt lat="48.775039" lon="14.927711">
      </trkpt>
      <trkpt lat="48.774538" lon="14.929598">
      </trkpt>
      <trkpt lat="48.778018" lon="14.930521">
      </trkpt>
      <trkpt lat="48.778519" lon="14.928634">
      </trkpt>
      <trkpt lat="48.77902" lon="14.926747">
      </trkpt>
      <trkpt lat="48.779651" lon="14.923857">
      </trkpt>
      <trkpt lat="48.780263" lon="14.921046">
      </trkpt>
      <trkpt lat="48.780437" lon="14.920278">
      </trkpt>
      <trkpt lat="48.780561" lon="14.919806">
      </trkpt>
      <trkpt lat="48.781318" lon="14.917313">
      </trkpt>
      <trkpt lat="48.781409" lon="14.916954">
      </trkpt>
      <trkpt lat="48.781522" lon="14.916252">
      </trkpt>
      <trkpt lat="48.784993" lon="14.910367">
      </trkpt>
      <trkpt lat="48.792292" lon="14.907917">
      </trkpt>
      <trkpt lat="48.796923" lon="14.908891">
      </trkpt>
      <trkpt lat="48.801397" lon="14.91141">
      </trkpt>
      <trkpt lat="48.803114" lon="14.9201">
      </trkpt>
      <trkpt lat="48.798967" lon="14.920574">
      </trkpt>
      <trkpt lat="48.796953" lon="14.923558">
      </trkpt>
      <trkpt lat="48.794138" lon="14.932002">
      </trkpt>
      <trkpt lat="48.791183" lon="14.932963">
      </trkpt>
      <trkpt lat="48.790151" lon="14.93333">
      </trkpt>
      <trkpt lat="48.791359" lon="14.936721">
      </trkpt>
      <trkpt lat="48.795687" lon="14.93705">
      </trkpt>
      <trkpt lat="48.802811" lon="14.941904">
      </trkpt>
      <trkpt lat="48.804889" lon="14.944844">
      </trkpt>
      <trkpt lat="48.809151" lon="14.943807">
      </trkpt>
      <trkpt lat="48.809492" lon="14.943139">
      </trkpt>
      <trkpt lat="48.809751" lon="14.942387">
      </trkpt>
      <trkpt lat="48.809844" lon="14.941967">
      </trkpt>
      <trkpt lat="48.810807" lon="14.939014">
      </trkpt>
      <trkpt lat="48.811048" lon="14.933751">
      </trkpt>
      <trkpt lat="48.811554" lon="14.932776">
      </trkpt>
      <trkpt lat="48.811847" lon="14.932226">
      </trkpt>
      <trkpt lat="48.812039" lon="14.931706">
      </trkpt>
      <trkpt lat="48.817777" lon="14.926712">
      </trkpt>
      <trkpt lat="48.818486" lon="14.926378">
      </trkpt>
      <trkpt lat="48.822286" lon="14.924999">
      </trkpt>
      <trkpt lat="48.822863" lon="14.924968">
      </trkpt>
      <trkpt lat="48.823476" lon="14.92486">
      </trkpt>
      <trkpt lat="48.828409" lon="14.924754">
      </trkpt>
      <trkpt lat="48.829288" lon="14.925067">
      </trkpt>
      <trkpt lat="48.830411" lon="14.925287">
      </trkpt>
      <trkpt lat="48.831796" lon="14.925484">
      </trkpt>
      <trkpt lat="48.832444" lon="14.925509">
      </trkpt>
      <trkpt lat="48.833168" lon="14.925406">
      </trkpt>
      <trkpt lat="48.833735" lon="14.925198">
      </trkpt>
      <trkpt lat="48.834234" lon="14.924918">
      </trkpt>
      <trkpt lat="48.834962" lon="14.924262">
      </trkpt>
      <trkpt lat="48.835329" lon="14.923761">
      </trkpt>
      <trkpt lat="48.835594" lon="14.923283">
      </trkpt>
      <trkpt lat="48.835816" lon="14.922779">
      </trkpt>
      <trkpt lat="48.836384" lon="14.921309">
      </trkpt>
      <trkpt lat="48.836631" lon="14.920822">
      </trkpt>
      <trkpt lat="48.836957" lon="14.920307">
      </trkpt>
      <trkpt lat="48.837829" lon="14.919032">
      </trkpt>
      <trkpt lat="48.840034" lon="14.915816">
      </trkpt>
      <trkpt lat="48.841251" lon="14.914575">
      </trkpt>
      <trkpt lat="48.847588" lon="14.920963">
      </trkpt>
      <trkpt lat="48.847409" lon="14.921318">
      </trkpt>
      <trkpt lat="48.847665" lon="14.922651">
      </trkpt>
      <trkpt lat="48.847432" lon="14.925694">
      </trkpt>
      <trkpt lat="48.846599" lon="14.927547">
      </trkpt>
      <trkpt lat="48.841754" lon="14.931022">
      </trkpt>
      <trkpt lat="48.841684" lon="14.931294">
      </trkpt>
      <trkpt lat="48.839233" lon="14.936453">
      </trkpt>
      <trkpt lat="48.837185" lon="14.937763">
      </trkpt>
      <trkpt lat="48.836183" lon="14.938506">
      </trkpt>
      <trkpt lat="48.828174" lon="14.93956">
      </trkpt>
      <trkpt lat="48.826564" lon="14.939213">
      </trkpt>
      <trkpt lat="48.82581" lon="14.939584">
      </trkpt>
      <trkpt lat="48.825365" lon="14.940024">
      </trkpt>
      <trkpt lat="48.822406" lon="14.942703">
      </trkpt>
      <trkpt lat="48.821461" lon="14.943247">
      </trkpt>
      <trkpt lat="48.820794" lon="14.943579">
      </trkpt>
      <trkpt lat="48.819318" lon="14.944293">
      </trkpt>
      <trkpt lat="48.819305" lon="14.945253">
      </trkpt>
      <trkpt lat="48.819373" lon="14.945588">
      </trkpt>
      <trkpt lat="48.819455" lon="14.946031">
      </trkpt>
      <trkpt lat="48.819743" lon="14.946671">
      </trkpt>
      <trkpt lat="48.817044" lon="14.954964">
      </trkpt>
      <trkpt lat="48.813547" lon="14.954011">
      </trkpt>
      <trkpt lat="48.810327" lon="14.955701">
      </trkpt>
      <trkpt lat="48.807063" lon="14.956578">
      </trkpt>
      <trkpt lat="48.806251" lon="14.956873">
      </trkpt>
      <trkpt lat="48.807483" lon="14.960256">
      </trkpt>
      <trkpt lat="48.813498" lon="14.963513">
      </trkpt>
      <trkpt lat="48.813478" lon="14.969219">
      </trkpt>
      <trkpt lat="48.813952" lon="14.969464">
      </trkpt>
      <trkpt lat="48.815724" lon="14.970039">
      </trkpt>
      <trkpt lat="48.820636" lon="14.976749">
      </trkpt>
      <trkpt lat="48.820642" lon="14.977777">
      </trkpt>
      <trkpt lat="48.820676" lon="14.979544">
      </trkpt>
      <trkpt lat="48.820725" lon="14.980084">
      </trkpt>
      <trkpt lat="48.820824" lon="14.980746">
      </trkpt>
      <trkpt lat="48.820961" lon="14.981506">
      </trkpt>
      <trkpt lat="48.821411" lon="14.983305">
      </trkpt>
      <trkpt lat="48.822264" lon="14.989573">
      </trkpt>
      <trkpt lat="48.822263" lon="14.991437">
      </trkpt>
      <trkpt lat="48.822262" lon="14.993315">
      </trkpt>
      <trkpt lat="48.822281" lon="14.995984">
      </trkpt>
      <trkpt lat="48.822268" lon="14.99744">
      </trkpt>
      <trkpt lat="48.821905" lon="15.002563">
      </trkpt>
      <trkpt lat="48.820574" lon="15.008082">
      </trkpt>
      <trkpt lat="48.820532" lon="15.008425">
      </trkpt>
      <trkpt lat="48.820969" lon="15.009623">
      </trkpt>
      <trkpt lat="48.823885" lon="15.009735">
      </trkpt>
      <trkpt lat="48.824453" lon="15.008716">
      </trkpt>
      <trkpt lat="48.825113" lon="15.006792">
      </trkpt>
      <trkpt lat="48.825289" lon="15.00605">
      </trkpt>
      <trkpt lat="48.825368" lon="15.005709">
      </trkpt>
      <trkpt lat="48.825585" lon="15.004087">
      </trkpt>
      <trkpt lat="48.825703" lon="15.003198">
      </trkpt>
      <trkpt lat="48.826343" lon="14.999196">
      </trkpt>
      <trkpt lat="48.82632" lon="14.998795">
      </trkpt>
      <trkpt lat="48.826266" lon="14.998215">
      </trkpt>
      <trkpt lat="48.826217" lon="14.99786">
      </trkpt>
      <trkpt lat="48.825862" lon="14.99329">
      </trkpt>
      <trkpt lat="48.825863" lon="14.991439">
      </trkpt>
      <trkpt lat="48.825864" lon="14.989575">
      </trkpt>
      <trkpt lat="48.825841" lon="14.988218">
      </trkpt>
      <trkpt lat="48.825802" lon="14.987438">
      </trkpt>
      <trkpt lat="48.82574" lon="14.986699">
      </trkpt>
      <trkpt lat="48.828606" lon="14.979065">
      </trkpt>
      <trkpt lat="48.830418" lon="14.977964">
      </trkpt>
      <trkpt lat="48.83247" lon="14.976845">
      </trkpt>
      <trkpt lat="48.833504" lon="14.976109">
      </trkpt>
      <trkpt lat="48.840626" lon="14.973884">
      </trkpt>
      <trkpt lat="48.844577" lon="14.974841">
      </trkpt>
      <trkpt lat="48.852938" lon="14.975988">
      </trkpt>
      <trkpt lat="48.853533" lon="14.979539">
      </trkpt>
      <trkpt lat="48.857047" lon="14.979543">
      </trkpt>
      <trkpt lat="48.860443" lon="14.978347">
      </trkpt>
      <trkpt lat="48.864024" lon="14.975052">
      </trkpt>
      <trkpt lat="48.864374" lon="14.971469">
      </trkpt>
      <trkpt lat="48.864324" lon="14.971323">
      </trkpt>
      <trkpt lat="48.862407" lon="14.966772">
      </trkpt>
      <trkpt lat="48.862446" lon="14.965698">
      </trkpt>
      <trkpt lat="48.8626" lon="14.963918">
      </trkpt>
      <trkpt lat="48.86395" lon="14.960913">
      </trkpt>
      <trkpt lat="48.865441" lon="14.958461">
      </trkpt>
      <trkpt lat="48.867408" lon="14.956954">
      </trkpt>
      <trkpt lat="48.868089" lon="14.956514">
      </trkpt>
      <trkpt lat="48.868733" lon="14.955765">
      </trkpt>
      <trkpt lat="48.869179" lon="14.954701">
      </trkpt>
      <trkpt lat="48.869266" lon="14.954546">
      </trkpt>
      <trkpt lat="48.871353" lon="14.952418">
      </trkpt>
      <trkpt lat="48.871567" lon="14.952234">
      </trkpt>
      <trkpt lat="48.878601" lon="14.957798">
      </trkpt>
      <trkpt lat="48.878341" lon="14.958251">
      </trkpt>
      <trkpt lat="48.878124" lon="14.958749">
      </trkpt>
      <trkpt lat="48.877941" lon="14.959321">
      </trkpt>
      <trkpt lat="48.877889" lon="14.960081">
      </trkpt>
      <trkpt lat="48.877028" lon="14.963672">
      </trkpt>
      <trkpt lat="48.87641" lon="14.965208">
      </trkpt>
      <trkpt lat="48.87624" lon="14.965858">
      </trkpt>
      <trkpt lat="48.877999" lon="14.967078">
      </trkpt>
      <trkpt lat="48.8798" lon="14.966395">
      </trkpt>
      <trkpt lat="48.879872" lon="14.966192">
      </trkpt>
      <trkpt lat="48.880358" lon="14.96504">
      </trkpt>
      <trkpt lat="48.881502" lon="14.96214">
      </trkpt>
      <trkpt lat="48.885976" lon="14.959514">
      </trkpt>
      <trkpt lat="48.890402" lon="14.960732">
      </trkpt>
      <trkpt lat="48.894578" lon="14.965172">
      </trkpt>
      <trkpt lat="48.895504" lon="14.96865">
      </trkpt>
      <trkpt lat="48.897408" lon="14.972803">
      </trkpt>
      <trkpt lat="48.897742" lon="14.974929">
      </trkpt>
      <trkpt lat="48.897847" lon="14.975469">
      </trkpt>
      <trkpt lat="48.898065" lon="14.976096">
      </trkpt>
      <trkpt lat="48.898425" lon="14.976704">
      </trkpt>
      <trkpt lat="48.899565" lon="14.978064">
      </trkpt>
      <trkpt lat="48.900142" lon="14.978817">
      </trkpt>
      <trkpt lat="48.900899" lon="14.979725">
      </trkpt>
      <trkpt lat="48.909042" lon="14.977549">
      </trkpt>
      <trkpt lat="48.909513" lon="14.977031">
      </trkpt>
      <trkpt lat="48.911267" lon="14.975576">
      </trkpt>
      <trkpt lat="48.917326" lon="14.981934">
      </trkpt>
      <trkpt lat="48.917228" lon="14.984051">
      </trkpt>
      <trkpt lat="48.917144" lon="14.986162">
      </trkpt>
      <trkpt lat="48.916047" lon="14.989694">
      </trkpt>
      <trkpt lat="48.915991" lon="14.992647">
      </trkpt>
      <trkpt lat="48.915967" lon="14.994729">
      </trkpt>
      <trkpt lat="48.915944" lon="14.996805">
      </trkpt>
      <trkpt lat="48.91592" lon="14.998358">
      </trkpt>
      <trkpt lat="48.916237" lon="14.998626">
      </trkpt>
      <trkpt lat="48.922016" lon="14.999458">
      </trkpt>
      <trkpt lat="48.925616" lon="14.999488">
      </trkpt>
      <trkpt lat="48.930329" lon="15.003643">
      </trkpt>
      <trkpt lat="48.933785" lon="15.004652">
      </trkpt>
      <trkpt lat="48.934115" lon="15.003712">
      </trkpt>
      <trkpt lat="48.934536" lon="15.002419">
      </trkpt>
      <trkpt lat="48.934664" lon="15.001931">
      </trkpt>
      <trkpt lat="48.934738" lon="15.001429">
      </trkpt>
      <trkpt lat="48.93477" lon="15.000695">
      </trkpt>
      <trkpt lat="48.934753" lon="15.000236">
      </trkpt>
      <trkpt lat="48.934818" lon="14.996568">
      </trkpt>
      <trkpt lat="48.934937" lon="14.996112">
      </trkpt>
      <trkpt lat="48.935163" lon="14.994883">
      </trkpt>
      <trkpt lat="48.935224" lon="14.994496">
      </trkpt>
      <trkpt lat="48.935261" lon="14.994111">
      </trkpt>
      <trkpt lat="48.935236" lon="14.993554">
      </trkpt>
      <trkpt lat="48.935035" lon="14.992415">
      </trkpt>
      <trkpt lat="48.9348" lon="14.991774">
      </trkpt>
      <trkpt lat="48.934442" lon="14.991252">
      </trkpt>
      <trkpt lat="48.933962" lon="14.990832">
      </trkpt>
      <trkpt lat="48.933422" lon="14.990577">
      </trkpt>
      <trkpt lat="48.929544" lon="14.989302">
      </trkpt>
      <trkpt lat="48.929129" lon="14.988954">
      </trkpt>
      <trkpt lat="48.926472" lon="14.985435">
      </trkpt>
      <trkpt lat="48.926154" lon="14.984578">
      </trkpt>
      <trkpt lat="48.92462" lon="14.98253">
      </trkpt>
      <trkpt lat="48.923715" lon="14.97952">
      </trkpt>
      <trkpt lat="48.92378" lon="14.97886">
      </trkpt>
      <trkpt lat="48.92374" lon="14.978314">
      </trkpt>
      <trkpt lat="48.923605" lon="14.977769">
      </trkpt>
      <trkpt lat="48.923356" lon="14.977221">
      </trkpt>
      <trkpt lat="48.922993" lon="14.976704">
      </trkpt>
      <trkpt lat="48.922206" lon="14.972683">
      </trkpt>
      <trkpt lat="48.922239" lon="14.972075">
      </trkpt>
      <trkpt lat="48.921859" lon="14.969439">
      </trkpt>
      <trkpt lat="48.921992" lon="14.96857">
      </trkpt>
      <trkpt lat="48.922092" lon="14.967165">
      </trkpt>
      <trkpt lat="48.925286" lon="14.961765">
      </trkpt>
      <trkpt lat="48.929852" lon="14.95595">
      </trkpt>
      <trkpt lat="48.931316" lon="14.955331">
      </trkpt>
      <trkpt lat="48.932542" lon="14.954793">
      </trkpt>
      <trkpt lat="48.933149" lon="14.954532">
      </trkpt>
      <trkpt lat="48.935607" lon="14.953388">
      </trkpt>
      <trkpt lat="48.937133" lon="14.952532">
      </trkpt>
      <trkpt lat="48.938877" lon="14.951654">
      </trkpt>
      <trkpt lat="48.944683" lon="14.951685">
      </trkpt>
      <trkpt lat="48.946174" lon="14.94994">
      </trkpt>
      <trkpt lat="48.94651" lon="14.949584">
      </trkpt>
      <trkpt lat="48.947877" lon="14.947917">
      </trkpt>
      <trkpt lat="48.955677" lon="14.947244">
      </trkpt>
      <trkpt lat="48.955961" lon="14.953402">
      </trkpt>
      <trkpt lat="48.953504" lon="14.9566">
      </trkpt>
      <trkpt lat="48.951867" lon="14.957519">
      </trkpt>
      <trkpt lat="48.951221" lon="14.958223">
      </trkpt>
      <trkpt lat="48.950537" lon="14.959481">
      </trkpt>
      <trkpt lat="48.949785" lon="14.960884">
      </trkpt>
      <trkpt lat="48.942456" lon="14.963131">
      </trkpt>
      <trkpt lat="48.939088" lon="14.964401">
      </trkpt>
      <trkpt lat="48.934767" lon="14.966809">
      </trkpt>
      <trkpt lat="48.932458" lon="14.969572">
      </trkpt>
      <trkpt lat="48.932348" lon="14.975055">
      </trkpt>
      <trkpt lat="48.933412" lon="14.978373">
      </trkpt>
      <trkpt lat="48.935606" lon="14.978008">
      </trkpt>
      <trkpt lat="48.939202" lon="14.977821">
      </trkpt>
      <trkpt lat="48.946884" lon="14.975946">
      </trkpt>
      <trkpt lat="48.947205" lon="14.97598">
      </trkpt>
      <trkpt lat="48.952159" lon="14.977521">
      </trkpt>
      <trkpt lat="48.954559" lon="14.978814">
      </trkpt>
      <trkpt lat="48.956374" lon="14.987184">
      </trkpt>
      <trkpt lat="48.95615" lon="14.987623">
      </trkpt>
      <trkpt lat="48.955983" lon="14.988063">
      </trkpt>
      <trkpt lat="48.955503" lon="14.989845">
      </trkpt>
      <trkpt lat="48.954978" lon="14.99184">
      </trkpt>
      <trkpt lat="48.953872" lon="14.994642">
      </trkpt>
      <trkpt lat="48.953664" lon="14.99507">
      </trkpt>
      <trkpt lat="48.953525" lon="14.995657">
      </trkpt>
      <trkpt lat="48.950722" lon="15.000368">
      </trkpt>
      <trkpt lat="48.95073" lon="15.000652">
      </trkpt>
      <trkpt lat="48.950876" lon="15.002855">
      </trkpt>
      <trkpt lat="48.951036" lon="15.004275">
      </trkpt>
      <trkpt lat="48.950473" lon="15.007765">
      </trkpt>
      <trkpt lat="48.950441" lon="15.008176">
      </trkpt>
      <trkpt lat="48.950431" lon="15.008742">
      </trkpt>
      <trkpt lat="48.95028" lon="15.011705">
      </trkpt>
      <trkpt lat="48.950129" lon="15.012402">
      </trkpt>
      <trkpt lat="48.950085" lon="15.012924">
      </trkpt>
      <trkpt lat="48.950085" lon="15.013248">
      </trkpt>
      <trkpt lat="48.950106" lon="15.013583">
      </trkpt>
      <trkpt lat="48.949759" lon="15.017114">
      </trkpt>
      <trkpt lat="48.948782" lon="15.019544">
      </trkpt>
      <trkpt lat="48.94863" lon="15.020058">
      </trkpt>
      <trkpt lat="48.94856" lon="15.020472">
      </trkpt>
      <trkpt lat="48.94851" lon="15.020922">
      </trkpt>
      <trkpt lat="48.940863" lon="15.025274">
      </trkpt>
      <trkpt lat="48.940271" lon="15.025079">
      </trkpt>
      <trkpt lat="48.939464" lon="15.025101">
      </trkpt>
      <trkpt lat="48.93867" lon="15.025334">
      </trkpt>
      <trkpt lat="48.938613" lon="15.025369">
      </trkpt>
      <trkpt lat="48.937857" lon="15.028888">
      </trkpt>
      <trkpt lat="48.934684" lon="15.033826">
      </trkpt>
      <trkpt lat="48.931635" lon="15.035633">
      </trkpt>
      <trkpt lat="48.930679" lon="15.036087">
      </trkpt>
      <trkpt lat="48.930129" lon="15.036403">
      </trkpt>
      <trkpt lat="48.929752" lon="15.037801">
      </trkpt>
      <trkpt lat="48.930164" lon="15.041377">
      </trkpt>
      <trkpt lat="48.934075" lon="15.043378">
      </trkpt>
      <trkpt lat="48.937842" lon="15.047113">
      </trkpt>
      <trkpt lat="48.938945" lon="15.055645">
      </trkpt>
      <trkpt lat="48.93843" lon="15.056287">
      </trkpt>
      <trkpt lat="48.938124" lon="15.056619">
      </trkpt>
      <trkpt lat="48.936542" lon="15.058067">
      </trkpt>
      <trkpt lat="48.938972" lon="15.060723">
      </trkpt>
      <trkpt lat="48.944835" lon="15.061517">
      </trkpt>
      <trkpt lat="48.94726" lon="15.061193">
      </trkpt>
      <trkpt lat="48.947926" lon="15.060456">
      </trkpt>
      <trkpt lat="48.948176" lon="15.060176">
      </trkpt>
      <trkpt lat="48.953163" lon="15.054549">
      </trkpt>
      <trkpt lat="48.953773" lon="15.053699">
      </trkpt>
      <trkpt lat="48.960735" lon="15.050199">
      </trkpt>
      <trkpt lat="48.966147" lon="15.052421">
      </trkpt>
      <trkpt lat="48.96772" lon="15.051107">
      </trkpt>
      <trkpt lat="48.975801" lon="15.052955">
      </trkpt>
      <trkpt lat="48.979266" lon="15.051979">
      </trkpt>
      <trkpt lat="48.985093" lon="15.056302">
      </trkpt>
      <trkpt lat="48.986095" lon="15.057835">
      </trkpt>
      <trkpt lat="48.987467" lon="15.061239">
      </trkpt>
      <trkpt lat="48.988856" lon="15.062368">
      </trkpt>
      <trkpt lat="48.990807" lon="15.062584">
      </trkpt>
      <trkpt lat="48.996154" lon="15.063328">
      </trkpt>
      <trkpt lat="48.99813" lon="15.062481">
      </trkpt>
      <trkpt lat="48.999438" lon="15.061852">
      </trkpt>
      <trkpt lat="49.0002" lon="15.060979">
      </trkpt>
      <trkpt lat="49.000257" lon="15.06091">
      </trkpt>
      <trkpt lat="49.000625" lon="15.056845">
      </trkpt>
      <trkpt lat="49.000435" lon="15.056308">
      </trkpt>
      <trkpt lat="49.000168" lon="15.055623">
      </trkpt>
      <trkpt lat="49.000036" lon="15.055443">
      </trkpt>
      <trkpt lat="48.996386" lon="15.048084">
      </trkpt>
      <trkpt lat="48.995979" lon="15.047049">
      </trkpt>
      <trkpt lat="48.995235" lon="15.041096">
      </trkpt>
      <trkpt lat="48.995292" lon="15.040683">
      </trkpt>
      <trkpt lat="48.995297" lon="15.040222">
      </trkpt>
      <trkpt lat="48.995253" lon="15.039862">
      </trkpt>
      <trkpt lat="48.995122" lon="15.039417">
      </trkpt>
      <trkpt lat="48.994924" lon="15.039017">
      </trkpt>
      <trkpt lat="48.994603" lon="15.038605">
      </trkpt>
      <trkpt lat="48.993462" lon="15.037834">
      </trkpt>
      <trkpt lat="48.992052" lon="15.037098">
      </trkpt>
      <trkpt lat="48.990334" lon="15.036254">
      </trkpt>
      <trkpt lat="48.987163" lon="15.029645">
      </trkpt>
      <trkpt lat="48.990518" lon="15.025758">
      </trkpt>
      <trkpt lat="48.991269" lon="15.024935">
      </trkpt>
      <trkpt lat="48.991666" lon="15.024231">
      </trkpt>
      <trkpt lat="49.000127" lon="15.021793">
      </trkpt>
      <trkpt lat="49.003601" lon="15.02274">
      </trkpt>
      <trkpt lat="49.006209" lon="15.020764">
      </trkpt>
      <trkpt lat="49.008453" lon="15.017949">
      </trkpt>
      <trkpt lat="49.007132" lon="15.016896">
      </trkpt>
      <trkpt lat="49.006827" lon="15.016677">
      </trkpt>
      <trkpt lat="49.006179" lon="15.016384">
      </trkpt>
      <trkpt lat="49.005272" lon="15.016313">
      </trkpt>
      <trkpt lat="49.003598" lon="15.016439">
      </trkpt>
      <trkpt lat="49.003255" lon="15.016407">
      </trkpt>
      <trkpt lat="48.999048" lon="15.010543">
      </trkpt>
      <trkpt lat="49.003123" lon="15.007239">
      </trkpt>
      <trkpt lat="49.003778" lon="15.007097">
      </trkpt>
      <trkpt lat="49.005063" lon="15.006561">
      </trkpt>
      <trkpt lat="49.006339" lon="15.005747">
      </trkpt>
      <trkpt lat="49.004473" lon="15.002668">
      </trkpt>
      <trkpt lat="49.004258" lon="14.995283">
      </trkpt>
      <trkpt lat="49.004083" lon="14.992481">
      </trkpt>
      <trkpt lat="49.004235" lon="14.991355">
      </trkpt>
      <trkpt lat="49.012793" lon="14.989642">
      </trkpt>
      <trkpt lat="49.016365" lon="14.990092">
      </trkpt>
      <trkpt lat="49.023272" lon="14.995068">
      </trkpt>
      <trkpt lat="49.023346" lon="14.995855">
      </trkpt>
      <trkpt lat="49.023484" lon="14.996433">
      </trkpt>
      <trkpt lat="49.022984" lon="15.003915">
      </trkpt>
      <trkpt lat="49.022697" lon="15.004608">
      </trkpt>
      <trkpt lat="49.022605" lon="15.005027">
      </trkpt>
      <trkpt lat="49.022315" lon="15.009684">
      </trkpt>
      <trkpt lat="49.022229" lon="15.010059">
      </trkpt>
      <trkpt lat="49.02217" lon="15.010395">
      </trkpt>
      <trkpt lat="49.021986" lon="15.011266">
      </trkpt>
      <trkpt lat="49.021898" lon="15.011935">
      </trkpt>
      <trkpt lat="49.021899" lon="15.012338">
      </trkpt>
      <trkpt lat="49.021655" lon="15.015061">
      </trkpt>
      <trkpt lat="49.021494" lon="15.015843">
      </trkpt>
      <trkpt lat="49.021195" lon="15.016773">
      </trkpt>
      <trkpt lat="49.022" lon="15.017636">
      </trkpt>
      <trkpt lat="49.022473" lon="15.018134">
      </trkpt>
      <trkpt lat="49.018389" lon="15.025945">
      </trkpt>
      <trkpt lat="49.01816" lon="15.029003">
      </trkpt>
      <trkpt lat="49.018147" lon="15.029529">
      </trkpt>
      <trkpt lat="49.018177" lon="15.029981">
      </trkpt>
      <trkpt lat="49.018266" lon="15.030531">
      </trkpt>
      <trkpt lat="49.018319" lon="15.030799">
      </trkpt>
      <trkpt lat="49.018527" lon="15.033719">
      </trkpt>
      <trkpt lat="49.018469" lon="15.034554">
      </trkpt>
      <trkpt lat="49.018065" lon="15.037229">
      </trkpt>
      <trkpt lat="49.018008" lon="15.037663">
      </trkpt>
      <trkpt lat="49.017958" lon="15.038281">
      </trkpt>
      <trkpt lat="49.017997" lon="15.038849">
      </trkpt>
      <trkpt lat="49.018133" lon="15.039348">
      </trkpt>
      <trkpt lat="49.018922" lon="15.041917">
      </trkpt>
      <trkpt lat="49.019005" lon="15.042327">
      </trkpt>
      <trkpt lat="49.01914" lon="15.042824">
      </trkpt>
      <trkpt lat="49.019766" lon="15.044944">
      </trkpt>
      <trkpt lat="49.019874" lon="15.04557">
      </trkpt>
      <trkpt lat="49.019992" lon="15.046086">
      </trkpt>
      <trkpt lat="49.020252" lon="15.047534">
      </trkpt>
      <trkpt lat="49.020546" lon="15.050515">
      </trkpt>
      <trkpt lat="49.020576" lon="15.05096">
      </trkpt>
      <trkpt lat="49.020433" lon="15.054661">
      </trkpt>
      <trkpt lat="49.020312" lon="15.055241">
      </trkpt>
      <trkpt lat="49.020241" lon="15.056198">
      </trkpt>
      <trkpt lat="49.0203" lon="15.056833">
      </trkpt>
      <trkpt lat="49.019921" lon="15.060332">
      </trkpt>
      <trkpt lat="49.019887" lon="15.061049">
      </trkpt>
      <trkpt lat="49.019906" lon="15.061526">
      </trkpt>
      <trkpt lat="49.019704" lon="15.065872">
      </trkpt>
      <trkpt lat="49.015751" lon="15.070915">
      </trkpt>
      <trkpt lat="49.017244" lon="15.07456">
      </trkpt>
      <trkpt lat="49.01745" lon="15.075143">
      </trkpt>
      <trkpt lat="49.019836" lon="15.083511">
      </trkpt>
      <trkpt lat="49.020041" lon="15.087247">
      </trkpt>
      <trkpt lat="49.019224" lon="15.095205">
      </trkpt>
      <trkpt lat="49.017718" lon="15.09686">
      </trkpt>
      <trkpt lat="49.017255" lon="15.09766">
      </trkpt>
      <trkpt lat="49.017172" lon="15.097902">
      </trkpt>
      <trkpt lat="49.01631" lon="15.100422">
      </trkpt>
      <trkpt lat="49.016329" lon="15.106813">
      </trkpt>
      <trkpt lat="49.017618" lon="15.107918">
      </trkpt>
      <trkpt lat="49.022044" lon="15.110584">
      </trkpt>
      <trkpt lat="49.024571" lon="15.110286">
      </trkpt>
      <trkpt lat="49.025539" lon="15.109719">
      </trkpt>
      <trkpt lat="49.028833" lon="15.105823">
      </trkpt>
      <trkpt lat="49.036629" lon="15.103369">
      </trkpt>
      <trkpt lat="49.044437" lon="15.107364">
      </trkpt>
      <trkpt lat="49.044587" lon="15.107841">
      </trkpt>
      <trkpt lat="49.044688" lon="15.108075">
      </trkpt>
      <trkpt lat="49.044713" lon="15.114983">
      </trkpt>
      <trkpt lat="49.045856" lon="15.118397">
      </trkpt>
      <trkpt lat="49.046799" lon="15.124737">
      </trkpt>
      <trkpt lat="49.046802" lon="15.12509">
      </trkpt>
      <trkpt lat="49.04685" lon="15.127951">
      </trkpt>
      <trkpt lat="49.05045" lon="15.127999">
      </trkpt>
      <trkpt lat="49.056166" lon="15.130668">
      </trkpt>
      <trkpt lat="49.061425" lon="15.137063">
      </trkpt>
      <trkpt lat="49.061409" lon="15.138777">
      </trkpt>
      <trkpt lat="49.061408" lon="15.139357">
      </trkpt>
      <trkpt lat="49.059532" lon="15.146203">
      </trkpt>
      <trkpt lat="49.063077" lon="15.149042">
      </trkpt>
      <trkpt lat="49.066674" lon="15.148885">
      </trkpt>
      <trkpt lat="49.066856" lon="15.147847">
      </trkpt>
      <trkpt lat="49.066827" lon="15.146808">
      </trkpt>
      <trkpt lat="49.066082" lon="15.143636">
      </trkpt>
      <trkpt lat="49.06708" lon="15.135874">
      </trkpt>
      <trkpt lat="49.068122" lon="15.134135">
      </trkpt>
      <trkpt lat="49.076099" lon="15.132785">
      </trkpt>
      <trkpt lat="49.076884" lon="15.132415">
      </trkpt>
      <trkpt lat="49.082714" lon="15.12877">
      </trkpt>
      <trkpt lat="49.084592" lon="15.127835">
      </trkpt>
      <trkpt lat="49.084959" lon="15.127639">
      </trkpt>
      <trkpt lat="49.085655" lon="15.126496">
      </trkpt>
      <trkpt lat="49.085647" lon="15.126152">
      </trkpt>
      <trkpt lat="49.085417" lon="15.125232">
      </trkpt>
      <trkpt lat="49.085306" lon="15.124667">
      </trkpt>
      <trkpt lat="49.085278" lon="15.124589">
      </trkpt>
      <trkpt lat="49.083027" lon="15.118142">
      </trkpt>
      <trkpt lat="49.083067" lon="15.117739">
      </trkpt>
      <trkpt lat="49.083396" lon="15.115429">
      </trkpt>
      <trkpt lat="49.083557" lon="15.11475">
      </trkpt>
      <trkpt lat="49.083622" lon="15.114526">
      </trkpt>
      <trkpt lat="49.083695" lon="15.114156">
      </trkpt>
      <trkpt lat="49.084361" lon="15.112436">
      </trkpt>
      <trkpt lat="49.084508" lon="15.112075">
      </trkpt>
      <trkpt lat="49.093397" lon="15.111391">
      </trkpt>
      <trkpt lat="49.095814" lon="15.114058">
      </trkpt>
      <trkpt lat="49.096195" lon="15.113714">
      </trkpt>
      <trkpt lat="49.096657" lon="15.113166">
      </trkpt>
      <trkpt lat="49.097041" lon="15.112567">
      </trkpt>
      <trkpt lat="49.097999" lon="15.110662">
      </trkpt>
      <trkpt lat="49.098462" lon="15.109588">
      </trkpt>
      <trkpt lat="49.098875" lon="15.108548">
      </trkpt>
      <trkpt lat="49.099078" lon="15.107896">
      </trkpt>
      <trkpt lat="49.099175" lon="15.107482">
      </trkpt>
      <trkpt lat="49.099331" lon="15.10653">
      </trkpt>
      <trkpt lat="49.099376" lon="15.106042">
      </trkpt>
      <trkpt lat="49.099368" lon="15.1056">
      </trkpt>
      <trkpt lat="49.099314" lon="15.105207">
      </trkpt>
      <trkpt lat="49.099101" lon="15.104244">
      </trkpt>
      <trkpt lat="49.098959" lon="15.103753">
      </trkpt>
      <trkpt lat="49.098784" lon="15.103327">
      </trkpt>
      <trkpt lat="49.098372" lon="15.102653">
      </trkpt>
      <trkpt lat="49.097566" lon="15.101492">
      </trkpt>
      <trkpt lat="49.097301" lon="15.10118">
      </trkpt>
      <trkpt lat="49.095191" lon="15.094455">
      </trkpt>
      <trkpt lat="49.096283" lon="15.091623">
      </trkpt>
      <trkpt lat="49.096454" lon="15.091071">
      </trkpt>
      <trkpt lat="49.096526" lon="15.090669">
      </trkpt>
      <trkpt lat="49.103703" lon="15.085596">
      </trkpt>
      <trkpt lat="49.107239" lon="15.089389">
      </trkpt>
      <trkpt lat="49.110825" lon="15.089066">
      </trkpt>
      <trkpt lat="49.110601" lon="15.086589">
      </trkpt>
      <trkpt lat="49.110609" lon="15.086108">
      </trkpt>
      <trkpt lat="49.11193" lon="15.081305">
      </trkpt>
      <trkpt lat="49.118293" lon="15.076676">
      </trkpt>
      <trkpt lat="49.122969" lon="15.077072">
      </trkpt>
      <trkpt lat="49.123316" lon="15.077206">
      </trkpt>
      <trkpt lat="49.126929" lon="15.080109">
      </trkpt>
      <trkpt lat="49.127382" lon="15.08539">
      </trkpt>
      <trkpt lat="49.124542" lon="15.089031">
      </trkpt>
      <trkpt lat="49.124122" lon="15.090318">
      </trkpt>
      <trkpt lat="49.123712" lon="15.091424">
      </trkpt>
      <trkpt lat="49.122795" lon="15.093686">
      </trkpt>
      <trkpt lat="49.121878" lon="15.095948">
      </trkpt>
      <trkpt lat="49.120961" lon="15.09821">
      </trkpt>
      <trkpt lat="49.120016" lon="15.100544">
      </trkpt>
      <trkpt lat="49.119831" lon="15.101082">
      </trkpt>
      <trkpt lat="49.119748" lon="15.101442">
      </trkpt>
      <trkpt lat="49.119707" lon="15.101739">
      </trkpt>
      <trkpt lat="49.11735" lon="15.107827">
      </trkpt>
      <trkpt lat="49.11711" lon="15.108237">
      </trkpt>
      <trkpt lat="49.116857" lon="15.108751">
      </trkpt>
      <trkpt lat="49.116657" lon="15.109215">
      </trkpt>
      <trkpt lat="49.116448" lon="15.109801">
      </trkpt>
      <trkpt lat="49.116272" lon="15.110515">
      </trkpt>
      <trkpt lat="49.115667" lon="15.112858">
      </trkpt>
      <trkpt lat="49.115453" lon="15.113626">
      </trkpt>
      <trkpt lat="49.118921" lon="15.114592">
      </trkpt>
      <trkpt lat="49.11944" lon="15.113041">
      </trkpt>
      <trkpt lat="49.119666" lon="15.112136">
      </trkpt>
      <trkpt lat="49.121928" lon="15.107529">
      </trkpt>
      <trkpt lat="49.12934" lon="15.102897">
      </trkpt>
      <trkpt lat="49.132923" lon="15.103247">
      </trkpt>
      <trkpt lat="49.140105" lon="15.102165">
      </trkpt>
      <trkpt lat="49.141884" lon="15.105849">
      </trkpt>
      <trkpt lat="49.141876" lon="15.107802">
      </trkpt>
      <trkpt lat="49.145476" lon="15.107817">
      </trkpt>
      <trkpt lat="49.146819" lon="15.10648">
      </trkpt>
      <trkpt lat="49.146885" lon="15.102908">
      </trkpt>
      <trkpt lat="49.145389" lon="15.10066">
      </trkpt>
      <trkpt lat="49.142724" lon="15.093107">
      </trkpt>
      <trkpt lat="49.142611" lon="15.092416">
      </trkpt>
      <trkpt lat="49.142515" lon="15.091978">
      </trkpt>
      <trkpt lat="49.142018" lon="15.086332">
      </trkpt>
      <trkpt lat="49.142035" lon="15.085769">
      </trkpt>
      <trkpt lat="49.142026" lon="15.08515">
      </trkpt>
      <trkpt lat="49.141986" lon="15.084589">
      </trkpt>
      <trkpt lat="49.141771" lon="15.083327">
      </trkpt>
      <trkpt lat="49.141707" lon="15.079817">
      </trkpt>
      <trkpt lat="49.141734" lon="15.076922">
      </trkpt>
      <trkpt lat="49.141667" lon="15.07626">
      </trkpt>
      <trkpt lat="49.145121" lon="15.070099">
      </trkpt>
      <trkpt lat="49.148136" lon="15.069987">
      </trkpt>
      <trkpt lat="49.150834" lon="15.068297">
      </trkpt>
      <trkpt lat="49.154105" lon="15.066794">
      </trkpt>
      <trkpt lat="49.157728" lon="15.058897">
      </trkpt>
      <trkpt lat="49.159132" lon="15.058052">
      </trkpt>
      <trkpt lat="49.160404" lon="15.057404">
      </trkpt>
      <trkpt lat="49.16827" lon="15.059378">
      </trkpt>
      <trkpt lat="49.17027" lon="15.06035">
      </trkpt>
      <trkpt lat="49.171497" lon="15.060974">
      </trkpt>
      <trkpt lat="49.173366" lon="15.059292">
      </trkpt>
      <trkpt lat="49.174777" lon="15.058257">
      </trkpt>
      <trkpt lat="49.180431" lon="15.055741">
      </trkpt>
      <trkpt lat="49.184102" lon="15.059806">
      </trkpt>
      <trkpt lat="49.184899" lon="15.060982">
      </trkpt>
      <trkpt lat="49.186545" lon="15.062909">
      </trkpt>
      <trkpt lat="49.186651" lon="15.063028">
      </trkpt>
      <trkpt lat="49.189285" lon="15.065343">
      </trkpt>
      <trkpt lat="49.192319" lon="15.063405">
      </trkpt>
      <trkpt lat="49.191139" lon="15.055934">
      </trkpt>
      <trkpt lat="49.191969" lon="15.053752">
      </trkpt>
      <trkpt lat="49.18633" lon="15.047934">
      </trkpt>
      <trkpt lat="49.181506" lon="15.041752">
      </trkpt>
      <trkpt lat="49.178077" lon="15.040656">
      </trkpt>
      <trkpt lat="49.169511" lon="15.039005">
      </trkpt>
      <trkpt lat="49.171612" lon="15.033725">
      </trkpt>
      <trkpt lat="49.173439" lon="15.0317">
      </trkpt>
      <trkpt lat="49.174677" lon="15.03099">
      </trkpt>
      <trkpt lat="49.176104" lon="15.027684">
      </trkpt>
      <trkpt lat="49.178043" lon="15.024565">
      </trkpt>
      <trkpt lat="49.178559" lon="15.021864">
      </trkpt>
      <trkpt lat="49.178614" lon="15.01962">
      </trkpt>
      <trkpt lat="49.180172" lon="15.014739">
      </trkpt>
      <trkpt lat="49.187487" lon="15.011613">
      </trkpt>
      <trkpt lat="49.189509" lon="15.00997">
      </trkpt>
      <trkpt lat="49.1895" lon="15.009834">
      </trkpt>
      <trkpt lat="49.189412" lon="15.009351">
      </trkpt>
      <trkpt lat="49.188674" lon="15.008215">
      </trkpt>
      <trkpt lat="49.188254" lon="15.008068">
      </trkpt>
      <trkpt lat="49.184878" lon="15.005531">
      </trkpt>
      <trkpt lat="49.181297" lon="15.005161">
      </trkpt>
      <trkpt lat="49.175634" lon="15.007271">
      </trkpt>
      <trkpt lat="49.171022" lon="15.003118">
      </trkpt>
      <trkpt lat="49.169228" lon="15.003269">
      </trkpt>
      <trkpt lat="49.164685" lon="15.001791">
      </trkpt>
      <trkpt lat="49.164188" lon="15.001352">
      </trkpt>
      <trkpt lat="49.159812" lon="14.99736">
      </trkpt>
      <trkpt lat="49.164762" lon="14.989906">
      </trkpt>
      <trkpt lat="49.167148" lon="14.990123">
      </trkpt>
      <trkpt lat="49.168152" lon="14.989384">
      </trkpt>
      <trkpt lat="49.170996" lon="14.986672">
      </trkpt>
      <trkpt lat="49.171481" lon="14.986145">
      </trkpt>
      <trkpt lat="49.172475" lon="14.984902">
      </trkpt>
      <trkpt lat="49.173977" lon="14.982891">
      </trkpt>
      <trkpt lat="49.177251" lon="14.980238">
      </trkpt>
      <trkpt lat="49.177649" lon="14.980011">
      </trkpt>
      <trkpt lat="49.185285" lon="14.983668">
      </trkpt>
      <trkpt lat="49.185121" lon="14.986019">
      </trkpt>
      <trkpt lat="49.184957" lon="14.988361">
      </trkpt>
      <trkpt lat="49.184884" lon="14.989345">
      </trkpt>
      <trkpt lat="49.183572" lon="14.993354">
      </trkpt>
      <trkpt lat="49.182978" lon="14.994378">
      </trkpt>
      <trkpt lat="49.186037" lon="14.996373">
      </trkpt>
      <trkpt lat="49.186072" lon="14.996407">
      </trkpt>
      <trkpt lat="49.187294" lon="14.995085">
      </trkpt>
      <trkpt lat="49.188585" lon="14.99383">
      </trkpt>
      <trkpt lat="49.188463" lon="14.989726">
      </trkpt>
      <trkpt lat="49.188547" lon="14.988632">
      </trkpt>
      <trkpt lat="49.188712" lon="14.98627">
      </trkpt>
      <trkpt lat="49.18892" lon="14.983786">
      </trkpt>
      <trkpt lat="49.189868" lon="14.980827">
      </trkpt>
      <trkpt lat="49.190697" lon="14.978419">
      </trkpt>
      <trkpt lat="49.191016" lon="14.977633">
      </trkpt>
      <trkpt lat="49.191096" lon="14.97745">
      </trkpt>
      <trkpt lat="49.191881" lon="14.974117">
      </trkpt>
      <trkpt lat="49.190072" lon="14.972175">
      </trkpt>
      <trkpt lat="49.191891" lon="14.964286">
      </trkpt>
      <trkpt lat="49.197171" lon="14.961289">
      </trkpt>
      <trkpt lat="49.198704" lon="14.961417">
      </trkpt>
      <trkpt lat="49.203495" lon="14.968997">
      </trkpt>
      <trkpt lat="49.202967" lon="14.969958">
      </trkpt>
      <trkpt lat="49.20289" lon="14.970544">
      </trkpt>
      <trkpt lat="49.202911" lon="14.970979">
      </trkpt>
      <trkpt lat="49.202842" lon="14.972938">
      </trkpt>
      <trkpt lat="49.202753" lon="14.973816">
      </trkpt>
      <trkpt lat="49.202526" lon="14.975348">
      </trkpt>
      <trkpt lat="49.206087" lon="14.975876">
      </trkpt>
      <trkpt lat="49.214455" lon="14.973417">
      </trkpt>
      <trkpt lat="49.220511" lon="14.969277">
      </trkpt>
      <trkpt lat="49.224095" lon="14.972762">
      </trkpt>
      <trkpt lat="49.227528" lon="14.971681">
      </trkpt>
      <trkpt lat="49.226959" lon="14.969872">
      </trkpt>
      <trkpt lat="49.23403" lon="14.96537">
      </trkpt>
      <trkpt lat="49.234685" lon="14.965823">
      </trkpt>
      <trkpt lat="49.235163" lon="14.966057">
      </trkpt>
      <trkpt lat="49.235775" lon="14.966237">
      </trkpt>
      <trkpt lat="49.240461" lon="14.972181">
      </trkpt>
      <trkpt lat="49.24058" lon="14.97291">
      </trkpt>
      <trkpt lat="49.24069" lon="14.973353">
      </trkpt>
      <trkpt lat="49.241137" lon="14.974647">
      </trkpt>
      <trkpt lat="49.24454" lon="14.973471">
      </trkpt>
      <trkpt lat="49.251177" lon="14.975518">
      </trkpt>
      <trkpt lat="49.252116" lon="14.983816">
      </trkpt>
      <trkpt lat="49.251747" lon="14.98443">
      </trkpt>
      <trkpt lat="49.251185" lon="14.9857">
      </trkpt>
      <trkpt lat="49.254936" lon="14.991958">
      </trkpt>
      <trkpt lat="49.254917" lon="14.994348">
      </trkpt>
      <trkpt lat="49.254922" lon="14.997052">
      </trkpt>
      <trkpt lat="49.252242" lon="15.005247">
      </trkpt>
      <trkpt lat="49.251965" lon="15.00577">
      </trkpt>
      <trkpt lat="49.251777" lon="15.006596">
      </trkpt>
      <trkpt lat="49.25177" lon="15.006991">
      </trkpt>
      <trkpt lat="49.256365" lon="15.010949">
      </trkpt>
      <trkpt lat="49.259667" lon="15.009515">
      </trkpt>
      <trkpt lat="49.260825" lon="15.008381">
      </trkpt>
      <trkpt lat="49.261206" lon="15.007078">
      </trkpt>
      <trkpt lat="49.261712" lon="15.005867">
      </trkpt>
      <trkpt lat="49.262036" lon="15.004991">
      </trkpt>
      <trkpt lat="49.261764" lon="15.001824">
      </trkpt>
      <trkpt lat="49.261149" lon="14.998641">
      </trkpt>
      <trkpt lat="49.259362" lon="14.995515">
      </trkpt>
      <trkpt lat="49.258857" lon="14.990394">
      </trkpt>
      <trkpt lat="49.259385" lon="14.988351">
      </trkpt>
      <trkpt lat="49.259858" lon="14.986485">
      </trkpt>
      <trkpt lat="49.260306" lon="14.985425">
      </trkpt>
      <trkpt lat="49.261353" lon="14.983002">
      </trkpt>
      <trkpt lat="49.261739" lon="14.982027">
      </trkpt>
      <trkpt lat="49.264851" lon="14.9781">
      </trkpt>
      <trkpt lat="49.266087" lon="14.976845">
      </trkpt>
      <trkpt lat="49.266362" lon="14.976406">
      </trkpt>
      <trkpt lat="49.267176" lon="14.975352">
      </trkpt>
      <trkpt lat="49.267748" lon="14.972605">
      </trkpt>
      <trkpt lat="49.267868" lon="14.972066">
      </trkpt>
      <trkpt lat="49.267903" lon="14.971644">
      </trkpt>
      <trkpt lat="49.267948" lon="14.969968">
      </trkpt>
      <trkpt lat="49.268531" lon="14.967417">
      </trkpt>
      <trkpt lat="49.276324" lon="14.96584">
      </trkpt>
      <trkpt lat="49.280341" lon="14.969316">
      </trkpt>
      <trkpt lat="49.28381" lon="14.968354">
      </trkpt>
      <trkpt lat="49.283758" lon="14.966419">
      </trkpt>
      <trkpt lat="49.283825" lon="14.965651">
      </trkpt>
      <trkpt lat="49.283782" lon="14.964651">
      </trkpt>
      <trkpt lat="49.28333" lon="14.963194">
      </trkpt>
      <trkpt lat="49.283211" lon="14.962315">
      </trkpt>
      <trkpt lat="49.283157" lon="14.960186">
      </trkpt>
      <trkpt lat="49.283203" lon="14.959475">
      </trkpt>
      <trkpt lat="49.283126" lon="14.958722">
      </trkpt>
      <trkpt lat="49.286941" lon="14.952591">
      </trkpt>
      <trkpt lat="49.295245" lon="14.954423">
      </trkpt>
      <trkpt lat="49.295347" lon="14.957228">
      </trkpt>
      <trkpt lat="49.295403" lon="14.957729">
      </trkpt>
      <trkpt lat="49.295464" lon="14.958112">
      </trkpt>
      <trkpt lat="49.295127" lon="14.962823">
      </trkpt>
      <trkpt lat="49.294956" lon="14.968445">
      </trkpt>
      <trkpt lat="49.294498" lon="14.969616">
      </trkpt>
      <trkpt lat="49.29388" lon="14.97059">
      </trkpt>
      <trkpt lat="49.293662" lon="14.971056">
      </trkpt>
      <trkpt lat="49.292895" lon="14.972651">
      </trkpt>
      <trkpt lat="49.292367" lon="14.973357">
      </trkpt>
      <trkpt lat="49.292215" lon="14.973784">
      </trkpt>
      <trkpt lat="49.291742" lon="14.975139">
      </trkpt>
      <trkpt lat="49.290184" lon="14.977374">
      </trkpt>
      <trkpt lat="49.289677" lon="14.977917">
      </trkpt>
      <trkpt lat="49.28926" lon="14.978722">
      </trkpt>
      <trkpt lat="49.287221" lon="14.981046">
      </trkpt>
      <trkpt lat="49.282033" lon="14.986207">
      </trkpt>
      <trkpt lat="49.278463" lon="14.987543">
      </trkpt>
      <trkpt lat="49.277621" lon="14.989589">
      </trkpt>
      <trkpt lat="49.276762" lon="14.991677">
      </trkpt>
      <trkpt lat="49.275882" lon="14.993982">
      </trkpt>
      <trkpt lat="49.278929" lon="15.001362">
      </trkpt>
      <trkpt lat="49.278918" lon="15.001622">
      </trkpt>
      <trkpt lat="49.280021" lon="15.003138">
      </trkpt>
      <trkpt lat="49.280425" lon="15.003207">
      </trkpt>
      <trkpt lat="49.287455" lon="15.008404">
      </trkpt>
      <trkpt lat="49.288686" lon="15.011531">
      </trkpt>
      <trkpt lat="49.288967" lon="15.015029">
      </trkpt>
      <trkpt lat="49.28889" lon="15.016146">
      </trkpt>
      <trkpt lat="49.289028" lon="15.017085">
      </trkpt>
      <trkpt lat="49.289826" lon="15.02045">
      </trkpt>
      <trkpt lat="49.290238" lon="15.022168">
      </trkpt>
      <trkpt lat="49.293798" lon="15.021633">
      </trkpt>
      <trkpt lat="49.295744" lon="15.02948">
      </trkpt>
      <trkpt lat="49.295601" lon="15.029904">
      </trkpt>
      <trkpt lat="49.295667" lon="15.031415">
      </trkpt>
      <trkpt lat="49.293935" lon="15.037276">
      </trkpt>
      <trkpt lat="49.293292" lon="15.039482">
      </trkpt>
      <trkpt lat="49.293128" lon="15.041046">
      </trkpt>
      <trkpt lat="49.293175" lon="15.0436">
      </trkpt>
      <trkpt lat="49.296775" lon="15.043533">
      </trkpt>
      <trkpt lat="49.301633" lon="15.051096">
      </trkpt>
      <trkpt lat="49.301261" lon="15.052396">
      </trkpt>
      <trkpt lat="49.299756" lon="15.055095">
      </trkpt>
      <trkpt lat="49.29948" lon="15.060757">
      </trkpt>
      <trkpt lat="49.303035" lon="15.061319">
      </trkpt>
      <trkpt lat="49.303374" lon="15.059179">
      </trkpt>
      <trkpt lat="49.303688" lon="15.05681">
      </trkpt>
      <trkpt lat="49.304551" lon="15.05387">
      </trkpt>
      <trkpt lat="49.310097" lon="15.04894">
      </trkpt>
      <trkpt lat="49.31328" lon="15.048569">
      </trkpt>
      <trkpt lat="49.313372" lon="15.048362">
      </trkpt>
      <trkpt lat="49.313534" lon="15.04787">
      </trkpt>
      <trkpt lat="49.313356" lon="15.047297">
      </trkpt>
      <trkpt lat="49.312935" lon="15.046239">
      </trkpt>
      <trkpt lat="49.311859" lon="15.043995">
      </trkpt>
      <trkpt lat="49.313738" lon="15.036204">
      </trkpt>
      <trkpt lat="49.314321" lon="15.035457">
      </trkpt>
      <trkpt lat="49.322723" lon="15.032479">
      </trkpt>
      <trkpt lat="49.325421" lon="15.033346">
      </trkpt>
      <trkpt lat="49.326568" lon="15.032958">
      </trkpt>
      <trkpt lat="49.328391" lon="15.024813">
      </trkpt>
      <trkpt lat="49.327159" lon="15.018658">
      </trkpt>
      <trkpt lat="49.334616" lon="15.017985">
      </trkpt>
      <trkpt lat="49.337761" lon="15.016232">
      </trkpt>
      <trkpt lat="49.345733" lon="15.01924">
      </trkpt>
      <trkpt lat="49.349204" lon="15.020195">
      </trkpt>
      <trkpt lat="49.352704" lon="15.019563">
      </trkpt>
      <trkpt lat="49.353329" lon="15.016197">
      </trkpt>
      <trkpt lat="49.358844" lon="15.009808">
      </trkpt>
      <trkpt lat="49.359998" lon="15.008746">
      </trkpt>
      <trkpt lat="49.367739" lon="15.006113">
      </trkpt>
      <trkpt lat="49.370184" lon="15.008523">
      </trkpt>
      <trkpt lat="49.370509" lon="15.00898">
      </trkpt>
      <trkpt lat="49.371102" lon="15.009556">
      </trkpt>
      <trkpt lat="49.371482" lon="15.018477">
      </trkpt>
      <trkpt lat="49.37066" lon="15.019014">
      </trkpt>
      <trkpt lat="49.370168" lon="15.01952">
      </trkpt>
      <trkpt lat="49.369339" lon="15.020225">
      </trkpt>
      <trkpt lat="49.369037" lon="15.020592">
      </trkpt>
      <trkpt lat="49.367067" lon="15.022278">
      </trkpt>
      <trkpt lat="49.366749" lon="15.022571">
      </trkpt>
      <trkpt lat="49.369185" lon="15.025221">
      </trkpt>
      <trkpt lat="49.3715" lon="15.028662">
      </trkpt>
      <trkpt lat="49.371818" lon="15.028877">
      </trkpt>
      <trkpt lat="49.373365" lon="15.029666">
      </trkpt>
      <trkpt lat="49.38098" lon="15.034059">
      </trkpt>
      <trkpt lat="49.376301" lon="15.039833">
      </trkpt>
      <trkpt lat="49.375238" lon="15.040401">
      </trkpt>
      <trkpt lat="49.374824" lon="15.040927">
      </trkpt>
      <trkpt lat="49.374561" lon="15.041502">
      </trkpt>
      <trkpt lat="49.373384" lon="15.044298">
      </trkpt>
      <trkpt lat="49.375286" lon="15.047354">
      </trkpt>
      <trkpt lat="49.3839" lon="15.048408">
      </trkpt>
      <trkpt lat="49.384865" lon="15.049428">
      </trkpt>
      <trkpt lat="49.385284" lon="15.049727">
      </trkpt>
      <trkpt lat="49.386988" lon="15.050883">
      </trkpt>
      <trkpt lat="49.389097" lon="15.050246">
      </trkpt>
      <trkpt lat="49.389345" lon="15.05">
      </trkpt>
      <trkpt lat="49.389411" lon="15.04986">
      </trkpt>
      <trkpt lat="49.389484" lon="15.048289">
      </trkpt>
      <trkpt lat="49.387755" lon="15.042017">
      </trkpt>
      <trkpt lat="49.387563" lon="15.038423">
      </trkpt>
      <trkpt lat="49.382254" lon="15.034851">
      </trkpt>
      <trkpt lat="49.38346" lon="15.028488">
      </trkpt>
      <trkpt lat="49.38344" lon="15.027902">
      </trkpt>
      <trkpt lat="49.383058" lon="15.024571">
      </trkpt>
      <trkpt lat="49.382975" lon="15.023981">
      </trkpt>
      <trkpt lat="49.382414" lon="15.021641">
      </trkpt>
      <trkpt lat="49.387859" lon="15.014744">
      </trkpt>
      <trkpt lat="49.389626" lon="15.014184">
      </trkpt>
      <trkpt lat="49.38983" lon="15.008938">
      </trkpt>
      <trkpt lat="49.395752" lon="15.00619">
      </trkpt>
      <trkpt lat="49.400862" lon="15.007937">
      </trkpt>
      <trkpt lat="49.404042" lon="15.006249">
      </trkpt>
      <trkpt lat="49.407951" lon="15.00636">
      </trkpt>
      <trkpt lat="49.410894" lon="15.007891">
      </trkpt>
      <trkpt lat="49.41086" lon="15.015206">
      </trkpt>
      <trkpt lat="49.411781" lon="15.018686">
      </trkpt>
      <trkpt lat="49.406462" lon="15.025653">
      </trkpt>
      <trkpt lat="49.405857" lon="15.025801">
      </trkpt>
      <trkpt lat="49.405167" lon="15.026049">
      </trkpt>
      <trkpt lat="49.404163" lon="15.0265">
      </trkpt>
      <trkpt lat="49.403992" lon="15.027304">
      </trkpt>
      <trkpt lat="49.405171" lon="15.030437">
      </trkpt>
      <trkpt lat="49.405318" lon="15.030398">
      </trkpt>
      <trkpt lat="49.405776" lon="15.030218">
      </trkpt>
      <trkpt lat="49.408371" lon="15.028979">
      </trkpt>
      <trkpt lat="49.410254" lon="15.028245">
      </trkpt>
      <trkpt lat="49.416924" lon="15.032723">
      </trkpt>
      <trkpt lat="49.417819" lon="15.03995">
      </trkpt>
      <trkpt lat="49.410046" lon="15.043313">
      </trkpt>
      <trkpt lat="49.408515" lon="15.046571">
      </trkpt>
      <trkpt lat="49.412222" lon="15.050253">
      </trkpt>
      <trkpt lat="49.414276" lon="15.053667">
      </trkpt>
      <trkpt lat="49.420493" lon="15.059995">
      </trkpt>
      <trkpt lat="49.421295" lon="15.061336">
      </trkpt>
      <trkpt lat="49.422949" lon="15.06401">
      </trkpt>
      <trkpt lat="49.423503" lon="15.064951">
      </trkpt>
      <trkpt lat="49.42484" lon="15.067328">
      </trkpt>
      <trkpt lat="49.426909" lon="15.07561">
      </trkpt>
      <trkpt lat="49.426774" lon="15.076976">
      </trkpt>
      <trkpt lat="49.426725" lon="15.077684">
      </trkpt>
      <trkpt lat="49.4267" lon="15.078937">
      </trkpt>
      <trkpt lat="49.426732" lon="15.079794">
      </trkpt>
      <trkpt lat="49.426928" lon="15.082843">
      </trkpt>
      <trkpt lat="49.426956" lon="15.084859">
      </trkpt>
      <trkpt lat="49.430556" lon="15.084868">
      </trkpt>
      <trkpt lat="49.430558" lon="15.083891">
      </trkpt>
      <trkpt lat="49.431454" lon="15.078504">
      </trkpt>
      <trkpt lat="49.434177" lon="15.073393">
      </trkpt>
      <trkpt lat="49.43176" lon="15.070724">
      </trkpt>
      <trkpt lat="49.42935" lon="15.068006">
      </trkpt>
      <trkpt lat="49.427977" lon="15.065563">
      </trkpt>
      <trkpt lat="49.428439" lon="15.05885">
      </trkpt>
      <trkpt lat="49.427866" lon="15.055296">
      </trkpt>
      <trkpt lat="49.424746" lon="15.047744">
      </trkpt>
      <trkpt lat="49.43051" lon="15.044619">
      </trkpt>
      <trkpt lat="49.431109" lon="15.044624">
      </trkpt>
      <trkpt lat="49.431937" lon="15.044697">
      </trkpt>
      <trkpt lat="49.43605" lon="15.046317">
      </trkpt>
      <trkpt lat="49.436488" lon="15.046614">
      </trkpt>
      <trkpt lat="49.438511" lon="15.043636">
      </trkpt>
      <trkpt lat="49.43801" lon="15.04252">
      </trkpt>
      <trkpt lat="49.437569" lon="15.041275">
      </trkpt>
      <trkpt lat="49.437286" lon="15.040757">
      </trkpt>
      <trkpt lat="49.440985" lon="15.032613">
      </trkpt>
      <trkpt lat="49.442581" lon="15.032859">
      </trkpt>
      <trkpt lat="49.443259" lon="15.032627">
      </trkpt>
      <trkpt lat="49.44375" lon="15.03225">
      </trkpt>
      <trkpt lat="49.444048" lon="15.031879">
      </trkpt>
      <trkpt lat="49.444753" lon="15.029173">
      </trkpt>
      <trkpt lat="49.444225" lon="15.028774">
      </trkpt>
      <trkpt lat="49.443146" lon="15.028405">
      </trkpt>
      <trkpt lat="49.440146" lon="15.027908">
      </trkpt>
      <trkpt lat="49.438961" lon="15.019347">
      </trkpt>
      <trkpt lat="49.446318" lon="15.016046">
      </trkpt>
      <trkpt lat="49.447016" lon="15.016095">
      </trkpt>
      <trkpt lat="49.447266" lon="15.016127">
      </trkpt>
      <trkpt lat="49.447746" lon="15.016139">
      </trkpt>
      <trkpt lat="49.448365" lon="15.016047">
      </trkpt>
      <trkpt lat="49.449646" lon="15.015681">
      </trkpt>
      <trkpt lat="49.453303" lon="15.0144">
      </trkpt>
      <trkpt lat="49.458978" lon="15.019084">
      </trkpt>
      <trkpt lat="49.459424" lon="15.020006">
      </trkpt>
      <trkpt lat="49.459901" lon="15.026971">
      </trkpt>
      <trkpt lat="49.459654" lon="15.027743">
      </trkpt>
      <trkpt lat="49.461846" lon="15.031188">
      </trkpt>
      <trkpt lat="49.465417" lon="15.03073">
      </trkpt>
      <trkpt lat="49.465373" lon="15.030392">
      </trkpt>
      <trkpt lat="49.465528" lon="15.027786">
      </trkpt>
      <trkpt lat="49.46651" lon="15.02554">
      </trkpt>
      <trkpt lat="49.467684" lon="15.023994">
      </trkpt>
      <trkpt lat="49.476158" lon="15.025452">
      </trkpt>
      <trkpt lat="49.477426" lon="15.027811">
      </trkpt>
      <trkpt lat="49.477878" lon="15.034053">
      </trkpt>
      <trkpt lat="49.478511" lon="15.036423">
      </trkpt>
      <trkpt lat="49.478694" lon="15.038179">
      </trkpt>
      <trkpt lat="49.478763" lon="15.040022">
      </trkpt>
      <trkpt lat="49.478831" lon="15.041861">
      </trkpt>
      <trkpt lat="49.478898" lon="15.043723">
      </trkpt>
      <trkpt lat="49.478964" lon="15.045586">
      </trkpt>
      <trkpt lat="49.482562" lon="15.045457">
      </trkpt>
      <trkpt lat="49.482496" lon="15.043595">
      </trkpt>
      <trkpt lat="49.482429" lon="15.041732">
      </trkpt>
      <trkpt lat="49.48236" lon="15.039887">
      </trkpt>
      <trkpt lat="49.482393" lon="15.036941">
      </trkpt>
      <trkpt lat="49.482134" lon="15.034049">
      </trkpt>
      <trkpt lat="49.482045" lon="15.031766">
      </trkpt>
      <trkpt lat="49.481955" lon="15.029482">
      </trkpt>
      <trkpt lat="49.481921" lon="15.029075">
      </trkpt>
      <trkpt lat="49.481817" lon="15.028564">
      </trkpt>
      <trkpt lat="49.481674" lon="15.028149">
      </trkpt>
      <trkpt lat="49.4806" lon="15.026111">
      </trkpt>
      <trkpt lat="49.479329" lon="15.023748">
      </trkpt>
      <trkpt lat="49.480541" lon="15.017965">
      </trkpt>
      <trkpt lat="49.488478" lon="15.019109">
      </trkpt>
      <trkpt lat="49.489257" lon="15.020845">
      </trkpt>
      <trkpt lat="49.49282" lon="15.021361">
      </trkpt>
      <trkpt lat="49.493065" lon="15.019671">
      </trkpt>
      <trkpt lat="49.493088" lon="15.019271">
      </trkpt>
      <trkpt lat="49.492909" lon="15.018423">
      </trkpt>
      <trkpt lat="49.492568" lon="15.017863">
      </trkpt>
      <trkpt lat="49.488922" lon="15.010146">
      </trkpt>
      <trkpt lat="49.48862" lon="15.009265">
      </trkpt>
      <trkpt lat="49.488212" lon="15.008573">
      </trkpt>
      <trkpt lat="49.486036" lon="15.002034">
      </trkpt>
      <trkpt lat="49.486272" lon="14.999618">
      </trkpt>
      <trkpt lat="49.488378" lon="14.994338">
      </trkpt>
      <trkpt lat="49.489848" lon="14.992178">
      </trkpt>
      <trkpt lat="49.491318" lon="14.990019">
      </trkpt>
      <trkpt lat="49.488342" lon="14.987993">
      </trkpt>
      <trkpt lat="49.483074" lon="14.983192">
      </trkpt>
      <trkpt lat="49.485288" lon="14.978532">
      </trkpt>
      <trkpt lat="49.486085" lon="14.977816">
      </trkpt>
      <trkpt lat="49.486494" lon="14.97716">
      </trkpt>
      <trkpt lat="49.487681" lon="14.974754">
      </trkpt>
      <trkpt lat="49.487977" lon="14.97392">
      </trkpt>
      <trkpt lat="49.488564" lon="14.972045">
      </trkpt>
      <trkpt lat="49.489151" lon="14.97017">
      </trkpt>
      <trkpt lat="49.489686" lon="14.965588">
      </trkpt>
      <trkpt lat="49.488013" lon="14.9624">
      </trkpt>
      <trkpt lat="49.486188" lon="14.962588">
      </trkpt>
      <trkpt lat="49.482603" lon="14.965349">
      </trkpt>
      <trkpt lat="49.475956" lon="14.959334">
      </trkpt>
      <trkpt lat="49.4758" lon="14.957513">
      </trkpt>
      <trkpt lat="49.475764" lon="14.957024">
      </trkpt>
      <trkpt lat="49.475681" lon="14.956487">
      </trkpt>
      <trkpt lat="49.475142" lon="14.955222">
      </trkpt>
      <trkpt lat="49.474507" lon="14.954083">
      </trkpt>
      <trkpt lat="49.479207" lon="14.946917">
      </trkpt>
      <trkpt lat="49.481381" lon="14.947518">
      </trkpt>
      <trkpt lat="49.482985" lon="14.947921">
      </trkpt>
      <trkpt lat="49.485459" lon="14.948265">
      </trkpt>
      <trkpt lat="49.487267" lon="14.94906">
      </trkpt>
      <trkpt lat="49.48812" lon="14.948971">
      </trkpt>
      <trkpt lat="49.48896" lon="14.948619">
      </trkpt>
      <trkpt lat="49.489901" lon="14.947968">
      </trkpt>
      <trkpt lat="49.491126" lon="14.947171">
      </trkpt>
      <trkpt lat="49.492322" lon="14.946539">
      </trkpt>
      <trkpt lat="49.490639" lon="14.943356">
      </trkpt>
      <trkpt lat="49.489443" lon="14.943989">
      </trkpt>
      <trkpt lat="49.486041" lon="14.944712">
      </trkpt>
      <trkpt lat="49.483969" lon="14.944459">
      </trkpt>
      <trkpt lat="49.478728" lon="14.938565">
      </trkpt>
      <trkpt lat="49.477894" lon="14.936509">
      </trkpt>
      <trkpt lat="49.477349" lon="14.935457">
      </trkpt>
      <trkpt lat="49.476676" lon="14.932658">
      </trkpt>
      <trkpt lat="49.481494" lon="14.925842">
      </trkpt>
      <trkpt lat="49.485029" lon="14.925159">
      </trkpt>
      <trkpt lat="49.493781" lon="14.925997">
      </trkpt>
      <trkpt lat="49.493505" lon="14.928311">
      </trkpt>
      <trkpt lat="49.493233" lon="14.92901">
      </trkpt>
      <trkpt lat="49.493021" lon="14.929826">
      </trkpt>
      <trkpt lat="49.492895" lon="14.930411">
      </trkpt>
      <trkpt lat="49.496413" lon="14.931172">
      </trkpt>
      <trkpt lat="49.49705" lon="14.929218">
      </trkpt>
      <trkpt lat="49.497273" lon="14.928541">
      </trkpt>
      <trkpt lat="49.497406" lon="14.92797">
      </trkpt>
      <trkpt lat="49.497459" lon="14.927319">
      </trkpt>
      <trkpt lat="49.497374" lon="14.924172">
      </trkpt>
      <trkpt lat="49.497343" lon="14.923608">
      </trkpt>
      <trkpt lat="49.496973" lon="14.919465">
      </trkpt>
      <trkpt lat="49.494661" lon="14.915783">
      </trkpt>
      <trkpt lat="49.492896" lon="14.914945">
      </trkpt>
      <trkpt lat="49.491946" lon="14.914966">
      </trkpt>
      <trkpt lat="49.487874" lon="14.913056">
      </trkpt>
      <trkpt lat="49.488044" lon="14.906836">
      </trkpt>
      <trkpt lat="49.489445" lon="14.905017">
      </trkpt>
      <trkpt lat="49.490157" lon="14.904398">
      </trkpt>
      <trkpt lat="49.491238" lon="14.903474">
      </trkpt>
      <trkpt lat="49.498781" lon="14.900282">
      </trkpt>
      <trkpt lat="49.498903" lon="14.900184">
      </trkpt>
      <trkpt lat="49.499408" lon="14.899338">
      </trkpt>
      <trkpt lat="49.499518" lon="14.898851">
      </trkpt>
      <trkpt lat="49.500135" lon="14.895812">
      </trkpt>
      <trkpt lat="49.499752" lon="14.886931">
      </trkpt>
      <trkpt lat="49.499912" lon="14.885961">
      </trkpt>
      <trkpt lat="49.500075" lon="14.884837">
      </trkpt>
      <trkpt lat="49.495019" lon="14.880945">
      </trkpt>
      <trkpt lat="49.497196" lon="14.874271">
      </trkpt>
      <trkpt lat="49.497525" lon="14.873892">
      </trkpt>
      <trkpt lat="49.504895" lon="14.869862">
      </trkpt>
      <trkpt lat="49.509426" lon="14.869815">
      </trkpt>
      <trkpt lat="49.51211" lon="14.869384">
      </trkpt>
      <trkpt lat="49.513249" lon="14.865969">
      </trkpt>
      <trkpt lat="49.511594" lon="14.865199">
      </trkpt>
      <trkpt lat="49.510059" lon="14.864659">
      </trkpt>
      <trkpt lat="49.509567" lon="14.864553">
      </trkpt>
      <trkpt lat="49.506478" lon="14.865134">
      </trkpt>
      <trkpt lat="49.500557" lon="14.860329">
      </trkpt>
      <trkpt lat="49.500689" lon="14.856731">
      </trkpt>
      <trkpt lat="49.495792" lon="14.850461">
      </trkpt>
      <trkpt lat="49.498638" lon="14.844693">
      </trkpt>
      <trkpt lat="49.500401" lon="14.843624">
      </trkpt>
      <trkpt lat="49.501288" lon="14.843105">
      </trkpt>
      <trkpt lat="49.501615" lon="14.842761">
      </trkpt>
      <trkpt lat="49.501837" lon="14.842481">
      </trkpt>
      <trkpt lat="49.49901" lon="14.840251">
      </trkpt>
      <trkpt lat="49.49488" lon="14.837146">
      </trkpt>
      <trkpt lat="49.491287" lon="14.837371">
      </trkpt>
      <trkpt lat="49.488404" lon="14.840245">
      </trkpt>
      <trkpt lat="49.480736" lon="14.835696">
      </trkpt>
      <trkpt lat="49.481981" lon="14.83388">
      </trkpt>
      <trkpt lat="49.483807" lon="14.831541">
      </trkpt>
      <trkpt lat="49.484758" lon="14.830301">
      </trkpt>
      <trkpt lat="49.484906" lon="14.829754">
      </trkpt>
      <trkpt lat="49.48503" lon="14.829044">
      </trkpt>
      <trkpt lat="49.488669" lon="14.82362">
      </trkpt>
      <trkpt lat="49.489586" lon="14.822825">
      </trkpt>
      <trkpt lat="49.491183" lon="14.820996">
      </trkpt>
      <trkpt lat="49.491671" lon="14.820475">
      </trkpt>
      <trkpt lat="49.494009" lon="14.818316">
      </trkpt>
      <trkpt lat="49.49409" lon="14.81825">
      </trkpt>
      <trkpt lat="49.494457" lon="14.816168">
      </trkpt>
      <trkpt lat="49.495529" lon="14.813795">
      </trkpt>
      <trkpt lat="49.501066" lon="14.810091">
      </trkpt>
      <trkpt lat="49.506009" lon="14.815214">
      </trkpt>
      <trkpt lat="49.505885" lon="14.816715">
      </trkpt>
      <trkpt lat="49.505892" lon="14.817616">
      </trkpt>
      <trkpt lat="49.505789" lon="14.818844">
      </trkpt>
      <trkpt lat="49.505781" lon="14.820509">
      </trkpt>
      <trkpt lat="49.505867" lon="14.821256">
      </trkpt>
      <trkpt lat="49.505998" lon="14.82192">
      </trkpt>
      <trkpt lat="49.506192" lon="14.822953">
      </trkpt>
      <trkpt lat="49.506474" lon="14.823665">
      </trkpt>
      <trkpt lat="49.507681" lon="14.82582">
      </trkpt>
      <trkpt lat="49.508497" lon="14.827869">
      </trkpt>
      <trkpt lat="49.509" lon="14.828754">
      </trkpt>
      <trkpt lat="49.509306" lon="14.829083">
      </trkpt>
      <trkpt lat="49.511832" lon="14.828585">
      </trkpt>
      <trkpt lat="49.511921" lon="14.828405">
      </trkpt>
      <trkpt lat="49.512096" lon="14.827963">
      </trkpt>
      <trkpt lat="49.512103" lon="14.82766">
      </trkpt>
      <trkpt lat="49.512043" lon="14.826166">
      </trkpt>
      <trkpt lat="49.510984" lon="14.824229">
      </trkpt>
      <trkpt lat="49.515082" lon="14.817367">
      </trkpt>
      <trkpt lat="49.518638" lon="14.817978">
      </trkpt>
      <trkpt lat="49.522169" lon="14.823324">
      </trkpt>
      <trkpt lat="49.522162" lon="14.82368">
      </trkpt>
      <trkpt lat="49.522139" lon="14.823979">
      </trkpt>
      <trkpt lat="49.52393" lon="14.829735">
      </trkpt>
      <trkpt lat="49.523826" lon="14.830135">
      </trkpt>
      <trkpt lat="49.52374" lon="14.830788">
      </trkpt>
      <trkpt lat="49.523744" lon="14.831144">
      </trkpt>
      <trkpt lat="49.5235" lon="14.833043">
      </trkpt>
      <trkpt lat="49.523233" lon="14.833897">
      </trkpt>
      <trkpt lat="49.522834" lon="14.835348">
      </trkpt>
      <trkpt lat="49.524791" lon="14.83837">
      </trkpt>
      <trkpt lat="49.526785" lon="14.842323">
      </trkpt>
      <trkpt lat="49.528342" lon="14.842802">
      </trkpt>
      <trkpt lat="49.528856" lon="14.84286">
      </trkpt>
      <trkpt lat="49.529433" lon="14.842883">
      </trkpt>
      <trkpt lat="49.530385" lon="14.842264">
      </trkpt>
      <trkpt lat="49.530364" lon="14.840986">
      </trkpt>
      <trkpt lat="49.530341" lon="14.84038">
      </trkpt>
      <trkpt lat="49.530206" lon="14.839663">
      </trkpt>
      <trkpt lat="49.529525" lon="14.83809">
      </trkpt>
      <trkpt lat="49.529334" lon="14.837593">
      </trkpt>
      <trkpt lat="49.52871" lon="14.835655">
      </trkpt>
      <trkpt lat="49.52814" lon="14.834135">
      </trkpt>
      <trkpt lat="49.529814" lon="14.827967">
      </trkpt>
      <trkpt lat="49.53821" lon="14.828779">
      </trkpt>
      <trkpt lat="49.539854" lon="14.833345">
      </trkpt>
      <trkpt lat="49.539991" lon="14.833563">
      </trkpt>
      <trkpt lat="49.540961" lon="14.834155">
      </trkpt>
      <trkpt lat="49.541202" lon="14.834178">
      </trkpt>
      <trkpt lat="49.543039" lon="14.831647">
      </trkpt>
      <trkpt lat="49.541692" lon="14.827865">
      </trkpt>
      <trkpt lat="49.541493" lon="14.825523">
      </trkpt>
      <trkpt lat="49.542523" lon="14.819274">
      </trkpt>
      <trkpt lat="49.54701" lon="14.81618">
      </trkpt>
      <trkpt lat="49.547924" lon="14.812991">
      </trkpt>
      <trkpt lat="49.547875" lon="14.812685">
      </trkpt>
      <trkpt lat="49.547617" lon="14.812355">
      </trkpt>
      <trkpt lat="49.547096" lon="14.811792">
      </trkpt>
      <trkpt lat="49.546136" lon="14.811347">
      </trkpt>
      <trkpt lat="49.54287" lon="14.803058">
      </trkpt>
      <trkpt lat="49.544002" lon="14.802413">
      </trkpt>
      <trkpt lat="49.544436" lon="14.80206">
      </trkpt>
      <trkpt lat="49.546141" lon="14.800293">
      </trkpt>
      <trkpt lat="49.549517" lon="14.796924">
      </trkpt>
      <trkpt lat="49.549573" lon="14.796669">
      </trkpt>
      <trkpt lat="49.54904" lon="14.788985">
      </trkpt>
      <trkpt lat="49.549832" lon="14.786834">
      </trkpt>
      <trkpt lat="49.549905" lon="14.786297">
      </trkpt>
      <trkpt lat="49.550497" lon="14.782642">
      </trkpt>
      <trkpt lat="49.550513" lon="14.781617">
      </trkpt>
      <trkpt lat="49.548509" lon="14.77989">
      </trkpt>
      <trkpt lat="49.546637" lon="14.775758">
      </trkpt>
      <trkpt lat="49.546877" lon="14.773549">
      </trkpt>
      <trkpt lat="49.554367" lon="14.770307">
      </trkpt>
      <trkpt lat="49.554798" lon="14.767739">
      </trkpt>
      <trkpt lat="49.556665" lon="14.76479">
      </trkpt>
      <trkpt lat="49.564639" lon="14.763527">
      </trkpt>
      <trkpt lat="49.565944" lon="14.764678">
      </trkpt>
      <trkpt lat="49.56855" lon="14.771162">
      </trkpt>
      <trkpt lat="49.569518" lon="14.773667">
      </trkpt>
      <trkpt lat="49.573118" lon="14.773674">
      </trkpt>
      <trkpt lat="49.574868" lon="14.768113">
      </trkpt>
      <trkpt lat="49.57702" lon="14.764282">
      </trkpt>
      <trkpt lat="49.577627" lon="14.762682">
      </trkpt>
      <trkpt lat="49.57761" lon="14.762517">
      </trkpt>
      <trkpt lat="49.575572" lon="14.76087">
      </trkpt>
      <trkpt lat="49.575005" lon="14.761273">
      </trkpt>
      <trkpt lat="49.567021" lon="14.760827">
      </trkpt>
      <trkpt lat="49.566839" lon="14.752312">
      </trkpt>
      <trkpt lat="49.564949" lon="14.748284">
      </trkpt>
      <trkpt lat="49.568833" lon="14.742782">
      </trkpt>
      <trkpt lat="49.571754" lon="14.741099">
      </trkpt>
      <trkpt lat="49.571966" lon="14.739816">
      </trkpt>
      <trkpt lat="49.573967" lon="14.733852">
      </trkpt>
      <trkpt lat="49.573898" lon="14.730768">
      </trkpt>
      <trkpt lat="49.581462" lon="14.726294">
      </trkpt>
      <trkpt lat="49.582831" lon="14.727553">
      </trkpt>
      <trkpt lat="49.583366" lon="14.728228">
      </trkpt>
      <trkpt lat="49.584674" lon="14.729989">
      </trkpt>
      <trkpt lat="49.585138" lon="14.730336">
      </trkpt>
      <trkpt lat="49.585707" lon="14.73057">
      </trkpt>
      <trkpt lat="49.586257" lon="14.73068">
      </trkpt>
      <trkpt lat="49.589092" lon="14.729942">
      </trkpt>
      <trkpt lat="49.590797" lon="14.728552">
      </trkpt>
      <trkpt lat="49.592878" lon="14.721188">
      </trkpt>
      <trkpt lat="49.594183" lon="14.719387">
      </trkpt>
      <trkpt lat="49.59326" lon="14.718426">
      </trkpt>
      <trkpt lat="49.595833" lon="14.709871">
      </trkpt>
      <trkpt lat="49.59604" lon="14.709346">
      </trkpt>
      <trkpt lat="49.596175" lon="14.708586">
      </trkpt>
      <trkpt lat="49.596049" lon="14.70767">
      </trkpt>
      <trkpt lat="49.595831" lon="14.707048">
      </trkpt>
      <trkpt lat="49.595669" lon="14.706663">
      </trkpt>
      <trkpt lat="49.595177" lon="14.705823">
      </trkpt>
      <trkpt lat="49.594659" lon="14.705051">
      </trkpt>
      <trkpt lat="49.594154" lon="14.704447">
      </trkpt>
      <trkpt lat="49.593725" lon="14.695755">
      </trkpt>
      <trkpt lat="49.594663" lon="14.694922">
      </trkpt>
      <trkpt lat="49.599042" lon="14.68982">
      </trkpt>
      <trkpt lat="49.600675" lon="14.688524">
      </trkpt>
      <trkpt lat="49.606859" lon="14.686117">
      </trkpt>
      <trkpt lat="49.611032" lon="14.693925">
      </trkpt>
      <trkpt lat="49.609726" lon="14.698916">
      </trkpt>
      <trkpt lat="49.609315" lon="14.699535">
      </trkpt>
      <trkpt lat="49.609178" lon="14.699847">
      </trkpt>
      <trkpt lat="49.610689" lon="14.705082">
      </trkpt>
      <trkpt lat="49.61071" lon="14.705517">
      </trkpt>
      <trkpt lat="49.608051" lon="14.711763">
      </trkpt>
      <trkpt lat="49.608469" lon="14.712639">
      </trkpt>
      <trkpt lat="49.609426" lon="14.714895">
      </trkpt>
      <trkpt lat="49.613025" lon="14.714789">
      </trkpt>
      <trkpt lat="49.613524" lon="14.711039">
      </trkpt>
      <trkpt lat="49.618651" lon="14.705044">
      </trkpt>
      <trkpt lat="49.620939" lon="14.702265">
      </trkpt>
      <trkpt lat="49.626527" lon="14.700535">
      </trkpt>
      <trkpt lat="49.627188" lon="14.696996">
      </trkpt>
      <trkpt lat="49.625894" lon="14.696754">
      </trkpt>
      <trkpt lat="49.622336" lon="14.694887">
      </trkpt>
      <trkpt lat="49.62049" lon="14.687995">
      </trkpt>
      <trkpt lat="49.623953" lon="14.68377">
      </trkpt>
      <trkpt lat="49.626909" lon="14.681715">
      </trkpt>
      <trkpt lat="49.625441" lon="14.679603">
      </trkpt>
      <trkpt lat="49.628713" lon="14.671835">
      </trkpt>
      <trkpt lat="49.632311" lon="14.671956">
      </trkpt>
      <trkpt lat="49.636953" lon="14.674291">
      </trkpt>
      <trkpt lat="49.636216" lon="14.680309">
      </trkpt>
      <trkpt lat="49.638065" lon="14.683398">
      </trkpt>
      <trkpt lat="49.643291" lon="14.683367">
      </trkpt>
      <trkpt lat="49.645543" lon="14.679206">
      </trkpt>
      <trkpt lat="49.644778" lon="14.675689">
      </trkpt>
      <trkpt lat="49.640366" lon="14.67">
      </trkpt>
      <trkpt lat="49.640685" lon="14.664848">
      </trkpt>
      <trkpt lat="49.640819" lon="14.661196">
      </trkpt>
      <trkpt lat="49.640873" lon="14.66063">
      </trkpt>
      <trkpt lat="49.640856" lon="14.659905">
      </trkpt>
      <trkpt lat="49.64075" lon="14.659053">
      </trkpt>
      <trkpt lat="49.640519" lon="14.65771">
      </trkpt>
      <trkpt lat="49.642033" lon="14.649385">
      </trkpt>
      <trkpt lat="49.644172" lon="14.646899">
      </trkpt>
      <trkpt lat="49.644787" lon="14.645213">
      </trkpt>
      <trkpt lat="49.646668" lon="14.641725">
      </trkpt>
      <trkpt lat="49.64725" lon="14.640828">
      </trkpt>
      <trkpt lat="49.647634" lon="14.640265">
      </trkpt>
      <trkpt lat="49.64802" lon="14.639722">
      </trkpt>
      <trkpt lat="49.648424" lon="14.639207">
      </trkpt>
      <trkpt lat="49.649086" lon="14.638398">
      </trkpt>
      <trkpt lat="49.649755" lon="14.637666">
      </trkpt>
      <trkpt lat="49.658487" lon="14.639742">
      </trkpt>
      <trkpt lat="49.658889" lon="14.639474">
      </trkpt>
      <trkpt lat="49.667281" lon="14.640666">
      </trkpt>
      <trkpt lat="49.667928" lon="14.641734">
      </trkpt>
      <trkpt lat="49.671007" lon="14.639868">
      </trkpt>
      <trkpt lat="49.67036" lon="14.6388">
      </trkpt>
      <trkpt lat="49.668565" lon="14.636468">
      </trkpt>
      <trkpt lat="49.663874" lon="14.630706">
      </trkpt>
      <trkpt lat="49.660353" lon="14.629957">
      </trkpt>
      <trkpt lat="49.652382" lon="14.631477">
      </trkpt>
      <trkpt lat="49.651764" lon="14.631707">
      </trkpt>
      <trkpt lat="49.651227" lon="14.631955">
      </trkpt>
      <trkpt lat="49.650332" lon="14.632458">
      </trkpt>
      <trkpt lat="49.649525" lon="14.633021">
      </trkpt>
      <trkpt lat="49.648513" lon="14.633861">
      </trkpt>
      <trkpt lat="49.647869" lon="14.63445">
      </trkpt>
      <trkpt lat="49.639479" lon="14.633465">
      </trkpt>
      <trkpt lat="49.638726" lon="14.6318">
      </trkpt>
      <trkpt lat="49.635127" lon="14.631704">
      </trkpt>
      <trkpt lat="49.635115" lon="14.632176">
      </trkpt>
      <trkpt lat="49.634437" lon="14.635307">
      </trkpt>
      <trkpt lat="49.626196" lon="14.637152">
      </trkpt>
      <trkpt lat="49.622601" lon="14.636966">
      </trkpt>
      <trkpt lat="49.619304" lon="14.637274">
      </trkpt>
      <trkpt lat="49.615097" lon="14.635525">
      </trkpt>
      <trkpt lat="49.612408" lon="14.630459">
      </trkpt>
      <trkpt lat="49.612211" lon="14.630352">
      </trkpt>
      <trkpt lat="49.611586" lon="14.630141">
      </trkpt>
      <trkpt lat="49.606261" lon="14.62289">
      </trkpt>
      <trkpt lat="49.606306" lon="14.621342">
      </trkpt>
      <trkpt lat="49.606428" lon="14.619936">
      </trkpt>
      <trkpt lat="49.605333" lon="14.61654">
      </trkpt>
      <trkpt lat="49.603569" lon="14.615748">
      </trkpt>
      <trkpt lat="49.601958" lon="14.61539">
      </trkpt>
      <trkpt lat="49.601843" lon="14.615453">
      </trkpt>
      <trkpt lat="49.601221" lon="14.615837">
      </trkpt>
      <trkpt lat="49.600307" lon="14.616401">
      </trkpt>
      <trkpt lat="49.593165" lon="14.611042">
      </trkpt>
      <trkpt lat="49.593271" lon="14.60964">
      </trkpt>
      <trkpt lat="49.589681" lon="14.609369">
      </trkpt>
      <trkpt lat="49.582788" lon="14.603853">
      </trkpt>
      <trkpt lat="49.583048" lon="14.60191">
      </trkpt>
      <trkpt lat="49.589778" lon="14.597851">
      </trkpt>
      <trkpt lat="49.593245" lon="14.598821">
      </trkpt>
      <trkpt lat="49.594789" lon="14.595622">
      </trkpt>
      <trkpt lat="49.59628" lon="14.586904">
      </trkpt>
      <trkpt lat="49.59821" lon="14.584496">
      </trkpt>
      <trkpt lat="49.59631" lon="14.581438">
      </trkpt>
      <trkpt lat="49.589886" lon="14.581879">
      </trkpt>
      <trkpt lat="49.586286" lon="14.581812">
      </trkpt>
      <trkpt lat="49.581702" lon="14.586623">
      </trkpt>
      <trkpt lat="49.580907" lon="14.586841">
      </trkpt>
      <trkpt lat="49.57332" lon="14.582046">
      </trkpt>
      <trkpt lat="49.57294" lon="14.581405">
      </trkpt>
      <trkpt lat="49.571109" lon="14.577425">
      </trkpt>
      <trkpt lat="49.571017" lon="14.577153">
      </trkpt>
      <trkpt lat="49.567607" lon="14.578305">
      </trkpt>
      <trkpt lat="49.564599" lon="14.577953">
      </trkpt>
      <trkpt lat="49.56149" lon="14.576139">
      </trkpt>
      <trkpt lat="49.561661" lon="14.567364">
      </trkpt>
      <trkpt lat="49.5641" lon="14.565925">
      </trkpt>
      <trkpt lat="49.565172" lon="14.565351">
      </trkpt>
      <trkpt lat="49.565535" lon="14.565072">
      </trkpt>
      <trkpt lat="49.566157" lon="14.563633">
      </trkpt>
      <trkpt lat="49.566174" lon="14.563501">
      </trkpt>
      <trkpt lat="49.567232" lon="14.555275">
      </trkpt>
      <trkpt lat="49.572189" lon="14.552921">
      </trkpt>
      <trkpt lat="49.573453" lon="14.552936">
      </trkpt>
      <trkpt lat="49.573688" lon="14.549344">
      </trkpt>
      <trkpt lat="49.569853" lon="14.548602">
      </trkpt>
      <trkpt lat="49.568432" lon="14.548329">
      </trkpt>
      <trkpt lat="49.566686" lon="14.548739">
      </trkpt>
      <trkpt lat="49.566107" lon="14.548963">
      </trkpt>
      <trkpt lat="49.565236" lon="14.549466">
      </trkpt>
      <trkpt lat="49.56216" lon="14.551325">
      </trkpt>
      <trkpt lat="49.559799" lon="14.555684">
      </trkpt>
      <trkpt lat="49.559346" lon="14.556114">
      </trkpt>
      <trkpt lat="49.556854" lon="14.558101">
      </trkpt>
      <trkpt lat="49.555247" lon="14.558887">
      </trkpt>
      <trkpt lat="49.551887" lon="14.559316">
      </trkpt>
      <trkpt lat="49.548047" lon="14.553102">
      </trkpt>
      <trkpt lat="49.54776" lon="14.552382">
      </trkpt>
      <trkpt lat="49.547998" lon="14.54677">
      </trkpt>
      <trkpt lat="49.550868" lon="14.543656">
      </trkpt>
      <trkpt lat="49.55389" lon="14.542577">
      </trkpt>
      <trkpt lat="49.55513" lon="14.541533">
      </trkpt>
      <trkpt lat="49.55521" lon="14.541064">
      </trkpt>
      <trkpt lat="49.554" lon="14.538979">
      </trkpt>
      <trkpt lat="49.552057" lon="14.531503">
      </trkpt>
      <trkpt lat="49.552496" lon="14.528277">
      </trkpt>
      <trkpt lat="49.548929" lon="14.527792">
      </trkpt>
      <trkpt lat="49.54849" lon="14.531018">
      </trkpt>
      <trkpt lat="49.544479" lon="14.536694">
      </trkpt>
      <trkpt lat="49.543658" lon="14.537337">
      </trkpt>
      <trkpt lat="49.539977" lon="14.545337">
      </trkpt>
      <trkpt lat="49.536461" lon="14.544658">
      </trkpt>
      <trkpt lat="49.53645" lon="14.544694">
      </trkpt>
      <trkpt lat="49.536377" lon="14.545401">
      </trkpt>
      <trkpt lat="49.536168" lon="14.546878">
      </trkpt>
      <trkpt lat="49.536054" lon="14.547776">
      </trkpt>
      <trkpt lat="49.536106" lon="14.548383">
      </trkpt>
      <trkpt lat="49.536933" lon="14.54977">
      </trkpt>
      <trkpt lat="49.537224" lon="14.550072">
      </trkpt>
      <trkpt lat="49.538718" lon="14.551764">
      </trkpt>
      <trkpt lat="49.539588" lon="14.55916">
      </trkpt>
      <trkpt lat="49.53601" lon="14.560815">
      </trkpt>
      <trkpt lat="49.534988" lon="14.560945">
      </trkpt>
      <trkpt lat="49.534147" lon="14.56145">
      </trkpt>
      <trkpt lat="49.533735" lon="14.561911">
      </trkpt>
      <trkpt lat="49.530816" lon="14.564217">
      </trkpt>
      <trkpt lat="49.525124" lon="14.559105">
      </trkpt>
      <trkpt lat="49.525146" lon="14.558642">
      </trkpt>
      <trkpt lat="49.525166" lon="14.557302">
      </trkpt>
      <trkpt lat="49.525217" lon="14.556947">
      </trkpt>
      <trkpt lat="49.525707" lon="14.554749">
      </trkpt>
      <trkpt lat="49.525823" lon="14.553788">
      </trkpt>
      <trkpt lat="49.525974" lon="14.551828">
      </trkpt>
      <trkpt lat="49.525989" lon="14.551169">
      </trkpt>
      <trkpt lat="49.525966" lon="14.550345">
      </trkpt>
      <trkpt lat="49.525833" lon="14.54812">
      </trkpt>
      <trkpt lat="49.525703" lon="14.54605">
      </trkpt>
      <trkpt lat="49.525684" lon="14.545928">
      </trkpt>
      <trkpt lat="49.525474" lon="14.541175">
      </trkpt>
      <trkpt lat="49.524837" lon="14.53907">
      </trkpt>
      <trkpt lat="49.526945" lon="14.530848">
      </trkpt>
      <trkpt lat="49.528029" lon="14.527415">
      </trkpt>
      <trkpt lat="49.533695" lon="14.521659">
      </trkpt>
      <trkpt lat="49.534243" lon="14.520504">
      </trkpt>
      <trkpt lat="49.534425" lon="14.518779">
      </trkpt>
      <trkpt lat="49.534417" lon="14.518704">
      </trkpt>
      <trkpt lat="49.534166" lon="14.518295">
      </trkpt>
      <trkpt lat="49.531475" lon="14.516592">
      </trkpt>
      <trkpt lat="49.523358" lon="14.512851">
      </trkpt>
      <trkpt lat="49.523161" lon="14.51124">
      </trkpt>
      <trkpt lat="49.523481" lon="14.507721">
      </trkpt>
      <trkpt lat="49.519477" lon="14.501125">
      </trkpt>
      <trkpt lat="49.515967" lon="14.501926">
      </trkpt>
      <trkpt lat="49.516137" lon="14.504067">
      </trkpt>
      <trkpt lat="49.516174" lon="14.510109">
      </trkpt>
      <trkpt lat="49.51941" lon="14.517628">
      </trkpt>
      <trkpt lat="49.516564" lon="14.521449">
      </trkpt>
      <trkpt lat="49.515857" lon="14.521911">
      </trkpt>
      <trkpt lat="49.511919" lon="14.524123">
      </trkpt>
      <trkpt lat="49.508342" lon="14.52453">
      </trkpt>
      <trkpt lat="49.499847" lon="14.52744">
      </trkpt>
      <trkpt lat="49.49942" lon="14.526809">
      </trkpt>
      <trkpt lat="49.498583" lon="14.525936">
      </trkpt>
      <trkpt lat="49.497738" lon="14.524784">
      </trkpt>
      <trkpt lat="49.497428" lon="14.524462">
      </trkpt>
      <trkpt lat="49.49654" lon="14.524033">
      </trkpt>
      <trkpt lat="49.495474" lon="14.524113">
      </trkpt>
      <trkpt lat="49.490984" lon="14.516607">
      </trkpt>
      <trkpt lat="49.491366" lon="14.515546">
      </trkpt>
      <trkpt lat="49.491592" lon="14.514606">
      </trkpt>
      <trkpt lat="49.491706" lon="14.513881">
      </trkpt>
      <trkpt lat="49.491756" lon="14.513446">
      </trkpt>
      <trkpt lat="49.491777" lon="14.513029">
      </trkpt>
      <trkpt lat="49.494103" lon="14.506178">
      </trkpt>
      <trkpt lat="49.495588" lon="14.497822">
      </trkpt>
      <trkpt lat="49.496139" lon="14.49708">
      </trkpt>
      <trkpt lat="49.497421" lon="14.494998">
      </trkpt>
      <trkpt lat="49.496851" lon="14.493963">
      </trkpt>
      <trkpt lat="49.492082" lon="14.491554">
      </trkpt>
      <trkpt lat="49.491083" lon="14.491189">
      </trkpt>
      <trkpt lat="49.483927" lon="14.490708">
      </trkpt>
      <trkpt lat="49.482088" lon="14.493669">
      </trkpt>
      <trkpt lat="49.482269" lon="14.495302">
      </trkpt>
      <trkpt lat="49.482354" lon="14.495773">
      </trkpt>
      <trkpt lat="49.482932" lon="14.49719">
      </trkpt>
      <trkpt lat="49.483383" lon="14.501132">
      </trkpt>
      <trkpt lat="49.483334" lon="14.501786">
      </trkpt>
      <trkpt lat="49.483414" lon="14.502359">
      </trkpt>
      <trkpt lat="49.483534" lon="14.502711">
      </trkpt>
      <trkpt lat="49.484475" lon="14.504622">
      </trkpt>
      <trkpt lat="49.484714" lon="14.50519">
      </trkpt>
      <trkpt lat="49.485078" lon="14.505782">
      </trkpt>
      <trkpt lat="49.486192" lon="14.508244">
      </trkpt>
      <trkpt lat="49.486344" lon="14.508741">
      </trkpt>
      <trkpt lat="49.486514" lon="14.50912">
      </trkpt>
      <trkpt lat="49.485989" lon="14.517417">
      </trkpt>
      <trkpt lat="49.484823" lon="14.521419">
      </trkpt>
      <trkpt lat="49.47632" lon="14.521111">
      </trkpt>
      <trkpt lat="49.475826" lon="14.520203">
      </trkpt>
      <trkpt lat="49.475327" lon="14.519347">
      </trkpt>
      <trkpt lat="49.474263" lon="14.517697">
      </trkpt>
      <trkpt lat="49.473092" lon="14.515844">
      </trkpt>
      <trkpt lat="49.466777" lon="14.511016">
      </trkpt>
      <trkpt lat="49.465927" lon="14.507868">
      </trkpt>
      <trkpt lat="49.465907" lon="14.50755">
      </trkpt>
      <trkpt lat="49.465798" lon="14.506433">
      </trkpt>
      <trkpt lat="49.465929" lon="14.504281">
      </trkpt>
      <trkpt lat="49.466014" lon="14.501935">
      </trkpt>
      <trkpt lat="49.468971" lon="14.495186">
      </trkpt>
      <trkpt lat="49.469981" lon="14.49173">
      </trkpt>
      <trkpt lat="49.466114" lon="14.484809">
      </trkpt>
      <trkpt lat="49.461352" lon="14.483692">
      </trkpt>
      <trkpt lat="49.457766" lon="14.483966">
      </trkpt>
      <trkpt lat="49.451771" lon="14.478423">
      </trkpt>
      <trkpt lat="49.45115" lon="14.477743">
      </trkpt>
      <trkpt lat="49.449887" lon="14.476639">
      </trkpt>
      <trkpt lat="49.449583" lon="14.476413">
      </trkpt>
      <trkpt lat="49.445647" lon="14.477536">
      </trkpt>
      <trkpt lat="49.442055" lon="14.477309">
      </trkpt>
      <trkpt lat="49.437494" lon="14.470996">
      </trkpt>
      <trkpt lat="49.438513" lon="14.467769">
      </trkpt>
      <trkpt lat="49.43882" lon="14.466733">
      </trkpt>
      <trkpt lat="49.439128" lon="14.465694">
      </trkpt>
      <trkpt lat="49.439907" lon="14.463389">
      </trkpt>
      <trkpt lat="49.440821" lon="14.460971">
      </trkpt>
      <trkpt lat="49.441616" lon="14.459096">
      </trkpt>
      <trkpt lat="49.442439" lon="14.457154">
      </trkpt>
      <trkpt lat="49.443337" lon="14.45477">
      </trkpt>
      <trkpt lat="49.443582" lon="14.453994">
      </trkpt>
      <trkpt lat="49.444291" lon="14.450395">
      </trkpt>
      <trkpt lat="49.44436" lon="14.449572">
      </trkpt>
      <trkpt lat="49.444404" lon="14.44849">
      </trkpt>
      <trkpt lat="49.444412" lon="14.447802">
      </trkpt>
      <trkpt lat="49.4444" lon="14.447266">
      </trkpt>
      <trkpt lat="49.443259" lon="14.441789">
      </trkpt>
      <trkpt lat="49.442369" lon="14.438709">
      </trkpt>
      <trkpt lat="49.440964" lon="14.431843">
      </trkpt>
      <trkpt lat="49.437364" lon="14.431866">
      </trkpt>
      <trkpt lat="49.437304" lon="14.434093">
      </trkpt>
      <trkpt lat="49.437698" lon="14.440281">
      </trkpt>
      <trkpt lat="49.440805" lon="14.448446">
      </trkpt>
      <trkpt lat="49.440763" lon="14.449423">
      </trkpt>
      <trkpt lat="49.440704" lon="14.450084">
      </trkpt>
      <trkpt lat="49.440108" lon="14.45305">
      </trkpt>
      <trkpt lat="49.439906" lon="14.453679">
      </trkpt>
      <trkpt lat="49.439071" lon="14.455882">
      </trkpt>
      <trkpt lat="49.438302" lon="14.45769">
      </trkpt>
      <trkpt lat="49.437507" lon="14.459564">
      </trkpt>
      <trkpt lat="49.43654" lon="14.462115">
      </trkpt>
      <trkpt lat="49.435718" lon="14.464539">
      </trkpt>
      <trkpt lat="49.427727" lon="14.467851">
      </trkpt>
      <trkpt lat="49.426729" lon="14.46701">
      </trkpt>
      <trkpt lat="49.424409" lon="14.469763">
      </trkpt>
      <trkpt lat="49.425407" lon="14.470604">
      </trkpt>
      <trkpt lat="49.426735" lon="14.471651">
      </trkpt>
      <trkpt lat="49.427231" lon="14.472086">
      </trkpt>
      <trkpt lat="49.422779" lon="14.479738">
      </trkpt>
      <trkpt lat="49.420137" lon="14.481538">
      </trkpt>
      <trkpt lat="49.420529" lon="14.485117">
      </trkpt>
      <trkpt lat="49.423397" lon="14.484325">
      </trkpt>
      <trkpt lat="49.425485" lon="14.484451">
      </trkpt>
      <trkpt lat="49.430598" lon="14.491621">
      </trkpt>
      <trkpt lat="49.424166" lon="14.496845">
      </trkpt>
      <trkpt lat="49.422342" lon="14.496266">
      </trkpt>
      <trkpt lat="49.420629" lon="14.495727">
      </trkpt>
      <trkpt lat="49.41948" lon="14.495278">
      </trkpt>
      <trkpt lat="49.418606" lon="14.494899">
      </trkpt>
      <trkpt lat="49.417819" lon="14.494404">
      </trkpt>
      <trkpt lat="49.416399" lon="14.497712">
      </trkpt>
      <trkpt lat="49.408957" lon="14.49695">
      </trkpt>
      <trkpt lat="49.407628" lon="14.494236">
      </trkpt>
      <trkpt lat="49.406299" lon="14.491522">
      </trkpt>
      <trkpt lat="49.403514" lon="14.487306">
      </trkpt>
      <trkpt lat="49.40318" lon="14.480478">
      </trkpt>
      <trkpt lat="49.403198" lon="14.480421">
      </trkpt>
      <trkpt lat="49.406353" lon="14.475691">
      </trkpt>
      <trkpt lat="49.407919" lon="14.474371">
      </trkpt>
      <trkpt lat="49.408398" lon="14.473788">
      </trkpt>
      <trkpt lat="49.408661" lon="14.473235">
      </trkpt>
      <trkpt lat="49.41098" lon="14.469017">
      </trkpt>
      <trkpt lat="49.412249" lon="14.466131">
      </trkpt>
      <trkpt lat="49.412252" lon="14.465769">
      </trkpt>
      <trkpt lat="49.412272" lon="14.465213">
      </trkpt>
      <trkpt lat="49.412382" lon="14.463858">
      </trkpt>
      <trkpt lat="49.412358" lon="14.463307">
      </trkpt>
      <trkpt lat="49.412041" lon="14.460586">
      </trkpt>
      <trkpt lat="49.412143" lon="14.458813">
      </trkpt>
      <trkpt lat="49.412206" lon="14.457406">
      </trkpt>
      <trkpt lat="49.408609" lon="14.457244">
      </trkpt>
      <trkpt lat="49.408546" lon="14.458652">
      </trkpt>
      <trkpt lat="49.408447" lon="14.460378">
      </trkpt>
      <trkpt lat="49.400913" lon="14.464382">
      </trkpt>
      <trkpt lat="49.398783" lon="14.464108">
      </trkpt>
      <trkpt lat="49.391298" lon="14.462894">
      </trkpt>
      <trkpt lat="49.384961" lon="14.457007">
      </trkpt>
      <trkpt lat="49.383263" lon="14.455121">
      </trkpt>
      <trkpt lat="49.379899" lon="14.456404">
      </trkpt>
      <trkpt lat="49.38007" lon="14.456852">
      </trkpt>
      <trkpt lat="49.383467" lon="14.461308">
      </trkpt>
      <trkpt lat="49.384963" lon="14.463928">
      </trkpt>
      <trkpt lat="49.38646" lon="14.466547">
      </trkpt>
      <trkpt lat="49.387957" lon="14.469167">
      </trkpt>
      <trkpt lat="49.383386" lon="14.476843">
      </trkpt>
      <trkpt lat="49.382756" lon="14.476618">
      </trkpt>
      <trkpt lat="49.382417" lon="14.47656">
      </trkpt>
      <trkpt lat="49.37976" lon="14.47627">
      </trkpt>
      <trkpt lat="49.379369" lon="14.479849">
      </trkpt>
      <trkpt lat="49.383448" lon="14.481125">
      </trkpt>
      <trkpt lat="49.385013" lon="14.482261">
      </trkpt>
      <trkpt lat="49.384137" lon="14.490558">
      </trkpt>
      <trkpt lat="49.381444" lon="14.491525">
      </trkpt>
      <trkpt lat="49.382661" lon="14.494913">
      </trkpt>
      <trkpt lat="49.385354" lon="14.493946">
      </trkpt>
      <trkpt lat="49.386321" lon="14.493562">
      </trkpt>
      <trkpt lat="49.387621" lon="14.492771">
      </trkpt>
      <trkpt lat="49.390379" lon="14.490528">
      </trkpt>
      <trkpt lat="49.398858" lon="14.49152">
      </trkpt>
      <trkpt lat="49.404395" lon="14.495819">
      </trkpt>
      <trkpt lat="49.405724" lon="14.498533">
      </trkpt>
      <trkpt lat="49.407053" lon="14.501248">
      </trkpt>
      <trkpt lat="49.408381" lon="14.503962">
      </trkpt>
      <trkpt lat="49.40971" lon="14.506676">
      </trkpt>
      <trkpt lat="49.406688" lon="14.513435">
      </trkpt>
      <trkpt lat="49.403076" lon="14.513216">
      </trkpt>
      <trkpt lat="49.40267" lon="14.513963">
      </trkpt>
      <trkpt lat="49.39837" lon="14.516431">
      </trkpt>
      <trkpt lat="49.392863" lon="14.512361">
      </trkpt>
      <trkpt lat="49.392565" lon="14.511808">
      </trkpt>
      <trkpt lat="49.391914" lon="14.510898">
      </trkpt>
      <trkpt lat="49.391067" lon="14.509593">
      </trkpt>
      <trkpt lat="49.390697" lon="14.508946">
      </trkpt>
      <trkpt lat="49.389782" lon="14.507841">
      </trkpt>
      <trkpt lat="49.389396" lon="14.507335">
      </trkpt>
      <trkpt lat="49.384619" lon="14.504499">
      </trkpt>
      <trkpt lat="49.381042" lon="14.504093">
      </trkpt>
      <trkpt lat="49.378232" lon="14.509628">
      </trkpt>
      <trkpt lat="49.370453" lon="14.509775">
      </trkpt>
      <trkpt lat="49.370054" lon="14.509596">
      </trkpt>
      <trkpt lat="49.369131" lon="14.509096">
      </trkpt>
      <trkpt lat="49.36757" lon="14.509768">
      </trkpt>
      <trkpt lat="49.364705" lon="14.511196">
      </trkpt>
      <trkpt lat="49.364139" lon="14.511424">
      </trkpt>
      <trkpt lat="49.363235" lon="14.511799">
      </trkpt>
      <trkpt lat="49.362357" lon="14.512411">
      </trkpt>
      <trkpt lat="49.361172" lon="14.513075">
      </trkpt>
      <trkpt lat="49.35984" lon="14.513841">
      </trkpt>
      <trkpt lat="49.354115" lon="14.52064">
      </trkpt>
      <trkpt lat="49.350627" lon="14.521534">
      </trkpt>
      <trkpt lat="49.344642" lon="14.517664">
      </trkpt>
      <trkpt lat="49.343426" lon="14.516708">
      </trkpt>
      <trkpt lat="49.343207" lon="14.516565">
      </trkpt>
      <trkpt lat="49.340469" lon="14.515338">
      </trkpt>
      <trkpt lat="49.342146" lon="14.507329">
      </trkpt>
      <trkpt lat="49.342078" lon="14.506762">
      </trkpt>
      <trkpt lat="49.341993" lon="14.506359">
      </trkpt>
      <trkpt lat="49.341865" lon="14.503654">
      </trkpt>
      <trkpt lat="49.345506" lon="14.497132">
      </trkpt>
      <trkpt lat="49.346464" lon="14.495605">
      </trkpt>
      <trkpt lat="49.346688" lon="14.495239">
      </trkpt>
      <trkpt lat="49.346877" lon="14.494819">
      </trkpt>
      <trkpt lat="49.347014" lon="14.494372">
      </trkpt>
      <trkpt lat="49.347055" lon="14.494219">
      </trkpt>
      <trkpt lat="49.347166" lon="14.493638">
      </trkpt>
      <trkpt lat="49.349328" lon="14.487299">
      </trkpt>
      <trkpt lat="49.349365" lon="14.487209">
      </trkpt>
      <trkpt lat="49.350409" lon="14.483865">
      </trkpt>
      <trkpt lat="49.354846" lon="14.477422">
      </trkpt>
      <trkpt lat="49.357589" lon="14.476717">
      </trkpt>
      <trkpt lat="49.361232" lon="14.476368">
      </trkpt>
      <trkpt lat="49.362104" lon="14.475823">
      </trkpt>
      <trkpt lat="49.363721" lon="14.474486">
      </trkpt>
      <trkpt lat="49.362487" lon="14.471104">
      </trkpt>
      <trkpt lat="49.361921" lon="14.471258">
      </trkpt>
      <trkpt lat="49.361384" lon="14.471421">
      </trkpt>
      <trkpt lat="49.360809" lon="14.47172">
      </trkpt>
      <trkpt lat="49.353104" lon="14.467111">
      </trkpt>
      <trkpt lat="49.353558" lon="14.46572">
      </trkpt>
      <trkpt lat="49.353211" lon="14.462366">
      </trkpt>
      <trkpt lat="49.35256" lon="14.462262">
      </trkpt>
      <trkpt lat="49.349617" lon="14.462165">
      </trkpt>
      <trkpt lat="49.349056" lon="14.463257">
      </trkpt>
      <trkpt lat="49.349504" lon="14.467089">
      </trkpt>
      <trkpt lat="49.349488" lon="14.469695">
      </trkpt>
      <trkpt lat="49.345212" lon="14.475717">
      </trkpt>
      <trkpt lat="49.338981" lon="14.471303">
      </trkpt>
      <trkpt lat="49.337694" lon="14.468213">
      </trkpt>
      <trkpt lat="49.337185" lon="14.467582">
      </trkpt>
      <trkpt lat="49.334327" lon="14.461551">
      </trkpt>
      <trkpt lat="49.330729" lon="14.461678">
      </trkpt>
      <trkpt lat="49.329383" lon="14.461723">
      </trkpt>
      <trkpt lat="49.32584" lon="14.46236">
      </trkpt>
      <trkpt lat="49.319974" lon="14.459099">
      </trkpt>
      <trkpt lat="49.316501" lon="14.460049">
      </trkpt>
      <trkpt lat="49.316514" lon="14.460605">
      </trkpt>
      <trkpt lat="49.316462" lon="14.461557">
      </trkpt>
      <trkpt lat="49.316241" lon="14.463148">
      </trkpt>
      <trkpt lat="49.316218" lon="14.464096">
      </trkpt>
      <trkpt lat="49.316258" lon="14.465321">
      </trkpt>
      <trkpt lat="49.316262" lon="14.465903">
      </trkpt>
      <trkpt lat="49.316184" lon="14.467998">
      </trkpt>
      <trkpt lat="49.316105" lon="14.470174">
      </trkpt>
      <trkpt lat="49.316038" lon="14.470818">
      </trkpt>
      <trkpt lat="49.315792" lon="14.472138">
      </trkpt>
      <trkpt lat="49.315715" lon="14.473222">
      </trkpt>
      <trkpt lat="49.306776" lon="14.47245">
      </trkpt>
      <trkpt lat="49.306038" lon="14.469858">
      </trkpt>
      <trkpt lat="49.305185" lon="14.460936">
      </trkpt>
      <trkpt lat="49.305719" lon="14.460342">
      </trkpt>
      <trkpt lat="49.306009" lon="14.459508">
      </trkpt>
      <trkpt lat="49.307873" lon="14.457124">
      </trkpt>
      <trkpt lat="49.309966" lon="14.452999">
      </trkpt>
      <trkpt lat="49.310251" lon="14.452791">
      </trkpt>
      <trkpt lat="49.311744" lon="14.451561">
      </trkpt>
      <trkpt lat="49.313462" lon="14.450108">
      </trkpt>
      <trkpt lat="49.313589" lon="14.449959">
      </trkpt>
      <trkpt lat="49.313905" lon="14.449586">
      </trkpt>
      <trkpt lat="49.315094" lon="14.448085">
      </trkpt>
      <trkpt lat="49.320511" lon="14.445358">
      </trkpt>
      <trkpt lat="49.322115" lon="14.445449">
      </trkpt>
      <trkpt lat="49.326065" lon="14.439375">
      </trkpt>
      <trkpt lat="49.327886" lon="14.438293">
      </trkpt>
      <trkpt lat="49.329707" lon="14.437211">
      </trkpt>
      <trkpt lat="49.327868" lon="14.434116">
      </trkpt>
      <trkpt lat="49.323471" lon="14.434378">
      </trkpt>
      <trkpt lat="49.318626" lon="14.430745">
      </trkpt>
      <trkpt lat="49.315256" lon="14.43201">
      </trkpt>
      <trkpt lat="49.315605" lon="14.433959">
      </trkpt>
      <trkpt lat="49.314968" lon="14.437502">
      </trkpt>
      <trkpt lat="49.307988" lon="14.441075">
      </trkpt>
      <trkpt lat="49.307071" lon="14.440873">
      </trkpt>
      <trkpt lat="49.304989" lon="14.44043">
      </trkpt>
      <trkpt lat="49.300185" lon="14.435528">
      </trkpt>
      <trkpt lat="49.300618" lon="14.431954">
      </trkpt>
      <trkpt lat="49.301198" lon="14.430689">
      </trkpt>
      <trkpt lat="49.306507" lon="14.425815">
      </trkpt>
      <trkpt lat="49.309803" lon="14.420584">
      </trkpt>
      <trkpt lat="49.31498" lon="14.413295">
      </trkpt>
      <trkpt lat="49.315721" lon="14.412626">
      </trkpt>
      <trkpt lat="49.316731" lon="14.411568">
      </trkpt>
      <trkpt lat="49.319858" lon="14.404313">
      </trkpt>
      <trkpt lat="49.323358" lon="14.405154">
      </trkpt>
      <trkpt lat="49.323894" lon="14.403949">
      </trkpt>
      <trkpt lat="49.323912" lon="14.402496">
      </trkpt>
      <trkpt lat="49.323923" lon="14.401232">
      </trkpt>
      <trkpt lat="49.325282" lon="14.394613">
      </trkpt>
      <trkpt lat="49.331559" lon="14.389731">
      </trkpt>
      <trkpt lat="49.333078" lon="14.389786">
      </trkpt>
      <trkpt lat="49.338691" lon="14.390715">
      </trkpt>
      <trkpt lat="49.341135" lon="14.390345">
      </trkpt>
      <trkpt lat="49.342247" lon="14.390153">
      </trkpt>
      <trkpt lat="49.342066" lon="14.389014">
      </trkpt>
      <trkpt lat="49.34061" lon="14.386324">
      </trkpt>
      <trkpt lat="49.340265" lon="14.386095">
      </trkpt>
      <trkpt lat="49.33983" lon="14.385876">
      </trkpt>
      <trkpt lat="49.339293" lon="14.385691">
      </trkpt>
      <trkpt lat="49.338457" lon="14.385502">
      </trkpt>
      <trkpt lat="49.337783" lon="14.385396">
      </trkpt>
      <trkpt lat="49.336934" lon="14.385451">
      </trkpt>
      <trkpt lat="49.335616" lon="14.385775">
      </trkpt>
      <trkpt lat="49.334875" lon="14.385899">
      </trkpt>
      <trkpt lat="49.333959" lon="14.385948">
      </trkpt>
      <trkpt lat="49.332011" lon="14.386046">
      </trkpt>
      <trkpt lat="49.330156" lon="14.385624">
      </trkpt>
      <trkpt lat="49.329572" lon="14.376775">
      </trkpt>
      <trkpt lat="49.330103" lon="14.376441">
      </trkpt>
      <trkpt lat="49.330677" lon="14.375664">
      </trkpt>
      <trkpt lat="49.335185" lon="14.373516">
      </trkpt>
      <trkpt lat="49.338785" lon="14.373501">
      </trkpt>
      <trkpt lat="49.345584" lon="14.37178">
      </trkpt>
      <trkpt lat="49.348163" lon="14.373951">
      </trkpt>
      <trkpt lat="49.349011" lon="14.374549">
      </trkpt>
      <trkpt lat="49.349682" lon="14.374816">
      </trkpt>
      <trkpt lat="49.352605" lon="14.376387">
      </trkpt>
      <trkpt lat="49.354139" lon="14.377551">
      </trkpt>
      <trkpt lat="49.356315" lon="14.374684">
      </trkpt>
      <trkpt lat="49.354781" lon="14.373519">
      </trkpt>
      <trkpt lat="49.352248" lon="14.371208">
      </trkpt>
      <trkpt lat="49.347905" lon="14.369028">
      </trkpt>
      <trkpt lat="49.347841" lon="14.360035">
      </trkpt>
      <trkpt lat="49.348504" lon="14.359311">
      </trkpt>
      <trkpt lat="49.3486" lon="14.359123">
      </trkpt>
      <trkpt lat="49.345497" lon="14.351767">
      </trkpt>
      <trkpt lat="49.342575" lon="14.349664">
      </trkpt>
      <trkpt lat="49.340716" lon="14.350402">
      </trkpt>
      <trkpt lat="49.33878" lon="14.35143">
      </trkpt>
      <trkpt lat="49.334123" lon="14.351162">
      </trkpt>
      <trkpt lat="49.333326" lon="14.35093">
      </trkpt>
      <trkpt lat="49.332765" lon="14.342161">
      </trkpt>
      <trkpt lat="49.335422" lon="14.339732">
      </trkpt>
      <trkpt lat="49.335387" lon="14.330751">
      </trkpt>
      <trkpt lat="49.333368" lon="14.327771">
      </trkpt>
      <trkpt lat="49.326159" lon="14.326164">
      </trkpt>
      <trkpt lat="49.322559" lon="14.326155">
      </trkpt>
      <trkpt lat="49.318498" lon="14.329956">
      </trkpt>
      <trkpt lat="49.318283" lon="14.330072">
      </trkpt>
      <trkpt lat="49.31698" lon="14.331029">
      </trkpt>
      <trkpt lat="49.316965" lon="14.33111">
      </trkpt>
      <trkpt lat="49.317486" lon="14.33266">
      </trkpt>
      <trkpt lat="49.318362" lon="14.334764">
      </trkpt>
      <trkpt lat="49.324379" lon="14.337702">
      </trkpt>
      <trkpt lat="49.319906" lon="14.345294">
      </trkpt>
      <trkpt lat="49.318102" lon="14.345455">
      </trkpt>
      <trkpt lat="49.316307" lon="14.345216">
      </trkpt>
      <trkpt lat="49.316303" lon="14.345416">
      </trkpt>
      <trkpt lat="49.316191" lon="14.347284">
      </trkpt>
      <trkpt lat="49.310895" lon="14.353152">
      </trkpt>
      <trkpt lat="49.303678" lon="14.349412">
      </trkpt>
      <trkpt lat="49.302293" lon="14.346429">
      </trkpt>
      <trkpt lat="49.302057" lon="14.345604">
      </trkpt>
      <trkpt lat="49.301853" lon="14.343063">
      </trkpt>
      <trkpt lat="49.301771" lon="14.342588">
      </trkpt>
      <trkpt lat="49.301664" lon="14.342252">
      </trkpt>
      <trkpt lat="49.301517" lon="14.341895">
      </trkpt>
      <trkpt lat="49.300865" lon="14.339673">
      </trkpt>
      <trkpt lat="49.300648" lon="14.337306">
      </trkpt>
      <trkpt lat="49.300616" lon="14.336695">
      </trkpt>
      <trkpt lat="49.300501" lon="14.336097">
      </trkpt>
      <trkpt lat="49.303481" lon="14.328139">
      </trkpt>
      <trkpt lat="49.304165" lon="14.327659">
      </trkpt>
      <trkpt lat="49.304637" lon="14.326946">
      </trkpt>
      <trkpt lat="49.304814" lon="14.326436">
      </trkpt>
      <trkpt lat="49.304909" lon="14.325866">
      </trkpt>
      <trkpt lat="49.306861" lon="14.321777">
      </trkpt>
      <trkpt lat="49.307403" lon="14.31941">
      </trkpt>
      <trkpt lat="49.307938" lon="14.31702">
      </trkpt>
      <trkpt lat="49.308507" lon="14.315441">
      </trkpt>
      <trkpt lat="49.308815" lon="14.314801">
      </trkpt>
      <trkpt lat="49.309041" lon="14.313774">
      </trkpt>
      <trkpt lat="49.310187" lon="14.310484">
      </trkpt>
      <trkpt lat="49.309944" lon="14.306508">
      </trkpt>
      <trkpt lat="49.309978" lon="14.305974">
      </trkpt>
      <trkpt lat="49.312604" lon="14.299321">
      </trkpt>
      <trkpt lat="49.314557" lon="14.29761">
      </trkpt>
      <trkpt lat="49.315188" lon="14.297132">
      </trkpt>
      <trkpt lat="49.316405" lon="14.29605">
      </trkpt>
      <trkpt lat="49.32076" lon="14.293492">
      </trkpt>
      <trkpt lat="49.326384" lon="14.296628">
      </trkpt>
      <trkpt lat="49.326651" lon="14.296994">
      </trkpt>
      <trkpt lat="49.327006" lon="14.297333">
      </trkpt>
      <trkpt lat="49.327742" lon="14.297748">
      </trkpt>
      <trkpt lat="49.329657" lon="14.298808">
      </trkpt>
      <trkpt lat="49.330781" lon="14.299152">
      </trkpt>
      <trkpt lat="49.331745" lon="14.298907">
      </trkpt>
      <trkpt lat="49.332277" lon="14.298532">
      </trkpt>
      <trkpt lat="49.333324" lon="14.296101">
      </trkpt>
      <trkpt lat="49.334715" lon="14.290603">
      </trkpt>
      <trkpt lat="49.333154" lon="14.285868">
      </trkpt>
      <trkpt lat="49.330735" lon="14.283305">
      </trkpt>
      <trkpt lat="49.323559" lon="14.278133">
      </trkpt>
      <trkpt lat="49.323772" lon="14.277587">
      </trkpt>
      <trkpt lat="49.323867" lon="14.277206">
      </trkpt>
      <trkpt lat="49.323926" lon="14.276867">
      </trkpt>
      <trkpt lat="49.323989" lon="14.276392">
      </trkpt>
      <trkpt lat="49.324194" lon="14.274227">
      </trkpt>
      <trkpt lat="49.324394" lon="14.272118">
      </trkpt>
      <trkpt lat="49.324498" lon="14.271284">
      </trkpt>
      <trkpt lat="49.3321" lon="14.267264">
      </trkpt>
      <trkpt lat="49.333209" lon="14.267481">
      </trkpt>
      <trkpt lat="49.33719" lon="14.268032">
      </trkpt>
      <trkpt lat="49.340106" lon="14.266756">
      </trkpt>
      <trkpt lat="49.341096" lon="14.265728">
      </trkpt>
      <trkpt lat="49.341149" lon="14.265569">
      </trkpt>
      <trkpt lat="49.339831" lon="14.263167">
      </trkpt>
      <trkpt lat="49.338599" lon="14.262915">
      </trkpt>
      <trkpt lat="49.338035" lon="14.262791">
      </trkpt>
      <trkpt lat="49.335097" lon="14.262758">
      </trkpt>
      <trkpt lat="49.331354" lon="14.254914">
      </trkpt>
      <trkpt lat="49.333904" lon="14.252687">
      </trkpt>
      <trkpt lat="49.337799" lon="14.251834">
      </trkpt>
      <trkpt lat="49.341399" lon="14.25181">
      </trkpt>
      <trkpt lat="49.348074" lon="14.248847">
      </trkpt>
      <trkpt lat="49.351541" lon="14.247878">
      </trkpt>
      <trkpt lat="49.350919" lon="14.245654">
      </trkpt>
      <trkpt lat="49.350475" lon="14.244061">
      </trkpt>
      <trkpt lat="49.34982" lon="14.241722">
      </trkpt>
      <trkpt lat="49.346353" lon="14.242693">
      </trkpt>
      <trkpt lat="49.338862" lon="14.238143">
      </trkpt>
      <trkpt lat="49.338867" lon="14.237413">
      </trkpt>
      <trkpt lat="49.338698" lon="14.235602">
      </trkpt>
      <trkpt lat="49.338605" lon="14.233621">
      </trkpt>
      <trkpt lat="49.339056" lon="14.230517">
      </trkpt>
      <trkpt lat="49.339231" lon="14.23002">
      </trkpt>
      <trkpt lat="49.339313" lon="14.229488">
      </trkpt>
      <trkpt lat="49.344753" lon="14.222542">
      </trkpt>
      <trkpt lat="49.3469" lon="14.215603">
      </trkpt>
      <trkpt lat="49.346923" lon="14.215317">
      </trkpt>
      <trkpt lat="49.347188" lon="14.211693">
      </trkpt>
      <trkpt lat="49.344489" lon="14.20892">
      </trkpt>
      <trkpt lat="49.342111" lon="14.205682">
      </trkpt>
      <trkpt lat="49.342799" lon="14.199167">
      </trkpt>
      <trkpt lat="49.342664" lon="14.198687">
      </trkpt>
      <trkpt lat="49.342372" lon="14.19808">
      </trkpt>
      <trkpt lat="49.341642" lon="14.197407">
      </trkpt>
      <trkpt lat="49.337746" lon="14.191455">
      </trkpt>
      <trkpt lat="49.338094" lon="14.188878">
      </trkpt>
      <trkpt lat="49.338368" lon="14.187557">
      </trkpt>
      <trkpt lat="49.338414" lon="14.186841">
      </trkpt>
      <trkpt lat="49.333648" lon="14.17931">
      </trkpt>
      <trkpt lat="49.333856" lon="14.178685">
      </trkpt>
      <trkpt lat="49.334048" lon="14.177493">
      </trkpt>
      <trkpt lat="49.330494" lon="14.17692">
      </trkpt>
      <trkpt lat="49.322482" lon="14.172901">
      </trkpt>
      <trkpt lat="49.322265" lon="14.169721">
      </trkpt>
      <trkpt lat="49.322904" lon="14.164217">
      </trkpt>
      <trkpt lat="49.324051" lon="14.161964">
      </trkpt>
      <trkpt lat="49.325547" lon="14.157589">
      </trkpt>
      <trkpt lat="49.324556" lon="14.156907">
      </trkpt>
      <trkpt lat="49.320963" lon="14.152377">
      </trkpt>
      <trkpt lat="49.322096" lon="14.147758">
      </trkpt>
      <trkpt lat="49.327589" lon="14.141116">
      </trkpt>
      <trkpt lat="49.329037" lon="14.14078">
      </trkpt>
      <trkpt lat="49.332532" lon="14.140837">
      </trkpt>
      <trkpt lat="49.333134" lon="14.140729">
      </trkpt>
      <trkpt lat="49.333871" lon="14.138982">
      </trkpt>
      <trkpt lat="49.333816" lon="14.138802">
      </trkpt>
      <trkpt lat="49.332816" lon="14.137143">
      </trkpt>
      <trkpt lat="49.33238" lon="14.137181">
      </trkpt>
      <trkpt lat="49.329029" lon="14.136556">
      </trkpt>
      <trkpt lat="49.325054" lon="14.134012">
      </trkpt>
      <trkpt lat="49.325895" lon="14.125299">
      </trkpt>
      <trkpt lat="49.333283" lon="14.123389">
      </trkpt>
      <trkpt lat="49.335561" lon="14.120724">
      </trkpt>
      <trkpt lat="49.338251" lon="14.112905">
      </trkpt>
      <trkpt lat="49.33831" lon="14.104025">
      </trkpt>
      <trkpt lat="49.339678" lon="14.103088">
      </trkpt>
      <trkpt lat="49.339737" lon="14.10299">
      </trkpt>
      <trkpt lat="49.340124" lon="14.100272">
      </trkpt>
      <trkpt lat="49.340126" lon="14.099951">
      </trkpt>
      <trkpt lat="49.339431" lon="14.098784">
      </trkpt>
      <trkpt lat="49.338851" lon="14.098261">
      </trkpt>
      <trkpt lat="49.338675" lon="14.098161">
      </trkpt>
      <trkpt lat="49.336847" lon="14.096809">
      </trkpt>
      <trkpt lat="49.334991" lon="14.089095">
      </trkpt>
      <trkpt lat="49.335258" lon="14.088148">
      </trkpt>
      <trkpt lat="49.335621" lon="14.087014">
      </trkpt>
      <trkpt lat="49.335974" lon="14.086082">
      </trkpt>
      <trkpt lat="49.336377" lon="14.085149">
      </trkpt>
      <trkpt lat="49.336653" lon="14.084576">
      </trkpt>
      <trkpt lat="49.336911" lon="14.084088">
      </trkpt>
      <trkpt lat="49.337161" lon="14.08364">
      </trkpt>
      <trkpt lat="49.337658" lon="14.082823">
      </trkpt>
      <trkpt lat="49.338832" lon="14.080932">
      </trkpt>
      <trkpt lat="49.345444" lon="14.074994">
      </trkpt>
      <trkpt lat="49.345054" lon="14.074124">
      </trkpt>
      <trkpt lat="49.344768" lon="14.073581">
      </trkpt>
      <trkpt lat="49.344426" lon="14.07309">
      </trkpt>
      <trkpt lat="49.343505" lon="14.064976">
      </trkpt>
      <trkpt lat="49.344207" lon="14.063688">
      </trkpt>
      <trkpt lat="49.345771" lon="14.061018">
      </trkpt>
      <trkpt lat="49.347815" lon="14.058018">
      </trkpt>
      <trkpt lat="49.347907" lon="14.057702">
      </trkpt>
      <trkpt lat="49.345268" lon="14.055474">
      </trkpt>
      <trkpt lat="49.34498" lon="14.055606">
      </trkpt>
      <trkpt lat="49.344589" lon="14.056152">
      </trkpt>
      <trkpt lat="49.344136" lon="14.056869">
      </trkpt>
      <trkpt lat="49.342729" lon="14.059093">
      </trkpt>
      <trkpt lat="49.341094" lon="14.06188">
      </trkpt>
      <trkpt lat="49.340345" lon="14.063251">
      </trkpt>
      <trkpt lat="49.340045" lon="14.063857">
      </trkpt>
      <trkpt lat="49.339727" lon="14.064559">
      </trkpt>
      <trkpt lat="49.339472" lon="14.065184">
      </trkpt>
      <trkpt lat="49.339122" lon="14.066134">
      </trkpt>
      <trkpt lat="49.336853" lon="14.070998">
      </trkpt>
      <trkpt lat="49.336567" lon="14.071659">
      </trkpt>
      <trkpt lat="49.336263" lon="14.072352">
      </trkpt>
      <trkpt lat="49.336183" lon="14.072537">
      </trkpt>
      <trkpt lat="49.336117" lon="14.072877">
      </trkpt>
      <trkpt lat="49.336115" lon="14.073043">
      </trkpt>
      <trkpt lat="49.334085" lon="14.081768">
      </trkpt>
      <trkpt lat="49.333769" lon="14.082332">
      </trkpt>
      <trkpt lat="49.333473" lon="14.082889">
      </trkpt>
      <trkpt lat="49.333136" lon="14.083582">
      </trkpt>
      <trkpt lat="49.332671" lon="14.084651">
      </trkpt>
      <trkpt lat="49.332257" lon="14.085732">
      </trkpt>
      <trkpt lat="49.331832" lon="14.087043">
      </trkpt>
      <trkpt lat="49.329157" lon="14.092155">
      </trkpt>
      <trkpt lat="49.329029" lon="14.092631">
      </trkpt>
      <trkpt lat="49.328874" lon="14.093502">
      </trkpt>
      <trkpt lat="49.328842" lon="14.093944">
      </trkpt>
      <trkpt lat="49.32874" lon="14.096155">
      </trkpt>
      <trkpt lat="49.328562" lon="14.097222">
      </trkpt>
      <trkpt lat="49.3276" lon="14.100346">
      </trkpt>
      <trkpt lat="49.327441" lon="14.100972">
      </trkpt>
      <trkpt lat="49.326526" lon="14.103584">
      </trkpt>
      <trkpt lat="49.321026" lon="14.106858">
      </trkpt>
      <trkpt lat="49.317115" lon="14.105449">
      </trkpt>
      <trkpt lat="49.315641" lon="14.104591">
      </trkpt>
      <trkpt lat="49.312284" lon="14.103291">
      </trkpt>
      <trkpt lat="49.309404" lon="14.097127">
      </trkpt>
      <trkpt lat="49.309395" lon="14.096907">
      </trkpt>
      <trkpt lat="49.309285" lon="14.09652">
      </trkpt>
      <trkpt lat="49.309187" lon="14.09634">
      </trkpt>
      <trkpt lat="49.307699" lon="14.095244">
      </trkpt>
      <trkpt lat="49.307395" lon="14.095196">
      </trkpt>
      <trkpt lat="49.305605" lon="14.096494">
      </trkpt>
      <trkpt lat="49.305623" lon="14.09708">
      </trkpt>
      <trkpt lat="49.305751" lon="14.101017">
      </trkpt>
      <trkpt lat="49.305378" lon="14.104246">
      </trkpt>
      <trkpt lat="49.305633" lon="14.106728">
      </trkpt>
      <trkpt lat="49.305831" lon="14.108384">
      </trkpt>
      <trkpt lat="49.29879" lon="14.113307">
      </trkpt>
      <trkpt lat="49.297108" lon="14.113394">
      </trkpt>
      <trkpt lat="49.28918" lon="14.114263">
      </trkpt>
      <trkpt lat="49.287228" lon="14.11303">
      </trkpt>
      <trkpt lat="49.285305" lon="14.116073">
      </trkpt>
      <trkpt lat="49.286052" lon="14.120055">
      </trkpt>
      <trkpt lat="49.288008" lon="14.12549">
      </trkpt>
      <trkpt lat="49.287669" lon="14.12727">
      </trkpt>
      <trkpt lat="49.287411" lon="14.128637">
      </trkpt>
      <trkpt lat="49.287371" lon="14.128888">
      </trkpt>
      <trkpt lat="49.28202" lon="14.133377">
      </trkpt>
      <trkpt lat="49.277494" lon="14.130351">
      </trkpt>
      <trkpt lat="49.277167" lon="14.129828">
      </trkpt>
      <trkpt lat="49.276824" lon="14.129476">
      </trkpt>
      <trkpt lat="49.275455" lon="14.128378">
      </trkpt>
      <trkpt lat="49.275017" lon="14.127878">
      </trkpt>
      <trkpt lat="49.276082" lon="14.118949">
      </trkpt>
      <trkpt lat="49.275569" lon="14.118341">
      </trkpt>
      <trkpt lat="49.273477" lon="14.114145">
      </trkpt>
      <trkpt lat="49.272807" lon="14.112756">
      </trkpt>
      <trkpt lat="49.272035" lon="14.111286">
      </trkpt>
      <trkpt lat="49.271392" lon="14.110468">
      </trkpt>
      <trkpt lat="49.271143" lon="14.110215">
      </trkpt>
      <trkpt lat="49.270563" lon="14.109774">
      </trkpt>
      <trkpt lat="49.267074" lon="14.105322">
      </trkpt>
      <trkpt lat="49.26822" lon="14.098276">
      </trkpt>
      <trkpt lat="49.268306" lon="14.098127">
      </trkpt>
      <trkpt lat="49.268597" lon="14.096262">
      </trkpt>
      <trkpt lat="49.268609" lon="14.096158">
      </trkpt>
      <trkpt lat="49.2684" lon="14.095225">
      </trkpt>
      <trkpt lat="49.268074" lon="14.094755">
      </trkpt>
      <trkpt lat="49.267716" lon="14.094746">
      </trkpt>
      <trkpt lat="49.267127" lon="14.094801">
      </trkpt>
      <trkpt lat="49.261963" lon="14.093368">
      </trkpt>
      <trkpt lat="49.258781" lon="14.085333">
      </trkpt>
      <trkpt lat="49.263113" lon="14.082258">
      </trkpt>
      <trkpt lat="49.266694" lon="14.081894">
      </trkpt>
      <trkpt lat="49.272218" lon="14.078639">
      </trkpt>
      <trkpt lat="49.272282" lon="14.078521">
      </trkpt>
      <trkpt lat="49.272444" lon="14.075858">
      </trkpt>
      <trkpt lat="49.272479" lon="14.075523">
      </trkpt>
      <trkpt lat="49.274266" lon="14.067333">
      </trkpt>
      <trkpt lat="49.271424" lon="14.060714">
      </trkpt>
      <trkpt lat="49.267824" lon="14.06069">
      </trkpt>
      <trkpt lat="49.267804" lon="14.063748">
      </trkpt>
      <trkpt lat="49.266617" lon="14.067267">
      </trkpt>
      <trkpt lat="49.259235" lon="14.070118">
      </trkpt>
      <trkpt lat="49.251417" lon="14.065919">
      </trkpt>
      <trkpt lat="49.251411" lon="14.065393">
      </trkpt>
      <trkpt lat="49.25138" lon="14.064707">
      </trkpt>
      <trkpt lat="49.251284" lon="14.063409">
      </trkpt>
      <trkpt lat="49.251156" lon="14.062505">
      </trkpt>
      <trkpt lat="49.253811" lon="14.055286">
      </trkpt>
      <trkpt lat="49.254089" lon="14.054954">
      </trkpt>
      <trkpt lat="49.254316" lon="14.054585">
      </trkpt>
      <trkpt lat="49.254945" lon="14.05329">
      </trkpt>
      <trkpt lat="49.255361" lon="14.052558">
      </trkpt>
      <trkpt lat="49.256292" lon="14.051163">
      </trkpt>
      <trkpt lat="49.253298" lon="14.049164">
      </trkpt>
      <trkpt lat="49.250606" lon="14.047246">
      </trkpt>
      <trkpt lat="49.251822" lon="14.038588">
      </trkpt>
      <trkpt lat="49.254" lon="14.037669">
      </trkpt>
      <trkpt lat="49.257502" lon="14.036836">
      </trkpt>
      <trkpt lat="49.257439" lon="14.035694">
      </trkpt>
      <trkpt lat="49.2577" lon="14.029349">
      </trkpt>
      <trkpt lat="49.255974" lon="14.02619">
      </trkpt>
      <trkpt lat="49.254655" lon="14.021329">
      </trkpt>
      <trkpt lat="49.258318" lon="14.014337">
      </trkpt>
      <trkpt lat="49.258337" lon="14.011379">
      </trkpt>
      <trkpt lat="49.257432" lon="14.007222">
      </trkpt>
      <trkpt lat="49.257034" lon="14.006864">
      </trkpt>
      <trkpt lat="49.253883" lon="14.006623">
      </trkpt>
      <trkpt lat="49.247411" lon="14.010046">
      </trkpt>
      <trkpt lat="49.245462" lon="14.013072">
      </trkpt>
      <trkpt lat="49.238501" lon="14.012547">
      </trkpt>
      <trkpt lat="49.237056" lon="14.01234">
      </trkpt>
      <trkpt lat="49.234916" lon="14.012212">
      </trkpt>
      <trkpt lat="49.229355" lon="14.005183">
      </trkpt>
      <trkpt lat="49.230153" lon="14.002809">
      </trkpt>
      <trkpt lat="49.230951" lon="14.000435">
      </trkpt>
      <trkpt lat="49.231748" lon="13.998061">
      </trkpt>
      <trkpt lat="49.232546" lon="13.995687">
      </trkpt>
      <trkpt lat="49.240945" lon="13.995649">
      </trkpt>
      <trkpt lat="49.241855" lon="13.996386">
      </trkpt>
      <trkpt lat="49.242424" lon="13.996568">
      </trkpt>
      <trkpt lat="49.243088" lon="13.996775">
      </trkpt>
      <trkpt lat="49.244112" lon="13.996856">
      </trkpt>
      <trkpt lat="49.244918" lon="13.996762">
      </trkpt>
      <trkpt lat="49.246192" lon="13.996539">
      </trkpt>
      <trkpt lat="49.246994" lon="13.996299">
      </trkpt>
      <trkpt lat="49.246614" lon="13.992719">
      </trkpt>
      <trkpt lat="49.241893" lon="13.990682">
      </trkpt>
      <trkpt lat="49.241569" lon="13.990392">
      </trkpt>
      <trkpt lat="49.240918" lon="13.989944">
      </trkpt>
      <trkpt lat="49.237155" lon="13.98195">
      </trkpt>
      <trkpt lat="49.238136" lon="13.97903">
      </trkpt>
      <trkpt lat="49.246448" lon="13.976112">
      </trkpt>
      <trkpt lat="49.249195" lon="13.97564">
      </trkpt>
      <trkpt lat="49.252013" lon="13.97266">
      </trkpt>
      <trkpt lat="49.252276" lon="13.972219">
      </trkpt>
      <trkpt lat="49.252649" lon="13.971522">
      </trkpt>
      <trkpt lat="49.252587" lon="13.971173">
      </trkpt>
      <trkpt lat="49.252403" lon="13.970278">
      </trkpt>
      <trkpt lat="49.25142" lon="13.961421">
      </trkpt>
      <trkpt lat="49.251558" lon="13.960314">
      </trkpt>
      <trkpt lat="49.25157" lon="13.959654">
      </trkpt>
      <trkpt lat="49.251526" lon="13.959147">
      </trkpt>
      <trkpt lat="49.251171" lon="13.956698">
      </trkpt>
      <trkpt lat="49.250826" lon="13.954325">
      </trkpt>
      <trkpt lat="49.25048" lon="13.951952">
      </trkpt>
      <trkpt lat="49.250312" lon="13.946524">
      </trkpt>
      <trkpt lat="49.251415" lon="13.939221">
      </trkpt>
      <trkpt lat="49.253908" lon="13.93335">
      </trkpt>
      <trkpt lat="49.252469" lon="13.927621">
      </trkpt>
      <trkpt lat="49.248932" lon="13.926951">
      </trkpt>
    </trkseg>
  </trk>
</gpx>