<?xml version="1.0" encoding="UTF-8"?>
<gpx xmlns="http://www.topografix.com/GPX/1/1" xmlns:xsi="http://www.w3.org/2001/XMLSchema-instance" xsi:schemaLocation="http://www.topografix.com/GPX/1/1 http://www.topografix.com/GPX/1/1/gpx.xsd" version="1.1" creator="gpx.py -- https://github.com/tkrajina/gpxpy">
  <trk>
    <trkseg>
      <trkpt lat="50.15819" lon="13.476552">
      </trkpt>
      <trkpt lat="50.156599" lon="13.480659">
      </trkpt>
      <trkpt lat="50.155315" lon="13.482252">
      </trkpt>
      <trkpt lat="50.151665" lon="13.485091">
      </trkpt>
      <trkpt lat="50.143104" lon="13.485029">
      </trkpt>
      <trkpt lat="50.142637" lon="13.484235">
      </trkpt>
      <trkpt lat="50.142265" lon="13.483651">
      </trkpt>
      <trkpt lat="50.141775" lon="13.482543">
      </trkpt>
      <trkpt lat="50.141685" lon="13.477676">
      </trkpt>
      <trkpt lat="50.141832" lon="13.47724">
      </trkpt>
      <trkpt lat="50.14223" lon="13.476141">
      </trkpt>
      <trkpt lat="50.1423" lon="13.475775">
      </trkpt>
      <trkpt lat="50.142332" lon="13.475443">
      </trkpt>
      <trkpt lat="50.142383" lon="13.474461">
      </trkpt>
      <trkpt lat="50.142578" lon="13.471378">
      </trkpt>
      <trkpt lat="50.140375" lon="13.464667">
      </trkpt>
      <trkpt lat="50.1403" lon="13.464087">
      </trkpt>
      <trkpt lat="50.139854" lon="13.456445">
      </trkpt>
      <trkpt lat="50.14006" lon="13.455395">
      </trkpt>
      <trkpt lat="50.140144" lon="13.454836">
      </trkpt>
      <trkpt lat="50.140283" lon="13.453579">
      </trkpt>
      <trkpt lat="50.136705" lon="13.453181">
      </trkpt>
      <trkpt lat="50.136055" lon="13.457033">
      </trkpt>
      <trkpt lat="50.135998" lon="13.457454">
      </trkpt>
      <trkpt lat="50.135426" lon="13.461003">
      </trkpt>
      <trkpt lat="50.136125" lon="13.464974">
      </trkpt>
      <trkpt lat="50.136274" lon="13.467034">
      </trkpt>
      <trkpt lat="50.136424" lon="13.469094">
      </trkpt>
      <trkpt lat="50.136476" lon="13.470547">
      </trkpt>
      <trkpt lat="50.136482" lon="13.473175">
      </trkpt>
      <trkpt lat="50.136399" lon="13.474953">
      </trkpt>
      <trkpt lat="50.136362" lon="13.476886">
      </trkpt>
      <trkpt lat="50.136378" lon="13.477926">
      </trkpt>
      <trkpt lat="50.136445" lon="13.479003">
      </trkpt>
      <trkpt lat="50.136501" lon="13.479548">
      </trkpt>
      <trkpt lat="50.136768" lon="13.481065">
      </trkpt>
      <trkpt lat="50.137083" lon="13.482144">
      </trkpt>
      <trkpt lat="50.131656" lon="13.489148">
      </trkpt>
      <trkpt lat="50.130732" lon="13.489222">
      </trkpt>
      <trkpt lat="50.123185" lon="13.487913">
      </trkpt>
      <trkpt lat="50.121529" lon="13.49111">
      </trkpt>
      <trkpt lat="50.124265" lon="13.492527">
      </trkpt>
      <trkpt lat="50.125611" lon="13.493216">
      </trkpt>
      <trkpt lat="50.126187" lon="13.493483">
      </trkpt>
      <trkpt lat="50.126854" lon="13.49372">
      </trkpt>
      <trkpt lat="50.127667" lon="13.49389">
      </trkpt>
      <trkpt lat="50.128322" lon="13.493912">
      </trkpt>
      <trkpt lat="50.128851" lon="13.493826">
      </trkpt>
      <trkpt lat="50.136945" lon="13.497541">
      </trkpt>
      <trkpt lat="50.13757" lon="13.498993">
      </trkpt>
      <trkpt lat="50.137858" lon="13.499833">
      </trkpt>
      <trkpt lat="50.138167" lon="13.500928">
      </trkpt>
      <trkpt lat="50.141208" lon="13.503782">
      </trkpt>
      <trkpt lat="50.146831" lon="13.508067">
      </trkpt>
      <trkpt lat="50.147659" lon="13.510417">
      </trkpt>
      <trkpt lat="50.148857" lon="13.512886">
      </trkpt>
      <trkpt lat="50.149433" lon="13.514495">
      </trkpt>
      <trkpt lat="50.150262" lon="13.516628">
      </trkpt>
      <trkpt lat="50.150735" lon="13.517729">
      </trkpt>
      <trkpt lat="50.151376" lon="13.519113">
      </trkpt>
      <trkpt lat="50.152303" lon="13.520971">
      </trkpt>
      <trkpt lat="50.153264" lon="13.522801">
      </trkpt>
      <trkpt lat="50.153923" lon="13.53097">
      </trkpt>
      <trkpt lat="50.15423" lon="13.533614">
      </trkpt>
      <trkpt lat="50.154555" lon="13.536138">
      </trkpt>
      <trkpt lat="50.155032" lon="13.539752">
      </trkpt>
      <trkpt lat="50.155346" lon="13.542139">
      </trkpt>
      <trkpt lat="50.155659" lon="13.544526">
      </trkpt>
      <trkpt lat="50.155972" lon="13.546913">
      </trkpt>
      <trkpt lat="50.156348" lon="13.549819">
      </trkpt>
      <trkpt lat="50.156645" lon="13.552082">
      </trkpt>
      <trkpt lat="50.153488" lon="13.559303">
      </trkpt>
      <trkpt lat="50.152274" lon="13.560094">
      </trkpt>
      <trkpt lat="50.152116" lon="13.560374">
      </trkpt>
      <trkpt lat="50.152022" lon="13.56058">
      </trkpt>
      <trkpt lat="50.150789" lon="13.568243">
      </trkpt>
      <trkpt lat="50.150709" lon="13.56856">
      </trkpt>
      <trkpt lat="50.150208" lon="13.571061">
      </trkpt>
      <trkpt lat="50.150536" lon="13.571643">
      </trkpt>
      <trkpt lat="50.150662" lon="13.571862">
      </trkpt>
      <trkpt lat="50.153422" lon="13.572682">
      </trkpt>
      <trkpt lat="50.159421" lon="13.577418">
      </trkpt>
      <trkpt lat="50.159546" lon="13.579869">
      </trkpt>
      <trkpt lat="50.159654" lon="13.581948">
      </trkpt>
      <trkpt lat="50.159755" lon="13.583904">
      </trkpt>
      <trkpt lat="50.159935" lon="13.587406">
      </trkpt>
      <trkpt lat="50.160104" lon="13.590698">
      </trkpt>
      <trkpt lat="50.155349" lon="13.595876">
      </trkpt>
      <trkpt lat="50.154828" lon="13.596226">
      </trkpt>
      <trkpt lat="50.154251" lon="13.596696">
      </trkpt>
      <trkpt lat="50.148646" lon="13.597068">
      </trkpt>
      <trkpt lat="50.146093" lon="13.591981">
      </trkpt>
      <trkpt lat="50.146114" lon="13.590546">
      </trkpt>
      <trkpt lat="50.146721" lon="13.588324">
      </trkpt>
      <trkpt lat="50.143295" lon="13.587217">
      </trkpt>
      <trkpt lat="50.137961" lon="13.588936">
      </trkpt>
      <trkpt lat="50.138403" lon="13.591403">
      </trkpt>
      <trkpt lat="50.135716" lon="13.598059">
      </trkpt>
      <trkpt lat="50.13224" lon="13.598996">
      </trkpt>
      <trkpt lat="50.125984" lon="13.604269">
      </trkpt>
      <trkpt lat="50.124236" lon="13.603489">
      </trkpt>
      <trkpt lat="50.121094" lon="13.605245">
      </trkpt>
      <trkpt lat="50.121724" lon="13.606373">
      </trkpt>
      <trkpt lat="50.122115" lon="13.606869">
      </trkpt>
      <trkpt lat="50.122759" lon="13.607323">
      </trkpt>
      <trkpt lat="50.126019" lon="13.610272">
      </trkpt>
      <trkpt lat="50.131448" lon="13.614401">
      </trkpt>
      <trkpt lat="50.138422" lon="13.619759">
      </trkpt>
      <trkpt lat="50.138562" lon="13.620208">
      </trkpt>
      <trkpt lat="50.138815" lon="13.620723">
      </trkpt>
      <trkpt lat="50.14006" lon="13.623618">
      </trkpt>
      <trkpt lat="50.140247" lon="13.624342">
      </trkpt>
      <trkpt lat="50.140525" lon="13.625108">
      </trkpt>
      <trkpt lat="50.137436" lon="13.632841">
      </trkpt>
      <trkpt lat="50.135384" lon="13.633364">
      </trkpt>
      <trkpt lat="50.128726" lon="13.63263">
      </trkpt>
      <trkpt lat="50.12496" lon="13.627352">
      </trkpt>
      <trkpt lat="50.122131" lon="13.625822">
      </trkpt>
      <trkpt lat="50.114562" lon="13.624057">
      </trkpt>
      <trkpt lat="50.112515" lon="13.627019">
      </trkpt>
      <trkpt lat="50.115345" lon="13.629379">
      </trkpt>
      <trkpt lat="50.115623" lon="13.62964">
      </trkpt>
      <trkpt lat="50.11633" lon="13.630171">
      </trkpt>
      <trkpt lat="50.116869" lon="13.630496">
      </trkpt>
      <trkpt lat="50.119454" lon="13.632661">
      </trkpt>
      <trkpt lat="50.120038" lon="13.641175">
      </trkpt>
      <trkpt lat="50.119895" lon="13.642296">
      </trkpt>
      <trkpt lat="50.119809" lon="13.643143">
      </trkpt>
      <trkpt lat="50.119839" lon="13.646481">
      </trkpt>
      <trkpt lat="50.122954" lon="13.652143">
      </trkpt>
      <trkpt lat="50.126473" lon="13.652899">
      </trkpt>
      <trkpt lat="50.129645" lon="13.660528">
      </trkpt>
      <trkpt lat="50.12429" lon="13.66305">
      </trkpt>
      <trkpt lat="50.12406" lon="13.663949">
      </trkpt>
      <trkpt lat="50.123705" lon="13.665811">
      </trkpt>
      <trkpt lat="50.122232" lon="13.670245">
      </trkpt>
      <trkpt lat="50.121567" lon="13.672007">
      </trkpt>
      <trkpt lat="50.120793" lon="13.67396">
      </trkpt>
      <trkpt lat="50.120027" lon="13.675892">
      </trkpt>
      <trkpt lat="50.119128" lon="13.677947">
      </trkpt>
      <trkpt lat="50.118808" lon="13.678888">
      </trkpt>
      <trkpt lat="50.118687" lon="13.679407">
      </trkpt>
      <trkpt lat="50.122193" lon="13.680224">
      </trkpt>
      <trkpt lat="50.129651" lon="13.676809">
      </trkpt>
      <trkpt lat="50.134864" lon="13.682564">
      </trkpt>
      <trkpt lat="50.134347" lon="13.685945">
      </trkpt>
      <trkpt lat="50.132876" lon="13.689083">
      </trkpt>
      <trkpt lat="50.128043" lon="13.692262">
      </trkpt>
      <trkpt lat="50.12609" lon="13.694343">
      </trkpt>
      <trkpt lat="50.126116" lon="13.694873">
      </trkpt>
      <trkpt lat="50.126118" lon="13.698485">
      </trkpt>
      <trkpt lat="50.126118" lon="13.698525">
      </trkpt>
      <trkpt lat="50.12606" lon="13.701762">
      </trkpt>
      <trkpt lat="50.121737" lon="13.706957">
      </trkpt>
      <trkpt lat="50.120373" lon="13.708919">
      </trkpt>
      <trkpt lat="50.116839" lon="13.713329">
      </trkpt>
      <trkpt lat="50.112848" lon="13.721236">
      </trkpt>
      <trkpt lat="50.112239" lon="13.721578">
      </trkpt>
      <trkpt lat="50.111946" lon="13.721752">
      </trkpt>
      <trkpt lat="50.113782" lon="13.724848">
      </trkpt>
      <trkpt lat="50.112899" lon="13.733514">
      </trkpt>
      <trkpt lat="50.107551" lon="13.734135">
      </trkpt>
      <trkpt lat="50.104601" lon="13.729691">
      </trkpt>
      <trkpt lat="50.10378" lon="13.727935">
      </trkpt>
      <trkpt lat="50.103475" lon="13.727814">
      </trkpt>
      <trkpt lat="50.101039" lon="13.729166">
      </trkpt>
      <trkpt lat="50.100741" lon="13.729543">
      </trkpt>
      <trkpt lat="50.100056" lon="13.730953">
      </trkpt>
      <trkpt lat="50.099978" lon="13.731441">
      </trkpt>
      <trkpt lat="50.099826" lon="13.732948">
      </trkpt>
      <trkpt lat="50.099832" lon="13.733018">
      </trkpt>
      <trkpt lat="50.099981" lon="13.733608">
      </trkpt>
      <trkpt lat="50.09835" lon="13.74069">
      </trkpt>
      <trkpt lat="50.096706" lon="13.742251">
      </trkpt>
      <trkpt lat="50.096173" lon="13.742728">
      </trkpt>
      <trkpt lat="50.096052" lon="13.742844">
      </trkpt>
      <trkpt lat="50.095957" lon="13.743056">
      </trkpt>
      <trkpt lat="50.095716" lon="13.746026">
      </trkpt>
      <trkpt lat="50.097495" lon="13.75259">
      </trkpt>
      <trkpt lat="50.09973" lon="13.756012">
      </trkpt>
      <trkpt lat="50.105104" lon="13.762612">
      </trkpt>
      <trkpt lat="50.103886" lon="13.766">
      </trkpt>
      <trkpt lat="50.105531" lon="13.767688">
      </trkpt>
      <trkpt lat="50.106825" lon="13.769067">
      </trkpt>
      <trkpt lat="50.108182" lon="13.770224">
      </trkpt>
      <trkpt lat="50.111369" lon="13.772172">
      </trkpt>
      <trkpt lat="50.111913" lon="13.778467">
      </trkpt>
      <trkpt lat="50.111626" lon="13.77899">
      </trkpt>
      <trkpt lat="50.107398" lon="13.783224">
      </trkpt>
      <trkpt lat="50.10387" lon="13.783939">
      </trkpt>
      <trkpt lat="50.103977" lon="13.785299">
      </trkpt>
      <trkpt lat="50.103213" lon="13.789185">
      </trkpt>
      <trkpt lat="50.103551" lon="13.789812">
      </trkpt>
      <trkpt lat="50.103885" lon="13.790404">
      </trkpt>
      <trkpt lat="50.096306" lon="13.795204">
      </trkpt>
      <trkpt lat="50.093103" lon="13.79356">
      </trkpt>
      <trkpt lat="50.091526" lon="13.796632">
      </trkpt>
      <trkpt lat="50.089949" lon="13.799705">
      </trkpt>
      <trkpt lat="50.084492" lon="13.802305">
      </trkpt>
      <trkpt lat="50.081216" lon="13.803799">
      </trkpt>
      <trkpt lat="50.077341" lon="13.810937">
      </trkpt>
      <trkpt lat="50.077694" lon="13.812096">
      </trkpt>
      <trkpt lat="50.079298" lon="13.819012">
      </trkpt>
      <trkpt lat="50.077772" lon="13.821338">
      </trkpt>
      <trkpt lat="50.0757" lon="13.824501">
      </trkpt>
      <trkpt lat="50.075285" lon="13.824983">
      </trkpt>
      <trkpt lat="50.074983" lon="13.825602">
      </trkpt>
      <trkpt lat="50.075455" lon="13.825891">
      </trkpt>
      <trkpt lat="50.079131" lon="13.828963">
      </trkpt>
      <trkpt lat="50.081534" lon="13.835956">
      </trkpt>
      <trkpt lat="50.080892" lon="13.83821">
      </trkpt>
      <trkpt lat="50.080768" lon="13.8387">
      </trkpt>
      <trkpt lat="50.080638" lon="13.839444">
      </trkpt>
      <trkpt lat="50.080703" lon="13.840426">
      </trkpt>
      <trkpt lat="50.081054" lon="13.841237">
      </trkpt>
      <trkpt lat="50.081159" lon="13.841375">
      </trkpt>
      <trkpt lat="50.086528" lon="13.847623">
      </trkpt>
      <trkpt lat="50.083839" lon="13.850011">
      </trkpt>
      <trkpt lat="50.081102" lon="13.853015">
      </trkpt>
      <trkpt lat="50.074174" lon="13.855597">
      </trkpt>
      <trkpt lat="50.071894" lon="13.858383">
      </trkpt>
      <trkpt lat="50.074562" lon="13.86318">
      </trkpt>
      <trkpt lat="50.074613" lon="13.864828">
      </trkpt>
      <trkpt lat="50.068918" lon="13.870768">
      </trkpt>
      <trkpt lat="50.065327" lon="13.870518">
      </trkpt>
      <trkpt lat="50.063213" lon="13.872017">
      </trkpt>
      <trkpt lat="50.060711" lon="13.873731">
      </trkpt>
      <trkpt lat="50.061664" lon="13.877203">
      </trkpt>
      <trkpt lat="50.065172" lon="13.877435">
      </trkpt>
      <trkpt lat="50.067854" lon="13.885181">
      </trkpt>
      <trkpt lat="50.067551" lon="13.88644">
      </trkpt>
      <trkpt lat="50.06757" lon="13.887294">
      </trkpt>
      <trkpt lat="50.067634" lon="13.888077">
      </trkpt>
      <trkpt lat="50.067635" lon="13.888684">
      </trkpt>
      <trkpt lat="50.067708" lon="13.889377">
      </trkpt>
      <trkpt lat="50.067795" lon="13.889822">
      </trkpt>
      <trkpt lat="50.068054" lon="13.890476">
      </trkpt>
      <trkpt lat="50.064784" lon="13.896881">
      </trkpt>
      <trkpt lat="50.059922" lon="13.895259">
      </trkpt>
      <trkpt lat="50.059643" lon="13.894946">
      </trkpt>
      <trkpt lat="50.054176" lon="13.890904">
      </trkpt>
      <trkpt lat="50.053695" lon="13.890199">
      </trkpt>
      <trkpt lat="50.052217" lon="13.888097">
      </trkpt>
      <trkpt lat="50.051182" lon="13.886838">
      </trkpt>
      <trkpt lat="50.049002" lon="13.884894">
      </trkpt>
      <trkpt lat="50.046574" lon="13.882493">
      </trkpt>
      <trkpt lat="50.045621" lon="13.881965">
      </trkpt>
      <trkpt lat="50.044801" lon="13.881918">
      </trkpt>
      <trkpt lat="50.044213" lon="13.882089">
      </trkpt>
      <trkpt lat="50.04393" lon="13.882225">
      </trkpt>
      <trkpt lat="50.044265" lon="13.885256">
      </trkpt>
      <trkpt lat="50.046467" lon="13.887449">
      </trkpt>
      <trkpt lat="50.048784" lon="13.889523">
      </trkpt>
      <trkpt lat="50.0494" lon="13.890339">
      </trkpt>
      <trkpt lat="50.050748" lon="13.892266">
      </trkpt>
      <trkpt lat="50.051203" lon="13.892933">
      </trkpt>
      <trkpt lat="50.052052" lon="13.894341">
      </trkpt>
      <trkpt lat="50.054573" lon="13.89694">
      </trkpt>
      <trkpt lat="50.054759" lon="13.897241">
      </trkpt>
      <trkpt lat="50.055264" lon="13.897746">
      </trkpt>
      <trkpt lat="50.055885" lon="13.89807">
      </trkpt>
      <trkpt lat="50.054339" lon="13.906712">
      </trkpt>
      <trkpt lat="50.045669" lon="13.904834">
      </trkpt>
      <trkpt lat="50.044025" lon="13.901687">
      </trkpt>
      <trkpt lat="50.043934" lon="13.901479">
      </trkpt>
      <trkpt lat="50.038796" lon="13.898462">
      </trkpt>
      <trkpt lat="50.038205" lon="13.898199">
      </trkpt>
      <trkpt lat="50.037073" lon="13.8982">
      </trkpt>
      <trkpt lat="50.032099" lon="13.897446">
      </trkpt>
      <trkpt lat="50.02855" lon="13.898051">
      </trkpt>
      <trkpt lat="50.021876" lon="13.900636">
      </trkpt>
      <trkpt lat="50.021486" lon="13.90071">
      </trkpt>
      <trkpt lat="50.01887" lon="13.901504">
      </trkpt>
      <trkpt lat="50.012538" lon="13.898196">
      </trkpt>
      <trkpt lat="50.011872" lon="13.896598">
      </trkpt>
      <trkpt lat="50.011131" lon="13.894474">
      </trkpt>
      <trkpt lat="50.010949" lon="13.893958">
      </trkpt>
      <trkpt lat="50.012063" lon="13.885115">
      </trkpt>
      <trkpt lat="50.012473" lon="13.884244">
      </trkpt>
      <trkpt lat="50.012847" lon="13.883223">
      </trkpt>
      <trkpt lat="50.013267" lon="13.88187">
      </trkpt>
      <trkpt lat="50.018725" lon="13.875242">
      </trkpt>
      <trkpt lat="50.02444" lon="13.871416">
      </trkpt>
      <trkpt lat="50.026109" lon="13.870034">
      </trkpt>
      <trkpt lat="50.027707" lon="13.869012">
      </trkpt>
      <trkpt lat="50.028232" lon="13.86822">
      </trkpt>
      <trkpt lat="50.028452" lon="13.867604">
      </trkpt>
      <trkpt lat="50.028575" lon="13.867102">
      </trkpt>
      <trkpt lat="50.022262" lon="13.861774">
      </trkpt>
      <trkpt lat="50.021064" lon="13.861868">
      </trkpt>
      <trkpt lat="50.018887" lon="13.863026">
      </trkpt>
      <trkpt lat="50.018384" lon="13.863743">
      </trkpt>
      <trkpt lat="50.017299" lon="13.865655">
      </trkpt>
      <trkpt lat="50.016985" lon="13.866625">
      </trkpt>
      <trkpt lat="50.016897" lon="13.867022">
      </trkpt>
      <trkpt lat="50.012428" lon="13.872025">
      </trkpt>
      <trkpt lat="50.004206" lon="13.868638">
      </trkpt>
      <trkpt lat="50.003614" lon="13.865087">
      </trkpt>
      <trkpt lat="50.003609" lon="13.858027">
      </trkpt>
      <trkpt lat="50.004803" lon="13.855168">
      </trkpt>
      <trkpt lat="50.004976" lon="13.854753">
      </trkpt>
      <trkpt lat="50.004685" lon="13.85355">
      </trkpt>
      <trkpt lat="50.004599" lon="13.853405">
      </trkpt>
      <trkpt lat="50.001653" lon="13.853367">
      </trkpt>
      <trkpt lat="50.00148" lon="13.853783">
      </trkpt>
      <trkpt lat="50.000287" lon="13.85664">
      </trkpt>
      <trkpt lat="49.992863" lon="13.856492">
      </trkpt>
      <trkpt lat="49.99159" lon="13.853747">
      </trkpt>
      <trkpt lat="49.991108" lon="13.852819">
      </trkpt>
      <trkpt lat="49.99052" lon="13.850378">
      </trkpt>
      <trkpt lat="49.986943" lon="13.85078">
      </trkpt>
      <trkpt lat="49.979517" lon="13.846116">
      </trkpt>
      <trkpt lat="49.979776" lon="13.844852">
      </trkpt>
      <trkpt lat="49.979811" lon="13.844135">
      </trkpt>
      <trkpt lat="49.97972" lon="13.843582">
      </trkpt>
      <trkpt lat="49.979561" lon="13.843065">
      </trkpt>
      <trkpt lat="49.979312" lon="13.842042">
      </trkpt>
      <trkpt lat="49.97895" lon="13.841273">
      </trkpt>
      <trkpt lat="49.978582" lon="13.840788">
      </trkpt>
      <trkpt lat="49.975715" lon="13.842964">
      </trkpt>
      <trkpt lat="49.968356" lon="13.839751">
      </trkpt>
      <trkpt lat="49.968936" lon="13.836759">
      </trkpt>
      <trkpt lat="49.967903" lon="13.831205">
      </trkpt>
      <trkpt lat="49.961756" lon="13.825104">
      </trkpt>
      <trkpt lat="49.961479" lon="13.824703">
      </trkpt>
      <trkpt lat="49.961207" lon="13.824408">
      </trkpt>
      <trkpt lat="49.960904" lon="13.824149">
      </trkpt>
      <trkpt lat="49.960378" lon="13.823765">
      </trkpt>
      <trkpt lat="49.95198" lon="13.822197">
      </trkpt>
      <trkpt lat="49.951442" lon="13.821438">
      </trkpt>
      <trkpt lat="49.949814" lon="13.819372">
      </trkpt>
      <trkpt lat="49.948667" lon="13.816954">
      </trkpt>
      <trkpt lat="49.947696" lon="13.812362">
      </trkpt>
      <trkpt lat="49.94768" lon="13.81194">
      </trkpt>
      <trkpt lat="49.946469" lon="13.811564">
      </trkpt>
      <trkpt lat="49.944082" lon="13.812075">
      </trkpt>
      <trkpt lat="49.944077" lon="13.81322">
      </trkpt>
      <trkpt lat="49.944108" lon="13.814431">
      </trkpt>
      <trkpt lat="49.945254" lon="13.818098">
      </trkpt>
      <trkpt lat="49.946015" lon="13.819962">
      </trkpt>
      <trkpt lat="49.946699" lon="13.821176">
      </trkpt>
      <trkpt lat="49.948839" lon="13.827339">
      </trkpt>
      <trkpt lat="49.949126" lon="13.828793">
      </trkpt>
      <trkpt lat="49.950058" lon="13.830944">
      </trkpt>
      <trkpt lat="49.950723" lon="13.832022">
      </trkpt>
      <trkpt lat="49.951014" lon="13.832632">
      </trkpt>
      <trkpt lat="49.951956" lon="13.834312">
      </trkpt>
      <trkpt lat="49.952399" lon="13.835016">
      </trkpt>
      <trkpt lat="49.95314" lon="13.835496">
      </trkpt>
      <trkpt lat="49.954533" lon="13.836986">
      </trkpt>
      <trkpt lat="49.955151" lon="13.838316">
      </trkpt>
      <trkpt lat="49.948614" lon="13.844021">
      </trkpt>
      <trkpt lat="49.945097" lon="13.843249">
      </trkpt>
      <trkpt lat="49.944373" lon="13.846037">
      </trkpt>
      <trkpt lat="49.944171" lon="13.847213">
      </trkpt>
      <trkpt lat="49.943946" lon="13.849269">
      </trkpt>
      <trkpt lat="49.943918" lon="13.850229">
      </trkpt>
      <trkpt lat="49.943925" lon="13.850967">
      </trkpt>
      <trkpt lat="49.943983" lon="13.851641">
      </trkpt>
      <trkpt lat="49.944191" lon="13.852977">
      </trkpt>
      <trkpt lat="49.944574" lon="13.856446">
      </trkpt>
      <trkpt lat="49.937907" lon="13.860417">
      </trkpt>
      <trkpt lat="49.931655" lon="13.855684">
      </trkpt>
      <trkpt lat="49.930822" lon="13.853699">
      </trkpt>
      <trkpt lat="49.929796" lon="13.851109">
      </trkpt>
      <trkpt lat="49.928868" lon="13.848861">
      </trkpt>
      <trkpt lat="49.92875" lon="13.848273">
      </trkpt>
      <trkpt lat="49.928579" lon="13.845824">
      </trkpt>
      <trkpt lat="49.928583" lon="13.844385">
      </trkpt>
      <trkpt lat="49.928758" lon="13.841747">
      </trkpt>
      <trkpt lat="49.931906" lon="13.834765">
      </trkpt>
      <trkpt lat="49.933267" lon="13.833468">
      </trkpt>
      <trkpt lat="49.930782" lon="13.830863">
      </trkpt>
      <trkpt lat="49.9259" lon="13.830822">
      </trkpt>
      <trkpt lat="49.921773" lon="13.827303">
      </trkpt>
      <trkpt lat="49.920801" lon="13.824434">
      </trkpt>
      <trkpt lat="49.921884" lon="13.819051">
      </trkpt>
      <trkpt lat="49.922591" lon="13.817573">
      </trkpt>
      <trkpt lat="49.923015" lon="13.816578">
      </trkpt>
      <trkpt lat="49.923211" lon="13.815827">
      </trkpt>
      <trkpt lat="49.923283" lon="13.815053">
      </trkpt>
      <trkpt lat="49.923606" lon="13.811694">
      </trkpt>
      <trkpt lat="49.924225" lon="13.8097">
      </trkpt>
      <trkpt lat="49.926343" lon="13.803644">
      </trkpt>
      <trkpt lat="49.931979" lon="13.799727">
      </trkpt>
      <trkpt lat="49.932294" lon="13.794449">
      </trkpt>
      <trkpt lat="49.933197" lon="13.790964">
      </trkpt>
      <trkpt lat="49.934521" lon="13.785825">
      </trkpt>
      <trkpt lat="49.934726" lon="13.7848">
      </trkpt>
      <trkpt lat="49.935534" lon="13.779108">
      </trkpt>
      <trkpt lat="49.932027" lon="13.778292">
      </trkpt>
      <trkpt lat="49.931239" lon="13.781681">
      </trkpt>
      <trkpt lat="49.929988" lon="13.785572">
      </trkpt>
      <trkpt lat="49.929091" lon="13.786758">
      </trkpt>
      <trkpt lat="49.928433" lon="13.787617">
      </trkpt>
      <trkpt lat="49.927942" lon="13.789186">
      </trkpt>
      <trkpt lat="49.927656" lon="13.789975">
      </trkpt>
      <trkpt lat="49.926836" lon="13.792052">
      </trkpt>
      <trkpt lat="49.926155" lon="13.79311">
      </trkpt>
      <trkpt lat="49.925773" lon="13.793757">
      </trkpt>
      <trkpt lat="49.92523" lon="13.795241">
      </trkpt>
      <trkpt lat="49.916328" lon="13.796068">
      </trkpt>
      <trkpt lat="49.913778" lon="13.790412">
      </trkpt>
      <trkpt lat="49.915083" lon="13.787056">
      </trkpt>
      <trkpt lat="49.91479" lon="13.783174">
      </trkpt>
      <trkpt lat="49.914809" lon="13.782292">
      </trkpt>
      <trkpt lat="49.914995" lon="13.780059">
      </trkpt>
      <trkpt lat="49.916461" lon="13.776771">
      </trkpt>
      <trkpt lat="49.915968" lon="13.76848">
      </trkpt>
      <trkpt lat="49.913403" lon="13.765955">
      </trkpt>
      <trkpt lat="49.912766" lon="13.766499">
      </trkpt>
      <trkpt lat="49.912392" lon="13.766793">
      </trkpt>
      <trkpt lat="49.910954" lon="13.768724">
      </trkpt>
      <trkpt lat="49.902738" lon="13.769353">
      </trkpt>
      <trkpt lat="49.899823" lon="13.767241">
      </trkpt>
      <trkpt lat="49.89147" lon="13.764363">
      </trkpt>
      <trkpt lat="49.891118" lon="13.763809">
      </trkpt>
      <trkpt lat="49.890393" lon="13.762559">
      </trkpt>
      <trkpt lat="49.889876" lon="13.761874">
      </trkpt>
      <trkpt lat="49.888952" lon="13.753434">
      </trkpt>
      <trkpt lat="49.893681" lon="13.750147">
      </trkpt>
      <trkpt lat="49.893148" lon="13.748243">
      </trkpt>
      <trkpt lat="49.889681" lon="13.749214">
      </trkpt>
      <trkpt lat="49.884248" lon="13.744917">
      </trkpt>
      <trkpt lat="49.884107" lon="13.74445">
      </trkpt>
      <trkpt lat="49.883621" lon="13.741872">
      </trkpt>
      <trkpt lat="49.883719" lon="13.740385">
      </trkpt>
      <trkpt lat="49.883708" lon="13.739915">
      </trkpt>
      <trkpt lat="49.890448" lon="13.73438">
      </trkpt>
      <trkpt lat="49.891004" lon="13.734412">
      </trkpt>
      <trkpt lat="49.892524" lon="13.734176">
      </trkpt>
      <trkpt lat="49.893689" lon="13.733869">
      </trkpt>
      <trkpt lat="49.895876" lon="13.733355">
      </trkpt>
      <trkpt lat="49.896847" lon="13.733053">
      </trkpt>
      <trkpt lat="49.897236" lon="13.732746">
      </trkpt>
      <trkpt lat="49.897477" lon="13.732476">
      </trkpt>
      <trkpt lat="49.89805" lon="13.731853">
      </trkpt>
      <trkpt lat="49.898781" lon="13.730672">
      </trkpt>
      <trkpt lat="49.895835" lon="13.728602">
      </trkpt>
      <trkpt lat="49.893998" lon="13.722518">
      </trkpt>
      <trkpt lat="49.893928" lon="13.722021">
      </trkpt>
      <trkpt lat="49.893859" lon="13.721637">
      </trkpt>
      <trkpt lat="49.893725" lon="13.721209">
      </trkpt>
      <trkpt lat="49.89366" lon="13.72101">
      </trkpt>
      <trkpt lat="49.890597" lon="13.72003">
      </trkpt>
      <trkpt lat="49.88776" lon="13.718716">
      </trkpt>
      <trkpt lat="49.884275" lon="13.717812">
      </trkpt>
      <trkpt lat="49.878377" lon="13.712023">
      </trkpt>
      <trkpt lat="49.877831" lon="13.709513">
      </trkpt>
      <trkpt lat="49.877837" lon="13.707728">
      </trkpt>
      <trkpt lat="49.878084" lon="13.706273">
      </trkpt>
      <trkpt lat="49.874728" lon="13.70497">
      </trkpt>
      <trkpt lat="49.869201" lon="13.700874">
      </trkpt>
      <trkpt lat="49.865698" lon="13.700043">
      </trkpt>
      <trkpt lat="49.865525" lon="13.70077">
      </trkpt>
      <trkpt lat="49.863714" lon="13.704284">
      </trkpt>
      <trkpt lat="49.855289" lon="13.70177">
      </trkpt>
      <trkpt lat="49.855161" lon="13.700155">
      </trkpt>
      <trkpt lat="49.854254" lon="13.697424">
      </trkpt>
      <trkpt lat="49.84877" lon="13.694997">
      </trkpt>
      <trkpt lat="49.84612" lon="13.69136">
      </trkpt>
      <trkpt lat="49.843954" lon="13.688485">
      </trkpt>
      <trkpt lat="49.846488" lon="13.68045">
      </trkpt>
      <trkpt lat="49.846077" lon="13.672346">
      </trkpt>
      <trkpt lat="49.845021" lon="13.67058">
      </trkpt>
      <trkpt lat="49.844205" lon="13.669035">
      </trkpt>
      <trkpt lat="49.847003" lon="13.66082">
      </trkpt>
      <trkpt lat="49.848115" lon="13.660596">
      </trkpt>
      <trkpt lat="49.8494" lon="13.660593">
      </trkpt>
      <trkpt lat="49.850414" lon="13.660166">
      </trkpt>
      <trkpt lat="49.856375" lon="13.658914">
      </trkpt>
      <trkpt lat="49.8578" lon="13.65805">
      </trkpt>
      <trkpt lat="49.85706" lon="13.654527">
      </trkpt>
      <trkpt lat="49.854328" lon="13.655101">
      </trkpt>
      <trkpt lat="49.85215" lon="13.655563">
      </trkpt>
      <trkpt lat="49.845399" lon="13.652573">
      </trkpt>
      <trkpt lat="49.848565" lon="13.645012">
      </trkpt>
      <trkpt lat="49.850219" lon="13.643242">
      </trkpt>
      <trkpt lat="49.850232" lon="13.642877">
      </trkpt>
      <trkpt lat="49.850227" lon="13.64253">
      </trkpt>
      <trkpt lat="49.84991" lon="13.639749">
      </trkpt>
      <trkpt lat="49.848961" lon="13.636473">
      </trkpt>
      <trkpt lat="49.845451" lon="13.637276">
      </trkpt>
      <trkpt lat="49.84301" lon="13.642438">
      </trkpt>
      <trkpt lat="49.839154" lon="13.644734">
      </trkpt>
      <trkpt lat="49.8359" lon="13.646273">
      </trkpt>
      <trkpt lat="49.834928" lon="13.648377">
      </trkpt>
      <trkpt lat="49.834925" lon="13.648449">
      </trkpt>
      <trkpt lat="49.834991" lon="13.648805">
      </trkpt>
      <trkpt lat="49.835676" lon="13.654365">
      </trkpt>
      <trkpt lat="49.832424" lon="13.660332">
      </trkpt>
      <trkpt lat="49.8316" lon="13.663482">
      </trkpt>
      <trkpt lat="49.83105" lon="13.66704">
      </trkpt>
      <trkpt lat="49.832148" lon="13.670085">
      </trkpt>
      <trkpt lat="49.832458" lon="13.671849">
      </trkpt>
      <trkpt lat="49.832093" lon="13.674993">
      </trkpt>
      <trkpt lat="49.831799" lon="13.676628">
      </trkpt>
      <trkpt lat="49.831758" lon="13.677345">
      </trkpt>
      <trkpt lat="49.831813" lon="13.678283">
      </trkpt>
      <trkpt lat="49.832072" lon="13.680389">
      </trkpt>
      <trkpt lat="49.828232" lon="13.686975">
      </trkpt>
      <trkpt lat="49.821778" lon="13.68099">
      </trkpt>
      <trkpt lat="49.819971" lon="13.678268">
      </trkpt>
      <trkpt lat="49.819842" lon="13.678301">
      </trkpt>
      <trkpt lat="49.813504" lon="13.672572">
      </trkpt>
      <trkpt lat="49.814171" lon="13.671182">
      </trkpt>
      <trkpt lat="49.814956" lon="13.669398">
      </trkpt>
      <trkpt lat="49.815336" lon="13.668579">
      </trkpt>
      <trkpt lat="49.816814" lon="13.66614">
      </trkpt>
      <trkpt lat="49.817774" lon="13.663868">
      </trkpt>
      <trkpt lat="49.817888" lon="13.663337">
      </trkpt>
      <trkpt lat="49.820562" lon="13.658706">
      </trkpt>
      <trkpt lat="49.820361" lon="13.657629">
      </trkpt>
      <trkpt lat="49.820262" lon="13.657197">
      </trkpt>
      <trkpt lat="49.820013" lon="13.656471">
      </trkpt>
      <trkpt lat="49.819142" lon="13.650506">
      </trkpt>
      <trkpt lat="49.819274" lon="13.649991">
      </trkpt>
      <trkpt lat="49.819317" lon="13.649475">
      </trkpt>
      <trkpt lat="49.819273" lon="13.648521">
      </trkpt>
      <trkpt lat="49.819268" lon="13.648375">
      </trkpt>
      <trkpt lat="49.816462" lon="13.646272">
      </trkpt>
      <trkpt lat="49.81619" lon="13.646611">
      </trkpt>
      <trkpt lat="49.81283" lon="13.649795">
      </trkpt>
      <trkpt lat="49.809716" lon="13.651448">
      </trkpt>
      <trkpt lat="49.802536" lon="13.648229">
      </trkpt>
      <trkpt lat="49.79783" lon="13.644902">
      </trkpt>
      <trkpt lat="49.795181" lon="13.642465">
      </trkpt>
      <trkpt lat="49.788265" lon="13.640686">
      </trkpt>
      <trkpt lat="49.786105" lon="13.640893">
      </trkpt>
      <trkpt lat="49.784928" lon="13.642035">
      </trkpt>
      <trkpt lat="49.785244" lon="13.642817">
      </trkpt>
      <trkpt lat="49.785515" lon="13.64338">
      </trkpt>
      <trkpt lat="49.786581" lon="13.646088">
      </trkpt>
      <trkpt lat="49.786993" lon="13.646931">
      </trkpt>
      <trkpt lat="49.789112" lon="13.654277">
      </trkpt>
      <trkpt lat="49.784053" lon="13.660262">
      </trkpt>
      <trkpt lat="49.778691" lon="13.658074">
      </trkpt>
      <trkpt lat="49.777125" lon="13.657053">
      </trkpt>
      <trkpt lat="49.772302" lon="13.653144">
      </trkpt>
      <trkpt lat="49.771153" lon="13.651055">
      </trkpt>
      <trkpt lat="49.77046" lon="13.649863">
      </trkpt>
      <trkpt lat="49.770381" lon="13.640929">
      </trkpt>
      <trkpt lat="49.771072" lon="13.639704">
      </trkpt>
      <trkpt lat="49.772613" lon="13.634625">
      </trkpt>
      <trkpt lat="49.773863" lon="13.632838">
      </trkpt>
      <trkpt lat="49.774288" lon="13.632307">
      </trkpt>
      <trkpt lat="49.775623" lon="13.629798">
      </trkpt>
      <trkpt lat="49.775797" lon="13.629132">
      </trkpt>
      <trkpt lat="49.775806" lon="13.62898">
      </trkpt>
      <trkpt lat="49.775695" lon="13.627999">
      </trkpt>
      <trkpt lat="49.774008" lon="13.627287">
      </trkpt>
      <trkpt lat="49.773896" lon="13.627292">
      </trkpt>
      <trkpt lat="49.772125" lon="13.627539">
      </trkpt>
      <trkpt lat="49.768417" lon="13.627916">
      </trkpt>
      <trkpt lat="49.760146" lon="13.625522">
      </trkpt>
      <trkpt lat="49.759954" lon="13.624351">
      </trkpt>
      <trkpt lat="49.759783" lon="13.623196">
      </trkpt>
      <trkpt lat="49.759567" lon="13.622432">
      </trkpt>
      <trkpt lat="49.759411" lon="13.620195">
      </trkpt>
      <trkpt lat="49.75911" lon="13.618561">
      </trkpt>
      <trkpt lat="49.759025" lon="13.616867">
      </trkpt>
      <trkpt lat="49.758638" lon="13.613538">
      </trkpt>
      <trkpt lat="49.758164" lon="13.609484">
      </trkpt>
      <trkpt lat="49.75769" lon="13.605429">
      </trkpt>
      <trkpt lat="49.757216" lon="13.601375">
      </trkpt>
      <trkpt lat="49.756685" lon="13.59685">
      </trkpt>
      <trkpt lat="49.756321" lon="13.594679">
      </trkpt>
      <trkpt lat="49.756295" lon="13.593524">
      </trkpt>
      <trkpt lat="49.756062" lon="13.592483">
      </trkpt>
      <trkpt lat="49.755906" lon="13.590199">
      </trkpt>
      <trkpt lat="49.755682" lon="13.589229">
      </trkpt>
      <trkpt lat="49.755516" lon="13.586873">
      </trkpt>
      <trkpt lat="49.755302" lon="13.585974">
      </trkpt>
      <trkpt lat="49.755126" lon="13.583548">
      </trkpt>
      <trkpt lat="49.760696" lon="13.577424">
      </trkpt>
      <trkpt lat="49.764095" lon="13.577878">
      </trkpt>
      <trkpt lat="49.767547" lon="13.578934">
      </trkpt>
      <trkpt lat="49.772225" lon="13.582769">
      </trkpt>
      <trkpt lat="49.773951" lon="13.584986">
      </trkpt>
      <trkpt lat="49.777544" lon="13.584756">
      </trkpt>
      <trkpt lat="49.779645" lon="13.581345">
      </trkpt>
      <trkpt lat="49.780624" lon="13.579702">
      </trkpt>
      <trkpt lat="49.780757" lon="13.578927">
      </trkpt>
      <trkpt lat="49.780204" lon="13.577788">
      </trkpt>
      <trkpt lat="49.77913" lon="13.57762">
      </trkpt>
      <trkpt lat="49.776574" lon="13.577254">
      </trkpt>
      <trkpt lat="49.774043" lon="13.576892">
      </trkpt>
      <trkpt lat="49.772822" lon="13.57671">
      </trkpt>
      <trkpt lat="49.771905" lon="13.576509">
      </trkpt>
      <trkpt lat="49.767446" lon="13.569115">
      </trkpt>
      <trkpt lat="49.769147" lon="13.565721">
      </trkpt>
      <trkpt lat="49.770775" lon="13.563137">
      </trkpt>
      <trkpt lat="49.770723" lon="13.562743">
      </trkpt>
      <trkpt lat="49.770688" lon="13.562593">
      </trkpt>
      <trkpt lat="49.769664" lon="13.561628">
      </trkpt>
      <trkpt lat="49.769613" lon="13.561609">
      </trkpt>
      <trkpt lat="49.766521" lon="13.562606">
      </trkpt>
      <trkpt lat="49.760063" lon="13.559893">
      </trkpt>
      <trkpt lat="49.756476" lon="13.5602">
      </trkpt>
      <trkpt lat="49.750287" lon="13.557779">
      </trkpt>
      <trkpt lat="49.74894" lon="13.553712">
      </trkpt>
      <trkpt lat="49.748195" lon="13.551618">
      </trkpt>
      <trkpt lat="49.746956" lon="13.548583">
      </trkpt>
      <trkpt lat="49.746179" lon="13.546767">
      </trkpt>
      <trkpt lat="49.745231" lon="13.544527">
      </trkpt>
      <trkpt lat="49.744675" lon="13.543103">
      </trkpt>
      <trkpt lat="49.744117" lon="13.54158">
      </trkpt>
      <trkpt lat="49.743442" lon="13.539516">
      </trkpt>
      <trkpt lat="49.743078" lon="13.538271">
      </trkpt>
      <trkpt lat="49.742899" lon="13.537634">
      </trkpt>
      <trkpt lat="49.742484" lon="13.536033">
      </trkpt>
      <trkpt lat="49.742056" lon="13.534172">
      </trkpt>
      <trkpt lat="49.74159" lon="13.531815">
      </trkpt>
      <trkpt lat="49.741133" lon="13.528997">
      </trkpt>
      <trkpt lat="49.740954" lon="13.527577">
      </trkpt>
      <trkpt lat="49.740777" lon="13.525945">
      </trkpt>
      <trkpt lat="49.740475" lon="13.522551">
      </trkpt>
      <trkpt lat="49.740167" lon="13.519095">
      </trkpt>
      <trkpt lat="49.739975" lon="13.517555">
      </trkpt>
      <trkpt lat="49.739524" lon="13.514388">
      </trkpt>
      <trkpt lat="49.740766" lon="13.507172">
      </trkpt>
      <trkpt lat="49.74281" lon="13.502472">
      </trkpt>
      <trkpt lat="49.743972" lon="13.500364">
      </trkpt>
      <trkpt lat="49.740819" lon="13.498626">
      </trkpt>
      <trkpt lat="49.732142" lon="13.497911">
      </trkpt>
      <trkpt lat="49.7318" lon="13.497106">
      </trkpt>
      <trkpt lat="49.731435" lon="13.496094">
      </trkpt>
      <trkpt lat="49.731282" lon="13.4956">
      </trkpt>
      <trkpt lat="49.731141" lon="13.495129">
      </trkpt>
      <trkpt lat="49.730878" lon="13.494104">
      </trkpt>
      <trkpt lat="49.730679" lon="13.493143">
      </trkpt>
      <trkpt lat="49.730497" lon="13.492033">
      </trkpt>
      <trkpt lat="49.730363" lon="13.490936">
      </trkpt>
      <trkpt lat="49.730279" lon="13.489794">
      </trkpt>
      <trkpt lat="49.730185" lon="13.487579">
      </trkpt>
      <trkpt lat="49.73009" lon="13.485365">
      </trkpt>
      <trkpt lat="49.726494" lon="13.485518">
      </trkpt>
      <trkpt lat="49.726588" lon="13.487732">
      </trkpt>
      <trkpt lat="49.726682" lon="13.489947">
      </trkpt>
      <trkpt lat="49.726773" lon="13.491199">
      </trkpt>
      <trkpt lat="49.726922" lon="13.492461">
      </trkpt>
      <trkpt lat="49.727127" lon="13.493723">
      </trkpt>
      <trkpt lat="49.727352" lon="13.494828">
      </trkpt>
      <trkpt lat="49.727653" lon="13.496018">
      </trkpt>
      <trkpt lat="49.72783" lon="13.49662">
      </trkpt>
      <trkpt lat="49.727995" lon="13.497156">
      </trkpt>
      <trkpt lat="49.728412" lon="13.498323">
      </trkpt>
      <trkpt lat="49.728825" lon="13.499309">
      </trkpt>
      <trkpt lat="49.729611" lon="13.500985">
      </trkpt>
      <trkpt lat="49.730254" lon="13.502204">
      </trkpt>
      <trkpt lat="49.730923" lon="13.503391">
      </trkpt>
      <trkpt lat="49.732081" lon="13.505372">
      </trkpt>
      <trkpt lat="49.735491" lon="13.513501">
      </trkpt>
      <trkpt lat="49.735952" lon="13.515441">
      </trkpt>
      <trkpt lat="49.736415" lon="13.518089">
      </trkpt>
      <trkpt lat="49.736594" lon="13.519539">
      </trkpt>
      <trkpt lat="49.736889" lon="13.52287">
      </trkpt>
      <trkpt lat="49.737191" lon="13.526264">
      </trkpt>
      <trkpt lat="49.737375" lon="13.527965">
      </trkpt>
      <trkpt lat="49.737561" lon="13.529446">
      </trkpt>
      <trkpt lat="49.738036" lon="13.53239">
      </trkpt>
      <trkpt lat="49.738526" lon="13.53488">
      </trkpt>
      <trkpt lat="49.738975" lon="13.536839">
      </trkpt>
      <trkpt lat="49.739414" lon="13.538536">
      </trkpt>
      <trkpt lat="49.739611" lon="13.53924">
      </trkpt>
      <trkpt lat="49.739988" lon="13.540528">
      </trkpt>
      <trkpt lat="49.740695" lon="13.542697">
      </trkpt>
      <trkpt lat="49.741293" lon="13.544338">
      </trkpt>
      <trkpt lat="49.741877" lon="13.545835">
      </trkpt>
      <trkpt lat="49.74287" lon="13.548183">
      </trkpt>
      <trkpt lat="49.743647" lon="13.549999">
      </trkpt>
      <trkpt lat="49.744861" lon="13.552978">
      </trkpt>
      <trkpt lat="49.745547" lon="13.554916">
      </trkpt>
      <trkpt lat="49.746854" lon="13.558861">
      </trkpt>
      <trkpt lat="49.747668" lon="13.561623">
      </trkpt>
      <trkpt lat="49.748362" lon="13.564223">
      </trkpt>
      <trkpt lat="49.748819" lon="13.566139">
      </trkpt>
      <trkpt lat="49.749243" lon="13.568069">
      </trkpt>
      <trkpt lat="49.749616" lon="13.569925">
      </trkpt>
      <trkpt lat="49.744109" lon="13.575932">
      </trkpt>
      <trkpt lat="49.741169" lon="13.575264">
      </trkpt>
      <trkpt lat="49.740987" lon="13.575376">
      </trkpt>
      <trkpt lat="49.740518" lon="13.575676">
      </trkpt>
      <trkpt lat="49.738478" lon="13.580684">
      </trkpt>
      <trkpt lat="49.738314" lon="13.581649">
      </trkpt>
      <trkpt lat="49.740648" lon="13.58687">
      </trkpt>
      <trkpt lat="49.741824" lon="13.592104">
      </trkpt>
      <trkpt lat="49.743145" lon="13.59409">
      </trkpt>
      <trkpt lat="49.745996" lon="13.595224">
      </trkpt>
      <trkpt lat="49.753059" lon="13.597764">
      </trkpt>
      <trkpt lat="49.753563" lon="13.60209">
      </trkpt>
      <trkpt lat="49.754066" lon="13.606416">
      </trkpt>
      <trkpt lat="49.754569" lon="13.610742">
      </trkpt>
      <trkpt lat="49.755062" lon="13.613956">
      </trkpt>
      <trkpt lat="49.755073" lon="13.615072">
      </trkpt>
      <trkpt lat="49.755449" lon="13.617282">
      </trkpt>
      <trkpt lat="49.755535" lon="13.618983">
      </trkpt>
      <trkpt lat="49.74981" lon="13.624545">
      </trkpt>
      <trkpt lat="49.748243" lon="13.625213">
      </trkpt>
      <trkpt lat="49.74642" lon="13.625757">
      </trkpt>
      <trkpt lat="49.746729" lon="13.626622">
      </trkpt>
      <trkpt lat="49.74705" lon="13.627216">
      </trkpt>
      <trkpt lat="49.747413" lon="13.627682">
      </trkpt>
      <trkpt lat="49.747839" lon="13.62814">
      </trkpt>
      <trkpt lat="49.751498" lon="13.635959">
      </trkpt>
      <trkpt lat="49.752523" lon="13.638541">
      </trkpt>
      <trkpt lat="49.752958" lon="13.639888">
      </trkpt>
      <trkpt lat="49.753278" lon="13.640645">
      </trkpt>
      <trkpt lat="49.753627" lon="13.641359">
      </trkpt>
      <trkpt lat="49.754745" lon="13.649914">
      </trkpt>
      <trkpt lat="49.754717" lon="13.650652">
      </trkpt>
      <trkpt lat="49.754729" lon="13.652299">
      </trkpt>
      <trkpt lat="49.760416" lon="13.658394">
      </trkpt>
      <trkpt lat="49.760447" lon="13.660082">
      </trkpt>
      <trkpt lat="49.755774" lon="13.667377">
      </trkpt>
      <trkpt lat="49.747868" lon="13.667935">
      </trkpt>
      <trkpt lat="49.744785" lon="13.671222">
      </trkpt>
      <trkpt lat="49.74615" lon="13.674553">
      </trkpt>
      <trkpt lat="49.750997" lon="13.680499">
      </trkpt>
      <trkpt lat="49.751796" lon="13.684009">
      </trkpt>
      <trkpt lat="49.752549" lon="13.691438">
      </trkpt>
      <trkpt lat="49.75279" lon="13.693243">
      </trkpt>
      <trkpt lat="49.75279" lon="13.693243">
      </trkpt>
      <trkpt lat="49.752911" lon="13.693788">
      </trkpt>
      <trkpt lat="49.753315" lon="13.694949">
      </trkpt>
      <trkpt lat="49.755143" lon="13.698294">
      </trkpt>
      <trkpt lat="49.75307" lon="13.705266">
      </trkpt>
      <trkpt lat="49.754307" lon="13.70691">
      </trkpt>
      <trkpt lat="49.749123" lon="13.714151">
      </trkpt>
      <trkpt lat="49.748581" lon="13.714581">
      </trkpt>
      <trkpt lat="49.745528" lon="13.716488">
      </trkpt>
      <trkpt lat="49.74649" lon="13.72434">
      </trkpt>
      <trkpt lat="49.749597" lon="13.726724">
      </trkpt>
      <trkpt lat="49.748972" lon="13.734693">
      </trkpt>
      <trkpt lat="49.748601" lon="13.735329">
      </trkpt>
      <trkpt lat="49.747172" lon="13.738045">
      </trkpt>
      <trkpt lat="49.746734" lon="13.739137">
      </trkpt>
      <trkpt lat="49.746717" lon="13.739491">
      </trkpt>
      <trkpt lat="49.746741" lon="13.740149">
      </trkpt>
      <trkpt lat="49.751021" lon="13.747004">
      </trkpt>
      <trkpt lat="49.751151" lon="13.747145">
      </trkpt>
      <trkpt lat="49.754433" lon="13.748151">
      </trkpt>
      <trkpt lat="49.758817" lon="13.750623">
      </trkpt>
      <trkpt lat="49.763234" lon="13.754561">
      </trkpt>
      <trkpt lat="49.766758" lon="13.753823">
      </trkpt>
      <trkpt lat="49.775091" lon="13.75524">
      </trkpt>
      <trkpt lat="49.77578" lon="13.755825">
      </trkpt>
      <trkpt lat="49.776493" lon="13.756299">
      </trkpt>
      <trkpt lat="49.777197" lon="13.756669">
      </trkpt>
      <trkpt lat="49.783445" lon="13.762523">
      </trkpt>
      <trkpt lat="49.783111" lon="13.765061">
      </trkpt>
      <trkpt lat="49.782796" lon="13.767481">
      </trkpt>
      <trkpt lat="49.777693" lon="13.773694">
      </trkpt>
      <trkpt lat="49.769262" lon="13.7726">
      </trkpt>
      <trkpt lat="49.765746" lon="13.773374">
      </trkpt>
      <trkpt lat="49.757374" lon="13.775981">
      </trkpt>
      <trkpt lat="49.753404" lon="13.770772">
      </trkpt>
      <trkpt lat="49.753158" lon="13.770484">
      </trkpt>
      <trkpt lat="49.751604" lon="13.770124">
      </trkpt>
      <trkpt lat="49.751172" lon="13.770359">
      </trkpt>
      <trkpt lat="49.750694" lon="13.770876">
      </trkpt>
      <trkpt lat="49.750504" lon="13.77111">
      </trkpt>
      <trkpt lat="49.750417" lon="13.772818">
      </trkpt>
      <trkpt lat="49.750663" lon="13.773107">
      </trkpt>
      <trkpt lat="49.754613" lon="13.778291">
      </trkpt>
      <trkpt lat="49.755437" lon="13.785835">
      </trkpt>
      <trkpt lat="49.752979" lon="13.788336">
      </trkpt>
      <trkpt lat="49.752681" lon="13.788747">
      </trkpt>
      <trkpt lat="49.75204" lon="13.789619">
      </trkpt>
      <trkpt lat="49.754761" lon="13.791976">
      </trkpt>
      <trkpt lat="49.75526" lon="13.7914">
      </trkpt>
      <trkpt lat="49.755841" lon="13.790519">
      </trkpt>
      <trkpt lat="49.764312" lon="13.789528">
      </trkpt>
      <trkpt lat="49.766124" lon="13.796313">
      </trkpt>
      <trkpt lat="49.766147" lon="13.797791">
      </trkpt>
      <trkpt lat="49.767349" lon="13.799476">
      </trkpt>
      <trkpt lat="49.767932" lon="13.808">
      </trkpt>
      <trkpt lat="49.767711" lon="13.80857">
      </trkpt>
      <trkpt lat="49.767612" lon="13.809163">
      </trkpt>
      <trkpt lat="49.767557" lon="13.811354">
      </trkpt>
      <trkpt lat="49.767501" lon="13.813555">
      </trkpt>
      <trkpt lat="49.767458" lon="13.815738">
      </trkpt>
      <trkpt lat="49.764993" lon="13.822601">
      </trkpt>
      <trkpt lat="49.763231" lon="13.827795">
      </trkpt>
      <trkpt lat="49.764367" lon="13.829483">
      </trkpt>
      <trkpt lat="49.765061" lon="13.830097">
      </trkpt>
      <trkpt lat="49.767744" lon="13.829225">
      </trkpt>
      <trkpt lat="49.767765" lon="13.828599">
      </trkpt>
      <trkpt lat="49.76928" lon="13.822867">
      </trkpt>
      <trkpt lat="49.771432" lon="13.819072">
      </trkpt>
      <trkpt lat="49.771057" lon="13.81581">
      </trkpt>
      <trkpt lat="49.778672" lon="13.811115">
      </trkpt>
      <trkpt lat="49.782216" lon="13.813955">
      </trkpt>
      <trkpt lat="49.782512" lon="13.814135">
      </trkpt>
      <trkpt lat="49.783493" lon="13.814887">
      </trkpt>
      <trkpt lat="49.785202" lon="13.816124">
      </trkpt>
      <trkpt lat="49.78576" lon="13.816343">
      </trkpt>
      <trkpt lat="49.786191" lon="13.816425">
      </trkpt>
      <trkpt lat="49.788062" lon="13.816593">
      </trkpt>
      <trkpt lat="49.788612" lon="13.816696">
      </trkpt>
      <trkpt lat="49.791823" lon="13.815249">
      </trkpt>
      <trkpt lat="49.795586" lon="13.816191">
      </trkpt>
      <trkpt lat="49.796545" lon="13.815957">
      </trkpt>
      <trkpt lat="49.797554" lon="13.815445">
      </trkpt>
      <trkpt lat="49.798077" lon="13.815081">
      </trkpt>
      <trkpt lat="49.798546" lon="13.814705">
      </trkpt>
      <trkpt lat="49.806311" lon="13.819183">
      </trkpt>
      <trkpt lat="49.805309" lon="13.821241">
      </trkpt>
      <trkpt lat="49.805258" lon="13.821321">
      </trkpt>
      <trkpt lat="49.805129" lon="13.821593">
      </trkpt>
      <trkpt lat="49.801866" lon="13.824237">
      </trkpt>
      <trkpt lat="49.795149" lon="13.825681">
      </trkpt>
      <trkpt lat="49.793267" lon="13.825635">
      </trkpt>
      <trkpt lat="49.793014" lon="13.825574">
      </trkpt>
      <trkpt lat="49.792457" lon="13.825445">
      </trkpt>
      <trkpt lat="49.792285" lon="13.825607">
      </trkpt>
      <trkpt lat="49.789016" lon="13.827114">
      </trkpt>
      <trkpt lat="49.789398" lon="13.827943">
      </trkpt>
      <trkpt lat="49.790163" lon="13.829315">
      </trkpt>
      <trkpt lat="49.789051" lon="13.837748">
      </trkpt>
      <trkpt lat="49.781904" lon="13.840326">
      </trkpt>
      <trkpt lat="49.781648" lon="13.841618">
      </trkpt>
      <trkpt lat="49.780929" lon="13.843791">
      </trkpt>
      <trkpt lat="49.783925" lon="13.845031">
      </trkpt>
      <trkpt lat="49.784512" lon="13.845321">
      </trkpt>
      <trkpt lat="49.785026" lon="13.8455">
      </trkpt>
      <trkpt lat="49.78573" lon="13.845613">
      </trkpt>
      <trkpt lat="49.790762" lon="13.848006">
      </trkpt>
      <trkpt lat="49.791165" lon="13.848467">
      </trkpt>
      <trkpt lat="49.792953" lon="13.854462">
      </trkpt>
      <trkpt lat="49.789432" lon="13.858826">
      </trkpt>
      <trkpt lat="49.78955" lon="13.859809">
      </trkpt>
      <trkpt lat="49.789578" lon="13.860105">
      </trkpt>
      <trkpt lat="49.789689" lon="13.861089">
      </trkpt>
      <trkpt lat="49.785107" lon="13.867729">
      </trkpt>
      <trkpt lat="49.782379" lon="13.867591">
      </trkpt>
      <trkpt lat="49.780737" lon="13.870794">
      </trkpt>
      <trkpt lat="49.785129" lon="13.877163">
      </trkpt>
      <trkpt lat="49.78807" lon="13.879238">
      </trkpt>
      <trkpt lat="49.794763" lon="13.88389">
      </trkpt>
      <trkpt lat="49.794878" lon="13.890144">
      </trkpt>
      <trkpt lat="49.797978" lon="13.891974">
      </trkpt>
      <trkpt lat="49.800509" lon="13.894219">
      </trkpt>
      <trkpt lat="49.801051" lon="13.895229">
      </trkpt>
      <trkpt lat="49.797424" lon="13.902721">
      </trkpt>
      <trkpt lat="49.796482" lon="13.903175">
      </trkpt>
      <trkpt lat="49.795162" lon="13.904266">
      </trkpt>
      <trkpt lat="49.792762" lon="13.910222">
      </trkpt>
      <trkpt lat="49.797532" lon="13.916006">
      </trkpt>
      <trkpt lat="49.801057" lon="13.915275">
      </trkpt>
      <trkpt lat="49.804836" lon="13.911905">
      </trkpt>
      <trkpt lat="49.810986" lon="13.916345">
      </trkpt>
      <trkpt lat="49.810893" lon="13.922224">
      </trkpt>
      <trkpt lat="49.810685" lon="13.923063">
      </trkpt>
      <trkpt lat="49.815057" lon="13.927137">
      </trkpt>
      <trkpt lat="49.815251" lon="13.92768">
      </trkpt>
      <trkpt lat="49.815842" lon="13.930212">
      </trkpt>
      <trkpt lat="49.810987" lon="13.93627">
      </trkpt>
      <trkpt lat="49.808348" lon="13.936816">
      </trkpt>
      <trkpt lat="49.807984" lon="13.937123">
      </trkpt>
      <trkpt lat="49.80649" lon="13.938713">
      </trkpt>
      <trkpt lat="49.80498" lon="13.94032">
      </trkpt>
      <trkpt lat="49.79908" lon="13.943958">
      </trkpt>
      <trkpt lat="49.798961" lon="13.948673">
      </trkpt>
      <trkpt lat="49.798998" lon="13.949444">
      </trkpt>
      <trkpt lat="49.799016" lon="13.949514">
      </trkpt>
      <trkpt lat="49.799219" lon="13.950002">
      </trkpt>
      <trkpt lat="49.799716" lon="13.951523">
      </trkpt>
      <trkpt lat="49.799795" lon="13.951974">
      </trkpt>
      <trkpt lat="49.803605" lon="13.950355">
      </trkpt>
      <trkpt lat="49.809421" lon="13.956678">
      </trkpt>
      <trkpt lat="49.809226" lon="13.958462">
      </trkpt>
      <trkpt lat="49.808843" lon="13.959878">
      </trkpt>
      <trkpt lat="49.807878" lon="13.967257">
      </trkpt>
      <trkpt lat="49.803231" lon="13.967738">
      </trkpt>
      <trkpt lat="49.797008" lon="13.964638">
      </trkpt>
      <trkpt lat="49.796517" lon="13.964171">
      </trkpt>
      <trkpt lat="49.795218" lon="13.963082">
      </trkpt>
      <trkpt lat="49.792217" lon="13.958418">
      </trkpt>
      <trkpt lat="49.79215" lon="13.958057">
      </trkpt>
      <trkpt lat="49.78861" lon="13.95871">
      </trkpt>
      <trkpt lat="49.788213" lon="13.960406">
      </trkpt>
      <trkpt lat="49.788035" lon="13.964028">
      </trkpt>
      <trkpt lat="49.78459" lon="13.971889">
      </trkpt>
      <trkpt lat="49.782271" lon="13.977973">
      </trkpt>
      <trkpt lat="49.782192" lon="13.978494">
      </trkpt>
      <trkpt lat="49.78135" lon="13.98237">
      </trkpt>
      <trkpt lat="49.782782" lon="13.983461">
      </trkpt>
      <trkpt lat="49.784212" lon="13.984553">
      </trkpt>
      <trkpt lat="49.787148" lon="13.99234">
      </trkpt>
      <trkpt lat="49.787295" lon="13.993018">
      </trkpt>
      <trkpt lat="49.792369" lon="13.997124">
      </trkpt>
      <trkpt lat="49.796642" lon="14.003661">
      </trkpt>
      <trkpt lat="49.797256" lon="14.004853">
      </trkpt>
      <trkpt lat="49.797911" lon="14.005918">
      </trkpt>
      <trkpt lat="49.799775" lon="14.008735">
      </trkpt>
      <trkpt lat="49.801441" lon="14.016951">
      </trkpt>
      <trkpt lat="49.801232" lon="14.018012">
      </trkpt>
      <trkpt lat="49.802415" lon="14.021753">
      </trkpt>
      <trkpt lat="49.803873" lon="14.022874">
      </trkpt>
      <trkpt lat="49.810167" lon="14.027208">
      </trkpt>
      <trkpt lat="49.811433" lon="14.030462">
      </trkpt>
      <trkpt lat="49.81153" lon="14.030954">
      </trkpt>
      <trkpt lat="49.811659" lon="14.031432">
      </trkpt>
      <trkpt lat="49.811891" lon="14.032011">
      </trkpt>
      <trkpt lat="49.812356" lon="14.03658">
      </trkpt>
      <trkpt lat="49.813946" lon="14.039809">
      </trkpt>
      <trkpt lat="49.811055" lon="14.046676">
      </trkpt>
      <trkpt lat="49.80774" lon="14.046796">
      </trkpt>
      <trkpt lat="49.803422" lon="14.045567">
      </trkpt>
      <trkpt lat="49.80216" lon="14.044543">
      </trkpt>
      <trkpt lat="49.801857" lon="14.044329">
      </trkpt>
      <trkpt lat="49.800759" lon="14.043409">
      </trkpt>
      <trkpt lat="49.798922" lon="14.042658">
      </trkpt>
      <trkpt lat="49.798483" lon="14.042534">
      </trkpt>
      <trkpt lat="49.797264" lon="14.042399">
      </trkpt>
      <trkpt lat="49.79687" lon="14.042387">
      </trkpt>
      <trkpt lat="49.79327" lon="14.042387">
      </trkpt>
      <trkpt lat="49.789841" lon="14.045098">
      </trkpt>
      <trkpt lat="49.783652" lon="14.048814">
      </trkpt>
      <trkpt lat="49.776279" lon="14.05257">
      </trkpt>
      <trkpt lat="49.774843" lon="14.050958">
      </trkpt>
      <trkpt lat="49.76968" lon="14.04871">
      </trkpt>
      <trkpt lat="49.767261" lon="14.051375">
      </trkpt>
      <trkpt lat="49.763903" lon="14.054326">
      </trkpt>
      <trkpt lat="49.76237" lon="14.055321">
      </trkpt>
      <trkpt lat="49.754573" lon="14.054123">
      </trkpt>
      <trkpt lat="49.751518" lon="14.052702">
      </trkpt>
      <trkpt lat="49.745117" lon="14.047386">
      </trkpt>
      <trkpt lat="49.745295" lon="14.044272">
      </trkpt>
      <trkpt lat="49.745474" lon="14.041157">
      </trkpt>
      <trkpt lat="49.745652" lon="14.038043">
      </trkpt>
      <trkpt lat="49.745822" lon="14.03508">
      </trkpt>
      <trkpt lat="49.745992" lon="14.032117">
      </trkpt>
      <trkpt lat="49.741764" lon="14.024438">
      </trkpt>
      <trkpt lat="49.740895" lon="14.022955">
      </trkpt>
      <trkpt lat="49.739769" lon="14.021171">
      </trkpt>
      <trkpt lat="49.737079" lon="14.013687">
      </trkpt>
      <trkpt lat="49.736101" lon="14.012155">
      </trkpt>
      <trkpt lat="49.73165" lon="14.012136">
      </trkpt>
      <trkpt lat="49.731033" lon="14.012155">
      </trkpt>
      <trkpt lat="49.723228" lon="14.007838">
      </trkpt>
      <trkpt lat="49.722129" lon="14.005801">
      </trkpt>
      <trkpt lat="49.717937" lon="13.998467">
      </trkpt>
      <trkpt lat="49.714341" lon="13.998296">
      </trkpt>
      <trkpt lat="49.709428" lon="13.991157">
      </trkpt>
      <trkpt lat="49.712035" lon="13.987748">
      </trkpt>
      <trkpt lat="49.712783" lon="13.986985">
      </trkpt>
      <trkpt lat="49.713095" lon="13.986563">
      </trkpt>
      <trkpt lat="49.713385" lon="13.986119">
      </trkpt>
      <trkpt lat="49.713676" lon="13.985604">
      </trkpt>
      <trkpt lat="49.714283" lon="13.984685">
      </trkpt>
      <trkpt lat="49.715008" lon="13.98211">
      </trkpt>
      <trkpt lat="49.715593" lon="13.980475">
      </trkpt>
      <trkpt lat="49.715586" lon="13.980433">
      </trkpt>
      <trkpt lat="49.710923" lon="13.978334">
      </trkpt>
      <trkpt lat="49.710628" lon="13.978195">
      </trkpt>
      <trkpt lat="49.710565" lon="13.978174">
      </trkpt>
      <trkpt lat="49.708296" lon="13.979274">
      </trkpt>
      <trkpt lat="49.706348" lon="13.982153">
      </trkpt>
      <trkpt lat="49.705973" lon="13.983396">
      </trkpt>
      <trkpt lat="49.69715" lon="13.983126">
      </trkpt>
      <trkpt lat="49.696434" lon="13.980797">
      </trkpt>
      <trkpt lat="49.692013" lon="13.974388">
      </trkpt>
      <trkpt lat="49.691925" lon="13.973999">
      </trkpt>
      <trkpt lat="49.691671" lon="13.973173">
      </trkpt>
      <trkpt lat="49.691331" lon="13.972207">
      </trkpt>
      <trkpt lat="49.689788" lon="13.97203">
      </trkpt>
      <trkpt lat="49.688783" lon="13.972053">
      </trkpt>
      <trkpt lat="49.687935" lon="13.973403">
      </trkpt>
      <trkpt lat="49.685861" lon="13.979466">
      </trkpt>
      <trkpt lat="49.680402" lon="13.984433">
      </trkpt>
      <trkpt lat="49.678437" lon="13.985302">
      </trkpt>
      <trkpt lat="49.678293" lon="13.985725">
      </trkpt>
      <trkpt lat="49.677943" lon="13.987062">
      </trkpt>
      <trkpt lat="49.670689" lon="13.991801">
      </trkpt>
      <trkpt lat="49.668621" lon="13.991642">
      </trkpt>
      <trkpt lat="49.667916" lon="13.992162">
      </trkpt>
      <trkpt lat="49.66367" lon="13.995038">
      </trkpt>
      <trkpt lat="49.660172" lon="13.997449">
      </trkpt>
      <trkpt lat="49.652387" lon="13.996488">
      </trkpt>
      <trkpt lat="49.649018" lon="13.99522">
      </trkpt>
      <trkpt lat="49.648938" lon="13.995434">
      </trkpt>
      <trkpt lat="49.648818" lon="13.995946">
      </trkpt>
      <trkpt lat="49.648723" lon="13.99715">
      </trkpt>
      <trkpt lat="49.640291" lon="14.000166">
      </trkpt>
      <trkpt lat="49.634308" lon="13.998301">
      </trkpt>
      <trkpt lat="49.633479" lon="13.997717">
      </trkpt>
      <trkpt lat="49.632806" lon="13.99741">
      </trkpt>
      <trkpt lat="49.628331" lon="13.990046">
      </trkpt>
      <trkpt lat="49.623852" lon="13.987982">
      </trkpt>
      <trkpt lat="49.623385" lon="13.987854">
      </trkpt>
      <trkpt lat="49.622133" lon="13.991071">
      </trkpt>
      <trkpt lat="49.614067" lon="13.992326">
      </trkpt>
      <trkpt lat="49.612016" lon="13.989367">
      </trkpt>
      <trkpt lat="49.604023" lon="13.986205">
      </trkpt>
      <trkpt lat="49.601601" lon="13.983916">
      </trkpt>
      <trkpt lat="49.60128" lon="13.984149">
      </trkpt>
      <trkpt lat="49.598926" lon="13.986589">
      </trkpt>
      <trkpt lat="49.599727" lon="13.990099">
      </trkpt>
      <trkpt lat="49.602767" lon="13.993886">
      </trkpt>
      <trkpt lat="49.603902" lon="13.994072">
      </trkpt>
      <trkpt lat="49.607789" lon="13.995467">
      </trkpt>
      <trkpt lat="49.608845" lon="13.99638">
      </trkpt>
      <trkpt lat="49.609278" lon="13.996777">
      </trkpt>
      <trkpt lat="49.610539" lon="13.99771">
      </trkpt>
      <trkpt lat="49.608953" lon="14.006089">
      </trkpt>
      <trkpt lat="49.605987" lon="14.008129">
      </trkpt>
      <trkpt lat="49.607739" lon="14.011169">
      </trkpt>
      <trkpt lat="49.608806" lon="14.013646">
      </trkpt>
      <trkpt lat="49.609059" lon="14.014323">
      </trkpt>
      <trkpt lat="49.609449" lon="14.014315">
      </trkpt>
      <trkpt lat="49.610174" lon="14.014042">
      </trkpt>
      <trkpt lat="49.61079" lon="14.01384">
      </trkpt>
      <trkpt lat="49.61243" lon="14.013059">
      </trkpt>
      <trkpt lat="49.614013" lon="14.011482">
      </trkpt>
      <trkpt lat="49.614286" lon="14.01124">
      </trkpt>
      <trkpt lat="49.614651" lon="14.010797">
      </trkpt>
      <trkpt lat="49.614936" lon="14.01033">
      </trkpt>
      <trkpt lat="49.615323" lon="14.009542">
      </trkpt>
      <trkpt lat="49.62294" lon="14.006992">
      </trkpt>
      <trkpt lat="49.62618" lon="14.012903">
      </trkpt>
      <trkpt lat="49.626326" lon="14.013432">
      </trkpt>
      <trkpt lat="49.627638" lon="14.018214">
      </trkpt>
      <trkpt lat="49.627731" lon="14.018809">
      </trkpt>
      <trkpt lat="49.628011" lon="14.019916">
      </trkpt>
      <trkpt lat="49.628281" lon="14.020569">
      </trkpt>
      <trkpt lat="49.626406" lon="14.028646">
      </trkpt>
      <trkpt lat="49.617502" lon="14.029105">
      </trkpt>
      <trkpt lat="49.616498" lon="14.028131">
      </trkpt>
      <trkpt lat="49.615742" lon="14.027954">
      </trkpt>
      <trkpt lat="49.615126" lon="14.027942">
      </trkpt>
      <trkpt lat="49.610516" lon="14.031995">
      </trkpt>
      <trkpt lat="49.606917" lon="14.032057">
      </trkpt>
      <trkpt lat="49.599992" lon="14.036955">
      </trkpt>
      <trkpt lat="49.596402" lon="14.036685">
      </trkpt>
      <trkpt lat="49.590446" lon="14.038244">
      </trkpt>
      <trkpt lat="49.58729" lon="14.03658">
      </trkpt>
      <trkpt lat="49.584191" lon="14.038412">
      </trkpt>
      <trkpt lat="49.576474" lon="14.042299">
      </trkpt>
      <trkpt lat="49.57288" lon="14.042097">
      </trkpt>
      <trkpt lat="49.572837" lon="14.042859">
      </trkpt>
      <trkpt lat="49.572858" lon="14.043282">
      </trkpt>
      <trkpt lat="49.57295" lon="14.043705">
      </trkpt>
      <trkpt lat="49.573078" lon="14.04405">
      </trkpt>
      <trkpt lat="49.573801" lon="14.045455">
      </trkpt>
      <trkpt lat="49.574089" lon="14.045883">
      </trkpt>
      <trkpt lat="49.57572" lon="14.052608">
      </trkpt>
      <trkpt lat="49.573286" lon="14.060801">
      </trkpt>
      <trkpt lat="49.565261" lon="14.062129">
      </trkpt>
      <trkpt lat="49.562233" lon="14.064074">
      </trkpt>
      <trkpt lat="49.563793" lon="14.066606">
      </trkpt>
      <trkpt lat="49.564356" lon="14.069244">
      </trkpt>
      <trkpt lat="49.564989" lon="14.072122">
      </trkpt>
      <trkpt lat="49.559338" lon="14.077041">
      </trkpt>
      <trkpt lat="49.558578" lon="14.077323">
      </trkpt>
      <trkpt lat="49.55095" lon="14.078203">
      </trkpt>
      <trkpt lat="49.547738" lon="14.077687">
      </trkpt>
      <trkpt lat="49.545351" lon="14.077532">
      </trkpt>
      <trkpt lat="49.543814" lon="14.077531">
      </trkpt>
      <trkpt lat="49.540208" lon="14.077762">
      </trkpt>
      <trkpt lat="49.532201" lon="14.07587">
      </trkpt>
      <trkpt lat="49.530193" lon="14.074527">
      </trkpt>
      <trkpt lat="49.528143" lon="14.073156">
      </trkpt>
      <trkpt lat="49.527508" lon="14.07276">
      </trkpt>
      <trkpt lat="49.526601" lon="14.072269">
      </trkpt>
      <trkpt lat="49.525773" lon="14.071877">
      </trkpt>
      <trkpt lat="49.524874" lon="14.071512">
      </trkpt>
      <trkpt lat="49.523221" lon="14.071075">
      </trkpt>
      <trkpt lat="49.52246" lon="14.070934">
      </trkpt>
      <trkpt lat="49.521806" lon="14.070861">
      </trkpt>
      <trkpt lat="49.520416" lon="14.070791">
      </trkpt>
      <trkpt lat="49.516717" lon="14.070889">
      </trkpt>
      <trkpt lat="49.512126" lon="14.071737">
      </trkpt>
      <trkpt lat="49.512573" lon="14.075309">
      </trkpt>
      <trkpt lat="49.514993" lon="14.075006">
      </trkpt>
      <trkpt lat="49.517413" lon="14.074704">
      </trkpt>
      <trkpt lat="49.526226" lon="14.076203">
      </trkpt>
      <trkpt lat="49.528191" lon="14.077519">
      </trkpt>
      <trkpt lat="49.530199" lon="14.078862">
      </trkpt>
      <trkpt lat="49.531596" lon="14.079671">
      </trkpt>
      <trkpt lat="49.533261" lon="14.080387">
      </trkpt>
      <trkpt lat="49.534294" lon="14.080737">
      </trkpt>
      <trkpt lat="49.535459" lon="14.081044">
      </trkpt>
      <trkpt lat="49.53681" lon="14.081279">
      </trkpt>
      <trkpt lat="49.538458" lon="14.081382">
      </trkpt>
      <trkpt lat="49.540258" lon="14.081362">
      </trkpt>
      <trkpt lat="49.544058" lon="14.081123">
      </trkpt>
      <trkpt lat="49.545337" lon="14.081132">
      </trkpt>
      <trkpt lat="49.5475" lon="14.081279">
      </trkpt>
      <trkpt lat="49.553753" lon="14.083017">
      </trkpt>
      <trkpt lat="49.554588" lon="14.083405">
      </trkpt>
      <trkpt lat="49.555419" lon="14.083834">
      </trkpt>
      <trkpt lat="49.556496" lon="14.08437">
      </trkpt>
      <trkpt lat="49.557613" lon="14.085018">
      </trkpt>
      <trkpt lat="49.559411" lon="14.086165">
      </trkpt>
      <trkpt lat="49.5622" lon="14.087672">
      </trkpt>
      <trkpt lat="49.565208" lon="14.095941">
      </trkpt>
      <trkpt lat="49.568613" lon="14.097111">
      </trkpt>
      <trkpt lat="49.569329" lon="14.095027">
      </trkpt>
      <trkpt lat="49.573372" lon="14.090722">
      </trkpt>
      <trkpt lat="49.57561" lon="14.088917">
      </trkpt>
      <trkpt lat="49.577577" lon="14.088235">
      </trkpt>
      <trkpt lat="49.584671" lon="14.092744">
      </trkpt>
      <trkpt lat="49.587118" lon="14.092934">
      </trkpt>
      <trkpt lat="49.594263" lon="14.095436">
      </trkpt>
      <trkpt lat="49.596214" lon="14.096419">
      </trkpt>
      <trkpt lat="49.602502" lon="14.096563">
      </trkpt>
      <trkpt lat="49.606101" lon="14.096507">
      </trkpt>
      <trkpt lat="49.611938" lon="14.096012">
      </trkpt>
      <trkpt lat="49.614706" lon="14.100019">
      </trkpt>
      <trkpt lat="49.61812" lon="14.101162">
      </trkpt>
      <trkpt lat="49.625658" lon="14.101231">
      </trkpt>
      <trkpt lat="49.627362" lon="14.102977">
      </trkpt>
      <trkpt lat="49.627813" lon="14.102958">
      </trkpt>
      <trkpt lat="49.628389" lon="14.102863">
      </trkpt>
      <trkpt lat="49.62894" lon="14.102673">
      </trkpt>
      <trkpt lat="49.631306" lon="14.101897">
      </trkpt>
      <trkpt lat="49.638126" lon="14.097225">
      </trkpt>
      <trkpt lat="49.640808" lon="14.09765">
      </trkpt>
      <trkpt lat="49.645926" lon="14.102647">
      </trkpt>
      <trkpt lat="49.646536" lon="14.104992">
      </trkpt>
      <trkpt lat="49.6468" lon="14.105459">
      </trkpt>
      <trkpt lat="49.647447" lon="14.106117">
      </trkpt>
      <trkpt lat="49.647735" lon="14.106231">
      </trkpt>
      <trkpt lat="49.65667" lon="14.105635">
      </trkpt>
      <trkpt lat="49.657409" lon="14.106085">
      </trkpt>
      <trkpt lat="49.657835" lon="14.106227">
      </trkpt>
      <trkpt lat="49.665223" lon="14.108201">
      </trkpt>
      <trkpt lat="49.665944" lon="14.114948">
      </trkpt>
      <trkpt lat="49.665765" lon="14.115518">
      </trkpt>
      <trkpt lat="49.665595" lon="14.116114">
      </trkpt>
      <trkpt lat="49.665482" lon="14.116676">
      </trkpt>
      <trkpt lat="49.665387" lon="14.117388">
      </trkpt>
      <trkpt lat="49.664285" lon="14.121001">
      </trkpt>
      <trkpt lat="49.663892" lon="14.121722">
      </trkpt>
      <trkpt lat="49.663721" lon="14.12221">
      </trkpt>
      <trkpt lat="49.663579" lon="14.12288">
      </trkpt>
      <trkpt lat="49.663512" lon="14.123766">
      </trkpt>
      <trkpt lat="49.662939" lon="14.127673">
      </trkpt>
      <trkpt lat="49.660586" lon="14.132376">
      </trkpt>
      <trkpt lat="49.660846" lon="14.134883">
      </trkpt>
      <trkpt lat="49.653862" lon="14.139302">
      </trkpt>
      <trkpt lat="49.650267" lon="14.139507">
      </trkpt>
      <trkpt lat="49.650415" lon="14.142097">
      </trkpt>
      <trkpt lat="49.650562" lon="14.144687">
      </trkpt>
      <trkpt lat="49.650646" lon="14.145905">
      </trkpt>
      <trkpt lat="49.650642" lon="14.152979">
      </trkpt>
      <trkpt lat="49.650073" lon="14.157879">
      </trkpt>
      <trkpt lat="49.649893" lon="14.159123">
      </trkpt>
      <trkpt lat="49.649873" lon="14.159609">
      </trkpt>
      <trkpt lat="49.649878" lon="14.161951">
      </trkpt>
      <trkpt lat="49.653478" lon="14.161943">
      </trkpt>
      <trkpt lat="49.657388" lon="14.167999">
      </trkpt>
      <trkpt lat="49.657388" lon="14.168589">
      </trkpt>
      <trkpt lat="49.659106" lon="14.170089">
      </trkpt>
      <trkpt lat="49.659248" lon="14.170015">
      </trkpt>
      <trkpt lat="49.664658" lon="14.167799">
      </trkpt>
      <trkpt lat="49.672457" lon="14.168119">
      </trkpt>
      <trkpt lat="49.675017" lon="14.167904">
      </trkpt>
      <trkpt lat="49.681185" lon="14.173557">
      </trkpt>
      <trkpt lat="49.680816" lon="14.176507">
      </trkpt>
      <trkpt lat="49.680601" lon="14.177333">
      </trkpt>
      <trkpt lat="49.680539" lon="14.178041">
      </trkpt>
      <trkpt lat="49.680006" lon="14.180427">
      </trkpt>
      <trkpt lat="49.679897" lon="14.180925">
      </trkpt>
      <trkpt lat="49.679809" lon="14.181772">
      </trkpt>
      <trkpt lat="49.680645" lon="14.188709">
      </trkpt>
      <trkpt lat="49.68069" lon="14.192099">
      </trkpt>
      <trkpt lat="49.680763" lon="14.192307">
      </trkpt>
      <trkpt lat="49.681436" lon="14.193028">
      </trkpt>
      <trkpt lat="49.684318" lon="14.20119">
      </trkpt>
      <trkpt lat="49.679143" lon="14.205324">
      </trkpt>
      <trkpt lat="49.678574" lon="14.206638">
      </trkpt>
      <trkpt lat="49.678594" lon="14.214755">
      </trkpt>
      <trkpt lat="49.678247" lon="14.218274">
      </trkpt>
      <trkpt lat="49.678379" lon="14.226531">
      </trkpt>
      <trkpt lat="49.678082" lon="14.228839">
      </trkpt>
      <trkpt lat="49.681653" lon="14.229299">
      </trkpt>
      <trkpt lat="49.687748" lon="14.230059">
      </trkpt>
      <trkpt lat="49.691966" lon="14.236188">
      </trkpt>
      <trkpt lat="49.692265" lon="14.237943">
      </trkpt>
      <trkpt lat="49.696504" lon="14.245684">
      </trkpt>
      <trkpt lat="49.696129" lon="14.246894">
      </trkpt>
      <trkpt lat="49.696977" lon="14.250207">
      </trkpt>
      <trkpt lat="49.703369" lon="14.252953">
      </trkpt>
      <trkpt lat="49.703709" lon="14.253039">
      </trkpt>
      <trkpt lat="49.706834" lon="14.251978">
      </trkpt>
      <trkpt lat="49.706733" lon="14.251617">
      </trkpt>
      <trkpt lat="49.706603" lon="14.251238">
      </trkpt>
      <trkpt lat="49.706131" lon="14.246102">
      </trkpt>
      <trkpt lat="49.705433" lon="14.244375">
      </trkpt>
      <trkpt lat="49.705203" lon="14.243816">
      </trkpt>
      <trkpt lat="49.704775" lon="14.243201">
      </trkpt>
      <trkpt lat="49.704418" lon="14.238574">
      </trkpt>
      <trkpt lat="49.711708" lon="14.237046">
      </trkpt>
      <trkpt lat="49.714178" lon="14.238158">
      </trkpt>
      <trkpt lat="49.718051" lon="14.23699">
      </trkpt>
      <trkpt lat="49.724016" lon="14.239627">
      </trkpt>
      <trkpt lat="49.725384" lon="14.244473">
      </trkpt>
      <trkpt lat="49.725279" lon="14.24521">
      </trkpt>
      <trkpt lat="49.725263" lon="14.245695">
      </trkpt>
      <trkpt lat="49.725316" lon="14.246421">
      </trkpt>
      <trkpt lat="49.725319" lon="14.246483">
      </trkpt>
      <trkpt lat="49.726908" lon="14.247982">
      </trkpt>
      <trkpt lat="49.726335" lon="14.255603">
      </trkpt>
      <trkpt lat="49.723842" lon="14.256881">
      </trkpt>
      <trkpt lat="49.723173" lon="14.257281">
      </trkpt>
      <trkpt lat="49.722673" lon="14.257805">
      </trkpt>
      <trkpt lat="49.722463" lon="14.258148">
      </trkpt>
      <trkpt lat="49.722174" lon="14.258757">
      </trkpt>
      <trkpt lat="49.721826" lon="14.259609">
      </trkpt>
      <trkpt lat="49.724368" lon="14.265034">
      </trkpt>
      <trkpt lat="49.719759" lon="14.269358">
      </trkpt>
      <trkpt lat="49.719641" lon="14.269969">
      </trkpt>
      <trkpt lat="49.719124" lon="14.272714">
      </trkpt>
      <trkpt lat="49.722559" lon="14.273789">
      </trkpt>
      <trkpt lat="49.724277" lon="14.272271">
      </trkpt>
      <trkpt lat="49.7305" lon="14.278196">
      </trkpt>
      <trkpt lat="49.730533" lon="14.27839">
      </trkpt>
      <trkpt lat="49.731266" lon="14.281819">
      </trkpt>
      <trkpt lat="49.726912" lon="14.289161">
      </trkpt>
      <trkpt lat="49.725108" lon="14.290716">
      </trkpt>
      <trkpt lat="49.725073" lon="14.290869">
      </trkpt>
      <trkpt lat="49.725384" lon="14.292421">
      </trkpt>
      <trkpt lat="49.727112" lon="14.293798">
      </trkpt>
      <trkpt lat="49.727751" lon="14.294381">
      </trkpt>
      <trkpt lat="49.728771" lon="14.295053">
      </trkpt>
      <trkpt lat="49.72935" lon="14.295481">
      </trkpt>
      <trkpt lat="49.733824" lon="14.301138">
      </trkpt>
      <trkpt lat="49.734509" lon="14.302542">
      </trkpt>
      <trkpt lat="49.731115" lon="14.310743">
      </trkpt>
      <trkpt lat="49.729388" lon="14.313857">
      </trkpt>
      <trkpt lat="49.729347" lon="14.313964">
      </trkpt>
      <trkpt lat="49.726921" lon="14.321321">
      </trkpt>
      <trkpt lat="49.726689" lon="14.321763">
      </trkpt>
      <trkpt lat="49.725386" lon="14.324285">
      </trkpt>
      <trkpt lat="49.720471" lon="14.329556">
      </trkpt>
      <trkpt lat="49.717288" lon="14.331238">
      </trkpt>
      <trkpt lat="49.717893" lon="14.332384">
      </trkpt>
      <trkpt lat="49.718054" lon="14.332649">
      </trkpt>
      <trkpt lat="49.71848" lon="14.333177">
      </trkpt>
      <trkpt lat="49.720077" lon="14.334841">
      </trkpt>
      <trkpt lat="49.725737" lon="14.339419">
      </trkpt>
      <trkpt lat="49.7268" lon="14.342348">
      </trkpt>
      <trkpt lat="49.730349" lon="14.341743">
      </trkpt>
      <trkpt lat="49.729907" lon="14.339152">
      </trkpt>
      <trkpt lat="49.734031" lon="14.333431">
      </trkpt>
      <trkpt lat="49.742229" lon="14.333984">
      </trkpt>
      <trkpt lat="49.743766" lon="14.338062">
      </trkpt>
      <trkpt lat="49.745107" lon="14.343395">
      </trkpt>
      <trkpt lat="49.74406" lon="14.346621">
      </trkpt>
      <trkpt lat="49.744692" lon="14.348726">
      </trkpt>
      <trkpt lat="49.744981" lon="14.34953">
      </trkpt>
      <trkpt lat="49.745301" lon="14.350191">
      </trkpt>
      <trkpt lat="49.746439" lon="14.358775">
      </trkpt>
      <trkpt lat="49.745887" lon="14.359725">
      </trkpt>
      <trkpt lat="49.745722" lon="14.360213">
      </trkpt>
      <trkpt lat="49.745635" lon="14.360664">
      </trkpt>
      <trkpt lat="49.74537" lon="14.361965">
      </trkpt>
      <trkpt lat="49.750724" lon="14.365959">
      </trkpt>
      <trkpt lat="49.750565" lon="14.370409">
      </trkpt>
      <trkpt lat="49.75041" lon="14.371584">
      </trkpt>
      <trkpt lat="49.750401" lon="14.371844">
      </trkpt>
      <trkpt lat="49.753283" lon="14.372674">
      </trkpt>
      <trkpt lat="49.760474" lon="14.37601">
      </trkpt>
      <trkpt lat="49.765068" lon="14.383505">
      </trkpt>
      <trkpt lat="49.764858" lon="14.384459">
      </trkpt>
      <trkpt lat="49.76439" lon="14.386258">
      </trkpt>
      <trkpt lat="49.763921" lon="14.388056">
      </trkpt>
      <trkpt lat="49.767405" lon="14.388964">
      </trkpt>
      <trkpt lat="49.767873" lon="14.387165">
      </trkpt>
      <trkpt lat="49.768342" lon="14.385366">
      </trkpt>
      <trkpt lat="49.777113" lon="14.38639">
      </trkpt>
      <trkpt lat="49.777061" lon="14.389011">
      </trkpt>
      <trkpt lat="49.777104" lon="14.38949">
      </trkpt>
      <trkpt lat="49.777215" lon="14.390344">
      </trkpt>
      <trkpt lat="49.777183" lon="14.391393">
      </trkpt>
      <trkpt lat="49.776917" lon="14.3927">
      </trkpt>
      <trkpt lat="49.780403" lon="14.393598">
      </trkpt>
      <trkpt lat="49.786118" lon="14.392866">
      </trkpt>
      <trkpt lat="49.787824" lon="14.392357">
      </trkpt>
      <trkpt lat="49.790466" lon="14.392661">
      </trkpt>
      <trkpt lat="49.793715" lon="14.39946">
      </trkpt>
      <trkpt lat="49.793489" lon="14.400336">
      </trkpt>
      <trkpt lat="49.793415" lon="14.400811">
      </trkpt>
      <trkpt lat="49.793385" lon="14.401117">
      </trkpt>
      <trkpt lat="49.793231" lon="14.40221">
      </trkpt>
      <trkpt lat="49.793165" lon="14.403159">
      </trkpt>
      <trkpt lat="49.793073" lon="14.403888">
      </trkpt>
      <trkpt lat="49.793073" lon="14.40449">
      </trkpt>
      <trkpt lat="49.796003" lon="14.411345">
      </trkpt>
      <trkpt lat="49.79619" lon="14.413689">
      </trkpt>
      <trkpt lat="49.796113" lon="14.417141">
      </trkpt>
      <trkpt lat="49.798147" lon="14.419587">
      </trkpt>
      <trkpt lat="49.800881" lon="14.423279">
      </trkpt>
      <trkpt lat="49.802508" lon="14.423285">
      </trkpt>
      <trkpt lat="49.804018" lon="14.423569">
      </trkpt>
      <trkpt lat="49.803857" lon="14.432416">
      </trkpt>
      <trkpt lat="49.802844" lon="14.43266">
      </trkpt>
      <trkpt lat="49.803684" lon="14.43616">
      </trkpt>
      <trkpt lat="49.807003" lon="14.438135">
      </trkpt>
      <trkpt lat="49.808588" lon="14.438304">
      </trkpt>
      <trkpt lat="49.809775" lon="14.437565">
      </trkpt>
      <trkpt lat="49.810152" lon="14.43705">
      </trkpt>
      <trkpt lat="49.813258" lon="14.434166">
      </trkpt>
      <trkpt lat="49.821757" lon="14.435132">
      </trkpt>
      <trkpt lat="49.820699" lon="14.442456">
      </trkpt>
      <trkpt lat="49.820813" lon="14.443024">
      </trkpt>
      <trkpt lat="49.821062" lon="14.443786">
      </trkpt>
      <trkpt lat="49.821441" lon="14.444588">
      </trkpt>
      <trkpt lat="49.821839" lon="14.445283">
      </trkpt>
      <trkpt lat="49.822034" lon="14.445621">
      </trkpt>
      <trkpt lat="49.822523" lon="14.446209">
      </trkpt>
      <trkpt lat="49.823458" lon="14.446744">
      </trkpt>
      <trkpt lat="49.825372" lon="14.455461">
      </trkpt>
      <trkpt lat="49.82216" lon="14.456818">
      </trkpt>
      <trkpt lat="49.822569" lon="14.4578">
      </trkpt>
      <trkpt lat="49.82275" lon="14.458281">
      </trkpt>
      <trkpt lat="49.819995" lon="14.466127">
      </trkpt>
      <trkpt lat="49.816402" lon="14.466347">
      </trkpt>
      <trkpt lat="49.808898" lon="14.469969">
      </trkpt>
      <trkpt lat="49.804772" lon="14.467963">
      </trkpt>
      <trkpt lat="49.797711" lon="14.471126">
      </trkpt>
      <trkpt lat="49.791839" lon="14.469014">
      </trkpt>
      <trkpt lat="49.791338" lon="14.469532">
      </trkpt>
      <trkpt lat="49.787298" lon="14.473192">
      </trkpt>
      <trkpt lat="49.785995" lon="14.480147">
      </trkpt>
      <trkpt lat="49.78609" lon="14.48045">
      </trkpt>
      <trkpt lat="49.786402" lon="14.481016">
      </trkpt>
      <trkpt lat="49.79045" lon="14.487973">
      </trkpt>
      <trkpt lat="49.791075" lon="14.491398">
      </trkpt>
      <trkpt lat="49.791276" lon="14.491979">
      </trkpt>
      <trkpt lat="49.791796" lon="14.492678">
      </trkpt>
      <trkpt lat="49.792388" lon="14.493066">
      </trkpt>
      <trkpt lat="49.794747" lon="14.493561">
      </trkpt>
      <trkpt lat="49.795299" lon="14.493683">
      </trkpt>
      <trkpt lat="49.802218" lon="14.497764">
      </trkpt>
      <trkpt lat="49.802652" lon="14.499781">
      </trkpt>
      <trkpt lat="49.803214" lon="14.502294">
      </trkpt>
      <trkpt lat="49.803836" lon="14.504544">
      </trkpt>
      <trkpt lat="49.7958" lon="14.507875">
      </trkpt>
      <trkpt lat="49.795028" lon="14.506809">
      </trkpt>
      <trkpt lat="49.79052" lon="14.505462">
      </trkpt>
      <trkpt lat="49.79039" lon="14.5055">
      </trkpt>
      <trkpt lat="49.788964" lon="14.50747">
      </trkpt>
      <trkpt lat="49.780072" lon="14.506959">
      </trkpt>
      <trkpt lat="49.779116" lon="14.507024">
      </trkpt>
      <trkpt lat="49.777995" lon="14.507739">
      </trkpt>
      <trkpt lat="49.773816" lon="14.512949">
      </trkpt>
      <trkpt lat="49.773172" lon="14.515535">
      </trkpt>
      <trkpt lat="49.772958" lon="14.516224">
      </trkpt>
      <trkpt lat="49.772932" lon="14.516454">
      </trkpt>
      <trkpt lat="49.774565" lon="14.519216">
      </trkpt>
      <trkpt lat="49.769261" lon="14.525263">
      </trkpt>
      <trkpt lat="49.766407" lon="14.523068">
      </trkpt>
      <trkpt lat="49.763181" lon="14.522366">
      </trkpt>
      <trkpt lat="49.761204" lon="14.52161">
      </trkpt>
      <trkpt lat="49.755884" lon="14.515137">
      </trkpt>
      <trkpt lat="49.754913" lon="14.51196">
      </trkpt>
      <trkpt lat="49.754566" lon="14.509949">
      </trkpt>
      <trkpt lat="49.754199" lon="14.507837">
      </trkpt>
      <trkpt lat="49.754041" lon="14.507226">
      </trkpt>
      <trkpt lat="49.753809" lon="14.501067">
      </trkpt>
      <trkpt lat="49.753823" lon="14.500552">
      </trkpt>
      <trkpt lat="49.754916" lon="14.495369">
      </trkpt>
      <trkpt lat="49.754692" lon="14.493778">
      </trkpt>
      <trkpt lat="49.754345" lon="14.493709">
      </trkpt>
      <trkpt lat="49.752554" lon="14.493726">
      </trkpt>
      <trkpt lat="49.746872" lon="14.493815">
      </trkpt>
      <trkpt lat="49.746773" lon="14.494804">
      </trkpt>
      <trkpt lat="49.746764" lon="14.495438">
      </trkpt>
      <trkpt lat="49.746827" lon="14.496075">
      </trkpt>
      <trkpt lat="49.746966" lon="14.496665">
      </trkpt>
      <trkpt lat="49.74773" lon="14.500899">
      </trkpt>
      <trkpt lat="49.74941" lon="14.504151">
      </trkpt>
      <trkpt lat="49.749688" lon="14.505552">
      </trkpt>
      <trkpt lat="49.750229" lon="14.507313">
      </trkpt>
      <trkpt lat="49.741795" lon="14.510203">
      </trkpt>
      <trkpt lat="49.741102" lon="14.509468">
      </trkpt>
      <trkpt lat="49.739801" lon="14.508588">
      </trkpt>
      <trkpt lat="49.737951" lon="14.505546">
      </trkpt>
      <trkpt lat="49.734559" lon="14.506752">
      </trkpt>
      <trkpt lat="49.735223" lon="14.509942">
      </trkpt>
      <trkpt lat="49.735439" lon="14.510707">
      </trkpt>
      <trkpt lat="49.739885" lon="14.513847">
      </trkpt>
      <trkpt lat="49.740877" lon="14.51537">
      </trkpt>
      <trkpt lat="49.741254" lon="14.516124">
      </trkpt>
      <trkpt lat="49.742081" lon="14.517181">
      </trkpt>
      <trkpt lat="49.743131" lon="14.518371">
      </trkpt>
      <trkpt lat="49.743548" lon="14.518733">
      </trkpt>
      <trkpt lat="49.745684" lon="14.526313">
      </trkpt>
      <trkpt lat="49.740837" lon="14.52831">
      </trkpt>
      <trkpt lat="49.739795" lon="14.528257">
      </trkpt>
      <trkpt lat="49.737812" lon="14.52893">
      </trkpt>
      <trkpt lat="49.730786" lon="14.5289">
      </trkpt>
      <trkpt lat="49.730277" lon="14.529147">
      </trkpt>
      <trkpt lat="49.730102" lon="14.529285">
      </trkpt>
      <trkpt lat="49.727767" lon="14.530861">
      </trkpt>
      <trkpt lat="49.72352" lon="14.535952">
      </trkpt>
      <trkpt lat="49.724138" lon="14.537399">
      </trkpt>
      <trkpt lat="49.724323" lon="14.537855">
      </trkpt>
      <trkpt lat="49.72446" lon="14.538113">
      </trkpt>
      <trkpt lat="49.726922" lon="14.546111">
      </trkpt>
      <trkpt lat="49.727401" lon="14.548725">
      </trkpt>
      <trkpt lat="49.727582" lon="14.548806">
      </trkpt>
      <trkpt lat="49.729198" lon="14.548732">
      </trkpt>
      <trkpt lat="49.734919" lon="14.555179">
      </trkpt>
      <trkpt lat="49.737181" lon="14.557979">
      </trkpt>
      <trkpt lat="49.737408" lon="14.557796">
      </trkpt>
      <trkpt lat="49.739696" lon="14.556788">
      </trkpt>
      <trkpt lat="49.745873" lon="14.560511">
      </trkpt>
      <trkpt lat="49.744724" lon="14.565119">
      </trkpt>
      <trkpt lat="49.743704" lon="14.566294">
      </trkpt>
      <trkpt lat="49.742978" lon="14.567117">
      </trkpt>
      <trkpt lat="49.742315" lon="14.567799">
      </trkpt>
      <trkpt lat="49.741901" lon="14.568394">
      </trkpt>
      <trkpt lat="49.741516" lon="14.569046">
      </trkpt>
      <trkpt lat="49.736171" lon="14.572669">
      </trkpt>
      <trkpt lat="49.735762" lon="14.574611">
      </trkpt>
      <trkpt lat="49.735664" lon="14.575247">
      </trkpt>
      <trkpt lat="49.735641" lon="14.5758">
      </trkpt>
      <trkpt lat="49.735662" lon="14.576136">
      </trkpt>
      <trkpt lat="49.735751" lon="14.576679">
      </trkpt>
      <trkpt lat="49.735847" lon="14.577058">
      </trkpt>
      <trkpt lat="49.736091" lon="14.577784">
      </trkpt>
      <trkpt lat="49.736298" lon="14.578294">
      </trkpt>
      <trkpt lat="49.736562" lon="14.57879">
      </trkpt>
      <trkpt lat="49.737718" lon="14.58039">
      </trkpt>
      <trkpt lat="49.732197" lon="14.586823">
      </trkpt>
      <trkpt lat="49.726325" lon="14.584631">
      </trkpt>
      <trkpt lat="49.724385" lon="14.582811">
      </trkpt>
      <trkpt lat="49.724229" lon="14.582612">
      </trkpt>
      <trkpt lat="49.721869" lon="14.580555">
      </trkpt>
      <trkpt lat="49.720453" lon="14.57777">
      </trkpt>
      <trkpt lat="49.720184" lon="14.577183">
      </trkpt>
      <trkpt lat="49.719259" lon="14.575332">
      </trkpt>
      <trkpt lat="49.71914" lon="14.575002">
      </trkpt>
      <trkpt lat="49.718352" lon="14.570268">
      </trkpt>
      <trkpt lat="49.718338" lon="14.569627">
      </trkpt>
      <trkpt lat="49.718297" lon="14.567868">
      </trkpt>
      <trkpt lat="49.717512" lon="14.567037">
      </trkpt>
      <trkpt lat="49.715878" lon="14.565202">
      </trkpt>
      <trkpt lat="49.707197" lon="14.566772">
      </trkpt>
      <trkpt lat="49.704898" lon="14.569038">
      </trkpt>
      <trkpt lat="49.700841" lon="14.574455">
      </trkpt>
      <trkpt lat="49.701106" lon="14.582688">
      </trkpt>
      <trkpt lat="49.700984" lon="14.583197">
      </trkpt>
      <trkpt lat="49.700929" lon="14.583869">
      </trkpt>
      <trkpt lat="49.699381" lon="14.587808">
      </trkpt>
      <trkpt lat="49.690462" lon="14.588361">
      </trkpt>
      <trkpt lat="49.681827" lon="14.589008">
      </trkpt>
      <trkpt lat="49.681329" lon="14.588399">
      </trkpt>
      <trkpt lat="49.680738" lon="14.587965">
      </trkpt>
      <trkpt lat="49.68035" lon="14.587802">
      </trkpt>
      <trkpt lat="49.677361" lon="14.589753">
      </trkpt>
      <trkpt lat="49.669665" lon="14.593188">
      </trkpt>
      <trkpt lat="49.666245" lon="14.586671">
      </trkpt>
      <trkpt lat="49.666161" lon="14.585203">
      </trkpt>
      <trkpt lat="49.666159" lon="14.584978">
      </trkpt>
      <trkpt lat="49.669585" lon="14.579175">
      </trkpt>
      <trkpt lat="49.669687" lon="14.578995">
      </trkpt>
      <trkpt lat="49.669932" lon="14.578155">
      </trkpt>
      <trkpt lat="49.66914" lon="14.575675">
      </trkpt>
      <trkpt lat="49.666875" lon="14.572747">
      </trkpt>
      <trkpt lat="49.663875" lon="14.565105">
      </trkpt>
      <trkpt lat="49.663887" lon="14.563922">
      </trkpt>
      <trkpt lat="49.660287" lon="14.563885">
      </trkpt>
      <trkpt lat="49.658628" lon="14.572072">
      </trkpt>
      <trkpt lat="49.659296" lon="14.578073">
      </trkpt>
      <trkpt lat="49.659339" lon="14.579443">
      </trkpt>
      <trkpt lat="49.65942" lon="14.580654">
      </trkpt>
      <trkpt lat="49.659508" lon="14.581548">
      </trkpt>
      <trkpt lat="49.659664" lon="14.582675">
      </trkpt>
      <trkpt lat="49.660946" lon="14.584146">
      </trkpt>
      <trkpt lat="49.656631" lon="14.591426">
      </trkpt>
      <trkpt lat="49.654432" lon="14.593703">
      </trkpt>
      <trkpt lat="49.654433" lon="14.594635">
      </trkpt>
      <trkpt lat="49.654566" lon="14.596805">
      </trkpt>
      <trkpt lat="49.654642" lon="14.597428">
      </trkpt>
      <trkpt lat="49.654906" lon="14.603254">
      </trkpt>
      <trkpt lat="49.654894" lon="14.604668">
      </trkpt>
      <trkpt lat="49.654907" lon="14.605045">
      </trkpt>
      <trkpt lat="49.655307" lon="14.607193">
      </trkpt>
      <trkpt lat="49.655983" lon="14.610168">
      </trkpt>
      <trkpt lat="49.656024" lon="14.610513">
      </trkpt>
      <trkpt lat="49.656254" lon="14.611158">
      </trkpt>
      <trkpt lat="49.655752" lon="14.619914">
      </trkpt>
      <trkpt lat="49.650472" lon="14.623649">
      </trkpt>
      <trkpt lat="49.649949" lon="14.62383">
      </trkpt>
      <trkpt lat="49.643515" lon="14.625798">
      </trkpt>
      <trkpt lat="49.63798" lon="14.62602">
      </trkpt>
      <trkpt lat="49.636041" lon="14.626699">
      </trkpt>
      <trkpt lat="49.634722" lon="14.627552">
      </trkpt>
      <trkpt lat="49.632099" lon="14.634863">
      </trkpt>
      <trkpt lat="49.630509" lon="14.636064">
      </trkpt>
      <trkpt lat="49.630737" lon="14.637034">
      </trkpt>
      <trkpt lat="49.632012" lon="14.640866">
      </trkpt>
      <trkpt lat="49.631903" lon="14.643002">
      </trkpt>
      <trkpt lat="49.625908" lon="14.649151">
      </trkpt>
      <trkpt lat="49.625406" lon="14.649261">
      </trkpt>
      <trkpt lat="49.624913" lon="14.649429">
      </trkpt>
      <trkpt lat="49.618836" lon="14.650714">
      </trkpt>
      <trkpt lat="49.616191" lon="14.651296">
      </trkpt>
      <trkpt lat="49.612687" lon="14.652125">
      </trkpt>
      <trkpt lat="49.607372" lon="14.658057">
      </trkpt>
      <trkpt lat="49.605164" lon="14.658123">
      </trkpt>
      <trkpt lat="49.603117" lon="14.658191">
      </trkpt>
      <trkpt lat="49.601588" lon="14.658061">
      </trkpt>
      <trkpt lat="49.600074" lon="14.659775">
      </trkpt>
      <trkpt lat="49.600055" lon="14.660008">
      </trkpt>
      <trkpt lat="49.601088" lon="14.661626">
      </trkpt>
      <trkpt lat="49.601618" lon="14.661701">
      </trkpt>
      <trkpt lat="49.602904" lon="14.661785">
      </trkpt>
      <trkpt lat="49.611031" lon="14.665219">
      </trkpt>
      <trkpt lat="49.615698" lon="14.671734">
      </trkpt>
      <trkpt lat="49.615937" lon="14.677328">
      </trkpt>
      <trkpt lat="49.615898" lon="14.67784">
      </trkpt>
      <trkpt lat="49.615909" lon="14.678351">
      </trkpt>
      <trkpt lat="49.616041" lon="14.680163">
      </trkpt>
      <trkpt lat="49.616173" lon="14.681974">
      </trkpt>
      <trkpt lat="49.619763" lon="14.681713">
      </trkpt>
      <trkpt lat="49.619632" lon="14.679902">
      </trkpt>
      <trkpt lat="49.620196" lon="14.677111">
      </trkpt>
      <trkpt lat="49.620386" lon="14.676463">
      </trkpt>
      <trkpt lat="49.620427" lon="14.675826">
      </trkpt>
      <trkpt lat="49.620195" lon="14.674176">
      </trkpt>
      <trkpt lat="49.62319" lon="14.667168">
      </trkpt>
      <trkpt lat="49.631041" lon="14.668936">
      </trkpt>
      <trkpt lat="49.63236" lon="14.672032">
      </trkpt>
      <trkpt lat="49.636953" lon="14.674291">
      </trkpt>
      <trkpt lat="49.634886" lon="14.681285">
      </trkpt>
      <trkpt lat="49.635097" lon="14.682125">
      </trkpt>
      <trkpt lat="49.635314" lon="14.682683">
      </trkpt>
      <trkpt lat="49.63604" lon="14.683893">
      </trkpt>
      <trkpt lat="49.636316" lon="14.683919">
      </trkpt>
      <trkpt lat="49.639643" lon="14.684293">
      </trkpt>
      <trkpt lat="49.643039" lon="14.684353">
      </trkpt>
      <trkpt lat="49.643243" lon="14.684272">
      </trkpt>
      <trkpt lat="49.64579" lon="14.679152">
      </trkpt>
      <trkpt lat="49.645025" lon="14.675635">
      </trkpt>
      <trkpt lat="49.640366" lon="14.67">
      </trkpt>
      <trkpt lat="49.640685" lon="14.664848">
      </trkpt>
      <trkpt lat="49.640658" lon="14.662163">
      </trkpt>
      <trkpt lat="49.648564" lon="14.658047">
      </trkpt>
      <trkpt lat="49.651598" lon="14.659986">
      </trkpt>
      <trkpt lat="49.655674" lon="14.662962">
      </trkpt>
      <trkpt lat="49.655761" lon="14.663051">
      </trkpt>
      <trkpt lat="49.655865" lon="14.663037">
      </trkpt>
      <trkpt lat="49.657614" lon="14.660801">
      </trkpt>
      <trkpt lat="49.666223" lon="14.659161">
      </trkpt>
      <trkpt lat="49.666749" lon="14.661288">
      </trkpt>
      <trkpt lat="49.667" lon="14.661876">
      </trkpt>
      <trkpt lat="49.668116" lon="14.665565">
      </trkpt>
      <trkpt lat="49.668135" lon="14.666967">
      </trkpt>
      <trkpt lat="49.669843" lon="14.667997">
      </trkpt>
      <trkpt lat="49.675054" lon="14.673744">
      </trkpt>
      <trkpt lat="49.66986" lon="14.679106">
      </trkpt>
      <trkpt lat="49.666335" lon="14.680749">
      </trkpt>
      <trkpt lat="49.663657" lon="14.68133">
      </trkpt>
      <trkpt lat="49.663192" lon="14.681356">
      </trkpt>
      <trkpt lat="49.663391" lon="14.68495">
      </trkpt>
      <trkpt lat="49.663856" lon="14.684924">
      </trkpt>
      <trkpt lat="49.668134" lon="14.685381">
      </trkpt>
      <trkpt lat="49.672759" lon="14.689832">
      </trkpt>
      <trkpt lat="49.675084" lon="14.690544">
      </trkpt>
      <trkpt lat="49.680973" lon="14.69265">
      </trkpt>
      <trkpt lat="49.684036" lon="14.700207">
      </trkpt>
      <trkpt lat="49.683075" lon="14.701719">
      </trkpt>
      <trkpt lat="49.682836" lon="14.702091">
      </trkpt>
      <trkpt lat="49.682745" lon="14.702229">
      </trkpt>
      <trkpt lat="49.680705" lon="14.704682">
      </trkpt>
      <trkpt lat="49.680232" lon="14.708251">
      </trkpt>
      <trkpt lat="49.680672" lon="14.708309">
      </trkpt>
      <trkpt lat="49.684576" lon="14.707508">
      </trkpt>
      <trkpt lat="49.692328" lon="14.709075">
      </trkpt>
      <trkpt lat="49.694346" lon="14.71195">
      </trkpt>
      <trkpt lat="49.69583" lon="14.717159">
      </trkpt>
      <trkpt lat="49.696976" lon="14.717623">
      </trkpt>
      <trkpt lat="49.699538" lon="14.718713">
      </trkpt>
      <trkpt lat="49.700105" lon="14.718927">
      </trkpt>
      <trkpt lat="49.701288" lon="14.719227">
      </trkpt>
      <trkpt lat="49.703432" lon="14.719193">
      </trkpt>
      <trkpt lat="49.704492" lon="14.727648">
      </trkpt>
      <trkpt lat="49.705831" lon="14.730194">
      </trkpt>
      <trkpt lat="49.704544" lon="14.736905">
      </trkpt>
      <trkpt lat="49.704727" lon="14.738013">
      </trkpt>
      <trkpt lat="49.704999" lon="14.739524">
      </trkpt>
      <trkpt lat="49.7011" lon="14.746482">
      </trkpt>
      <trkpt lat="49.698044" lon="14.746731">
      </trkpt>
      <trkpt lat="49.69439" lon="14.746057">
      </trkpt>
      <trkpt lat="49.690798" lon="14.746294">
      </trkpt>
      <trkpt lat="49.690241" lon="14.752022">
      </trkpt>
      <trkpt lat="49.690226" lon="14.756908">
      </trkpt>
      <trkpt lat="49.692599" lon="14.759616">
      </trkpt>
      <trkpt lat="49.69929" lon="14.761372">
      </trkpt>
      <trkpt lat="49.708258" lon="14.760643">
      </trkpt>
      <trkpt lat="49.708563" lon="14.761096">
      </trkpt>
      <trkpt lat="49.710199" lon="14.763582">
      </trkpt>
      <trkpt lat="49.710384" lon="14.764098">
      </trkpt>
      <trkpt lat="49.710777" lon="14.764701">
      </trkpt>
      <trkpt lat="49.714878" lon="14.770703">
      </trkpt>
      <trkpt lat="49.715065" lon="14.771244">
      </trkpt>
      <trkpt lat="49.716006" lon="14.773839">
      </trkpt>
      <trkpt lat="49.716241" lon="14.77488">
      </trkpt>
      <trkpt lat="49.716384" lon="14.775387">
      </trkpt>
      <trkpt lat="49.716648" lon="14.775965">
      </trkpt>
      <trkpt lat="49.713091" lon="14.783852">
      </trkpt>
      <trkpt lat="49.709518" lon="14.784295">
      </trkpt>
      <trkpt lat="49.707834" lon="14.785244">
      </trkpt>
      <trkpt lat="49.705297" lon="14.787797">
      </trkpt>
      <trkpt lat="49.706062" lon="14.788558">
      </trkpt>
      <trkpt lat="49.706382" lon="14.797095">
      </trkpt>
      <trkpt lat="49.708817" lon="14.799747">
      </trkpt>
      <trkpt lat="49.709388" lon="14.799222">
      </trkpt>
      <trkpt lat="49.709906" lon="14.798696">
      </trkpt>
      <trkpt lat="49.710406" lon="14.7981">
      </trkpt>
      <trkpt lat="49.714877" lon="14.795447">
      </trkpt>
      <trkpt lat="49.717137" lon="14.791807">
      </trkpt>
      <trkpt lat="49.724541" lon="14.795416">
      </trkpt>
      <trkpt lat="49.723302" lon="14.799559">
      </trkpt>
      <trkpt lat="49.723692" lon="14.800095">
      </trkpt>
      <trkpt lat="49.725084" lon="14.803358">
      </trkpt>
      <trkpt lat="49.725243" lon="14.804123">
      </trkpt>
      <trkpt lat="49.725357" lon="14.804815">
      </trkpt>
      <trkpt lat="49.729063" lon="14.812173">
      </trkpt>
      <trkpt lat="49.728251" lon="14.813737">
      </trkpt>
      <trkpt lat="49.72795" lon="14.814615">
      </trkpt>
      <trkpt lat="49.7269" lon="14.817099">
      </trkpt>
      <trkpt lat="49.726612" lon="14.81823">
      </trkpt>
      <trkpt lat="49.720394" lon="14.823674">
      </trkpt>
      <trkpt lat="49.716933" lon="14.822686">
      </trkpt>
      <trkpt lat="49.711338" lon="14.823016">
      </trkpt>
      <trkpt lat="49.710585" lon="14.822908">
      </trkpt>
      <trkpt lat="49.707414" lon="14.823115">
      </trkpt>
      <trkpt lat="49.706771" lon="14.823213">
      </trkpt>
      <trkpt lat="49.706197" lon="14.823342">
      </trkpt>
      <trkpt lat="49.706038" lon="14.823387">
      </trkpt>
      <trkpt lat="49.704933" lon="14.825469">
      </trkpt>
      <trkpt lat="49.704958" lon="14.82556">
      </trkpt>
      <trkpt lat="49.708926" lon="14.83318">
      </trkpt>
      <trkpt lat="49.70503" lon="14.839688">
      </trkpt>
      <trkpt lat="49.704216" lon="14.840146">
      </trkpt>
      <trkpt lat="49.703435" lon="14.840528">
      </trkpt>
      <trkpt lat="49.702748" lon="14.841195">
      </trkpt>
      <trkpt lat="49.702734" lon="14.841754">
      </trkpt>
      <trkpt lat="49.702801" lon="14.842641">
      </trkpt>
      <trkpt lat="49.702878" lon="14.842872">
      </trkpt>
      <trkpt lat="49.705172" lon="14.843617">
      </trkpt>
      <trkpt lat="49.70741" lon="14.843215">
      </trkpt>
      <trkpt lat="49.708229" lon="14.843246">
      </trkpt>
      <trkpt lat="49.710927" lon="14.851796">
      </trkpt>
      <trkpt lat="49.710486" lon="14.852036">
      </trkpt>
      <trkpt lat="49.708757" lon="14.852537">
      </trkpt>
      <trkpt lat="49.707971" lon="14.854026">
      </trkpt>
      <trkpt lat="49.707546" lon="14.8548">
      </trkpt>
      <trkpt lat="49.707459" lon="14.855356">
      </trkpt>
      <trkpt lat="49.707172" lon="14.857529">
      </trkpt>
      <trkpt lat="49.711811" lon="14.86502">
      </trkpt>
      <trkpt lat="49.705724" lon="14.868351">
      </trkpt>
      <trkpt lat="49.705239" lon="14.868246">
      </trkpt>
      <trkpt lat="49.704319" lon="14.867932">
      </trkpt>
      <trkpt lat="49.703598" lon="14.867648">
      </trkpt>
      <trkpt lat="49.701298" lon="14.868803">
      </trkpt>
      <trkpt lat="49.701255" lon="14.869154">
      </trkpt>
      <trkpt lat="49.702092" lon="14.870917">
      </trkpt>
      <trkpt lat="49.702288" lon="14.871008">
      </trkpt>
      <trkpt lat="49.702729" lon="14.871211">
      </trkpt>
      <trkpt lat="49.703432" lon="14.87142">
      </trkpt>
      <trkpt lat="49.704051" lon="14.871644">
      </trkpt>
      <trkpt lat="49.709685" lon="14.877457">
      </trkpt>
      <trkpt lat="49.710156" lon="14.880135">
      </trkpt>
      <trkpt lat="49.709185" lon="14.88504">
      </trkpt>
      <trkpt lat="49.70872" lon="14.885969">
      </trkpt>
      <trkpt lat="49.708128" lon="14.887502">
      </trkpt>
      <trkpt lat="49.703429" lon="14.893194">
      </trkpt>
      <trkpt lat="49.702337" lon="14.894947">
      </trkpt>
      <trkpt lat="49.700951" lon="14.896936">
      </trkpt>
      <trkpt lat="49.697699" lon="14.900955">
      </trkpt>
      <trkpt lat="49.697213" lon="14.901625">
      </trkpt>
      <trkpt lat="49.695389" lon="14.90404">
      </trkpt>
      <trkpt lat="49.691507" lon="14.909022">
      </trkpt>
      <trkpt lat="49.689933" lon="14.913312">
      </trkpt>
      <trkpt lat="49.683573" lon="14.915524">
      </trkpt>
      <trkpt lat="49.68068" lon="14.921913">
      </trkpt>
      <trkpt lat="49.679362" lon="14.925447">
      </trkpt>
      <trkpt lat="49.678806" lon="14.926346">
      </trkpt>
      <trkpt lat="49.671346" lon="14.929947">
      </trkpt>
      <trkpt lat="49.665953" lon="14.925289">
      </trkpt>
      <trkpt lat="49.664986" lon="14.924953">
      </trkpt>
      <trkpt lat="49.664357" lon="14.924998">
      </trkpt>
      <trkpt lat="49.662353" lon="14.925263">
      </trkpt>
      <trkpt lat="49.660812" lon="14.928351">
      </trkpt>
      <trkpt lat="49.661026" lon="14.9303">
      </trkpt>
      <trkpt lat="49.661072" lon="14.931942">
      </trkpt>
      <trkpt lat="49.657171" lon="14.939025">
      </trkpt>
      <trkpt lat="49.657659" lon="14.939515">
      </trkpt>
      <trkpt lat="49.658992" lon="14.948018">
      </trkpt>
      <trkpt lat="49.650642" lon="14.947162">
      </trkpt>
      <trkpt lat="49.65036" lon="14.945187">
      </trkpt>
      <trkpt lat="49.646796" lon="14.945695">
      </trkpt>
      <trkpt lat="49.6398" lon="14.943074">
      </trkpt>
      <trkpt lat="49.639567" lon="14.942934">
      </trkpt>
      <trkpt lat="49.637795" lon="14.942055">
      </trkpt>
      <trkpt lat="49.635533" lon="14.941264">
      </trkpt>
      <trkpt lat="49.634931" lon="14.941607">
      </trkpt>
      <trkpt lat="49.632133" lon="14.943505">
      </trkpt>
      <trkpt lat="49.631441" lon="14.944017">
      </trkpt>
      <trkpt lat="49.631197" lon="14.944289">
      </trkpt>
      <trkpt lat="49.632603" lon="14.946556">
      </trkpt>
      <trkpt lat="49.638022" lon="14.953365">
      </trkpt>
      <trkpt lat="49.644553" lon="14.954761">
      </trkpt>
      <trkpt lat="49.645242" lon="14.95505">
      </trkpt>
      <trkpt lat="49.650855" lon="14.957911">
      </trkpt>
      <trkpt lat="49.651321" lon="14.958329">
      </trkpt>
      <trkpt lat="49.653484" lon="14.966588">
      </trkpt>
      <trkpt lat="49.653695" lon="14.967483">
      </trkpt>
      <trkpt lat="49.653941" lon="14.968162">
      </trkpt>
      <trkpt lat="49.654763" lon="14.970488">
      </trkpt>
      <trkpt lat="49.653594" lon="14.977738">
      </trkpt>
      <trkpt lat="49.652128" lon="14.979482">
      </trkpt>
      <trkpt lat="49.646832" lon="14.981897">
      </trkpt>
      <trkpt lat="49.643522" lon="14.985154">
      </trkpt>
      <trkpt lat="49.642869" lon="14.991636">
      </trkpt>
      <trkpt lat="49.642272" lon="14.994372">
      </trkpt>
      <trkpt lat="49.645618" lon="14.9957">
      </trkpt>
      <trkpt lat="49.650106" lon="14.991998">
      </trkpt>
      <trkpt lat="49.650782" lon="14.991396">
      </trkpt>
      <trkpt lat="49.650663" lon="14.990754">
      </trkpt>
      <trkpt lat="49.650639" lon="14.990492">
      </trkpt>
      <trkpt lat="49.652038" lon="14.985683">
      </trkpt>
      <trkpt lat="49.652345" lon="14.985377">
      </trkpt>
      <trkpt lat="49.659953" lon="14.984421">
      </trkpt>
      <trkpt lat="49.660718" lon="14.98903">
      </trkpt>
      <trkpt lat="49.660297" lon="14.99215">
      </trkpt>
      <trkpt lat="49.659829" lon="14.995459">
      </trkpt>
      <trkpt lat="49.659731" lon="14.995816">
      </trkpt>
      <trkpt lat="49.657264" lon="14.999865">
      </trkpt>
      <trkpt lat="49.656891" lon="15.000498">
      </trkpt>
      <trkpt lat="49.655213" lon="15.00267">
      </trkpt>
      <trkpt lat="49.65205" lon="15.006681">
      </trkpt>
      <trkpt lat="49.650457" lon="15.008699">
      </trkpt>
      <trkpt lat="49.64894" lon="15.010627">
      </trkpt>
      <trkpt lat="49.648476" lon="15.011151">
      </trkpt>
      <trkpt lat="49.646856" lon="15.012702">
      </trkpt>
      <trkpt lat="49.644626" lon="15.014876">
      </trkpt>
      <trkpt lat="49.639979" lon="15.019513">
      </trkpt>
      <trkpt lat="49.637873" lon="15.021452">
      </trkpt>
      <trkpt lat="49.637432" lon="15.021955">
      </trkpt>
      <trkpt lat="49.637151" lon="15.022349">
      </trkpt>
      <trkpt lat="49.636025" lon="15.024036">
      </trkpt>
      <trkpt lat="49.63529" lon="15.025135">
      </trkpt>
      <trkpt lat="49.636204" lon="15.026266">
      </trkpt>
      <trkpt lat="49.636767" lon="15.026864">
      </trkpt>
      <trkpt lat="49.637188" lon="15.027248">
      </trkpt>
      <trkpt lat="49.63809" lon="15.027918">
      </trkpt>
      <trkpt lat="49.640237" lon="15.025028">
      </trkpt>
      <trkpt lat="49.646205" lon="15.023088">
      </trkpt>
      <trkpt lat="49.648138" lon="15.022399">
      </trkpt>
      <trkpt lat="49.6496" lon="15.021891">
      </trkpt>
      <trkpt lat="49.651714" lon="15.019661">
      </trkpt>
      <trkpt lat="49.651564" lon="15.018645">
      </trkpt>
      <trkpt lat="49.660288" lon="15.016875">
      </trkpt>
      <trkpt lat="49.66079" lon="15.017289">
      </trkpt>
      <trkpt lat="49.662184" lon="15.018677">
      </trkpt>
      <trkpt lat="49.662549" lon="15.019135">
      </trkpt>
      <trkpt lat="49.665393" lon="15.019349">
      </trkpt>
      <trkpt lat="49.669243" lon="15.026182">
      </trkpt>
      <trkpt lat="49.66906" lon="15.028302">
      </trkpt>
      <trkpt lat="49.663062" lon="15.034087">
      </trkpt>
      <trkpt lat="49.661215" lon="15.037176">
      </trkpt>
      <trkpt lat="49.662754" lon="15.039282">
      </trkpt>
      <trkpt lat="49.664588" lon="15.044046">
      </trkpt>
      <trkpt lat="49.666462" lon="15.04707">
      </trkpt>
      <trkpt lat="49.660395" lon="15.052673">
      </trkpt>
      <trkpt lat="49.6571" lon="15.052291">
      </trkpt>
      <trkpt lat="49.655385" lon="15.052651">
      </trkpt>
      <trkpt lat="49.654397" lon="15.052825">
      </trkpt>
      <trkpt lat="49.653568" lon="15.053153">
      </trkpt>
      <trkpt lat="49.653014" lon="15.053492">
      </trkpt>
      <trkpt lat="49.652" lon="15.054321">
      </trkpt>
      <trkpt lat="49.650709" lon="15.055367">
      </trkpt>
      <trkpt lat="49.650186" lon="15.056002">
      </trkpt>
      <trkpt lat="49.6421" lon="15.05256">
      </trkpt>
      <trkpt lat="49.642225" lon="15.051477">
      </trkpt>
      <trkpt lat="49.642832" lon="15.049419">
      </trkpt>
      <trkpt lat="49.642877" lon="15.049137">
      </trkpt>
      <trkpt lat="49.643134" lon="15.046349">
      </trkpt>
      <trkpt lat="49.64345" lon="15.045414">
      </trkpt>
      <trkpt lat="49.643545" lon="15.045026">
      </trkpt>
      <trkpt lat="49.640049" lon="15.04417">
      </trkpt>
      <trkpt lat="49.639725" lon="15.045169">
      </trkpt>
      <trkpt lat="49.639631" lon="15.045518">
      </trkpt>
      <trkpt lat="49.639288" lon="15.048786">
      </trkpt>
      <trkpt lat="49.638794" lon="15.050291">
      </trkpt>
      <trkpt lat="49.638678" lon="15.050864">
      </trkpt>
      <trkpt lat="49.638472" lon="15.052309">
      </trkpt>
      <trkpt lat="49.637262" lon="15.055154">
      </trkpt>
      <trkpt lat="49.637093" lon="15.055751">
      </trkpt>
      <trkpt lat="49.637005" lon="15.056573">
      </trkpt>
      <trkpt lat="49.628359" lon="15.058035">
      </trkpt>
      <trkpt lat="49.627501" lon="15.055402">
      </trkpt>
      <trkpt lat="49.627207" lon="15.053547">
      </trkpt>
      <trkpt lat="49.627194" lon="15.052859">
      </trkpt>
      <trkpt lat="49.627072" lon="15.052195">
      </trkpt>
      <trkpt lat="49.625501" lon="15.048584">
      </trkpt>
      <trkpt lat="49.625456" lon="15.048277">
      </trkpt>
      <trkpt lat="49.623157" lon="15.047214">
      </trkpt>
      <trkpt lat="49.622951" lon="15.047268">
      </trkpt>
      <trkpt lat="49.622406" lon="15.047615">
      </trkpt>
      <trkpt lat="49.621894" lon="15.048798">
      </trkpt>
      <trkpt lat="49.621939" lon="15.049105">
      </trkpt>
      <trkpt lat="49.622408" lon="15.051329">
      </trkpt>
      <trkpt lat="49.622562" lon="15.05549">
      </trkpt>
      <trkpt lat="49.619514" lon="15.060361">
      </trkpt>
      <trkpt lat="49.616661" lon="15.065436">
      </trkpt>
      <trkpt lat="49.616297" lon="15.06606">
      </trkpt>
      <trkpt lat="49.616067" lon="15.066645">
      </trkpt>
      <trkpt lat="49.614231" lon="15.072189">
      </trkpt>
      <trkpt lat="49.614373" lon="15.07251">
      </trkpt>
      <trkpt lat="49.616614" lon="15.075821">
      </trkpt>
      <trkpt lat="49.618916" lon="15.078589">
      </trkpt>
      <trkpt lat="49.621684" lon="15.081742">
      </trkpt>
      <trkpt lat="49.620434" lon="15.089907">
      </trkpt>
      <trkpt lat="49.618673" lon="15.090809">
      </trkpt>
      <trkpt lat="49.619908" lon="15.09419">
      </trkpt>
      <trkpt lat="49.624057" lon="15.102174">
      </trkpt>
      <trkpt lat="49.622847" lon="15.104355">
      </trkpt>
      <trkpt lat="49.620004" lon="15.107824">
      </trkpt>
      <trkpt lat="49.617247" lon="15.11014">
      </trkpt>
      <trkpt lat="49.616238" lon="15.116908">
      </trkpt>
      <trkpt lat="49.613973" lon="15.118737">
      </trkpt>
      <trkpt lat="49.616235" lon="15.121538">
      </trkpt>
      <trkpt lat="49.6185" lon="15.119709">
      </trkpt>
      <trkpt lat="49.622079" lon="15.117862">
      </trkpt>
      <trkpt lat="49.625679" lon="15.117808">
      </trkpt>
      <trkpt lat="49.628413" lon="15.12511">
      </trkpt>
      <trkpt lat="49.627888" lon="15.126128">
      </trkpt>
      <trkpt lat="49.627568" lon="15.126573">
      </trkpt>
      <trkpt lat="49.625295" lon="15.13">
      </trkpt>
      <trkpt lat="49.62244" lon="15.131546">
      </trkpt>
      <trkpt lat="49.621729" lon="15.131695">
      </trkpt>
      <trkpt lat="49.619904" lon="15.13257">
      </trkpt>
      <trkpt lat="49.61708" lon="15.134105">
      </trkpt>
      <trkpt lat="49.616331" lon="15.134283">
      </trkpt>
      <trkpt lat="49.615158" lon="15.134859">
      </trkpt>
      <trkpt lat="49.614372" lon="15.135314">
      </trkpt>
      <trkpt lat="49.61391" lon="15.135622">
      </trkpt>
      <trkpt lat="49.613482" lon="15.135941">
      </trkpt>
      <trkpt lat="49.612958" lon="15.136387">
      </trkpt>
      <trkpt lat="49.612474" lon="15.136852">
      </trkpt>
      <trkpt lat="49.61204" lon="15.137315">
      </trkpt>
      <trkpt lat="49.611625" lon="15.13781">
      </trkpt>
      <trkpt lat="49.611249" lon="15.138301">
      </trkpt>
      <trkpt lat="49.610846" lon="15.138882">
      </trkpt>
      <trkpt lat="49.610212" lon="15.139956">
      </trkpt>
      <trkpt lat="49.609909" lon="15.140536">
      </trkpt>
      <trkpt lat="49.609595" lon="15.141212">
      </trkpt>
      <trkpt lat="49.609261" lon="15.142026">
      </trkpt>
      <trkpt lat="49.609036" lon="15.142652">
      </trkpt>
      <trkpt lat="49.608801" lon="15.143373">
      </trkpt>
      <trkpt lat="49.60095" lon="15.14736">
      </trkpt>
      <trkpt lat="49.600955" lon="15.150101">
      </trkpt>
      <trkpt lat="49.596104" lon="15.155473">
      </trkpt>
      <trkpt lat="49.595133" lon="15.155735">
      </trkpt>
      <trkpt lat="49.591153" lon="15.163422">
      </trkpt>
      <trkpt lat="49.587775" lon="15.164667">
      </trkpt>
      <trkpt lat="49.588941" lon="15.172105">
      </trkpt>
      <trkpt lat="49.589047" lon="15.172809">
      </trkpt>
      <trkpt lat="49.589578" lon="15.17544">
      </trkpt>
      <trkpt lat="49.58975" lon="15.176041">
      </trkpt>
      <trkpt lat="49.590149" lon="15.176749">
      </trkpt>
      <trkpt lat="49.591516" lon="15.178368">
      </trkpt>
      <trkpt lat="49.591969" lon="15.17883">
      </trkpt>
      <trkpt lat="49.593522" lon="15.180211">
      </trkpt>
      <trkpt lat="49.594903" lon="15.181831">
      </trkpt>
      <trkpt lat="49.594135" lon="15.190049">
      </trkpt>
      <trkpt lat="49.593761" lon="15.190529">
      </trkpt>
      <trkpt lat="49.593619" lon="15.190795">
      </trkpt>
      <trkpt lat="49.593458" lon="15.191143">
      </trkpt>
      <trkpt lat="49.593033" lon="15.192081">
      </trkpt>
      <trkpt lat="49.592347" lon="15.193302">
      </trkpt>
      <trkpt lat="49.587321" lon="15.198515">
      </trkpt>
      <trkpt lat="49.582859" lon="15.205281">
      </trkpt>
      <trkpt lat="49.579567" lon="15.206195">
      </trkpt>
      <trkpt lat="49.579124" lon="15.206767">
      </trkpt>
      <trkpt lat="49.578971" lon="15.206994">
      </trkpt>
      <trkpt lat="49.578774" lon="15.2074">
      </trkpt>
      <trkpt lat="49.578635" lon="15.208106">
      </trkpt>
      <trkpt lat="49.578645" lon="15.208505">
      </trkpt>
      <trkpt lat="49.578734" lon="15.20899">
      </trkpt>
      <trkpt lat="49.578824" lon="15.20928">
      </trkpt>
      <trkpt lat="49.579262" lon="15.210037">
      </trkpt>
      <trkpt lat="49.579558" lon="15.210368">
      </trkpt>
      <trkpt lat="49.580332" lon="15.210822">
      </trkpt>
      <trkpt lat="49.583197" lon="15.212551">
      </trkpt>
      <trkpt lat="49.583591" lon="15.212808">
      </trkpt>
      <trkpt lat="49.58419" lon="15.213024">
      </trkpt>
      <trkpt lat="49.588609" lon="15.215405">
      </trkpt>
      <trkpt lat="49.58938" lon="15.215805">
      </trkpt>
      <trkpt lat="49.589617" lon="15.215873">
      </trkpt>
      <trkpt lat="49.596707" lon="15.220678">
      </trkpt>
      <trkpt lat="49.596678" lon="15.222109">
      </trkpt>
      <trkpt lat="49.594496" lon="15.225806">
      </trkpt>
      <trkpt lat="49.593922" lon="15.226249">
      </trkpt>
      <trkpt lat="49.593129" lon="15.227017">
      </trkpt>
      <trkpt lat="49.593387" lon="15.235818">
      </trkpt>
      <trkpt lat="49.592894" lon="15.236436">
      </trkpt>
      <trkpt lat="49.590923" lon="15.240843">
      </trkpt>
      <trkpt lat="49.589821" lon="15.242877">
      </trkpt>
      <trkpt lat="49.589291" lon="15.243925">
      </trkpt>
      <trkpt lat="49.588744" lon="15.245084">
      </trkpt>
      <trkpt lat="49.58827" lon="15.246193">
      </trkpt>
      <trkpt lat="49.587792" lon="15.247367">
      </trkpt>
      <trkpt lat="49.58709" lon="15.249154">
      </trkpt>
      <trkpt lat="49.586411" lon="15.250884">
      </trkpt>
      <trkpt lat="49.581777" lon="15.258537">
      </trkpt>
      <trkpt lat="49.57962" lon="15.260897">
      </trkpt>
      <trkpt lat="49.577096" lon="15.263641">
      </trkpt>
      <trkpt lat="49.574547" lon="15.266412">
      </trkpt>
      <trkpt lat="49.573695" lon="15.267379">
      </trkpt>
      <trkpt lat="49.573138" lon="15.268057">
      </trkpt>
      <trkpt lat="49.572603" lon="15.268751">
      </trkpt>
      <trkpt lat="49.571901" lon="15.269714">
      </trkpt>
      <trkpt lat="49.571139" lon="15.270888">
      </trkpt>
      <trkpt lat="49.570679" lon="15.271676">
      </trkpt>
      <trkpt lat="49.570259" lon="15.272482">
      </trkpt>
      <trkpt lat="49.569396" lon="15.274228">
      </trkpt>
      <trkpt lat="49.568954" lon="15.275246">
      </trkpt>
      <trkpt lat="49.568598" lon="15.276158">
      </trkpt>
      <trkpt lat="49.571952" lon="15.277467">
      </trkpt>
      <trkpt lat="49.572697" lon="15.275665">
      </trkpt>
      <trkpt lat="49.577247" lon="15.268793">
      </trkpt>
      <trkpt lat="49.579746" lon="15.266078">
      </trkpt>
      <trkpt lat="49.582269" lon="15.263335">
      </trkpt>
      <trkpt lat="49.584451" lon="15.260947">
      </trkpt>
      <trkpt lat="49.585241" lon="15.260019">
      </trkpt>
      <trkpt lat="49.585752" lon="15.259388">
      </trkpt>
      <trkpt lat="49.586256" lon="15.25871">
      </trkpt>
      <trkpt lat="49.586716" lon="15.258048">
      </trkpt>
      <trkpt lat="49.587617" lon="15.256617">
      </trkpt>
      <trkpt lat="49.588416" lon="15.255156">
      </trkpt>
      <trkpt lat="49.588805" lon="15.254372">
      </trkpt>
      <trkpt lat="49.589171" lon="15.253571">
      </trkpt>
      <trkpt lat="49.589716" lon="15.252313">
      </trkpt>
      <trkpt lat="49.590441" lon="15.25047">
      </trkpt>
      <trkpt lat="49.591142" lon="15.248684">
      </trkpt>
      <trkpt lat="49.591604" lon="15.24755">
      </trkpt>
      <trkpt lat="49.592545" lon="15.245465">
      </trkpt>
      <trkpt lat="49.593033" lon="15.244502">
      </trkpt>
      <trkpt lat="49.594088" lon="15.242559">
      </trkpt>
      <trkpt lat="49.594752" lon="15.241404">
      </trkpt>
      <trkpt lat="49.596908" lon="15.237471">
      </trkpt>
      <trkpt lat="49.597846" lon="15.235589">
      </trkpt>
      <trkpt lat="49.598258" lon="15.234702">
      </trkpt>
      <trkpt lat="49.598548" lon="15.23403">
      </trkpt>
      <trkpt lat="49.599071" lon="15.232728">
      </trkpt>
      <trkpt lat="49.599457" lon="15.231647">
      </trkpt>
      <trkpt lat="49.599961" lon="15.230013">
      </trkpt>
      <trkpt lat="49.600165" lon="15.229249">
      </trkpt>
      <trkpt lat="49.60043" lon="15.22808">
      </trkpt>
      <trkpt lat="49.609325" lon="15.228187">
      </trkpt>
      <trkpt lat="49.612243" lon="15.22827">
      </trkpt>
      <trkpt lat="49.612898" lon="15.227747">
      </trkpt>
      <trkpt lat="49.612776" lon="15.226758">
      </trkpt>
      <trkpt lat="49.612445" lon="15.223826">
      </trkpt>
      <trkpt lat="49.612384" lon="15.223469">
      </trkpt>
      <trkpt lat="49.612292" lon="15.22312">
      </trkpt>
      <trkpt lat="49.612227" lon="15.214564">
      </trkpt>
      <trkpt lat="49.612053" lon="15.207677">
      </trkpt>
      <trkpt lat="49.612029" lon="15.207625">
      </trkpt>
      <trkpt lat="49.611577" lon="15.204261">
      </trkpt>
      <trkpt lat="49.618162" lon="15.200923">
      </trkpt>
      <trkpt lat="49.620508" lon="15.200774">
      </trkpt>
      <trkpt lat="49.620662" lon="15.200583">
      </trkpt>
      <trkpt lat="49.62069" lon="15.198361">
      </trkpt>
      <trkpt lat="49.620624" lon="15.198295">
      </trkpt>
      <trkpt lat="49.62074" lon="15.189635">
      </trkpt>
      <trkpt lat="49.624339" lon="15.189555">
      </trkpt>
      <trkpt lat="49.629075" lon="15.1839">
      </trkpt>
      <trkpt lat="49.635554" lon="15.187908">
      </trkpt>
      <trkpt lat="49.635341" lon="15.190589">
      </trkpt>
      <trkpt lat="49.63421" lon="15.193981">
      </trkpt>
      <trkpt lat="49.633095" lon="15.195149">
      </trkpt>
      <trkpt lat="49.631589" lon="15.196609">
      </trkpt>
      <trkpt lat="49.631879" lon="15.200232">
      </trkpt>
      <trkpt lat="49.631553" lon="15.201542">
      </trkpt>
      <trkpt lat="49.636849" lon="15.20397">
      </trkpt>
      <trkpt lat="49.63775" lon="15.204031">
      </trkpt>
      <trkpt lat="49.640286" lon="15.202899">
      </trkpt>
      <trkpt lat="49.640061" lon="15.202177">
      </trkpt>
      <trkpt lat="49.639954" lon="15.201784">
      </trkpt>
      <trkpt lat="49.63968" lon="15.200663">
      </trkpt>
      <trkpt lat="49.639409" lon="15.199455">
      </trkpt>
      <trkpt lat="49.639282" lon="15.198669">
      </trkpt>
      <trkpt lat="49.639116" lon="15.197488">
      </trkpt>
      <trkpt lat="49.638978" lon="15.196224">
      </trkpt>
      <trkpt lat="49.638833" lon="15.19373">
      </trkpt>
      <trkpt lat="49.638842" lon="15.192832">
      </trkpt>
      <trkpt lat="49.645011" lon="15.187267">
      </trkpt>
      <trkpt lat="49.646771" lon="15.187705">
      </trkpt>
      <trkpt lat="49.64746" lon="15.185627">
      </trkpt>
      <trkpt lat="49.647916" lon="15.184293">
      </trkpt>
      <trkpt lat="49.649739" lon="15.180943">
      </trkpt>
      <trkpt lat="49.653958" lon="15.17645">
      </trkpt>
      <trkpt lat="49.65416" lon="15.175477">
      </trkpt>
      <trkpt lat="49.654365" lon="15.174609">
      </trkpt>
      <trkpt lat="49.654388" lon="15.1739">
      </trkpt>
      <trkpt lat="49.654356" lon="15.173812">
      </trkpt>
      <trkpt lat="49.653764" lon="15.167809">
      </trkpt>
      <trkpt lat="49.65522" lon="15.164345">
      </trkpt>
      <trkpt lat="49.655498" lon="15.163944">
      </trkpt>
      <trkpt lat="49.65566" lon="15.163619">
      </trkpt>
      <trkpt lat="49.66406" lon="15.16066">
      </trkpt>
      <trkpt lat="49.664498" lon="15.158067">
      </trkpt>
      <trkpt lat="49.664243" lon="15.156705">
      </trkpt>
      <trkpt lat="49.664616" lon="15.153628">
      </trkpt>
      <trkpt lat="49.663914" lon="15.150089">
      </trkpt>
      <trkpt lat="49.670709" lon="15.144297">
      </trkpt>
      <trkpt lat="49.671351" lon="15.144589">
      </trkpt>
      <trkpt lat="49.671977" lon="15.144817">
      </trkpt>
      <trkpt lat="49.676155" lon="15.148996">
      </trkpt>
      <trkpt lat="49.676987" lon="15.150873">
      </trkpt>
      <trkpt lat="49.677464" lon="15.151913">
      </trkpt>
      <trkpt lat="49.677705" lon="15.152379">
      </trkpt>
      <trkpt lat="49.678484" lon="15.15372">
      </trkpt>
      <trkpt lat="49.679107" lon="15.154641">
      </trkpt>
      <trkpt lat="49.680972" lon="15.157251">
      </trkpt>
      <trkpt lat="49.682973" lon="15.16271">
      </trkpt>
      <trkpt lat="49.683116" lon="15.164167">
      </trkpt>
      <trkpt lat="49.684563" lon="15.168206">
      </trkpt>
      <trkpt lat="49.684905" lon="15.169852">
      </trkpt>
      <trkpt lat="49.685483" lon="15.172465">
      </trkpt>
      <trkpt lat="49.680359" lon="15.179537">
      </trkpt>
      <trkpt lat="49.676727" lon="15.185658">
      </trkpt>
      <trkpt lat="49.677092" lon="15.186628">
      </trkpt>
      <trkpt lat="49.677135" lon="15.186698">
      </trkpt>
      <trkpt lat="49.679596" lon="15.188161">
      </trkpt>
      <trkpt lat="49.681578" lon="15.19605">
      </trkpt>
      <trkpt lat="49.681428" lon="15.196604">
      </trkpt>
      <trkpt lat="49.681243" lon="15.197621">
      </trkpt>
      <trkpt lat="49.681234" lon="15.197936">
      </trkpt>
      <trkpt lat="49.681238" lon="15.198109">
      </trkpt>
      <trkpt lat="49.681687" lon="15.200623">
      </trkpt>
      <trkpt lat="49.682392" lon="15.206387">
      </trkpt>
      <trkpt lat="49.682128" lon="15.209465">
      </trkpt>
      <trkpt lat="49.683321" lon="15.210165">
      </trkpt>
      <trkpt lat="49.683647" lon="15.210353">
      </trkpt>
      <trkpt lat="49.685605" lon="15.210399">
      </trkpt>
      <trkpt lat="49.689338" lon="15.209279">
      </trkpt>
      <trkpt lat="49.690428" lon="15.208316">
      </trkpt>
      <trkpt lat="49.691576" lon="15.206459">
      </trkpt>
      <trkpt lat="49.69403" lon="15.199566">
      </trkpt>
      <trkpt lat="49.693934" lon="15.199268">
      </trkpt>
      <trkpt lat="49.692924" lon="15.195496">
      </trkpt>
      <trkpt lat="49.692856" lon="15.194609">
      </trkpt>
      <trkpt lat="49.698994" lon="15.188204">
      </trkpt>
      <trkpt lat="49.702624" lon="15.186252">
      </trkpt>
      <trkpt lat="49.707086" lon="15.180188">
      </trkpt>
      <trkpt lat="49.706982" lon="15.179357">
      </trkpt>
      <trkpt lat="49.711783" lon="15.171876">
      </trkpt>
      <trkpt lat="49.712699" lon="15.171913">
      </trkpt>
      <trkpt lat="49.719444" lon="15.177042">
      </trkpt>
      <trkpt lat="49.719587" lon="15.177548">
      </trkpt>
      <trkpt lat="49.719791" lon="15.178054">
      </trkpt>
      <trkpt lat="49.72022" lon="15.178926">
      </trkpt>
      <trkpt lat="49.720941" lon="15.181283">
      </trkpt>
      <trkpt lat="49.721055" lon="15.18193">
      </trkpt>
      <trkpt lat="49.721201" lon="15.182336">
      </trkpt>
      <trkpt lat="49.72154" lon="15.182867">
      </trkpt>
      <trkpt lat="49.729222" lon="15.181803">
      </trkpt>
      <trkpt lat="49.729523" lon="15.180806">
      </trkpt>
      <trkpt lat="49.729683" lon="15.180159">
      </trkpt>
      <trkpt lat="49.729763" lon="15.17975">
      </trkpt>
      <trkpt lat="49.729965" lon="15.178323">
      </trkpt>
      <trkpt lat="49.732552" lon="15.173582">
      </trkpt>
      <trkpt lat="49.732585" lon="15.17099">
      </trkpt>
      <trkpt lat="49.731847" lon="15.16972">
      </trkpt>
      <trkpt lat="49.734806" lon="15.161634">
      </trkpt>
      <trkpt lat="49.739049" lon="15.161393">
      </trkpt>
      <trkpt lat="49.739933" lon="15.161743">
      </trkpt>
      <trkpt lat="49.741253" lon="15.162471">
      </trkpt>
      <trkpt lat="49.742849" lon="15.163316">
      </trkpt>
      <trkpt lat="49.743431" lon="15.163549">
      </trkpt>
      <trkpt lat="49.744091" lon="15.16367">
      </trkpt>
      <trkpt lat="49.749989" lon="15.167413">
      </trkpt>
      <trkpt lat="49.750601" lon="15.170286">
      </trkpt>
      <trkpt lat="49.750723" lon="15.171703">
      </trkpt>
      <trkpt lat="49.747275" lon="15.177713">
      </trkpt>
      <trkpt lat="49.743734" lon="15.178361">
      </trkpt>
      <trkpt lat="49.744021" lon="15.179932">
      </trkpt>
      <trkpt lat="49.744127" lon="15.180387">
      </trkpt>
      <trkpt lat="49.744325" lon="15.18106">
      </trkpt>
      <trkpt lat="49.744711" lon="15.182886">
      </trkpt>
      <trkpt lat="49.746735" lon="15.185818">
      </trkpt>
      <trkpt lat="49.747181" lon="15.186449">
      </trkpt>
      <trkpt lat="49.74744" lon="15.18674">
      </trkpt>
      <trkpt lat="49.748049" lon="15.18716">
      </trkpt>
      <trkpt lat="49.752156" lon="15.190117">
      </trkpt>
      <trkpt lat="49.755752" lon="15.190276">
      </trkpt>
      <trkpt lat="49.756492" lon="15.189123">
      </trkpt>
      <trkpt lat="49.75907" lon="15.185715">
      </trkpt>
      <trkpt lat="49.759753" lon="15.18221">
      </trkpt>
      <trkpt lat="49.759948" lon="15.181651">
      </trkpt>
      <trkpt lat="49.761105" lon="15.179379">
      </trkpt>
      <trkpt lat="49.760203" lon="15.176508">
      </trkpt>
      <trkpt lat="49.75977" lon="15.176346">
      </trkpt>
      <trkpt lat="49.754189" lon="15.169983">
      </trkpt>
      <trkpt lat="49.753514" lon="15.166679">
      </trkpt>
      <trkpt lat="49.756718" lon="15.16092">
      </trkpt>
      <trkpt lat="49.757444" lon="15.160189">
      </trkpt>
      <trkpt lat="49.763953" lon="15.15778">
      </trkpt>
      <trkpt lat="49.767927" lon="15.162861">
      </trkpt>
      <trkpt lat="49.767278" lon="15.166402">
      </trkpt>
      <trkpt lat="49.770285" lon="15.173796">
      </trkpt>
      <trkpt lat="49.771741" lon="15.177089">
      </trkpt>
      <trkpt lat="49.776896" lon="15.175663">
      </trkpt>
      <trkpt lat="49.778494" lon="15.172438">
      </trkpt>
      <trkpt lat="49.773681" lon="15.167222">
      </trkpt>
      <trkpt lat="49.773008" lon="15.160952">
      </trkpt>
      <trkpt lat="49.770943" lon="15.159098">
      </trkpt>
      <trkpt lat="49.7698" lon="15.157952">
      </trkpt>
      <trkpt lat="49.768408" lon="15.149405">
      </trkpt>
      <trkpt lat="49.767482" lon="15.146217">
      </trkpt>
      <trkpt lat="49.767471" lon="15.139553">
      </trkpt>
      <trkpt lat="49.77067" lon="15.134488">
      </trkpt>
      <trkpt lat="49.771143" lon="15.13402">
      </trkpt>
      <trkpt lat="49.777199" lon="15.128977">
      </trkpt>
      <trkpt lat="49.779411" lon="15.127346">
      </trkpt>
      <trkpt lat="49.780117" lon="15.126868">
      </trkpt>
      <trkpt lat="49.778571" lon="15.123226">
      </trkpt>
      <trkpt lat="49.776531" lon="15.114735">
      </trkpt>
      <trkpt lat="49.775506" lon="15.114124">
      </trkpt>
      <trkpt lat="49.775187" lon="15.113931">
      </trkpt>
      <trkpt lat="49.775308" lon="15.104961">
      </trkpt>
      <trkpt lat="49.780799" lon="15.098735">
      </trkpt>
      <trkpt lat="49.782313" lon="15.099181">
      </trkpt>
      <trkpt lat="49.785525" lon="15.098175">
      </trkpt>
      <trkpt lat="49.788345" lon="15.095937">
      </trkpt>
      <trkpt lat="49.787389" lon="15.094732">
      </trkpt>
      <trkpt lat="49.787177" lon="15.094502">
      </trkpt>
      <trkpt lat="49.786411" lon="15.094015">
      </trkpt>
      <trkpt lat="49.782867" lon="15.091314">
      </trkpt>
      <trkpt lat="49.781956" lon="15.09073">
      </trkpt>
      <trkpt lat="49.780796" lon="15.090777">
      </trkpt>
      <trkpt lat="49.773955" lon="15.087293">
      </trkpt>
      <trkpt lat="49.773615" lon="15.086719">
      </trkpt>
      <trkpt lat="49.773102" lon="15.085773">
      </trkpt>
      <trkpt lat="49.771114" lon="15.078169">
      </trkpt>
      <trkpt lat="49.778855" lon="15.075357">
      </trkpt>
      <trkpt lat="49.784238" lon="15.077041">
      </trkpt>
      <trkpt lat="49.784841" lon="15.077076">
      </trkpt>
      <trkpt lat="49.785812" lon="15.076725">
      </trkpt>
      <trkpt lat="49.786573" lon="15.07581">
      </trkpt>
      <trkpt lat="49.787009" lon="15.075033">
      </trkpt>
      <trkpt lat="49.795608" lon="15.07701">
      </trkpt>
      <trkpt lat="49.795285" lon="15.079658">
      </trkpt>
      <trkpt lat="49.795283" lon="15.080146">
      </trkpt>
      <trkpt lat="49.79454" lon="15.083512">
      </trkpt>
      <trkpt lat="49.794988" lon="15.08364">
      </trkpt>
      <trkpt lat="49.795591" lon="15.083714">
      </trkpt>
      <trkpt lat="49.796327" lon="15.083591">
      </trkpt>
      <trkpt lat="49.797855" lon="15.082855">
      </trkpt>
      <trkpt lat="49.805486" lon="15.083921">
      </trkpt>
      <trkpt lat="49.808999" lon="15.084706">
      </trkpt>
      <trkpt lat="49.810431" lon="15.081416">
      </trkpt>
      <trkpt lat="49.80982" lon="15.079064">
      </trkpt>
      <trkpt lat="49.806485" lon="15.073651">
      </trkpt>
      <trkpt lat="49.803502" lon="15.071635">
      </trkpt>
      <trkpt lat="49.798856" lon="15.067162">
      </trkpt>
      <trkpt lat="49.795256" lon="15.067162">
      </trkpt>
      <trkpt lat="49.788947" lon="15.062283">
      </trkpt>
      <trkpt lat="49.788481" lon="15.055199">
      </trkpt>
      <trkpt lat="49.793714" lon="15.052252">
      </trkpt>
      <trkpt lat="49.794297" lon="15.051346">
      </trkpt>
      <trkpt lat="49.794364" lon="15.051105">
      </trkpt>
      <trkpt lat="49.794751" lon="15.047356">
      </trkpt>
      <trkpt lat="49.801606" lon="15.043901">
      </trkpt>
      <trkpt lat="49.804598" lon="15.045903">
      </trkpt>
      <trkpt lat="49.80642" lon="15.043632">
      </trkpt>
      <trkpt lat="49.807162" lon="15.042367">
      </trkpt>
      <trkpt lat="49.813925" lon="15.03841">
      </trkpt>
      <trkpt lat="49.814316" lon="15.034855">
      </trkpt>
      <trkpt lat="49.817035" lon="15.028936">
      </trkpt>
      <trkpt lat="49.820604" lon="15.026553">
      </trkpt>
      <trkpt lat="49.827728" lon="15.026882">
      </trkpt>
      <trkpt lat="49.832703" lon="15.031224">
      </trkpt>
      <trkpt lat="49.832991" lon="15.040056">
      </trkpt>
      <trkpt lat="49.832171" lon="15.041741">
      </trkpt>
      <trkpt lat="49.831972" lon="15.042289">
      </trkpt>
      <trkpt lat="49.83132" lon="15.044242">
      </trkpt>
      <trkpt lat="49.830844" lon="15.045153">
      </trkpt>
      <trkpt lat="49.828256" lon="15.048689">
      </trkpt>
      <trkpt lat="49.826752" lon="15.051719">
      </trkpt>
      <trkpt lat="49.825699" lon="15.053246">
      </trkpt>
      <trkpt lat="49.825302" lon="15.053872">
      </trkpt>
      <trkpt lat="49.825109" lon="15.054218">
      </trkpt>
      <trkpt lat="49.82303" lon="15.057437">
      </trkpt>
      <trkpt lat="49.822401" lon="15.059571">
      </trkpt>
      <trkpt lat="49.822468" lon="15.060993">
      </trkpt>
      <trkpt lat="49.823934" lon="15.061395">
      </trkpt>
      <trkpt lat="49.825045" lon="15.060686">
      </trkpt>
      <trkpt lat="49.825598" lon="15.060232">
      </trkpt>
      <trkpt lat="49.826898" lon="15.058504">
      </trkpt>
      <trkpt lat="49.833176" lon="15.054011">
      </trkpt>
      <trkpt lat="49.833188" lon="15.053295">
      </trkpt>
      <trkpt lat="49.83313" lon="15.05205">
      </trkpt>
      <trkpt lat="49.833854" lon="15.048278">
      </trkpt>
      <trkpt lat="49.834072" lon="15.047877">
      </trkpt>
      <trkpt lat="49.83421" lon="15.047506">
      </trkpt>
      <trkpt lat="49.835108" lon="15.045154">
      </trkpt>
      <trkpt lat="49.835271" lon="15.044802">
      </trkpt>
      <trkpt lat="49.835402" lon="15.044313">
      </trkpt>
      <trkpt lat="49.835453" lon="15.043885">
      </trkpt>
      <trkpt lat="49.836223" lon="15.041642">
      </trkpt>
      <trkpt lat="49.836507" lon="15.041107">
      </trkpt>
      <trkpt lat="49.836791" lon="15.040648">
      </trkpt>
      <trkpt lat="49.84552" lon="15.040829">
      </trkpt>
      <trkpt lat="49.845836" lon="15.041503">
      </trkpt>
      <trkpt lat="49.846148" lon="15.041973">
      </trkpt>
      <trkpt lat="49.846732" lon="15.042698">
      </trkpt>
      <trkpt lat="49.847134" lon="15.043085">
      </trkpt>
      <trkpt lat="49.847659" lon="15.043491">
      </trkpt>
      <trkpt lat="49.848042" lon="15.052344">
      </trkpt>
      <trkpt lat="49.846685" lon="15.053602">
      </trkpt>
      <trkpt lat="49.849132" lon="15.056242">
      </trkpt>
      <trkpt lat="49.851321" lon="15.056688">
      </trkpt>
      <trkpt lat="49.854856" lon="15.056004">
      </trkpt>
      <trkpt lat="49.863435" lon="15.056851">
      </trkpt>
      <trkpt lat="49.865115" lon="15.053667">
      </trkpt>
      <trkpt lat="49.860653" lon="15.048023">
      </trkpt>
      <trkpt lat="49.860087" lon="15.045864">
      </trkpt>
      <trkpt lat="49.857618" lon="15.038794">
      </trkpt>
      <trkpt lat="49.857175" lon="15.036792">
      </trkpt>
      <trkpt lat="49.856986" lon="15.036123">
      </trkpt>
      <trkpt lat="49.856834" lon="15.035784">
      </trkpt>
      <trkpt lat="49.856414" lon="15.035015">
      </trkpt>
      <trkpt lat="49.85556" lon="15.033323">
      </trkpt>
      <trkpt lat="49.852346" lon="15.034944">
      </trkpt>
      <trkpt lat="49.847158" lon="15.035572">
      </trkpt>
      <trkpt lat="49.84401" lon="15.03475">
      </trkpt>
      <trkpt lat="49.843418" lon="15.034369">
      </trkpt>
      <trkpt lat="49.841908" lon="15.03296">
      </trkpt>
      <trkpt lat="49.842895" lon="15.025201">
      </trkpt>
      <trkpt lat="49.844403" lon="15.024105">
      </trkpt>
      <trkpt lat="49.845981" lon="15.02288">
      </trkpt>
      <trkpt lat="49.84717" lon="15.021786">
      </trkpt>
      <trkpt lat="49.847758" lon="15.020978">
      </trkpt>
      <trkpt lat="49.848197" lon="15.0201">
      </trkpt>
      <trkpt lat="49.848637" lon="15.018935">
      </trkpt>
      <trkpt lat="49.845268" lon="15.017665">
      </trkpt>
      <trkpt lat="49.842082" lon="15.009727">
      </trkpt>
      <trkpt lat="49.842788" lon="15.006559">
      </trkpt>
      <trkpt lat="49.84346" lon="15.004953">
      </trkpt>
      <trkpt lat="49.843678" lon="15.004074">
      </trkpt>
      <trkpt lat="49.84396" lon="15.002793">
      </trkpt>
      <trkpt lat="49.844106" lon="15.001884">
      </trkpt>
      <trkpt lat="49.844341" lon="15.000123">
      </trkpt>
      <trkpt lat="49.845056" lon="14.997091">
      </trkpt>
      <trkpt lat="49.844886" lon="14.996093">
      </trkpt>
      <trkpt lat="49.852925" lon="14.992524">
      </trkpt>
      <trkpt lat="49.856419" lon="14.991658">
      </trkpt>
      <trkpt lat="49.858152" lon="14.987721">
      </trkpt>
      <trkpt lat="49.857197" lon="14.985948">
      </trkpt>
      <trkpt lat="49.855369" lon="14.982774">
      </trkpt>
      <trkpt lat="49.854949" lon="14.981717">
      </trkpt>
      <trkpt lat="49.854653" lon="14.981">
      </trkpt>
      <trkpt lat="49.854143" lon="14.979753">
      </trkpt>
      <trkpt lat="49.853253" lon="14.977859">
      </trkpt>
      <trkpt lat="49.8524" lon="14.976049">
      </trkpt>
      <trkpt lat="49.858914" lon="14.97076">
      </trkpt>
      <trkpt lat="49.861789" lon="14.970621">
      </trkpt>
      <trkpt lat="49.868474" lon="14.974546">
      </trkpt>
      <trkpt lat="49.868857" lon="14.975227">
      </trkpt>
      <trkpt lat="49.871652" lon="14.978272">
      </trkpt>
      <trkpt lat="49.879626" lon="14.981908">
      </trkpt>
      <trkpt lat="49.878805" lon="14.985101">
      </trkpt>
      <trkpt lat="49.874331" lon="14.98787">
      </trkpt>
      <trkpt lat="49.87277" lon="14.987829">
      </trkpt>
      <trkpt lat="49.872676" lon="14.991428">
      </trkpt>
      <trkpt lat="49.874973" lon="14.999573">
      </trkpt>
      <trkpt lat="49.878478" lon="15.000394">
      </trkpt>
      <trkpt lat="49.879001" lon="14.998165">
      </trkpt>
      <trkpt lat="49.879523" lon="14.995936">
      </trkpt>
      <trkpt lat="49.880055" lon="14.993668">
      </trkpt>
      <trkpt lat="49.880587" lon="14.991399">
      </trkpt>
      <trkpt lat="49.880743" lon="14.99101">
      </trkpt>
      <trkpt lat="49.88962" lon="14.989566">
      </trkpt>
      <trkpt lat="49.892902" lon="14.988086">
      </trkpt>
      <trkpt lat="49.897701" lon="14.982968">
      </trkpt>
      <trkpt lat="49.900715" lon="14.981">
      </trkpt>
      <trkpt lat="49.89972" lon="14.979476">
      </trkpt>
      <trkpt lat="49.898811" lon="14.977911">
      </trkpt>
      <trkpt lat="49.898392" lon="14.977269">
      </trkpt>
      <trkpt lat="49.897684" lon="14.976435">
      </trkpt>
      <trkpt lat="49.895615" lon="14.968872">
      </trkpt>
      <trkpt lat="49.893403" lon="14.966045">
      </trkpt>
      <trkpt lat="49.890579" lon="14.958873">
      </trkpt>
      <trkpt lat="49.891188" lon="14.956458">
      </trkpt>
      <trkpt lat="49.891191" lon="14.956445">
      </trkpt>
      <trkpt lat="49.891886" lon="14.95377">
      </trkpt>
      <trkpt lat="49.892088" lon="14.952881">
      </trkpt>
      <trkpt lat="49.900698" lon="14.950843">
      </trkpt>
      <trkpt lat="49.902867" lon="14.954743">
      </trkpt>
      <trkpt lat="49.90309" lon="14.955237">
      </trkpt>
      <trkpt lat="49.903731" lon="14.95638">
      </trkpt>
      <trkpt lat="49.90411" lon="14.956927">
      </trkpt>
      <trkpt lat="49.904517" lon="14.957335">
      </trkpt>
      <trkpt lat="49.904848" lon="14.957573">
      </trkpt>
      <trkpt lat="49.907407" lon="14.96089">
      </trkpt>
      <trkpt lat="49.907607" lon="14.961413">
      </trkpt>
      <trkpt lat="49.9082" lon="14.962726">
      </trkpt>
      <trkpt lat="49.908604" lon="14.963244">
      </trkpt>
      <trkpt lat="49.908925" lon="14.963521">
      </trkpt>
      <trkpt lat="49.909359" lon="14.963826">
      </trkpt>
      <trkpt lat="49.910046" lon="14.964266">
      </trkpt>
      <trkpt lat="49.914747" lon="14.958006">
      </trkpt>
      <trkpt lat="49.914443" lon="14.9575">
      </trkpt>
      <trkpt lat="49.914016" lon="14.957001">
      </trkpt>
      <trkpt lat="49.913077" lon="14.95605">
      </trkpt>
      <trkpt lat="49.912751" lon="14.955695">
      </trkpt>
      <trkpt lat="49.91382" lon="14.946847">
      </trkpt>
      <trkpt lat="49.913619" lon="14.945741">
      </trkpt>
      <trkpt lat="49.913174" lon="14.944332">
      </trkpt>
      <trkpt lat="49.912852" lon="14.943198">
      </trkpt>
      <trkpt lat="49.912247" lon="14.941394">
      </trkpt>
      <trkpt lat="49.916567" lon="14.934059">
      </trkpt>
      <trkpt lat="49.916426" lon="14.930481">
      </trkpt>
      <trkpt lat="49.916236" lon="14.930007">
      </trkpt>
      <trkpt lat="49.915882" lon="14.929149">
      </trkpt>
      <trkpt lat="49.914871" lon="14.926896">
      </trkpt>
      <trkpt lat="49.916235" lon="14.918635">
      </trkpt>
      <trkpt lat="49.921333" lon="14.914112">
      </trkpt>
      <trkpt lat="49.92493" lon="14.914277">
      </trkpt>
      <trkpt lat="49.928334" lon="14.909317">
      </trkpt>
      <trkpt lat="49.928006" lon="14.908734">
      </trkpt>
      <trkpt lat="49.927725" lon="14.90809">
      </trkpt>
      <trkpt lat="49.927423" lon="14.907598">
      </trkpt>
      <trkpt lat="49.926682" lon="14.906988">
      </trkpt>
      <trkpt lat="49.923864" lon="14.898982">
      </trkpt>
      <trkpt lat="49.924895" lon="14.897772">
      </trkpt>
      <trkpt lat="49.929535" lon="14.891842">
      </trkpt>
      <trkpt lat="49.935635" lon="14.895331">
      </trkpt>
      <trkpt lat="49.936397" lon="14.896776">
      </trkpt>
      <trkpt lat="49.936703" lon="14.897414">
      </trkpt>
      <trkpt lat="49.937798" lon="14.899275">
      </trkpt>
      <trkpt lat="49.939404" lon="14.902971">
      </trkpt>
      <trkpt lat="49.939539" lon="14.903593">
      </trkpt>
      <trkpt lat="49.939811" lon="14.904713">
      </trkpt>
      <trkpt lat="49.939982" lon="14.905272">
      </trkpt>
      <trkpt lat="49.9404" lon="14.906161">
      </trkpt>
      <trkpt lat="49.941793" lon="14.908271">
      </trkpt>
      <trkpt lat="49.94216" lon="14.90884">
      </trkpt>
      <trkpt lat="49.944458" lon="14.91652">
      </trkpt>
      <trkpt lat="49.944452" lon="14.917326">
      </trkpt>
      <trkpt lat="49.944548" lon="14.918198">
      </trkpt>
      <trkpt lat="49.944964" lon="14.920222">
      </trkpt>
      <trkpt lat="49.948558" lon="14.920441">
      </trkpt>
      <trkpt lat="49.953422" lon="14.926565">
      </trkpt>
      <trkpt lat="49.952613" lon="14.930145">
      </trkpt>
      <trkpt lat="49.951495" lon="14.931749">
      </trkpt>
      <trkpt lat="49.950227" lon="14.933587">
      </trkpt>
      <trkpt lat="49.950049" lon="14.933957">
      </trkpt>
      <trkpt lat="49.949904" lon="14.934335">
      </trkpt>
      <trkpt lat="49.953263" lon="14.935628">
      </trkpt>
      <trkpt lat="49.960138" lon="14.932398">
      </trkpt>
      <trkpt lat="49.962678" lon="14.932877">
      </trkpt>
      <trkpt lat="49.967445" lon="14.940397">
      </trkpt>
      <trkpt lat="49.967249" lon="14.942562">
      </trkpt>
      <trkpt lat="49.967073" lon="14.944579">
      </trkpt>
      <trkpt lat="49.966519" lon="14.950472">
      </trkpt>
      <trkpt lat="49.966411" lon="14.950845">
      </trkpt>
      <trkpt lat="49.966342" lon="14.951175">
      </trkpt>
      <trkpt lat="49.965948" lon="14.953412">
      </trkpt>
      <trkpt lat="49.965942" lon="14.953473">
      </trkpt>
      <trkpt lat="49.96434" lon="14.959765">
      </trkpt>
      <trkpt lat="49.963728" lon="14.963138">
      </trkpt>
      <trkpt lat="49.9644" lon="14.971762">
      </trkpt>
      <trkpt lat="49.964405" lon="14.97228">
      </trkpt>
      <trkpt lat="49.96447" lon="14.973226">
      </trkpt>
      <trkpt lat="49.968061" lon="14.972982">
      </trkpt>
      <trkpt lat="49.968767" lon="14.970118">
      </trkpt>
      <trkpt lat="49.970415" lon="14.966917">
      </trkpt>
      <trkpt lat="49.971019" lon="14.959966">
      </trkpt>
      <trkpt lat="49.974933" lon="14.955517">
      </trkpt>
      <trkpt lat="49.973562" lon="14.95315">
      </trkpt>
      <trkpt lat="49.973055" lon="14.946668">
      </trkpt>
      <trkpt lat="49.973131" lon="14.946043">
      </trkpt>
      <trkpt lat="49.973138" lon="14.945462">
      </trkpt>
      <trkpt lat="49.973104" lon="14.945068">
      </trkpt>
      <trkpt lat="49.973017" lon="14.944586">
      </trkpt>
      <trkpt lat="49.972893" lon="14.944131">
      </trkpt>
      <trkpt lat="49.972694" lon="14.943637">
      </trkpt>
      <trkpt lat="49.972525" lon="14.943318">
      </trkpt>
      <trkpt lat="49.971129" lon="14.939622">
      </trkpt>
      <trkpt lat="49.971475" lon="14.935826">
      </trkpt>
      <trkpt lat="49.971825" lon="14.931975">
      </trkpt>
      <trkpt lat="49.972068" lon="14.929282">
      </trkpt>
      <trkpt lat="49.97231" lon="14.92659">
      </trkpt>
      <trkpt lat="49.980105" lon="14.923746">
      </trkpt>
      <trkpt lat="49.982077" lon="14.925582">
      </trkpt>
      <trkpt lat="49.983628" lon="14.927448">
      </trkpt>
      <trkpt lat="49.983965" lon="14.93559">
      </trkpt>
      <trkpt lat="49.983483" lon="14.936237">
      </trkpt>
      <trkpt lat="49.982873" lon="14.937542">
      </trkpt>
      <trkpt lat="49.986134" lon="14.939067">
      </trkpt>
      <trkpt lat="49.990212" lon="14.942921">
      </trkpt>
      <trkpt lat="49.992044" lon="14.946791">
      </trkpt>
      <trkpt lat="49.992242" lon="14.947902">
      </trkpt>
      <trkpt lat="49.995786" lon="14.947271">
      </trkpt>
      <trkpt lat="50.001032" lon="14.950163">
      </trkpt>
      <trkpt lat="50.004551" lon="14.949951">
      </trkpt>
      <trkpt lat="50.004561" lon="14.949844">
      </trkpt>
      <trkpt lat="50.004434" lon="14.948987">
      </trkpt>
      <trkpt lat="50.004698" lon="14.946677">
      </trkpt>
      <trkpt lat="50.012153" lon="14.94343">
      </trkpt>
      <trkpt lat="50.013822" lon="14.948139">
      </trkpt>
      <trkpt lat="50.01363" lon="14.952821">
      </trkpt>
      <trkpt lat="50.007607" lon="14.958936">
      </trkpt>
      <trkpt lat="49.998651" lon="14.959501">
      </trkpt>
      <trkpt lat="49.997554" lon="14.958487">
      </trkpt>
      <trkpt lat="49.996381" lon="14.957879">
      </trkpt>
      <trkpt lat="49.995916" lon="14.957924">
      </trkpt>
      <trkpt lat="49.995564" lon="14.957985">
      </trkpt>
      <trkpt lat="49.995292" lon="14.958363">
      </trkpt>
      <trkpt lat="49.995332" lon="14.960895">
      </trkpt>
      <trkpt lat="49.995337" lon="14.962932">
      </trkpt>
      <trkpt lat="49.995762" lon="14.965071">
      </trkpt>
      <trkpt lat="49.996109" lon="14.971038">
      </trkpt>
      <trkpt lat="49.989429" lon="14.976223">
      </trkpt>
      <trkpt lat="49.98847" lon="14.979694">
      </trkpt>
      <trkpt lat="49.992665" lon="14.985002">
      </trkpt>
      <trkpt lat="49.993571" lon="14.985259">
      </trkpt>
      <trkpt lat="50.000803" lon="14.989749">
      </trkpt>
      <trkpt lat="50.001275" lon="14.995227">
      </trkpt>
      <trkpt lat="50.004715" lon="14.996287">
      </trkpt>
      <trkpt lat="50.013549" lon="14.997113">
      </trkpt>
      <trkpt lat="50.015286" lon="15.003619">
      </trkpt>
      <trkpt lat="50.01492" lon="15.005302">
      </trkpt>
      <trkpt lat="50.014779" lon="15.005794">
      </trkpt>
      <trkpt lat="50.018239" lon="15.006787">
      </trkpt>
      <trkpt lat="50.01838" lon="15.006294">
      </trkpt>
      <trkpt lat="50.018802" lon="15.004393">
      </trkpt>
      <trkpt lat="50.018901" lon="15.004004">
      </trkpt>
      <trkpt lat="50.019051" lon="15.00354">
      </trkpt>
      <trkpt lat="50.019209" lon="15.002971">
      </trkpt>
      <trkpt lat="50.01943" lon="15.001809">
      </trkpt>
      <trkpt lat="50.020679" lon="14.99918">
      </trkpt>
      <trkpt lat="50.022245" lon="14.995939">
      </trkpt>
      <trkpt lat="50.022028" lon="14.987289">
      </trkpt>
      <trkpt lat="50.029014" lon="14.987338">
      </trkpt>
      <trkpt lat="50.030231" lon="14.988383">
      </trkpt>
      <trkpt lat="50.030715" lon="14.988803">
      </trkpt>
      <trkpt lat="50.032493" lon="14.992784">
      </trkpt>
      <trkpt lat="50.032479" lon="14.994161">
      </trkpt>
      <trkpt lat="50.03299" lon="14.995025">
      </trkpt>
      <trkpt lat="50.034969" lon="14.996813">
      </trkpt>
      <trkpt lat="50.035361" lon="14.997408">
      </trkpt>
      <trkpt lat="50.033304" lon="15.006073">
      </trkpt>
      <trkpt lat="50.031467" lon="15.006622">
      </trkpt>
      <trkpt lat="50.031216" lon="15.009941">
      </trkpt>
      <trkpt lat="50.026931" lon="15.017398">
      </trkpt>
      <trkpt lat="50.024337" lon="15.015762">
      </trkpt>
      <trkpt lat="50.022416" lon="15.018807">
      </trkpt>
      <trkpt lat="50.025148" lon="15.022481">
      </trkpt>
      <trkpt lat="50.027075" lon="15.025522">
      </trkpt>
      <trkpt lat="50.033061" lon="15.030286">
      </trkpt>
      <trkpt lat="50.0308" lon="15.035233">
      </trkpt>
      <trkpt lat="50.03001" lon="15.036125">
      </trkpt>
      <trkpt lat="50.029745" lon="15.036481">
      </trkpt>
      <trkpt lat="50.029291" lon="15.037188">
      </trkpt>
      <trkpt lat="50.028869" lon="15.037964">
      </trkpt>
      <trkpt lat="50.026676" lon="15.042431">
      </trkpt>
      <trkpt lat="50.021754" lon="15.045214">
      </trkpt>
      <trkpt lat="50.020938" lon="15.045473">
      </trkpt>
      <trkpt lat="50.020471" lon="15.045772">
      </trkpt>
      <trkpt lat="50.019961" lon="15.046192">
      </trkpt>
      <trkpt lat="50.020334" lon="15.047433">
      </trkpt>
      <trkpt lat="50.02243" lon="15.049355">
      </trkpt>
      <trkpt lat="50.022881" lon="15.04977">
      </trkpt>
      <trkpt lat="50.022975" lon="15.049843">
      </trkpt>
      <trkpt lat="50.024832" lon="15.050759">
      </trkpt>
      <trkpt lat="50.02963" lon="15.04949">
      </trkpt>
      <trkpt lat="50.037159" lon="15.054072">
      </trkpt>
      <trkpt lat="50.037657" lon="15.056404">
      </trkpt>
      <trkpt lat="50.037999" lon="15.060269">
      </trkpt>
      <trkpt lat="50.038794" lon="15.062482">
      </trkpt>
      <trkpt lat="50.043911" lon="15.069252">
      </trkpt>
      <trkpt lat="50.042813" lon="15.076552">
      </trkpt>
      <trkpt lat="50.03623" lon="15.07597">
      </trkpt>
      <trkpt lat="50.035796" lon="15.075712">
      </trkpt>
      <trkpt lat="50.035616" lon="15.075731">
      </trkpt>
      <trkpt lat="50.032578" lon="15.075865">
      </trkpt>
      <trkpt lat="50.032456" lon="15.07661">
      </trkpt>
      <trkpt lat="50.030955" lon="15.085478">
      </trkpt>
      <trkpt lat="50.033957" lon="15.087465">
      </trkpt>
      <trkpt lat="50.035509" lon="15.096073">
      </trkpt>
      <trkpt lat="50.03733" lon="15.097879">
      </trkpt>
      <trkpt lat="50.040289" lon="15.100288">
      </trkpt>
      <trkpt lat="50.039767" lon="15.107417">
      </trkpt>
      <trkpt lat="50.034129" lon="15.109291">
      </trkpt>
      <trkpt lat="50.033427" lon="15.109312">
      </trkpt>
      <trkpt lat="50.032474" lon="15.10956">
      </trkpt>
      <trkpt lat="50.029078" lon="15.110837">
      </trkpt>
      <trkpt lat="50.029054" lon="15.113225">
      </trkpt>
      <trkpt lat="50.031418" lon="15.11594">
      </trkpt>
      <trkpt lat="50.036109" lon="15.12157">
      </trkpt>
      <trkpt lat="50.030004" lon="15.125678">
      </trkpt>
      <trkpt lat="50.029632" lon="15.125719">
      </trkpt>
      <trkpt lat="50.027947" lon="15.125751">
      </trkpt>
      <trkpt lat="50.02723" lon="15.126733">
      </trkpt>
      <trkpt lat="50.0248" lon="15.12939">
      </trkpt>
      <trkpt lat="50.025625" lon="15.13818">
      </trkpt>
      <trkpt lat="50.025621" lon="15.138529">
      </trkpt>
      <trkpt lat="50.025669" lon="15.138966">
      </trkpt>
      <trkpt lat="50.02617" lon="15.144379">
      </trkpt>
      <trkpt lat="50.025824" lon="15.149051">
      </trkpt>
      <trkpt lat="50.029233" lon="15.150207">
      </trkpt>
      <trkpt lat="50.032235" lon="15.157496">
      </trkpt>
      <trkpt lat="50.032151" lon="15.158145">
      </trkpt>
      <trkpt lat="50.031659" lon="15.161147">
      </trkpt>
      <trkpt lat="50.025763" lon="15.167077">
      </trkpt>
      <trkpt lat="50.025068" lon="15.167382">
      </trkpt>
      <trkpt lat="50.024398" lon="15.1678">
      </trkpt>
      <trkpt lat="50.0238" lon="15.168292">
      </trkpt>
      <trkpt lat="50.022561" lon="15.169824">
      </trkpt>
      <trkpt lat="50.019519" lon="15.174119">
      </trkpt>
      <trkpt lat="50.018112" lon="15.175819">
      </trkpt>
      <trkpt lat="50.016699" lon="15.177525">
      </trkpt>
      <trkpt lat="50.015823" lon="15.178596">
      </trkpt>
      <trkpt lat="50.015514" lon="15.179005">
      </trkpt>
      <trkpt lat="50.015006" lon="15.179738">
      </trkpt>
      <trkpt lat="50.014423" lon="15.180698">
      </trkpt>
      <trkpt lat="50.013543" lon="15.182306">
      </trkpt>
      <trkpt lat="50.007909" lon="15.187292">
      </trkpt>
      <trkpt lat="50.005734" lon="15.190161">
      </trkpt>
      <trkpt lat="50.010077" lon="15.19785">
      </trkpt>
      <trkpt lat="50.010314" lon="15.200105">
      </trkpt>
      <trkpt lat="50.010468" lon="15.201395">
      </trkpt>
      <trkpt lat="50.010578" lon="15.202448">
      </trkpt>
      <trkpt lat="50.010627" lon="15.203096">
      </trkpt>
      <trkpt lat="50.010666" lon="15.205277">
      </trkpt>
      <trkpt lat="50.014266" lon="15.205301">
      </trkpt>
      <trkpt lat="50.014273" lon="15.20424">
      </trkpt>
      <trkpt lat="50.014224" lon="15.202954">
      </trkpt>
      <trkpt lat="50.014168" lon="15.20218">
      </trkpt>
      <trkpt lat="50.01405" lon="15.201026">
      </trkpt>
      <trkpt lat="50.013889" lon="15.199678">
      </trkpt>
      <trkpt lat="50.01392" lon="15.196051">
      </trkpt>
      <trkpt lat="50.013693" lon="15.193047">
      </trkpt>
      <trkpt lat="50.013755" lon="15.1925">
      </trkpt>
      <trkpt lat="50.013876" lon="15.191641">
      </trkpt>
      <trkpt lat="50.013997" lon="15.190972">
      </trkpt>
      <trkpt lat="50.014087" lon="15.190525">
      </trkpt>
      <trkpt lat="50.01429" lon="15.189667">
      </trkpt>
      <trkpt lat="50.014789" lon="15.188024">
      </trkpt>
      <trkpt lat="50.015141" lon="15.187098">
      </trkpt>
      <trkpt lat="50.015315" lon="15.186688">
      </trkpt>
      <trkpt lat="50.015592" lon="15.186098">
      </trkpt>
      <trkpt lat="50.015849" lon="15.185592">
      </trkpt>
      <trkpt lat="50.016702" lon="15.184033">
      </trkpt>
      <trkpt lat="50.017581" lon="15.182425">
      </trkpt>
      <trkpt lat="50.018079" lon="15.181612">
      </trkpt>
      <trkpt lat="50.018465" lon="15.181067">
      </trkpt>
      <trkpt lat="50.01869" lon="15.180773">
      </trkpt>
      <trkpt lat="50.019483" lon="15.179808">
      </trkpt>
      <trkpt lat="50.020885" lon="15.178115">
      </trkpt>
      <trkpt lat="50.028631" lon="15.18001">
      </trkpt>
      <trkpt lat="50.029143" lon="15.180873">
      </trkpt>
      <trkpt lat="50.029096" lon="15.18733">
      </trkpt>
      <trkpt lat="50.029067" lon="15.187462">
      </trkpt>
      <trkpt lat="50.030854" lon="15.187716">
      </trkpt>
      <trkpt lat="50.032583" lon="15.188234">
      </trkpt>
      <trkpt lat="50.034512" lon="15.185478">
      </trkpt>
      <trkpt lat="50.034577" lon="15.185">
      </trkpt>
      <trkpt lat="50.034363" lon="15.178832">
      </trkpt>
      <trkpt lat="50.038025" lon="15.175992">
      </trkpt>
      <trkpt lat="50.04053" lon="15.173859">
      </trkpt>
      <trkpt lat="50.040581" lon="15.172849">
      </trkpt>
      <trkpt lat="50.040473" lon="15.170825">
      </trkpt>
      <trkpt lat="50.040498" lon="15.170321">
      </trkpt>
      <trkpt lat="50.040577" lon="15.169731">
      </trkpt>
      <trkpt lat="50.040733" lon="15.168745">
      </trkpt>
      <trkpt lat="50.040836" lon="15.168325">
      </trkpt>
      <trkpt lat="50.040897" lon="15.167904">
      </trkpt>
      <trkpt lat="50.049531" lon="15.165736">
      </trkpt>
      <trkpt lat="50.050755" lon="15.168355">
      </trkpt>
      <trkpt lat="50.051709" lon="15.170285">
      </trkpt>
      <trkpt lat="50.05227" lon="15.171348">
      </trkpt>
      <trkpt lat="50.052405" lon="15.171682">
      </trkpt>
      <trkpt lat="50.056589" lon="15.177743">
      </trkpt>
      <trkpt lat="50.056785" lon="15.180104">
      </trkpt>
      <trkpt lat="50.056798" lon="15.18081">
      </trkpt>
      <trkpt lat="50.056587" lon="15.183333">
      </trkpt>
      <trkpt lat="50.05661" lon="15.183847">
      </trkpt>
      <trkpt lat="50.056913" lon="15.185591">
      </trkpt>
      <trkpt lat="50.056933" lon="15.185866">
      </trkpt>
      <trkpt lat="50.056509" lon="15.189645">
      </trkpt>
      <trkpt lat="50.052436" lon="15.196471">
      </trkpt>
      <trkpt lat="50.046496" lon="15.19614">
      </trkpt>
      <trkpt lat="50.041889" lon="15.198631">
      </trkpt>
      <trkpt lat="50.040911" lon="15.198896">
      </trkpt>
      <trkpt lat="50.039845" lon="15.199259">
      </trkpt>
      <trkpt lat="50.041005" lon="15.202667">
      </trkpt>
      <trkpt lat="50.042071" lon="15.202304">
      </trkpt>
      <trkpt lat="50.042818" lon="15.202109">
      </trkpt>
      <trkpt lat="50.051319" lon="15.204841">
      </trkpt>
      <trkpt lat="50.051969" lon="15.2055">
      </trkpt>
      <trkpt lat="50.053027" lon="15.206671">
      </trkpt>
      <trkpt lat="50.053434" lon="15.207236">
      </trkpt>
      <trkpt lat="50.054704" lon="15.213752">
      </trkpt>
      <trkpt lat="50.049164" lon="15.217909">
      </trkpt>
      <trkpt lat="50.046458" lon="15.218794">
      </trkpt>
      <trkpt lat="50.046399" lon="15.218955">
      </trkpt>
      <trkpt lat="50.046834" lon="15.220653">
      </trkpt>
      <trkpt lat="50.046984" lon="15.220781">
      </trkpt>
      <trkpt lat="50.052494" lon="15.223355">
      </trkpt>
      <trkpt lat="50.054174" lon="15.227948">
      </trkpt>
      <trkpt lat="50.054898" lon="15.228755">
      </trkpt>
      <trkpt lat="50.059065" lon="15.236459">
      </trkpt>
      <trkpt lat="50.059755" lon="15.241443">
      </trkpt>
      <trkpt lat="50.058688" lon="15.24976">
      </trkpt>
      <trkpt lat="50.063923" lon="15.256881">
      </trkpt>
      <trkpt lat="50.063959" lon="15.259584">
      </trkpt>
      <trkpt lat="50.067558" lon="15.259537">
      </trkpt>
      <trkpt lat="50.067523" lon="15.256834">
      </trkpt>
      <trkpt lat="50.067488" lon="15.25413">
      </trkpt>
      <trkpt lat="50.074261" lon="15.250122">
      </trkpt>
      <trkpt lat="50.076913" lon="15.25256">
      </trkpt>
      <trkpt lat="50.07838" lon="15.253993">
      </trkpt>
      <trkpt lat="50.079619" lon="15.25513">
      </trkpt>
      <trkpt lat="50.080143" lon="15.255543">
      </trkpt>
      <trkpt lat="50.080619" lon="15.255875">
      </trkpt>
      <trkpt lat="50.081123" lon="15.256162">
      </trkpt>
      <trkpt lat="50.081836" lon="15.256487">
      </trkpt>
      <trkpt lat="50.086412" lon="15.256462">
      </trkpt>
      <trkpt lat="50.087558" lon="15.263781">
      </trkpt>
      <trkpt lat="50.086828" lon="15.266639">
      </trkpt>
      <trkpt lat="50.081741" lon="15.273228">
      </trkpt>
      <trkpt lat="50.07923" lon="15.275808">
      </trkpt>
      <trkpt lat="50.076175" lon="15.27989">
      </trkpt>
      <trkpt lat="50.074925" lon="15.283266">
      </trkpt>
      <trkpt lat="50.078084" lon="15.286727">
      </trkpt>
      <trkpt lat="50.079629" lon="15.294021">
      </trkpt>
      <trkpt lat="50.079536" lon="15.294784">
      </trkpt>
      <trkpt lat="50.08024" lon="15.300625">
      </trkpt>
      <trkpt lat="50.080362" lon="15.302223">
      </trkpt>
      <trkpt lat="50.080488" lon="15.304817">
      </trkpt>
      <trkpt lat="50.084069" lon="15.30519">
      </trkpt>
      <trkpt lat="50.090294" lon="15.310869">
      </trkpt>
      <trkpt lat="50.088978" lon="15.313491">
      </trkpt>
      <trkpt lat="50.088728" lon="15.314304">
      </trkpt>
      <trkpt lat="50.088693" lon="15.314851">
      </trkpt>
      <trkpt lat="50.088627" lon="15.317322">
      </trkpt>
      <trkpt lat="50.088561" lon="15.319793">
      </trkpt>
      <trkpt lat="50.09216" lon="15.319889">
      </trkpt>
      <trkpt lat="50.098838" lon="15.321974">
      </trkpt>
      <trkpt lat="50.105391" lon="15.324654">
      </trkpt>
      <trkpt lat="50.106279" lon="15.325127">
      </trkpt>
      <trkpt lat="50.109612" lon="15.328079">
      </trkpt>
      <trkpt lat="50.109157" lon="15.335673">
      </trkpt>
      <trkpt lat="50.110852" lon="15.338849">
      </trkpt>
      <trkpt lat="50.111798" lon="15.345607">
      </trkpt>
      <trkpt lat="50.1115" lon="15.347846">
      </trkpt>
      <trkpt lat="50.111201" lon="15.350086">
      </trkpt>
      <trkpt lat="50.110903" lon="15.352325">
      </trkpt>
      <trkpt lat="50.11059" lon="15.354853">
      </trkpt>
      <trkpt lat="50.110314" lon="15.359117">
      </trkpt>
      <trkpt lat="50.109968" lon="15.3617">
      </trkpt>
      <trkpt lat="50.113536" lon="15.362178">
      </trkpt>
      <trkpt lat="50.113882" lon="15.359596">
      </trkpt>
      <trkpt lat="50.119018" lon="15.354514">
      </trkpt>
      <trkpt lat="50.122462" lon="15.353468">
      </trkpt>
      <trkpt lat="50.127818" lon="15.359933">
      </trkpt>
      <trkpt lat="50.127775" lon="15.361055">
      </trkpt>
      <trkpt lat="50.12766" lon="15.363069">
      </trkpt>
      <trkpt lat="50.127484" lon="15.36518">
      </trkpt>
      <trkpt lat="50.127244" lon="15.367376">
      </trkpt>
      <trkpt lat="50.126955" lon="15.369522">
      </trkpt>
      <trkpt lat="50.126612" lon="15.371634">
      </trkpt>
      <trkpt lat="50.126331" lon="15.373133">
      </trkpt>
      <trkpt lat="50.126025" lon="15.374621">
      </trkpt>
      <trkpt lat="50.125664" lon="15.376201">
      </trkpt>
      <trkpt lat="50.12516" lon="15.378282">
      </trkpt>
      <trkpt lat="50.124651" lon="15.380384">
      </trkpt>
      <trkpt lat="50.124293" lon="15.381952">
      </trkpt>
      <trkpt lat="50.124083" lon="15.383018">
      </trkpt>
      <trkpt lat="50.123791" lon="15.384772">
      </trkpt>
      <trkpt lat="50.123568" lon="15.386601">
      </trkpt>
      <trkpt lat="50.123421" lon="15.388406">
      </trkpt>
      <trkpt lat="50.123363" lon="15.389738">
      </trkpt>
      <trkpt lat="50.123339" lon="15.391218">
      </trkpt>
      <trkpt lat="50.123357" lon="15.392427">
      </trkpt>
      <trkpt lat="50.123429" lon="15.394032">
      </trkpt>
      <trkpt lat="50.123506" lon="15.395072">
      </trkpt>
      <trkpt lat="50.123609" lon="15.396126">
      </trkpt>
      <trkpt lat="50.123769" lon="15.397445">
      </trkpt>
      <trkpt lat="50.124009" lon="15.398932">
      </trkpt>
      <trkpt lat="50.124301" lon="15.400417">
      </trkpt>
      <trkpt lat="50.124653" lon="15.402072">
      </trkpt>
      <trkpt lat="50.125207" lon="15.404488">
      </trkpt>
      <trkpt lat="50.125918" lon="15.407583">
      </trkpt>
      <trkpt lat="50.12673" lon="15.411146">
      </trkpt>
      <trkpt lat="50.127622" lon="15.414529">
      </trkpt>
      <trkpt lat="50.125983" lon="15.419267">
      </trkpt>
      <trkpt lat="50.121403" lon="15.421515">
      </trkpt>
      <trkpt lat="50.118393" lon="15.42349">
      </trkpt>
      <trkpt lat="50.120819" lon="15.432149">
      </trkpt>
      <trkpt lat="50.12105" lon="15.432836">
      </trkpt>
      <trkpt lat="50.121214" lon="15.433206">
      </trkpt>
      <trkpt lat="50.121403" lon="15.433551">
      </trkpt>
      <trkpt lat="50.121812" lon="15.43413">
      </trkpt>
      <trkpt lat="50.122523" lon="15.434827">
      </trkpt>
      <trkpt lat="50.123465" lon="15.435558">
      </trkpt>
      <trkpt lat="50.12744" lon="15.442482">
      </trkpt>
      <trkpt lat="50.127045" lon="15.445345">
      </trkpt>
      <trkpt lat="50.126871" lon="15.44692">
      </trkpt>
      <trkpt lat="50.126653" lon="15.449454">
      </trkpt>
      <trkpt lat="50.126558" lon="15.451065">
      </trkpt>
      <trkpt lat="50.126485" lon="15.452863">
      </trkpt>
      <trkpt lat="50.126459" lon="15.456533">
      </trkpt>
      <trkpt lat="50.126509" lon="15.458184">
      </trkpt>
      <trkpt lat="50.126844" lon="15.463393">
      </trkpt>
      <trkpt lat="50.127031" lon="15.465181">
      </trkpt>
      <trkpt lat="50.127182" lon="15.466438">
      </trkpt>
      <trkpt lat="50.127579" lon="15.469509">
      </trkpt>
      <trkpt lat="50.127972" lon="15.47254">
      </trkpt>
      <trkpt lat="50.128196" lon="15.474644">
      </trkpt>
      <trkpt lat="50.128598" lon="15.482921">
      </trkpt>
      <trkpt lat="50.128588" lon="15.484764">
      </trkpt>
      <trkpt lat="50.128577" lon="15.486618">
      </trkpt>
      <trkpt lat="50.128577" lon="15.488457">
      </trkpt>
      <trkpt lat="50.128577" lon="15.490337">
      </trkpt>
      <trkpt lat="50.128621" lon="15.492291">
      </trkpt>
      <trkpt lat="50.128702" lon="15.4942">
      </trkpt>
      <trkpt lat="50.128767" lon="15.4953">
      </trkpt>
      <trkpt lat="50.128843" lon="15.496373">
      </trkpt>
      <trkpt lat="50.129045" lon="15.498659">
      </trkpt>
      <trkpt lat="50.129305" lon="15.500869">
      </trkpt>
      <trkpt lat="50.129622" lon="15.503109">
      </trkpt>
      <trkpt lat="50.130084" lon="15.505741">
      </trkpt>
      <trkpt lat="50.130444" lon="15.507524">
      </trkpt>
      <trkpt lat="50.13083" lon="15.509261">
      </trkpt>
      <trkpt lat="50.131312" lon="15.511195">
      </trkpt>
      <trkpt lat="50.131801" lon="15.51299">
      </trkpt>
      <trkpt lat="50.135274" lon="15.512044">
      </trkpt>
      <trkpt lat="50.134786" lon="15.51025">
      </trkpt>
      <trkpt lat="50.133959" lon="15.506744">
      </trkpt>
      <trkpt lat="50.133613" lon="15.505028">
      </trkpt>
      <trkpt lat="50.132869" lon="15.500365">
      </trkpt>
      <trkpt lat="50.132429" lon="15.496057">
      </trkpt>
      <trkpt lat="50.132357" lon="15.495045">
      </trkpt>
      <trkpt lat="50.132296" lon="15.49399">
      </trkpt>
      <trkpt lat="50.132218" lon="15.49214">
      </trkpt>
      <trkpt lat="50.132177" lon="15.490257">
      </trkpt>
      <trkpt lat="50.132177" lon="15.488458">
      </trkpt>
      <trkpt lat="50.132177" lon="15.486618">
      </trkpt>
      <trkpt lat="50.132188" lon="15.484784">
      </trkpt>
      <trkpt lat="50.132198" lon="15.482941">
      </trkpt>
      <trkpt lat="50.132187" lon="15.481682">
      </trkpt>
      <trkpt lat="50.132147" lon="15.480052">
      </trkpt>
      <trkpt lat="50.13195" lon="15.476256">
      </trkpt>
      <trkpt lat="50.131782" lon="15.474332">
      </trkpt>
      <trkpt lat="50.131551" lon="15.472159">
      </trkpt>
      <trkpt lat="50.131149" lon="15.469047">
      </trkpt>
      <trkpt lat="50.130752" lon="15.465976">
      </trkpt>
      <trkpt lat="50.130606" lon="15.464753">
      </trkpt>
      <trkpt lat="50.130425" lon="15.463019">
      </trkpt>
      <trkpt lat="50.130105" lon="15.458025">
      </trkpt>
      <trkpt lat="50.130057" lon="15.456424">
      </trkpt>
      <trkpt lat="50.130084" lon="15.45295">
      </trkpt>
      <trkpt lat="50.130155" lon="15.45121">
      </trkpt>
      <trkpt lat="50.136231" lon="15.444647">
      </trkpt>
      <trkpt lat="50.139723" lon="15.445497">
      </trkpt>
      <trkpt lat="50.141903" lon="15.447425">
      </trkpt>
      <trkpt lat="50.143565" lon="15.449401">
      </trkpt>
      <trkpt lat="50.14632" lon="15.447083">
      </trkpt>
      <trkpt lat="50.14557" lon="15.441277">
      </trkpt>
      <trkpt lat="50.142421" lon="15.439532">
      </trkpt>
      <trkpt lat="50.142248" lon="15.431011">
      </trkpt>
      <trkpt lat="50.142552" lon="15.430641">
      </trkpt>
      <trkpt lat="50.147885" lon="15.42832">
      </trkpt>
      <trkpt lat="50.152497" lon="15.432253">
      </trkpt>
      <trkpt lat="50.153272" lon="15.435463">
      </trkpt>
      <trkpt lat="50.156771" lon="15.434619">
      </trkpt>
      <trkpt lat="50.155997" lon="15.431409">
      </trkpt>
      <trkpt lat="50.154082" lon="15.423821">
      </trkpt>
      <trkpt lat="50.153374" lon="15.420917">
      </trkpt>
      <trkpt lat="50.152095" lon="15.41562">
      </trkpt>
      <trkpt lat="50.148631" lon="15.414641">
      </trkpt>
      <trkpt lat="50.143843" lon="15.41824">
      </trkpt>
      <trkpt lat="50.141352" lon="15.420839">
      </trkpt>
      <trkpt lat="50.134272" lon="15.415501">
      </trkpt>
      <trkpt lat="50.134622" lon="15.414231">
      </trkpt>
      <trkpt lat="50.134968" lon="15.413037">
      </trkpt>
      <trkpt lat="50.1351" lon="15.412349">
      </trkpt>
      <trkpt lat="50.135551" lon="15.409967">
      </trkpt>
      <trkpt lat="50.135694" lon="15.409334">
      </trkpt>
      <trkpt lat="50.12882" lon="15.403603">
      </trkpt>
      <trkpt lat="50.128276" lon="15.401223">
      </trkpt>
      <trkpt lat="50.127923" lon="15.399623">
      </trkpt>
      <trkpt lat="50.12766" lon="15.398252">
      </trkpt>
      <trkpt lat="50.127445" lon="15.396914">
      </trkpt>
      <trkpt lat="50.127292" lon="15.395724">
      </trkpt>
      <trkpt lat="50.127202" lon="15.394764">
      </trkpt>
      <trkpt lat="50.12713" lon="15.393799">
      </trkpt>
      <trkpt lat="50.127064" lon="15.392331">
      </trkpt>
      <trkpt lat="50.127046" lon="15.391258">
      </trkpt>
      <trkpt lat="50.127073" lon="15.38986">
      </trkpt>
      <trkpt lat="50.127123" lon="15.388657">
      </trkpt>
      <trkpt lat="50.12726" lon="15.38699">
      </trkpt>
      <trkpt lat="50.127463" lon="15.385317">
      </trkpt>
      <trkpt lat="50.127724" lon="15.383746">
      </trkpt>
      <trkpt lat="50.127921" lon="15.382768">
      </trkpt>
      <trkpt lat="50.128254" lon="15.381289">
      </trkpt>
      <trkpt lat="50.128759" lon="15.379208">
      </trkpt>
      <trkpt lat="50.136278" lon="15.375055">
      </trkpt>
      <trkpt lat="50.138545" lon="15.370551">
      </trkpt>
      <trkpt lat="50.142212" lon="15.366878">
      </trkpt>
      <trkpt lat="50.142171" lon="15.36578">
      </trkpt>
      <trkpt lat="50.141945" lon="15.364263">
      </trkpt>
      <trkpt lat="50.139586" lon="15.355619">
      </trkpt>
      <trkpt lat="50.140447" lon="15.351043">
      </trkpt>
      <trkpt lat="50.140546" lon="15.350168">
      </trkpt>
      <trkpt lat="50.140838" lon="15.3468">
      </trkpt>
      <trkpt lat="50.141131" lon="15.343423">
      </trkpt>
      <trkpt lat="50.141424" lon="15.340047">
      </trkpt>
      <trkpt lat="50.141716" lon="15.33667">
      </trkpt>
      <trkpt lat="50.141905" lon="15.334246">
      </trkpt>
      <trkpt lat="50.142093" lon="15.331837">
      </trkpt>
      <trkpt lat="50.141" lon="15.326423">
      </trkpt>
      <trkpt lat="50.142227" lon="15.322767">
      </trkpt>
      <trkpt lat="50.142884" lon="15.32145">
      </trkpt>
      <trkpt lat="50.143463" lon="15.319013">
      </trkpt>
      <trkpt lat="50.14353" lon="15.318607">
      </trkpt>
      <trkpt lat="50.143701" lon="15.316526">
      </trkpt>
      <trkpt lat="50.143845" lon="15.314663">
      </trkpt>
      <trkpt lat="50.143827" lon="15.313863">
      </trkpt>
      <trkpt lat="50.143365" lon="15.309696">
      </trkpt>
      <trkpt lat="50.142914" lon="15.30566">
      </trkpt>
      <trkpt lat="50.142714" lon="15.304727">
      </trkpt>
      <trkpt lat="50.142336" lon="15.303717">
      </trkpt>
      <trkpt lat="50.141269" lon="15.301834">
      </trkpt>
      <trkpt lat="50.140318" lon="15.300188">
      </trkpt>
      <trkpt lat="50.139436" lon="15.298597">
      </trkpt>
      <trkpt lat="50.145616" lon="15.292261">
      </trkpt>
      <trkpt lat="50.147457" lon="15.292692">
      </trkpt>
      <trkpt lat="50.149901" lon="15.293045">
      </trkpt>
      <trkpt lat="50.1559" lon="15.29934">
      </trkpt>
      <trkpt lat="50.155949" lon="15.299661">
      </trkpt>
      <trkpt lat="50.156166" lon="15.30133">
      </trkpt>
      <trkpt lat="50.156687" lon="15.302091">
      </trkpt>
      <trkpt lat="50.158085" lon="15.302567">
      </trkpt>
      <trkpt lat="50.163254" lon="15.302618">
      </trkpt>
      <trkpt lat="50.165617" lon="15.303193">
      </trkpt>
      <trkpt lat="50.167949" lon="15.30376">
      </trkpt>
      <trkpt lat="50.173416" lon="15.310345">
      </trkpt>
      <trkpt lat="50.176987" lon="15.310802">
      </trkpt>
      <trkpt lat="50.177027" lon="15.310493">
      </trkpt>
      <trkpt lat="50.177037" lon="15.309852">
      </trkpt>
      <trkpt lat="50.17691" lon="15.30658">
      </trkpt>
      <trkpt lat="50.182931" lon="15.300405">
      </trkpt>
      <trkpt lat="50.185877" lon="15.3017">
      </trkpt>
      <trkpt lat="50.187718" lon="15.298607">
      </trkpt>
      <trkpt lat="50.185885" lon="15.296231">
      </trkpt>
      <trkpt lat="50.18365" lon="15.296877">
      </trkpt>
      <trkpt lat="50.180877" lon="15.296596">
      </trkpt>
      <trkpt lat="50.178715" lon="15.288886">
      </trkpt>
      <trkpt lat="50.177769" lon="15.285412">
      </trkpt>
      <trkpt lat="50.173123" lon="15.280252">
      </trkpt>
      <trkpt lat="50.172152" lon="15.276845">
      </trkpt>
      <trkpt lat="50.171195" lon="15.273491">
      </trkpt>
      <trkpt lat="50.170238" lon="15.270137">
      </trkpt>
      <trkpt lat="50.169281" lon="15.266783">
      </trkpt>
      <trkpt lat="50.175754" lon="15.262127">
      </trkpt>
      <trkpt lat="50.17834" lon="15.263421">
      </trkpt>
      <trkpt lat="50.1804" lon="15.266264">
      </trkpt>
      <trkpt lat="50.182631" lon="15.268736">
      </trkpt>
      <trkpt lat="50.185304" lon="15.266324">
      </trkpt>
      <trkpt lat="50.183073" lon="15.263852">
      </trkpt>
      <trkpt lat="50.181261" lon="15.261318">
      </trkpt>
      <trkpt lat="50.178569" lon="15.254241">
      </trkpt>
      <trkpt lat="50.177799" lon="15.252938">
      </trkpt>
      <trkpt lat="50.174471" lon="15.251566">
      </trkpt>
      <trkpt lat="50.174166" lon="15.252304">
      </trkpt>
      <trkpt lat="50.17398" lon="15.252971">
      </trkpt>
      <trkpt lat="50.166049" lon="15.255434">
      </trkpt>
      <trkpt lat="50.16497" lon="15.251659">
      </trkpt>
      <trkpt lat="50.16389" lon="15.247884">
      </trkpt>
      <trkpt lat="50.16281" lon="15.244109">
      </trkpt>
      <trkpt lat="50.16173" lon="15.240334">
      </trkpt>
      <trkpt lat="50.16065" lon="15.23656">
      </trkpt>
      <trkpt lat="50.158793" lon="15.230037">
      </trkpt>
      <trkpt lat="50.158002" lon="15.227257">
      </trkpt>
      <trkpt lat="50.159216" lon="15.218398">
      </trkpt>
      <trkpt lat="50.154297" lon="15.214364">
      </trkpt>
      <trkpt lat="50.15361" lon="15.211982">
      </trkpt>
      <trkpt lat="50.152923" lon="15.209601">
      </trkpt>
      <trkpt lat="50.152216" lon="15.207151">
      </trkpt>
      <trkpt lat="50.15151" lon="15.204702">
      </trkpt>
      <trkpt lat="50.150803" lon="15.202253">
      </trkpt>
      <trkpt lat="50.150096" lon="15.199804">
      </trkpt>
      <trkpt lat="50.151072" lon="15.194181">
      </trkpt>
      <trkpt lat="50.152456" lon="15.192952">
      </trkpt>
      <trkpt lat="50.161174" lon="15.194541">
      </trkpt>
      <trkpt lat="50.161197" lon="15.196719">
      </trkpt>
      <trkpt lat="50.161258" lon="15.197311">
      </trkpt>
      <trkpt lat="50.161392" lon="15.197804">
      </trkpt>
      <trkpt lat="50.162174" lon="15.199781">
      </trkpt>
      <trkpt lat="50.162545" lon="15.200785">
      </trkpt>
      <trkpt lat="50.162821" lon="15.201772">
      </trkpt>
      <trkpt lat="50.163334" lon="15.203712">
      </trkpt>
      <trkpt lat="50.163866" lon="15.205721">
      </trkpt>
      <trkpt lat="50.164098" lon="15.206463">
      </trkpt>
      <trkpt lat="50.16437" lon="15.207103">
      </trkpt>
      <trkpt lat="50.166229" lon="15.211092">
      </trkpt>
      <trkpt lat="50.166691" lon="15.212215">
      </trkpt>
      <trkpt lat="50.167448" lon="15.212827">
      </trkpt>
      <trkpt lat="50.17101" lon="15.217176">
      </trkpt>
      <trkpt lat="50.17165" lon="15.219188">
      </trkpt>
      <trkpt lat="50.172378" lon="15.221353">
      </trkpt>
      <trkpt lat="50.172638" lon="15.221856">
      </trkpt>
      <trkpt lat="50.172901" lon="15.222256">
      </trkpt>
      <trkpt lat="50.172236" lon="15.230708">
      </trkpt>
      <trkpt lat="50.168932" lon="15.232136">
      </trkpt>
      <trkpt lat="50.169678" lon="15.233863">
      </trkpt>
      <trkpt lat="50.170424" lon="15.23559">
      </trkpt>
      <trkpt lat="50.170936" lon="15.236269">
      </trkpt>
      <trkpt lat="50.175756" lon="15.235546">
      </trkpt>
      <trkpt lat="50.181953" lon="15.234791">
      </trkpt>
      <trkpt lat="50.182775" lon="15.234921">
      </trkpt>
      <trkpt lat="50.183338" lon="15.234809">
      </trkpt>
      <trkpt lat="50.191425" lon="15.237273">
      </trkpt>
      <trkpt lat="50.192142" lon="15.238671">
      </trkpt>
      <trkpt lat="50.194011" lon="15.238219">
      </trkpt>
      <trkpt lat="50.194449" lon="15.238145">
      </trkpt>
      <trkpt lat="50.195561" lon="15.237543">
      </trkpt>
      <trkpt lat="50.198955" lon="15.23368">
      </trkpt>
      <trkpt lat="50.199519" lon="15.230125">
      </trkpt>
      <trkpt lat="50.193902" lon="15.223903">
      </trkpt>
      <trkpt lat="50.194044" lon="15.222531">
      </trkpt>
      <trkpt lat="50.194293" lon="15.220716">
      </trkpt>
      <trkpt lat="50.196898" lon="15.216772">
      </trkpt>
      <trkpt lat="50.201953" lon="15.215306">
      </trkpt>
      <trkpt lat="50.204815" lon="15.215982">
      </trkpt>
      <trkpt lat="50.207681" lon="15.216659">
      </trkpt>
      <trkpt lat="50.212402" lon="15.223816">
      </trkpt>
      <trkpt lat="50.213374" lon="15.225324">
      </trkpt>
      <trkpt lat="50.213418" lon="15.225346">
      </trkpt>
      <trkpt lat="50.215976" lon="15.224154">
      </trkpt>
      <trkpt lat="50.224669" lon="15.222658">
      </trkpt>
      <trkpt lat="50.225142" lon="15.222756">
      </trkpt>
      <trkpt lat="50.225868" lon="15.219229">
      </trkpt>
      <trkpt lat="50.224743" lon="15.216962">
      </trkpt>
      <trkpt lat="50.223365" lon="15.216581">
      </trkpt>
      <trkpt lat="50.22298" lon="15.216512">
      </trkpt>
      <trkpt lat="50.217544" lon="15.215428">
      </trkpt>
      <trkpt lat="50.216717" lon="15.21514">
      </trkpt>
      <trkpt lat="50.215971" lon="15.214923">
      </trkpt>
      <trkpt lat="50.211421" lon="15.213836">
      </trkpt>
      <trkpt lat="50.2085" lon="15.213153">
      </trkpt>
      <trkpt lat="50.205642" lon="15.212478">
      </trkpt>
      <trkpt lat="50.20278" lon="15.211802">
      </trkpt>
      <trkpt lat="50.202292" lon="15.211626">
      </trkpt>
      <trkpt lat="50.200563" lon="15.210865">
      </trkpt>
      <trkpt lat="50.198699" lon="15.210052">
      </trkpt>
      <trkpt lat="50.196373" lon="15.209047">
      </trkpt>
      <trkpt lat="50.195906" lon="15.208892">
      </trkpt>
      <trkpt lat="50.19242" lon="15.208246">
      </trkpt>
      <trkpt lat="50.188946" lon="15.207611">
      </trkpt>
      <trkpt lat="50.184414" lon="15.202585">
      </trkpt>
      <trkpt lat="50.188895" lon="15.19679">
      </trkpt>
      <trkpt lat="50.190541" lon="15.195952">
      </trkpt>
      <trkpt lat="50.194201" lon="15.193816">
      </trkpt>
      <trkpt lat="50.196338" lon="15.190977">
      </trkpt>
      <trkpt lat="50.196354" lon="15.190497">
      </trkpt>
      <trkpt lat="50.19634" lon="15.189274">
      </trkpt>
      <trkpt lat="50.20189" lon="15.182882">
      </trkpt>
      <trkpt lat="50.206196" lon="15.184064">
      </trkpt>
      <trkpt lat="50.208972" lon="15.181771">
      </trkpt>
      <trkpt lat="50.206277" lon="15.176939">
      </trkpt>
      <trkpt lat="50.207418" lon="15.171579">
      </trkpt>
      <trkpt lat="50.208933" lon="15.168698">
      </trkpt>
      <trkpt lat="50.209094" lon="15.168307">
      </trkpt>
      <trkpt lat="50.209726" lon="15.166447">
      </trkpt>
      <trkpt lat="50.210358" lon="15.164587">
      </trkpt>
      <trkpt lat="50.206949" lon="15.163429">
      </trkpt>
      <trkpt lat="50.206317" lon="15.165289">
      </trkpt>
      <trkpt lat="50.205685" lon="15.167149">
      </trkpt>
      <trkpt lat="50.205621" lon="15.167287">
      </trkpt>
      <trkpt lat="50.200567" lon="15.171215">
      </trkpt>
      <trkpt lat="50.195502" lon="15.168866">
      </trkpt>
      <trkpt lat="50.190732" lon="15.174377">
      </trkpt>
      <trkpt lat="50.18816" lon="15.174524">
      </trkpt>
      <trkpt lat="50.181954" lon="15.1721">
      </trkpt>
      <trkpt lat="50.179947" lon="15.170181">
      </trkpt>
      <trkpt lat="50.177909" lon="15.168234">
      </trkpt>
      <trkpt lat="50.175871" lon="15.166287">
      </trkpt>
      <trkpt lat="50.174596" lon="15.15867">
      </trkpt>
      <trkpt lat="50.176125" lon="15.156628">
      </trkpt>
      <trkpt lat="50.17758" lon="15.154679">
      </trkpt>
      <trkpt lat="50.177811" lon="15.154403">
      </trkpt>
      <trkpt lat="50.17986" lon="15.152331">
      </trkpt>
      <trkpt lat="50.181909" lon="15.15026">
      </trkpt>
      <trkpt lat="50.183958" lon="15.148188">
      </trkpt>
      <trkpt lat="50.191429" lon="15.150307">
      </trkpt>
      <trkpt lat="50.192053" lon="15.151824">
      </trkpt>
      <trkpt lat="50.19337" lon="15.155304">
      </trkpt>
      <trkpt lat="50.197109" lon="15.149421">
      </trkpt>
      <trkpt lat="50.197212" lon="15.149352">
      </trkpt>
      <trkpt lat="50.200685" lon="15.147946">
      </trkpt>
      <trkpt lat="50.206205" lon="15.1464">
      </trkpt>
      <trkpt lat="50.209338" lon="15.14685">
      </trkpt>
      <trkpt lat="50.214719" lon="15.145094">
      </trkpt>
      <trkpt lat="50.214852" lon="15.145057">
      </trkpt>
      <trkpt lat="50.21622" lon="15.143655">
      </trkpt>
      <trkpt lat="50.21617" lon="15.143145">
      </trkpt>
      <trkpt lat="50.222243" lon="15.136854">
      </trkpt>
      <trkpt lat="50.223938" lon="15.138499">
      </trkpt>
      <trkpt lat="50.224521" lon="15.138855">
      </trkpt>
      <trkpt lat="50.225374" lon="15.139059">
      </trkpt>
      <trkpt lat="50.226036" lon="15.138989">
      </trkpt>
      <trkpt lat="50.226423" lon="15.138876">
      </trkpt>
      <trkpt lat="50.226966" lon="15.137166">
      </trkpt>
      <trkpt lat="50.226964" lon="15.136851">
      </trkpt>
      <trkpt lat="50.226156" lon="15.135664">
      </trkpt>
      <trkpt lat="50.224762" lon="15.134282">
      </trkpt>
      <trkpt lat="50.223216" lon="15.132769">
      </trkpt>
      <trkpt lat="50.220651" lon="15.125121">
      </trkpt>
      <trkpt lat="50.220037" lon="15.124892">
      </trkpt>
      <trkpt lat="50.219391" lon="15.124743">
      </trkpt>
      <trkpt lat="50.218933" lon="15.124699">
      </trkpt>
      <trkpt lat="50.212077" lon="15.11904">
      </trkpt>
      <trkpt lat="50.212027" lon="15.111416">
      </trkpt>
      <trkpt lat="50.215965" lon="15.106061">
      </trkpt>
      <trkpt lat="50.216532" lon="15.105646">
      </trkpt>
      <trkpt lat="50.216971" lon="15.105126">
      </trkpt>
      <trkpt lat="50.217212" lon="15.104717">
      </trkpt>
      <trkpt lat="50.217083" lon="15.101262">
      </trkpt>
      <trkpt lat="50.223376" lon="15.096216">
      </trkpt>
      <trkpt lat="50.223753" lon="15.094671">
      </trkpt>
      <trkpt lat="50.225575" lon="15.089955">
      </trkpt>
      <trkpt lat="50.230867" lon="15.088758">
      </trkpt>
      <trkpt lat="50.231796" lon="15.089108">
      </trkpt>
      <trkpt lat="50.232964" lon="15.08967">
      </trkpt>
      <trkpt lat="50.234525" lon="15.086427">
      </trkpt>
      <trkpt lat="50.233358" lon="15.085865">
      </trkpt>
      <trkpt lat="50.232158" lon="15.085397">
      </trkpt>
      <trkpt lat="50.226104" lon="15.07903">
      </trkpt>
      <trkpt lat="50.225619" lon="15.076144">
      </trkpt>
      <trkpt lat="50.225457" lon="15.07548">
      </trkpt>
      <trkpt lat="50.225065" lon="15.074625">
      </trkpt>
      <trkpt lat="50.2245" lon="15.07402">
      </trkpt>
      <trkpt lat="50.223648" lon="15.073423">
      </trkpt>
      <trkpt lat="50.223617" lon="15.0734">
      </trkpt>
      <trkpt lat="50.221487" lon="15.076302">
      </trkpt>
      <trkpt lat="50.215051" lon="15.082344">
      </trkpt>
      <trkpt lat="50.212836" lon="15.08145">
      </trkpt>
      <trkpt lat="50.212524" lon="15.08135">
      </trkpt>
      <trkpt lat="50.212063" lon="15.08127">
      </trkpt>
      <trkpt lat="50.211107" lon="15.081417">
      </trkpt>
      <trkpt lat="50.210315" lon="15.081981">
      </trkpt>
      <trkpt lat="50.208573" lon="15.084188">
      </trkpt>
      <trkpt lat="50.205545" lon="15.085802">
      </trkpt>
      <trkpt lat="50.198289" lon="15.081855">
      </trkpt>
      <trkpt lat="50.198231" lon="15.077823">
      </trkpt>
      <trkpt lat="50.19827" lon="15.07714">
      </trkpt>
      <trkpt lat="50.198923" lon="15.074751">
      </trkpt>
      <trkpt lat="50.199649" lon="15.071657">
      </trkpt>
      <trkpt lat="50.196743" lon="15.065563">
      </trkpt>
      <trkpt lat="50.198011" lon="15.06256">
      </trkpt>
      <trkpt lat="50.199271" lon="15.059576">
      </trkpt>
      <trkpt lat="50.200123" lon="15.057622">
      </trkpt>
      <trkpt lat="50.201305" lon="15.05497">
      </trkpt>
      <trkpt lat="50.208965" lon="15.05052">
      </trkpt>
      <trkpt lat="50.20982" lon="15.050899">
      </trkpt>
      <trkpt lat="50.21421" lon="15.05446">
      </trkpt>
      <trkpt lat="50.21555" lon="15.056039">
      </trkpt>
      <trkpt lat="50.216479" lon="15.057045">
      </trkpt>
      <trkpt lat="50.217843" lon="15.058577">
      </trkpt>
      <trkpt lat="50.218085" lon="15.058603">
      </trkpt>
      <trkpt lat="50.220272" lon="15.057115">
      </trkpt>
      <trkpt lat="50.220911" lon="15.056696">
      </trkpt>
      <trkpt lat="50.22239" lon="15.054581">
      </trkpt>
      <trkpt lat="50.222261" lon="15.050984">
      </trkpt>
      <trkpt lat="50.230284" lon="15.046976">
      </trkpt>
      <trkpt lat="50.231235" lon="15.048473">
      </trkpt>
      <trkpt lat="50.231829" lon="15.049443">
      </trkpt>
      <trkpt lat="50.232035" lon="15.049898">
      </trkpt>
      <trkpt lat="50.232529" lon="15.051357">
      </trkpt>
      <trkpt lat="50.232646" lon="15.052657">
      </trkpt>
      <trkpt lat="50.233151" lon="15.053166">
      </trkpt>
      <trkpt lat="50.235628" lon="15.052381">
      </trkpt>
      <trkpt lat="50.236556" lon="15.051994">
      </trkpt>
      <trkpt lat="50.235933" lon="15.050186">
      </trkpt>
      <trkpt lat="50.235444" lon="15.048743">
      </trkpt>
      <trkpt lat="50.235265" lon="15.048282">
      </trkpt>
      <trkpt lat="50.23505" lon="15.047835">
      </trkpt>
      <trkpt lat="50.234314" lon="15.046608">
      </trkpt>
      <trkpt lat="50.233324" lon="15.045047">
      </trkpt>
      <trkpt lat="50.232354" lon="15.043518">
      </trkpt>
      <trkpt lat="50.231779" lon="15.042838">
      </trkpt>
      <trkpt lat="50.231281" lon="15.042334">
      </trkpt>
      <trkpt lat="50.229766" lon="15.041254">
      </trkpt>
      <trkpt lat="50.226417" lon="15.032916">
      </trkpt>
      <trkpt lat="50.22656" lon="15.032471">
      </trkpt>
      <trkpt lat="50.227574" lon="15.030442">
      </trkpt>
      <trkpt lat="50.235803" lon="15.02723">
      </trkpt>
      <trkpt lat="50.237705" lon="15.027897">
      </trkpt>
      <trkpt lat="50.240901" lon="15.027508">
      </trkpt>
      <trkpt lat="50.246923" lon="15.025587">
      </trkpt>
      <trkpt lat="50.247745" lon="15.025617">
      </trkpt>
      <trkpt lat="50.255301" lon="15.03042">
      </trkpt>
      <trkpt lat="50.255402" lon="15.036407">
      </trkpt>
      <trkpt lat="50.253236" lon="15.039283">
      </trkpt>
      <trkpt lat="50.257345" lon="15.047099">
      </trkpt>
      <trkpt lat="50.257419" lon="15.048295">
      </trkpt>
      <trkpt lat="50.257538" lon="15.04896">
      </trkpt>
      <trkpt lat="50.257892" lon="15.050353">
      </trkpt>
      <trkpt lat="50.258737" lon="15.056582">
      </trkpt>
      <trkpt lat="50.25875" lon="15.05677">
      </trkpt>
      <trkpt lat="50.259689" lon="15.058147">
      </trkpt>
      <trkpt lat="50.262306" lon="15.059638">
      </trkpt>
      <trkpt lat="50.264584" lon="15.059465">
      </trkpt>
      <trkpt lat="50.264933" lon="15.058859">
      </trkpt>
      <trkpt lat="50.265344" lon="15.057706">
      </trkpt>
      <trkpt lat="50.265188" lon="15.057462">
      </trkpt>
      <trkpt lat="50.263025" lon="15.053604">
      </trkpt>
      <trkpt lat="50.262823" lon="15.053151">
      </trkpt>
      <trkpt lat="50.261332" lon="15.049293">
      </trkpt>
      <trkpt lat="50.261218" lon="15.044808">
      </trkpt>
      <trkpt lat="50.261763" lon="15.041941">
      </trkpt>
      <trkpt lat="50.261847" lon="15.041252">
      </trkpt>
      <trkpt lat="50.261861" lon="15.040499">
      </trkpt>
      <trkpt lat="50.261841" lon="15.04">
      </trkpt>
      <trkpt lat="50.261763" lon="15.039242">
      </trkpt>
      <trkpt lat="50.26142" lon="15.037163">
      </trkpt>
      <trkpt lat="50.261234" lon="15.036483">
      </trkpt>
      <trkpt lat="50.260621" lon="15.034847">
      </trkpt>
      <trkpt lat="50.25995" lon="15.032495">
      </trkpt>
      <trkpt lat="50.26262" lon="15.025075">
      </trkpt>
      <trkpt lat="50.26521" lon="15.022098">
      </trkpt>
      <trkpt lat="50.270333" lon="15.020058">
      </trkpt>
      <trkpt lat="50.273367" lon="15.01812">
      </trkpt>
      <trkpt lat="50.277877" lon="15.02566">
      </trkpt>
      <trkpt lat="50.280285" lon="15.029559">
      </trkpt>
      <trkpt lat="50.280604" lon="15.030336">
      </trkpt>
      <trkpt lat="50.281674" lon="15.037519">
      </trkpt>
      <trkpt lat="50.285237" lon="15.038037">
      </trkpt>
      <trkpt lat="50.291138" lon="15.038494">
      </trkpt>
      <trkpt lat="50.293376" lon="15.042448">
      </trkpt>
      <trkpt lat="50.296529" lon="15.044185">
      </trkpt>
      <trkpt lat="50.304689" lon="15.04644">
      </trkpt>
      <trkpt lat="50.305031" lon="15.048737">
      </trkpt>
      <trkpt lat="50.304561" lon="15.051895">
      </trkpt>
      <trkpt lat="50.304912" lon="15.056523">
      </trkpt>
      <trkpt lat="50.304726" lon="15.05921">
      </trkpt>
      <trkpt lat="50.304236" lon="15.062556">
      </trkpt>
      <trkpt lat="50.303693" lon="15.06566">
      </trkpt>
      <trkpt lat="50.303322" lon="15.067708">
      </trkpt>
      <trkpt lat="50.298543" lon="15.07428">
      </trkpt>
      <trkpt lat="50.298066" lon="15.074618">
      </trkpt>
      <trkpt lat="50.297846" lon="15.074928">
      </trkpt>
      <trkpt lat="50.2992" lon="15.077819">
      </trkpt>
      <trkpt lat="50.301121" lon="15.078292">
      </trkpt>
      <trkpt lat="50.30181" lon="15.078363">
      </trkpt>
      <trkpt lat="50.305238" lon="15.078711">
      </trkpt>
      <trkpt lat="50.307738" lon="15.077908">
      </trkpt>
      <trkpt lat="50.307828" lon="15.077635">
      </trkpt>
      <trkpt lat="50.308001" lon="15.076403">
      </trkpt>
      <trkpt lat="50.308494" lon="15.072447">
      </trkpt>
      <trkpt lat="50.307119" lon="15.067271">
      </trkpt>
      <trkpt lat="50.311128" lon="15.061115">
      </trkpt>
      <trkpt lat="50.313269" lon="15.059775">
      </trkpt>
      <trkpt lat="50.311359" lon="15.056724">
      </trkpt>
      <trkpt lat="50.308952" lon="15.050686">
      </trkpt>
      <trkpt lat="50.308592" lon="15.048207">
      </trkpt>
      <trkpt lat="50.308249" lon="15.04591">
      </trkpt>
      <trkpt lat="50.308217" lon="15.045621">
      </trkpt>
      <trkpt lat="50.308378" lon="15.041797">
      </trkpt>
      <trkpt lat="50.308528" lon="15.037702">
      </trkpt>
      <trkpt lat="50.308627" lon="15.037253">
      </trkpt>
      <trkpt lat="50.309194" lon="15.035629">
      </trkpt>
      <trkpt lat="50.310067" lon="15.03299">
      </trkpt>
      <trkpt lat="50.31093" lon="15.030379">
      </trkpt>
      <trkpt lat="50.311793" lon="15.027768">
      </trkpt>
      <trkpt lat="50.318784" lon="15.024544">
      </trkpt>
      <trkpt lat="50.322784" lon="15.028108">
      </trkpt>
      <trkpt lat="50.323263" lon="15.031147">
      </trkpt>
      <trkpt lat="50.323241" lon="15.032004">
      </trkpt>
      <trkpt lat="50.323244" lon="15.03268">
      </trkpt>
      <trkpt lat="50.323065" lon="15.033932">
      </trkpt>
      <trkpt lat="50.322888" lon="15.035612">
      </trkpt>
      <trkpt lat="50.322848" lon="15.036388">
      </trkpt>
      <trkpt lat="50.322673" lon="15.038028">
      </trkpt>
      <trkpt lat="50.322582" lon="15.038581">
      </trkpt>
      <trkpt lat="50.322613" lon="15.039229">
      </trkpt>
      <trkpt lat="50.322725" lon="15.039674">
      </trkpt>
      <trkpt lat="50.322937" lon="15.040237">
      </trkpt>
      <trkpt lat="50.32611" lon="15.039122">
      </trkpt>
      <trkpt lat="50.326307" lon="15.038969">
      </trkpt>
      <trkpt lat="50.329493" lon="15.032042">
      </trkpt>
      <trkpt lat="50.333413" lon="15.029116">
      </trkpt>
      <trkpt lat="50.336635" lon="15.027818">
      </trkpt>
      <trkpt lat="50.340189" lon="15.027247">
      </trkpt>
      <trkpt lat="50.339839" lon="15.025067">
      </trkpt>
      <trkpt lat="50.34013" lon="15.022407">
      </trkpt>
      <trkpt lat="50.344487" lon="15.017212">
      </trkpt>
      <trkpt lat="50.34731" lon="15.014979">
      </trkpt>
      <trkpt lat="50.346901" lon="15.01192">
      </trkpt>
      <trkpt lat="50.352886" lon="15.007442">
      </trkpt>
      <trkpt lat="50.353296" lon="15.006999">
      </trkpt>
      <trkpt lat="50.354952" lon="15.005489">
      </trkpt>
      <trkpt lat="50.363245" lon="15.004817">
      </trkpt>
      <trkpt lat="50.367758" lon="15.011097">
      </trkpt>
      <trkpt lat="50.367906" lon="15.013131">
      </trkpt>
      <trkpt lat="50.367896" lon="15.013658">
      </trkpt>
      <trkpt lat="50.371496" lon="15.013722">
      </trkpt>
      <trkpt lat="50.371505" lon="15.013195">
      </trkpt>
      <trkpt lat="50.371614" lon="15.010766">
      </trkpt>
      <trkpt lat="50.37242" lon="15.008187">
      </trkpt>
      <trkpt lat="50.379772" lon="15.00592">
      </trkpt>
      <trkpt lat="50.383254" lon="15.006833">
      </trkpt>
      <trkpt lat="50.39094" lon="15.008142">
      </trkpt>
      <trkpt lat="50.391526" lon="15.01172">
      </trkpt>
      <trkpt lat="50.390542" lon="15.01434">
      </trkpt>
      <trkpt lat="50.389624" lon="15.016198">
      </trkpt>
      <trkpt lat="50.388598" lon="15.017294">
      </trkpt>
      <trkpt lat="50.388082" lon="15.018272">
      </trkpt>
      <trkpt lat="50.388024" lon="15.018729">
      </trkpt>
      <trkpt lat="50.388011" lon="15.018854">
      </trkpt>
      <trkpt lat="50.391205" lon="15.025129">
      </trkpt>
      <trkpt lat="50.394185" lon="15.027148">
      </trkpt>
      <trkpt lat="50.395725" lon="15.024876">
      </trkpt>
      <trkpt lat="50.403338" lon="15.026027">
      </trkpt>
      <trkpt lat="50.404103" lon="15.03024">
      </trkpt>
      <trkpt lat="50.40394" lon="15.031154">
      </trkpt>
      <trkpt lat="50.403831" lon="15.032061">
      </trkpt>
      <trkpt lat="50.403783" lon="15.032955">
      </trkpt>
      <trkpt lat="50.403791" lon="15.034155">
      </trkpt>
      <trkpt lat="50.403884" lon="15.035118">
      </trkpt>
      <trkpt lat="50.402901" lon="15.040345">
      </trkpt>
      <trkpt lat="50.402726" lon="15.040798">
      </trkpt>
      <trkpt lat="50.40258" lon="15.041539">
      </trkpt>
      <trkpt lat="50.402499" lon="15.043327">
      </trkpt>
      <trkpt lat="50.405951" lon="15.044348">
      </trkpt>
      <trkpt lat="50.406039" lon="15.04405">
      </trkpt>
      <trkpt lat="50.406184" lon="15.041862">
      </trkpt>
      <trkpt lat="50.406214" lon="15.041691">
      </trkpt>
      <trkpt lat="50.406526" lon="15.03994">
      </trkpt>
      <trkpt lat="50.407568" lon="15.037095">
      </trkpt>
      <trkpt lat="50.407619" lon="15.035942">
      </trkpt>
      <trkpt lat="50.407574" lon="15.035343">
      </trkpt>
      <trkpt lat="50.407431" lon="15.034501">
      </trkpt>
      <trkpt lat="50.407376" lon="15.03383">
      </trkpt>
      <trkpt lat="50.407383" lon="15.032953">
      </trkpt>
      <trkpt lat="50.407426" lon="15.032267">
      </trkpt>
      <trkpt lat="50.407512" lon="15.031594">
      </trkpt>
      <trkpt lat="50.407645" lon="15.030884">
      </trkpt>
      <trkpt lat="50.408009" lon="15.029634">
      </trkpt>
      <trkpt lat="50.408306" lon="15.028717">
      </trkpt>
      <trkpt lat="50.41208" lon="15.023734">
      </trkpt>
      <trkpt lat="50.412278" lon="15.020574">
      </trkpt>
      <trkpt lat="50.420453" lon="15.017746">
      </trkpt>
      <trkpt lat="50.421447" lon="15.020758">
      </trkpt>
      <trkpt lat="50.423417" lon="15.023989">
      </trkpt>
      <trkpt lat="50.424303" lon="15.026124">
      </trkpt>
      <trkpt lat="50.422567" lon="15.033525">
      </trkpt>
      <trkpt lat="50.421222" lon="15.035367">
      </trkpt>
      <trkpt lat="50.419994" lon="15.037068">
      </trkpt>
      <trkpt lat="50.41917" lon="15.038034">
      </trkpt>
      <trkpt lat="50.418841" lon="15.03865">
      </trkpt>
      <trkpt lat="50.41864" lon="15.039257">
      </trkpt>
      <trkpt lat="50.418186" lon="15.041407">
      </trkpt>
      <trkpt lat="50.417757" lon="15.043455">
      </trkpt>
      <trkpt lat="50.417346" lon="15.044653">
      </trkpt>
      <trkpt lat="50.41692" lon="15.045955">
      </trkpt>
      <trkpt lat="50.417109" lon="15.046721">
      </trkpt>
      <trkpt lat="50.417264" lon="15.047687">
      </trkpt>
      <trkpt lat="50.419783" lon="15.047303">
      </trkpt>
      <trkpt lat="50.420818" lon="15.047115">
      </trkpt>
      <trkpt lat="50.420991" lon="15.045819">
      </trkpt>
      <trkpt lat="50.421229" lon="15.044404">
      </trkpt>
      <trkpt lat="50.426039" lon="15.039971">
      </trkpt>
      <trkpt lat="50.431018" lon="15.04477">
      </trkpt>
      <trkpt lat="50.433341" lon="15.049117">
      </trkpt>
      <trkpt lat="50.434795" lon="15.053413">
      </trkpt>
      <trkpt lat="50.437256" lon="15.056347">
      </trkpt>
      <trkpt lat="50.440424" lon="15.054638">
      </trkpt>
      <trkpt lat="50.437638" lon="15.046982">
      </trkpt>
      <trkpt lat="50.436243" lon="15.039296">
      </trkpt>
      <trkpt lat="50.4355" lon="15.038716">
      </trkpt>
      <trkpt lat="50.43512" lon="15.038571">
      </trkpt>
      <trkpt lat="50.434398" lon="15.038421">
      </trkpt>
      <trkpt lat="50.432792" lon="15.029823">
      </trkpt>
      <trkpt lat="50.43355" lon="15.029119">
      </trkpt>
      <trkpt lat="50.431684" lon="15.027023">
      </trkpt>
      <trkpt lat="50.4311" lon="15.026481">
      </trkpt>
      <trkpt lat="50.428935" lon="15.022637">
      </trkpt>
      <trkpt lat="50.429428" lon="15.018107">
      </trkpt>
      <trkpt lat="50.436177" lon="15.015586">
      </trkpt>
      <trkpt lat="50.439761" lon="15.015238">
      </trkpt>
      <trkpt lat="50.445297" lon="15.010489">
      </trkpt>
      <trkpt lat="50.44997" lon="15.008932">
      </trkpt>
      <trkpt lat="50.457261" lon="15.012028">
      </trkpt>
      <trkpt lat="50.457403" lon="15.015491">
      </trkpt>
      <trkpt lat="50.457491" lon="15.016066">
      </trkpt>
      <trkpt lat="50.457758" lon="15.017374">
      </trkpt>
      <trkpt lat="50.45775" lon="15.019933">
      </trkpt>
      <trkpt lat="50.45772" lon="15.020583">
      </trkpt>
      <trkpt lat="50.457674" lon="15.02124">
      </trkpt>
      <trkpt lat="50.457629" lon="15.022518">
      </trkpt>
      <trkpt lat="50.457634" lon="15.022943">
      </trkpt>
      <trkpt lat="50.457707" lon="15.023457">
      </trkpt>
      <trkpt lat="50.457842" lon="15.023906">
      </trkpt>
      <trkpt lat="50.45803" lon="15.024332">
      </trkpt>
      <trkpt lat="50.458721" lon="15.025607">
      </trkpt>
      <trkpt lat="50.461886" lon="15.02389">
      </trkpt>
      <trkpt lat="50.461311" lon="15.020843">
      </trkpt>
      <trkpt lat="50.461346" lon="15.020104">
      </trkpt>
      <trkpt lat="50.461358" lon="15.017387">
      </trkpt>
      <trkpt lat="50.469919" lon="15.017355">
      </trkpt>
      <trkpt lat="50.470611" lon="15.018421">
      </trkpt>
      <trkpt lat="50.472007" lon="15.021238">
      </trkpt>
      <trkpt lat="50.472814" lon="15.02324">
      </trkpt>
      <trkpt lat="50.472233" lon="15.027326">
      </trkpt>
      <trkpt lat="50.471863" lon="15.028836">
      </trkpt>
      <trkpt lat="50.474319" lon="15.031469">
      </trkpt>
      <trkpt lat="50.481024" lon="15.032459">
      </trkpt>
      <trkpt lat="50.482944" lon="15.034004">
      </trkpt>
      <trkpt lat="50.483549" lon="15.042538">
      </trkpt>
      <trkpt lat="50.483369" lon="15.043266">
      </trkpt>
      <trkpt lat="50.483541" lon="15.044617">
      </trkpt>
      <trkpt lat="50.483636" lon="15.044756">
      </trkpt>
      <trkpt lat="50.486684" lon="15.044671">
      </trkpt>
      <trkpt lat="50.494167" lon="15.044179">
      </trkpt>
      <trkpt lat="50.494383" lon="15.042595">
      </trkpt>
      <trkpt lat="50.494284" lon="15.040887">
      </trkpt>
      <trkpt lat="50.49453" lon="15.037094">
      </trkpt>
      <trkpt lat="50.501521" lon="15.032346">
      </trkpt>
      <trkpt lat="50.504972" lon="15.031321">
      </trkpt>
      <trkpt lat="50.512013" lon="15.031479">
      </trkpt>
      <trkpt lat="50.514453" lon="15.033662">
      </trkpt>
      <trkpt lat="50.515938" lon="15.03433">
      </trkpt>
      <trkpt lat="50.516093" lon="15.034351">
      </trkpt>
      <trkpt lat="50.518045" lon="15.03342">
      </trkpt>
      <trkpt lat="50.518084" lon="15.031426">
      </trkpt>
      <trkpt lat="50.518183" lon="15.030568">
      </trkpt>
      <trkpt lat="50.518159" lon="15.03008">
      </trkpt>
      <trkpt lat="50.519125" lon="15.025251">
      </trkpt>
      <trkpt lat="50.519923" lon="15.024057">
      </trkpt>
      <trkpt lat="50.520067" lon="15.023434">
      </trkpt>
      <trkpt lat="50.520482" lon="15.021998">
      </trkpt>
      <trkpt lat="50.520286" lon="15.021843">
      </trkpt>
      <trkpt lat="50.519487" lon="15.021176">
      </trkpt>
      <trkpt lat="50.518123" lon="15.020872">
      </trkpt>
      <trkpt lat="50.516115" lon="15.021384">
      </trkpt>
      <trkpt lat="50.514465" lon="15.021465">
      </trkpt>
      <trkpt lat="50.509157" lon="15.016273">
      </trkpt>
      <trkpt lat="50.515322" lon="15.010115">
      </trkpt>
      <trkpt lat="50.515948" lon="15.009982">
      </trkpt>
      <trkpt lat="50.516814" lon="15.009741">
      </trkpt>
      <trkpt lat="50.516951" lon="15.008315">
      </trkpt>
      <trkpt lat="50.517515" lon="15.006575">
      </trkpt>
      <trkpt lat="50.5258" lon="15.005003">
      </trkpt>
      <trkpt lat="50.526644" lon="15.006583">
      </trkpt>
      <trkpt lat="50.527725" lon="15.008724">
      </trkpt>
      <trkpt lat="50.528798" lon="15.010898">
      </trkpt>
      <trkpt lat="50.529762" lon="15.012904">
      </trkpt>
      <trkpt lat="50.530866" lon="15.015321">
      </trkpt>
      <trkpt lat="50.531962" lon="15.017722">
      </trkpt>
      <trkpt lat="50.533262" lon="15.020656">
      </trkpt>
      <trkpt lat="50.534052" lon="15.022201">
      </trkpt>
      <trkpt lat="50.534402" lon="15.023312">
      </trkpt>
      <trkpt lat="50.532668" lon="15.030283">
      </trkpt>
      <trkpt lat="50.534248" lon="15.033105">
      </trkpt>
      <trkpt lat="50.535803" lon="15.034764">
      </trkpt>
      <trkpt lat="50.537761" lon="15.03647">
      </trkpt>
      <trkpt lat="50.541426" lon="15.039872">
      </trkpt>
      <trkpt lat="50.543448" lon="15.043132">
      </trkpt>
      <trkpt lat="50.543281" lon="15.05135">
      </trkpt>
      <trkpt lat="50.542203" lon="15.053746">
      </trkpt>
      <trkpt lat="50.541354" lon="15.056401">
      </trkpt>
      <trkpt lat="50.540505" lon="15.059056">
      </trkpt>
      <trkpt lat="50.543934" lon="15.060152">
      </trkpt>
      <trkpt lat="50.547676" lon="15.068255">
      </trkpt>
      <trkpt lat="50.547569" lon="15.068576">
      </trkpt>
      <trkpt lat="50.54713" lon="15.070108">
      </trkpt>
      <trkpt lat="50.546996" lon="15.070486">
      </trkpt>
      <trkpt lat="50.550388" lon="15.07169">
      </trkpt>
      <trkpt lat="50.554289" lon="15.069913">
      </trkpt>
      <trkpt lat="50.560183" lon="15.064527">
      </trkpt>
      <trkpt lat="50.563403" lon="15.064823">
      </trkpt>
      <trkpt lat="50.571712" lon="15.067485">
      </trkpt>
      <trkpt lat="50.571849" lon="15.068783">
      </trkpt>
      <trkpt lat="50.571851" lon="15.068895">
      </trkpt>
      <trkpt lat="50.57317" lon="15.07089">
      </trkpt>
      <trkpt lat="50.573276" lon="15.071084">
      </trkpt>
      <trkpt lat="50.578235" lon="15.075963">
      </trkpt>
      <trkpt lat="50.578906" lon="15.078314">
      </trkpt>
      <trkpt lat="50.579579" lon="15.080676">
      </trkpt>
      <trkpt lat="50.580557" lon="15.084021">
      </trkpt>
      <trkpt lat="50.584012" lon="15.083011">
      </trkpt>
      <trkpt lat="50.583035" lon="15.079666">
      </trkpt>
      <trkpt lat="50.582367" lon="15.077326">
      </trkpt>
      <trkpt lat="50.581697" lon="15.074975">
      </trkpt>
      <trkpt lat="50.580401" lon="15.069895">
      </trkpt>
      <trkpt lat="50.580331" lon="15.069682">
      </trkpt>
      <trkpt lat="50.578379" lon="15.060897">
      </trkpt>
      <trkpt lat="50.578284" lon="15.057632">
      </trkpt>
      <trkpt lat="50.578262" lon="15.057055">
      </trkpt>
      <trkpt lat="50.578176" lon="15.056521">
      </trkpt>
      <trkpt lat="50.578044" lon="15.056065">
      </trkpt>
      <trkpt lat="50.574586" lon="15.057066">
      </trkpt>
      <trkpt lat="50.566413" lon="15.054869">
      </trkpt>
      <trkpt lat="50.565585" lon="15.054184">
      </trkpt>
      <trkpt lat="50.564799" lon="15.053494">
      </trkpt>
      <trkpt lat="50.560734" lon="15.04609">
      </trkpt>
      <trkpt lat="50.560633" lon="15.045544">
      </trkpt>
      <trkpt lat="50.559436" lon="15.037883">
      </trkpt>
      <trkpt lat="50.558356" lon="15.035979">
      </trkpt>
      <trkpt lat="50.558124" lon="15.035879">
      </trkpt>
      <trkpt lat="50.552465" lon="15.028936">
      </trkpt>
      <trkpt lat="50.552651" lon="15.0287">
      </trkpt>
      <trkpt lat="50.54982" lon="15.026475">
      </trkpt>
      <trkpt lat="50.543497" lon="15.023577">
      </trkpt>
      <trkpt lat="50.54184" lon="15.020131">
      </trkpt>
      <trkpt lat="50.540857" lon="15.018089">
      </trkpt>
      <trkpt lat="50.539875" lon="15.016047">
      </trkpt>
      <trkpt lat="50.533104" lon="15.01128">
      </trkpt>
      <trkpt lat="50.532066" lon="15.009141">
      </trkpt>
      <trkpt lat="50.531207" lon="15.000398">
      </trkpt>
      <trkpt lat="50.531699" lon="14.999074">
      </trkpt>
      <trkpt lat="50.531676" lon="14.998992">
      </trkpt>
      <trkpt lat="50.529463" lon="14.992682">
      </trkpt>
      <trkpt lat="50.5287" lon="14.989722">
      </trkpt>
      <trkpt lat="50.527937" lon="14.986763">
      </trkpt>
      <trkpt lat="50.528502" lon="14.979658">
      </trkpt>
      <trkpt lat="50.528388" lon="14.9742">
      </trkpt>
      <trkpt lat="50.528169" lon="14.973345">
      </trkpt>
      <trkpt lat="50.527891" lon="14.973076">
      </trkpt>
      <trkpt lat="50.526766" lon="14.971943">
      </trkpt>
      <trkpt lat="50.522562" lon="14.966539">
      </trkpt>
      <trkpt lat="50.523858" lon="14.962134">
      </trkpt>
      <trkpt lat="50.523909" lon="14.961659">
      </trkpt>
      <trkpt lat="50.52334" lon="14.957368">
      </trkpt>
      <trkpt lat="50.521688" lon="14.954816">
      </trkpt>
      <trkpt lat="50.520994" lon="14.95122">
      </trkpt>
      <trkpt lat="50.525207" lon="14.945581">
      </trkpt>
      <trkpt lat="50.525213" lon="14.945505">
      </trkpt>
      <trkpt lat="50.525311" lon="14.94008">
      </trkpt>
      <trkpt lat="50.52499" lon="14.93888">
      </trkpt>
      <trkpt lat="50.522285" lon="14.93813">
      </trkpt>
      <trkpt lat="50.519641" lon="14.937555">
      </trkpt>
      <trkpt lat="50.516253" lon="14.938773">
      </trkpt>
      <trkpt lat="50.516392" lon="14.939159">
      </trkpt>
      <trkpt lat="50.516552" lon="14.939539">
      </trkpt>
      <trkpt lat="50.517746" lon="14.946614">
      </trkpt>
      <trkpt lat="50.517642" lon="14.947488">
      </trkpt>
      <trkpt lat="50.517557" lon="14.948735">
      </trkpt>
      <trkpt lat="50.517402" lon="14.950971">
      </trkpt>
      <trkpt lat="50.517247" lon="14.953212">
      </trkpt>
      <trkpt lat="50.515287" lon="14.959432">
      </trkpt>
      <trkpt lat="50.510236" lon="14.960465">
      </trkpt>
      <trkpt lat="50.508691" lon="14.960236">
      </trkpt>
      <trkpt lat="50.507339" lon="14.960606">
      </trkpt>
      <trkpt lat="50.499805" lon="14.956397">
      </trkpt>
      <trkpt lat="50.499629" lon="14.955924">
      </trkpt>
      <trkpt lat="50.499388" lon="14.955517">
      </trkpt>
      <trkpt lat="50.497897" lon="14.954212">
      </trkpt>
      <trkpt lat="50.495633" lon="14.95148">
      </trkpt>
      <trkpt lat="50.492895" lon="14.943876">
      </trkpt>
      <trkpt lat="50.492316" lon="14.943447">
      </trkpt>
      <trkpt lat="50.491704" lon="14.943165">
      </trkpt>
      <trkpt lat="50.49009" lon="14.942595">
      </trkpt>
      <trkpt lat="50.487591" lon="14.940993">
      </trkpt>
      <trkpt lat="50.485942" lon="14.939529">
      </trkpt>
      <trkpt lat="50.488186" lon="14.931339">
      </trkpt>
      <trkpt lat="50.491122" lon="14.931709">
      </trkpt>
      <trkpt lat="50.49184" lon="14.931966">
      </trkpt>
      <trkpt lat="50.492804" lon="14.932285">
      </trkpt>
      <trkpt lat="50.493375" lon="14.932374">
      </trkpt>
      <trkpt lat="50.495065" lon="14.932618">
      </trkpt>
      <trkpt lat="50.495892" lon="14.929114">
      </trkpt>
      <trkpt lat="50.493077" lon="14.924997">
      </trkpt>
      <trkpt lat="50.493781" lon="14.920122">
      </trkpt>
      <trkpt lat="50.493797" lon="14.920069">
      </trkpt>
      <trkpt lat="50.494361" lon="14.911561">
      </trkpt>
      <trkpt lat="50.494537" lon="14.910963">
      </trkpt>
      <trkpt lat="50.494984" lon="14.908116">
      </trkpt>
      <trkpt lat="50.495117" lon="14.907249">
      </trkpt>
      <trkpt lat="50.493741" lon="14.905144">
      </trkpt>
      <trkpt lat="50.493542" lon="14.905096">
      </trkpt>
      <trkpt lat="50.491754" lon="14.905964">
      </trkpt>
      <trkpt lat="50.491644" lon="14.906253">
      </trkpt>
      <trkpt lat="50.491403" lon="14.907747">
      </trkpt>
      <trkpt lat="50.490952" lon="14.910406">
      </trkpt>
      <trkpt lat="50.490648" lon="14.911065">
      </trkpt>
      <trkpt lat="50.482413" lon="14.913196">
      </trkpt>
      <trkpt lat="50.481151" lon="14.911916">
      </trkpt>
      <trkpt lat="50.4809" lon="14.911605">
      </trkpt>
      <trkpt lat="50.479747" lon="14.909194">
      </trkpt>
      <trkpt lat="50.479203" lon="14.908354">
      </trkpt>
      <trkpt lat="50.478898" lon="14.908085">
      </trkpt>
      <trkpt lat="50.475163" lon="14.908258">
      </trkpt>
      <trkpt lat="50.473577" lon="14.908323">
      </trkpt>
      <trkpt lat="50.473305" lon="14.909569">
      </trkpt>
      <trkpt lat="50.468547" lon="14.915742">
      </trkpt>
      <trkpt lat="50.466919" lon="14.91651">
      </trkpt>
      <trkpt lat="50.465244" lon="14.917174">
      </trkpt>
      <trkpt lat="50.465267" lon="14.917226">
      </trkpt>
      <trkpt lat="50.467511" lon="14.920139">
      </trkpt>
      <trkpt lat="50.468092" lon="14.920871">
      </trkpt>
      <trkpt lat="50.468917" lon="14.922239">
      </trkpt>
      <trkpt lat="50.470179" lon="14.924287">
      </trkpt>
      <trkpt lat="50.472107" lon="14.927193">
      </trkpt>
      <trkpt lat="50.465518" lon="14.933005">
      </trkpt>
      <trkpt lat="50.464305" lon="14.931791">
      </trkpt>
      <trkpt lat="50.463832" lon="14.931368">
      </trkpt>
      <trkpt lat="50.46311" lon="14.930902">
      </trkpt>
      <trkpt lat="50.46128" lon="14.929357">
      </trkpt>
      <trkpt lat="50.45803" lon="14.926938">
      </trkpt>
      <trkpt lat="50.456376" lon="14.92336">
      </trkpt>
      <trkpt lat="50.456222" lon="14.921606">
      </trkpt>
      <trkpt lat="50.456066" lon="14.920079">
      </trkpt>
      <trkpt lat="50.456041" lon="14.919842">
      </trkpt>
      <trkpt lat="50.455569" lon="14.915">
      </trkpt>
      <trkpt lat="50.455958" lon="14.91331">
      </trkpt>
      <trkpt lat="50.455732" lon="14.911546">
      </trkpt>
      <trkpt lat="50.455568" lon="14.91091">
      </trkpt>
      <trkpt lat="50.455144" lon="14.908654">
      </trkpt>
      <trkpt lat="50.455097" lon="14.908094">
      </trkpt>
      <trkpt lat="50.454977" lon="14.907535">
      </trkpt>
      <trkpt lat="50.454728" lon="14.906938">
      </trkpt>
      <trkpt lat="50.454168" lon="14.901861">
      </trkpt>
      <trkpt lat="50.45808" lon="14.895361">
      </trkpt>
      <trkpt lat="50.458116" lon="14.894935">
      </trkpt>
      <trkpt lat="50.456941" lon="14.889528">
      </trkpt>
      <trkpt lat="50.456353" lon="14.889117">
      </trkpt>
      <trkpt lat="50.452611" lon="14.887378">
      </trkpt>
      <trkpt lat="50.449451" lon="14.883229">
      </trkpt>
      <trkpt lat="50.451549" lon="14.877952">
      </trkpt>
      <trkpt lat="50.453566" lon="14.876765">
      </trkpt>
      <trkpt lat="50.456443" lon="14.874578">
      </trkpt>
      <trkpt lat="50.461822" lon="14.869791">
      </trkpt>
      <trkpt lat="50.464111" lon="14.868381">
      </trkpt>
      <trkpt lat="50.466401" lon="14.866971">
      </trkpt>
      <trkpt lat="50.469226" lon="14.865231">
      </trkpt>
      <trkpt lat="50.467339" lon="14.862166">
      </trkpt>
      <trkpt lat="50.464513" lon="14.863906">
      </trkpt>
      <trkpt lat="50.462224" lon="14.865315">
      </trkpt>
      <trkpt lat="50.459934" lon="14.866725">
      </trkpt>
      <trkpt lat="50.451539" lon="14.8694">
      </trkpt>
      <trkpt lat="50.450988" lon="14.869447">
      </trkpt>
      <trkpt lat="50.450472" lon="14.869551">
      </trkpt>
      <trkpt lat="50.449971" lon="14.869709">
      </trkpt>
      <trkpt lat="50.449527" lon="14.869891">
      </trkpt>
      <trkpt lat="50.449075" lon="14.87013">
      </trkpt>
      <trkpt lat="50.448582" lon="14.870452">
      </trkpt>
      <trkpt lat="50.448104" lon="14.870838">
      </trkpt>
      <trkpt lat="50.44747" lon="14.871476">
      </trkpt>
      <trkpt lat="50.447121" lon="14.871896">
      </trkpt>
      <trkpt lat="50.44682" lon="14.872313">
      </trkpt>
      <trkpt lat="50.446536" lon="14.872763">
      </trkpt>
      <trkpt lat="50.446231" lon="14.873319">
      </trkpt>
      <trkpt lat="50.445875" lon="14.874101">
      </trkpt>
      <trkpt lat="50.445645" lon="14.874716">
      </trkpt>
      <trkpt lat="50.445444" lon="14.875368">
      </trkpt>
      <trkpt lat="50.444894" lon="14.877672">
      </trkpt>
      <trkpt lat="50.444372" lon="14.87987">
      </trkpt>
      <trkpt lat="50.444136" lon="14.880638">
      </trkpt>
      <trkpt lat="50.435393" lon="14.882127">
      </trkpt>
      <trkpt lat="50.431815" lon="14.881725">
      </trkpt>
      <trkpt lat="50.426934" lon="14.878593">
      </trkpt>
      <trkpt lat="50.425504" lon="14.874896">
      </trkpt>
      <trkpt lat="50.42558" lon="14.871505">
      </trkpt>
      <trkpt lat="50.425718" lon="14.870842">
      </trkpt>
      <trkpt lat="50.426246" lon="14.868787">
      </trkpt>
      <trkpt lat="50.426769" lon="14.866757">
      </trkpt>
      <trkpt lat="50.427166" lon="14.865294">
      </trkpt>
      <trkpt lat="50.427427" lon="14.864556">
      </trkpt>
      <trkpt lat="50.428333" lon="14.862545">
      </trkpt>
      <trkpt lat="50.430801" lon="14.858922">
      </trkpt>
      <trkpt lat="50.432059" lon="14.857268">
      </trkpt>
      <trkpt lat="50.433491" lon="14.855756">
      </trkpt>
      <trkpt lat="50.434467" lon="14.854581">
      </trkpt>
      <trkpt lat="50.434804" lon="14.85407">
      </trkpt>
      <trkpt lat="50.435055" lon="14.853649">
      </trkpt>
      <trkpt lat="50.435428" lon="14.852963">
      </trkpt>
      <trkpt lat="50.43846" lon="14.849387">
      </trkpt>
      <trkpt lat="50.43877" lon="14.849137">
      </trkpt>
      <trkpt lat="50.440318" lon="14.847856">
      </trkpt>
      <trkpt lat="50.440971" lon="14.847236">
      </trkpt>
      <trkpt lat="50.44527" lon="14.844384">
      </trkpt>
      <trkpt lat="50.447248" lon="14.843444">
      </trkpt>
      <trkpt lat="50.447877" lon="14.842024">
      </trkpt>
      <trkpt lat="50.448598" lon="14.839968">
      </trkpt>
      <trkpt lat="50.449154" lon="14.835779">
      </trkpt>
      <trkpt lat="50.449892" lon="14.833126">
      </trkpt>
      <trkpt lat="50.448893" lon="14.829355">
      </trkpt>
      <trkpt lat="50.445294" lon="14.829262">
      </trkpt>
      <trkpt lat="50.441993" lon="14.833544">
      </trkpt>
      <trkpt lat="50.441816" lon="14.83373">
      </trkpt>
      <trkpt lat="50.440539" lon="14.836062">
      </trkpt>
      <trkpt lat="50.439434" lon="14.842999">
      </trkpt>
      <trkpt lat="50.436901" lon="14.845953">
      </trkpt>
      <trkpt lat="50.435556" lon="14.846777">
      </trkpt>
      <trkpt lat="50.435092" lon="14.847128">
      </trkpt>
      <trkpt lat="50.434466" lon="14.847791">
      </trkpt>
      <trkpt lat="50.434028" lon="14.848387">
      </trkpt>
      <trkpt lat="50.433225" lon="14.849674">
      </trkpt>
      <trkpt lat="50.432362" lon="14.851075">
      </trkpt>
      <trkpt lat="50.431896" lon="14.851924">
      </trkpt>
      <trkpt lat="50.43172" lon="14.852212">
      </trkpt>
      <trkpt lat="50.430739" lon="14.853434">
      </trkpt>
      <trkpt lat="50.429448" lon="14.854789">
      </trkpt>
      <trkpt lat="50.427945" lon="14.856729">
      </trkpt>
      <trkpt lat="50.426744" lon="14.85788">
      </trkpt>
      <trkpt lat="50.426448" lon="14.858219">
      </trkpt>
      <trkpt lat="50.420367" lon="14.860526">
      </trkpt>
      <trkpt lat="50.416887" lon="14.859604">
      </trkpt>
      <trkpt lat="50.412085" lon="14.852222">
      </trkpt>
      <trkpt lat="50.414392" lon="14.850655">
      </trkpt>
      <trkpt lat="50.416688" lon="14.849013">
      </trkpt>
      <trkpt lat="50.417059" lon="14.848583">
      </trkpt>
      <trkpt lat="50.417628" lon="14.847696">
      </trkpt>
      <trkpt lat="50.418102" lon="14.847028">
      </trkpt>
      <trkpt lat="50.418467" lon="14.846458">
      </trkpt>
      <trkpt lat="50.418824" lon="14.8458">
      </trkpt>
      <trkpt lat="50.420152" lon="14.842849">
      </trkpt>
      <trkpt lat="50.420487" lon="14.842026">
      </trkpt>
      <trkpt lat="50.426392" lon="14.835492">
      </trkpt>
      <trkpt lat="50.428269" lon="14.83242">
      </trkpt>
      <trkpt lat="50.425959" lon="14.831008">
      </trkpt>
      <trkpt lat="50.425093" lon="14.830651">
      </trkpt>
      <trkpt lat="50.424263" lon="14.830524">
      </trkpt>
      <trkpt lat="50.421864" lon="14.830899">
      </trkpt>
      <trkpt lat="50.421296" lon="14.83107">
      </trkpt>
      <trkpt lat="50.420421" lon="14.831685">
      </trkpt>
      <trkpt lat="50.420048" lon="14.832116">
      </trkpt>
      <trkpt lat="50.419705" lon="14.832643">
      </trkpt>
      <trkpt lat="50.419358" lon="14.833569">
      </trkpt>
      <trkpt lat="50.418949" lon="14.834973">
      </trkpt>
      <trkpt lat="50.418009" lon="14.837933">
      </trkpt>
      <trkpt lat="50.417056" lon="14.840936">
      </trkpt>
      <trkpt lat="50.416828" lon="14.841467">
      </trkpt>
      <trkpt lat="50.415541" lon="14.844322">
      </trkpt>
      <trkpt lat="50.415317" lon="14.844716">
      </trkpt>
      <trkpt lat="50.415082" lon="14.845069">
      </trkpt>
      <trkpt lat="50.414699" lon="14.845603">
      </trkpt>
      <trkpt lat="50.406278" lon="14.843009">
      </trkpt>
      <trkpt lat="50.406199" lon="14.842306">
      </trkpt>
      <trkpt lat="50.406381" lon="14.839869">
      </trkpt>
      <trkpt lat="50.40694" lon="14.838642">
      </trkpt>
      <trkpt lat="50.407068" lon="14.838253">
      </trkpt>
      <trkpt lat="50.40716" lon="14.837834">
      </trkpt>
      <trkpt lat="50.407211" lon="14.837447">
      </trkpt>
      <trkpt lat="50.408058" lon="14.835334">
      </trkpt>
      <trkpt lat="50.409955" lon="14.832274">
      </trkpt>
      <trkpt lat="50.408835" lon="14.827088">
      </trkpt>
      <trkpt lat="50.40949" lon="14.824955">
      </trkpt>
      <trkpt lat="50.410199" lon="14.822592">
      </trkpt>
      <trkpt lat="50.410279" lon="14.82209">
      </trkpt>
      <trkpt lat="50.410339" lon="14.821473">
      </trkpt>
      <trkpt lat="50.410428" lon="14.819078">
      </trkpt>
      <trkpt lat="50.412608" lon="14.8135">
      </trkpt>
      <trkpt lat="50.417132" lon="14.81042">
      </trkpt>
      <trkpt lat="50.420301" lon="14.808173">
      </trkpt>
      <trkpt lat="50.427689" lon="14.809198">
      </trkpt>
      <trkpt lat="50.431203" lon="14.808415">
      </trkpt>
      <trkpt lat="50.431099" lon="14.807946">
      </trkpt>
      <trkpt lat="50.430913" lon="14.806431">
      </trkpt>
      <trkpt lat="50.437763" lon="14.800728">
      </trkpt>
      <trkpt lat="50.441112" lon="14.803539">
      </trkpt>
      <trkpt lat="50.444188" lon="14.801668">
      </trkpt>
      <trkpt lat="50.443541" lon="14.800605">
      </trkpt>
      <trkpt lat="50.442681" lon="14.799512">
      </trkpt>
      <trkpt lat="50.442069" lon="14.798882">
      </trkpt>
      <trkpt lat="50.441397" lon="14.79827">
      </trkpt>
      <trkpt lat="50.441139" lon="14.798063">
      </trkpt>
      <trkpt lat="50.440722" lon="14.797814">
      </trkpt>
      <trkpt lat="50.438984" lon="14.78909">
      </trkpt>
      <trkpt lat="50.439639" lon="14.788071">
      </trkpt>
      <trkpt lat="50.440039" lon="14.7875">
      </trkpt>
      <trkpt lat="50.440701" lon="14.786654">
      </trkpt>
      <trkpt lat="50.441204" lon="14.785959">
      </trkpt>
      <trkpt lat="50.44158" lon="14.785494">
      </trkpt>
      <trkpt lat="50.442511" lon="14.784406">
      </trkpt>
      <trkpt lat="50.443044" lon="14.78372">
      </trkpt>
      <trkpt lat="50.443412" lon="14.783187">
      </trkpt>
      <trkpt lat="50.440451" lon="14.781139">
      </trkpt>
      <trkpt lat="50.440083" lon="14.781672">
      </trkpt>
      <trkpt lat="50.439675" lon="14.782189">
      </trkpt>
      <trkpt lat="50.438848" lon="14.78315">
      </trkpt>
      <trkpt lat="50.438406" lon="14.783695">
      </trkpt>
      <trkpt lat="50.437791" lon="14.784534">
      </trkpt>
      <trkpt lat="50.437206" lon="14.785278">
      </trkpt>
      <trkpt lat="50.428876" lon="14.782782">
      </trkpt>
      <trkpt lat="50.428789" lon="14.782308">
      </trkpt>
      <trkpt lat="50.428553" lon="14.781585">
      </trkpt>
      <trkpt lat="50.428241" lon="14.780948">
      </trkpt>
      <trkpt lat="50.427991" lon="14.780495">
      </trkpt>
      <trkpt lat="50.427704" lon="14.780031">
      </trkpt>
      <trkpt lat="50.426677" lon="14.778529">
      </trkpt>
      <trkpt lat="50.426057" lon="14.777822">
      </trkpt>
      <trkpt lat="50.423351" lon="14.780196">
      </trkpt>
      <trkpt lat="50.415477" lon="14.777394">
      </trkpt>
      <trkpt lat="50.415259" lon="14.777094">
      </trkpt>
      <trkpt lat="50.415162" lon="14.777137">
      </trkpt>
      <trkpt lat="50.41202" lon="14.778505">
      </trkpt>
      <trkpt lat="50.411121" lon="14.780953">
      </trkpt>
      <trkpt lat="50.402819" lon="14.783122">
      </trkpt>
      <trkpt lat="50.400745" lon="14.781149">
      </trkpt>
      <trkpt lat="50.398584" lon="14.776924">
      </trkpt>
      <trkpt lat="50.398223" lon="14.775237">
      </trkpt>
      <trkpt lat="50.396911" lon="14.774149">
      </trkpt>
      <trkpt lat="50.396749" lon="14.774116">
      </trkpt>
      <trkpt lat="50.396238" lon="14.774269">
      </trkpt>
      <trkpt lat="50.395843" lon="14.774401">
      </trkpt>
      <trkpt lat="50.395628" lon="14.774502">
      </trkpt>
      <trkpt lat="50.39552" lon="14.774591">
      </trkpt>
      <trkpt lat="50.395426" lon="14.774672">
      </trkpt>
      <trkpt lat="50.394991" lon="14.776824">
      </trkpt>
      <trkpt lat="50.395034" lon="14.777524">
      </trkpt>
      <trkpt lat="50.39513" lon="14.778439">
      </trkpt>
      <trkpt lat="50.395201" lon="14.77886">
      </trkpt>
      <trkpt lat="50.395304" lon="14.779259">
      </trkpt>
      <trkpt lat="50.395522" lon="14.779804">
      </trkpt>
      <trkpt lat="50.395817" lon="14.780366">
      </trkpt>
      <trkpt lat="50.398257" lon="14.784995">
      </trkpt>
      <trkpt lat="50.398444" lon="14.785449">
      </trkpt>
      <trkpt lat="50.398785" lon="14.785943">
      </trkpt>
      <trkpt lat="50.399883" lon="14.793826">
      </trkpt>
      <trkpt lat="50.395033" lon="14.799515">
      </trkpt>
      <trkpt lat="50.392068" lon="14.800176">
      </trkpt>
      <trkpt lat="50.385962" lon="14.799688">
      </trkpt>
      <trkpt lat="50.385432" lon="14.799533">
      </trkpt>
      <trkpt lat="50.384984" lon="14.799456">
      </trkpt>
      <trkpt lat="50.384503" lon="14.799425">
      </trkpt>
      <trkpt lat="50.382864" lon="14.799359">
      </trkpt>
      <trkpt lat="50.378578" lon="14.798359">
      </trkpt>
      <trkpt lat="50.377097" lon="14.789553">
      </trkpt>
      <trkpt lat="50.377318" lon="14.789293">
      </trkpt>
      <trkpt lat="50.377708" lon="14.788768">
      </trkpt>
      <trkpt lat="50.378063" lon="14.788161">
      </trkpt>
      <trkpt lat="50.378246" lon="14.787742">
      </trkpt>
      <trkpt lat="50.379141" lon="14.785681">
      </trkpt>
      <trkpt lat="50.379607" lon="14.784943">
      </trkpt>
      <trkpt lat="50.380859" lon="14.783131">
      </trkpt>
      <trkpt lat="50.381063" lon="14.78266">
      </trkpt>
      <trkpt lat="50.381184" lon="14.782199">
      </trkpt>
      <trkpt lat="50.381277" lon="14.781526">
      </trkpt>
      <trkpt lat="50.381339" lon="14.780382">
      </trkpt>
      <trkpt lat="50.381856" lon="14.777706">
      </trkpt>
      <trkpt lat="50.381958" lon="14.777195">
      </trkpt>
      <trkpt lat="50.382219" lon="14.773261">
      </trkpt>
      <trkpt lat="50.382479" lon="14.769068">
      </trkpt>
      <trkpt lat="50.382326" lon="14.7671">
      </trkpt>
      <trkpt lat="50.382921" lon="14.762108">
      </trkpt>
      <trkpt lat="50.383677" lon="14.75984">
      </trkpt>
      <trkpt lat="50.388895" lon="14.753679">
      </trkpt>
      <trkpt lat="50.39076" lon="14.74798">
      </trkpt>
      <trkpt lat="50.38944" lon="14.744631">
      </trkpt>
      <trkpt lat="50.382297" lon="14.743193">
      </trkpt>
      <trkpt lat="50.379926" lon="14.739218">
      </trkpt>
      <trkpt lat="50.379228" lon="14.736399">
      </trkpt>
      <trkpt lat="50.378776" lon="14.733243">
      </trkpt>
      <trkpt lat="50.375176" lon="14.733266">
      </trkpt>
      <trkpt lat="50.375182" lon="14.734264">
      </trkpt>
      <trkpt lat="50.37323" lon="14.741833">
      </trkpt>
      <trkpt lat="50.371852" lon="14.744596">
      </trkpt>
      <trkpt lat="50.370666" lon="14.74703">
      </trkpt>
      <trkpt lat="50.368998" lon="14.74921">
      </trkpt>
      <trkpt lat="50.368581" lon="14.749856">
      </trkpt>
      <trkpt lat="50.362171" lon="14.755542">
      </trkpt>
      <trkpt lat="50.361629" lon="14.755753">
      </trkpt>
      <trkpt lat="50.361064" lon="14.75609">
      </trkpt>
      <trkpt lat="50.36076" lon="14.756354">
      </trkpt>
      <trkpt lat="50.36042" lon="14.756763">
      </trkpt>
      <trkpt lat="50.360113" lon="14.75725">
      </trkpt>
      <trkpt lat="50.359255" lon="14.759584">
      </trkpt>
      <trkpt lat="50.357875" lon="14.7613">
      </trkpt>
      <trkpt lat="50.353603" lon="14.764556">
      </trkpt>
      <trkpt lat="50.351733" lon="14.765104">
      </trkpt>
      <trkpt lat="50.345493" lon="14.759912">
      </trkpt>
      <trkpt lat="50.345952" lon="14.757218">
      </trkpt>
      <trkpt lat="50.346252" lon="14.75591">
      </trkpt>
      <trkpt lat="50.346834" lon="14.75361">
      </trkpt>
      <trkpt lat="50.347442" lon="14.751192">
      </trkpt>
      <trkpt lat="50.34753" lon="14.750696">
      </trkpt>
      <trkpt lat="50.347598" lon="14.750165">
      </trkpt>
      <trkpt lat="50.347777" lon="14.748372">
      </trkpt>
      <trkpt lat="50.347957" lon="14.746578">
      </trkpt>
      <trkpt lat="50.348192" lon="14.744233">
      </trkpt>
      <trkpt lat="50.348427" lon="14.741889">
      </trkpt>
      <trkpt lat="50.348744" lon="14.738749">
      </trkpt>
      <trkpt lat="50.349062" lon="14.735609">
      </trkpt>
      <trkpt lat="50.349379" lon="14.732468">
      </trkpt>
      <trkpt lat="50.349706" lon="14.729157">
      </trkpt>
      <trkpt lat="50.349704" lon="14.728465">
      </trkpt>
      <trkpt lat="50.350001" lon="14.725328">
      </trkpt>
      <trkpt lat="50.350822" lon="14.722446">
      </trkpt>
      <trkpt lat="50.351659" lon="14.719504">
      </trkpt>
      <trkpt lat="50.351849" lon="14.718713">
      </trkpt>
      <trkpt lat="50.351933" lon="14.718177">
      </trkpt>
      <trkpt lat="50.352031" lon="14.717279">
      </trkpt>
      <trkpt lat="50.352182" lon="14.715047">
      </trkpt>
      <trkpt lat="50.352216" lon="14.714134">
      </trkpt>
      <trkpt lat="50.360993" lon="14.712597">
      </trkpt>
      <trkpt lat="50.361487" lon="14.714145">
      </trkpt>
      <trkpt lat="50.364917" lon="14.713053">
      </trkpt>
      <trkpt lat="50.367834" lon="14.71">
      </trkpt>
      <trkpt lat="50.366955" lon="14.706509">
      </trkpt>
      <trkpt lat="50.361412" lon="14.704153">
      </trkpt>
      <trkpt lat="50.359774" lon="14.701947">
      </trkpt>
      <trkpt lat="50.358937" lon="14.701175">
      </trkpt>
      <trkpt lat="50.361507" lon="14.692765">
      </trkpt>
      <trkpt lat="50.362039" lon="14.692709">
      </trkpt>
      <trkpt lat="50.36349" lon="14.692746">
      </trkpt>
      <trkpt lat="50.363995" lon="14.692826">
      </trkpt>
      <trkpt lat="50.364558" lon="14.68927">
      </trkpt>
      <trkpt lat="50.364054" lon="14.68919">
      </trkpt>
      <trkpt lat="50.362595" lon="14.689074">
      </trkpt>
      <trkpt lat="50.361747" lon="14.689121">
      </trkpt>
      <trkpt lat="50.361133" lon="14.689185">
      </trkpt>
      <trkpt lat="50.360245" lon="14.689338">
      </trkpt>
      <trkpt lat="50.358736" lon="14.689653">
      </trkpt>
      <trkpt lat="50.356636" lon="14.690129">
      </trkpt>
      <trkpt lat="50.355684" lon="14.690235">
      </trkpt>
      <trkpt lat="50.354874" lon="14.690404">
      </trkpt>
      <trkpt lat="50.353396" lon="14.690781">
      </trkpt>
      <trkpt lat="50.349065" lon="14.692466">
      </trkpt>
      <trkpt lat="50.347112" lon="14.695616">
      </trkpt>
      <trkpt lat="50.346957" lon="14.698853">
      </trkpt>
      <trkpt lat="50.346846" lon="14.701052">
      </trkpt>
      <trkpt lat="50.346817" lon="14.701793">
      </trkpt>
      <trkpt lat="50.34682" lon="14.702453">
      </trkpt>
      <trkpt lat="50.346876" lon="14.703284">
      </trkpt>
      <trkpt lat="50.346964" lon="14.703976">
      </trkpt>
      <trkpt lat="50.347025" lon="14.704323">
      </trkpt>
      <trkpt lat="50.347572" lon="14.706918">
      </trkpt>
      <trkpt lat="50.34811" lon="14.709466">
      </trkpt>
      <trkpt lat="50.348224" lon="14.71027">
      </trkpt>
      <trkpt lat="50.348379" lon="14.71165">
      </trkpt>
      <trkpt lat="50.34859" lon="14.713594">
      </trkpt>
      <trkpt lat="50.348586" lon="14.714885">
      </trkpt>
      <trkpt lat="50.348439" lon="14.717034">
      </trkpt>
      <trkpt lat="50.348164" lon="14.718638">
      </trkpt>
      <trkpt lat="50.34736" lon="14.72146">
      </trkpt>
      <trkpt lat="50.346539" lon="14.724342">
      </trkpt>
      <trkpt lat="50.346175" lon="14.725755">
      </trkpt>
      <trkpt lat="50.346076" lon="14.726351">
      </trkpt>
      <trkpt lat="50.346027" lon="14.726868">
      </trkpt>
      <trkpt lat="50.346019" lon="14.727397">
      </trkpt>
      <trkpt lat="50.346114" lon="14.728737">
      </trkpt>
      <trkpt lat="50.346106" lon="14.729137">
      </trkpt>
      <trkpt lat="50.345798" lon="14.732106">
      </trkpt>
      <trkpt lat="50.34548" lon="14.735247">
      </trkpt>
      <trkpt lat="50.345162" lon="14.738387">
      </trkpt>
      <trkpt lat="50.344845" lon="14.741527">
      </trkpt>
      <trkpt lat="50.34461" lon="14.743874">
      </trkpt>
      <trkpt lat="50.344375" lon="14.74622">
      </trkpt>
      <trkpt lat="50.344195" lon="14.748013">
      </trkpt>
      <trkpt lat="50.344015" lon="14.749806">
      </trkpt>
      <trkpt lat="50.343959" lon="14.750236">
      </trkpt>
      <trkpt lat="50.3439" lon="14.750545">
      </trkpt>
      <trkpt lat="50.343344" lon="14.752727">
      </trkpt>
      <trkpt lat="50.342762" lon="14.755027">
      </trkpt>
      <trkpt lat="50.342443" lon="14.756414">
      </trkpt>
      <trkpt lat="50.341945" lon="14.759303">
      </trkpt>
      <trkpt lat="50.341631" lon="14.761287">
      </trkpt>
      <trkpt lat="50.341322" lon="14.763247">
      </trkpt>
      <trkpt lat="50.340821" lon="14.764832">
      </trkpt>
      <trkpt lat="50.339984" lon="14.766403">
      </trkpt>
      <trkpt lat="50.339789" lon="14.766781">
      </trkpt>
      <trkpt lat="50.339602" lon="14.767193">
      </trkpt>
      <trkpt lat="50.339431" lon="14.767674">
      </trkpt>
      <trkpt lat="50.339312" lon="14.768153">
      </trkpt>
      <trkpt lat="50.339239" lon="14.768594">
      </trkpt>
      <trkpt lat="50.339211" lon="14.768935">
      </trkpt>
      <trkpt lat="50.339218" lon="14.76946">
      </trkpt>
      <trkpt lat="50.339416" lon="14.771072">
      </trkpt>
      <trkpt lat="50.339545" lon="14.771624">
      </trkpt>
      <trkpt lat="50.339674" lon="14.772071">
      </trkpt>
      <trkpt lat="50.339851" lon="14.772555">
      </trkpt>
      <trkpt lat="50.340123" lon="14.773141">
      </trkpt>
      <trkpt lat="50.340434" lon="14.773681">
      </trkpt>
      <trkpt lat="50.341954" lon="14.776053">
      </trkpt>
      <trkpt lat="50.343112" lon="14.777855">
      </trkpt>
      <trkpt lat="50.341599" lon="14.785883">
      </trkpt>
      <trkpt lat="50.337076" lon="14.789398">
      </trkpt>
      <trkpt lat="50.336188" lon="14.789809">
      </trkpt>
      <trkpt lat="50.33572" lon="14.790081">
      </trkpt>
      <trkpt lat="50.335323" lon="14.790375">
      </trkpt>
      <trkpt lat="50.333449" lon="14.796919">
      </trkpt>
      <trkpt lat="50.331123" lon="14.799316">
      </trkpt>
      <trkpt lat="50.326029" lon="14.805067">
      </trkpt>
      <trkpt lat="50.323335" lon="14.806069">
      </trkpt>
      <trkpt lat="50.321373" lon="14.807457">
      </trkpt>
      <trkpt lat="50.320692" lon="14.80792">
      </trkpt>
      <trkpt lat="50.319826" lon="14.808471">
      </trkpt>
      <trkpt lat="50.313447" lon="14.802561">
      </trkpt>
      <trkpt lat="50.314176" lon="14.800817">
      </trkpt>
      <trkpt lat="50.314974" lon="14.798878">
      </trkpt>
      <trkpt lat="50.315148" lon="14.79823">
      </trkpt>
      <trkpt lat="50.315255" lon="14.79755">
      </trkpt>
      <trkpt lat="50.315452" lon="14.795565">
      </trkpt>
      <trkpt lat="50.315642" lon="14.793633">
      </trkpt>
      <trkpt lat="50.315847" lon="14.792">
      </trkpt>
      <trkpt lat="50.316593" lon="14.789642">
      </trkpt>
      <trkpt lat="50.317544" lon="14.787754">
      </trkpt>
      <trkpt lat="50.317736" lon="14.787189">
      </trkpt>
      <trkpt lat="50.318652" lon="14.784752">
      </trkpt>
      <trkpt lat="50.319062" lon="14.783308">
      </trkpt>
      <trkpt lat="50.319264" lon="14.782592">
      </trkpt>
      <trkpt lat="50.320408" lon="14.77981">
      </trkpt>
      <trkpt lat="50.320719" lon="14.779229">
      </trkpt>
      <trkpt lat="50.321002" lon="14.778741">
      </trkpt>
      <trkpt lat="50.322148" lon="14.777004">
      </trkpt>
      <trkpt lat="50.322542" lon="14.77623">
      </trkpt>
      <trkpt lat="50.32296" lon="14.775199">
      </trkpt>
      <trkpt lat="50.324267" lon="14.772061">
      </trkpt>
      <trkpt lat="50.324679" lon="14.770015">
      </trkpt>
      <trkpt lat="50.325746" lon="14.767822">
      </trkpt>
      <trkpt lat="50.326021" lon="14.767225">
      </trkpt>
      <trkpt lat="50.326431" lon="14.76607">
      </trkpt>
      <trkpt lat="50.326634" lon="14.765315">
      </trkpt>
      <trkpt lat="50.327267" lon="14.763709">
      </trkpt>
      <trkpt lat="50.328675" lon="14.760622">
      </trkpt>
      <trkpt lat="50.329035" lon="14.759528">
      </trkpt>
      <trkpt lat="50.329284" lon="14.758595">
      </trkpt>
      <trkpt lat="50.329501" lon="14.75798">
      </trkpt>
      <trkpt lat="50.32968" lon="14.757539">
      </trkpt>
      <trkpt lat="50.329877" lon="14.757137">
      </trkpt>
      <trkpt lat="50.330793" lon="14.755819">
      </trkpt>
      <trkpt lat="50.331358" lon="14.754651">
      </trkpt>
      <trkpt lat="50.334066" lon="14.750838">
      </trkpt>
      <trkpt lat="50.334241" lon="14.749655">
      </trkpt>
      <trkpt lat="50.334256" lon="14.749347">
      </trkpt>
      <trkpt lat="50.334272" lon="14.749164">
      </trkpt>
      <trkpt lat="50.334404" lon="14.747234">
      </trkpt>
      <trkpt lat="50.334545" lon="14.746354">
      </trkpt>
      <trkpt lat="50.330681" lon="14.748271">
      </trkpt>
      <trkpt lat="50.32895" lon="14.750395">
      </trkpt>
      <trkpt lat="50.328605" lon="14.750891">
      </trkpt>
      <trkpt lat="50.328206" lon="14.751838">
      </trkpt>
      <trkpt lat="50.328036" lon="14.752643">
      </trkpt>
      <trkpt lat="50.326936" lon="14.755061">
      </trkpt>
      <trkpt lat="50.318048" lon="14.754557">
      </trkpt>
      <trkpt lat="50.317721" lon="14.752831">
      </trkpt>
      <trkpt lat="50.317484" lon="14.751944">
      </trkpt>
      <trkpt lat="50.317066" lon="14.750658">
      </trkpt>
      <trkpt lat="50.316261" lon="14.748826">
      </trkpt>
      <trkpt lat="50.316001" lon="14.746954">
      </trkpt>
      <trkpt lat="50.321535" lon="14.740214">
      </trkpt>
      <trkpt lat="50.322489" lon="14.740166">
      </trkpt>
      <trkpt lat="50.323149" lon="14.739993">
      </trkpt>
      <trkpt lat="50.32496" lon="14.739196">
      </trkpt>
      <trkpt lat="50.325744" lon="14.738464">
      </trkpt>
      <trkpt lat="50.326846" lon="14.737049">
      </trkpt>
      <trkpt lat="50.327058" lon="14.736721">
      </trkpt>
      <trkpt lat="50.3281" lon="14.735409">
      </trkpt>
      <trkpt lat="50.328632" lon="14.734668">
      </trkpt>
      <trkpt lat="50.329568" lon="14.732686">
      </trkpt>
      <trkpt lat="50.328672" lon="14.730398">
      </trkpt>
      <trkpt lat="50.328628" lon="14.73026">
      </trkpt>
      <trkpt lat="50.331991" lon="14.722441">
      </trkpt>
      <trkpt lat="50.333529" lon="14.722478">
      </trkpt>
      <trkpt lat="50.334098" lon="14.722408">
      </trkpt>
      <trkpt lat="50.334633" lon="14.722258">
      </trkpt>
      <trkpt lat="50.333324" lon="14.718905">
      </trkpt>
      <trkpt lat="50.332378" lon="14.71666">
      </trkpt>
      <trkpt lat="50.332283" lon="14.710741">
      </trkpt>
      <trkpt lat="50.328782" lon="14.707276">
      </trkpt>
      <trkpt lat="50.330784" lon="14.700233">
      </trkpt>
      <trkpt lat="50.330637" lon="14.697853">
      </trkpt>
      <trkpt lat="50.330842" lon="14.694946">
      </trkpt>
      <trkpt lat="50.331077" lon="14.692561">
      </trkpt>
      <trkpt lat="50.332045" lon="14.688539">
      </trkpt>
      <trkpt lat="50.337184" lon="14.68237">
      </trkpt>
      <trkpt lat="50.338935" lon="14.681369">
      </trkpt>
      <trkpt lat="50.339386" lon="14.680954">
      </trkpt>
      <trkpt lat="50.341624" lon="14.678309">
      </trkpt>
      <trkpt lat="50.348423" lon="14.679492">
      </trkpt>
      <trkpt lat="50.350064" lon="14.680373">
      </trkpt>
      <trkpt lat="50.352559" lon="14.68125">
      </trkpt>
      <trkpt lat="50.353276" lon="14.678747">
      </trkpt>
      <trkpt lat="50.353599" lon="14.670211">
      </trkpt>
      <trkpt lat="50.356048" lon="14.66769">
      </trkpt>
      <trkpt lat="50.357013" lon="14.66705">
      </trkpt>
      <trkpt lat="50.357532" lon="14.666508">
      </trkpt>
      <trkpt lat="50.357532" lon="14.666018">
      </trkpt>
      <trkpt lat="50.357532" lon="14.662908">
      </trkpt>
      <trkpt lat="50.354673" lon="14.660138">
      </trkpt>
      <trkpt lat="50.351995" lon="14.657732">
      </trkpt>
      <trkpt lat="50.347307" lon="14.651997">
      </trkpt>
      <trkpt lat="50.348801" lon="14.649167">
      </trkpt>
      <trkpt lat="50.350298" lon="14.64633">
      </trkpt>
      <trkpt lat="50.356145" lon="14.642046">
      </trkpt>
      <trkpt lat="50.35966" lon="14.641265">
      </trkpt>
      <trkpt lat="50.362249" lon="14.638073">
      </trkpt>
      <trkpt lat="50.358277" lon="14.630249">
      </trkpt>
      <trkpt lat="50.357881" lon="14.630057">
      </trkpt>
      <trkpt lat="50.354704" lon="14.630685">
      </trkpt>
      <trkpt lat="50.35084" lon="14.631118">
      </trkpt>
      <trkpt lat="50.349907" lon="14.631435">
      </trkpt>
      <trkpt lat="50.349288" lon="14.631934">
      </trkpt>
      <trkpt lat="50.348668" lon="14.632673">
      </trkpt>
      <trkpt lat="50.350151" lon="14.637619">
      </trkpt>
      <trkpt lat="50.34949" lon="14.639971">
      </trkpt>
      <trkpt lat="50.349178" lon="14.640709">
      </trkpt>
      <trkpt lat="50.348174" lon="14.642619">
      </trkpt>
      <trkpt lat="50.347107" lon="14.644664">
      </trkpt>
      <trkpt lat="50.338665" lon="14.642157">
      </trkpt>
      <trkpt lat="50.3368" lon="14.63833">
      </trkpt>
      <trkpt lat="50.336162" lon="14.630248">
      </trkpt>
      <trkpt lat="50.336606" lon="14.628438">
      </trkpt>
      <trkpt lat="50.337051" lon="14.626627">
      </trkpt>
      <trkpt lat="50.337434" lon="14.625135">
      </trkpt>
      <trkpt lat="50.33746" lon="14.62502">
      </trkpt>
      <trkpt lat="50.337825" lon="14.623077">
      </trkpt>
      <trkpt lat="50.338188" lon="14.621148">
      </trkpt>
      <trkpt lat="50.338607" lon="14.619012">
      </trkpt>
      <trkpt lat="50.339121" lon="14.612161">
      </trkpt>
      <trkpt lat="50.341913" lon="14.606997">
      </trkpt>
      <trkpt lat="50.342048" lon="14.605601">
      </trkpt>
      <trkpt lat="50.341641" lon="14.603948">
      </trkpt>
      <trkpt lat="50.338081" lon="14.598678">
      </trkpt>
      <trkpt lat="50.338041" lon="14.597982">
      </trkpt>
      <trkpt lat="50.343329" lon="14.591355">
      </trkpt>
      <trkpt lat="50.343879" lon="14.591096">
      </trkpt>
      <trkpt lat="50.344321" lon="14.59076">
      </trkpt>
      <trkpt lat="50.345501" lon="14.589806">
      </trkpt>
      <trkpt lat="50.345861" lon="14.589288">
      </trkpt>
      <trkpt lat="50.349882" lon="14.583437">
      </trkpt>
      <trkpt lat="50.350729" lon="14.575728">
      </trkpt>
      <trkpt lat="50.349706" lon="14.569404">
      </trkpt>
      <trkpt lat="50.346106" lon="14.56938">
      </trkpt>
      <trkpt lat="50.341202" lon="14.562403">
      </trkpt>
      <trkpt lat="50.347114" lon="14.560237">
      </trkpt>
      <trkpt lat="50.350566" lon="14.559215">
      </trkpt>
      <trkpt lat="50.350248" lon="14.558143">
      </trkpt>
      <trkpt lat="50.349672" lon="14.553039">
      </trkpt>
      <trkpt lat="50.349644" lon="14.55296">
      </trkpt>
      <trkpt lat="50.347388" lon="14.548608">
      </trkpt>
      <trkpt lat="50.347188" lon="14.548006">
      </trkpt>
      <trkpt lat="50.346812" lon="14.546549">
      </trkpt>
      <trkpt lat="50.346281" lon="14.545484">
      </trkpt>
      <trkpt lat="50.345445" lon="14.541522">
      </trkpt>
      <trkpt lat="50.351767" lon="14.536606">
      </trkpt>
      <trkpt lat="50.354154" lon="14.533912">
      </trkpt>
      <trkpt lat="50.358241" lon="14.528296">
      </trkpt>
      <trkpt lat="50.365935" lon="14.523648">
      </trkpt>
      <trkpt lat="50.371717" lon="14.529849">
      </trkpt>
      <trkpt lat="50.371771" lon="14.531027">
      </trkpt>
      <trkpt lat="50.371889" lon="14.532846">
      </trkpt>
      <trkpt lat="50.372227" lon="14.533869">
      </trkpt>
      <trkpt lat="50.372543" lon="14.535734">
      </trkpt>
      <trkpt lat="50.373479" lon="14.542916">
      </trkpt>
      <trkpt lat="50.37653" lon="14.544827">
      </trkpt>
      <trkpt lat="50.381906" lon="14.545494">
      </trkpt>
      <trkpt lat="50.383022" lon="14.545351">
      </trkpt>
      <trkpt lat="50.38338" lon="14.545162">
      </trkpt>
      <trkpt lat="50.3843" lon="14.544649">
      </trkpt>
      <trkpt lat="50.386248" lon="14.542903">
      </trkpt>
      <trkpt lat="50.386752" lon="14.542335">
      </trkpt>
      <trkpt lat="50.386645" lon="14.540343">
      </trkpt>
      <trkpt lat="50.386094" lon="14.539936">
      </trkpt>
      <trkpt lat="50.385228" lon="14.539507">
      </trkpt>
      <trkpt lat="50.380279" lon="14.533361">
      </trkpt>
      <trkpt lat="50.380205" lon="14.531656">
      </trkpt>
      <trkpt lat="50.379664" lon="14.529387">
      </trkpt>
      <trkpt lat="50.379483" lon="14.528578">
      </trkpt>
      <trkpt lat="50.379365" lon="14.527833">
      </trkpt>
      <trkpt lat="50.38615" lon="14.522572">
      </trkpt>
      <trkpt lat="50.387014" lon="14.523036">
      </trkpt>
      <trkpt lat="50.388291" lon="14.523714">
      </trkpt>
      <trkpt lat="50.391348" lon="14.525194">
      </trkpt>
      <trkpt lat="50.392542" lon="14.525734">
      </trkpt>
      <trkpt lat="50.399663" lon="14.521988">
      </trkpt>
      <trkpt lat="50.402399" lon="14.521487">
      </trkpt>
      <trkpt lat="50.40324" lon="14.520644">
      </trkpt>
      <trkpt lat="50.405102" lon="14.516432">
      </trkpt>
      <trkpt lat="50.405708" lon="14.512883">
      </trkpt>
      <trkpt lat="50.403443" lon="14.512053">
      </trkpt>
      <trkpt lat="50.401295" lon="14.511079">
      </trkpt>
      <trkpt lat="50.399261" lon="14.51016">
      </trkpt>
      <trkpt lat="50.397405" lon="14.5093">
      </trkpt>
      <trkpt lat="50.391017" lon="14.502965">
      </trkpt>
      <trkpt lat="50.390826" lon="14.502566">
      </trkpt>
      <trkpt lat="50.390575" lon="14.502125">
      </trkpt>
      <trkpt lat="50.389686" lon="14.494943">
      </trkpt>
      <trkpt lat="50.390925" lon="14.49309">
      </trkpt>
      <trkpt lat="50.391516" lon="14.492484">
      </trkpt>
      <trkpt lat="50.391885" lon="14.491907">
      </trkpt>
      <trkpt lat="50.392582" lon="14.490624">
      </trkpt>
      <trkpt lat="50.393503" lon="14.488521">
      </trkpt>
      <trkpt lat="50.393743" lon="14.487891">
      </trkpt>
      <trkpt lat="50.398021" lon="14.481046">
      </trkpt>
      <trkpt lat="50.398085" lon="14.479425">
      </trkpt>
      <trkpt lat="50.398289" lon="14.47799">
      </trkpt>
      <trkpt lat="50.398411" lon="14.476257">
      </trkpt>
      <trkpt lat="50.398445" lon="14.474659">
      </trkpt>
      <trkpt lat="50.406066" lon="14.46991">
      </trkpt>
      <trkpt lat="50.409577" lon="14.469111">
      </trkpt>
      <trkpt lat="50.408854" lon="14.465934">
      </trkpt>
      <trkpt lat="50.416882" lon="14.463138">
      </trkpt>
      <trkpt lat="50.41696" lon="14.463198">
      </trkpt>
      <trkpt lat="50.417043" lon="14.463253">
      </trkpt>
      <trkpt lat="50.417479" lon="14.463454">
      </trkpt>
      <trkpt lat="50.419484" lon="14.460463">
      </trkpt>
      <trkpt lat="50.41528" lon="14.453031">
      </trkpt>
      <trkpt lat="50.416795" lon="14.444651">
      </trkpt>
      <trkpt lat="50.419141" lon="14.440509">
      </trkpt>
      <trkpt lat="50.420886" lon="14.431744">
      </trkpt>
      <trkpt lat="50.421213" lon="14.431178">
      </trkpt>
      <trkpt lat="50.421642" lon="14.430366">
      </trkpt>
      <trkpt lat="50.422538" lon="14.428288">
      </trkpt>
      <trkpt lat="50.425416" lon="14.422571">
      </trkpt>
      <trkpt lat="50.422344" lon="14.420694">
      </trkpt>
      <trkpt lat="50.419967" lon="14.414026">
      </trkpt>
      <trkpt lat="50.420082" lon="14.413225">
      </trkpt>
      <trkpt lat="50.420131" lon="14.412444">
      </trkpt>
      <trkpt lat="50.420133" lon="14.411595">
      </trkpt>
      <trkpt lat="50.419844" lon="14.40757">
      </trkpt>
      <trkpt lat="50.421203" lon="14.40195">
      </trkpt>
      <trkpt lat="50.42283" lon="14.398778">
      </trkpt>
      <trkpt lat="50.426386" lon="14.394253">
      </trkpt>
      <trkpt lat="50.426628" lon="14.393719">
      </trkpt>
      <trkpt lat="50.426848" lon="14.392943">
      </trkpt>
      <trkpt lat="50.426877" lon="14.392011">
      </trkpt>
      <trkpt lat="50.427598" lon="14.387913">
      </trkpt>
      <trkpt lat="50.4301" lon="14.382778">
      </trkpt>
      <trkpt lat="50.431657" lon="14.380653">
      </trkpt>
      <trkpt lat="50.432868" lon="14.378999">
      </trkpt>
      <trkpt lat="50.434079" lon="14.377345">
      </trkpt>
      <trkpt lat="50.434092" lon="14.373792">
      </trkpt>
      <trkpt lat="50.442742" lon="14.371767">
      </trkpt>
      <trkpt lat="50.443062" lon="14.371812">
      </trkpt>
      <trkpt lat="50.443845" lon="14.371778">
      </trkpt>
      <trkpt lat="50.444287" lon="14.37169">
      </trkpt>
      <trkpt lat="50.446088" lon="14.371086">
      </trkpt>
      <trkpt lat="50.447175" lon="14.370579">
      </trkpt>
      <trkpt lat="50.455133" lon="14.374735">
      </trkpt>
      <trkpt lat="50.455833" lon="14.37628">
      </trkpt>
      <trkpt lat="50.457539" lon="14.375703">
      </trkpt>
      <trkpt lat="50.459112" lon="14.374795">
      </trkpt>
      <trkpt lat="50.459459" lon="14.373903">
      </trkpt>
      <trkpt lat="50.458972" lon="14.372842">
      </trkpt>
      <trkpt lat="50.458953" lon="14.372799">
      </trkpt>
      <trkpt lat="50.458269" lon="14.37093">
      </trkpt>
      <trkpt lat="50.457721" lon="14.367147">
      </trkpt>
      <trkpt lat="50.457842" lon="14.36147">
      </trkpt>
      <trkpt lat="50.465046" lon="14.357153">
      </trkpt>
      <trkpt lat="50.467139" lon="14.354224">
      </trkpt>
      <trkpt lat="50.465947" lon="14.35303">
      </trkpt>
      <trkpt lat="50.464728" lon="14.351505">
      </trkpt>
      <trkpt lat="50.463798" lon="14.35067">
      </trkpt>
      <trkpt lat="50.46452" lon="14.34204">
      </trkpt>
      <trkpt lat="50.466856" lon="14.334406">
      </trkpt>
      <trkpt lat="50.468819" lon="14.327356">
      </trkpt>
      <trkpt lat="50.469177" lon="14.324976">
      </trkpt>
      <trkpt lat="50.461482" lon="14.321682">
      </trkpt>
      <trkpt lat="50.457233" lon="14.314161">
      </trkpt>
      <trkpt lat="50.457018" lon="14.311478">
      </trkpt>
      <trkpt lat="50.456999" lon="14.311223">
      </trkpt>
      <trkpt lat="50.456614" lon="14.307899">
      </trkpt>
      <trkpt lat="50.453082" lon="14.306537">
      </trkpt>
      <trkpt lat="50.451374" lon="14.306503">
      </trkpt>
      <trkpt lat="50.44524" lon="14.302799">
      </trkpt>
      <trkpt lat="50.445543" lon="14.293943">
      </trkpt>
      <trkpt lat="50.445578" lon="14.293826">
      </trkpt>
      <trkpt lat="50.445618" lon="14.293643">
      </trkpt>
      <trkpt lat="50.446144" lon="14.291109">
      </trkpt>
      <trkpt lat="50.44631" lon="14.290521">
      </trkpt>
      <trkpt lat="50.44055" lon="14.292044">
      </trkpt>
      <trkpt lat="50.434682" lon="14.288316">
      </trkpt>
      <trkpt lat="50.433291" lon="14.284994">
      </trkpt>
      <trkpt lat="50.43193" lon="14.283087">
      </trkpt>
      <trkpt lat="50.429918" lon="14.278646">
      </trkpt>
      <trkpt lat="50.429796" lon="14.278261">
      </trkpt>
      <trkpt lat="50.426435" lon="14.271856">
      </trkpt>
      <trkpt lat="50.426653" lon="14.266568">
      </trkpt>
      <trkpt lat="50.427085" lon="14.260935">
      </trkpt>
      <trkpt lat="50.427399" lon="14.258355">
      </trkpt>
      <trkpt lat="50.427603" lon="14.252372">
      </trkpt>
      <trkpt lat="50.428339" lon="14.247498">
      </trkpt>
      <trkpt lat="50.43285" lon="14.240991">
      </trkpt>
      <trkpt lat="50.437501" lon="14.237608">
      </trkpt>
      <trkpt lat="50.440752" lon="14.236611">
      </trkpt>
      <trkpt lat="50.44742" lon="14.235138">
      </trkpt>
      <trkpt lat="50.454683" lon="14.230842">
      </trkpt>
      <trkpt lat="50.462803" lon="14.23327">
      </trkpt>
      <trkpt lat="50.470053" lon="14.232551">
      </trkpt>
      <trkpt lat="50.471332" lon="14.232456">
      </trkpt>
      <trkpt lat="50.475377" lon="14.232167">
      </trkpt>
      <trkpt lat="50.481923" lon="14.231514">
      </trkpt>
      <trkpt lat="50.484389" lon="14.233112">
      </trkpt>
      <trkpt lat="50.488976" lon="14.229817">
      </trkpt>
      <trkpt lat="50.488133" lon="14.226317">
      </trkpt>
      <trkpt lat="50.487627" lon="14.220359">
      </trkpt>
      <trkpt lat="50.493267" lon="14.213358">
      </trkpt>
      <trkpt lat="50.500369" lon="14.214545">
      </trkpt>
      <trkpt lat="50.503466" lon="14.21982">
      </trkpt>
      <trkpt lat="50.503642" lon="14.220526">
      </trkpt>
      <trkpt lat="50.503899" lon="14.221414">
      </trkpt>
      <trkpt lat="50.504424" lon="14.223034">
      </trkpt>
      <trkpt lat="50.507417" lon="14.224046">
      </trkpt>
      <trkpt lat="50.508995" lon="14.22414">
      </trkpt>
      <trkpt lat="50.510442" lon="14.223726">
      </trkpt>
      <trkpt lat="50.513563" lon="14.215972">
      </trkpt>
      <trkpt lat="50.51505" lon="14.214861">
      </trkpt>
      <trkpt lat="50.515408" lon="14.214515">
      </trkpt>
      <trkpt lat="50.512905" lon="14.211927">
      </trkpt>
      <trkpt lat="50.510378" lon="14.205965">
      </trkpt>
      <trkpt lat="50.510941" lon="14.203186">
      </trkpt>
      <trkpt lat="50.519713" lon="14.20348">
      </trkpt>
      <trkpt lat="50.522191" lon="14.200056">
      </trkpt>
      <trkpt lat="50.522459" lon="14.19777">
      </trkpt>
      <trkpt lat="50.521099" lon="14.191738">
      </trkpt>
      <trkpt lat="50.52092" lon="14.190842">
      </trkpt>
      <trkpt lat="50.520053" lon="14.188502">
      </trkpt>
      <trkpt lat="50.519315" lon="14.187126">
      </trkpt>
      <trkpt lat="50.518221" lon="14.184851">
      </trkpt>
      <trkpt lat="50.521503" lon="14.178151">
      </trkpt>
      <trkpt lat="50.525187" lon="14.177744">
      </trkpt>
      <trkpt lat="50.524473" lon="14.172767">
      </trkpt>
      <trkpt lat="50.526907" lon="14.168888">
      </trkpt>
      <trkpt lat="50.528529" lon="14.165956">
      </trkpt>
      <trkpt lat="50.529389" lon="14.16461">
      </trkpt>
      <trkpt lat="50.529412" lon="14.164534">
      </trkpt>
      <trkpt lat="50.527461" lon="14.161508">
      </trkpt>
      <trkpt lat="50.526602" lon="14.153195">
      </trkpt>
      <trkpt lat="50.526644" lon="14.152616">
      </trkpt>
      <trkpt lat="50.526638" lon="14.15226">
      </trkpt>
      <trkpt lat="50.526443" lon="14.152103">
      </trkpt>
      <trkpt lat="50.525857" lon="14.151572">
      </trkpt>
      <trkpt lat="50.525125" lon="14.151258">
      </trkpt>
      <trkpt lat="50.524176" lon="14.151256">
      </trkpt>
      <trkpt lat="50.523617" lon="14.15143">
      </trkpt>
      <trkpt lat="50.515213" lon="14.149253">
      </trkpt>
      <trkpt lat="50.515583" lon="14.142058">
      </trkpt>
      <trkpt lat="50.523587" lon="14.140229">
      </trkpt>
      <trkpt lat="50.527157" lon="14.139759">
      </trkpt>
      <trkpt lat="50.533162" lon="14.138364">
      </trkpt>
      <trkpt lat="50.533203" lon="14.138345">
      </trkpt>
      <trkpt lat="50.534175" lon="14.136315">
      </trkpt>
      <trkpt lat="50.53902" lon="14.129227">
      </trkpt>
      <trkpt lat="50.539048" lon="14.129167">
      </trkpt>
      <trkpt lat="50.540457" lon="14.126015">
      </trkpt>
      <trkpt lat="50.540418" lon="14.125728">
      </trkpt>
      <trkpt lat="50.539177" lon="14.121483">
      </trkpt>
      <trkpt lat="50.539015" lon="14.121034">
      </trkpt>
      <trkpt lat="50.537876" lon="14.119429">
      </trkpt>
      <trkpt lat="50.537394" lon="14.111861">
      </trkpt>
      <trkpt lat="50.537497" lon="14.111429">
      </trkpt>
      <trkpt lat="50.538074" lon="14.108986">
      </trkpt>
      <trkpt lat="50.534635" lon="14.107923">
      </trkpt>
      <trkpt lat="50.530158" lon="14.104346">
      </trkpt>
      <trkpt lat="50.52952" lon="14.098961">
      </trkpt>
      <trkpt lat="50.529462" lon="14.098035">
      </trkpt>
      <trkpt lat="50.529037" lon="14.097211">
      </trkpt>
      <trkpt lat="50.528215" lon="14.096285">
      </trkpt>
      <trkpt lat="50.525808" lon="14.091211">
      </trkpt>
      <trkpt lat="50.526213" lon="14.084794">
      </trkpt>
      <trkpt lat="50.523119" lon="14.082952">
      </trkpt>
      <trkpt lat="50.520783" lon="14.084271">
      </trkpt>
      <trkpt lat="50.520632" lon="14.084438">
      </trkpt>
      <trkpt lat="50.52008" lon="14.085561">
      </trkpt>
      <trkpt lat="50.511116" lon="14.08564">
      </trkpt>
      <trkpt lat="50.511069" lon="14.085584">
      </trkpt>
      <trkpt lat="50.50986" lon="14.083344">
      </trkpt>
      <trkpt lat="50.50964" lon="14.080867">
      </trkpt>
      <trkpt lat="50.509636" lon="14.080697">
      </trkpt>
      <trkpt lat="50.509624" lon="14.080151">
      </trkpt>
      <trkpt lat="50.509567" lon="14.077443">
      </trkpt>
      <trkpt lat="50.509551" lon="14.076642">
      </trkpt>
      <trkpt lat="50.509541" lon="14.076197">
      </trkpt>
      <trkpt lat="50.509528" lon="14.07558">
      </trkpt>
      <trkpt lat="50.509518" lon="14.075101">
      </trkpt>
      <trkpt lat="50.510483" lon="14.070655">
      </trkpt>
      <trkpt lat="50.512282" lon="14.063287">
      </trkpt>
      <trkpt lat="50.516784" lon="14.058981">
      </trkpt>
      <trkpt lat="50.516929" lon="14.057845">
      </trkpt>
      <trkpt lat="50.517369" lon="14.05603">
      </trkpt>
      <trkpt lat="50.517389" lon="14.055907">
      </trkpt>
      <trkpt lat="50.517374" lon="14.055798">
      </trkpt>
      <trkpt lat="50.523817" lon="14.050075">
      </trkpt>
      <trkpt lat="50.526202" lon="14.052239">
      </trkpt>
      <trkpt lat="50.528882" lon="14.054669">
      </trkpt>
      <trkpt lat="50.532282" lon="14.05775">
      </trkpt>
      <trkpt lat="50.533854" lon="14.059139">
      </trkpt>
      <trkpt lat="50.534455" lon="14.059516">
      </trkpt>
      <trkpt lat="50.538989" lon="14.058395">
      </trkpt>
      <trkpt lat="50.539679" lon="14.058207">
      </trkpt>
      <trkpt lat="50.542354" lon="14.056302">
      </trkpt>
      <trkpt lat="50.542839" lon="14.055913">
      </trkpt>
      <trkpt lat="50.543294" lon="14.05548">
      </trkpt>
      <trkpt lat="50.543652" lon="14.055067">
      </trkpt>
      <trkpt lat="50.543941" lon="14.054663">
      </trkpt>
      <trkpt lat="50.544165" lon="14.054287">
      </trkpt>
      <trkpt lat="50.544385" lon="14.053841">
      </trkpt>
      <trkpt lat="50.544623" lon="14.053242">
      </trkpt>
      <trkpt lat="50.544747" lon="14.052856">
      </trkpt>
      <trkpt lat="50.544936" lon="14.052133">
      </trkpt>
      <trkpt lat="50.545071" lon="14.051514">
      </trkpt>
      <trkpt lat="50.545419" lon="14.0497">
      </trkpt>
      <trkpt lat="50.545767" lon="14.047887">
      </trkpt>
      <trkpt lat="50.546187" lon="14.045697">
      </trkpt>
      <trkpt lat="50.55179" lon="14.040192">
      </trkpt>
      <trkpt lat="50.552342" lon="14.040023">
      </trkpt>
      <trkpt lat="50.55291" lon="14.03979">
      </trkpt>
      <trkpt lat="50.553414" lon="14.03952">
      </trkpt>
      <trkpt lat="50.553768" lon="14.039294">
      </trkpt>
      <trkpt lat="50.554723" lon="14.038663">
      </trkpt>
      <trkpt lat="50.554953" lon="14.037976">
      </trkpt>
      <trkpt lat="50.554547" lon="14.037474">
      </trkpt>
      <trkpt lat="50.552545" lon="14.035299">
      </trkpt>
      <trkpt lat="50.548757" lon="14.036951">
      </trkpt>
      <trkpt lat="50.548348" lon="14.037017">
      </trkpt>
      <trkpt lat="50.54757" lon="14.037242">
      </trkpt>
      <trkpt lat="50.546836" lon="14.037561">
      </trkpt>
      <trkpt lat="50.546222" lon="14.037944">
      </trkpt>
      <trkpt lat="50.545756" lon="14.038307">
      </trkpt>
      <trkpt lat="50.545197" lon="14.038866">
      </trkpt>
      <trkpt lat="50.544778" lon="14.039381">
      </trkpt>
      <trkpt lat="50.544539" lon="14.039734">
      </trkpt>
      <trkpt lat="50.544061" lon="14.040617">
      </trkpt>
      <trkpt lat="50.543485" lon="14.041996">
      </trkpt>
      <trkpt lat="50.536549" lon="14.045052">
      </trkpt>
      <trkpt lat="50.533167" lon="14.043818">
      </trkpt>
      <trkpt lat="50.533316" lon="14.036197">
      </trkpt>
      <trkpt lat="50.531465" lon="14.033109">
      </trkpt>
      <trkpt lat="50.525809" lon="14.031441">
      </trkpt>
      <trkpt lat="50.525697" lon="14.03133">
      </trkpt>
      <trkpt lat="50.525597" lon="14.031264">
      </trkpt>
      <trkpt lat="50.525496" lon="14.031236">
      </trkpt>
      <trkpt lat="50.525328" lon="14.031289">
      </trkpt>
      <trkpt lat="50.517649" lon="14.028094">
      </trkpt>
      <trkpt lat="50.518122" lon="14.022459">
      </trkpt>
      <trkpt lat="50.518308" lon="14.020229">
      </trkpt>
      <trkpt lat="50.522162" lon="14.014417">
      </trkpt>
      <trkpt lat="50.530214" lon="14.017278">
      </trkpt>
      <trkpt lat="50.533377" lon="14.02181">
      </trkpt>
      <trkpt lat="50.536976" lon="14.021722">
      </trkpt>
      <trkpt lat="50.540769" lon="14.022965">
      </trkpt>
      <trkpt lat="50.544326" lon="14.022411">
      </trkpt>
      <trkpt lat="50.544265" lon="14.022017">
      </trkpt>
      <trkpt lat="50.546459" lon="14.015165">
      </trkpt>
      <trkpt lat="50.552746" lon="14.0143">
      </trkpt>
      <trkpt lat="50.554665" lon="14.014962">
      </trkpt>
      <trkpt lat="50.558893" lon="14.016482">
      </trkpt>
      <trkpt lat="50.559244" lon="14.016652">
      </trkpt>
      <trkpt lat="50.560295" lon="14.017233">
      </trkpt>
      <trkpt lat="50.562934" lon="14.018905">
      </trkpt>
      <trkpt lat="50.565134" lon="14.020289">
      </trkpt>
      <trkpt lat="50.566052" lon="14.020828">
      </trkpt>
      <trkpt lat="50.566685" lon="14.021163">
      </trkpt>
      <trkpt lat="50.567344" lon="14.02147">
      </trkpt>
      <trkpt lat="50.568217" lon="14.021821">
      </trkpt>
      <trkpt lat="50.56909" lon="14.022109">
      </trkpt>
      <trkpt lat="50.569688" lon="14.022271">
      </trkpt>
      <trkpt lat="50.574954" lon="14.022389">
      </trkpt>
      <trkpt lat="50.575627" lon="14.022174">
      </trkpt>
      <trkpt lat="50.576283" lon="14.0219">
      </trkpt>
      <trkpt lat="50.576936" lon="14.021563">
      </trkpt>
      <trkpt lat="50.580079" lon="14.018798">
      </trkpt>
      <trkpt lat="50.580621" lon="14.018106">
      </trkpt>
      <trkpt lat="50.581127" lon="14.017327">
      </trkpt>
      <trkpt lat="50.581539" lon="14.016574">
      </trkpt>
      <trkpt lat="50.583022" lon="14.012875">
      </trkpt>
      <trkpt lat="50.584295" lon="14.00909">
      </trkpt>
      <trkpt lat="50.58558" lon="14.005268">
      </trkpt>
      <trkpt lat="50.586718" lon="14.001732">
      </trkpt>
      <trkpt lat="50.586974" lon="14.000912">
      </trkpt>
      <trkpt lat="50.587244" lon="13.99996">
      </trkpt>
      <trkpt lat="50.587416" lon="13.999284">
      </trkpt>
      <trkpt lat="50.587641" lon="13.998296">
      </trkpt>
      <trkpt lat="50.587888" lon="13.997007">
      </trkpt>
      <trkpt lat="50.58801" lon="13.996229">
      </trkpt>
      <trkpt lat="50.588141" lon="13.995215">
      </trkpt>
      <trkpt lat="50.588242" lon="13.9942">
      </trkpt>
      <trkpt lat="50.588319" lon="13.993085">
      </trkpt>
      <trkpt lat="50.588386" lon="13.991218">
      </trkpt>
      <trkpt lat="50.588452" lon="13.989392">
      </trkpt>
      <trkpt lat="50.588499" lon="13.98856">
      </trkpt>
      <trkpt lat="50.588574" lon="13.987713">
      </trkpt>
      <trkpt lat="50.588665" lon="13.986929">
      </trkpt>
      <trkpt lat="50.58876" lon="13.986273">
      </trkpt>
      <trkpt lat="50.589388" lon="13.983494">
      </trkpt>
      <trkpt lat="50.59282" lon="13.977049">
      </trkpt>
      <trkpt lat="50.590108" lon="13.974681">
      </trkpt>
      <trkpt lat="50.589675" lon="13.975177">
      </trkpt>
      <trkpt lat="50.589193" lon="13.975783">
      </trkpt>
      <trkpt lat="50.58852" lon="13.976742">
      </trkpt>
      <trkpt lat="50.588102" lon="13.977407">
      </trkpt>
      <trkpt lat="50.587491" lon="13.978524">
      </trkpt>
      <trkpt lat="50.587104" lon="13.979317">
      </trkpt>
      <trkpt lat="50.586722" lon="13.980202">
      </trkpt>
      <trkpt lat="50.586483" lon="13.980824">
      </trkpt>
      <trkpt lat="50.586279" lon="13.981391">
      </trkpt>
      <trkpt lat="50.585956" lon="13.982405">
      </trkpt>
      <trkpt lat="50.585226" lon="13.985588">
      </trkpt>
      <trkpt lat="50.585104" lon="13.986402">
      </trkpt>
      <trkpt lat="50.584998" lon="13.987294">
      </trkpt>
      <trkpt lat="50.584913" lon="13.988242">
      </trkpt>
      <trkpt lat="50.584858" lon="13.989181">
      </trkpt>
      <trkpt lat="50.584789" lon="13.991088">
      </trkpt>
      <trkpt lat="50.584721" lon="13.992955">
      </trkpt>
      <trkpt lat="50.584651" lon="13.993949">
      </trkpt>
      <trkpt lat="50.584559" lon="13.994854">
      </trkpt>
      <trkpt lat="50.58444" lon="13.995766">
      </trkpt>
      <trkpt lat="50.584332" lon="13.996447">
      </trkpt>
      <trkpt lat="50.584106" lon="13.997617">
      </trkpt>
      <trkpt lat="50.583907" lon="13.998482">
      </trkpt>
      <trkpt lat="50.583757" lon="13.999066">
      </trkpt>
      <trkpt lat="50.583511" lon="13.999929">
      </trkpt>
      <trkpt lat="50.583283" lon="14.000653">
      </trkpt>
      <trkpt lat="50.582734" lon="14.002301">
      </trkpt>
      <trkpt lat="50.582143" lon="14.004197">
      </trkpt>
      <trkpt lat="50.580882" lon="14.007943">
      </trkpt>
      <trkpt lat="50.57961" lon="14.011727">
      </trkpt>
      <trkpt lat="50.578275" lon="14.015054">
      </trkpt>
      <trkpt lat="50.570051" lon="14.018639">
      </trkpt>
      <trkpt lat="50.569353" lon="14.018405">
      </trkpt>
      <trkpt lat="50.568702" lon="14.018135">
      </trkpt>
      <trkpt lat="50.568214" lon="14.017904">
      </trkpt>
      <trkpt lat="50.56775" lon="14.017653">
      </trkpt>
      <trkpt lat="50.56696" lon="14.017186">
      </trkpt>
      <trkpt lat="50.564864" lon="14.015866">
      </trkpt>
      <trkpt lat="50.562222" lon="14.014192">
      </trkpt>
      <trkpt lat="50.560993" lon="14.013505">
      </trkpt>
      <trkpt lat="50.560477" lon="14.01325">
      </trkpt>
      <trkpt lat="50.555839" lon="14.011559">
      </trkpt>
      <trkpt lat="50.55392" lon="14.010897">
      </trkpt>
      <trkpt lat="50.54837" lon="14.006163">
      </trkpt>
      <trkpt lat="50.547807" lon="14.005136">
      </trkpt>
      <trkpt lat="50.547188" lon="14.00391">
      </trkpt>
      <trkpt lat="50.547748" lon="13.995729">
      </trkpt>
      <trkpt lat="50.549484" lon="13.989403">
      </trkpt>
      <trkpt lat="50.553187" lon="13.982882">
      </trkpt>
      <trkpt lat="50.553928" lon="13.98116">
      </trkpt>
      <trkpt lat="50.554113" lon="13.980772">
      </trkpt>
      <trkpt lat="50.554689" lon="13.979194">
      </trkpt>
      <trkpt lat="50.550488" lon="13.973593">
      </trkpt>
      <trkpt lat="50.548865" lon="13.969257">
      </trkpt>
      <trkpt lat="50.546157" lon="13.966885">
      </trkpt>
      <trkpt lat="50.540717" lon="13.959926">
      </trkpt>
      <trkpt lat="50.540791" lon="13.958887">
      </trkpt>
      <trkpt lat="50.540941" lon="13.956641">
      </trkpt>
      <trkpt lat="50.540936" lon="13.956016">
      </trkpt>
      <trkpt lat="50.540914" lon="13.955659">
      </trkpt>
      <trkpt lat="50.541755" lon="13.948647">
      </trkpt>
      <trkpt lat="50.542544" lon="13.945555">
      </trkpt>
      <trkpt lat="50.542073" lon="13.940775">
      </trkpt>
      <trkpt lat="50.541437" lon="13.937023">
      </trkpt>
      <trkpt lat="50.541356" lon="13.936631">
      </trkpt>
      <trkpt lat="50.541265" lon="13.936329">
      </trkpt>
      <trkpt lat="50.539282" lon="13.936549">
      </trkpt>
      <trkpt lat="50.537817" lon="13.937366">
      </trkpt>
      <trkpt lat="50.536853" lon="13.939341">
      </trkpt>
      <trkpt lat="50.536746" lon="13.93989">
      </trkpt>
      <trkpt lat="50.535444" lon="13.944411">
      </trkpt>
      <trkpt lat="50.534318" lon="13.94603">
      </trkpt>
      <trkpt lat="50.526681" lon="13.946724">
      </trkpt>
      <trkpt lat="50.524936" lon="13.94597">
      </trkpt>
      <trkpt lat="50.52322" lon="13.945734">
      </trkpt>
      <trkpt lat="50.522886" lon="13.946899">
      </trkpt>
      <trkpt lat="50.514344" lon="13.94617">
      </trkpt>
      <trkpt lat="50.514388" lon="13.943881">
      </trkpt>
      <trkpt lat="50.515034" lon="13.941183">
      </trkpt>
      <trkpt lat="50.51513" lon="13.940168">
      </trkpt>
      <trkpt lat="50.515602" lon="13.938222">
      </trkpt>
      <trkpt lat="50.51635" lon="13.936148">
      </trkpt>
      <trkpt lat="50.516659" lon="13.935414">
      </trkpt>
      <trkpt lat="50.51334" lon="13.934019">
      </trkpt>
      <trkpt lat="50.510719" lon="13.934386">
      </trkpt>
      <trkpt lat="50.508349" lon="13.934793">
      </trkpt>
      <trkpt lat="50.508507" lon="13.935807">
      </trkpt>
      <trkpt lat="50.50875" lon="13.936715">
      </trkpt>
      <trkpt lat="50.5091" lon="13.938242">
      </trkpt>
      <trkpt lat="50.509146" lon="13.938446">
      </trkpt>
      <trkpt lat="50.50995" lon="13.941156">
      </trkpt>
      <trkpt lat="50.510141" lon="13.942016">
      </trkpt>
      <trkpt lat="50.510744" lon="13.9461">
      </trkpt>
      <trkpt lat="50.510699" lon="13.948426">
      </trkpt>
      <trkpt lat="50.510592" lon="13.950316">
      </trkpt>
      <trkpt lat="50.510483" lon="13.952272">
      </trkpt>
      <trkpt lat="50.502552" lon="13.955294">
      </trkpt>
      <trkpt lat="50.501763" lon="13.955006">
      </trkpt>
      <trkpt lat="50.50111" lon="13.954939">
      </trkpt>
      <trkpt lat="50.499629" lon="13.955628">
      </trkpt>
      <trkpt lat="50.498832" lon="13.957796">
      </trkpt>
      <trkpt lat="50.490493" lon="13.960045">
      </trkpt>
      <trkpt lat="50.489759" lon="13.961194">
      </trkpt>
      <trkpt lat="50.488995" lon="13.962061">
      </trkpt>
      <trkpt lat="50.488081" lon="13.963412">
      </trkpt>
      <trkpt lat="50.487157" lon="13.965816">
      </trkpt>
      <trkpt lat="50.478992" lon="13.962814">
      </trkpt>
      <trkpt lat="50.478788" lon="13.96166">
      </trkpt>
      <trkpt lat="50.47862" lon="13.960611">
      </trkpt>
      <trkpt lat="50.478357" lon="13.958794">
      </trkpt>
      <trkpt lat="50.478055" lon="13.956721">
      </trkpt>
      <trkpt lat="50.477819" lon="13.955188">
      </trkpt>
      <trkpt lat="50.477616" lon="13.952254">
      </trkpt>
      <trkpt lat="50.477501" lon="13.951012">
      </trkpt>
      <trkpt lat="50.477372" lon="13.950342">
      </trkpt>
      <trkpt lat="50.476047" lon="13.949459">
      </trkpt>
      <trkpt lat="50.475286" lon="13.949595">
      </trkpt>
      <trkpt lat="50.473837" lon="13.951026">
      </trkpt>
      <trkpt lat="50.474227" lon="13.955435">
      </trkpt>
      <trkpt lat="50.474495" lon="13.957256">
      </trkpt>
      <trkpt lat="50.474794" lon="13.959309">
      </trkpt>
      <trkpt lat="50.475057" lon="13.961126">
      </trkpt>
      <trkpt lat="50.475234" lon="13.962229">
      </trkpt>
      <trkpt lat="50.475447" lon="13.96344">
      </trkpt>
      <trkpt lat="50.476013" lon="13.966108">
      </trkpt>
      <trkpt lat="50.476402" lon="13.967665">
      </trkpt>
      <trkpt lat="50.476886" lon="13.969392">
      </trkpt>
      <trkpt lat="50.476238" lon="13.977167">
      </trkpt>
      <trkpt lat="50.474586" lon="13.980121">
      </trkpt>
      <trkpt lat="50.471236" lon="13.984087">
      </trkpt>
      <trkpt lat="50.471458" lon="13.989849">
      </trkpt>
      <trkpt lat="50.466147" lon="13.994074">
      </trkpt>
      <trkpt lat="50.464993" lon="13.997484">
      </trkpt>
      <trkpt lat="50.468881" lon="14.004621">
      </trkpt>
      <trkpt lat="50.467985" lon="14.007071">
      </trkpt>
      <trkpt lat="50.467235" lon="14.010366">
      </trkpt>
      <trkpt lat="50.471096" lon="14.015168">
      </trkpt>
      <trkpt lat="50.473992" lon="14.017306">
      </trkpt>
      <trkpt lat="50.475832" lon="14.014813">
      </trkpt>
      <trkpt lat="50.48333" lon="14.014467">
      </trkpt>
      <trkpt lat="50.484511" lon="14.0175">
      </trkpt>
      <trkpt lat="50.484764" lon="14.017983">
      </trkpt>
      <trkpt lat="50.484597" lon="14.025442">
      </trkpt>
      <trkpt lat="50.48264" lon="14.028017">
      </trkpt>
      <trkpt lat="50.482563" lon="14.028082">
      </trkpt>
      <trkpt lat="50.480756" lon="14.029649">
      </trkpt>
      <trkpt lat="50.47913" lon="14.030928">
      </trkpt>
      <trkpt lat="50.47803" lon="14.033324">
      </trkpt>
      <trkpt lat="50.476863" lon="14.035622">
      </trkpt>
      <trkpt lat="50.476715" lon="14.035919">
      </trkpt>
      <trkpt lat="50.469016" lon="14.03898">
      </trkpt>
      <trkpt lat="50.466747" lon="14.036849">
      </trkpt>
      <trkpt lat="50.466373" lon="14.036396">
      </trkpt>
      <trkpt lat="50.466197" lon="14.036272">
      </trkpt>
      <trkpt lat="50.46263" lon="14.031919">
      </trkpt>
      <trkpt lat="50.454832" lon="14.028684">
      </trkpt>
      <trkpt lat="50.451824" lon="14.030662">
      </trkpt>
      <trkpt lat="50.454294" lon="14.0375">
      </trkpt>
      <trkpt lat="50.454422" lon="14.044666">
      </trkpt>
      <trkpt lat="50.453407" lon="14.046629">
      </trkpt>
      <trkpt lat="50.456606" lon="14.048281">
      </trkpt>
      <trkpt lat="50.45762" lon="14.046318">
      </trkpt>
      <trkpt lat="50.459063" lon="14.044493">
      </trkpt>
      <trkpt lat="50.467453" lon="14.046791">
      </trkpt>
      <trkpt lat="50.469911" lon="14.049421">
      </trkpt>
      <trkpt lat="50.475357" lon="14.055856">
      </trkpt>
      <trkpt lat="50.475264" lon="14.058423">
      </trkpt>
      <trkpt lat="50.47499" lon="14.059588">
      </trkpt>
      <trkpt lat="50.474872" lon="14.060236">
      </trkpt>
      <trkpt lat="50.473247" lon="14.065632">
      </trkpt>
      <trkpt lat="50.472788" lon="14.066734">
      </trkpt>
      <trkpt lat="50.473352" lon="14.073536">
      </trkpt>
      <trkpt lat="50.470791" lon="14.075765">
      </trkpt>
      <trkpt lat="50.468826" lon="14.077458">
      </trkpt>
      <trkpt lat="50.460452" lon="14.074457">
      </trkpt>
      <trkpt lat="50.46084" lon="14.072003">
      </trkpt>
      <trkpt lat="50.457285" lon="14.07144">
      </trkpt>
      <trkpt lat="50.456896" lon="14.073894">
      </trkpt>
      <trkpt lat="50.456249" lon="14.077243">
      </trkpt>
      <trkpt lat="50.456169" lon="14.078422">
      </trkpt>
      <trkpt lat="50.456333" lon="14.079877">
      </trkpt>
      <trkpt lat="50.454107" lon="14.087309">
      </trkpt>
      <trkpt lat="50.454161" lon="14.090899">
      </trkpt>
      <trkpt lat="50.445288" lon="14.092133">
      </trkpt>
      <trkpt lat="50.444311" lon="14.088324">
      </trkpt>
      <trkpt lat="50.444408" lon="14.086129">
      </trkpt>
      <trkpt lat="50.442244" lon="14.080033">
      </trkpt>
      <trkpt lat="50.442422" lon="14.078424">
      </trkpt>
      <trkpt lat="50.443276" lon="14.075977">
      </trkpt>
      <trkpt lat="50.444188" lon="14.073329">
      </trkpt>
      <trkpt lat="50.444461" lon="14.072097">
      </trkpt>
      <trkpt lat="50.444578" lon="14.071435">
      </trkpt>
      <trkpt lat="50.444829" lon="14.069968">
      </trkpt>
      <trkpt lat="50.445164" lon="14.067525">
      </trkpt>
      <trkpt lat="50.445519" lon="14.06434">
      </trkpt>
      <trkpt lat="50.445577" lon="14.061521">
      </trkpt>
      <trkpt lat="50.445809" lon="14.060202">
      </trkpt>
      <trkpt lat="50.446192" lon="14.058625">
      </trkpt>
      <trkpt lat="50.446407" lon="14.058014">
      </trkpt>
      <trkpt lat="50.446492" lon="14.054754">
      </trkpt>
      <trkpt lat="50.44292" lon="14.054306">
      </trkpt>
      <trkpt lat="50.442671" lon="14.056285">
      </trkpt>
      <trkpt lat="50.442659" lon="14.056711">
      </trkpt>
      <trkpt lat="50.442796" lon="14.057429">
      </trkpt>
      <trkpt lat="50.441949" lon="14.063878">
      </trkpt>
      <trkpt lat="50.441586" lon="14.067126">
      </trkpt>
      <trkpt lat="50.441263" lon="14.069479">
      </trkpt>
      <trkpt lat="50.44103" lon="14.070825">
      </trkpt>
      <trkpt lat="50.440916" lon="14.071468">
      </trkpt>
      <trkpt lat="50.432677" lon="14.075063">
      </trkpt>
      <trkpt lat="50.431885" lon="14.074581">
      </trkpt>
      <trkpt lat="50.42787" lon="14.074395">
      </trkpt>
      <trkpt lat="50.423595" lon="14.06698">
      </trkpt>
      <trkpt lat="50.423931" lon="14.0659">
      </trkpt>
      <trkpt lat="50.420493" lon="14.06483">
      </trkpt>
      <trkpt lat="50.411977" lon="14.062299">
      </trkpt>
      <trkpt lat="50.411585" lon="14.061221">
      </trkpt>
      <trkpt lat="50.411167" lon="14.054549">
      </trkpt>
      <trkpt lat="50.411229" lon="14.053586">
      </trkpt>
      <trkpt lat="50.409003" lon="14.046454">
      </trkpt>
      <trkpt lat="50.408106" lon="14.044607">
      </trkpt>
      <trkpt lat="50.407989" lon="14.044541">
      </trkpt>
      <trkpt lat="50.407909" lon="14.044499">
      </trkpt>
      <trkpt lat="50.407723" lon="14.044446">
      </trkpt>
      <trkpt lat="50.405756" lon="14.045066">
      </trkpt>
      <trkpt lat="50.404675" lon="14.046166">
      </trkpt>
      <trkpt lat="50.404441" lon="14.046898">
      </trkpt>
      <trkpt lat="50.404465" lon="14.047553">
      </trkpt>
      <trkpt lat="50.405863" lon="14.051948">
      </trkpt>
      <trkpt lat="50.404944" lon="14.058273">
      </trkpt>
      <trkpt lat="50.40293" lon="14.065309">
      </trkpt>
      <trkpt lat="50.400791" lon="14.067607">
      </trkpt>
      <trkpt lat="50.400384" lon="14.071184">
      </trkpt>
      <trkpt lat="50.395957" lon="14.077898">
      </trkpt>
      <trkpt lat="50.390349" lon="14.072213">
      </trkpt>
      <trkpt lat="50.390396" lon="14.06941">
      </trkpt>
      <trkpt lat="50.390442" lon="14.066607">
      </trkpt>
      <trkpt lat="50.386843" lon="14.066547">
      </trkpt>
      <trkpt lat="50.379333" lon="14.069284">
      </trkpt>
      <trkpt lat="50.377536" lon="14.067738">
      </trkpt>
      <trkpt lat="50.375961" lon="14.068024">
      </trkpt>
      <trkpt lat="50.374887" lon="14.070176">
      </trkpt>
      <trkpt lat="50.374477" lon="14.076204">
      </trkpt>
      <trkpt lat="50.374443" lon="14.07667">
      </trkpt>
      <trkpt lat="50.374467" lon="14.076967">
      </trkpt>
      <trkpt lat="50.374511" lon="14.077648">
      </trkpt>
      <trkpt lat="50.37457" lon="14.078393">
      </trkpt>
      <trkpt lat="50.374187" lon="14.08421">
      </trkpt>
      <trkpt lat="50.374029" lon="14.085797">
      </trkpt>
      <trkpt lat="50.37371" lon="14.088088">
      </trkpt>
      <trkpt lat="50.373645" lon="14.088481">
      </trkpt>
      <trkpt lat="50.373575" lon="14.089082">
      </trkpt>
      <trkpt lat="50.374646" lon="14.097959">
      </trkpt>
      <trkpt lat="50.371154" lon="14.098833">
      </trkpt>
      <trkpt lat="50.371364" lon="14.099674">
      </trkpt>
      <trkpt lat="50.371697" lon="14.101154">
      </trkpt>
      <trkpt lat="50.371972" lon="14.102558">
      </trkpt>
      <trkpt lat="50.372427" lon="14.103792">
      </trkpt>
      <trkpt lat="50.372817" lon="14.104645">
      </trkpt>
      <trkpt lat="50.373437" lon="14.106784">
      </trkpt>
      <trkpt lat="50.373606" lon="14.107643">
      </trkpt>
      <trkpt lat="50.373647" lon="14.10957">
      </trkpt>
      <trkpt lat="50.367072" lon="14.114128">
      </trkpt>
      <trkpt lat="50.359226" lon="14.112335">
      </trkpt>
      <trkpt lat="50.358027" lon="14.108835">
      </trkpt>
      <trkpt lat="50.356902" lon="14.106551">
      </trkpt>
      <trkpt lat="50.356525" lon="14.103606">
      </trkpt>
      <trkpt lat="50.356327" lon="14.100747">
      </trkpt>
      <trkpt lat="50.356126" lon="14.097858">
      </trkpt>
      <trkpt lat="50.356033" lon="14.096772">
      </trkpt>
      <trkpt lat="50.355826" lon="14.094696">
      </trkpt>
      <trkpt lat="50.355616" lon="14.092584">
      </trkpt>
      <trkpt lat="50.355493" lon="14.091557">
      </trkpt>
      <trkpt lat="50.351918" lon="14.091986">
      </trkpt>
      <trkpt lat="50.352041" lon="14.093012">
      </trkpt>
      <trkpt lat="50.352244" lon="14.095052">
      </trkpt>
      <trkpt lat="50.352451" lon="14.097128">
      </trkpt>
      <trkpt lat="50.352539" lon="14.098166">
      </trkpt>
      <trkpt lat="50.352736" lon="14.100996">
      </trkpt>
      <trkpt lat="50.346128" lon="14.10574">
      </trkpt>
      <trkpt lat="50.342536" lon="14.105492">
      </trkpt>
      <trkpt lat="50.342373" lon="14.107849">
      </trkpt>
      <trkpt lat="50.342211" lon="14.110206">
      </trkpt>
      <trkpt lat="50.34216" lon="14.111944">
      </trkpt>
      <trkpt lat="50.341904" lon="14.114399">
      </trkpt>
      <trkpt lat="50.34164" lon="14.116985">
      </trkpt>
      <trkpt lat="50.341595" lon="14.119396">
      </trkpt>
      <trkpt lat="50.341617" lon="14.120322">
      </trkpt>
      <trkpt lat="50.344946" lon="14.123161">
      </trkpt>
      <trkpt lat="50.347338" lon="14.124467">
      </trkpt>
      <trkpt lat="50.351513" lon="14.126711">
      </trkpt>
      <trkpt lat="50.352985" lon="14.127533">
      </trkpt>
      <trkpt lat="50.353609" lon="14.127851">
      </trkpt>
      <trkpt lat="50.354972" lon="14.128622">
      </trkpt>
      <trkpt lat="50.355486" lon="14.128841">
      </trkpt>
      <trkpt lat="50.360797" lon="14.135779">
      </trkpt>
      <trkpt lat="50.36073" lon="14.136333">
      </trkpt>
      <trkpt lat="50.360715" lon="14.137098">
      </trkpt>
      <trkpt lat="50.360782" lon="14.140131">
      </trkpt>
      <trkpt lat="50.355537" lon="14.146035">
      </trkpt>
      <trkpt lat="50.355462" lon="14.149635">
      </trkpt>
      <trkpt lat="50.35793" lon="14.149881">
      </trkpt>
      <trkpt lat="50.358678" lon="14.149923">
      </trkpt>
      <trkpt lat="50.359664" lon="14.149888">
      </trkpt>
      <trkpt lat="50.364805" lon="14.150769">
      </trkpt>
      <trkpt lat="50.368494" lon="14.157707">
      </trkpt>
      <trkpt lat="50.368468" lon="14.160333">
      </trkpt>
      <trkpt lat="50.368448" lon="14.162839">
      </trkpt>
      <trkpt lat="50.368485" lon="14.163874">
      </trkpt>
      <trkpt lat="50.368763" lon="14.166355">
      </trkpt>
      <trkpt lat="50.369024" lon="14.167705">
      </trkpt>
      <trkpt lat="50.36925" lon="14.169156">
      </trkpt>
      <trkpt lat="50.3693" lon="14.170055">
      </trkpt>
      <trkpt lat="50.369406" lon="14.17369">
      </trkpt>
      <trkpt lat="50.369511" lon="14.177273">
      </trkpt>
      <trkpt lat="50.369617" lon="14.180855">
      </trkpt>
      <trkpt lat="50.369722" lon="14.184437">
      </trkpt>
      <trkpt lat="50.369814" lon="14.187267">
      </trkpt>
      <trkpt lat="50.369905" lon="14.190092">
      </trkpt>
      <trkpt lat="50.369996" lon="14.192917">
      </trkpt>
      <trkpt lat="50.370088" lon="14.195741">
      </trkpt>
      <trkpt lat="50.370156" lon="14.19663">
      </trkpt>
      <trkpt lat="50.370459" lon="14.199399">
      </trkpt>
      <trkpt lat="50.371166" lon="14.203759">
      </trkpt>
      <trkpt lat="50.37186" lon="14.208027">
      </trkpt>
      <trkpt lat="50.372365" lon="14.209794">
      </trkpt>
      <trkpt lat="50.366011" lon="14.215789">
      </trkpt>
      <trkpt lat="50.361423" lon="14.210238">
      </trkpt>
      <trkpt lat="50.361316" lon="14.20949">
      </trkpt>
      <trkpt lat="50.360894" lon="14.207413">
      </trkpt>
      <trkpt lat="50.360499" lon="14.205522">
      </trkpt>
      <trkpt lat="50.360182" lon="14.202231">
      </trkpt>
      <trkpt lat="50.359868" lon="14.198975">
      </trkpt>
      <trkpt lat="50.359667" lon="14.19636">
      </trkpt>
      <trkpt lat="50.359476" lon="14.192994">
      </trkpt>
      <trkpt lat="50.359447" lon="14.192521">
      </trkpt>
      <trkpt lat="50.359422" lon="14.1901">
      </trkpt>
      <trkpt lat="50.359307" lon="14.187806">
      </trkpt>
      <trkpt lat="50.359177" lon="14.187113">
      </trkpt>
      <trkpt lat="50.35897" lon="14.186597">
      </trkpt>
      <trkpt lat="50.357545" lon="14.184006">
      </trkpt>
      <trkpt lat="50.356142" lon="14.181456">
      </trkpt>
      <trkpt lat="50.354656" lon="14.178587">
      </trkpt>
      <trkpt lat="50.353464" lon="14.175905">
      </trkpt>
      <trkpt lat="50.352219" lon="14.173113">
      </trkpt>
      <trkpt lat="50.350909" lon="14.170634">
      </trkpt>
      <trkpt lat="50.349864" lon="14.168609">
      </trkpt>
      <trkpt lat="50.348218" lon="14.163141">
      </trkpt>
      <trkpt lat="50.347504" lon="14.159373">
      </trkpt>
      <trkpt lat="50.34669" lon="14.156262">
      </trkpt>
      <trkpt lat="50.345877" lon="14.15315">
      </trkpt>
      <trkpt lat="50.345063" lon="14.150039">
      </trkpt>
      <trkpt lat="50.343945" lon="14.146298">
      </trkpt>
      <trkpt lat="50.340251" lon="14.141154">
      </trkpt>
      <trkpt lat="50.340199" lon="14.14107">
      </trkpt>
      <trkpt lat="50.339629" lon="14.140733">
      </trkpt>
      <trkpt lat="50.338093" lon="14.145081">
      </trkpt>
      <trkpt lat="50.338504" lon="14.14602">
      </trkpt>
      <trkpt lat="50.34158" lon="14.150949">
      </trkpt>
      <trkpt lat="50.342394" lon="14.154061">
      </trkpt>
      <trkpt lat="50.343208" lon="14.157172">
      </trkpt>
      <trkpt lat="50.344021" lon="14.160284">
      </trkpt>
      <trkpt lat="50.34468" lon="14.163807">
      </trkpt>
      <trkpt lat="50.345367" lon="14.167454">
      </trkpt>
      <trkpt lat="50.34549" lon="14.16791">
      </trkpt>
      <trkpt lat="50.346665" lon="14.170261">
      </trkpt>
      <trkpt lat="50.347711" lon="14.172286">
      </trkpt>
      <trkpt lat="50.349036" lon="14.174795">
      </trkpt>
      <trkpt lat="50.350174" lon="14.177367">
      </trkpt>
      <trkpt lat="50.351366" lon="14.180049">
      </trkpt>
      <trkpt lat="50.352943" lon="14.183109">
      </trkpt>
      <trkpt lat="50.354391" lon="14.185741">
      </trkpt>
      <trkpt lat="50.355826" lon="14.190269">
      </trkpt>
      <trkpt lat="50.355847" lon="14.192557">
      </trkpt>
      <trkpt lat="50.355881" lon="14.193198">
      </trkpt>
      <trkpt lat="50.356072" lon="14.196564">
      </trkpt>
      <trkpt lat="50.349019" lon="14.199984">
      </trkpt>
      <trkpt lat="50.347019" lon="14.198634">
      </trkpt>
      <trkpt lat="50.345093" lon="14.197338">
      </trkpt>
      <trkpt lat="50.344028" lon="14.196429">
      </trkpt>
      <trkpt lat="50.342028" lon="14.193751">
      </trkpt>
      <trkpt lat="50.339968" lon="14.190997">
      </trkpt>
      <trkpt lat="50.339478" lon="14.190412">
      </trkpt>
      <trkpt lat="50.33902" lon="14.189915">
      </trkpt>
      <trkpt lat="50.336161" lon="14.181769">
      </trkpt>
      <trkpt lat="50.336275" lon="14.181214">
      </trkpt>
      <trkpt lat="50.336363" lon="14.18062">
      </trkpt>
      <trkpt lat="50.336544" lon="14.179141">
      </trkpt>
      <trkpt lat="50.33688" lon="14.175475">
      </trkpt>
      <trkpt lat="50.337223" lon="14.171594">
      </trkpt>
      <trkpt lat="50.333624" lon="14.171694">
      </trkpt>
      <trkpt lat="50.333295" lon="14.175146">
      </trkpt>
      <trkpt lat="50.332959" lon="14.178813">
      </trkpt>
      <trkpt lat="50.33279" lon="14.180183">
      </trkpt>
      <trkpt lat="50.332272" lon="14.18208">
      </trkpt>
      <trkpt lat="50.331791" lon="14.183187">
      </trkpt>
      <trkpt lat="50.329007" lon="14.187233">
      </trkpt>
      <trkpt lat="50.327659" lon="14.188589">
      </trkpt>
      <trkpt lat="50.327359" lon="14.188919">
      </trkpt>
      <trkpt lat="50.327099" lon="14.189221">
      </trkpt>
      <trkpt lat="50.326316" lon="14.190256">
      </trkpt>
      <trkpt lat="50.326035" lon="14.190568">
      </trkpt>
      <trkpt lat="50.324793" lon="14.191814">
      </trkpt>
      <trkpt lat="50.323476" lon="14.193141">
      </trkpt>
      <trkpt lat="50.319917" lon="14.195971">
      </trkpt>
      <trkpt lat="50.313578" lon="14.19826">
      </trkpt>
      <trkpt lat="50.312813" lon="14.19826">
      </trkpt>
      <trkpt lat="50.312022" lon="14.19832">
      </trkpt>
      <trkpt lat="50.305443" lon="14.192265">
      </trkpt>
      <trkpt lat="50.306105" lon="14.189728">
      </trkpt>
      <trkpt lat="50.306766" lon="14.187354">
      </trkpt>
      <trkpt lat="50.307443" lon="14.185358">
      </trkpt>
      <trkpt lat="50.307578" lon="14.184522">
      </trkpt>
      <trkpt lat="50.307631" lon="14.182636">
      </trkpt>
      <trkpt lat="50.307676" lon="14.181985">
      </trkpt>
      <trkpt lat="50.307875" lon="14.18023">
      </trkpt>
      <trkpt lat="50.308243" lon="14.178584">
      </trkpt>
      <trkpt lat="50.316722" lon="14.175947">
      </trkpt>
      <trkpt lat="50.317197" lon="14.176185">
      </trkpt>
      <trkpt lat="50.318975" lon="14.173055">
      </trkpt>
      <trkpt lat="50.318346" lon="14.172735">
      </trkpt>
      <trkpt lat="50.316078" lon="14.171741">
      </trkpt>
      <trkpt lat="50.314036" lon="14.170942">
      </trkpt>
      <trkpt lat="50.310675" lon="14.164541">
      </trkpt>
      <trkpt lat="50.310796" lon="14.161556">
      </trkpt>
      <trkpt lat="50.311613" lon="14.158524">
      </trkpt>
      <trkpt lat="50.312074" lon="14.157506">
      </trkpt>
      <trkpt lat="50.313361" lon="14.153762">
      </trkpt>
      <trkpt lat="50.313898" lon="14.151626">
      </trkpt>
      <trkpt lat="50.314157" lon="14.150463">
      </trkpt>
      <trkpt lat="50.314301" lon="14.149661">
      </trkpt>
      <trkpt lat="50.314687" lon="14.146947">
      </trkpt>
      <trkpt lat="50.314795" lon="14.146021">
      </trkpt>
      <trkpt lat="50.314813" lon="14.145665">
      </trkpt>
      <trkpt lat="50.314813" lon="14.145207">
      </trkpt>
      <trkpt lat="50.314806" lon="14.143399">
      </trkpt>
      <trkpt lat="50.314798" lon="14.141635">
      </trkpt>
      <trkpt lat="50.314808" lon="14.141096">
      </trkpt>
      <trkpt lat="50.314851" lon="14.14028">
      </trkpt>
      <trkpt lat="50.314939" lon="14.139365">
      </trkpt>
      <trkpt lat="50.314948" lon="14.138799">
      </trkpt>
      <trkpt lat="50.315067" lon="14.134811">
      </trkpt>
      <trkpt lat="50.315112" lon="14.13344">
      </trkpt>
      <trkpt lat="50.31515" lon="14.132722">
      </trkpt>
      <trkpt lat="50.315427" lon="14.13035">
      </trkpt>
      <trkpt lat="50.315715" lon="14.127859">
      </trkpt>
      <trkpt lat="50.315849" lon="14.124991">
      </trkpt>
      <trkpt lat="50.312556" lon="14.122025">
      </trkpt>
      <trkpt lat="50.310675" lon="14.121425">
      </trkpt>
      <trkpt lat="50.308961" lon="14.12221">
      </trkpt>
      <trkpt lat="50.308849" lon="14.123095">
      </trkpt>
      <trkpt lat="50.30856" lon="14.12542">
      </trkpt>
      <trkpt lat="50.308374" lon="14.127102">
      </trkpt>
      <trkpt lat="50.308192" lon="14.129381">
      </trkpt>
      <trkpt lat="50.308016" lon="14.131604">
      </trkpt>
      <trkpt lat="50.308019" lon="14.13424">
      </trkpt>
      <trkpt lat="50.308028" lon="14.136727">
      </trkpt>
      <trkpt lat="50.311206" lon="14.143413">
      </trkpt>
      <trkpt lat="50.311213" lon="14.145221">
      </trkpt>
      <trkpt lat="50.311113" lon="14.146517">
      </trkpt>
      <trkpt lat="50.307698" lon="14.153572">
      </trkpt>
      <trkpt lat="50.307241" lon="14.154932">
      </trkpt>
      <trkpt lat="50.307052" lon="14.155428">
      </trkpt>
      <trkpt lat="50.306751" lon="14.156169">
      </trkpt>
      <trkpt lat="50.303899" lon="14.16017">
      </trkpt>
      <trkpt lat="50.30384" lon="14.160567">
      </trkpt>
      <trkpt lat="50.30385" lon="14.161096">
      </trkpt>
      <trkpt lat="50.303576" lon="14.164402">
      </trkpt>
      <trkpt lat="50.302358" lon="14.167235">
      </trkpt>
      <trkpt lat="50.302201" lon="14.167796">
      </trkpt>
      <trkpt lat="50.302129" lon="14.168826">
      </trkpt>
      <trkpt lat="50.303403" lon="14.173241">
      </trkpt>
      <trkpt lat="50.304362" lon="14.179444">
      </trkpt>
      <trkpt lat="50.304101" lon="14.181561">
      </trkpt>
      <trkpt lat="50.30404" lon="14.182379">
      </trkpt>
      <trkpt lat="50.303368" lon="14.186164">
      </trkpt>
      <trkpt lat="50.302638" lon="14.188758">
      </trkpt>
      <trkpt lat="50.301954" lon="14.191378">
      </trkpt>
      <trkpt lat="50.301398" lon="14.193566">
      </trkpt>
      <trkpt lat="50.301269" lon="14.194136">
      </trkpt>
      <trkpt lat="50.30091" lon="14.195722">
      </trkpt>
      <trkpt lat="50.300506" lon="14.197852">
      </trkpt>
      <trkpt lat="50.298311" lon="14.201715">
      </trkpt>
      <trkpt lat="50.297692" lon="14.209581">
      </trkpt>
      <trkpt lat="50.297015" lon="14.211464">
      </trkpt>
      <trkpt lat="50.296017" lon="14.21424">
      </trkpt>
      <trkpt lat="50.287395" lon="14.2148">
      </trkpt>
      <trkpt lat="50.287031" lon="14.212786">
      </trkpt>
      <trkpt lat="50.286935" lon="14.212085">
      </trkpt>
      <trkpt lat="50.286687" lon="14.209351">
      </trkpt>
      <trkpt lat="50.286442" lon="14.206644">
      </trkpt>
      <trkpt lat="50.286381" lon="14.205854">
      </trkpt>
      <trkpt lat="50.286341" lon="14.204785">
      </trkpt>
      <trkpt lat="50.286415" lon="14.202951">
      </trkpt>
      <trkpt lat="50.28651" lon="14.201757">
      </trkpt>
      <trkpt lat="50.286614" lon="14.199439">
      </trkpt>
      <trkpt lat="50.286533" lon="14.198558">
      </trkpt>
      <trkpt lat="50.286505" lon="14.197933">
      </trkpt>
      <trkpt lat="50.285851" lon="14.194872">
      </trkpt>
      <trkpt lat="50.285772" lon="14.193873">
      </trkpt>
      <trkpt lat="50.286501" lon="14.189419">
      </trkpt>
      <trkpt lat="50.286611" lon="14.188761">
      </trkpt>
      <trkpt lat="50.284572" lon="14.186612">
      </trkpt>
      <trkpt lat="50.28231" lon="14.188381">
      </trkpt>
      <trkpt lat="50.275404" lon="14.185604">
      </trkpt>
      <trkpt lat="50.269504" lon="14.180855">
      </trkpt>
      <trkpt lat="50.269072" lon="14.178603">
      </trkpt>
      <trkpt lat="50.268562" lon="14.176215">
      </trkpt>
      <trkpt lat="50.268069" lon="14.174096">
      </trkpt>
      <trkpt lat="50.273552" lon="14.167656">
      </trkpt>
      <trkpt lat="50.274707" lon="14.167812">
      </trkpt>
      <trkpt lat="50.275867" lon="14.167814">
      </trkpt>
      <trkpt lat="50.276515" lon="14.167738">
      </trkpt>
      <trkpt lat="50.277319" lon="14.167448">
      </trkpt>
      <trkpt lat="50.280709" lon="14.166128">
      </trkpt>
      <trkpt lat="50.282895" lon="14.165237">
      </trkpt>
      <trkpt lat="50.285352" lon="14.163884">
      </trkpt>
      <trkpt lat="50.285681" lon="14.160442">
      </trkpt>
      <trkpt lat="50.285977" lon="14.158291">
      </trkpt>
      <trkpt lat="50.286045" lon="14.157919">
      </trkpt>
      <trkpt lat="50.287399" lon="14.154519">
      </trkpt>
      <trkpt lat="50.288639" lon="14.152441">
      </trkpt>
      <trkpt lat="50.287765" lon="14.151655">
      </trkpt>
      <trkpt lat="50.287454" lon="14.15146">
      </trkpt>
      <trkpt lat="50.286413" lon="14.150969">
      </trkpt>
      <trkpt lat="50.281672" lon="14.143474">
      </trkpt>
      <trkpt lat="50.281882" lon="14.14278">
      </trkpt>
      <trkpt lat="50.285287" lon="14.138593">
      </trkpt>
      <trkpt lat="50.293847" lon="14.137418">
      </trkpt>
      <trkpt lat="50.293897" lon="14.136972">
      </trkpt>
      <trkpt lat="50.294151" lon="14.135501">
      </trkpt>
      <trkpt lat="50.292465" lon="14.13299">
      </trkpt>
      <trkpt lat="50.288713" lon="14.131077">
      </trkpt>
      <trkpt lat="50.285335" lon="14.126187">
      </trkpt>
      <trkpt lat="50.287" lon="14.117715">
      </trkpt>
      <trkpt lat="50.285395" lon="14.112691">
      </trkpt>
      <trkpt lat="50.285301" lon="14.108949">
      </trkpt>
      <trkpt lat="50.285322" lon="14.108825">
      </trkpt>
      <trkpt lat="50.287007" lon="14.103555">
      </trkpt>
      <trkpt lat="50.28711" lon="14.10283">
      </trkpt>
      <trkpt lat="50.293655" lon="14.097487">
      </trkpt>
      <trkpt lat="50.295961" lon="14.099094">
      </trkpt>
      <trkpt lat="50.298267" lon="14.100701">
      </trkpt>
      <trkpt lat="50.300572" lon="14.102307">
      </trkpt>
      <trkpt lat="50.30288" lon="14.103916">
      </trkpt>
      <trkpt lat="50.305342" lon="14.105625">
      </trkpt>
      <trkpt lat="50.307804" lon="14.107335">
      </trkpt>
      <trkpt lat="50.310266" lon="14.109044">
      </trkpt>
      <trkpt lat="50.313297" lon="14.111241">
      </trkpt>
      <trkpt lat="50.313385" lon="14.111309">
      </trkpt>
      <trkpt lat="50.313456" lon="14.111326">
      </trkpt>
      <trkpt lat="50.314455" lon="14.111357">
      </trkpt>
      <trkpt lat="50.318333" lon="14.111118">
      </trkpt>
      <trkpt lat="50.319087" lon="14.107564">
      </trkpt>
      <trkpt lat="50.319318" lon="14.10681">
      </trkpt>
      <trkpt lat="50.319749" lon="14.10467">
      </trkpt>
      <trkpt lat="50.320157" lon="14.102631">
      </trkpt>
      <trkpt lat="50.320563" lon="14.101054">
      </trkpt>
      <trkpt lat="50.321112" lon="14.099389">
      </trkpt>
      <trkpt lat="50.321148" lon="14.099023">
      </trkpt>
      <trkpt lat="50.321844" lon="14.096055">
      </trkpt>
      <trkpt lat="50.321998" lon="14.095425">
      </trkpt>
      <trkpt lat="50.322524" lon="14.092346">
      </trkpt>
      <trkpt lat="50.326161" lon="14.086497">
      </trkpt>
      <trkpt lat="50.327234" lon="14.085339">
      </trkpt>
      <trkpt lat="50.327698" lon="14.084566">
      </trkpt>
      <trkpt lat="50.327888" lon="14.084099">
      </trkpt>
      <trkpt lat="50.330723" lon="14.07922">
      </trkpt>
      <trkpt lat="50.331134" lon="14.078578">
      </trkpt>
      <trkpt lat="50.331569" lon="14.077724">
      </trkpt>
      <trkpt lat="50.332283" lon="14.076304">
      </trkpt>
      <trkpt lat="50.329423" lon="14.074118">
      </trkpt>
      <trkpt lat="50.321395" lon="14.070261">
      </trkpt>
      <trkpt lat="50.321978" lon="14.068666">
      </trkpt>
      <trkpt lat="50.322109" lon="14.067996">
      </trkpt>
      <trkpt lat="50.322126" lon="14.067566">
      </trkpt>
      <trkpt lat="50.322131" lon="14.067364">
      </trkpt>
      <trkpt lat="50.322637" lon="14.064928">
      </trkpt>
      <trkpt lat="50.324623" lon="14.060017">
      </trkpt>
      <trkpt lat="50.324252" lon="14.054529">
      </trkpt>
      <trkpt lat="50.324253" lon="14.053392">
      </trkpt>
      <trkpt lat="50.324214" lon="14.051593">
      </trkpt>
      <trkpt lat="50.320615" lon="14.051671">
      </trkpt>
      <trkpt lat="50.315674" lon="14.044198">
      </trkpt>
      <trkpt lat="50.316444" lon="14.041485">
      </trkpt>
      <trkpt lat="50.317427" lon="14.038332">
      </trkpt>
      <trkpt lat="50.320936" lon="14.032253">
      </trkpt>
      <trkpt lat="50.320284" lon="14.029717">
      </trkpt>
      <trkpt lat="50.319605" lon="14.028908">
      </trkpt>
      <trkpt lat="50.311981" lon="14.024228">
      </trkpt>
      <trkpt lat="50.311975" lon="14.022275">
      </trkpt>
      <trkpt lat="50.311966" lon="14.020424">
      </trkpt>
      <trkpt lat="50.31989" lon="14.017195">
      </trkpt>
      <trkpt lat="50.320831" lon="14.017558">
      </trkpt>
      <trkpt lat="50.321738" lon="14.017627">
      </trkpt>
      <trkpt lat="50.324337" lon="14.018489">
      </trkpt>
      <trkpt lat="50.327304" lon="14.018981">
      </trkpt>
      <trkpt lat="50.327371" lon="14.018989">
      </trkpt>
      <trkpt lat="50.327897" lon="14.019028">
      </trkpt>
      <trkpt lat="50.328813" lon="14.018013">
      </trkpt>
      <trkpt lat="50.328903" lon="14.017787">
      </trkpt>
      <trkpt lat="50.329077" lon="14.016635">
      </trkpt>
      <trkpt lat="50.328716" lon="14.012015">
      </trkpt>
      <trkpt lat="50.324097" lon="14.010897">
      </trkpt>
      <trkpt lat="50.315948" lon="14.00732">
      </trkpt>
      <trkpt lat="50.314118" lon="14.004585">
      </trkpt>
      <trkpt lat="50.313548" lon="14.003694">
      </trkpt>
      <trkpt lat="50.312789" lon="14.002349">
      </trkpt>
      <trkpt lat="50.312247" lon="14.001336">
      </trkpt>
      <trkpt lat="50.312024" lon="14.001001">
      </trkpt>
      <trkpt lat="50.309133" lon="13.995418">
      </trkpt>
      <trkpt lat="50.307227" lon="13.994485">
      </trkpt>
      <trkpt lat="50.304642" lon="13.99192">
      </trkpt>
      <trkpt lat="50.30199" lon="13.984764">
      </trkpt>
      <trkpt lat="50.30398" lon="13.982435">
      </trkpt>
      <trkpt lat="50.307953" lon="13.980462">
      </trkpt>
      <trkpt lat="50.309139" lon="13.977809">
      </trkpt>
      <trkpt lat="50.315096" lon="13.973498">
      </trkpt>
      <trkpt lat="50.315493" lon="13.973352">
      </trkpt>
      <trkpt lat="50.318315" lon="13.972013">
      </trkpt>
      <trkpt lat="50.320803" lon="13.970804">
      </trkpt>
      <trkpt lat="50.323411" lon="13.969539">
      </trkpt>
      <trkpt lat="50.32603" lon="13.96827">
      </trkpt>
      <trkpt lat="50.32828" lon="13.96716">
      </trkpt>
      <trkpt lat="50.33053" lon="13.96605">
      </trkpt>
      <trkpt lat="50.328937" lon="13.962821">
      </trkpt>
      <trkpt lat="50.326687" lon="13.963931">
      </trkpt>
      <trkpt lat="50.324437" lon="13.965041">
      </trkpt>
      <trkpt lat="50.316594" lon="13.963809">
      </trkpt>
      <trkpt lat="50.313594" lon="13.961819">
      </trkpt>
      <trkpt lat="50.309448" lon="13.961594">
      </trkpt>
      <trkpt lat="50.305924" lon="13.960858">
      </trkpt>
      <trkpt lat="50.299377" lon="13.955752">
      </trkpt>
      <trkpt lat="50.299448" lon="13.954261">
      </trkpt>
      <trkpt lat="50.298719" lon="13.95024">
      </trkpt>
      <trkpt lat="50.297959" lon="13.946797">
      </trkpt>
      <trkpt lat="50.296346" lon="13.943955">
      </trkpt>
      <trkpt lat="50.288783" lon="13.939432">
      </trkpt>
      <trkpt lat="50.289399" lon="13.937906">
      </trkpt>
      <trkpt lat="50.290093" lon="13.935509">
      </trkpt>
      <trkpt lat="50.290374" lon="13.934657">
      </trkpt>
      <trkpt lat="50.29111" lon="13.932282">
      </trkpt>
      <trkpt lat="50.291303" lon="13.931673">
      </trkpt>
      <trkpt lat="50.291453" lon="13.931127">
      </trkpt>
      <trkpt lat="50.291657" lon="13.930267">
      </trkpt>
      <trkpt lat="50.296561" lon="13.923107">
      </trkpt>
      <trkpt lat="50.304108" lon="13.920714">
      </trkpt>
      <trkpt lat="50.307887" lon="13.914278">
      </trkpt>
      <trkpt lat="50.310861" lon="13.91296">
      </trkpt>
      <trkpt lat="50.311754" lon="13.912728">
      </trkpt>
      <trkpt lat="50.314721" lon="13.912276">
      </trkpt>
      <trkpt lat="50.316355" lon="13.911951">
      </trkpt>
      <trkpt lat="50.31716" lon="13.911725">
      </trkpt>
      <trkpt lat="50.318986" lon="13.910963">
      </trkpt>
      <trkpt lat="50.32464" lon="13.911543">
      </trkpt>
      <trkpt lat="50.326203" lon="13.912665">
      </trkpt>
      <trkpt lat="50.327687" lon="13.921088">
      </trkpt>
      <trkpt lat="50.330185" lon="13.923681">
      </trkpt>
      <trkpt lat="50.333514" lon="13.931391">
      </trkpt>
      <trkpt lat="50.333562" lon="13.932169">
      </trkpt>
      <trkpt lat="50.333773" lon="13.933414">
      </trkpt>
      <trkpt lat="50.33391" lon="13.934223">
      </trkpt>
      <trkpt lat="50.334635" lon="13.934639">
      </trkpt>
      <trkpt lat="50.335274" lon="13.934892">
      </trkpt>
      <trkpt lat="50.33746" lon="13.933622">
      </trkpt>
      <trkpt lat="50.337257" lon="13.926851">
      </trkpt>
      <trkpt lat="50.337191" lon="13.925633">
      </trkpt>
      <trkpt lat="50.336713" lon="13.917294">
      </trkpt>
      <trkpt lat="50.336244" lon="13.916125">
      </trkpt>
      <trkpt lat="50.335808" lon="13.915092">
      </trkpt>
      <trkpt lat="50.335997" lon="13.906325">
      </trkpt>
      <trkpt lat="50.33571" lon="13.906138">
      </trkpt>
      <trkpt lat="50.334536" lon="13.905673">
      </trkpt>
      <trkpt lat="50.330269" lon="13.903234">
      </trkpt>
      <trkpt lat="50.327898" lon="13.90308">
      </trkpt>
      <trkpt lat="50.324439" lon="13.903733">
      </trkpt>
      <trkpt lat="50.322902" lon="13.903669">
      </trkpt>
      <trkpt lat="50.32" lon="13.9051">
      </trkpt>
      <trkpt lat="50.31928" lon="13.905644">
      </trkpt>
      <trkpt lat="50.318759" lon="13.905987">
      </trkpt>
      <trkpt lat="50.318423" lon="13.906314">
      </trkpt>
      <trkpt lat="50.315439" lon="13.908469">
      </trkpt>
      <trkpt lat="50.314025" lon="13.908744">
      </trkpt>
      <trkpt lat="50.311214" lon="13.909168">
      </trkpt>
      <trkpt lat="50.310362" lon="13.909328">
      </trkpt>
      <trkpt lat="50.309581" lon="13.909596">
      </trkpt>
      <trkpt lat="50.302473" lon="13.908299">
      </trkpt>
      <trkpt lat="50.301167" lon="13.903974">
      </trkpt>
      <trkpt lat="50.302466" lon="13.900892">
      </trkpt>
      <trkpt lat="50.303286" lon="13.899862">
      </trkpt>
      <trkpt lat="50.308935" lon="13.897808">
      </trkpt>
      <trkpt lat="50.314944" lon="13.897157">
      </trkpt>
      <trkpt lat="50.316461" lon="13.896744">
      </trkpt>
      <trkpt lat="50.318394" lon="13.895211">
      </trkpt>
      <trkpt lat="50.317565" lon="13.893124">
      </trkpt>
      <trkpt lat="50.321608" lon="13.88571">
      </trkpt>
      <trkpt lat="50.322199" lon="13.885386">
      </trkpt>
      <trkpt lat="50.324421" lon="13.884036">
      </trkpt>
      <trkpt lat="50.325029" lon="13.883504">
      </trkpt>
      <trkpt lat="50.332049" lon="13.879379">
      </trkpt>
      <trkpt lat="50.333656" lon="13.876319">
      </trkpt>
      <trkpt lat="50.333587" lon="13.876265">
      </trkpt>
      <trkpt lat="50.333242" lon="13.876056">
      </trkpt>
      <trkpt lat="50.332416" lon="13.875825">
      </trkpt>
      <trkpt lat="50.331915" lon="13.875789">
      </trkpt>
      <trkpt lat="50.33141" lon="13.875833">
      </trkpt>
      <trkpt lat="50.32991" lon="13.875886">
      </trkpt>
      <trkpt lat="50.328658" lon="13.87616">
      </trkpt>
      <trkpt lat="50.327609" lon="13.876274">
      </trkpt>
      <trkpt lat="50.327006" lon="13.876499">
      </trkpt>
      <trkpt lat="50.32636" lon="13.876916">
      </trkpt>
      <trkpt lat="50.325612" lon="13.87763">
      </trkpt>
      <trkpt lat="50.318303" lon="13.872451">
      </trkpt>
      <trkpt lat="50.319551" lon="13.870228">
      </trkpt>
      <trkpt lat="50.320476" lon="13.868597">
      </trkpt>
      <trkpt lat="50.320752" lon="13.868064">
      </trkpt>
      <trkpt lat="50.321004" lon="13.867508">
      </trkpt>
      <trkpt lat="50.321136" lon="13.867171">
      </trkpt>
      <trkpt lat="50.32279" lon="13.862931">
      </trkpt>
      <trkpt lat="50.323903" lon="13.860563">
      </trkpt>
      <trkpt lat="50.325016" lon="13.858194">
      </trkpt>
      <trkpt lat="50.333461" lon="13.857536">
      </trkpt>
      <trkpt lat="50.333713" lon="13.857503">
      </trkpt>
      <trkpt lat="50.33468" lon="13.857162">
      </trkpt>
      <trkpt lat="50.335548" lon="13.856398">
      </trkpt>
      <trkpt lat="50.336164" lon="13.855077">
      </trkpt>
      <trkpt lat="50.33688" lon="13.852564">
      </trkpt>
      <trkpt lat="50.343865" lon="13.849655">
      </trkpt>
      <trkpt lat="50.34533" lon="13.850183">
      </trkpt>
      <trkpt lat="50.34573" lon="13.85028">
      </trkpt>
      <trkpt lat="50.346397" lon="13.850304">
      </trkpt>
      <trkpt lat="50.349594" lon="13.849796">
      </trkpt>
      <trkpt lat="50.349656" lon="13.849724">
      </trkpt>
      <trkpt lat="50.349122" lon="13.847952">
      </trkpt>
      <trkpt lat="50.348776" lon="13.847552">
      </trkpt>
      <trkpt lat="50.344474" lon="13.844119">
      </trkpt>
      <trkpt lat="50.340114" lon="13.837313">
      </trkpt>
      <trkpt lat="50.343822" lon="13.831324">
      </trkpt>
      <trkpt lat="50.3474" lon="13.830929">
      </trkpt>
      <trkpt lat="50.347326" lon="13.829795">
      </trkpt>
      <trkpt lat="50.351405" lon="13.822345">
      </trkpt>
      <trkpt lat="50.352962" lon="13.82157">
      </trkpt>
      <trkpt lat="50.356073" lon="13.815395">
      </trkpt>
      <trkpt lat="50.356076" lon="13.815374">
      </trkpt>
      <trkpt lat="50.356078" lon="13.815354">
      </trkpt>
      <trkpt lat="50.35608" lon="13.815321">
      </trkpt>
      <trkpt lat="50.355984" lon="13.814849">
      </trkpt>
      <trkpt lat="50.354233" lon="13.807582">
      </trkpt>
      <trkpt lat="50.354153" lon="13.807259">
      </trkpt>
      <trkpt lat="50.350789" lon="13.805869">
      </trkpt>
      <trkpt lat="50.350713" lon="13.805849">
      </trkpt>
      <trkpt lat="50.344871" lon="13.799769">
      </trkpt>
      <trkpt lat="50.345103" lon="13.798574">
      </trkpt>
      <trkpt lat="50.345616" lon="13.796269">
      </trkpt>
      <trkpt lat="50.346031" lon="13.794631">
      </trkpt>
      <trkpt lat="50.346489" lon="13.792948">
      </trkpt>
      <trkpt lat="50.347344" lon="13.789964">
      </trkpt>
      <trkpt lat="50.3482" lon="13.78698">
      </trkpt>
      <trkpt lat="50.349055" lon="13.783995">
      </trkpt>
      <trkpt lat="50.350974" lon="13.776414">
      </trkpt>
      <trkpt lat="50.354995" lon="13.775558">
      </trkpt>
      <trkpt lat="50.355222" lon="13.775405">
      </trkpt>
      <trkpt lat="50.355843" lon="13.774728">
      </trkpt>
      <trkpt lat="50.356182" lon="13.773612">
      </trkpt>
      <trkpt lat="50.356419" lon="13.772685">
      </trkpt>
      <trkpt lat="50.356384" lon="13.772566">
      </trkpt>
      <trkpt lat="50.355506" lon="13.771585">
      </trkpt>
      <trkpt lat="50.351537" lon="13.767161">
      </trkpt>
      <trkpt lat="50.351728" lon="13.760449">
      </trkpt>
      <trkpt lat="50.35179" lon="13.75868">
      </trkpt>
      <trkpt lat="50.351872" lon="13.757525">
      </trkpt>
      <trkpt lat="50.353005" lon="13.751879">
      </trkpt>
      <trkpt lat="50.353412" lon="13.750088">
      </trkpt>
      <trkpt lat="50.353545" lon="13.749393">
      </trkpt>
      <trkpt lat="50.353644" lon="13.748788">
      </trkpt>
      <trkpt lat="50.35009" lon="13.74821">
      </trkpt>
      <trkpt lat="50.349495" lon="13.751079">
      </trkpt>
      <trkpt lat="50.348295" lon="13.757121">
      </trkpt>
      <trkpt lat="50.348199" lon="13.758419">
      </trkpt>
      <trkpt lat="50.343319" lon="13.765884">
      </trkpt>
      <trkpt lat="50.344424" lon="13.76747">
      </trkpt>
      <trkpt lat="50.347323" lon="13.77569">
      </trkpt>
      <trkpt lat="50.345595" lon="13.783003">
      </trkpt>
      <trkpt lat="50.344739" lon="13.785988">
      </trkpt>
      <trkpt lat="50.343884" lon="13.788972">
      </trkpt>
      <trkpt lat="50.343028" lon="13.791957">
      </trkpt>
      <trkpt lat="50.342558" lon="13.793686">
      </trkpt>
      <trkpt lat="50.342127" lon="13.795384">
      </trkpt>
      <trkpt lat="50.341589" lon="13.79779">
      </trkpt>
      <trkpt lat="50.341337" lon="13.799081">
      </trkpt>
      <trkpt lat="50.341089" lon="13.800478">
      </trkpt>
      <trkpt lat="50.340859" lon="13.801965">
      </trkpt>
      <trkpt lat="50.340315" lon="13.805848">
      </trkpt>
      <trkpt lat="50.333702" lon="13.809624">
      </trkpt>
      <trkpt lat="50.332998" lon="13.809932">
      </trkpt>
      <trkpt lat="50.332991" lon="13.809936">
      </trkpt>
      <trkpt lat="50.332627" lon="13.810093">
      </trkpt>
      <trkpt lat="50.331927" lon="13.811359">
      </trkpt>
      <trkpt lat="50.330821" lon="13.817933">
      </trkpt>
      <trkpt lat="50.330896" lon="13.818697">
      </trkpt>
      <trkpt lat="50.330449" lon="13.827277">
      </trkpt>
      <trkpt lat="50.330665" lon="13.836203">
      </trkpt>
      <trkpt lat="50.330427" lon="13.83674">
      </trkpt>
      <trkpt lat="50.328306" lon="13.840793">
      </trkpt>
      <trkpt lat="50.327165" lon="13.84213">
      </trkpt>
      <trkpt lat="50.326137" lon="13.843452">
      </trkpt>
      <trkpt lat="50.325178" lon="13.8448">
      </trkpt>
      <trkpt lat="50.324438" lon="13.845928">
      </trkpt>
      <trkpt lat="50.323964" lon="13.846687">
      </trkpt>
      <trkpt lat="50.322951" lon="13.84844">
      </trkpt>
      <trkpt lat="50.322532" lon="13.849225">
      </trkpt>
      <trkpt lat="50.321008" lon="13.851431">
      </trkpt>
      <trkpt lat="50.320217" lon="13.852045">
      </trkpt>
      <trkpt lat="50.312139" lon="13.849707">
      </trkpt>
      <trkpt lat="50.311995" lon="13.846108">
      </trkpt>
      <trkpt lat="50.309828" lon="13.843201">
      </trkpt>
      <trkpt lat="50.308372" lon="13.842924">
      </trkpt>
      <trkpt lat="50.305247" lon="13.84572">
      </trkpt>
      <trkpt lat="50.303445" lon="13.848837">
      </trkpt>
      <trkpt lat="50.305021" lon="13.855242">
      </trkpt>
      <trkpt lat="50.297226" lon="13.859732">
      </trkpt>
      <trkpt lat="50.295797" lon="13.858672">
      </trkpt>
      <trkpt lat="50.288666" lon="13.854048">
      </trkpt>
      <trkpt lat="50.288213" lon="13.852907">
      </trkpt>
      <trkpt lat="50.287716" lon="13.851252">
      </trkpt>
      <trkpt lat="50.287651" lon="13.847735">
      </trkpt>
      <trkpt lat="50.284051" lon="13.847802">
      </trkpt>
      <trkpt lat="50.281004" lon="13.854657">
      </trkpt>
      <trkpt lat="50.273546" lon="13.852712">
      </trkpt>
      <trkpt lat="50.271903" lon="13.851814">
      </trkpt>
      <trkpt lat="50.269972" lon="13.850706">
      </trkpt>
      <trkpt lat="50.268365" lon="13.849504">
      </trkpt>
      <trkpt lat="50.266701" lon="13.848262">
      </trkpt>
      <trkpt lat="50.265974" lon="13.847763">
      </trkpt>
      <trkpt lat="50.264836" lon="13.847058">
      </trkpt>
      <trkpt lat="50.263029" lon="13.846045">
      </trkpt>
      <trkpt lat="50.262655" lon="13.845864">
      </trkpt>
      <trkpt lat="50.261986" lon="13.845654">
      </trkpt>
      <trkpt lat="50.255281" lon="13.841218">
      </trkpt>
      <trkpt lat="50.254946" lon="13.840916">
      </trkpt>
      <trkpt lat="50.254394" lon="13.840576">
      </trkpt>
      <trkpt lat="50.253382" lon="13.840297">
      </trkpt>
      <trkpt lat="50.252587" lon="13.840217">
      </trkpt>
      <trkpt lat="50.250673" lon="13.840101">
      </trkpt>
      <trkpt lat="50.245519" lon="13.834949">
      </trkpt>
      <trkpt lat="50.251917" lon="13.828867">
      </trkpt>
      <trkpt lat="50.253727" lon="13.827354">
      </trkpt>
      <trkpt lat="50.254551" lon="13.826533">
      </trkpt>
      <trkpt lat="50.260396" lon="13.822428">
      </trkpt>
      <trkpt lat="50.261348" lon="13.820995">
      </trkpt>
      <trkpt lat="50.261839" lon="13.82029">
      </trkpt>
      <trkpt lat="50.262009" lon="13.819209">
      </trkpt>
      <trkpt lat="50.259469" lon="13.813433">
      </trkpt>
      <trkpt lat="50.254738" lon="13.810277">
      </trkpt>
      <trkpt lat="50.25263" lon="13.806771">
      </trkpt>
      <trkpt lat="50.253077" lon="13.798437">
      </trkpt>
      <trkpt lat="50.251269" lon="13.793705">
      </trkpt>
      <trkpt lat="50.247724" lon="13.794331">
      </trkpt>
      <trkpt lat="50.240031" lon="13.793985">
      </trkpt>
      <trkpt lat="50.239476" lon="13.793696">
      </trkpt>
      <trkpt lat="50.23886" lon="13.793514">
      </trkpt>
      <trkpt lat="50.237973" lon="13.79351">
      </trkpt>
      <trkpt lat="50.236247" lon="13.793726">
      </trkpt>
      <trkpt lat="50.235876" lon="13.793752">
      </trkpt>
      <trkpt lat="50.231817" lon="13.792579">
      </trkpt>
      <trkpt lat="50.231228" lon="13.792301">
      </trkpt>
      <trkpt lat="50.230243" lon="13.792039">
      </trkpt>
      <trkpt lat="50.226824" lon="13.789869">
      </trkpt>
      <trkpt lat="50.220271" lon="13.789106">
      </trkpt>
      <trkpt lat="50.219516" lon="13.788692">
      </trkpt>
      <trkpt lat="50.216046" lon="13.783232">
      </trkpt>
      <trkpt lat="50.215346" lon="13.779697">
      </trkpt>
      <trkpt lat="50.215898" lon="13.773054">
      </trkpt>
      <trkpt lat="50.223297" lon="13.771092">
      </trkpt>
      <trkpt lat="50.22576" lon="13.773223">
      </trkpt>
      <trkpt lat="50.226779" lon="13.774064">
      </trkpt>
      <trkpt lat="50.227188" lon="13.774411">
      </trkpt>
      <trkpt lat="50.230642" lon="13.780044">
      </trkpt>
      <trkpt lat="50.233681" lon="13.781973">
      </trkpt>
      <trkpt lat="50.239422" lon="13.781892">
      </trkpt>
      <trkpt lat="50.242149" lon="13.779541">
      </trkpt>
      <trkpt lat="50.24131" lon="13.778569">
      </trkpt>
      <trkpt lat="50.240967" lon="13.778211">
      </trkpt>
      <trkpt lat="50.240635" lon="13.777911">
      </trkpt>
      <trkpt lat="50.239562" lon="13.776746">
      </trkpt>
      <trkpt lat="50.239204" lon="13.776277">
      </trkpt>
      <trkpt lat="50.238887" lon="13.775946">
      </trkpt>
      <trkpt lat="50.238434" lon="13.775613">
      </trkpt>
      <trkpt lat="50.237793" lon="13.775328">
      </trkpt>
      <trkpt lat="50.234402" lon="13.773947">
      </trkpt>
      <trkpt lat="50.233867" lon="13.773607">
      </trkpt>
      <trkpt lat="50.230643" lon="13.766018">
      </trkpt>
      <trkpt lat="50.235372" lon="13.760061">
      </trkpt>
      <trkpt lat="50.23869" lon="13.761125">
      </trkpt>
      <trkpt lat="50.242069" lon="13.762647">
      </trkpt>
      <trkpt lat="50.244794" lon="13.760295">
      </trkpt>
      <trkpt lat="50.243273" lon="13.75839">
      </trkpt>
      <trkpt lat="50.242957" lon="13.758047">
      </trkpt>
      <trkpt lat="50.242424" lon="13.75764">
      </trkpt>
      <trkpt lat="50.241912" lon="13.757383">
      </trkpt>
      <trkpt lat="50.241037" lon="13.75723">
      </trkpt>
      <trkpt lat="50.236522" lon="13.75665">
      </trkpt>
      <trkpt lat="50.232098" lon="13.752159">
      </trkpt>
      <trkpt lat="50.230245" lon="13.749557">
      </trkpt>
      <trkpt lat="50.230206" lon="13.749514">
      </trkpt>
      <trkpt lat="50.229602" lon="13.749474">
      </trkpt>
      <trkpt lat="50.223335" lon="13.745995">
      </trkpt>
      <trkpt lat="50.22296" lon="13.745559">
      </trkpt>
      <trkpt lat="50.221232" lon="13.74091">
      </trkpt>
      <trkpt lat="50.221154" lon="13.740538">
      </trkpt>
      <trkpt lat="50.221021" lon="13.739631">
      </trkpt>
      <trkpt lat="50.227009" lon="13.733529">
      </trkpt>
      <trkpt lat="50.227877" lon="13.732857">
      </trkpt>
      <trkpt lat="50.228117" lon="13.732458">
      </trkpt>
      <trkpt lat="50.229189" lon="13.730548">
      </trkpt>
      <trkpt lat="50.228671" lon="13.730125">
      </trkpt>
      <trkpt lat="50.228367" lon="13.729915">
      </trkpt>
      <trkpt lat="50.227804" lon="13.729656">
      </trkpt>
      <trkpt lat="50.227251" lon="13.729535">
      </trkpt>
      <trkpt lat="50.22682" lon="13.729519">
      </trkpt>
      <trkpt lat="50.220512" lon="13.724715">
      </trkpt>
      <trkpt lat="50.220264" lon="13.722631">
      </trkpt>
      <trkpt lat="50.220104" lon="13.721642">
      </trkpt>
      <trkpt lat="50.219792" lon="13.719915">
      </trkpt>
      <trkpt lat="50.219632" lon="13.717539">
      </trkpt>
      <trkpt lat="50.219549" lon="13.716751">
      </trkpt>
      <trkpt lat="50.219487" lon="13.716371">
      </trkpt>
      <trkpt lat="50.218529" lon="13.711357">
      </trkpt>
      <trkpt lat="50.219647" lon="13.704768">
      </trkpt>
      <trkpt lat="50.219895" lon="13.704036">
      </trkpt>
      <trkpt lat="50.220369" lon="13.702375">
      </trkpt>
      <trkpt lat="50.220505" lon="13.701717">
      </trkpt>
      <trkpt lat="50.220541" lon="13.701172">
      </trkpt>
      <trkpt lat="50.220521" lon="13.700479">
      </trkpt>
      <trkpt lat="50.22038" lon="13.69927">
      </trkpt>
      <trkpt lat="50.219547" lon="13.695657">
      </trkpt>
      <trkpt lat="50.219155" lon="13.693402">
      </trkpt>
      <trkpt lat="50.215975" lon="13.685872">
      </trkpt>
      <trkpt lat="50.217825" lon="13.682545">
      </trkpt>
      <trkpt lat="50.217918" lon="13.678946">
      </trkpt>
      <trkpt lat="50.217148" lon="13.676763">
      </trkpt>
      <trkpt lat="50.216951" lon="13.6764">
      </trkpt>
      <trkpt lat="50.216673" lon="13.675959">
      </trkpt>
      <trkpt lat="50.216608" lon="13.675886">
      </trkpt>
      <trkpt lat="50.215138" lon="13.669366">
      </trkpt>
      <trkpt lat="50.217573" lon="13.66622">
      </trkpt>
      <trkpt lat="50.222052" lon="13.665058">
      </trkpt>
      <trkpt lat="50.224307" lon="13.662296">
      </trkpt>
      <trkpt lat="50.223976" lon="13.661506">
      </trkpt>
      <trkpt lat="50.221453" lon="13.658938">
      </trkpt>
      <trkpt lat="50.216899" lon="13.656486">
      </trkpt>
      <trkpt lat="50.213347" lon="13.655903">
      </trkpt>
      <trkpt lat="50.213269" lon="13.656378">
      </trkpt>
      <trkpt lat="50.212979" lon="13.657451">
      </trkpt>
      <trkpt lat="50.207515" lon="13.662158">
      </trkpt>
      <trkpt lat="50.206493" lon="13.662653">
      </trkpt>
      <trkpt lat="50.198178" lon="13.659489">
      </trkpt>
      <trkpt lat="50.198731" lon="13.656596">
      </trkpt>
      <trkpt lat="50.199674" lon="13.655162">
      </trkpt>
      <trkpt lat="50.199918" lon="13.654564">
      </trkpt>
      <trkpt lat="50.20021" lon="13.653536">
      </trkpt>
      <trkpt lat="50.20052" lon="13.652295">
      </trkpt>
      <trkpt lat="50.202005" lon="13.649473">
      </trkpt>
      <trkpt lat="50.199984" lon="13.646494">
      </trkpt>
      <trkpt lat="50.195786" lon="13.640962">
      </trkpt>
      <trkpt lat="50.195739" lon="13.640564">
      </trkpt>
      <trkpt lat="50.195655" lon="13.639458">
      </trkpt>
      <trkpt lat="50.198838" lon="13.633894">
      </trkpt>
      <trkpt lat="50.207536" lon="13.635891">
      </trkpt>
      <trkpt lat="50.208561" lon="13.637376">
      </trkpt>
      <trkpt lat="50.208648" lon="13.637467">
      </trkpt>
      <trkpt lat="50.209822" lon="13.639005">
      </trkpt>
      <trkpt lat="50.209977" lon="13.639137">
      </trkpt>
      <trkpt lat="50.21258" lon="13.638563">
      </trkpt>
      <trkpt lat="50.212698" lon="13.638211">
      </trkpt>
      <trkpt lat="50.212317" lon="13.636401">
      </trkpt>
      <trkpt lat="50.21183" lon="13.634879">
      </trkpt>
      <trkpt lat="50.210576" lon="13.627033">
      </trkpt>
      <trkpt lat="50.213164" lon="13.6214">
      </trkpt>
      <trkpt lat="50.215592" lon="13.618743">
      </trkpt>
      <trkpt lat="50.219275" lon="13.613651">
      </trkpt>
      <trkpt lat="50.218276" lon="13.611592">
      </trkpt>
      <trkpt lat="50.219401" lon="13.603874">
      </trkpt>
      <trkpt lat="50.217253" lon="13.598084">
      </trkpt>
      <trkpt lat="50.213655" lon="13.597961">
      </trkpt>
      <trkpt lat="50.213631" lon="13.598661">
      </trkpt>
      <trkpt lat="50.212675" lon="13.601763">
      </trkpt>
      <trkpt lat="50.208794" lon="13.608964">
      </trkpt>
      <trkpt lat="50.200819" lon="13.610359">
      </trkpt>
      <trkpt lat="50.198907" lon="13.603662">
      </trkpt>
      <trkpt lat="50.199888" lon="13.601833">
      </trkpt>
      <trkpt lat="50.200103" lon="13.601502">
      </trkpt>
      <trkpt lat="50.200328" lon="13.601033">
      </trkpt>
      <trkpt lat="50.200401" lon="13.600818">
      </trkpt>
      <trkpt lat="50.200541" lon="13.600364">
      </trkpt>
      <trkpt lat="50.200991" lon="13.598352">
      </trkpt>
      <trkpt lat="50.201088" lon="13.597407">
      </trkpt>
      <trkpt lat="50.201491" lon="13.595912">
      </trkpt>
      <trkpt lat="50.201568" lon="13.595473">
      </trkpt>
      <trkpt lat="50.201672" lon="13.594367">
      </trkpt>
      <trkpt lat="50.202376" lon="13.592244">
      </trkpt>
      <trkpt lat="50.202639" lon="13.59139">
      </trkpt>
      <trkpt lat="50.202843" lon="13.590286">
      </trkpt>
      <trkpt lat="50.203804" lon="13.587403">
      </trkpt>
      <trkpt lat="50.203886" lon="13.587014">
      </trkpt>
      <trkpt lat="50.203922" lon="13.58671">
      </trkpt>
      <trkpt lat="50.203861" lon="13.586602">
      </trkpt>
      <trkpt lat="50.203319" lon="13.585656">
      </trkpt>
      <trkpt lat="50.203115" lon="13.585508">
      </trkpt>
      <trkpt lat="50.200861" lon="13.585693">
      </trkpt>
      <trkpt lat="50.193101" lon="13.585988">
      </trkpt>
      <trkpt lat="50.189398" lon="13.57916">
      </trkpt>
      <trkpt lat="50.185799" lon="13.579224">
      </trkpt>
      <trkpt lat="50.185234" lon="13.581326">
      </trkpt>
      <trkpt lat="50.185273" lon="13.583084">
      </trkpt>
      <trkpt lat="50.185341" lon="13.585051">
      </trkpt>
      <trkpt lat="50.180197" lon="13.591411">
      </trkpt>
      <trkpt lat="50.178187" lon="13.591714">
      </trkpt>
      <trkpt lat="50.17072" lon="13.586766">
      </trkpt>
      <trkpt lat="50.17063" lon="13.585682">
      </trkpt>
      <trkpt lat="50.170396" lon="13.583572">
      </trkpt>
      <trkpt lat="50.170192" lon="13.582121">
      </trkpt>
      <trkpt lat="50.169975" lon="13.580809">
      </trkpt>
      <trkpt lat="50.169665" lon="13.579194">
      </trkpt>
      <trkpt lat="50.174624" lon="13.573099">
      </trkpt>
      <trkpt lat="50.175229" lon="13.571237">
      </trkpt>
      <trkpt lat="50.176028" lon="13.566159">
      </trkpt>
      <trkpt lat="50.176194" lon="13.565739">
      </trkpt>
      <trkpt lat="50.176351" lon="13.565188">
      </trkpt>
      <trkpt lat="50.17645" lon="13.564594">
      </trkpt>
      <trkpt lat="50.176468" lon="13.564018">
      </trkpt>
      <trkpt lat="50.176421" lon="13.563412">
      </trkpt>
      <trkpt lat="50.176308" lon="13.562668">
      </trkpt>
      <trkpt lat="50.176127" lon="13.562024">
      </trkpt>
      <trkpt lat="50.175833" lon="13.561208">
      </trkpt>
      <trkpt lat="50.175157" lon="13.559211">
      </trkpt>
      <trkpt lat="50.174319" lon="13.556341">
      </trkpt>
      <trkpt lat="50.17072" lon="13.556383">
      </trkpt>
      <trkpt lat="50.162169" lon="13.556994">
      </trkpt>
      <trkpt lat="50.161724" lon="13.555624">
      </trkpt>
      <trkpt lat="50.161282" lon="13.553982">
      </trkpt>
      <trkpt lat="50.160952" lon="13.55243">
      </trkpt>
      <trkpt lat="50.160792" lon="13.551512">
      </trkpt>
      <trkpt lat="50.160604" lon="13.550199">
      </trkpt>
      <trkpt lat="50.16044" lon="13.548506">
      </trkpt>
      <trkpt lat="50.160373" lon="13.547365">
      </trkpt>
      <trkpt lat="50.160341" lon="13.546237">
      </trkpt>
      <trkpt lat="50.160364" lon="13.544512">
      </trkpt>
      <trkpt lat="50.160436" lon="13.543136">
      </trkpt>
      <trkpt lat="50.160596" lon="13.540902">
      </trkpt>
      <trkpt lat="50.16076" lon="13.538623">
      </trkpt>
      <trkpt lat="50.160818" lon="13.537344">
      </trkpt>
      <trkpt lat="50.160825" lon="13.535942">
      </trkpt>
      <trkpt lat="50.160774" lon="13.534606">
      </trkpt>
      <trkpt lat="50.160718" lon="13.533829">
      </trkpt>
      <trkpt lat="50.160615" lon="13.532804">
      </trkpt>
      <trkpt lat="50.160414" lon="13.531383">
      </trkpt>
      <trkpt lat="50.160273" lon="13.530625">
      </trkpt>
      <trkpt lat="50.159899" lon="13.528957">
      </trkpt>
      <trkpt lat="50.159715" lon="13.528275">
      </trkpt>
      <trkpt lat="50.159391" lon="13.527226">
      </trkpt>
      <trkpt lat="50.159107" lon="13.526409">
      </trkpt>
      <trkpt lat="50.158772" lon="13.525545">
      </trkpt>
      <trkpt lat="50.158425" lon="13.52474">
      </trkpt>
      <trkpt lat="50.157719" lon="13.523299">
      </trkpt>
      <trkpt lat="50.156471" lon="13.520916">
      </trkpt>
      <trkpt lat="50.155245" lon="13.518578">
      </trkpt>
      <trkpt lat="50.15467" lon="13.517404">
      </trkpt>
      <trkpt lat="50.154098" lon="13.516159">
      </trkpt>
      <trkpt lat="50.153868" lon="13.515625">
      </trkpt>
      <trkpt lat="50.153434" lon="13.514573">
      </trkpt>
      <trkpt lat="50.153015" lon="13.513491">
      </trkpt>
      <trkpt lat="50.152247" lon="13.511674">
      </trkpt>
      <trkpt lat="50.152019" lon="13.510688">
      </trkpt>
      <trkpt lat="50.155417" lon="13.502948">
      </trkpt>
      <trkpt lat="50.155347" lon="13.502606">
      </trkpt>
      <trkpt lat="50.155216" lon="13.502115">
      </trkpt>
      <trkpt lat="50.154979" lon="13.500098">
      </trkpt>
      <trkpt lat="50.161742" lon="13.495782">
      </trkpt>
      <trkpt lat="50.165337" lon="13.495974">
      </trkpt>
      <trkpt lat="50.165416" lon="13.494491">
      </trkpt>
      <trkpt lat="50.165411" lon="13.494039">
      </trkpt>
      <trkpt lat="50.165359" lon="13.493525">
      </trkpt>
      <trkpt lat="50.167541" lon="13.487386">
      </trkpt>
      <trkpt lat="50.170595" lon="13.485364">
      </trkpt>
      <trkpt lat="50.170884" lon="13.485178">
      </trkpt>
      <trkpt lat="50.16894" lon="13.482148">
      </trkpt>
      <trkpt lat="50.16175" lon="13.477086">
      </trkpt>
      <trkpt lat="50.162185" lon="13.474184">
      </trkpt>
      <trkpt lat="50.158625" lon="13.473651">
      </trkpt>
      <trkpt lat="50.15819" lon="13.476552">
      </trkpt>
    </trkseg>
  </trk>
</gpx>