<?xml version="1.0" encoding="UTF-8"?>
<gpx xmlns="http://www.topografix.com/GPX/1/1" xmlns:xsi="http://www.w3.org/2001/XMLSchema-instance" xsi:schemaLocation="http://www.topografix.com/GPX/1/1 http://www.topografix.com/GPX/1/1/gpx.xsd" version="1.1" creator="gpx.py -- https://github.com/tkrajina/gpxpy">
  <trk>
    <trkseg>
      <trkpt lat="49.593831" lon="17.196862">
      </trkpt>
      <trkpt lat="49.592923" lon="17.197024">
      </trkpt>
      <trkpt lat="49.592241" lon="17.197201">
      </trkpt>
      <trkpt lat="49.591263" lon="17.197546">
      </trkpt>
      <trkpt lat="49.590274" lon="17.198006">
      </trkpt>
      <trkpt lat="49.589367" lon="17.198527">
      </trkpt>
      <trkpt lat="49.588491" lon="17.19914">
      </trkpt>
      <trkpt lat="49.587747" lon="17.199747">
      </trkpt>
      <trkpt lat="49.586633" lon="17.200827">
      </trkpt>
      <trkpt lat="49.584794" lon="17.202872">
      </trkpt>
      <trkpt lat="49.579192" lon="17.206292">
      </trkpt>
      <trkpt lat="49.577574" lon="17.206695">
      </trkpt>
      <trkpt lat="49.573023" lon="17.209224">
      </trkpt>
      <trkpt lat="49.568494" lon="17.207359">
      </trkpt>
      <trkpt lat="49.566848" lon="17.204463">
      </trkpt>
      <trkpt lat="49.564968" lon="17.201149">
      </trkpt>
      <trkpt lat="49.563819" lon="17.199124">
      </trkpt>
      <trkpt lat="49.56267" lon="17.197099">
      </trkpt>
      <trkpt lat="49.561075" lon="17.194285">
      </trkpt>
      <trkpt lat="49.557943" lon="17.196061">
      </trkpt>
      <trkpt lat="49.559539" lon="17.198875">
      </trkpt>
      <trkpt lat="49.560688" lon="17.2009">
      </trkpt>
      <trkpt lat="49.561837" lon="17.202926">
      </trkpt>
      <trkpt lat="49.563718" lon="17.206241">
      </trkpt>
      <trkpt lat="49.565364" lon="17.209137">
      </trkpt>
      <trkpt lat="49.565836" lon="17.210054">
      </trkpt>
      <trkpt lat="49.563319" lon="17.218325">
      </trkpt>
      <trkpt lat="49.56251" lon="17.218886">
      </trkpt>
      <trkpt lat="49.561597" lon="17.219487">
      </trkpt>
      <trkpt lat="49.561417" lon="17.219589">
      </trkpt>
      <trkpt lat="49.558391" lon="17.22147">
      </trkpt>
      <trkpt lat="49.55716" lon="17.222313">
      </trkpt>
      <trkpt lat="49.55606" lon="17.22313">
      </trkpt>
      <trkpt lat="49.555155" lon="17.223856">
      </trkpt>
      <trkpt lat="49.554395" lon="17.224508">
      </trkpt>
      <trkpt lat="49.553665" lon="17.22518">
      </trkpt>
      <trkpt lat="49.553186" lon="17.225664">
      </trkpt>
      <trkpt lat="49.55277" lon="17.226104">
      </trkpt>
      <trkpt lat="49.552335" lon="17.226606">
      </trkpt>
      <trkpt lat="49.55191" lon="17.227135">
      </trkpt>
      <trkpt lat="49.551396" lon="17.227822">
      </trkpt>
      <trkpt lat="49.550846" lon="17.228639">
      </trkpt>
      <trkpt lat="49.55029" lon="17.229555">
      </trkpt>
      <trkpt lat="49.549853" lon="17.230349">
      </trkpt>
      <trkpt lat="49.549377" lon="17.231308">
      </trkpt>
      <trkpt lat="49.549126" lon="17.231854">
      </trkpt>
      <trkpt lat="49.548641" lon="17.233029">
      </trkpt>
      <trkpt lat="49.548273" lon="17.234039">
      </trkpt>
      <trkpt lat="49.541056" lon="17.239179">
      </trkpt>
      <trkpt lat="49.537456" lon="17.239154">
      </trkpt>
      <trkpt lat="49.530202" lon="17.238122">
      </trkpt>
      <trkpt lat="49.526652" lon="17.238717">
      </trkpt>
      <trkpt lat="49.524922" lon="17.24463">
      </trkpt>
      <trkpt lat="49.520041" lon="17.249376">
      </trkpt>
      <trkpt lat="49.519037" lon="17.251024">
      </trkpt>
      <trkpt lat="49.519072" lon="17.251254">
      </trkpt>
      <trkpt lat="49.519122" lon="17.251482">
      </trkpt>
      <trkpt lat="49.519131" lon="17.251515">
      </trkpt>
      <trkpt lat="49.521506" lon="17.252664">
      </trkpt>
      <trkpt lat="49.526339" lon="17.258114">
      </trkpt>
      <trkpt lat="49.526129" lon="17.261238">
      </trkpt>
      <trkpt lat="49.526057" lon="17.262647">
      </trkpt>
      <trkpt lat="49.526111" lon="17.263192">
      </trkpt>
      <trkpt lat="49.526236" lon="17.263714">
      </trkpt>
      <trkpt lat="49.527153" lon="17.266275">
      </trkpt>
      <trkpt lat="49.530542" lon="17.265062">
      </trkpt>
      <trkpt lat="49.537902" lon="17.268852">
      </trkpt>
      <trkpt lat="49.541119" lon="17.26999">
      </trkpt>
      <trkpt lat="49.541429" lon="17.269562">
      </trkpt>
      <trkpt lat="49.54164" lon="17.269214">
      </trkpt>
      <trkpt lat="49.545932" lon="17.26582">
      </trkpt>
      <trkpt lat="49.552009" lon="17.270765">
      </trkpt>
      <trkpt lat="49.552262" lon="17.272359">
      </trkpt>
      <trkpt lat="49.552478" lon="17.273814">
      </trkpt>
      <trkpt lat="49.552679" lon="17.275351">
      </trkpt>
      <trkpt lat="49.552841" lon="17.276707">
      </trkpt>
      <trkpt lat="49.553074" lon="17.279003">
      </trkpt>
      <trkpt lat="49.553407" lon="17.282678">
      </trkpt>
      <trkpt lat="49.55374" lon="17.286352">
      </trkpt>
      <trkpt lat="49.554074" lon="17.290026">
      </trkpt>
      <trkpt lat="49.554407" lon="17.293697">
      </trkpt>
      <trkpt lat="49.554669" lon="17.296666">
      </trkpt>
      <trkpt lat="49.548918" lon="17.302388">
      </trkpt>
      <trkpt lat="49.542195" lon="17.300956">
      </trkpt>
      <trkpt lat="49.540696" lon="17.297683">
      </trkpt>
      <trkpt lat="49.538007" lon="17.290807">
      </trkpt>
      <trkpt lat="49.534408" lon="17.290892">
      </trkpt>
      <trkpt lat="49.532061" lon="17.297466">
      </trkpt>
      <trkpt lat="49.531503" lon="17.304156">
      </trkpt>
      <trkpt lat="49.530039" lon="17.30636">
      </trkpt>
      <trkpt lat="49.529835" lon="17.307132">
      </trkpt>
      <trkpt lat="49.52983" lon="17.307287">
      </trkpt>
      <trkpt lat="49.531178" lon="17.315035">
      </trkpt>
      <trkpt lat="49.528097" lon="17.319136">
      </trkpt>
      <trkpt lat="49.527419" lon="17.32055">
      </trkpt>
      <trkpt lat="49.527384" lon="17.321202">
      </trkpt>
      <trkpt lat="49.527332" lon="17.322895">
      </trkpt>
      <trkpt lat="49.520753" lon="17.328015">
      </trkpt>
      <trkpt lat="49.520089" lon="17.328008">
      </trkpt>
      <trkpt lat="49.51941" lon="17.328063">
      </trkpt>
      <trkpt lat="49.51803" lon="17.328331">
      </trkpt>
      <trkpt lat="49.516704" lon="17.328809">
      </trkpt>
      <trkpt lat="49.515604" lon="17.329379">
      </trkpt>
      <trkpt lat="49.514863" lon="17.329872">
      </trkpt>
      <trkpt lat="49.514136" lon="17.330432">
      </trkpt>
      <trkpt lat="49.51313" lon="17.33135">
      </trkpt>
      <trkpt lat="49.512266" lon="17.332397">
      </trkpt>
      <trkpt lat="49.511331" lon="17.333729">
      </trkpt>
      <trkpt lat="49.510309" lon="17.335469">
      </trkpt>
      <trkpt lat="49.51002" lon="17.336106">
      </trkpt>
      <trkpt lat="49.509757" lon="17.3368">
      </trkpt>
      <trkpt lat="49.5093" lon="17.338139">
      </trkpt>
      <trkpt lat="49.508967" lon="17.339256">
      </trkpt>
      <trkpt lat="49.508691" lon="17.340369">
      </trkpt>
      <trkpt lat="49.508349" lon="17.342106">
      </trkpt>
      <trkpt lat="49.507993" lon="17.344604">
      </trkpt>
      <trkpt lat="49.507679" lon="17.346138">
      </trkpt>
      <trkpt lat="49.507311" lon="17.347638">
      </trkpt>
      <trkpt lat="49.506849" lon="17.349035">
      </trkpt>
      <trkpt lat="49.505724" lon="17.351691">
      </trkpt>
      <trkpt lat="49.505614" lon="17.351916">
      </trkpt>
      <trkpt lat="49.505433" lon="17.352388">
      </trkpt>
      <trkpt lat="49.50532" lon="17.35279">
      </trkpt>
      <trkpt lat="49.505181" lon="17.353427">
      </trkpt>
      <trkpt lat="49.50509" lon="17.35411">
      </trkpt>
      <trkpt lat="49.505071" lon="17.354756">
      </trkpt>
      <trkpt lat="49.5004" lon="17.362024">
      </trkpt>
      <trkpt lat="49.494865" lon="17.363039">
      </trkpt>
      <trkpt lat="49.491546" lon="17.359666">
      </trkpt>
      <trkpt lat="49.48992" lon="17.356869">
      </trkpt>
      <trkpt lat="49.48862" lon="17.357568">
      </trkpt>
      <trkpt lat="49.481089" lon="17.352823">
      </trkpt>
      <trkpt lat="49.481526" lon="17.350535">
      </trkpt>
      <trkpt lat="49.481664" lon="17.349945">
      </trkpt>
      <trkpt lat="49.481817" lon="17.349432">
      </trkpt>
      <trkpt lat="49.481934" lon="17.349083">
      </trkpt>
      <trkpt lat="49.484365" lon="17.344842">
      </trkpt>
      <trkpt lat="49.484504" lon="17.344713">
      </trkpt>
      <trkpt lat="49.484516" lon="17.342829">
      </trkpt>
      <trkpt lat="49.4837" lon="17.341968">
      </trkpt>
      <trkpt lat="49.48364" lon="17.341937">
      </trkpt>
      <trkpt lat="49.482049" lon="17.342079">
      </trkpt>
      <trkpt lat="49.481939" lon="17.342159">
      </trkpt>
      <trkpt lat="49.48017" lon="17.343695">
      </trkpt>
      <trkpt lat="49.480077" lon="17.343948">
      </trkpt>
      <trkpt lat="49.477964" lon="17.347454">
      </trkpt>
      <trkpt lat="49.470385" lon="17.348852">
      </trkpt>
      <trkpt lat="49.467721" lon="17.347836">
      </trkpt>
      <trkpt lat="49.46308" lon="17.348089">
      </trkpt>
      <trkpt lat="49.459743" lon="17.349439">
      </trkpt>
      <trkpt lat="49.459646" lon="17.357104">
      </trkpt>
      <trkpt lat="49.460369" lon="17.360857">
      </trkpt>
      <trkpt lat="49.453088" lon="17.364986">
      </trkpt>
      <trkpt lat="49.453023" lon="17.365626">
      </trkpt>
      <trkpt lat="49.452944" lon="17.366228">
      </trkpt>
      <trkpt lat="49.452905" lon="17.367471">
      </trkpt>
      <trkpt lat="49.452868" lon="17.368788">
      </trkpt>
      <trkpt lat="49.452858" lon="17.369279">
      </trkpt>
      <trkpt lat="49.452993" lon="17.370466">
      </trkpt>
      <trkpt lat="49.447523" lon="17.376612">
      </trkpt>
      <trkpt lat="49.445351" lon="17.379175">
      </trkpt>
      <trkpt lat="49.44441" lon="17.379868">
      </trkpt>
      <trkpt lat="49.443261" lon="17.381648">
      </trkpt>
      <trkpt lat="49.434642" lon="17.379303">
      </trkpt>
      <trkpt lat="49.434401" lon="17.378681">
      </trkpt>
      <trkpt lat="49.43401" lon="17.377845">
      </trkpt>
      <trkpt lat="49.433564" lon="17.377062">
      </trkpt>
      <trkpt lat="49.432909" lon="17.375483">
      </trkpt>
      <trkpt lat="49.432684" lon="17.372187">
      </trkpt>
      <trkpt lat="49.432739" lon="17.371824">
      </trkpt>
      <trkpt lat="49.432761" lon="17.37104">
      </trkpt>
      <trkpt lat="49.432681" lon="17.370216">
      </trkpt>
      <trkpt lat="49.432692" lon="17.368728">
      </trkpt>
      <trkpt lat="49.43272" lon="17.367529">
      </trkpt>
      <trkpt lat="49.432714" lon="17.366112">
      </trkpt>
      <trkpt lat="49.439743" lon="17.360986">
      </trkpt>
      <trkpt lat="49.440995" lon="17.357611">
      </trkpt>
      <trkpt lat="49.440267" lon="17.352783">
      </trkpt>
      <trkpt lat="49.437304" lon="17.347825">
      </trkpt>
      <trkpt lat="49.437786" lon="17.342993">
      </trkpt>
      <trkpt lat="49.435057" lon="17.342043">
      </trkpt>
      <trkpt lat="49.431117" lon="17.335075">
      </trkpt>
      <trkpt lat="49.430558" lon="17.331693">
      </trkpt>
      <trkpt lat="49.430598" lon="17.327236">
      </trkpt>
      <trkpt lat="49.428891" lon="17.323381">
      </trkpt>
      <trkpt lat="49.425428" lon="17.324365">
      </trkpt>
      <trkpt lat="49.425926" lon="17.326119">
      </trkpt>
      <trkpt lat="49.426119" lon="17.334903">
      </trkpt>
      <trkpt lat="49.426038" lon="17.335353">
      </trkpt>
      <trkpt lat="49.425959" lon="17.336695">
      </trkpt>
      <trkpt lat="49.422611" lon="17.344192">
      </trkpt>
      <trkpt lat="49.422415" lon="17.34556">
      </trkpt>
      <trkpt lat="49.42247" lon="17.352355">
      </trkpt>
      <trkpt lat="49.422204" lon="17.355945">
      </trkpt>
      <trkpt lat="49.423881" lon="17.35607">
      </trkpt>
      <trkpt lat="49.429088" lon="17.363206">
      </trkpt>
      <trkpt lat="49.429114" lon="17.366145">
      </trkpt>
      <trkpt lat="49.42912" lon="17.367545">
      </trkpt>
      <trkpt lat="49.429093" lon="17.36864">
      </trkpt>
      <trkpt lat="49.426353" lon="17.375779">
      </trkpt>
      <trkpt lat="49.422033" lon="17.378078">
      </trkpt>
      <trkpt lat="49.420063" lon="17.380138">
      </trkpt>
      <trkpt lat="49.422664" lon="17.382626">
      </trkpt>
      <trkpt lat="49.424635" lon="17.380566">
      </trkpt>
      <trkpt lat="49.431866" lon="17.384082">
      </trkpt>
      <trkpt lat="49.432091" lon="17.384899">
      </trkpt>
      <trkpt lat="49.432499" lon="17.386229">
      </trkpt>
      <trkpt lat="49.433148" lon="17.388182">
      </trkpt>
      <trkpt lat="49.433246" lon="17.388579">
      </trkpt>
      <trkpt lat="49.430397" lon="17.396741">
      </trkpt>
      <trkpt lat="49.430314" lon="17.401967">
      </trkpt>
      <trkpt lat="49.430558" lon="17.402355">
      </trkpt>
      <trkpt lat="49.430781" lon="17.402627">
      </trkpt>
      <trkpt lat="49.431304" lon="17.403053">
      </trkpt>
      <trkpt lat="49.432995" lon="17.403961">
      </trkpt>
      <trkpt lat="49.433555" lon="17.40419">
      </trkpt>
      <trkpt lat="49.439427" lon="17.410873">
      </trkpt>
      <trkpt lat="49.439395" lon="17.412709">
      </trkpt>
      <trkpt lat="49.439626" lon="17.416718">
      </trkpt>
      <trkpt lat="49.438384" lon="17.421203">
      </trkpt>
      <trkpt lat="49.438214" lon="17.421736">
      </trkpt>
      <trkpt lat="49.438146" lon="17.422184">
      </trkpt>
      <trkpt lat="49.437459" lon="17.425034">
      </trkpt>
      <trkpt lat="49.437119" lon="17.425789">
      </trkpt>
      <trkpt lat="49.428417" lon="17.426998">
      </trkpt>
      <trkpt lat="49.428118" lon="17.426688">
      </trkpt>
      <trkpt lat="49.42598" lon="17.422972">
      </trkpt>
      <trkpt lat="49.425892" lon="17.422762">
      </trkpt>
      <trkpt lat="49.425882" lon="17.422753">
      </trkpt>
      <trkpt lat="49.423571" lon="17.422093">
      </trkpt>
      <trkpt lat="49.423542" lon="17.422099">
      </trkpt>
      <trkpt lat="49.421513" lon="17.423829">
      </trkpt>
      <trkpt lat="49.419116" lon="17.426306">
      </trkpt>
      <trkpt lat="49.418248" lon="17.427343">
      </trkpt>
      <trkpt lat="49.418227" lon="17.427396">
      </trkpt>
      <trkpt lat="49.417977" lon="17.428209">
      </trkpt>
      <trkpt lat="49.417979" lon="17.428227">
      </trkpt>
      <trkpt lat="49.419029" lon="17.429139">
      </trkpt>
      <trkpt lat="49.419534" lon="17.429557">
      </trkpt>
      <trkpt lat="49.422107" lon="17.436664">
      </trkpt>
      <trkpt lat="49.419237" lon="17.439363">
      </trkpt>
      <trkpt lat="49.415464" lon="17.440007">
      </trkpt>
      <trkpt lat="49.413194" lon="17.440412">
      </trkpt>
      <trkpt lat="49.411718" lon="17.440718">
      </trkpt>
      <trkpt lat="49.410985" lon="17.440896">
      </trkpt>
      <trkpt lat="49.410119" lon="17.441144">
      </trkpt>
      <trkpt lat="49.40881" lon="17.441574">
      </trkpt>
      <trkpt lat="49.407932" lon="17.441903">
      </trkpt>
      <trkpt lat="49.406749" lon="17.442408">
      </trkpt>
      <trkpt lat="49.405303" lon="17.443113">
      </trkpt>
      <trkpt lat="49.404499" lon="17.443548">
      </trkpt>
      <trkpt lat="49.403686" lon="17.444021">
      </trkpt>
      <trkpt lat="49.402113" lon="17.445043">
      </trkpt>
      <trkpt lat="49.400672" lon="17.446094">
      </trkpt>
      <trkpt lat="49.399926" lon="17.44669">
      </trkpt>
      <trkpt lat="49.398876" lon="17.447585">
      </trkpt>
      <trkpt lat="49.398323" lon="17.448085">
      </trkpt>
      <trkpt lat="49.397479" lon="17.448883">
      </trkpt>
      <trkpt lat="49.396881" lon="17.449487">
      </trkpt>
      <trkpt lat="49.392403" lon="17.452067">
      </trkpt>
      <trkpt lat="49.385654" lon="17.450141">
      </trkpt>
      <trkpt lat="49.383561" lon="17.447234">
      </trkpt>
      <trkpt lat="49.383" lon="17.441704">
      </trkpt>
      <trkpt lat="49.383079" lon="17.440072">
      </trkpt>
      <trkpt lat="49.38319" lon="17.439311">
      </trkpt>
      <trkpt lat="49.386834" lon="17.433106">
      </trkpt>
      <trkpt lat="49.387711" lon="17.432511">
      </trkpt>
      <trkpt lat="49.388627" lon="17.431683">
      </trkpt>
      <trkpt lat="49.390575" lon="17.429619">
      </trkpt>
      <trkpt lat="49.387957" lon="17.427148">
      </trkpt>
      <trkpt lat="49.384874" lon="17.430086">
      </trkpt>
      <trkpt lat="49.381997" lon="17.432072">
      </trkpt>
      <trkpt lat="49.381564" lon="17.432331">
      </trkpt>
      <trkpt lat="49.380077" lon="17.43316">
      </trkpt>
      <trkpt lat="49.371768" lon="17.435376">
      </trkpt>
      <trkpt lat="49.371028" lon="17.435419">
      </trkpt>
      <trkpt lat="49.370912" lon="17.43546">
      </trkpt>
      <trkpt lat="49.36967" lon="17.436706">
      </trkpt>
      <trkpt lat="49.369433" lon="17.437434">
      </trkpt>
      <trkpt lat="49.367564" lon="17.440955">
      </trkpt>
      <trkpt lat="49.360073" lon="17.445648">
      </trkpt>
      <trkpt lat="49.356292" lon="17.441859">
      </trkpt>
      <trkpt lat="49.352692" lon="17.441818">
      </trkpt>
      <trkpt lat="49.350701" lon="17.442019">
      </trkpt>
      <trkpt lat="49.34852" lon="17.442882">
      </trkpt>
      <trkpt lat="49.348436" lon="17.443171">
      </trkpt>
      <trkpt lat="49.348328" lon="17.443752">
      </trkpt>
      <trkpt lat="49.348264" lon="17.444271">
      </trkpt>
      <trkpt lat="49.348126" lon="17.446241">
      </trkpt>
      <trkpt lat="49.348078" lon="17.448266">
      </trkpt>
      <trkpt lat="49.349689" lon="17.448563">
      </trkpt>
      <trkpt lat="49.352501" lon="17.449216">
      </trkpt>
      <trkpt lat="49.358305" lon="17.453212">
      </trkpt>
      <trkpt lat="49.358416" lon="17.456811">
      </trkpt>
      <trkpt lat="49.36256" lon="17.462063">
      </trkpt>
      <trkpt lat="49.358254" lon="17.466944">
      </trkpt>
      <trkpt lat="49.356549" lon="17.467516">
      </trkpt>
      <trkpt lat="49.355449" lon="17.46794">
      </trkpt>
      <trkpt lat="49.354307" lon="17.468418">
      </trkpt>
      <trkpt lat="49.352386" lon="17.469303">
      </trkpt>
      <trkpt lat="49.350719" lon="17.470117">
      </trkpt>
      <trkpt lat="49.347324" lon="17.471778">
      </trkpt>
      <trkpt lat="49.340628" lon="17.473051">
      </trkpt>
      <trkpt lat="49.334899" lon="17.46812">
      </trkpt>
      <trkpt lat="49.332978" lon="17.463214">
      </trkpt>
      <trkpt lat="49.33217" lon="17.461166">
      </trkpt>
      <trkpt lat="49.331357" lon="17.459108">
      </trkpt>
      <trkpt lat="49.330168" lon="17.456148">
      </trkpt>
      <trkpt lat="49.328989" lon="17.453216">
      </trkpt>
      <trkpt lat="49.328284" lon="17.451379">
      </trkpt>
      <trkpt lat="49.327366" lon="17.448708">
      </trkpt>
      <trkpt lat="49.326842" lon="17.447028">
      </trkpt>
      <trkpt lat="49.32638" lon="17.44534">
      </trkpt>
      <trkpt lat="49.32598" lon="17.443753">
      </trkpt>
      <trkpt lat="49.325641" lon="17.442254">
      </trkpt>
      <trkpt lat="49.32213" lon="17.443047">
      </trkpt>
      <trkpt lat="49.322469" lon="17.444546">
      </trkpt>
      <trkpt lat="49.322888" lon="17.446218">
      </trkpt>
      <trkpt lat="49.32337" lon="17.447979">
      </trkpt>
      <trkpt lat="49.323929" lon="17.449778">
      </trkpt>
      <trkpt lat="49.324893" lon="17.452589">
      </trkpt>
      <trkpt lat="49.325627" lon="17.454504">
      </trkpt>
      <trkpt lat="49.326827" lon="17.457491">
      </trkpt>
      <trkpt lat="49.328017" lon="17.460451">
      </trkpt>
      <trkpt lat="49.328821" lon="17.462488">
      </trkpt>
      <trkpt lat="49.32963" lon="17.464536">
      </trkpt>
      <trkpt lat="49.331547" lon="17.469432">
      </trkpt>
      <trkpt lat="49.330069" lon="17.47682">
      </trkpt>
      <trkpt lat="49.326632" lon="17.479402">
      </trkpt>
      <trkpt lat="49.323193" lon="17.481987">
      </trkpt>
      <trkpt lat="49.321751" lon="17.483074">
      </trkpt>
      <trkpt lat="49.317218" lon="17.485822">
      </trkpt>
      <trkpt lat="49.31269" lon="17.488998">
      </trkpt>
      <trkpt lat="49.314103" lon="17.492309">
      </trkpt>
      <trkpt lat="49.3151" lon="17.491883">
      </trkpt>
      <trkpt lat="49.316547" lon="17.491135">
      </trkpt>
      <trkpt lat="49.319629" lon="17.489156">
      </trkpt>
      <trkpt lat="49.321646" lon="17.487648">
      </trkpt>
      <trkpt lat="49.323918" lon="17.485948">
      </trkpt>
      <trkpt lat="49.325361" lon="17.484861">
      </trkpt>
      <trkpt lat="49.333792" lon="17.487783">
      </trkpt>
      <trkpt lat="49.333657" lon="17.489742">
      </trkpt>
      <trkpt lat="49.333546" lon="17.490925">
      </trkpt>
      <trkpt lat="49.333413" lon="17.492133">
      </trkpt>
      <trkpt lat="49.33327" lon="17.493159">
      </trkpt>
      <trkpt lat="49.332927" lon="17.495259">
      </trkpt>
      <trkpt lat="49.332716" lon="17.496349">
      </trkpt>
      <trkpt lat="49.332443" lon="17.497657">
      </trkpt>
      <trkpt lat="49.332147" lon="17.498897">
      </trkpt>
      <trkpt lat="49.331815" lon="17.500174">
      </trkpt>
      <trkpt lat="49.331455" lon="17.501448">
      </trkpt>
      <trkpt lat="49.33077" lon="17.503521">
      </trkpt>
      <trkpt lat="49.330418" lon="17.50449">
      </trkpt>
      <trkpt lat="49.330047" lon="17.505434">
      </trkpt>
      <trkpt lat="49.333399" lon="17.506748">
      </trkpt>
      <trkpt lat="49.333769" lon="17.505805">
      </trkpt>
      <trkpt lat="49.334153" lon="17.504752">
      </trkpt>
      <trkpt lat="49.334873" lon="17.50258">
      </trkpt>
      <trkpt lat="49.335278" lon="17.501157">
      </trkpt>
      <trkpt lat="49.335631" lon="17.499804">
      </trkpt>
      <trkpt lat="49.335944" lon="17.498494">
      </trkpt>
      <trkpt lat="49.33624" lon="17.497088">
      </trkpt>
      <trkpt lat="49.336462" lon="17.495943">
      </trkpt>
      <trkpt lat="49.336823" lon="17.49374">
      </trkpt>
      <trkpt lat="49.336978" lon="17.49263">
      </trkpt>
      <trkpt lat="49.337124" lon="17.491321">
      </trkpt>
      <trkpt lat="49.337241" lon="17.490078">
      </trkpt>
      <trkpt lat="49.337384" lon="17.488033">
      </trkpt>
      <trkpt lat="49.337447" lon="17.48612">
      </trkpt>
      <trkpt lat="49.34039" lon="17.477853">
      </trkpt>
      <trkpt lat="49.341199" lon="17.477889">
      </trkpt>
      <trkpt lat="49.342" lon="17.477843">
      </trkpt>
      <trkpt lat="49.344792" lon="17.477013">
      </trkpt>
      <trkpt lat="49.345992" lon="17.476433">
      </trkpt>
      <trkpt lat="49.348902" lon="17.475014">
      </trkpt>
      <trkpt lat="49.352298" lon="17.473352">
      </trkpt>
      <trkpt lat="49.353966" lon="17.472538">
      </trkpt>
      <trkpt lat="49.355813" lon="17.471688">
      </trkpt>
      <trkpt lat="49.356837" lon="17.471261">
      </trkpt>
      <trkpt lat="49.357841" lon="17.470877">
      </trkpt>
      <trkpt lat="49.359397" lon="17.470357">
      </trkpt>
      <trkpt lat="49.360685" lon="17.470003">
      </trkpt>
      <trkpt lat="49.361299" lon="17.469856">
      </trkpt>
      <trkpt lat="49.362975" lon="17.469522">
      </trkpt>
      <trkpt lat="49.364665" lon="17.469286">
      </trkpt>
      <trkpt lat="49.365861" lon="17.469187">
      </trkpt>
      <trkpt lat="49.36706" lon="17.469133">
      </trkpt>
      <trkpt lat="49.370116" lon="17.469109">
      </trkpt>
      <trkpt lat="49.374959" lon="17.472132">
      </trkpt>
      <trkpt lat="49.375873" lon="17.479537">
      </trkpt>
      <trkpt lat="49.376271" lon="17.482615">
      </trkpt>
      <trkpt lat="49.376309" lon="17.483168">
      </trkpt>
      <trkpt lat="49.376513" lon="17.484478">
      </trkpt>
      <trkpt lat="49.376752" lon="17.487292">
      </trkpt>
      <trkpt lat="49.376777" lon="17.487686">
      </trkpt>
      <trkpt lat="49.376885" lon="17.488071">
      </trkpt>
      <trkpt lat="49.377112" lon="17.488304">
      </trkpt>
      <trkpt lat="49.377651" lon="17.488687">
      </trkpt>
      <trkpt lat="49.378478" lon="17.488888">
      </trkpt>
      <trkpt lat="49.382736" lon="17.487212">
      </trkpt>
      <trkpt lat="49.382814" lon="17.487153">
      </trkpt>
      <trkpt lat="49.383024" lon="17.486782">
      </trkpt>
      <trkpt lat="49.386246" lon="17.482333">
      </trkpt>
      <trkpt lat="49.391245" lon="17.480341">
      </trkpt>
      <trkpt lat="49.394079" lon="17.477094">
      </trkpt>
      <trkpt lat="49.391506" lon="17.474577">
      </trkpt>
      <trkpt lat="49.388719" lon="17.466412">
      </trkpt>
      <trkpt lat="49.396687" lon="17.465691">
      </trkpt>
      <trkpt lat="49.400286" lon="17.465584">
      </trkpt>
      <trkpt lat="49.405254" lon="17.464225">
      </trkpt>
      <trkpt lat="49.406298" lon="17.463907">
      </trkpt>
      <trkpt lat="49.406662" lon="17.463774">
      </trkpt>
      <trkpt lat="49.40901" lon="17.463068">
      </trkpt>
      <trkpt lat="49.409332" lon="17.462924">
      </trkpt>
      <trkpt lat="49.414542" lon="17.461886">
      </trkpt>
      <trkpt lat="49.420435" lon="17.464947">
      </trkpt>
      <trkpt lat="49.420562" lon="17.464968">
      </trkpt>
      <trkpt lat="49.428439" lon="17.463988">
      </trkpt>
      <trkpt lat="49.432374" lon="17.459606">
      </trkpt>
      <trkpt lat="49.436763" lon="17.460463">
      </trkpt>
      <trkpt lat="49.437944" lon="17.461246">
      </trkpt>
      <trkpt lat="49.438385" lon="17.461294">
      </trkpt>
      <trkpt lat="49.440812" lon="17.461439">
      </trkpt>
      <trkpt lat="49.447779" lon="17.467079">
      </trkpt>
      <trkpt lat="49.448021" lon="17.470819">
      </trkpt>
      <trkpt lat="49.448002" lon="17.472196">
      </trkpt>
      <trkpt lat="49.448133" lon="17.47333">
      </trkpt>
      <trkpt lat="49.449319" lon="17.474285">
      </trkpt>
      <trkpt lat="49.449342" lon="17.474291">
      </trkpt>
      <trkpt lat="49.451665" lon="17.474026">
      </trkpt>
      <trkpt lat="49.457025" lon="17.473559">
      </trkpt>
      <trkpt lat="49.457055" lon="17.473534">
      </trkpt>
      <trkpt lat="49.457723" lon="17.472019">
      </trkpt>
      <trkpt lat="49.463701" lon="17.467055">
      </trkpt>
      <trkpt lat="49.467159" lon="17.466055">
      </trkpt>
      <trkpt lat="49.470228" lon="17.461976">
      </trkpt>
      <trkpt lat="49.47852" lon="17.463193">
      </trkpt>
      <trkpt lat="49.47773" lon="17.470427">
      </trkpt>
      <trkpt lat="49.47487" lon="17.472614">
      </trkpt>
      <trkpt lat="49.476083" lon="17.474199">
      </trkpt>
      <trkpt lat="49.477998" lon="17.476718">
      </trkpt>
      <trkpt lat="49.481293" lon="17.481042">
      </trkpt>
      <trkpt lat="49.480724" lon="17.485753">
      </trkpt>
      <trkpt lat="49.481733" lon="17.492034">
      </trkpt>
      <trkpt lat="49.480574" lon="17.494998">
      </trkpt>
      <trkpt lat="49.472554" lon="17.496446">
      </trkpt>
      <trkpt lat="49.471097" lon="17.492542">
      </trkpt>
      <trkpt lat="49.469314" lon="17.490282">
      </trkpt>
      <trkpt lat="49.468707" lon="17.489685">
      </trkpt>
      <trkpt lat="49.465186" lon="17.486242">
      </trkpt>
      <trkpt lat="49.464235" lon="17.484869">
      </trkpt>
      <trkpt lat="49.463578" lon="17.483763">
      </trkpt>
      <trkpt lat="49.460482" lon="17.4856">
      </trkpt>
      <trkpt lat="49.460919" lon="17.488791">
      </trkpt>
      <trkpt lat="49.461686" lon="17.490136">
      </trkpt>
      <trkpt lat="49.461689" lon="17.490141">
      </trkpt>
      <trkpt lat="49.462015" lon="17.490716">
      </trkpt>
      <trkpt lat="49.464702" lon="17.492258">
      </trkpt>
      <trkpt lat="49.465268" lon="17.492542">
      </trkpt>
      <trkpt lat="49.469058" lon="17.497305">
      </trkpt>
      <trkpt lat="49.464743" lon="17.504579">
      </trkpt>
      <trkpt lat="49.465574" lon="17.506228">
      </trkpt>
      <trkpt lat="49.465667" lon="17.50648">
      </trkpt>
      <trkpt lat="49.466293" lon="17.508883">
      </trkpt>
      <trkpt lat="49.466986" lon="17.51149">
      </trkpt>
      <trkpt lat="49.467272" lon="17.512119">
      </trkpt>
      <trkpt lat="49.470709" lon="17.51462">
      </trkpt>
      <trkpt lat="49.471335" lon="17.51495">
      </trkpt>
      <trkpt lat="49.474451" lon="17.518648">
      </trkpt>
      <trkpt lat="49.474534" lon="17.518854">
      </trkpt>
      <trkpt lat="49.474559" lon="17.518916">
      </trkpt>
      <trkpt lat="49.474671" lon="17.519166">
      </trkpt>
      <trkpt lat="49.474751" lon="17.519347">
      </trkpt>
      <trkpt lat="49.475081" lon="17.520275">
      </trkpt>
      <trkpt lat="49.47583" lon="17.521938">
      </trkpt>
      <trkpt lat="49.475846" lon="17.521976">
      </trkpt>
      <trkpt lat="49.475891" lon="17.522056">
      </trkpt>
      <trkpt lat="49.47636" lon="17.523098">
      </trkpt>
      <trkpt lat="49.477779" lon="17.52547">
      </trkpt>
      <trkpt lat="49.478457" lon="17.527843">
      </trkpt>
      <trkpt lat="49.479162" lon="17.5303">
      </trkpt>
      <trkpt lat="49.480244" lon="17.534047">
      </trkpt>
      <trkpt lat="49.48046" lon="17.534713">
      </trkpt>
      <trkpt lat="49.480797" lon="17.535608">
      </trkpt>
      <trkpt lat="49.481026" lon="17.536137">
      </trkpt>
      <trkpt lat="49.481392" lon="17.540318">
      </trkpt>
      <trkpt lat="49.474016" lon="17.54507">
      </trkpt>
      <trkpt lat="49.46964" lon="17.542111">
      </trkpt>
      <trkpt lat="49.468633" lon="17.535836">
      </trkpt>
      <trkpt lat="49.468748" lon="17.535423">
      </trkpt>
      <trkpt lat="49.468873" lon="17.534792">
      </trkpt>
      <trkpt lat="49.46896" lon="17.533904">
      </trkpt>
      <trkpt lat="49.46895" lon="17.533316">
      </trkpt>
      <trkpt lat="49.468822" lon="17.53266">
      </trkpt>
      <trkpt lat="49.468394" lon="17.531516">
      </trkpt>
      <trkpt lat="49.467991" lon="17.530693">
      </trkpt>
      <trkpt lat="49.46772" lon="17.530304">
      </trkpt>
      <trkpt lat="49.467342" lon="17.529829">
      </trkpt>
      <trkpt lat="49.466929" lon="17.529174">
      </trkpt>
      <trkpt lat="49.46651" lon="17.528264">
      </trkpt>
      <trkpt lat="49.465326" lon="17.524939">
      </trkpt>
      <trkpt lat="49.464999" lon="17.524182">
      </trkpt>
      <trkpt lat="49.464406" lon="17.52314">
      </trkpt>
      <trkpt lat="49.464066" lon="17.522664">
      </trkpt>
      <trkpt lat="49.463755" lon="17.52232">
      </trkpt>
      <trkpt lat="49.462999" lon="17.521544">
      </trkpt>
      <trkpt lat="49.461202" lon="17.519579">
      </trkpt>
      <trkpt lat="49.461012" lon="17.519356">
      </trkpt>
      <trkpt lat="49.460323" lon="17.518337">
      </trkpt>
      <trkpt lat="49.459841" lon="17.517717">
      </trkpt>
      <trkpt lat="49.458526" lon="17.51528">
      </trkpt>
      <trkpt lat="49.456659" lon="17.513468">
      </trkpt>
      <trkpt lat="49.455717" lon="17.513028">
      </trkpt>
      <trkpt lat="49.455042" lon="17.51259">
      </trkpt>
      <trkpt lat="49.452518" lon="17.512064">
      </trkpt>
      <trkpt lat="49.452326" lon="17.512192">
      </trkpt>
      <trkpt lat="49.451864" lon="17.514281">
      </trkpt>
      <trkpt lat="49.453249" lon="17.520678">
      </trkpt>
      <trkpt lat="49.453618" lon="17.521323">
      </trkpt>
      <trkpt lat="49.453846" lon="17.52147">
      </trkpt>
      <trkpt lat="49.454941" lon="17.521792">
      </trkpt>
      <trkpt lat="49.461997" lon="17.526311">
      </trkpt>
      <trkpt lat="49.463118" lon="17.529469">
      </trkpt>
      <trkpt lat="49.463429" lon="17.530226">
      </trkpt>
      <trkpt lat="49.463726" lon="17.530818">
      </trkpt>
      <trkpt lat="49.464414" lon="17.536691">
      </trkpt>
      <trkpt lat="49.464278" lon="17.537294">
      </trkpt>
      <trkpt lat="49.4642" lon="17.537696">
      </trkpt>
      <trkpt lat="49.464136" lon="17.538249">
      </trkpt>
      <trkpt lat="49.464136" lon="17.539591">
      </trkpt>
      <trkpt lat="49.464116" lon="17.540204">
      </trkpt>
      <trkpt lat="49.464117" lon="17.540749">
      </trkpt>
      <trkpt lat="49.464146" lon="17.541395">
      </trkpt>
      <trkpt lat="49.464262" lon="17.542922">
      </trkpt>
      <trkpt lat="49.45554" lon="17.544347">
      </trkpt>
      <trkpt lat="49.454081" lon="17.54176">
      </trkpt>
      <trkpt lat="49.450945" lon="17.543528">
      </trkpt>
      <trkpt lat="49.452391" lon="17.548224">
      </trkpt>
      <trkpt lat="49.45488" lon="17.550825">
      </trkpt>
      <trkpt lat="49.451545" lon="17.557433">
      </trkpt>
      <trkpt lat="49.449832" lon="17.559232">
      </trkpt>
      <trkpt lat="49.452345" lon="17.56181">
      </trkpt>
      <trkpt lat="49.451815" lon="17.569675">
      </trkpt>
      <trkpt lat="49.450887" lon="17.571833">
      </trkpt>
      <trkpt lat="49.450887" lon="17.571834">
      </trkpt>
      <trkpt lat="49.452874" lon="17.57358">
      </trkpt>
      <trkpt lat="49.452879" lon="17.57358">
      </trkpt>
      <trkpt lat="49.454486" lon="17.571749">
      </trkpt>
      <trkpt lat="49.456173" lon="17.568905">
      </trkpt>
      <trkpt lat="49.460495" lon="17.566075">
      </trkpt>
      <trkpt lat="49.462076" lon="17.565668">
      </trkpt>
      <trkpt lat="49.468555" lon="17.571543">
      </trkpt>
      <trkpt lat="49.468347" lon="17.572519">
      </trkpt>
      <trkpt lat="49.466761" lon="17.575699">
      </trkpt>
      <trkpt lat="49.465659" lon="17.577582">
      </trkpt>
      <trkpt lat="49.464438" lon="17.579709">
      </trkpt>
      <trkpt lat="49.464187" lon="17.580397">
      </trkpt>
      <trkpt lat="49.462847" lon="17.585234">
      </trkpt>
      <trkpt lat="49.462068" lon="17.587172">
      </trkpt>
      <trkpt lat="49.462064" lon="17.587313">
      </trkpt>
      <trkpt lat="49.464269" lon="17.588541">
      </trkpt>
      <trkpt lat="49.465443" lon="17.588298">
      </trkpt>
      <trkpt lat="49.466915" lon="17.587268">
      </trkpt>
      <trkpt lat="49.474463" lon="17.58763">
      </trkpt>
      <trkpt lat="49.476221" lon="17.594996">
      </trkpt>
      <trkpt lat="49.473308" lon="17.597112">
      </trkpt>
      <trkpt lat="49.471528" lon="17.601737">
      </trkpt>
      <trkpt lat="49.470807" lon="17.605264">
      </trkpt>
      <trkpt lat="49.472819" lon="17.605675">
      </trkpt>
      <trkpt lat="49.472846" lon="17.614401">
      </trkpt>
      <trkpt lat="49.472356" lon="17.61475">
      </trkpt>
      <trkpt lat="49.466967" lon="17.615116">
      </trkpt>
      <trkpt lat="49.463478" lon="17.616003">
      </trkpt>
      <trkpt lat="49.462323" lon="17.616136">
      </trkpt>
      <trkpt lat="49.461354" lon="17.619603">
      </trkpt>
      <trkpt lat="49.466393" lon="17.622162">
      </trkpt>
      <trkpt lat="49.468289" lon="17.622123">
      </trkpt>
      <trkpt lat="49.476443" lon="17.624942">
      </trkpt>
      <trkpt lat="49.476791" lon="17.625579">
      </trkpt>
      <trkpt lat="49.477393" lon="17.630123">
      </trkpt>
      <trkpt lat="49.476295" lon="17.636751">
      </trkpt>
      <trkpt lat="49.476095" lon="17.637404">
      </trkpt>
      <trkpt lat="49.475954" lon="17.638105">
      </trkpt>
      <trkpt lat="49.475898" lon="17.638641">
      </trkpt>
      <trkpt lat="49.475863" lon="17.639235">
      </trkpt>
      <trkpt lat="49.475846" lon="17.639861">
      </trkpt>
      <trkpt lat="49.474249" lon="17.647208">
      </trkpt>
      <trkpt lat="49.47465" lon="17.647777">
      </trkpt>
      <trkpt lat="49.478587" lon="17.653586">
      </trkpt>
      <trkpt lat="49.479353" lon="17.653462">
      </trkpt>
      <trkpt lat="49.479449" lon="17.65115">
      </trkpt>
      <trkpt lat="49.480248" lon="17.647522">
      </trkpt>
      <trkpt lat="49.479862" lon="17.643943">
      </trkpt>
      <trkpt lat="49.479595" lon="17.642311">
      </trkpt>
      <trkpt lat="49.479569" lon="17.641792">
      </trkpt>
      <trkpt lat="49.483937" lon="17.635398">
      </trkpt>
      <trkpt lat="49.4906" lon="17.63749">
      </trkpt>
      <trkpt lat="49.491204" lon="17.638263">
      </trkpt>
      <trkpt lat="49.492472" lon="17.63868">
      </trkpt>
      <trkpt lat="49.499136" lon="17.64382">
      </trkpt>
      <trkpt lat="49.499397" lon="17.645799">
      </trkpt>
      <trkpt lat="49.499772" lon="17.648421">
      </trkpt>
      <trkpt lat="49.504547" lon="17.655882">
      </trkpt>
      <trkpt lat="49.504653" lon="17.657428">
      </trkpt>
      <trkpt lat="49.504666" lon="17.657623">
      </trkpt>
      <trkpt lat="49.505228" lon="17.658629">
      </trkpt>
      <trkpt lat="49.505242" lon="17.658643">
      </trkpt>
      <trkpt lat="49.508258" lon="17.65738">
      </trkpt>
      <trkpt lat="49.509003" lon="17.654966">
      </trkpt>
      <trkpt lat="49.516763" lon="17.652418">
      </trkpt>
      <trkpt lat="49.519726" lon="17.651993">
      </trkpt>
      <trkpt lat="49.520669" lon="17.651806">
      </trkpt>
      <trkpt lat="49.528758" lon="17.654008">
      </trkpt>
      <trkpt lat="49.527281" lon="17.660248">
      </trkpt>
      <trkpt lat="49.529745" lon="17.662929">
      </trkpt>
      <trkpt lat="49.530646" lon="17.662078">
      </trkpt>
      <trkpt lat="49.531064" lon="17.661746">
      </trkpt>
      <trkpt lat="49.531715" lon="17.661343">
      </trkpt>
      <trkpt lat="49.532445" lon="17.660447">
      </trkpt>
      <trkpt lat="49.536465" lon="17.657226">
      </trkpt>
      <trkpt lat="49.5421" lon="17.660684">
      </trkpt>
      <trkpt lat="49.542586" lon="17.66234">
      </trkpt>
      <trkpt lat="49.539718" lon="17.668489">
      </trkpt>
      <trkpt lat="49.537165" lon="17.669651">
      </trkpt>
      <trkpt lat="49.536467" lon="17.670075">
      </trkpt>
      <trkpt lat="49.536149" lon="17.670368">
      </trkpt>
      <trkpt lat="49.533042" lon="17.672335">
      </trkpt>
      <trkpt lat="49.531104" lon="17.672515">
      </trkpt>
      <trkpt lat="49.529856" lon="17.674012">
      </trkpt>
      <trkpt lat="49.530423" lon="17.676373">
      </trkpt>
      <trkpt lat="49.530531" lon="17.677224">
      </trkpt>
      <trkpt lat="49.530573" lon="17.677716">
      </trkpt>
      <trkpt lat="49.530966" lon="17.679001">
      </trkpt>
      <trkpt lat="49.524852" lon="17.684665">
      </trkpt>
      <trkpt lat="49.522289" lon="17.683682">
      </trkpt>
      <trkpt lat="49.519871" lon="17.681115">
      </trkpt>
      <trkpt lat="49.519197" lon="17.679233">
      </trkpt>
      <trkpt lat="49.518974" lon="17.678691">
      </trkpt>
      <trkpt lat="49.518878" lon="17.678499">
      </trkpt>
      <trkpt lat="49.518571" lon="17.677906">
      </trkpt>
      <trkpt lat="49.517913" lon="17.676875">
      </trkpt>
      <trkpt lat="49.517242" lon="17.675754">
      </trkpt>
      <trkpt lat="49.516552" lon="17.674324">
      </trkpt>
      <trkpt lat="49.516133" lon="17.673247">
      </trkpt>
      <trkpt lat="49.512778" lon="17.674552">
      </trkpt>
      <trkpt lat="49.512989" lon="17.678053">
      </trkpt>
      <trkpt lat="49.506687" lon="17.684293">
      </trkpt>
      <trkpt lat="49.503092" lon="17.684491">
      </trkpt>
      <trkpt lat="49.499432" lon="17.685171">
      </trkpt>
      <trkpt lat="49.49829" lon="17.685506">
      </trkpt>
      <trkpt lat="49.49753" lon="17.686516">
      </trkpt>
      <trkpt lat="49.497089" lon="17.687438">
      </trkpt>
      <trkpt lat="49.496669" lon="17.688413">
      </trkpt>
      <trkpt lat="49.496162" lon="17.690807">
      </trkpt>
      <trkpt lat="49.498351" lon="17.693594">
      </trkpt>
      <trkpt lat="49.499202" lon="17.695889">
      </trkpt>
      <trkpt lat="49.499282" lon="17.696458">
      </trkpt>
      <trkpt lat="49.499516" lon="17.697173">
      </trkpt>
      <trkpt lat="49.499912" lon="17.699527">
      </trkpt>
      <trkpt lat="49.494746" lon="17.705509">
      </trkpt>
      <trkpt lat="49.490573" lon="17.702604">
      </trkpt>
      <trkpt lat="49.490026" lon="17.701659">
      </trkpt>
      <trkpt lat="49.489505" lon="17.700597">
      </trkpt>
      <trkpt lat="49.489067" lon="17.699288">
      </trkpt>
      <trkpt lat="49.48792" lon="17.696095">
      </trkpt>
      <trkpt lat="49.487398" lon="17.694735">
      </trkpt>
      <trkpt lat="49.487116" lon="17.693736">
      </trkpt>
      <trkpt lat="49.484928" lon="17.692827">
      </trkpt>
      <trkpt lat="49.483516" lon="17.693796">
      </trkpt>
      <trkpt lat="49.483525" lon="17.694338">
      </trkpt>
      <trkpt lat="49.483601" lon="17.694889">
      </trkpt>
      <trkpt lat="49.483801" lon="17.695473">
      </trkpt>
      <trkpt lat="49.484083" lon="17.696138">
      </trkpt>
      <trkpt lat="49.484558" lon="17.697383">
      </trkpt>
      <trkpt lat="49.485679" lon="17.700504">
      </trkpt>
      <trkpt lat="49.485761" lon="17.703866">
      </trkpt>
      <trkpt lat="49.486728" lon="17.709246">
      </trkpt>
      <trkpt lat="49.486443" lon="17.71183">
      </trkpt>
      <trkpt lat="49.486351" lon="17.712718">
      </trkpt>
      <trkpt lat="49.486499" lon="17.713524">
      </trkpt>
      <trkpt lat="49.487449" lon="17.715863">
      </trkpt>
      <trkpt lat="49.479729" lon="17.719792">
      </trkpt>
      <trkpt lat="49.479233" lon="17.719501">
      </trkpt>
      <trkpt lat="49.478631" lon="17.719253">
      </trkpt>
      <trkpt lat="49.476711" lon="17.718693">
      </trkpt>
      <trkpt lat="49.471646" lon="17.713326">
      </trkpt>
      <trkpt lat="49.471414" lon="17.712456">
      </trkpt>
      <trkpt lat="49.470891" lon="17.711307">
      </trkpt>
      <trkpt lat="49.468878" lon="17.707815">
      </trkpt>
      <trkpt lat="49.465282" lon="17.707986">
      </trkpt>
      <trkpt lat="49.46482" lon="17.710363">
      </trkpt>
      <trkpt lat="49.464688" lon="17.716708">
      </trkpt>
      <trkpt lat="49.464634" lon="17.720165">
      </trkpt>
      <trkpt lat="49.467738" lon="17.724902">
      </trkpt>
      <trkpt lat="49.467929" lon="17.725246">
      </trkpt>
      <trkpt lat="49.468505" lon="17.726021">
      </trkpt>
      <trkpt lat="49.472799" lon="17.725347">
      </trkpt>
      <trkpt lat="49.480754" lon="17.726996">
      </trkpt>
      <trkpt lat="49.48172" lon="17.727901">
      </trkpt>
      <trkpt lat="49.484233" lon="17.730133">
      </trkpt>
      <trkpt lat="49.484696" lon="17.730446">
      </trkpt>
      <trkpt lat="49.485138" lon="17.730643">
      </trkpt>
      <trkpt lat="49.48566" lon="17.730764">
      </trkpt>
      <trkpt lat="49.490011" lon="17.732936">
      </trkpt>
      <trkpt lat="49.490644" lon="17.733346">
      </trkpt>
      <trkpt lat="49.492706" lon="17.734694">
      </trkpt>
      <trkpt lat="49.493049" lon="17.734948">
      </trkpt>
      <trkpt lat="49.493735" lon="17.743808">
      </trkpt>
      <trkpt lat="49.492077" lon="17.746776">
      </trkpt>
      <trkpt lat="49.491858" lon="17.747526">
      </trkpt>
      <trkpt lat="49.490813" lon="17.749871">
      </trkpt>
      <trkpt lat="49.490512" lon="17.750769">
      </trkpt>
      <trkpt lat="49.490458" lon="17.751385">
      </trkpt>
      <trkpt lat="49.482957" lon="17.75572">
      </trkpt>
      <trkpt lat="49.481213" lon="17.75086">
      </trkpt>
      <trkpt lat="49.477647" lon="17.750365">
      </trkpt>
      <trkpt lat="49.47188" lon="17.753312">
      </trkpt>
      <trkpt lat="49.471703" lon="17.756908">
      </trkpt>
      <trkpt lat="49.473145" lon="17.756979">
      </trkpt>
      <trkpt lat="49.474815" lon="17.75711">
      </trkpt>
      <trkpt lat="49.476811" lon="17.757402">
      </trkpt>
      <trkpt lat="49.481312" lon="17.758951">
      </trkpt>
      <trkpt lat="49.482898" lon="17.759943">
      </trkpt>
      <trkpt lat="49.484283" lon="17.760958">
      </trkpt>
      <trkpt lat="49.486608" lon="17.763444">
      </trkpt>
      <trkpt lat="49.487465" lon="17.764812">
      </trkpt>
      <trkpt lat="49.487987" lon="17.765936">
      </trkpt>
      <trkpt lat="49.488678" lon="17.767019">
      </trkpt>
      <trkpt lat="49.491121" lon="17.765855">
      </trkpt>
      <trkpt lat="49.497455" lon="17.770919">
      </trkpt>
      <trkpt lat="49.494821" lon="17.779476">
      </trkpt>
      <trkpt lat="49.494327" lon="17.779549">
      </trkpt>
      <trkpt lat="49.492214" lon="17.780107">
      </trkpt>
      <trkpt lat="49.491667" lon="17.780302">
      </trkpt>
      <trkpt lat="49.491313" lon="17.780502">
      </trkpt>
      <trkpt lat="49.482786" lon="17.779122">
      </trkpt>
      <trkpt lat="49.482347" lon="17.77872">
      </trkpt>
      <trkpt lat="49.481674" lon="17.778371">
      </trkpt>
      <trkpt lat="49.480624" lon="17.778089">
      </trkpt>
      <trkpt lat="49.478788" lon="17.777861">
      </trkpt>
      <trkpt lat="49.477813" lon="17.777718">
      </trkpt>
      <trkpt lat="49.471818" lon="17.773394">
      </trkpt>
      <trkpt lat="49.468384" lon="17.774474">
      </trkpt>
      <trkpt lat="49.468864" lon="17.776433">
      </trkpt>
      <trkpt lat="49.469949" lon="17.781043">
      </trkpt>
      <trkpt lat="49.47083" lon="17.781656">
      </trkpt>
      <trkpt lat="49.472551" lon="17.782799">
      </trkpt>
      <trkpt lat="49.481144" lon="17.785271">
      </trkpt>
      <trkpt lat="49.482085" lon="17.786085">
      </trkpt>
      <trkpt lat="49.483094" lon="17.786275">
      </trkpt>
      <trkpt lat="49.485588" lon="17.787339">
      </trkpt>
      <trkpt lat="49.489627" lon="17.79471">
      </trkpt>
      <trkpt lat="49.489804" lon="17.796828">
      </trkpt>
      <trkpt lat="49.489517" lon="17.79889">
      </trkpt>
      <trkpt lat="49.491043" lon="17.807575">
      </trkpt>
      <trkpt lat="49.482773" lon="17.808135">
      </trkpt>
      <trkpt lat="49.478659" lon="17.80509">
      </trkpt>
      <trkpt lat="49.478451" lon="17.804939">
      </trkpt>
      <trkpt lat="49.473943" lon="17.802232">
      </trkpt>
      <trkpt lat="49.472613" lon="17.801202">
      </trkpt>
      <trkpt lat="49.468921" lon="17.796028">
      </trkpt>
      <trkpt lat="49.468726" lon="17.795076">
      </trkpt>
      <trkpt lat="49.465199" lon="17.795798">
      </trkpt>
      <trkpt lat="49.465393" lon="17.79675">
      </trkpt>
      <trkpt lat="49.466085" lon="17.799325">
      </trkpt>
      <trkpt lat="49.466309" lon="17.799918">
      </trkpt>
      <trkpt lat="49.466601" lon="17.800473">
      </trkpt>
      <trkpt lat="49.466937" lon="17.800944">
      </trkpt>
      <trkpt lat="49.467959" lon="17.801906">
      </trkpt>
      <trkpt lat="49.469619" lon="17.803534">
      </trkpt>
      <trkpt lat="49.470726" lon="17.804268">
      </trkpt>
      <trkpt lat="49.472066" lon="17.805521">
      </trkpt>
      <trkpt lat="49.468364" lon="17.813618">
      </trkpt>
      <trkpt lat="49.464878" lon="17.814517">
      </trkpt>
      <trkpt lat="49.459782" lon="17.813565">
      </trkpt>
      <trkpt lat="49.458902" lon="17.813067">
      </trkpt>
      <trkpt lat="49.458378" lon="17.812776">
      </trkpt>
      <trkpt lat="49.457121" lon="17.812793">
      </trkpt>
      <trkpt lat="49.45703" lon="17.812828">
      </trkpt>
      <trkpt lat="49.45644" lon="17.815694">
      </trkpt>
      <trkpt lat="49.460597" lon="17.820605">
      </trkpt>
      <trkpt lat="49.461019" lon="17.821018">
      </trkpt>
      <trkpt lat="49.461468" lon="17.821356">
      </trkpt>
      <trkpt lat="49.462351" lon="17.821675">
      </trkpt>
      <trkpt lat="49.463156" lon="17.821695">
      </trkpt>
      <trkpt lat="49.469758" lon="17.827355">
      </trkpt>
      <trkpt lat="49.466899" lon="17.832242">
      </trkpt>
      <trkpt lat="49.466459" lon="17.832674">
      </trkpt>
      <trkpt lat="49.465926" lon="17.833378">
      </trkpt>
      <trkpt lat="49.46565" lon="17.834008">
      </trkpt>
      <trkpt lat="49.467906" lon="17.841952">
      </trkpt>
      <trkpt lat="49.467778" lon="17.843711">
      </trkpt>
      <trkpt lat="49.467906" lon="17.84653">
      </trkpt>
      <trkpt lat="49.467883" lon="17.848172">
      </trkpt>
      <trkpt lat="49.471483" lon="17.848221">
      </trkpt>
      <trkpt lat="49.476148" lon="17.854547">
      </trkpt>
      <trkpt lat="49.477379" lon="17.856457">
      </trkpt>
      <trkpt lat="49.479627" lon="17.855473">
      </trkpt>
      <trkpt lat="49.488367" lon="17.856401">
      </trkpt>
      <trkpt lat="49.48865" lon="17.85682">
      </trkpt>
      <trkpt lat="49.489077" lon="17.857254">
      </trkpt>
      <trkpt lat="49.491119" lon="17.860709">
      </trkpt>
      <trkpt lat="49.491737" lon="17.865122">
      </trkpt>
      <trkpt lat="49.487102" lon="17.869148">
      </trkpt>
      <trkpt lat="49.486638" lon="17.869353">
      </trkpt>
      <trkpt lat="49.486046" lon="17.869731">
      </trkpt>
      <trkpt lat="49.485748" lon="17.869979">
      </trkpt>
      <trkpt lat="49.48511" lon="17.870669">
      </trkpt>
      <trkpt lat="49.483829" lon="17.872225">
      </trkpt>
      <trkpt lat="49.478759" lon="17.875798">
      </trkpt>
      <trkpt lat="49.477899" lon="17.876084">
      </trkpt>
      <trkpt lat="49.475757" lon="17.876515">
      </trkpt>
      <trkpt lat="49.468943" lon="17.877145">
      </trkpt>
      <trkpt lat="49.465503" lon="17.876084">
      </trkpt>
      <trkpt lat="49.464893" lon="17.878062">
      </trkpt>
      <trkpt lat="49.464733" lon="17.879483">
      </trkpt>
      <trkpt lat="49.464713" lon="17.881696">
      </trkpt>
      <trkpt lat="49.458763" lon="17.888314">
      </trkpt>
      <trkpt lat="49.458678" lon="17.888398">
      </trkpt>
      <trkpt lat="49.456899" lon="17.892553">
      </trkpt>
      <trkpt lat="49.456902" lon="17.892689">
      </trkpt>
      <trkpt lat="49.456917" lon="17.892921">
      </trkpt>
      <trkpt lat="49.45771" lon="17.893998">
      </trkpt>
      <trkpt lat="49.459469" lon="17.896354">
      </trkpt>
      <trkpt lat="49.46148" lon="17.89739">
      </trkpt>
      <trkpt lat="49.461624" lon="17.897369">
      </trkpt>
      <trkpt lat="49.469911" lon="17.898724">
      </trkpt>
      <trkpt lat="49.471613" lon="17.90271">
      </trkpt>
      <trkpt lat="49.471653" lon="17.903954">
      </trkpt>
      <trkpt lat="49.471697" lon="17.904661">
      </trkpt>
      <trkpt lat="49.471998" lon="17.905544">
      </trkpt>
      <trkpt lat="49.472759" lon="17.906282">
      </trkpt>
      <trkpt lat="49.472852" lon="17.914729">
      </trkpt>
      <trkpt lat="49.473103" lon="17.916314">
      </trkpt>
      <trkpt lat="49.465345" lon="17.920596">
      </trkpt>
      <trkpt lat="49.461746" lon="17.920514">
      </trkpt>
      <trkpt lat="49.46103" lon="17.925587">
      </trkpt>
      <trkpt lat="49.460979" lon="17.926031">
      </trkpt>
      <trkpt lat="49.461014" lon="17.926659">
      </trkpt>
      <trkpt lat="49.461204" lon="17.92739">
      </trkpt>
      <trkpt lat="49.462313" lon="17.932836">
      </trkpt>
      <trkpt lat="49.462767" lon="17.936945">
      </trkpt>
      <trkpt lat="49.463478" lon="17.945845">
      </trkpt>
      <trkpt lat="49.462662" lon="17.953212">
      </trkpt>
      <trkpt lat="49.461248" lon="17.958039">
      </trkpt>
      <trkpt lat="49.461248" lon="17.958517">
      </trkpt>
      <trkpt lat="49.462174" lon="17.96086">
      </trkpt>
      <trkpt lat="49.462277" lon="17.961277">
      </trkpt>
      <trkpt lat="49.4618" lon="17.96706">
      </trkpt>
      <trkpt lat="49.460782" lon="17.968414">
      </trkpt>
      <trkpt lat="49.46074" lon="17.968462">
      </trkpt>
      <trkpt lat="49.453431" lon="17.970154">
      </trkpt>
      <trkpt lat="49.45185" lon="17.96692">
      </trkpt>
      <trkpt lat="49.450581" lon="17.967197">
      </trkpt>
      <trkpt lat="49.450139" lon="17.967409">
      </trkpt>
      <trkpt lat="49.449708" lon="17.967718">
      </trkpt>
      <trkpt lat="49.449515" lon="17.967898">
      </trkpt>
      <trkpt lat="49.449355" lon="17.975125">
      </trkpt>
      <trkpt lat="49.449967" lon="17.976659">
      </trkpt>
      <trkpt lat="49.45171" lon="17.977847">
      </trkpt>
      <trkpt lat="49.457038" lon="17.984283">
      </trkpt>
      <trkpt lat="49.457899" lon="17.987972">
      </trkpt>
      <trkpt lat="49.460842" lon="17.99253">
      </trkpt>
      <trkpt lat="49.461451" lon="18.000041">
      </trkpt>
      <trkpt lat="49.461451" lon="18.000043">
      </trkpt>
      <trkpt lat="49.462182" lon="18.001724">
      </trkpt>
      <trkpt lat="49.464963" lon="18.005591">
      </trkpt>
      <trkpt lat="49.467373" lon="18.008418">
      </trkpt>
      <trkpt lat="49.471891" lon="18.014362">
      </trkpt>
      <trkpt lat="49.471533" lon="18.016757">
      </trkpt>
      <trkpt lat="49.471426" lon="18.017395">
      </trkpt>
      <trkpt lat="49.471306" lon="18.017961">
      </trkpt>
      <trkpt lat="49.471167" lon="18.018542">
      </trkpt>
      <trkpt lat="49.470029" lon="18.022413">
      </trkpt>
      <trkpt lat="49.467372" lon="18.026017">
      </trkpt>
      <trkpt lat="49.465526" lon="18.027766">
      </trkpt>
      <trkpt lat="49.463703" lon="18.029113">
      </trkpt>
      <trkpt lat="49.46315" lon="18.029661">
      </trkpt>
      <trkpt lat="49.463082" lon="18.029762">
      </trkpt>
      <trkpt lat="49.462988" lon="18.030872">
      </trkpt>
      <trkpt lat="49.463235" lon="18.031235">
      </trkpt>
      <trkpt lat="49.466932" lon="18.036951">
      </trkpt>
      <trkpt lat="49.470466" lon="18.037636">
      </trkpt>
      <trkpt lat="49.473016" lon="18.035813">
      </trkpt>
      <trkpt lat="49.473947" lon="18.034041">
      </trkpt>
      <trkpt lat="49.474186" lon="18.033493">
      </trkpt>
      <trkpt lat="49.474328" lon="18.032931">
      </trkpt>
      <trkpt lat="49.473915" lon="18.028029">
      </trkpt>
      <trkpt lat="49.479173" lon="18.023493">
      </trkpt>
      <trkpt lat="49.480293" lon="18.022806">
      </trkpt>
      <trkpt lat="49.480409" lon="18.022677">
      </trkpt>
      <trkpt lat="49.48097" lon="18.019963">
      </trkpt>
      <trkpt lat="49.483226" lon="18.015517">
      </trkpt>
      <trkpt lat="49.492138" lon="18.015398">
      </trkpt>
      <trkpt lat="49.49309" lon="18.017112">
      </trkpt>
      <trkpt lat="49.496621" lon="18.016414">
      </trkpt>
      <trkpt lat="49.497448" lon="18.015194">
      </trkpt>
      <trkpt lat="49.497799" lon="18.014716">
      </trkpt>
      <trkpt lat="49.498248" lon="18.014012">
      </trkpt>
      <trkpt lat="49.498353" lon="18.01383">
      </trkpt>
      <trkpt lat="49.497469" lon="18.011479">
      </trkpt>
      <trkpt lat="49.502569" lon="18.005466">
      </trkpt>
      <trkpt lat="49.508959" lon="18.007631">
      </trkpt>
      <trkpt lat="49.511447" lon="18.009312">
      </trkpt>
      <trkpt lat="49.512829" lon="18.011018">
      </trkpt>
      <trkpt lat="49.513179" lon="18.011376">
      </trkpt>
      <trkpt lat="49.51534" lon="18.018681">
      </trkpt>
      <trkpt lat="49.513145" lon="18.021922">
      </trkpt>
      <trkpt lat="49.514838" lon="18.027349">
      </trkpt>
      <trkpt lat="49.517123" lon="18.028977">
      </trkpt>
      <trkpt lat="49.519783" lon="18.036388">
      </trkpt>
      <trkpt lat="49.518589" lon="18.042355">
      </trkpt>
      <trkpt lat="49.518242" lon="18.043147">
      </trkpt>
      <trkpt lat="49.518115" lon="18.043821">
      </trkpt>
      <trkpt lat="49.518107" lon="18.044339">
      </trkpt>
      <trkpt lat="49.518136" lon="18.044797">
      </trkpt>
      <trkpt lat="49.518232" lon="18.045364">
      </trkpt>
      <trkpt lat="49.518571" lon="18.046157">
      </trkpt>
      <trkpt lat="49.519679" lon="18.052864">
      </trkpt>
      <trkpt lat="49.516354" lon="18.059566">
      </trkpt>
      <trkpt lat="49.518287" lon="18.062528">
      </trkpt>
      <trkpt lat="49.518801" lon="18.063065">
      </trkpt>
      <trkpt lat="49.521879" lon="18.070637">
      </trkpt>
      <trkpt lat="49.520174" lon="18.072912">
      </trkpt>
      <trkpt lat="49.519829" lon="18.073259">
      </trkpt>
      <trkpt lat="49.524261" lon="18.081039">
      </trkpt>
      <trkpt lat="49.524322" lon="18.084115">
      </trkpt>
      <trkpt lat="49.524348" lon="18.084767">
      </trkpt>
      <trkpt lat="49.524366" lon="18.089603">
      </trkpt>
      <trkpt lat="49.523397" lon="18.094511">
      </trkpt>
      <trkpt lat="49.523039" lon="18.095698">
      </trkpt>
      <trkpt lat="49.523084" lon="18.096508">
      </trkpt>
      <trkpt lat="49.522769" lon="18.101466">
      </trkpt>
      <trkpt lat="49.522712" lon="18.101965">
      </trkpt>
      <trkpt lat="49.519514" lon="18.110041">
      </trkpt>
      <trkpt lat="49.520709" lon="18.113724">
      </trkpt>
      <trkpt lat="49.520814" lon="18.114459">
      </trkpt>
      <trkpt lat="49.520674" lon="18.116622">
      </trkpt>
      <trkpt lat="49.514608" lon="18.121951">
      </trkpt>
      <trkpt lat="49.511828" lon="18.122642">
      </trkpt>
      <trkpt lat="49.511819" lon="18.123339">
      </trkpt>
      <trkpt lat="49.511964" lon="18.126666">
      </trkpt>
      <trkpt lat="49.512002" lon="18.127549">
      </trkpt>
      <trkpt lat="49.512112" lon="18.128418">
      </trkpt>
      <trkpt lat="49.512241" lon="18.129935">
      </trkpt>
      <trkpt lat="49.512459" lon="18.130978">
      </trkpt>
      <trkpt lat="49.512876" lon="18.132163">
      </trkpt>
      <trkpt lat="49.513285" lon="18.132946">
      </trkpt>
      <trkpt lat="49.513619" lon="18.133485">
      </trkpt>
      <trkpt lat="49.515821" lon="18.134057">
      </trkpt>
      <trkpt lat="49.51793" lon="18.141545">
      </trkpt>
      <trkpt lat="49.517834" lon="18.141752">
      </trkpt>
      <trkpt lat="49.517736" lon="18.142011">
      </trkpt>
      <trkpt lat="49.51762" lon="18.14233">
      </trkpt>
      <trkpt lat="49.51752" lon="18.142588">
      </trkpt>
      <trkpt lat="49.520258" lon="18.142708">
      </trkpt>
      <trkpt lat="49.521088" lon="18.142756">
      </trkpt>
      <trkpt lat="49.522443" lon="18.142715">
      </trkpt>
      <trkpt lat="49.523182" lon="18.14258">
      </trkpt>
      <trkpt lat="49.523944" lon="18.142343">
      </trkpt>
      <trkpt lat="49.524535" lon="18.142137">
      </trkpt>
      <trkpt lat="49.525005" lon="18.141803">
      </trkpt>
      <trkpt lat="49.525442" lon="18.141282">
      </trkpt>
      <trkpt lat="49.525619" lon="18.140927">
      </trkpt>
      <trkpt lat="49.526994" lon="18.13753">
      </trkpt>
      <trkpt lat="49.528072" lon="18.136392">
      </trkpt>
      <trkpt lat="49.528826" lon="18.135792">
      </trkpt>
      <trkpt lat="49.534159" lon="18.134371">
      </trkpt>
      <trkpt lat="49.538185" lon="18.137529">
      </trkpt>
      <trkpt lat="49.538757" lon="18.13862">
      </trkpt>
      <trkpt lat="49.539326" lon="18.140465">
      </trkpt>
      <trkpt lat="49.541226" lon="18.146624">
      </trkpt>
      <trkpt lat="49.541713" lon="18.147418">
      </trkpt>
      <trkpt lat="49.542232" lon="18.148164">
      </trkpt>
      <trkpt lat="49.545953" lon="18.155913">
      </trkpt>
      <trkpt lat="49.546626" lon="18.158181">
      </trkpt>
      <trkpt lat="49.544266" lon="18.166361">
      </trkpt>
      <trkpt lat="49.542114" lon="18.168642">
      </trkpt>
      <trkpt lat="49.540414" lon="18.170025">
      </trkpt>
      <trkpt lat="49.535754" lon="18.172245">
      </trkpt>
      <trkpt lat="49.531277" lon="18.172322">
      </trkpt>
      <trkpt lat="49.526014" lon="18.166823">
      </trkpt>
      <trkpt lat="49.525788" lon="18.165979">
      </trkpt>
      <trkpt lat="49.525492" lon="18.165457">
      </trkpt>
      <trkpt lat="49.524965" lon="18.164966">
      </trkpt>
      <trkpt lat="49.524605" lon="18.164668">
      </trkpt>
      <trkpt lat="49.524096" lon="18.164237">
      </trkpt>
      <trkpt lat="49.523646" lon="18.16396">
      </trkpt>
      <trkpt lat="49.521748" lon="18.162711">
      </trkpt>
      <trkpt lat="49.519629" lon="18.165621">
      </trkpt>
      <trkpt lat="49.520616" lon="18.172857">
      </trkpt>
      <trkpt lat="49.520683" lon="18.173646">
      </trkpt>
      <trkpt lat="49.520887" lon="18.174831">
      </trkpt>
      <trkpt lat="49.520979" lon="18.175618">
      </trkpt>
      <trkpt lat="49.52108" lon="18.177286">
      </trkpt>
      <trkpt lat="49.518407" lon="18.183033">
      </trkpt>
      <trkpt lat="49.5136" lon="18.183401">
      </trkpt>
      <trkpt lat="49.512756" lon="18.183913">
      </trkpt>
      <trkpt lat="49.511292" lon="18.184592">
      </trkpt>
      <trkpt lat="49.510919" lon="18.18542">
      </trkpt>
      <trkpt lat="49.505805" lon="18.189026">
      </trkpt>
      <trkpt lat="49.500854" lon="18.184807">
      </trkpt>
      <trkpt lat="49.500354" lon="18.184312">
      </trkpt>
      <trkpt lat="49.499809" lon="18.183657">
      </trkpt>
      <trkpt lat="49.499259" lon="18.182805">
      </trkpt>
      <trkpt lat="49.499038" lon="18.182416">
      </trkpt>
      <trkpt lat="49.498312" lon="18.180779">
      </trkpt>
      <trkpt lat="49.496959" lon="18.177662">
      </trkpt>
      <trkpt lat="49.496044" lon="18.175514">
      </trkpt>
      <trkpt lat="49.495243" lon="18.173696">
      </trkpt>
      <trkpt lat="49.494515" lon="18.1724">
      </trkpt>
      <trkpt lat="49.493521" lon="18.164539">
      </trkpt>
      <trkpt lat="49.494848" lon="18.161192">
      </trkpt>
      <trkpt lat="49.495444" lon="18.158554">
      </trkpt>
      <trkpt lat="49.494986" lon="18.157536">
      </trkpt>
      <trkpt lat="49.493572" lon="18.152534">
      </trkpt>
      <trkpt lat="49.492628" lon="18.14836">
      </trkpt>
      <trkpt lat="49.489919" lon="18.139804">
      </trkpt>
      <trkpt lat="49.482296" lon="18.138581">
      </trkpt>
      <trkpt lat="49.474112" lon="18.138592">
      </trkpt>
      <trkpt lat="49.46994" lon="18.135349">
      </trkpt>
      <trkpt lat="49.466338" lon="18.131759">
      </trkpt>
      <trkpt lat="49.463783" lon="18.123382">
      </trkpt>
      <trkpt lat="49.463783" lon="18.123367">
      </trkpt>
      <trkpt lat="49.463764" lon="18.121279">
      </trkpt>
      <trkpt lat="49.463764" lon="18.121272">
      </trkpt>
      <trkpt lat="49.461773" lon="18.113366">
      </trkpt>
      <trkpt lat="49.461803" lon="18.111501">
      </trkpt>
      <trkpt lat="49.461835" lon="18.10936">
      </trkpt>
      <trkpt lat="49.461847" lon="18.108667">
      </trkpt>
      <trkpt lat="49.460476" lon="18.107864">
      </trkpt>
      <trkpt lat="49.460239" lon="18.107804">
      </trkpt>
      <trkpt lat="49.458248" lon="18.108605">
      </trkpt>
      <trkpt lat="49.458236" lon="18.109297">
      </trkpt>
      <trkpt lat="49.458203" lon="18.111445">
      </trkpt>
      <trkpt lat="49.458174" lon="18.113309">
      </trkpt>
      <trkpt lat="49.456934" lon="18.117167">
      </trkpt>
      <trkpt lat="49.456902" lon="18.117376">
      </trkpt>
      <trkpt lat="49.455469" lon="18.123905">
      </trkpt>
      <trkpt lat="49.447717" lon="18.121727">
      </trkpt>
      <trkpt lat="49.447349" lon="18.120255">
      </trkpt>
      <trkpt lat="49.447079" lon="18.11963">
      </trkpt>
      <trkpt lat="49.446943" lon="18.119413">
      </trkpt>
      <trkpt lat="49.444371" lon="18.120398">
      </trkpt>
      <trkpt lat="49.443894" lon="18.121327">
      </trkpt>
      <trkpt lat="49.44469" lon="18.123803">
      </trkpt>
      <trkpt lat="49.445235" lon="18.125551">
      </trkpt>
      <trkpt lat="49.445944" lon="18.12779">
      </trkpt>
      <trkpt lat="49.446103" lon="18.128224">
      </trkpt>
      <trkpt lat="49.444711" lon="18.136169">
      </trkpt>
      <trkpt lat="49.443326" lon="18.137278">
      </trkpt>
      <trkpt lat="49.443124" lon="18.138052">
      </trkpt>
      <trkpt lat="49.443121" lon="18.138144">
      </trkpt>
      <trkpt lat="49.444172" lon="18.139728">
      </trkpt>
      <trkpt lat="49.449219" lon="18.144268">
      </trkpt>
      <trkpt lat="49.450621" lon="18.149947">
      </trkpt>
      <trkpt lat="49.449907" lon="18.155439">
      </trkpt>
      <trkpt lat="49.448916" lon="18.160843">
      </trkpt>
      <trkpt lat="49.448818" lon="18.161266">
      </trkpt>
      <trkpt lat="49.448761" lon="18.161695">
      </trkpt>
      <trkpt lat="49.448506" lon="18.164262">
      </trkpt>
      <trkpt lat="49.449507" lon="18.16512">
      </trkpt>
      <trkpt lat="49.449848" lon="18.165298">
      </trkpt>
      <trkpt lat="49.451672" lon="18.165975">
      </trkpt>
      <trkpt lat="49.451842" lon="18.165661">
      </trkpt>
      <trkpt lat="49.452231" lon="18.164741">
      </trkpt>
      <trkpt lat="49.454241" lon="18.16097">
      </trkpt>
      <trkpt lat="49.458461" lon="18.157832">
      </trkpt>
      <trkpt lat="49.464416" lon="18.162306">
      </trkpt>
      <trkpt lat="49.464602" lon="18.163364">
      </trkpt>
      <trkpt lat="49.464893" lon="18.165575">
      </trkpt>
      <trkpt lat="49.465229" lon="18.16746">
      </trkpt>
      <trkpt lat="49.463236" lon="18.172637">
      </trkpt>
      <trkpt lat="49.462997" lon="18.173372">
      </trkpt>
      <trkpt lat="49.462909" lon="18.173623">
      </trkpt>
      <trkpt lat="49.462827" lon="18.17433">
      </trkpt>
      <trkpt lat="49.460105" lon="18.182116">
      </trkpt>
      <trkpt lat="49.455855" lon="18.184794">
      </trkpt>
      <trkpt lat="49.455515" lon="18.185317">
      </trkpt>
      <trkpt lat="49.451757" lon="18.190675">
      </trkpt>
      <trkpt lat="49.451689" lon="18.190821">
      </trkpt>
      <trkpt lat="49.451548" lon="18.19123">
      </trkpt>
      <trkpt lat="49.450968" lon="18.193657">
      </trkpt>
      <trkpt lat="49.449362" lon="18.20095">
      </trkpt>
      <trkpt lat="49.450721" lon="18.203027">
      </trkpt>
      <trkpt lat="49.45113" lon="18.203145">
      </trkpt>
      <trkpt lat="49.452524" lon="18.202671">
      </trkpt>
      <trkpt lat="49.45428" lon="18.201139">
      </trkpt>
      <trkpt lat="49.455785" lon="18.1998">
      </trkpt>
      <trkpt lat="49.459985" lon="18.194338">
      </trkpt>
      <trkpt lat="49.465014" lon="18.187534">
      </trkpt>
      <trkpt lat="49.470848" lon="18.186754">
      </trkpt>
      <trkpt lat="49.474411" lon="18.18727">
      </trkpt>
      <trkpt lat="49.483174" lon="18.188593">
      </trkpt>
      <trkpt lat="49.483283" lon="18.189217">
      </trkpt>
      <trkpt lat="49.482394" lon="18.194288">
      </trkpt>
      <trkpt lat="49.481798" lon="18.196374">
      </trkpt>
      <trkpt lat="49.482341" lon="18.196933">
      </trkpt>
      <trkpt lat="49.484799" lon="18.197051">
      </trkpt>
      <trkpt lat="49.485835" lon="18.196754">
      </trkpt>
      <trkpt lat="49.487888" lon="18.196267">
      </trkpt>
      <trkpt lat="49.492313" lon="18.194834">
      </trkpt>
      <trkpt lat="49.493544" lon="18.194423">
      </trkpt>
      <trkpt lat="49.493603" lon="18.193312">
      </trkpt>
      <trkpt lat="49.494144" lon="18.190531">
      </trkpt>
      <trkpt lat="49.498443" lon="18.18748">
      </trkpt>
      <trkpt lat="49.503474" lon="18.191771">
      </trkpt>
      <trkpt lat="49.503792" lon="18.192904">
      </trkpt>
      <trkpt lat="49.503895" lon="18.193396">
      </trkpt>
      <trkpt lat="49.503996" lon="18.193844">
      </trkpt>
      <trkpt lat="49.506401" lon="18.199739">
      </trkpt>
      <trkpt lat="49.506904" lon="18.200596">
      </trkpt>
      <trkpt lat="49.505699" lon="18.209107">
      </trkpt>
      <trkpt lat="49.504903" lon="18.210107">
      </trkpt>
      <trkpt lat="49.504126" lon="18.211288">
      </trkpt>
      <trkpt lat="49.503618" lon="18.212043">
      </trkpt>
      <trkpt lat="49.503242" lon="18.212678">
      </trkpt>
      <trkpt lat="49.503921" lon="18.214969">
      </trkpt>
      <trkpt lat="49.506468" lon="18.218391">
      </trkpt>
      <trkpt lat="49.50519" lon="18.227029">
      </trkpt>
      <trkpt lat="49.505039" lon="18.227382">
      </trkpt>
      <trkpt lat="49.505013" lon="18.227456">
      </trkpt>
      <trkpt lat="49.50562" lon="18.23377">
      </trkpt>
      <trkpt lat="49.504138" lon="18.242471">
      </trkpt>
      <trkpt lat="49.503725" lon="18.243361">
      </trkpt>
      <trkpt lat="49.501708" lon="18.246943">
      </trkpt>
      <trkpt lat="49.501182" lon="18.247734">
      </trkpt>
      <trkpt lat="49.501073" lon="18.248526">
      </trkpt>
      <trkpt lat="49.501373" lon="18.249538">
      </trkpt>
      <trkpt lat="49.501897" lon="18.25012">
      </trkpt>
      <trkpt lat="49.504182" lon="18.253162">
      </trkpt>
      <trkpt lat="49.504739" lon="18.253903">
      </trkpt>
      <trkpt lat="49.505502" lon="18.2543">
      </trkpt>
      <trkpt lat="49.506518" lon="18.262382">
      </trkpt>
      <trkpt lat="49.497945" lon="18.260921">
      </trkpt>
      <trkpt lat="49.496891" lon="18.259969">
      </trkpt>
      <trkpt lat="49.49552" lon="18.260014">
      </trkpt>
      <trkpt lat="49.495134" lon="18.260205">
      </trkpt>
      <trkpt lat="49.494751" lon="18.26047">
      </trkpt>
      <trkpt lat="49.494494" lon="18.260696">
      </trkpt>
      <trkpt lat="49.49421" lon="18.260973">
      </trkpt>
      <trkpt lat="49.493324" lon="18.261996">
      </trkpt>
      <trkpt lat="49.493153" lon="18.262311">
      </trkpt>
      <trkpt lat="49.492928" lon="18.262891">
      </trkpt>
      <trkpt lat="49.492871" lon="18.26319">
      </trkpt>
      <trkpt lat="49.49301" lon="18.266519">
      </trkpt>
      <trkpt lat="49.49304" lon="18.267002">
      </trkpt>
      <trkpt lat="49.493357" lon="18.271256">
      </trkpt>
      <trkpt lat="49.492904" lon="18.278358">
      </trkpt>
      <trkpt lat="49.493029" lon="18.286084">
      </trkpt>
      <trkpt lat="49.492416" lon="18.291059">
      </trkpt>
      <trkpt lat="49.492349" lon="18.292238">
      </trkpt>
      <trkpt lat="49.491711" lon="18.296921">
      </trkpt>
      <trkpt lat="49.491638" lon="18.297888">
      </trkpt>
      <trkpt lat="49.491788" lon="18.298525">
      </trkpt>
      <trkpt lat="49.492012" lon="18.298994">
      </trkpt>
      <trkpt lat="49.494447" lon="18.302013">
      </trkpt>
      <trkpt lat="49.496034" lon="18.307387">
      </trkpt>
      <trkpt lat="49.487762" lon="18.31082">
      </trkpt>
      <trkpt lat="49.478912" lon="18.310198">
      </trkpt>
      <trkpt lat="49.478679" lon="18.310622">
      </trkpt>
      <trkpt lat="49.477462" lon="18.312794">
      </trkpt>
      <trkpt lat="49.475103" lon="18.316069">
      </trkpt>
      <trkpt lat="49.47402" lon="18.317757">
      </trkpt>
      <trkpt lat="49.473546" lon="18.319853">
      </trkpt>
      <trkpt lat="49.47347" lon="18.320124">
      </trkpt>
      <trkpt lat="49.473224" lon="18.321101">
      </trkpt>
      <trkpt lat="49.473281" lon="18.323365">
      </trkpt>
      <trkpt lat="49.474056" lon="18.325737">
      </trkpt>
      <trkpt lat="49.468259" lon="18.331846">
      </trkpt>
      <trkpt lat="49.466749" lon="18.333243">
      </trkpt>
      <trkpt lat="49.458053" lon="18.335279">
      </trkpt>
      <trkpt lat="49.457678" lon="18.335104">
      </trkpt>
      <trkpt lat="49.456972" lon="18.334779">
      </trkpt>
      <trkpt lat="49.456506" lon="18.334645">
      </trkpt>
      <trkpt lat="49.455983" lon="18.334586">
      </trkpt>
      <trkpt lat="49.454632" lon="18.337923">
      </trkpt>
      <trkpt lat="49.458587" lon="18.341954">
      </trkpt>
      <trkpt lat="49.459032" lon="18.342846">
      </trkpt>
      <trkpt lat="49.459367" lon="18.343575">
      </trkpt>
      <trkpt lat="49.459695" lon="18.344222">
      </trkpt>
      <trkpt lat="49.460065" lon="18.344904">
      </trkpt>
      <trkpt lat="49.460902" lon="18.346101">
      </trkpt>
      <trkpt lat="49.464022" lon="18.353028">
      </trkpt>
      <trkpt lat="49.4645" lon="18.355889">
      </trkpt>
      <trkpt lat="49.462867" lon="18.362319">
      </trkpt>
      <trkpt lat="49.462495" lon="18.363023">
      </trkpt>
      <trkpt lat="49.461083" lon="18.365247">
      </trkpt>
      <trkpt lat="49.462368" lon="18.36861">
      </trkpt>
      <trkpt lat="49.454981" lon="18.372897">
      </trkpt>
      <trkpt lat="49.451381" lon="18.372897">
      </trkpt>
      <trkpt lat="49.451316" lon="18.373204">
      </trkpt>
      <trkpt lat="49.451272" lon="18.374253">
      </trkpt>
      <trkpt lat="49.451375" lon="18.375104">
      </trkpt>
      <trkpt lat="49.450324" lon="18.379569">
      </trkpt>
      <trkpt lat="49.442481" lon="18.377145">
      </trkpt>
      <trkpt lat="49.441824" lon="18.375581">
      </trkpt>
      <trkpt lat="49.441653" lon="18.374654">
      </trkpt>
      <trkpt lat="49.441548" lon="18.373768">
      </trkpt>
      <trkpt lat="49.441781" lon="18.371748">
      </trkpt>
      <trkpt lat="49.441843" lon="18.371411">
      </trkpt>
      <trkpt lat="49.441962" lon="18.369984">
      </trkpt>
      <trkpt lat="49.441907" lon="18.369378">
      </trkpt>
      <trkpt lat="49.44177" lon="18.368402">
      </trkpt>
      <trkpt lat="49.441729" lon="18.367607">
      </trkpt>
      <trkpt lat="49.438133" lon="18.367794">
      </trkpt>
      <trkpt lat="49.438175" lon="18.368589">
      </trkpt>
      <trkpt lat="49.43685" lon="18.372227">
      </trkpt>
      <trkpt lat="49.435962" lon="18.373332">
      </trkpt>
      <trkpt lat="49.434988" lon="18.374201">
      </trkpt>
      <trkpt lat="49.42647" lon="18.374139">
      </trkpt>
      <trkpt lat="49.426598" lon="18.367741">
      </trkpt>
      <trkpt lat="49.426992" lon="18.367266">
      </trkpt>
      <trkpt lat="49.427629" lon="18.366446">
      </trkpt>
      <trkpt lat="49.428702" lon="18.365252">
      </trkpt>
      <trkpt lat="49.429511" lon="18.364379">
      </trkpt>
      <trkpt lat="49.429786" lon="18.363736">
      </trkpt>
      <trkpt lat="49.429842" lon="18.363304">
      </trkpt>
      <trkpt lat="49.429801" lon="18.362734">
      </trkpt>
      <trkpt lat="49.429652" lon="18.36208">
      </trkpt>
      <trkpt lat="49.429617" lon="18.35958">
      </trkpt>
      <trkpt lat="49.435876" lon="18.354171">
      </trkpt>
      <trkpt lat="49.437118" lon="18.353752">
      </trkpt>
      <trkpt lat="49.438142" lon="18.353401">
      </trkpt>
      <trkpt lat="49.439219" lon="18.352834">
      </trkpt>
      <trkpt lat="49.439107" lon="18.350777">
      </trkpt>
      <trkpt lat="49.43908" lon="18.350625">
      </trkpt>
      <trkpt lat="49.437805" lon="18.348984">
      </trkpt>
      <trkpt lat="49.437093" lon="18.348311">
      </trkpt>
      <trkpt lat="49.436691" lon="18.347975">
      </trkpt>
      <trkpt lat="49.434921" lon="18.346817">
      </trkpt>
      <trkpt lat="49.433604" lon="18.345994">
      </trkpt>
      <trkpt lat="49.429284" lon="18.342814">
      </trkpt>
      <trkpt lat="49.426415" lon="18.337469">
      </trkpt>
      <trkpt lat="49.426474" lon="18.329441">
      </trkpt>
      <trkpt lat="49.425986" lon="18.328033">
      </trkpt>
      <trkpt lat="49.425467" lon="18.326498">
      </trkpt>
      <trkpt lat="49.425193" lon="18.325735">
      </trkpt>
      <trkpt lat="49.425004" lon="18.325171">
      </trkpt>
      <trkpt lat="49.424196" lon="18.318527">
      </trkpt>
      <trkpt lat="49.431612" lon="18.313466">
      </trkpt>
      <trkpt lat="49.435134" lon="18.312719">
      </trkpt>
      <trkpt lat="49.435078" lon="18.312458">
      </trkpt>
      <trkpt lat="49.434966" lon="18.312057">
      </trkpt>
      <trkpt lat="49.434426" lon="18.310499">
      </trkpt>
      <trkpt lat="49.434117" lon="18.309745">
      </trkpt>
      <trkpt lat="49.43273" lon="18.305293">
      </trkpt>
      <trkpt lat="49.431701" lon="18.298032">
      </trkpt>
      <trkpt lat="49.432514" lon="18.294043">
      </trkpt>
      <trkpt lat="49.433946" lon="18.287835">
      </trkpt>
      <trkpt lat="49.434391" lon="18.286642">
      </trkpt>
      <trkpt lat="49.434442" lon="18.286403">
      </trkpt>
      <trkpt lat="49.433316" lon="18.284601">
      </trkpt>
      <trkpt lat="49.433292" lon="18.284591">
      </trkpt>
      <trkpt lat="49.430921" lon="18.285651">
      </trkpt>
      <trkpt lat="49.428785" lon="18.289129">
      </trkpt>
      <trkpt lat="49.423144" lon="18.294163">
      </trkpt>
      <trkpt lat="49.422503" lon="18.296702">
      </trkpt>
      <trkpt lat="49.418012" lon="18.303165">
      </trkpt>
      <trkpt lat="49.416597" lon="18.303827">
      </trkpt>
      <trkpt lat="49.416461" lon="18.304028">
      </trkpt>
      <trkpt lat="49.414273" lon="18.311608">
      </trkpt>
      <trkpt lat="49.407365" lon="18.314508">
      </trkpt>
      <trkpt lat="49.406616" lon="18.314502">
      </trkpt>
      <trkpt lat="49.405245" lon="18.314862">
      </trkpt>
      <trkpt lat="49.403095" lon="18.315772">
      </trkpt>
      <trkpt lat="49.402965" lon="18.31582">
      </trkpt>
      <trkpt lat="49.402314" lon="18.316825">
      </trkpt>
      <trkpt lat="49.401476" lon="18.31812">
      </trkpt>
      <trkpt lat="49.401457" lon="18.319218">
      </trkpt>
      <trkpt lat="49.401762" lon="18.319928">
      </trkpt>
      <trkpt lat="49.402215" lon="18.32043">
      </trkpt>
      <trkpt lat="49.402627" lon="18.320739">
      </trkpt>
      <trkpt lat="49.403337" lon="18.321103">
      </trkpt>
      <trkpt lat="49.404397" lon="18.321208">
      </trkpt>
      <trkpt lat="49.410493" lon="18.325942">
      </trkpt>
      <trkpt lat="49.40814" lon="18.33302">
      </trkpt>
      <trkpt lat="49.407611" lon="18.333928">
      </trkpt>
      <trkpt lat="49.406635" lon="18.335475">
      </trkpt>
      <trkpt lat="49.408765" lon="18.342092">
      </trkpt>
      <trkpt lat="49.408984" lon="18.342904">
      </trkpt>
      <trkpt lat="49.409596" lon="18.343744">
      </trkpt>
      <trkpt lat="49.41008" lon="18.344482">
      </trkpt>
      <trkpt lat="49.40862" lon="18.352661">
      </trkpt>
      <trkpt lat="49.405017" lon="18.351951">
      </trkpt>
      <trkpt lat="49.402953" lon="18.354901">
      </trkpt>
      <trkpt lat="49.404888" lon="18.356685">
      </trkpt>
      <trkpt lat="49.405556" lon="18.357331">
      </trkpt>
      <trkpt lat="49.407567" lon="18.363001">
      </trkpt>
      <trkpt lat="49.40777" lon="18.363814">
      </trkpt>
      <trkpt lat="49.408127" lon="18.364374">
      </trkpt>
      <trkpt lat="49.409185" lon="18.366879">
      </trkpt>
      <trkpt lat="49.410179" lon="18.368755">
      </trkpt>
      <trkpt lat="49.40919" lon="18.374058">
      </trkpt>
      <trkpt lat="49.408685" lon="18.374691">
      </trkpt>
      <trkpt lat="49.408441" lon="18.37511">
      </trkpt>
      <trkpt lat="49.401055" lon="18.37618">
      </trkpt>
      <trkpt lat="49.399814" lon="18.372217">
      </trkpt>
      <trkpt lat="49.397519" lon="18.369444">
      </trkpt>
      <trkpt lat="49.393533" lon="18.370763">
      </trkpt>
      <trkpt lat="49.392477" lon="18.371259">
      </trkpt>
      <trkpt lat="49.384713" lon="18.374674">
      </trkpt>
      <trkpt lat="49.383756" lon="18.374217">
      </trkpt>
      <trkpt lat="49.382981" lon="18.374145">
      </trkpt>
      <trkpt lat="49.378568" lon="18.372778">
      </trkpt>
      <trkpt lat="49.37499" lon="18.373173">
      </trkpt>
      <trkpt lat="49.375038" lon="18.373608">
      </trkpt>
      <trkpt lat="49.375324" lon="18.380579">
      </trkpt>
      <trkpt lat="49.375309" lon="18.381292">
      </trkpt>
      <trkpt lat="49.37541" lon="18.383422">
      </trkpt>
      <trkpt lat="49.373308" lon="18.39169">
      </trkpt>
      <trkpt lat="49.372944" lon="18.392515">
      </trkpt>
      <trkpt lat="49.372889" lon="18.392949">
      </trkpt>
      <trkpt lat="49.372967" lon="18.393603">
      </trkpt>
      <trkpt lat="49.373285" lon="18.394325">
      </trkpt>
      <trkpt lat="49.373818" lon="18.395066">
      </trkpt>
      <trkpt lat="49.374379" lon="18.395646">
      </trkpt>
      <trkpt lat="49.373859" lon="18.404076">
      </trkpt>
      <trkpt lat="49.374167" lon="18.40583">
      </trkpt>
      <trkpt lat="49.374177" lon="18.405881">
      </trkpt>
      <trkpt lat="49.374242" lon="18.406152">
      </trkpt>
      <trkpt lat="49.375328" lon="18.407351">
      </trkpt>
      <trkpt lat="49.375675" lon="18.407517">
      </trkpt>
      <trkpt lat="49.38107" lon="18.413472">
      </trkpt>
      <trkpt lat="49.379569" lon="18.418662">
      </trkpt>
      <trkpt lat="49.379251" lon="18.419062">
      </trkpt>
      <trkpt lat="49.378964" lon="18.419597">
      </trkpt>
      <trkpt lat="49.378835" lon="18.419982">
      </trkpt>
      <trkpt lat="49.378755" lon="18.420371">
      </trkpt>
      <trkpt lat="49.378722" lon="18.420744">
      </trkpt>
      <trkpt lat="49.377834" lon="18.425086">
      </trkpt>
      <trkpt lat="49.377812" lon="18.425841">
      </trkpt>
      <trkpt lat="49.377857" lon="18.426234">
      </trkpt>
      <trkpt lat="49.378049" lon="18.42683">
      </trkpt>
      <trkpt lat="49.378877" lon="18.428431">
      </trkpt>
      <trkpt lat="49.379264" lon="18.428929">
      </trkpt>
      <trkpt lat="49.379437" lon="18.429093">
      </trkpt>
      <trkpt lat="49.386553" lon="18.428857">
      </trkpt>
      <trkpt lat="49.390786" lon="18.436571">
      </trkpt>
      <trkpt lat="49.390828" lon="18.437058">
      </trkpt>
      <trkpt lat="49.394415" lon="18.436747">
      </trkpt>
      <trkpt lat="49.394373" lon="18.43626">
      </trkpt>
      <trkpt lat="49.39484" lon="18.431236">
      </trkpt>
      <trkpt lat="49.396025" lon="18.428394">
      </trkpt>
      <trkpt lat="49.39679" lon="18.426682">
      </trkpt>
      <trkpt lat="49.396961" lon="18.42601">
      </trkpt>
      <trkpt lat="49.397027" lon="18.425123">
      </trkpt>
      <trkpt lat="49.405875" lon="18.423903">
      </trkpt>
      <trkpt lat="49.406463" lon="18.425017">
      </trkpt>
      <trkpt lat="49.407955" lon="18.425522">
      </trkpt>
      <trkpt lat="49.413367" lon="18.431392">
      </trkpt>
      <trkpt lat="49.413709" lon="18.434368">
      </trkpt>
      <trkpt lat="49.410768" lon="18.440893">
      </trkpt>
      <trkpt lat="49.408226" lon="18.443442">
      </trkpt>
      <trkpt lat="49.410256" lon="18.445683">
      </trkpt>
      <trkpt lat="49.412581" lon="18.453692">
      </trkpt>
      <trkpt lat="49.413251" lon="18.457543">
      </trkpt>
      <trkpt lat="49.421157" lon="18.460929">
      </trkpt>
      <trkpt lat="49.428389" lon="18.461926">
      </trkpt>
      <trkpt lat="49.432095" lon="18.465747">
      </trkpt>
      <trkpt lat="49.432637" lon="18.466599">
      </trkpt>
      <trkpt lat="49.437477" lon="18.472551">
      </trkpt>
      <trkpt lat="49.439073" lon="18.473831">
      </trkpt>
      <trkpt lat="49.441916" lon="18.476494">
      </trkpt>
      <trkpt lat="49.442834" lon="18.477168">
      </trkpt>
      <trkpt lat="49.446346" lon="18.48416">
      </trkpt>
      <trkpt lat="49.443644" lon="18.489249">
      </trkpt>
      <trkpt lat="49.440378" lon="18.492904">
      </trkpt>
      <trkpt lat="49.439688" lon="18.493488">
      </trkpt>
      <trkpt lat="49.439122" lon="18.494192">
      </trkpt>
      <trkpt lat="49.438775" lon="18.494861">
      </trkpt>
      <trkpt lat="49.437788" lon="18.497064">
      </trkpt>
      <trkpt lat="49.438526" lon="18.498745">
      </trkpt>
      <trkpt lat="49.439288" lon="18.499421">
      </trkpt>
      <trkpt lat="49.440468" lon="18.500047">
      </trkpt>
      <trkpt lat="49.446616" lon="18.503813">
      </trkpt>
      <trkpt lat="49.447578" lon="18.511208">
      </trkpt>
      <trkpt lat="49.44866" lon="18.513351">
      </trkpt>
      <trkpt lat="49.448734" lon="18.513596">
      </trkpt>
      <trkpt lat="49.448927" lon="18.514138">
      </trkpt>
      <trkpt lat="49.449286" lon="18.515409">
      </trkpt>
      <trkpt lat="49.449501" lon="18.51628">
      </trkpt>
      <trkpt lat="49.449732" lon="18.517781">
      </trkpt>
      <trkpt lat="49.442656" lon="18.523273">
      </trkpt>
      <trkpt lat="49.440527" lon="18.521854">
      </trkpt>
      <trkpt lat="49.436494" lon="18.517529">
      </trkpt>
      <trkpt lat="49.432932" lon="18.518051">
      </trkpt>
      <trkpt lat="49.429354" lon="18.522156">
      </trkpt>
      <trkpt lat="49.427135" lon="18.528734">
      </trkpt>
      <trkpt lat="49.426994" lon="18.529162">
      </trkpt>
      <trkpt lat="49.426419" lon="18.53725">
      </trkpt>
      <trkpt lat="49.426861" lon="18.538239">
      </trkpt>
      <trkpt lat="49.428499" lon="18.545187">
      </trkpt>
      <trkpt lat="49.428122" lon="18.547927">
      </trkpt>
      <trkpt lat="49.42872" lon="18.548643">
      </trkpt>
      <trkpt lat="49.429916" lon="18.549436">
      </trkpt>
      <trkpt lat="49.430661" lon="18.549814">
      </trkpt>
      <trkpt lat="49.434805" lon="18.553868">
      </trkpt>
      <trkpt lat="49.434766" lon="18.559295">
      </trkpt>
      <trkpt lat="49.434511" lon="18.559868">
      </trkpt>
      <trkpt lat="49.432495" lon="18.567953">
      </trkpt>
      <trkpt lat="49.431833" lon="18.568747">
      </trkpt>
      <trkpt lat="49.42412" lon="18.571667">
      </trkpt>
      <trkpt lat="49.423476" lon="18.572086">
      </trkpt>
      <trkpt lat="49.422961" lon="18.572635">
      </trkpt>
      <trkpt lat="49.422506" lon="18.573392">
      </trkpt>
      <trkpt lat="49.413724" lon="18.572896">
      </trkpt>
      <trkpt lat="49.41214" lon="18.571783">
      </trkpt>
      <trkpt lat="49.411643" lon="18.57174">
      </trkpt>
      <trkpt lat="49.410143" lon="18.573263">
      </trkpt>
      <trkpt lat="49.410174" lon="18.573567">
      </trkpt>
      <trkpt lat="49.410361" lon="18.575362">
      </trkpt>
      <trkpt lat="49.410571" lon="18.583638">
      </trkpt>
      <trkpt lat="49.410855" lon="18.592245">
      </trkpt>
      <trkpt lat="49.410678" lon="18.593299">
      </trkpt>
      <trkpt lat="49.410622" lon="18.594021">
      </trkpt>
      <trkpt lat="49.410653" lon="18.594932">
      </trkpt>
      <trkpt lat="49.410784" lon="18.595754">
      </trkpt>
      <trkpt lat="49.410216" lon="18.603864">
      </trkpt>
      <trkpt lat="49.404359" lon="18.610396">
      </trkpt>
      <trkpt lat="49.403507" lon="18.612117">
      </trkpt>
      <trkpt lat="49.403206" lon="18.61291">
      </trkpt>
      <trkpt lat="49.403213" lon="18.615477">
      </trkpt>
      <trkpt lat="49.403859" lon="18.622752">
      </trkpt>
      <trkpt lat="49.403909" lon="18.622787">
      </trkpt>
      <trkpt lat="49.405239" lon="18.623006">
      </trkpt>
      <trkpt lat="49.408296" lon="18.621103">
      </trkpt>
      <trkpt lat="49.408551" lon="18.619166">
      </trkpt>
      <trkpt lat="49.410928" lon="18.612269">
      </trkpt>
      <trkpt lat="49.414362" lon="18.609723">
      </trkpt>
      <trkpt lat="49.415032" lon="18.609003">
      </trkpt>
      <trkpt lat="49.415656" lon="18.608388">
      </trkpt>
      <trkpt lat="49.414588" lon="18.604887">
      </trkpt>
      <trkpt lat="49.422772" lon="18.602439">
      </trkpt>
      <trkpt lat="49.423822" lon="18.603184">
      </trkpt>
      <trkpt lat="49.424255" lon="18.603401">
      </trkpt>
      <trkpt lat="49.426162" lon="18.601683">
      </trkpt>
      <trkpt lat="49.426693" lon="18.600661">
      </trkpt>
      <trkpt lat="49.428493" lon="18.592605">
      </trkpt>
      <trkpt lat="49.431837" lon="18.592008">
      </trkpt>
      <trkpt lat="49.434036" lon="18.59253">
      </trkpt>
      <trkpt lat="49.434477" lon="18.592713">
      </trkpt>
      <trkpt lat="49.440057" lon="18.597432">
      </trkpt>
      <trkpt lat="49.440957" lon="18.599546">
      </trkpt>
      <trkpt lat="49.441284" lon="18.600271">
      </trkpt>
      <trkpt lat="49.442686" lon="18.604456">
      </trkpt>
      <trkpt lat="49.442991" lon="18.608977">
      </trkpt>
      <trkpt lat="49.442992" lon="18.609468">
      </trkpt>
      <trkpt lat="49.443039" lon="18.609851">
      </trkpt>
      <trkpt lat="49.443564" lon="18.61096">
      </trkpt>
      <trkpt lat="49.443911" lon="18.611639">
      </trkpt>
      <trkpt lat="49.445704" lon="18.615209">
      </trkpt>
      <trkpt lat="49.445956" lon="18.615921">
      </trkpt>
      <trkpt lat="49.449144" lon="18.615381">
      </trkpt>
      <trkpt lat="49.449419" lon="18.614938">
      </trkpt>
      <trkpt lat="49.450529" lon="18.610829">
      </trkpt>
      <trkpt lat="49.450747" lon="18.610382">
      </trkpt>
      <trkpt lat="49.451057" lon="18.609857">
      </trkpt>
      <trkpt lat="49.451809" lon="18.605262">
      </trkpt>
      <trkpt lat="49.450104" lon="18.602092">
      </trkpt>
      <trkpt lat="49.447762" lon="18.596763">
      </trkpt>
      <trkpt lat="49.447673" lon="18.596409">
      </trkpt>
      <trkpt lat="49.447729" lon="18.591212">
      </trkpt>
      <trkpt lat="49.447966" lon="18.590521">
      </trkpt>
      <trkpt lat="49.4484" lon="18.588029">
      </trkpt>
      <trkpt lat="49.448223" lon="18.587955">
      </trkpt>
      <trkpt lat="49.444949" lon="18.579706">
      </trkpt>
      <trkpt lat="49.446811" lon="18.577228">
      </trkpt>
      <trkpt lat="49.447428" lon="18.57659">
      </trkpt>
      <trkpt lat="49.456156" lon="18.57806">
      </trkpt>
      <trkpt lat="49.45642" lon="18.578498">
      </trkpt>
      <trkpt lat="49.456787" lon="18.578899">
      </trkpt>
      <trkpt lat="49.457865" lon="18.579473">
      </trkpt>
      <trkpt lat="49.462099" lon="18.586561">
      </trkpt>
      <trkpt lat="49.460536" lon="18.589765">
      </trkpt>
      <trkpt lat="49.460462" lon="18.589876">
      </trkpt>
      <trkpt lat="49.460287" lon="18.591919">
      </trkpt>
      <trkpt lat="49.461066" lon="18.595365">
      </trkpt>
      <trkpt lat="49.461149" lon="18.596135">
      </trkpt>
      <trkpt lat="49.461356" lon="18.596702">
      </trkpt>
      <trkpt lat="49.461521" lon="18.597298">
      </trkpt>
      <trkpt lat="49.461664" lon="18.597969">
      </trkpt>
      <trkpt lat="49.462031" lon="18.598766">
      </trkpt>
      <trkpt lat="49.463331" lon="18.605566">
      </trkpt>
      <trkpt lat="49.46315" lon="18.606306">
      </trkpt>
      <trkpt lat="49.461132" lon="18.609326">
      </trkpt>
      <trkpt lat="49.461519" lon="18.609843">
      </trkpt>
      <trkpt lat="49.461597" lon="18.609908">
      </trkpt>
      <trkpt lat="49.463089" lon="18.610961">
      </trkpt>
      <trkpt lat="49.464519" lon="18.612109">
      </trkpt>
      <trkpt lat="49.465308" lon="18.619923">
      </trkpt>
      <trkpt lat="49.465114" lon="18.625184">
      </trkpt>
      <trkpt lat="49.465115" lon="18.626145">
      </trkpt>
      <trkpt lat="49.465356" lon="18.626539">
      </trkpt>
      <trkpt lat="49.465944" lon="18.627133">
      </trkpt>
      <trkpt lat="49.467533" lon="18.635843">
      </trkpt>
      <trkpt lat="49.467273" lon="18.636583">
      </trkpt>
      <trkpt lat="49.467177" lon="18.637332">
      </trkpt>
      <trkpt lat="49.466573" lon="18.640154">
      </trkpt>
      <trkpt lat="49.469849" lon="18.641646">
      </trkpt>
      <trkpt lat="49.470232" lon="18.640805">
      </trkpt>
      <trkpt lat="49.470476" lon="18.64019">
      </trkpt>
      <trkpt lat="49.470638" lon="18.639609">
      </trkpt>
      <trkpt lat="49.472323" lon="18.634588">
      </trkpt>
      <trkpt lat="49.473188" lon="18.632738">
      </trkpt>
      <trkpt lat="49.474765" lon="18.629814">
      </trkpt>
      <trkpt lat="49.47475" lon="18.629593">
      </trkpt>
      <trkpt lat="49.47468" lon="18.62923">
      </trkpt>
      <trkpt lat="49.476479" lon="18.620484">
      </trkpt>
      <trkpt lat="49.476576" lon="18.620174">
      </trkpt>
      <trkpt lat="49.476939" lon="18.612508">
      </trkpt>
      <trkpt lat="49.479714" lon="18.607798">
      </trkpt>
      <trkpt lat="49.480467" lon="18.606438">
      </trkpt>
      <trkpt lat="49.4806" lon="18.606069">
      </trkpt>
      <trkpt lat="49.480683" lon="18.605706">
      </trkpt>
      <trkpt lat="49.480725" lon="18.605388">
      </trkpt>
      <trkpt lat="49.480749" lon="18.604946">
      </trkpt>
      <trkpt lat="49.480746" lon="18.604604">
      </trkpt>
      <trkpt lat="49.47421" lon="18.598634">
      </trkpt>
      <trkpt lat="49.473961" lon="18.598056">
      </trkpt>
      <trkpt lat="49.471329" lon="18.592791">
      </trkpt>
      <trkpt lat="49.46986" lon="18.59107">
      </trkpt>
      <trkpt lat="49.468068" lon="18.588176">
      </trkpt>
      <trkpt lat="49.467659" lon="18.587424">
      </trkpt>
      <trkpt lat="49.465419" lon="18.582552">
      </trkpt>
      <trkpt lat="49.466687" lon="18.574958">
      </trkpt>
      <trkpt lat="49.466946" lon="18.574452">
      </trkpt>
      <trkpt lat="49.470036" lon="18.570308">
      </trkpt>
      <trkpt lat="49.471452" lon="18.569303">
      </trkpt>
      <trkpt lat="49.479729" lon="18.572257">
      </trkpt>
      <trkpt lat="49.483156" lon="18.571152">
      </trkpt>
      <trkpt lat="49.486236" lon="18.56475">
      </trkpt>
      <trkpt lat="49.488029" lon="18.560245">
      </trkpt>
      <trkpt lat="49.486497" lon="18.558132">
      </trkpt>
      <trkpt lat="49.485947" lon="18.557308">
      </trkpt>
      <trkpt lat="49.484653" lon="18.557162">
      </trkpt>
      <trkpt lat="49.483392" lon="18.557225">
      </trkpt>
      <trkpt lat="49.479836" lon="18.549031">
      </trkpt>
      <trkpt lat="49.480298" lon="18.548499">
      </trkpt>
      <trkpt lat="49.480741" lon="18.547756">
      </trkpt>
      <trkpt lat="49.480983" lon="18.546859">
      </trkpt>
      <trkpt lat="49.48101" lon="18.546229">
      </trkpt>
      <trkpt lat="49.480924" lon="18.545307">
      </trkpt>
      <trkpt lat="49.481161" lon="18.542687">
      </trkpt>
      <trkpt lat="49.482486" lon="18.539312">
      </trkpt>
      <trkpt lat="49.485691" lon="18.536332">
      </trkpt>
      <trkpt lat="49.492268" lon="18.541026">
      </trkpt>
      <trkpt lat="49.492307" lon="18.541369">
      </trkpt>
      <trkpt lat="49.495884" lon="18.540957">
      </trkpt>
      <trkpt lat="49.501382" lon="18.547651">
      </trkpt>
      <trkpt lat="49.501606" lon="18.548923">
      </trkpt>
      <trkpt lat="49.502333" lon="18.550341">
      </trkpt>
      <trkpt lat="49.504208" lon="18.5544">
      </trkpt>
      <trkpt lat="49.504437" lon="18.55497">
      </trkpt>
      <trkpt lat="49.504855" lon="18.556496">
      </trkpt>
      <trkpt lat="49.505806" lon="18.558402">
      </trkpt>
      <trkpt lat="49.506186" lon="18.559122">
      </trkpt>
      <trkpt lat="49.50786" lon="18.563496">
      </trkpt>
      <trkpt lat="49.509036" lon="18.567696">
      </trkpt>
      <trkpt lat="49.509825" lon="18.56884">
      </trkpt>
      <trkpt lat="49.511134" lon="18.569441">
      </trkpt>
      <trkpt lat="49.512403" lon="18.5693">
      </trkpt>
      <trkpt lat="49.513643" lon="18.568451">
      </trkpt>
      <trkpt lat="49.513851" lon="18.568131">
      </trkpt>
      <trkpt lat="49.522179" lon="18.567935">
      </trkpt>
      <trkpt lat="49.522669" lon="18.571687">
      </trkpt>
      <trkpt lat="49.522594" lon="18.572179">
      </trkpt>
      <trkpt lat="49.522567" lon="18.57295">
      </trkpt>
      <trkpt lat="49.522609" lon="18.573314">
      </trkpt>
      <trkpt lat="49.522054" lon="18.577815">
      </trkpt>
      <trkpt lat="49.515637" lon="18.579509">
      </trkpt>
      <trkpt lat="49.514765" lon="18.579108">
      </trkpt>
      <trkpt lat="49.513457" lon="18.579237">
      </trkpt>
      <trkpt lat="49.513108" lon="18.579268">
      </trkpt>
      <trkpt lat="49.511103" lon="18.580041">
      </trkpt>
      <trkpt lat="49.510548" lon="18.580217">
      </trkpt>
      <trkpt lat="49.506662" lon="18.580483">
      </trkpt>
      <trkpt lat="49.506629" lon="18.581135">
      </trkpt>
      <trkpt lat="49.506731" lon="18.582075">
      </trkpt>
      <trkpt lat="49.507145" lon="18.582989">
      </trkpt>
      <trkpt lat="49.508329" lon="18.586328">
      </trkpt>
      <trkpt lat="49.508908" lon="18.587216">
      </trkpt>
      <trkpt lat="49.514958" lon="18.588927">
      </trkpt>
      <trkpt lat="49.516324" lon="18.589535">
      </trkpt>
      <trkpt lat="49.522003" lon="18.595611">
      </trkpt>
      <trkpt lat="49.521413" lon="18.597074">
      </trkpt>
      <trkpt lat="49.521917" lon="18.598395">
      </trkpt>
      <trkpt lat="49.528365" lon="18.604177">
      </trkpt>
      <trkpt lat="49.531123" lon="18.60649">
      </trkpt>
      <trkpt lat="49.536579" lon="18.612389">
      </trkpt>
      <trkpt lat="49.536536" lon="18.614323">
      </trkpt>
      <trkpt lat="49.542783" lon="18.618265">
      </trkpt>
      <trkpt lat="49.543204" lon="18.618726">
      </trkpt>
      <trkpt lat="49.543899" lon="18.619285">
      </trkpt>
      <trkpt lat="49.544807" lon="18.619674">
      </trkpt>
      <trkpt lat="49.549153" lon="18.620943">
      </trkpt>
      <trkpt lat="49.556102" lon="18.624187">
      </trkpt>
      <trkpt lat="49.556506" lon="18.624447">
      </trkpt>
      <trkpt lat="49.560048" lon="18.631171">
      </trkpt>
      <trkpt lat="49.559457" lon="18.633697">
      </trkpt>
      <trkpt lat="49.56039" lon="18.635504">
      </trkpt>
      <trkpt lat="49.555646" lon="18.642149">
      </trkpt>
      <trkpt lat="49.553472" lon="18.643952">
      </trkpt>
      <trkpt lat="49.545155" lon="18.642273">
      </trkpt>
      <trkpt lat="49.544426" lon="18.641673">
      </trkpt>
      <trkpt lat="49.542836" lon="18.641107">
      </trkpt>
      <trkpt lat="49.537376" lon="18.636081">
      </trkpt>
      <trkpt lat="49.537036" lon="18.635418">
      </trkpt>
      <trkpt lat="49.536663" lon="18.634916">
      </trkpt>
      <trkpt lat="49.536151" lon="18.634391">
      </trkpt>
      <trkpt lat="49.53585" lon="18.634321">
      </trkpt>
      <trkpt lat="49.533258" lon="18.634232">
      </trkpt>
      <trkpt lat="49.525139" lon="18.634679">
      </trkpt>
      <trkpt lat="49.525019" lon="18.634702">
      </trkpt>
      <trkpt lat="49.524307" lon="18.635817">
      </trkpt>
      <trkpt lat="49.524269" lon="18.635887">
      </trkpt>
      <trkpt lat="49.52385" lon="18.637256">
      </trkpt>
      <trkpt lat="49.524032" lon="18.637505">
      </trkpt>
      <trkpt lat="49.529103" lon="18.642494">
      </trkpt>
      <trkpt lat="49.532237" lon="18.644266">
      </trkpt>
      <trkpt lat="49.537273" lon="18.64462">
      </trkpt>
      <trkpt lat="49.537951" lon="18.644724">
      </trkpt>
      <trkpt lat="49.543255" lon="18.647016">
      </trkpt>
      <trkpt lat="49.544285" lon="18.651597">
      </trkpt>
      <trkpt lat="49.542833" lon="18.654892">
      </trkpt>
      <trkpt lat="49.542928" lon="18.660415">
      </trkpt>
      <trkpt lat="49.542437" lon="18.662558">
      </trkpt>
      <trkpt lat="49.544012" lon="18.667043">
      </trkpt>
      <trkpt lat="49.542158" lon="18.673652">
      </trkpt>
      <trkpt lat="49.541483" lon="18.674522">
      </trkpt>
      <trkpt lat="49.541296" lon="18.675271">
      </trkpt>
      <trkpt lat="49.541326" lon="18.675989">
      </trkpt>
      <trkpt lat="49.544098" lon="18.683627">
      </trkpt>
      <trkpt lat="49.542556" lon="18.686927">
      </trkpt>
      <trkpt lat="49.535348" lon="18.689469">
      </trkpt>
      <trkpt lat="49.534375" lon="18.689257">
      </trkpt>
      <trkpt lat="49.532981" lon="18.689443">
      </trkpt>
      <trkpt lat="49.527879" lon="18.690101">
      </trkpt>
      <trkpt lat="49.527292" lon="18.690235">
      </trkpt>
      <trkpt lat="49.52682" lon="18.690487">
      </trkpt>
      <trkpt lat="49.52669" lon="18.69179">
      </trkpt>
      <trkpt lat="49.526907" lon="18.693994">
      </trkpt>
      <trkpt lat="49.529016" lon="18.694244">
      </trkpt>
      <trkpt lat="49.530003" lon="18.693986">
      </trkpt>
      <trkpt lat="49.531725" lon="18.693826">
      </trkpt>
      <trkpt lat="49.536179" lon="18.694605">
      </trkpt>
      <trkpt lat="49.536943" lon="18.694813">
      </trkpt>
      <trkpt lat="49.537559" lon="18.694998">
      </trkpt>
      <trkpt lat="49.538179" lon="18.695228">
      </trkpt>
      <trkpt lat="49.545986" lon="18.699522">
      </trkpt>
      <trkpt lat="49.540609" lon="18.704002">
      </trkpt>
      <trkpt lat="49.539978" lon="18.704183">
      </trkpt>
      <trkpt lat="49.538151" lon="18.707048">
      </trkpt>
      <trkpt lat="49.5381" lon="18.707133">
      </trkpt>
      <trkpt lat="49.534052" lon="18.712646">
      </trkpt>
      <trkpt lat="49.530466" lon="18.712326">
      </trkpt>
      <trkpt lat="49.53041" lon="18.712301">
      </trkpt>
      <trkpt lat="49.529988" lon="18.714087">
      </trkpt>
      <trkpt lat="49.52989" lon="18.714515">
      </trkpt>
      <trkpt lat="49.529851" lon="18.714993">
      </trkpt>
      <trkpt lat="49.528312" lon="18.720451">
      </trkpt>
      <trkpt lat="49.531269" lon="18.72546">
      </trkpt>
      <trkpt lat="49.53156" lon="18.726253">
      </trkpt>
      <trkpt lat="49.531631" lon="18.726488">
      </trkpt>
      <trkpt lat="49.53194" lon="18.727056">
      </trkpt>
      <trkpt lat="49.533386" lon="18.72877">
      </trkpt>
      <trkpt lat="49.534555" lon="18.735304">
      </trkpt>
      <trkpt lat="49.534453" lon="18.735837">
      </trkpt>
      <trkpt lat="49.528014" lon="18.741624">
      </trkpt>
      <trkpt lat="49.524542" lon="18.739217">
      </trkpt>
      <trkpt lat="49.521452" lon="18.734881">
      </trkpt>
      <trkpt lat="49.51979" lon="18.731268">
      </trkpt>
      <trkpt lat="49.513704" lon="18.731273">
      </trkpt>
      <trkpt lat="49.511157" lon="18.727912">
      </trkpt>
      <trkpt lat="49.511008" lon="18.727247">
      </trkpt>
      <trkpt lat="49.50741" lon="18.72714">
      </trkpt>
      <trkpt lat="49.499347" lon="18.727407">
      </trkpt>
      <trkpt lat="49.497879" lon="18.72261">
      </trkpt>
      <trkpt lat="49.496107" lon="18.720694">
      </trkpt>
      <trkpt lat="49.494467" lon="18.720045">
      </trkpt>
      <trkpt lat="49.493" lon="18.720462">
      </trkpt>
      <trkpt lat="49.492507" lon="18.720684">
      </trkpt>
      <trkpt lat="49.492199" lon="18.721063">
      </trkpt>
      <trkpt lat="49.492116" lon="18.721186">
      </trkpt>
      <trkpt lat="49.491106" lon="18.724812">
      </trkpt>
      <trkpt lat="49.484308" lon="18.728713">
      </trkpt>
      <trkpt lat="49.482597" lon="18.728692">
      </trkpt>
      <trkpt lat="49.479117" lon="18.729613">
      </trkpt>
      <trkpt lat="49.478444" lon="18.730086">
      </trkpt>
      <trkpt lat="49.478206" lon="18.730605">
      </trkpt>
      <trkpt lat="49.477427" lon="18.73631">
      </trkpt>
      <trkpt lat="49.475977" lon="18.743082">
      </trkpt>
      <trkpt lat="49.475486" lon="18.745195">
      </trkpt>
      <trkpt lat="49.472234" lon="18.751317">
      </trkpt>
      <trkpt lat="49.47196" lon="18.751817">
      </trkpt>
      <trkpt lat="49.471729" lon="18.752509">
      </trkpt>
      <trkpt lat="49.470966" lon="18.754839">
      </trkpt>
      <trkpt lat="49.468107" lon="18.759569">
      </trkpt>
      <trkpt lat="49.461422" lon="18.763712">
      </trkpt>
      <trkpt lat="49.459924" lon="18.764274">
      </trkpt>
      <trkpt lat="49.459614" lon="18.766407">
      </trkpt>
      <trkpt lat="49.456296" lon="18.77224">
      </trkpt>
      <trkpt lat="49.449204" lon="18.774072">
      </trkpt>
      <trkpt lat="49.445605" lon="18.773982">
      </trkpt>
      <trkpt lat="49.445556" lon="18.774878">
      </trkpt>
      <trkpt lat="49.445267" lon="18.778289">
      </trkpt>
      <trkpt lat="49.442" lon="18.784706">
      </trkpt>
      <trkpt lat="49.438658" lon="18.787929">
      </trkpt>
      <trkpt lat="49.432916" lon="18.791731">
      </trkpt>
      <trkpt lat="49.432499" lon="18.795307">
      </trkpt>
      <trkpt lat="49.430862" lon="18.80242">
      </trkpt>
      <trkpt lat="49.430707" lon="18.802957">
      </trkpt>
      <trkpt lat="49.430564" lon="18.803592">
      </trkpt>
      <trkpt lat="49.430392" lon="18.80477">
      </trkpt>
      <trkpt lat="49.430325" lon="18.805633">
      </trkpt>
      <trkpt lat="49.426818" lon="18.813917">
      </trkpt>
      <trkpt lat="49.426361" lon="18.81437">
      </trkpt>
      <trkpt lat="49.426091" lon="18.814681">
      </trkpt>
      <trkpt lat="49.425627" lon="18.815292">
      </trkpt>
      <trkpt lat="49.428495" lon="18.817468">
      </trkpt>
      <trkpt lat="49.431223" lon="18.814872">
      </trkpt>
      <trkpt lat="49.43157" lon="18.814544">
      </trkpt>
      <trkpt lat="49.431814" lon="18.814288">
      </trkpt>
      <trkpt lat="49.432133" lon="18.813893">
      </trkpt>
      <trkpt lat="49.432407" lon="18.813498">
      </trkpt>
      <trkpt lat="49.433923" lon="18.80576">
      </trkpt>
      <trkpt lat="49.440084" lon="18.79992">
      </trkpt>
      <trkpt lat="49.44065" lon="18.799682">
      </trkpt>
      <trkpt lat="49.441069" lon="18.7994">
      </trkpt>
      <trkpt lat="49.441405" lon="18.799073">
      </trkpt>
      <trkpt lat="49.441688" lon="18.798687">
      </trkpt>
      <trkpt lat="49.441902" lon="18.798267">
      </trkpt>
      <trkpt lat="49.442048" lon="18.797844">
      </trkpt>
      <trkpt lat="49.442141" lon="18.797405">
      </trkpt>
      <trkpt lat="49.442512" lon="18.796004">
      </trkpt>
      <trkpt lat="49.442959" lon="18.794766">
      </trkpt>
      <trkpt lat="49.443747" lon="18.793288">
      </trkpt>
      <trkpt lat="49.445442" lon="18.791171">
      </trkpt>
      <trkpt lat="49.453391" lon="18.793641">
      </trkpt>
      <trkpt lat="49.454832" lon="18.795119">
      </trkpt>
      <trkpt lat="49.455258" lon="18.795652">
      </trkpt>
      <trkpt lat="49.457138" lon="18.794512">
      </trkpt>
      <trkpt lat="49.457361" lon="18.794244">
      </trkpt>
      <trkpt lat="49.45807" lon="18.793404">
      </trkpt>
      <trkpt lat="49.464294" lon="18.790892">
      </trkpt>
      <trkpt lat="49.469336" lon="18.795611">
      </trkpt>
      <trkpt lat="49.469541" lon="18.798004">
      </trkpt>
      <trkpt lat="49.469538" lon="18.798592">
      </trkpt>
      <trkpt lat="49.469621" lon="18.799063">
      </trkpt>
      <trkpt lat="49.469666" lon="18.801872">
      </trkpt>
      <trkpt lat="49.469722" lon="18.802616">
      </trkpt>
      <trkpt lat="49.469762" lon="18.802829">
      </trkpt>
      <trkpt lat="49.47275" lon="18.803078">
      </trkpt>
      <trkpt lat="49.476279" lon="18.803785">
      </trkpt>
      <trkpt lat="49.481117" lon="18.808021">
      </trkpt>
      <trkpt lat="49.482526" lon="18.810654">
      </trkpt>
      <trkpt lat="49.483808" lon="18.814019">
      </trkpt>
      <trkpt lat="49.488148" lon="18.818738">
      </trkpt>
      <trkpt lat="49.489089" lon="18.822968">
      </trkpt>
      <trkpt lat="49.491331" lon="18.825338">
      </trkpt>
      <trkpt lat="49.493856" lon="18.82822">
      </trkpt>
      <trkpt lat="49.496864" lon="18.82779">
      </trkpt>
      <trkpt lat="49.504707" lon="18.831815">
      </trkpt>
      <trkpt lat="49.505804" lon="18.833866">
      </trkpt>
      <trkpt lat="49.506101" lon="18.83463">
      </trkpt>
      <trkpt lat="49.50662" lon="18.835914">
      </trkpt>
      <trkpt lat="49.506945" lon="18.836578">
      </trkpt>
      <trkpt lat="49.507511" lon="18.837565">
      </trkpt>
      <trkpt lat="49.508111" lon="18.838523">
      </trkpt>
      <trkpt lat="49.509291" lon="18.840312">
      </trkpt>
      <trkpt lat="49.512635" lon="18.848099">
      </trkpt>
      <trkpt lat="49.512913" lon="18.849745">
      </trkpt>
      <trkpt lat="49.513046" lon="18.850975">
      </trkpt>
      <trkpt lat="49.513223" lon="18.852967">
      </trkpt>
      <trkpt lat="49.513315" lon="18.853658">
      </trkpt>
      <trkpt lat="49.513426" lon="18.854294">
      </trkpt>
      <trkpt lat="49.51357" lon="18.854986">
      </trkpt>
      <trkpt lat="49.513738" lon="18.855664">
      </trkpt>
      <trkpt lat="49.514738" lon="18.860461">
      </trkpt>
      <trkpt lat="49.51831" lon="18.860012">
      </trkpt>
      <trkpt lat="49.518144" lon="18.858693">
      </trkpt>
      <trkpt lat="49.518016" lon="18.857947">
      </trkpt>
      <trkpt lat="49.517808" lon="18.856951">
      </trkpt>
      <trkpt lat="49.517215" lon="18.854731">
      </trkpt>
      <trkpt lat="49.517066" lon="18.854126">
      </trkpt>
      <trkpt lat="49.516952" lon="18.853568">
      </trkpt>
      <trkpt lat="49.516793" lon="18.852502">
      </trkpt>
      <trkpt lat="49.516632" lon="18.850659">
      </trkpt>
      <trkpt lat="49.516492" lon="18.849359">
      </trkpt>
      <trkpt lat="49.516409" lon="18.848737">
      </trkpt>
      <trkpt lat="49.516176" lon="18.847452">
      </trkpt>
      <trkpt lat="49.515892" lon="18.846205">
      </trkpt>
      <trkpt lat="49.515711" lon="18.845527">
      </trkpt>
      <trkpt lat="49.515275" lon="18.844149">
      </trkpt>
      <trkpt lat="49.514837" lon="18.843002">
      </trkpt>
      <trkpt lat="49.514495" lon="18.84219">
      </trkpt>
      <trkpt lat="49.514098" lon="18.84138">
      </trkpt>
      <trkpt lat="49.513546" lon="18.840339">
      </trkpt>
      <trkpt lat="49.512346" lon="18.838406">
      </trkpt>
      <trkpt lat="49.511117" lon="18.836541">
      </trkpt>
      <trkpt lat="49.510562" lon="18.835654">
      </trkpt>
      <trkpt lat="49.510069" lon="18.83479">
      </trkpt>
      <trkpt lat="49.509865" lon="18.834354">
      </trkpt>
      <trkpt lat="49.509442" lon="18.833289">
      </trkpt>
      <trkpt lat="49.509159" lon="18.832561">
      </trkpt>
      <trkpt lat="49.50874" lon="18.831594">
      </trkpt>
      <trkpt lat="49.508189" lon="18.830568">
      </trkpt>
      <trkpt lat="49.507712" lon="18.829833">
      </trkpt>
      <trkpt lat="49.506583" lon="18.828246">
      </trkpt>
      <trkpt lat="49.506417" lon="18.827952">
      </trkpt>
      <trkpt lat="49.506252" lon="18.827643">
      </trkpt>
      <trkpt lat="49.506083" lon="18.827288">
      </trkpt>
      <trkpt lat="49.505805" lon="18.826587">
      </trkpt>
      <trkpt lat="49.505036" lon="18.822388">
      </trkpt>
      <trkpt lat="49.504947" lon="18.82185">
      </trkpt>
      <trkpt lat="49.50483" lon="18.821306">
      </trkpt>
      <trkpt lat="49.50467" lon="18.820708">
      </trkpt>
      <trkpt lat="49.504456" lon="18.82006">
      </trkpt>
      <trkpt lat="49.504254" lon="18.819529">
      </trkpt>
      <trkpt lat="49.50398" lon="18.818935">
      </trkpt>
      <trkpt lat="49.503737" lon="18.818476">
      </trkpt>
      <trkpt lat="49.503437" lon="18.817983">
      </trkpt>
      <trkpt lat="49.502964" lon="18.817331">
      </trkpt>
      <trkpt lat="49.502366" lon="18.816673">
      </trkpt>
      <trkpt lat="49.501768" lon="18.816126">
      </trkpt>
      <trkpt lat="49.500899" lon="18.81541">
      </trkpt>
      <trkpt lat="49.500594" lon="18.815125">
      </trkpt>
      <trkpt lat="49.49964" lon="18.81399">
      </trkpt>
      <trkpt lat="49.499294" lon="18.81346">
      </trkpt>
      <trkpt lat="49.498852" lon="18.812665">
      </trkpt>
      <trkpt lat="49.498521" lon="18.811944">
      </trkpt>
      <trkpt lat="49.498208" lon="18.811142">
      </trkpt>
      <trkpt lat="49.497751" lon="18.809866">
      </trkpt>
      <trkpt lat="49.497286" lon="18.808643">
      </trkpt>
      <trkpt lat="49.496735" lon="18.807369">
      </trkpt>
      <trkpt lat="49.496483" lon="18.80684">
      </trkpt>
      <trkpt lat="49.496004" lon="18.805933">
      </trkpt>
      <trkpt lat="49.4955" lon="18.805048">
      </trkpt>
      <trkpt lat="49.495182" lon="18.804535">
      </trkpt>
      <trkpt lat="49.49317" lon="18.801724">
      </trkpt>
      <trkpt lat="49.492412" lon="18.797755">
      </trkpt>
      <trkpt lat="49.491433" lon="18.79429">
      </trkpt>
      <trkpt lat="49.497476" lon="18.788269">
      </trkpt>
      <trkpt lat="49.49885" lon="18.788972">
      </trkpt>
      <trkpt lat="49.501483" lon="18.791318">
      </trkpt>
      <trkpt lat="49.504159" lon="18.793725">
      </trkpt>
      <trkpt lat="49.504333" lon="18.793532">
      </trkpt>
      <trkpt lat="49.510031" lon="18.79169">
      </trkpt>
      <trkpt lat="49.512348" lon="18.800356">
      </trkpt>
      <trkpt lat="49.512554" lon="18.800724">
      </trkpt>
      <trkpt lat="49.513342" lon="18.807302">
      </trkpt>
      <trkpt lat="49.51337" lon="18.807551">
      </trkpt>
      <trkpt lat="49.513717" lon="18.810883">
      </trkpt>
      <trkpt lat="49.516933" lon="18.815717">
      </trkpt>
      <trkpt lat="49.517261" lon="18.816553">
      </trkpt>
      <trkpt lat="49.51761" lon="18.817091">
      </trkpt>
      <trkpt lat="49.518219" lon="18.817846">
      </trkpt>
      <trkpt lat="49.519399" lon="18.819414">
      </trkpt>
      <trkpt lat="49.520229" lon="18.82039">
      </trkpt>
      <trkpt lat="49.521745" lon="18.82283">
      </trkpt>
      <trkpt lat="49.521993" lon="18.823304">
      </trkpt>
      <trkpt lat="49.522249" lon="18.82369">
      </trkpt>
      <trkpt lat="49.524585" lon="18.822405">
      </trkpt>
      <trkpt lat="49.525249" lon="18.8217">
      </trkpt>
      <trkpt lat="49.524808" lon="18.820746">
      </trkpt>
      <trkpt lat="49.524534" lon="18.819963">
      </trkpt>
      <trkpt lat="49.524311" lon="18.819453">
      </trkpt>
      <trkpt lat="49.52353" lon="18.815697">
      </trkpt>
      <trkpt lat="49.52393" lon="18.813776">
      </trkpt>
      <trkpt lat="49.523195" lon="18.808208">
      </trkpt>
      <trkpt lat="49.523324" lon="18.807725">
      </trkpt>
      <trkpt lat="49.524652" lon="18.805241">
      </trkpt>
      <trkpt lat="49.522676" lon="18.796507">
      </trkpt>
      <trkpt lat="49.523004" lon="18.795882">
      </trkpt>
      <trkpt lat="49.523363" lon="18.795027">
      </trkpt>
      <trkpt lat="49.523719" lon="18.793964">
      </trkpt>
      <trkpt lat="49.524206" lon="18.79299">
      </trkpt>
      <trkpt lat="49.524395" lon="18.792047">
      </trkpt>
      <trkpt lat="49.525325" lon="18.783105">
      </trkpt>
      <trkpt lat="49.527697" lon="18.780723">
      </trkpt>
      <trkpt lat="49.527752" lon="18.780387">
      </trkpt>
      <trkpt lat="49.527755" lon="18.780366">
      </trkpt>
      <trkpt lat="49.527797" lon="18.780133">
      </trkpt>
      <trkpt lat="49.527734" lon="18.778316">
      </trkpt>
      <trkpt lat="49.527696" lon="18.777944">
      </trkpt>
      <trkpt lat="49.527728" lon="18.774632">
      </trkpt>
      <trkpt lat="49.527818" lon="18.774204">
      </trkpt>
      <trkpt lat="49.527917" lon="18.773478">
      </trkpt>
      <trkpt lat="49.527916" lon="18.7729">
      </trkpt>
      <trkpt lat="49.527854" lon="18.770872">
      </trkpt>
      <trkpt lat="49.533088" lon="18.763654">
      </trkpt>
      <trkpt lat="49.539637" lon="18.765032">
      </trkpt>
      <trkpt lat="49.54406" lon="18.769408">
      </trkpt>
      <trkpt lat="49.547009" lon="18.777464">
      </trkpt>
      <trkpt lat="49.546889" lon="18.778021">
      </trkpt>
      <trkpt lat="49.541201" lon="18.784188">
      </trkpt>
      <trkpt lat="49.540154" lon="18.784712">
      </trkpt>
      <trkpt lat="49.537877" lon="18.786456">
      </trkpt>
      <trkpt lat="49.537471" lon="18.788037">
      </trkpt>
      <trkpt lat="49.537434" lon="18.788213">
      </trkpt>
      <trkpt lat="49.537512" lon="18.789942">
      </trkpt>
      <trkpt lat="49.538288" lon="18.790103">
      </trkpt>
      <trkpt lat="49.53914" lon="18.790405">
      </trkpt>
      <trkpt lat="49.54011" lon="18.790635">
      </trkpt>
      <trkpt lat="49.539484" lon="18.7996">
      </trkpt>
      <trkpt lat="49.538304" lon="18.799604">
      </trkpt>
      <trkpt lat="49.53648" lon="18.80038">
      </trkpt>
      <trkpt lat="49.535893" lon="18.801482">
      </trkpt>
      <trkpt lat="49.535997" lon="18.802743">
      </trkpt>
      <trkpt lat="49.535922" lon="18.804071">
      </trkpt>
      <trkpt lat="49.535852" lon="18.807957">
      </trkpt>
      <trkpt lat="49.535718" lon="18.808629">
      </trkpt>
      <trkpt lat="49.535043" lon="18.810886">
      </trkpt>
      <trkpt lat="49.535003" lon="18.811714">
      </trkpt>
      <trkpt lat="49.535346" lon="18.813292">
      </trkpt>
      <trkpt lat="49.535475" lon="18.813533">
      </trkpt>
      <trkpt lat="49.542278" lon="18.81676">
      </trkpt>
      <trkpt lat="49.541998" lon="18.823532">
      </trkpt>
      <trkpt lat="49.540624" lon="18.825635">
      </trkpt>
      <trkpt lat="49.539502" lon="18.829487">
      </trkpt>
      <trkpt lat="49.539298" lon="18.833081">
      </trkpt>
      <trkpt lat="49.544044" lon="18.840076">
      </trkpt>
      <trkpt lat="49.543601" lon="18.842319">
      </trkpt>
      <trkpt lat="49.543581" lon="18.842843">
      </trkpt>
      <trkpt lat="49.543555" lon="18.843426">
      </trkpt>
      <trkpt lat="49.543578" lon="18.843656">
      </trkpt>
      <trkpt lat="49.549022" lon="18.850478">
      </trkpt>
      <trkpt lat="49.547335" lon="18.853508">
      </trkpt>
      <trkpt lat="49.545741" lon="18.854913">
      </trkpt>
      <trkpt lat="49.545743" lon="18.855293">
      </trkpt>
      <trkpt lat="49.545767" lon="18.855595">
      </trkpt>
      <trkpt lat="49.546618" lon="18.856992">
      </trkpt>
      <trkpt lat="49.549387" lon="18.86168">
      </trkpt>
      <trkpt lat="49.549598" lon="18.868111">
      </trkpt>
      <trkpt lat="49.549561" lon="18.868545">
      </trkpt>
      <trkpt lat="49.549597" lon="18.874291">
      </trkpt>
      <trkpt lat="49.547259" lon="18.879076">
      </trkpt>
      <trkpt lat="49.548065" lon="18.883975">
      </trkpt>
      <trkpt lat="49.548069" lon="18.883982">
      </trkpt>
      <trkpt lat="49.548731" lon="18.884526">
      </trkpt>
      <trkpt lat="49.548795" lon="18.884557">
      </trkpt>
      <trkpt lat="49.549509" lon="18.884737">
      </trkpt>
      <trkpt lat="49.551241" lon="18.88228">
      </trkpt>
      <trkpt lat="49.554961" lon="18.874243">
      </trkpt>
      <trkpt lat="49.554955" lon="18.871789">
      </trkpt>
      <trkpt lat="49.555124" lon="18.866153">
      </trkpt>
      <trkpt lat="49.55886" lon="18.862847">
      </trkpt>
      <trkpt lat="49.559006" lon="18.861905">
      </trkpt>
      <trkpt lat="49.559138" lon="18.861106">
      </trkpt>
      <trkpt lat="49.559168" lon="18.860783">
      </trkpt>
      <trkpt lat="49.55882" lon="18.859049">
      </trkpt>
      <trkpt lat="49.558578" lon="18.858394">
      </trkpt>
      <trkpt lat="49.558443" lon="18.85802">
      </trkpt>
      <trkpt lat="49.558186" lon="18.857413">
      </trkpt>
      <trkpt lat="49.554964" lon="18.849818">
      </trkpt>
      <trkpt lat="49.557355" lon="18.843198">
      </trkpt>
      <trkpt lat="49.557599" lon="18.842893">
      </trkpt>
      <trkpt lat="49.557811" lon="18.842519">
      </trkpt>
      <trkpt lat="49.558103" lon="18.841757">
      </trkpt>
      <trkpt lat="49.558823" lon="18.84036">
      </trkpt>
      <trkpt lat="49.558978" lon="18.840006">
      </trkpt>
      <trkpt lat="49.566367" lon="18.835387">
      </trkpt>
      <trkpt lat="49.569149" lon="18.8356">
      </trkpt>
      <trkpt lat="49.569858" lon="18.83545">
      </trkpt>
      <trkpt lat="49.570285" lon="18.835285">
      </trkpt>
      <trkpt lat="49.570821" lon="18.834983">
      </trkpt>
      <trkpt lat="49.577352" lon="18.831504">
      </trkpt>
      <trkpt lat="49.579732" lon="18.829922">
      </trkpt>
      <trkpt lat="49.579708" lon="18.829772">
      </trkpt>
      <trkpt lat="49.578643" lon="18.823163">
      </trkpt>
      <trkpt lat="49.582384" lon="18.816995">
      </trkpt>
      <trkpt lat="49.582445" lon="18.815836">
      </trkpt>
      <trkpt lat="49.582585" lon="18.814657">
      </trkpt>
      <trkpt lat="49.581995" lon="18.813466">
      </trkpt>
      <trkpt lat="49.581844" lon="18.813237">
      </trkpt>
      <trkpt lat="49.581131" lon="18.812208">
      </trkpt>
      <trkpt lat="49.580275" lon="18.81131">
      </trkpt>
      <trkpt lat="49.579684" lon="18.811011">
      </trkpt>
      <trkpt lat="49.580623" lon="18.802217">
      </trkpt>
      <trkpt lat="49.581496" lon="18.797626">
      </trkpt>
      <trkpt lat="49.581086" lon="18.788992">
      </trkpt>
      <trkpt lat="49.58115" lon="18.786943">
      </trkpt>
      <trkpt lat="49.588414" lon="18.782583">
      </trkpt>
      <trkpt lat="49.592511" lon="18.782662">
      </trkpt>
      <trkpt lat="49.598592" lon="18.787247">
      </trkpt>
      <trkpt lat="49.599441" lon="18.789494">
      </trkpt>
      <trkpt lat="49.599533" lon="18.789864">
      </trkpt>
      <trkpt lat="49.599739" lon="18.790493">
      </trkpt>
      <trkpt lat="49.599943" lon="18.791192">
      </trkpt>
      <trkpt lat="49.600277" lon="18.791957">
      </trkpt>
      <trkpt lat="49.600544" lon="18.792485">
      </trkpt>
      <trkpt lat="49.601109" lon="18.793509">
      </trkpt>
      <trkpt lat="49.601371" lon="18.793881">
      </trkpt>
      <trkpt lat="49.603967" lon="18.800136">
      </trkpt>
      <trkpt lat="49.604048" lon="18.800504">
      </trkpt>
      <trkpt lat="49.604562" lon="18.803834">
      </trkpt>
      <trkpt lat="49.603713" lon="18.809206">
      </trkpt>
      <trkpt lat="49.60357" lon="18.809834">
      </trkpt>
      <trkpt lat="49.603538" lon="18.810379">
      </trkpt>
      <trkpt lat="49.603277" lon="18.812265">
      </trkpt>
      <trkpt lat="49.60313" lon="18.812916">
      </trkpt>
      <trkpt lat="49.602487" lon="18.815415">
      </trkpt>
      <trkpt lat="49.605712" lon="18.817015">
      </trkpt>
      <trkpt lat="49.606135" lon="18.816213">
      </trkpt>
      <trkpt lat="49.60636" lon="18.815682">
      </trkpt>
      <trkpt lat="49.606659" lon="18.814273">
      </trkpt>
      <trkpt lat="49.608223" lon="18.80885">
      </trkpt>
      <trkpt lat="49.608474" lon="18.808148">
      </trkpt>
      <trkpt lat="49.608624" lon="18.807073">
      </trkpt>
      <trkpt lat="49.60864" lon="18.806278">
      </trkpt>
      <trkpt lat="49.608608" lon="18.805615">
      </trkpt>
      <trkpt lat="49.608225" lon="18.803192">
      </trkpt>
      <trkpt lat="49.60811" lon="18.802184">
      </trkpt>
      <trkpt lat="49.608072" lon="18.80166">
      </trkpt>
      <trkpt lat="49.608031" lon="18.80135">
      </trkpt>
      <trkpt lat="49.60794" lon="18.800931">
      </trkpt>
      <trkpt lat="49.607635" lon="18.798433">
      </trkpt>
      <trkpt lat="49.607587" lon="18.797966">
      </trkpt>
      <trkpt lat="49.607436" lon="18.797379">
      </trkpt>
      <trkpt lat="49.60687" lon="18.795232">
      </trkpt>
      <trkpt lat="49.606662" lon="18.794084">
      </trkpt>
      <trkpt lat="49.606556" lon="18.793633">
      </trkpt>
      <trkpt lat="49.60642" lon="18.793221">
      </trkpt>
      <trkpt lat="49.606259" lon="18.792877">
      </trkpt>
      <trkpt lat="49.604969" lon="18.791568">
      </trkpt>
      <trkpt lat="49.602983" lon="18.787393">
      </trkpt>
      <trkpt lat="49.602963" lon="18.786887">
      </trkpt>
      <trkpt lat="49.607551" lon="18.780234">
      </trkpt>
      <trkpt lat="49.61323" lon="18.785609">
      </trkpt>
      <trkpt lat="49.614556" lon="18.786879">
      </trkpt>
      <trkpt lat="49.615596" lon="18.790273">
      </trkpt>
      <trkpt lat="49.615588" lon="18.790517">
      </trkpt>
      <trkpt lat="49.615616" lon="18.790754">
      </trkpt>
      <trkpt lat="49.615652" lon="18.79091">
      </trkpt>
      <trkpt lat="49.615761" lon="18.791264">
      </trkpt>
      <trkpt lat="49.618556" lon="18.787864">
      </trkpt>
      <trkpt lat="49.619054" lon="18.787445">
      </trkpt>
      <trkpt lat="49.619931" lon="18.786683">
      </trkpt>
      <trkpt lat="49.62057" lon="18.785962">
      </trkpt>
      <trkpt lat="49.62168" lon="18.784733">
      </trkpt>
      <trkpt lat="49.621832" lon="18.784612">
      </trkpt>
      <trkpt lat="49.626906" lon="18.783235">
      </trkpt>
      <trkpt lat="49.628308" lon="18.791774">
      </trkpt>
      <trkpt lat="49.629783" lon="18.795059">
      </trkpt>
      <trkpt lat="49.635659" lon="18.796893">
      </trkpt>
      <trkpt lat="49.639126" lon="18.797861">
      </trkpt>
      <trkpt lat="49.64447" lon="18.804759">
      </trkpt>
      <trkpt lat="49.643787" lon="18.805884">
      </trkpt>
      <trkpt lat="49.642967" lon="18.806898">
      </trkpt>
      <trkpt lat="49.64216" lon="18.807688">
      </trkpt>
      <trkpt lat="49.644678" lon="18.81026">
      </trkpt>
      <trkpt lat="49.645485" lon="18.80947">
      </trkpt>
      <trkpt lat="49.646553" lon="18.808199">
      </trkpt>
      <trkpt lat="49.646733" lon="18.807952">
      </trkpt>
      <trkpt lat="49.647542" lon="18.806637">
      </trkpt>
      <trkpt lat="49.653587" lon="18.801675">
      </trkpt>
      <trkpt lat="49.65421" lon="18.801097">
      </trkpt>
      <trkpt lat="49.654883" lon="18.800131">
      </trkpt>
      <trkpt lat="49.654977" lon="18.79946">
      </trkpt>
      <trkpt lat="49.654904" lon="18.79895">
      </trkpt>
      <trkpt lat="49.662106" lon="18.793636">
      </trkpt>
      <trkpt lat="49.665265" lon="18.797183">
      </trkpt>
      <trkpt lat="49.665489" lon="18.797741">
      </trkpt>
      <trkpt lat="49.665755" lon="18.798098">
      </trkpt>
      <trkpt lat="49.673563" lon="18.801417">
      </trkpt>
      <trkpt lat="49.677043" lon="18.802338">
      </trkpt>
      <trkpt lat="49.677146" lon="18.80195">
      </trkpt>
      <trkpt lat="49.677209" lon="18.801619">
      </trkpt>
      <trkpt lat="49.677235" lon="18.800799">
      </trkpt>
      <trkpt lat="49.67725" lon="18.797868">
      </trkpt>
      <trkpt lat="49.677359" lon="18.796774">
      </trkpt>
      <trkpt lat="49.677383" lon="18.796355">
      </trkpt>
      <trkpt lat="49.677436" lon="18.795029">
      </trkpt>
      <trkpt lat="49.677464" lon="18.793716">
      </trkpt>
      <trkpt lat="49.677452" lon="18.793233">
      </trkpt>
      <trkpt lat="49.677391" lon="18.792817">
      </trkpt>
      <trkpt lat="49.677295" lon="18.792468">
      </trkpt>
      <trkpt lat="49.676084" lon="18.784303">
      </trkpt>
      <trkpt lat="49.677307" lon="18.783146">
      </trkpt>
      <trkpt lat="49.679835" lon="18.780621">
      </trkpt>
      <trkpt lat="49.68009" lon="18.77703">
      </trkpt>
      <trkpt lat="49.679126" lon="18.769468">
      </trkpt>
      <trkpt lat="49.682302" lon="18.766733">
      </trkpt>
      <trkpt lat="49.681933" lon="18.766341">
      </trkpt>
      <trkpt lat="49.679566" lon="18.761083">
      </trkpt>
      <trkpt lat="49.678456" lon="18.754202">
      </trkpt>
      <trkpt lat="49.678094" lon="18.75362">
      </trkpt>
      <trkpt lat="49.677295" lon="18.752726">
      </trkpt>
      <trkpt lat="49.675908" lon="18.751156">
      </trkpt>
      <trkpt lat="49.672865" lon="18.750623">
      </trkpt>
      <trkpt lat="49.671072" lon="18.749989">
      </trkpt>
      <trkpt lat="49.667801" lon="18.741973">
      </trkpt>
      <trkpt lat="49.670095" lon="18.740606">
      </trkpt>
      <trkpt lat="49.675196" lon="18.735066">
      </trkpt>
      <trkpt lat="49.678636" lon="18.735801">
      </trkpt>
      <trkpt lat="49.679689" lon="18.736456">
      </trkpt>
      <trkpt lat="49.680565" lon="18.736477">
      </trkpt>
      <trkpt lat="49.680694" lon="18.736453">
      </trkpt>
      <trkpt lat="49.681345" lon="18.736133">
      </trkpt>
      <trkpt lat="49.681937" lon="18.735448">
      </trkpt>
      <trkpt lat="49.68987" lon="18.73969">
      </trkpt>
      <trkpt lat="49.689706" lon="18.740126">
      </trkpt>
      <trkpt lat="49.689534" lon="18.740862">
      </trkpt>
      <trkpt lat="49.689504" lon="18.741643">
      </trkpt>
      <trkpt lat="49.68969" lon="18.742341">
      </trkpt>
      <trkpt lat="49.689362" lon="18.746853">
      </trkpt>
      <trkpt lat="49.690026" lon="18.751427">
      </trkpt>
      <trkpt lat="49.690027" lon="18.751928">
      </trkpt>
      <trkpt lat="49.690289" lon="18.75381">
      </trkpt>
      <trkpt lat="49.690273" lon="18.754495">
      </trkpt>
      <trkpt lat="49.69038" lon="18.755745">
      </trkpt>
      <trkpt lat="49.69047" lon="18.756309">
      </trkpt>
      <trkpt lat="49.69058" lon="18.756682">
      </trkpt>
      <trkpt lat="49.690828" lon="18.757971">
      </trkpt>
      <trkpt lat="49.691462" lon="18.759602">
      </trkpt>
      <trkpt lat="49.691587" lon="18.76035">
      </trkpt>
      <trkpt lat="49.692518" lon="18.761017">
      </trkpt>
      <trkpt lat="49.693082" lon="18.761416">
      </trkpt>
      <trkpt lat="49.693689" lon="18.761598">
      </trkpt>
      <trkpt lat="49.693929" lon="18.761593">
      </trkpt>
      <trkpt lat="49.697631" lon="18.760855">
      </trkpt>
      <trkpt lat="49.702061" lon="18.767631">
      </trkpt>
      <trkpt lat="49.70209" lon="18.768474">
      </trkpt>
      <trkpt lat="49.702144" lon="18.76874">
      </trkpt>
      <trkpt lat="49.702249" lon="18.769164">
      </trkpt>
      <trkpt lat="49.702466" lon="18.769916">
      </trkpt>
      <trkpt lat="49.705745" lon="18.769306">
      </trkpt>
      <trkpt lat="49.70643" lon="18.769252">
      </trkpt>
      <trkpt lat="49.71097" lon="18.76919">
      </trkpt>
      <trkpt lat="49.711394" lon="18.769314">
      </trkpt>
      <trkpt lat="49.711661" lon="18.778167">
      </trkpt>
      <trkpt lat="49.710944" lon="18.778435">
      </trkpt>
      <trkpt lat="49.71068" lon="18.781721">
      </trkpt>
      <trkpt lat="49.710997" lon="18.789376">
      </trkpt>
      <trkpt lat="49.707373" lon="18.793698">
      </trkpt>
      <trkpt lat="49.703988" lon="18.795911">
      </trkpt>
      <trkpt lat="49.703948" lon="18.799122">
      </trkpt>
      <trkpt lat="49.704407" lon="18.803305">
      </trkpt>
      <trkpt lat="49.704468" lon="18.803661">
      </trkpt>
      <trkpt lat="49.704857" lon="18.804509">
      </trkpt>
      <trkpt lat="49.703706" lon="18.811274">
      </trkpt>
      <trkpt lat="49.699949" lon="18.813532">
      </trkpt>
      <trkpt lat="49.699645" lon="18.820022">
      </trkpt>
      <trkpt lat="49.696403" lon="18.825908">
      </trkpt>
      <trkpt lat="49.696077" lon="18.826282">
      </trkpt>
      <trkpt lat="49.696067" lon="18.826294">
      </trkpt>
      <trkpt lat="49.695724" lon="18.826916">
      </trkpt>
      <trkpt lat="49.695713" lon="18.826955">
      </trkpt>
      <trkpt lat="49.696336" lon="18.829289">
      </trkpt>
      <trkpt lat="49.696447" lon="18.82946">
      </trkpt>
      <trkpt lat="49.698896" lon="18.8298">
      </trkpt>
      <trkpt lat="49.704649" lon="18.829714">
      </trkpt>
      <trkpt lat="49.708149" lon="18.830554">
      </trkpt>
      <trkpt lat="49.708583" lon="18.828747">
      </trkpt>
      <trkpt lat="49.711193" lon="18.824828">
      </trkpt>
      <trkpt lat="49.719113" lon="18.823455">
      </trkpt>
      <trkpt lat="49.721486" lon="18.825055">
      </trkpt>
      <trkpt lat="49.722802" lon="18.826247">
      </trkpt>
      <trkpt lat="49.722844" lon="18.826248">
      </trkpt>
      <trkpt lat="49.72496" lon="18.826226">
      </trkpt>
      <trkpt lat="49.725057" lon="18.826227">
      </trkpt>
      <trkpt lat="49.726714" lon="18.826232">
      </trkpt>
      <trkpt lat="49.731016" lon="18.826375">
      </trkpt>
      <trkpt lat="49.735532" lon="18.831339">
      </trkpt>
      <trkpt lat="49.735649" lon="18.831547">
      </trkpt>
      <trkpt lat="49.735893" lon="18.831779">
      </trkpt>
      <trkpt lat="49.736402" lon="18.83211">
      </trkpt>
      <trkpt lat="49.742477" lon="18.83617">
      </trkpt>
      <trkpt lat="49.743803" lon="18.83949">
      </trkpt>
      <trkpt lat="49.74526" lon="18.845347">
      </trkpt>
      <trkpt lat="49.747256" lon="18.848275">
      </trkpt>
      <trkpt lat="49.743991" lon="18.856486">
      </trkpt>
      <trkpt lat="49.740622" lon="18.857446">
      </trkpt>
      <trkpt lat="49.740702" lon="18.858002">
      </trkpt>
      <trkpt lat="49.741185" lon="18.859012">
      </trkpt>
      <trkpt lat="49.741613" lon="18.859468">
      </trkpt>
      <trkpt lat="49.744665" lon="18.862286">
      </trkpt>
      <trkpt lat="49.744965" lon="18.862813">
      </trkpt>
      <trkpt lat="49.745462" lon="18.863464">
      </trkpt>
      <trkpt lat="49.746075" lon="18.864281">
      </trkpt>
      <trkpt lat="49.742578" lon="18.872179">
      </trkpt>
      <trkpt lat="49.739064" lon="18.871397">
      </trkpt>
      <trkpt lat="49.735313" lon="18.874089">
      </trkpt>
      <trkpt lat="49.732262" lon="18.876">
      </trkpt>
      <trkpt lat="49.730274" lon="18.883398">
      </trkpt>
      <trkpt lat="49.728587" lon="18.886258">
      </trkpt>
      <trkpt lat="49.72561" lon="18.892582">
      </trkpt>
      <trkpt lat="49.722146" lon="18.899338">
      </trkpt>
      <trkpt lat="49.722124" lon="18.902938">
      </trkpt>
      <trkpt lat="49.722204" lon="18.905858">
      </trkpt>
      <trkpt lat="49.722542" lon="18.907374">
      </trkpt>
      <trkpt lat="49.724769" lon="18.907532">
      </trkpt>
      <trkpt lat="49.726142" lon="18.907352">
      </trkpt>
      <trkpt lat="49.731802" lon="18.901849">
      </trkpt>
      <trkpt lat="49.736563" lon="18.899118">
      </trkpt>
      <trkpt lat="49.739181" lon="18.897113">
      </trkpt>
      <trkpt lat="49.745052" lon="18.895448">
      </trkpt>
      <trkpt lat="49.747212" lon="18.893249">
      </trkpt>
      <trkpt lat="49.747232" lon="18.892583">
      </trkpt>
      <trkpt lat="49.748835" lon="18.888135">
      </trkpt>
      <trkpt lat="49.754678" lon="18.887108">
      </trkpt>
      <trkpt lat="49.756222" lon="18.887139">
      </trkpt>
      <trkpt lat="49.756991" lon="18.88679">
      </trkpt>
      <trkpt lat="49.760271" lon="18.885307">
      </trkpt>
      <trkpt lat="49.762851" lon="18.878498">
      </trkpt>
      <trkpt lat="49.765054" lon="18.873836">
      </trkpt>
      <trkpt lat="49.771918" lon="18.87701">
      </trkpt>
      <trkpt lat="49.771963" lon="18.877052">
      </trkpt>
      <trkpt lat="49.772833" lon="18.877576">
      </trkpt>
      <trkpt lat="49.775904" lon="18.880267">
      </trkpt>
      <trkpt lat="49.777509" lon="18.88896">
      </trkpt>
      <trkpt lat="49.778721" lon="18.890391">
      </trkpt>
      <trkpt lat="49.782662" lon="18.89794">
      </trkpt>
      <trkpt lat="49.782648" lon="18.899798">
      </trkpt>
      <trkpt lat="49.782633" lon="18.901687">
      </trkpt>
      <trkpt lat="49.776902" lon="18.907091">
      </trkpt>
      <trkpt lat="49.773531" lon="18.906972">
      </trkpt>
      <trkpt lat="49.771907" lon="18.90656">
      </trkpt>
      <trkpt lat="49.770442" lon="18.906607">
      </trkpt>
      <trkpt lat="49.769692" lon="18.906736">
      </trkpt>
      <trkpt lat="49.769094" lon="18.90698">
      </trkpt>
      <trkpt lat="49.764094" lon="18.908734">
      </trkpt>
      <trkpt lat="49.763277" lon="18.908835">
      </trkpt>
      <trkpt lat="49.762866" lon="18.908996">
      </trkpt>
      <trkpt lat="49.760498" lon="18.910187">
      </trkpt>
      <trkpt lat="49.760185" lon="18.91055">
      </trkpt>
      <trkpt lat="49.758969" lon="18.911757">
      </trkpt>
      <trkpt lat="49.758703" lon="18.91215">
      </trkpt>
      <trkpt lat="49.758524" lon="18.91254">
      </trkpt>
      <trkpt lat="49.755671" lon="18.916848">
      </trkpt>
      <trkpt lat="49.755153" lon="18.917648">
      </trkpt>
      <trkpt lat="49.754724" lon="18.918627">
      </trkpt>
      <trkpt lat="49.755387" lon="18.920176">
      </trkpt>
      <trkpt lat="49.758784" lon="18.921368">
      </trkpt>
      <trkpt lat="49.759407" lon="18.920891">
      </trkpt>
      <trkpt lat="49.759535" lon="18.9207">
      </trkpt>
      <trkpt lat="49.759731" lon="18.917888">
      </trkpt>
      <trkpt lat="49.765618" lon="18.912421">
      </trkpt>
      <trkpt lat="49.77304" lon="18.910538">
      </trkpt>
      <trkpt lat="49.779039" lon="18.91534">
      </trkpt>
      <trkpt lat="49.779559" lon="18.916008">
      </trkpt>
      <trkpt lat="49.779937" lon="18.916399">
      </trkpt>
      <trkpt lat="49.7804" lon="18.916772">
      </trkpt>
      <trkpt lat="49.780843" lon="18.917058">
      </trkpt>
      <trkpt lat="49.781573" lon="18.917425">
      </trkpt>
      <trkpt lat="49.782846" lon="18.918024">
      </trkpt>
      <trkpt lat="49.786614" lon="18.920716">
      </trkpt>
      <trkpt lat="49.787128" lon="18.921347">
      </trkpt>
      <trkpt lat="49.787444" lon="18.921587">
      </trkpt>
      <trkpt lat="49.791348" lon="18.927092">
      </trkpt>
      <trkpt lat="49.78546" lon="18.933478">
      </trkpt>
      <trkpt lat="49.779701" lon="18.937756">
      </trkpt>
      <trkpt lat="49.779448" lon="18.938818">
      </trkpt>
      <trkpt lat="49.777373" lon="18.946176">
      </trkpt>
      <trkpt lat="49.777185" lon="18.946777">
      </trkpt>
      <trkpt lat="49.780265" lon="18.951327">
      </trkpt>
      <trkpt lat="49.783189" lon="18.95547">
      </trkpt>
      <trkpt lat="49.785788" lon="18.962019">
      </trkpt>
      <trkpt lat="49.78915" lon="18.97036">
      </trkpt>
      <trkpt lat="49.789027" lon="18.973737">
      </trkpt>
      <trkpt lat="49.789034" lon="18.974078">
      </trkpt>
      <trkpt lat="49.792435" lon="18.980681">
      </trkpt>
      <trkpt lat="49.793311" lon="18.984643">
      </trkpt>
      <trkpt lat="49.793922" lon="18.986283">
      </trkpt>
      <trkpt lat="49.794949" lon="18.988531">
      </trkpt>
      <trkpt lat="49.795609" lon="18.988863">
      </trkpt>
      <trkpt lat="49.797131" lon="18.98904">
      </trkpt>
      <trkpt lat="49.803162" lon="18.994033">
      </trkpt>
      <trkpt lat="49.805027" lon="19.000936">
      </trkpt>
      <trkpt lat="49.805024" lon="19.001353">
      </trkpt>
      <trkpt lat="49.805093" lon="19.00225">
      </trkpt>
      <trkpt lat="49.805106" lon="19.002309">
      </trkpt>
      <trkpt lat="49.805319" lon="19.002668">
      </trkpt>
      <trkpt lat="49.805774" lon="19.003388">
      </trkpt>
      <trkpt lat="49.81002" lon="19.008529">
      </trkpt>
      <trkpt lat="49.810764" lon="19.011213">
      </trkpt>
      <trkpt lat="49.811061" lon="19.012068">
      </trkpt>
      <trkpt lat="49.811399" lon="19.013472">
      </trkpt>
      <trkpt lat="49.811101" lon="19.020544">
      </trkpt>
      <trkpt lat="49.807992" lon="19.023931">
      </trkpt>
      <trkpt lat="49.807594" lon="19.026843">
      </trkpt>
      <trkpt lat="49.807962" lon="19.027856">
      </trkpt>
      <trkpt lat="49.810146" lon="19.029382">
      </trkpt>
      <trkpt lat="49.815732" lon="19.030719">
      </trkpt>
      <trkpt lat="49.824186" lon="19.033013">
      </trkpt>
      <trkpt lat="49.827644" lon="19.040266">
      </trkpt>
      <trkpt lat="49.827071" lon="19.042665">
      </trkpt>
      <trkpt lat="49.827433" lon="19.044712">
      </trkpt>
      <trkpt lat="49.827592" lon="19.046505">
      </trkpt>
      <trkpt lat="49.827619" lon="19.046502">
      </trkpt>
      <trkpt lat="49.833082" lon="19.048292">
      </trkpt>
      <trkpt lat="49.833559" lon="19.05421">
      </trkpt>
      <trkpt lat="49.831895" lon="19.05611">
      </trkpt>
      <trkpt lat="49.826173" lon="19.058974">
      </trkpt>
      <trkpt lat="49.823164" lon="19.060454">
      </trkpt>
      <trkpt lat="49.823193" lon="19.060621">
      </trkpt>
      <trkpt lat="49.823625" lon="19.061517">
      </trkpt>
      <trkpt lat="49.823692" lon="19.061585">
      </trkpt>
      <trkpt lat="49.824579" lon="19.062476">
      </trkpt>
      <trkpt lat="49.827147" lon="19.069325">
      </trkpt>
      <trkpt lat="49.821182" lon="19.075362">
      </trkpt>
      <trkpt lat="49.821181" lon="19.075362">
      </trkpt>
      <trkpt lat="49.819914" lon="19.077445">
      </trkpt>
      <trkpt lat="49.812558" lon="19.080185">
      </trkpt>
      <trkpt lat="49.809554" lon="19.079652">
      </trkpt>
      <trkpt lat="49.808076" lon="19.079397">
      </trkpt>
      <trkpt lat="49.807092" lon="19.079287">
      </trkpt>
      <trkpt lat="49.799599" lon="19.074863">
      </trkpt>
      <trkpt lat="49.799015" lon="19.074272">
      </trkpt>
      <trkpt lat="49.798524" lon="19.073887">
      </trkpt>
      <trkpt lat="49.79811" lon="19.073619">
      </trkpt>
      <trkpt lat="49.797635" lon="19.073373">
      </trkpt>
      <trkpt lat="49.797256" lon="19.073224">
      </trkpt>
      <trkpt lat="49.796866" lon="19.073107">
      </trkpt>
      <trkpt lat="49.795749" lon="19.072874">
      </trkpt>
      <trkpt lat="49.794505" lon="19.07272">
      </trkpt>
      <trkpt lat="49.794039" lon="19.072688">
      </trkpt>
      <trkpt lat="49.793788" lon="19.076279">
      </trkpt>
      <trkpt lat="49.797866" lon="19.078934">
      </trkpt>
      <trkpt lat="49.802066" lon="19.082732">
      </trkpt>
      <trkpt lat="49.802771" lon="19.082839">
      </trkpt>
      <trkpt lat="49.805839" lon="19.082839">
      </trkpt>
      <trkpt lat="49.808936" lon="19.083199">
      </trkpt>
      <trkpt lat="49.81642" lon="19.086351">
      </trkpt>
      <trkpt lat="49.821762" lon="19.092414">
      </trkpt>
      <trkpt lat="49.823651" lon="19.095941">
      </trkpt>
      <trkpt lat="49.825992" lon="19.096955">
      </trkpt>
      <trkpt lat="49.826045" lon="19.096935">
      </trkpt>
      <trkpt lat="49.827186" lon="19.095256">
      </trkpt>
      <trkpt lat="49.827122" lon="19.094929">
      </trkpt>
      <trkpt lat="49.827281" lon="19.092091">
      </trkpt>
      <trkpt lat="49.834153" lon="19.087684">
      </trkpt>
      <trkpt lat="49.836286" lon="19.088536">
      </trkpt>
      <trkpt lat="49.836712" lon="19.088719">
      </trkpt>
      <trkpt lat="49.837511" lon="19.089117">
      </trkpt>
      <trkpt lat="49.839319" lon="19.09022">
      </trkpt>
      <trkpt lat="49.841124" lon="19.091628">
      </trkpt>
      <trkpt lat="49.84338" lon="19.094447">
      </trkpt>
      <trkpt lat="49.843529" lon="19.094611">
      </trkpt>
      <trkpt lat="49.846321" lon="19.098216">
      </trkpt>
      <trkpt lat="49.846938" lon="19.09889">
      </trkpt>
      <trkpt lat="49.848046" lon="19.100015">
      </trkpt>
      <trkpt lat="49.849975" lon="19.101724">
      </trkpt>
      <trkpt lat="49.850796" lon="19.102309">
      </trkpt>
      <trkpt lat="49.851754" lon="19.102913">
      </trkpt>
      <trkpt lat="49.852742" lon="19.103464">
      </trkpt>
      <trkpt lat="49.853662" lon="19.103888">
      </trkpt>
      <trkpt lat="49.854686" lon="19.104315">
      </trkpt>
      <trkpt lat="49.855632" lon="19.104609">
      </trkpt>
      <trkpt lat="49.856571" lon="19.104847">
      </trkpt>
      <trkpt lat="49.857509" lon="19.105038">
      </trkpt>
      <trkpt lat="49.858264" lon="19.105161">
      </trkpt>
      <trkpt lat="49.859664" lon="19.105314">
      </trkpt>
      <trkpt lat="49.863088" lon="19.105528">
      </trkpt>
      <trkpt lat="49.86876" lon="19.107447">
      </trkpt>
      <trkpt lat="49.869385" lon="19.107752">
      </trkpt>
      <trkpt lat="49.870347" lon="19.108262">
      </trkpt>
      <trkpt lat="49.871352" lon="19.108712">
      </trkpt>
      <trkpt lat="49.872274" lon="19.109047">
      </trkpt>
      <trkpt lat="49.873969" lon="19.109571">
      </trkpt>
      <trkpt lat="49.875609" lon="19.109875">
      </trkpt>
      <trkpt lat="49.877299" lon="19.109999">
      </trkpt>
      <trkpt lat="49.878324" lon="19.110007">
      </trkpt>
      <trkpt lat="49.879334" lon="19.109945">
      </trkpt>
      <trkpt lat="49.880287" lon="19.109837">
      </trkpt>
      <trkpt lat="49.881288" lon="19.109664">
      </trkpt>
      <trkpt lat="49.882733" lon="19.109324">
      </trkpt>
      <trkpt lat="49.883169" lon="19.109199">
      </trkpt>
      <trkpt lat="49.882174" lon="19.105739">
      </trkpt>
      <trkpt lat="49.881737" lon="19.105865">
      </trkpt>
      <trkpt lat="49.880509" lon="19.10615">
      </trkpt>
      <trkpt lat="49.873352" lon="19.105612">
      </trkpt>
      <trkpt lat="49.871081" lon="19.104576">
      </trkpt>
      <trkpt lat="49.870345" lon="19.104214">
      </trkpt>
      <trkpt lat="49.868486" lon="19.103271">
      </trkpt>
      <trkpt lat="49.867509" lon="19.102846">
      </trkpt>
      <trkpt lat="49.86657" lon="19.102513">
      </trkpt>
      <trkpt lat="49.865512" lon="19.102236">
      </trkpt>
      <trkpt lat="49.864525" lon="19.102069">
      </trkpt>
      <trkpt lat="49.863491" lon="19.10195">
      </trkpt>
      <trkpt lat="49.859884" lon="19.10172">
      </trkpt>
      <trkpt lat="49.85866" lon="19.101583">
      </trkpt>
      <trkpt lat="49.858098" lon="19.101487">
      </trkpt>
      <trkpt lat="49.857295" lon="19.101321">
      </trkpt>
      <trkpt lat="49.856524" lon="19.101121">
      </trkpt>
      <trkpt lat="49.855075" lon="19.100577">
      </trkpt>
      <trkpt lat="49.854253" lon="19.100196">
      </trkpt>
      <trkpt lat="49.853522" lon="19.099778">
      </trkpt>
      <trkpt lat="49.852723" lon="19.099268">
      </trkpt>
      <trkpt lat="49.852072" lon="19.098798">
      </trkpt>
      <trkpt lat="49.850445" lon="19.09733">
      </trkpt>
      <trkpt lat="49.849509" lon="19.09637">
      </trkpt>
      <trkpt lat="49.848979" lon="19.095789">
      </trkpt>
      <trkpt lat="49.849574" lon="19.086975">
      </trkpt>
      <trkpt lat="49.851285" lon="19.08632">
      </trkpt>
      <trkpt lat="49.851874" lon="19.085147">
      </trkpt>
      <trkpt lat="49.85478" lon="19.078436">
      </trkpt>
      <trkpt lat="49.854828" lon="19.078059">
      </trkpt>
      <trkpt lat="49.85497" lon="19.071193">
      </trkpt>
      <trkpt lat="49.854059" lon="19.067119">
      </trkpt>
      <trkpt lat="49.852529" lon="19.060737">
      </trkpt>
      <trkpt lat="49.852551" lon="19.059522">
      </trkpt>
      <trkpt lat="49.850919" lon="19.054545">
      </trkpt>
      <trkpt lat="49.856517" lon="19.050956">
      </trkpt>
      <trkpt lat="49.85679" lon="19.050931">
      </trkpt>
      <trkpt lat="49.85816" lon="19.050145">
      </trkpt>
      <trkpt lat="49.858379" lon="19.050035">
      </trkpt>
      <trkpt lat="49.8592" lon="19.049642">
      </trkpt>
      <trkpt lat="49.860179" lon="19.043884">
      </trkpt>
      <trkpt lat="49.863939" lon="19.037407">
      </trkpt>
      <trkpt lat="49.869863" lon="19.033035">
      </trkpt>
      <trkpt lat="49.872122" lon="19.030078">
      </trkpt>
      <trkpt lat="49.873152" lon="19.028268">
      </trkpt>
      <trkpt lat="49.873145" lon="19.028194">
      </trkpt>
      <trkpt lat="49.871715" lon="19.026883">
      </trkpt>
      <trkpt lat="49.870879" lon="19.026699">
      </trkpt>
      <trkpt lat="49.867452" lon="19.018386">
      </trkpt>
      <trkpt lat="49.867574" lon="19.017875">
      </trkpt>
      <trkpt lat="49.867575" lon="19.017873">
      </trkpt>
      <trkpt lat="49.867733" lon="19.017205">
      </trkpt>
      <trkpt lat="49.869858" lon="19.010264">
      </trkpt>
      <trkpt lat="49.870575" lon="19.00923">
      </trkpt>
      <trkpt lat="49.871735" lon="19.00757">
      </trkpt>
      <trkpt lat="49.872773" lon="19.006338">
      </trkpt>
      <trkpt lat="49.870019" lon="19.004019">
      </trkpt>
      <trkpt lat="49.868981" lon="19.005251">
      </trkpt>
      <trkpt lat="49.861252" lon="19.000715">
      </trkpt>
      <trkpt lat="49.862519" lon="18.997262">
      </trkpt>
      <trkpt lat="49.863668" lon="18.991903">
      </trkpt>
      <trkpt lat="49.864006" lon="18.988822">
      </trkpt>
      <trkpt lat="49.864286" lon="18.987135">
      </trkpt>
      <trkpt lat="49.862395" lon="18.978738">
      </trkpt>
      <trkpt lat="49.863775" lon="18.976182">
      </trkpt>
      <trkpt lat="49.864085" lon="18.975653">
      </trkpt>
      <trkpt lat="49.866266" lon="18.971862">
      </trkpt>
      <trkpt lat="49.866281" lon="18.970619">
      </trkpt>
      <trkpt lat="49.86625" lon="18.970484">
      </trkpt>
      <trkpt lat="49.863809" lon="18.969231">
      </trkpt>
      <trkpt lat="49.863443" lon="18.969088">
      </trkpt>
      <trkpt lat="49.85992" lon="18.968344">
      </trkpt>
      <trkpt lat="49.856731" lon="18.965213">
      </trkpt>
      <trkpt lat="49.856536" lon="18.959945">
      </trkpt>
      <trkpt lat="49.856488" lon="18.959503">
      </trkpt>
      <trkpt lat="49.861255" lon="18.952038">
      </trkpt>
      <trkpt lat="49.865795" lon="18.950853">
      </trkpt>
      <trkpt lat="49.870389" lon="18.949229">
      </trkpt>
      <trkpt lat="49.872963" lon="18.946898">
      </trkpt>
      <trkpt lat="49.872966" lon="18.946868">
      </trkpt>
      <trkpt lat="49.872283" lon="18.945889">
      </trkpt>
      <trkpt lat="49.871514" lon="18.944938">
      </trkpt>
      <trkpt lat="49.869151" lon="18.942287">
      </trkpt>
      <trkpt lat="49.864157" lon="18.936668">
      </trkpt>
      <trkpt lat="49.860688" lon="18.935707">
      </trkpt>
      <trkpt lat="49.858602" lon="18.927219">
      </trkpt>
      <trkpt lat="49.859307" lon="18.923689">
      </trkpt>
      <trkpt lat="49.862517" lon="18.916126">
      </trkpt>
      <trkpt lat="49.863425" lon="18.913606">
      </trkpt>
      <trkpt lat="49.863563" lon="18.913192">
      </trkpt>
      <trkpt lat="49.863741" lon="18.912433">
      </trkpt>
      <trkpt lat="49.86" lon="18.905274">
      </trkpt>
      <trkpt lat="49.861718" lon="18.902144">
      </trkpt>
      <trkpt lat="49.864248" lon="18.895161">
      </trkpt>
      <trkpt lat="49.866921" lon="18.891813">
      </trkpt>
      <trkpt lat="49.875237" lon="18.889601">
      </trkpt>
      <trkpt lat="49.876392" lon="18.89037">
      </trkpt>
      <trkpt lat="49.876875" lon="18.890661">
      </trkpt>
      <trkpt lat="49.87868" lon="18.890652">
      </trkpt>
      <trkpt lat="49.878878" lon="18.890005">
      </trkpt>
      <trkpt lat="49.879066" lon="18.889268">
      </trkpt>
      <trkpt lat="49.879145" lon="18.888904">
      </trkpt>
      <trkpt lat="49.879725" lon="18.886155">
      </trkpt>
      <trkpt lat="49.879862" lon="18.885363">
      </trkpt>
      <trkpt lat="49.879907" lon="18.884782">
      </trkpt>
      <trkpt lat="49.879867" lon="18.884121">
      </trkpt>
      <trkpt lat="49.879821" lon="18.883811">
      </trkpt>
      <trkpt lat="49.879548" lon="18.882715">
      </trkpt>
      <trkpt lat="49.882571" lon="18.875208">
      </trkpt>
      <trkpt lat="49.882024" lon="18.873612">
      </trkpt>
      <trkpt lat="49.881139" lon="18.872811">
      </trkpt>
      <trkpt lat="49.879242" lon="18.871326">
      </trkpt>
      <trkpt lat="49.878203" lon="18.872591">
      </trkpt>
      <trkpt lat="49.87603" lon="18.875219">
      </trkpt>
      <trkpt lat="49.871957" lon="18.878962">
      </trkpt>
      <trkpt lat="49.865759" lon="18.877229">
      </trkpt>
      <trkpt lat="49.859011" lon="18.871996">
      </trkpt>
      <trkpt lat="49.860768" lon="18.868738">
      </trkpt>
      <trkpt lat="49.861956" lon="18.867184">
      </trkpt>
      <trkpt lat="49.862007" lon="18.866629">
      </trkpt>
      <trkpt lat="49.858961" lon="18.859137">
      </trkpt>
      <trkpt lat="49.861682" lon="18.8524">
      </trkpt>
      <trkpt lat="49.863458" lon="18.846188">
      </trkpt>
      <trkpt lat="49.864746" lon="18.843404">
      </trkpt>
      <trkpt lat="49.863618" lon="18.837304">
      </trkpt>
      <trkpt lat="49.860136" lon="18.836393">
      </trkpt>
      <trkpt lat="49.852412" lon="18.832068">
      </trkpt>
      <trkpt lat="49.85681" lon="18.824731">
      </trkpt>
      <trkpt lat="49.85823" lon="18.822724">
      </trkpt>
      <trkpt lat="49.856161" lon="18.819778">
      </trkpt>
      <trkpt lat="49.855788" lon="18.82004">
      </trkpt>
      <trkpt lat="49.855492" lon="18.820298">
      </trkpt>
      <trkpt lat="49.850267" lon="18.821802">
      </trkpt>
      <trkpt lat="49.849715" lon="18.821621">
      </trkpt>
      <trkpt lat="49.849339" lon="18.821525">
      </trkpt>
      <trkpt lat="49.848489" lon="18.812565">
      </trkpt>
      <trkpt lat="49.850798" lon="18.811097">
      </trkpt>
      <trkpt lat="49.852794" lon="18.809833">
      </trkpt>
      <trkpt lat="49.85479" lon="18.808568">
      </trkpt>
      <trkpt lat="49.852864" lon="18.805527">
      </trkpt>
      <trkpt lat="49.853826" lon="18.797458">
      </trkpt>
      <trkpt lat="49.856529" lon="18.795414">
      </trkpt>
      <trkpt lat="49.86293" lon="18.799333">
      </trkpt>
      <trkpt lat="49.864719" lon="18.799951">
      </trkpt>
      <trkpt lat="49.86625" lon="18.800725">
      </trkpt>
      <trkpt lat="49.866446" lon="18.800259">
      </trkpt>
      <trkpt lat="49.867602" lon="18.797927">
      </trkpt>
      <trkpt lat="49.868662" lon="18.794486">
      </trkpt>
      <trkpt lat="49.866377" lon="18.787923">
      </trkpt>
      <trkpt lat="49.874061" lon="18.784919">
      </trkpt>
      <trkpt lat="49.874183" lon="18.784846">
      </trkpt>
      <trkpt lat="49.874604" lon="18.784479">
      </trkpt>
      <trkpt lat="49.874941" lon="18.784064">
      </trkpt>
      <trkpt lat="49.875197" lon="18.783636">
      </trkpt>
      <trkpt lat="49.875425" lon="18.783035">
      </trkpt>
      <trkpt lat="49.875634" lon="18.782">
      </trkpt>
      <trkpt lat="49.875685" lon="18.781531">
      </trkpt>
      <trkpt lat="49.875698" lon="18.781089">
      </trkpt>
      <trkpt lat="49.875645" lon="18.779829">
      </trkpt>
      <trkpt lat="49.875685" lon="18.77908">
      </trkpt>
      <trkpt lat="49.877188" lon="18.775118">
      </trkpt>
      <trkpt lat="49.885667" lon="18.773178">
      </trkpt>
      <trkpt lat="49.887322" lon="18.773978">
      </trkpt>
      <trkpt lat="49.888936" lon="18.775344">
      </trkpt>
      <trkpt lat="49.892613" lon="18.77913">
      </trkpt>
      <trkpt lat="49.894787" lon="18.781145">
      </trkpt>
      <trkpt lat="49.897204" lon="18.789252">
      </trkpt>
      <trkpt lat="49.896711" lon="18.793215">
      </trkpt>
      <trkpt lat="49.896179" lon="18.794866">
      </trkpt>
      <trkpt lat="49.894147" lon="18.799588">
      </trkpt>
      <trkpt lat="49.894131" lon="18.800014">
      </trkpt>
      <trkpt lat="49.894724" lon="18.802715">
      </trkpt>
      <trkpt lat="49.894967" lon="18.804722">
      </trkpt>
      <trkpt lat="49.896289" lon="18.806052">
      </trkpt>
      <trkpt lat="49.896682" lon="18.806159">
      </trkpt>
      <trkpt lat="49.898566" lon="18.804657">
      </trkpt>
      <trkpt lat="49.89856" lon="18.804282">
      </trkpt>
      <trkpt lat="49.898323" lon="18.802685">
      </trkpt>
      <trkpt lat="49.898323" lon="18.802667">
      </trkpt>
      <trkpt lat="49.898322" lon="18.802402">
      </trkpt>
      <trkpt lat="49.898122" lon="18.800514">
      </trkpt>
      <trkpt lat="49.906663" lon="18.798223">
      </trkpt>
      <trkpt lat="49.90955" lon="18.800374">
      </trkpt>
      <trkpt lat="49.910038" lon="18.799718">
      </trkpt>
      <trkpt lat="49.910457" lon="18.798902">
      </trkpt>
      <trkpt lat="49.910793" lon="18.798028">
      </trkpt>
      <trkpt lat="49.910991" lon="18.797378">
      </trkpt>
      <trkpt lat="49.911069" lon="18.79671">
      </trkpt>
      <trkpt lat="49.911034" lon="18.7962">
      </trkpt>
      <trkpt lat="49.911054" lon="18.793707">
      </trkpt>
      <trkpt lat="49.911039" lon="18.793211">
      </trkpt>
      <trkpt lat="49.910984" lon="18.792869">
      </trkpt>
      <trkpt lat="49.910869" lon="18.792464">
      </trkpt>
      <trkpt lat="49.910051" lon="18.788692">
      </trkpt>
      <trkpt lat="49.910052" lon="18.788322">
      </trkpt>
      <trkpt lat="49.909967" lon="18.787803">
      </trkpt>
      <trkpt lat="49.909633" lon="18.784306">
      </trkpt>
      <trkpt lat="49.909672" lon="18.783498">
      </trkpt>
      <trkpt lat="49.909597" lon="18.780785">
      </trkpt>
      <trkpt lat="49.909553" lon="18.780181">
      </trkpt>
      <trkpt lat="49.909436" lon="18.77951">
      </trkpt>
      <trkpt lat="49.908869" lon="18.776878">
      </trkpt>
      <trkpt lat="49.908863" lon="18.774629">
      </trkpt>
      <trkpt lat="49.9173" lon="18.773333">
      </trkpt>
      <trkpt lat="49.917747" lon="18.773902">
      </trkpt>
      <trkpt lat="49.91871" lon="18.774908">
      </trkpt>
      <trkpt lat="49.920172" lon="18.778451">
      </trkpt>
      <trkpt lat="49.920171" lon="18.778823">
      </trkpt>
      <trkpt lat="49.922965" lon="18.782669">
      </trkpt>
      <trkpt lat="49.923664" lon="18.784153">
      </trkpt>
      <trkpt lat="49.925397" lon="18.787022">
      </trkpt>
      <trkpt lat="49.925489" lon="18.78723">
      </trkpt>
      <trkpt lat="49.926366" lon="18.789483">
      </trkpt>
      <trkpt lat="49.927243" lon="18.791736">
      </trkpt>
      <trkpt lat="49.928385" lon="18.794646">
      </trkpt>
      <trkpt lat="49.928919" lon="18.796529">
      </trkpt>
      <trkpt lat="49.931009" lon="18.803008">
      </trkpt>
      <trkpt lat="49.931473" lon="18.804271">
      </trkpt>
      <trkpt lat="49.931785" lon="18.805012">
      </trkpt>
      <trkpt lat="49.933768" lon="18.808807">
      </trkpt>
      <trkpt lat="49.935632" lon="18.812341">
      </trkpt>
      <trkpt lat="49.936342" lon="18.813341">
      </trkpt>
      <trkpt lat="49.939822" lon="18.819837">
      </trkpt>
      <trkpt lat="49.940408" lon="18.821613">
      </trkpt>
      <trkpt lat="49.943827" lon="18.820485">
      </trkpt>
      <trkpt lat="49.944066" lon="18.818779">
      </trkpt>
      <trkpt lat="49.943919" lon="18.818335">
      </trkpt>
      <trkpt lat="49.942401" lon="18.812216">
      </trkpt>
      <trkpt lat="49.936959" lon="18.807141">
      </trkpt>
      <trkpt lat="49.93498" lon="18.803353">
      </trkpt>
      <trkpt lat="49.939161" lon="18.79733">
      </trkpt>
      <trkpt lat="49.942258" lon="18.798006">
      </trkpt>
      <trkpt lat="49.945755" lon="18.797152">
      </trkpt>
      <trkpt lat="49.953814" lon="18.799884">
      </trkpt>
      <trkpt lat="49.954212" lon="18.802346">
      </trkpt>
      <trkpt lat="49.954609" lon="18.804807">
      </trkpt>
      <trkpt lat="49.95515" lon="18.808157">
      </trkpt>
      <trkpt lat="49.958704" lon="18.807583">
      </trkpt>
      <trkpt lat="49.958163" lon="18.804233">
      </trkpt>
      <trkpt lat="49.957766" lon="18.801772">
      </trkpt>
      <trkpt lat="49.957368" lon="18.799311">
      </trkpt>
      <trkpt lat="49.957237" lon="18.798761">
      </trkpt>
      <trkpt lat="49.957551" lon="18.794088">
      </trkpt>
      <trkpt lat="49.965142" lon="18.791251">
      </trkpt>
      <trkpt lat="49.966723" lon="18.792819">
      </trkpt>
      <trkpt lat="49.96706" lon="18.793123">
      </trkpt>
      <trkpt lat="49.97001" lon="18.796877">
      </trkpt>
      <trkpt lat="49.970753" lon="18.799606">
      </trkpt>
      <trkpt lat="49.97148" lon="18.80227">
      </trkpt>
      <trkpt lat="49.971625" lon="18.802847">
      </trkpt>
      <trkpt lat="49.972424" lon="18.806126">
      </trkpt>
      <trkpt lat="49.972316" lon="18.807515">
      </trkpt>
      <trkpt lat="49.971105" lon="18.810597">
      </trkpt>
      <trkpt lat="49.969892" lon="18.813685">
      </trkpt>
      <trkpt lat="49.968616" lon="18.816967">
      </trkpt>
      <trkpt lat="49.967339" lon="18.820248">
      </trkpt>
      <trkpt lat="49.970694" lon="18.821553">
      </trkpt>
      <trkpt lat="49.971971" lon="18.818272">
      </trkpt>
      <trkpt lat="49.973247" lon="18.81499">
      </trkpt>
      <trkpt lat="49.974456" lon="18.811913">
      </trkpt>
      <trkpt lat="49.982379" lon="18.813657">
      </trkpt>
      <trkpt lat="49.982928" lon="18.816607">
      </trkpt>
      <trkpt lat="49.983711" lon="18.820807">
      </trkpt>
      <trkpt lat="49.984189" lon="18.823384">
      </trkpt>
      <trkpt lat="49.984713" lon="18.82625">
      </trkpt>
      <trkpt lat="49.984696" lon="18.827587">
      </trkpt>
      <trkpt lat="49.982317" lon="18.832917">
      </trkpt>
      <trkpt lat="49.981469" lon="18.834309">
      </trkpt>
      <trkpt lat="49.981195" lon="18.834934">
      </trkpt>
      <trkpt lat="49.978397" lon="18.838739">
      </trkpt>
      <trkpt lat="49.978284" lon="18.840188">
      </trkpt>
      <trkpt lat="49.978534" lon="18.841178">
      </trkpt>
      <trkpt lat="49.979451" lon="18.842181">
      </trkpt>
      <trkpt lat="49.983235" lon="18.844704">
      </trkpt>
      <trkpt lat="49.986835" lon="18.844722">
      </trkpt>
      <trkpt lat="49.990363" lon="18.839814">
      </trkpt>
      <trkpt lat="49.990341" lon="18.839146">
      </trkpt>
      <trkpt lat="49.990312" lon="18.838764">
      </trkpt>
      <trkpt lat="49.990246" lon="18.838303">
      </trkpt>
      <trkpt lat="49.989831" lon="18.83659">
      </trkpt>
      <trkpt lat="49.989287" lon="18.831479">
      </trkpt>
      <trkpt lat="49.988335" lon="18.827378">
      </trkpt>
      <trkpt lat="49.992406" lon="18.819784">
      </trkpt>
      <trkpt lat="49.99984" lon="18.818727">
      </trkpt>
      <trkpt lat="50.006238" lon="18.816847">
      </trkpt>
      <trkpt lat="50.009632" lon="18.815647">
      </trkpt>
      <trkpt lat="50.013178" lon="18.812395">
      </trkpt>
      <trkpt lat="50.016691" lon="18.80837">
      </trkpt>
      <trkpt lat="50.024878" lon="18.810733">
      </trkpt>
      <trkpt lat="50.024386" lon="18.81349">
      </trkpt>
      <trkpt lat="50.023542" lon="18.81569">
      </trkpt>
      <trkpt lat="50.02356" lon="18.815887">
      </trkpt>
      <trkpt lat="50.023825" lon="18.817735">
      </trkpt>
      <trkpt lat="50.023895" lon="18.818309">
      </trkpt>
      <trkpt lat="50.024329" lon="18.820393">
      </trkpt>
      <trkpt lat="50.025193" lon="18.822911">
      </trkpt>
      <trkpt lat="50.026697" lon="18.830231">
      </trkpt>
      <trkpt lat="50.023621" lon="18.836041">
      </trkpt>
      <trkpt lat="50.022536" lon="18.838213">
      </trkpt>
      <trkpt lat="50.021451" lon="18.840385">
      </trkpt>
      <trkpt lat="50.020366" lon="18.842556">
      </trkpt>
      <trkpt lat="50.015275" lon="18.848807">
      </trkpt>
      <trkpt lat="50.014943" lon="18.849143">
      </trkpt>
      <trkpt lat="50.014572" lon="18.849633">
      </trkpt>
      <trkpt lat="50.014407" lon="18.849919">
      </trkpt>
      <trkpt lat="50.013539" lon="18.851673">
      </trkpt>
      <trkpt lat="50.013356" lon="18.85205">
      </trkpt>
      <trkpt lat="50.013252" lon="18.852383">
      </trkpt>
      <trkpt lat="50.013441" lon="18.852916">
      </trkpt>
      <trkpt lat="50.013603" lon="18.853369">
      </trkpt>
      <trkpt lat="50.016592" lon="18.853626">
      </trkpt>
      <trkpt lat="50.020957" lon="18.848798">
      </trkpt>
      <trkpt lat="50.021288" lon="18.84847">
      </trkpt>
      <trkpt lat="50.021579" lon="18.848094">
      </trkpt>
      <trkpt lat="50.022492" lon="18.846356">
      </trkpt>
      <trkpt lat="50.023587" lon="18.844165">
      </trkpt>
      <trkpt lat="50.03012" lon="18.837981">
      </trkpt>
      <trkpt lat="50.032415" lon="18.835207">
      </trkpt>
      <trkpt lat="50.032755" lon="18.82966">
      </trkpt>
      <trkpt lat="50.026954" lon="18.824381">
      </trkpt>
      <trkpt lat="50.027854" lon="18.819659">
      </trkpt>
      <trkpt lat="50.02793" lon="18.814122">
      </trkpt>
      <trkpt lat="50.028422" lon="18.811364">
      </trkpt>
      <trkpt lat="50.028682" lon="18.809906">
      </trkpt>
      <trkpt lat="50.036289" lon="18.806294">
      </trkpt>
      <trkpt lat="50.0382" lon="18.807635">
      </trkpt>
      <trkpt lat="50.039615" lon="18.807672">
      </trkpt>
      <trkpt lat="50.041166" lon="18.805594">
      </trkpt>
      <trkpt lat="50.04875" lon="18.808564">
      </trkpt>
      <trkpt lat="50.049442" lon="18.809279">
      </trkpt>
      <trkpt lat="50.049781" lon="18.809657">
      </trkpt>
      <trkpt lat="50.050923" lon="18.810146">
      </trkpt>
      <trkpt lat="50.051699" lon="18.808667">
      </trkpt>
      <trkpt lat="50.052742" lon="18.807039">
      </trkpt>
      <trkpt lat="50.058694" lon="18.800292">
      </trkpt>
      <trkpt lat="50.061948" lon="18.801831">
      </trkpt>
      <trkpt lat="50.063536" lon="18.801399">
      </trkpt>
      <trkpt lat="50.067343" lon="18.794011">
      </trkpt>
      <trkpt lat="50.069437" lon="18.792951">
      </trkpt>
      <trkpt lat="50.06987" lon="18.792754">
      </trkpt>
      <trkpt lat="50.07074" lon="18.792282">
      </trkpt>
      <trkpt lat="50.07287" lon="18.791244">
      </trkpt>
      <trkpt lat="50.078869" lon="18.791922">
      </trkpt>
      <trkpt lat="50.079613" lon="18.797545">
      </trkpt>
      <trkpt lat="50.079713" lon="18.798219">
      </trkpt>
      <trkpt lat="50.079416" lon="18.802636">
      </trkpt>
      <trkpt lat="50.079851" lon="18.807084">
      </trkpt>
      <trkpt lat="50.074475" lon="18.813791">
      </trkpt>
      <trkpt lat="50.071581" lon="18.814943">
      </trkpt>
      <trkpt lat="50.068688" lon="18.816095">
      </trkpt>
      <trkpt lat="50.066833" lon="18.816834">
      </trkpt>
      <trkpt lat="50.064978" lon="18.817573">
      </trkpt>
      <trkpt lat="50.06631" lon="18.820918">
      </trkpt>
      <trkpt lat="50.071804" lon="18.827539">
      </trkpt>
      <trkpt lat="50.074372" lon="18.832244">
      </trkpt>
      <trkpt lat="50.076512" lon="18.835139">
      </trkpt>
      <trkpt lat="50.079467" lon="18.843059">
      </trkpt>
      <trkpt lat="50.081003" lon="18.845283">
      </trkpt>
      <trkpt lat="50.085017" lon="18.848206">
      </trkpt>
      <trkpt lat="50.087507" lon="18.845606">
      </trkpt>
      <trkpt lat="50.085832" lon="18.843162">
      </trkpt>
      <trkpt lat="50.088429" lon="18.835982">
      </trkpt>
      <trkpt lat="50.096799" lon="18.835248">
      </trkpt>
      <trkpt lat="50.097834" lon="18.83825">
      </trkpt>
      <trkpt lat="50.101237" lon="18.837078">
      </trkpt>
      <trkpt lat="50.109744" lon="18.838769">
      </trkpt>
      <trkpt lat="50.109742" lon="18.840279">
      </trkpt>
      <trkpt lat="50.106554" lon="18.844549">
      </trkpt>
      <trkpt lat="50.105536" lon="18.852438">
      </trkpt>
      <trkpt lat="50.104702" lon="18.854333">
      </trkpt>
      <trkpt lat="50.105111" lon="18.856078">
      </trkpt>
      <trkpt lat="50.102841" lon="18.864528">
      </trkpt>
      <trkpt lat="50.102792" lon="18.864987">
      </trkpt>
      <trkpt lat="50.103243" lon="18.871724">
      </trkpt>
      <trkpt lat="50.103867" lon="18.873821">
      </trkpt>
      <trkpt lat="50.104108" lon="18.873996">
      </trkpt>
      <trkpt lat="50.10657" lon="18.873099">
      </trkpt>
      <trkpt lat="50.106589" lon="18.873053">
      </trkpt>
      <trkpt lat="50.107883" lon="18.86848">
      </trkpt>
      <trkpt lat="50.108638" lon="18.865294">
      </trkpt>
      <trkpt lat="50.109997" lon="18.862152">
      </trkpt>
      <trkpt lat="50.111264" lon="18.858782">
      </trkpt>
      <trkpt lat="50.111515" lon="18.855722">
      </trkpt>
      <trkpt lat="50.110374" lon="18.851089">
      </trkpt>
      <trkpt lat="50.114195" lon="18.844339">
      </trkpt>
      <trkpt lat="50.119515" lon="18.844783">
      </trkpt>
      <trkpt lat="50.121729" lon="18.846022">
      </trkpt>
      <trkpt lat="50.1235" lon="18.847828">
      </trkpt>
      <trkpt lat="50.126003" lon="18.850415">
      </trkpt>
      <trkpt lat="50.125891" lon="18.857675">
      </trkpt>
      <trkpt lat="50.125884" lon="18.859028">
      </trkpt>
      <trkpt lat="50.125929" lon="18.85954">
      </trkpt>
      <trkpt lat="50.126146" lon="18.860137">
      </trkpt>
      <trkpt lat="50.126482" lon="18.864119">
      </trkpt>
      <trkpt lat="50.126454" lon="18.864727">
      </trkpt>
      <trkpt lat="50.126474" lon="18.865256">
      </trkpt>
      <trkpt lat="50.126556" lon="18.865947">
      </trkpt>
      <trkpt lat="50.130733" lon="18.868168">
      </trkpt>
      <trkpt lat="50.133081" lon="18.86922">
      </trkpt>
      <trkpt lat="50.134321" lon="18.869694">
      </trkpt>
      <trkpt lat="50.134407" lon="18.869713">
      </trkpt>
      <trkpt lat="50.136484" lon="18.868221">
      </trkpt>
      <trkpt lat="50.144731" lon="18.865562">
      </trkpt>
      <trkpt lat="50.149473" lon="18.871762">
      </trkpt>
      <trkpt lat="50.150185" lon="18.872783">
      </trkpt>
      <trkpt lat="50.152579" lon="18.873976">
      </trkpt>
      <trkpt lat="50.154222" lon="18.874204">
      </trkpt>
      <trkpt lat="50.155424" lon="18.871916">
      </trkpt>
      <trkpt lat="50.155267" lon="18.871628">
      </trkpt>
      <trkpt lat="50.154505" lon="18.867581">
      </trkpt>
      <trkpt lat="50.157929" lon="18.861941">
      </trkpt>
      <trkpt lat="50.165402" lon="18.862746">
      </trkpt>
      <trkpt lat="50.166537" lon="18.866528">
      </trkpt>
      <trkpt lat="50.166413" lon="18.867632">
      </trkpt>
      <trkpt lat="50.166355" lon="18.868429">
      </trkpt>
      <trkpt lat="50.166253" lon="18.869166">
      </trkpt>
      <trkpt lat="50.168545" lon="18.876801">
      </trkpt>
      <trkpt lat="50.170706" lon="18.882199">
      </trkpt>
      <trkpt lat="50.170792" lon="18.882477">
      </trkpt>
      <trkpt lat="50.175654" lon="18.888611">
      </trkpt>
      <trkpt lat="50.179164" lon="18.887808">
      </trkpt>
      <trkpt lat="50.179113" lon="18.887589">
      </trkpt>
      <trkpt lat="50.1782" lon="18.882524">
      </trkpt>
      <trkpt lat="50.177921" lon="18.88049">
      </trkpt>
      <trkpt lat="50.182768" lon="18.87363">
      </trkpt>
      <trkpt lat="50.186258" lon="18.871834">
      </trkpt>
      <trkpt lat="50.187716" lon="18.87137">
      </trkpt>
      <trkpt lat="50.188761" lon="18.870503">
      </trkpt>
      <trkpt lat="50.188804" lon="18.87045">
      </trkpt>
      <trkpt lat="50.188986" lon="18.870116">
      </trkpt>
      <trkpt lat="50.187823" lon="18.867772">
      </trkpt>
      <trkpt lat="50.188298" lon="18.858905">
      </trkpt>
      <trkpt lat="50.189096" lon="18.857872">
      </trkpt>
      <trkpt lat="50.189238" lon="18.857669">
      </trkpt>
      <trkpt lat="50.18895" lon="18.856068">
      </trkpt>
      <trkpt lat="50.191134" lon="18.850925">
      </trkpt>
      <trkpt lat="50.196038" lon="18.84961">
      </trkpt>
      <trkpt lat="50.199366" lon="18.848239">
      </trkpt>
      <trkpt lat="50.203561" lon="18.855488">
      </trkpt>
      <trkpt lat="50.202522" lon="18.856959">
      </trkpt>
      <trkpt lat="50.205462" lon="18.859037">
      </trkpt>
      <trkpt lat="50.211617" lon="18.854466">
      </trkpt>
      <trkpt lat="50.211912" lon="18.854131">
      </trkpt>
      <trkpt lat="50.212285" lon="18.853526">
      </trkpt>
      <trkpt lat="50.214792" lon="18.848855">
      </trkpt>
      <trkpt lat="50.223165" lon="18.849425">
      </trkpt>
      <trkpt lat="50.223837" lon="18.850454">
      </trkpt>
      <trkpt lat="50.22622" lon="18.858106">
      </trkpt>
      <trkpt lat="50.226963" lon="18.860431">
      </trkpt>
      <trkpt lat="50.227024" lon="18.866565">
      </trkpt>
      <trkpt lat="50.227565" lon="18.868202">
      </trkpt>
      <trkpt lat="50.229509" lon="18.871416">
      </trkpt>
      <trkpt lat="50.234615" lon="18.876707">
      </trkpt>
      <trkpt lat="50.235968" lon="18.878122">
      </trkpt>
      <trkpt lat="50.23985" lon="18.882785">
      </trkpt>
      <trkpt lat="50.235781" lon="18.889098">
      </trkpt>
      <trkpt lat="50.234801" lon="18.892562">
      </trkpt>
      <trkpt lat="50.235649" lon="18.892801">
      </trkpt>
      <trkpt lat="50.239469" lon="18.899795">
      </trkpt>
      <trkpt lat="50.233735" lon="18.903825">
      </trkpt>
      <trkpt lat="50.23332" lon="18.905468">
      </trkpt>
      <trkpt lat="50.232559" lon="18.911774">
      </trkpt>
      <trkpt lat="50.232536" lon="18.913546">
      </trkpt>
      <trkpt lat="50.232595" lon="18.914513">
      </trkpt>
      <trkpt lat="50.232634" lon="18.914618">
      </trkpt>
      <trkpt lat="50.235431" lon="18.915292">
      </trkpt>
      <trkpt lat="50.238525" lon="18.923538">
      </trkpt>
      <trkpt lat="50.23431" lon="18.925969">
      </trkpt>
      <trkpt lat="50.234022" lon="18.926006">
      </trkpt>
      <trkpt lat="50.23188" lon="18.932046">
      </trkpt>
      <trkpt lat="50.228626" lon="18.933587">
      </trkpt>
      <trkpt lat="50.228788" lon="18.933929">
      </trkpt>
      <trkpt lat="50.229649" lon="18.935386">
      </trkpt>
      <trkpt lat="50.232673" lon="18.943783">
      </trkpt>
      <trkpt lat="50.232667" lon="18.944548">
      </trkpt>
      <trkpt lat="50.232659" lon="18.947814">
      </trkpt>
      <trkpt lat="50.232372" lon="18.950264">
      </trkpt>
      <trkpt lat="50.232243" lon="18.951287">
      </trkpt>
      <trkpt lat="50.234004" lon="18.956452">
      </trkpt>
      <trkpt lat="50.236796" lon="18.960228">
      </trkpt>
      <trkpt lat="50.239125" lon="18.968662">
      </trkpt>
      <trkpt lat="50.238413" lon="18.973867">
      </trkpt>
      <trkpt lat="50.23512" lon="18.977615">
      </trkpt>
      <trkpt lat="50.233809" lon="18.979418">
      </trkpt>
      <trkpt lat="50.23381" lon="18.979441">
      </trkpt>
      <trkpt lat="50.233928" lon="18.980731">
      </trkpt>
      <trkpt lat="50.233976" lon="18.981025">
      </trkpt>
      <trkpt lat="50.234024" lon="18.981229">
      </trkpt>
      <trkpt lat="50.234449" lon="18.982781">
      </trkpt>
      <trkpt lat="50.233245" lon="18.990559">
      </trkpt>
      <trkpt lat="50.229147" lon="18.995334">
      </trkpt>
      <trkpt lat="50.229094" lon="18.995597">
      </trkpt>
      <trkpt lat="50.229095" lon="18.995676">
      </trkpt>
      <trkpt lat="50.231247" lon="18.999314">
      </trkpt>
      <trkpt lat="50.232514" lon="19.001124">
      </trkpt>
      <trkpt lat="50.232959" lon="19.00149">
      </trkpt>
      <trkpt lat="50.232967" lon="19.001497">
      </trkpt>
      <trkpt lat="50.233563" lon="19.001992">
      </trkpt>
      <trkpt lat="50.234507" lon="19.002026">
      </trkpt>
      <trkpt lat="50.238357" lon="19.001626">
      </trkpt>
      <trkpt lat="50.245596" lon="19.005701">
      </trkpt>
      <trkpt lat="50.242223" lon="19.009796">
      </trkpt>
      <trkpt lat="50.23913" lon="19.012284">
      </trkpt>
      <trkpt lat="50.238638" lon="19.013039">
      </trkpt>
      <trkpt lat="50.235836" lon="19.019154">
      </trkpt>
      <trkpt lat="50.2352" lon="19.024441">
      </trkpt>
      <trkpt lat="50.234721" lon="19.028009">
      </trkpt>
      <trkpt lat="50.23527" lon="19.028083">
      </trkpt>
      <trkpt lat="50.241244" lon="19.032849">
      </trkpt>
      <trkpt lat="50.2417" lon="19.034568">
      </trkpt>
      <trkpt lat="50.241902" lon="19.035956">
      </trkpt>
      <trkpt lat="50.24224" lon="19.039893">
      </trkpt>
      <trkpt lat="50.24169" lon="19.042737">
      </trkpt>
      <trkpt lat="50.240451" lon="19.047453">
      </trkpt>
      <trkpt lat="50.236065" lon="19.050587">
      </trkpt>
      <trkpt lat="50.235488" lon="19.05076">
      </trkpt>
      <trkpt lat="50.230547" lon="19.053853">
      </trkpt>
      <trkpt lat="50.229784" lon="19.054433">
      </trkpt>
      <trkpt lat="50.229901" lon="19.054705">
      </trkpt>
      <trkpt lat="50.23029" lon="19.055353">
      </trkpt>
      <trkpt lat="50.230493" lon="19.063903">
      </trkpt>
      <trkpt lat="50.230046" lon="19.064695">
      </trkpt>
      <trkpt lat="50.229699" lon="19.065361">
      </trkpt>
      <trkpt lat="50.229395" lon="19.066019">
      </trkpt>
      <trkpt lat="50.229072" lon="19.066822">
      </trkpt>
      <trkpt lat="50.228273" lon="19.069173">
      </trkpt>
      <trkpt lat="50.226937" lon="19.073406">
      </trkpt>
      <trkpt lat="50.225524" lon="19.077883">
      </trkpt>
      <trkpt lat="50.224538" lon="19.081037">
      </trkpt>
      <trkpt lat="50.223948" lon="19.082916">
      </trkpt>
      <trkpt lat="50.223237" lon="19.085185">
      </trkpt>
      <trkpt lat="50.2223" lon="19.088139">
      </trkpt>
      <trkpt lat="50.221364" lon="19.091093">
      </trkpt>
      <trkpt lat="50.220427" lon="19.094046">
      </trkpt>
      <trkpt lat="50.219478" lon="19.097041">
      </trkpt>
      <trkpt lat="50.218844" lon="19.099221">
      </trkpt>
      <trkpt lat="50.218404" lon="19.10098">
      </trkpt>
      <trkpt lat="50.218186" lon="19.101945">
      </trkpt>
      <trkpt lat="50.217913" lon="19.103336">
      </trkpt>
      <trkpt lat="50.217718" lon="19.104479">
      </trkpt>
      <trkpt lat="50.217467" lon="19.10618">
      </trkpt>
      <trkpt lat="50.217277" lon="19.107731">
      </trkpt>
      <trkpt lat="50.216963" lon="19.110533">
      </trkpt>
      <trkpt lat="50.216183" lon="19.117468">
      </trkpt>
      <trkpt lat="50.215332" lon="19.123618">
      </trkpt>
      <trkpt lat="50.215185" lon="19.124605">
      </trkpt>
      <trkpt lat="50.218735" lon="19.125203">
      </trkpt>
      <trkpt lat="50.218969" lon="19.123814">
      </trkpt>
      <trkpt lat="50.219194" lon="19.12237">
      </trkpt>
      <trkpt lat="50.219357" lon="19.121188">
      </trkpt>
      <trkpt lat="50.219756" lon="19.117901">
      </trkpt>
      <trkpt lat="50.220541" lon="19.110934">
      </trkpt>
      <trkpt lat="50.220854" lon="19.108131">
      </trkpt>
      <trkpt lat="50.22104" lon="19.106619">
      </trkpt>
      <trkpt lat="50.222934" lon="19.098047">
      </trkpt>
      <trkpt lat="50.223859" lon="19.095135">
      </trkpt>
      <trkpt lat="50.224795" lon="19.092181">
      </trkpt>
      <trkpt lat="50.225732" lon="19.089227">
      </trkpt>
      <trkpt lat="50.226669" lon="19.086274">
      </trkpt>
      <trkpt lat="50.227382" lon="19.083995">
      </trkpt>
      <trkpt lat="50.227973" lon="19.082116">
      </trkpt>
      <trkpt lat="50.22896" lon="19.078958">
      </trkpt>
      <trkpt lat="50.23037" lon="19.074489">
      </trkpt>
      <trkpt lat="50.231706" lon="19.070257">
      </trkpt>
      <trkpt lat="50.23248" lon="19.06798">
      </trkpt>
      <trkpt lat="50.237106" lon="19.062344">
      </trkpt>
      <trkpt lat="50.23803" lon="19.061686">
      </trkpt>
      <trkpt lat="50.23857" lon="19.061266">
      </trkpt>
      <trkpt lat="50.239273" lon="19.060619">
      </trkpt>
      <trkpt lat="50.239845" lon="19.059993">
      </trkpt>
      <trkpt lat="50.240305" lon="19.059419">
      </trkpt>
      <trkpt lat="50.240837" lon="19.058657">
      </trkpt>
      <trkpt lat="50.241259" lon="19.057969">
      </trkpt>
      <trkpt lat="50.247254" lon="19.052701">
      </trkpt>
      <trkpt lat="50.250945" lon="19.051589">
      </trkpt>
      <trkpt lat="50.25615" lon="19.050146">
      </trkpt>
      <trkpt lat="50.25669" lon="19.046587">
      </trkpt>
      <trkpt lat="50.250452" lon="19.040316">
      </trkpt>
      <trkpt lat="50.253081" lon="19.033634">
      </trkpt>
      <trkpt lat="50.255093" lon="19.032524">
      </trkpt>
      <trkpt lat="50.255686" lon="19.032292">
      </trkpt>
      <trkpt lat="50.257308" lon="19.031201">
      </trkpt>
      <trkpt lat="50.257332" lon="19.031017">
      </trkpt>
      <trkpt lat="50.257342" lon="19.030918">
      </trkpt>
      <trkpt lat="50.257348" lon="19.030848">
      </trkpt>
      <trkpt lat="50.257535" lon="19.028458">
      </trkpt>
      <trkpt lat="50.257592" lon="19.02781">
      </trkpt>
      <trkpt lat="50.256955" lon="19.026167">
      </trkpt>
      <trkpt lat="50.256711" lon="19.025419">
      </trkpt>
      <trkpt lat="50.255871" lon="19.024158">
      </trkpt>
      <trkpt lat="50.257279" lon="19.015676">
      </trkpt>
      <trkpt lat="50.258529" lon="19.014814">
      </trkpt>
      <trkpt lat="50.258657" lon="19.014513">
      </trkpt>
      <trkpt lat="50.258826" lon="19.012575">
      </trkpt>
      <trkpt lat="50.258851" lon="19.012292">
      </trkpt>
      <trkpt lat="50.257715" lon="19.00591">
      </trkpt>
      <trkpt lat="50.257006" lon="19.004788">
      </trkpt>
      <trkpt lat="50.258495" lon="18.997398">
      </trkpt>
      <trkpt lat="50.262933" lon="18.997677">
      </trkpt>
      <trkpt lat="50.266987" lon="18.996212">
      </trkpt>
      <trkpt lat="50.267127" lon="18.99617">
      </trkpt>
      <trkpt lat="50.267978" lon="18.995563">
      </trkpt>
      <trkpt lat="50.271293" lon="18.991499">
      </trkpt>
      <trkpt lat="50.271347" lon="18.991187">
      </trkpt>
      <trkpt lat="50.271351" lon="18.991161">
      </trkpt>
      <trkpt lat="50.271356" lon="18.99113">
      </trkpt>
      <trkpt lat="50.270906" lon="18.986303">
      </trkpt>
      <trkpt lat="50.268557" lon="18.978792">
      </trkpt>
      <trkpt lat="50.273659" lon="18.974327">
      </trkpt>
      <trkpt lat="50.274146" lon="18.972536">
      </trkpt>
      <trkpt lat="50.275463" lon="18.964949">
      </trkpt>
      <trkpt lat="50.275611" lon="18.963938">
      </trkpt>
      <trkpt lat="50.282533" lon="18.958236">
      </trkpt>
      <trkpt lat="50.282791" lon="18.958224">
      </trkpt>
      <trkpt lat="50.282924" lon="18.95819">
      </trkpt>
      <trkpt lat="50.284004" lon="18.957404">
      </trkpt>
      <trkpt lat="50.28724" lon="18.952109">
      </trkpt>
      <trkpt lat="50.292801" lon="18.949419">
      </trkpt>
      <trkpt lat="50.292807" lon="18.94941">
      </trkpt>
      <trkpt lat="50.292998" lon="18.946784">
      </trkpt>
      <trkpt lat="50.294962" lon="18.938928">
      </trkpt>
      <trkpt lat="50.294966" lon="18.938879">
      </trkpt>
      <trkpt lat="50.293751" lon="18.935491">
      </trkpt>
      <trkpt lat="50.294152" lon="18.929538">
      </trkpt>
      <trkpt lat="50.302849" lon="18.929206">
      </trkpt>
      <trkpt lat="50.302882" lon="18.929221">
      </trkpt>
      <trkpt lat="50.302991" lon="18.929192">
      </trkpt>
      <trkpt lat="50.305356" lon="18.928076">
      </trkpt>
      <trkpt lat="50.308413" lon="18.924693">
      </trkpt>
      <trkpt lat="50.310718" lon="18.921927">
      </trkpt>
      <trkpt lat="50.310487" lon="18.921312">
      </trkpt>
      <trkpt lat="50.311403" lon="18.912476">
      </trkpt>
      <trkpt lat="50.309626" lon="18.906094">
      </trkpt>
      <trkpt lat="50.310387" lon="18.899202">
      </trkpt>
      <trkpt lat="50.311004" lon="18.894028">
      </trkpt>
      <trkpt lat="50.317019" lon="18.889906">
      </trkpt>
      <trkpt lat="50.318223" lon="18.888932">
      </trkpt>
      <trkpt lat="50.318554" lon="18.887487">
      </trkpt>
      <trkpt lat="50.318572" lon="18.887377">
      </trkpt>
      <trkpt lat="50.318199" lon="18.886505">
      </trkpt>
      <trkpt lat="50.31607" lon="18.881916">
      </trkpt>
      <trkpt lat="50.315404" lon="18.880787">
      </trkpt>
      <trkpt lat="50.315298" lon="18.880681">
      </trkpt>
      <trkpt lat="50.311078" lon="18.878368">
      </trkpt>
      <trkpt lat="50.308511" lon="18.875824">
      </trkpt>
      <trkpt lat="50.308673" lon="18.867856">
      </trkpt>
      <trkpt lat="50.308874" lon="18.867482">
      </trkpt>
      <trkpt lat="50.312164" lon="18.861094">
      </trkpt>
      <trkpt lat="50.31684" lon="18.857934">
      </trkpt>
      <trkpt lat="50.316898" lon="18.857837">
      </trkpt>
      <trkpt lat="50.316934" lon="18.857764">
      </trkpt>
      <trkpt lat="50.317132" lon="18.857149">
      </trkpt>
      <trkpt lat="50.317142" lon="18.85707">
      </trkpt>
      <trkpt lat="50.316135" lon="18.855372">
      </trkpt>
      <trkpt lat="50.317805" lon="18.847044">
      </trkpt>
      <trkpt lat="50.318248" lon="18.846007">
      </trkpt>
      <trkpt lat="50.318255" lon="18.845872">
      </trkpt>
      <trkpt lat="50.317425" lon="18.841621">
      </trkpt>
      <trkpt lat="50.317236" lon="18.8409">
      </trkpt>
      <trkpt lat="50.31713" lon="18.840555">
      </trkpt>
      <trkpt lat="50.316752" lon="18.840118">
      </trkpt>
      <trkpt lat="50.316257" lon="18.840152">
      </trkpt>
      <trkpt lat="50.315616" lon="18.840231">
      </trkpt>
      <trkpt lat="50.31402" lon="18.840452">
      </trkpt>
      <trkpt lat="50.311236" lon="18.832204">
      </trkpt>
      <trkpt lat="50.310687" lon="18.832">
      </trkpt>
      <trkpt lat="50.310327" lon="18.831878">
      </trkpt>
      <trkpt lat="50.309937" lon="18.831758">
      </trkpt>
      <trkpt lat="50.306264" lon="18.828964">
      </trkpt>
      <trkpt lat="50.304634" lon="18.823665">
      </trkpt>
      <trkpt lat="50.310091" lon="18.820043">
      </trkpt>
      <trkpt lat="50.31725" lon="18.822746">
      </trkpt>
      <trkpt lat="50.319817" lon="18.826167">
      </trkpt>
      <trkpt lat="50.319865" lon="18.826243">
      </trkpt>
      <trkpt lat="50.322563" lon="18.826545">
      </trkpt>
      <trkpt lat="50.322718" lon="18.826359">
      </trkpt>
      <trkpt lat="50.331511" lon="18.826263">
      </trkpt>
      <trkpt lat="50.332774" lon="18.828599">
      </trkpt>
      <trkpt lat="50.335941" lon="18.826886">
      </trkpt>
      <trkpt lat="50.334678" lon="18.824551">
      </trkpt>
      <trkpt lat="50.334328" lon="18.823819">
      </trkpt>
      <trkpt lat="50.333984" lon="18.822938">
      </trkpt>
      <trkpt lat="50.333725" lon="18.822067">
      </trkpt>
      <trkpt lat="50.332964" lon="18.819018">
      </trkpt>
      <trkpt lat="50.332526" lon="18.817271">
      </trkpt>
      <trkpt lat="50.332279" lon="18.816194">
      </trkpt>
      <trkpt lat="50.331716" lon="18.813079">
      </trkpt>
      <trkpt lat="50.331136" lon="18.809881">
      </trkpt>
      <trkpt lat="50.330556" lon="18.806684">
      </trkpt>
      <trkpt lat="50.331224" lon="18.800002">
      </trkpt>
      <trkpt lat="50.3312" lon="18.799138">
      </trkpt>
      <trkpt lat="50.334168" lon="18.792242">
      </trkpt>
      <trkpt lat="50.339002" lon="18.790874">
      </trkpt>
      <trkpt lat="50.342494" lon="18.791748">
      </trkpt>
      <trkpt lat="50.350846" lon="18.794793">
      </trkpt>
      <trkpt lat="50.35036" lon="18.797299">
      </trkpt>
      <trkpt lat="50.350121" lon="18.798517">
      </trkpt>
      <trkpt lat="50.354706" lon="18.803965">
      </trkpt>
      <trkpt lat="50.356071" lon="18.8095">
      </trkpt>
      <trkpt lat="50.35616" lon="18.810276">
      </trkpt>
      <trkpt lat="50.354338" lon="18.818772">
      </trkpt>
      <trkpt lat="50.354022" lon="18.819348">
      </trkpt>
      <trkpt lat="50.354139" lon="18.82047">
      </trkpt>
      <trkpt lat="50.357397" lon="18.828213">
      </trkpt>
      <trkpt lat="50.357572" lon="18.831123">
      </trkpt>
      <trkpt lat="50.356978" lon="18.83445">
      </trkpt>
      <trkpt lat="50.356927" lon="18.834931">
      </trkpt>
      <trkpt lat="50.35835" lon="18.838235">
      </trkpt>
      <trkpt lat="50.361601" lon="18.837706">
      </trkpt>
      <trkpt lat="50.361888" lon="18.837567">
      </trkpt>
      <trkpt lat="50.363349" lon="18.834559">
      </trkpt>
      <trkpt lat="50.361552" lon="18.828725">
      </trkpt>
      <trkpt lat="50.362571" lon="18.825563">
      </trkpt>
      <trkpt lat="50.362587" lon="18.817475">
      </trkpt>
      <trkpt lat="50.36371" lon="18.81448">
      </trkpt>
      <trkpt lat="50.364156" lon="18.813234">
      </trkpt>
      <trkpt lat="50.364474" lon="18.812269">
      </trkpt>
      <trkpt lat="50.364765" lon="18.811206">
      </trkpt>
      <trkpt lat="50.364917" lon="18.810408">
      </trkpt>
      <trkpt lat="50.366528" lon="18.807536">
      </trkpt>
      <trkpt lat="50.374227" lon="18.810533">
      </trkpt>
      <trkpt lat="50.37458" lon="18.810982">
      </trkpt>
      <trkpt lat="50.380283" lon="18.817157">
      </trkpt>
      <trkpt lat="50.382688" lon="18.823451">
      </trkpt>
      <trkpt lat="50.382713" lon="18.824404">
      </trkpt>
      <trkpt lat="50.382777" lon="18.82546">
      </trkpt>
      <trkpt lat="50.38285" lon="18.826234">
      </trkpt>
      <trkpt lat="50.382945" lon="18.827038">
      </trkpt>
      <trkpt lat="50.38316" lon="18.828415">
      </trkpt>
      <trkpt lat="50.383383" lon="18.829539">
      </trkpt>
      <trkpt lat="50.383574" lon="18.830373">
      </trkpt>
      <trkpt lat="50.384535" lon="18.834057">
      </trkpt>
      <trkpt lat="50.385053" lon="18.836082">
      </trkpt>
      <trkpt lat="50.385327" lon="18.837381">
      </trkpt>
      <trkpt lat="50.385519" lon="18.838585">
      </trkpt>
      <trkpt lat="50.385582" lon="18.839071">
      </trkpt>
      <trkpt lat="50.385695" lon="18.840344">
      </trkpt>
      <trkpt lat="50.385741" lon="18.8425">
      </trkpt>
      <trkpt lat="50.385718" lon="18.843285">
      </trkpt>
      <trkpt lat="50.385604" lon="18.844788">
      </trkpt>
      <trkpt lat="50.38553" lon="18.845475">
      </trkpt>
      <trkpt lat="50.385438" lon="18.846125">
      </trkpt>
      <trkpt lat="50.385217" lon="18.847321">
      </trkpt>
      <trkpt lat="50.385038" lon="18.848102">
      </trkpt>
      <trkpt lat="50.384817" lon="18.848964">
      </trkpt>
      <trkpt lat="50.384555" lon="18.849829">
      </trkpt>
      <trkpt lat="50.3835" lon="18.852776">
      </trkpt>
      <trkpt lat="50.382445" lon="18.855723">
      </trkpt>
      <trkpt lat="50.381389" lon="18.85867">
      </trkpt>
      <trkpt lat="50.379873" lon="18.862886">
      </trkpt>
      <trkpt lat="50.379014" lon="18.865244">
      </trkpt>
      <trkpt lat="50.378564" lon="18.866424">
      </trkpt>
      <trkpt lat="50.378254" lon="18.867219">
      </trkpt>
      <trkpt lat="50.377121" lon="18.869984">
      </trkpt>
      <trkpt lat="50.375788" lon="18.872879">
      </trkpt>
      <trkpt lat="50.370651" lon="18.876415">
      </trkpt>
      <trkpt lat="50.367259" lon="18.878226">
      </trkpt>
      <trkpt lat="50.36704" lon="18.880062">
      </trkpt>
      <trkpt lat="50.36604" lon="18.886151">
      </trkpt>
      <trkpt lat="50.36563" lon="18.888045">
      </trkpt>
      <trkpt lat="50.365703" lon="18.895729">
      </trkpt>
      <trkpt lat="50.364289" lon="18.898052">
      </trkpt>
      <trkpt lat="50.364055" lon="18.899551">
      </trkpt>
      <trkpt lat="50.364081" lon="18.899618">
      </trkpt>
      <trkpt lat="50.364362" lon="18.900112">
      </trkpt>
      <trkpt lat="50.36694" lon="18.901167">
      </trkpt>
      <trkpt lat="50.36864" lon="18.908419">
      </trkpt>
      <trkpt lat="50.3685" lon="18.908972">
      </trkpt>
      <trkpt lat="50.368075" lon="18.910734">
      </trkpt>
      <trkpt lat="50.367744" lon="18.912438">
      </trkpt>
      <trkpt lat="50.367423" lon="18.914652">
      </trkpt>
      <trkpt lat="50.367254" lon="18.916313">
      </trkpt>
      <trkpt lat="50.367173" lon="18.917512">
      </trkpt>
      <trkpt lat="50.367117" lon="18.918571">
      </trkpt>
      <trkpt lat="50.367047" lon="18.920901">
      </trkpt>
      <trkpt lat="50.366989" lon="18.923059">
      </trkpt>
      <trkpt lat="50.366931" lon="18.925213">
      </trkpt>
      <trkpt lat="50.360243" lon="18.929122">
      </trkpt>
      <trkpt lat="50.359536" lon="18.92909">
      </trkpt>
      <trkpt lat="50.355587" lon="18.931313">
      </trkpt>
      <trkpt lat="50.354983" lon="18.931973">
      </trkpt>
      <trkpt lat="50.348187" lon="18.937597">
      </trkpt>
      <trkpt lat="50.346981" lon="18.938908">
      </trkpt>
      <trkpt lat="50.346947" lon="18.939305">
      </trkpt>
      <trkpt lat="50.347839" lon="18.94118">
      </trkpt>
      <trkpt lat="50.348566" lon="18.941251">
      </trkpt>
      <trkpt lat="50.351974" lon="18.941581">
      </trkpt>
      <trkpt lat="50.357761" lon="18.943002">
      </trkpt>
      <trkpt lat="50.362137" lon="18.947804">
      </trkpt>
      <trkpt lat="50.363552" lon="18.950061">
      </trkpt>
      <trkpt lat="50.367328" lon="18.95624">
      </trkpt>
      <trkpt lat="50.367895" lon="18.958053">
      </trkpt>
      <trkpt lat="50.368353" lon="18.959242">
      </trkpt>
      <trkpt lat="50.368656" lon="18.959939">
      </trkpt>
      <trkpt lat="50.369058" lon="18.960775">
      </trkpt>
      <trkpt lat="50.369686" lon="18.961921">
      </trkpt>
      <trkpt lat="50.37018" lon="18.962713">
      </trkpt>
      <trkpt lat="50.370831" lon="18.963629">
      </trkpt>
      <trkpt lat="50.371548" lon="18.964538">
      </trkpt>
      <trkpt lat="50.374277" lon="18.967658">
      </trkpt>
      <trkpt lat="50.376399" lon="18.970058">
      </trkpt>
      <trkpt lat="50.378521" lon="18.972458">
      </trkpt>
      <trkpt lat="50.380643" lon="18.974858">
      </trkpt>
      <trkpt lat="50.38275" lon="18.97724">
      </trkpt>
      <trkpt lat="50.387825" lon="18.9844">
      </trkpt>
      <trkpt lat="50.388279" lon="18.985252">
      </trkpt>
      <trkpt lat="50.389169" lon="18.987026">
      </trkpt>
      <trkpt lat="50.390612" lon="18.990015">
      </trkpt>
      <trkpt lat="50.392055" lon="18.993004">
      </trkpt>
      <trkpt lat="50.393265" lon="18.995512">
      </trkpt>
      <trkpt lat="50.394476" lon="18.99802">
      </trkpt>
      <trkpt lat="50.397718" lon="18.996455">
      </trkpt>
      <trkpt lat="50.396507" lon="18.993947">
      </trkpt>
      <trkpt lat="50.395297" lon="18.991439">
      </trkpt>
      <trkpt lat="50.393854" lon="18.98845">
      </trkpt>
      <trkpt lat="50.392411" lon="18.985461">
      </trkpt>
      <trkpt lat="50.391497" lon="18.983638">
      </trkpt>
      <trkpt lat="50.391001" lon="18.982706">
      </trkpt>
      <trkpt lat="50.390208" lon="18.98131">
      </trkpt>
      <trkpt lat="50.389582" lon="18.980288">
      </trkpt>
      <trkpt lat="50.389163" lon="18.979641">
      </trkpt>
      <trkpt lat="50.388554" lon="18.978748">
      </trkpt>
      <trkpt lat="50.38785" lon="18.977776">
      </trkpt>
      <trkpt lat="50.387009" lon="18.976695">
      </trkpt>
      <trkpt lat="50.386482" lon="18.976057">
      </trkpt>
      <trkpt lat="50.385476" lon="18.97489">
      </trkpt>
      <trkpt lat="50.38334" lon="18.972473">
      </trkpt>
      <trkpt lat="50.381218" lon="18.970073">
      </trkpt>
      <trkpt lat="50.379096" lon="18.967673">
      </trkpt>
      <trkpt lat="50.376974" lon="18.965274">
      </trkpt>
      <trkpt lat="50.374273" lon="18.962185">
      </trkpt>
      <trkpt lat="50.373028" lon="18.956578">
      </trkpt>
      <trkpt lat="50.373035" lon="18.955914">
      </trkpt>
      <trkpt lat="50.373035" lon="18.955912">
      </trkpt>
      <trkpt lat="50.373035" lon="18.955889">
      </trkpt>
      <trkpt lat="50.372963" lon="18.955146">
      </trkpt>
      <trkpt lat="50.372873" lon="18.953675">
      </trkpt>
      <trkpt lat="50.372751" lon="18.952115">
      </trkpt>
      <trkpt lat="50.374413" lon="18.944595">
      </trkpt>
      <trkpt lat="50.374408" lon="18.944284">
      </trkpt>
      <trkpt lat="50.373838" lon="18.943106">
      </trkpt>
      <trkpt lat="50.372999" lon="18.942219">
      </trkpt>
      <trkpt lat="50.374605" lon="18.934041">
      </trkpt>
      <trkpt lat="50.374807" lon="18.932942">
      </trkpt>
      <trkpt lat="50.373887" lon="18.930365">
      </trkpt>
      <trkpt lat="50.370588" lon="18.923155">
      </trkpt>
      <trkpt lat="50.370645" lon="18.920998">
      </trkpt>
      <trkpt lat="50.370716" lon="18.91868">
      </trkpt>
      <trkpt lat="50.370768" lon="18.917701">
      </trkpt>
      <trkpt lat="50.370845" lon="18.916557">
      </trkpt>
      <trkpt lat="50.371004" lon="18.915019">
      </trkpt>
      <trkpt lat="50.371303" lon="18.91298">
      </trkpt>
      <trkpt lat="50.371608" lon="18.911422">
      </trkpt>
      <trkpt lat="50.371998" lon="18.90982">
      </trkpt>
      <trkpt lat="50.372129" lon="18.909303">
      </trkpt>
      <trkpt lat="50.375808" lon="18.901231">
      </trkpt>
      <trkpt lat="50.376264" lon="18.900602">
      </trkpt>
      <trkpt lat="50.376634" lon="18.89975">
      </trkpt>
      <trkpt lat="50.376799" lon="18.89897">
      </trkpt>
      <trkpt lat="50.376856" lon="18.898126">
      </trkpt>
      <trkpt lat="50.382652" lon="18.89146">
      </trkpt>
      <trkpt lat="50.384652" lon="18.889772">
      </trkpt>
      <trkpt lat="50.385917" lon="18.883343">
      </trkpt>
      <trkpt lat="50.385918" lon="18.883323">
      </trkpt>
      <trkpt lat="50.385439" lon="18.882171">
      </trkpt>
      <trkpt lat="50.385431" lon="18.882156">
      </trkpt>
      <trkpt lat="50.385306" lon="18.882075">
      </trkpt>
      <trkpt lat="50.380317" lon="18.876272">
      </trkpt>
      <trkpt lat="50.380766" lon="18.873565">
      </trkpt>
      <trkpt lat="50.381756" lon="18.870839">
      </trkpt>
      <trkpt lat="50.383256" lon="18.864118">
      </trkpt>
      <trkpt lat="50.384779" lon="18.859883">
      </trkpt>
      <trkpt lat="50.385834" lon="18.856937">
      </trkpt>
      <trkpt lat="50.386889" lon="18.85399">
      </trkpt>
      <trkpt lat="50.387944" lon="18.851043">
      </trkpt>
      <trkpt lat="50.38826" lon="18.850013">
      </trkpt>
      <trkpt lat="50.388523" lon="18.849006">
      </trkpt>
      <trkpt lat="50.388726" lon="18.848128">
      </trkpt>
      <trkpt lat="50.388977" lon="18.846781">
      </trkpt>
      <trkpt lat="50.389093" lon="18.845988">
      </trkpt>
      <trkpt lat="50.389182" lon="18.845181">
      </trkpt>
      <trkpt lat="50.389308" lon="18.84356">
      </trkpt>
      <trkpt lat="50.389339" lon="18.842612">
      </trkpt>
      <trkpt lat="50.389294" lon="18.840271">
      </trkpt>
      <trkpt lat="50.389165" lon="18.838721">
      </trkpt>
      <trkpt lat="50.38909" lon="18.838128">
      </trkpt>
      <trkpt lat="50.388882" lon="18.836816">
      </trkpt>
      <trkpt lat="50.388577" lon="18.835346">
      </trkpt>
      <trkpt lat="50.388023" lon="18.833167">
      </trkpt>
      <trkpt lat="50.387057" lon="18.829464">
      </trkpt>
      <trkpt lat="50.390434" lon="18.82182">
      </trkpt>
      <trkpt lat="50.390676" lon="18.821615">
      </trkpt>
      <trkpt lat="50.39585" lon="18.817015">
      </trkpt>
      <trkpt lat="50.398792" lon="18.816169">
      </trkpt>
      <trkpt lat="50.406496" lon="18.813113">
      </trkpt>
      <trkpt lat="50.406607" lon="18.812868">
      </trkpt>
      <trkpt lat="50.406484" lon="18.81113">
      </trkpt>
      <trkpt lat="50.40633" lon="18.810951">
      </trkpt>
      <trkpt lat="50.401539" lon="18.80537">
      </trkpt>
      <trkpt lat="50.404504" lon="18.798005">
      </trkpt>
      <trkpt lat="50.404798" lon="18.797738">
      </trkpt>
      <trkpt lat="50.405137" lon="18.797387">
      </trkpt>
      <trkpt lat="50.405476" lon="18.796984">
      </trkpt>
      <trkpt lat="50.407601" lon="18.794371">
      </trkpt>
      <trkpt lat="50.412432" lon="18.790981">
      </trkpt>
      <trkpt lat="50.415373" lon="18.790022">
      </trkpt>
      <trkpt lat="50.415935" lon="18.789841">
      </trkpt>
      <trkpt lat="50.414831" lon="18.786415">
      </trkpt>
      <trkpt lat="50.414269" lon="18.786596">
      </trkpt>
      <trkpt lat="50.411316" lon="18.787558">
      </trkpt>
      <trkpt lat="50.408369" lon="18.788518">
      </trkpt>
      <trkpt lat="50.407706" lon="18.78884">
      </trkpt>
      <trkpt lat="50.407148" lon="18.789264">
      </trkpt>
      <trkpt lat="50.401565" lon="18.791606">
      </trkpt>
      <trkpt lat="50.39799" lon="18.791187">
      </trkpt>
      <trkpt lat="50.392542" lon="18.788685">
      </trkpt>
      <trkpt lat="50.384252" lon="18.786603">
      </trkpt>
      <trkpt lat="50.38367" lon="18.785046">
      </trkpt>
      <trkpt lat="50.382839" lon="18.783446">
      </trkpt>
      <trkpt lat="50.38288" lon="18.775151">
      </trkpt>
      <trkpt lat="50.383049" lon="18.771989">
      </trkpt>
      <trkpt lat="50.383247" lon="18.771056">
      </trkpt>
      <trkpt lat="50.385953" lon="18.76533">
      </trkpt>
      <trkpt lat="50.393783" lon="18.761681">
      </trkpt>
      <trkpt lat="50.397379" lon="18.761526">
      </trkpt>
      <trkpt lat="50.403446" lon="18.756737">
      </trkpt>
      <trkpt lat="50.406059" lon="18.757083">
      </trkpt>
      <trkpt lat="50.406662" lon="18.757018">
      </trkpt>
      <trkpt lat="50.407256" lon="18.756865">
      </trkpt>
      <trkpt lat="50.408081" lon="18.756551">
      </trkpt>
      <trkpt lat="50.406803" lon="18.753186">
      </trkpt>
      <trkpt lat="50.400188" lon="18.749175">
      </trkpt>
      <trkpt lat="50.396773" lon="18.747512">
      </trkpt>
      <trkpt lat="50.393177" lon="18.747668">
      </trkpt>
      <trkpt lat="50.390427" lon="18.740672">
      </trkpt>
      <trkpt lat="50.395614" lon="18.734525">
      </trkpt>
      <trkpt lat="50.395133" lon="18.730957">
      </trkpt>
      <trkpt lat="50.394885" lon="18.723163">
      </trkpt>
      <trkpt lat="50.393546" lon="18.721133">
      </trkpt>
      <trkpt lat="50.399472" lon="18.714889">
      </trkpt>
      <trkpt lat="50.401812" lon="18.715956">
      </trkpt>
      <trkpt lat="50.403071" lon="18.714794">
      </trkpt>
      <trkpt lat="50.403058" lon="18.714323">
      </trkpt>
      <trkpt lat="50.403028" lon="18.713943">
      </trkpt>
      <trkpt lat="50.402681" lon="18.710889">
      </trkpt>
      <trkpt lat="50.400823" lon="18.708445">
      </trkpt>
      <trkpt lat="50.396204" lon="18.701982">
      </trkpt>
      <trkpt lat="50.395466" lon="18.698786">
      </trkpt>
      <trkpt lat="50.394923" lon="18.694643">
      </trkpt>
      <trkpt lat="50.394603" lon="18.690596">
      </trkpt>
      <trkpt lat="50.394795" lon="18.686096">
      </trkpt>
      <trkpt lat="50.392803" lon="18.684829">
      </trkpt>
      <trkpt lat="50.391325" lon="18.685136">
      </trkpt>
      <trkpt lat="50.391223" lon="18.685505">
      </trkpt>
      <trkpt lat="50.391184" lon="18.685645">
      </trkpt>
      <trkpt lat="50.391123" lon="18.685972">
      </trkpt>
      <trkpt lat="50.391063" lon="18.686387">
      </trkpt>
      <trkpt lat="50.391003" lon="18.690625">
      </trkpt>
      <trkpt lat="50.391027" lon="18.693499">
      </trkpt>
      <trkpt lat="50.391065" lon="18.695271">
      </trkpt>
      <trkpt lat="50.391112" lon="18.695769">
      </trkpt>
      <trkpt lat="50.383761" lon="18.700587">
      </trkpt>
      <trkpt lat="50.378518" lon="18.695812">
      </trkpt>
      <trkpt lat="50.377334" lon="18.688932">
      </trkpt>
      <trkpt lat="50.379325" lon="18.686421">
      </trkpt>
      <trkpt lat="50.379552" lon="18.68573">
      </trkpt>
      <trkpt lat="50.375784" lon="18.67927">
      </trkpt>
      <trkpt lat="50.376154" lon="18.675689">
      </trkpt>
      <trkpt lat="50.371392" lon="18.670426">
      </trkpt>
      <trkpt lat="50.367807" lon="18.662906">
      </trkpt>
      <trkpt lat="50.368235" lon="18.659349">
      </trkpt>
      <trkpt lat="50.364661" lon="18.658919">
      </trkpt>
      <trkpt lat="50.364232" lon="18.662476">
      </trkpt>
      <trkpt lat="50.364021" lon="18.663737">
      </trkpt>
      <trkpt lat="50.364122" lon="18.664181">
      </trkpt>
      <trkpt lat="50.364498" lon="18.667306">
      </trkpt>
      <trkpt lat="50.364787" lon="18.668287">
      </trkpt>
      <trkpt lat="50.365308" lon="18.67135">
      </trkpt>
      <trkpt lat="50.361146" lon="18.678205">
      </trkpt>
      <trkpt lat="50.359211" lon="18.680102">
      </trkpt>
      <trkpt lat="50.358514" lon="18.681354">
      </trkpt>
      <trkpt lat="50.3541" lon="18.68855">
      </trkpt>
      <trkpt lat="50.35364" lon="18.690008">
      </trkpt>
      <trkpt lat="50.353645" lon="18.690039">
      </trkpt>
      <trkpt lat="50.354052" lon="18.695042">
      </trkpt>
      <trkpt lat="50.353618" lon="18.698635">
      </trkpt>
      <trkpt lat="50.353613" lon="18.699042">
      </trkpt>
      <trkpt lat="50.356028" lon="18.703381">
      </trkpt>
      <trkpt lat="50.351817" lon="18.708935">
      </trkpt>
      <trkpt lat="50.349704" lon="18.709023">
      </trkpt>
      <trkpt lat="50.34218" lon="18.710139">
      </trkpt>
      <trkpt lat="50.340744" lon="18.705291">
      </trkpt>
      <trkpt lat="50.341904" lon="18.702359">
      </trkpt>
      <trkpt lat="50.341618" lon="18.701569">
      </trkpt>
      <trkpt lat="50.340958" lon="18.700868">
      </trkpt>
      <trkpt lat="50.336286" lon="18.69945">
      </trkpt>
      <trkpt lat="50.333668" lon="18.695145">
      </trkpt>
      <trkpt lat="50.333176" lon="18.692419">
      </trkpt>
      <trkpt lat="50.331673" lon="18.691189">
      </trkpt>
      <trkpt lat="50.330952" lon="18.690844">
      </trkpt>
      <trkpt lat="50.329978" lon="18.690731">
      </trkpt>
      <trkpt lat="50.322528" lon="18.687565">
      </trkpt>
      <trkpt lat="50.322114" lon="18.685652">
      </trkpt>
      <trkpt lat="50.321901" lon="18.682631">
      </trkpt>
      <trkpt lat="50.321095" lon="18.67996">
      </trkpt>
      <trkpt lat="50.320663" lon="18.677884">
      </trkpt>
      <trkpt lat="50.319348" lon="18.674116">
      </trkpt>
      <trkpt lat="50.322917" lon="18.666913">
      </trkpt>
      <trkpt lat="50.32916" lon="18.661045">
      </trkpt>
      <trkpt lat="50.331295" lon="18.659831">
      </trkpt>
      <trkpt lat="50.33384" lon="18.658386">
      </trkpt>
      <trkpt lat="50.336383" lon="18.656942">
      </trkpt>
      <trkpt lat="50.3398" lon="18.655003">
      </trkpt>
      <trkpt lat="50.342066" lon="18.653721">
      </trkpt>
      <trkpt lat="50.344366" lon="18.652419">
      </trkpt>
      <trkpt lat="50.348787" lon="18.650862">
      </trkpt>
      <trkpt lat="50.352294" lon="18.650047">
      </trkpt>
      <trkpt lat="50.354809" lon="18.646469">
      </trkpt>
      <trkpt lat="50.35491" lon="18.643922">
      </trkpt>
      <trkpt lat="50.354872" lon="18.643871">
      </trkpt>
      <trkpt lat="50.354314" lon="18.643405">
      </trkpt>
      <trkpt lat="50.353063" lon="18.643321">
      </trkpt>
      <trkpt lat="50.352751" lon="18.643494">
      </trkpt>
      <trkpt lat="50.350417" lon="18.64484">
      </trkpt>
      <trkpt lat="50.343306" lon="18.641394">
      </trkpt>
      <trkpt lat="50.344488" lon="18.632655">
      </trkpt>
      <trkpt lat="50.343917" lon="18.629412">
      </trkpt>
      <trkpt lat="50.343887" lon="18.629038">
      </trkpt>
      <trkpt lat="50.344272" lon="18.620925">
      </trkpt>
      <trkpt lat="50.34457" lon="18.618266">
      </trkpt>
      <trkpt lat="50.342063" lon="18.614588">
      </trkpt>
      <trkpt lat="50.340485" lon="18.613296">
      </trkpt>
      <trkpt lat="50.340017" lon="18.612963">
      </trkpt>
      <trkpt lat="50.337636" lon="18.611867">
      </trkpt>
      <trkpt lat="50.333503" lon="18.603924">
      </trkpt>
      <trkpt lat="50.333501" lon="18.603758">
      </trkpt>
      <trkpt lat="50.332066" lon="18.601473">
      </trkpt>
      <trkpt lat="50.331212" lon="18.593537">
      </trkpt>
      <trkpt lat="50.332503" lon="18.590811">
      </trkpt>
      <trkpt lat="50.333294" lon="18.589135">
      </trkpt>
      <trkpt lat="50.334096" lon="18.587435">
      </trkpt>
      <trkpt lat="50.334488" lon="18.586574">
      </trkpt>
      <trkpt lat="50.337539" lon="18.581727">
      </trkpt>
      <trkpt lat="50.338388" lon="18.576841">
      </trkpt>
      <trkpt lat="50.338388" lon="18.576841">
      </trkpt>
      <trkpt lat="50.339623" lon="18.573783">
      </trkpt>
      <trkpt lat="50.34439" lon="18.5666">
      </trkpt>
      <trkpt lat="50.35101" lon="18.564802">
      </trkpt>
      <trkpt lat="50.35434" lon="18.564785">
      </trkpt>
      <trkpt lat="50.358231" lon="18.563904">
      </trkpt>
      <trkpt lat="50.358194" lon="18.5617">
      </trkpt>
      <trkpt lat="50.358154" lon="18.560801">
      </trkpt>
      <trkpt lat="50.35338" lon="18.556449">
      </trkpt>
      <trkpt lat="50.349892" lon="18.555556">
      </trkpt>
      <trkpt lat="50.35107" lon="18.546953">
      </trkpt>
      <trkpt lat="50.351427" lon="18.53882">
      </trkpt>
      <trkpt lat="50.352404" lon="18.529986">
      </trkpt>
      <trkpt lat="50.352722" lon="18.529302">
      </trkpt>
      <trkpt lat="50.353177" lon="18.528389">
      </trkpt>
      <trkpt lat="50.353565" lon="18.527676">
      </trkpt>
      <trkpt lat="50.353934" lon="18.527043">
      </trkpt>
      <trkpt lat="50.354312" lon="18.526434">
      </trkpt>
      <trkpt lat="50.354706" lon="18.525838">
      </trkpt>
      <trkpt lat="50.355237" lon="18.525103">
      </trkpt>
      <trkpt lat="50.355922" lon="18.524243">
      </trkpt>
      <trkpt lat="50.356689" lon="18.523361">
      </trkpt>
      <trkpt lat="50.358792" lon="18.521022">
      </trkpt>
      <trkpt lat="50.360012" lon="18.519655">
      </trkpt>
      <trkpt lat="50.361273" lon="18.518241">
      </trkpt>
      <trkpt lat="50.361997" lon="18.517368">
      </trkpt>
      <trkpt lat="50.362932" lon="18.516111">
      </trkpt>
      <trkpt lat="50.363616" lon="18.515063">
      </trkpt>
      <trkpt lat="50.364279" lon="18.513952">
      </trkpt>
      <trkpt lat="50.364981" lon="18.512634">
      </trkpt>
      <trkpt lat="50.365629" lon="18.51126">
      </trkpt>
      <trkpt lat="50.366012" lon="18.510371">
      </trkpt>
      <trkpt lat="50.366439" lon="18.50929">
      </trkpt>
      <trkpt lat="50.367766" lon="18.505717">
      </trkpt>
      <trkpt lat="50.369093" lon="18.502144">
      </trkpt>
      <trkpt lat="50.37042" lon="18.498572">
      </trkpt>
      <trkpt lat="50.372762" lon="18.492266">
      </trkpt>
      <trkpt lat="50.373929" lon="18.489123">
      </trkpt>
      <trkpt lat="50.375096" lon="18.48598">
      </trkpt>
      <trkpt lat="50.376263" lon="18.482837">
      </trkpt>
      <trkpt lat="50.37743" lon="18.479694">
      </trkpt>
      <trkpt lat="50.378596" lon="18.476551">
      </trkpt>
      <trkpt lat="50.37999" lon="18.4728">
      </trkpt>
      <trkpt lat="50.381114" lon="18.469784">
      </trkpt>
      <trkpt lat="50.384948" lon="18.462681">
      </trkpt>
      <trkpt lat="50.386763" lon="18.460425">
      </trkpt>
      <trkpt lat="50.388194" lon="18.458654">
      </trkpt>
      <trkpt lat="50.389177" lon="18.457428">
      </trkpt>
      <trkpt lat="50.389769" lon="18.456658">
      </trkpt>
      <trkpt lat="50.390137" lon="18.456148">
      </trkpt>
      <trkpt lat="50.390688" lon="18.45533">
      </trkpt>
      <trkpt lat="50.39473" lon="18.449469">
      </trkpt>
      <trkpt lat="50.394783" lon="18.449396">
      </trkpt>
      <trkpt lat="50.395111" lon="18.448669">
      </trkpt>
      <trkpt lat="50.397095" lon="18.441161">
      </trkpt>
      <trkpt lat="50.39819" lon="18.438525">
      </trkpt>
      <trkpt lat="50.399286" lon="18.435888">
      </trkpt>
      <trkpt lat="50.400381" lon="18.433252">
      </trkpt>
      <trkpt lat="50.40175" lon="18.429963">
      </trkpt>
      <trkpt lat="50.403102" lon="18.426705">
      </trkpt>
      <trkpt lat="50.399777" lon="18.425325">
      </trkpt>
      <trkpt lat="50.398425" lon="18.428583">
      </trkpt>
      <trkpt lat="50.397057" lon="18.431871">
      </trkpt>
      <trkpt lat="50.395962" lon="18.434507">
      </trkpt>
      <trkpt lat="50.394866" lon="18.437143">
      </trkpt>
      <trkpt lat="50.39377" lon="18.43978">
      </trkpt>
      <trkpt lat="50.393014" lon="18.441599">
      </trkpt>
      <trkpt lat="50.392257" lon="18.443418">
      </trkpt>
      <trkpt lat="50.390602" lon="18.447421">
      </trkpt>
      <trkpt lat="50.38955" lon="18.449882">
      </trkpt>
      <trkpt lat="50.385387" lon="18.456399">
      </trkpt>
      <trkpt lat="50.383962" lon="18.458164">
      </trkpt>
      <trkpt lat="50.382143" lon="18.460423">
      </trkpt>
      <trkpt lat="50.3816" lon="18.461147">
      </trkpt>
      <trkpt lat="50.381014" lon="18.461987">
      </trkpt>
      <trkpt lat="50.380389" lon="18.462971">
      </trkpt>
      <trkpt lat="50.379821" lon="18.463952">
      </trkpt>
      <trkpt lat="50.379198" lon="18.465139">
      </trkpt>
      <trkpt lat="50.378828" lon="18.465915">
      </trkpt>
      <trkpt lat="50.378032" lon="18.467773">
      </trkpt>
      <trkpt lat="50.377756" lon="18.468488">
      </trkpt>
      <trkpt lat="50.376617" lon="18.471542">
      </trkpt>
      <trkpt lat="50.375222" lon="18.475298">
      </trkpt>
      <trkpt lat="50.374055" lon="18.478441">
      </trkpt>
      <trkpt lat="50.372888" lon="18.481584">
      </trkpt>
      <trkpt lat="50.371721" lon="18.484727">
      </trkpt>
      <trkpt lat="50.370554" lon="18.48787">
      </trkpt>
      <trkpt lat="50.369387" lon="18.491013">
      </trkpt>
      <trkpt lat="50.367046" lon="18.497318">
      </trkpt>
      <trkpt lat="50.365719" lon="18.500891">
      </trkpt>
      <trkpt lat="50.364392" lon="18.504464">
      </trkpt>
      <trkpt lat="50.363065" lon="18.508036">
      </trkpt>
      <trkpt lat="50.362665" lon="18.509045">
      </trkpt>
      <trkpt lat="50.362323" lon="18.509833">
      </trkpt>
      <trkpt lat="50.357327" lon="18.517258">
      </trkpt>
      <trkpt lat="50.356106" lon="18.518625">
      </trkpt>
      <trkpt lat="50.354016" lon="18.520951">
      </trkpt>
      <trkpt lat="50.353207" lon="18.521879">
      </trkpt>
      <trkpt lat="50.352425" lon="18.522854">
      </trkpt>
      <trkpt lat="50.351791" lon="18.523724">
      </trkpt>
      <trkpt lat="50.351312" lon="18.524444">
      </trkpt>
      <trkpt lat="50.350877" lon="18.525141">
      </trkpt>
      <trkpt lat="50.350456" lon="18.525861">
      </trkpt>
      <trkpt lat="50.350017" lon="18.526663">
      </trkpt>
      <trkpt lat="50.349501" lon="18.527694">
      </trkpt>
      <trkpt lat="50.349142" lon="18.528463">
      </trkpt>
      <trkpt lat="50.348642" lon="18.529639">
      </trkpt>
      <trkpt lat="50.348025" lon="18.531282">
      </trkpt>
      <trkpt lat="50.347642" lon="18.532444">
      </trkpt>
      <trkpt lat="50.341518" lon="18.538258">
      </trkpt>
      <trkpt lat="50.338819" lon="18.537666">
      </trkpt>
      <trkpt lat="50.338505" lon="18.538095">
      </trkpt>
      <trkpt lat="50.332271" lon="18.543725">
      </trkpt>
      <trkpt lat="50.3289" lon="18.544576">
      </trkpt>
      <trkpt lat="50.325622" lon="18.545399">
      </trkpt>
      <trkpt lat="50.322242" lon="18.546248">
      </trkpt>
      <trkpt lat="50.31946" lon="18.546944">
      </trkpt>
      <trkpt lat="50.316675" lon="18.54764">
      </trkpt>
      <trkpt lat="50.313599" lon="18.548303">
      </trkpt>
      <trkpt lat="50.310633" lon="18.54916">
      </trkpt>
      <trkpt lat="50.304075" lon="18.544285">
      </trkpt>
      <trkpt lat="50.301585" lon="18.536807">
      </trkpt>
      <trkpt lat="50.301809" lon="18.533533">
      </trkpt>
      <trkpt lat="50.298217" lon="18.533287">
      </trkpt>
      <trkpt lat="50.294953" lon="18.53401">
      </trkpt>
      <trkpt lat="50.288728" lon="18.529062">
      </trkpt>
      <trkpt lat="50.288584" lon="18.527144">
      </trkpt>
      <trkpt lat="50.288377" lon="18.524306">
      </trkpt>
      <trkpt lat="50.288168" lon="18.521441">
      </trkpt>
      <trkpt lat="50.28805" lon="18.520128">
      </trkpt>
      <trkpt lat="50.287959" lon="18.519494">
      </trkpt>
      <trkpt lat="50.287815" lon="18.518751">
      </trkpt>
      <trkpt lat="50.287604" lon="18.517928">
      </trkpt>
      <trkpt lat="50.287328" lon="18.517094">
      </trkpt>
      <trkpt lat="50.286984" lon="18.516258">
      </trkpt>
      <trkpt lat="50.286586" lon="18.515479">
      </trkpt>
      <trkpt lat="50.286155" lon="18.51476">
      </trkpt>
      <trkpt lat="50.28477" lon="18.512566">
      </trkpt>
      <trkpt lat="50.284424" lon="18.512049">
      </trkpt>
      <trkpt lat="50.284162" lon="18.511683">
      </trkpt>
      <trkpt lat="50.281234" lon="18.513777">
      </trkpt>
      <trkpt lat="50.281496" lon="18.514144">
      </trkpt>
      <trkpt lat="50.281775" lon="18.514564">
      </trkpt>
      <trkpt lat="50.28311" lon="18.516681">
      </trkpt>
      <trkpt lat="50.283991" lon="18.518444">
      </trkpt>
      <trkpt lat="50.284179" lon="18.519039">
      </trkpt>
      <trkpt lat="50.284324" lon="18.51963">
      </trkpt>
      <trkpt lat="50.284423" lon="18.520167">
      </trkpt>
      <trkpt lat="50.284485" lon="18.520625">
      </trkpt>
      <trkpt lat="50.284582" lon="18.521757">
      </trkpt>
      <trkpt lat="50.284787" lon="18.524568">
      </trkpt>
      <trkpt lat="50.284994" lon="18.527406">
      </trkpt>
      <trkpt lat="50.285138" lon="18.529331">
      </trkpt>
      <trkpt lat="50.285195" lon="18.529852">
      </trkpt>
      <trkpt lat="50.285303" lon="18.530538">
      </trkpt>
      <trkpt lat="50.285509" lon="18.531445">
      </trkpt>
      <trkpt lat="50.280179" lon="18.538342">
      </trkpt>
      <trkpt lat="50.273743" lon="18.532998">
      </trkpt>
      <trkpt lat="50.274149" lon="18.530448">
      </trkpt>
      <trkpt lat="50.274177" lon="18.530119">
      </trkpt>
      <trkpt lat="50.274182" lon="18.530067">
      </trkpt>
      <trkpt lat="50.273884" lon="18.529493">
      </trkpt>
      <trkpt lat="50.273756" lon="18.529332">
      </trkpt>
      <trkpt lat="50.27286" lon="18.52839">
      </trkpt>
      <trkpt lat="50.2727" lon="18.528243">
      </trkpt>
      <trkpt lat="50.272479" lon="18.528269">
      </trkpt>
      <trkpt lat="50.271073" lon="18.528711">
      </trkpt>
      <trkpt lat="50.271072" lon="18.528712">
      </trkpt>
      <trkpt lat="50.2706" lon="18.529714">
      </trkpt>
      <trkpt lat="50.265089" lon="18.536319">
      </trkpt>
      <trkpt lat="50.263233" lon="18.538765">
      </trkpt>
      <trkpt lat="50.262517" lon="18.539642">
      </trkpt>
      <trkpt lat="50.265306" lon="18.541919">
      </trkpt>
      <trkpt lat="50.266646" lon="18.548514">
      </trkpt>
      <trkpt lat="50.266638" lon="18.548724">
      </trkpt>
      <trkpt lat="50.267181" lon="18.552385">
      </trkpt>
      <trkpt lat="50.269144" lon="18.556195">
      </trkpt>
      <trkpt lat="50.262257" lon="18.560951">
      </trkpt>
      <trkpt lat="50.259315" lon="18.563026">
      </trkpt>
      <trkpt lat="50.252201" lon="18.561879">
      </trkpt>
      <trkpt lat="50.249711" lon="18.562245">
      </trkpt>
      <trkpt lat="50.247501" lon="18.566251">
      </trkpt>
      <trkpt lat="50.247725" lon="18.575217">
      </trkpt>
      <trkpt lat="50.247295" lon="18.577146">
      </trkpt>
      <trkpt lat="50.247234" lon="18.577526">
      </trkpt>
      <trkpt lat="50.247081" lon="18.583141">
      </trkpt>
      <trkpt lat="50.246975" lon="18.583548">
      </trkpt>
      <trkpt lat="50.246689" lon="18.585075">
      </trkpt>
      <trkpt lat="50.246626" lon="18.585765">
      </trkpt>
      <trkpt lat="50.246627" lon="18.586277">
      </trkpt>
      <trkpt lat="50.246638" lon="18.586503">
      </trkpt>
      <trkpt lat="50.24676" lon="18.587248">
      </trkpt>
      <trkpt lat="50.247111" lon="18.589475">
      </trkpt>
      <trkpt lat="50.247021" lon="18.590378">
      </trkpt>
      <trkpt lat="50.246792" lon="18.592928">
      </trkpt>
      <trkpt lat="50.246787" lon="18.594243">
      </trkpt>
      <trkpt lat="50.246497" lon="18.595752">
      </trkpt>
      <trkpt lat="50.242429" lon="18.599517">
      </trkpt>
      <trkpt lat="50.237168" lon="18.595113">
      </trkpt>
      <trkpt lat="50.236284" lon="18.593329">
      </trkpt>
      <trkpt lat="50.236024" lon="18.593167">
      </trkpt>
      <trkpt lat="50.231927" lon="18.590385">
      </trkpt>
      <trkpt lat="50.231002" lon="18.589337">
      </trkpt>
      <trkpt lat="50.230385" lon="18.588745">
      </trkpt>
      <trkpt lat="50.227891" lon="18.591341">
      </trkpt>
      <trkpt lat="50.224506" lon="18.597726">
      </trkpt>
      <trkpt lat="50.220913" lon="18.597496">
      </trkpt>
      <trkpt lat="50.216972" lon="18.589771">
      </trkpt>
      <trkpt lat="50.21761" lon="18.587185">
      </trkpt>
      <trkpt lat="50.221697" lon="18.581786">
      </trkpt>
      <trkpt lat="50.223828" lon="18.580845">
      </trkpt>
      <trkpt lat="50.224057" lon="18.579068">
      </trkpt>
      <trkpt lat="50.223245" lon="18.577701">
      </trkpt>
      <trkpt lat="50.222395" lon="18.575862">
      </trkpt>
      <trkpt lat="50.220935" lon="18.567771">
      </trkpt>
      <trkpt lat="50.221857" lon="18.564464">
      </trkpt>
      <trkpt lat="50.221761" lon="18.563949">
      </trkpt>
      <trkpt lat="50.218429" lon="18.560484">
      </trkpt>
      <trkpt lat="50.215475" lon="18.55635">
      </trkpt>
      <trkpt lat="50.212797" lon="18.555238">
      </trkpt>
      <trkpt lat="50.212654" lon="18.555325">
      </trkpt>
      <trkpt lat="50.211905" lon="18.555884">
      </trkpt>
      <trkpt lat="50.210618" lon="18.559502">
      </trkpt>
      <trkpt lat="50.204017" lon="18.564275">
      </trkpt>
      <trkpt lat="50.201061" lon="18.562222">
      </trkpt>
      <trkpt lat="50.200023" lon="18.563715">
      </trkpt>
      <trkpt lat="50.198986" lon="18.565208">
      </trkpt>
      <trkpt lat="50.190533" lon="18.56486">
      </trkpt>
      <trkpt lat="50.189948" lon="18.560205">
      </trkpt>
      <trkpt lat="50.183363" lon="18.554089">
      </trkpt>
      <trkpt lat="50.182318" lon="18.552157">
      </trkpt>
      <trkpt lat="50.179772" lon="18.547453">
      </trkpt>
      <trkpt lat="50.179331" lon="18.546648">
      </trkpt>
      <trkpt lat="50.177442" lon="18.546682">
      </trkpt>
      <trkpt lat="50.177412" lon="18.546695">
      </trkpt>
      <trkpt lat="50.176173" lon="18.548377">
      </trkpt>
      <trkpt lat="50.176614" lon="18.549182">
      </trkpt>
      <trkpt lat="50.179151" lon="18.55387">
      </trkpt>
      <trkpt lat="50.180197" lon="18.555803">
      </trkpt>
      <trkpt lat="50.180812" lon="18.563576">
      </trkpt>
      <trkpt lat="50.183898" lon="18.56543">
      </trkpt>
      <trkpt lat="50.18913" lon="18.569321">
      </trkpt>
      <trkpt lat="50.189306" lon="18.575392">
      </trkpt>
      <trkpt lat="50.188317" lon="18.57717">
      </trkpt>
      <trkpt lat="50.188273" lon="18.577396">
      </trkpt>
      <trkpt lat="50.191533" lon="18.584434">
      </trkpt>
      <trkpt lat="50.186584" lon="18.586329">
      </trkpt>
      <trkpt lat="50.183512" lon="18.588206">
      </trkpt>
      <trkpt lat="50.180438" lon="18.59161">
      </trkpt>
      <trkpt lat="50.178192" lon="18.593271">
      </trkpt>
      <trkpt lat="50.174679" lon="18.594058">
      </trkpt>
      <trkpt lat="50.169487" lon="18.589962">
      </trkpt>
      <trkpt lat="50.167712" lon="18.581369">
      </trkpt>
      <trkpt lat="50.169987" lon="18.580719">
      </trkpt>
      <trkpt lat="50.170613" lon="18.579237">
      </trkpt>
      <trkpt lat="50.171107" lon="18.57623">
      </trkpt>
      <trkpt lat="50.167792" lon="18.574828">
      </trkpt>
      <trkpt lat="50.161873" lon="18.580204">
      </trkpt>
      <trkpt lat="50.161394" lon="18.581142">
      </trkpt>
      <trkpt lat="50.153005" lon="18.583608">
      </trkpt>
      <trkpt lat="50.152653" lon="18.58347">
      </trkpt>
      <trkpt lat="50.152415" lon="18.583504">
      </trkpt>
      <trkpt lat="50.147759" lon="18.585739">
      </trkpt>
      <trkpt lat="50.139265" lon="18.584929">
      </trkpt>
      <trkpt lat="50.136349" lon="18.583953">
      </trkpt>
      <trkpt lat="50.13071" lon="18.581224">
      </trkpt>
      <trkpt lat="50.123996" lon="18.57842">
      </trkpt>
      <trkpt lat="50.120592" lon="18.577495">
      </trkpt>
      <trkpt lat="50.120433" lon="18.578002">
      </trkpt>
      <trkpt lat="50.120398" lon="18.578544">
      </trkpt>
      <trkpt lat="50.118257" lon="18.582627">
      </trkpt>
      <trkpt lat="50.11102" lon="18.581738">
      </trkpt>
      <trkpt lat="50.107129" lon="18.577188">
      </trkpt>
      <trkpt lat="50.108671" lon="18.568971">
      </trkpt>
      <trkpt lat="50.114622" lon="18.566152">
      </trkpt>
      <trkpt lat="50.117768" lon="18.564402">
      </trkpt>
      <trkpt lat="50.122876" lon="18.557924">
      </trkpt>
      <trkpt lat="50.126588" lon="18.551889">
      </trkpt>
      <trkpt lat="50.12749" lon="18.55086">
      </trkpt>
      <trkpt lat="50.12749" lon="18.550856">
      </trkpt>
      <trkpt lat="50.127498" lon="18.550338">
      </trkpt>
      <trkpt lat="50.127492" lon="18.550166">
      </trkpt>
      <trkpt lat="50.126454" lon="18.549084">
      </trkpt>
      <trkpt lat="50.12586" lon="18.5486">
      </trkpt>
      <trkpt lat="50.122131" lon="18.543477">
      </trkpt>
      <trkpt lat="50.122717" lon="18.534596">
      </trkpt>
      <trkpt lat="50.125825" lon="18.532152">
      </trkpt>
      <trkpt lat="50.127827" lon="18.528969">
      </trkpt>
      <trkpt lat="50.130104" lon="18.526512">
      </trkpt>
      <trkpt lat="50.133639" lon="18.52224">
      </trkpt>
      <trkpt lat="50.133199" lon="18.520676">
      </trkpt>
      <trkpt lat="50.133198" lon="18.520674">
      </trkpt>
      <trkpt lat="50.130877" lon="18.519379">
      </trkpt>
      <trkpt lat="50.130214" lon="18.519314">
      </trkpt>
      <trkpt lat="50.123229" lon="18.516009">
      </trkpt>
      <trkpt lat="50.12418" lon="18.507805">
      </trkpt>
      <trkpt lat="50.124368" lon="18.507314">
      </trkpt>
      <trkpt lat="50.124428" lon="18.507158">
      </trkpt>
      <trkpt lat="50.124522" lon="18.506914">
      </trkpt>
      <trkpt lat="50.124693" lon="18.506468">
      </trkpt>
      <trkpt lat="50.128435" lon="18.501822">
      </trkpt>
      <trkpt lat="50.12938" lon="18.499386">
      </trkpt>
      <trkpt lat="50.13154" lon="18.494744">
      </trkpt>
      <trkpt lat="50.136521" lon="18.488455">
      </trkpt>
      <trkpt lat="50.140355" lon="18.484236">
      </trkpt>
      <trkpt lat="50.140755" lon="18.483795">
      </trkpt>
      <trkpt lat="50.141764" lon="18.47937">
      </trkpt>
      <trkpt lat="50.141232" lon="18.477285">
      </trkpt>
      <trkpt lat="50.138059" lon="18.47179">
      </trkpt>
      <trkpt lat="50.138289" lon="18.466176">
      </trkpt>
      <trkpt lat="50.135101" lon="18.464505">
      </trkpt>
      <trkpt lat="50.134786" lon="18.465105">
      </trkpt>
      <trkpt lat="50.134262" lon="18.466383">
      </trkpt>
      <trkpt lat="50.134078" lon="18.466977">
      </trkpt>
      <trkpt lat="50.133969" lon="18.467641">
      </trkpt>
      <trkpt lat="50.131884" lon="18.471726">
      </trkpt>
      <trkpt lat="50.12964" lon="18.474541">
      </trkpt>
      <trkpt lat="50.126655" lon="18.479282">
      </trkpt>
      <trkpt lat="50.121346" lon="18.480654">
      </trkpt>
      <trkpt lat="50.116856" lon="18.474116">
      </trkpt>
      <trkpt lat="50.116783" lon="18.473501">
      </trkpt>
      <trkpt lat="50.116766" lon="18.47291">
      </trkpt>
      <trkpt lat="50.118034" lon="18.466233">
      </trkpt>
      <trkpt lat="50.11989" lon="18.463616">
      </trkpt>
      <trkpt lat="50.119339" lon="18.46036">
      </trkpt>
      <trkpt lat="50.119463" lon="18.459017">
      </trkpt>
      <trkpt lat="50.119499" lon="18.458303">
      </trkpt>
      <trkpt lat="50.119963" lon="18.456076">
      </trkpt>
      <trkpt lat="50.120271" lon="18.454785">
      </trkpt>
      <trkpt lat="50.120328" lon="18.454412">
      </trkpt>
      <trkpt lat="50.120556" lon="18.452894">
      </trkpt>
      <trkpt lat="50.121002" lon="18.450544">
      </trkpt>
      <trkpt lat="50.121614" lon="18.447582">
      </trkpt>
      <trkpt lat="50.121004" lon="18.446375">
      </trkpt>
      <trkpt lat="50.119303" lon="18.444073">
      </trkpt>
      <trkpt lat="50.11577" lon="18.436333">
      </trkpt>
      <trkpt lat="50.118607" lon="18.43225">
      </trkpt>
      <trkpt lat="50.121174" lon="18.423802">
      </trkpt>
      <trkpt lat="50.121758" lon="18.423351">
      </trkpt>
      <trkpt lat="50.123241" lon="18.421984">
      </trkpt>
      <trkpt lat="50.123339" lon="18.420327">
      </trkpt>
      <trkpt lat="50.126696" lon="18.412663">
      </trkpt>
      <trkpt lat="50.131694" lon="18.409725">
      </trkpt>
      <trkpt lat="50.134264" lon="18.408951">
      </trkpt>
      <trkpt lat="50.135257" lon="18.407793">
      </trkpt>
      <trkpt lat="50.136196" lon="18.406756">
      </trkpt>
      <trkpt lat="50.136391" lon="18.406438">
      </trkpt>
      <trkpt lat="50.136562" lon="18.406091">
      </trkpt>
      <trkpt lat="50.139199" lon="18.400804">
      </trkpt>
      <trkpt lat="50.141194" lon="18.39685">
      </trkpt>
      <trkpt lat="50.1373" lon="18.389403">
      </trkpt>
      <trkpt lat="50.13795" lon="18.385938">
      </trkpt>
      <trkpt lat="50.138805" lon="18.383181">
      </trkpt>
      <trkpt lat="50.138802" lon="18.38315">
      </trkpt>
      <trkpt lat="50.1381" lon="18.380823">
      </trkpt>
      <trkpt lat="50.1345" lon="18.380765">
      </trkpt>
      <trkpt lat="50.127274" lon="18.37805">
      </trkpt>
      <trkpt lat="50.126045" lon="18.376733">
      </trkpt>
      <trkpt lat="50.125036" lon="18.37523">
      </trkpt>
      <trkpt lat="50.120557" lon="18.371198">
      </trkpt>
      <trkpt lat="50.125016" lon="18.36507">
      </trkpt>
      <trkpt lat="50.124875" lon="18.361472">
      </trkpt>
      <trkpt lat="50.124513" lon="18.361266">
      </trkpt>
      <trkpt lat="50.123778" lon="18.361116">
      </trkpt>
      <trkpt lat="50.117233" lon="18.356188">
      </trkpt>
      <trkpt lat="50.11757" lon="18.353672">
      </trkpt>
      <trkpt lat="50.114052" lon="18.351951">
      </trkpt>
      <trkpt lat="50.111896" lon="18.345575">
      </trkpt>
      <trkpt lat="50.112512" lon="18.343484">
      </trkpt>
      <trkpt lat="50.118805" lon="18.337451">
      </trkpt>
      <trkpt lat="50.120039" lon="18.33365">
      </trkpt>
      <trkpt lat="50.119288" lon="18.33074">
      </trkpt>
      <trkpt lat="50.119121" lon="18.33004">
      </trkpt>
      <trkpt lat="50.112956" lon="18.327461">
      </trkpt>
      <trkpt lat="50.11665" lon="18.319341">
      </trkpt>
      <trkpt lat="50.116541" lon="18.319003">
      </trkpt>
      <trkpt lat="50.116298" lon="18.318487">
      </trkpt>
      <trkpt lat="50.116167" lon="18.318185">
      </trkpt>
      <trkpt lat="50.11592" lon="18.317529">
      </trkpt>
      <trkpt lat="50.115458" lon="18.316433">
      </trkpt>
      <trkpt lat="50.115343" lon="18.316113">
      </trkpt>
      <trkpt lat="50.116617" lon="18.309539">
      </trkpt>
      <trkpt lat="50.120786" lon="18.308555">
      </trkpt>
      <trkpt lat="50.124211" lon="18.307447">
      </trkpt>
      <trkpt lat="50.127646" lon="18.300592">
      </trkpt>
      <trkpt lat="50.134302" lon="18.302493">
      </trkpt>
      <trkpt lat="50.13458" lon="18.302785">
      </trkpt>
      <trkpt lat="50.138737" lon="18.302099">
      </trkpt>
      <trkpt lat="50.143998" lon="18.301074">
      </trkpt>
      <trkpt lat="50.147279" lon="18.300047">
      </trkpt>
      <trkpt lat="50.149148" lon="18.298364">
      </trkpt>
      <trkpt lat="50.149092" lon="18.297953">
      </trkpt>
      <trkpt lat="50.148447" lon="18.295766">
      </trkpt>
      <trkpt lat="50.146203" lon="18.294628">
      </trkpt>
      <trkpt lat="50.142658" lon="18.286975">
      </trkpt>
      <trkpt lat="50.142597" lon="18.286077">
      </trkpt>
      <trkpt lat="50.139005" lon="18.286323">
      </trkpt>
      <trkpt lat="50.130635" lon="18.285676">
      </trkpt>
      <trkpt lat="50.128492" lon="18.284571">
      </trkpt>
      <trkpt lat="50.126745" lon="18.283267">
      </trkpt>
      <trkpt lat="50.124162" lon="18.281344">
      </trkpt>
      <trkpt lat="50.119762" lon="18.278043">
      </trkpt>
      <trkpt lat="50.118744" lon="18.272354">
      </trkpt>
      <trkpt lat="50.12081" lon="18.267359">
      </trkpt>
      <trkpt lat="50.118778" lon="18.262922">
      </trkpt>
      <trkpt lat="50.12018" lon="18.256753">
      </trkpt>
      <trkpt lat="50.11991" lon="18.255603">
      </trkpt>
      <trkpt lat="50.119781" lon="18.255188">
      </trkpt>
      <trkpt lat="50.126684" lon="18.249656">
      </trkpt>
      <trkpt lat="50.130097" lon="18.248509">
      </trkpt>
      <trkpt lat="50.135775" lon="18.253138">
      </trkpt>
      <trkpt lat="50.136314" lon="18.253333">
      </trkpt>
      <trkpt lat="50.137884" lon="18.253956">
      </trkpt>
      <trkpt lat="50.140721" lon="18.255104">
      </trkpt>
      <trkpt lat="50.144869" lon="18.257202">
      </trkpt>
      <trkpt lat="50.146114" lon="18.258133">
      </trkpt>
      <trkpt lat="50.147756" lon="18.259617">
      </trkpt>
      <trkpt lat="50.15128" lon="18.261599">
      </trkpt>
      <trkpt lat="50.154669" lon="18.262815">
      </trkpt>
      <trkpt lat="50.156722" lon="18.263742">
      </trkpt>
      <trkpt lat="50.159448" lon="18.261999">
      </trkpt>
      <trkpt lat="50.159353" lon="18.261505">
      </trkpt>
      <trkpt lat="50.158746" lon="18.259261">
      </trkpt>
      <trkpt lat="50.15786" lon="18.256574">
      </trkpt>
      <trkpt lat="50.157164" lon="18.249987">
      </trkpt>
      <trkpt lat="50.156999" lon="18.249765">
      </trkpt>
      <trkpt lat="50.152697" lon="18.243287">
      </trkpt>
      <trkpt lat="50.156772" lon="18.237421">
      </trkpt>
      <trkpt lat="50.160961" lon="18.234122">
      </trkpt>
      <trkpt lat="50.16164" lon="18.233802">
      </trkpt>
      <trkpt lat="50.161741" lon="18.233726">
      </trkpt>
      <trkpt lat="50.163798" lon="18.230657">
      </trkpt>
      <trkpt lat="50.162987" lon="18.227874">
      </trkpt>
      <trkpt lat="50.161954" lon="18.227566">
      </trkpt>
      <trkpt lat="50.157556" lon="18.226255">
      </trkpt>
      <trkpt lat="50.15433" lon="18.224657">
      </trkpt>
      <trkpt lat="50.149788" lon="18.218312">
      </trkpt>
      <trkpt lat="50.149971" lon="18.214929">
      </trkpt>
      <trkpt lat="50.155206" lon="18.209566">
      </trkpt>
      <trkpt lat="50.155023" lon="18.205971">
      </trkpt>
      <trkpt lat="50.156054" lon="18.197262">
      </trkpt>
      <trkpt lat="50.156385" lon="18.193678">
      </trkpt>
      <trkpt lat="50.15876" lon="18.187806">
      </trkpt>
      <trkpt lat="50.160896" lon="18.184908">
      </trkpt>
      <trkpt lat="50.160029" lon="18.183899">
      </trkpt>
      <trkpt lat="50.156916" lon="18.180417">
      </trkpt>
      <trkpt lat="50.151752" lon="18.175511">
      </trkpt>
      <trkpt lat="50.152636" lon="18.172273">
      </trkpt>
      <trkpt lat="50.154365" lon="18.169614">
      </trkpt>
      <trkpt lat="50.156175" lon="18.166898">
      </trkpt>
      <trkpt lat="50.15654" lon="18.166241">
      </trkpt>
      <trkpt lat="50.156806" lon="18.165646">
      </trkpt>
      <trkpt lat="50.157045" lon="18.16504">
      </trkpt>
      <trkpt lat="50.157878" lon="18.162734">
      </trkpt>
      <trkpt lat="50.159144" lon="18.156582">
      </trkpt>
      <trkpt lat="50.160784" lon="18.155425">
      </trkpt>
      <trkpt lat="50.167864" lon="18.159605">
      </trkpt>
      <trkpt lat="50.167978" lon="18.160343">
      </trkpt>
      <trkpt lat="50.168174" lon="18.160966">
      </trkpt>
      <trkpt lat="50.168484" lon="18.161628">
      </trkpt>
      <trkpt lat="50.168616" lon="18.161855">
      </trkpt>
      <trkpt lat="50.168867" lon="18.162223">
      </trkpt>
      <trkpt lat="50.169544" lon="18.162879">
      </trkpt>
      <trkpt lat="50.169701" lon="18.162974">
      </trkpt>
      <trkpt lat="50.171675" lon="18.159956">
      </trkpt>
      <trkpt lat="50.17145" lon="18.158367">
      </trkpt>
      <trkpt lat="50.175501" lon="18.150714">
      </trkpt>
      <trkpt lat="50.176662" lon="18.147306">
      </trkpt>
      <trkpt lat="50.172458" lon="18.139472">
      </trkpt>
      <trkpt lat="50.168891" lon="18.138983">
      </trkpt>
      <trkpt lat="50.16844" lon="18.142278">
      </trkpt>
      <trkpt lat="50.167697" lon="18.144166">
      </trkpt>
      <trkpt lat="50.158801" lon="18.143547">
      </trkpt>
      <trkpt lat="50.158973" lon="18.140782">
      </trkpt>
      <trkpt lat="50.158981" lon="18.139841">
      </trkpt>
      <trkpt lat="50.158906" lon="18.139184">
      </trkpt>
      <trkpt lat="50.15882" lon="18.138853">
      </trkpt>
      <trkpt lat="50.158572" lon="18.138102">
      </trkpt>
      <trkpt lat="50.157968" lon="18.133608">
      </trkpt>
      <trkpt lat="50.158158" lon="18.1328">
      </trkpt>
      <trkpt lat="50.157941" lon="18.131606">
      </trkpt>
      <trkpt lat="50.157573" lon="18.130646">
      </trkpt>
      <trkpt lat="50.155006" lon="18.1295">
      </trkpt>
      <trkpt lat="50.154151" lon="18.129098">
      </trkpt>
      <trkpt lat="50.153308" lon="18.12886">
      </trkpt>
      <trkpt lat="50.15233" lon="18.132324">
      </trkpt>
      <trkpt lat="50.147968" lon="18.138926">
      </trkpt>
      <trkpt lat="50.146817" lon="18.139454">
      </trkpt>
      <trkpt lat="50.144904" lon="18.140966">
      </trkpt>
      <trkpt lat="50.141349" lon="18.143509">
      </trkpt>
      <trkpt lat="50.139879" lon="18.143973">
      </trkpt>
      <trkpt lat="50.137955" lon="18.144593">
      </trkpt>
      <trkpt lat="50.131089" lon="18.140816">
      </trkpt>
      <trkpt lat="50.131666" lon="18.137991">
      </trkpt>
      <trkpt lat="50.132075" lon="18.137219">
      </trkpt>
      <trkpt lat="50.132493" lon="18.136346">
      </trkpt>
      <trkpt lat="50.135542" lon="18.133307">
      </trkpt>
      <trkpt lat="50.136066" lon="18.132812">
      </trkpt>
      <trkpt lat="50.136847" lon="18.132123">
      </trkpt>
      <trkpt lat="50.139809" lon="18.12661">
      </trkpt>
      <trkpt lat="50.13985" lon="18.126504">
      </trkpt>
      <trkpt lat="50.139973" lon="18.125224">
      </trkpt>
      <trkpt lat="50.141744" lon="18.120223">
      </trkpt>
      <trkpt lat="50.14103" lon="18.118861">
      </trkpt>
      <trkpt lat="50.138717" lon="18.114871">
      </trkpt>
      <trkpt lat="50.138323" lon="18.114111">
      </trkpt>
      <trkpt lat="50.137714" lon="18.113419">
      </trkpt>
      <trkpt lat="50.136682" lon="18.112114">
      </trkpt>
      <trkpt lat="50.134882" lon="18.104444">
      </trkpt>
      <trkpt lat="50.135406" lon="18.102374">
      </trkpt>
      <trkpt lat="50.13551" lon="18.101987">
      </trkpt>
      <trkpt lat="50.137942" lon="18.095905">
      </trkpt>
      <trkpt lat="50.143688" lon="18.090235">
      </trkpt>
      <trkpt lat="50.146054" lon="18.088757">
      </trkpt>
      <trkpt lat="50.149143" lon="18.081515">
      </trkpt>
      <trkpt lat="50.15369" lon="18.074385">
      </trkpt>
      <trkpt lat="50.151722" lon="18.07137">
      </trkpt>
      <trkpt lat="50.146239" lon="18.073157">
      </trkpt>
      <trkpt lat="50.14349" lon="18.073674">
      </trkpt>
      <trkpt lat="50.134982" lon="18.076262">
      </trkpt>
      <trkpt lat="50.134471" lon="18.075657">
      </trkpt>
      <trkpt lat="50.13444" lon="18.075621">
      </trkpt>
      <trkpt lat="50.131719" lon="18.077978">
      </trkpt>
      <trkpt lat="50.132636" lon="18.079249">
      </trkpt>
      <trkpt lat="50.13336" lon="18.080225">
      </trkpt>
      <trkpt lat="50.134665" lon="18.083118">
      </trkpt>
      <trkpt lat="50.134703" lon="18.08319">
      </trkpt>
      <trkpt lat="50.136446" lon="18.091305">
      </trkpt>
      <trkpt lat="50.134827" lon="18.094101">
      </trkpt>
      <trkpt lat="50.133235" lon="18.096923">
      </trkpt>
      <trkpt lat="50.132889" lon="18.097649">
      </trkpt>
      <trkpt lat="50.13262" lon="18.098454">
      </trkpt>
      <trkpt lat="50.132432" lon="18.099149">
      </trkpt>
      <trkpt lat="50.131987" lon="18.101244">
      </trkpt>
      <trkpt lat="50.129895" lon="18.103945">
      </trkpt>
      <trkpt lat="50.127897" lon="18.106518">
      </trkpt>
      <trkpt lat="50.119221" lon="18.106274">
      </trkpt>
      <trkpt lat="50.120126" lon="18.100057">
      </trkpt>
      <trkpt lat="50.121854" lon="18.098789">
      </trkpt>
      <trkpt lat="50.121971" lon="18.0983">
      </trkpt>
      <trkpt lat="50.122243" lon="18.095656">
      </trkpt>
      <trkpt lat="50.115395" lon="18.090736">
      </trkpt>
      <trkpt lat="50.114721" lon="18.081772">
      </trkpt>
      <trkpt lat="50.115493" lon="18.078256">
      </trkpt>
      <trkpt lat="50.115527" lon="18.076709">
      </trkpt>
      <trkpt lat="50.115997" lon="18.07314">
      </trkpt>
      <trkpt lat="50.119446" lon="18.064943">
      </trkpt>
      <trkpt lat="50.122103" lon="18.062514">
      </trkpt>
      <trkpt lat="50.12169" lon="18.053907">
      </trkpt>
      <trkpt lat="50.118339" lon="18.052592">
      </trkpt>
      <trkpt lat="50.117173" lon="18.055565">
      </trkpt>
      <trkpt lat="50.110484" lon="18.059158">
      </trkpt>
      <trkpt lat="50.109149" lon="18.059207">
      </trkpt>
      <trkpt lat="50.106899" lon="18.060261">
      </trkpt>
      <trkpt lat="50.104524" lon="18.061067">
      </trkpt>
      <trkpt lat="50.098036" lon="18.057337">
      </trkpt>
      <trkpt lat="50.098936" lon="18.053951">
      </trkpt>
      <trkpt lat="50.095457" lon="18.053026">
      </trkpt>
      <trkpt lat="50.08729" lon="18.05124">
      </trkpt>
      <trkpt lat="50.087118" lon="18.048555">
      </trkpt>
      <trkpt lat="50.086947" lon="18.045871">
      </trkpt>
      <trkpt lat="50.08878" lon="18.041629">
      </trkpt>
      <trkpt lat="50.091481" lon="18.039639">
      </trkpt>
      <trkpt lat="50.092076" lon="18.037229">
      </trkpt>
      <trkpt lat="50.092671" lon="18.034819">
      </trkpt>
      <trkpt lat="50.089176" lon="18.033956">
      </trkpt>
      <trkpt lat="50.086004" lon="18.037083">
      </trkpt>
      <trkpt lat="50.083378" lon="18.039546">
      </trkpt>
      <trkpt lat="50.083038" lon="18.040911">
      </trkpt>
      <trkpt lat="50.083182" lon="18.043404">
      </trkpt>
      <trkpt lat="50.083354" lon="18.0461">
      </trkpt>
      <trkpt lat="50.083526" lon="18.048785">
      </trkpt>
      <trkpt lat="50.083697" lon="18.051469">
      </trkpt>
      <trkpt lat="50.083869" lon="18.054154">
      </trkpt>
      <trkpt lat="50.083901" lon="18.054847">
      </trkpt>
      <trkpt lat="50.083892" lon="18.055417">
      </trkpt>
      <trkpt lat="50.083838" lon="18.056228">
      </trkpt>
      <trkpt lat="50.08377" lon="18.056812">
      </trkpt>
      <trkpt lat="50.083366" lon="18.059033">
      </trkpt>
      <trkpt lat="50.082946" lon="18.06137">
      </trkpt>
      <trkpt lat="50.082526" lon="18.063706">
      </trkpt>
      <trkpt lat="50.076989" lon="18.068372">
      </trkpt>
      <trkpt lat="50.073894" lon="18.066985">
      </trkpt>
      <trkpt lat="50.071952" lon="18.063884">
      </trkpt>
      <trkpt lat="50.070641" lon="18.055834">
      </trkpt>
      <trkpt lat="50.070205" lon="18.054374">
      </trkpt>
      <trkpt lat="50.070657" lon="18.049903">
      </trkpt>
      <trkpt lat="50.070991" lon="18.048948">
      </trkpt>
      <trkpt lat="50.067722" lon="18.04744">
      </trkpt>
      <trkpt lat="50.062197" lon="18.044345">
      </trkpt>
      <trkpt lat="50.061376" lon="18.043507">
      </trkpt>
      <trkpt lat="50.059583" lon="18.040898">
      </trkpt>
      <trkpt lat="50.057807" lon="18.038313">
      </trkpt>
      <trkpt lat="50.056031" lon="18.035728">
      </trkpt>
      <trkpt lat="50.054254" lon="18.033143">
      </trkpt>
      <trkpt lat="50.056731" lon="18.025753">
      </trkpt>
      <trkpt lat="50.058" lon="18.024888">
      </trkpt>
      <trkpt lat="50.059939" lon="18.023588">
      </trkpt>
      <trkpt lat="50.062426" lon="18.021929">
      </trkpt>
      <trkpt lat="50.064984" lon="18.020193">
      </trkpt>
      <trkpt lat="50.067542" lon="18.018457">
      </trkpt>
      <trkpt lat="50.071615" lon="18.018441">
      </trkpt>
      <trkpt lat="50.075002" lon="18.024369">
      </trkpt>
      <trkpt lat="50.074501" lon="18.02692">
      </trkpt>
      <trkpt lat="50.074011" lon="18.029049">
      </trkpt>
      <trkpt lat="50.073656" lon="18.031297">
      </trkpt>
      <trkpt lat="50.077213" lon="18.031857">
      </trkpt>
      <trkpt lat="50.083328" lon="18.026101">
      </trkpt>
      <trkpt lat="50.084923" lon="18.024202">
      </trkpt>
      <trkpt lat="50.08491" lon="18.023433">
      </trkpt>
      <trkpt lat="50.084937" lon="18.022647">
      </trkpt>
      <trkpt lat="50.085005" lon="18.021566">
      </trkpt>
      <trkpt lat="50.085121" lon="18.020092">
      </trkpt>
      <trkpt lat="50.093705" lon="18.018638">
      </trkpt>
      <trkpt lat="50.094159" lon="18.0194">
      </trkpt>
      <trkpt lat="50.095555" lon="18.022357">
      </trkpt>
      <trkpt lat="50.096488" lon="18.024427">
      </trkpt>
      <trkpt lat="50.096991" lon="18.025301">
      </trkpt>
      <trkpt lat="50.097878" lon="18.026662">
      </trkpt>
      <trkpt lat="50.099702" lon="18.028744">
      </trkpt>
      <trkpt lat="50.100144" lon="18.029318">
      </trkpt>
      <trkpt lat="50.10157" lon="18.030958">
      </trkpt>
      <trkpt lat="50.101917" lon="18.031407">
      </trkpt>
      <trkpt lat="50.102922" lon="18.033527">
      </trkpt>
      <trkpt lat="50.103855" lon="18.035746">
      </trkpt>
      <trkpt lat="50.104185" lon="18.0364">
      </trkpt>
      <trkpt lat="50.104713" lon="18.037308">
      </trkpt>
      <trkpt lat="50.10567" lon="18.040051">
      </trkpt>
      <trkpt lat="50.106203" lon="18.042166">
      </trkpt>
      <trkpt lat="50.106454" lon="18.043075">
      </trkpt>
      <trkpt lat="50.107079" lon="18.044853">
      </trkpt>
      <trkpt lat="50.107705" lon="18.04663">
      </trkpt>
      <trkpt lat="50.111101" lon="18.045436">
      </trkpt>
      <trkpt lat="50.110475" lon="18.043658">
      </trkpt>
      <trkpt lat="50.109679" lon="18.041227">
      </trkpt>
      <trkpt lat="50.109161" lon="18.039171">
      </trkpt>
      <trkpt lat="50.108636" lon="18.037086">
      </trkpt>
      <trkpt lat="50.108012" lon="18.030167">
      </trkpt>
      <trkpt lat="50.105374" lon="18.027717">
      </trkpt>
      <trkpt lat="50.099612" lon="18.022637">
      </trkpt>
      <trkpt lat="50.098843" lon="18.02089">
      </trkpt>
      <trkpt lat="50.097415" lon="18.017864">
      </trkpt>
      <trkpt lat="50.096812" lon="18.01682">
      </trkpt>
      <trkpt lat="50.095715" lon="18.015099">
      </trkpt>
      <trkpt lat="50.094433" lon="18.013404">
      </trkpt>
      <trkpt lat="50.093621" lon="18.012172">
      </trkpt>
      <trkpt lat="50.092478" lon="18.010442">
      </trkpt>
      <trkpt lat="50.091334" lon="18.008709">
      </trkpt>
      <trkpt lat="50.08873" lon="18.003219">
      </trkpt>
      <trkpt lat="50.090491" lon="17.994708">
      </trkpt>
      <trkpt lat="50.09205" lon="17.992803">
      </trkpt>
      <trkpt lat="50.093452" lon="17.99115">
      </trkpt>
      <trkpt lat="50.096127" lon="17.988409">
      </trkpt>
      <trkpt lat="50.096797" lon="17.987698">
      </trkpt>
      <trkpt lat="50.097462" lon="17.98687">
      </trkpt>
      <trkpt lat="50.098" lon="17.986095">
      </trkpt>
      <trkpt lat="50.098574" lon="17.985168">
      </trkpt>
      <trkpt lat="50.098828" lon="17.984612">
      </trkpt>
      <trkpt lat="50.100024" lon="17.981334">
      </trkpt>
      <trkpt lat="50.104607" lon="17.97508">
      </trkpt>
      <trkpt lat="50.107279" lon="17.973418">
      </trkpt>
      <trkpt lat="50.105377" lon="17.970361">
      </trkpt>
      <trkpt lat="50.105994" lon="17.964281">
      </trkpt>
      <trkpt lat="50.104312" lon="17.961099">
      </trkpt>
      <trkpt lat="50.10389" lon="17.961322">
      </trkpt>
      <trkpt lat="50.10318" lon="17.961862">
      </trkpt>
      <trkpt lat="50.102695" lon="17.9624">
      </trkpt>
      <trkpt lat="50.102277" lon="17.963006">
      </trkpt>
      <trkpt lat="50.102013" lon="17.963508">
      </trkpt>
      <trkpt lat="50.100929" lon="17.966141">
      </trkpt>
      <trkpt lat="50.100619" lon="17.966946">
      </trkpt>
      <trkpt lat="50.100239" lon="17.968131">
      </trkpt>
      <trkpt lat="50.099559" lon="17.970243">
      </trkpt>
      <trkpt lat="50.098877" lon="17.972361">
      </trkpt>
      <trkpt lat="50.098652" lon="17.973156">
      </trkpt>
      <trkpt lat="50.098048" lon="17.975459">
      </trkpt>
      <trkpt lat="50.097323" lon="17.97784">
      </trkpt>
      <trkpt lat="50.09658" lon="17.980288">
      </trkpt>
      <trkpt lat="50.095447" lon="17.983375">
      </trkpt>
      <trkpt lat="50.094964" lon="17.984159">
      </trkpt>
      <trkpt lat="50.094507" lon="17.984814">
      </trkpt>
      <trkpt lat="50.094001" lon="17.98543">
      </trkpt>
      <trkpt lat="50.093521" lon="17.985926">
      </trkpt>
      <trkpt lat="50.092124" lon="17.987133">
      </trkpt>
      <trkpt lat="50.09067" lon="17.988865">
      </trkpt>
      <trkpt lat="50.082532" lon="17.986077">
      </trkpt>
      <trkpt lat="50.083129" lon="17.983551">
      </trkpt>
      <trkpt lat="50.083644" lon="17.981427">
      </trkpt>
      <trkpt lat="50.083867" lon="17.98056">
      </trkpt>
      <trkpt lat="50.084044" lon="17.980033">
      </trkpt>
      <trkpt lat="50.084935" lon="17.97785">
      </trkpt>
      <trkpt lat="50.085659" lon="17.976048">
      </trkpt>
      <trkpt lat="50.086375" lon="17.974265">
      </trkpt>
      <trkpt lat="50.087145" lon="17.971885">
      </trkpt>
      <trkpt lat="50.087296" lon="17.971634">
      </trkpt>
      <trkpt lat="50.087439" lon="17.971294">
      </trkpt>
      <trkpt lat="50.090404" lon="17.967323">
      </trkpt>
      <trkpt lat="50.090666" lon="17.965471">
      </trkpt>
      <trkpt lat="50.090913" lon="17.964581">
      </trkpt>
      <trkpt lat="50.090959" lon="17.961189">
      </trkpt>
      <trkpt lat="50.091106" lon="17.960557">
      </trkpt>
      <trkpt lat="50.091431" lon="17.958831">
      </trkpt>
      <trkpt lat="50.091747" lon="17.957049">
      </trkpt>
      <trkpt lat="50.092076" lon="17.955187">
      </trkpt>
      <trkpt lat="50.092295" lon="17.953508">
      </trkpt>
      <trkpt lat="50.093066" lon="17.949227">
      </trkpt>
      <trkpt lat="50.094966" lon="17.946082">
      </trkpt>
      <trkpt lat="50.094957" lon="17.945611">
      </trkpt>
      <trkpt lat="50.094995" lon="17.944239">
      </trkpt>
      <trkpt lat="50.092473" lon="17.935894">
      </trkpt>
      <trkpt lat="50.092387" lon="17.93435">
      </trkpt>
      <trkpt lat="50.088792" lon="17.934551">
      </trkpt>
      <trkpt lat="50.088879" lon="17.936095">
      </trkpt>
      <trkpt lat="50.088872" lon="17.936704">
      </trkpt>
      <trkpt lat="50.0885" lon="17.939353">
      </trkpt>
      <trkpt lat="50.087757" lon="17.941681">
      </trkpt>
      <trkpt lat="50.087763" lon="17.941725">
      </trkpt>
      <trkpt lat="50.087678" lon="17.947237">
      </trkpt>
      <trkpt lat="50.086844" lon="17.950739">
      </trkpt>
      <trkpt lat="50.083602" lon="17.958751">
      </trkpt>
      <trkpt lat="50.079863" lon="17.960678">
      </trkpt>
      <trkpt lat="50.077921" lon="17.963709">
      </trkpt>
      <trkpt lat="50.080362" lon="17.97075">
      </trkpt>
      <trkpt lat="50.080711" lon="17.978672">
      </trkpt>
      <trkpt lat="50.08046" lon="17.979395">
      </trkpt>
      <trkpt lat="50.080162" lon="17.980512">
      </trkpt>
      <trkpt lat="50.07191" lon="17.983446">
      </trkpt>
      <trkpt lat="50.071157" lon="17.983006">
      </trkpt>
      <trkpt lat="50.069612" lon="17.982336">
      </trkpt>
      <trkpt lat="50.069056" lon="17.9821">
      </trkpt>
      <trkpt lat="50.066302" lon="17.982151">
      </trkpt>
      <trkpt lat="50.065889" lon="17.983945">
      </trkpt>
      <trkpt lat="50.06436" lon="17.987869">
      </trkpt>
      <trkpt lat="50.059749" lon="17.993337">
      </trkpt>
      <trkpt lat="50.054271" lon="17.996193">
      </trkpt>
      <trkpt lat="50.051897" lon="17.99605">
      </trkpt>
      <trkpt lat="50.050461" lon="17.995975">
      </trkpt>
      <trkpt lat="50.046093" lon="17.995208">
      </trkpt>
      <trkpt lat="50.043492" lon="17.994412">
      </trkpt>
      <trkpt lat="50.041201" lon="17.993634">
      </trkpt>
      <trkpt lat="50.040114" lon="17.99332">
      </trkpt>
      <trkpt lat="50.039754" lon="17.993196">
      </trkpt>
      <trkpt lat="50.038768" lon="17.993109">
      </trkpt>
      <trkpt lat="50.035704" lon="17.994166">
      </trkpt>
      <trkpt lat="50.034871" lon="17.994691">
      </trkpt>
      <trkpt lat="50.032827" lon="17.996852">
      </trkpt>
      <trkpt lat="50.031057" lon="17.998772">
      </trkpt>
      <trkpt lat="50.023978" lon="17.993356">
      </trkpt>
      <trkpt lat="50.024775" lon="17.99124">
      </trkpt>
      <trkpt lat="50.02486" lon="17.990883">
      </trkpt>
      <trkpt lat="50.025099" lon="17.989612">
      </trkpt>
      <trkpt lat="50.02518" lon="17.988877">
      </trkpt>
      <trkpt lat="50.024879" lon="17.985135">
      </trkpt>
      <trkpt lat="50.024769" lon="17.98476">
      </trkpt>
      <trkpt lat="50.024635" lon="17.984401">
      </trkpt>
      <trkpt lat="50.023388" lon="17.978986">
      </trkpt>
      <trkpt lat="50.023216" lon="17.977415">
      </trkpt>
      <trkpt lat="50.023774" lon="17.971089">
      </trkpt>
      <trkpt lat="50.023522" lon="17.967537">
      </trkpt>
      <trkpt lat="50.022846" lon="17.967564">
      </trkpt>
      <trkpt lat="50.021486" lon="17.968309">
      </trkpt>
      <trkpt lat="50.016465" lon="17.970651">
      </trkpt>
      <trkpt lat="50.015904" lon="17.971341">
      </trkpt>
      <trkpt lat="50.015565" lon="17.971883">
      </trkpt>
      <trkpt lat="50.016809" lon="17.974662">
      </trkpt>
      <trkpt lat="50.016991" lon="17.975029">
      </trkpt>
      <trkpt lat="50.019807" lon="17.979352">
      </trkpt>
      <trkpt lat="50.020259" lon="17.983318">
      </trkpt>
      <trkpt lat="50.020653" lon="17.984283">
      </trkpt>
      <trkpt lat="50.020618" lon="17.992064">
      </trkpt>
      <trkpt lat="50.019889" lon="17.993959">
      </trkpt>
      <trkpt lat="50.019622" lon="17.994978">
      </trkpt>
      <trkpt lat="50.019535" lon="17.995525">
      </trkpt>
      <trkpt lat="50.019487" lon="17.996078">
      </trkpt>
      <trkpt lat="50.019481" lon="17.99686">
      </trkpt>
      <trkpt lat="50.018731" lon="18.001029">
      </trkpt>
      <trkpt lat="50.018527" lon="18.001521">
      </trkpt>
      <trkpt lat="50.017877" lon="18.002955">
      </trkpt>
      <trkpt lat="50.01748" lon="18.004233">
      </trkpt>
      <trkpt lat="50.017372" lon="18.004649">
      </trkpt>
      <trkpt lat="50.017271" lon="18.005104">
      </trkpt>
      <trkpt lat="50.017199" lon="18.005583">
      </trkpt>
      <trkpt lat="50.017181" lon="18.006156">
      </trkpt>
      <trkpt lat="50.017204" lon="18.006639">
      </trkpt>
      <trkpt lat="50.017386" lon="18.009116">
      </trkpt>
      <trkpt lat="50.017566" lon="18.011561">
      </trkpt>
      <trkpt lat="50.011614" lon="18.017315">
      </trkpt>
      <trkpt lat="50.009415" lon="18.015546">
      </trkpt>
      <trkpt lat="50.008254" lon="18.009387">
      </trkpt>
      <trkpt lat="50.008102" lon="18.00924">
      </trkpt>
      <trkpt lat="50.005593" lon="18.006659">
      </trkpt>
      <trkpt lat="50.002012" lon="17.99981">
      </trkpt>
      <trkpt lat="50.001648" lon="17.998471">
      </trkpt>
      <trkpt lat="50.001456" lon="17.997973">
      </trkpt>
      <trkpt lat="50.00108" lon="17.997392">
      </trkpt>
      <trkpt lat="49.994356" lon="17.993026">
      </trkpt>
      <trkpt lat="49.991335" lon="17.990918">
      </trkpt>
      <trkpt lat="49.984742" lon="17.987849">
      </trkpt>
      <trkpt lat="49.984458" lon="17.980084">
      </trkpt>
      <trkpt lat="49.985456" lon="17.977405">
      </trkpt>
      <trkpt lat="49.986271" lon="17.975086">
      </trkpt>
      <trkpt lat="49.988014" lon="17.972434">
      </trkpt>
      <trkpt lat="49.996807" lon="17.974272">
      </trkpt>
      <trkpt lat="49.998371" lon="17.977442">
      </trkpt>
      <trkpt lat="49.999529" lon="17.979702">
      </trkpt>
      <trkpt lat="50.000436" lon="17.981576">
      </trkpt>
      <trkpt lat="50.000821" lon="17.982331">
      </trkpt>
      <trkpt lat="50.004113" lon="17.980875">
      </trkpt>
      <trkpt lat="50.003648" lon="17.97995">
      </trkpt>
      <trkpt lat="50.00277" lon="17.978135">
      </trkpt>
      <trkpt lat="50.001575" lon="17.975801">
      </trkpt>
      <trkpt lat="50.000036" lon="17.97268">
      </trkpt>
      <trkpt lat="49.999471" lon="17.971567">
      </trkpt>
      <trkpt lat="49.997983" lon="17.966608">
      </trkpt>
      <trkpt lat="49.997775" lon="17.965609">
      </trkpt>
      <trkpt lat="49.997436" lon="17.964878">
      </trkpt>
      <trkpt lat="49.996477" lon="17.963448">
      </trkpt>
      <trkpt lat="49.994665" lon="17.95511">
      </trkpt>
      <trkpt lat="49.991721" lon="17.948959">
      </trkpt>
      <trkpt lat="49.992145" lon="17.946174">
      </trkpt>
      <trkpt lat="49.998484" lon="17.940255">
      </trkpt>
      <trkpt lat="50.002494" lon="17.938852">
      </trkpt>
      <trkpt lat="50.010699" lon="17.942048">
      </trkpt>
      <trkpt lat="50.01059" lon="17.943992">
      </trkpt>
      <trkpt lat="50.01048" lon="17.945951">
      </trkpt>
      <trkpt lat="50.014076" lon="17.946124">
      </trkpt>
      <trkpt lat="50.014184" lon="17.944194">
      </trkpt>
      <trkpt lat="50.014293" lon="17.942249">
      </trkpt>
      <trkpt lat="50.023073" lon="17.940834">
      </trkpt>
      <trkpt lat="50.024267" lon="17.94248">
      </trkpt>
      <trkpt lat="50.025628" lon="17.944324">
      </trkpt>
      <trkpt lat="50.026502" lon="17.945134">
      </trkpt>
      <trkpt lat="50.031199" lon="17.951488">
      </trkpt>
      <trkpt lat="50.031963" lon="17.954218">
      </trkpt>
      <trkpt lat="50.032127" lon="17.954551">
      </trkpt>
      <trkpt lat="50.03253" lon="17.955122">
      </trkpt>
      <trkpt lat="50.032738" lon="17.955324">
      </trkpt>
      <trkpt lat="50.033681" lon="17.956129">
      </trkpt>
      <trkpt lat="50.034358" lon="17.956792">
      </trkpt>
      <trkpt lat="50.035421" lon="17.957977">
      </trkpt>
      <trkpt lat="50.038163" lon="17.960987">
      </trkpt>
      <trkpt lat="50.03951" lon="17.962445">
      </trkpt>
      <trkpt lat="50.041049" lon="17.964072">
      </trkpt>
      <trkpt lat="50.045326" lon="17.969444">
      </trkpt>
      <trkpt lat="50.047243" lon="17.976815">
      </trkpt>
      <trkpt lat="50.047257" lon="17.977374">
      </trkpt>
      <trkpt lat="50.04732" lon="17.97779">
      </trkpt>
      <trkpt lat="50.04765" lon="17.98033">
      </trkpt>
      <trkpt lat="50.047805" lon="17.981135">
      </trkpt>
      <trkpt lat="50.047947" lon="17.981556">
      </trkpt>
      <trkpt lat="50.048271" lon="17.982187">
      </trkpt>
      <trkpt lat="50.048621" lon="17.982591">
      </trkpt>
      <trkpt lat="50.049059" lon="17.982923">
      </trkpt>
      <trkpt lat="50.049527" lon="17.983142">
      </trkpt>
      <trkpt lat="50.04984" lon="17.983231">
      </trkpt>
      <trkpt lat="50.05041" lon="17.983291">
      </trkpt>
      <trkpt lat="50.051259" lon="17.980145">
      </trkpt>
      <trkpt lat="50.051199" lon="17.979728">
      </trkpt>
      <trkpt lat="50.051112" lon="17.978391">
      </trkpt>
      <trkpt lat="50.052155" lon="17.972662">
      </trkpt>
      <trkpt lat="50.052661" lon="17.971482">
      </trkpt>
      <trkpt lat="50.055277" lon="17.96833">
      </trkpt>
      <trkpt lat="50.056114" lon="17.967134">
      </trkpt>
      <trkpt lat="50.057189" lon="17.964468">
      </trkpt>
      <trkpt lat="50.05704" lon="17.963581">
      </trkpt>
      <trkpt lat="50.056882" lon="17.96278">
      </trkpt>
      <trkpt lat="50.057424" lon="17.957101">
      </trkpt>
      <trkpt lat="50.056858" lon="17.951705">
      </trkpt>
      <trkpt lat="50.058632" lon="17.943078">
      </trkpt>
      <trkpt lat="50.061047" lon="17.940407">
      </trkpt>
      <trkpt lat="50.061056" lon="17.940336">
      </trkpt>
      <trkpt lat="50.060841" lon="17.939872">
      </trkpt>
      <trkpt lat="50.060064" lon="17.9367">
      </trkpt>
      <trkpt lat="50.059959" lon="17.934446">
      </trkpt>
      <trkpt lat="50.06008" lon="17.933377">
      </trkpt>
      <trkpt lat="50.060159" lon="17.932743">
      </trkpt>
      <trkpt lat="50.060276" lon="17.930605">
      </trkpt>
      <trkpt lat="50.067952" lon="17.925962">
      </trkpt>
      <trkpt lat="50.069256" lon="17.926278">
      </trkpt>
      <trkpt lat="50.072605" lon="17.926829">
      </trkpt>
      <trkpt lat="50.07593" lon="17.927375">
      </trkpt>
      <trkpt lat="50.079314" lon="17.928666">
      </trkpt>
      <trkpt lat="50.081469" lon="17.92666">
      </trkpt>
      <trkpt lat="50.082784" lon="17.925873">
      </trkpt>
      <trkpt lat="50.082305" lon="17.923211">
      </trkpt>
      <trkpt lat="50.082048" lon="17.923126">
      </trkpt>
      <trkpt lat="50.080917" lon="17.923102">
      </trkpt>
      <trkpt lat="50.075167" lon="17.922538">
      </trkpt>
      <trkpt lat="50.069367" lon="17.917564">
      </trkpt>
      <trkpt lat="50.065824" lon="17.91693">
      </trkpt>
      <trkpt lat="50.057912" lon="17.915542">
      </trkpt>
      <trkpt lat="50.05739" lon="17.912076">
      </trkpt>
      <trkpt lat="50.058182" lon="17.906591">
      </trkpt>
      <trkpt lat="50.055675" lon="17.904008">
      </trkpt>
      <trkpt lat="50.053792" lon="17.897556">
      </trkpt>
      <trkpt lat="50.051091" lon="17.894513">
      </trkpt>
      <trkpt lat="50.051777" lon="17.887319">
      </trkpt>
      <trkpt lat="50.049403" lon="17.884613">
      </trkpt>
      <trkpt lat="50.048895" lon="17.883689">
      </trkpt>
      <trkpt lat="50.04528" lon="17.886578">
      </trkpt>
      <trkpt lat="50.037424" lon="17.883211">
      </trkpt>
      <trkpt lat="50.036417" lon="17.880108">
      </trkpt>
      <trkpt lat="50.035604" lon="17.877624">
      </trkpt>
      <trkpt lat="50.035401" lon="17.877075">
      </trkpt>
      <trkpt lat="50.035174" lon="17.876587">
      </trkpt>
      <trkpt lat="50.034219" lon="17.875218">
      </trkpt>
      <trkpt lat="50.033111" lon="17.873763">
      </trkpt>
      <trkpt lat="50.030856" lon="17.870927">
      </trkpt>
      <trkpt lat="50.028131" lon="17.868808">
      </trkpt>
      <trkpt lat="50.030009" lon="17.861452">
      </trkpt>
      <trkpt lat="50.030183" lon="17.861308">
      </trkpt>
      <trkpt lat="50.03184" lon="17.860145">
      </trkpt>
      <trkpt lat="50.033453" lon="17.859012">
      </trkpt>
      <trkpt lat="50.04082" lon="17.86262">
      </trkpt>
      <trkpt lat="50.040885" lon="17.864779">
      </trkpt>
      <trkpt lat="50.041549" lon="17.867924">
      </trkpt>
      <trkpt lat="50.043528" lon="17.869225">
      </trkpt>
      <trkpt lat="50.044511" lon="17.870497">
      </trkpt>
      <trkpt lat="50.047476" lon="17.872539">
      </trkpt>
      <trkpt lat="50.053615" lon="17.871715">
      </trkpt>
      <trkpt lat="50.056105" lon="17.868299">
      </trkpt>
      <trkpt lat="50.055373" lon="17.862262">
      </trkpt>
      <trkpt lat="50.055376" lon="17.862198">
      </trkpt>
      <trkpt lat="50.061727" lon="17.856098">
      </trkpt>
      <trkpt lat="50.064431" lon="17.856806">
      </trkpt>
      <trkpt lat="50.06526" lon="17.85679">
      </trkpt>
      <trkpt lat="50.065979" lon="17.855604">
      </trkpt>
      <trkpt lat="50.066207" lon="17.855245">
      </trkpt>
      <trkpt lat="50.07142" lon="17.850789">
      </trkpt>
      <trkpt lat="50.077534" lon="17.851893">
      </trkpt>
      <trkpt lat="50.077659" lon="17.85189">
      </trkpt>
      <trkpt lat="50.079291" lon="17.850721">
      </trkpt>
      <trkpt lat="50.079283" lon="17.850073">
      </trkpt>
      <trkpt lat="50.07924" lon="17.846891">
      </trkpt>
      <trkpt lat="50.07643" lon="17.846579">
      </trkpt>
      <trkpt lat="50.075873" lon="17.846411">
      </trkpt>
      <trkpt lat="50.075022" lon="17.846093">
      </trkpt>
      <trkpt lat="50.072445" lon="17.837958">
      </trkpt>
      <trkpt lat="50.073292" lon="17.835111">
      </trkpt>
      <trkpt lat="50.073292" lon="17.834386">
      </trkpt>
      <trkpt lat="50.073209" lon="17.831234">
      </trkpt>
      <trkpt lat="50.069813" lon="17.830039">
      </trkpt>
      <trkpt lat="50.069391" lon="17.831238">
      </trkpt>
      <trkpt lat="50.068998" lon="17.832153">
      </trkpt>
      <trkpt lat="50.068842" lon="17.832855">
      </trkpt>
      <trkpt lat="50.068841" lon="17.833261">
      </trkpt>
      <trkpt lat="50.069007" lon="17.83392">
      </trkpt>
      <trkpt lat="50.069014" lon="17.836868">
      </trkpt>
      <trkpt lat="50.0615" lon="17.8402">
      </trkpt>
      <trkpt lat="50.060709" lon="17.83996">
      </trkpt>
      <trkpt lat="50.060152" lon="17.83986">
      </trkpt>
      <trkpt lat="50.059348" lon="17.839829">
      </trkpt>
      <trkpt lat="50.058756" lon="17.839879">
      </trkpt>
      <trkpt lat="50.051746" lon="17.838823">
      </trkpt>
      <trkpt lat="50.048197" lon="17.832506">
      </trkpt>
      <trkpt lat="50.047931" lon="17.828659">
      </trkpt>
      <trkpt lat="50.047794" lon="17.826496">
      </trkpt>
      <trkpt lat="50.047659" lon="17.824552">
      </trkpt>
      <trkpt lat="50.047663" lon="17.824131">
      </trkpt>
      <trkpt lat="50.0486" lon="17.819737">
      </trkpt>
      <trkpt lat="50.049544" lon="17.815309">
      </trkpt>
      <trkpt lat="50.051501" lon="17.811058">
      </trkpt>
      <trkpt lat="50.052944" lon="17.805408">
      </trkpt>
      <trkpt lat="50.05294" lon="17.805169">
      </trkpt>
      <trkpt lat="50.052468" lon="17.801231">
      </trkpt>
      <trkpt lat="50.0522" lon="17.795708">
      </trkpt>
      <trkpt lat="50.050478" lon="17.794301">
      </trkpt>
      <trkpt lat="50.050352" lon="17.794298">
      </trkpt>
      <trkpt lat="50.04865" lon="17.795107">
      </trkpt>
      <trkpt lat="50.048533" lon="17.795797">
      </trkpt>
      <trkpt lat="50.041837" lon="17.801114">
      </trkpt>
      <trkpt lat="50.034785" lon="17.798988">
      </trkpt>
      <trkpt lat="50.033941" lon="17.798248">
      </trkpt>
      <trkpt lat="50.033551" lon="17.797924">
      </trkpt>
      <trkpt lat="50.033238" lon="17.797702">
      </trkpt>
      <trkpt lat="50.032779" lon="17.797465">
      </trkpt>
      <trkpt lat="50.032263" lon="17.797304">
      </trkpt>
      <trkpt lat="50.030196" lon="17.796977">
      </trkpt>
      <trkpt lat="50.027773" lon="17.788532">
      </trkpt>
      <trkpt lat="50.028232" lon="17.787706">
      </trkpt>
      <trkpt lat="50.028404" lon="17.787308">
      </trkpt>
      <trkpt lat="50.023562" lon="17.780635">
      </trkpt>
      <trkpt lat="50.02383" lon="17.779316">
      </trkpt>
      <trkpt lat="50.02778" lon="17.774181">
      </trkpt>
      <trkpt lat="50.029249" lon="17.773412">
      </trkpt>
      <trkpt lat="50.030932" lon="17.77254">
      </trkpt>
      <trkpt lat="50.033663" lon="17.767821">
      </trkpt>
      <trkpt lat="50.033978" lon="17.767502">
      </trkpt>
      <trkpt lat="50.034381" lon="17.76702">
      </trkpt>
      <trkpt lat="50.035254" lon="17.765724">
      </trkpt>
      <trkpt lat="50.035595" lon="17.764961">
      </trkpt>
      <trkpt lat="50.036448" lon="17.762286">
      </trkpt>
      <trkpt lat="50.038424" lon="17.759696">
      </trkpt>
      <trkpt lat="50.041981" lon="17.757844">
      </trkpt>
      <trkpt lat="50.047849" lon="17.762677">
      </trkpt>
      <trkpt lat="50.048109" lon="17.76455">
      </trkpt>
      <trkpt lat="50.048503" lon="17.766487">
      </trkpt>
      <trkpt lat="50.048791" lon="17.767834">
      </trkpt>
      <trkpt lat="50.048947" lon="17.76842">
      </trkpt>
      <trkpt lat="50.049617" lon="17.771976">
      </trkpt>
      <trkpt lat="50.049605" lon="17.773044">
      </trkpt>
      <trkpt lat="50.049666" lon="17.773465">
      </trkpt>
      <trkpt lat="50.04975" lon="17.773823">
      </trkpt>
      <trkpt lat="50.053253" lon="17.772993">
      </trkpt>
      <trkpt lat="50.053475" lon="17.769933">
      </trkpt>
      <trkpt lat="50.053521" lon="17.769509">
      </trkpt>
      <trkpt lat="50.053521" lon="17.769231">
      </trkpt>
      <trkpt lat="50.053494" lon="17.768487">
      </trkpt>
      <trkpt lat="50.051553" lon="17.76003">
      </trkpt>
      <trkpt lat="50.051576" lon="17.759197">
      </trkpt>
      <trkpt lat="50.051519" lon="17.758505">
      </trkpt>
      <trkpt lat="50.051422" lon="17.758007">
      </trkpt>
      <trkpt lat="50.053869" lon="17.749452">
      </trkpt>
      <trkpt lat="50.055682" lon="17.747419">
      </trkpt>
      <trkpt lat="50.060802" lon="17.743404">
      </trkpt>
      <trkpt lat="50.063485" lon="17.742344">
      </trkpt>
      <trkpt lat="50.066568" lon="17.741668">
      </trkpt>
      <trkpt lat="50.066642" lon="17.741619">
      </trkpt>
      <trkpt lat="50.068396" lon="17.739876">
      </trkpt>
      <trkpt lat="50.06616" lon="17.737055">
      </trkpt>
      <trkpt lat="50.059078" lon="17.735301">
      </trkpt>
      <trkpt lat="50.058405" lon="17.736854">
      </trkpt>
      <trkpt lat="50.056013" lon="17.741943">
      </trkpt>
      <trkpt lat="50.048624" lon="17.738008">
      </trkpt>
      <trkpt lat="50.048609" lon="17.736997">
      </trkpt>
      <trkpt lat="50.048539" lon="17.734609">
      </trkpt>
      <trkpt lat="50.048374" lon="17.733724">
      </trkpt>
      <trkpt lat="50.048115" lon="17.732839">
      </trkpt>
      <trkpt lat="50.04788" lon="17.731959">
      </trkpt>
      <trkpt lat="50.045886" lon="17.731568">
      </trkpt>
      <trkpt lat="50.045801" lon="17.731597">
      </trkpt>
      <trkpt lat="50.044401" lon="17.732886">
      </trkpt>
      <trkpt lat="50.044636" lon="17.733766">
      </trkpt>
      <trkpt lat="50.04499" lon="17.735216">
      </trkpt>
      <trkpt lat="50.045009" lon="17.737072">
      </trkpt>
      <trkpt lat="50.043499" lon="17.741449">
      </trkpt>
      <trkpt lat="50.043492" lon="17.742036">
      </trkpt>
      <trkpt lat="50.043521" lon="17.743186">
      </trkpt>
      <trkpt lat="50.043549" lon="17.74385">
      </trkpt>
      <trkpt lat="50.043573" lon="17.744819">
      </trkpt>
      <trkpt lat="50.043575" lon="17.745418">
      </trkpt>
      <trkpt lat="50.041724" lon="17.751678">
      </trkpt>
      <trkpt lat="50.036717" lon="17.75649">
      </trkpt>
      <trkpt lat="50.036125" lon="17.756924">
      </trkpt>
      <trkpt lat="50.033631" lon="17.759982">
      </trkpt>
      <trkpt lat="50.033269" lon="17.760599">
      </trkpt>
      <trkpt lat="50.032176" lon="17.763835">
      </trkpt>
      <trkpt lat="50.02893" lon="17.766257">
      </trkpt>
      <trkpt lat="50.022016" lon="17.762382">
      </trkpt>
      <trkpt lat="50.022117" lon="17.758783">
      </trkpt>
      <trkpt lat="50.022485" lon="17.752473">
      </trkpt>
      <trkpt lat="50.022705" lon="17.74888">
      </trkpt>
      <trkpt lat="50.028059" lon="17.741904">
      </trkpt>
      <trkpt lat="50.030122" lon="17.739586">
      </trkpt>
      <trkpt lat="50.030436" lon="17.73933">
      </trkpt>
      <trkpt lat="50.030642" lon="17.738093">
      </trkpt>
      <trkpt lat="50.030676" lon="17.73734">
      </trkpt>
      <trkpt lat="50.027354" lon="17.736871">
      </trkpt>
      <trkpt lat="50.023018" lon="17.729091">
      </trkpt>
      <trkpt lat="50.024033" lon="17.727042">
      </trkpt>
      <trkpt lat="50.025048" lon="17.724993">
      </trkpt>
      <trkpt lat="50.021233" lon="17.717012">
      </trkpt>
      <trkpt lat="50.017718" lon="17.716231">
      </trkpt>
      <trkpt lat="50.012557" lon="17.717772">
      </trkpt>
      <trkpt lat="50.010126" lon="17.718606">
      </trkpt>
      <trkpt lat="50.010006" lon="17.718778">
      </trkpt>
      <trkpt lat="50.009508" lon="17.719685">
      </trkpt>
      <trkpt lat="50.010077" lon="17.720592">
      </trkpt>
      <trkpt lat="50.01101" lon="17.72241">
      </trkpt>
      <trkpt lat="50.011695" lon="17.725393">
      </trkpt>
      <trkpt lat="50.012391" lon="17.728418">
      </trkpt>
      <trkpt lat="50.011238" lon="17.736875">
      </trkpt>
      <trkpt lat="50.011118" lon="17.737284">
      </trkpt>
      <trkpt lat="50.010895" lon="17.738413">
      </trkpt>
      <trkpt lat="50.010591" lon="17.739827">
      </trkpt>
      <trkpt lat="50.011618" lon="17.742796">
      </trkpt>
      <trkpt lat="50.013472" lon="17.748882">
      </trkpt>
      <trkpt lat="50.013383" lon="17.749805">
      </trkpt>
      <trkpt lat="50.013294" lon="17.750535">
      </trkpt>
      <trkpt lat="50.013215" lon="17.751383">
      </trkpt>
      <trkpt lat="50.013192" lon="17.751691">
      </trkpt>
      <trkpt lat="50.013184" lon="17.752378">
      </trkpt>
      <trkpt lat="50.013247" lon="17.753433">
      </trkpt>
      <trkpt lat="50.01335" lon="17.754495">
      </trkpt>
      <trkpt lat="50.013437" lon="17.755092">
      </trkpt>
      <trkpt lat="50.013581" lon="17.755673">
      </trkpt>
      <trkpt lat="50.013708" lon="17.756039">
      </trkpt>
      <trkpt lat="50.015916" lon="17.759734">
      </trkpt>
      <trkpt lat="50.016521" lon="17.765205">
      </trkpt>
      <trkpt lat="50.014758" lon="17.768976">
      </trkpt>
      <trkpt lat="50.015107" lon="17.770369">
      </trkpt>
      <trkpt lat="50.015467" lon="17.771537">
      </trkpt>
      <trkpt lat="50.015597" lon="17.771992">
      </trkpt>
      <trkpt lat="50.014526" lon="17.777573">
      </trkpt>
      <trkpt lat="50.009794" lon="17.7798">
      </trkpt>
      <trkpt lat="50.009338" lon="17.785688">
      </trkpt>
      <trkpt lat="50.007123" lon="17.789043">
      </trkpt>
      <trkpt lat="49.998422" lon="17.78807">
      </trkpt>
      <trkpt lat="49.998027" lon="17.786523">
      </trkpt>
      <trkpt lat="49.997797" lon="17.785726">
      </trkpt>
      <trkpt lat="49.99547" lon="17.782666">
      </trkpt>
      <trkpt lat="49.994891" lon="17.781986">
      </trkpt>
      <trkpt lat="49.994753" lon="17.781842">
      </trkpt>
      <trkpt lat="49.993205" lon="17.780187">
      </trkpt>
      <trkpt lat="49.99016" lon="17.782241">
      </trkpt>
      <trkpt lat="49.981834" lon="17.779735">
      </trkpt>
      <trkpt lat="49.980291" lon="17.776262">
      </trkpt>
      <trkpt lat="49.97966" lon="17.77365">
      </trkpt>
      <trkpt lat="49.979323" lon="17.771637">
      </trkpt>
      <trkpt lat="49.978269" lon="17.763861">
      </trkpt>
      <trkpt lat="49.979268" lon="17.761554">
      </trkpt>
      <trkpt lat="49.979924" lon="17.760269">
      </trkpt>
      <trkpt lat="49.980325" lon="17.759319">
      </trkpt>
      <trkpt lat="49.980637" lon="17.758371">
      </trkpt>
      <trkpt lat="49.980882" lon="17.757275">
      </trkpt>
      <trkpt lat="49.980988" lon="17.75636">
      </trkpt>
      <trkpt lat="49.981047" lon="17.755416">
      </trkpt>
      <trkpt lat="49.981018" lon="17.754387">
      </trkpt>
      <trkpt lat="49.980674" lon="17.752142">
      </trkpt>
      <trkpt lat="49.98004" lon="17.749023">
      </trkpt>
      <trkpt lat="49.986347" lon="17.742607">
      </trkpt>
      <trkpt lat="49.989778" lon="17.744522">
      </trkpt>
      <trkpt lat="49.991755" lon="17.745533">
      </trkpt>
      <trkpt lat="49.9954" lon="17.750605">
      </trkpt>
      <trkpt lat="49.998873" lon="17.749658">
      </trkpt>
      <trkpt lat="49.998519" lon="17.748029">
      </trkpt>
      <trkpt lat="49.998394" lon="17.747256">
      </trkpt>
      <trkpt lat="49.998213" lon="17.746641">
      </trkpt>
      <trkpt lat="49.997206" lon="17.744738">
      </trkpt>
      <trkpt lat="49.996597" lon="17.743995">
      </trkpt>
      <trkpt lat="49.993298" lon="17.74228">
      </trkpt>
      <trkpt lat="49.991418" lon="17.741317">
      </trkpt>
      <trkpt lat="49.991569" lon="17.733083">
      </trkpt>
      <trkpt lat="49.995482" lon="17.731513">
      </trkpt>
      <trkpt lat="49.99581" lon="17.731175">
      </trkpt>
      <trkpt lat="49.996009" lon="17.730979">
      </trkpt>
      <trkpt lat="49.996258" lon="17.730607">
      </trkpt>
      <trkpt lat="49.996479" lon="17.730168">
      </trkpt>
      <trkpt lat="49.996665" lon="17.729701">
      </trkpt>
      <trkpt lat="49.997024" lon="17.728618">
      </trkpt>
      <trkpt lat="49.997248" lon="17.727289">
      </trkpt>
      <trkpt lat="49.99785" lon="17.724179">
      </trkpt>
      <trkpt lat="49.998214" lon="17.723207">
      </trkpt>
      <trkpt lat="49.998522" lon="17.721557">
      </trkpt>
      <trkpt lat="49.99875" lon="17.718928">
      </trkpt>
      <trkpt lat="49.998728" lon="17.716888">
      </trkpt>
      <trkpt lat="49.999556" lon="17.712938">
      </trkpt>
      <trkpt lat="50.000153" lon="17.71136">
      </trkpt>
      <trkpt lat="50.000263" lon="17.710489">
      </trkpt>
      <trkpt lat="50.000165" lon="17.709178">
      </trkpt>
      <trkpt lat="49.996575" lon="17.709448">
      </trkpt>
      <trkpt lat="49.991692" lon="17.711487">
      </trkpt>
      <trkpt lat="49.984191" lon="17.70713">
      </trkpt>
      <trkpt lat="49.986269" lon="17.70212">
      </trkpt>
      <trkpt lat="49.987266" lon="17.701294">
      </trkpt>
      <trkpt lat="49.985908" lon="17.69796">
      </trkpt>
      <trkpt lat="49.9845" lon="17.69441">
      </trkpt>
      <trkpt lat="49.983542" lon="17.688786">
      </trkpt>
      <trkpt lat="49.987015" lon="17.681763">
      </trkpt>
      <trkpt lat="49.989916" lon="17.67963">
      </trkpt>
      <trkpt lat="49.990559" lon="17.671394">
      </trkpt>
      <trkpt lat="49.992583" lon="17.66922">
      </trkpt>
      <trkpt lat="49.994037" lon="17.666118">
      </trkpt>
      <trkpt lat="49.993824" lon="17.66599">
      </trkpt>
      <trkpt lat="49.993388" lon="17.665788">
      </trkpt>
      <trkpt lat="49.992949" lon="17.66566">
      </trkpt>
      <trkpt lat="49.992175" lon="17.665643">
      </trkpt>
      <trkpt lat="49.991312" lon="17.665845">
      </trkpt>
      <trkpt lat="49.990454" lon="17.66615">
      </trkpt>
      <trkpt lat="49.990025" lon="17.666355">
      </trkpt>
      <trkpt lat="49.989599" lon="17.666623">
      </trkpt>
      <trkpt lat="49.989178" lon="17.666983">
      </trkpt>
      <trkpt lat="49.980724" lon="17.665892">
      </trkpt>
      <trkpt lat="49.98" lon="17.662948">
      </trkpt>
      <trkpt lat="49.979151" lon="17.659498">
      </trkpt>
      <trkpt lat="49.978305" lon="17.656056">
      </trkpt>
      <trkpt lat="49.977849" lon="17.654167">
      </trkpt>
      <trkpt lat="49.977182" lon="17.650019">
      </trkpt>
      <trkpt lat="49.976982" lon="17.647766">
      </trkpt>
      <trkpt lat="49.97691" lon="17.6474">
      </trkpt>
      <trkpt lat="49.976757" lon="17.646918">
      </trkpt>
      <trkpt lat="49.976524" lon="17.646433">
      </trkpt>
      <trkpt lat="49.975611" lon="17.644888">
      </trkpt>
      <trkpt lat="49.972512" lon="17.646721">
      </trkpt>
      <trkpt lat="49.973774" lon="17.652409">
      </trkpt>
      <trkpt lat="49.97387" lon="17.653005">
      </trkpt>
      <trkpt lat="49.97435" lon="17.655011">
      </trkpt>
      <trkpt lat="49.974805" lon="17.6569">
      </trkpt>
      <trkpt lat="49.975655" lon="17.660357">
      </trkpt>
      <trkpt lat="49.976504" lon="17.663807">
      </trkpt>
      <trkpt lat="49.97723" lon="17.666758">
      </trkpt>
      <trkpt lat="49.977762" lon="17.668904">
      </trkpt>
      <trkpt lat="49.978685" lon="17.672738">
      </trkpt>
      <trkpt lat="49.975057" lon="17.677663">
      </trkpt>
      <trkpt lat="49.974434" lon="17.67863">
      </trkpt>
      <trkpt lat="49.974268" lon="17.67893">
      </trkpt>
      <trkpt lat="49.968709" lon="17.68468">
      </trkpt>
      <trkpt lat="49.965458" lon="17.686227">
      </trkpt>
      <trkpt lat="49.958464" lon="17.685897">
      </trkpt>
      <trkpt lat="49.956214" lon="17.683186">
      </trkpt>
      <trkpt lat="49.956077" lon="17.682951">
      </trkpt>
      <trkpt lat="49.952962" lon="17.684754">
      </trkpt>
      <trkpt lat="49.953098" lon="17.68499">
      </trkpt>
      <trkpt lat="49.954597" lon="17.687197">
      </trkpt>
      <trkpt lat="49.955493" lon="17.689573">
      </trkpt>
      <trkpt lat="49.955589" lon="17.689867">
      </trkpt>
      <trkpt lat="49.955825" lon="17.690353">
      </trkpt>
      <trkpt lat="49.956283" lon="17.690913">
      </trkpt>
      <trkpt lat="49.961" lon="17.696326">
      </trkpt>
      <trkpt lat="49.961069" lon="17.702379">
      </trkpt>
      <trkpt lat="49.960981" lon="17.702995">
      </trkpt>
      <trkpt lat="49.960977" lon="17.703584">
      </trkpt>
      <trkpt lat="49.961151" lon="17.704827">
      </trkpt>
      <trkpt lat="49.961334" lon="17.705564">
      </trkpt>
      <trkpt lat="49.962303" lon="17.708762">
      </trkpt>
      <trkpt lat="49.962663" lon="17.7099">
      </trkpt>
      <trkpt lat="49.963928" lon="17.713722">
      </trkpt>
      <trkpt lat="49.965186" lon="17.717522">
      </trkpt>
      <trkpt lat="49.957445" lon="17.721674">
      </trkpt>
      <trkpt lat="49.955127" lon="17.720446">
      </trkpt>
      <trkpt lat="49.95335" lon="17.717539">
      </trkpt>
      <trkpt lat="49.952265" lon="17.715351">
      </trkpt>
      <trkpt lat="49.951685" lon="17.7136">
      </trkpt>
      <trkpt lat="49.951254" lon="17.712698">
      </trkpt>
      <trkpt lat="49.951078" lon="17.712435">
      </trkpt>
      <trkpt lat="49.950346" lon="17.711368">
      </trkpt>
      <trkpt lat="49.94972" lon="17.710189">
      </trkpt>
      <trkpt lat="49.949184" lon="17.709553">
      </trkpt>
      <trkpt lat="49.948759" lon="17.709221">
      </trkpt>
      <trkpt lat="49.946545" lon="17.71206">
      </trkpt>
      <trkpt lat="49.947151" lon="17.713028">
      </trkpt>
      <trkpt lat="49.947687" lon="17.713917">
      </trkpt>
      <trkpt lat="49.948839" lon="17.716459">
      </trkpt>
      <trkpt lat="49.949863" lon="17.718805">
      </trkpt>
      <trkpt lat="49.950547" lon="17.724597">
      </trkpt>
      <trkpt lat="49.95023" lon="17.726901">
      </trkpt>
      <trkpt lat="49.949832" lon="17.730007">
      </trkpt>
      <trkpt lat="49.949847" lon="17.73044">
      </trkpt>
      <trkpt lat="49.95093" lon="17.732735">
      </trkpt>
      <trkpt lat="49.95166" lon="17.73481">
      </trkpt>
      <trkpt lat="49.95173" lon="17.734788">
      </trkpt>
      <trkpt lat="49.951787" lon="17.734769">
      </trkpt>
      <trkpt lat="49.951828" lon="17.733798">
      </trkpt>
      <trkpt lat="49.951911" lon="17.733252">
      </trkpt>
      <trkpt lat="49.95343" lon="17.730116">
      </trkpt>
      <trkpt lat="49.959858" lon="17.726985">
      </trkpt>
      <trkpt lat="49.96313" lon="17.728619">
      </trkpt>
      <trkpt lat="49.963616" lon="17.729089">
      </trkpt>
      <trkpt lat="49.964555" lon="17.737485">
      </trkpt>
      <trkpt lat="49.96225" lon="17.74025">
      </trkpt>
      <trkpt lat="49.960562" lon="17.742488">
      </trkpt>
      <trkpt lat="49.954232" lon="17.743895">
      </trkpt>
      <trkpt lat="49.952395" lon="17.744361">
      </trkpt>
      <trkpt lat="49.951177" lon="17.7458">
      </trkpt>
      <trkpt lat="49.950889" lon="17.746418">
      </trkpt>
      <trkpt lat="49.950441" lon="17.750454">
      </trkpt>
      <trkpt lat="49.950111" lon="17.75118">
      </trkpt>
      <trkpt lat="49.948619" lon="17.753507">
      </trkpt>
      <trkpt lat="49.93976" lon="17.752962">
      </trkpt>
      <trkpt lat="49.939232" lon="17.751541">
      </trkpt>
      <trkpt lat="49.937493" lon="17.749975">
      </trkpt>
      <trkpt lat="49.936346" lon="17.750257">
      </trkpt>
      <trkpt lat="49.929244" lon="17.745725">
      </trkpt>
      <trkpt lat="49.929087" lon="17.742464">
      </trkpt>
      <trkpt lat="49.928929" lon="17.739186">
      </trkpt>
      <trkpt lat="49.928236" lon="17.736134">
      </trkpt>
      <trkpt lat="49.926692" lon="17.734587">
      </trkpt>
      <trkpt lat="49.929084" lon="17.726294">
      </trkpt>
      <trkpt lat="49.932008" lon="17.724193">
      </trkpt>
      <trkpt lat="49.929229" lon="17.717739">
      </trkpt>
      <trkpt lat="49.929759" lon="17.713901">
      </trkpt>
      <trkpt lat="49.930193" lon="17.71068">
      </trkpt>
      <trkpt lat="49.930628" lon="17.707457">
      </trkpt>
      <trkpt lat="49.930817" lon="17.705869">
      </trkpt>
      <trkpt lat="49.931414" lon="17.703909">
      </trkpt>
      <trkpt lat="49.932045" lon="17.701821">
      </trkpt>
      <trkpt lat="49.936279" lon="17.696503">
      </trkpt>
      <trkpt lat="49.938611" lon="17.69376">
      </trkpt>
      <trkpt lat="49.93899" lon="17.684882">
      </trkpt>
      <trkpt lat="49.942098" lon="17.683215">
      </trkpt>
      <trkpt lat="49.942312" lon="17.679621">
      </trkpt>
      <trkpt lat="49.941121" lon="17.67955">
      </trkpt>
      <trkpt lat="49.940772" lon="17.679559">
      </trkpt>
      <trkpt lat="49.935019" lon="17.680195">
      </trkpt>
      <trkpt lat="49.931852" lon="17.681908">
      </trkpt>
      <trkpt lat="49.931893" lon="17.682453">
      </trkpt>
      <trkpt lat="49.931798" lon="17.683711">
      </trkpt>
      <trkpt lat="49.931746" lon="17.684267">
      </trkpt>
      <trkpt lat="49.931" lon="17.689401">
      </trkpt>
      <trkpt lat="49.930959" lon="17.68949">
      </trkpt>
      <trkpt lat="49.93023" lon="17.692414">
      </trkpt>
      <trkpt lat="49.921798" lon="17.689368">
      </trkpt>
      <trkpt lat="49.921703" lon="17.68608">
      </trkpt>
      <trkpt lat="49.921731" lon="17.684983">
      </trkpt>
      <trkpt lat="49.921664" lon="17.684784">
      </trkpt>
      <trkpt lat="49.918525" lon="17.681021">
      </trkpt>
      <trkpt lat="49.917632" lon="17.675076">
      </trkpt>
      <trkpt lat="49.917595" lon="17.674561">
      </trkpt>
      <trkpt lat="49.917486" lon="17.674007">
      </trkpt>
      <trkpt lat="49.917708" lon="17.668988">
      </trkpt>
      <trkpt lat="49.918288" lon="17.666348">
      </trkpt>
      <trkpt lat="49.918127" lon="17.665105">
      </trkpt>
      <trkpt lat="49.917973" lon="17.664513">
      </trkpt>
      <trkpt lat="49.915494" lon="17.661814">
      </trkpt>
      <trkpt lat="49.912346" lon="17.66356">
      </trkpt>
      <trkpt lat="49.910973" lon="17.672044">
      </trkpt>
      <trkpt lat="49.911454" lon="17.672746">
      </trkpt>
      <trkpt lat="49.905692" lon="17.679274">
      </trkpt>
      <trkpt lat="49.903996" lon="17.677822">
      </trkpt>
      <trkpt lat="49.902342" lon="17.677445">
      </trkpt>
      <trkpt lat="49.900896" lon="17.676759">
      </trkpt>
      <trkpt lat="49.897008" lon="17.671203">
      </trkpt>
      <trkpt lat="49.898633" lon="17.663822">
      </trkpt>
      <trkpt lat="49.899343" lon="17.662731">
      </trkpt>
      <trkpt lat="49.899688" lon="17.661173">
      </trkpt>
      <trkpt lat="49.900042" lon="17.658401">
      </trkpt>
      <trkpt lat="49.900123" lon="17.656892">
      </trkpt>
      <trkpt lat="49.900127" lon="17.655726">
      </trkpt>
      <trkpt lat="49.900023" lon="17.654649">
      </trkpt>
      <trkpt lat="49.893201" lon="17.652412">
      </trkpt>
      <trkpt lat="49.892083" lon="17.649442">
      </trkpt>
      <trkpt lat="49.890966" lon="17.646473">
      </trkpt>
      <trkpt lat="49.895173" lon="17.638953">
      </trkpt>
      <trkpt lat="49.896845" lon="17.639487">
      </trkpt>
      <trkpt lat="49.8989" lon="17.636531">
      </trkpt>
      <trkpt lat="49.898008" lon="17.635911">
      </trkpt>
      <trkpt lat="49.895675" lon="17.635388">
      </trkpt>
      <trkpt lat="49.892756" lon="17.635467">
      </trkpt>
      <trkpt lat="49.885192" lon="17.631159">
      </trkpt>
      <trkpt lat="49.88415" lon="17.628402">
      </trkpt>
      <trkpt lat="49.883108" lon="17.625645">
      </trkpt>
      <trkpt lat="49.882067" lon="17.622891">
      </trkpt>
      <trkpt lat="49.881151" lon="17.620455">
      </trkpt>
      <trkpt lat="49.877781" lon="17.621722">
      </trkpt>
      <trkpt lat="49.878697" lon="17.624157">
      </trkpt>
      <trkpt lat="49.87974" lon="17.626917">
      </trkpt>
      <trkpt lat="49.880782" lon="17.629674">
      </trkpt>
      <trkpt lat="49.881824" lon="17.632432">
      </trkpt>
      <trkpt lat="49.881009" lon="17.63856">
      </trkpt>
      <trkpt lat="49.878297" lon="17.640912">
      </trkpt>
      <trkpt lat="49.878113" lon="17.641082">
      </trkpt>
      <trkpt lat="49.876996" lon="17.645362">
      </trkpt>
      <trkpt lat="49.876928" lon="17.645735">
      </trkpt>
      <trkpt lat="49.877138" lon="17.646577">
      </trkpt>
      <trkpt lat="49.877317" lon="17.647211">
      </trkpt>
      <trkpt lat="49.880174" lon="17.646813">
      </trkpt>
      <trkpt lat="49.887596" lon="17.647741">
      </trkpt>
      <trkpt lat="49.888714" lon="17.650711">
      </trkpt>
      <trkpt lat="49.889832" lon="17.65368">
      </trkpt>
      <trkpt lat="49.89095" lon="17.65665">
      </trkpt>
      <trkpt lat="49.890958" lon="17.656706">
      </trkpt>
      <trkpt lat="49.891027" lon="17.65713">
      </trkpt>
      <trkpt lat="49.891387" lon="17.659518">
      </trkpt>
      <trkpt lat="49.89176" lon="17.661956">
      </trkpt>
      <trkpt lat="49.883297" lon="17.664466">
      </trkpt>
      <trkpt lat="49.882147" lon="17.664299">
      </trkpt>
      <trkpt lat="49.881821" lon="17.664348">
      </trkpt>
      <trkpt lat="49.881576" lon="17.667697">
      </trkpt>
      <trkpt lat="49.876875" lon="17.673805">
      </trkpt>
      <trkpt lat="49.877292" lon="17.67525">
      </trkpt>
      <trkpt lat="49.877604" lon="17.675955">
      </trkpt>
      <trkpt lat="49.878825" lon="17.676967">
      </trkpt>
      <trkpt lat="49.880305" lon="17.677415">
      </trkpt>
      <trkpt lat="49.880762" lon="17.677536">
      </trkpt>
      <trkpt lat="49.885418" lon="17.67812">
      </trkpt>
      <trkpt lat="49.886427" lon="17.678518">
      </trkpt>
      <trkpt lat="49.891436" lon="17.682676">
      </trkpt>
      <trkpt lat="49.890135" lon="17.689805">
      </trkpt>
      <trkpt lat="49.888978" lon="17.693527">
      </trkpt>
      <trkpt lat="49.881161" lon="17.695179">
      </trkpt>
      <trkpt lat="49.879615" lon="17.69432">
      </trkpt>
      <trkpt lat="49.875936" lon="17.692818">
      </trkpt>
      <trkpt lat="49.875063" lon="17.693019">
      </trkpt>
      <trkpt lat="49.870228" lon="17.693573">
      </trkpt>
      <trkpt lat="49.867539" lon="17.693985">
      </trkpt>
      <trkpt lat="49.864304" lon="17.695563">
      </trkpt>
      <trkpt lat="49.862947" lon="17.704075">
      </trkpt>
      <trkpt lat="49.857389" lon="17.70743">
      </trkpt>
      <trkpt lat="49.854206" lon="17.709113">
      </trkpt>
      <trkpt lat="49.854898" lon="17.710422">
      </trkpt>
      <trkpt lat="49.855351" lon="17.711874">
      </trkpt>
      <trkpt lat="49.855911" lon="17.718635">
      </trkpt>
      <trkpt lat="49.848918" lon="17.72272">
      </trkpt>
      <trkpt lat="49.846029" lon="17.721749">
      </trkpt>
      <trkpt lat="49.845615" lon="17.721505">
      </trkpt>
      <trkpt lat="49.845257" lon="17.721265">
      </trkpt>
      <trkpt lat="49.84313" lon="17.721926">
      </trkpt>
      <trkpt lat="49.83614" lon="17.721646">
      </trkpt>
      <trkpt lat="49.834855" lon="17.717436">
      </trkpt>
      <trkpt lat="49.8359" lon="17.714933">
      </trkpt>
      <trkpt lat="49.836491" lon="17.714271">
      </trkpt>
      <trkpt lat="49.836696" lon="17.713787">
      </trkpt>
      <trkpt lat="49.836785" lon="17.713288">
      </trkpt>
      <trkpt lat="49.83675" lon="17.712612">
      </trkpt>
      <trkpt lat="49.836983" lon="17.707419">
      </trkpt>
      <trkpt lat="49.836519" lon="17.703849">
      </trkpt>
      <trkpt lat="49.835767" lon="17.703947">
      </trkpt>
      <trkpt lat="49.835043" lon="17.704106">
      </trkpt>
      <trkpt lat="49.833787" lon="17.704374">
      </trkpt>
      <trkpt lat="49.83365" lon="17.704496">
      </trkpt>
      <trkpt lat="49.833291" lon="17.704908">
      </trkpt>
      <trkpt lat="49.832674" lon="17.706389">
      </trkpt>
      <trkpt lat="49.829187" lon="17.709321">
      </trkpt>
      <trkpt lat="49.822047" lon="17.706545">
      </trkpt>
      <trkpt lat="49.81728" lon="17.700486">
      </trkpt>
      <trkpt lat="49.820129" lon="17.692473">
      </trkpt>
      <trkpt lat="49.820484" lon="17.691093">
      </trkpt>
      <trkpt lat="49.820554" lon="17.690676">
      </trkpt>
      <trkpt lat="49.820581" lon="17.690205">
      </trkpt>
      <trkpt lat="49.821302" lon="17.684145">
      </trkpt>
      <trkpt lat="49.820694" lon="17.683035">
      </trkpt>
      <trkpt lat="49.819141" lon="17.681265">
      </trkpt>
      <trkpt lat="49.819027" lon="17.68135">
      </trkpt>
      <trkpt lat="49.817097" lon="17.683189">
      </trkpt>
      <trkpt lat="49.815808" lon="17.685116">
      </trkpt>
      <trkpt lat="49.815094" lon="17.690292">
      </trkpt>
      <trkpt lat="49.810101" lon="17.697189">
      </trkpt>
      <trkpt lat="49.809498" lon="17.697456">
      </trkpt>
      <trkpt lat="49.802156" lon="17.698017">
      </trkpt>
      <trkpt lat="49.799337" lon="17.695779">
      </trkpt>
      <trkpt lat="49.798592" lon="17.696251">
      </trkpt>
      <trkpt lat="49.791693" lon="17.690572">
      </trkpt>
      <trkpt lat="49.792586" lon="17.687535">
      </trkpt>
      <trkpt lat="49.79348" lon="17.684499">
      </trkpt>
      <trkpt lat="49.794373" lon="17.681462">
      </trkpt>
      <trkpt lat="49.79523" lon="17.678537">
      </trkpt>
      <trkpt lat="49.797873" lon="17.674767">
      </trkpt>
      <trkpt lat="49.798984" lon="17.673288">
      </trkpt>
      <trkpt lat="49.801807" lon="17.669776">
      </trkpt>
      <trkpt lat="49.806741" lon="17.668672">
      </trkpt>
      <trkpt lat="49.808537" lon="17.669089">
      </trkpt>
      <trkpt lat="49.809325" lon="17.668858">
      </trkpt>
      <trkpt lat="49.81302" lon="17.667549">
      </trkpt>
      <trkpt lat="49.815412" lon="17.667566">
      </trkpt>
      <trkpt lat="49.816894" lon="17.667917">
      </trkpt>
      <trkpt lat="49.817916" lon="17.667922">
      </trkpt>
      <trkpt lat="49.819036" lon="17.667709">
      </trkpt>
      <trkpt lat="49.821314" lon="17.667379">
      </trkpt>
      <trkpt lat="49.821722" lon="17.6673">
      </trkpt>
      <trkpt lat="49.82271" lon="17.66617">
      </trkpt>
      <trkpt lat="49.823575" lon="17.664921">
      </trkpt>
      <trkpt lat="49.820868" lon="17.662547">
      </trkpt>
      <trkpt lat="49.813541" lon="17.660934">
      </trkpt>
      <trkpt lat="49.810229" lon="17.659522">
      </trkpt>
      <trkpt lat="49.80259" lon="17.655432">
      </trkpt>
      <trkpt lat="49.799616" lon="17.653402">
      </trkpt>
      <trkpt lat="49.797014" lon="17.64721">
      </trkpt>
      <trkpt lat="49.79697" lon="17.645791">
      </trkpt>
      <trkpt lat="49.79935" lon="17.639378">
      </trkpt>
      <trkpt lat="49.797316" lon="17.63269">
      </trkpt>
      <trkpt lat="49.79698" lon="17.63167">
      </trkpt>
      <trkpt lat="49.796683" lon="17.631287">
      </trkpt>
      <trkpt lat="49.796556" lon="17.631157">
      </trkpt>
      <trkpt lat="49.79458" lon="17.631089">
      </trkpt>
      <trkpt lat="49.794436" lon="17.631196">
      </trkpt>
      <trkpt lat="49.793726" lon="17.632419">
      </trkpt>
      <trkpt lat="49.79372" lon="17.632502">
      </trkpt>
      <trkpt lat="49.794121" lon="17.640412">
      </trkpt>
      <trkpt lat="49.793761" lon="17.642338">
      </trkpt>
      <trkpt lat="49.793539" lon="17.643805">
      </trkpt>
      <trkpt lat="49.793431" lon="17.644676">
      </trkpt>
      <trkpt lat="49.793375" lon="17.645589">
      </trkpt>
      <trkpt lat="49.793415" lon="17.647307">
      </trkpt>
      <trkpt lat="49.793673" lon="17.651223">
      </trkpt>
      <trkpt lat="49.793928" lon="17.655068">
      </trkpt>
      <trkpt lat="49.787402" lon="17.659725">
      </trkpt>
      <trkpt lat="49.784777" lon="17.662188">
      </trkpt>
      <trkpt lat="49.786355" lon="17.666094">
      </trkpt>
      <trkpt lat="49.786608" lon="17.669277">
      </trkpt>
      <trkpt lat="49.792332" lon="17.676041">
      </trkpt>
      <trkpt lat="49.79185" lon="17.677299">
      </trkpt>
      <trkpt lat="49.79092" lon="17.680446">
      </trkpt>
      <trkpt lat="49.790026" lon="17.683483">
      </trkpt>
      <trkpt lat="49.789133" lon="17.686519">
      </trkpt>
      <trkpt lat="49.788239" lon="17.689556">
      </trkpt>
      <trkpt lat="49.780924" lon="17.692626">
      </trkpt>
      <trkpt lat="49.777989" lon="17.6912">
      </trkpt>
      <trkpt lat="49.777602" lon="17.690977">
      </trkpt>
      <trkpt lat="49.774928" lon="17.688665">
      </trkpt>
      <trkpt lat="49.773028" lon="17.686707">
      </trkpt>
      <trkpt lat="49.772397" lon="17.686328">
      </trkpt>
      <trkpt lat="49.771805" lon="17.686149">
      </trkpt>
      <trkpt lat="49.768409" lon="17.678017">
      </trkpt>
      <trkpt lat="49.768761" lon="17.677632">
      </trkpt>
      <trkpt lat="49.766107" lon="17.6752">
      </trkpt>
      <trkpt lat="49.765524" lon="17.674993">
      </trkpt>
      <trkpt lat="49.758189" lon="17.674086">
      </trkpt>
      <trkpt lat="49.7569" lon="17.674554">
      </trkpt>
      <trkpt lat="49.75593" lon="17.67561">
      </trkpt>
      <trkpt lat="49.754984" lon="17.677708">
      </trkpt>
      <trkpt lat="49.755281" lon="17.686096">
      </trkpt>
      <trkpt lat="49.75378" lon="17.687861">
      </trkpt>
      <trkpt lat="49.747272" lon="17.691774">
      </trkpt>
      <trkpt lat="49.746107" lon="17.691934">
      </trkpt>
      <trkpt lat="49.745125" lon="17.692599">
      </trkpt>
      <trkpt lat="49.744623" lon="17.693269">
      </trkpt>
      <trkpt lat="49.745141" lon="17.695909">
      </trkpt>
      <trkpt lat="49.745311" lon="17.696833">
      </trkpt>
      <trkpt lat="49.745698" lon="17.697652">
      </trkpt>
      <trkpt lat="49.748298" lon="17.702436">
      </trkpt>
      <trkpt lat="49.748838" lon="17.704288">
      </trkpt>
      <trkpt lat="49.749154" lon="17.705091">
      </trkpt>
      <trkpt lat="49.749957" lon="17.706245">
      </trkpt>
      <trkpt lat="49.752923" lon="17.714339">
      </trkpt>
      <trkpt lat="49.752882" lon="17.714878">
      </trkpt>
      <trkpt lat="49.752885" lon="17.715505">
      </trkpt>
      <trkpt lat="49.753199" lon="17.718642">
      </trkpt>
      <trkpt lat="49.753197" lon="17.718986">
      </trkpt>
      <trkpt lat="49.753125" lon="17.720183">
      </trkpt>
      <trkpt lat="49.745388" lon="17.724274">
      </trkpt>
      <trkpt lat="49.737015" lon="17.721526">
      </trkpt>
      <trkpt lat="49.736125" lon="17.720845">
      </trkpt>
      <trkpt lat="49.730699" lon="17.715031">
      </trkpt>
      <trkpt lat="49.730711" lon="17.713585">
      </trkpt>
      <trkpt lat="49.730498" lon="17.712087">
      </trkpt>
      <trkpt lat="49.7313" lon="17.706763">
      </trkpt>
      <trkpt lat="49.731467" lon="17.705919">
      </trkpt>
      <trkpt lat="49.731535" lon="17.704723">
      </trkpt>
      <trkpt lat="49.73151" lon="17.704177">
      </trkpt>
      <trkpt lat="49.731437" lon="17.703454">
      </trkpt>
      <trkpt lat="49.726666" lon="17.696985">
      </trkpt>
      <trkpt lat="49.726429" lon="17.695031">
      </trkpt>
      <trkpt lat="49.725563" lon="17.694209">
      </trkpt>
      <trkpt lat="49.725182" lon="17.693815">
      </trkpt>
      <trkpt lat="49.724605" lon="17.693396">
      </trkpt>
      <trkpt lat="49.723884" lon="17.693135">
      </trkpt>
      <trkpt lat="49.723294" lon="17.693057">
      </trkpt>
      <trkpt lat="49.72229" lon="17.692909">
      </trkpt>
      <trkpt lat="49.715597" lon="17.688075">
      </trkpt>
      <trkpt lat="49.714931" lon="17.68646">
      </trkpt>
      <trkpt lat="49.714178" lon="17.68555">
      </trkpt>
      <trkpt lat="49.7133" lon="17.685547">
      </trkpt>
      <trkpt lat="49.71049" lon="17.685965">
      </trkpt>
      <trkpt lat="49.703263" lon="17.680709">
      </trkpt>
      <trkpt lat="49.703365" lon="17.680128">
      </trkpt>
      <trkpt lat="49.703398" lon="17.679785">
      </trkpt>
      <trkpt lat="49.702199" lon="17.676573">
      </trkpt>
      <trkpt lat="49.698601" lon="17.676463">
      </trkpt>
      <trkpt lat="49.698523" lon="17.678106">
      </trkpt>
      <trkpt lat="49.694183" lon="17.683562">
      </trkpt>
      <trkpt lat="49.69345" lon="17.683846">
      </trkpt>
      <trkpt lat="49.691534" lon="17.684555">
      </trkpt>
      <trkpt lat="49.690578" lon="17.684756">
      </trkpt>
      <trkpt lat="49.686732" lon="17.683925">
      </trkpt>
      <trkpt lat="49.684951" lon="17.675515">
      </trkpt>
      <trkpt lat="49.686878" lon="17.673595">
      </trkpt>
      <trkpt lat="49.690951" lon="17.66939">
      </trkpt>
      <trkpt lat="49.694138" lon="17.667715">
      </trkpt>
      <trkpt lat="49.6936" lon="17.666692">
      </trkpt>
      <trkpt lat="49.692096" lon="17.66297">
      </trkpt>
      <trkpt lat="49.692056" lon="17.657596">
      </trkpt>
      <trkpt lat="49.692659" lon="17.654437">
      </trkpt>
      <trkpt lat="49.692656" lon="17.653935">
      </trkpt>
      <trkpt lat="49.692119" lon="17.653039">
      </trkpt>
      <trkpt lat="49.689247" lon="17.64469">
      </trkpt>
      <trkpt lat="49.689179" lon="17.64258">
      </trkpt>
      <trkpt lat="49.689162" lon="17.641987">
      </trkpt>
      <trkpt lat="49.689033" lon="17.640658">
      </trkpt>
      <trkpt lat="49.688622" lon="17.639052">
      </trkpt>
      <trkpt lat="49.687458" lon="17.634338">
      </trkpt>
      <trkpt lat="49.687108" lon="17.633279">
      </trkpt>
      <trkpt lat="49.686798" lon="17.632708">
      </trkpt>
      <trkpt lat="49.683633" lon="17.634423">
      </trkpt>
      <trkpt lat="49.683652" lon="17.636968">
      </trkpt>
      <trkpt lat="49.678609" lon="17.64322">
      </trkpt>
      <trkpt lat="49.676592" lon="17.642617">
      </trkpt>
      <trkpt lat="49.673498" lon="17.636011">
      </trkpt>
      <trkpt lat="49.673502" lon="17.634754">
      </trkpt>
      <trkpt lat="49.672666" lon="17.633124">
      </trkpt>
      <trkpt lat="49.672157" lon="17.632448">
      </trkpt>
      <trkpt lat="49.671649" lon="17.631954">
      </trkpt>
      <trkpt lat="49.670325" lon="17.631226">
      </trkpt>
      <trkpt lat="49.669411" lon="17.63078">
      </trkpt>
      <trkpt lat="49.668209" lon="17.630456">
      </trkpt>
      <trkpt lat="49.664397" lon="17.628055">
      </trkpt>
      <trkpt lat="49.662713" lon="17.626522">
      </trkpt>
      <trkpt lat="49.662408" lon="17.626174">
      </trkpt>
      <trkpt lat="49.661435" lon="17.624881">
      </trkpt>
      <trkpt lat="49.661495" lon="17.616988">
      </trkpt>
      <trkpt lat="49.669459" lon="17.614651">
      </trkpt>
      <trkpt lat="49.672379" lon="17.613128">
      </trkpt>
      <trkpt lat="49.674769" lon="17.610435">
      </trkpt>
      <trkpt lat="49.673254" lon="17.607144">
      </trkpt>
      <trkpt lat="49.669759" lon="17.599715">
      </trkpt>
      <trkpt lat="49.669474" lon="17.599095">
      </trkpt>
      <trkpt lat="49.669007" lon="17.598128">
      </trkpt>
      <trkpt lat="49.668723" lon="17.59761">
      </trkpt>
      <trkpt lat="49.667896" lon="17.596773">
      </trkpt>
      <trkpt lat="49.667071" lon="17.596337">
      </trkpt>
      <trkpt lat="49.665387" lon="17.599518">
      </trkpt>
      <trkpt lat="49.665289" lon="17.603163">
      </trkpt>
      <trkpt lat="49.664161" lon="17.606223">
      </trkpt>
      <trkpt lat="49.657314" lon="17.60909">
      </trkpt>
      <trkpt lat="49.653956" lon="17.607794">
      </trkpt>
      <trkpt lat="49.648501" lon="17.606646">
      </trkpt>
      <trkpt lat="49.648997" lon="17.600126">
      </trkpt>
      <trkpt lat="49.649484" lon="17.596317">
      </trkpt>
      <trkpt lat="49.650103" lon="17.592761">
      </trkpt>
      <trkpt lat="49.651652" lon="17.590216">
      </trkpt>
      <trkpt lat="49.651914" lon="17.589863">
      </trkpt>
      <trkpt lat="49.652444" lon="17.588925">
      </trkpt>
      <trkpt lat="49.652583" lon="17.58841">
      </trkpt>
      <trkpt lat="49.650201" lon="17.585728">
      </trkpt>
      <trkpt lat="49.64402" lon="17.586176">
      </trkpt>
      <trkpt lat="49.643563" lon="17.586151">
      </trkpt>
      <trkpt lat="49.642947" lon="17.586214">
      </trkpt>
      <trkpt lat="49.642313" lon="17.586394">
      </trkpt>
      <trkpt lat="49.640611" lon="17.587022">
      </trkpt>
      <trkpt lat="49.633178" lon="17.584771">
      </trkpt>
      <trkpt lat="49.628795" lon="17.578364">
      </trkpt>
      <trkpt lat="49.628167" lon="17.574819">
      </trkpt>
      <trkpt lat="49.633021" lon="17.570391">
      </trkpt>
      <trkpt lat="49.638222" lon="17.571488">
      </trkpt>
      <trkpt lat="49.639531" lon="17.572123">
      </trkpt>
      <trkpt lat="49.640132" lon="17.572217">
      </trkpt>
      <trkpt lat="49.640687" lon="17.56866">
      </trkpt>
      <trkpt lat="49.641044" lon="17.559687">
      </trkpt>
      <trkpt lat="49.641377" lon="17.556103">
      </trkpt>
      <trkpt lat="49.643426" lon="17.547705">
      </trkpt>
      <trkpt lat="49.643966" lon="17.547141">
      </trkpt>
      <trkpt lat="49.641369" lon="17.544649">
      </trkpt>
      <trkpt lat="49.638053" lon="17.537607">
      </trkpt>
      <trkpt lat="49.633043" lon="17.532477">
      </trkpt>
      <trkpt lat="49.632425" lon="17.531874">
      </trkpt>
      <trkpt lat="49.631697" lon="17.531428">
      </trkpt>
      <trkpt lat="49.631109" lon="17.531277">
      </trkpt>
      <trkpt lat="49.63028" lon="17.531278">
      </trkpt>
      <trkpt lat="49.629884" lon="17.531381">
      </trkpt>
      <trkpt lat="49.629616" lon="17.53148">
      </trkpt>
      <trkpt lat="49.628803" lon="17.533374">
      </trkpt>
      <trkpt lat="49.622436" lon="17.538372">
      </trkpt>
      <trkpt lat="49.618203" lon="17.541607">
      </trkpt>
      <trkpt lat="49.611322" lon="17.538931">
      </trkpt>
      <trkpt lat="49.610963" lon="17.538737">
      </trkpt>
      <trkpt lat="49.606224" lon="17.53553">
      </trkpt>
      <trkpt lat="49.602015" lon="17.532549">
      </trkpt>
      <trkpt lat="49.59914" lon="17.527763">
      </trkpt>
      <trkpt lat="49.598484" lon="17.527154">
      </trkpt>
      <trkpt lat="49.597867" lon="17.526678">
      </trkpt>
      <trkpt lat="49.593695" lon="17.518859">
      </trkpt>
      <trkpt lat="49.591038" lon="17.51643">
      </trkpt>
      <trkpt lat="49.585419" lon="17.516788">
      </trkpt>
      <trkpt lat="49.584528" lon="17.516523">
      </trkpt>
      <trkpt lat="49.580332" lon="17.512277">
      </trkpt>
      <trkpt lat="49.57979" lon="17.511232">
      </trkpt>
      <trkpt lat="49.584241" lon="17.50393">
      </trkpt>
      <trkpt lat="49.584466" lon="17.503067">
      </trkpt>
      <trkpt lat="49.584925" lon="17.501429">
      </trkpt>
      <trkpt lat="49.585998" lon="17.498191">
      </trkpt>
      <trkpt lat="49.586787" lon="17.493612">
      </trkpt>
      <trkpt lat="49.589132" lon="17.485998">
      </trkpt>
      <trkpt lat="49.592104" lon="17.483116">
      </trkpt>
      <trkpt lat="49.592636" lon="17.482485">
      </trkpt>
      <trkpt lat="49.595568" lon="17.477512">
      </trkpt>
      <trkpt lat="49.60398" lon="17.475051">
      </trkpt>
      <trkpt lat="49.606805" lon="17.476052">
      </trkpt>
      <trkpt lat="49.608366" lon="17.47678">
      </trkpt>
      <trkpt lat="49.612661" lon="17.480142">
      </trkpt>
      <trkpt lat="49.613102" lon="17.48063">
      </trkpt>
      <trkpt lat="49.61349" lon="17.48095">
      </trkpt>
      <trkpt lat="49.613961" lon="17.48127">
      </trkpt>
      <trkpt lat="49.615474" lon="17.482438">
      </trkpt>
      <trkpt lat="49.616271" lon="17.482871">
      </trkpt>
      <trkpt lat="49.616615" lon="17.482957">
      </trkpt>
      <trkpt lat="49.61666" lon="17.482965">
      </trkpt>
      <trkpt lat="49.61772" lon="17.4796">
      </trkpt>
      <trkpt lat="49.614708" lon="17.476218">
      </trkpt>
      <trkpt lat="49.613725" lon="17.475053">
      </trkpt>
      <trkpt lat="49.613092" lon="17.474497">
      </trkpt>
      <trkpt lat="49.612171" lon="17.474048">
      </trkpt>
      <trkpt lat="49.607688" lon="17.47192">
      </trkpt>
      <trkpt lat="49.605949" lon="17.471485">
      </trkpt>
      <trkpt lat="49.603215" lon="17.470667">
      </trkpt>
      <trkpt lat="49.600796" lon="17.470158">
      </trkpt>
      <trkpt lat="49.599167" lon="17.470066">
      </trkpt>
      <trkpt lat="49.596462" lon="17.469529">
      </trkpt>
      <trkpt lat="49.595399" lon="17.469112">
      </trkpt>
      <trkpt lat="49.592573" lon="17.461808">
      </trkpt>
      <trkpt lat="49.595673" lon="17.459979">
      </trkpt>
      <trkpt lat="49.595506" lon="17.458841">
      </trkpt>
      <trkpt lat="49.595249" lon="17.455774">
      </trkpt>
      <trkpt lat="49.594506" lon="17.453329">
      </trkpt>
      <trkpt lat="49.59431" lon="17.452744">
      </trkpt>
      <trkpt lat="49.594103" lon="17.452156">
      </trkpt>
      <trkpt lat="49.599086" lon="17.444864">
      </trkpt>
      <trkpt lat="49.602658" lon="17.444913">
      </trkpt>
      <trkpt lat="49.603589" lon="17.444615">
      </trkpt>
      <trkpt lat="49.604825" lon="17.443819">
      </trkpt>
      <trkpt lat="49.605803" lon="17.443161">
      </trkpt>
      <trkpt lat="49.606897" lon="17.440969">
      </trkpt>
      <trkpt lat="49.603847" lon="17.439057">
      </trkpt>
      <trkpt lat="49.602146" lon="17.434685">
      </trkpt>
      <trkpt lat="49.608689" lon="17.430014">
      </trkpt>
      <trkpt lat="49.608989" lon="17.429566">
      </trkpt>
      <trkpt lat="49.609458" lon="17.428828">
      </trkpt>
      <trkpt lat="49.609422" lon="17.428055">
      </trkpt>
      <trkpt lat="49.609282" lon="17.427058">
      </trkpt>
      <trkpt lat="49.612063" lon="17.41983">
      </trkpt>
      <trkpt lat="49.614941" lon="17.418455">
      </trkpt>
      <trkpt lat="49.615511" lon="17.41804">
      </trkpt>
      <trkpt lat="49.615744" lon="17.417795">
      </trkpt>
      <trkpt lat="49.619887" lon="17.411931">
      </trkpt>
      <trkpt lat="49.62565" lon="17.405801">
      </trkpt>
      <trkpt lat="49.628892" lon="17.405299">
      </trkpt>
      <trkpt lat="49.630085" lon="17.405058">
      </trkpt>
      <trkpt lat="49.630736" lon="17.404846">
      </trkpt>
      <trkpt lat="49.630823" lon="17.404445">
      </trkpt>
      <trkpt lat="49.630905" lon="17.403692">
      </trkpt>
      <trkpt lat="49.633742" lon="17.395318">
      </trkpt>
      <trkpt lat="49.634053" lon="17.395046">
      </trkpt>
      <trkpt lat="49.633904" lon="17.393489">
      </trkpt>
      <trkpt lat="49.632149" lon="17.390714">
      </trkpt>
      <trkpt lat="49.63173" lon="17.390014">
      </trkpt>
      <trkpt lat="49.631342" lon="17.389497">
      </trkpt>
      <trkpt lat="49.63085" lon="17.389019">
      </trkpt>
      <trkpt lat="49.629829" lon="17.388456">
      </trkpt>
      <trkpt lat="49.628925" lon="17.388155">
      </trkpt>
      <trkpt lat="49.628272" lon="17.387999">
      </trkpt>
      <trkpt lat="49.627851" lon="17.387947">
      </trkpt>
      <trkpt lat="49.626993" lon="17.387928">
      </trkpt>
      <trkpt lat="49.624808" lon="17.388189">
      </trkpt>
      <trkpt lat="49.624605" lon="17.388199">
      </trkpt>
      <trkpt lat="49.623753" lon="17.388382">
      </trkpt>
      <trkpt lat="49.62334" lon="17.388526">
      </trkpt>
      <trkpt lat="49.623194" lon="17.388586">
      </trkpt>
      <trkpt lat="49.622642" lon="17.388911">
      </trkpt>
      <trkpt lat="49.614544" lon="17.389693">
      </trkpt>
      <trkpt lat="49.608554" lon="17.38645">
      </trkpt>
      <trkpt lat="49.608059" lon="17.386036">
      </trkpt>
      <trkpt lat="49.605179" lon="17.377918">
      </trkpt>
      <trkpt lat="49.607211" lon="17.374946">
      </trkpt>
      <trkpt lat="49.614665" lon="17.370555">
      </trkpt>
      <trkpt lat="49.615581" lon="17.370684">
      </trkpt>
      <trkpt lat="49.619527" lon="17.363933">
      </trkpt>
      <trkpt lat="49.619695" lon="17.36356">
      </trkpt>
      <trkpt lat="49.620059" lon="17.362452">
      </trkpt>
      <trkpt lat="49.620018" lon="17.362306">
      </trkpt>
      <trkpt lat="49.619896" lon="17.361924">
      </trkpt>
      <trkpt lat="49.619681" lon="17.361717">
      </trkpt>
      <trkpt lat="49.619361" lon="17.361464">
      </trkpt>
      <trkpt lat="49.616447" lon="17.35972">
      </trkpt>
      <trkpt lat="49.611324" lon="17.357066">
      </trkpt>
      <trkpt lat="49.610529" lon="17.35642">
      </trkpt>
      <trkpt lat="49.610746" lon="17.348015">
      </trkpt>
      <trkpt lat="49.610672" lon="17.347601">
      </trkpt>
      <trkpt lat="49.610645" lon="17.347421">
      </trkpt>
      <trkpt lat="49.608779" lon="17.342186">
      </trkpt>
      <trkpt lat="49.613309" lon="17.337107">
      </trkpt>
      <trkpt lat="49.617453" lon="17.33464">
      </trkpt>
      <trkpt lat="49.617472" lon="17.334622">
      </trkpt>
      <trkpt lat="49.62342" lon="17.329611">
      </trkpt>
      <trkpt lat="49.622634" lon="17.326098">
      </trkpt>
      <trkpt lat="49.617603" lon="17.325379">
      </trkpt>
      <trkpt lat="49.617177" lon="17.325376">
      </trkpt>
      <trkpt lat="49.617113" lon="17.325384">
      </trkpt>
      <trkpt lat="49.608947" lon="17.324908">
      </trkpt>
      <trkpt lat="49.606715" lon="17.324088">
      </trkpt>
      <trkpt lat="49.601723" lon="17.318367">
      </trkpt>
      <trkpt lat="49.602366" lon="17.315767">
      </trkpt>
      <trkpt lat="49.603009" lon="17.313167">
      </trkpt>
      <trkpt lat="49.604917" lon="17.309782">
      </trkpt>
      <trkpt lat="49.6018" lon="17.301741">
      </trkpt>
      <trkpt lat="49.602421" lon="17.298195">
      </trkpt>
      <trkpt lat="49.602085" lon="17.289545">
      </trkpt>
      <trkpt lat="49.601242" lon="17.287732">
      </trkpt>
      <trkpt lat="49.600586" lon="17.286672">
      </trkpt>
      <trkpt lat="49.59642" lon="17.279262">
      </trkpt>
      <trkpt lat="49.596332" lon="17.279182">
      </trkpt>
      <trkpt lat="49.593932" lon="17.279479">
      </trkpt>
      <trkpt lat="49.589662" lon="17.279848">
      </trkpt>
      <trkpt lat="49.582731" lon="17.274144">
      </trkpt>
      <trkpt lat="49.582713" lon="17.274135">
      </trkpt>
      <trkpt lat="49.582429" lon="17.274211">
      </trkpt>
      <trkpt lat="49.580238" lon="17.275275">
      </trkpt>
      <trkpt lat="49.572525" lon="17.274989">
      </trkpt>
      <trkpt lat="49.56985" lon="17.267635">
      </trkpt>
      <trkpt lat="49.571965" lon="17.26558">
      </trkpt>
      <trkpt lat="49.57328" lon="17.264361">
      </trkpt>
      <trkpt lat="49.573569" lon="17.261609">
      </trkpt>
      <trkpt lat="49.573244" lon="17.259743">
      </trkpt>
      <trkpt lat="49.573205" lon="17.259478">
      </trkpt>
      <trkpt lat="49.573152" lon="17.259147">
      </trkpt>
      <trkpt lat="49.573133" lon="17.259038">
      </trkpt>
      <trkpt lat="49.572622" lon="17.256078">
      </trkpt>
      <trkpt lat="49.570789" lon="17.255247">
      </trkpt>
      <trkpt lat="49.570729" lon="17.255253">
      </trkpt>
      <trkpt lat="49.568671" lon="17.255986">
      </trkpt>
      <trkpt lat="49.563309" lon="17.255896">
      </trkpt>
      <trkpt lat="49.559242" lon="17.248239">
      </trkpt>
      <trkpt lat="49.559206" lon="17.248149">
      </trkpt>
      <trkpt lat="49.558896" lon="17.247619">
      </trkpt>
      <trkpt lat="49.557762" lon="17.245681">
      </trkpt>
      <trkpt lat="49.556582" lon="17.245357">
      </trkpt>
      <trkpt lat="49.550583" lon="17.239592">
      </trkpt>
      <trkpt lat="49.550797" lon="17.238438">
      </trkpt>
      <trkpt lat="49.5509" lon="17.237952">
      </trkpt>
      <trkpt lat="49.551091" lon="17.237165">
      </trkpt>
      <trkpt lat="49.55134" lon="17.236261">
      </trkpt>
      <trkpt lat="49.551658" lon="17.235267">
      </trkpt>
      <trkpt lat="49.551971" lon="17.234398">
      </trkpt>
      <trkpt lat="49.552398" lon="17.233355">
      </trkpt>
      <trkpt lat="49.552604" lon="17.232904">
      </trkpt>
      <trkpt lat="49.55301" lon="17.232079">
      </trkpt>
      <trkpt lat="49.553372" lon="17.231416">
      </trkpt>
      <trkpt lat="49.553836" lon="17.230643">
      </trkpt>
      <trkpt lat="49.55428" lon="17.229976">
      </trkpt>
      <trkpt lat="49.554721" lon="17.229384">
      </trkpt>
      <trkpt lat="49.555062" lon="17.228956">
      </trkpt>
      <trkpt lat="49.555388" lon="17.228575">
      </trkpt>
      <trkpt lat="49.55575" lon="17.22819">
      </trkpt>
      <trkpt lat="49.556107" lon="17.227826">
      </trkpt>
      <trkpt lat="49.556743" lon="17.227237">
      </trkpt>
      <trkpt lat="49.557411" lon="17.226661">
      </trkpt>
      <trkpt lat="49.558208" lon="17.226018">
      </trkpt>
      <trkpt lat="49.559198" lon="17.225281">
      </trkpt>
      <trkpt lat="49.560291" lon="17.224528">
      </trkpt>
      <trkpt lat="49.563188" lon="17.222717">
      </trkpt>
      <trkpt lat="49.570299" lon="17.227475">
      </trkpt>
      <trkpt lat="49.570204" lon="17.228479">
      </trkpt>
      <trkpt lat="49.57042" lon="17.229588">
      </trkpt>
      <trkpt lat="49.574003" lon="17.229246">
      </trkpt>
      <trkpt lat="49.573888" lon="17.227549">
      </trkpt>
      <trkpt lat="49.573779" lon="17.224064">
      </trkpt>
      <trkpt lat="49.573749" lon="17.223499">
      </trkpt>
      <trkpt lat="49.573658" lon="17.222367">
      </trkpt>
      <trkpt lat="49.573557" lon="17.221426">
      </trkpt>
      <trkpt lat="49.573425" lon="17.220477">
      </trkpt>
      <trkpt lat="49.573165" lon="17.218979">
      </trkpt>
      <trkpt lat="49.575402" lon="17.211925">
      </trkpt>
      <trkpt lat="49.578445" lon="17.210188">
      </trkpt>
      <trkpt lat="49.580158" lon="17.20976">
      </trkpt>
      <trkpt lat="49.581319" lon="17.209431">
      </trkpt>
      <trkpt lat="49.582343" lon="17.209058">
      </trkpt>
      <trkpt lat="49.583181" lon="17.208669">
      </trkpt>
      <trkpt lat="49.5836" lon="17.208441">
      </trkpt>
      <trkpt lat="49.584151" lon="17.208115">
      </trkpt>
      <trkpt lat="49.584884" lon="17.207626">
      </trkpt>
      <trkpt lat="49.585452" lon="17.207197">
      </trkpt>
      <trkpt lat="49.586049" lon="17.206695">
      </trkpt>
      <trkpt lat="49.586651" lon="17.206132">
      </trkpt>
      <trkpt lat="49.587475" lon="17.205275">
      </trkpt>
      <trkpt lat="49.589147" lon="17.203403">
      </trkpt>
      <trkpt lat="49.590038" lon="17.202525">
      </trkpt>
      <trkpt lat="49.590576" lon="17.202075">
      </trkpt>
      <trkpt lat="49.599135" lon="17.201397">
      </trkpt>
      <trkpt lat="49.599933" lon="17.200939">
      </trkpt>
      <trkpt lat="49.602884" lon="17.198868">
      </trkpt>
      <trkpt lat="49.603527" lon="17.198455">
      </trkpt>
      <trkpt lat="49.604079" lon="17.198056">
      </trkpt>
      <trkpt lat="49.604606" lon="17.197629">
      </trkpt>
      <trkpt lat="49.60234" lon="17.194831">
      </trkpt>
      <trkpt lat="49.593831" lon="17.196862">
      </trkpt>
    </trkseg>
  </trk>
</gpx>