{"type": "FeatureCollection", "bbox": [15.476306, 48.50224, 17.714599, 49.646686], "features": [{"type": "Feature", "properties": {"group_index": 0, "value": 3600.0, "center": [16.610610483276755, 49.202601110891734]}, "geometry": {"coordinates": [[[15.476306, 49.497903], [15.47748, 49.497068], [15.478971, 49.496113], [15.480165, 49.495419], [15.481507, 49.494709], [15.482254, 49.49434], [15.483797, 49.493633], [15.484646, 49.493281], [15.486284, 49.49266], [15.487225, 49.492336], [15.48816, 49.492038], [15.489678, 49.491588], [15.491456, 49.491117], [15.492395, 49.490892], [15.494341, 49.490451], [15.496267, 49.490013], [15.499102, 49.489392], [15.501924, 49.488774], [15.508141, 49.486013], [15.508366, 49.486013], [15.515092, 49.48574], [15.517972, 49.484976], [15.521076, 49.484096], [15.521859, 49.48388], [15.52461, 49.483076], [15.527387, 49.482265], [15.529443, 49.481693], [15.53084, 49.481324], [15.532503, 49.480912], [15.533894, 49.480591], [15.535356, 49.480283], [15.536838, 49.479995], [15.538326, 49.479729], [15.540631, 49.479354], [15.544609, 49.478762], [15.548329, 49.478208], [15.55205, 49.477655], [15.55577, 49.477101], [15.556769, 49.476932], [15.557761, 49.476728], [15.558564, 49.476515], [15.565517, 49.470915], [15.565879, 49.470397], [15.566401, 49.469736], [15.566872, 49.46922], [15.567726, 49.46845], [15.568227, 49.468052], [15.568712, 49.467703], [15.569335, 49.467306], [15.570082, 49.466884], [15.570651, 49.466598], [15.57124, 49.466334], [15.572163, 49.46595], [15.574559, 49.465049], [15.580004, 49.461164], [15.581576, 49.459456], [15.582502, 49.458537], [15.583689, 49.45745], [15.584664, 49.456672], [15.585472, 49.456116], [15.58607, 49.455748], [15.58687, 49.455297], [15.587258, 49.455088], [15.589227, 49.453921], [15.59224, 49.4521], [15.598479, 49.449367], [15.598767, 49.445779], [15.596938, 49.437258], [15.59651, 49.436625], [15.59628, 49.435725], [15.59521, 49.433372], [15.587689, 49.429559], [15.583039, 49.430961], [15.582497, 49.431218], [15.57857, 49.430148], [15.577421, 49.426737], [15.577649, 49.419224], [15.573396, 49.415631], [15.572598, 49.414479], [15.572593, 49.414469], [15.569887, 49.40732], [15.570534, 49.404216], [15.570614, 49.404215], [15.571176, 49.404283], [15.572086, 49.40447], [15.579473, 49.407672], [15.58209, 49.410145], [15.580596, 49.415177], [15.587327, 49.420224], [15.58932, 49.419491], [15.589604, 49.419573], [15.596157, 49.419632], [15.596342, 49.419684], [15.600527, 49.424545], [15.60769, 49.424968], [15.609232, 49.424689], [15.612056, 49.425107], [15.614587, 49.425377], [15.614809, 49.425458], [15.61552, 49.426142], [15.615636, 49.427625], [15.615523, 49.435997], [15.617094, 49.436883], [15.61661, 49.439468], [15.623918, 49.443883], [15.625915, 49.442834], [15.627561, 49.442072], [15.629511, 49.441187], [15.631254, 49.432782], [15.631088, 49.432331], [15.630487, 49.430353], [15.630143, 49.42677], [15.63236, 49.426557], [15.633657, 49.426432], [15.637065, 49.418907], [15.635312, 49.417314], [15.633475, 49.416041], [15.633482, 49.413815], [15.629824, 49.405694], [15.623315, 49.405467], [15.622071, 49.40615], [15.618699, 49.407219], [15.617832, 49.407175], [15.617778, 49.407127], [15.617188, 49.406112], [15.610551, 49.400715], [15.606441, 49.399445], [15.605731, 49.39933], [15.606305, 49.395776], [15.608112, 49.395343], [15.608393, 49.395377], [15.610536, 49.395559], [15.613585, 49.397232], [15.61944, 49.392498], [15.619218, 49.390195], [15.61931, 49.388451], [15.619207, 49.386595], [15.619237, 49.386316], [15.622835, 49.386193], [15.624028, 49.386596], [15.625258, 49.390624], [15.631846, 49.3955], [15.634313, 49.394029], [15.634783, 49.393839], [15.635651, 49.39355], [15.636065, 49.393438], [15.637468, 49.393115], [15.637914, 49.393039], [15.638626, 49.392984], [15.639548, 49.393022], [15.647756, 49.394906], [15.649572, 49.393748], [15.651334, 49.392587], [15.65191, 49.392088], [15.652543, 49.391663], [15.65542, 49.390415], [15.655774, 49.390247], [15.658961, 49.388585], [15.65944, 49.388409], [15.661745, 49.387651], [15.66405, 49.386893], [15.665175, 49.390312], [15.664044, 49.39772], [15.67115, 49.397409], [15.671537, 49.396879], [15.672096, 49.396368], [15.674052, 49.397394], [15.682032, 49.396617], [15.680561, 49.388335], [15.678496, 49.387461], [15.676097, 49.386412], [15.677539, 49.383114], [15.679938, 49.384162], [15.684471, 49.384763], [15.688152, 49.377848], [15.690469, 49.374944], [15.696315, 49.369888], [15.700243, 49.369177], [15.705809, 49.3692], [15.710895, 49.367618], [15.717296, 49.366921], [15.717654, 49.366882], [15.718401, 49.366859], [15.720164, 49.366858], [15.721158, 49.366932], [15.72456, 49.367436], [15.730518, 49.369499], [15.732855, 49.372237], [15.732163, 49.373295], [15.737862, 49.379736], [15.738592, 49.383262], [15.737522, 49.388002], [15.738906, 49.391328], [15.746725, 49.388331], [15.747023, 49.387718], [15.747826, 49.386714], [15.750022, 49.383544], [15.752067, 49.380338], [15.753172, 49.376912], [15.753543, 49.377032], [15.755983, 49.378296], [15.757188, 49.379535], [15.757658, 49.380621], [15.757445, 49.382115], [15.757987, 49.385971], [15.758296, 49.386578], [15.766399, 49.388862], [15.767477, 49.386775], [15.767648, 49.386343], [15.768257, 49.385503], [15.768859, 49.385019], [15.768977, 49.384912], [15.769868, 49.384], [15.770543, 49.383257], [15.771127, 49.382583], [15.772656, 49.380026], [15.77281, 49.37967], [15.773149, 49.379001], [15.774025, 49.376117], [15.774043, 49.375711], [15.773555, 49.372703], [15.767992, 49.368872], [15.764293, 49.369924], [15.757486, 49.366989], [15.756019, 49.366706], [15.754975, 49.366624], [15.754309, 49.366474], [15.753236, 49.366079], [15.751815, 49.365796], [15.750947, 49.365374], [15.750389, 49.364831], [15.744161, 49.361734], [15.743284, 49.361456], [15.742771, 49.361273], [15.741886, 49.360891], [15.742668, 49.357377], [15.749996, 49.354651], [15.751456, 49.357942], [15.75257, 49.359875], [15.757645, 49.363179], [15.75809, 49.363275], [15.758658, 49.363483], [15.766397, 49.359041], [15.766781, 49.357849], [15.769406, 49.356132], [15.769711, 49.356245], [15.770109, 49.356476], [15.770363, 49.356737], [15.770866, 49.35781], [15.77816, 49.362741], [15.786936, 49.363653], [15.787738, 49.363379], [15.791871, 49.361727], [15.794187, 49.360012], [15.794654, 49.359669], [15.798688, 49.353426], [15.797919, 49.346626], [15.797242, 49.345208], [15.797084, 49.344839], [15.796961, 49.344068], [15.796989, 49.343718], [15.792188, 49.336275], [15.787359, 49.336376], [15.785723, 49.336956], [15.785126, 49.336905], [15.7843, 49.336058], [15.784215, 49.335853], [15.785434, 49.333318], [15.787115, 49.332776], [15.78736, 49.332776], [15.79226, 49.332676], [15.797959, 49.326979], [15.800997, 49.325048], [15.801691, 49.325898], [15.802577, 49.326878], [15.810234, 49.33147], [15.809717, 49.335033], [15.807532, 49.343598], [15.806791, 49.347575], [15.806542, 49.348149], [15.804907, 49.349486], [15.807233, 49.357943], [15.809614, 49.357406], [15.813172, 49.35653], [15.81476, 49.355558], [15.816555, 49.354589], [15.824597, 49.351953], [15.825168, 49.351313], [15.827921, 49.347862], [15.831514, 49.347635], [15.831532, 49.347715], [15.831531, 49.347899], [15.831711, 49.349685], [15.834918, 49.356298], [15.838216, 49.356036], [15.839843, 49.355838], [15.842538, 49.35519], [15.842878, 49.355124], [15.843606, 49.355105], [15.845061, 49.355271], [15.847013, 49.355038], [15.847531, 49.355015], [15.849292, 49.355098], [15.852865, 49.347042], [15.849789, 49.344904], [15.849187, 49.344342], [15.848007, 49.343376], [15.846962, 49.342355], [15.846773, 49.341672], [15.847984, 49.338903], [15.849354, 49.33501], [15.850173, 49.332172], [15.847975, 49.32481], [15.844511, 49.324284], [15.836251, 49.323436], [15.832987, 49.325189], [15.831164, 49.326379], [15.82896, 49.323533], [15.829696, 49.322962], [15.831166, 49.322083], [15.834078, 49.320416], [15.835056, 49.320041], [15.837102, 49.319446], [15.843434, 49.317268], [15.845623, 49.314409], [15.847247, 49.311275], [15.846107, 49.304031], [15.846754, 49.30049], [15.848764, 49.300647], [15.849656, 49.300801], [15.850629, 49.301166], [15.851222, 49.301456], [15.852049, 49.302166], [15.852588, 49.303611], [15.852635, 49.305176], [15.861478, 49.306105], [15.861995, 49.301846], [15.86219, 49.299666], [15.862316, 49.297514], [15.862373, 49.297356], [15.86414, 49.29441], [15.868212, 49.289375], [15.866937, 49.285233], [15.866441, 49.281667], [15.861913, 49.277242], [15.861214, 49.277022], [15.857652, 49.27573], [15.857655, 49.275448], [15.857838, 49.27465], [15.85848, 49.273788], [15.859247, 49.273288], [15.859415, 49.273161], [15.86092, 49.272829], [15.861414, 49.272889], [15.866629, 49.272289], [15.867753, 49.271709], [15.871803, 49.266944], [15.872166, 49.265888], [15.873389, 49.264242], [15.871169, 49.257164], [15.865764, 49.257895], [15.865222, 49.25805], [15.859924, 49.261668], [15.85907, 49.262059], [15.856978, 49.262418], [15.851512, 49.261135], [15.851436, 49.261124], [15.850174, 49.258468], [15.850275, 49.258324], [15.852047, 49.256373], [15.855566, 49.254727], [15.856581, 49.254995], [15.856849, 49.255049], [15.861067, 49.255203], [15.86527, 49.251087], [15.865559, 49.246986], [15.865052, 49.245357], [15.863976, 49.243552], [15.865711, 49.241031], [15.866431, 49.240919], [15.869249, 49.2417], [15.870195, 49.245107], [15.875397, 49.248614], [15.879783, 49.243079], [15.879293, 49.239512], [15.876052, 49.231237], [15.871061, 49.231242], [15.86937, 49.232122], [15.868624, 49.232098], [15.868019, 49.228549], [15.868948, 49.222841], [15.869047, 49.221922], [15.870753, 49.220166], [15.871274, 49.220134], [15.880248, 49.219729], [15.880802, 49.219442], [15.884685, 49.216429], [15.887673, 49.213608], [15.888046, 49.213425], [15.895099, 49.210382], [15.895844, 49.210471], [15.897133, 49.210832], [15.904993, 49.212722], [15.912399, 49.213359], [15.919559, 49.213242], [15.920793, 49.21323], [15.922243, 49.21326], [15.927325, 49.213214], [15.930596, 49.213254], [15.932397, 49.213249], [15.932994, 49.213286], [15.933847, 49.213385], [15.938147, 49.21537], [15.942889, 49.213221], [15.945082, 49.21302], [15.94768, 49.212778], [15.952513, 49.21216], [15.95349, 49.211972], [15.954928, 49.211787], [15.955859, 49.21175], [15.957788, 49.21167], [15.95918, 49.211485], [15.959701, 49.211446], [15.960227, 49.211439], [15.961194, 49.211492], [15.962568, 49.211537], [15.96416, 49.211454], [15.966819, 49.211005], [15.967214, 49.210956], [15.968011, 49.2109], [15.968484, 49.210884], [15.969152, 49.210887], [15.969956, 49.210928], [15.970199, 49.210928], [15.973927, 49.210717], [15.975663, 49.202363], [15.972849, 49.200119], [15.974579, 49.194887], [15.976601, 49.188254], [15.979848, 49.186698], [15.982619, 49.186953], [15.986024, 49.185668], [15.992243, 49.187647], [15.996153, 49.186608], [15.998367, 49.185948], [16.005285, 49.189539], [16.005995, 49.189651], [16.006578, 49.189915], [16.007421, 49.190468], [16.011923, 49.19226], [16.015948, 49.194189], [16.018587, 49.194102], [16.02354, 49.186709], [16.023091, 49.186006], [16.022927, 49.185662], [16.022348, 49.184652], [16.022896, 49.182925], [16.023694, 49.18127], [16.02409, 49.181413], [16.024486, 49.181629], [16.025393, 49.182731], [16.031247, 49.185273], [16.034552, 49.182406], [16.03499, 49.181109], [16.03523, 49.180585], [16.035671, 49.175559], [16.035651, 49.174613], [16.02869, 49.169784], [16.026706, 49.170243], [16.02387, 49.170798], [16.015857, 49.168035], [16.013069, 49.168494], [16.004869, 49.170105], [16.001694, 49.171802], [15.997574, 49.172432], [15.992566, 49.170713], [15.988556, 49.172007], [15.987846, 49.172353], [15.985938, 49.173161], [15.983907, 49.174016], [15.983045, 49.174309], [15.981886, 49.170901], [15.987698, 49.168123], [15.988319, 49.16775], [15.988847, 49.167531], [15.989375, 49.167376], [15.990134, 49.167252], [15.991118, 49.167202], [15.993209, 49.166847], [16.000488, 49.161916], [16.002273, 49.158722], [16.006417, 49.159071], [16.010561, 49.15942], [16.016235, 49.158184], [16.017121, 49.158017], [16.017953, 49.157894], [16.020484, 49.156768], [16.016864, 49.148942], [16.014104, 49.149171], [16.013807, 49.145583], [16.010591, 49.13782], [16.007851, 49.137507], [16.007121, 49.137357], [16.007846, 49.133831], [16.004742, 49.12607], [16.005847, 49.122644], [16.012107, 49.11711], [16.012426, 49.116834], [16.014756, 49.115376], [16.017596, 49.117588], [16.024706, 49.120539], [16.028224, 49.118951], [16.031743, 49.117364], [16.033223, 49.120645], [16.032962, 49.129206], [16.034946, 49.132486], [16.037253, 49.134667], [16.039432, 49.13785], [16.040763, 49.140016], [16.049239, 49.141146], [16.051255, 49.140082], [16.053167, 49.139079], [16.055055, 49.137633], [16.056738, 49.136326], [16.057009, 49.136083], [16.063948, 49.138419], [16.067467, 49.13808], [16.068874, 49.142221], [16.075899, 49.141393], [16.076625, 49.140143], [16.077022, 49.138938], [16.077343, 49.138099], [16.078253, 49.133811], [16.07803, 49.131921], [16.073346, 49.126551], [16.071602, 49.125664], [16.070598, 49.124897], [16.06975, 49.124073], [16.067813, 49.122664], [16.067309, 49.122103], [16.062091, 49.118696], [16.059836, 49.114714], [16.05861, 49.112537], [16.056101, 49.109631], [16.055994, 49.109429], [16.055536, 49.108262], [16.05571, 49.107887], [16.056424, 49.106378], [16.056565, 49.106329], [16.059472, 49.105168], [16.060286, 49.104778], [16.065445, 49.101947], [16.069276, 49.101008], [16.076177, 49.097667], [16.080057, 49.093572], [16.081281, 49.093293], [16.085851, 49.097239], [16.092667, 49.099391], [16.096, 49.099951], [16.10151, 49.099312], [16.104334, 49.098153], [16.108878, 49.100339], [16.114374, 49.098917], [16.115263, 49.098523], [16.116653, 49.097943], [16.117384, 49.097704], [16.11925, 49.097241], [16.122405, 49.09646], [16.122866, 49.096309], [16.124105, 49.095785], [16.127338, 49.094386], [16.130591, 49.092978], [16.132183, 49.092379], [16.132856, 49.084134], [16.12792, 49.077168], [16.124179, 49.076713], [16.121409, 49.076069], [16.113235, 49.079243], [16.112068, 49.081756], [16.10847, 49.081654], [16.108542, 49.079128], [16.108499, 49.078604], [16.100082, 49.07604], [16.099701, 49.076475], [16.096138, 49.075736], [16.088912, 49.07349], [16.085087, 49.073478], [16.084357, 49.073603], [16.083759, 49.073637], [16.078308, 49.075361], [16.078008, 49.075186], [16.073401, 49.073154], [16.070291, 49.072886], [16.067281, 49.072623], [16.06685, 49.072606], [16.06643, 49.072564], [16.065562, 49.072511], [16.065081, 49.072455], [16.064973, 49.067247], [16.067934, 49.065199], [16.069279, 49.067143], [16.07371, 49.069567], [16.07682, 49.069835], [16.079498, 49.062603], [16.082464, 49.060562], [16.083779, 49.062474], [16.090514, 49.064818], [16.093358, 49.062611], [16.093947, 49.062505], [16.095252, 49.062522], [16.096112, 49.063144], [16.103737, 49.062467], [16.104853, 49.060852], [16.1051, 49.055319], [16.10457, 49.051758], [16.106446, 49.051479], [16.108322, 49.0512], [16.115001, 49.048159], [16.115353, 49.045233], [16.115543, 49.045164], [16.115983, 49.04506], [16.116443, 49.045039], [16.116687, 49.045062], [16.117265, 49.045236], [16.117944, 49.045757], [16.118542, 49.047507], [16.118598, 49.048761], [16.118521, 49.049366], [16.118321, 49.05247], [16.117174, 49.054987], [16.120691, 49.063058], [16.123124, 49.06395], [16.126028, 49.06391], [16.130917, 49.058454], [16.131229, 49.058313], [16.132341, 49.05828], [16.137846, 49.059552], [16.13806, 49.059626], [16.143305, 49.060256], [16.149052, 49.055831], [16.148781, 49.050363], [16.148517, 49.046773], [16.153046, 49.041689], [16.157627, 49.042561], [16.16502, 49.043374], [16.167325, 49.042265], [16.171454, 49.034301], [16.165008, 49.030316], [16.163466, 49.030545], [16.161657, 49.030703], [16.159848, 49.030861], [16.155154, 49.029593], [16.1494, 49.028335], [16.146581, 49.028092], [16.145867, 49.028103], [16.144982, 49.028014], [16.144975, 49.024374], [16.148201, 49.022776], [16.154585, 49.018887], [16.155457, 49.016557], [16.155562, 49.016286], [16.15892, 49.017582], [16.158816, 49.017854], [16.161683, 49.02514], [16.164259, 49.025556], [16.164694, 49.025643], [16.165274, 49.025788], [16.167208, 49.026338], [16.168452, 49.026559], [16.172264, 49.027129], [16.174078, 49.027371], [16.174733, 49.027374], [16.176726, 49.027494], [16.178572, 49.027611], [16.180494, 49.027702], [16.180924, 49.027758], [16.187598, 49.026838], [16.189825, 49.024985], [16.196868, 49.021824], [16.197186, 49.018238], [16.195339, 49.014926], [16.188974, 49.012853], [16.185248, 49.013849], [16.181454, 49.014861], [16.179932, 49.015166], [16.179667, 49.01517], [16.179609, 49.011571], [16.18066, 49.01135], [16.184318, 49.010371], [16.188044, 49.009376], [16.19086, 49.008647], [16.192784, 49.008145], [16.194624, 49.007663], [16.195025, 49.007494], [16.197636, 49.005794], [16.198035, 49.00552], [16.198646, 49.005179], [16.199421, 49.004849], [16.202415, 48.998313], [16.201141, 48.995753], [16.192654, 48.99667], [16.192336, 48.997109], [16.191326, 48.998301], [16.185395, 48.999115], [16.184651, 48.999639], [16.184247, 48.999799], [16.183491, 49.000063], [16.180818, 49.000942], [16.178265, 49.001776], [16.178051, 49.001847], [16.176192, 49.002913], [16.174308, 49.003992], [16.171566, 49.005508], [16.170812, 49.005957], [16.1705, 49.00613], [16.170058, 49.006179], [16.169727, 49.006201], [16.169159, 49.005059], [16.168753, 49.002982], [16.170212, 49.001414], [16.170645, 49.001117], [16.171259, 49.000813], [16.174402, 48.999789], [16.176261, 48.998724], [16.1769, 48.998445], [16.179693, 48.997522], [16.18376, 48.995156], [16.184387, 48.988163], [16.183528, 48.9866], [16.181578, 48.983521], [16.173906, 48.979138], [16.172499, 48.979372], [16.166475, 48.984724], [16.165295, 48.988125], [16.162087, 48.987326], [16.159868, 48.987295], [16.159256, 48.987205], [16.151133, 48.989645], [16.146556, 48.992925], [16.143343, 48.994548], [16.137892, 48.997841], [16.134779, 48.996032], [16.136286, 48.993438], [16.136998, 48.992253], [16.137607, 48.991592], [16.139598, 48.990289], [16.139843, 48.982736], [16.138784, 48.978616], [16.142115, 48.97725], [16.145214, 48.977562], [16.145712, 48.977538], [16.14728, 48.979273], [16.155661, 48.979699], [16.156717, 48.979474], [16.158626, 48.979033], [16.160572, 48.978583], [16.163752, 48.970246], [16.16221, 48.966993], [16.162899, 48.964067], [16.156677, 48.959813], [16.154022, 48.961412], [16.152165, 48.958328], [16.153188, 48.951887], [16.14796, 48.948806], [16.141981, 48.946219], [16.138688, 48.947452], [16.135786, 48.948653], [16.134625, 48.94918], [16.133889, 48.949545], [16.133247, 48.949772], [16.132647, 48.949882], [16.128203, 48.950889], [16.12406, 48.953816], [16.12203, 48.955729], [16.121556, 48.95599], [16.121124, 48.956159], [16.120276, 48.95642], [16.116039, 48.958265], [16.113626, 48.957714], [16.11167, 48.957244], [16.109714, 48.956774], [16.110555, 48.953274], [16.112511, 48.953744], [16.116354, 48.953695], [16.121549, 48.951237], [16.123257, 48.949574], [16.123743, 48.949158], [16.124416, 48.948739], [16.126621, 48.947656], [16.128478, 48.946804], [16.129006, 48.946621], [16.129577, 48.946503], [16.134293, 48.945377], [16.137311, 48.944126], [16.1413, 48.942173], [16.143169, 48.933812], [16.142563, 48.932672], [16.141024, 48.930731], [16.140658, 48.929792], [16.138869, 48.924749], [16.138559, 48.924161], [16.138757, 48.919581], [16.138778, 48.919536], [16.141255, 48.918654], [16.146326, 48.920391], [16.147168, 48.9205], [16.147872, 48.920644], [16.149474, 48.921278], [16.151648, 48.922345], [16.158801, 48.918462], [16.158918, 48.91818], [16.159337, 48.917494], [16.15976, 48.917009], [16.160462, 48.91651], [16.164215, 48.912046], [16.164868, 48.909701], [16.165892, 48.90886], [16.169442, 48.901345], [16.16548, 48.899001], [16.162055, 48.89981], [16.160106, 48.900097], [16.158157, 48.900385], [16.154045, 48.896463], [16.150876, 48.891325], [16.147993, 48.889251], [16.146843, 48.88584], [16.148734, 48.877787], [16.147682, 48.876617], [16.144776, 48.874918], [16.142768, 48.874584], [16.14076, 48.87425], [16.141351, 48.870699], [16.143359, 48.871033], [16.14508, 48.86228], [16.14187, 48.861676], [16.138245, 48.861], [16.13462, 48.860324], [16.130995, 48.859648], [16.12737, 48.858973], [16.123745, 48.858297], [16.12012, 48.857621], [16.116495, 48.856945], [16.109168, 48.857494], [16.108209, 48.863392], [16.105519, 48.865784], [16.101054, 48.870591], [16.094915, 48.871874], [16.092096, 48.872435], [16.089652, 48.868739], [16.089728, 48.867054], [16.089907, 48.866215], [16.091405, 48.86172], [16.08652, 48.854331], [16.084975, 48.855089], [16.083212, 48.855913], [16.081694, 48.856973], [16.081154, 48.857321], [16.080813, 48.857493], [16.080284, 48.857704], [16.079872, 48.857837], [16.079203, 48.858034], [16.078424, 48.858178], [16.076869, 48.858263], [16.076522, 48.858239], [16.075997, 48.858213], [16.076173, 48.854617], [16.081733, 48.852377], [16.084242, 48.848498], [16.084329, 48.848302], [16.084998, 48.847466], [16.085174, 48.847348], [16.085873, 48.847193], [16.086765, 48.847309], [16.088958, 48.84827], [16.095436, 48.849404], [16.102983, 48.847063], [16.104712, 48.850221], [16.106605, 48.851426], [16.113889, 48.848755], [16.11508, 48.846503], [16.115326, 48.846366], [16.11723, 48.845522], [16.118602, 48.84499], [16.121829, 48.842893], [16.125437, 48.840219], [16.127241, 48.838703], [16.128764, 48.838845], [16.133525, 48.841376], [16.139113, 48.83578], [16.134572, 48.830268], [16.129533, 48.824489], [16.125946, 48.823891], [16.124203, 48.823168], [16.119366, 48.823085], [16.118814, 48.819528], [16.120647, 48.819243], [16.12248, 48.818959], [16.123029, 48.818942], [16.123599, 48.819038], [16.130073, 48.820929], [16.133239, 48.82141], [16.133694, 48.821501], [16.13594, 48.822313], [16.139118, 48.822926], [16.144915, 48.821092], [16.14843, 48.820314], [16.155194, 48.82296], [16.155533, 48.823041], [16.159589, 48.826073], [16.168182, 48.824585], [16.169096, 48.823004], [16.169704, 48.822282], [16.172006, 48.817361], [16.172449, 48.816112], [16.172652, 48.816027], [16.174156, 48.816273], [16.174288, 48.816381], [16.174114, 48.819178], [16.174451, 48.821667], [16.17499, 48.823842], [16.181809, 48.828791], [16.183359, 48.827905], [16.188883, 48.827687], [16.196171, 48.829366], [16.198699, 48.828513], [16.20126, 48.82765], [16.203009, 48.827098], [16.204093, 48.830531], [16.202344, 48.831083], [16.199849, 48.831925], [16.197321, 48.832777], [16.192756, 48.836118], [16.191577, 48.836521], [16.188489, 48.837562], [16.18539, 48.838605], [16.182292, 48.839649], [16.179193, 48.840692], [16.177307, 48.841328], [16.175521, 48.84193], [16.172967, 48.842794], [16.168211, 48.849941], [16.169364, 48.853162], [16.175982, 48.858209], [16.179832, 48.856899], [16.180619, 48.856522], [16.188589, 48.85296], [16.187438, 48.849549], [16.190982, 48.848354], [16.194525, 48.847158], [16.197381, 48.846195], [16.200237, 48.845231], [16.201388, 48.848642], [16.198532, 48.849606], [16.193878, 48.855921], [16.196098, 48.858802], [16.198317, 48.861684], [16.200644, 48.864692], [16.202973, 48.867702], [16.207381, 48.869738], [16.212771, 48.862992], [16.211279, 48.861056], [16.210638, 48.856315], [16.214019, 48.848888], [16.212057, 48.846369], [16.214897, 48.844157], [16.216859, 48.846676], [16.218638, 48.848959], [16.220416, 48.851242], [16.226715, 48.853986], [16.232972, 48.855636], [16.236506, 48.855967], [16.241762, 48.855233], [16.241854, 48.855197], [16.241927, 48.855192], [16.242041, 48.855286], [16.244337, 48.857362], [16.245488, 48.858404], [16.245711, 48.858636], [16.249262, 48.861435], [16.253738, 48.862163], [16.258186, 48.859094], [16.258846, 48.858278], [16.259792, 48.857588], [16.260512, 48.857328], [16.261321, 48.85725], [16.262402, 48.857242], [16.267303, 48.852298], [16.264143, 48.848062], [16.256311, 48.845976], [16.25371, 48.847343], [16.251941, 48.846172], [16.25138, 48.845813], [16.248909, 48.842857], [16.25214, 48.839165], [16.254574, 48.838308], [16.257008, 48.83745], [16.259442, 48.836593], [16.26101, 48.836055], [16.264405, 48.838477], [16.269478, 48.837835], [16.270549, 48.831538], [16.269122, 48.829749], [16.267173, 48.828227], [16.262166, 48.825201], [16.262176, 48.821601], [16.266262, 48.815851], [16.265616, 48.812309], [16.265691, 48.808419], [16.266801, 48.805061], [16.269272, 48.804807], [16.271742, 48.804554], [16.275207, 48.799517], [16.269061, 48.795532], [16.268694, 48.791951], [16.271013, 48.783866], [16.270083, 48.782031], [16.269267, 48.780246], [16.27254, 48.778749], [16.276872, 48.783233], [16.277255, 48.786812], [16.277601, 48.792491], [16.2781, 48.794666], [16.27832, 48.795869], [16.278504, 48.797063], [16.278774, 48.799029], [16.285316, 48.803172], [16.289215, 48.802778], [16.293132, 48.802382], [16.296481, 48.80208], [16.298901, 48.80199], [16.299035, 48.805587], [16.29592, 48.812766], [16.296535, 48.816313], [16.301407, 48.821924], [16.304693, 48.821648], [16.305618, 48.821361], [16.306852, 48.821536], [16.310352, 48.822076], [16.311587, 48.823352], [16.311693, 48.823752], [16.308991, 48.825409], [16.30339, 48.831094], [16.306158, 48.83662], [16.308767, 48.837807], [16.311161, 48.837888], [16.311993, 48.837862], [16.313391, 48.837826], [16.316449, 48.837433], [16.316908, 48.841004], [16.316923, 48.843309], [16.315125, 48.845476], [16.313656, 48.845724], [16.310736, 48.842698], [16.307627, 48.841255], [16.306028, 48.840732], [16.304837, 48.840108], [16.301844, 48.839236], [16.299673, 48.839184], [16.298982, 48.839096], [16.294452, 48.839906], [16.29191, 48.846597], [16.298262, 48.852542], [16.300534, 48.852301], [16.302819, 48.852059], [16.304579, 48.851886], [16.305027, 48.855458], [16.303311, 48.864166], [16.305357, 48.865509], [16.306619, 48.866456], [16.307328, 48.867018], [16.313899, 48.869574], [16.317989, 48.8686], [16.32047, 48.868346], [16.32389, 48.868033], [16.327065, 48.867759], [16.328479, 48.867445], [16.329128, 48.867383], [16.329832, 48.867348], [16.330651, 48.867351], [16.331239, 48.867401], [16.33467, 48.867347], [16.342342, 48.865945], [16.346715, 48.863401], [16.351766, 48.859315], [16.353536, 48.859763], [16.354221, 48.859974], [16.356784, 48.867252], [16.362501, 48.872545], [16.363807, 48.872935], [16.366186, 48.873265], [16.366569, 48.873275], [16.367134, 48.873269], [16.367757, 48.873319], [16.370781, 48.873519], [16.371383, 48.873573], [16.371651, 48.873609], [16.372205, 48.873737], [16.372802, 48.873962], [16.375293, 48.875092], [16.378065, 48.876287], [16.378639, 48.876474], [16.381001, 48.877396], [16.383346, 48.877826], [16.38624, 48.878523], [16.389042, 48.8792], [16.389614, 48.879377], [16.391744, 48.88035], [16.393663, 48.881242], [16.399661, 48.875875], [16.399355, 48.873315], [16.399328, 48.872484], [16.39931, 48.870343], [16.398997, 48.868597], [16.398817, 48.867875], [16.39873, 48.867187], [16.398777, 48.866495], [16.398958, 48.865631], [16.399524, 48.863332], [16.399862, 48.862465], [16.400258, 48.86057], [16.393773, 48.855552], [16.390952, 48.855673], [16.385999, 48.855888], [16.383514, 48.855986], [16.382963, 48.855937], [16.382087, 48.855583], [16.380525, 48.854869], [16.377953, 48.854073], [16.3754, 48.853282], [16.37295, 48.852551], [16.370183, 48.851633], [16.369855, 48.851389], [16.36943, 48.850955], [16.365794, 48.845345], [16.360696, 48.847155], [16.360025, 48.847137], [16.359566, 48.847094], [16.357753, 48.846999], [16.356871, 48.846925], [16.354042, 48.847058], [16.353412, 48.845368], [16.352987, 48.843616], [16.347649, 48.836408], [16.345181, 48.835704], [16.342917, 48.835036], [16.336562, 48.829005], [16.334087, 48.829956], [16.331902, 48.830795], [16.329717, 48.831635], [16.328426, 48.828274], [16.327089, 48.826693], [16.326899, 48.825206], [16.328435, 48.824709], [16.328945, 48.824586], [16.329501, 48.82455], [16.329894, 48.82458], [16.334277, 48.824583], [16.338428, 48.824186], [16.339924, 48.824062], [16.342774, 48.824045], [16.343175, 48.82402], [16.343523, 48.82404], [16.344011, 48.824146], [16.347186, 48.824772], [16.349172, 48.824826], [16.350547, 48.825005], [16.351365, 48.825006], [16.352234, 48.824931], [16.355018, 48.825917], [16.355226, 48.825942], [16.355365, 48.826], [16.358339, 48.827489], [16.358893, 48.828767], [16.35923, 48.829305], [16.360226, 48.830993], [16.368412, 48.83237], [16.368997, 48.831968], [16.37, 48.831593], [16.370895, 48.831183], [16.371569, 48.830902], [16.373118, 48.830432], [16.373677, 48.830271], [16.374223, 48.830159], [16.375718, 48.829969], [16.376493, 48.829792], [16.377233, 48.829564], [16.37789, 48.829442], [16.37848, 48.829388], [16.378987, 48.829383], [16.379479, 48.829423], [16.380273, 48.829547], [16.385012, 48.828861], [16.387533, 48.823913], [16.387926, 48.820334], [16.389845, 48.818901], [16.39102, 48.815868], [16.383803, 48.812177], [16.382127, 48.812873], [16.381164, 48.813321], [16.380745, 48.813567], [16.37799, 48.816357], [16.376767, 48.819743], [16.374563, 48.818999], [16.368923, 48.818991], [16.367482, 48.819688], [16.366481, 48.820023], [16.36601, 48.820103], [16.365888, 48.820099], [16.364041, 48.817009], [16.357312, 48.815423], [16.356669, 48.811881], [16.354942, 48.804204], [16.354872, 48.802936], [16.354886, 48.802467], [16.355193, 48.800613], [16.360271, 48.80016], [16.365866, 48.80019], [16.371434, 48.800088], [16.373716, 48.791714], [16.373878, 48.788215], [16.373966, 48.784616], [16.372069, 48.77597], [16.368456, 48.775869], [16.36487, 48.775783], [16.364957, 48.772184], [16.368542, 48.77227], [16.372128, 48.772356], [16.372555, 48.772403], [16.375098, 48.772451], [16.377842, 48.772515], [16.38202, 48.766], [16.375094, 48.761659], [16.374574, 48.760371], [16.374044, 48.759297], [16.374318, 48.758144], [16.377569, 48.750413], [16.380411, 48.749964], [16.380622, 48.749977], [16.384818, 48.752793], [16.386415, 48.753884], [16.386475, 48.754076], [16.385287, 48.759934], [16.386857, 48.768156], [16.387942, 48.770112], [16.388644, 48.77159], [16.388787, 48.77201], [16.389499, 48.773613], [16.390105, 48.775001], [16.391373, 48.777441], [16.398691, 48.78022], [16.401894, 48.779807], [16.405098, 48.779393], [16.4082, 48.778995], [16.408805, 48.778883], [16.411873, 48.778445], [16.412382, 48.782009], [16.415358, 48.789314], [16.41947, 48.78877], [16.421973, 48.788481], [16.429749, 48.792367], [16.433349, 48.792426], [16.438019, 48.796517], [16.439525, 48.797772], [16.439442, 48.798417], [16.438587, 48.801606], [16.436325, 48.804407], [16.427713, 48.807011], [16.426642, 48.809913], [16.426473, 48.810817], [16.426244, 48.812374], [16.425861, 48.814535], [16.425486, 48.816645], [16.425895, 48.818926], [16.426081, 48.820004], [16.426187, 48.820498], [16.426233, 48.821466], [16.425872, 48.82485], [16.434577, 48.825595], [16.434917, 48.825061], [16.436032, 48.820971], [16.438754, 48.818616], [16.438818, 48.818622], [16.445346, 48.821461], [16.44836, 48.821129], [16.451375, 48.820797], [16.454389, 48.820466], [16.457351, 48.820126], [16.463437, 48.815235], [16.464036, 48.813857], [16.465649, 48.81145], [16.462352, 48.804586], [16.459735, 48.803164], [16.459195, 48.802681], [16.458724, 48.802263], [16.458315, 48.801622], [16.457133, 48.799095], [16.459776, 48.79665], [16.460248, 48.797161], [16.460947, 48.79799], [16.461682, 48.798691], [16.463071, 48.800015], [16.46878, 48.801071], [16.471642, 48.793233], [16.470435, 48.790915], [16.471423, 48.788375], [16.472492, 48.788066], [16.473221, 48.787861], [16.475005, 48.787246], [16.478772, 48.783391], [16.473825, 48.777969], [16.471085, 48.777994], [16.46793, 48.778029], [16.461652, 48.783007], [16.462283, 48.786363], [16.458996, 48.785437], [16.457104, 48.783368], [16.45641, 48.78268], [16.453375, 48.780548], [16.450341, 48.778417], [16.45241, 48.775471], [16.455444, 48.777602], [16.462211, 48.776004], [16.463537, 48.76858], [16.463498, 48.76498], [16.46943, 48.760384], [16.470974, 48.759069], [16.471149, 48.759068], [16.472903, 48.761332], [16.48018, 48.765244], [16.482411, 48.758225], [16.48215, 48.754635], [16.480015, 48.750961], [16.481162, 48.747763], [16.481295, 48.747773], [16.482213, 48.74787], [16.483079, 48.748044], [16.483838, 48.748277], [16.484827, 48.748686], [16.487154, 48.74974], [16.489437, 48.750775], [16.492319, 48.751237], [16.499953, 48.747017], [16.50085, 48.743531], [16.505901, 48.736177], [16.506982, 48.73476], [16.508484, 48.73355], [16.508609, 48.733544], [16.510421, 48.735822], [16.512692, 48.743992], [16.516006, 48.74929], [16.520621, 48.754568], [16.523113, 48.756819], [16.522628, 48.757557], [16.522829, 48.765487], [16.525921, 48.767331], [16.524716, 48.769351], [16.523962, 48.770506], [16.524957, 48.779021], [16.525799, 48.779432], [16.528282, 48.780401], [16.529128, 48.780803], [16.53243, 48.782093], [16.531643, 48.785606], [16.534018, 48.793882], [16.53294, 48.797317], [16.526866, 48.800992], [16.5253, 48.801922], [16.51986, 48.808853], [16.522684, 48.811411], [16.52457, 48.811888], [16.525137, 48.812116], [16.525865, 48.812459], [16.528289, 48.813213], [16.529023, 48.813373], [16.529742, 48.813491], [16.530856, 48.813587], [16.531295, 48.813664], [16.532007, 48.813969], [16.532475, 48.814367], [16.532897, 48.814961], [16.533189, 48.815323], [16.533701, 48.815985], [16.534375, 48.816942], [16.534743, 48.817662], [16.535499, 48.818924], [16.536291, 48.820272], [16.54426, 48.821994], [16.545943, 48.821387], [16.550735, 48.814784], [16.551241, 48.810439], [16.548885, 48.805816], [16.549184, 48.805101], [16.549976, 48.804325], [16.551682, 48.803457], [16.552936, 48.802914], [16.555372, 48.801361], [16.555896, 48.801023], [16.559823, 48.797664], [16.563156, 48.796755], [16.563417, 48.796842], [16.564249, 48.797491], [16.564659, 48.7979], [16.569247, 48.803963], [16.576384, 48.804845], [16.578439, 48.804146], [16.582698, 48.80206], [16.583065, 48.80187], [16.583432, 48.801728], [16.583891, 48.801598], [16.585244, 48.801232], [16.585797, 48.801077], [16.58691, 48.800793], [16.587763, 48.800649], [16.58862, 48.800605], [16.590503, 48.800692], [16.591585, 48.800934], [16.592083, 48.801257], [16.594627, 48.802859], [16.594572, 48.802946], [16.593114, 48.804622], [16.589521, 48.804849], [16.583988, 48.805865], [16.582804, 48.806493], [16.57957, 48.807564], [16.577543, 48.808253], [16.575932, 48.808803], [16.573064, 48.813666], [16.579077, 48.817725], [16.582533, 48.816717], [16.584882, 48.816683], [16.585686, 48.816463], [16.587273, 48.817931], [16.587423, 48.818163], [16.588105, 48.819642], [16.596682, 48.821313], [16.59681, 48.816249], [16.597654, 48.815429], [16.599529, 48.813236], [16.600098, 48.813103], [16.601817, 48.812664], [16.603575, 48.812216], [16.605334, 48.811592], [16.606362, 48.81106], [16.606797, 48.81086], [16.607421, 48.810633], [16.607717, 48.810542], [16.608098, 48.810457], [16.608777, 48.810391], [16.60914, 48.810393], [16.609755, 48.810456], [16.612258, 48.810836], [16.620146, 48.807769], [16.621925, 48.804558], [16.62217, 48.799695], [16.622943, 48.79807], [16.623715, 48.796444], [16.627416, 48.797502], [16.632169, 48.792728], [16.632278, 48.792191], [16.63249, 48.79155], [16.632895, 48.790755], [16.633265, 48.790241], [16.633652, 48.78234], [16.63081, 48.780418], [16.625343, 48.778284], [16.624324, 48.775624], [16.624239, 48.77485], [16.623791, 48.770499], [16.625166, 48.77023], [16.625639, 48.770184], [16.629971, 48.768563], [16.630461, 48.768211], [16.633061, 48.759765], [16.632845, 48.759119], [16.632494, 48.757294], [16.632443, 48.756713], [16.632429, 48.756125], [16.632449, 48.755512], [16.632521, 48.754777], [16.632663, 48.753961], [16.63315, 48.751903], [16.633936, 48.748809], [16.637425, 48.749696], [16.636639, 48.75279], [16.636167, 48.754789], [16.63607, 48.755381], [16.636035, 48.755833], [16.636028, 48.756222], [16.636042, 48.756611], [16.644605, 48.759236], [16.645924, 48.757483], [16.645937, 48.757466], [16.648865, 48.757594], [16.648916, 48.757682], [16.649584, 48.760066], [16.65073, 48.763429], [16.656758, 48.769352], [16.656862, 48.769446], [16.65995, 48.773391], [16.659992, 48.776991], [16.660073, 48.778211], [16.659997, 48.779155], [16.659934, 48.780852], [16.652231, 48.784731], [16.65038, 48.785119], [16.648806, 48.785266], [16.647266, 48.785552], [16.646849, 48.785642], [16.642263, 48.792568], [16.643009, 48.795105], [16.651348, 48.796861], [16.65418, 48.795874], [16.657486, 48.794714], [16.660791, 48.793553], [16.664097, 48.792392], [16.667408, 48.791229], [16.670016, 48.790322], [16.671239, 48.781471], [16.671375, 48.777859], [16.6717, 48.777825], [16.673895, 48.777745], [16.679279, 48.776695], [16.682653, 48.775669], [16.685542, 48.77479], [16.688432, 48.773911], [16.695837, 48.773582], [16.698947, 48.772731], [16.699286, 48.772611], [16.701322, 48.772056], [16.703317, 48.771512], [16.704052, 48.771293], [16.705079, 48.774743], [16.70427, 48.77854], [16.706392, 48.785124], [16.710019, 48.786758], [16.710505, 48.78692], [16.711004, 48.78716], [16.719338, 48.787444], [16.723477, 48.779686], [16.725408, 48.779292], [16.727339, 48.778897], [16.730641, 48.7783], [16.733903, 48.777751], [16.738425, 48.773338], [16.739696, 48.764517], [16.738598, 48.764062], [16.737772, 48.763672], [16.735807, 48.756791], [16.733235, 48.754273], [16.734685, 48.752792], [16.736606, 48.750796], [16.736905, 48.741968], [16.736182, 48.741535], [16.735441, 48.741084], [16.737315, 48.73801], [16.738055, 48.738462], [16.738754, 48.73888], [16.743296, 48.739992], [16.74859, 48.73794], [16.7508, 48.736493], [16.751442, 48.736449], [16.753036, 48.736655], [16.760407, 48.737237], [16.764641, 48.736276], [16.771787, 48.731479], [16.773038, 48.729855], [16.773479, 48.729175], [16.776499, 48.731135], [16.776057, 48.731815], [16.775804, 48.732252], [16.775199, 48.733035], [16.77451, 48.733833], [16.77398, 48.738314], [16.781002, 48.740555], [16.789002, 48.743787], [16.791349, 48.743737], [16.796271, 48.745679], [16.798696, 48.746301], [16.805905, 48.744928], [16.807499, 48.745079], [16.815214, 48.743807], [16.817101, 48.746873], [16.821625, 48.749908], [16.825032, 48.750385], [16.827227, 48.750144], [16.83029, 48.742193], [16.827452, 48.739485], [16.829471, 48.736505], [16.831671, 48.737996], [16.838954, 48.735298], [16.838231, 48.730907], [16.836789, 48.728246], [16.832978, 48.723602], [16.826169, 48.721944], [16.824765, 48.718629], [16.823392, 48.710174], [16.823664, 48.705067], [16.823735, 48.704476], [16.823764, 48.704372], [16.827262, 48.705197], [16.827307, 48.705257], [16.827562, 48.706472], [16.830049, 48.710956], [16.837604, 48.711994], [16.839656, 48.710413], [16.841853, 48.713265], [16.847699, 48.719109], [16.850469, 48.718267], [16.850869, 48.718131], [16.851652, 48.717872], [16.853203, 48.717504], [16.855022, 48.71713], [16.855747, 48.720656], [16.852667, 48.728546], [16.854351, 48.729726], [16.856576, 48.731286], [16.858747, 48.735017], [16.859318, 48.735421], [16.863496, 48.736153], [16.866716, 48.730098], [16.86575, 48.726837], [16.865252, 48.726176], [16.864972, 48.725483], [16.867432, 48.723311], [16.868137, 48.723768], [16.868366, 48.72419], [16.876706, 48.72708], [16.879767, 48.728975], [16.880498, 48.730001], [16.880566, 48.730207], [16.878102, 48.732588], [16.880876, 48.739678], [16.884441, 48.739175], [16.884574, 48.740479], [16.886901, 48.744305], [16.895668, 48.743074], [16.896924, 48.742154], [16.898503, 48.743955], [16.899936, 48.745828], [16.907822, 48.747069], [16.909824, 48.747005], [16.91067, 48.746993], [16.911314, 48.747237], [16.912468, 48.747981], [16.914894, 48.753899], [16.916359, 48.757188], [16.91862, 48.762702], [16.919113, 48.764786], [16.917078, 48.767138], [16.916366, 48.768758], [16.916644, 48.774552], [16.92341, 48.780322], [16.926147, 48.779015], [16.926498, 48.778775], [16.926837, 48.778528], [16.928311, 48.777712], [16.930369, 48.77562], [16.931704, 48.774218], [16.933779, 48.771975], [16.935879, 48.769705], [16.937164, 48.768371], [16.935794, 48.760606], [16.935114, 48.759983], [16.934446, 48.759308], [16.934136, 48.758907], [16.933675, 48.757568], [16.931353, 48.748929], [16.92685, 48.746959], [16.922482, 48.746784], [16.924379, 48.74434], [16.92676, 48.73741], [16.92524, 48.733887], [16.926988, 48.727303], [16.927991, 48.725926], [16.92962, 48.724848], [16.935067, 48.723666], [16.940504, 48.716951], [16.943873, 48.71822], [16.951559, 48.722819], [16.953719, 48.721863], [16.959344, 48.719152], [16.959673, 48.719137], [16.961154, 48.719201], [16.961367, 48.719219], [16.969274, 48.716796], [16.971166, 48.711564], [16.967645, 48.707452], [16.966184, 48.706626], [16.967291, 48.7032], [16.968033, 48.70344], [16.968971, 48.703938], [16.976079, 48.703119], [16.977709, 48.700703], [16.979034, 48.698752], [16.980359, 48.696801], [16.98544, 48.69211], [16.985355, 48.689201], [16.98402, 48.681742], [16.98368, 48.681163], [16.984981, 48.677984], [16.985207, 48.67736], [16.986707, 48.671479], [16.987142, 48.669138], [16.987431, 48.667753], [16.987858, 48.665879], [16.988269, 48.664233], [16.986736, 48.656164], [16.985317, 48.654232], [16.984122, 48.652364], [16.984147, 48.650826], [16.978442, 48.645035], [16.977175, 48.644891], [16.976558, 48.644553], [16.970817, 48.642108], [16.970461, 48.641089], [16.97029, 48.63986], [16.970281, 48.639717], [16.970568, 48.638275], [16.971656, 48.636616], [16.974666, 48.638591], [16.977098, 48.639356], [16.977955, 48.639467], [16.981871, 48.640572], [16.982702, 48.640592], [16.98405, 48.640593], [16.98705, 48.640546], [16.989867, 48.632632], [16.989595, 48.632115], [16.989417, 48.631631], [16.989333, 48.631299], [16.983711, 48.624989], [16.98094, 48.622788], [16.981395, 48.622185], [16.981897, 48.621842], [16.982582, 48.621571], [16.982876, 48.621458], [16.983825, 48.621111], [16.986839, 48.613101], [16.986776, 48.610679], [16.987143, 48.609922], [16.988015, 48.605706], [16.98486, 48.599515], [16.976985, 48.596648], [16.974771, 48.597021], [16.96883, 48.600841], [16.968057, 48.601607], [16.961288, 48.599285], [16.957899, 48.599855], [16.957797, 48.599871], [16.955946, 48.598777], [16.955907, 48.598663], [16.957219, 48.596318], [16.95732, 48.596301], [16.960691, 48.595735], [16.964072, 48.595166], [16.97156, 48.590995], [16.97313, 48.588985], [16.975967, 48.591201], [16.984036, 48.587532], [16.984289, 48.587103], [16.985564, 48.581088], [16.98608, 48.580688], [16.990492, 48.57483], [16.990171, 48.570119], [16.989194, 48.567697], [16.988086, 48.563986], [16.987227, 48.561966], [16.99054, 48.560558], [16.991399, 48.562578], [16.994209, 48.566769], [16.994391, 48.567187], [16.996586, 48.571262], [16.99678, 48.578624], [17.004655, 48.57916], [17.006244, 48.578986], [17.012737, 48.573652], [17.012255, 48.57133], [17.01183, 48.569648], [17.010865, 48.565978], [17.010337, 48.563759], [17.010215, 48.563117], [17.009897, 48.561245], [17.009627, 48.558873], [17.009465, 48.555879], [17.009453, 48.554238], [17.009594, 48.55151], [17.009739, 48.550003], [17.010068, 48.547742], [17.010415, 48.545844], [17.010591, 48.545053], [17.010779, 48.544268], [17.011186, 48.542755], [17.011664, 48.541175], [17.012144, 48.539772], [17.012701, 48.538273], [17.013292, 48.536861], [17.013947, 48.53539], [17.014626, 48.534009], [17.015444, 48.532424], [17.016026, 48.531416], [17.016852, 48.530046], [17.018604, 48.527128], [17.019567, 48.525496], [17.020545, 48.52384], [17.02213, 48.521249], [17.023081, 48.519612], [17.024313, 48.517562], [17.025531, 48.515537], [17.026112, 48.514535], [17.027064, 48.51276], [17.028239, 48.51011], [17.030184, 48.50224], [17.033754, 48.502702], [17.033608, 48.503828], [17.033135, 48.506467], [17.032908, 48.507421], [17.032358, 48.50934], [17.03199, 48.51041], [17.031588, 48.511431], [17.031208, 48.512384], [17.030767, 48.513373], [17.030304, 48.51433], [17.029285, 48.516235], [17.028646, 48.51734], [17.027399, 48.519416], [17.026166, 48.521467], [17.025242, 48.523058], [17.023616, 48.525718], [17.022667, 48.527326], [17.021704, 48.528958], [17.019939, 48.531899], [17.019661, 48.532397], [17.017828, 48.535655], [17.016581, 48.538324], [17.015521, 48.541021], [17.014633, 48.543794], [17.01361, 48.548387], [17.013065, 48.555847], [17.013221, 48.558677], [17.014366, 48.565142], [17.015306, 48.568712], [17.015745, 48.570448], [17.016266, 48.572941], [17.016669, 48.574939], [17.017098, 48.577505], [17.017414, 48.579843], [17.017624, 48.581855], [17.017949, 48.585399], [17.01807, 48.588413], [17.018093, 48.590751], [17.018073, 48.592504], [17.018035, 48.594002], [17.017976, 48.595209], [17.01778, 48.598135], [17.018566, 48.602131], [17.025139, 48.603662], [17.025741, 48.603444], [17.026176, 48.603364], [17.026703, 48.60333], [17.027192, 48.60334], [17.03195, 48.604911], [17.038505, 48.608567], [17.039635, 48.609342], [17.039665, 48.609386], [17.038153, 48.61215], [17.037962, 48.612131], [17.029993, 48.610369], [17.02199, 48.613256], [17.021649, 48.613801], [17.021402, 48.614082], [17.014105, 48.617054], [17.013159, 48.61987], [17.012388, 48.621991], [17.011312, 48.624676], [17.010707, 48.626112], [17.009931, 48.627452], [17.009251, 48.629342], [17.008354, 48.631188], [17.007131, 48.633483], [17.00582, 48.635522], [17.008873, 48.642836], [17.009215, 48.64311], [17.009573, 48.643456], [17.010628, 48.644622], [17.013364, 48.646462], [17.022111, 48.64547], [17.023349, 48.643175], [17.024377, 48.63975], [17.024509, 48.638977], [17.025701, 48.636384], [17.027053, 48.635035], [17.030353, 48.636475], [17.032952, 48.644507], [17.034005, 48.64795], [17.039693, 48.650837], [17.040525, 48.650818], [17.041051, 48.650954], [17.049029, 48.652513], [17.050259, 48.652493], [17.051486, 48.652542], [17.052356, 48.65262], [17.053638, 48.652766], [17.055703, 48.653024], [17.057769, 48.653281], [17.057323, 48.656854], [17.055257, 48.656596], [17.049933, 48.663288], [17.050953, 48.66487], [17.047927, 48.666821], [17.046269, 48.665809], [17.03931, 48.669263], [17.039682, 48.672844], [17.035911, 48.678665], [17.038041, 48.684324], [17.039031, 48.687785], [17.041322, 48.694012], [17.042226, 48.697496], [17.043119, 48.700548], [17.040163, 48.702604], [17.036963, 48.701631], [17.03627, 48.701496], [17.032991, 48.700751], [17.033788, 48.69724], [17.033603, 48.69152], [17.027657, 48.689209], [17.022944, 48.691964], [17.021534, 48.697255], [17.020907, 48.697925], [17.020267, 48.698517], [17.019426, 48.699238], [17.01841, 48.700002], [17.017214, 48.701048], [17.016202, 48.701976], [17.015609, 48.702516], [17.015217, 48.702735], [17.014844, 48.702884], [17.014274, 48.703127], [17.013797, 48.703339], [17.012974, 48.703593], [17.012025, 48.703754], [17.011932, 48.700156], [17.005214, 48.697627], [17.00414, 48.698184], [17.003772, 48.69835], [17.003042, 48.698759], [17.002121, 48.699148], [17.001247, 48.698621], [17.000926, 48.698212], [17.000722, 48.69583], [16.994392, 48.689873], [16.989347, 48.696494], [16.98942, 48.698992], [16.989417, 48.701594], [16.989322, 48.703911], [16.989144, 48.706337], [16.988981, 48.707872], [16.98893, 48.708554], [16.988668, 48.710404], [16.988458, 48.71162], [16.988251, 48.71277], [16.987797, 48.714933], [16.991374, 48.721814], [16.997175, 48.722709], [17.003631, 48.724386], [17.003985, 48.724571], [17.005177, 48.725598], [17.00612, 48.726254], [17.00792, 48.727436], [17.010534, 48.729202], [17.013018, 48.73092], [17.015021, 48.732343], [17.02303, 48.73484], [17.023813, 48.735436], [17.025686, 48.736953], [17.026182, 48.737428], [17.024872, 48.740697], [17.027956, 48.747519], [17.030928, 48.74946], [17.032264, 48.750409], [17.032876, 48.751572], [17.039664, 48.755739], [17.040128, 48.759309], [17.03577, 48.76693], [17.03694, 48.768802], [17.04298, 48.774914], [17.04562, 48.773447], [17.047433, 48.772445], [17.049898, 48.771076], [17.051268, 48.770301], [17.054326, 48.77283], [17.055417, 48.778724], [17.055353, 48.780982], [17.055137, 48.781188], [17.054948, 48.781344], [17.054201, 48.781882], [17.053457, 48.781744], [17.052916, 48.781393], [17.047994, 48.778158], [17.042093, 48.779526], [17.03826, 48.781384], [17.036466, 48.782041], [17.035964, 48.782192], [17.035069, 48.782232], [17.032442, 48.781526], [17.03013, 48.780891], [17.028045, 48.780958], [17.025652, 48.781005], [17.024003, 48.781051], [17.01763, 48.783208], [17.013395, 48.783413], [17.010633, 48.783788], [17.005025, 48.780126], [16.997649, 48.781869], [16.994248, 48.782876], [16.990836, 48.783887], [16.990398, 48.784056], [16.989234, 48.784763], [16.989449, 48.793597], [16.991988, 48.793667], [16.994582, 48.793738], [16.995293, 48.793788], [16.99591, 48.793888], [16.998312, 48.794397], [17.000727, 48.794908], [17.003301, 48.795483], [17.005723, 48.796285], [17.006559, 48.796581], [17.015426, 48.79531], [17.015596, 48.79526], [17.018278, 48.794537], [17.018784, 48.794513], [17.019862, 48.794923], [17.026066, 48.795489], [17.027328, 48.795141], [17.02864, 48.794811], [17.030454, 48.794408], [17.030664, 48.794372], [17.03118, 48.794364], [17.031941, 48.79459], [17.032747, 48.79534], [17.033053, 48.796042], [17.033395, 48.79716], [17.03225, 48.79991], [17.031581, 48.802063], [17.03336, 48.810288], [17.035642, 48.810905], [17.037925, 48.811521], [17.042317, 48.811265], [17.049365, 48.814208], [17.051438, 48.811693], [17.050159, 48.805969], [17.047783, 48.803997], [17.047721, 48.803943], [17.046428, 48.803124], [17.045427, 48.802508], [17.044579, 48.80155], [17.04429, 48.800469], [17.044306, 48.799907], [17.044344, 48.799515], [17.044384, 48.799128], [17.044629, 48.796885], [17.044865, 48.796851], [17.045366, 48.796771], [17.045792, 48.796773], [17.046373, 48.796893], [17.046818, 48.797097], [17.047407, 48.797622], [17.0477, 48.798191], [17.049979, 48.801145], [17.052397, 48.803129], [17.053005, 48.803634], [17.06107, 48.805005], [17.06401, 48.803139], [17.06677, 48.80014], [17.070363, 48.798565], [17.071456, 48.797806], [17.073511, 48.800762], [17.078988, 48.804989], [17.082507, 48.803839], [17.083242, 48.803585], [17.084041, 48.804008], [17.084767, 48.804668], [17.085211, 48.805367], [17.084419, 48.806987], [17.083685, 48.807241], [17.080107, 48.808411], [17.076559, 48.809571], [17.075802, 48.809798], [17.07488, 48.809928], [17.073991, 48.809925], [17.073385, 48.809835], [17.073066, 48.809773], [17.072468, 48.80957], [17.07199, 48.809337], [17.069604, 48.807821], [17.06306, 48.808005], [17.061173, 48.809257], [17.06034, 48.809885], [17.059575, 48.810434], [17.058424, 48.811126], [17.055123, 48.81628], [17.058656, 48.820284], [17.059846, 48.820519], [17.060482, 48.820585], [17.061284, 48.8207], [17.061697, 48.820797], [17.06259, 48.821218], [17.062744, 48.821288], [17.062816, 48.821324], [17.067517, 48.822089], [17.067851, 48.822089], [17.070656, 48.821527], [17.073132, 48.820619], [17.075417, 48.819787], [17.076649, 48.82317], [17.07373, 48.826061], [17.073983, 48.83287], [17.076733, 48.83486], [17.076904, 48.834974], [17.081101, 48.839568], [17.088531, 48.840007], [17.095907, 48.841718], [17.097569, 48.842084], [17.099127, 48.842701], [17.09978, 48.843032], [17.100894, 48.843765], [17.106173, 48.848663], [17.10881, 48.848595], [17.114857, 48.848638], [17.116368, 48.848916], [17.119369, 48.849509], [17.119452, 48.849546], [17.120175, 48.851801], [17.120148, 48.851864], [17.11504, 48.857574], [17.114968, 48.857662], [17.115845, 48.866596], [17.115083, 48.870114], [17.108955, 48.869143], [17.106273, 48.867828], [17.10543, 48.867438], [17.104795, 48.867113], [17.103962, 48.86662], [17.103184, 48.866084], [17.102207, 48.865296], [17.101757, 48.864876], [17.101061, 48.864131], [17.10032, 48.863178], [17.099465, 48.861896], [17.095336, 48.858872], [17.088578, 48.861399], [17.086163, 48.858729], [17.079704, 48.858982], [17.079598, 48.859051], [17.078524, 48.859529], [17.078301, 48.859499], [17.077864, 48.859336], [17.075007, 48.858122], [17.069074, 48.86257], [17.065942, 48.860794], [17.060212, 48.854048], [17.055459, 48.857384], [17.054015, 48.858543], [17.052541, 48.859663], [17.051046, 48.858802], [17.045701, 48.856434], [17.040159, 48.860352], [17.042344, 48.868613], [17.04059, 48.871757], [17.037522, 48.870046], [17.033545, 48.86718], [17.02721, 48.866797], [17.023692, 48.868406], [17.01939, 48.868032], [17.018238, 48.867929], [17.01059, 48.87001], [17.010199, 48.870267], [17.009799, 48.870494], [17.005233, 48.874055], [17.00284, 48.877565], [17.003131, 48.88429], [16.999883, 48.888265], [16.996605, 48.889754], [16.993157, 48.889107], [16.992784, 48.889135], [16.991816, 48.88893], [16.991255, 48.888554], [16.990631, 48.887188], [16.985551, 48.882176], [16.98375, 48.881534], [16.983227, 48.88131], [16.980909, 48.880474], [16.972332, 48.882663], [16.971838, 48.887934], [16.970676, 48.889741], [16.966955, 48.890505], [16.964283, 48.891014], [16.961172, 48.891121], [16.956659, 48.89799], [16.959258, 48.905314], [16.962968, 48.907563], [16.970032, 48.908088], [16.972511, 48.907581], [16.97502, 48.907077], [16.977598, 48.90656], [16.979508, 48.906254], [16.981432, 48.905946], [16.984558, 48.905475], [16.984809, 48.909067], [16.983677, 48.915229], [16.981747, 48.918267], [16.978918, 48.91647], [16.97821, 48.915975], [16.976819, 48.915115], [16.975131, 48.913928], [16.968278, 48.91212], [16.962383, 48.915402], [16.961945, 48.915739], [16.961458, 48.915959], [16.961078, 48.916068], [16.960251, 48.91626], [16.959422, 48.91636], [16.958318, 48.916394], [16.957618, 48.912862], [16.952558, 48.908573], [16.945733, 48.910805], [16.941545, 48.91117], [16.938516, 48.91742], [16.94021, 48.921981], [16.943928, 48.924411], [16.946044, 48.925827], [16.947183, 48.926276], [16.948068, 48.926745], [16.949569, 48.927753], [16.950739, 48.928632], [16.952127, 48.929806], [16.95343, 48.93055], [16.955244, 48.933298], [16.958932, 48.938032], [16.960689, 48.940067], [16.967724, 48.940982], [16.968201, 48.941021], [16.972256, 48.94233], [16.976336, 48.942971], [16.984913, 48.940526], [16.987194, 48.937758], [16.98874, 48.935867], [16.991278, 48.932807], [16.993853, 48.929704], [16.995205, 48.928175], [16.996586, 48.926614], [16.998217, 48.924854], [17.000935, 48.920162], [17.001593, 48.918037], [16.999005, 48.9102], [16.994649, 48.907918], [16.994618, 48.906757], [16.994626, 48.906346], [16.994524, 48.905417], [16.994759, 48.904086], [16.995158, 48.903079], [16.995382, 48.902663], [16.99855, 48.904374], [17.003745, 48.907298], [17.00623, 48.907902], [17.012164, 48.903698], [17.014765, 48.901209], [17.021418, 48.898187], [17.021989, 48.898084], [17.025253, 48.898967], [17.025957, 48.899093], [17.034226, 48.898363], [17.035611, 48.897563], [17.037411, 48.900681], [17.034764, 48.908621], [17.034601, 48.908798], [17.033186, 48.909401], [17.02573, 48.913358], [17.025281, 48.914682], [17.024928, 48.914934], [17.024653, 48.914982], [17.022271, 48.915625], [17.016738, 48.919361], [17.016099, 48.92079], [17.019176, 48.928693], [17.020165, 48.929064], [17.02199, 48.92931], [17.022331, 48.929299], [17.022721, 48.929275], [17.023518, 48.929887], [17.029603, 48.935312], [17.030139, 48.938722], [17.029734, 48.938834], [17.029451, 48.938908], [17.027335, 48.939542], [17.026225, 48.940092], [17.025544, 48.940213], [17.021208, 48.94174], [17.020569, 48.942157], [17.01945, 48.943077], [17.017118, 48.945326], [17.014672, 48.947675], [17.014251, 48.948494], [17.017535, 48.956486], [17.018073, 48.956683], [17.018782, 48.956972], [17.020427, 48.95775], [17.022397, 48.958695], [17.022807, 48.958936], [17.023147, 48.959196], [17.028183, 48.960788], [17.032585, 48.957911], [17.033409, 48.957334], [17.035342, 48.955478], [17.036292, 48.954534], [17.03808, 48.953457], [17.038705, 48.953257], [17.041286, 48.952098], [17.042926, 48.951125], [17.047185, 48.954376], [17.051573, 48.959789], [17.054572, 48.96178], [17.062851, 48.964845], [17.065976, 48.965172], [17.065601, 48.968752], [17.062476, 48.968425], [17.059351, 48.968098], [17.058627, 48.967968], [17.056332, 48.967333], [17.054189, 48.966733], [17.052334, 48.96622], [17.050476, 48.965704], [17.045735, 48.966266], [17.042312, 48.970969], [17.04203, 48.9723], [17.041867, 48.972541], [17.03885, 48.980712], [17.038605, 48.981169], [17.037567, 48.989432], [17.039415, 48.992496], [17.041262, 49.000312], [17.043341, 49.001318], [17.044075, 49.001607], [17.045729, 49.002666], [17.051285, 49.004173], [17.051659, 49.004181], [17.05444, 49.006468], [17.059837, 49.012097], [17.061419, 49.012247], [17.061679, 49.012273], [17.068346, 49.01795], [17.072767, 49.018697], [17.079224, 49.015558], [17.081455, 49.011659], [17.081825, 49.010786], [17.082095, 49.010358], [17.082508, 49.009901], [17.083014, 49.009518], [17.083506, 49.009251], [17.088013, 49.004193], [17.088521, 49.000629], [17.089074, 49.000774], [17.091129, 49.001832], [17.091635, 49.002058], [17.092335, 49.002615], [17.094982, 49.003637], [17.097528, 49.003553], [17.10081, 48.995431], [17.094818, 48.991454], [17.093827, 48.990942], [17.093437, 48.989977], [17.093138, 48.98827], [17.091778, 48.982504], [17.094943, 48.98079], [17.099311, 48.984013], [17.103716, 48.986696], [17.104073, 48.986881], [17.104484, 48.98718], [17.104911, 48.987664], [17.105323, 48.988608], [17.105542, 48.989667], [17.105375, 48.992417], [17.105267, 48.993254], [17.108844, 49.000662], [17.11477, 49.001536], [17.114952, 49.001585], [17.117519, 49.002338], [17.122372, 48.994769], [17.122166, 48.994274], [17.124404, 48.990609], [17.127859, 48.991622], [17.128542, 48.997224], [17.135477, 49.000206], [17.136038, 49.000213], [17.136492, 49.000296], [17.137098, 49.000458], [17.144324, 49.001942], [17.146665, 49.001167], [17.149037, 48.999837], [17.151377, 48.998526], [17.152148, 48.998073], [17.153973, 49.001176], [17.153202, 49.001629], [17.150798, 49.002978], [17.148426, 49.004307], [17.14476, 49.006763], [17.139543, 49.012638], [17.139541, 49.01523], [17.135854, 49.021517], [17.132659, 49.023144], [17.126332, 49.027069], [17.122176, 49.031979], [17.12198, 49.032262], [17.121404, 49.032817], [17.120552, 49.032749], [17.12035, 49.032572], [17.11902, 49.030214], [17.110155, 49.030573], [17.109941, 49.031385], [17.109685, 49.032193], [17.108618, 49.03478], [17.108394, 49.035083], [17.107896, 49.035728], [17.105045, 49.03353], [17.100385, 49.027772], [17.100159, 49.024179], [17.102128, 49.024055], [17.107746, 49.018586], [17.107937, 49.018058], [17.108391, 49.017324], [17.10893, 49.016608], [17.106655, 49.00832], [17.09938, 49.007339], [17.093051, 49.009783], [17.091145, 49.011686], [17.088931, 49.01854], [17.088065, 49.01999], [17.087567, 49.020973], [17.081611, 49.024927], [17.079713, 49.025133], [17.0781, 49.025723], [17.073512, 49.02597], [17.072985, 49.026115], [17.072518, 49.026163], [17.072063, 49.02614], [17.071664, 49.026068], [17.071146, 49.025885], [17.063089, 49.027005], [17.061962, 49.027875], [17.061504, 49.028107], [17.05769, 49.030127], [17.05443, 49.033783], [17.052789, 49.034812], [17.049645, 49.038387], [17.048402, 49.039675], [17.047006, 49.040931], [17.043124, 49.037873], [17.042587, 49.037659], [17.035341, 49.037772], [17.034671, 49.038068], [17.033768, 49.038426], [17.031589, 49.03921], [17.030903, 49.039377], [17.030089, 49.039462], [17.029653, 49.039459], [17.027775, 49.039292], [17.026035, 49.039595], [17.025784, 49.039648], [17.025489, 49.039707], [17.024203, 49.039935], [17.020402, 49.041938], [17.020042, 49.049003], [17.025266, 49.049773], [17.027413, 49.049711], [17.028592, 49.051151], [17.02803, 49.056299], [17.028171, 49.056856], [17.028198, 49.057363], [17.030538, 49.062717], [17.036486, 49.063415], [17.039748, 49.06327], [17.041594, 49.062492], [17.042827, 49.054418], [17.04114, 49.052116], [17.042287, 49.050706], [17.043798, 49.049688], [17.045723, 49.05228], [17.052763, 49.054585], [17.055749, 49.051908], [17.05607, 49.051575], [17.056531, 49.051208], [17.057663, 49.050436], [17.058724, 49.049743], [17.059983, 49.048834], [17.061212, 49.048043], [17.06171, 49.047795], [17.062645, 49.049403], [17.063062, 49.051131], [17.061934, 49.051859], [17.065775, 49.059772], [17.066246, 49.059716], [17.069636, 49.057676], [17.070409, 49.056652], [17.071462, 49.055701], [17.072902, 49.05336], [17.072789, 49.044954], [17.072286, 49.04139], [17.074339, 49.0411], [17.074966, 49.04097], [17.075401, 49.040906], [17.077, 49.040782], [17.082544, 49.03743], [17.083117, 49.037312], [17.083737, 49.03732], [17.084979, 49.037522], [17.085631, 49.037614], [17.086103, 49.037718], [17.086859, 49.03796], [17.093486, 49.038455], [17.094152, 49.038633], [17.094802, 49.038815], [17.097753, 49.039301], [17.097882, 49.039402], [17.0983, 49.040415], [17.098275, 49.040705], [17.098066, 49.041811], [17.09809, 49.049416], [17.097177, 49.057998], [17.097917, 49.058554], [17.098767, 49.059146], [17.099509, 49.059957], [17.101084, 49.062007], [17.101385, 49.062355], [17.09866, 49.064709], [17.098047, 49.070896], [17.098694, 49.07225], [17.101788, 49.075192], [17.102703, 49.075616], [17.103001, 49.075808], [17.101051, 49.078834], [17.100352, 49.078494], [17.098533, 49.077789], [17.096337, 49.076444], [17.087773, 49.074446], [17.085786, 49.074499], [17.085122, 49.074483], [17.084317, 49.074355], [17.08195, 49.073426], [17.081633, 49.073333], [17.07277, 49.074425], [17.069759, 49.076323], [17.065667, 49.076161], [17.062339, 49.074789], [17.053702, 49.076633], [17.0519, 49.080659], [17.058663, 49.084592], [17.061866, 49.08611], [17.061755, 49.086385], [17.061342, 49.087011], [17.061002, 49.08733], [17.059974, 49.088001], [17.058595, 49.088974], [17.058054, 49.089388], [17.05484, 49.096481], [17.055017, 49.097986], [17.05563, 49.102664], [17.055777, 49.103031], [17.056298, 49.105074], [17.056519, 49.105928], [17.064143, 49.110217], [17.064606, 49.109976], [17.067759, 49.10644], [17.068298, 49.105722], [17.069022, 49.1053], [17.07262, 49.102419], [17.073953, 49.101586], [17.076682, 49.100345], [17.081393, 49.097472], [17.083663, 49.100266], [17.081323, 49.102168], [17.086713, 49.109102], [17.088924, 49.109055], [17.091569, 49.108188], [17.094671, 49.106494], [17.095829, 49.106026], [17.097031, 49.105966], [17.098951, 49.106121], [17.100235, 49.10616], [17.106096, 49.104487], [17.110071, 49.100421], [17.10966, 49.095743], [17.109377, 49.095021], [17.109001, 49.093447], [17.109055, 49.09267], [17.109265, 49.092076], [17.109697, 49.091179], [17.112035, 49.087766], [17.112349, 49.087371], [17.113078, 49.08682], [17.114614, 49.078399], [17.113373, 49.07502], [17.115746, 49.072032], [17.118975, 49.070441], [17.119801, 49.072116], [17.119971, 49.072567], [17.120667, 49.074099], [17.121853, 49.077498], [17.122181, 49.079057], [17.122324, 49.079638], [17.130127, 49.083718], [17.132857, 49.081371], [17.135061, 49.081212], [17.137077, 49.084195], [17.13804, 49.087801], [17.137503, 49.09014], [17.141461, 49.096368], [17.141506, 49.096401], [17.145365, 49.09886], [17.152764, 49.097465], [17.152905, 49.097365], [17.153836, 49.096746], [17.154174, 49.096503], [17.157711, 49.096028], [17.161056, 49.09908], [17.169669, 49.099125], [17.170936, 49.098153], [17.172835, 49.096392], [17.173445, 49.095809], [17.176423, 49.093259], [17.177526, 49.091932], [17.178795, 49.090878], [17.179981, 49.090459], [17.18057, 49.090432], [17.181185, 49.090471], [17.185302, 49.090845], [17.187479, 49.09101], [17.195367, 49.091655], [17.198517, 49.091984], [17.206193, 49.089875], [17.206613, 49.089632], [17.20746, 49.089289], [17.209072, 49.088613], [17.211252, 49.091477], [17.211157, 49.092232], [17.210919, 49.093444], [17.210086, 49.094449], [17.209476, 49.094993], [17.208116, 49.096315], [17.204797, 49.097247], [17.197353, 49.099282], [17.197264, 49.099332], [17.194764, 49.100664], [17.192876, 49.100119], [17.191831, 49.099322], [17.18342, 49.100415], [17.182616, 49.102894], [17.181778, 49.109002], [17.183532, 49.112146], [17.191393, 49.11374], [17.191901, 49.113561], [17.192572, 49.113411], [17.193141, 49.113341], [17.193687, 49.113311], [17.194744, 49.113382], [17.195436, 49.113491], [17.19627, 49.113665], [17.195735, 49.116257], [17.195536, 49.11719], [17.191057, 49.120036], [17.192709, 49.128603], [17.193887, 49.128675], [17.194631, 49.128836], [17.194944, 49.128952], [17.20087, 49.129711], [17.202249, 49.129411], [17.203252, 49.129314], [17.203736, 49.129244], [17.204253, 49.132807], [17.210228, 49.138216], [17.214973, 49.137124], [17.215318, 49.136975], [17.216632, 49.136321], [17.216857, 49.136276], [17.218456, 49.136134], [17.218834, 49.136136], [17.225643, 49.139248], [17.230094, 49.139761], [17.237656, 49.13719], [17.240395, 49.137125], [17.246805, 49.133788], [17.247091, 49.133502], [17.252208, 49.126668], [17.257393, 49.122034], [17.257924, 49.122091], [17.265787, 49.122717], [17.26584, 49.126316], [17.263549, 49.127042], [17.256791, 49.131361], [17.254604, 49.132961], [17.251863, 49.134906], [17.251426, 49.135177], [17.248936, 49.137587], [17.244623, 49.140322], [17.249515, 49.147344], [17.250124, 49.147308], [17.250505, 49.150888], [17.250199, 49.15092], [17.249622, 49.150943], [17.248555, 49.151041], [17.248282, 49.15109], [17.247276, 49.15127], [17.246185, 49.151411], [17.245243, 49.151485], [17.245072, 49.151516], [17.24174, 49.159622], [17.244121, 49.161173], [17.247473, 49.163547], [17.25102, 49.163604], [17.251559, 49.163644], [17.252093, 49.163745], [17.252458, 49.16387], [17.252935, 49.164113], [17.253523, 49.164586], [17.253919, 49.165102], [17.257209, 49.168944], [17.262786, 49.172024], [17.264572, 49.17515], [17.26361, 49.175699], [17.263218, 49.175895], [17.262713, 49.176075], [17.262029, 49.176189], [17.259648, 49.176493], [17.256048, 49.176567], [17.254272, 49.173132], [17.254049, 49.172711], [17.253912, 49.172432], [17.251337, 49.169339], [17.246903, 49.167115], [17.246354, 49.167048], [17.245528, 49.166867], [17.23977, 49.168728], [17.242138, 49.176151], [17.241004, 49.179567], [17.238587, 49.187454], [17.238292, 49.188354], [17.237794, 49.188958], [17.237504, 49.189283], [17.235905, 49.189919], [17.231025, 49.191478], [17.23069, 49.191765], [17.230145, 49.192079], [17.228869, 49.192394], [17.225847, 49.192951], [17.226586, 49.201863], [17.227216, 49.201853], [17.2276, 49.201881], [17.230706, 49.202231], [17.23361, 49.202578], [17.23755, 49.201577], [17.238129, 49.201335], [17.239102, 49.201112], [17.243224, 49.197512], [17.24554, 49.197313], [17.245941, 49.197426], [17.246603, 49.197725], [17.255251, 49.195293], [17.25605, 49.194095], [17.257019, 49.191083], [17.257904, 49.190164], [17.258729, 49.189855], [17.260508, 49.189631], [17.260775, 49.189975], [17.260863, 49.19015], [17.261368, 49.19197], [17.262663, 49.196341], [17.260511, 49.199227], [17.258062, 49.201215], [17.257008, 49.207656], [17.261674, 49.214092], [17.265453, 49.21418], [17.268185, 49.215638], [17.2695, 49.21622], [17.270547, 49.216786], [17.273365, 49.21921], [17.275563, 49.220505], [17.276283, 49.221252], [17.277726, 49.223913], [17.277935, 49.224427], [17.278808, 49.226332], [17.280243, 49.227925], [17.280466, 49.228259], [17.280675, 49.22862], [17.281325, 49.230134], [17.283134, 49.232055], [17.285141, 49.233326], [17.293437, 49.230212], [17.294634, 49.223137], [17.288896, 49.221297], [17.288131, 49.21964], [17.287652, 49.217634], [17.286659, 49.215317], [17.286437, 49.213816], [17.286262, 49.213235], [17.284104, 49.209409], [17.283831, 49.206517], [17.286542, 49.198233], [17.285416, 49.194955], [17.285024, 49.193187], [17.284578, 49.191269], [17.284313, 49.188455], [17.284314, 49.188452], [17.286291, 49.187108], [17.286294, 49.187108], [17.289738, 49.18738], [17.294734, 49.188674], [17.295057, 49.190745], [17.294415, 49.193096], [17.291713, 49.200076], [17.295428, 49.203925], [17.295838, 49.204088], [17.296372, 49.204436], [17.297009, 49.205412], [17.297116, 49.206309], [17.2971, 49.207993], [17.304676, 49.212051], [17.30525, 49.211739], [17.307072, 49.211076], [17.310161, 49.208761], [17.310477, 49.208474], [17.313785, 49.205335], [17.314445, 49.204283], [17.315012, 49.203719], [17.315723, 49.203244], [17.317159, 49.204305], [17.31718, 49.206593], [17.316908, 49.207124], [17.316551, 49.213301], [17.321122, 49.215224], [17.323056, 49.215179], [17.328324, 49.212619], [17.328833, 49.21215], [17.331318, 49.210709], [17.333206, 49.209611], [17.335213, 49.208502], [17.337393, 49.207263], [17.342216, 49.201493], [17.342314, 49.199194], [17.342642, 49.196707], [17.342669, 49.19433], [17.342664, 49.193294], [17.345222, 49.191635], [17.345598, 49.191925], [17.346213, 49.192692], [17.346274, 49.193049], [17.346307, 49.193434], [17.346265, 49.194507], [17.346242, 49.196746], [17.345881, 49.19968], [17.345813, 49.201634], [17.34576, 49.202483], [17.343902, 49.207124], [17.343649, 49.207564], [17.343117, 49.208121], [17.341351, 49.209154], [17.339172, 49.210393], [17.336992, 49.211632], [17.334945, 49.212763], [17.333129, 49.21382], [17.330931, 49.215102], [17.332336, 49.223026], [17.336268, 49.224104], [17.339214, 49.223543], [17.347316, 49.220889], [17.351266, 49.219244], [17.351743, 49.219107], [17.356277, 49.211734], [17.359552, 49.210239], [17.366807, 49.211832], [17.372785, 49.209655], [17.37404, 49.207648], [17.371645, 49.200518], [17.37049, 49.199651], [17.367785, 49.197134], [17.363911, 49.194373], [17.363666, 49.194214], [17.363541, 49.194133], [17.365501, 49.191113], [17.367388, 49.191939], [17.368001, 49.192282], [17.369463, 49.193152], [17.369853, 49.193446], [17.375688, 49.196766], [17.382329, 49.195253], [17.384177, 49.193441], [17.387524, 49.194829], [17.389867, 49.1976], [17.398264, 49.200476], [17.398612, 49.200411], [17.402522, 49.198869], [17.403049, 49.198958], [17.404537, 49.199256], [17.40391, 49.202801], [17.399751, 49.203826], [17.399254, 49.203962], [17.398717, 49.204047], [17.392515, 49.207927], [17.386984, 49.208495], [17.383694, 49.207792], [17.376303, 49.21118], [17.374305, 49.21649], [17.374783, 49.220363], [17.377761, 49.22587], [17.376771, 49.231304], [17.379684, 49.235657], [17.385397, 49.236435], [17.389942, 49.229863], [17.390008, 49.229068], [17.39014, 49.228614], [17.390396, 49.227992], [17.390663, 49.227563], [17.390912, 49.227268], [17.392448, 49.220086], [17.392333, 49.219289], [17.394673, 49.217682], [17.394972, 49.217475], [17.400878, 49.215542], [17.403744, 49.215104], [17.404091, 49.215101], [17.404745, 49.215388], [17.404883, 49.215499], [17.405607, 49.21882], [17.406062, 49.220153], [17.414448, 49.221781], [17.417208, 49.224092], [17.422325, 49.227163], [17.422753, 49.227415], [17.423682, 49.228276], [17.425604, 49.230155], [17.424571, 49.233603], [17.426236, 49.242328], [17.426766, 49.242361], [17.427012, 49.242367], [17.427717, 49.24319], [17.434019, 49.246271], [17.436517, 49.246938], [17.437251, 49.247091], [17.44317, 49.240774], [17.441889, 49.238765], [17.444924, 49.23683], [17.450136, 49.233715], [17.451619, 49.233281], [17.453908, 49.233392], [17.454403, 49.233426], [17.454942, 49.233539], [17.455654, 49.233791], [17.456516, 49.234169], [17.458253, 49.235052], [17.466768, 49.233015], [17.47163, 49.228887], [17.475058, 49.229987], [17.483954, 49.231318], [17.485041, 49.23475], [17.483685, 49.235179], [17.483615, 49.243958], [17.485916, 49.245681], [17.486633, 49.245961], [17.487706, 49.246429], [17.488319, 49.246707], [17.488792, 49.24698], [17.48937, 49.247483], [17.496637, 49.248257], [17.497028, 49.248099], [17.497401, 49.24798], [17.498017, 49.247796], [17.502232, 49.244266], [17.498164, 49.236459], [17.497579, 49.236336], [17.497658, 49.234005], [17.498319, 49.232813], [17.498904, 49.232936], [17.501182, 49.224236], [17.501725, 49.220677], [17.506509, 49.217787], [17.512166, 49.211389], [17.510702, 49.209819], [17.510577, 49.209546], [17.511178, 49.207681], [17.511468, 49.207092], [17.514168, 49.204711], [17.516635, 49.201212], [17.520033, 49.202401], [17.524603, 49.196635], [17.523471, 49.192523], [17.523175, 49.191948], [17.518476, 49.18754], [17.517446, 49.186878], [17.51615, 49.1861], [17.514622, 49.185501], [17.513781, 49.185027], [17.50759, 49.183676], [17.504, 49.183944], [17.503674, 49.183347], [17.503264, 49.182426], [17.501905, 49.176666], [17.50484, 49.168937], [17.508271, 49.167848], [17.509426, 49.170078], [17.509456, 49.170193], [17.513249, 49.177529], [17.514435, 49.177791], [17.51669, 49.177836], [17.519797, 49.178131], [17.521475, 49.179068], [17.521566, 49.179313], [17.521976, 49.180307], [17.522562, 49.181857], [17.528717, 49.18676], [17.530369, 49.187035], [17.531078, 49.187133], [17.533281, 49.187493], [17.535119, 49.1877], [17.536272, 49.187734], [17.536834, 49.187808], [17.537836, 49.187971], [17.539067, 49.188216], [17.540308, 49.188519], [17.541795, 49.18895], [17.542448, 49.189166], [17.543214, 49.189446], [17.544321, 49.189896], [17.550747, 49.19255], [17.552775, 49.193592], [17.552796, 49.193616], [17.553245, 49.194762], [17.560369, 49.199965], [17.563906, 49.200197], [17.565009, 49.200405], [17.569875, 49.200768], [17.574092, 49.200517], [17.581522, 49.202742], [17.589596, 49.206593], [17.588886, 49.210123], [17.586506, 49.209644], [17.584519, 49.209295], [17.578734, 49.208802], [17.578475, 49.208754], [17.572564, 49.208379], [17.572107, 49.208365], [17.571046, 49.208209], [17.563332, 49.206715], [17.562968, 49.20666], [17.562325, 49.206503], [17.561662, 49.206373], [17.560545, 49.2062], [17.559626, 49.206039], [17.551963, 49.209434], [17.551631, 49.213019], [17.552217, 49.215401], [17.551599, 49.218947], [17.549579, 49.218595], [17.547559, 49.218243], [17.546749, 49.218069], [17.543839, 49.218267], [17.543213, 49.218507], [17.538237, 49.223255], [17.54428, 49.229155], [17.546807, 49.229088], [17.548791, 49.229036], [17.550774, 49.228983], [17.550869, 49.232582], [17.548886, 49.232635], [17.546902, 49.232687], [17.540184, 49.237794], [17.540253, 49.240484], [17.541852, 49.243693], [17.541153, 49.244668], [17.540029, 49.246797], [17.538931, 49.246152], [17.538575, 49.245926], [17.53827, 49.245686], [17.537412, 49.244966], [17.53719, 49.243778], [17.536708, 49.241115], [17.536263, 49.23861], [17.529383, 49.234228], [17.525524, 49.235495], [17.524858, 49.235987], [17.523189, 49.237878], [17.522696, 49.238457], [17.522311, 49.238965], [17.521844, 49.239718], [17.521584, 49.24021], [17.521211, 49.241108], [17.520935, 49.241898], [17.520679, 49.242723], [17.519683, 49.245614], [17.519025, 49.247554], [17.523143, 49.254167], [17.523968, 49.254565], [17.522404, 49.257807], [17.52158, 49.25741], [17.520947, 49.257167], [17.518624, 49.256453], [17.513948, 49.25922], [17.515525, 49.26506], [17.513846, 49.268244], [17.519015, 49.274062], [17.519568, 49.274138], [17.524419, 49.273833], [17.528256, 49.275408], [17.536874, 49.277007], [17.540034, 49.275195], [17.540384, 49.275071], [17.545591, 49.271989], [17.544083, 49.266838], [17.543855, 49.266536], [17.544543, 49.264243], [17.544744, 49.264113], [17.54673, 49.264369], [17.55383, 49.26436], [17.55618, 49.267087], [17.555679, 49.274797], [17.555681, 49.27487], [17.555506, 49.275706], [17.554186, 49.278024], [17.555277, 49.285615], [17.562546, 49.286593], [17.563439, 49.286282], [17.566321, 49.284144], [17.566731, 49.283593], [17.566932, 49.283417], [17.567233, 49.283207], [17.567485, 49.283064], [17.568123, 49.28269], [17.569842, 49.281594], [17.573605, 49.277813], [17.576677, 49.275936], [17.578048, 49.27519], [17.579242, 49.274509], [17.580186, 49.274039], [17.580787, 49.273851], [17.581448, 49.273729], [17.582004, 49.27367], [17.58232, 49.273669], [17.58233, 49.277269], [17.577417, 49.281904], [17.574993, 49.289706], [17.574476, 49.289705], [17.573267, 49.289662], [17.571487, 49.289627], [17.57107, 49.289594], [17.56982, 49.289421], [17.569218, 49.289367], [17.568826, 49.289305], [17.564449, 49.289738], [17.563736, 49.28999], [17.559685, 49.294804], [17.562086, 49.299943], [17.563867, 49.300818], [17.567279, 49.302104], [17.57157, 49.301914], [17.575946, 49.301723], [17.576472, 49.301727], [17.579408, 49.301889], [17.585015, 49.301202], [17.585476, 49.301047], [17.591167, 49.294304], [17.592266, 49.290876], [17.593375, 49.284131], [17.595517, 49.281238], [17.59788, 49.282988], [17.606474, 49.281412], [17.608409, 49.281831], [17.610508, 49.281971], [17.617255, 49.279373], [17.617783, 49.278975], [17.618158, 49.278787], [17.624322, 49.275605], [17.624762, 49.27535], [17.626014, 49.275525], [17.626068, 49.275557], [17.627218, 49.278472], [17.627915, 49.282656], [17.627929, 49.282717], [17.627467, 49.284248], [17.632231, 49.291844], [17.633584, 49.291593], [17.634661, 49.291351], [17.636173, 49.29092], [17.637666, 49.290396], [17.640566, 49.288974], [17.641733, 49.288227], [17.643117, 49.28717], [17.644844, 49.285298], [17.646125, 49.283795], [17.647699, 49.282125], [17.649795, 49.280557], [17.651002, 49.279813], [17.653215, 49.278643], [17.655643, 49.277692], [17.658027, 49.277087], [17.659631, 49.276748], [17.661086, 49.276504], [17.662899, 49.276316], [17.664872, 49.276125], [17.668267, 49.275642], [17.670688, 49.275059], [17.673097, 49.274333], [17.675031, 49.273749], [17.676164, 49.273476], [17.678038, 49.273095], [17.680512, 49.272696], [17.68171, 49.272542], [17.687869, 49.266031], [17.688012, 49.265535], [17.68828, 49.265042], [17.688652, 49.264611], [17.691414, 49.257602], [17.690408, 49.255057], [17.688885, 49.252808], [17.691866, 49.250789], [17.693293, 49.252274], [17.694784, 49.256337], [17.695421, 49.258034], [17.695917, 49.259373], [17.696095, 49.260286], [17.697242, 49.26377], [17.69759, 49.267354], [17.703388, 49.273829], [17.704201, 49.273533], [17.70488, 49.273195], [17.705525, 49.272908], [17.70727, 49.272231], [17.707918, 49.27199], [17.709548, 49.271527], [17.712139, 49.270334], [17.71271, 49.269981], [17.714447, 49.270691], [17.71458, 49.270846], [17.714599, 49.273046], [17.714028, 49.273398], [17.711087, 49.274781], [17.708945, 49.27544], [17.708548, 49.275596], [17.70681, 49.276271], [17.706357, 49.276478], [17.705809, 49.276753], [17.704943, 49.277125], [17.704335, 49.277302], [17.701146, 49.285425], [17.700575, 49.28898], [17.693326, 49.288775], [17.688079, 49.288886], [17.683033, 49.29007], [17.680629, 49.290828], [17.677313, 49.292019], [17.676519, 49.291613], [17.676129, 49.291245], [17.676006, 49.291035], [17.675571, 49.288868], [17.676606, 49.28806], [17.677279, 49.287291], [17.676686, 49.279963], [17.671794, 49.278672], [17.670797, 49.278941], [17.669573, 49.279214], [17.667709, 49.279407], [17.666717, 49.279667], [17.66531, 49.279831], [17.662821, 49.280056], [17.661621, 49.280191], [17.660355, 49.280389], [17.658919, 49.280692], [17.65686, 49.281244], [17.654862, 49.282015], [17.652869, 49.283058], [17.651433, 49.283942], [17.649175, 49.292136], [17.649543, 49.292973], [17.649082, 49.295278], [17.648284, 49.295454], [17.646078, 49.29572], [17.645465, 49.295678], [17.642884, 49.295487], [17.640389, 49.295984], [17.639169, 49.296263], [17.634774, 49.299802], [17.634244, 49.300502], [17.633692, 49.300871], [17.633206, 49.301044], [17.632951, 49.301099], [17.629198, 49.306474], [17.634348, 49.310161], [17.635364, 49.310025], [17.637494, 49.309833], [17.63974, 49.309651], [17.64199, 49.309468], [17.64361, 49.309132], [17.645083, 49.308427], [17.647919, 49.30621], [17.65089, 49.306011], [17.651653, 49.305796], [17.652201, 49.305716], [17.655942, 49.305635], [17.65635, 49.305559], [17.65816, 49.30511], [17.659027, 49.308604], [17.657217, 49.309053], [17.656821, 49.309142], [17.656434, 49.309202], [17.648026, 49.31093], [17.645237, 49.312343], [17.644837, 49.312523], [17.644118, 49.31278], [17.643653, 49.312903], [17.637246, 49.318481], [17.636969, 49.322071], [17.636255, 49.322031], [17.63512, 49.321693], [17.632454, 49.321023], [17.628154, 49.320555], [17.621509, 49.325979], [17.622086, 49.329226], [17.622667, 49.330645], [17.622938, 49.331397], [17.62272, 49.33277], [17.620466, 49.3376], [17.619926, 49.338326], [17.619065, 49.338776], [17.617238, 49.337658], [17.617127, 49.337561], [17.616207, 49.336365], [17.61597, 49.33607], [17.607658, 49.338177], [17.609335, 49.3427], [17.609724, 49.342993], [17.610142, 49.343379], [17.610391, 49.34365], [17.6108, 49.344147], [17.610081, 49.345561], [17.608211, 49.348457], [17.606247, 49.349648], [17.605942, 49.349607], [17.605624, 49.349543], [17.604618, 49.34822], [17.599778, 49.343002], [17.594356, 49.341557], [17.588651, 49.342535], [17.58433, 49.34504], [17.579948, 49.351882], [17.577451, 49.352828], [17.576986, 49.35296], [17.575136, 49.351781], [17.566522, 49.353326], [17.564328, 49.353437], [17.562264, 49.351888], [17.562634, 49.350232], [17.562848, 49.349552], [17.563219, 49.348892], [17.564336, 49.34744], [17.564681, 49.346853], [17.566257, 49.345093], [17.567722, 49.34347], [17.562957, 49.336717], [17.561891, 49.336919], [17.561423, 49.336989], [17.559605, 49.33693], [17.559528, 49.336924], [17.558493, 49.336822], [17.555898, 49.336407], [17.555585, 49.334635], [17.555557, 49.33448], [17.555525, 49.333752], [17.553936, 49.329993], [17.548277, 49.327705], [17.547512, 49.327649], [17.545597, 49.327707], [17.544939, 49.327789], [17.544029, 49.327552], [17.543913, 49.327495], [17.54202, 49.326393], [17.534266, 49.325545], [17.532135, 49.327179], [17.5317, 49.32769], [17.531357, 49.327961], [17.530027, 49.328844], [17.529336, 49.32933], [17.529217, 49.329427], [17.52618, 49.331618], [17.525953, 49.331929], [17.528148, 49.34048], [17.533783, 49.340109], [17.536397, 49.339647], [17.539085, 49.338771], [17.540646, 49.338025], [17.542224, 49.337105], [17.543792, 49.340345], [17.54247, 49.341129], [17.541583, 49.341626], [17.541131, 49.341849], [17.540305, 49.342158], [17.53665, 49.344772], [17.535872, 49.352469], [17.542598, 49.354492], [17.544814, 49.353586], [17.547388, 49.352561], [17.54872, 49.355906], [17.546976, 49.36018], [17.551065, 49.364651], [17.552133, 49.368089], [17.556339, 49.372474], [17.557512, 49.373065], [17.559318, 49.373761], [17.560552, 49.37429], [17.561351, 49.37468], [17.562132, 49.375093], [17.562484, 49.375331], [17.563002, 49.375776], [17.56338, 49.376342], [17.563636, 49.378652], [17.563587, 49.379356], [17.563428, 49.379473], [17.562524, 49.379838], [17.562415, 49.379812], [17.561737, 49.379529], [17.556221, 49.376426], [17.554739, 49.375699], [17.553213, 49.374912], [17.550606, 49.373588], [17.542608, 49.372873], [17.539872, 49.37543], [17.53515, 49.377105], [17.53065, 49.382227], [17.528721, 49.385475], [17.528192, 49.385649], [17.522612, 49.392362], [17.522687, 49.393216], [17.52267, 49.393948], [17.522615, 49.394701], [17.520709, 49.394759], [17.517127, 49.39439], [17.517317, 49.392552], [17.517506, 49.390713], [17.516286, 49.386813], [17.509499, 49.385144], [17.503695, 49.387719], [17.502105, 49.3887], [17.501296, 49.388448], [17.500236, 49.388169], [17.49448, 49.38707], [17.490752, 49.390099], [17.486058, 49.39299], [17.485583, 49.40094], [17.492426, 49.404338], [17.494449, 49.408161], [17.494887, 49.408755], [17.500421, 49.414207], [17.499804, 49.415401], [17.498761, 49.417401], [17.495966, 49.417881], [17.489653, 49.419278], [17.486852, 49.4165], [17.482986, 49.415326], [17.477065, 49.421444], [17.475792, 49.422604], [17.474429, 49.423432], [17.471506, 49.425647], [17.469818, 49.431513], [17.470922, 49.43494], [17.470498, 49.435853], [17.47032, 49.435946], [17.466431, 49.438377], [17.464368, 49.445313], [17.467701, 49.44893], [17.467881, 49.450423], [17.468138, 49.452503], [17.46762, 49.454962], [17.467537, 49.455066], [17.466063, 49.455685], [17.465637, 49.45554], [17.464713, 49.455219], [17.458999, 49.454349], [17.45154, 49.453469], [17.449861, 49.454097], [17.444798, 49.460002], [17.443446, 49.466595], [17.443351, 49.467767], [17.44296, 49.468683], [17.44632, 49.476934], [17.448301, 49.477738], [17.449722, 49.478342], [17.45209, 49.479456], [17.453077, 49.479943], [17.4545, 49.480687], [17.456038, 49.481546], [17.458039, 49.482748], [17.459864, 49.48394], [17.461794, 49.485299], [17.463323, 49.486492], [17.464688, 49.487614], [17.46597, 49.488748], [17.467789, 49.490432], [17.469614, 49.492123], [17.4725, 49.494821], [17.475752, 49.49786], [17.477394, 49.4994], [17.484094, 49.503964], [17.485576, 49.504616], [17.48617, 49.504851], [17.48772, 49.505399], [17.486518, 49.508793], [17.484968, 49.508244], [17.484257, 49.507965], [17.483214, 49.507526], [17.482565, 49.507223], [17.481357, 49.506632], [17.480584, 49.506216], [17.479829, 49.505781], [17.479137, 49.505349], [17.477969, 49.504552], [17.477393, 49.504131], [17.475879, 49.502887], [17.474971, 49.502063], [17.473289, 49.500485], [17.470041, 49.497451], [17.467155, 49.494753], [17.465343, 49.493074], [17.463523, 49.491389], [17.457794, 49.486885], [17.456072, 49.485763], [17.454186, 49.484633], [17.452746, 49.483831], [17.450497, 49.482684], [17.446894, 49.481051], [17.444968, 49.480271], [17.443392, 49.479661], [17.439438, 49.478149], [17.438364, 49.47772], [17.436087, 49.476755], [17.434922, 49.476206], [17.43364, 49.475566], [17.4325, 49.474938], [17.430225, 49.473559], [17.421779, 49.472371], [17.421638, 49.472357], [17.4215, 49.472332], [17.419343, 49.471829], [17.417155, 49.47132], [17.409153, 49.469266], [17.408045, 49.468896], [17.408297, 49.465305], [17.409103, 49.465361], [17.409811, 49.465384], [17.410458, 49.465381], [17.412409, 49.465263], [17.418034, 49.458974], [17.417583, 49.457408], [17.412176, 49.451619], [17.411557, 49.451489], [17.41106, 49.451263], [17.409952, 49.450731], [17.409448, 49.45041], [17.407885, 49.449619], [17.407337, 49.449274], [17.400169, 49.44462], [17.397984, 49.446495], [17.397445, 49.44759], [17.396495, 49.447774], [17.39397, 49.445584], [17.387168, 49.441991], [17.384832, 49.439252], [17.378681, 49.434401], [17.37104, 49.432761], [17.368728, 49.432692], [17.367529, 49.43272], [17.366112, 49.432714], [17.364467, 49.432699], [17.364331, 49.431011], [17.364326, 49.430912], [17.364501, 49.429099], [17.366145, 49.429114], [17.367545, 49.42912], [17.36864, 49.429093], [17.37019, 49.429081], [17.370658, 49.429098], [17.375409, 49.427087], [17.378622, 49.428711], [17.384899, 49.432091], [17.386229, 49.432499], [17.388182, 49.433148], [17.395419, 49.432347], [17.39601, 49.432108], [17.400082, 49.430306], [17.400825, 49.42986], [17.401967, 49.430314], [17.402355, 49.430558], [17.402627, 49.430781], [17.403053, 49.431304], [17.403961, 49.432995], [17.40419, 49.433555], [17.410873, 49.439427], [17.412709, 49.439395], [17.416718, 49.439626], [17.421327, 49.438273], [17.421748, 49.438115], [17.422243, 49.437985], [17.422669, 49.437922], [17.423741, 49.437837], [17.424232, 49.437739], [17.425789, 49.437119], [17.426998, 49.428417], [17.426688, 49.428118], [17.426348, 49.427735], [17.424588, 49.425594], [17.4244, 49.425171], [17.423226, 49.419135], [17.419346, 49.415819], [17.416967, 49.414718], [17.416049, 49.414156], [17.414027, 49.413236], [17.413207, 49.40973], [17.414347, 49.405234], [17.414231, 49.40422], [17.408486, 49.398315], [17.40654, 49.398566], [17.406038, 49.398573], [17.403171, 49.398689], [17.40113, 49.399027], [17.400385, 49.399084], [17.399032, 49.399088], [17.397279, 49.399287], [17.395433, 49.399487], [17.393966, 49.399479], [17.38642, 49.400507], [17.379739, 49.406131], [17.37754, 49.407966], [17.373176, 49.412599], [17.372449, 49.413652], [17.372135, 49.413856], [17.371764, 49.414037], [17.371151, 49.414263], [17.370432, 49.41447], [17.369422, 49.414909], [17.368667, 49.415356], [17.366231, 49.417723], [17.363312, 49.415616], [17.364662, 49.413745], [17.362337, 49.40564], [17.360528, 49.399775], [17.358924, 49.396518], [17.354896, 49.389033], [17.347492, 49.389671], [17.34472, 49.391968], [17.343795, 49.390851], [17.335521, 49.390181], [17.33392, 49.393405], [17.333877, 49.395694], [17.330278, 49.395602], [17.329056, 49.394578], [17.328686, 49.392598], [17.328704, 49.392532], [17.32918, 49.390647], [17.323638, 49.383734], [17.320719, 49.386097], [17.31473, 49.388101], [17.306973, 49.38778], [17.304548, 49.395405], [17.298927, 49.401679], [17.296567, 49.404949], [17.295953, 49.404938], [17.29533, 49.40488], [17.29434, 49.404728], [17.287525, 49.405976], [17.285734, 49.408397], [17.29076, 49.414976], [17.292, 49.415649], [17.292399, 49.415839], [17.292769, 49.416171], [17.29308, 49.416783], [17.297678, 49.421963], [17.30243, 49.422993], [17.30408, 49.42295], [17.306262, 49.422661], [17.308523, 49.422363], [17.309255, 49.422301], [17.30995, 49.422283], [17.310927, 49.422319], [17.311816, 49.422414], [17.31305, 49.422599], [17.312516, 49.426159], [17.305877, 49.428024], [17.302287, 49.427758], [17.300465, 49.427061], [17.296378, 49.427603], [17.294002, 49.433713], [17.292353, 49.437086], [17.29112, 49.440838], [17.288704, 49.443506], [17.28086, 49.447766], [17.283716, 49.455307], [17.287338, 49.45894], [17.29156, 49.461978], [17.29226, 49.462298], [17.292233, 49.46295], [17.292228, 49.463508], [17.292173, 49.464035], [17.291997, 49.465551], [17.291699, 49.471127], [17.29396, 49.479154], [17.297478, 49.479915], [17.301731, 49.482739], [17.307138, 49.481686], [17.307842, 49.481331], [17.315387, 49.484449], [17.317496, 49.484791], [17.316919, 49.488344], [17.309534, 49.489116], [17.302651, 49.486538], [17.294017, 49.487625], [17.293398, 49.487856], [17.292932, 49.487942], [17.289452, 49.488771], [17.282853, 49.492532], [17.281358, 49.495225], [17.279353, 49.498758], [17.276956, 49.501444], [17.268657, 49.499689], [17.26312, 49.503231], [17.262233, 49.503389], [17.258799, 49.504675], [17.257171, 49.505857], [17.254684, 49.51422], [17.255294, 49.516586], [17.255908, 49.518395], [17.256046, 49.519721], [17.261238, 49.526129], [17.262647, 49.526057], [17.263192, 49.526111], [17.263714, 49.526236], [17.265758, 49.526968], [17.271709, 49.527927], [17.272582, 49.527861], [17.27457, 49.527801], [17.274748, 49.529351], [17.27488, 49.531388], [17.270253, 49.535768], [17.269887, 49.536384], [17.269523, 49.537042], [17.268123, 49.538784], [17.266888, 49.54033], [17.26582, 49.545932], [17.270765, 49.552009], [17.272359, 49.552262], [17.273814, 49.552478], [17.275351, 49.552679], [17.276707, 49.552841], [17.279003, 49.553074], [17.282678, 49.553407], [17.286352, 49.55374], [17.290026, 49.554074], [17.293697, 49.554407], [17.296666, 49.554669], [17.299323, 49.554914], [17.301085, 49.555102], [17.303808, 49.555446], [17.306177, 49.555801], [17.308119, 49.55612], [17.309737, 49.556418], [17.310656, 49.5566], [17.312734, 49.556574], [17.315507, 49.548096], [17.312902, 49.5418], [17.313755, 49.538303], [17.314815, 49.538561], [17.323695, 49.537402], [17.32588, 49.535854], [17.3312, 49.529216], [17.334766, 49.528729], [17.334903, 49.529732], [17.334989, 49.530591], [17.334968, 49.531763], [17.334814, 49.53291], [17.334556, 49.533978], [17.334157, 49.53506], [17.333675, 49.536008], [17.333116, 49.536959], [17.330757, 49.541093], [17.329777, 49.546648], [17.32963, 49.547655], [17.329612, 49.547669], [17.327828, 49.547928], [17.322921, 49.550616], [17.321417, 49.553881], [17.326463, 49.561084], [17.332336, 49.56347], [17.335719, 49.564953], [17.339089, 49.566432], [17.340896, 49.567208], [17.342682, 49.567943], [17.34466, 49.568695], [17.346141, 49.569229], [17.347554, 49.569714], [17.349095, 49.570214], [17.34983, 49.570438], [17.352063, 49.571092], [17.354493, 49.571742], [17.355754, 49.572049], [17.358472, 49.572665], [17.361344, 49.573229], [17.362875, 49.573499], [17.364444, 49.573749], [17.366758, 49.574079], [17.36915, 49.574369], [17.370405, 49.5745], [17.3732, 49.574748], [17.376402, 49.575004], [17.379645, 49.575265], [17.385601, 49.575977], [17.386332, 49.576037], [17.387066, 49.576203], [17.386504, 49.579759], [17.379273, 49.578845], [17.376114, 49.578593], [17.372913, 49.578336], [17.370087, 49.578086], [17.368778, 49.57795], [17.366325, 49.577653], [17.363937, 49.577313], [17.362308, 49.577054], [17.360718, 49.576774], [17.35778, 49.576198], [17.354959, 49.57556], [17.353643, 49.57524], [17.351133, 49.57457], [17.348819, 49.573893], [17.348046, 49.573658], [17.346443, 49.573138], [17.344974, 49.572635], [17.343438, 49.572081], [17.341403, 49.571308], [17.339527, 49.570538], [17.337668, 49.56974], [17.334273, 49.56825], [17.33089, 49.566766], [17.325154, 49.564438], [17.323185, 49.563723], [17.32078, 49.562926], [17.31908, 49.562402], [17.312267, 49.566392], [17.31191, 49.566977], [17.308837, 49.565102], [17.303275, 49.559006], [17.300634, 49.558673], [17.298942, 49.558493], [17.296336, 49.558254], [17.29338, 49.557993], [17.291796, 49.566722], [17.293488, 49.567056], [17.29351, 49.567061], [17.2946, 49.56969], [17.294597, 49.569695], [17.292606, 49.570546], [17.292584, 49.57054], [17.291198, 49.570232], [17.290635, 49.570129], [17.282703, 49.573745], [17.28076, 49.577094], [17.279125, 49.578216], [17.278983, 49.578212], [17.278327, 49.577787], [17.277161, 49.577006], [17.276437, 49.576489], [17.274957, 49.574768], [17.269351, 49.569723], [17.262664, 49.572111], [17.260527, 49.575988], [17.266327, 49.580938], [17.266894, 49.581057], [17.266155, 49.58458], [17.259952, 49.586053], [17.257089, 49.590513], [17.255222, 49.591191], [17.249099, 49.596282], [17.248284, 49.597341], [17.247445, 49.597507], [17.247442, 49.597507], [17.243784, 49.595755], [17.239896, 49.594458], [17.232957, 49.599091], [17.232744, 49.599564], [17.232123, 49.600459], [17.231591, 49.600872], [17.230185, 49.601517], [17.227642, 49.60262], [17.222839, 49.60677], [17.221223, 49.608535], [17.215301, 49.609375], [17.207715, 49.612718], [17.207706, 49.61272], [17.207688, 49.612725], [17.207678, 49.612727], [17.204682, 49.612751], [17.195992, 49.612432], [17.195585, 49.612628], [17.195061, 49.612903], [17.193347, 49.613959], [17.193274, 49.614009], [17.185467, 49.61801], [17.185016, 49.618405], [17.183742, 49.619436], [17.18247, 49.620336], [17.180834, 49.621322], [17.180251, 49.621655], [17.178495, 49.622767], [17.177636, 49.623047], [17.173381, 49.630743], [17.172812, 49.634672], [17.172547, 49.636979], [17.172127, 49.637216], [17.170281, 49.637232], [17.169975, 49.636929], [17.168714, 49.635015], [17.160662, 49.632263], [17.158316, 49.633512], [17.155953, 49.634589], [17.153595, 49.635787], [17.152418, 49.636352], [17.151311, 49.636856], [17.150377, 49.63726], [17.148401, 49.638079], [17.145262, 49.639343], [17.138738, 49.643114], [17.136524, 49.64496], [17.13541, 49.645823], [17.134189, 49.646686], [17.132112, 49.643745], [17.134316, 49.642117], [17.136432, 49.64035], [17.137266, 49.639712], [17.138093, 49.639113], [17.140459, 49.637653], [17.141184, 49.637264], [17.142051, 49.636837], [17.142984, 49.636405], [17.143841, 49.636035], [17.147055, 49.63474], [17.148998, 49.633934], [17.149881, 49.633552], [17.150927, 49.633076], [17.152035, 49.632542], [17.154322, 49.63138], [17.159484, 49.626592], [17.161705, 49.623758], [17.168097, 49.624217], [17.170713, 49.622656], [17.173328, 49.621263], [17.175943, 49.61987], [17.176804, 49.619589], [17.178558, 49.618477], [17.179046, 49.618197], [17.180611, 49.617253], [17.181653, 49.616504], [17.178424, 49.608174], [17.176461, 49.608368], [17.176107, 49.604786], [17.179698, 49.59942], [17.178538, 49.59261], [17.172498, 49.588709], [17.16944, 49.58844], [17.168677, 49.588396], [17.165768, 49.588357], [17.16481, 49.588404], [17.163105, 49.588422], [17.155556, 49.591373], [17.151963, 49.591596], [17.146781, 49.594226], [17.143505, 49.592733], [17.138251, 49.591364], [17.137912, 49.58778], [17.138016, 49.58777], [17.138415, 49.58776], [17.14151, 49.587912], [17.142415, 49.58783], [17.144873, 49.587278], [17.147816, 49.586555], [17.151019, 49.584525], [17.151299, 49.584378], [17.151999, 49.584159], [17.158194, 49.582632], [17.159308, 49.581934], [17.159885, 49.581817], [17.165587, 49.584762], [17.169488, 49.582217], [17.169931, 49.581371], [17.169362, 49.574752], [17.170293, 49.572401], [17.171749, 49.568629], [17.171134, 49.564134], [17.168289, 49.561857], [17.161218, 49.566085], [17.15245, 49.567549], [17.151711, 49.568073], [17.151204, 49.568311], [17.149141, 49.569163], [17.145402, 49.571778], [17.14384, 49.573634], [17.143294, 49.57449], [17.142519, 49.575725], [17.136504, 49.578285], [17.133046, 49.578182], [17.129588, 49.578078], [17.128606, 49.586206], [17.128232, 49.587281], [17.128104, 49.587967], [17.126926, 49.58939], [17.118629, 49.589103], [17.117467, 49.58916], [17.116927, 49.589166], [17.116487, 49.589149], [17.107941, 49.590735], [17.105905, 49.590914], [17.105519, 49.590932], [17.104996, 49.590876], [17.104565, 49.590763], [17.10153, 49.589716], [17.096131, 49.588045], [17.089565, 49.583383], [17.08651, 49.581478], [17.086683, 49.581201], [17.087198, 49.580393], [17.088382, 49.579094], [17.089881, 49.57049], [17.090169, 49.566902], [17.09214, 49.563015], [17.08782, 49.556187], [17.08606, 49.548206], [17.08613, 49.54801], [17.088028, 49.539586], [17.090607, 49.537074], [17.091213, 49.537697], [17.091373, 49.537835], [17.092366, 49.53862], [17.092989, 49.539068], [17.093727, 49.539509], [17.095145, 49.540022], [17.1009, 49.533215], [17.099045, 49.530516], [17.097308, 49.529634], [17.092706, 49.524435], [17.08532, 49.521748], [17.082894, 49.522863], [17.080469, 49.523978], [17.077175, 49.525495], [17.073881, 49.527013], [17.070744, 49.528458], [17.066652, 49.535443], [17.06643, 49.536166], [17.066281, 49.536485], [17.063582, 49.536686], [17.054696, 49.538029], [17.046511, 49.540019], [17.045244, 49.537933], [17.040034, 49.533319], [17.038903, 49.532328], [17.038671, 49.53211], [17.038338, 49.53172], [17.036753, 49.528238], [17.030206, 49.52649], [17.029469, 49.526625], [17.026221, 49.527704], [17.020654, 49.528541], [17.01808, 49.529515], [17.015855, 49.530324], [17.015052, 49.530594], [17.014217, 49.530845], [17.012662, 49.531283], [17.012142, 49.530123], [17.011995, 49.529594], [17.011687, 49.527817], [17.013242, 49.52738], [17.014015, 49.527147], [17.014702, 49.526913], [17.016849, 49.526132], [17.018082, 49.525739], [17.01938, 49.525174], [17.024958, 49.518382], [17.026473, 49.51605], [17.02973, 49.509774], [17.024644, 49.505016], [17.020724, 49.505946], [17.01894, 49.506848], [17.010614, 49.503734], [17.007041, 49.50418], [17.003691, 49.504437], [16.999872, 49.505549], [16.997879, 49.506124], [16.99688, 49.502666], [16.992535, 49.498844], [16.987086, 49.494539], [16.984088, 49.495053], [16.979564, 49.497707], [16.977398, 49.500582], [16.969703, 49.497488], [16.963421, 49.491324], [16.965052, 49.488115], [16.967455, 49.481301], [16.962083, 49.476259], [16.961893, 49.476213], [16.961892, 49.47612], [16.961879, 49.475718], [16.961497, 49.472707], [16.956599, 49.465892], [16.956833, 49.4623], [16.951902, 49.455127], [16.949322, 49.455712], [16.949057, 49.455691], [16.946604, 49.452416], [16.940195, 49.446217], [16.93922, 49.445603], [16.936112, 49.442895], [16.929444, 49.439121], [16.928055, 49.436043], [16.923058, 49.428784], [16.920468, 49.429467], [16.917757, 49.436969], [16.916904, 49.440467], [16.910402, 49.445528], [16.909341, 49.444902], [16.902019, 49.449384], [16.900243, 49.452515], [16.893392, 49.457719], [16.889998, 49.45855], [16.888439, 49.458347], [16.887674, 49.458144], [16.879218, 49.459798], [16.87871, 49.460107], [16.87826, 49.460311], [16.877714, 49.46049], [16.877112, 49.460621], [16.876812, 49.460666], [16.875431, 49.460039], [16.875269, 49.459755], [16.875235, 49.459646], [16.876277, 49.457106], [16.879398, 49.454885], [16.880365, 49.453994], [16.880789, 49.453675], [16.884657, 49.44704], [16.883716, 49.443566], [16.882388, 49.43472], [16.881917, 49.434715], [16.879752, 49.43459], [16.879409, 49.434595], [16.878073, 49.434735], [16.869951, 49.431671], [16.86777, 49.433396], [16.865255, 49.436461], [16.864275, 49.437181], [16.862306, 49.43903], [16.861752, 49.439727], [16.860914, 49.440151], [16.857237, 49.442898], [16.853756, 49.445105], [16.850471, 49.447471], [16.85198, 49.456283], [16.852562, 49.456424], [16.853103, 49.458947], [16.85276, 49.459528], [16.851708, 49.459922], [16.846526, 49.464008], [16.845986, 49.464159], [16.84478, 49.464359], [16.843971, 49.46452], [16.843106, 49.464663], [16.838188, 49.468809], [16.837574, 49.474962], [16.84454, 49.478776], [16.846147, 49.478346], [16.848242, 49.477071], [16.848679, 49.476738], [16.849884, 49.475505], [16.850869, 49.474516], [16.851409, 49.474172], [16.852455, 49.473643], [16.853967, 49.472614], [16.855469, 49.470345], [16.855992, 49.469804], [16.856307, 49.469549], [16.856829, 49.469167], [16.858953, 49.472074], [16.85866, 49.477887], [16.863538, 49.48385], [16.866843, 49.484965], [16.869093, 49.487262], [16.869408, 49.487556], [16.871193, 49.489453], [16.870686, 49.492355], [16.870491, 49.492451], [16.869281, 49.492503], [16.869215, 49.492462], [16.863073, 49.489037], [16.857005, 49.486971], [16.855199, 49.48679], [16.854394, 49.486684], [16.852439, 49.486234], [16.845371, 49.49033], [16.845114, 49.490928], [16.844755, 49.491275], [16.843424, 49.492442], [16.836361, 49.494637], [16.834925, 49.497663], [16.8347, 49.498667], [16.834425, 49.499222], [16.832525, 49.504431], [16.829047, 49.50536], [16.828515, 49.503367], [16.828586, 49.502159], [16.829738, 49.499783], [16.829905, 49.491736], [16.829048, 49.48824], [16.822768, 49.485429], [16.821838, 49.483973], [16.821946, 49.481924], [16.81747, 49.474321], [16.816303, 49.473997], [16.815928, 49.473878], [16.814421, 49.473176], [16.807784, 49.472057], [16.805096, 49.478848], [16.806097, 49.480884], [16.80867, 49.482892], [16.808697, 49.483877], [16.808547, 49.485122], [16.807125, 49.486607], [16.806678, 49.486722], [16.802786, 49.487993], [16.800344, 49.495589], [16.802385, 49.499706], [16.804155, 49.503005], [16.802067, 49.505937], [16.804119, 49.514326], [16.809739, 49.514768], [16.811975, 49.514475], [16.813793, 49.514], [16.81422, 49.513935], [16.814762, 49.517494], [16.81375, 49.517779], [16.813383, 49.517877], [16.811505, 49.518311], [16.811136, 49.51838], [16.810696, 49.518415], [16.809537, 49.518362], [16.803816, 49.517913], [16.796886, 49.518094], [16.795705, 49.518193], [16.787621, 49.520119], [16.783586, 49.521281], [16.781236, 49.520396], [16.775812, 49.525944], [16.775726, 49.52721], [16.77548, 49.527899], [16.770405, 49.53138], [16.767406, 49.533372], [16.759338, 49.535878], [16.753558, 49.534528], [16.747431, 49.535999], [16.744347, 49.536255], [16.743105, 49.536424], [16.742615, 49.536475], [16.742131, 49.536483], [16.741711, 49.53645], [16.738713, 49.536296], [16.738347, 49.536269], [16.73787, 49.536199], [16.737358, 49.536072], [16.737002, 49.535942], [16.738229, 49.532558], [16.739674, 49.532644], [16.740018, 49.532641], [16.740649, 49.532692], [16.747547, 49.527181], [16.748431, 49.52716], [16.755771, 49.526085], [16.756384, 49.526119], [16.757283, 49.526414], [16.76468, 49.523013], [16.763666, 49.516722], [16.757436, 49.513718], [16.757232, 49.51368], [16.755566, 49.51326], [16.751573, 49.512865], [16.750704, 49.512894], [16.745222, 49.516115], [16.742756, 49.518644], [16.736123, 49.515969], [16.735587, 49.515905], [16.735001, 49.515783], [16.726631, 49.51277], [16.725779, 49.51322], [16.724966, 49.513673], [16.724288, 49.513936], [16.723338, 49.51425], [16.720084, 49.515607], [16.718776, 49.515646], [16.716669, 49.514466], [16.716791, 49.514102], [16.717167, 49.512425], [16.717592, 49.511336], [16.718005, 49.511063], [16.718494, 49.510841], [16.718943, 49.510707], [16.719348, 49.510606], [16.720095, 49.50172], [16.718626, 49.501092], [16.713822, 49.501741], [16.710341, 49.50112], [16.709663, 49.500597], [16.708383, 49.499788], [16.706485, 49.499271], [16.70092, 49.495424], [16.698271, 49.494371], [16.69044, 49.497473], [16.686537, 49.503599], [16.688151, 49.506502], [16.691738, 49.512561], [16.697127, 49.513074], [16.700121, 49.512231], [16.702905, 49.510124], [16.705925, 49.512084], [16.706354, 49.513609], [16.706838, 49.518631], [16.707738, 49.519961], [16.710976, 49.522224], [16.713812, 49.525628], [16.714808, 49.527138], [16.715381, 49.527822], [16.715831, 49.528609], [16.722025, 49.535131], [16.72236, 49.535075], [16.723219, 49.534856], [16.724108, 49.538344], [16.726582, 49.543957], [16.727914, 49.545238], [16.72567, 49.548053], [16.723696, 49.556242], [16.72444, 49.561441], [16.723903, 49.567503], [16.72195, 49.5741], [16.718923, 49.576049], [16.715581, 49.572903], [16.71327, 49.567954], [16.712664, 49.564405], [16.71296, 49.557341], [16.704695, 49.554667], [16.70371, 49.555181], [16.702222, 49.551903], [16.698312, 49.545442], [16.693629, 49.542246], [16.688159, 49.542869], [16.686744, 49.541674], [16.68607, 49.541011], [16.686206, 49.53441], [16.685457, 49.533212], [16.684807, 49.532351], [16.684454, 49.531672], [16.684175, 49.530514], [16.682041, 49.527089], [16.681467, 49.526222], [16.680992, 49.525252], [16.679812, 49.522939], [16.671848, 49.527057], [16.671864, 49.527162], [16.671766, 49.527886], [16.671539, 49.528815], [16.671198, 49.530597], [16.672517, 49.537919], [16.673313, 49.539553], [16.673754, 49.540945], [16.672301, 49.54394], [16.672547, 49.548722], [16.667482, 49.55176], [16.66477, 49.554127], [16.66284, 49.55176], [16.659987, 49.550357], [16.657205, 49.550184], [16.656698, 49.550236], [16.651054, 49.55675], [16.651256, 49.558085], [16.654005, 49.562364], [16.654872, 49.56328], [16.657875, 49.564926], [16.659659, 49.566544], [16.667391, 49.565641], [16.669382, 49.56476], [16.672662, 49.56198], [16.673523, 49.561558], [16.674399, 49.561193], [16.67523, 49.560824], [16.677786, 49.559128], [16.680564, 49.561418], [16.681256, 49.569964], [16.681731, 49.570848], [16.682132, 49.571804], [16.682315, 49.57272], [16.682452, 49.574212], [16.682419, 49.575065], [16.681877, 49.576138], [16.684601, 49.584547], [16.685947, 49.585758], [16.683538, 49.588434], [16.675843, 49.586968], [16.675513, 49.586929], [16.671772, 49.585627], [16.671213, 49.582071], [16.663679, 49.579327], [16.657126, 49.577122], [16.65452, 49.578876], [16.651741, 49.576588], [16.645641, 49.575747], [16.641436, 49.57941], [16.641242, 49.579814], [16.640554, 49.581157], [16.639652, 49.582766], [16.639407, 49.583179], [16.63893, 49.583775], [16.638588, 49.584108], [16.63598, 49.592623], [16.6367, 49.592921], [16.637267, 49.593207], [16.638369, 49.593842], [16.640846, 49.595271], [16.641311, 49.595571], [16.641768, 49.595963], [16.642185, 49.596398], [16.641011, 49.598931], [16.640875, 49.598963], [16.6401, 49.598965], [16.639586, 49.59889], [16.635799, 49.597099], [16.63267, 49.595494], [16.632249, 49.595361], [16.631719, 49.595102], [16.62415, 49.594985], [16.621744, 49.59396], [16.617416, 49.594284], [16.617058, 49.59447], [16.615134, 49.603181], [16.615653, 49.603669], [16.619646, 49.60577], [16.620374, 49.605833], [16.622698, 49.606105], [16.622281, 49.60968], [16.616797, 49.610801], [16.610687, 49.616816], [16.61033, 49.617536], [16.610057, 49.617866], [16.605045, 49.623235], [16.602135, 49.624442], [16.601772, 49.62418], [16.601471, 49.623664], [16.601462, 49.623592], [16.601514, 49.62131], [16.6018, 49.620692], [16.602677, 49.619727], [16.60287, 49.619474], [16.603355, 49.618852], [16.604389, 49.617751], [16.605654, 49.612758], [16.600069, 49.608613], [16.597934, 49.608604], [16.596847, 49.608867], [16.594721, 49.609767], [16.593129, 49.609981], [16.592227, 49.609574], [16.591743, 49.609159], [16.591396, 49.608792], [16.591201, 49.608558], [16.589888, 49.601035], [16.590165, 49.597446], [16.593147, 49.593096], [16.593127, 49.592238], [16.585757, 49.588], [16.584466, 49.589389], [16.583735, 49.589864], [16.581737, 49.591461], [16.581177, 49.591249], [16.58058, 49.591047], [16.579824, 49.590707], [16.577337, 49.589886], [16.581206, 49.587017], [16.582913, 49.579704], [16.582662, 49.579112], [16.58257, 49.578172], [16.574189, 49.575751], [16.573237, 49.577241], [16.572119, 49.577503], [16.570264, 49.577671], [16.569728, 49.577662], [16.568057, 49.577481], [16.56732, 49.577293], [16.561907, 49.577555], [16.558532, 49.580064], [16.557465, 49.586283], [16.55793, 49.588594], [16.558173, 49.589229], [16.558808, 49.590455], [16.55912, 49.591197], [16.559513, 49.593253], [16.559557, 49.594273], [16.559712, 49.597534], [16.558831, 49.599923], [16.555318, 49.600377], [16.555045, 49.599764], [16.554495, 49.598051], [16.553958, 49.595893], [16.546703, 49.590983], [16.542303, 49.593014], [16.540363, 49.595654], [16.539123, 49.597131], [16.537884, 49.598607], [16.53616, 49.600661], [16.535616, 49.601309], [16.533981, 49.601115], [16.532859, 49.598994], [16.534639, 49.592904], [16.534785, 49.589558], [16.534969, 49.585963], [16.540865, 49.579774], [16.537111, 49.571659], [16.535987, 49.568239], [16.527281, 49.567709], [16.526902, 49.568047], [16.523927, 49.572348], [16.523768, 49.57264], [16.523359, 49.573507], [16.523093, 49.57385], [16.520719, 49.572454], [16.520308, 49.572251], [16.520004, 49.572072], [16.519522, 49.571643], [16.519481, 49.571596], [16.518592, 49.570541], [16.517424, 49.569326], [16.516739, 49.568889], [16.513176, 49.568121], [16.509722, 49.574912], [16.510009, 49.575545], [16.507482, 49.576963], [16.503967, 49.577741], [16.498772, 49.577778], [16.49463, 49.57922], [16.489675, 49.582399], [16.482791, 49.587634], [16.482541, 49.58798], [16.481961, 49.588706], [16.47555, 49.59139], [16.47336, 49.588713], [16.473127, 49.588395], [16.474429, 49.58589], [16.478898, 49.58177], [16.479061, 49.573089], [16.478754, 49.572584], [16.477616, 49.565455], [16.476937, 49.563652], [16.468762, 49.562695], [16.466195, 49.566445], [16.46568, 49.566861], [16.465285, 49.567099], [16.464408, 49.567576], [16.462024, 49.568667], [16.458025, 49.574718], [16.456265, 49.576197], [16.454823, 49.577439], [16.452913, 49.580093], [16.451743, 49.582999], [16.44579, 49.582931], [16.437547, 49.58212], [16.436456, 49.582255], [16.435318, 49.582301], [16.431797, 49.582377], [16.426737, 49.577572], [16.421559, 49.582639], [16.418622, 49.58472], [16.417121, 49.584888], [16.415408, 49.581722], [16.412619, 49.575661], [16.405191, 49.573618], [16.402588, 49.57489], [16.397803, 49.578284], [16.396743, 49.579583], [16.39606, 49.580131], [16.394807, 49.580791], [16.393719, 49.581212], [16.388443, 49.583467], [16.386642, 49.584167], [16.385337, 49.580812], [16.387137, 49.580112], [16.391602, 49.573959], [16.391896, 49.573459], [16.392071, 49.573238], [16.39838, 49.572939], [16.401008, 49.571655], [16.405247, 49.565102], [16.401899, 49.559536], [16.401204, 49.555472], [16.400727, 49.55431], [16.393208, 49.55018], [16.391901, 49.55086], [16.385116, 49.549048], [16.381734, 49.547815], [16.37276, 49.548105], [16.370296, 49.548583], [16.369572, 49.548568], [16.36753, 49.548567], [16.363168, 49.545504], [16.362967, 49.541909], [16.363765, 49.541864], [16.365488, 49.533059], [16.363159, 49.532664], [16.361529, 49.529454], [16.354374, 49.524537], [16.353098, 49.524479], [16.352147, 49.524536], [16.350635, 49.524668], [16.35031, 49.524562], [16.342629, 49.523849], [16.336502, 49.518068], [16.334487, 49.516839], [16.334167, 49.516567], [16.325973, 49.514231], [16.325225, 49.514375], [16.324472, 49.514428], [16.31881, 49.515479], [16.317275, 49.516011], [16.315955, 49.516291], [16.31023, 49.518815], [16.307681, 49.521357], [16.302739, 49.523499], [16.302269, 49.523443], [16.301883, 49.523367], [16.301457, 49.523228], [16.300991, 49.522987], [16.300496, 49.522574], [16.299504, 49.521789], [16.298305, 49.520912], [16.300315, 49.517925], [16.293457, 49.512481], [16.286707, 49.512232], [16.284706, 49.512616], [16.276278, 49.513222], [16.272829, 49.51219], [16.268638, 49.520056], [16.26936, 49.523097], [16.269108, 49.52331], [16.26876, 49.523422], [16.268066, 49.52361], [16.266037, 49.523613], [16.262322, 49.521866], [16.256465, 49.521718], [16.256092, 49.521636], [16.255368, 49.51894], [16.249175, 49.515144], [16.242545, 49.512713], [16.234059, 49.511448], [16.233277, 49.51241], [16.232948, 49.512714], [16.230502, 49.510073], [16.222253, 49.509682], [16.213959, 49.512024], [16.213212, 49.512618], [16.212261, 49.521402], [16.214012, 49.522212], [16.215134, 49.522645], [16.217, 49.522907], [16.2165, 49.526472], [16.209458, 49.527243], [16.201223, 49.530014], [16.201653, 49.532492], [16.20178, 49.532781], [16.199959, 49.53612], [16.199612, 49.536966], [16.199367, 49.537272], [16.198588, 49.53808], [16.195997, 49.53558], [16.196431, 49.534106], [16.196902, 49.531863], [16.188901, 49.529047], [16.184805, 49.531522], [16.182123, 49.529121], [16.184189, 49.522423], [16.183619, 49.521134], [16.185415, 49.519121], [16.185546, 49.519088], [16.18644, 49.518898], [16.18831, 49.51854], [16.192563, 49.519342], [16.197072, 49.512434], [16.196982, 49.511972], [16.197022, 49.511118], [16.19742, 49.507044], [16.191465, 49.500373], [16.188428, 49.500634], [16.179791, 49.503091], [16.176264, 49.503811], [16.17126, 49.506126], [16.170973, 49.513688], [16.174129, 49.515987], [16.17503, 49.516257], [16.174238, 49.519769], [16.173649, 49.519636], [16.172854, 49.519354], [16.171839, 49.519056], [16.170865, 49.518819], [16.167689, 49.516387], [16.160499, 49.515576], [16.157227, 49.519305], [16.156725, 49.519682], [16.153768, 49.52213], [16.152774, 49.521948], [16.151943, 49.521821], [16.148427, 49.521643], [16.141299, 49.524148], [16.140878, 49.524411], [16.140427, 49.524633], [16.1397, 49.52488], [16.139139, 49.524989], [16.132113, 49.526535], [16.130668, 49.523238], [16.132941, 49.521738], [16.137698, 49.516435], [16.141007, 49.515767], [16.142007, 49.515481], [16.146372, 49.512223], [16.147127, 49.511854], [16.151663, 49.507758], [16.151837, 49.507347], [16.152906, 49.506223], [16.153971, 49.504316], [16.15652, 49.504068], [16.157124, 49.504064], [16.158504, 49.50391], [16.160413, 49.495562], [16.155021, 49.489689], [16.150928, 49.491423], [16.148974, 49.493757], [16.147524, 49.495239], [16.146778, 49.495766], [16.144371, 49.498183], [16.140025, 49.499018], [16.139308, 49.499103], [16.139042, 49.499142], [16.137219, 49.498676], [16.137085, 49.498618], [16.136694, 49.495707], [16.132501, 49.488336], [16.130648, 49.488594], [16.130152, 49.485028], [16.122067, 49.483304], [16.120646, 49.485765], [16.120111, 49.485851], [16.119062, 49.485288], [16.11095, 49.482235], [16.10763, 49.48188], [16.107399, 49.481645], [16.107505, 49.481006], [16.107715, 49.480393], [16.105312, 49.472436], [16.104064, 49.472072], [16.101591, 49.471357], [16.100558, 49.471218], [16.097798, 49.471098], [16.091141, 49.474402], [16.090576, 49.479678], [16.090889, 49.483264], [16.089028, 49.484074], [16.088651, 49.484285], [16.084792, 49.492364], [16.081301, 49.493241], [16.074344, 49.488332], [16.072027, 49.488845], [16.071322, 49.489065], [16.07062, 49.489208], [16.069902, 49.485681], [16.071287, 49.48522], [16.072197, 49.484903], [16.072914, 49.484751], [16.073578, 49.484711], [16.07467, 49.484689], [16.075942, 49.48435], [16.076646, 49.484008], [16.077934, 49.483132], [16.076872, 49.474751], [16.072439, 49.475212], [16.06782, 49.473883], [16.066275, 49.474043], [16.064068, 49.474284], [16.059938, 49.477706], [16.057007, 49.479796], [16.052478, 49.479644], [16.050849, 49.476433], [16.047952, 49.471003], [16.047133, 49.470436], [16.046097, 49.469866], [16.039086, 49.47046], [16.03736, 49.472125], [16.035247, 49.471378], [16.034457, 49.467866], [16.027361, 49.462483], [16.02676, 49.462824], [16.026126, 49.463156], [16.022194, 49.469918], [16.022236, 49.470477], [16.021995, 49.471452], [16.021657, 49.471944], [16.021468, 49.472164], [16.017935, 49.480332], [16.017843, 49.483931], [16.015759, 49.483878], [16.011951, 49.484974], [16.009521, 49.486277], [16.006985, 49.494274], [16.005863, 49.501971], [16.005591, 49.502287], [16.004572, 49.502698], [16.003983, 49.502522], [16.000633, 49.50153], [15.992912, 49.50452], [15.9923, 49.504626], [15.985545, 49.508141], [15.984528, 49.509343], [15.984353, 49.509481], [15.982671, 49.510102], [15.980387, 49.507319], [15.980643, 49.504421], [15.97907, 49.49653], [15.970948, 49.49434], [15.970413, 49.494405], [15.969785, 49.494421], [15.967344, 49.494353], [15.965127, 49.494073], [15.963804, 49.494041], [15.961952, 49.49417], [15.960451, 49.49424], [15.959313, 49.49425], [15.95184, 49.495239], [15.951399, 49.495351], [15.950515, 49.491861], [15.946295, 49.487149], [15.941201, 49.482192], [15.936128, 49.478661], [15.930471, 49.478127], [15.927168, 49.479561], [15.919943, 49.480096], [15.917109, 49.479814], [15.910714, 49.480048], [15.907499, 49.478769], [15.907126, 49.477832], [15.907119, 49.476868], [15.907412, 49.47473], [15.900803, 49.469314], [15.900227, 49.468973], [15.898036, 49.467399], [15.896534, 49.466342], [15.895031, 49.465284], [15.886316, 49.466586], [15.886128, 49.467074], [15.885885, 49.467535], [15.883765, 49.470704], [15.887728, 49.477562], [15.890416, 49.478001], [15.891291, 49.47819], [15.894752, 49.479122], [15.895456, 49.479479], [15.89784, 49.480817], [15.896738, 49.484244], [15.896142, 49.484053], [15.893584, 49.482554], [15.890393, 49.481676], [15.883988, 49.483483], [15.881746, 49.4863], [15.875494, 49.483785], [15.872211, 49.483913], [15.87139, 49.483138], [15.864379, 49.478008], [15.862523, 49.478029], [15.862092, 49.478], [15.856701, 49.478591], [15.854633, 49.475644], [15.851884, 49.467514], [15.850349, 49.467483], [15.848931, 49.467313], [15.846661, 49.467486], [15.845242, 49.464178], [15.845625, 49.464013], [15.846048, 49.463861], [15.851344, 49.459033], [15.849919, 49.455726], [15.843165, 49.452436], [15.840233, 49.450347], [15.831535, 49.448639], [15.826049, 49.454251], [15.825333, 49.460822], [15.825683, 49.462005], [15.825729, 49.462399], [15.825743, 49.463016], [15.825953, 49.464616], [15.826063, 49.465132], [15.8268, 49.468119], [15.827005, 49.469187], [15.834271, 49.474413], [15.835647, 49.474468], [15.835763, 49.474542], [15.836559, 49.475059], [15.842746, 49.47723], [15.84407, 49.480578], [15.841357, 49.481743], [15.838539, 49.481147], [15.831702, 49.480808], [15.825345, 49.47907], [15.818718, 49.48188], [15.818278, 49.481555], [15.817662, 49.48091], [15.813079, 49.477858], [15.808888, 49.477154], [15.807089, 49.477105], [15.80529, 49.477055], [15.805307, 49.476425], [15.80876, 49.47357], [15.80741, 49.465075], [15.806663, 49.464622], [15.805353, 49.464051], [15.804267, 49.463329], [15.795987, 49.460152], [15.795125, 49.460934], [15.794715, 49.461245], [15.792653, 49.462654], [15.792293, 49.46292], [15.789606, 49.46501], [15.789013, 49.465526], [15.786851, 49.467398], [15.784897, 49.473615], [15.785236, 49.475461], [15.78544, 49.476626], [15.785869, 49.478133], [15.786053, 49.479929], [15.785224, 49.481968], [15.784855, 49.482197], [15.782907, 49.481678], [15.782703, 49.481312], [15.781743, 49.476334], [15.774758, 49.475161], [15.771225, 49.479132], [15.770829, 49.479883], [15.771987, 49.48749], [15.770908, 49.490357], [15.770068, 49.490536], [15.768268, 49.4902], [15.767465, 49.490079], [15.758805, 49.489908], [15.751381, 49.488771], [15.745132, 49.487166], [15.74523, 49.483567], [15.748248, 49.483649], [15.751265, 49.483731], [15.758901, 49.485212], [15.761307, 49.483008], [15.763051, 49.481092], [15.763386, 49.480782], [15.763684, 49.48055], [15.766562, 49.478833], [15.768347, 49.475823], [15.762913, 49.470104], [15.761946, 49.469865], [15.760804, 49.469213], [15.757696, 49.467176], [15.758401, 49.463645], [15.760331, 49.464031], [15.765575, 49.463339], [15.766502, 49.462959], [15.767644, 49.462418], [15.768657, 49.462067], [15.773815, 49.455237], [15.774529, 49.453663], [15.769477, 49.446345], [15.762864, 49.445], [15.758584, 49.446555], [15.757302, 49.447333], [15.755644, 49.448522], [15.753153, 49.445924], [15.746479, 49.44868], [15.746136, 49.449519], [15.744417, 49.456209], [15.744498, 49.457243], [15.745426, 49.460584], [15.745378, 49.461246], [15.745292, 49.461671], [15.743969, 49.462288], [15.743002, 49.462474], [15.734582, 49.464547], [15.731266, 49.467577], [15.728298, 49.470116], [15.725166, 49.468342], [15.72538, 49.467964], [15.7267, 49.465123], [15.728796, 49.462998], [15.729169, 49.462624], [15.730473, 49.461624], [15.732249, 49.459793], [15.732555, 49.453263], [15.725637, 49.450346], [15.722908, 49.450779], [15.72146, 49.448113], [15.721175, 49.447787], [15.714631, 49.445307], [15.710654, 49.45148], [15.710604, 49.452334], [15.710413, 49.452902], [15.710192, 49.453325], [15.709853, 49.453891], [15.702633, 49.451765], [15.695932, 49.448852], [15.690062, 49.443972], [15.687208, 49.441778], [15.679344, 49.43822], [15.677126, 49.435385], [15.677738, 49.434906], [15.677355, 49.425984], [15.675851, 49.426081], [15.674573, 49.42639], [15.673308, 49.426595], [15.67162, 49.426908], [15.669406, 49.427379], [15.667509, 49.42784], [15.66536, 49.428433], [15.663499, 49.429018], [15.662214, 49.429452], [15.660316, 49.430148], [15.66088, 49.438614], [15.661326, 49.438949], [15.659163, 49.441827], [15.658717, 49.441492], [15.657301, 49.440609], [15.654449, 49.439444], [15.652688, 49.438927], [15.652236, 49.438854], [15.64527, 49.437645], [15.642945, 49.438838], [15.640598, 49.440041], [15.639642, 49.440354], [15.637747, 49.441454], [15.63543, 49.44256], [15.633088, 49.443677], [15.631042, 49.444614], [15.630138, 49.452544], [15.635896, 49.455314], [15.636323, 49.455253], [15.636998, 49.455141], [15.637441, 49.45512], [15.638415, 49.454974], [15.639423, 49.45485], [15.640204, 49.454814], [15.642298, 49.454828], [15.644462, 49.454844], [15.646263, 49.454931], [15.65182, 49.455204], [15.652134, 49.455116], [15.652467, 49.455049], [15.652875, 49.454997], [15.654376, 49.454764], [15.655137, 49.458282], [15.6544, 49.458442], [15.653692, 49.458539], [15.65235, 49.458842], [15.651818, 49.458983], [15.6513, 49.459044], [15.650716, 49.45901], [15.6459, 49.458513], [15.645796, 49.467333], [15.646448, 49.467615], [15.647266, 49.468053], [15.64771, 49.468222], [15.649396, 49.468851], [15.650122, 49.469309], [15.650695, 49.469724], [15.651095, 49.470067], [15.652039, 49.470864], [15.649963, 49.473805], [15.643075, 49.470526], [15.642626, 49.470367], [15.642256, 49.470178], [15.641763, 49.469827], [15.639273, 49.467833], [15.637658, 49.467011], [15.630141, 49.469094], [15.628829, 49.469529], [15.6237, 49.472114], [15.621105, 49.471146], [15.617628, 49.470213], [15.612488, 49.475516], [15.611107, 49.475839], [15.605477, 49.476296], [15.601729, 49.477862], [15.599095, 49.479632], [15.594654, 49.486937], [15.594628, 49.490536], [15.591307, 49.495049], [15.592332, 49.499311], [15.594165, 49.501273], [15.593713, 49.502829], [15.593566, 49.503202], [15.593408, 49.503541], [15.590146, 49.50202], [15.586008, 49.498799], [15.585478, 49.498428], [15.585145, 49.498026], [15.584839, 49.496899], [15.58486, 49.496652], [15.584955, 49.496147], [15.581257, 49.487956], [15.57967, 49.484725], [15.58093, 49.483849], [15.582338, 49.482835], [15.582713, 49.482513], [15.583038, 49.482303], [15.584653, 49.481661], [15.591244, 49.475717], [15.591436, 49.47522], [15.5926, 49.473368], [15.594056, 49.465822], [15.588807, 49.459195], [15.586118, 49.460107], [15.585035, 49.461095], [15.584224, 49.461895], [15.582583, 49.463676], [15.581555, 49.46473], [15.581073, 49.46519], [15.58027, 49.465886], [15.579524, 49.466456], [15.57867, 49.467028], [15.577568, 49.467639], [15.576751, 49.468028], [15.575825, 49.468419], [15.573542, 49.469276], [15.572705, 49.469623], [15.572258, 49.46982], [15.571841, 49.470025], [15.571261, 49.470347], [15.570804, 49.470633], [15.570455, 49.47088], [15.568563, 49.472834], [15.567519, 49.474487], [15.566897, 49.475353], [15.566408, 49.475947], [15.565873, 49.476504], [15.56529, 49.477022], [15.564662, 49.477525], [15.563966, 49.478005], [15.563534, 49.478272], [15.562464, 49.478857], [15.561739, 49.479191], [15.561101, 49.479453], [15.560451, 49.479691], [15.559475, 49.479998], [15.558484, 49.480254], [15.557368, 49.480482], [15.5563, 49.480662], [15.55258, 49.481216], [15.548859, 49.481769], [15.545139, 49.482323], [15.541208, 49.482908], [15.538959, 49.483273], [15.537524, 49.483529], [15.536096, 49.483806], [15.534704, 49.484098], [15.533368, 49.484406], [15.531758, 49.484805], [15.530407, 49.485161], [15.528397, 49.48572], [15.52562, 49.486532], [15.52338, 49.493379], [15.52144, 49.496411], [15.520274, 49.495665], [15.517508, 49.494084], [15.516491, 49.493697], [15.507611, 49.494714], [15.507253, 49.494946], [15.507041, 49.495053], [15.505443, 49.494702], [15.497064, 49.493524], [15.495138, 49.493961], [15.493231, 49.494394], [15.492375, 49.494598], [15.490702, 49.495039], [15.48925, 49.49547], [15.488395, 49.495741], [15.48756, 49.496027], [15.486019, 49.49661], [15.483845, 49.497569], [15.478393, 49.500837], [15.476306, 49.497903]]], "type": "Polygon"}}], "metadata": {"attribution": "openrouteservice.org | OpenStreetMap contributors", "service": "isochrones", "timestamp": 1785691407766, "query": {"profile": "driving-car", "profileName": "driving-car", "locations": [[16.6106008, 49.2026006]], "range": [3600.0], "range_type": "time"}, "engine": {"version": "9.9.0", "build_date": "2026-06-12T10:08:58Z", "graph_date": "2026-07-26T12:04:00Z", "osm_date": "2026-07-20T00:00:00Z"}}}