<?xml version="1.0" encoding="UTF-8"?>
<gpx xmlns="http://www.topografix.com/GPX/1/1" xmlns:xsi="http://www.w3.org/2001/XMLSchema-instance" xsi:schemaLocation="http://www.topografix.com/GPX/1/1 http://www.topografix.com/GPX/1/1/gpx.xsd" version="1.1" creator="gpx.py -- https://github.com/tkrajina/gpxpy">
  <trk>
    <trkseg>
      <trkpt lat="51.088051" lon="13.24108">
      </trkpt>
      <trkpt lat="51.087964" lon="13.241926">
      </trkpt>
      <trkpt lat="51.08774" lon="13.244285">
      </trkpt>
      <trkpt lat="51.087518" lon="13.246631">
      </trkpt>
      <trkpt lat="51.087295" lon="13.248976">
      </trkpt>
      <trkpt lat="51.087072" lon="13.251322">
      </trkpt>
      <trkpt lat="51.08676" lon="13.254207">
      </trkpt>
      <trkpt lat="51.086452" lon="13.25668">
      </trkpt>
      <trkpt lat="51.086102" lon="13.259099">
      </trkpt>
      <trkpt lat="51.085857" lon="13.260574">
      </trkpt>
      <trkpt lat="51.08556" lon="13.262169">
      </trkpt>
      <trkpt lat="51.08511" lon="13.264329">
      </trkpt>
      <trkpt lat="51.084575" lon="13.266599">
      </trkpt>
      <trkpt lat="51.081624" lon="13.272947">
      </trkpt>
      <trkpt lat="51.081307" lon="13.273434">
      </trkpt>
      <trkpt lat="51.081048" lon="13.273898">
      </trkpt>
      <trkpt lat="51.081553" lon="13.278544">
      </trkpt>
      <trkpt lat="51.080683" lon="13.283136">
      </trkpt>
      <trkpt lat="51.080393" lon="13.285063">
      </trkpt>
      <trkpt lat="51.080128" lon="13.28704">
      </trkpt>
      <trkpt lat="51.079805" lon="13.289617">
      </trkpt>
      <trkpt lat="51.07952" lon="13.291911">
      </trkpt>
      <trkpt lat="51.079283" lon="13.293583">
      </trkpt>
      <trkpt lat="51.07905" lon="13.295007">
      </trkpt>
      <trkpt lat="51.078922" lon="13.295693">
      </trkpt>
      <trkpt lat="51.078629" lon="13.297039">
      </trkpt>
      <trkpt lat="51.078475" lon="13.297645">
      </trkpt>
      <trkpt lat="51.078178" lon="13.298713">
      </trkpt>
      <trkpt lat="51.077873" lon="13.299674">
      </trkpt>
      <trkpt lat="51.077587" lon="13.300494">
      </trkpt>
      <trkpt lat="51.077311" lon="13.301209">
      </trkpt>
      <trkpt lat="51.077008" lon="13.301924">
      </trkpt>
      <trkpt lat="51.076623" lon="13.302754">
      </trkpt>
      <trkpt lat="51.076248" lon="13.303504">
      </trkpt>
      <trkpt lat="51.075871" lon="13.304229">
      </trkpt>
      <trkpt lat="51.075576" lon="13.304754">
      </trkpt>
      <trkpt lat="51.07452" lon="13.306571">
      </trkpt>
      <trkpt lat="51.073452" lon="13.308411">
      </trkpt>
      <trkpt lat="51.072937" lon="13.309357">
      </trkpt>
      <trkpt lat="51.072474" lon="13.310255">
      </trkpt>
      <trkpt lat="51.072003" lon="13.311226">
      </trkpt>
      <trkpt lat="51.071331" lon="13.31274">
      </trkpt>
      <trkpt lat="51.070616" lon="13.314553">
      </trkpt>
      <trkpt lat="51.069744" lon="13.317022">
      </trkpt>
      <trkpt lat="51.068896" lon="13.319429">
      </trkpt>
      <trkpt lat="51.066707" lon="13.323471">
      </trkpt>
      <trkpt lat="51.066053" lon="13.325876">
      </trkpt>
      <trkpt lat="51.058704" lon="13.32779">
      </trkpt>
      <trkpt lat="51.056598" lon="13.327494">
      </trkpt>
      <trkpt lat="51.056535" lon="13.327489">
      </trkpt>
      <trkpt lat="51.05512" lon="13.327455">
      </trkpt>
      <trkpt lat="51.055036" lon="13.32835">
      </trkpt>
      <trkpt lat="51.055315" lon="13.329276">
      </trkpt>
      <trkpt lat="51.055346" lon="13.329355">
      </trkpt>
      <trkpt lat="51.055824" lon="13.330486">
      </trkpt>
      <trkpt lat="51.056114" lon="13.332748">
      </trkpt>
      <trkpt lat="51.055718" lon="13.334674">
      </trkpt>
      <trkpt lat="51.051254" lon="13.338607">
      </trkpt>
      <trkpt lat="51.046675" lon="13.335647">
      </trkpt>
      <trkpt lat="51.045064" lon="13.333642">
      </trkpt>
      <trkpt lat="51.043507" lon="13.331706">
      </trkpt>
      <trkpt lat="51.04311" lon="13.331162">
      </trkpt>
      <trkpt lat="51.042762" lon="13.330656">
      </trkpt>
      <trkpt lat="51.041593" lon="13.328445">
      </trkpt>
      <trkpt lat="51.041122" lon="13.327274">
      </trkpt>
      <trkpt lat="51.040922" lon="13.32672">
      </trkpt>
      <trkpt lat="51.040609" lon="13.325711">
      </trkpt>
      <trkpt lat="51.040437" lon="13.325097">
      </trkpt>
      <trkpt lat="51.0402" lon="13.324143">
      </trkpt>
      <trkpt lat="51.040043" lon="13.323419">
      </trkpt>
      <trkpt lat="51.039488" lon="13.319443">
      </trkpt>
      <trkpt lat="51.039186" lon="13.31623">
      </trkpt>
      <trkpt lat="51.038884" lon="13.313016">
      </trkpt>
      <trkpt lat="51.038591" lon="13.309891">
      </trkpt>
      <trkpt lat="51.038298" lon="13.306765">
      </trkpt>
      <trkpt lat="51.038005" lon="13.303639">
      </trkpt>
      <trkpt lat="51.043882" lon="13.297146">
      </trkpt>
      <trkpt lat="51.044148" lon="13.296775">
      </trkpt>
      <trkpt lat="51.044841" lon="13.295444">
      </trkpt>
      <trkpt lat="51.043746" lon="13.292014">
      </trkpt>
      <trkpt lat="51.040737" lon="13.292292">
      </trkpt>
      <trkpt lat="51.035497" lon="13.286322">
      </trkpt>
      <trkpt lat="51.035442" lon="13.284987">
      </trkpt>
      <trkpt lat="51.035433" lon="13.284435">
      </trkpt>
      <trkpt lat="51.035403" lon="13.282624">
      </trkpt>
      <trkpt lat="51.035371" lon="13.28074">
      </trkpt>
      <trkpt lat="51.035323" lon="13.279922">
      </trkpt>
      <trkpt lat="51.035168" lon="13.278413">
      </trkpt>
      <trkpt lat="51.034914" lon="13.276904">
      </trkpt>
      <trkpt lat="51.034609" lon="13.275583">
      </trkpt>
      <trkpt lat="51.034266" lon="13.274388">
      </trkpt>
      <trkpt lat="51.033652" lon="13.272689">
      </trkpt>
      <trkpt lat="51.033303" lon="13.271869">
      </trkpt>
      <trkpt lat="51.032961" lon="13.271145">
      </trkpt>
      <trkpt lat="51.032571" lon="13.270387">
      </trkpt>
      <trkpt lat="51.032146" lon="13.269645">
      </trkpt>
      <trkpt lat="51.031652" lon="13.268865">
      </trkpt>
      <trkpt lat="51.031121" lon="13.268105">
      </trkpt>
      <trkpt lat="51.030389" lon="13.267182">
      </trkpt>
      <trkpt lat="51.025342" lon="13.260122">
      </trkpt>
      <trkpt lat="51.023959" lon="13.257743">
      </trkpt>
      <trkpt lat="51.022575" lon="13.255365">
      </trkpt>
      <trkpt lat="51.02119" lon="13.252984">
      </trkpt>
      <trkpt lat="51.019171" lon="13.249526">
      </trkpt>
      <trkpt lat="51.017152" lon="13.246067">
      </trkpt>
      <trkpt lat="51.015438" lon="13.243131">
      </trkpt>
      <trkpt lat="51.013725" lon="13.240196">
      </trkpt>
      <trkpt lat="51.010616" lon="13.242011">
      </trkpt>
      <trkpt lat="51.012329" lon="13.244947">
      </trkpt>
      <trkpt lat="51.014043" lon="13.247882">
      </trkpt>
      <trkpt lat="51.016062" lon="13.251341">
      </trkpt>
      <trkpt lat="51.018082" lon="13.254799">
      </trkpt>
      <trkpt lat="51.019463" lon="13.257175">
      </trkpt>
      <trkpt lat="51.020847" lon="13.259554">
      </trkpt>
      <trkpt lat="51.02223" lon="13.261932">
      </trkpt>
      <trkpt lat="51.023613" lon="13.26431">
      </trkpt>
      <trkpt lat="51.024209" lon="13.265281">
      </trkpt>
      <trkpt lat="51.024843" lon="13.266211">
      </trkpt>
      <trkpt lat="51.025153" lon="13.266625">
      </trkpt>
      <trkpt lat="51.025533" lon="13.267102">
      </trkpt>
      <trkpt lat="51.027683" lon="13.269555">
      </trkpt>
      <trkpt lat="51.031406" lon="13.277709">
      </trkpt>
      <trkpt lat="51.031616" lon="13.279001">
      </trkpt>
      <trkpt lat="51.031741" lon="13.280281">
      </trkpt>
      <trkpt lat="51.031776" lon="13.280943">
      </trkpt>
      <trkpt lat="51.031803" lon="13.282683">
      </trkpt>
      <trkpt lat="51.031833" lon="13.284495">
      </trkpt>
      <trkpt lat="51.030343" lon="13.293124">
      </trkpt>
      <trkpt lat="51.03153" lon="13.295766">
      </trkpt>
      <trkpt lat="51.034161" lon="13.302837">
      </trkpt>
      <trkpt lat="51.034495" lon="13.306353">
      </trkpt>
      <trkpt lat="51.034829" lon="13.309869">
      </trkpt>
      <trkpt lat="51.035162" lon="13.313382">
      </trkpt>
      <trkpt lat="51.035428" lon="13.316224">
      </trkpt>
      <trkpt lat="51.035904" lon="13.31978">
      </trkpt>
      <trkpt lat="51.0365" lon="13.324061">
      </trkpt>
      <trkpt lat="51.036681" lon="13.324903">
      </trkpt>
      <trkpt lat="51.036942" lon="13.325961">
      </trkpt>
      <trkpt lat="51.037141" lon="13.326678">
      </trkpt>
      <trkpt lat="51.037483" lon="13.327785">
      </trkpt>
      <trkpt lat="51.037731" lon="13.328484">
      </trkpt>
      <trkpt lat="51.038252" lon="13.329785">
      </trkpt>
      <trkpt lat="51.039639" lon="13.332446">
      </trkpt>
      <trkpt lat="51.040127" lon="13.333177">
      </trkpt>
      <trkpt lat="51.040595" lon="13.333822">
      </trkpt>
      <trkpt lat="51.042258" lon="13.335896">
      </trkpt>
      <trkpt lat="51.043868" lon="13.337901">
      </trkpt>
      <trkpt lat="51.043232" lon="13.345378">
      </trkpt>
      <trkpt lat="51.042131" lon="13.348805">
      </trkpt>
      <trkpt lat="51.04413" lon="13.349634">
      </trkpt>
      <trkpt lat="51.04851" lon="13.356627">
      </trkpt>
      <trkpt lat="51.048758" lon="13.357916">
      </trkpt>
      <trkpt lat="51.049074" lon="13.359269">
      </trkpt>
      <trkpt lat="51.049339" lon="13.360241">
      </trkpt>
      <trkpt lat="51.049638" lon="13.361203">
      </trkpt>
      <trkpt lat="51.051595" lon="13.369462">
      </trkpt>
      <trkpt lat="51.051589" lon="13.370383">
      </trkpt>
      <trkpt lat="51.051637" lon="13.371092">
      </trkpt>
      <trkpt lat="51.051725" lon="13.371763">
      </trkpt>
      <trkpt lat="51.051795" lon="13.372139">
      </trkpt>
      <trkpt lat="51.051959" lon="13.372811">
      </trkpt>
      <trkpt lat="51.052253" lon="13.373683">
      </trkpt>
      <trkpt lat="51.052617" lon="13.374481">
      </trkpt>
      <trkpt lat="51.052925" lon="13.375011">
      </trkpt>
      <trkpt lat="51.053276" lon="13.37551">
      </trkpt>
      <trkpt lat="51.053719" lon="13.37602">
      </trkpt>
      <trkpt lat="51.056983" lon="13.383644">
      </trkpt>
      <trkpt lat="51.057001" lon="13.384667">
      </trkpt>
      <trkpt lat="51.056774" lon="13.388715">
      </trkpt>
      <trkpt lat="51.056697" lon="13.389852">
      </trkpt>
      <trkpt lat="51.056749" lon="13.39323">
      </trkpt>
      <trkpt lat="51.056771" lon="13.394494">
      </trkpt>
      <trkpt lat="51.056823" lon="13.395703">
      </trkpt>
      <trkpt lat="51.056942" lon="13.397308">
      </trkpt>
      <trkpt lat="51.057003" lon="13.397951">
      </trkpt>
      <trkpt lat="51.057229" lon="13.399763">
      </trkpt>
      <trkpt lat="51.057588" lon="13.402106">
      </trkpt>
      <trkpt lat="51.058096" lon="13.405059">
      </trkpt>
      <trkpt lat="51.058435" lon="13.407126">
      </trkpt>
      <trkpt lat="51.058725" lon="13.409186">
      </trkpt>
      <trkpt lat="51.058946" lon="13.41109">
      </trkpt>
      <trkpt lat="51.059078" lon="13.412569">
      </trkpt>
      <trkpt lat="51.059205" lon="13.414494">
      </trkpt>
      <trkpt lat="51.058406" lon="13.422138">
      </trkpt>
      <trkpt lat="51.057948" lon="13.423776">
      </trkpt>
      <trkpt lat="51.057292" lon="13.425944">
      </trkpt>
      <trkpt lat="51.057057" lon="13.426801">
      </trkpt>
      <trkpt lat="51.056695" lon="13.42838">
      </trkpt>
      <trkpt lat="51.05655" lon="13.429142">
      </trkpt>
      <trkpt lat="51.05639" lon="13.430152">
      </trkpt>
      <trkpt lat="51.056293" lon="13.430874">
      </trkpt>
      <trkpt lat="51.056188" lon="13.431871">
      </trkpt>
      <trkpt lat="51.056099" lon="13.433236">
      </trkpt>
      <trkpt lat="51.056067" lon="13.434056">
      </trkpt>
      <trkpt lat="51.056061" lon="13.434839">
      </trkpt>
      <trkpt lat="51.056091" lon="13.436233">
      </trkpt>
      <trkpt lat="51.056132" lon="13.437003">
      </trkpt>
      <trkpt lat="51.056202" lon="13.437883">
      </trkpt>
      <trkpt lat="51.056296" lon="13.438748">
      </trkpt>
      <trkpt lat="51.056455" lon="13.439907">
      </trkpt>
      <trkpt lat="51.056694" lon="13.441242">
      </trkpt>
      <trkpt lat="51.056827" lon="13.441862">
      </trkpt>
      <trkpt lat="51.057114" lon="13.443025">
      </trkpt>
      <trkpt lat="51.057322" lon="13.443792">
      </trkpt>
      <trkpt lat="51.057944" lon="13.44597">
      </trkpt>
      <trkpt lat="51.058935" lon="13.453755">
      </trkpt>
      <trkpt lat="51.058884" lon="13.455415">
      </trkpt>
      <trkpt lat="51.058636" lon="13.45935">
      </trkpt>
      <trkpt lat="51.058385" lon="13.463344">
      </trkpt>
      <trkpt lat="51.058134" lon="13.467338">
      </trkpt>
      <trkpt lat="51.057883" lon="13.471332">
      </trkpt>
      <trkpt lat="51.057774" lon="13.473343">
      </trkpt>
      <trkpt lat="51.050716" lon="13.477631">
      </trkpt>
      <trkpt lat="51.050649" lon="13.477636">
      </trkpt>
      <trkpt lat="51.049036" lon="13.479383">
      </trkpt>
      <trkpt lat="51.048801" lon="13.480552">
      </trkpt>
      <trkpt lat="51.048868" lon="13.480928">
      </trkpt>
      <trkpt lat="51.049028" lon="13.48142">
      </trkpt>
      <trkpt lat="51.050729" lon="13.488513">
      </trkpt>
      <trkpt lat="51.04791" lon="13.496142">
      </trkpt>
      <trkpt lat="51.048432" lon="13.502496">
      </trkpt>
      <trkpt lat="51.048328" lon="13.503127">
      </trkpt>
      <trkpt lat="51.048082" lon="13.505524">
      </trkpt>
      <trkpt lat="51.047752" lon="13.511036">
      </trkpt>
      <trkpt lat="51.044034" lon="13.515483">
      </trkpt>
      <trkpt lat="51.04219" lon="13.516515">
      </trkpt>
      <trkpt lat="51.041298" lon="13.517071">
      </trkpt>
      <trkpt lat="51.037495" lon="13.519601">
      </trkpt>
      <trkpt lat="51.037409" lon="13.519704">
      </trkpt>
      <trkpt lat="51.036992" lon="13.520816">
      </trkpt>
      <trkpt lat="51.037028" lon="13.521127">
      </trkpt>
      <trkpt lat="51.037128" lon="13.521794">
      </trkpt>
      <trkpt lat="51.036186" lon="13.530685">
      </trkpt>
      <trkpt lat="51.033739" lon="13.531427">
      </trkpt>
      <trkpt lat="51.026197" lon="13.528491">
      </trkpt>
      <trkpt lat="51.02537" lon="13.526195">
      </trkpt>
      <trkpt lat="51.025491" lon="13.519873">
      </trkpt>
      <trkpt lat="51.025112" lon="13.518492">
      </trkpt>
      <trkpt lat="51.024859" lon="13.517674">
      </trkpt>
      <trkpt lat="51.024464" lon="13.516429">
      </trkpt>
      <trkpt lat="51.024371" lon="13.51614">
      </trkpt>
      <trkpt lat="51.02403" lon="13.511346">
      </trkpt>
      <trkpt lat="51.023834" lon="13.510889">
      </trkpt>
      <trkpt lat="51.0233" lon="13.510197">
      </trkpt>
      <trkpt lat="51.022348" lon="13.509774">
      </trkpt>
      <trkpt lat="51.017823" lon="13.504891">
      </trkpt>
      <trkpt lat="51.020423" lon="13.499006">
      </trkpt>
      <trkpt lat="51.019114" lon="13.496428">
      </trkpt>
      <trkpt lat="51.018665" lon="13.495762">
      </trkpt>
      <trkpt lat="51.015309" lon="13.487631">
      </trkpt>
      <trkpt lat="51.016065" lon="13.485831">
      </trkpt>
      <trkpt lat="51.015246" lon="13.480821">
      </trkpt>
      <trkpt lat="51.015228" lon="13.480758">
      </trkpt>
      <trkpt lat="51.012007" lon="13.480311">
      </trkpt>
      <trkpt lat="51.011915" lon="13.48049">
      </trkpt>
      <trkpt lat="51.011498" lon="13.482609">
      </trkpt>
      <trkpt lat="51.010152" lon="13.489206">
      </trkpt>
      <trkpt lat="51.00893" lon="13.496414">
      </trkpt>
      <trkpt lat="51.008734" lon="13.497508">
      </trkpt>
      <trkpt lat="51.008667" lon="13.50011">
      </trkpt>
      <trkpt lat="51.008678" lon="13.500205">
      </trkpt>
      <trkpt lat="51.010338" lon="13.501709">
      </trkpt>
      <trkpt lat="51.015237" lon="13.508489">
      </trkpt>
      <trkpt lat="51.015211" lon="13.517003">
      </trkpt>
      <trkpt lat="51.017793" lon="13.519512">
      </trkpt>
      <trkpt lat="51.020847" lon="13.524238">
      </trkpt>
      <trkpt lat="51.01993" lon="13.52833">
      </trkpt>
      <trkpt lat="51.019586" lon="13.52887">
      </trkpt>
      <trkpt lat="51.018346" lon="13.530994">
      </trkpt>
      <trkpt lat="51.0171" lon="13.533129">
      </trkpt>
      <trkpt lat="51.015628" lon="13.535693">
      </trkpt>
      <trkpt lat="51.01875" lon="13.537485">
      </trkpt>
      <trkpt lat="51.026547" lon="13.540089">
      </trkpt>
      <trkpt lat="51.02757" lon="13.542935">
      </trkpt>
      <trkpt lat="51.024827" lon="13.549432">
      </trkpt>
      <trkpt lat="51.016078" lon="13.549525">
      </trkpt>
      <trkpt lat="51.015703" lon="13.548963">
      </trkpt>
      <trkpt lat="51.015187" lon="13.547863">
      </trkpt>
      <trkpt lat="51.014795" lon="13.547229">
      </trkpt>
      <trkpt lat="51.014557" lon="13.546963">
      </trkpt>
      <trkpt lat="51.014182" lon="13.546625">
      </trkpt>
      <trkpt lat="51.013678" lon="13.546296">
      </trkpt>
      <trkpt lat="51.013242" lon="13.546103">
      </trkpt>
      <trkpt lat="51.011874" lon="13.545645">
      </trkpt>
      <trkpt lat="51.01073" lon="13.549058">
      </trkpt>
      <trkpt lat="51.013039" lon="13.551455">
      </trkpt>
      <trkpt lat="51.010668" lon="13.558908">
      </trkpt>
      <trkpt lat="51.010226" lon="13.559249">
      </trkpt>
      <trkpt lat="51.009131" lon="13.560208">
      </trkpt>
      <trkpt lat="51.007396" lon="13.561726">
      </trkpt>
      <trkpt lat="51.005388" lon="13.56343">
      </trkpt>
      <trkpt lat="51.004385" lon="13.564093">
      </trkpt>
      <trkpt lat="51.00403" lon="13.564493">
      </trkpt>
      <trkpt lat="51.002032" lon="13.566584">
      </trkpt>
      <trkpt lat="50.998839" lon="13.570799">
      </trkpt>
      <trkpt lat="50.998745" lon="13.571247">
      </trkpt>
      <trkpt lat="50.998833" lon="13.571733">
      </trkpt>
      <trkpt lat="50.998884" lon="13.571836">
      </trkpt>
      <trkpt lat="50.999187" lon="13.572282">
      </trkpt>
      <trkpt lat="51.001833" lon="13.579587">
      </trkpt>
      <trkpt lat="51.00174" lon="13.581254">
      </trkpt>
      <trkpt lat="51.00169" lon="13.581665">
      </trkpt>
      <trkpt lat="51.001452" lon="13.583403">
      </trkpt>
      <trkpt lat="50.996634" lon="13.590246">
      </trkpt>
      <trkpt lat="50.996546" lon="13.590374">
      </trkpt>
      <trkpt lat="50.996209" lon="13.591546">
      </trkpt>
      <trkpt lat="50.996227" lon="13.591648">
      </trkpt>
      <trkpt lat="50.995976" lon="13.597445">
      </trkpt>
      <trkpt lat="50.995695" lon="13.599038">
      </trkpt>
      <trkpt lat="50.996093" lon="13.600249">
      </trkpt>
      <trkpt lat="50.99823" lon="13.608649">
      </trkpt>
      <trkpt lat="50.996955" lon="13.609693">
      </trkpt>
      <trkpt lat="50.997105" lon="13.61002">
      </trkpt>
      <trkpt lat="50.997463" lon="13.610619">
      </trkpt>
      <trkpt lat="50.998216" lon="13.611983">
      </trkpt>
      <trkpt lat="50.998697" lon="13.613232">
      </trkpt>
      <trkpt lat="51.001265" lon="13.619459">
      </trkpt>
      <trkpt lat="51.001359" lon="13.620352">
      </trkpt>
      <trkpt lat="51.001687" lon="13.623014">
      </trkpt>
      <trkpt lat="51.003884" lon="13.626952">
      </trkpt>
      <trkpt lat="51.003896" lon="13.627052">
      </trkpt>
      <trkpt lat="51.003919" lon="13.627306">
      </trkpt>
      <trkpt lat="51.003924" lon="13.627363">
      </trkpt>
      <trkpt lat="51.00394" lon="13.627599">
      </trkpt>
      <trkpt lat="51.003948" lon="13.627721">
      </trkpt>
      <trkpt lat="51.003979" lon="13.62817">
      </trkpt>
      <trkpt lat="51.003984" lon="13.628242">
      </trkpt>
      <trkpt lat="51.003986" lon="13.628282">
      </trkpt>
      <trkpt lat="51.00399" lon="13.628331">
      </trkpt>
      <trkpt lat="51.003994" lon="13.628379">
      </trkpt>
      <trkpt lat="51.004052" lon="13.628694">
      </trkpt>
      <trkpt lat="51.004064" lon="13.628749">
      </trkpt>
      <trkpt lat="51.004116" lon="13.628999">
      </trkpt>
      <trkpt lat="51.004145" lon="13.629143">
      </trkpt>
      <trkpt lat="51.004193" lon="13.629379">
      </trkpt>
      <trkpt lat="51.004211" lon="13.629468">
      </trkpt>
      <trkpt lat="51.004286" lon="13.629826">
      </trkpt>
      <trkpt lat="51.00429" lon="13.629845">
      </trkpt>
      <trkpt lat="51.004316" lon="13.629973">
      </trkpt>
      <trkpt lat="51.004369" lon="13.630227">
      </trkpt>
      <trkpt lat="51.004403" lon="13.63039">
      </trkpt>
      <trkpt lat="51.004435" lon="13.630557">
      </trkpt>
      <trkpt lat="51.004454" lon="13.630653">
      </trkpt>
      <trkpt lat="51.004537" lon="13.631146">
      </trkpt>
      <trkpt lat="51.004459" lon="13.633239">
      </trkpt>
      <trkpt lat="50.996238" lon="13.636143">
      </trkpt>
      <trkpt lat="50.994741" lon="13.634291">
      </trkpt>
      <trkpt lat="50.994147" lon="13.632355">
      </trkpt>
      <trkpt lat="50.994138" lon="13.632348">
      </trkpt>
      <trkpt lat="50.991804" lon="13.628008">
      </trkpt>
      <trkpt lat="50.988238" lon="13.627512">
      </trkpt>
      <trkpt lat="50.982225" lon="13.62189">
      </trkpt>
      <trkpt lat="50.983806" lon="13.615648">
      </trkpt>
      <trkpt lat="50.983871" lon="13.614952">
      </trkpt>
      <trkpt lat="50.984652" lon="13.610967">
      </trkpt>
      <trkpt lat="50.984777" lon="13.610356">
      </trkpt>
      <trkpt lat="50.985096" lon="13.608222">
      </trkpt>
      <trkpt lat="50.985141" lon="13.607678">
      </trkpt>
      <trkpt lat="50.98511" lon="13.601145">
      </trkpt>
      <trkpt lat="50.985246" lon="13.599842">
      </trkpt>
      <trkpt lat="50.981666" lon="13.599468">
      </trkpt>
      <trkpt lat="50.98153" lon="13.60077">
      </trkpt>
      <trkpt lat="50.981542" lon="13.607609">
      </trkpt>
      <trkpt lat="50.980572" lon="13.611557">
      </trkpt>
      <trkpt lat="50.977755" lon="13.616293">
      </trkpt>
      <trkpt lat="50.974576" lon="13.620122">
      </trkpt>
      <trkpt lat="50.973014" lon="13.621628">
      </trkpt>
      <trkpt lat="50.964285" lon="13.623154">
      </trkpt>
      <trkpt lat="50.963706" lon="13.622587">
      </trkpt>
      <trkpt lat="50.963386" lon="13.622271">
      </trkpt>
      <trkpt lat="50.962762" lon="13.621703">
      </trkpt>
      <trkpt lat="50.960731" lon="13.628709">
      </trkpt>
      <trkpt lat="50.96048" lon="13.629427">
      </trkpt>
      <trkpt lat="50.95992" lon="13.631392">
      </trkpt>
      <trkpt lat="50.957561" lon="13.635619">
      </trkpt>
      <trkpt lat="50.955431" lon="13.63883">
      </trkpt>
      <trkpt lat="50.954058" lon="13.640032">
      </trkpt>
      <trkpt lat="50.954331" lon="13.640771">
      </trkpt>
      <trkpt lat="50.956378" lon="13.642781">
      </trkpt>
      <trkpt lat="50.952381" lon="13.650293">
      </trkpt>
      <trkpt lat="50.950936" lon="13.651393">
      </trkpt>
      <trkpt lat="50.950308" lon="13.652109">
      </trkpt>
      <trkpt lat="50.950055" lon="13.652569">
      </trkpt>
      <trkpt lat="50.948598" lon="13.65491">
      </trkpt>
      <trkpt lat="50.940617" lon="13.653149">
      </trkpt>
      <trkpt lat="50.939482" lon="13.647854">
      </trkpt>
      <trkpt lat="50.939504" lon="13.647372">
      </trkpt>
      <trkpt lat="50.939504" lon="13.647332">
      </trkpt>
      <trkpt lat="50.939519" lon="13.646918">
      </trkpt>
      <trkpt lat="50.939421" lon="13.646196">
      </trkpt>
      <trkpt lat="50.939245" lon="13.645529">
      </trkpt>
      <trkpt lat="50.939831" lon="13.638793">
      </trkpt>
      <trkpt lat="50.947065" lon="13.634351">
      </trkpt>
      <trkpt lat="50.947855" lon="13.630838">
      </trkpt>
      <trkpt lat="50.945698" lon="13.626506">
      </trkpt>
      <trkpt lat="50.94239" lon="13.625084">
      </trkpt>
      <trkpt lat="50.934763" lon="13.620513">
      </trkpt>
      <trkpt lat="50.935029" lon="13.619666">
      </trkpt>
      <trkpt lat="50.935153" lon="13.619109">
      </trkpt>
      <trkpt lat="50.935307" lon="13.617697">
      </trkpt>
      <trkpt lat="50.935403" lon="13.616753">
      </trkpt>
      <trkpt lat="50.935467" lon="13.615725">
      </trkpt>
      <trkpt lat="50.935436" lon="13.613629">
      </trkpt>
      <trkpt lat="50.931836" lon="13.613683">
      </trkpt>
      <trkpt lat="50.931475" lon="13.617986">
      </trkpt>
      <trkpt lat="50.930623" lon="13.620909">
      </trkpt>
      <trkpt lat="50.924064" lon="13.62584">
      </trkpt>
      <trkpt lat="50.923925" lon="13.626773">
      </trkpt>
      <trkpt lat="50.923879" lon="13.627615">
      </trkpt>
      <trkpt lat="50.923605" lon="13.629413">
      </trkpt>
      <trkpt lat="50.922347" lon="13.634257">
      </trkpt>
      <trkpt lat="50.917627" lon="13.63758">
      </trkpt>
      <trkpt lat="50.917065" lon="13.637715">
      </trkpt>
      <trkpt lat="50.916236" lon="13.639156">
      </trkpt>
      <trkpt lat="50.916248" lon="13.639417">
      </trkpt>
      <trkpt lat="50.915426" lon="13.647266">
      </trkpt>
      <trkpt lat="50.915558" lon="13.647824">
      </trkpt>
      <trkpt lat="50.915582" lon="13.647877">
      </trkpt>
      <trkpt lat="50.919271" lon="13.655429">
      </trkpt>
      <trkpt lat="50.918315" lon="13.658714">
      </trkpt>
      <trkpt lat="50.910513" lon="13.662263">
      </trkpt>
      <trkpt lat="50.906983" lon="13.661556">
      </trkpt>
      <trkpt lat="50.900482" lon="13.660883">
      </trkpt>
      <trkpt lat="50.898324" lon="13.658135">
      </trkpt>
      <trkpt lat="50.897044" lon="13.652542">
      </trkpt>
      <trkpt lat="50.896362" lon="13.651601">
      </trkpt>
      <trkpt lat="50.895254" lon="13.65001">
      </trkpt>
      <trkpt lat="50.894552" lon="13.648963">
      </trkpt>
      <trkpt lat="50.891562" lon="13.650968">
      </trkpt>
      <trkpt lat="50.892263" lon="13.652015">
      </trkpt>
      <trkpt lat="50.890694" lon="13.660092">
      </trkpt>
      <trkpt lat="50.886399" lon="13.662262">
      </trkpt>
      <trkpt lat="50.886297" lon="13.662386">
      </trkpt>
      <trkpt lat="50.88406" lon="13.667823">
      </trkpt>
      <trkpt lat="50.883904" lon="13.668157">
      </trkpt>
      <trkpt lat="50.883325" lon="13.669952">
      </trkpt>
      <trkpt lat="50.880638" lon="13.67446">
      </trkpt>
      <trkpt lat="50.880518" lon="13.676498">
      </trkpt>
      <trkpt lat="50.881079" lon="13.677066">
      </trkpt>
      <trkpt lat="50.881425" lon="13.677184">
      </trkpt>
      <trkpt lat="50.88325" lon="13.676937">
      </trkpt>
      <trkpt lat="50.889226" lon="13.683495">
      </trkpt>
      <trkpt lat="50.888749" lon="13.684542">
      </trkpt>
      <trkpt lat="50.884258" lon="13.687363">
      </trkpt>
      <trkpt lat="50.875517" lon="13.685872">
      </trkpt>
      <trkpt lat="50.875198" lon="13.684287">
      </trkpt>
      <trkpt lat="50.871102" lon="13.680371">
      </trkpt>
      <trkpt lat="50.867731" lon="13.67911">
      </trkpt>
      <trkpt lat="50.865848" lon="13.681881">
      </trkpt>
      <trkpt lat="50.859834" lon="13.683748">
      </trkpt>
      <trkpt lat="50.855859" lon="13.68427">
      </trkpt>
      <trkpt lat="50.85378" lon="13.685721">
      </trkpt>
      <trkpt lat="50.846578" lon="13.686682">
      </trkpt>
      <trkpt lat="50.845377" lon="13.687004">
      </trkpt>
      <trkpt lat="50.842999" lon="13.686912">
      </trkpt>
      <trkpt lat="50.842001" lon="13.67821">
      </trkpt>
      <trkpt lat="50.846021" lon="13.672201">
      </trkpt>
      <trkpt lat="50.846724" lon="13.671614">
      </trkpt>
      <trkpt lat="50.846933" lon="13.671444">
      </trkpt>
      <trkpt lat="50.84954" lon="13.668315">
      </trkpt>
      <trkpt lat="50.850361" lon="13.666579">
      </trkpt>
      <trkpt lat="50.850331" lon="13.666436">
      </trkpt>
      <trkpt lat="50.850325" lon="13.666412">
      </trkpt>
      <trkpt lat="50.847758" lon="13.665188">
      </trkpt>
      <trkpt lat="50.8443" lon="13.664739">
      </trkpt>
      <trkpt lat="50.842457" lon="13.665092">
      </trkpt>
      <trkpt lat="50.842451" lon="13.665099">
      </trkpt>
      <trkpt lat="50.837285" lon="13.669977">
      </trkpt>
      <trkpt lat="50.832474" lon="13.669289">
      </trkpt>
      <trkpt lat="50.829778" lon="13.664482">
      </trkpt>
      <trkpt lat="50.829049" lon="13.661774">
      </trkpt>
      <trkpt lat="50.828979" lon="13.660924">
      </trkpt>
      <trkpt lat="50.824204" lon="13.654151">
      </trkpt>
      <trkpt lat="50.826903" lon="13.651768">
      </trkpt>
      <trkpt lat="50.826286" lon="13.651069">
      </trkpt>
      <trkpt lat="50.824879" lon="13.64984">
      </trkpt>
      <trkpt lat="50.82263" lon="13.64776">
      </trkpt>
      <trkpt lat="50.82015" lon="13.640359">
      </trkpt>
      <trkpt lat="50.821091" lon="13.634317">
      </trkpt>
      <trkpt lat="50.821076" lon="13.633903">
      </trkpt>
      <trkpt lat="50.818235" lon="13.626989">
      </trkpt>
      <trkpt lat="50.818242" lon="13.622918">
      </trkpt>
      <trkpt lat="50.816911" lon="13.622019">
      </trkpt>
      <trkpt lat="50.810387" lon="13.618595">
      </trkpt>
      <trkpt lat="50.804099" lon="13.613599">
      </trkpt>
      <trkpt lat="50.800598" lon="13.612761">
      </trkpt>
      <trkpt lat="50.792342" lon="13.612377">
      </trkpt>
      <trkpt lat="50.791462" lon="13.612809">
      </trkpt>
      <trkpt lat="50.783908" lon="13.612064">
      </trkpt>
      <trkpt lat="50.783089" lon="13.611379">
      </trkpt>
      <trkpt lat="50.782506" lon="13.610924">
      </trkpt>
      <trkpt lat="50.779941" lon="13.606711">
      </trkpt>
      <trkpt lat="50.781336" lon="13.600665">
      </trkpt>
      <trkpt lat="50.790105" lon="13.599436">
      </trkpt>
      <trkpt lat="50.793703" lon="13.599307">
      </trkpt>
      <trkpt lat="50.798734" lon="13.593919">
      </trkpt>
      <trkpt lat="50.798051" lon="13.590557">
      </trkpt>
      <trkpt lat="50.797633" lon="13.587251">
      </trkpt>
      <trkpt lat="50.797425" lon="13.585846">
      </trkpt>
      <trkpt lat="50.79728" lon="13.585116">
      </trkpt>
      <trkpt lat="50.796608" lon="13.579408">
      </trkpt>
      <trkpt lat="50.796005" lon="13.578236">
      </trkpt>
      <trkpt lat="50.798962" lon="13.569799">
      </trkpt>
      <trkpt lat="50.803798" lon="13.563101">
      </trkpt>
      <trkpt lat="50.803089" lon="13.555912">
      </trkpt>
      <trkpt lat="50.803191" lon="13.548427">
      </trkpt>
      <trkpt lat="50.803202" lon="13.547748">
      </trkpt>
      <trkpt lat="50.803381" lon="13.539117">
      </trkpt>
      <trkpt lat="50.803374" lon="13.538944">
      </trkpt>
      <trkpt lat="50.802244" lon="13.537766">
      </trkpt>
      <trkpt lat="50.801648" lon="13.537332">
      </trkpt>
      <trkpt lat="50.801287" lon="13.537169">
      </trkpt>
      <trkpt lat="50.79733" lon="13.535856">
      </trkpt>
      <trkpt lat="50.796404" lon="13.536814">
      </trkpt>
      <trkpt lat="50.794914" lon="13.538317">
      </trkpt>
      <trkpt lat="50.794636" lon="13.538625">
      </trkpt>
      <trkpt lat="50.794369" lon="13.538988">
      </trkpt>
      <trkpt lat="50.786734" lon="13.542078">
      </trkpt>
      <trkpt lat="50.785709" lon="13.541852">
      </trkpt>
      <trkpt lat="50.785158" lon="13.541832">
      </trkpt>
      <trkpt lat="50.783084" lon="13.541741">
      </trkpt>
      <trkpt lat="50.782002" lon="13.544677">
      </trkpt>
      <trkpt lat="50.780332" lon="13.548966">
      </trkpt>
      <trkpt lat="50.780096" lon="13.551178">
      </trkpt>
      <trkpt lat="50.780151" lon="13.551268">
      </trkpt>
      <trkpt lat="50.782507" lon="13.551835">
      </trkpt>
      <trkpt lat="50.782719" lon="13.551674">
      </trkpt>
      <trkpt lat="50.789185" lon="13.557904">
      </trkpt>
      <trkpt lat="50.784679" lon="13.560889">
      </trkpt>
      <trkpt lat="50.783817" lon="13.561203">
      </trkpt>
      <trkpt lat="50.783448" lon="13.561497">
      </trkpt>
      <trkpt lat="50.778803" lon="13.563555">
      </trkpt>
      <trkpt lat="50.778168" lon="13.563789">
      </trkpt>
      <trkpt lat="50.774885" lon="13.566364">
      </trkpt>
      <trkpt lat="50.773428" lon="13.567271">
      </trkpt>
      <trkpt lat="50.773178" lon="13.567469">
      </trkpt>
      <trkpt lat="50.769274" lon="13.574779">
      </trkpt>
      <trkpt lat="50.769329" lon="13.575539">
      </trkpt>
      <trkpt lat="50.768928" lon="13.578886">
      </trkpt>
      <trkpt lat="50.767972" lon="13.583629">
      </trkpt>
      <trkpt lat="50.767545" lon="13.584468">
      </trkpt>
      <trkpt lat="50.770605" lon="13.586365">
      </trkpt>
      <trkpt lat="50.76952" lon="13.593729">
      </trkpt>
      <trkpt lat="50.768133" lon="13.595693">
      </trkpt>
      <trkpt lat="50.767978" lon="13.595891">
      </trkpt>
      <trkpt lat="50.767648" lon="13.596282">
      </trkpt>
      <trkpt lat="50.767209" lon="13.596895">
      </trkpt>
      <trkpt lat="50.765637" lon="13.598872">
      </trkpt>
      <trkpt lat="50.768455" lon="13.601113">
      </trkpt>
      <trkpt lat="50.771625" lon="13.604615">
      </trkpt>
      <trkpt lat="50.770784" lon="13.610304">
      </trkpt>
      <trkpt lat="50.770755" lon="13.61036">
      </trkpt>
      <trkpt lat="50.770705" lon="13.610608">
      </trkpt>
      <trkpt lat="50.770717" lon="13.610818">
      </trkpt>
      <trkpt lat="50.768233" lon="13.617139">
      </trkpt>
      <trkpt lat="50.763079" lon="13.619613">
      </trkpt>
      <trkpt lat="50.761123" lon="13.619527">
      </trkpt>
      <trkpt lat="50.758447" lon="13.611814">
      </trkpt>
      <trkpt lat="50.759103" lon="13.61096">
      </trkpt>
      <trkpt lat="50.757902" lon="13.609725">
      </trkpt>
      <trkpt lat="50.756593" lon="13.608436">
      </trkpt>
      <trkpt lat="50.751532" lon="13.606279">
      </trkpt>
      <trkpt lat="50.751075" lon="13.605836">
      </trkpt>
      <trkpt lat="50.748643" lon="13.605704">
      </trkpt>
      <trkpt lat="50.747934" lon="13.606115">
      </trkpt>
      <trkpt lat="50.73925" lon="13.604825">
      </trkpt>
      <trkpt lat="50.736996" lon="13.598116">
      </trkpt>
      <trkpt lat="50.737057" lon="13.597544">
      </trkpt>
      <trkpt lat="50.737057" lon="13.597164">
      </trkpt>
      <trkpt lat="50.742509" lon="13.590173">
      </trkpt>
      <trkpt lat="50.743871" lon="13.589898">
      </trkpt>
      <trkpt lat="50.745512" lon="13.588942">
      </trkpt>
      <trkpt lat="50.7459" lon="13.588554">
      </trkpt>
      <trkpt lat="50.746642" lon="13.587577">
      </trkpt>
      <trkpt lat="50.746913" lon="13.586733">
      </trkpt>
      <trkpt lat="50.748316" lon="13.582309">
      </trkpt>
      <trkpt lat="50.748472" lon="13.581968">
      </trkpt>
      <trkpt lat="50.748705" lon="13.581283">
      </trkpt>
      <trkpt lat="50.748842" lon="13.580624">
      </trkpt>
      <trkpt lat="50.748891" lon="13.580159">
      </trkpt>
      <trkpt lat="50.748926" lon="13.579446">
      </trkpt>
      <trkpt lat="50.748999" lon="13.578501">
      </trkpt>
      <trkpt lat="50.74541" lon="13.578224">
      </trkpt>
      <trkpt lat="50.737334" lon="13.575205">
      </trkpt>
      <trkpt lat="50.737047" lon="13.573006">
      </trkpt>
      <trkpt lat="50.737497" lon="13.567734">
      </trkpt>
      <trkpt lat="50.73754" lon="13.567474">
      </trkpt>
      <trkpt lat="50.737538" lon="13.567408">
      </trkpt>
      <trkpt lat="50.737524" lon="13.567221">
      </trkpt>
      <trkpt lat="50.737155" lon="13.565108">
      </trkpt>
      <trkpt lat="50.737061" lon="13.564523">
      </trkpt>
      <trkpt lat="50.739527" lon="13.555988">
      </trkpt>
      <trkpt lat="50.740048" lon="13.555204">
      </trkpt>
      <trkpt lat="50.739617" lon="13.551237">
      </trkpt>
      <trkpt lat="50.739377" lon="13.547063">
      </trkpt>
      <trkpt lat="50.735784" lon="13.546841">
      </trkpt>
      <trkpt lat="50.735713" lon="13.547995">
      </trkpt>
      <trkpt lat="50.734079" lon="13.551566">
      </trkpt>
      <trkpt lat="50.733655" lon="13.552585">
      </trkpt>
      <trkpt lat="50.732476" lon="13.557904">
      </trkpt>
      <trkpt lat="50.732397" lon="13.558052">
      </trkpt>
      <trkpt lat="50.732362" lon="13.559386">
      </trkpt>
      <trkpt lat="50.732829" lon="13.560673">
      </trkpt>
      <trkpt lat="50.733206" lon="13.56436">
      </trkpt>
      <trkpt lat="50.733685" lon="13.567092">
      </trkpt>
      <trkpt lat="50.733719" lon="13.568008">
      </trkpt>
      <trkpt lat="50.733453" lon="13.572801">
      </trkpt>
      <trkpt lat="50.733419" lon="13.573866">
      </trkpt>
      <trkpt lat="50.733419" lon="13.574362">
      </trkpt>
      <trkpt lat="50.733468" lon="13.577415">
      </trkpt>
      <trkpt lat="50.733544" lon="13.578103">
      </trkpt>
      <trkpt lat="50.733554" lon="13.579062">
      </trkpt>
      <trkpt lat="50.731784" lon="13.583744">
      </trkpt>
      <trkpt lat="50.724298" lon="13.586168">
      </trkpt>
      <trkpt lat="50.720733" lon="13.585666">
      </trkpt>
      <trkpt lat="50.712871" lon="13.585415">
      </trkpt>
      <trkpt lat="50.711738" lon="13.580768">
      </trkpt>
      <trkpt lat="50.713972" lon="13.575782">
      </trkpt>
      <trkpt lat="50.713997" lon="13.575747">
      </trkpt>
      <trkpt lat="50.713673" lon="13.573328">
      </trkpt>
      <trkpt lat="50.71335" lon="13.570986">
      </trkpt>
      <trkpt lat="50.713305" lon="13.570478">
      </trkpt>
      <trkpt lat="50.716007" lon="13.562248">
      </trkpt>
      <trkpt lat="50.716151" lon="13.561894">
      </trkpt>
      <trkpt lat="50.716261" lon="13.561546">
      </trkpt>
      <trkpt lat="50.716474" lon="13.560475">
      </trkpt>
      <trkpt lat="50.716592" lon="13.560003">
      </trkpt>
      <trkpt lat="50.716675" lon="13.559568">
      </trkpt>
      <trkpt lat="50.716695" lon="13.558011">
      </trkpt>
      <trkpt lat="50.716555" lon="13.556766">
      </trkpt>
      <trkpt lat="50.720105" lon="13.549151">
      </trkpt>
      <trkpt lat="50.723486" lon="13.547915">
      </trkpt>
      <trkpt lat="50.723369" lon="13.547594">
      </trkpt>
      <trkpt lat="50.723103" lon="13.546989">
      </trkpt>
      <trkpt lat="50.722692" lon="13.546197">
      </trkpt>
      <trkpt lat="50.722309" lon="13.545611">
      </trkpt>
      <trkpt lat="50.721371" lon="13.543184">
      </trkpt>
      <trkpt lat="50.721284" lon="13.54276">
      </trkpt>
      <trkpt lat="50.721119" lon="13.542191">
      </trkpt>
      <trkpt lat="50.720816" lon="13.541425">
      </trkpt>
      <trkpt lat="50.72064" lon="13.54104">
      </trkpt>
      <trkpt lat="50.727554" lon="13.535418">
      </trkpt>
      <trkpt lat="50.727943" lon="13.535442">
      </trkpt>
      <trkpt lat="50.728963" lon="13.535221">
      </trkpt>
      <trkpt lat="50.732158" lon="13.535276">
      </trkpt>
      <trkpt lat="50.732796" lon="13.535278">
      </trkpt>
      <trkpt lat="50.733553" lon="13.535016">
      </trkpt>
      <trkpt lat="50.734454" lon="13.534659">
      </trkpt>
      <trkpt lat="50.735085" lon="13.534046">
      </trkpt>
      <trkpt lat="50.73544" lon="13.53365">
      </trkpt>
      <trkpt lat="50.736012" lon="13.531435">
      </trkpt>
      <trkpt lat="50.735884" lon="13.531365">
      </trkpt>
      <trkpt lat="50.730623" lon="13.526816">
      </trkpt>
      <trkpt lat="50.730094" lon="13.518994">
      </trkpt>
      <trkpt lat="50.730726" lon="13.517537">
      </trkpt>
      <trkpt lat="50.730981" lon="13.516892">
      </trkpt>
      <trkpt lat="50.730759" lon="13.516222">
      </trkpt>
      <trkpt lat="50.730166" lon="13.515375">
      </trkpt>
      <trkpt lat="50.730144" lon="13.515358">
      </trkpt>
      <trkpt lat="50.727788" lon="13.515456">
      </trkpt>
      <trkpt lat="50.727582" lon="13.515747">
      </trkpt>
      <trkpt lat="50.727365" lon="13.516041">
      </trkpt>
      <trkpt lat="50.72711" lon="13.516469">
      </trkpt>
      <trkpt lat="50.720579" lon="13.519052">
      </trkpt>
      <trkpt lat="50.71776" lon="13.516054">
      </trkpt>
      <trkpt lat="50.71761" lon="13.515637">
      </trkpt>
      <trkpt lat="50.717372" lon="13.514134">
      </trkpt>
      <trkpt lat="50.717343" lon="13.513749">
      </trkpt>
      <trkpt lat="50.717233" lon="13.513016">
      </trkpt>
      <trkpt lat="50.717069" lon="13.512331">
      </trkpt>
      <trkpt lat="50.71684" lon="13.511713">
      </trkpt>
      <trkpt lat="50.716757" lon="13.511562">
      </trkpt>
      <trkpt lat="50.708674" lon="13.511978">
      </trkpt>
      <trkpt lat="50.705231" lon="13.510926">
      </trkpt>
      <trkpt lat="50.697502" lon="13.507757">
      </trkpt>
      <trkpt lat="50.693964" lon="13.50842">
      </trkpt>
      <trkpt lat="50.694582" lon="13.511715">
      </trkpt>
      <trkpt lat="50.694698" lon="13.512228">
      </trkpt>
      <trkpt lat="50.695374" lon="13.514683">
      </trkpt>
      <trkpt lat="50.695619" lon="13.515687">
      </trkpt>
      <trkpt lat="50.696399" lon="13.519147">
      </trkpt>
      <trkpt lat="50.697982" lon="13.521271">
      </trkpt>
      <trkpt lat="50.701025" lon="13.52953">
      </trkpt>
      <trkpt lat="50.69897" lon="13.535577">
      </trkpt>
      <trkpt lat="50.693233" lon="13.540245">
      </trkpt>
      <trkpt lat="50.692665" lon="13.540557">
      </trkpt>
      <trkpt lat="50.685721" lon="13.546258">
      </trkpt>
      <trkpt lat="50.682649" lon="13.544544">
      </trkpt>
      <trkpt lat="50.680197" lon="13.541909">
      </trkpt>
      <trkpt lat="50.677872" lon="13.542854">
      </trkpt>
      <trkpt lat="50.676662" lon="13.545431">
      </trkpt>
      <trkpt lat="50.668143" lon="13.544525">
      </trkpt>
      <trkpt lat="50.66787" lon="13.543456">
      </trkpt>
      <trkpt lat="50.667483" lon="13.542242">
      </trkpt>
      <trkpt lat="50.666956" lon="13.540735">
      </trkpt>
      <trkpt lat="50.665847" lon="13.5373">
      </trkpt>
      <trkpt lat="50.665226" lon="13.535445">
      </trkpt>
      <trkpt lat="50.664686" lon="13.533697">
      </trkpt>
      <trkpt lat="50.664405" lon="13.53269">
      </trkpt>
      <trkpt lat="50.663864" lon="13.531028">
      </trkpt>
      <trkpt lat="50.663151" lon="13.528747">
      </trkpt>
      <trkpt lat="50.65449" lon="13.527735">
      </trkpt>
      <trkpt lat="50.654001" lon="13.527437">
      </trkpt>
      <trkpt lat="50.653398" lon="13.527251">
      </trkpt>
      <trkpt lat="50.652611" lon="13.527231">
      </trkpt>
      <trkpt lat="50.65184" lon="13.527459">
      </trkpt>
      <trkpt lat="50.651134" lon="13.527944">
      </trkpt>
      <trkpt lat="50.650808" lon="13.528289">
      </trkpt>
      <trkpt lat="50.649647" lon="13.52987">
      </trkpt>
      <trkpt lat="50.648952" lon="13.530813">
      </trkpt>
      <trkpt lat="50.647524" lon="13.532827">
      </trkpt>
      <trkpt lat="50.64693" lon="13.533875">
      </trkpt>
      <trkpt lat="50.645832" lon="13.536081">
      </trkpt>
      <trkpt lat="50.644772" lon="13.53718">
      </trkpt>
      <trkpt lat="50.636325" lon="13.534524">
      </trkpt>
      <trkpt lat="50.636207" lon="13.533528">
      </trkpt>
      <trkpt lat="50.635846" lon="13.531541">
      </trkpt>
      <trkpt lat="50.635149" lon="13.527723">
      </trkpt>
      <trkpt lat="50.634566" lon="13.524581">
      </trkpt>
      <trkpt lat="50.634809" lon="13.521984">
      </trkpt>
      <trkpt lat="50.63496" lon="13.520538">
      </trkpt>
      <trkpt lat="50.635189" lon="13.518092">
      </trkpt>
      <trkpt lat="50.635349" lon="13.516204">
      </trkpt>
      <trkpt lat="50.635293" lon="13.515288">
      </trkpt>
      <trkpt lat="50.634686" lon="13.513155">
      </trkpt>
      <trkpt lat="50.634123" lon="13.509323">
      </trkpt>
      <trkpt lat="50.634097" lon="13.508332">
      </trkpt>
      <trkpt lat="50.634103" lon="13.507777">
      </trkpt>
      <trkpt lat="50.634643" lon="13.502771">
      </trkpt>
      <trkpt lat="50.635737" lon="13.499341">
      </trkpt>
      <trkpt lat="50.639218" lon="13.491404">
      </trkpt>
      <trkpt lat="50.639845" lon="13.490867">
      </trkpt>
      <trkpt lat="50.642758" lon="13.489094">
      </trkpt>
      <trkpt lat="50.6435" lon="13.487599">
      </trkpt>
      <trkpt lat="50.649878" lon="13.481619">
      </trkpt>
      <trkpt lat="50.649586" lon="13.478031">
      </trkpt>
      <trkpt lat="50.648332" lon="13.478133">
      </trkpt>
      <trkpt lat="50.639675" lon="13.477453">
      </trkpt>
      <trkpt lat="50.639397" lon="13.477403">
      </trkpt>
      <trkpt lat="50.638704" lon="13.477679">
      </trkpt>
      <trkpt lat="50.63527" lon="13.480648">
      </trkpt>
      <trkpt lat="50.627699" lon="13.481015">
      </trkpt>
      <trkpt lat="50.626093" lon="13.479524">
      </trkpt>
      <trkpt lat="50.617572" lon="13.477655">
      </trkpt>
      <trkpt lat="50.611098" lon="13.472427">
      </trkpt>
      <trkpt lat="50.608137" lon="13.474475">
      </trkpt>
      <trkpt lat="50.60926" lon="13.476098">
      </trkpt>
      <trkpt lat="50.609885" lon="13.477207">
      </trkpt>
      <trkpt lat="50.610569" lon="13.478973">
      </trkpt>
      <trkpt lat="50.610714" lon="13.479296">
      </trkpt>
      <trkpt lat="50.610901" lon="13.479628">
      </trkpt>
      <trkpt lat="50.6112" lon="13.480011">
      </trkpt>
      <trkpt lat="50.611539" lon="13.480322">
      </trkpt>
      <trkpt lat="50.613383" lon="13.481485">
      </trkpt>
      <trkpt lat="50.615355" lon="13.483282">
      </trkpt>
      <trkpt lat="50.61595" lon="13.484039">
      </trkpt>
      <trkpt lat="50.616855" lon="13.485259">
      </trkpt>
      <trkpt lat="50.618228" lon="13.492451">
      </trkpt>
      <trkpt lat="50.613242" lon="13.498338">
      </trkpt>
      <trkpt lat="50.610384" lon="13.500528">
      </trkpt>
      <trkpt lat="50.61034" lon="13.500587">
      </trkpt>
      <trkpt lat="50.61056" lon="13.503703">
      </trkpt>
      <trkpt lat="50.610722" lon="13.506313">
      </trkpt>
      <trkpt lat="50.610885" lon="13.508942">
      </trkpt>
      <trkpt lat="50.603613" lon="13.512741">
      </trkpt>
      <trkpt lat="50.601592" lon="13.511798">
      </trkpt>
      <trkpt lat="50.600611" lon="13.511673">
      </trkpt>
      <trkpt lat="50.599214" lon="13.511411">
      </trkpt>
      <trkpt lat="50.593319" lon="13.505566">
      </trkpt>
      <trkpt lat="50.592453" lon="13.502682">
      </trkpt>
      <trkpt lat="50.59216" lon="13.501349">
      </trkpt>
      <trkpt lat="50.591979" lon="13.500444">
      </trkpt>
      <trkpt lat="50.59239" lon="13.495177">
      </trkpt>
      <trkpt lat="50.592697" lon="13.494031">
      </trkpt>
      <trkpt lat="50.594017" lon="13.487648">
      </trkpt>
      <trkpt lat="50.594367" lon="13.486889">
      </trkpt>
      <trkpt lat="50.594925" lon="13.485776">
      </trkpt>
      <trkpt lat="50.594718" lon="13.484849">
      </trkpt>
      <trkpt lat="50.594441" lon="13.484465">
      </trkpt>
      <trkpt lat="50.590262" lon="13.482675">
      </trkpt>
      <trkpt lat="50.589925" lon="13.482675">
      </trkpt>
      <trkpt lat="50.588161" lon="13.483445">
      </trkpt>
      <trkpt lat="50.588126" lon="13.484409">
      </trkpt>
      <trkpt lat="50.586593" lon="13.493163">
      </trkpt>
      <trkpt lat="50.585921" lon="13.49667">
      </trkpt>
      <trkpt lat="50.585721" lon="13.498051">
      </trkpt>
      <trkpt lat="50.585645" lon="13.499005">
      </trkpt>
      <trkpt lat="50.585185" lon="13.502013">
      </trkpt>
      <trkpt lat="50.585129" lon="13.50239">
      </trkpt>
      <trkpt lat="50.585138" lon="13.503024">
      </trkpt>
      <trkpt lat="50.585261" lon="13.503554">
      </trkpt>
      <trkpt lat="50.586548" lon="13.50473">
      </trkpt>
      <trkpt lat="50.588704" lon="13.509438">
      </trkpt>
      <trkpt lat="50.58881" lon="13.509933">
      </trkpt>
      <trkpt lat="50.588392" lon="13.515817">
      </trkpt>
      <trkpt lat="50.581377" lon="13.520336">
      </trkpt>
      <trkpt lat="50.577756" lon="13.517657">
      </trkpt>
      <trkpt lat="50.577477" lon="13.517339">
      </trkpt>
      <trkpt lat="50.576828" lon="13.516902">
      </trkpt>
      <trkpt lat="50.574653" lon="13.515201">
      </trkpt>
      <trkpt lat="50.574008" lon="13.514662">
      </trkpt>
      <trkpt lat="50.573709" lon="13.51451">
      </trkpt>
      <trkpt lat="50.566055" lon="13.509988">
      </trkpt>
      <trkpt lat="50.56598" lon="13.509434">
      </trkpt>
      <trkpt lat="50.565426" lon="13.508532">
      </trkpt>
      <trkpt lat="50.564205" lon="13.506675">
      </trkpt>
      <trkpt lat="50.563585" lon="13.506002">
      </trkpt>
      <trkpt lat="50.562637" lon="13.505299">
      </trkpt>
      <trkpt lat="50.560863" lon="13.504504">
      </trkpt>
      <trkpt lat="50.556908" lon="13.498111">
      </trkpt>
      <trkpt lat="50.55687" lon="13.498015">
      </trkpt>
      <trkpt lat="50.554898" lon="13.496916">
      </trkpt>
      <trkpt lat="50.548035" lon="13.49135">
      </trkpt>
      <trkpt lat="50.546628" lon="13.489859">
      </trkpt>
      <trkpt lat="50.545662" lon="13.488438">
      </trkpt>
      <trkpt lat="50.546155" lon="13.479702">
      </trkpt>
      <trkpt lat="50.551695" lon="13.47373">
      </trkpt>
      <trkpt lat="50.552119" lon="13.47341">
      </trkpt>
      <trkpt lat="50.552451" lon="13.473074">
      </trkpt>
      <trkpt lat="50.551809" lon="13.47086">
      </trkpt>
      <trkpt lat="50.551369" lon="13.470069">
      </trkpt>
      <trkpt lat="50.550734" lon="13.469499">
      </trkpt>
      <trkpt lat="50.549533" lon="13.469231">
      </trkpt>
      <trkpt lat="50.542292" lon="13.46511">
      </trkpt>
      <trkpt lat="50.54282" lon="13.460874">
      </trkpt>
      <trkpt lat="50.546639" lon="13.455257">
      </trkpt>
      <trkpt lat="50.548934" lon="13.453014">
      </trkpt>
      <trkpt lat="50.550976" lon="13.451532">
      </trkpt>
      <trkpt lat="50.552657" lon="13.450609">
      </trkpt>
      <trkpt lat="50.553071" lon="13.450365">
      </trkpt>
      <trkpt lat="50.553727" lon="13.449725">
      </trkpt>
      <trkpt lat="50.558419" lon="13.445235">
      </trkpt>
      <trkpt lat="50.558076" lon="13.444768">
      </trkpt>
      <trkpt lat="50.557586" lon="13.444302">
      </trkpt>
      <trkpt lat="50.556983" lon="13.443982">
      </trkpt>
      <trkpt lat="50.556316" lon="13.443818">
      </trkpt>
      <trkpt lat="50.551202" lon="13.436718">
      </trkpt>
      <trkpt lat="50.551439" lon="13.435758">
      </trkpt>
      <trkpt lat="50.553502" lon="13.43196">
      </trkpt>
      <trkpt lat="50.549831" lon="13.424832">
      </trkpt>
      <trkpt lat="50.548505" lon="13.421485">
      </trkpt>
      <trkpt lat="50.548127" lon="13.421634">
      </trkpt>
      <trkpt lat="50.54771" lon="13.421843">
      </trkpt>
      <trkpt lat="50.54708" lon="13.422317">
      </trkpt>
      <trkpt lat="50.546398" lon="13.423005">
      </trkpt>
      <trkpt lat="50.546069" lon="13.423454">
      </trkpt>
      <trkpt lat="50.545855" lon="13.423874">
      </trkpt>
      <trkpt lat="50.545679" lon="13.424373">
      </trkpt>
      <trkpt lat="50.545566" lon="13.424839">
      </trkpt>
      <trkpt lat="50.545479" lon="13.425397">
      </trkpt>
      <trkpt lat="50.544915" lon="13.427623">
      </trkpt>
      <trkpt lat="50.544565" lon="13.428247">
      </trkpt>
      <trkpt lat="50.536313" lon="13.429754">
      </trkpt>
      <trkpt lat="50.534917" lon="13.422465">
      </trkpt>
      <trkpt lat="50.538617" lon="13.417364">
      </trkpt>
      <trkpt lat="50.539538" lon="13.416044">
      </trkpt>
      <trkpt lat="50.53999" lon="13.415365">
      </trkpt>
      <trkpt lat="50.540022" lon="13.41488">
      </trkpt>
      <trkpt lat="50.540013" lon="13.414517">
      </trkpt>
      <trkpt lat="50.538456" lon="13.411715">
      </trkpt>
      <trkpt lat="50.537026" lon="13.410854">
      </trkpt>
      <trkpt lat="50.536855" lon="13.410856">
      </trkpt>
      <trkpt lat="50.530567" lon="13.414997">
      </trkpt>
      <trkpt lat="50.530211" lon="13.415085">
      </trkpt>
      <trkpt lat="50.529769" lon="13.415266">
      </trkpt>
      <trkpt lat="50.526455" lon="13.41646">
      </trkpt>
      <trkpt lat="50.525651" lon="13.416591">
      </trkpt>
      <trkpt lat="50.524727" lon="13.417012">
      </trkpt>
      <trkpt lat="50.517929" lon="13.415992">
      </trkpt>
      <trkpt lat="50.518286" lon="13.410258">
      </trkpt>
      <trkpt lat="50.51862" lon="13.408888">
      </trkpt>
      <trkpt lat="50.518792" lon="13.407916">
      </trkpt>
      <trkpt lat="50.515299" lon="13.407045">
      </trkpt>
      <trkpt lat="50.509616" lon="13.410583">
      </trkpt>
      <trkpt lat="50.502524" lon="13.411552">
      </trkpt>
      <trkpt lat="50.500852" lon="13.402751">
      </trkpt>
      <trkpt lat="50.502012" lon="13.402067">
      </trkpt>
      <trkpt lat="50.502699" lon="13.401696">
      </trkpt>
      <trkpt lat="50.503479" lon="13.401071">
      </trkpt>
      <trkpt lat="50.503824" lon="13.400742">
      </trkpt>
      <trkpt lat="50.504157" lon="13.400269">
      </trkpt>
      <trkpt lat="50.50434" lon="13.399839">
      </trkpt>
      <trkpt lat="50.504667" lon="13.398715">
      </trkpt>
      <trkpt lat="50.505053" lon="13.397614">
      </trkpt>
      <trkpt lat="50.50611" lon="13.395741">
      </trkpt>
      <trkpt lat="50.50627" lon="13.395375">
      </trkpt>
      <trkpt lat="50.506435" lon="13.394871">
      </trkpt>
      <trkpt lat="50.506838" lon="13.393559">
      </trkpt>
      <trkpt lat="50.507112" lon="13.392543">
      </trkpt>
      <trkpt lat="50.507183" lon="13.392086">
      </trkpt>
      <trkpt lat="50.507241" lon="13.391431">
      </trkpt>
      <trkpt lat="50.507298" lon="13.390972">
      </trkpt>
      <trkpt lat="50.507536" lon="13.389503">
      </trkpt>
      <trkpt lat="50.507614" lon="13.388458">
      </trkpt>
      <trkpt lat="50.507815" lon="13.386788">
      </trkpt>
      <trkpt lat="50.507862" lon="13.386066">
      </trkpt>
      <trkpt lat="50.50427" lon="13.385831">
      </trkpt>
      <trkpt lat="50.504223" lon="13.386552">
      </trkpt>
      <trkpt lat="50.504041" lon="13.388022">
      </trkpt>
      <trkpt lat="50.503947" lon="13.389228">
      </trkpt>
      <trkpt lat="50.503747" lon="13.390378">
      </trkpt>
      <trkpt lat="50.50367" lon="13.390981">
      </trkpt>
      <trkpt lat="50.503372" lon="13.392587">
      </trkpt>
      <trkpt lat="50.502994" lon="13.393812">
      </trkpt>
      <trkpt lat="50.501921" lon="13.395838">
      </trkpt>
      <trkpt lat="50.501731" lon="13.396219">
      </trkpt>
      <trkpt lat="50.498982" lon="13.399403">
      </trkpt>
      <trkpt lat="50.497741" lon="13.40059">
      </trkpt>
      <trkpt lat="50.497233" lon="13.401025">
      </trkpt>
      <trkpt lat="50.496719" lon="13.401589">
      </trkpt>
      <trkpt lat="50.496284" lon="13.402152">
      </trkpt>
      <trkpt lat="50.495879" lon="13.40277">
      </trkpt>
      <trkpt lat="50.495714" lon="13.403067">
      </trkpt>
      <trkpt lat="50.495497" lon="13.403577">
      </trkpt>
      <trkpt lat="50.493724" lon="13.405935">
      </trkpt>
      <trkpt lat="50.493005" lon="13.406574">
      </trkpt>
      <trkpt lat="50.492715" lon="13.407116">
      </trkpt>
      <trkpt lat="50.492581" lon="13.407477">
      </trkpt>
      <trkpt lat="50.492484" lon="13.407873">
      </trkpt>
      <trkpt lat="50.492297" lon="13.409686">
      </trkpt>
      <trkpt lat="50.487322" lon="13.415623">
      </trkpt>
      <trkpt lat="50.48021" lon="13.413872">
      </trkpt>
      <trkpt lat="50.479611" lon="13.407024">
      </trkpt>
      <trkpt lat="50.479272" lon="13.405578">
      </trkpt>
      <trkpt lat="50.479255" lon="13.405482">
      </trkpt>
      <trkpt lat="50.48279" lon="13.397637">
      </trkpt>
      <trkpt lat="50.483329" lon="13.397288">
      </trkpt>
      <trkpt lat="50.483961" lon="13.396454">
      </trkpt>
      <trkpt lat="50.485844" lon="13.394502">
      </trkpt>
      <trkpt lat="50.486064" lon="13.392344">
      </trkpt>
      <trkpt lat="50.486578" lon="13.390005">
      </trkpt>
      <trkpt lat="50.483062" lon="13.389232">
      </trkpt>
      <trkpt lat="50.478364" lon="13.38445">
      </trkpt>
      <trkpt lat="50.477567" lon="13.379124">
      </trkpt>
      <trkpt lat="50.474361" lon="13.377488">
      </trkpt>
      <trkpt lat="50.471602" lon="13.381165">
      </trkpt>
      <trkpt lat="50.470673" lon="13.382794">
      </trkpt>
      <trkpt lat="50.465658" lon="13.388252">
      </trkpt>
      <trkpt lat="50.459668" lon="13.38421">
      </trkpt>
      <trkpt lat="50.460217" lon="13.380542">
      </trkpt>
      <trkpt lat="50.459804" lon="13.379302">
      </trkpt>
      <trkpt lat="50.459415" lon="13.378465">
      </trkpt>
      <trkpt lat="50.458705" lon="13.377222">
      </trkpt>
      <trkpt lat="50.458374" lon="13.376779">
      </trkpt>
      <trkpt lat="50.457663" lon="13.376018">
      </trkpt>
      <trkpt lat="50.457542" lon="13.375966">
      </trkpt>
      <trkpt lat="50.454874" lon="13.378294">
      </trkpt>
      <trkpt lat="50.453616" lon="13.382434">
      </trkpt>
      <trkpt lat="50.453355" lon="13.384056">
      </trkpt>
      <trkpt lat="50.453409" lon="13.38427">
      </trkpt>
      <trkpt lat="50.456066" lon="13.386065">
      </trkpt>
      <trkpt lat="50.456196" lon="13.393872">
      </trkpt>
      <trkpt lat="50.455956" lon="13.395167">
      </trkpt>
      <trkpt lat="50.45599" lon="13.397291">
      </trkpt>
      <trkpt lat="50.456011" lon="13.397865">
      </trkpt>
      <trkpt lat="50.456078" lon="13.406506">
      </trkpt>
      <trkpt lat="50.455587" lon="13.407818">
      </trkpt>
      <trkpt lat="50.452563" lon="13.414237">
      </trkpt>
      <trkpt lat="50.450923" lon="13.416326">
      </trkpt>
      <trkpt lat="50.445459" lon="13.422384">
      </trkpt>
      <trkpt lat="50.445284" lon="13.422573">
      </trkpt>
      <trkpt lat="50.444822" lon="13.424174">
      </trkpt>
      <trkpt lat="50.444948" lon="13.430446">
      </trkpt>
      <trkpt lat="50.444954" lon="13.430532">
      </trkpt>
      <trkpt lat="50.448867" lon="13.4339">
      </trkpt>
      <trkpt lat="50.448866" lon="13.4396">
      </trkpt>
      <trkpt lat="50.447661" lon="13.442872">
      </trkpt>
      <trkpt lat="50.446768" lon="13.444832">
      </trkpt>
      <trkpt lat="50.446567" lon="13.44539">
      </trkpt>
      <trkpt lat="50.446228" lon="13.446294">
      </trkpt>
      <trkpt lat="50.444247" lon="13.449377">
      </trkpt>
      <trkpt lat="50.436811" lon="13.45247">
      </trkpt>
      <trkpt lat="50.436093" lon="13.453618">
      </trkpt>
      <trkpt lat="50.435558" lon="13.455845">
      </trkpt>
      <trkpt lat="50.436367" lon="13.463316">
      </trkpt>
      <trkpt lat="50.439587" lon="13.464925">
      </trkpt>
      <trkpt lat="50.44751" lon="13.465022">
      </trkpt>
      <trkpt lat="50.450184" lon="13.46735">
      </trkpt>
      <trkpt lat="50.450727" lon="13.467841">
      </trkpt>
      <trkpt lat="50.451552" lon="13.468588">
      </trkpt>
      <trkpt lat="50.45239" lon="13.469285">
      </trkpt>
      <trkpt lat="50.45322" lon="13.469868">
      </trkpt>
      <trkpt lat="50.455558" lon="13.47775">
      </trkpt>
      <trkpt lat="50.448302" lon="13.482593">
      </trkpt>
      <trkpt lat="50.445983" lon="13.485346">
      </trkpt>
      <trkpt lat="50.448425" lon="13.487403">
      </trkpt>
      <trkpt lat="50.450088" lon="13.494468">
      </trkpt>
      <trkpt lat="50.449187" lon="13.496724">
      </trkpt>
      <trkpt lat="50.44827" lon="13.49902">
      </trkpt>
      <trkpt lat="50.447524" lon="13.501023">
      </trkpt>
      <trkpt lat="50.452992" lon="13.506551">
      </trkpt>
      <trkpt lat="50.453224" lon="13.511857">
      </trkpt>
      <trkpt lat="50.454499" lon="13.514395">
      </trkpt>
      <trkpt lat="50.455846" lon="13.5183">
      </trkpt>
      <trkpt lat="50.450311" lon="13.525302">
      </trkpt>
      <trkpt lat="50.446717" lon="13.525509">
      </trkpt>
      <trkpt lat="50.44678" lon="13.526596">
      </trkpt>
      <trkpt lat="50.446985" lon="13.528172">
      </trkpt>
      <trkpt lat="50.447606" lon="13.531609">
      </trkpt>
      <trkpt lat="50.447826" lon="13.532347">
      </trkpt>
      <trkpt lat="50.448052" lon="13.532954">
      </trkpt>
      <trkpt lat="50.448332" lon="13.53384">
      </trkpt>
      <trkpt lat="50.449698" lon="13.536584">
      </trkpt>
      <trkpt lat="50.449771" lon="13.544494">
      </trkpt>
      <trkpt lat="50.447224" lon="13.546567">
      </trkpt>
      <trkpt lat="50.446626" lon="13.547083">
      </trkpt>
      <trkpt lat="50.446379" lon="13.547346">
      </trkpt>
      <trkpt lat="50.446052" lon="13.54777">
      </trkpt>
      <trkpt lat="50.44576" lon="13.548229">
      </trkpt>
      <trkpt lat="50.445509" lon="13.548678">
      </trkpt>
      <trkpt lat="50.43756" lon="13.552437">
      </trkpt>
      <trkpt lat="50.435249" lon="13.551449">
      </trkpt>
      <trkpt lat="50.430938" lon="13.546292">
      </trkpt>
      <trkpt lat="50.429593" lon="13.540536">
      </trkpt>
      <trkpt lat="50.429748" lon="13.53908">
      </trkpt>
      <trkpt lat="50.429846" lon="13.537732">
      </trkpt>
      <trkpt lat="50.426256" lon="13.537471">
      </trkpt>
      <trkpt lat="50.421848" lon="13.541062">
      </trkpt>
      <trkpt lat="50.420206" lon="13.544265">
      </trkpt>
      <trkpt lat="50.421852" lon="13.545109">
      </trkpt>
      <trkpt lat="50.423893" lon="13.546314">
      </trkpt>
      <trkpt lat="50.428935" lon="13.551114">
      </trkpt>
      <trkpt lat="50.429298" lon="13.551797">
      </trkpt>
      <trkpt lat="50.429932" lon="13.552527">
      </trkpt>
      <trkpt lat="50.431918" lon="13.553714">
      </trkpt>
      <trkpt lat="50.433498" lon="13.554594">
      </trkpt>
      <trkpt lat="50.436134" lon="13.555742">
      </trkpt>
      <trkpt lat="50.437282" lon="13.556103">
      </trkpt>
      <trkpt lat="50.438779" lon="13.556333">
      </trkpt>
      <trkpt lat="50.443589" lon="13.563668">
      </trkpt>
      <trkpt lat="50.44344" lon="13.564659">
      </trkpt>
      <trkpt lat="50.444523" lon="13.572597">
      </trkpt>
      <trkpt lat="50.444616" lon="13.573212">
      </trkpt>
      <trkpt lat="50.444742" lon="13.579523">
      </trkpt>
      <trkpt lat="50.444671" lon="13.580111">
      </trkpt>
      <trkpt lat="50.444407" lon="13.581358">
      </trkpt>
      <trkpt lat="50.444957" lon="13.583964">
      </trkpt>
      <trkpt lat="50.43784" lon="13.587546">
      </trkpt>
      <trkpt lat="50.435386" lon="13.585907">
      </trkpt>
      <trkpt lat="50.432933" lon="13.584268">
      </trkpt>
      <trkpt lat="50.430479" lon="13.582629">
      </trkpt>
      <trkpt lat="50.428009" lon="13.580979">
      </trkpt>
      <trkpt lat="50.425984" lon="13.573943">
      </trkpt>
      <trkpt lat="50.426626" lon="13.5718">
      </trkpt>
      <trkpt lat="50.423277" lon="13.570479">
      </trkpt>
      <trkpt lat="50.41579" lon="13.572926">
      </trkpt>
      <trkpt lat="50.411272" lon="13.569749">
      </trkpt>
      <trkpt lat="50.410772" lon="13.569077">
      </trkpt>
      <trkpt lat="50.40941" lon="13.567528">
      </trkpt>
      <trkpt lat="50.408865" lon="13.566794">
      </trkpt>
      <trkpt lat="50.405452" lon="13.560628">
      </trkpt>
      <trkpt lat="50.406417" lon="13.557985">
      </trkpt>
      <trkpt lat="50.40734" lon="13.556694">
      </trkpt>
      <trkpt lat="50.407573" lon="13.556277">
      </trkpt>
      <trkpt lat="50.407738" lon="13.555883">
      </trkpt>
      <trkpt lat="50.407933" lon="13.555287">
      </trkpt>
      <trkpt lat="50.408353" lon="13.554047">
      </trkpt>
      <trkpt lat="50.406013" lon="13.551312">
      </trkpt>
      <trkpt lat="50.397979" lon="13.553428">
      </trkpt>
      <trkpt lat="50.394511" lon="13.552464">
      </trkpt>
      <trkpt lat="50.388245" lon="13.546308">
      </trkpt>
      <trkpt lat="50.388534" lon="13.545343">
      </trkpt>
      <trkpt lat="50.388853" lon="13.544471">
      </trkpt>
      <trkpt lat="50.389607" lon="13.54264">
      </trkpt>
      <trkpt lat="50.390163" lon="13.540818">
      </trkpt>
      <trkpt lat="50.391947" lon="13.537288">
      </trkpt>
      <trkpt lat="50.393732" lon="13.533759">
      </trkpt>
      <trkpt lat="50.395517" lon="13.53023">
      </trkpt>
      <trkpt lat="50.397301" lon="13.5267">
      </trkpt>
      <trkpt lat="50.399086" lon="13.523171">
      </trkpt>
      <trkpt lat="50.40107" lon="13.519248">
      </trkpt>
      <trkpt lat="50.401813" lon="13.517778">
      </trkpt>
      <trkpt lat="50.398601" lon="13.516154">
      </trkpt>
      <trkpt lat="50.397858" lon="13.517623">
      </trkpt>
      <trkpt lat="50.395874" lon="13.521547">
      </trkpt>
      <trkpt lat="50.394089" lon="13.525076">
      </trkpt>
      <trkpt lat="50.389916" lon="13.532289">
      </trkpt>
      <trkpt lat="50.38831" lon="13.535467">
      </trkpt>
      <trkpt lat="50.386704" lon="13.538646">
      </trkpt>
      <trkpt lat="50.385895" lon="13.541444">
      </trkpt>
      <trkpt lat="50.385528" lon="13.54232">
      </trkpt>
      <trkpt lat="50.385046" lon="13.543607">
      </trkpt>
      <trkpt lat="50.384308" lon="13.545874">
      </trkpt>
      <trkpt lat="50.375691" lon="13.547304">
      </trkpt>
      <trkpt lat="50.37561" lon="13.547234">
      </trkpt>
      <trkpt lat="50.375025" lon="13.5469">
      </trkpt>
      <trkpt lat="50.373411" lon="13.54569">
      </trkpt>
      <trkpt lat="50.370744" lon="13.548108">
      </trkpt>
      <trkpt lat="50.371444" lon="13.548881">
      </trkpt>
      <trkpt lat="50.371937" lon="13.549369">
      </trkpt>
      <trkpt lat="50.372361" lon="13.54974">
      </trkpt>
      <trkpt lat="50.373248" lon="13.550364">
      </trkpt>
      <trkpt lat="50.375758" lon="13.551871">
      </trkpt>
      <trkpt lat="50.379303" lon="13.559204">
      </trkpt>
      <trkpt lat="50.378373" lon="13.563041">
      </trkpt>
      <trkpt lat="50.378197" lon="13.563584">
      </trkpt>
      <trkpt lat="50.378122" lon="13.563922">
      </trkpt>
      <trkpt lat="50.378067" lon="13.564276">
      </trkpt>
      <trkpt lat="50.378023" lon="13.564829">
      </trkpt>
      <trkpt lat="50.37804" lon="13.565074">
      </trkpt>
      <trkpt lat="50.378092" lon="13.568674">
      </trkpt>
      <trkpt lat="50.372174" lon="13.573337">
      </trkpt>
      <trkpt lat="50.368579" lon="13.573152">
      </trkpt>
      <trkpt lat="50.36116" lon="13.578023">
      </trkpt>
      <trkpt lat="50.358098" lon="13.57613">
      </trkpt>
      <trkpt lat="50.352638" lon="13.56992">
      </trkpt>
      <trkpt lat="50.35136" lon="13.567073">
      </trkpt>
      <trkpt lat="50.347859" lon="13.56791">
      </trkpt>
      <trkpt lat="50.346345" lon="13.570694">
      </trkpt>
      <trkpt lat="50.346645" lon="13.572065">
      </trkpt>
      <trkpt lat="50.349574" lon="13.5776">
      </trkpt>
      <trkpt lat="50.354604" lon="13.583539">
      </trkpt>
      <trkpt lat="50.354982" lon="13.585405">
      </trkpt>
      <trkpt lat="50.355098" lon="13.585993">
      </trkpt>
      <trkpt lat="50.355198" lon="13.594627">
      </trkpt>
      <trkpt lat="50.353158" lon="13.597462">
      </trkpt>
      <trkpt lat="50.352886" lon="13.597758">
      </trkpt>
      <trkpt lat="50.35214" lon="13.59848">
      </trkpt>
      <trkpt lat="50.354644" lon="13.601067">
      </trkpt>
      <trkpt lat="50.36137" lon="13.602218">
      </trkpt>
      <trkpt lat="50.357989" lon="13.610398">
      </trkpt>
      <trkpt lat="50.35683" lon="13.610268">
      </trkpt>
      <trkpt lat="50.355864" lon="13.610386">
      </trkpt>
      <trkpt lat="50.35461" lon="13.610837">
      </trkpt>
      <trkpt lat="50.348977" lon="13.611852">
      </trkpt>
      <trkpt lat="50.348588" lon="13.611795">
      </trkpt>
      <trkpt lat="50.348061" lon="13.615356">
      </trkpt>
      <trkpt lat="50.348447" lon="13.615611">
      </trkpt>
      <trkpt lat="50.349215" lon="13.616014">
      </trkpt>
      <trkpt lat="50.353949" lon="13.619582">
      </trkpt>
      <trkpt lat="50.359858" lon="13.626088">
      </trkpt>
      <trkpt lat="50.360503" lon="13.627746">
      </trkpt>
      <trkpt lat="50.361764" lon="13.630628">
      </trkpt>
      <trkpt lat="50.361857" lon="13.635173">
      </trkpt>
      <trkpt lat="50.361608" lon="13.637127">
      </trkpt>
      <trkpt lat="50.355539" lon="13.64344">
      </trkpt>
      <trkpt lat="50.347399" lon="13.640137">
      </trkpt>
      <trkpt lat="50.346908" lon="13.639018">
      </trkpt>
      <trkpt lat="50.346439" lon="13.636024">
      </trkpt>
      <trkpt lat="50.346324" lon="13.63555">
      </trkpt>
      <trkpt lat="50.342825" lon="13.636395">
      </trkpt>
      <trkpt lat="50.341772" lon="13.638008">
      </trkpt>
      <trkpt lat="50.341589" lon="13.641902">
      </trkpt>
      <trkpt lat="50.34063" lon="13.649642">
      </trkpt>
      <trkpt lat="50.341543" lon="13.651453">
      </trkpt>
      <trkpt lat="50.342328" lon="13.652391">
      </trkpt>
      <trkpt lat="50.342471" lon="13.659995">
      </trkpt>
      <trkpt lat="50.336848" lon="13.666284">
      </trkpt>
      <trkpt lat="50.330426" lon="13.660051">
      </trkpt>
      <trkpt lat="50.33042" lon="13.6597">
      </trkpt>
      <trkpt lat="50.330415" lon="13.659262">
      </trkpt>
      <trkpt lat="50.330363" lon="13.65909">
      </trkpt>
      <trkpt lat="50.329918" lon="13.656912">
      </trkpt>
      <trkpt lat="50.326386" lon="13.65761">
      </trkpt>
      <trkpt lat="50.326821" lon="13.659763">
      </trkpt>
      <trkpt lat="50.32675" lon="13.66098">
      </trkpt>
      <trkpt lat="50.324506" lon="13.665806">
      </trkpt>
      <trkpt lat="50.324528" lon="13.669406">
      </trkpt>
      <trkpt lat="50.323093" lon="13.672981">
      </trkpt>
      <trkpt lat="50.315029" lon="13.669785">
      </trkpt>
      <trkpt lat="50.314896" lon="13.668464">
      </trkpt>
      <trkpt lat="50.314769" lon="13.667532">
      </trkpt>
      <trkpt lat="50.314632" lon="13.66673">
      </trkpt>
      <trkpt lat="50.314173" lon="13.664412">
      </trkpt>
      <trkpt lat="50.314033" lon="13.663629">
      </trkpt>
      <trkpt lat="50.313985" lon="13.662566">
      </trkpt>
      <trkpt lat="50.314064" lon="13.661051">
      </trkpt>
      <trkpt lat="50.314095" lon="13.660091">
      </trkpt>
      <trkpt lat="50.314087" lon="13.65908">
      </trkpt>
      <trkpt lat="50.314062" lon="13.658692">
      </trkpt>
      <trkpt lat="50.314014" lon="13.658319">
      </trkpt>
      <trkpt lat="50.313936" lon="13.657888">
      </trkpt>
      <trkpt lat="50.313771" lon="13.657184">
      </trkpt>
      <trkpt lat="50.313342" lon="13.655645">
      </trkpt>
      <trkpt lat="50.312963" lon="13.654482">
      </trkpt>
      <trkpt lat="50.312509" lon="13.651668">
      </trkpt>
      <trkpt lat="50.312576" lon="13.649858">
      </trkpt>
      <trkpt lat="50.312456" lon="13.646883">
      </trkpt>
      <trkpt lat="50.311088" lon="13.640538">
      </trkpt>
      <trkpt lat="50.310878" lon="13.636979">
      </trkpt>
      <trkpt lat="50.307285" lon="13.63719">
      </trkpt>
      <trkpt lat="50.305034" lon="13.64073">
      </trkpt>
      <trkpt lat="50.305567" lon="13.642521">
      </trkpt>
      <trkpt lat="50.305941" lon="13.650078">
      </trkpt>
      <trkpt lat="50.305935" lon="13.650388">
      </trkpt>
      <trkpt lat="50.307537" lon="13.651662">
      </trkpt>
      <trkpt lat="50.308721" lon="13.653407">
      </trkpt>
      <trkpt lat="50.309592" lon="13.655745">
      </trkpt>
      <trkpt lat="50.309918" lon="13.656756">
      </trkpt>
      <trkpt lat="50.310301" lon="13.658146">
      </trkpt>
      <trkpt lat="50.310491" lon="13.659263">
      </trkpt>
      <trkpt lat="50.310495" lon="13.660113">
      </trkpt>
      <trkpt lat="50.310466" lon="13.66093">
      </trkpt>
      <trkpt lat="50.31039" lon="13.662378">
      </trkpt>
      <trkpt lat="50.310381" lon="13.663041">
      </trkpt>
      <trkpt lat="50.310418" lon="13.663709">
      </trkpt>
      <trkpt lat="50.310461" lon="13.664076">
      </trkpt>
      <trkpt lat="50.310627" lon="13.665035">
      </trkpt>
      <trkpt lat="50.3111" lon="13.667429">
      </trkpt>
      <trkpt lat="50.31122" lon="13.668137">
      </trkpt>
      <trkpt lat="50.311329" lon="13.668947">
      </trkpt>
      <trkpt lat="50.311447" lon="13.670142">
      </trkpt>
      <trkpt lat="50.311691" lon="13.672895">
      </trkpt>
      <trkpt lat="50.305765" lon="13.678715">
      </trkpt>
      <trkpt lat="50.30137" lon="13.674349">
      </trkpt>
      <trkpt lat="50.301143" lon="13.672183">
      </trkpt>
      <trkpt lat="50.300976" lon="13.671545">
      </trkpt>
      <trkpt lat="50.300898" lon="13.669883">
      </trkpt>
      <trkpt lat="50.300851" lon="13.669627">
      </trkpt>
      <trkpt lat="50.300493" lon="13.667415">
      </trkpt>
      <trkpt lat="50.300157" lon="13.665418">
      </trkpt>
      <trkpt lat="50.300035" lon="13.662389">
      </trkpt>
      <trkpt lat="50.296438" lon="13.662534">
      </trkpt>
      <trkpt lat="50.293246" lon="13.668923">
      </trkpt>
      <trkpt lat="50.290248" lon="13.670917">
      </trkpt>
      <trkpt lat="50.291547" lon="13.67287">
      </trkpt>
      <trkpt lat="50.294124" lon="13.681301">
      </trkpt>
      <trkpt lat="50.294" lon="13.68204">
      </trkpt>
      <trkpt lat="50.294007" lon="13.682416">
      </trkpt>
      <trkpt lat="50.29405" lon="13.685797">
      </trkpt>
      <trkpt lat="50.294602" lon="13.690938">
      </trkpt>
      <trkpt lat="50.298199" lon="13.691094">
      </trkpt>
      <trkpt lat="50.298318" lon="13.68835">
      </trkpt>
      <trkpt lat="50.300939" lon="13.683846">
      </trkpt>
      <trkpt lat="50.307894" lon="13.684017">
      </trkpt>
      <trkpt lat="50.309692" lon="13.686123">
      </trkpt>
      <trkpt lat="50.309986" lon="13.686634">
      </trkpt>
      <trkpt lat="50.310541" lon="13.687231">
      </trkpt>
      <trkpt lat="50.312679" lon="13.693322">
      </trkpt>
      <trkpt lat="50.312601" lon="13.694369">
      </trkpt>
      <trkpt lat="50.312576" lon="13.695176">
      </trkpt>
      <trkpt lat="50.312659" lon="13.696663">
      </trkpt>
      <trkpt lat="50.312823" lon="13.698212">
      </trkpt>
      <trkpt lat="50.307436" lon="13.704277">
      </trkpt>
      <trkpt lat="50.306254" lon="13.705212">
      </trkpt>
      <trkpt lat="50.30429" lon="13.706832">
      </trkpt>
      <trkpt lat="50.30389" lon="13.707218">
      </trkpt>
      <trkpt lat="50.301673" lon="13.709359">
      </trkpt>
      <trkpt lat="50.299879" lon="13.711008">
      </trkpt>
      <trkpt lat="50.299211" lon="13.711741">
      </trkpt>
      <trkpt lat="50.296909" lon="13.714841">
      </trkpt>
      <trkpt lat="50.296027" lon="13.716631">
      </trkpt>
      <trkpt lat="50.299257" lon="13.718221">
      </trkpt>
      <trkpt lat="50.300138" lon="13.716432">
      </trkpt>
      <trkpt lat="50.302083" lon="13.713911">
      </trkpt>
      <trkpt lat="50.302516" lon="13.713459">
      </trkpt>
      <trkpt lat="50.304103" lon="13.712015">
      </trkpt>
      <trkpt lat="50.307212" lon="13.7107">
      </trkpt>
      <trkpt lat="50.314937" lon="13.71482">
      </trkpt>
      <trkpt lat="50.315447" lon="13.716435">
      </trkpt>
      <trkpt lat="50.316024" lon="13.718037">
      </trkpt>
      <trkpt lat="50.317293" lon="13.720931">
      </trkpt>
      <trkpt lat="50.318358" lon="13.72355">
      </trkpt>
      <trkpt lat="50.318656" lon="13.724199">
      </trkpt>
      <trkpt lat="50.318953" lon="13.724784">
      </trkpt>
      <trkpt lat="50.319371" lon="13.725484">
      </trkpt>
      <trkpt lat="50.320388" lon="13.727025">
      </trkpt>
      <trkpt lat="50.320747" lon="13.727774">
      </trkpt>
      <trkpt lat="50.32088" lon="13.728129">
      </trkpt>
      <trkpt lat="50.32123" lon="13.729307">
      </trkpt>
      <trkpt lat="50.322064" lon="13.732398">
      </trkpt>
      <trkpt lat="50.315248" lon="13.736094">
      </trkpt>
      <trkpt lat="50.311989" lon="13.733313">
      </trkpt>
      <trkpt lat="50.3116" lon="13.732714">
      </trkpt>
      <trkpt lat="50.310894" lon="13.732091">
      </trkpt>
      <trkpt lat="50.309351" lon="13.730312">
      </trkpt>
      <trkpt lat="50.308278" lon="13.727751">
      </trkpt>
      <trkpt lat="50.307701" lon="13.727479">
      </trkpt>
      <trkpt lat="50.306366" lon="13.726874">
      </trkpt>
      <trkpt lat="50.305613" lon="13.726639">
      </trkpt>
      <trkpt lat="50.304072" lon="13.727414">
      </trkpt>
      <trkpt lat="50.300691" lon="13.731596">
      </trkpt>
      <trkpt lat="50.292853" lon="13.729436">
      </trkpt>
      <trkpt lat="50.290652" lon="13.728817">
      </trkpt>
      <trkpt lat="50.286979" lon="13.728953">
      </trkpt>
      <trkpt lat="50.28677" lon="13.729215">
      </trkpt>
      <trkpt lat="50.286326" lon="13.729883">
      </trkpt>
      <trkpt lat="50.286207" lon="13.730072">
      </trkpt>
      <trkpt lat="50.28673" lon="13.732932">
      </trkpt>
      <trkpt lat="50.290638" lon="13.734981">
      </trkpt>
      <trkpt lat="50.292767" lon="13.741465">
      </trkpt>
      <trkpt lat="50.288127" lon="13.747963">
      </trkpt>
      <trkpt lat="50.288128" lon="13.74851">
      </trkpt>
      <trkpt lat="50.288402" lon="13.754256">
      </trkpt>
      <trkpt lat="50.289823" lon="13.761506">
      </trkpt>
      <trkpt lat="50.289539" lon="13.765095">
      </trkpt>
      <trkpt lat="50.29171" lon="13.772617">
      </trkpt>
      <trkpt lat="50.290639" lon="13.780499">
      </trkpt>
      <trkpt lat="50.290607" lon="13.78067">
      </trkpt>
      <trkpt lat="50.290372" lon="13.784869">
      </trkpt>
      <trkpt lat="50.29055" lon="13.784888">
      </trkpt>
      <trkpt lat="50.294058" lon="13.784508">
      </trkpt>
      <trkpt lat="50.298303" lon="13.781274">
      </trkpt>
      <trkpt lat="50.298926" lon="13.777646">
      </trkpt>
      <trkpt lat="50.299291" lon="13.776661">
      </trkpt>
      <trkpt lat="50.299439" lon="13.775697">
      </trkpt>
      <trkpt lat="50.305885" lon="13.769713">
      </trkpt>
      <trkpt lat="50.307812" lon="13.769785">
      </trkpt>
      <trkpt lat="50.307946" lon="13.769775">
      </trkpt>
      <trkpt lat="50.309291" lon="13.768547">
      </trkpt>
      <trkpt lat="50.312219" lon="13.761432">
      </trkpt>
      <trkpt lat="50.317592" lon="13.759598">
      </trkpt>
      <trkpt lat="50.318496" lon="13.759433">
      </trkpt>
      <trkpt lat="50.318981" lon="13.759141">
      </trkpt>
      <trkpt lat="50.319394" lon="13.758695">
      </trkpt>
      <trkpt lat="50.319698" lon="13.758074">
      </trkpt>
      <trkpt lat="50.327174" lon="13.754721">
      </trkpt>
      <trkpt lat="50.330026" lon="13.7592">
      </trkpt>
      <trkpt lat="50.330084" lon="13.759522">
      </trkpt>
      <trkpt lat="50.333679" lon="13.759707">
      </trkpt>
      <trkpt lat="50.336207" lon="13.759585">
      </trkpt>
      <trkpt lat="50.341497" lon="13.766331">
      </trkpt>
      <trkpt lat="50.344877" lon="13.77002">
      </trkpt>
      <trkpt lat="50.34571" lon="13.77096">
      </trkpt>
      <trkpt lat="50.347376" lon="13.774862">
      </trkpt>
      <trkpt lat="50.342766" lon="13.782133">
      </trkpt>
      <trkpt lat="50.341914" lon="13.782403">
      </trkpt>
      <trkpt lat="50.341136" lon="13.782712">
      </trkpt>
      <trkpt lat="50.340368" lon="13.783116">
      </trkpt>
      <trkpt lat="50.337394" lon="13.785008">
      </trkpt>
      <trkpt lat="50.334707" lon="13.786116">
      </trkpt>
      <trkpt lat="50.332943" lon="13.786845">
      </trkpt>
      <trkpt lat="50.331153" lon="13.787585">
      </trkpt>
      <trkpt lat="50.330148" lon="13.788027">
      </trkpt>
      <trkpt lat="50.329414" lon="13.788534">
      </trkpt>
      <trkpt lat="50.32857" lon="13.789155">
      </trkpt>
      <trkpt lat="50.325167" lon="13.791368">
      </trkpt>
      <trkpt lat="50.324689" lon="13.791629">
      </trkpt>
      <trkpt lat="50.323597" lon="13.792336">
      </trkpt>
      <trkpt lat="50.316366" lon="13.794265">
      </trkpt>
      <trkpt lat="50.309519" lon="13.794208">
      </trkpt>
      <trkpt lat="50.302908" lon="13.798598">
      </trkpt>
      <trkpt lat="50.298411" lon="13.797642">
      </trkpt>
      <trkpt lat="50.294393" lon="13.794362">
      </trkpt>
      <trkpt lat="50.291277" lon="13.796166">
      </trkpt>
      <trkpt lat="50.291738" lon="13.798846">
      </trkpt>
      <trkpt lat="50.292839" lon="13.801438">
      </trkpt>
      <trkpt lat="50.297954" lon="13.801555">
      </trkpt>
      <trkpt lat="50.301181" lon="13.805894">
      </trkpt>
      <trkpt lat="50.307337" lon="13.80998">
      </trkpt>
      <trkpt lat="50.311451" lon="13.813562">
      </trkpt>
      <trkpt lat="50.311693" lon="13.814572">
      </trkpt>
      <trkpt lat="50.312031" lon="13.815839">
      </trkpt>
      <trkpt lat="50.312148" lon="13.816385">
      </trkpt>
      <trkpt lat="50.304204" lon="13.820591">
      </trkpt>
      <trkpt lat="50.303587" lon="13.819888">
      </trkpt>
      <trkpt lat="50.303306" lon="13.819671">
      </trkpt>
      <trkpt lat="50.301102" lon="13.822517">
      </trkpt>
      <trkpt lat="50.302081" lon="13.825285">
      </trkpt>
      <trkpt lat="50.3027" lon="13.827329">
      </trkpt>
      <trkpt lat="50.302969" lon="13.831133">
      </trkpt>
      <trkpt lat="50.302994" lon="13.831262">
      </trkpt>
      <trkpt lat="50.305853" lon="13.839484">
      </trkpt>
      <trkpt lat="50.298631" lon="13.841254">
      </trkpt>
      <trkpt lat="50.298457" lon="13.841281">
      </trkpt>
      <trkpt lat="50.291993" lon="13.841156">
      </trkpt>
      <trkpt lat="50.290868" lon="13.844576">
      </trkpt>
      <trkpt lat="50.292949" lon="13.84526">
      </trkpt>
      <trkpt lat="50.295029" lon="13.845944">
      </trkpt>
      <trkpt lat="50.295467" lon="13.846055">
      </trkpt>
      <trkpt lat="50.298531" lon="13.853931">
      </trkpt>
      <trkpt lat="50.296794" lon="13.855274">
      </trkpt>
      <trkpt lat="50.295787" lon="13.856122">
      </trkpt>
      <trkpt lat="50.294944" lon="13.856918">
      </trkpt>
      <trkpt lat="50.294677" lon="13.857145">
      </trkpt>
      <trkpt lat="50.29342" lon="13.858013">
      </trkpt>
      <trkpt lat="50.290811" lon="13.865492">
      </trkpt>
      <trkpt lat="50.289849" lon="13.868516">
      </trkpt>
      <trkpt lat="50.289438" lon="13.871795">
      </trkpt>
      <trkpt lat="50.290821" lon="13.875537">
      </trkpt>
      <trkpt lat="50.286401" lon="13.882664">
      </trkpt>
      <trkpt lat="50.285415" lon="13.889681">
      </trkpt>
      <trkpt lat="50.285738" lon="13.89132">
      </trkpt>
      <trkpt lat="50.286033" lon="13.893472">
      </trkpt>
      <trkpt lat="50.28265" lon="13.899935">
      </trkpt>
      <trkpt lat="50.279941" lon="13.907043">
      </trkpt>
      <trkpt lat="50.278068" lon="13.911641">
      </trkpt>
      <trkpt lat="50.277714" lon="13.915224">
      </trkpt>
      <trkpt lat="50.274853" lon="13.923431">
      </trkpt>
      <trkpt lat="50.273586" lon="13.924795">
      </trkpt>
      <trkpt lat="50.273534" lon="13.925298">
      </trkpt>
      <trkpt lat="50.273675" lon="13.925694">
      </trkpt>
      <trkpt lat="50.274549" lon="13.92692">
      </trkpt>
      <trkpt lat="50.277698" lon="13.934772">
      </trkpt>
      <trkpt lat="50.281296" lon="13.934675">
      </trkpt>
      <trkpt lat="50.284338" lon="13.941614">
      </trkpt>
      <trkpt lat="50.283964" lon="13.942617">
      </trkpt>
      <trkpt lat="50.283495" lon="13.94377">
      </trkpt>
      <trkpt lat="50.275887" lon="13.948144">
      </trkpt>
      <trkpt lat="50.272301" lon="13.948461">
      </trkpt>
      <trkpt lat="50.272581" lon="13.951623">
      </trkpt>
      <trkpt lat="50.272412" lon="13.956537">
      </trkpt>
      <trkpt lat="50.272366" lon="13.956929">
      </trkpt>
      <trkpt lat="50.272323" lon="13.957573">
      </trkpt>
      <trkpt lat="50.272321" lon="13.959357">
      </trkpt>
      <trkpt lat="50.272417" lon="13.960244">
      </trkpt>
      <trkpt lat="50.276086" lon="13.966312">
      </trkpt>
      <trkpt lat="50.276647" lon="13.972251">
      </trkpt>
      <trkpt lat="50.276345" lon="13.976265">
      </trkpt>
      <trkpt lat="50.270827" lon="13.980601">
      </trkpt>
      <trkpt lat="50.266214" lon="13.984845">
      </trkpt>
      <trkpt lat="50.266184" lon="13.985258">
      </trkpt>
      <trkpt lat="50.266169" lon="13.985868">
      </trkpt>
      <trkpt lat="50.266213" lon="13.98651">
      </trkpt>
      <trkpt lat="50.266347" lon="13.987693">
      </trkpt>
      <trkpt lat="50.266381" lon="13.988875">
      </trkpt>
      <trkpt lat="50.266416" lon="13.989199">
      </trkpt>
      <trkpt lat="50.266564" lon="13.989717">
      </trkpt>
      <trkpt lat="50.266989" lon="13.990814">
      </trkpt>
      <trkpt lat="50.266817" lon="13.996885">
      </trkpt>
      <trkpt lat="50.260043" lon="14.001204">
      </trkpt>
      <trkpt lat="50.25774" lon="14.000641">
      </trkpt>
      <trkpt lat="50.257207" lon="14.00077">
      </trkpt>
      <trkpt lat="50.256445" lon="14.001102">
      </trkpt>
      <trkpt lat="50.248722" lon="14.002021">
      </trkpt>
      <trkpt lat="50.245834" lon="14.000379">
      </trkpt>
      <trkpt lat="50.243598" lon="13.999276">
      </trkpt>
      <trkpt lat="50.241872" lon="13.99857">
      </trkpt>
      <trkpt lat="50.235377" lon="13.994624">
      </trkpt>
      <trkpt lat="50.236071" lon="13.991391">
      </trkpt>
      <trkpt lat="50.236175" lon="13.990813">
      </trkpt>
      <trkpt lat="50.236172" lon="13.990487">
      </trkpt>
      <trkpt lat="50.235985" lon="13.988428">
      </trkpt>
      <trkpt lat="50.23555" lon="13.985684">
      </trkpt>
      <trkpt lat="50.238765" lon="13.979008">
      </trkpt>
      <trkpt lat="50.237752" lon="13.975553">
      </trkpt>
      <trkpt lat="50.235659" lon="13.969988">
      </trkpt>
      <trkpt lat="50.233922" lon="13.967219">
      </trkpt>
      <trkpt lat="50.232085" lon="13.964018">
      </trkpt>
      <trkpt lat="50.228515" lon="13.964481">
      </trkpt>
      <trkpt lat="50.221384" lon="13.961182">
      </trkpt>
      <trkpt lat="50.221147" lon="13.958319">
      </trkpt>
      <trkpt lat="50.220898" lon="13.955355">
      </trkpt>
      <trkpt lat="50.220771" lon="13.954498">
      </trkpt>
      <trkpt lat="50.220601" lon="13.953745">
      </trkpt>
      <trkpt lat="50.219774" lon="13.95009">
      </trkpt>
      <trkpt lat="50.218622" lon="13.945001">
      </trkpt>
      <trkpt lat="50.217834" lon="13.941557">
      </trkpt>
      <trkpt lat="50.214325" lon="13.94236">
      </trkpt>
      <trkpt lat="50.215113" lon="13.945804">
      </trkpt>
      <trkpt lat="50.216263" lon="13.950884">
      </trkpt>
      <trkpt lat="50.217089" lon="13.954539">
      </trkpt>
      <trkpt lat="50.217559" lon="13.958617">
      </trkpt>
      <trkpt lat="50.217797" lon="13.96148">
      </trkpt>
      <trkpt lat="50.218034" lon="13.964342">
      </trkpt>
      <trkpt lat="50.218272" lon="13.967204">
      </trkpt>
      <trkpt lat="50.215483" lon="13.975688">
      </trkpt>
      <trkpt lat="50.215087" lon="13.97623">
      </trkpt>
      <trkpt lat="50.208007" lon="13.981621">
      </trkpt>
      <trkpt lat="50.207801" lon="13.981767">
      </trkpt>
      <trkpt lat="50.208505" lon="13.984808">
      </trkpt>
      <trkpt lat="50.209955" lon="13.988354">
      </trkpt>
      <trkpt lat="50.213553" lon="13.988462">
      </trkpt>
      <trkpt lat="50.22168" lon="13.990397">
      </trkpt>
      <trkpt lat="50.22228" lon="13.993615">
      </trkpt>
      <trkpt lat="50.22288" lon="13.996833">
      </trkpt>
      <trkpt lat="50.22348" lon="14.000051">
      </trkpt>
      <trkpt lat="50.217125" lon="14.004404">
      </trkpt>
      <trkpt lat="50.214627" lon="14.00382">
      </trkpt>
      <trkpt lat="50.21349" lon="14.004394">
      </trkpt>
      <trkpt lat="50.210185" lon="14.00934">
      </trkpt>
      <trkpt lat="50.201874" lon="14.012598">
      </trkpt>
      <trkpt lat="50.200373" lon="14.012843">
      </trkpt>
      <trkpt lat="50.198831" lon="14.014339">
      </trkpt>
      <trkpt lat="50.198871" lon="14.014782">
      </trkpt>
      <trkpt lat="50.19919" lon="14.017857">
      </trkpt>
      <trkpt lat="50.199231" lon="14.018361">
      </trkpt>
      <trkpt lat="50.198992" lon="14.023449">
      </trkpt>
      <trkpt lat="50.20081" lon="14.026556">
      </trkpt>
      <trkpt lat="50.200563" lon="14.034747">
      </trkpt>
      <trkpt lat="50.194503" lon="14.039245">
      </trkpt>
      <trkpt lat="50.190061" lon="14.036356">
      </trkpt>
      <trkpt lat="50.188108" lon="14.034968">
      </trkpt>
      <trkpt lat="50.185563" lon="14.037514">
      </trkpt>
      <trkpt lat="50.184851" lon="14.039007">
      </trkpt>
      <trkpt lat="50.183372" lon="14.04587">
      </trkpt>
      <trkpt lat="50.183419" lon="14.047842">
      </trkpt>
      <trkpt lat="50.186318" lon="14.053865">
      </trkpt>
      <trkpt lat="50.188515" lon="14.055012">
      </trkpt>
      <trkpt lat="50.190654" lon="14.054951">
      </trkpt>
      <trkpt lat="50.196178" lon="14.05689">
      </trkpt>
      <trkpt lat="50.197556" lon="14.058131">
      </trkpt>
      <trkpt lat="50.198748" lon="14.059175">
      </trkpt>
      <trkpt lat="50.196232" lon="14.067753">
      </trkpt>
      <trkpt lat="50.19188" lon="14.066312">
      </trkpt>
      <trkpt lat="50.188327" lon="14.065728">
      </trkpt>
      <trkpt lat="50.187851" lon="14.068629">
      </trkpt>
      <trkpt lat="50.18281" lon="14.073869">
      </trkpt>
      <trkpt lat="50.180832" lon="14.076647">
      </trkpt>
      <trkpt lat="50.182018" lon="14.078059">
      </trkpt>
      <trkpt lat="50.183523" lon="14.078917">
      </trkpt>
      <trkpt lat="50.184043" lon="14.079212">
      </trkpt>
      <trkpt lat="50.190366" lon="14.08539">
      </trkpt>
      <trkpt lat="50.190531" lon="14.085602">
      </trkpt>
      <trkpt lat="50.194794" lon="14.08983">
      </trkpt>
      <trkpt lat="50.194897" lon="14.09386">
      </trkpt>
      <trkpt lat="50.193743" lon="14.096963">
      </trkpt>
      <trkpt lat="50.193691" lon="14.098214">
      </trkpt>
      <trkpt lat="50.193723" lon="14.098312">
      </trkpt>
      <trkpt lat="50.196931" lon="14.103045">
      </trkpt>
      <trkpt lat="50.189503" lon="14.107703">
      </trkpt>
      <trkpt lat="50.189007" lon="14.107388">
      </trkpt>
      <trkpt lat="50.188738" lon="14.107266">
      </trkpt>
      <trkpt lat="50.186761" lon="14.107437">
      </trkpt>
      <trkpt lat="50.184423" lon="14.107033">
      </trkpt>
      <trkpt lat="50.183464" lon="14.110503">
      </trkpt>
      <trkpt lat="50.187877" lon="14.117377">
      </trkpt>
      <trkpt lat="50.191146" lon="14.123718">
      </trkpt>
      <trkpt lat="50.191122" lon="14.12414">
      </trkpt>
      <trkpt lat="50.186274" lon="14.130432">
      </trkpt>
      <trkpt lat="50.178232" lon="14.128667">
      </trkpt>
      <trkpt lat="50.176863" lon="14.125952">
      </trkpt>
      <trkpt lat="50.176599" lon="14.125298">
      </trkpt>
      <trkpt lat="50.173261" lon="14.126648">
      </trkpt>
      <trkpt lat="50.174121" lon="14.128993">
      </trkpt>
      <trkpt lat="50.174399" lon="14.129564">
      </trkpt>
      <trkpt lat="50.176288" lon="14.133178">
      </trkpt>
      <trkpt lat="50.175859" lon="14.139539">
      </trkpt>
      <trkpt lat="50.176107" lon="14.140309">
      </trkpt>
      <trkpt lat="50.176357" lon="14.140998">
      </trkpt>
      <trkpt lat="50.176751" lon="14.141882">
      </trkpt>
      <trkpt lat="50.176974" lon="14.142243">
      </trkpt>
      <trkpt lat="50.180643" lon="14.14482">
      </trkpt>
      <trkpt lat="50.17922" lon="14.151415">
      </trkpt>
      <trkpt lat="50.174104" lon="14.151868">
      </trkpt>
      <trkpt lat="50.173334" lon="14.151504">
      </trkpt>
      <trkpt lat="50.172421" lon="14.152268">
      </trkpt>
      <trkpt lat="50.171792" lon="14.154757">
      </trkpt>
      <trkpt lat="50.17318" lon="14.15618">
      </trkpt>
      <trkpt lat="50.173582" lon="14.156691">
      </trkpt>
      <trkpt lat="50.174161" lon="14.157318">
      </trkpt>
      <trkpt lat="50.174743" lon="14.157814">
      </trkpt>
      <trkpt lat="50.175412" lon="14.158169">
      </trkpt>
      <trkpt lat="50.177419" lon="14.159747">
      </trkpt>
      <trkpt lat="50.17963" lon="14.161073">
      </trkpt>
      <trkpt lat="50.182692" lon="14.165529">
      </trkpt>
      <trkpt lat="50.177345" lon="14.171645">
      </trkpt>
      <trkpt lat="50.174815" lon="14.172247">
      </trkpt>
      <trkpt lat="50.17152" lon="14.172329">
      </trkpt>
      <trkpt lat="50.170654" lon="14.17218">
      </trkpt>
      <trkpt lat="50.170162" lon="14.172213">
      </trkpt>
      <trkpt lat="50.169337" lon="14.172348">
      </trkpt>
      <trkpt lat="50.168194" lon="14.172566">
      </trkpt>
      <trkpt lat="50.168603" lon="14.176142">
      </trkpt>
      <trkpt lat="50.172693" lon="14.183931">
      </trkpt>
      <trkpt lat="50.172603" lon="14.184329">
      </trkpt>
      <trkpt lat="50.172528" lon="14.184997">
      </trkpt>
      <trkpt lat="50.172429" lon="14.186924">
      </trkpt>
      <trkpt lat="50.172268" lon="14.189221">
      </trkpt>
      <trkpt lat="50.172296" lon="14.189667">
      </trkpt>
      <trkpt lat="50.17231" lon="14.18975">
      </trkpt>
      <trkpt lat="50.176633" lon="14.196079">
      </trkpt>
      <trkpt lat="50.178624" lon="14.199078">
      </trkpt>
      <trkpt lat="50.184364" lon="14.205717">
      </trkpt>
      <trkpt lat="50.184415" lon="14.20578">
      </trkpt>
      <trkpt lat="50.185422" lon="14.206412">
      </trkpt>
      <trkpt lat="50.186108" lon="14.206458">
      </trkpt>
      <trkpt lat="50.187239" lon="14.205934">
      </trkpt>
      <trkpt lat="50.188391" lon="14.205132">
      </trkpt>
      <trkpt lat="50.189139" lon="14.204641">
      </trkpt>
      <trkpt lat="50.193676" lon="14.202682">
      </trkpt>
      <trkpt lat="50.193686" lon="14.201423">
      </trkpt>
      <trkpt lat="50.193537" lon="14.199824">
      </trkpt>
      <trkpt lat="50.198713" lon="14.193294">
      </trkpt>
      <trkpt lat="50.199237" lon="14.193037">
      </trkpt>
      <trkpt lat="50.202106" lon="14.191556">
      </trkpt>
      <trkpt lat="50.2079" lon="14.190453">
      </trkpt>
      <trkpt lat="50.213039" lon="14.192093">
      </trkpt>
      <trkpt lat="50.214035" lon="14.192533">
      </trkpt>
      <trkpt lat="50.215391" lon="14.193066">
      </trkpt>
      <trkpt lat="50.216619" lon="14.193272">
      </trkpt>
      <trkpt lat="50.217207" lon="14.193296">
      </trkpt>
      <trkpt lat="50.217765" lon="14.193238">
      </trkpt>
      <trkpt lat="50.221247" lon="14.192536">
      </trkpt>
      <trkpt lat="50.224022" lon="14.192014">
      </trkpt>
      <trkpt lat="50.227488" lon="14.192177">
      </trkpt>
      <trkpt lat="50.235904" lon="14.194608">
      </trkpt>
      <trkpt lat="50.236235" lon="14.195484">
      </trkpt>
      <trkpt lat="50.23695" lon="14.196976">
      </trkpt>
      <trkpt lat="50.233647" lon="14.204272">
      </trkpt>
      <trkpt lat="50.232872" lon="14.204737">
      </trkpt>
      <trkpt lat="50.231593" lon="14.205447">
      </trkpt>
      <trkpt lat="50.231021" lon="14.205835">
      </trkpt>
      <trkpt lat="50.229865" lon="14.206575">
      </trkpt>
      <trkpt lat="50.228344" lon="14.209677">
      </trkpt>
      <trkpt lat="50.220427" lon="14.208211">
      </trkpt>
      <trkpt lat="50.220193" lon="14.207787">
      </trkpt>
      <trkpt lat="50.21981" lon="14.207185">
      </trkpt>
      <trkpt lat="50.216928" lon="14.209343">
      </trkpt>
      <trkpt lat="50.217501" lon="14.210505">
      </trkpt>
      <trkpt lat="50.218526" lon="14.213222">
      </trkpt>
      <trkpt lat="50.218571" lon="14.214138">
      </trkpt>
      <trkpt lat="50.21878" lon="14.216756">
      </trkpt>
      <trkpt lat="50.218918" lon="14.218188">
      </trkpt>
      <trkpt lat="50.221498" lon="14.223198">
      </trkpt>
      <trkpt lat="50.221501" lon="14.22409">
      </trkpt>
      <trkpt lat="50.221608" lon="14.225439">
      </trkpt>
      <trkpt lat="50.225299" lon="14.23103">
      </trkpt>
      <trkpt lat="50.22541" lon="14.232645">
      </trkpt>
      <trkpt lat="50.224119" lon="14.236181">
      </trkpt>
      <trkpt lat="50.223893" lon="14.236661">
      </trkpt>
      <trkpt lat="50.223752" lon="14.237191">
      </trkpt>
      <trkpt lat="50.216711" lon="14.240666">
      </trkpt>
      <trkpt lat="50.214443" lon="14.236908">
      </trkpt>
      <trkpt lat="50.214397" lon="14.236463">
      </trkpt>
      <trkpt lat="50.214267" lon="14.235929">
      </trkpt>
      <trkpt lat="50.21399" lon="14.235379">
      </trkpt>
      <trkpt lat="50.213474" lon="14.234846">
      </trkpt>
      <trkpt lat="50.211366" lon="14.230961">
      </trkpt>
      <trkpt lat="50.211281" lon="14.230477">
      </trkpt>
      <trkpt lat="50.211145" lon="14.229934">
      </trkpt>
      <trkpt lat="50.211011" lon="14.22932">
      </trkpt>
      <trkpt lat="50.210764" lon="14.228524">
      </trkpt>
      <trkpt lat="50.210665" lon="14.228025">
      </trkpt>
      <trkpt lat="50.210496" lon="14.226653">
      </trkpt>
      <trkpt lat="50.210399" lon="14.226136">
      </trkpt>
      <trkpt lat="50.210254" lon="14.225663">
      </trkpt>
      <trkpt lat="50.210042" lon="14.225135">
      </trkpt>
      <trkpt lat="50.209655" lon="14.224053">
      </trkpt>
      <trkpt lat="50.209762" lon="14.220878">
      </trkpt>
      <trkpt lat="50.209742" lon="14.220492">
      </trkpt>
      <trkpt lat="50.209624" lon="14.219958">
      </trkpt>
      <trkpt lat="50.209348" lon="14.219419">
      </trkpt>
      <trkpt lat="50.208609" lon="14.218795">
      </trkpt>
      <trkpt lat="50.207625" lon="14.218574">
      </trkpt>
      <trkpt lat="50.205498" lon="14.218356">
      </trkpt>
      <trkpt lat="50.203742" lon="14.218003">
      </trkpt>
      <trkpt lat="50.198112" lon="14.215107">
      </trkpt>
      <trkpt lat="50.196133" lon="14.219767">
      </trkpt>
      <trkpt lat="50.195174" lon="14.221828">
      </trkpt>
      <trkpt lat="50.193797" lon="14.225441">
      </trkpt>
      <trkpt lat="50.186387" lon="14.228929">
      </trkpt>
      <trkpt lat="50.182788" lon="14.229025">
      </trkpt>
      <trkpt lat="50.176051" lon="14.23437">
      </trkpt>
      <trkpt lat="50.17582" lon="14.237962">
      </trkpt>
      <trkpt lat="50.176415" lon="14.239367">
      </trkpt>
      <trkpt lat="50.177858" lon="14.243379">
      </trkpt>
      <trkpt lat="50.178041" lon="14.243922">
      </trkpt>
      <trkpt lat="50.178347" lon="14.244633">
      </trkpt>
      <trkpt lat="50.178611" lon="14.245169">
      </trkpt>
      <trkpt lat="50.179045" lon="14.245945">
      </trkpt>
      <trkpt lat="50.17932" lon="14.246387">
      </trkpt>
      <trkpt lat="50.179958" lon="14.247322">
      </trkpt>
      <trkpt lat="50.180448" lon="14.24796">
      </trkpt>
      <trkpt lat="50.180745" lon="14.248277">
      </trkpt>
      <trkpt lat="50.182538" lon="14.249768">
      </trkpt>
      <trkpt lat="50.183693" lon="14.250521">
      </trkpt>
      <trkpt lat="50.18411" lon="14.250808">
      </trkpt>
      <trkpt lat="50.184804" lon="14.251098">
      </trkpt>
      <trkpt lat="50.191647" lon="14.253791">
      </trkpt>
      <trkpt lat="50.195645" lon="14.259259">
      </trkpt>
      <trkpt lat="50.195871" lon="14.259862">
      </trkpt>
      <trkpt lat="50.196571" lon="14.263273">
      </trkpt>
      <trkpt lat="50.19663" lon="14.263819">
      </trkpt>
      <trkpt lat="50.196846" lon="14.264488">
      </trkpt>
      <trkpt lat="50.197059" lon="14.26517">
      </trkpt>
      <trkpt lat="50.197259" lon="14.265654">
      </trkpt>
      <trkpt lat="50.198202" lon="14.267705">
      </trkpt>
      <trkpt lat="50.198474" lon="14.268529">
      </trkpt>
      <trkpt lat="50.198904" lon="14.270104">
      </trkpt>
      <trkpt lat="50.199068" lon="14.270983">
      </trkpt>
      <trkpt lat="50.199173" lon="14.272128">
      </trkpt>
      <trkpt lat="50.199303" lon="14.275168">
      </trkpt>
      <trkpt lat="50.193768" lon="14.281389">
      </trkpt>
      <trkpt lat="50.193517" lon="14.28498">
      </trkpt>
      <trkpt lat="50.191667" lon="14.293583">
      </trkpt>
      <trkpt lat="50.186453" lon="14.293789">
      </trkpt>
      <trkpt lat="50.185755" lon="14.293603">
      </trkpt>
      <trkpt lat="50.185046" lon="14.293466">
      </trkpt>
      <trkpt lat="50.184295" lon="14.293402">
      </trkpt>
      <trkpt lat="50.17994" lon="14.292692">
      </trkpt>
      <trkpt lat="50.173408" lon="14.286867">
      </trkpt>
      <trkpt lat="50.171863" lon="14.285665">
      </trkpt>
      <trkpt lat="50.171148" lon="14.285534">
      </trkpt>
      <trkpt lat="50.169828" lon="14.286492">
      </trkpt>
      <trkpt lat="50.169749" lon="14.287248">
      </trkpt>
      <trkpt lat="50.162745" lon="14.292124">
      </trkpt>
      <trkpt lat="50.16038" lon="14.29172">
      </trkpt>
      <trkpt lat="50.155761" lon="14.292462">
      </trkpt>
      <trkpt lat="50.152834" lon="14.29447">
      </trkpt>
      <trkpt lat="50.152913" lon="14.294613">
      </trkpt>
      <trkpt lat="50.155431" lon="14.302227">
      </trkpt>
      <trkpt lat="50.155526" lon="14.307699">
      </trkpt>
      <trkpt lat="50.155587" lon="14.308974">
      </trkpt>
      <trkpt lat="50.151717" lon="14.316343">
      </trkpt>
      <trkpt lat="50.151368" lon="14.316726">
      </trkpt>
      <trkpt lat="50.151094" lon="14.317186">
      </trkpt>
      <trkpt lat="50.150685" lon="14.318146">
      </trkpt>
      <trkpt lat="50.14881" lon="14.322944">
      </trkpt>
      <trkpt lat="50.14715" lon="14.327204">
      </trkpt>
      <trkpt lat="50.146965" lon="14.327772">
      </trkpt>
      <trkpt lat="50.146923" lon="14.32795">
      </trkpt>
      <trkpt lat="50.148577" lon="14.329563">
      </trkpt>
      <trkpt lat="50.148762" lon="14.329592">
      </trkpt>
      <trkpt lat="50.15288" lon="14.330282">
      </trkpt>
      <trkpt lat="50.156019" lon="14.335373">
      </trkpt>
      <trkpt lat="50.156474" lon="14.337018">
      </trkpt>
      <trkpt lat="50.161289" lon="14.342507">
      </trkpt>
      <trkpt lat="50.163296" lon="14.343889">
      </trkpt>
      <trkpt lat="50.165701" lon="14.345973">
      </trkpt>
      <trkpt lat="50.173622" lon="14.345328">
      </trkpt>
      <trkpt lat="50.174683" lon="14.354051">
      </trkpt>
      <trkpt lat="50.170887" lon="14.354253">
      </trkpt>
      <trkpt lat="50.170129" lon="14.356401">
      </trkpt>
      <trkpt lat="50.169602" lon="14.35754">
      </trkpt>
      <trkpt lat="50.169354" lon="14.358047">
      </trkpt>
      <trkpt lat="50.167571" lon="14.361055">
      </trkpt>
      <trkpt lat="50.167485" lon="14.36194">
      </trkpt>
      <trkpt lat="50.167527" lon="14.362196">
      </trkpt>
      <trkpt lat="50.167847" lon="14.363646">
      </trkpt>
      <trkpt lat="50.168342" lon="14.365518">
      </trkpt>
      <trkpt lat="50.168608" lon="14.366263">
      </trkpt>
      <trkpt lat="50.172379" lon="14.370972">
      </trkpt>
      <trkpt lat="50.171881" lon="14.375555">
      </trkpt>
      <trkpt lat="50.171801" lon="14.376474">
      </trkpt>
      <trkpt lat="50.171654" lon="14.377581">
      </trkpt>
      <trkpt lat="50.171408" lon="14.379865">
      </trkpt>
      <trkpt lat="50.1711" lon="14.381593">
      </trkpt>
      <trkpt lat="50.171064" lon="14.381847">
      </trkpt>
      <trkpt lat="50.171035" lon="14.382248">
      </trkpt>
      <trkpt lat="50.171041" lon="14.383167">
      </trkpt>
      <trkpt lat="50.176776" lon="14.387052">
      </trkpt>
      <trkpt lat="50.179245" lon="14.391201">
      </trkpt>
      <trkpt lat="50.17317" lon="14.397657">
      </trkpt>
      <trkpt lat="50.172767" lon="14.399133">
      </trkpt>
      <trkpt lat="50.166054" lon="14.403182">
      </trkpt>
      <trkpt lat="50.164778" lon="14.403236">
      </trkpt>
      <trkpt lat="50.161158" lon="14.402539">
      </trkpt>
      <trkpt lat="50.158086" lon="14.403074">
      </trkpt>
      <trkpt lat="50.149886" lon="14.402648">
      </trkpt>
      <trkpt lat="50.148241" lon="14.402658">
      </trkpt>
      <trkpt lat="50.147992" lon="14.404305">
      </trkpt>
      <trkpt lat="50.144974" lon="14.412619">
      </trkpt>
      <trkpt lat="50.137146" lon="14.414907">
      </trkpt>
      <trkpt lat="50.134296" lon="14.411703">
      </trkpt>
      <trkpt lat="50.133837" lon="14.408403">
      </trkpt>
      <trkpt lat="50.13388" lon="14.407667">
      </trkpt>
      <trkpt lat="50.132187" lon="14.406501">
      </trkpt>
      <trkpt lat="50.131861" lon="14.406447">
      </trkpt>
      <trkpt lat="50.130286" lon="14.40746">
      </trkpt>
      <trkpt lat="50.125648" lon="14.412116">
      </trkpt>
      <trkpt lat="50.123218" lon="14.414175">
      </trkpt>
      <trkpt lat="50.12337" lon="14.414816">
      </trkpt>
      <trkpt lat="50.123151" lon="14.421092">
      </trkpt>
      <trkpt lat="50.115118" lon="14.424094">
      </trkpt>
      <trkpt lat="50.111648" lon="14.425053">
      </trkpt>
      <trkpt lat="50.112143" lon="14.428997">
      </trkpt>
      <trkpt lat="50.112069" lon="14.43004">
      </trkpt>
      <trkpt lat="50.111971" lon="14.431758">
      </trkpt>
      <trkpt lat="50.107451" lon="14.438142">
      </trkpt>
      <trkpt lat="50.106525" lon="14.441502">
      </trkpt>
      <trkpt lat="50.106031" lon="14.445966">
      </trkpt>
      <trkpt lat="50.105997" lon="14.446407">
      </trkpt>
      <trkpt lat="50.107459" lon="14.446833">
      </trkpt>
      <trkpt lat="50.112817" lon="14.451642">
      </trkpt>
      <trkpt lat="50.113511" lon="14.458707">
      </trkpt>
      <trkpt lat="50.113207" lon="14.459675">
      </trkpt>
      <trkpt lat="50.1141" lon="14.461767">
      </trkpt>
      <trkpt lat="50.109286" lon="14.468011">
      </trkpt>
      <trkpt lat="50.107145" lon="14.468705">
      </trkpt>
      <trkpt lat="50.105597" lon="14.469534">
      </trkpt>
      <trkpt lat="50.104056" lon="14.472734">
      </trkpt>
      <trkpt lat="50.104044" lon="14.473346">
      </trkpt>
      <trkpt lat="50.103066" lon="14.482248">
      </trkpt>
      <trkpt lat="50.103005" lon="14.482675">
      </trkpt>
      <trkpt lat="50.102972" lon="14.483062">
      </trkpt>
      <trkpt lat="50.103485" lon="14.48672">
      </trkpt>
      <trkpt lat="50.104207" lon="14.490952">
      </trkpt>
      <trkpt lat="50.104412" lon="14.494723">
      </trkpt>
      <trkpt lat="50.101807" lon="14.502429">
      </trkpt>
      <trkpt lat="50.101764" lon="14.502514">
      </trkpt>
      <trkpt lat="50.10059" lon="14.507666">
      </trkpt>
      <trkpt lat="50.099966" lon="14.513328">
      </trkpt>
      <trkpt lat="50.099192" lon="14.51945">
      </trkpt>
      <trkpt lat="50.099294" lon="14.51984">
      </trkpt>
      <trkpt lat="50.099497" lon="14.520367">
      </trkpt>
      <trkpt lat="50.094894" lon="14.528098">
      </trkpt>
      <trkpt lat="50.09311" lon="14.527862">
      </trkpt>
      <trkpt lat="50.091331" lon="14.527582">
      </trkpt>
      <trkpt lat="50.089693" lon="14.532579">
      </trkpt>
      <trkpt lat="50.092207" lon="14.535156">
      </trkpt>
      <trkpt lat="50.100209" lon="14.53659">
      </trkpt>
      <trkpt lat="50.101912" lon="14.538581">
      </trkpt>
      <trkpt lat="50.102668" lon="14.545379">
      </trkpt>
      <trkpt lat="50.101345" lon="14.547566">
      </trkpt>
      <trkpt lat="50.101291" lon="14.548134">
      </trkpt>
      <trkpt lat="50.101303" lon="14.548401">
      </trkpt>
      <trkpt lat="50.104953" lon="14.553995">
      </trkpt>
      <trkpt lat="50.107199" lon="14.557856">
      </trkpt>
      <trkpt lat="50.111168" lon="14.56306">
      </trkpt>
      <trkpt lat="50.114611" lon="14.568868">
      </trkpt>
      <trkpt lat="50.115022" lon="14.574371">
      </trkpt>
      <trkpt lat="50.114958" lon="14.57584">
      </trkpt>
      <trkpt lat="50.114973" lon="14.577169">
      </trkpt>
      <trkpt lat="50.115017" lon="14.57793">
      </trkpt>
      <trkpt lat="50.112803" lon="14.58602">
      </trkpt>
      <trkpt lat="50.112427" lon="14.5896">
      </trkpt>
      <trkpt lat="50.118459" lon="14.593097">
      </trkpt>
      <trkpt lat="50.11986" lon="14.598753">
      </trkpt>
      <trkpt lat="50.120184" lon="14.600241">
      </trkpt>
      <trkpt lat="50.120691" lon="14.602802">
      </trkpt>
      <trkpt lat="50.121256" lon="14.605491">
      </trkpt>
      <trkpt lat="50.121682" lon="14.607465">
      </trkpt>
      <trkpt lat="50.1225" lon="14.611173">
      </trkpt>
      <trkpt lat="50.122885" lon="14.612777">
      </trkpt>
      <trkpt lat="50.126385" lon="14.611936">
      </trkpt>
      <trkpt lat="50.126" lon="14.610332">
      </trkpt>
      <trkpt lat="50.125201" lon="14.606706">
      </trkpt>
      <trkpt lat="50.124775" lon="14.604732">
      </trkpt>
      <trkpt lat="50.124214" lon="14.602062">
      </trkpt>
      <trkpt lat="50.123715" lon="14.599542">
      </trkpt>
      <trkpt lat="50.123378" lon="14.597989">
      </trkpt>
      <trkpt lat="50.121952" lon="14.592225">
      </trkpt>
      <trkpt lat="50.121178" lon="14.589127">
      </trkpt>
      <trkpt lat="50.120307" lon="14.585648">
      </trkpt>
      <trkpt lat="50.119728" lon="14.583334">
      </trkpt>
      <trkpt lat="50.119113" lon="14.58087">
      </trkpt>
      <trkpt lat="50.123623" lon="14.57366">
      </trkpt>
      <trkpt lat="50.127284" lon="14.572165">
      </trkpt>
      <trkpt lat="50.127331" lon="14.572018">
      </trkpt>
      <trkpt lat="50.127557" lon="14.570993">
      </trkpt>
      <trkpt lat="50.1283" lon="14.567546">
      </trkpt>
      <trkpt lat="50.128308" lon="14.567455">
      </trkpt>
      <trkpt lat="50.128308" lon="14.567454">
      </trkpt>
      <trkpt lat="50.128315" lon="14.567363">
      </trkpt>
      <trkpt lat="50.128021" lon="14.564937">
      </trkpt>
      <trkpt lat="50.131263" lon="14.556822">
      </trkpt>
      <trkpt lat="50.133147" lon="14.556442">
      </trkpt>
      <trkpt lat="50.142082" lon="14.556543">
      </trkpt>
      <trkpt lat="50.144955" lon="14.564434">
      </trkpt>
      <trkpt lat="50.144871" lon="14.564763">
      </trkpt>
      <trkpt lat="50.144818" lon="14.565214">
      </trkpt>
      <trkpt lat="50.144933" lon="14.567194">
      </trkpt>
      <trkpt lat="50.144567" lon="14.571569">
      </trkpt>
      <trkpt lat="50.143049" lon="14.574871">
      </trkpt>
      <trkpt lat="50.142887" lon="14.575151">
      </trkpt>
      <trkpt lat="50.142111" lon="14.576901">
      </trkpt>
      <trkpt lat="50.141977" lon="14.577489">
      </trkpt>
      <trkpt lat="50.142974" lon="14.578911">
      </trkpt>
      <trkpt lat="50.143068" lon="14.578953">
      </trkpt>
      <trkpt lat="50.143705" lon="14.579093">
      </trkpt>
      <trkpt lat="50.143785" lon="14.5791">
      </trkpt>
      <trkpt lat="50.143993" lon="14.579095">
      </trkpt>
      <trkpt lat="50.145487" lon="14.578288">
      </trkpt>
      <trkpt lat="50.146163" lon="14.576679">
      </trkpt>
      <trkpt lat="50.147305" lon="14.574861">
      </trkpt>
      <trkpt lat="50.151306" lon="14.570297">
      </trkpt>
      <trkpt lat="50.156555" lon="14.570975">
      </trkpt>
      <trkpt lat="50.158827" lon="14.571835">
      </trkpt>
      <trkpt lat="50.161915" lon="14.57366">
      </trkpt>
      <trkpt lat="50.162024" lon="14.573497">
      </trkpt>
      <trkpt lat="50.162056" lon="14.573448">
      </trkpt>
      <trkpt lat="50.162223" lon="14.573178">
      </trkpt>
      <trkpt lat="50.16044" lon="14.56881">
      </trkpt>
      <trkpt lat="50.159056" lon="14.565825">
      </trkpt>
      <trkpt lat="50.158058" lon="14.562982">
      </trkpt>
      <trkpt lat="50.157682" lon="14.561769">
      </trkpt>
      <trkpt lat="50.157146" lon="14.559938">
      </trkpt>
      <trkpt lat="50.156984" lon="14.559378">
      </trkpt>
      <trkpt lat="50.156757" lon="14.558691">
      </trkpt>
      <trkpt lat="50.156318" lon="14.557549">
      </trkpt>
      <trkpt lat="50.155812" lon="14.556296">
      </trkpt>
      <trkpt lat="50.154864" lon="14.554111">
      </trkpt>
      <trkpt lat="50.158158" lon="14.547164">
      </trkpt>
      <trkpt lat="50.158791" lon="14.54681">
      </trkpt>
      <trkpt lat="50.15917" lon="14.546564">
      </trkpt>
      <trkpt lat="50.167789" lon="14.546185">
      </trkpt>
      <trkpt lat="50.168979" lon="14.547686">
      </trkpt>
      <trkpt lat="50.170216" lon="14.555754">
      </trkpt>
      <trkpt lat="50.17024" lon="14.555978">
      </trkpt>
      <trkpt lat="50.172285" lon="14.557578">
      </trkpt>
      <trkpt lat="50.172461" lon="14.557535">
      </trkpt>
      <trkpt lat="50.174703" lon="14.557074">
      </trkpt>
      <trkpt lat="50.183058" lon="14.558219">
      </trkpt>
      <trkpt lat="50.183511" lon="14.558519">
      </trkpt>
      <trkpt lat="50.187963" lon="14.563693">
      </trkpt>
      <trkpt lat="50.187464" lon="14.569004">
      </trkpt>
      <trkpt lat="50.187237" lon="14.570686">
      </trkpt>
      <trkpt lat="50.186729" lon="14.572852">
      </trkpt>
      <trkpt lat="50.189363" lon="14.580373">
      </trkpt>
      <trkpt lat="50.18946" lon="14.582167">
      </trkpt>
      <trkpt lat="50.193055" lon="14.581973">
      </trkpt>
      <trkpt lat="50.192958" lon="14.580178">
      </trkpt>
      <trkpt lat="50.192967" lon="14.579678">
      </trkpt>
      <trkpt lat="50.193138" lon="14.578036">
      </trkpt>
      <trkpt lat="50.193319" lon="14.576234">
      </trkpt>
      <trkpt lat="50.193583" lon="14.575058">
      </trkpt>
      <trkpt lat="50.1953" lon="14.571894">
      </trkpt>
      <trkpt lat="50.198366" lon="14.567988">
      </trkpt>
      <trkpt lat="50.20641" lon="14.571901">
      </trkpt>
      <trkpt lat="50.205656" lon="14.577567">
      </trkpt>
      <trkpt lat="50.20544" lon="14.577982">
      </trkpt>
      <trkpt lat="50.204667" lon="14.579649">
      </trkpt>
      <trkpt lat="50.203932" lon="14.581237">
      </trkpt>
      <trkpt lat="50.203723" lon="14.581638">
      </trkpt>
      <trkpt lat="50.202107" lon="14.5845">
      </trkpt>
      <trkpt lat="50.201794" lon="14.58531">
      </trkpt>
      <trkpt lat="50.201558" lon="14.586295">
      </trkpt>
      <trkpt lat="50.201272" lon="14.587136">
      </trkpt>
      <trkpt lat="50.200883" lon="14.587877">
      </trkpt>
      <trkpt lat="50.204069" lon="14.589552">
      </trkpt>
      <trkpt lat="50.204458" lon="14.588812">
      </trkpt>
      <trkpt lat="50.210331" lon="14.583546">
      </trkpt>
      <trkpt lat="50.218561" lon="14.583526">
      </trkpt>
      <trkpt lat="50.221718" lon="14.585256">
      </trkpt>
      <trkpt lat="50.222017" lon="14.584712">
      </trkpt>
      <trkpt lat="50.222397" lon="14.583756">
      </trkpt>
      <trkpt lat="50.226943" lon="14.578925">
      </trkpt>
      <trkpt lat="50.22971" lon="14.577987">
      </trkpt>
      <trkpt lat="50.232855" lon="14.572015">
      </trkpt>
      <trkpt lat="50.232944" lon="14.571786">
      </trkpt>
      <trkpt lat="50.233134" lon="14.570993">
      </trkpt>
      <trkpt lat="50.233171" lon="14.570234">
      </trkpt>
      <trkpt lat="50.237167" lon="14.562262">
      </trkpt>
      <trkpt lat="50.239287" lon="14.557055">
      </trkpt>
      <trkpt lat="50.239159" lon="14.55601">
      </trkpt>
      <trkpt lat="50.240065" lon="14.548332">
      </trkpt>
      <trkpt lat="50.244156" lon="14.545627">
      </trkpt>
      <trkpt lat="50.247008" lon="14.539598">
      </trkpt>
      <trkpt lat="50.247202" lon="14.539235">
      </trkpt>
      <trkpt lat="50.245745" lon="14.53696">
      </trkpt>
      <trkpt lat="50.245488" lon="14.53695">
      </trkpt>
      <trkpt lat="50.240342" lon="14.536363">
      </trkpt>
      <trkpt lat="50.237345" lon="14.533966">
      </trkpt>
      <trkpt lat="50.236977" lon="14.533579">
      </trkpt>
      <trkpt lat="50.234734" lon="14.526503">
      </trkpt>
      <trkpt lat="50.234283" lon="14.523338">
      </trkpt>
      <trkpt lat="50.238665" lon="14.51618">
      </trkpt>
      <trkpt lat="50.241319" lon="14.517404">
      </trkpt>
      <trkpt lat="50.242879" lon="14.519071">
      </trkpt>
      <trkpt lat="50.248008" lon="14.519709">
      </trkpt>
      <trkpt lat="50.250929" lon="14.526501">
      </trkpt>
      <trkpt lat="50.251264" lon="14.528335">
      </trkpt>
      <trkpt lat="50.253201" lon="14.529093">
      </trkpt>
      <trkpt lat="50.25536" lon="14.529077">
      </trkpt>
      <trkpt lat="50.256927" lon="14.527683">
      </trkpt>
      <trkpt lat="50.258806" lon="14.524475">
      </trkpt>
      <trkpt lat="50.261573" lon="14.521148">
      </trkpt>
      <trkpt lat="50.26837" lon="14.516943">
      </trkpt>
      <trkpt lat="50.274662" lon="14.515832">
      </trkpt>
      <trkpt lat="50.274775" lon="14.515829">
      </trkpt>
      <trkpt lat="50.276436" lon="14.514155">
      </trkpt>
      <trkpt lat="50.276697" lon="14.512268">
      </trkpt>
      <trkpt lat="50.280623" lon="14.504635">
      </trkpt>
      <trkpt lat="50.289445" lon="14.50319">
      </trkpt>
      <trkpt lat="50.289866" lon="14.503567">
      </trkpt>
      <trkpt lat="50.294665" lon="14.504729">
      </trkpt>
      <trkpt lat="50.297956" lon="14.508552">
      </trkpt>
      <trkpt lat="50.298362" lon="14.509478">
      </trkpt>
      <trkpt lat="50.299559" lon="14.512025">
      </trkpt>
      <trkpt lat="50.299589" lon="14.512077">
      </trkpt>
      <trkpt lat="50.300424" lon="14.51299">
      </trkpt>
      <trkpt lat="50.302312" lon="14.512494">
      </trkpt>
      <trkpt lat="50.302351" lon="14.512458">
      </trkpt>
      <trkpt lat="50.303317" lon="14.510848">
      </trkpt>
      <trkpt lat="50.30373" lon="14.510238">
      </trkpt>
      <trkpt lat="50.301598" lon="14.507517">
      </trkpt>
      <trkpt lat="50.299373" lon="14.503927">
      </trkpt>
      <trkpt lat="50.298317" lon="14.499802">
      </trkpt>
      <trkpt lat="50.296684" lon="14.496594">
      </trkpt>
      <trkpt lat="50.294997" lon="14.493572">
      </trkpt>
      <trkpt lat="50.295837" lon="14.485223">
      </trkpt>
      <trkpt lat="50.298057" lon="14.48039">
      </trkpt>
      <trkpt lat="50.298048" lon="14.480312">
      </trkpt>
      <trkpt lat="50.297895" lon="14.478971">
      </trkpt>
      <trkpt lat="50.301417" lon="14.472607">
      </trkpt>
      <trkpt lat="50.304912" lon="14.471743">
      </trkpt>
      <trkpt lat="50.311607" lon="14.466831">
      </trkpt>
      <trkpt lat="50.314164" lon="14.465781">
      </trkpt>
      <trkpt lat="50.314719" lon="14.460653">
      </trkpt>
      <trkpt lat="50.323256" lon="14.459338">
      </trkpt>
      <trkpt lat="50.323382" lon="14.459376">
      </trkpt>
      <trkpt lat="50.329959" lon="14.457712">
      </trkpt>
      <trkpt lat="50.334305" lon="14.460753">
      </trkpt>
      <trkpt lat="50.335968" lon="14.462721">
      </trkpt>
      <trkpt lat="50.337242" lon="14.465092">
      </trkpt>
      <trkpt lat="50.339671" lon="14.471309">
      </trkpt>
      <trkpt lat="50.339726" lon="14.474908">
      </trkpt>
      <trkpt lat="50.342692" lon="14.474862">
      </trkpt>
      <trkpt lat="50.346697" lon="14.481076">
      </trkpt>
      <trkpt lat="50.343717" lon="14.484645">
      </trkpt>
      <trkpt lat="50.343007" lon="14.485432">
      </trkpt>
      <trkpt lat="50.342307" lon="14.489153">
      </trkpt>
      <trkpt lat="50.336296" lon="14.491633">
      </trkpt>
      <trkpt lat="50.335739" lon="14.491763">
      </trkpt>
      <trkpt lat="50.335263" lon="14.491965">
      </trkpt>
      <trkpt lat="50.334821" lon="14.49226">
      </trkpt>
      <trkpt lat="50.333216" lon="14.493665">
      </trkpt>
      <trkpt lat="50.328789" lon="14.496223">
      </trkpt>
      <trkpt lat="50.328161" lon="14.496619">
      </trkpt>
      <trkpt lat="50.327189" lon="14.497178">
      </trkpt>
      <trkpt lat="50.321593" lon="14.500752">
      </trkpt>
      <trkpt lat="50.318097" lon="14.501612">
      </trkpt>
      <trkpt lat="50.317843" lon="14.504823">
      </trkpt>
      <trkpt lat="50.317748" lon="14.505214">
      </trkpt>
      <trkpt lat="50.313085" lon="14.511256">
      </trkpt>
      <trkpt lat="50.311659" lon="14.514857">
      </trkpt>
      <trkpt lat="50.311247" lon="14.516489">
      </trkpt>
      <trkpt lat="50.311378" lon="14.51679">
      </trkpt>
      <trkpt lat="50.3114" lon="14.516838">
      </trkpt>
      <trkpt lat="50.31148" lon="14.517006">
      </trkpt>
      <trkpt lat="50.313589" lon="14.517896">
      </trkpt>
      <trkpt lat="50.313787" lon="14.51777">
      </trkpt>
      <trkpt lat="50.314215" lon="14.517424">
      </trkpt>
      <trkpt lat="50.318086" lon="14.515707">
      </trkpt>
      <trkpt lat="50.325769" lon="14.515191">
      </trkpt>
      <trkpt lat="50.327804" lon="14.51857">
      </trkpt>
      <trkpt lat="50.328015" lon="14.519138">
      </trkpt>
      <trkpt lat="50.327475" lon="14.527369">
      </trkpt>
      <trkpt lat="50.325884" lon="14.530598">
      </trkpt>
      <trkpt lat="50.326185" lon="14.535122">
      </trkpt>
      <trkpt lat="50.325191" lon="14.542648">
      </trkpt>
      <trkpt lat="50.322469" lon="14.549739">
      </trkpt>
      <trkpt lat="50.322291" lon="14.550412">
      </trkpt>
      <trkpt lat="50.322113" lon="14.551403">
      </trkpt>
      <trkpt lat="50.323655" lon="14.552003">
      </trkpt>
      <trkpt lat="50.324602" lon="14.552327">
      </trkpt>
      <trkpt lat="50.324828" lon="14.552343">
      </trkpt>
      <trkpt lat="50.325656" lon="14.552039">
      </trkpt>
      <trkpt lat="50.329619" lon="14.546342">
      </trkpt>
      <trkpt lat="50.333107" lon="14.540059">
      </trkpt>
      <trkpt lat="50.33622" lon="14.53825">
      </trkpt>
      <trkpt lat="50.34193" lon="14.542297">
      </trkpt>
      <trkpt lat="50.34282" lon="14.546476">
      </trkpt>
      <trkpt lat="50.342977" lon="14.547011">
      </trkpt>
      <trkpt lat="50.343088" lon="14.547326">
      </trkpt>
      <trkpt lat="50.343779" lon="14.549162">
      </trkpt>
      <trkpt lat="50.342785" lon="14.556315">
      </trkpt>
      <trkpt lat="50.34294" lon="14.556704">
      </trkpt>
      <trkpt lat="50.343211" lon="14.557328">
      </trkpt>
      <trkpt lat="50.343826" lon="14.55892">
      </trkpt>
      <trkpt lat="50.347737" lon="14.562113">
      </trkpt>
      <trkpt lat="50.351135" lon="14.560926">
      </trkpt>
      <trkpt lat="50.350708" lon="14.559704">
      </trkpt>
      <trkpt lat="50.350248" lon="14.558143">
      </trkpt>
      <trkpt lat="50.350012" lon="14.557449">
      </trkpt>
      <trkpt lat="50.34937" lon="14.554997">
      </trkpt>
      <trkpt lat="50.348364" lon="14.55154">
      </trkpt>
      <trkpt lat="50.3477" lon="14.549808">
      </trkpt>
      <trkpt lat="50.347388" lon="14.548608">
      </trkpt>
      <trkpt lat="50.347188" lon="14.548006">
      </trkpt>
      <trkpt lat="50.346812" lon="14.546549">
      </trkpt>
      <trkpt lat="50.346281" lon="14.545484">
      </trkpt>
      <trkpt lat="50.345445" lon="14.541522">
      </trkpt>
      <trkpt lat="50.353503" lon="14.537924">
      </trkpt>
      <trkpt lat="50.355663" lon="14.535043">
      </trkpt>
      <trkpt lat="50.358468" lon="14.529488">
      </trkpt>
      <trkpt lat="50.364431" lon="14.527062">
      </trkpt>
      <trkpt lat="50.367523" lon="14.528905">
      </trkpt>
      <trkpt lat="50.372539" lon="14.535907">
      </trkpt>
      <trkpt lat="50.372572" lon="14.536841">
      </trkpt>
      <trkpt lat="50.372389" lon="14.538544">
      </trkpt>
      <trkpt lat="50.371792" lon="14.541684">
      </trkpt>
      <trkpt lat="50.371304" lon="14.54426">
      </trkpt>
      <trkpt lat="50.370781" lon="14.545837">
      </trkpt>
      <trkpt lat="50.370515" lon="14.546785">
      </trkpt>
      <trkpt lat="50.37024" lon="14.548198">
      </trkpt>
      <trkpt lat="50.37021" lon="14.54996">
      </trkpt>
      <trkpt lat="50.370358" lon="14.550065">
      </trkpt>
      <trkpt lat="50.370699" lon="14.550254">
      </trkpt>
      <trkpt lat="50.370811" lon="14.550302">
      </trkpt>
      <trkpt lat="50.373344" lon="14.549834">
      </trkpt>
      <trkpt lat="50.381601" lon="14.552957">
      </trkpt>
      <trkpt lat="50.381665" lon="14.553563">
      </trkpt>
      <trkpt lat="50.381815" lon="14.554169">
      </trkpt>
      <trkpt lat="50.381994" lon="14.554649">
      </trkpt>
      <trkpt lat="50.382612" lon="14.556185">
      </trkpt>
      <trkpt lat="50.385952" lon="14.554841">
      </trkpt>
      <trkpt lat="50.386052" lon="14.550076">
      </trkpt>
      <trkpt lat="50.390706" lon="14.54606">
      </trkpt>
      <trkpt lat="50.391829" lon="14.545863">
      </trkpt>
      <trkpt lat="50.394144" lon="14.544991">
      </trkpt>
      <trkpt lat="50.393614" lon="14.542737">
      </trkpt>
      <trkpt lat="50.392731" lon="14.542233">
      </trkpt>
      <trkpt lat="50.391464" lon="14.541589">
      </trkpt>
      <trkpt lat="50.390215" lon="14.541069">
      </trkpt>
      <trkpt lat="50.38969" lon="14.540873">
      </trkpt>
      <trkpt lat="50.389147" lon="14.540807">
      </trkpt>
      <trkpt lat="50.386094" lon="14.539936">
      </trkpt>
      <trkpt lat="50.385228" lon="14.539507">
      </trkpt>
      <trkpt lat="50.380391" lon="14.534299">
      </trkpt>
      <trkpt lat="50.380279" lon="14.533361">
      </trkpt>
      <trkpt lat="50.380205" lon="14.531656">
      </trkpt>
      <trkpt lat="50.387583" lon="14.526783">
      </trkpt>
      <trkpt lat="50.391122" lon="14.527439">
      </trkpt>
      <trkpt lat="50.394471" lon="14.527639">
      </trkpt>
      <trkpt lat="50.398039" lon="14.527161">
      </trkpt>
      <trkpt lat="50.403754" lon="14.524756">
      </trkpt>
      <trkpt lat="50.406855" lon="14.523998">
      </trkpt>
      <trkpt lat="50.410296" lon="14.522938">
      </trkpt>
      <trkpt lat="50.409699" lon="14.515419">
      </trkpt>
      <trkpt lat="50.410022" lon="14.51254">
      </trkpt>
      <trkpt lat="50.409125" lon="14.510155">
      </trkpt>
      <trkpt lat="50.40556" lon="14.509648">
      </trkpt>
      <trkpt lat="50.399261" lon="14.51016">
      </trkpt>
      <trkpt lat="50.397405" lon="14.5093">
      </trkpt>
      <trkpt lat="50.395534" lon="14.508433">
      </trkpt>
      <trkpt lat="50.391017" lon="14.502965">
      </trkpt>
      <trkpt lat="50.390826" lon="14.502566">
      </trkpt>
      <trkpt lat="50.390575" lon="14.502125">
      </trkpt>
      <trkpt lat="50.389173" lon="14.500038">
      </trkpt>
      <trkpt lat="50.388872" lon="14.499359">
      </trkpt>
      <trkpt lat="50.388471" lon="14.498757">
      </trkpt>
      <trkpt lat="50.387399" lon="14.497753">
      </trkpt>
      <trkpt lat="50.385148" lon="14.495083">
      </trkpt>
      <trkpt lat="50.384915" lon="14.494702">
      </trkpt>
      <trkpt lat="50.38411" lon="14.490239">
      </trkpt>
      <trkpt lat="50.384192" lon="14.48961">
      </trkpt>
      <trkpt lat="50.382997" lon="14.480746">
      </trkpt>
      <trkpt lat="50.383814" lon="14.476968">
      </trkpt>
      <trkpt lat="50.391077" lon="14.476342">
      </trkpt>
      <trkpt lat="50.394408" lon="14.480905">
      </trkpt>
      <trkpt lat="50.394451" lon="14.48146">
      </trkpt>
      <trkpt lat="50.394532" lon="14.484511">
      </trkpt>
      <trkpt lat="50.394528" lon="14.485274">
      </trkpt>
      <trkpt lat="50.394689" lon="14.485885">
      </trkpt>
      <trkpt lat="50.395055" lon="14.486718">
      </trkpt>
      <trkpt lat="50.398351" lon="14.485271">
      </trkpt>
      <trkpt lat="50.406688" lon="14.488537">
      </trkpt>
      <trkpt lat="50.406239" lon="14.491839">
      </trkpt>
      <trkpt lat="50.406233" lon="14.492756">
      </trkpt>
      <trkpt lat="50.406307" lon="14.493661">
      </trkpt>
      <trkpt lat="50.406491" lon="14.494561">
      </trkpt>
      <trkpt lat="50.406759" lon="14.495384">
      </trkpt>
      <trkpt lat="50.407184" lon="14.496278">
      </trkpt>
      <trkpt lat="50.40791" lon="14.49843">
      </trkpt>
      <trkpt lat="50.411375" lon="14.499406">
      </trkpt>
      <trkpt lat="50.411542" lon="14.498812">
      </trkpt>
      <trkpt lat="50.411683" lon="14.498092">
      </trkpt>
      <trkpt lat="50.411742" lon="14.497602">
      </trkpt>
      <trkpt lat="50.411744" lon="14.497078">
      </trkpt>
      <trkpt lat="50.411591" lon="14.496355">
      </trkpt>
      <trkpt lat="50.411281" lon="14.495699">
      </trkpt>
      <trkpt lat="50.410253" lon="14.489037">
      </trkpt>
      <trkpt lat="50.410511" lon="14.487771">
      </trkpt>
      <trkpt lat="50.410299" lon="14.485772">
      </trkpt>
      <trkpt lat="50.410804" lon="14.482373">
      </trkpt>
      <trkpt lat="50.4109" lon="14.481637">
      </trkpt>
      <trkpt lat="50.410926" lon="14.480825">
      </trkpt>
      <trkpt lat="50.410923" lon="14.477683">
      </trkpt>
      <trkpt lat="50.410874" lon="14.476635">
      </trkpt>
      <trkpt lat="50.410641" lon="14.47407">
      </trkpt>
      <trkpt lat="50.410564" lon="14.473579">
      </trkpt>
      <trkpt lat="50.41031" lon="14.472601">
      </trkpt>
      <trkpt lat="50.410094" lon="14.471968">
      </trkpt>
      <trkpt lat="50.409991" lon="14.471575">
      </trkpt>
      <trkpt lat="50.409878" lon="14.471078">
      </trkpt>
      <trkpt lat="50.409798" lon="14.470565">
      </trkpt>
      <trkpt lat="50.409683" lon="14.469619">
      </trkpt>
      <trkpt lat="50.408854" lon="14.465934">
      </trkpt>
      <trkpt lat="50.416882" lon="14.463138">
      </trkpt>
      <trkpt lat="50.41696" lon="14.463198">
      </trkpt>
      <trkpt lat="50.417043" lon="14.463253">
      </trkpt>
      <trkpt lat="50.418802" lon="14.464564">
      </trkpt>
      <trkpt lat="50.422108" lon="14.469575">
      </trkpt>
      <trkpt lat="50.422474" lon="14.471864">
      </trkpt>
      <trkpt lat="50.422762" lon="14.473678">
      </trkpt>
      <trkpt lat="50.423584" lon="14.478834">
      </trkpt>
      <trkpt lat="50.423685" lon="14.480236">
      </trkpt>
      <trkpt lat="50.423698" lon="14.481222">
      </trkpt>
      <trkpt lat="50.427298" lon="14.481176">
      </trkpt>
      <trkpt lat="50.429736" lon="14.476568">
      </trkpt>
      <trkpt lat="50.435804" lon="14.473049">
      </trkpt>
      <trkpt lat="50.437177" lon="14.469721">
      </trkpt>
      <trkpt lat="50.435339" lon="14.468251">
      </trkpt>
      <trkpt lat="50.434684" lon="14.467528">
      </trkpt>
      <trkpt lat="50.433563" lon="14.46647">
      </trkpt>
      <trkpt lat="50.432985" lon="14.466049">
      </trkpt>
      <trkpt lat="50.431697" lon="14.464945">
      </trkpt>
      <trkpt lat="50.431382" lon="14.464582">
      </trkpt>
      <trkpt lat="50.432047" lon="14.456838">
      </trkpt>
      <trkpt lat="50.435626" lon="14.456454">
      </trkpt>
      <trkpt lat="50.43883" lon="14.457273">
      </trkpt>
      <trkpt lat="50.439403" lon="14.457689">
      </trkpt>
      <trkpt lat="50.439689" lon="14.457583">
      </trkpt>
      <trkpt lat="50.442391" lon="14.456746">
      </trkpt>
      <trkpt lat="50.444442" lon="14.450708">
      </trkpt>
      <trkpt lat="50.444903" lon="14.444652">
      </trkpt>
      <trkpt lat="50.441834" lon="14.44277">
      </trkpt>
      <trkpt lat="50.437172" lon="14.439803">
      </trkpt>
      <trkpt lat="50.441837" lon="14.43276">
      </trkpt>
      <trkpt lat="50.446955" lon="14.432355">
      </trkpt>
      <trkpt lat="50.450554" lon="14.43228">
      </trkpt>
      <trkpt lat="50.453857" lon="14.432312">
      </trkpt>
      <trkpt lat="50.457424" lon="14.432802">
      </trkpt>
      <trkpt lat="50.460461" lon="14.433269">
      </trkpt>
      <trkpt lat="50.461301" lon="14.430541">
      </trkpt>
      <trkpt lat="50.46288" lon="14.424798">
      </trkpt>
      <trkpt lat="50.463061" lon="14.421203">
      </trkpt>
      <trkpt lat="50.469406" lon="14.417154">
      </trkpt>
      <trkpt lat="50.477169" lon="14.420283">
      </trkpt>
      <trkpt lat="50.479738" lon="14.422917">
      </trkpt>
      <trkpt lat="50.480731" lon="14.428662">
      </trkpt>
      <trkpt lat="50.480144" lon="14.431064">
      </trkpt>
      <trkpt lat="50.480018" lon="14.431912">
      </trkpt>
      <trkpt lat="50.479557" lon="14.433761">
      </trkpt>
      <trkpt lat="50.474436" lon="14.439442">
      </trkpt>
      <trkpt lat="50.47021" lon="14.440231">
      </trkpt>
      <trkpt lat="50.470081" lon="14.443829">
      </trkpt>
      <trkpt lat="50.466772" lon="14.449702">
      </trkpt>
      <trkpt lat="50.467158" lon="14.453281">
      </trkpt>
      <trkpt lat="50.472951" lon="14.459748">
      </trkpt>
      <trkpt lat="50.472582" lon="14.46124">
      </trkpt>
      <trkpt lat="50.472357" lon="14.462094">
      </trkpt>
      <trkpt lat="50.4719" lon="14.463632">
      </trkpt>
      <trkpt lat="50.471788" lon="14.46426">
      </trkpt>
      <trkpt lat="50.471404" lon="14.466592">
      </trkpt>
      <trkpt lat="50.468681" lon="14.47193">
      </trkpt>
      <trkpt lat="50.468655" lon="14.472094">
      </trkpt>
      <trkpt lat="50.469717" lon="14.473853">
      </trkpt>
      <trkpt lat="50.473381" lon="14.478791">
      </trkpt>
      <trkpt lat="50.474896" lon="14.479495">
      </trkpt>
      <trkpt lat="50.476944" lon="14.479302">
      </trkpt>
      <trkpt lat="50.477424" lon="14.479133">
      </trkpt>
      <trkpt lat="50.477609" lon="14.478656">
      </trkpt>
      <trkpt lat="50.477717" lon="14.47817">
      </trkpt>
      <trkpt lat="50.477748" lon="14.477706">
      </trkpt>
      <trkpt lat="50.477688" lon="14.476651">
      </trkpt>
      <trkpt lat="50.477652" lon="14.476475">
      </trkpt>
      <trkpt lat="50.477246" lon="14.473927">
      </trkpt>
      <trkpt lat="50.475261" lon="14.4659">
      </trkpt>
      <trkpt lat="50.475802" lon="14.463138">
      </trkpt>
      <trkpt lat="50.476062" lon="14.462163">
      </trkpt>
      <trkpt lat="50.47631" lon="14.461358">
      </trkpt>
      <trkpt lat="50.476446" lon="14.460734">
      </trkpt>
      <trkpt lat="50.476519" lon="14.460225">
      </trkpt>
      <trkpt lat="50.476621" lon="14.458791">
      </trkpt>
      <trkpt lat="50.47678" lon="14.456822">
      </trkpt>
      <trkpt lat="50.47694" lon="14.454832">
      </trkpt>
      <trkpt lat="50.477012" lon="14.454363">
      </trkpt>
      <trkpt lat="50.477429" lon="14.451928">
      </trkpt>
      <trkpt lat="50.477771" lon="14.450386">
      </trkpt>
      <trkpt lat="50.478368" lon="14.445203">
      </trkpt>
      <trkpt lat="50.480667" lon="14.442126">
      </trkpt>
      <trkpt lat="50.487669" lon="14.442446">
      </trkpt>
      <trkpt lat="50.488522" lon="14.442665">
      </trkpt>
      <trkpt lat="50.493168" lon="14.445891">
      </trkpt>
      <trkpt lat="50.494415" lon="14.446595">
      </trkpt>
      <trkpt lat="50.49523" lon="14.446567">
      </trkpt>
      <trkpt lat="50.496058" lon="14.446177">
      </trkpt>
      <trkpt lat="50.496587" lon="14.445637">
      </trkpt>
      <trkpt lat="50.498384" lon="14.442896">
      </trkpt>
      <trkpt lat="50.498619" lon="14.442441">
      </trkpt>
      <trkpt lat="50.5002" lon="14.440201">
      </trkpt>
      <trkpt lat="50.501841" lon="14.436692">
      </trkpt>
      <trkpt lat="50.501136" lon="14.434662">
      </trkpt>
      <trkpt lat="50.500778" lon="14.433905">
      </trkpt>
      <trkpt lat="50.500019" lon="14.432709">
      </trkpt>
      <trkpt lat="50.499258" lon="14.431108">
      </trkpt>
      <trkpt lat="50.496007" lon="14.432655">
      </trkpt>
      <trkpt lat="50.491422" lon="14.43889">
      </trkpt>
      <trkpt lat="50.487908" lon="14.436586">
      </trkpt>
      <trkpt lat="50.486926" lon="14.434861">
      </trkpt>
      <trkpt lat="50.486805" lon="14.434477">
      </trkpt>
      <trkpt lat="50.486456" lon="14.433731">
      </trkpt>
      <trkpt lat="50.486246" lon="14.433203">
      </trkpt>
      <trkpt lat="50.48605" lon="14.43259">
      </trkpt>
      <trkpt lat="50.48588" lon="14.43186">
      </trkpt>
      <trkpt lat="50.486562" lon="14.425628">
      </trkpt>
      <trkpt lat="50.48599" lon="14.422452">
      </trkpt>
      <trkpt lat="50.485298" lon="14.421224">
      </trkpt>
      <trkpt lat="50.484812" lon="14.420836">
      </trkpt>
      <trkpt lat="50.483955" lon="14.420579">
      </trkpt>
      <trkpt lat="50.479748" lon="14.417771">
      </trkpt>
      <trkpt lat="50.477544" lon="14.415423">
      </trkpt>
      <trkpt lat="50.477099" lon="14.41502">
      </trkpt>
      <trkpt lat="50.476642" lon="14.414713">
      </trkpt>
      <trkpt lat="50.474523" lon="14.413574">
      </trkpt>
      <trkpt lat="50.473738" lon="14.412847">
      </trkpt>
      <trkpt lat="50.472467" lon="14.41102">
      </trkpt>
      <trkpt lat="50.471651" lon="14.409379">
      </trkpt>
      <trkpt lat="50.470834" lon="14.406488">
      </trkpt>
      <trkpt lat="50.470228" lon="14.40468">
      </trkpt>
      <trkpt lat="50.478618" lon="14.401765">
      </trkpt>
      <trkpt lat="50.483622" lon="14.402527">
      </trkpt>
      <trkpt lat="50.484437" lon="14.403055">
      </trkpt>
      <trkpt lat="50.485198" lon="14.403229">
      </trkpt>
      <trkpt lat="50.48591" lon="14.403177">
      </trkpt>
      <trkpt lat="50.494559" lon="14.403686">
      </trkpt>
      <trkpt lat="50.495033" lon="14.404122">
      </trkpt>
      <trkpt lat="50.495465" lon="14.404427">
      </trkpt>
      <trkpt lat="50.498004" lon="14.406348">
      </trkpt>
      <trkpt lat="50.499817" lon="14.406591">
      </trkpt>
      <trkpt lat="50.505756" lon="14.413298">
      </trkpt>
      <trkpt lat="50.505799" lon="14.414148">
      </trkpt>
      <trkpt lat="50.506062" lon="14.41497">
      </trkpt>
      <trkpt lat="50.50694" lon="14.415846">
      </trkpt>
      <trkpt lat="50.509842" lon="14.418673">
      </trkpt>
      <trkpt lat="50.51077" lon="14.420696">
      </trkpt>
      <trkpt lat="50.511673" lon="14.426786">
      </trkpt>
      <trkpt lat="50.51178" lon="14.427227">
      </trkpt>
      <trkpt lat="50.512082" lon="14.428031">
      </trkpt>
      <trkpt lat="50.512737" lon="14.429974">
      </trkpt>
      <trkpt lat="50.512966" lon="14.432545">
      </trkpt>
      <trkpt lat="50.512946" lon="14.432793">
      </trkpt>
      <trkpt lat="50.512766" lon="14.4341">
      </trkpt>
      <trkpt lat="50.512717" lon="14.434972">
      </trkpt>
      <trkpt lat="50.51278" lon="14.436586">
      </trkpt>
      <trkpt lat="50.512808" lon="14.437796">
      </trkpt>
      <trkpt lat="50.514608" lon="14.437753">
      </trkpt>
      <trkpt lat="50.517221" lon="14.438573">
      </trkpt>
      <trkpt lat="50.517777" lon="14.438977">
      </trkpt>
      <trkpt lat="50.516289" lon="14.447539">
      </trkpt>
      <trkpt lat="50.512691" lon="14.447407">
      </trkpt>
      <trkpt lat="50.512672" lon="14.447975">
      </trkpt>
      <trkpt lat="50.512684" lon="14.448783">
      </trkpt>
      <trkpt lat="50.512782" lon="14.449738">
      </trkpt>
      <trkpt lat="50.512969" lon="14.450736">
      </trkpt>
      <trkpt lat="50.513187" lon="14.451748">
      </trkpt>
      <trkpt lat="50.513252" lon="14.456734">
      </trkpt>
      <trkpt lat="50.512736" lon="14.460297">
      </trkpt>
      <trkpt lat="50.515734" lon="14.461856">
      </trkpt>
      <trkpt lat="50.519332" lon="14.461746">
      </trkpt>
      <trkpt lat="50.527192" lon="14.459913">
      </trkpt>
      <trkpt lat="50.531936" lon="14.463416">
      </trkpt>
      <trkpt lat="50.531768" lon="14.470715">
      </trkpt>
      <trkpt lat="50.531372" lon="14.471311">
      </trkpt>
      <trkpt lat="50.523837" lon="14.474245">
      </trkpt>
      <trkpt lat="50.522462" lon="14.473721">
      </trkpt>
      <trkpt lat="50.521644" lon="14.473318">
      </trkpt>
      <trkpt lat="50.520961" lon="14.473174">
      </trkpt>
      <trkpt lat="50.520192" lon="14.47326">
      </trkpt>
      <trkpt lat="50.519536" lon="14.473494">
      </trkpt>
      <trkpt lat="50.518559" lon="14.473978">
      </trkpt>
      <trkpt lat="50.515764" lon="14.474526">
      </trkpt>
      <trkpt lat="50.510624" lon="14.47312">
      </trkpt>
      <trkpt lat="50.505439" lon="14.477426">
      </trkpt>
      <trkpt lat="50.50205" lon="14.481608">
      </trkpt>
      <trkpt lat="50.494326" lon="14.481439">
      </trkpt>
      <trkpt lat="50.493837" lon="14.481524">
      </trkpt>
      <trkpt lat="50.490375" lon="14.48221">
      </trkpt>
      <trkpt lat="50.489606" lon="14.482519">
      </trkpt>
      <trkpt lat="50.489414" lon="14.482645">
      </trkpt>
      <trkpt lat="50.488296" lon="14.48332">
      </trkpt>
      <trkpt lat="50.485868" lon="14.486033">
      </trkpt>
      <trkpt lat="50.48589" lon="14.486237">
      </trkpt>
      <trkpt lat="50.488021" lon="14.486909">
      </trkpt>
      <trkpt lat="50.489085" lon="14.48689">
      </trkpt>
      <trkpt lat="50.496691" lon="14.49151">
      </trkpt>
      <trkpt lat="50.496472" lon="14.496503">
      </trkpt>
      <trkpt lat="50.49633" lon="14.496998">
      </trkpt>
      <trkpt lat="50.496233" lon="14.49771">
      </trkpt>
      <trkpt lat="50.496225" lon="14.498275">
      </trkpt>
      <trkpt lat="50.496265" lon="14.499094">
      </trkpt>
      <trkpt lat="50.496339" lon="14.49977">
      </trkpt>
      <trkpt lat="50.496495" lon="14.500446">
      </trkpt>
      <trkpt lat="50.497546" lon="14.503484">
      </trkpt>
      <trkpt lat="50.500993" lon="14.502446">
      </trkpt>
      <trkpt lat="50.500616" lon="14.501193">
      </trkpt>
      <trkpt lat="50.500303" lon="14.497049">
      </trkpt>
      <trkpt lat="50.507911" lon="14.493447">
      </trkpt>
      <trkpt lat="50.510045" lon="14.494636">
      </trkpt>
      <trkpt lat="50.511065" lon="14.495571">
      </trkpt>
      <trkpt lat="50.511503" lon="14.4959">
      </trkpt>
      <trkpt lat="50.511948" lon="14.496145">
      </trkpt>
      <trkpt lat="50.512517" lon="14.496331">
      </trkpt>
      <trkpt lat="50.519011" lon="14.502291">
      </trkpt>
      <trkpt lat="50.519099" lon="14.504415">
      </trkpt>
      <trkpt lat="50.519194" lon="14.506655">
      </trkpt>
      <trkpt lat="50.51928" lon="14.507407">
      </trkpt>
      <trkpt lat="50.519562" lon="14.509363">
      </trkpt>
      <trkpt lat="50.51955" lon="14.511721">
      </trkpt>
      <trkpt lat="50.519569" lon="14.512239">
      </trkpt>
      <trkpt lat="50.519802" lon="14.513785">
      </trkpt>
      <trkpt lat="50.519121" lon="14.520829">
      </trkpt>
      <trkpt lat="50.517801" lon="14.523601">
      </trkpt>
      <trkpt lat="50.516335" lon="14.5259">
      </trkpt>
      <trkpt lat="50.516223" lon="14.526491">
      </trkpt>
      <trkpt lat="50.516212" lon="14.527041">
      </trkpt>
      <trkpt lat="50.516364" lon="14.528953">
      </trkpt>
      <trkpt lat="50.524526" lon="14.531714">
      </trkpt>
      <trkpt lat="50.528083" lon="14.532269">
      </trkpt>
      <trkpt lat="50.535996" lon="14.528921">
      </trkpt>
      <trkpt lat="50.53848" lon="14.533705">
      </trkpt>
      <trkpt lat="50.537905" lon="14.536738">
      </trkpt>
      <trkpt lat="50.531936" lon="14.542917">
      </trkpt>
      <trkpt lat="50.531289" lon="14.543063">
      </trkpt>
      <trkpt lat="50.530063" lon="14.543338">
      </trkpt>
      <trkpt lat="50.529921" lon="14.543371">
      </trkpt>
      <trkpt lat="50.530745" lon="14.546876">
      </trkpt>
      <trkpt lat="50.535562" lon="14.551664">
      </trkpt>
      <trkpt lat="50.538999" lon="14.552735">
      </trkpt>
      <trkpt lat="50.546419" lon="14.557504">
      </trkpt>
      <trkpt lat="50.549969" lon="14.558104">
      </trkpt>
      <trkpt lat="50.550455" lon="14.555226">
      </trkpt>
      <trkpt lat="50.550929" lon="14.552912">
      </trkpt>
      <trkpt lat="50.551045" lon="14.552374">
      </trkpt>
      <trkpt lat="50.551099" lon="14.551732">
      </trkpt>
      <trkpt lat="50.552885" lon="14.547624">
      </trkpt>
      <trkpt lat="50.559522" lon="14.546251">
      </trkpt>
      <trkpt lat="50.55994" lon="14.546332">
      </trkpt>
      <trkpt lat="50.560194" lon="14.546353">
      </trkpt>
      <trkpt lat="50.56401" lon="14.542919">
      </trkpt>
      <trkpt lat="50.564742" lon="14.542224">
      </trkpt>
      <trkpt lat="50.56664" lon="14.540461">
      </trkpt>
      <trkpt lat="50.566364" lon="14.540165">
      </trkpt>
      <trkpt lat="50.565756" lon="14.53967">
      </trkpt>
      <trkpt lat="50.565121" lon="14.539315">
      </trkpt>
      <trkpt lat="50.564719" lon="14.539154">
      </trkpt>
      <trkpt lat="50.563791" lon="14.538752">
      </trkpt>
      <trkpt lat="50.557199" lon="14.536418">
      </trkpt>
      <trkpt lat="50.554324" lon="14.534251">
      </trkpt>
      <trkpt lat="50.547313" lon="14.531302">
      </trkpt>
      <trkpt lat="50.546956" lon="14.530933">
      </trkpt>
      <trkpt lat="50.544355" lon="14.523858">
      </trkpt>
      <trkpt lat="50.545344" lon="14.520705">
      </trkpt>
      <trkpt lat="50.545655" lon="14.519928">
      </trkpt>
      <trkpt lat="50.546955" lon="14.517442">
      </trkpt>
      <trkpt lat="50.5479" lon="14.515964">
      </trkpt>
      <trkpt lat="50.548309" lon="14.51526">
      </trkpt>
      <trkpt lat="50.549043" lon="14.513818">
      </trkpt>
      <trkpt lat="50.549275" lon="14.513194">
      </trkpt>
      <trkpt lat="50.549401" lon="14.512445">
      </trkpt>
      <trkpt lat="50.549401" lon="14.511994">
      </trkpt>
      <trkpt lat="50.549369" lon="14.511701">
      </trkpt>
      <trkpt lat="50.549229" lon="14.511079">
      </trkpt>
      <trkpt lat="50.549034" lon="14.510389">
      </trkpt>
      <trkpt lat="50.548772" lon="14.506813">
      </trkpt>
      <trkpt lat="50.548803" lon="14.506387">
      </trkpt>
      <trkpt lat="50.548799" lon="14.505998">
      </trkpt>
      <trkpt lat="50.550134" lon="14.501568">
      </trkpt>
      <trkpt lat="50.558442" lon="14.500576">
      </trkpt>
      <trkpt lat="50.559029" lon="14.500976">
      </trkpt>
      <trkpt lat="50.559778" lon="14.501179">
      </trkpt>
      <trkpt lat="50.560646" lon="14.501122">
      </trkpt>
      <trkpt lat="50.567387" lon="14.503084">
      </trkpt>
      <trkpt lat="50.567048" lon="14.510101">
      </trkpt>
      <trkpt lat="50.567805" lon="14.512106">
      </trkpt>
      <trkpt lat="50.569721" lon="14.512513">
      </trkpt>
      <trkpt lat="50.571301" lon="14.511246">
      </trkpt>
      <trkpt lat="50.572071" lon="14.508538">
      </trkpt>
      <trkpt lat="50.57208" lon="14.508517">
      </trkpt>
      <trkpt lat="50.573804" lon="14.505224">
      </trkpt>
      <trkpt lat="50.570476" lon="14.498056">
      </trkpt>
      <trkpt lat="50.570431" lon="14.497378">
      </trkpt>
      <trkpt lat="50.570125" lon="14.49606">
      </trkpt>
      <trkpt lat="50.569812" lon="14.495414">
      </trkpt>
      <trkpt lat="50.569497" lon="14.494963">
      </trkpt>
      <trkpt lat="50.569135" lon="14.49462">
      </trkpt>
      <trkpt lat="50.568348" lon="14.494229">
      </trkpt>
      <trkpt lat="50.56759" lon="14.494119">
      </trkpt>
      <trkpt lat="50.566781" lon="14.494169">
      </trkpt>
      <trkpt lat="50.564611" lon="14.494232">
      </trkpt>
      <trkpt lat="50.556322" lon="14.49254">
      </trkpt>
      <trkpt lat="50.555736" lon="14.492294">
      </trkpt>
      <trkpt lat="50.550381" lon="14.489179">
      </trkpt>
      <trkpt lat="50.5496" lon="14.488607">
      </trkpt>
      <trkpt lat="50.544799" lon="14.481667">
      </trkpt>
      <trkpt lat="50.544539" lon="14.480743">
      </trkpt>
      <trkpt lat="50.544425" lon="14.480414">
      </trkpt>
      <trkpt lat="50.543103" lon="14.476451">
      </trkpt>
      <trkpt lat="50.542964" lon="14.475958">
      </trkpt>
      <trkpt lat="50.542819" lon="14.475591">
      </trkpt>
      <trkpt lat="50.54434" lon="14.46701">
      </trkpt>
      <trkpt lat="50.544677" lon="14.466562">
      </trkpt>
      <trkpt lat="50.54672" lon="14.464197">
      </trkpt>
      <trkpt lat="50.547541" lon="14.463471">
      </trkpt>
      <trkpt lat="50.548209" lon="14.462692">
      </trkpt>
      <trkpt lat="50.54926" lon="14.461273">
      </trkpt>
      <trkpt lat="50.550676" lon="14.459279">
      </trkpt>
      <trkpt lat="50.551643" lon="14.457466">
      </trkpt>
      <trkpt lat="50.559576" lon="14.454582">
      </trkpt>
      <trkpt lat="50.560372" lon="14.454471">
      </trkpt>
      <trkpt lat="50.560118" lon="14.45132">
      </trkpt>
      <trkpt lat="50.560111" lon="14.45122">
      </trkpt>
      <trkpt lat="50.561021" lon="14.442908">
      </trkpt>
      <trkpt lat="50.561355" lon="14.442187">
      </trkpt>
      <trkpt lat="50.561556" lon="14.441607">
      </trkpt>
      <trkpt lat="50.564364" lon="14.435879">
      </trkpt>
      <trkpt lat="50.56386" lon="14.431547">
      </trkpt>
      <trkpt lat="50.565899" lon="14.424327">
      </trkpt>
      <trkpt lat="50.566455" lon="14.423371">
      </trkpt>
      <trkpt lat="50.5669" lon="14.422646">
      </trkpt>
      <trkpt lat="50.567351" lon="14.421991">
      </trkpt>
      <trkpt lat="50.567532" lon="14.421691">
      </trkpt>
      <trkpt lat="50.568567" lon="14.419657">
      </trkpt>
      <trkpt lat="50.568959" lon="14.418977">
      </trkpt>
      <trkpt lat="50.570126" lon="14.416727">
      </trkpt>
      <trkpt lat="50.570451" lon="14.416282">
      </trkpt>
      <trkpt lat="50.572603" lon="14.414081">
      </trkpt>
      <trkpt lat="50.573056" lon="14.413657">
      </trkpt>
      <trkpt lat="50.5759" lon="14.412015">
      </trkpt>
      <trkpt lat="50.576856" lon="14.411781">
      </trkpt>
      <trkpt lat="50.578097" lon="14.411582">
      </trkpt>
      <trkpt lat="50.585075" lon="14.416386">
      </trkpt>
      <trkpt lat="50.585038" lon="14.417738">
      </trkpt>
      <trkpt lat="50.584834" lon="14.418845">
      </trkpt>
      <trkpt lat="50.58618" lon="14.423585">
      </trkpt>
      <trkpt lat="50.589967" lon="14.428562">
      </trkpt>
      <trkpt lat="50.59088" lon="14.429241">
      </trkpt>
      <trkpt lat="50.594818" lon="14.433586">
      </trkpt>
      <trkpt lat="50.594226" lon="14.441313">
      </trkpt>
      <trkpt lat="50.594396" lon="14.4447">
      </trkpt>
      <trkpt lat="50.593052" lon="14.45044">
      </trkpt>
      <trkpt lat="50.592759" lon="14.451069">
      </trkpt>
      <trkpt lat="50.592621" lon="14.451434">
      </trkpt>
      <trkpt lat="50.591576" lon="14.454992">
      </trkpt>
      <trkpt lat="50.591553" lon="14.455678">
      </trkpt>
      <trkpt lat="50.591407" lon="14.457231">
      </trkpt>
      <trkpt lat="50.591121" lon="14.461314">
      </trkpt>
      <trkpt lat="50.59101" lon="14.461868">
      </trkpt>
      <trkpt lat="50.590937" lon="14.46244">
      </trkpt>
      <trkpt lat="50.590116" lon="14.466216">
      </trkpt>
      <trkpt lat="50.589644" lon="14.467754">
      </trkpt>
      <trkpt lat="50.58958" lon="14.468166">
      </trkpt>
      <trkpt lat="50.586924" lon="14.475151">
      </trkpt>
      <trkpt lat="50.587079" lon="14.476056">
      </trkpt>
      <trkpt lat="50.587207" lon="14.476548">
      </trkpt>
      <trkpt lat="50.587564" lon="14.477247">
      </trkpt>
      <trkpt lat="50.588314" lon="14.477902">
      </trkpt>
      <trkpt lat="50.591306" lon="14.485659">
      </trkpt>
      <trkpt lat="50.591305" lon="14.486173">
      </trkpt>
      <trkpt lat="50.591449" lon="14.486785">
      </trkpt>
      <trkpt lat="50.592152" lon="14.491243">
      </trkpt>
      <trkpt lat="50.592146" lon="14.491814">
      </trkpt>
      <trkpt lat="50.59218" lon="14.492409">
      </trkpt>
      <trkpt lat="50.592269" lon="14.493046">
      </trkpt>
      <trkpt lat="50.592378" lon="14.493623">
      </trkpt>
      <trkpt lat="50.59272" lon="14.494972">
      </trkpt>
      <trkpt lat="50.592894" lon="14.495517">
      </trkpt>
      <trkpt lat="50.593155" lon="14.49621">
      </trkpt>
      <trkpt lat="50.593419" lon="14.496826">
      </trkpt>
      <trkpt lat="50.595924" lon="14.499049">
      </trkpt>
      <trkpt lat="50.596117" lon="14.499227">
      </trkpt>
      <trkpt lat="50.597237" lon="14.499664">
      </trkpt>
      <trkpt lat="50.601788" lon="14.507042">
      </trkpt>
      <trkpt lat="50.601754" lon="14.507722">
      </trkpt>
      <trkpt lat="50.598911" lon="14.515771">
      </trkpt>
      <trkpt lat="50.598474" lon="14.516244">
      </trkpt>
      <trkpt lat="50.598034" lon="14.516951">
      </trkpt>
      <trkpt lat="50.597801" lon="14.517611">
      </trkpt>
      <trkpt lat="50.597626" lon="14.518331">
      </trkpt>
      <trkpt lat="50.593155" lon="14.52613">
      </trkpt>
      <trkpt lat="50.592313" lon="14.531354">
      </trkpt>
      <trkpt lat="50.592556" lon="14.536697">
      </trkpt>
      <trkpt lat="50.591731" lon="14.539867">
      </trkpt>
      <trkpt lat="50.591399" lon="14.540698">
      </trkpt>
      <trkpt lat="50.594741" lon="14.542035">
      </trkpt>
      <trkpt lat="50.598916" lon="14.543726">
      </trkpt>
      <trkpt lat="50.599214" lon="14.543755">
      </trkpt>
      <trkpt lat="50.599736" lon="14.543747">
      </trkpt>
      <trkpt lat="50.60195" lon="14.541415">
      </trkpt>
      <trkpt lat="50.602191" lon="14.539023">
      </trkpt>
      <trkpt lat="50.602555" lon="14.537936">
      </trkpt>
      <trkpt lat="50.60267" lon="14.537671">
      </trkpt>
      <trkpt lat="50.609046" lon="14.534652">
      </trkpt>
      <trkpt lat="50.611866" lon="14.541018">
      </trkpt>
      <trkpt lat="50.61159" lon="14.541832">
      </trkpt>
      <trkpt lat="50.611493" lon="14.542481">
      </trkpt>
      <trkpt lat="50.609585" lon="14.546622">
      </trkpt>
      <trkpt lat="50.608731" lon="14.547687">
      </trkpt>
      <trkpt lat="50.607281" lon="14.549891">
      </trkpt>
      <trkpt lat="50.606618" lon="14.551792">
      </trkpt>
      <trkpt lat="50.606108" lon="14.553184">
      </trkpt>
      <trkpt lat="50.609346" lon="14.554757">
      </trkpt>
      <trkpt lat="50.61218" lon="14.561163">
      </trkpt>
      <trkpt lat="50.611941" lon="14.562372">
      </trkpt>
      <trkpt lat="50.603985" lon="14.565033">
      </trkpt>
      <trkpt lat="50.601259" lon="14.567384">
      </trkpt>
      <trkpt lat="50.601418" lon="14.567569">
      </trkpt>
      <trkpt lat="50.6025" lon="14.568971">
      </trkpt>
      <trkpt lat="50.603011" lon="14.56968">
      </trkpt>
      <trkpt lat="50.603597" lon="14.570709">
      </trkpt>
      <trkpt lat="50.602221" lon="14.578967">
      </trkpt>
      <trkpt lat="50.603035" lon="14.586345">
      </trkpt>
      <trkpt lat="50.601909" lon="14.588528">
      </trkpt>
      <trkpt lat="50.600976" lon="14.590337">
      </trkpt>
      <trkpt lat="50.600042" lon="14.592147">
      </trkpt>
      <trkpt lat="50.603241" lon="14.593798">
      </trkpt>
      <trkpt lat="50.611645" lon="14.59341">
      </trkpt>
      <trkpt lat="50.614364" lon="14.592942">
      </trkpt>
      <trkpt lat="50.614394" lon="14.592896">
      </trkpt>
      <trkpt lat="50.61472" lon="14.591538">
      </trkpt>
      <trkpt lat="50.6144" lon="14.591012">
      </trkpt>
      <trkpt lat="50.613927" lon="14.582799">
      </trkpt>
      <trkpt lat="50.614506" lon="14.581258">
      </trkpt>
      <trkpt lat="50.615226" lon="14.579262">
      </trkpt>
      <trkpt lat="50.615729" lon="14.572436">
      </trkpt>
      <trkpt lat="50.616669" lon="14.570617">
      </trkpt>
      <trkpt lat="50.617383" lon="14.569136">
      </trkpt>
      <trkpt lat="50.617811" lon="14.568491">
      </trkpt>
      <trkpt lat="50.618091" lon="14.567764">
      </trkpt>
      <trkpt lat="50.619086" lon="14.56597">
      </trkpt>
      <trkpt lat="50.619566" lon="14.565038">
      </trkpt>
      <trkpt lat="50.620017" lon="14.56432">
      </trkpt>
      <trkpt lat="50.620613" lon="14.563019">
      </trkpt>
      <trkpt lat="50.626308" lon="14.559081">
      </trkpt>
      <trkpt lat="50.629898" lon="14.559341">
      </trkpt>
      <trkpt lat="50.634069" lon="14.564741">
      </trkpt>
      <trkpt lat="50.637018" lon="14.566806">
      </trkpt>
      <trkpt lat="50.640434" lon="14.57241">
      </trkpt>
      <trkpt lat="50.634957" lon="14.577344">
      </trkpt>
      <trkpt lat="50.631606" lon="14.578243">
      </trkpt>
      <trkpt lat="50.632054" lon="14.580222">
      </trkpt>
      <trkpt lat="50.631393" lon="14.585846">
      </trkpt>
      <trkpt lat="50.634239" lon="14.588049">
      </trkpt>
      <trkpt lat="50.635055" lon="14.588826">
      </trkpt>
      <trkpt lat="50.638491" lon="14.587754">
      </trkpt>
      <trkpt lat="50.638324" lon="14.583575">
      </trkpt>
      <trkpt lat="50.644829" lon="14.580693">
      </trkpt>
      <trkpt lat="50.647992" lon="14.578974">
      </trkpt>
      <trkpt lat="50.649614" lon="14.574342">
      </trkpt>
      <trkpt lat="50.651469" lon="14.570825">
      </trkpt>
      <trkpt lat="50.655053" lon="14.563477">
      </trkpt>
      <trkpt lat="50.658653" lon="14.563544">
      </trkpt>
      <trkpt lat="50.65897" lon="14.56296">
      </trkpt>
      <trkpt lat="50.65884" lon="14.560561">
      </trkpt>
      <trkpt lat="50.658823" lon="14.559681">
      </trkpt>
      <trkpt lat="50.662065" lon="14.551886">
      </trkpt>
      <trkpt lat="50.662703" lon="14.549734">
      </trkpt>
      <trkpt lat="50.668694" lon="14.545104">
      </trkpt>
      <trkpt lat="50.673787" lon="14.546504">
      </trkpt>
      <trkpt lat="50.674473" lon="14.546902">
      </trkpt>
      <trkpt lat="50.674484" lon="14.546909">
      </trkpt>
      <trkpt lat="50.674968" lon="14.547194">
      </trkpt>
      <trkpt lat="50.676916" lon="14.54659">
      </trkpt>
      <trkpt lat="50.683752" lon="14.543313">
      </trkpt>
      <trkpt lat="50.683633" lon="14.539715">
      </trkpt>
      <trkpt lat="50.683304" lon="14.539726">
      </trkpt>
      <trkpt lat="50.67994" lon="14.539871">
      </trkpt>
      <trkpt lat="50.677622" lon="14.538159">
      </trkpt>
      <trkpt lat="50.681478" lon="14.530827">
      </trkpt>
      <trkpt lat="50.686661" lon="14.528345">
      </trkpt>
      <trkpt lat="50.687198" lon="14.528396">
      </trkpt>
      <trkpt lat="50.687514" lon="14.528383">
      </trkpt>
      <trkpt lat="50.688577" lon="14.528134">
      </trkpt>
      <trkpt lat="50.688863" lon="14.527061">
      </trkpt>
      <trkpt lat="50.689428" lon="14.524394">
      </trkpt>
      <trkpt lat="50.69133" lon="14.520311">
      </trkpt>
      <trkpt lat="50.693423" lon="14.518017">
      </trkpt>
      <trkpt lat="50.693923" lon="14.514706">
      </trkpt>
      <trkpt lat="50.701828" lon="14.514763">
      </trkpt>
      <trkpt lat="50.705179" lon="14.516078">
      </trkpt>
      <trkpt lat="50.705644" lon="14.514894">
      </trkpt>
      <trkpt lat="50.713293" lon="14.510775">
      </trkpt>
      <trkpt lat="50.714273" lon="14.510226">
      </trkpt>
      <trkpt lat="50.714845" lon="14.509323">
      </trkpt>
      <trkpt lat="50.716206" lon="14.505903">
      </trkpt>
      <trkpt lat="50.719571" lon="14.49886">
      </trkpt>
      <trkpt lat="50.718035" lon="14.495604">
      </trkpt>
      <trkpt lat="50.719509" lon="14.486901">
      </trkpt>
      <trkpt lat="50.720671" lon="14.48542">
      </trkpt>
      <trkpt lat="50.721529" lon="14.484032">
      </trkpt>
      <trkpt lat="50.72433" lon="14.481778">
      </trkpt>
      <trkpt lat="50.724704" lon="14.481564">
      </trkpt>
      <trkpt lat="50.724334" lon="14.477269">
      </trkpt>
      <trkpt lat="50.725319" lon="14.474561">
      </trkpt>
      <trkpt lat="50.725991" lon="14.473123">
      </trkpt>
      <trkpt lat="50.734404" lon="14.475884">
      </trkpt>
      <trkpt lat="50.734819" lon="14.478729">
      </trkpt>
      <trkpt lat="50.734649" lon="14.480065">
      </trkpt>
      <trkpt lat="50.734575" lon="14.480389">
      </trkpt>
      <trkpt lat="50.733871" lon="14.485306">
      </trkpt>
      <trkpt lat="50.733805" lon="14.485715">
      </trkpt>
      <trkpt lat="50.73344" lon="14.486836">
      </trkpt>
      <trkpt lat="50.733221" lon="14.487906">
      </trkpt>
      <trkpt lat="50.73276" lon="14.490513">
      </trkpt>
      <trkpt lat="50.736305" lon="14.49114">
      </trkpt>
      <trkpt lat="50.741067" lon="14.488684">
      </trkpt>
      <trkpt lat="50.743022" lon="14.48566">
      </trkpt>
      <trkpt lat="50.743499" lon="14.482876">
      </trkpt>
      <trkpt lat="50.743466" lon="14.482219">
      </trkpt>
      <trkpt lat="50.743296" lon="14.481306">
      </trkpt>
      <trkpt lat="50.744202" lon="14.473871">
      </trkpt>
      <trkpt lat="50.745382" lon="14.472632">
      </trkpt>
      <trkpt lat="50.753614" lon="14.473474">
      </trkpt>
      <trkpt lat="50.753921" lon="14.473834">
      </trkpt>
      <trkpt lat="50.754627" lon="14.474506">
      </trkpt>
      <trkpt lat="50.756412" lon="14.481335">
      </trkpt>
      <trkpt lat="50.754085" lon="14.484082">
      </trkpt>
      <trkpt lat="50.754698" lon="14.484955">
      </trkpt>
      <trkpt lat="50.755433" lon="14.485808">
      </trkpt>
      <trkpt lat="50.755914" lon="14.486304">
      </trkpt>
      <trkpt lat="50.756703" lon="14.487249">
      </trkpt>
      <trkpt lat="50.757504" lon="14.488165">
      </trkpt>
      <trkpt lat="50.758645" lon="14.488752">
      </trkpt>
      <trkpt lat="50.762403" lon="14.491146">
      </trkpt>
      <trkpt lat="50.766857" lon="14.494565">
      </trkpt>
      <trkpt lat="50.767924" lon="14.495897">
      </trkpt>
      <trkpt lat="50.766951" lon="14.504069">
      </trkpt>
      <trkpt lat="50.764367" lon="14.505219">
      </trkpt>
      <trkpt lat="50.763368" lon="14.508139">
      </trkpt>
      <trkpt lat="50.763637" lon="14.508461">
      </trkpt>
      <trkpt lat="50.764776" lon="14.508795">
      </trkpt>
      <trkpt lat="50.764956" lon="14.508775">
      </trkpt>
      <trkpt lat="50.76576" lon="14.508736">
      </trkpt>
      <trkpt lat="50.772463" lon="14.514096">
      </trkpt>
      <trkpt lat="50.77178" lon="14.520383">
      </trkpt>
      <trkpt lat="50.771128" lon="14.523923">
      </trkpt>
      <trkpt lat="50.7704" lon="14.525843">
      </trkpt>
      <trkpt lat="50.768039" lon="14.534074">
      </trkpt>
      <trkpt lat="50.767714" lon="14.534744">
      </trkpt>
      <trkpt lat="50.766945" lon="14.536477">
      </trkpt>
      <trkpt lat="50.76696" lon="14.537911">
      </trkpt>
      <trkpt lat="50.767021" lon="14.538038">
      </trkpt>
      <trkpt lat="50.769314" lon="14.538492">
      </trkpt>
      <trkpt lat="50.769999" lon="14.538383">
      </trkpt>
      <trkpt lat="50.770005" lon="14.538373">
      </trkpt>
      <trkpt lat="50.770821" lon="14.536644">
      </trkpt>
      <trkpt lat="50.77127" lon="14.535661">
      </trkpt>
      <trkpt lat="50.771898" lon="14.534461">
      </trkpt>
      <trkpt lat="50.772542" lon="14.533341">
      </trkpt>
      <trkpt lat="50.773611" lon="14.531557">
      </trkpt>
      <trkpt lat="50.773872" lon="14.530885">
      </trkpt>
      <trkpt lat="50.774585" lon="14.527278">
      </trkpt>
      <trkpt lat="50.783364" lon="14.525957">
      </trkpt>
      <trkpt lat="50.786337" lon="14.524569">
      </trkpt>
      <trkpt lat="50.786556" lon="14.524163">
      </trkpt>
      <trkpt lat="50.78672" lon="14.523679">
      </trkpt>
      <trkpt lat="50.786805" lon="14.523241">
      </trkpt>
      <trkpt lat="50.79054" lon="14.515315">
      </trkpt>
      <trkpt lat="50.790822" lon="14.515003">
      </trkpt>
      <trkpt lat="50.791131" lon="14.514563">
      </trkpt>
      <trkpt lat="50.791402" lon="14.514037">
      </trkpt>
      <trkpt lat="50.791532" lon="14.513715">
      </trkpt>
      <trkpt lat="50.79168" lon="14.513244">
      </trkpt>
      <trkpt lat="50.79191" lon="14.512296">
      </trkpt>
      <trkpt lat="50.791963" lon="14.511852">
      </trkpt>
      <trkpt lat="50.791924" lon="14.511364">
      </trkpt>
      <trkpt lat="50.791456" lon="14.509461">
      </trkpt>
      <trkpt lat="50.791311" lon="14.507895">
      </trkpt>
      <trkpt lat="50.791222" lon="14.506231">
      </trkpt>
      <trkpt lat="50.791409" lon="14.504418">
      </trkpt>
      <trkpt lat="50.791926" lon="14.496333">
      </trkpt>
      <trkpt lat="50.791875" lon="14.494345">
      </trkpt>
      <trkpt lat="50.795955" lon="14.487272">
      </trkpt>
      <trkpt lat="50.799225" lon="14.487515">
      </trkpt>
      <trkpt lat="50.806878" lon="14.488056">
      </trkpt>
      <trkpt lat="50.807394" lon="14.488341">
      </trkpt>
      <trkpt lat="50.810993" lon="14.494012">
      </trkpt>
      <trkpt lat="50.809519" lon="14.497695">
      </trkpt>
      <trkpt lat="50.809202" lon="14.503228">
      </trkpt>
      <trkpt lat="50.808537" lon="14.507602">
      </trkpt>
      <trkpt lat="50.808033" lon="14.508784">
      </trkpt>
      <trkpt lat="50.807875" lon="14.509502">
      </trkpt>
      <trkpt lat="50.807509" lon="14.510621">
      </trkpt>
      <trkpt lat="50.807333" lon="14.511229">
      </trkpt>
      <trkpt lat="50.808048" lon="14.51303">
      </trkpt>
      <trkpt lat="50.811926" lon="14.51801">
      </trkpt>
      <trkpt lat="50.812181" lon="14.522165">
      </trkpt>
      <trkpt lat="50.812672" lon="14.530613">
      </trkpt>
      <trkpt lat="50.812573" lon="14.531065">
      </trkpt>
      <trkpt lat="50.81401" lon="14.533973">
      </trkpt>
      <trkpt lat="50.814125" lon="14.53423">
      </trkpt>
      <trkpt lat="50.814455" lon="14.534849">
      </trkpt>
      <trkpt lat="50.81683" lon="14.53501">
      </trkpt>
      <trkpt lat="50.817771" lon="14.533448">
      </trkpt>
      <trkpt lat="50.818016" lon="14.531228">
      </trkpt>
      <trkpt lat="50.817923" lon="14.525738">
      </trkpt>
      <trkpt lat="50.819984" lon="14.52007">
      </trkpt>
      <trkpt lat="50.82402" lon="14.514463">
      </trkpt>
      <trkpt lat="50.830869" lon="14.511563">
      </trkpt>
      <trkpt lat="50.834247" lon="14.510317">
      </trkpt>
      <trkpt lat="50.842162" lon="14.50635">
      </trkpt>
      <trkpt lat="50.843302" lon="14.50666">
      </trkpt>
      <trkpt lat="50.846228" lon="14.507323">
      </trkpt>
      <trkpt lat="50.847058" lon="14.507245">
      </trkpt>
      <trkpt lat="50.847537" lon="14.50709">
      </trkpt>
      <trkpt lat="50.848002" lon="14.506822">
      </trkpt>
      <trkpt lat="50.848449" lon="14.506515">
      </trkpt>
      <trkpt lat="50.849947" lon="14.505478">
      </trkpt>
      <trkpt lat="50.849971" lon="14.505275">
      </trkpt>
      <trkpt lat="50.848955" lon="14.503028">
      </trkpt>
      <trkpt lat="50.844443" lon="14.497075">
      </trkpt>
      <trkpt lat="50.842883" lon="14.489402">
      </trkpt>
      <trkpt lat="50.843774" lon="14.486097">
      </trkpt>
      <trkpt lat="50.843797" lon="14.48592">
      </trkpt>
      <trkpt lat="50.846763" lon="14.48011">
      </trkpt>
      <trkpt lat="50.850136" lon="14.478852">
      </trkpt>
      <trkpt lat="50.851446" lon="14.47844">
      </trkpt>
      <trkpt lat="50.853012" lon="14.476798">
      </trkpt>
      <trkpt lat="50.853008" lon="14.476578">
      </trkpt>
      <trkpt lat="50.852756" lon="14.476113">
      </trkpt>
      <trkpt lat="50.851779" lon="14.474855">
      </trkpt>
      <trkpt lat="50.851375" lon="14.474818">
      </trkpt>
      <trkpt lat="50.850175" lon="14.474711">
      </trkpt>
      <trkpt lat="50.848808" lon="14.474773">
      </trkpt>
      <trkpt lat="50.848524" lon="14.474772">
      </trkpt>
      <trkpt lat="50.847317" lon="14.474689">
      </trkpt>
      <trkpt lat="50.846755" lon="14.474689">
      </trkpt>
      <trkpt lat="50.842198" lon="14.474297">
      </trkpt>
      <trkpt lat="50.838608" lon="14.474037">
      </trkpt>
      <trkpt lat="50.829935" lon="14.474245">
      </trkpt>
      <trkpt lat="50.8295" lon="14.47381">
      </trkpt>
      <trkpt lat="50.827983" lon="14.471389">
      </trkpt>
      <trkpt lat="50.827665" lon="14.470632">
      </trkpt>
      <trkpt lat="50.827298" lon="14.469226">
      </trkpt>
      <trkpt lat="50.827677" lon="14.46351">
      </trkpt>
      <trkpt lat="50.826675" lon="14.461424">
      </trkpt>
      <trkpt lat="50.825492" lon="14.455668">
      </trkpt>
      <trkpt lat="50.824928" lon="14.455128">
      </trkpt>
      <trkpt lat="50.824707" lon="14.454898">
      </trkpt>
      <trkpt lat="50.823129" lon="14.453039">
      </trkpt>
      <trkpt lat="50.822719" lon="14.452433">
      </trkpt>
      <trkpt lat="50.822113" lon="14.451673">
      </trkpt>
      <trkpt lat="50.819762" lon="14.446961">
      </trkpt>
      <trkpt lat="50.819423" lon="14.44596">
      </trkpt>
      <trkpt lat="50.819276" lon="14.445583">
      </trkpt>
      <trkpt lat="50.818545" lon="14.443182">
      </trkpt>
      <trkpt lat="50.818159" lon="14.440171">
      </trkpt>
      <trkpt lat="50.81672" lon="14.435975">
      </trkpt>
      <trkpt lat="50.814245" lon="14.434197">
      </trkpt>
      <trkpt lat="50.814195" lon="14.434195">
      </trkpt>
      <trkpt lat="50.812271" lon="14.433842">
      </trkpt>
      <trkpt lat="50.812063" lon="14.434459">
      </trkpt>
      <trkpt lat="50.81135" lon="14.436413">
      </trkpt>
      <trkpt lat="50.80281" lon="14.435335">
      </trkpt>
      <trkpt lat="50.802785" lon="14.42983">
      </trkpt>
      <trkpt lat="50.802628" lon="14.427849">
      </trkpt>
      <trkpt lat="50.805366" lon="14.421084">
      </trkpt>
      <trkpt lat="50.808625" lon="14.419586">
      </trkpt>
      <trkpt lat="50.816998" lon="14.416779">
      </trkpt>
      <trkpt lat="50.818879" lon="14.420032">
      </trkpt>
      <trkpt lat="50.819626" lon="14.421532">
      </trkpt>
      <trkpt lat="50.819863" lon="14.422136">
      </trkpt>
      <trkpt lat="50.820241" lon="14.425156">
      </trkpt>
      <trkpt lat="50.826219" lon="14.426959">
      </trkpt>
      <trkpt lat="50.827476" lon="14.428742">
      </trkpt>
      <trkpt lat="50.828043" lon="14.42918">
      </trkpt>
      <trkpt lat="50.828611" lon="14.429425">
      </trkpt>
      <trkpt lat="50.831796" lon="14.43131">
      </trkpt>
      <trkpt lat="50.837056" lon="14.433999">
      </trkpt>
      <trkpt lat="50.83821" lon="14.434554">
      </trkpt>
      <trkpt lat="50.838744" lon="14.434854">
      </trkpt>
      <trkpt lat="50.839793" lon="14.435549">
      </trkpt>
      <trkpt lat="50.844249" lon="14.443324">
      </trkpt>
      <trkpt lat="50.844518" lon="14.445587">
      </trkpt>
      <trkpt lat="50.849049" lon="14.452792">
      </trkpt>
      <trkpt lat="50.848459" lon="14.457389">
      </trkpt>
      <trkpt lat="50.848263" lon="14.457881">
      </trkpt>
      <trkpt lat="50.848096" lon="14.458551">
      </trkpt>
      <trkpt lat="50.848179" lon="14.459821">
      </trkpt>
      <trkpt lat="50.848572" lon="14.460456">
      </trkpt>
      <trkpt lat="50.85201" lon="14.461737">
      </trkpt>
      <trkpt lat="50.855036" lon="14.459788">
      </trkpt>
      <trkpt lat="50.862847" lon="14.4638">
      </trkpt>
      <trkpt lat="50.862967" lon="14.464273">
      </trkpt>
      <trkpt lat="50.863422" lon="14.465793">
      </trkpt>
      <trkpt lat="50.863622" lon="14.466353">
      </trkpt>
      <trkpt lat="50.864161" lon="14.467829">
      </trkpt>
      <trkpt lat="50.864441" lon="14.469237">
      </trkpt>
      <trkpt lat="50.86351" lon="14.473778">
      </trkpt>
      <trkpt lat="50.863456" lon="14.473895">
      </trkpt>
      <trkpt lat="50.863445" lon="14.474774">
      </trkpt>
      <trkpt lat="50.862731" lon="14.477725">
      </trkpt>
      <trkpt lat="50.862293" lon="14.479149">
      </trkpt>
      <trkpt lat="50.86257" lon="14.4795">
      </trkpt>
      <trkpt lat="50.863698" lon="14.480512">
      </trkpt>
      <trkpt lat="50.864594" lon="14.481193">
      </trkpt>
      <trkpt lat="50.865067" lon="14.481442">
      </trkpt>
      <trkpt lat="50.865982" lon="14.481287">
      </trkpt>
      <trkpt lat="50.866493" lon="14.480178">
      </trkpt>
      <trkpt lat="50.868046" lon="14.476737">
      </trkpt>
      <trkpt lat="50.867902" lon="14.473238">
      </trkpt>
      <trkpt lat="50.868011" lon="14.469816">
      </trkpt>
      <trkpt lat="50.86804" lon="14.469498">
      </trkpt>
      <trkpt lat="50.868038" lon="14.469097">
      </trkpt>
      <trkpt lat="50.867928" lon="14.468128">
      </trkpt>
      <trkpt lat="50.867824" lon="14.467529">
      </trkpt>
      <trkpt lat="50.867595" lon="14.46675">
      </trkpt>
      <trkpt lat="50.867466" lon="14.46628">
      </trkpt>
      <trkpt lat="50.86729" lon="14.465763">
      </trkpt>
      <trkpt lat="50.866917" lon="14.464901">
      </trkpt>
      <trkpt lat="50.873844" lon="14.459414">
      </trkpt>
      <trkpt lat="50.874712" lon="14.459718">
      </trkpt>
      <trkpt lat="50.875812" lon="14.459509">
      </trkpt>
      <trkpt lat="50.882995" lon="14.45463">
      </trkpt>
      <trkpt lat="50.886195" lon="14.457414">
      </trkpt>
      <trkpt lat="50.886263" lon="14.457417">
      </trkpt>
      <trkpt lat="50.887237" lon="14.457349">
      </trkpt>
      <trkpt lat="50.887254" lon="14.457346">
      </trkpt>
      <trkpt lat="50.888703" lon="14.455138">
      </trkpt>
      <trkpt lat="50.888702" lon="14.455134">
      </trkpt>
      <trkpt lat="50.887289" lon="14.453021">
      </trkpt>
      <trkpt lat="50.886985" lon="14.452646">
      </trkpt>
      <trkpt lat="50.882931" lon="14.44915">
      </trkpt>
      <trkpt lat="50.880165" lon="14.445189">
      </trkpt>
      <trkpt lat="50.879786" lon="14.444644">
      </trkpt>
      <trkpt lat="50.877629" lon="14.44239">
      </trkpt>
      <trkpt lat="50.876984" lon="14.441814">
      </trkpt>
      <trkpt lat="50.871789" lon="14.43855">
      </trkpt>
      <trkpt lat="50.868196" lon="14.438323">
      </trkpt>
      <trkpt lat="50.860253" lon="14.435981">
      </trkpt>
      <trkpt lat="50.859604" lon="14.435251">
      </trkpt>
      <trkpt lat="50.857887" lon="14.427807">
      </trkpt>
      <trkpt lat="50.857977" lon="14.426835">
      </trkpt>
      <trkpt lat="50.859271" lon="14.422458">
      </trkpt>
      <trkpt lat="50.859399" lon="14.419713">
      </trkpt>
      <trkpt lat="50.859361" lon="14.419419">
      </trkpt>
      <trkpt lat="50.858954" lon="14.418677">
      </trkpt>
      <trkpt lat="50.858095" lon="14.418082">
      </trkpt>
      <trkpt lat="50.857297" lon="14.41798">
      </trkpt>
      <trkpt lat="50.852158" lon="14.410609">
      </trkpt>
      <trkpt lat="50.852331" lon="14.410109">
      </trkpt>
      <trkpt lat="50.852502" lon="14.409327">
      </trkpt>
      <trkpt lat="50.852815" lon="14.407975">
      </trkpt>
      <trkpt lat="50.853026" lon="14.406854">
      </trkpt>
      <trkpt lat="50.858816" lon="14.400946">
      </trkpt>
      <trkpt lat="50.859355" lon="14.400784">
      </trkpt>
      <trkpt lat="50.859637" lon="14.400645">
      </trkpt>
      <trkpt lat="50.860215" lon="14.400266">
      </trkpt>
      <trkpt lat="50.860714" lon="14.399756">
      </trkpt>
      <trkpt lat="50.861019" lon="14.399253">
      </trkpt>
      <trkpt lat="50.862499" lon="14.396252">
      </trkpt>
      <trkpt lat="50.862442" lon="14.391945">
      </trkpt>
      <trkpt lat="50.862394" lon="14.391448">
      </trkpt>
      <trkpt lat="50.862279" lon="14.390877">
      </trkpt>
      <trkpt lat="50.862136" lon="14.39041">
      </trkpt>
      <trkpt lat="50.86223" lon="14.384004">
      </trkpt>
      <trkpt lat="50.863943" lon="14.381122">
      </trkpt>
      <trkpt lat="50.864293" lon="14.380668">
      </trkpt>
      <trkpt lat="50.864651" lon="14.38024">
      </trkpt>
      <trkpt lat="50.865763" lon="14.378843">
      </trkpt>
      <trkpt lat="50.864886" lon="14.376456">
      </trkpt>
      <trkpt lat="50.857643" lon="14.372129">
      </trkpt>
      <trkpt lat="50.857418" lon="14.368902">
      </trkpt>
      <trkpt lat="50.857454" lon="14.367568">
      </trkpt>
      <trkpt lat="50.857524" lon="14.36542">
      </trkpt>
      <trkpt lat="50.857569" lon="14.364461">
      </trkpt>
      <trkpt lat="50.857576" lon="14.363915">
      </trkpt>
      <trkpt lat="50.857543" lon="14.363057">
      </trkpt>
      <trkpt lat="50.857413" lon="14.360889">
      </trkpt>
      <trkpt lat="50.863657" lon="14.355683">
      </trkpt>
      <trkpt lat="50.864333" lon="14.353288">
      </trkpt>
      <trkpt lat="50.86486" lon="14.351549">
      </trkpt>
      <trkpt lat="50.865245" lon="14.34977">
      </trkpt>
      <trkpt lat="50.865311" lon="14.349284">
      </trkpt>
      <trkpt lat="50.865921" lon="14.345151">
      </trkpt>
      <trkpt lat="50.866271" lon="14.342748">
      </trkpt>
      <trkpt lat="50.866294" lon="14.342267">
      </trkpt>
      <trkpt lat="50.866263" lon="14.341513">
      </trkpt>
      <trkpt lat="50.869146" lon="14.33373">
      </trkpt>
      <trkpt lat="50.872097" lon="14.33138">
      </trkpt>
      <trkpt lat="50.873593" lon="14.330213">
      </trkpt>
      <trkpt lat="50.874039" lon="14.329901">
      </trkpt>
      <trkpt lat="50.874457" lon="14.329435">
      </trkpt>
      <trkpt lat="50.874659" lon="14.329108">
      </trkpt>
      <trkpt lat="50.875858" lon="14.32645">
      </trkpt>
      <trkpt lat="50.875969" lon="14.32615">
      </trkpt>
      <trkpt lat="50.876085" lon="14.325674">
      </trkpt>
      <trkpt lat="50.876134" lon="14.325216">
      </trkpt>
      <trkpt lat="50.876117" lon="14.324468">
      </trkpt>
      <trkpt lat="50.876027" lon="14.323933">
      </trkpt>
      <trkpt lat="50.875703" lon="14.315501">
      </trkpt>
      <trkpt lat="50.875783" lon="14.314887">
      </trkpt>
      <trkpt lat="50.876166" lon="14.310511">
      </trkpt>
      <trkpt lat="50.876758" lon="14.30603">
      </trkpt>
      <trkpt lat="50.876799" lon="14.305685">
      </trkpt>
      <trkpt lat="50.877022" lon="14.302832">
      </trkpt>
      <trkpt lat="50.877066" lon="14.302231">
      </trkpt>
      <trkpt lat="50.877114" lon="14.300276">
      </trkpt>
      <trkpt lat="50.877115" lon="14.299766">
      </trkpt>
      <trkpt lat="50.877098" lon="14.29943">
      </trkpt>
      <trkpt lat="50.877043" lon="14.294359">
      </trkpt>
      <trkpt lat="50.878244" lon="14.288828">
      </trkpt>
      <trkpt lat="50.878403" lon="14.288348">
      </trkpt>
      <trkpt lat="50.881006" lon="14.281234">
      </trkpt>
      <trkpt lat="50.881919" lon="14.278196">
      </trkpt>
      <trkpt lat="50.88265" lon="14.270324">
      </trkpt>
      <trkpt lat="50.882669" lon="14.269935">
      </trkpt>
      <trkpt lat="50.882576" lon="14.269211">
      </trkpt>
      <trkpt lat="50.88242" lon="14.268632">
      </trkpt>
      <trkpt lat="50.881495" lon="14.265239">
      </trkpt>
      <trkpt lat="50.881336" lon="14.264733">
      </trkpt>
      <trkpt lat="50.88109" lon="14.264238">
      </trkpt>
      <trkpt lat="50.880021" lon="14.262002">
      </trkpt>
      <trkpt lat="50.879707" lon="14.261427">
      </trkpt>
      <trkpt lat="50.877438" lon="14.257026">
      </trkpt>
      <trkpt lat="50.876921" lon="14.254803">
      </trkpt>
      <trkpt lat="50.876677" lon="14.253634">
      </trkpt>
      <trkpt lat="50.876921" lon="14.248035">
      </trkpt>
      <trkpt lat="50.87699" lon="14.247654">
      </trkpt>
      <trkpt lat="50.876996" lon="14.24697">
      </trkpt>
      <trkpt lat="50.880982" lon="14.239615">
      </trkpt>
      <trkpt lat="50.884227" lon="14.238639">
      </trkpt>
      <trkpt lat="50.892793" lon="14.2392">
      </trkpt>
      <trkpt lat="50.895332" lon="14.237801">
      </trkpt>
      <trkpt lat="50.89587" lon="14.23488">
      </trkpt>
      <trkpt lat="50.898733" lon="14.226615">
      </trkpt>
      <trkpt lat="50.900185" lon="14.224812">
      </trkpt>
      <trkpt lat="50.901009" lon="14.223175">
      </trkpt>
      <trkpt lat="50.902231" lon="14.220914">
      </trkpt>
      <trkpt lat="50.902879" lon="14.21942">
      </trkpt>
      <trkpt lat="50.90309" lon="14.218688">
      </trkpt>
      <trkpt lat="50.903376" lon="14.217602">
      </trkpt>
      <trkpt lat="50.904112" lon="14.215166">
      </trkpt>
      <trkpt lat="50.904837" lon="14.213017">
      </trkpt>
      <trkpt lat="50.905329" lon="14.211646">
      </trkpt>
      <trkpt lat="50.905822" lon="14.210296">
      </trkpt>
      <trkpt lat="50.90614" lon="14.209485">
      </trkpt>
      <trkpt lat="50.906436" lon="14.208772">
      </trkpt>
      <trkpt lat="50.907111" lon="14.206683">
      </trkpt>
      <trkpt lat="50.907826" lon="14.204477">
      </trkpt>
      <trkpt lat="50.908141" lon="14.203369">
      </trkpt>
      <trkpt lat="50.908641" lon="14.201441">
      </trkpt>
      <trkpt lat="50.909102" lon="14.199586">
      </trkpt>
      <trkpt lat="50.909508" lon="14.197626">
      </trkpt>
      <trkpt lat="50.909878" lon="14.195739">
      </trkpt>
      <trkpt lat="50.910256" lon="14.193808">
      </trkpt>
      <trkpt lat="50.918663" lon="14.192192">
      </trkpt>
      <trkpt lat="50.919424" lon="14.193135">
      </trkpt>
      <trkpt lat="50.920387" lon="14.193902">
      </trkpt>
      <trkpt lat="50.921291" lon="14.194129">
      </trkpt>
      <trkpt lat="50.922318" lon="14.193959">
      </trkpt>
      <trkpt lat="50.924514" lon="14.193031">
      </trkpt>
      <trkpt lat="50.926432" lon="14.192292">
      </trkpt>
      <trkpt lat="50.928194" lon="14.186207">
      </trkpt>
      <trkpt lat="50.935431" lon="14.180871">
      </trkpt>
      <trkpt lat="50.935629" lon="14.180708">
      </trkpt>
      <trkpt lat="50.936268" lon="14.178948">
      </trkpt>
      <trkpt lat="50.936176" lon="14.178698">
      </trkpt>
      <trkpt lat="50.936677" lon="14.171465">
      </trkpt>
      <trkpt lat="50.940328" lon="14.167939">
      </trkpt>
      <trkpt lat="50.943654" lon="14.16656">
      </trkpt>
      <trkpt lat="50.943633" lon="14.165067">
      </trkpt>
      <trkpt lat="50.939631" lon="14.162671">
      </trkpt>
      <trkpt lat="50.935621" lon="14.154977">
      </trkpt>
      <trkpt lat="50.934684" lon="14.153148">
      </trkpt>
      <trkpt lat="50.931757" lon="14.145903">
      </trkpt>
      <trkpt lat="50.931536" lon="14.145101">
      </trkpt>
      <trkpt lat="50.928775" lon="14.145082">
      </trkpt>
      <trkpt lat="50.922242" lon="14.139764">
      </trkpt>
      <trkpt lat="50.924404" lon="14.136873">
      </trkpt>
      <trkpt lat="50.930218" lon="14.134667">
      </trkpt>
      <trkpt lat="50.930933" lon="14.134826">
      </trkpt>
      <trkpt lat="50.932256" lon="14.134522">
      </trkpt>
      <trkpt lat="50.936209" lon="14.13316">
      </trkpt>
      <trkpt lat="50.936411" lon="14.132786">
      </trkpt>
      <trkpt lat="50.936593" lon="14.132305">
      </trkpt>
      <trkpt lat="50.937451" lon="14.129943">
      </trkpt>
      <trkpt lat="50.934117" lon="14.128584">
      </trkpt>
      <trkpt lat="50.929498" lon="14.124792">
      </trkpt>
      <trkpt lat="50.927763" lon="14.123305">
      </trkpt>
      <trkpt lat="50.927181" lon="14.11576">
      </trkpt>
      <trkpt lat="50.927588" lon="14.114885">
      </trkpt>
      <trkpt lat="50.928305" lon="14.112933">
      </trkpt>
      <trkpt lat="50.928618" lon="14.112106">
      </trkpt>
      <trkpt lat="50.928729" lon="14.111698">
      </trkpt>
      <trkpt lat="50.9289" lon="14.11077">
      </trkpt>
      <trkpt lat="50.929115" lon="14.109826">
      </trkpt>
      <trkpt lat="50.92952" lon="14.108157">
      </trkpt>
      <trkpt lat="50.929638" lon="14.107598">
      </trkpt>
      <trkpt lat="50.92973" lon="14.106986">
      </trkpt>
      <trkpt lat="50.929778" lon="14.106518">
      </trkpt>
      <trkpt lat="50.92982" lon="14.105571">
      </trkpt>
      <trkpt lat="50.929809" lon="14.105108">
      </trkpt>
      <trkpt lat="50.929741" lon="14.104344">
      </trkpt>
      <trkpt lat="50.929621" lon="14.103581">
      </trkpt>
      <trkpt lat="50.929517" lon="14.103131">
      </trkpt>
      <trkpt lat="50.929241" lon="14.102181">
      </trkpt>
      <trkpt lat="50.92828" lon="14.099291">
      </trkpt>
      <trkpt lat="50.926829" lon="14.093387">
      </trkpt>
      <trkpt lat="50.926693" lon="14.092595">
      </trkpt>
      <trkpt lat="50.926461" lon="14.092162">
      </trkpt>
      <trkpt lat="50.926202" lon="14.091839">
      </trkpt>
      <trkpt lat="50.925005" lon="14.089996">
      </trkpt>
      <trkpt lat="50.923959" lon="14.088286">
      </trkpt>
      <trkpt lat="50.923614" lon="14.087807">
      </trkpt>
      <trkpt lat="50.921839" lon="14.084103">
      </trkpt>
      <trkpt lat="50.921668" lon="14.083579">
      </trkpt>
      <trkpt lat="50.921348" lon="14.08211">
      </trkpt>
      <trkpt lat="50.921257" lon="14.081476">
      </trkpt>
      <trkpt lat="50.921089" lon="14.079684">
      </trkpt>
      <trkpt lat="50.92105" lon="14.078898">
      </trkpt>
      <trkpt lat="50.921012" lon="14.078569">
      </trkpt>
      <trkpt lat="50.920881" lon="14.077309">
      </trkpt>
      <trkpt lat="50.920745" lon="14.076182">
      </trkpt>
      <trkpt lat="50.920661" lon="14.075231">
      </trkpt>
      <trkpt lat="50.9214" lon="14.066458">
      </trkpt>
      <trkpt lat="50.921443" lon="14.06639">
      </trkpt>
      <trkpt lat="50.921658" lon="14.065695">
      </trkpt>
      <trkpt lat="50.921822" lon="14.064936">
      </trkpt>
      <trkpt lat="50.92617" lon="14.059301">
      </trkpt>
      <trkpt lat="50.933922" lon="14.06252">
      </trkpt>
      <trkpt lat="50.93469" lon="14.064862">
      </trkpt>
      <trkpt lat="50.935453" lon="14.06705">
      </trkpt>
      <trkpt lat="50.935728" lon="14.067893">
      </trkpt>
      <trkpt lat="50.936081" lon="14.06886">
      </trkpt>
      <trkpt lat="50.936286" lon="14.069556">
      </trkpt>
      <trkpt lat="50.936623" lon="14.070554">
      </trkpt>
      <trkpt lat="50.939773" lon="14.075736">
      </trkpt>
      <trkpt lat="50.94068" lon="14.078271">
      </trkpt>
      <trkpt lat="50.94162" lon="14.079539">
      </trkpt>
      <trkpt lat="50.942903" lon="14.081476">
      </trkpt>
      <trkpt lat="50.943979" lon="14.082448">
      </trkpt>
      <trkpt lat="50.9447" lon="14.08294">
      </trkpt>
      <trkpt lat="50.946805" lon="14.084529">
      </trkpt>
      <trkpt lat="50.947657" lon="14.084997">
      </trkpt>
      <trkpt lat="50.949032" lon="14.085262">
      </trkpt>
      <trkpt lat="50.949848" lon="14.085314">
      </trkpt>
      <trkpt lat="50.950496" lon="14.085264">
      </trkpt>
      <trkpt lat="50.951429" lon="14.085046">
      </trkpt>
      <trkpt lat="50.951925" lon="14.084867">
      </trkpt>
      <trkpt lat="50.952605" lon="14.084525">
      </trkpt>
      <trkpt lat="50.953382" lon="14.084053">
      </trkpt>
      <trkpt lat="50.954348" lon="14.083348">
      </trkpt>
      <trkpt lat="50.955197" lon="14.082789">
      </trkpt>
      <trkpt lat="50.956277" lon="14.078516">
      </trkpt>
      <trkpt lat="50.956387" lon="14.078258">
      </trkpt>
      <trkpt lat="50.956406" lon="14.078209">
      </trkpt>
      <trkpt lat="50.956555" lon="14.077812">
      </trkpt>
      <trkpt lat="50.956628" lon="14.077586">
      </trkpt>
      <trkpt lat="50.957199" lon="14.076017">
      </trkpt>
      <trkpt lat="50.963145" lon="14.069743">
      </trkpt>
      <trkpt lat="50.966454" lon="14.066629">
      </trkpt>
      <trkpt lat="50.966526" lon="14.06658">
      </trkpt>
      <trkpt lat="50.972328" lon="14.064429">
      </trkpt>
      <trkpt lat="50.975836" lon="14.067471">
      </trkpt>
      <trkpt lat="50.979145" lon="14.07053">
      </trkpt>
      <trkpt lat="50.980446" lon="14.077322">
      </trkpt>
      <trkpt lat="50.983622" lon="14.083288">
      </trkpt>
      <trkpt lat="50.979483" lon="14.087871">
      </trkpt>
      <trkpt lat="50.978813" lon="14.088124">
      </trkpt>
      <trkpt lat="50.978019" lon="14.088592">
      </trkpt>
      <trkpt lat="50.977316" lon="14.089087">
      </trkpt>
      <trkpt lat="50.975069" lon="14.090421">
      </trkpt>
      <trkpt lat="50.97408" lon="14.09111">
      </trkpt>
      <trkpt lat="50.973279" lon="14.091636">
      </trkpt>
      <trkpt lat="50.972272" lon="14.092453">
      </trkpt>
      <trkpt lat="50.971665" lon="14.092977">
      </trkpt>
      <trkpt lat="50.971331" lon="14.093539">
      </trkpt>
      <trkpt lat="50.967067" lon="14.098262">
      </trkpt>
      <trkpt lat="50.96622" lon="14.098781">
      </trkpt>
      <trkpt lat="50.96458" lon="14.09983">
      </trkpt>
      <trkpt lat="50.963688" lon="14.10051">
      </trkpt>
      <trkpt lat="50.9613" lon="14.101925">
      </trkpt>
      <trkpt lat="50.96084" lon="14.102669">
      </trkpt>
      <trkpt lat="50.960048" lon="14.104047">
      </trkpt>
      <trkpt lat="50.96317" lon="14.10584">
      </trkpt>
      <trkpt lat="50.965809" lon="14.10367">
      </trkpt>
      <trkpt lat="50.966398" lon="14.10323">
      </trkpt>
      <trkpt lat="50.967464" lon="14.102378">
      </trkpt>
      <trkpt lat="50.97002" lon="14.101062">
      </trkpt>
      <trkpt lat="50.970808" lon="14.100773">
      </trkpt>
      <trkpt lat="50.97252" lon="14.099892">
      </trkpt>
      <trkpt lat="50.980815" lon="14.102499">
      </trkpt>
      <trkpt lat="50.981083" lon="14.103487">
      </trkpt>
      <trkpt lat="50.981504" lon="14.10449">
      </trkpt>
      <trkpt lat="50.981689" lon="14.104925">
      </trkpt>
      <trkpt lat="50.981812" lon="14.105175">
      </trkpt>
      <trkpt lat="50.98292" lon="14.107708">
      </trkpt>
      <trkpt lat="50.982998" lon="14.107753">
      </trkpt>
      <trkpt lat="50.983997" lon="14.107994">
      </trkpt>
      <trkpt lat="50.984717" lon="14.107839">
      </trkpt>
      <trkpt lat="50.98523" lon="14.107537">
      </trkpt>
      <trkpt lat="50.985778" lon="14.106889">
      </trkpt>
      <trkpt lat="50.986119" lon="14.104394">
      </trkpt>
      <trkpt lat="50.985949" lon="14.102456">
      </trkpt>
      <trkpt lat="50.98574" lon="14.101835">
      </trkpt>
      <trkpt lat="50.985497" lon="14.101468">
      </trkpt>
      <trkpt lat="50.984449" lon="14.09788">
      </trkpt>
      <trkpt lat="50.984425" lon="14.09725">
      </trkpt>
      <trkpt lat="50.986854" lon="14.091074">
      </trkpt>
      <trkpt lat="50.991397" lon="14.091195">
      </trkpt>
      <trkpt lat="50.992879" lon="14.091252">
      </trkpt>
      <trkpt lat="50.993127" lon="14.091276">
      </trkpt>
      <trkpt lat="50.994922" lon="14.090461">
      </trkpt>
      <trkpt lat="50.994906" lon="14.089553">
      </trkpt>
      <trkpt lat="50.996524" lon="14.085899">
      </trkpt>
      <trkpt lat="51.004062" lon="14.086654">
      </trkpt>
      <trkpt lat="51.00431" lon="14.087008">
      </trkpt>
      <trkpt lat="51.004619" lon="14.087343">
      </trkpt>
      <trkpt lat="51.005953" lon="14.090601">
      </trkpt>
      <trkpt lat="51.005976" lon="14.090708">
      </trkpt>
      <trkpt lat="51.006372" lon="14.091153">
      </trkpt>
      <trkpt lat="51.007021" lon="14.091826">
      </trkpt>
      <trkpt lat="51.007094" lon="14.091864">
      </trkpt>
      <trkpt lat="51.007417" lon="14.091747">
      </trkpt>
      <trkpt lat="51.009443" lon="14.090718">
      </trkpt>
      <trkpt lat="51.010453" lon="14.089589">
      </trkpt>
      <trkpt lat="51.010787" lon="14.089108">
      </trkpt>
      <trkpt lat="51.010673" lon="14.088467">
      </trkpt>
      <trkpt lat="51.009327" lon="14.080987">
      </trkpt>
      <trkpt lat="51.009561" lon="14.078677">
      </trkpt>
      <trkpt lat="51.0093" lon="14.076121">
      </trkpt>
      <trkpt lat="51.015438" lon="14.071127">
      </trkpt>
      <trkpt lat="51.018844" lon="14.069961">
      </trkpt>
      <trkpt lat="51.017844" lon="14.067041">
      </trkpt>
      <trkpt lat="51.021394" lon="14.06078">
      </trkpt>
      <trkpt lat="51.02142" lon="14.060765">
      </trkpt>
      <trkpt lat="51.022817" lon="14.059457">
      </trkpt>
      <trkpt lat="51.022265" lon="14.057913">
      </trkpt>
      <trkpt lat="51.021806" lon="14.056728">
      </trkpt>
      <trkpt lat="51.021618" lon="14.056234">
      </trkpt>
      <trkpt lat="51.021653" lon="14.050978">
      </trkpt>
      <trkpt lat="51.021692" lon="14.050871">
      </trkpt>
      <trkpt lat="51.023951" lon="14.047929">
      </trkpt>
      <trkpt lat="51.031944" lon="14.049868">
      </trkpt>
      <trkpt lat="51.034686" lon="14.051955">
      </trkpt>
      <trkpt lat="51.03985" lon="14.055746">
      </trkpt>
      <trkpt lat="51.039962" lon="14.061692">
      </trkpt>
      <trkpt lat="51.03925" lon="14.065096">
      </trkpt>
      <trkpt lat="51.037789" lon="14.067922">
      </trkpt>
      <trkpt lat="51.038083" lon="14.068501">
      </trkpt>
      <trkpt lat="51.040257" lon="14.070544">
      </trkpt>
      <trkpt lat="51.042883" lon="14.079121">
      </trkpt>
      <trkpt lat="51.042652" lon="14.079643">
      </trkpt>
      <trkpt lat="51.040246" lon="14.083524">
      </trkpt>
      <trkpt lat="51.036452" lon="14.086297">
      </trkpt>
      <trkpt lat="51.035528" lon="14.08678">
      </trkpt>
      <trkpt lat="51.035081" lon="14.088785">
      </trkpt>
      <trkpt lat="51.03508" lon="14.089022">
      </trkpt>
      <trkpt lat="51.035115" lon="14.089417">
      </trkpt>
      <trkpt lat="51.037567" lon="14.092867">
      </trkpt>
      <trkpt lat="51.038981" lon="14.096431">
      </trkpt>
      <trkpt lat="51.038991" lon="14.096467">
      </trkpt>
      <trkpt lat="51.042163" lon="14.104454">
      </trkpt>
      <trkpt lat="51.043192" lon="14.105144">
      </trkpt>
      <trkpt lat="51.04333" lon="14.105197">
      </trkpt>
      <trkpt lat="51.043879" lon="14.10534">
      </trkpt>
      <trkpt lat="51.045625" lon="14.105439">
      </trkpt>
      <trkpt lat="51.04694" lon="14.102808">
      </trkpt>
      <trkpt lat="51.049026" lon="14.099292">
      </trkpt>
      <trkpt lat="51.056189" lon="14.100217">
      </trkpt>
      <trkpt lat="51.057154" lon="14.101393">
      </trkpt>
      <trkpt lat="51.057454" lon="14.101876">
      </trkpt>
      <trkpt lat="51.058696" lon="14.105179">
      </trkpt>
      <trkpt lat="51.059057" lon="14.105905">
      </trkpt>
      <trkpt lat="51.059916" lon="14.108133">
      </trkpt>
      <trkpt lat="51.060155" lon="14.10894">
      </trkpt>
      <trkpt lat="51.060393" lon="14.110019">
      </trkpt>
      <trkpt lat="51.060623" lon="14.110903">
      </trkpt>
      <trkpt lat="51.060845" lon="14.111506">
      </trkpt>
      <trkpt lat="51.064662" lon="14.11245">
      </trkpt>
      <trkpt lat="51.065577" lon="14.108968">
      </trkpt>
      <trkpt lat="51.064175" lon="14.100826">
      </trkpt>
      <trkpt lat="51.064812" lon="14.097283">
      </trkpt>
      <trkpt lat="51.064173" lon="14.097168">
      </trkpt>
      <trkpt lat="51.063503" lon="14.097114">
      </trkpt>
      <trkpt lat="51.055921" lon="14.093144">
      </trkpt>
      <trkpt lat="51.055512" lon="14.092166">
      </trkpt>
      <trkpt lat="51.054936" lon="14.090923">
      </trkpt>
      <trkpt lat="51.0547" lon="14.09026">
      </trkpt>
      <trkpt lat="51.054262" lon="14.089393">
      </trkpt>
      <trkpt lat="51.056586" lon="14.081198">
      </trkpt>
      <trkpt lat="51.058017" lon="14.0801">
      </trkpt>
      <trkpt lat="51.062582" lon="14.078922">
      </trkpt>
      <trkpt lat="51.064386" lon="14.077737">
      </trkpt>
      <trkpt lat="51.064147" lon="14.075245">
      </trkpt>
      <trkpt lat="51.069539" lon="14.069415">
      </trkpt>
      <trkpt lat="51.077851" lon="14.070762">
      </trkpt>
      <trkpt lat="51.080531" lon="14.073524">
      </trkpt>
      <trkpt lat="51.079171" lon="14.082152">
      </trkpt>
      <trkpt lat="51.078916" lon="14.082502">
      </trkpt>
      <trkpt lat="51.078486" lon="14.08326">
      </trkpt>
      <trkpt lat="51.081326" lon="14.086008">
      </trkpt>
      <trkpt lat="51.08471" lon="14.08478">
      </trkpt>
      <trkpt lat="51.089402" lon="14.092102">
      </trkpt>
      <trkpt lat="51.092037" lon="14.094554">
      </trkpt>
      <trkpt lat="51.092886" lon="14.094876">
      </trkpt>
      <trkpt lat="51.092914" lon="14.094865">
      </trkpt>
      <trkpt lat="51.100626" lon="14.09333">
      </trkpt>
      <trkpt lat="51.101829" lon="14.093633">
      </trkpt>
      <trkpt lat="51.103684" lon="14.093264">
      </trkpt>
      <trkpt lat="51.10425" lon="14.09222">
      </trkpt>
      <trkpt lat="51.104231" lon="14.091813">
      </trkpt>
      <trkpt lat="51.104222" lon="14.091699">
      </trkpt>
      <trkpt lat="51.104137" lon="14.090934">
      </trkpt>
      <trkpt lat="51.103495" lon="14.087227">
      </trkpt>
      <trkpt lat="51.103495" lon="14.087226">
      </trkpt>
      <trkpt lat="51.101972" lon="14.08523">
      </trkpt>
      <trkpt lat="51.098379" lon="14.078796">
      </trkpt>
      <trkpt lat="51.097565" lon="14.076582">
      </trkpt>
      <trkpt lat="51.096246" lon="14.073017">
      </trkpt>
      <trkpt lat="51.094928" lon="14.069455">
      </trkpt>
      <trkpt lat="51.093641" lon="14.065976">
      </trkpt>
      <trkpt lat="51.095934" lon="14.057781">
      </trkpt>
      <trkpt lat="51.096265" lon="14.057327">
      </trkpt>
      <trkpt lat="51.096814" lon="14.05662">
      </trkpt>
      <trkpt lat="51.098878" lon="14.052476">
      </trkpt>
      <trkpt lat="51.099248" lon="14.050163">
      </trkpt>
      <trkpt lat="51.099264" lon="14.048737">
      </trkpt>
      <trkpt lat="51.10207" lon="14.042696">
      </trkpt>
      <trkpt lat="51.105399" lon="14.041323">
      </trkpt>
      <trkpt lat="51.109241" lon="14.041726">
      </trkpt>
      <trkpt lat="51.110677" lon="14.041166">
      </trkpt>
      <trkpt lat="51.116086" lon="14.034788">
      </trkpt>
      <trkpt lat="51.114334" lon="14.031644">
      </trkpt>
      <trkpt lat="51.111475" lon="14.032546">
      </trkpt>
      <trkpt lat="51.110692" lon="14.032621">
      </trkpt>
      <trkpt lat="51.104077" lon="14.026946">
      </trkpt>
      <trkpt lat="51.102733" lon="14.025257">
      </trkpt>
      <trkpt lat="51.100194" lon="14.020522">
      </trkpt>
      <trkpt lat="51.099706" lon="14.013567">
      </trkpt>
      <trkpt lat="51.095875" lon="14.007367">
      </trkpt>
      <trkpt lat="51.095519" lon="13.998821">
      </trkpt>
      <trkpt lat="51.096852" lon="13.997381">
      </trkpt>
      <trkpt lat="51.097074" lon="13.997185">
      </trkpt>
      <trkpt lat="51.099545" lon="13.994855">
      </trkpt>
      <trkpt lat="51.099811" lon="13.993668">
      </trkpt>
      <trkpt lat="51.099771" lon="13.993079">
      </trkpt>
      <trkpt lat="51.099738" lon="13.992926">
      </trkpt>
      <trkpt lat="51.099138" lon="13.992243">
      </trkpt>
      <trkpt lat="51.099081" lon="13.9922">
      </trkpt>
      <trkpt lat="51.095751" lon="13.993">
      </trkpt>
      <trkpt lat="51.093316" lon="13.994293">
      </trkpt>
      <trkpt lat="51.09291" lon="13.99479">
      </trkpt>
      <trkpt lat="51.092798" lon="13.994941">
      </trkpt>
      <trkpt lat="51.092506" lon="13.995388">
      </trkpt>
      <trkpt lat="51.089542" lon="14.000427">
      </trkpt>
      <trkpt lat="51.089354" lon="14.00121">
      </trkpt>
      <trkpt lat="51.089766" lon="14.003206">
      </trkpt>
      <trkpt lat="51.08742" lon="14.00921">
      </trkpt>
      <trkpt lat="51.087171" lon="14.009824">
      </trkpt>
      <trkpt lat="51.086626" lon="14.011255">
      </trkpt>
      <trkpt lat="51.086318" lon="14.011767">
      </trkpt>
      <trkpt lat="51.08065" lon="14.014598">
      </trkpt>
      <trkpt lat="51.075749" lon="14.009003">
      </trkpt>
      <trkpt lat="51.075208" lon="14.005588">
      </trkpt>
      <trkpt lat="51.075076" lon="14.003844">
      </trkpt>
      <trkpt lat="51.07473" lon="14.001417">
      </trkpt>
      <trkpt lat="51.07256" lon="13.999972">
      </trkpt>
      <trkpt lat="51.064506" lon="13.996065">
      </trkpt>
      <trkpt lat="51.069261" lon="13.991371">
      </trkpt>
      <trkpt lat="51.069971" lon="13.989493">
      </trkpt>
      <trkpt lat="51.070769" lon="13.987294">
      </trkpt>
      <trkpt lat="51.070812" lon="13.986939">
      </trkpt>
      <trkpt lat="51.066381" lon="13.982294">
      </trkpt>
      <trkpt lat="51.065897" lon="13.975536">
      </trkpt>
      <trkpt lat="51.066099" lon="13.970642">
      </trkpt>
      <trkpt lat="51.06606" lon="13.96711">
      </trkpt>
      <trkpt lat="51.066097" lon="13.965105">
      </trkpt>
      <trkpt lat="51.066134" lon="13.963103">
      </trkpt>
      <trkpt lat="51.066172" lon="13.961187">
      </trkpt>
      <trkpt lat="51.06621" lon="13.959263">
      </trkpt>
      <trkpt lat="51.066228" lon="13.958041">
      </trkpt>
      <trkpt lat="51.066171" lon="13.956113">
      </trkpt>
      <trkpt lat="51.066053" lon="13.953611">
      </trkpt>
      <trkpt lat="51.064012" lon="13.94885">
      </trkpt>
      <trkpt lat="51.065202" lon="13.942116">
      </trkpt>
      <trkpt lat="51.06617" lon="13.940649">
      </trkpt>
      <trkpt lat="51.066405" lon="13.940231">
      </trkpt>
      <trkpt lat="51.066475" lon="13.940019">
      </trkpt>
      <trkpt lat="51.074559" lon="13.936601">
      </trkpt>
      <trkpt lat="51.075482" lon="13.937179">
      </trkpt>
      <trkpt lat="51.079354" lon="13.938429">
      </trkpt>
      <trkpt lat="51.079503" lon="13.938479">
      </trkpt>
      <trkpt lat="51.082539" lon="13.939448">
      </trkpt>
      <trkpt lat="51.083754" lon="13.939445">
      </trkpt>
      <trkpt lat="51.086673" lon="13.939327">
      </trkpt>
      <trkpt lat="51.093946" lon="13.940384">
      </trkpt>
      <trkpt lat="51.096011" lon="13.940909">
      </trkpt>
      <trkpt lat="51.097573" lon="13.941208">
      </trkpt>
      <trkpt lat="51.098548" lon="13.941324">
      </trkpt>
      <trkpt lat="51.099425" lon="13.941367">
      </trkpt>
      <trkpt lat="51.10044" lon="13.941324">
      </trkpt>
      <trkpt lat="51.101528" lon="13.941183">
      </trkpt>
      <trkpt lat="51.105773" lon="13.940902">
      </trkpt>
      <trkpt lat="51.108036" lon="13.938773">
      </trkpt>
      <trkpt lat="51.106598" lon="13.935473">
      </trkpt>
      <trkpt lat="51.104545" lon="13.936262">
      </trkpt>
      <trkpt lat="51.096697" lon="13.937375">
      </trkpt>
      <trkpt lat="51.094839" lon="13.936896">
      </trkpt>
      <trkpt lat="51.090454" lon="13.935876">
      </trkpt>
      <trkpt lat="51.087528" lon="13.928316">
      </trkpt>
      <trkpt lat="51.087039" lon="13.927649">
      </trkpt>
      <trkpt lat="51.082368" lon="13.92167">
      </trkpt>
      <trkpt lat="51.078813" lon="13.921106">
      </trkpt>
      <trkpt lat="51.072086" lon="13.921065">
      </trkpt>
      <trkpt lat="51.069022" lon="13.921825">
      </trkpt>
      <trkpt lat="51.062812" lon="13.916714">
      </trkpt>
      <trkpt lat="51.063666" lon="13.912878">
      </trkpt>
      <trkpt lat="51.064543" lon="13.908914">
      </trkpt>
      <trkpt lat="51.064893" lon="13.906543">
      </trkpt>
      <trkpt lat="51.064756" lon="13.901529">
      </trkpt>
      <trkpt lat="51.067744" lon="13.897884">
      </trkpt>
      <trkpt lat="51.069149" lon="13.895389">
      </trkpt>
      <trkpt lat="51.069409" lon="13.893504">
      </trkpt>
      <trkpt lat="51.069485" lon="13.891069">
      </trkpt>
      <trkpt lat="51.068498" lon="13.889698">
      </trkpt>
      <trkpt lat="51.064418" lon="13.885703">
      </trkpt>
      <trkpt lat="51.064316" lon="13.885604">
      </trkpt>
      <trkpt lat="51.064231" lon="13.885528">
      </trkpt>
      <trkpt lat="51.059043" lon="13.883605">
      </trkpt>
      <trkpt lat="51.058164" lon="13.883898">
      </trkpt>
      <trkpt lat="51.05725" lon="13.884252">
      </trkpt>
      <trkpt lat="51.056652" lon="13.884889">
      </trkpt>
      <trkpt lat="51.055226" lon="13.885978">
      </trkpt>
      <trkpt lat="51.055736" lon="13.88987">
      </trkpt>
      <trkpt lat="51.055553" lon="13.891101">
      </trkpt>
      <trkpt lat="51.052695" lon="13.896301">
      </trkpt>
      <trkpt lat="51.047112" lon="13.899534">
      </trkpt>
      <trkpt lat="51.042739" lon="13.898305">
      </trkpt>
      <trkpt lat="51.042136" lon="13.897946">
      </trkpt>
      <trkpt lat="51.041278" lon="13.897629">
      </trkpt>
      <trkpt lat="51.040546" lon="13.897286">
      </trkpt>
      <trkpt lat="51.036461" lon="13.892063">
      </trkpt>
      <trkpt lat="51.039178" lon="13.88681">
      </trkpt>
      <trkpt lat="51.03958" lon="13.886087">
      </trkpt>
      <trkpt lat="51.039754" lon="13.885612">
      </trkpt>
      <trkpt lat="51.044863" lon="13.880205">
      </trkpt>
      <trkpt lat="51.045459" lon="13.878815">
      </trkpt>
      <trkpt lat="51.045701" lon="13.877893">
      </trkpt>
      <trkpt lat="51.048734" lon="13.872061">
      </trkpt>
      <trkpt lat="51.049509" lon="13.871167">
      </trkpt>
      <trkpt lat="51.049871" lon="13.870663">
      </trkpt>
      <trkpt lat="51.050194" lon="13.870135">
      </trkpt>
      <trkpt lat="51.049839" lon="13.863777">
      </trkpt>
      <trkpt lat="51.049662" lon="13.862747">
      </trkpt>
      <trkpt lat="51.047894" lon="13.859234">
      </trkpt>
      <trkpt lat="51.046428" lon="13.858326">
      </trkpt>
      <trkpt lat="51.040443" lon="13.85265">
      </trkpt>
      <trkpt lat="51.041926" lon="13.849743">
      </trkpt>
      <trkpt lat="51.042225" lon="13.848517">
      </trkpt>
      <trkpt lat="51.042308" lon="13.848098">
      </trkpt>
      <trkpt lat="51.042386" lon="13.847546">
      </trkpt>
      <trkpt lat="51.042438" lon="13.846918">
      </trkpt>
      <trkpt lat="51.042442" lon="13.84641">
      </trkpt>
      <trkpt lat="51.043637" lon="13.837984">
      </trkpt>
      <trkpt lat="51.046007" lon="13.829338">
      </trkpt>
      <trkpt lat="51.046228" lon="13.829151">
      </trkpt>
      <trkpt lat="51.046511" lon="13.828647">
      </trkpt>
      <trkpt lat="51.046533" lon="13.828587">
      </trkpt>
      <trkpt lat="51.048735" lon="13.824904">
      </trkpt>
      <trkpt lat="51.056478" lon="13.827467">
      </trkpt>
      <trkpt lat="51.059997" lon="13.826707">
      </trkpt>
      <trkpt lat="51.060045" lon="13.825658">
      </trkpt>
      <trkpt lat="51.060033" lon="13.825424">
      </trkpt>
      <trkpt lat="51.059861" lon="13.824636">
      </trkpt>
      <trkpt lat="51.059313" lon="13.823756">
      </trkpt>
      <trkpt lat="51.059542" lon="13.81677">
      </trkpt>
      <trkpt lat="51.062532" lon="13.814554">
      </trkpt>
      <trkpt lat="51.064747" lon="13.812326">
      </trkpt>
      <trkpt lat="51.065074" lon="13.811887">
      </trkpt>
      <trkpt lat="51.065301" lon="13.811407">
      </trkpt>
      <trkpt lat="51.06533" lon="13.811315">
      </trkpt>
      <trkpt lat="51.065288" lon="13.811115">
      </trkpt>
      <trkpt lat="51.065126" lon="13.81071">
      </trkpt>
      <trkpt lat="51.064888" lon="13.810268">
      </trkpt>
      <trkpt lat="51.064512" lon="13.809936">
      </trkpt>
      <trkpt lat="51.061093" lon="13.807456">
      </trkpt>
      <trkpt lat="51.05773" lon="13.79935">
      </trkpt>
      <trkpt lat="51.058002" lon="13.798568">
      </trkpt>
      <trkpt lat="51.058346" lon="13.797404">
      </trkpt>
      <trkpt lat="51.058521" lon="13.79676">
      </trkpt>
      <trkpt lat="51.0588" lon="13.79571">
      </trkpt>
      <trkpt lat="51.058906" lon="13.795245">
      </trkpt>
      <trkpt lat="51.059003" lon="13.794779">
      </trkpt>
      <trkpt lat="51.059153" lon="13.793967">
      </trkpt>
      <trkpt lat="51.059362" lon="13.79283">
      </trkpt>
      <trkpt lat="51.067265" lon="13.788946">
      </trkpt>
      <trkpt lat="51.067589" lon="13.788892">
      </trkpt>
      <trkpt lat="51.068815" lon="13.787574">
      </trkpt>
      <trkpt lat="51.069211" lon="13.78655">
      </trkpt>
      <trkpt lat="51.069453" lon="13.785901">
      </trkpt>
      <trkpt lat="51.06959" lon="13.785448">
      </trkpt>
      <trkpt lat="51.071972" lon="13.777455">
      </trkpt>
      <trkpt lat="51.072691" lon="13.772921">
      </trkpt>
      <trkpt lat="51.07356" lon="13.770291">
      </trkpt>
      <trkpt lat="51.07363" lon="13.770085">
      </trkpt>
      <trkpt lat="51.074204" lon="13.768373">
      </trkpt>
      <trkpt lat="51.07434" lon="13.76797">
      </trkpt>
      <trkpt lat="51.07492" lon="13.766242">
      </trkpt>
      <trkpt lat="51.074949" lon="13.766155">
      </trkpt>
      <trkpt lat="51.074949" lon="13.766155">
      </trkpt>
      <trkpt lat="51.075022" lon="13.765937">
      </trkpt>
      <trkpt lat="51.074526" lon="13.76431">
      </trkpt>
      <trkpt lat="51.074281" lon="13.763255">
      </trkpt>
      <trkpt lat="51.077564" lon="13.755427">
      </trkpt>
      <trkpt lat="51.077565" lon="13.755422">
      </trkpt>
      <trkpt lat="51.077133" lon="13.753503">
      </trkpt>
      <trkpt lat="51.076285" lon="13.751552">
      </trkpt>
      <trkpt lat="51.07464" lon="13.747183">
      </trkpt>
      <trkpt lat="51.074146" lon="13.745125">
      </trkpt>
      <trkpt lat="51.075542" lon="13.740136">
      </trkpt>
      <trkpt lat="51.083378" lon="13.744308">
      </trkpt>
      <trkpt lat="51.084609" lon="13.745622">
      </trkpt>
      <trkpt lat="51.086207" lon="13.750919">
      </trkpt>
      <trkpt lat="51.086306" lon="13.751165">
      </trkpt>
      <trkpt lat="51.092655" lon="13.750167">
      </trkpt>
      <trkpt lat="51.092676" lon="13.750112">
      </trkpt>
      <trkpt lat="51.092768" lon="13.749207">
      </trkpt>
      <trkpt lat="51.092756" lon="13.749146">
      </trkpt>
      <trkpt lat="51.09258" lon="13.748447">
      </trkpt>
      <trkpt lat="51.093378" lon="13.740454">
      </trkpt>
      <trkpt lat="51.098474" lon="13.73936">
      </trkpt>
      <trkpt lat="51.101899" lon="13.740467">
      </trkpt>
      <trkpt lat="51.102986" lon="13.739987">
      </trkpt>
      <trkpt lat="51.109617" lon="13.741682">
      </trkpt>
      <trkpt lat="51.108123" lon="13.749244">
      </trkpt>
      <trkpt lat="51.107748" lon="13.749998">
      </trkpt>
      <trkpt lat="51.107687" lon="13.750384">
      </trkpt>
      <trkpt lat="51.107985" lon="13.751306">
      </trkpt>
      <trkpt lat="51.110365" lon="13.757916">
      </trkpt>
      <trkpt lat="51.110459" lon="13.758708">
      </trkpt>
      <trkpt lat="51.110536" lon="13.759099">
      </trkpt>
      <trkpt lat="51.114152" lon="13.76421">
      </trkpt>
      <trkpt lat="51.114957" lon="13.768843">
      </trkpt>
      <trkpt lat="51.117045" lon="13.771417">
      </trkpt>
      <trkpt lat="51.119376" lon="13.772097">
      </trkpt>
      <trkpt lat="51.125928" lon="13.775321">
      </trkpt>
      <trkpt lat="51.129431" lon="13.774493">
      </trkpt>
      <trkpt lat="51.12994" lon="13.773314">
      </trkpt>
      <trkpt lat="51.12987" lon="13.773123">
      </trkpt>
      <trkpt lat="51.129212" lon="13.769352">
      </trkpt>
      <trkpt lat="51.133058" lon="13.76223">
      </trkpt>
      <trkpt lat="51.13506" lon="13.761288">
      </trkpt>
      <trkpt lat="51.142371" lon="13.764251">
      </trkpt>
      <trkpt lat="51.142785" lon="13.76504">
      </trkpt>
      <trkpt lat="51.14459" lon="13.768815">
      </trkpt>
      <trkpt lat="51.146403" lon="13.772606">
      </trkpt>
      <trkpt lat="51.146913" lon="13.773641">
      </trkpt>
      <trkpt lat="51.147612" lon="13.774943">
      </trkpt>
      <trkpt lat="51.148692" lon="13.776688">
      </trkpt>
      <trkpt lat="51.150525" lon="13.779458">
      </trkpt>
      <trkpt lat="51.152506" lon="13.782443">
      </trkpt>
      <trkpt lat="51.153803" lon="13.784385">
      </trkpt>
      <trkpt lat="51.154695" lon="13.785752">
      </trkpt>
      <trkpt lat="51.155458" lon="13.786995">
      </trkpt>
      <trkpt lat="51.156833" lon="13.789294">
      </trkpt>
      <trkpt lat="51.158209" lon="13.791593">
      </trkpt>
      <trkpt lat="51.159584" lon="13.793892">
      </trkpt>
      <trkpt lat="51.160983" lon="13.796229">
      </trkpt>
      <trkpt lat="51.163382" lon="13.800023">
      </trkpt>
      <trkpt lat="51.165778" lon="13.803812">
      </trkpt>
      <trkpt lat="51.167155" lon="13.806007">
      </trkpt>
      <trkpt lat="51.170032" lon="13.81384">
      </trkpt>
      <trkpt lat="51.170338" lon="13.81655">
      </trkpt>
      <trkpt lat="51.17037" lon="13.817186">
      </trkpt>
      <trkpt lat="51.170343" lon="13.819949">
      </trkpt>
      <trkpt lat="51.170215" lon="13.821474">
      </trkpt>
      <trkpt lat="51.173802" lon="13.821776">
      </trkpt>
      <trkpt lat="51.173931" lon="13.820251">
      </trkpt>
      <trkpt lat="51.173995" lon="13.818551">
      </trkpt>
      <trkpt lat="51.17397" lon="13.817116">
      </trkpt>
      <trkpt lat="51.173933" lon="13.816371">
      </trkpt>
      <trkpt lat="51.173592" lon="13.813307">
      </trkpt>
      <trkpt lat="51.173495" lon="13.812753">
      </trkpt>
      <trkpt lat="51.173198" lon="13.811352">
      </trkpt>
      <trkpt lat="51.172807" lon="13.809885">
      </trkpt>
      <trkpt lat="51.172331" lon="13.808428">
      </trkpt>
      <trkpt lat="51.171536" lon="13.806516">
      </trkpt>
      <trkpt lat="51.171116" lon="13.805666">
      </trkpt>
      <trkpt lat="51.170819" lon="13.805125">
      </trkpt>
      <trkpt lat="51.170246" lon="13.804162">
      </trkpt>
      <trkpt lat="51.168828" lon="13.801899">
      </trkpt>
      <trkpt lat="51.166425" lon="13.798099">
      </trkpt>
      <trkpt lat="51.164026" lon="13.794305">
      </trkpt>
      <trkpt lat="51.162674" lon="13.792044">
      </trkpt>
      <trkpt lat="51.161298" lon="13.789745">
      </trkpt>
      <trkpt lat="51.159923" lon="13.787446">
      </trkpt>
      <trkpt lat="51.158547" lon="13.785147">
      </trkpt>
      <trkpt lat="51.157757" lon="13.783859">
      </trkpt>
      <trkpt lat="51.156819" lon="13.782419">
      </trkpt>
      <trkpt lat="51.1555" lon="13.780443">
      </trkpt>
      <trkpt lat="51.157016" lon="13.773308">
      </trkpt>
      <trkpt lat="51.162386" lon="13.768647">
      </trkpt>
      <trkpt lat="51.164448" lon="13.767401">
      </trkpt>
      <trkpt lat="51.165782" lon="13.764799">
      </trkpt>
      <trkpt lat="51.166212" lon="13.763707">
      </trkpt>
      <trkpt lat="51.166014" lon="13.76351">
      </trkpt>
      <trkpt lat="51.163442" lon="13.759382">
      </trkpt>
      <trkpt lat="51.168117" lon="13.7518">
      </trkpt>
      <trkpt lat="51.169208" lon="13.751502">
      </trkpt>
      <trkpt lat="51.17056" lon="13.750998">
      </trkpt>
      <trkpt lat="51.172766" lon="13.750097">
      </trkpt>
      <trkpt lat="51.174855" lon="13.74924">
      </trkpt>
      <trkpt lat="51.176969" lon="13.748692">
      </trkpt>
      <trkpt lat="51.179204" lon="13.74847">
      </trkpt>
      <trkpt lat="51.180353" lon="13.748306">
      </trkpt>
      <trkpt lat="51.181457" lon="13.748045">
      </trkpt>
      <trkpt lat="51.18255" lon="13.747684">
      </trkpt>
      <trkpt lat="51.184853" lon="13.74673">
      </trkpt>
      <trkpt lat="51.187156" lon="13.745776">
      </trkpt>
      <trkpt lat="51.18946" lon="13.744822">
      </trkpt>
      <trkpt lat="51.194773" lon="13.742919">
      </trkpt>
      <trkpt lat="51.195458" lon="13.742633">
      </trkpt>
      <trkpt lat="51.203985" lon="13.740227">
      </trkpt>
      <trkpt lat="51.20335" lon="13.736684">
      </trkpt>
      <trkpt lat="51.200736" lon="13.737152">
      </trkpt>
      <trkpt lat="51.198121" lon="13.73762">
      </trkpt>
      <trkpt lat="51.197064" lon="13.73789">
      </trkpt>
      <trkpt lat="51.195884" lon="13.738275">
      </trkpt>
      <trkpt lat="51.194014" lon="13.739044">
      </trkpt>
      <trkpt lat="51.192269" lon="13.739767">
      </trkpt>
      <trkpt lat="51.190389" lon="13.740541">
      </trkpt>
      <trkpt lat="51.188082" lon="13.741496">
      </trkpt>
      <trkpt lat="51.185779" lon="13.74245">
      </trkpt>
      <trkpt lat="51.183476" lon="13.743404">
      </trkpt>
      <trkpt lat="51.181172" lon="13.744358">
      </trkpt>
      <trkpt lat="51.178718" lon="13.744902">
      </trkpt>
      <trkpt lat="51.176614" lon="13.74511">
      </trkpt>
      <trkpt lat="51.175495" lon="13.745303">
      </trkpt>
      <trkpt lat="51.174743" lon="13.74549">
      </trkpt>
      <trkpt lat="51.173728" lon="13.74582">
      </trkpt>
      <trkpt lat="51.171405" lon="13.746764">
      </trkpt>
      <trkpt lat="51.169199" lon="13.747665">
      </trkpt>
      <trkpt lat="51.163441" lon="13.742319">
      </trkpt>
      <trkpt lat="51.164678" lon="13.736594">
      </trkpt>
      <trkpt lat="51.164886" lon="13.735492">
      </trkpt>
      <trkpt lat="51.163889" lon="13.734598">
      </trkpt>
      <trkpt lat="51.16146" lon="13.734387">
      </trkpt>
      <trkpt lat="51.161324" lon="13.734808">
      </trkpt>
      <trkpt lat="51.161237" lon="13.735143">
      </trkpt>
      <trkpt lat="51.161159" lon="13.735556">
      </trkpt>
      <trkpt lat="51.16109" lon="13.736301">
      </trkpt>
      <trkpt lat="51.161046" lon="13.736807">
      </trkpt>
      <trkpt lat="51.159893" lon="13.74171">
      </trkpt>
      <trkpt lat="51.159794" lon="13.74204">
      </trkpt>
      <trkpt lat="51.159528" lon="13.742813">
      </trkpt>
      <trkpt lat="51.159217" lon="13.743663">
      </trkpt>
      <trkpt lat="51.150954" lon="13.745852">
      </trkpt>
      <trkpt lat="51.150485" lon="13.745567">
      </trkpt>
      <trkpt lat="51.149938" lon="13.745275">
      </trkpt>
      <trkpt lat="51.148973" lon="13.74488">
      </trkpt>
      <trkpt lat="51.142816" lon="13.738835">
      </trkpt>
      <trkpt lat="51.142462" lon="13.738205">
      </trkpt>
      <trkpt lat="51.142271" lon="13.737856">
      </trkpt>
      <trkpt lat="51.142015" lon="13.737494">
      </trkpt>
      <trkpt lat="51.141727" lon="13.73717">
      </trkpt>
      <trkpt lat="51.13961" lon="13.729426">
      </trkpt>
      <trkpt lat="51.140281" lon="13.727255">
      </trkpt>
      <trkpt lat="51.14061" lon="13.726094">
      </trkpt>
      <trkpt lat="51.141405" lon="13.723598">
      </trkpt>
      <trkpt lat="51.141415" lon="13.723569">
      </trkpt>
      <trkpt lat="51.141377" lon="13.723221">
      </trkpt>
      <trkpt lat="51.141229" lon="13.722036">
      </trkpt>
      <trkpt lat="51.140994" lon="13.721791">
      </trkpt>
      <trkpt lat="51.140391" lon="13.721378">
      </trkpt>
      <trkpt lat="51.139967" lon="13.721167">
      </trkpt>
      <trkpt lat="51.137994" lon="13.722447">
      </trkpt>
      <trkpt lat="51.130916" lon="13.717491">
      </trkpt>
      <trkpt lat="51.131231" lon="13.71618">
      </trkpt>
      <trkpt lat="51.131315" lon="13.715704">
      </trkpt>
      <trkpt lat="51.130345" lon="13.714304">
      </trkpt>
      <trkpt lat="51.130277" lon="13.714261">
      </trkpt>
      <trkpt lat="51.127769" lon="13.71508">
      </trkpt>
      <trkpt lat="51.120788" lon="13.711356">
      </trkpt>
      <trkpt lat="51.120034" lon="13.707565">
      </trkpt>
      <trkpt lat="51.12009" lon="13.706931">
      </trkpt>
      <trkpt lat="51.120087" lon="13.706625">
      </trkpt>
      <trkpt lat="51.122124" lon="13.700509">
      </trkpt>
      <trkpt lat="51.124459" lon="13.698641">
      </trkpt>
      <trkpt lat="51.124448" lon="13.698555">
      </trkpt>
      <trkpt lat="51.123" lon="13.690498">
      </trkpt>
      <trkpt lat="51.122385" lon="13.68894">
      </trkpt>
      <trkpt lat="51.120736" lon="13.686485">
      </trkpt>
      <trkpt lat="51.118028" lon="13.687076">
      </trkpt>
      <trkpt lat="51.11729" lon="13.687526">
      </trkpt>
      <trkpt lat="51.110473" lon="13.681881">
      </trkpt>
      <trkpt lat="51.110384" lon="13.68129">
      </trkpt>
      <trkpt lat="51.110236" lon="13.680666">
      </trkpt>
      <trkpt lat="51.105624" lon="13.673485">
      </trkpt>
      <trkpt lat="51.101413" lon="13.666614">
      </trkpt>
      <trkpt lat="51.100468" lon="13.662861">
      </trkpt>
      <trkpt lat="51.100202" lon="13.659393">
      </trkpt>
      <trkpt lat="51.0998" lon="13.65314">
      </trkpt>
      <trkpt lat="51.099423" lon="13.652336">
      </trkpt>
      <trkpt lat="51.09922" lon="13.652147">
      </trkpt>
      <trkpt lat="51.094396" lon="13.645">
      </trkpt>
      <trkpt lat="51.093564" lon="13.637483">
      </trkpt>
      <trkpt lat="51.093099" lon="13.636182">
      </trkpt>
      <trkpt lat="51.092909" lon="13.635709">
      </trkpt>
      <trkpt lat="51.090155" lon="13.62996">
      </trkpt>
      <trkpt lat="51.090474" lon="13.625491">
      </trkpt>
      <trkpt lat="51.090593" lon="13.624721">
      </trkpt>
      <trkpt lat="51.0915" lon="13.621445">
      </trkpt>
      <trkpt lat="51.091501" lon="13.621416">
      </trkpt>
      <trkpt lat="51.090439" lon="13.618166">
      </trkpt>
      <trkpt lat="51.086933" lon="13.618985">
      </trkpt>
      <trkpt lat="51.086137" lon="13.622582">
      </trkpt>
      <trkpt lat="51.082001" lon="13.625744">
      </trkpt>
      <trkpt lat="51.075767" lon="13.623082">
      </trkpt>
      <trkpt lat="51.07369" lon="13.616131">
      </trkpt>
      <trkpt lat="51.075095" lon="13.611606">
      </trkpt>
      <trkpt lat="51.080577" lon="13.60973">
      </trkpt>
      <trkpt lat="51.081197" lon="13.608244">
      </trkpt>
      <trkpt lat="51.082939" lon="13.605429">
      </trkpt>
      <trkpt lat="51.083798" lon="13.604093">
      </trkpt>
      <trkpt lat="51.083799" lon="13.603169">
      </trkpt>
      <trkpt lat="51.083799" lon="13.603138">
      </trkpt>
      <trkpt lat="51.083816" lon="13.602147">
      </trkpt>
      <trkpt lat="51.083807" lon="13.601742">
      </trkpt>
      <trkpt lat="51.082796" lon="13.601523">
      </trkpt>
      <trkpt lat="51.076775" lon="13.598005">
      </trkpt>
      <trkpt lat="51.074006" lon="13.595617">
      </trkpt>
      <trkpt lat="51.073303" lon="13.594652">
      </trkpt>
      <trkpt lat="51.074476" lon="13.585782">
      </trkpt>
      <trkpt lat="51.083267" lon="13.584421">
      </trkpt>
      <trkpt lat="51.083636" lon="13.584735">
      </trkpt>
      <trkpt lat="51.0848" lon="13.584401">
      </trkpt>
      <trkpt lat="51.08567" lon="13.582802">
      </trkpt>
      <trkpt lat="51.085972" lon="13.581997">
      </trkpt>
      <trkpt lat="51.086225" lon="13.580437">
      </trkpt>
      <trkpt lat="51.082715" lon="13.579637">
      </trkpt>
      <trkpt lat="51.080683" lon="13.578708">
      </trkpt>
      <trkpt lat="51.076687" lon="13.576604">
      </trkpt>
      <trkpt lat="51.072555" lon="13.571474">
      </trkpt>
      <trkpt lat="51.068854" lon="13.566496">
      </trkpt>
      <trkpt lat="51.067822" lon="13.56488">
      </trkpt>
      <trkpt lat="51.066694" lon="13.562636">
      </trkpt>
      <trkpt lat="51.065566" lon="13.560393">
      </trkpt>
      <trkpt lat="51.067221" lon="13.552627">
      </trkpt>
      <trkpt lat="51.073053" lon="13.552825">
      </trkpt>
      <trkpt lat="51.07569" lon="13.5553">
      </trkpt>
      <trkpt lat="51.076386" lon="13.555446">
      </trkpt>
      <trkpt lat="51.077259" lon="13.555713">
      </trkpt>
      <trkpt lat="51.082073" lon="13.556764">
      </trkpt>
      <trkpt lat="51.085374" lon="13.555328">
      </trkpt>
      <trkpt lat="51.086183" lon="13.55359">
      </trkpt>
      <trkpt lat="51.08601" lon="13.551471">
      </trkpt>
      <trkpt lat="51.085942" lon="13.550861">
      </trkpt>
      <trkpt lat="51.085842" lon="13.550199">
      </trkpt>
      <trkpt lat="51.085697" lon="13.54942">
      </trkpt>
      <trkpt lat="51.083362" lon="13.543549">
      </trkpt>
      <trkpt lat="51.081279" lon="13.537449">
      </trkpt>
      <trkpt lat="51.081247" lon="13.53694">
      </trkpt>
      <trkpt lat="51.080816" lon="13.535354">
      </trkpt>
      <trkpt lat="51.084292" lon="13.528088">
      </trkpt>
      <trkpt lat="51.087943" lon="13.526798">
      </trkpt>
      <trkpt lat="51.088346" lon="13.526676">
      </trkpt>
      <trkpt lat="51.093332" lon="13.52628">
      </trkpt>
      <trkpt lat="51.09344" lon="13.526286">
      </trkpt>
      <trkpt lat="51.094673" lon="13.525259">
      </trkpt>
      <trkpt lat="51.097081" lon="13.523288">
      </trkpt>
      <trkpt lat="51.09763" lon="13.521947">
      </trkpt>
      <trkpt lat="51.097575" lon="13.521628">
      </trkpt>
      <trkpt lat="51.09753" lon="13.521429">
      </trkpt>
      <trkpt lat="51.096884" lon="13.520375">
      </trkpt>
      <trkpt lat="51.095984" lon="13.518673">
      </trkpt>
      <trkpt lat="51.095082" lon="13.517106">
      </trkpt>
      <trkpt lat="51.093735" lon="13.508869">
      </trkpt>
      <trkpt lat="51.0957" lon="13.500801">
      </trkpt>
      <trkpt lat="51.103394" lon="13.49803">
      </trkpt>
      <trkpt lat="51.104371" lon="13.498065">
      </trkpt>
      <trkpt lat="51.107692" lon="13.498536">
      </trkpt>
      <trkpt lat="51.109934" lon="13.49572">
      </trkpt>
      <trkpt lat="51.108132" lon="13.486929">
      </trkpt>
      <trkpt lat="51.105967" lon="13.485683">
      </trkpt>
      <trkpt lat="51.101185" lon="13.479206">
      </trkpt>
      <trkpt lat="51.10123" lon="13.477832">
      </trkpt>
      <trkpt lat="51.10119" lon="13.477451">
      </trkpt>
      <trkpt lat="51.099182" lon="13.476215">
      </trkpt>
      <trkpt lat="51.096981" lon="13.476209">
      </trkpt>
      <trkpt lat="51.095979" lon="13.476812">
      </trkpt>
      <trkpt lat="51.09593" lon="13.477739">
      </trkpt>
      <trkpt lat="51.096815" lon="13.482292">
      </trkpt>
      <trkpt lat="51.096788" lon="13.484232">
      </trkpt>
      <trkpt lat="51.097018" lon="13.485795">
      </trkpt>
      <trkpt lat="51.097108" lon="13.486906">
      </trkpt>
      <trkpt lat="51.096424" lon="13.491923">
      </trkpt>
      <trkpt lat="51.091438" lon="13.495704">
      </trkpt>
      <trkpt lat="51.086281" lon="13.497007">
      </trkpt>
      <trkpt lat="51.080838" lon="13.490157">
      </trkpt>
      <trkpt lat="51.080776" lon="13.489788">
      </trkpt>
      <trkpt lat="51.08063" lon="13.489181">
      </trkpt>
      <trkpt lat="51.080493" lon="13.48845">
      </trkpt>
      <trkpt lat="51.080307" lon="13.487345">
      </trkpt>
      <trkpt lat="51.081039" lon="13.482519">
      </trkpt>
      <trkpt lat="51.081272" lon="13.4816">
      </trkpt>
      <trkpt lat="51.081317" lon="13.481266">
      </trkpt>
      <trkpt lat="51.080304" lon="13.480185">
      </trkpt>
      <trkpt lat="51.077057" lon="13.479756">
      </trkpt>
      <trkpt lat="51.073764" lon="13.481211">
      </trkpt>
      <trkpt lat="51.070511" lon="13.487089">
      </trkpt>
      <trkpt lat="51.070196" lon="13.487483">
      </trkpt>
      <trkpt lat="51.069742" lon="13.488113">
      </trkpt>
      <trkpt lat="51.061239" lon="13.485218">
      </trkpt>
      <trkpt lat="51.061193" lon="13.482573">
      </trkpt>
      <trkpt lat="51.06119" lon="13.479475">
      </trkpt>
      <trkpt lat="51.061214" lon="13.478043">
      </trkpt>
      <trkpt lat="51.061254" lon="13.476406">
      </trkpt>
      <trkpt lat="51.061369" lon="13.473538">
      </trkpt>
      <trkpt lat="51.061476" lon="13.471557">
      </trkpt>
      <trkpt lat="51.061727" lon="13.467564">
      </trkpt>
      <trkpt lat="51.061978" lon="13.46357">
      </trkpt>
      <trkpt lat="51.062229" lon="13.459576">
      </trkpt>
      <trkpt lat="51.062482" lon="13.455523">
      </trkpt>
      <trkpt lat="51.062535" lon="13.453733">
      </trkpt>
      <trkpt lat="51.062528" lon="13.452844">
      </trkpt>
      <trkpt lat="51.062453" lon="13.451187">
      </trkpt>
      <trkpt lat="51.06231" lon="13.449616">
      </trkpt>
      <trkpt lat="51.062075" lon="13.448008">
      </trkpt>
      <trkpt lat="51.061911" lon="13.44712">
      </trkpt>
      <trkpt lat="51.061722" lon="13.446232">
      </trkpt>
      <trkpt lat="51.061405" lon="13.444981">
      </trkpt>
      <trkpt lat="51.060796" lon="13.442849">
      </trkpt>
      <trkpt lat="51.060608" lon="13.442159">
      </trkpt>
      <trkpt lat="51.059661" lon="13.434865">
      </trkpt>
      <trkpt lat="51.060737" lon="13.426987">
      </trkpt>
      <trkpt lat="51.061416" lon="13.424744">
      </trkpt>
      <trkpt lat="51.061895" lon="13.423024">
      </trkpt>
      <trkpt lat="51.062093" lon="13.422241">
      </trkpt>
      <trkpt lat="51.06226" lon="13.421476">
      </trkpt>
      <trkpt lat="51.062422" lon="13.420614">
      </trkpt>
      <trkpt lat="51.062556" lon="13.419762">
      </trkpt>
      <trkpt lat="51.062675" lon="13.418822">
      </trkpt>
      <trkpt lat="51.062746" lon="13.418023">
      </trkpt>
      <trkpt lat="51.062802" lon="13.417063">
      </trkpt>
      <trkpt lat="51.062827" lon="13.415939">
      </trkpt>
      <trkpt lat="51.062821" lon="13.415002">
      </trkpt>
      <trkpt lat="51.062797" lon="13.414256">
      </trkpt>
      <trkpt lat="51.062664" lon="13.412248">
      </trkpt>
      <trkpt lat="51.062522" lon="13.410674">
      </trkpt>
      <trkpt lat="51.06229" lon="13.408684">
      </trkpt>
      <trkpt lat="51.061988" lon="13.406543">
      </trkpt>
      <trkpt lat="51.061644" lon="13.404449">
      </trkpt>
      <trkpt lat="51.061146" lon="13.401558">
      </trkpt>
      <trkpt lat="51.060801" lon="13.399317">
      </trkpt>
      <trkpt lat="51.060379" lon="13.391576">
      </trkpt>
      <trkpt lat="51.060432" lon="13.390299">
      </trkpt>
      <trkpt lat="51.060571" lon="13.388293">
      </trkpt>
      <trkpt lat="51.060712" lon="13.386252">
      </trkpt>
      <trkpt lat="51.060746" lon="13.385554">
      </trkpt>
      <trkpt lat="51.060764" lon="13.384733">
      </trkpt>
      <trkpt lat="51.06076" lon="13.383839">
      </trkpt>
      <trkpt lat="51.060444" lon="13.379902">
      </trkpt>
      <trkpt lat="51.060268" lon="13.378844">
      </trkpt>
      <trkpt lat="51.059995" lon="13.377521">
      </trkpt>
      <trkpt lat="51.059786" lon="13.376679">
      </trkpt>
      <trkpt lat="51.059556" lon="13.37588">
      </trkpt>
      <trkpt lat="51.059226" lon="13.374839">
      </trkpt>
      <trkpt lat="51.058875" lon="13.373878">
      </trkpt>
      <trkpt lat="51.058463" lon="13.372864">
      </trkpt>
      <trkpt lat="51.057332" lon="13.370245">
      </trkpt>
      <trkpt lat="51.056994" lon="13.369205">
      </trkpt>
      <trkpt lat="51.056333" lon="13.363603">
      </trkpt>
      <trkpt lat="51.056722" lon="13.359966">
      </trkpt>
      <trkpt lat="51.057187" lon="13.356389">
      </trkpt>
      <trkpt lat="51.057264" lon="13.355283">
      </trkpt>
      <trkpt lat="51.057205" lon="13.354458">
      </trkpt>
      <trkpt lat="51.057424" lon="13.352298">
      </trkpt>
      <trkpt lat="51.057478" lon="13.351523">
      </trkpt>
      <trkpt lat="51.057521" lon="13.350949">
      </trkpt>
      <trkpt lat="51.057625" lon="13.349925">
      </trkpt>
      <trkpt lat="51.057793" lon="13.348727">
      </trkpt>
      <trkpt lat="51.060065" lon="13.344724">
      </trkpt>
      <trkpt lat="51.064226" lon="13.342511">
      </trkpt>
      <trkpt lat="51.069244" lon="13.346685">
      </trkpt>
      <trkpt lat="51.069276" lon="13.349119">
      </trkpt>
      <trkpt lat="51.072876" lon="13.349072">
      </trkpt>
      <trkpt lat="51.078501" lon="13.344138">
      </trkpt>
      <trkpt lat="51.080702" lon="13.342837">
      </trkpt>
      <trkpt lat="51.080792" lon="13.342583">
      </trkpt>
      <trkpt lat="51.080368" lon="13.340293">
      </trkpt>
      <trkpt lat="51.080344" lon="13.340244">
      </trkpt>
      <trkpt lat="51.077758" lon="13.339188">
      </trkpt>
      <trkpt lat="51.077559" lon="13.339181">
      </trkpt>
      <trkpt lat="51.069561" lon="13.335676">
      </trkpt>
      <trkpt lat="51.069586" lon="13.33457">
      </trkpt>
      <trkpt lat="51.06965" lon="13.333457">
      </trkpt>
      <trkpt lat="51.069763" lon="13.332377">
      </trkpt>
      <trkpt lat="51.0699" lon="13.331524">
      </trkpt>
      <trkpt lat="51.072104" lon="13.327809">
      </trkpt>
      <trkpt lat="51.073143" lon="13.326445">
      </trkpt>
      <trkpt lat="51.073081" lon="13.325893">
      </trkpt>
      <trkpt lat="51.07314" lon="13.318218">
      </trkpt>
      <trkpt lat="51.073966" lon="13.315871">
      </trkpt>
      <trkpt lat="51.074622" lon="13.314198">
      </trkpt>
      <trkpt lat="51.075242" lon="13.312797">
      </trkpt>
      <trkpt lat="51.075676" lon="13.311901">
      </trkpt>
      <trkpt lat="51.0761" lon="13.311076">
      </trkpt>
      <trkpt lat="51.076565" lon="13.310219">
      </trkpt>
      <trkpt lat="51.077633" lon="13.308379">
      </trkpt>
      <trkpt lat="51.078715" lon="13.306516">
      </trkpt>
      <trkpt lat="51.079066" lon="13.305888">
      </trkpt>
      <trkpt lat="51.07947" lon="13.30511">
      </trkpt>
      <trkpt lat="51.079889" lon="13.304267">
      </trkpt>
      <trkpt lat="51.080326" lon="13.303323">
      </trkpt>
      <trkpt lat="51.08067" lon="13.302504">
      </trkpt>
      <trkpt lat="51.080981" lon="13.301695">
      </trkpt>
      <trkpt lat="51.081305" lon="13.30076">
      </trkpt>
      <trkpt lat="51.081648" lon="13.299674">
      </trkpt>
      <trkpt lat="51.081965" lon="13.298528">
      </trkpt>
      <trkpt lat="51.082147" lon="13.297802">
      </trkpt>
      <trkpt lat="51.08246" lon="13.296355">
      </trkpt>
      <trkpt lat="51.082604" lon="13.295585">
      </trkpt>
      <trkpt lat="51.082847" lon="13.294089">
      </trkpt>
      <trkpt lat="51.083091" lon="13.292362">
      </trkpt>
      <trkpt lat="51.083377" lon="13.290064">
      </trkpt>
      <trkpt lat="51.083696" lon="13.287519">
      </trkpt>
      <trkpt lat="51.083953" lon="13.285598">
      </trkpt>
      <trkpt lat="51.084231" lon="13.283751">
      </trkpt>
      <trkpt lat="51.087052" lon="13.276358">
      </trkpt>
      <trkpt lat="51.08744" lon="13.275531">
      </trkpt>
      <trkpt lat="51.087671" lon="13.274855">
      </trkpt>
      <trkpt lat="51.089974" lon="13.267982">
      </trkpt>
      <trkpt lat="51.090126" lon="13.267526">
      </trkpt>
      <trkpt lat="51.089665" lon="13.259614">
      </trkpt>
      <trkpt lat="51.090024" lon="13.257125">
      </trkpt>
      <trkpt lat="51.090339" lon="13.254594">
      </trkpt>
      <trkpt lat="51.090656" lon="13.251662">
      </trkpt>
      <trkpt lat="51.090879" lon="13.249317">
      </trkpt>
      <trkpt lat="51.091102" lon="13.246971">
      </trkpt>
      <trkpt lat="51.091324" lon="13.244626">
      </trkpt>
      <trkpt lat="51.091632" lon="13.241447">
      </trkpt>
      <trkpt lat="51.088051" lon="13.24108">
      </trkpt>
    </trkseg>
  </trk>
</gpx>