{"type": "FeatureCollection", "bbox": [17.194285, 49.31269, 19.125203, 50.415935], "features": [{"type": "Feature", "properties": {"group_index": 0, "value": 3600.0, "center": [18.262537783249073, 49.82091065601943]}, "geometry": {"coordinates": [[[17.196862, 49.593831], [17.197024, 49.592923], [17.197201, 49.592241], [17.197546, 49.591263], [17.198006, 49.590274], [17.198527, 49.589367], [17.19914, 49.588491], [17.199747, 49.587747], [17.200827, 49.586633], [17.202872, 49.584794], [17.206292, 49.579192], [17.206695, 49.577574], [17.209224, 49.573023], [17.207359, 49.568494], [17.204463, 49.566848], [17.201149, 49.564968], [17.199124, 49.563819], [17.197099, 49.56267], [17.194285, 49.561075], [17.196061, 49.557943], [17.198875, 49.559539], [17.2009, 49.560688], [17.202926, 49.561837], [17.206241, 49.563718], [17.209137, 49.565364], [17.210054, 49.565836], [17.218325, 49.563319], [17.218886, 49.56251], [17.219487, 49.561597], [17.219589, 49.561417], [17.22147, 49.558391], [17.222313, 49.55716], [17.22313, 49.55606], [17.223856, 49.555155], [17.224508, 49.554395], [17.22518, 49.553665], [17.225664, 49.553186], [17.226104, 49.55277], [17.226606, 49.552335], [17.227135, 49.55191], [17.227822, 49.551396], [17.228639, 49.550846], [17.229555, 49.55029], [17.230349, 49.549853], [17.231308, 49.549377], [17.231854, 49.549126], [17.233029, 49.548641], [17.234039, 49.548273], [17.239179, 49.541056], [17.239154, 49.537456], [17.238122, 49.530202], [17.238717, 49.526652], [17.24463, 49.524922], [17.249376, 49.520041], [17.251024, 49.519037], [17.251254, 49.519072], [17.251482, 49.519122], [17.251515, 49.519131], [17.252664, 49.521506], [17.258114, 49.526339], [17.261238, 49.526129], [17.262647, 49.526057], [17.263192, 49.526111], [17.263714, 49.526236], [17.266275, 49.527153], [17.265062, 49.530542], [17.268852, 49.537902], [17.26999, 49.541119], [17.269562, 49.541429], [17.269214, 49.54164], [17.26582, 49.545932], [17.270765, 49.552009], [17.272359, 49.552262], [17.273814, 49.552478], [17.275351, 49.552679], [17.276707, 49.552841], [17.279003, 49.553074], [17.282678, 49.553407], [17.286352, 49.55374], [17.290026, 49.554074], [17.293697, 49.554407], [17.296666, 49.554669], [17.302388, 49.548918], [17.300956, 49.542195], [17.297683, 49.540696], [17.290807, 49.538007], [17.290892, 49.534408], [17.297466, 49.532061], [17.304156, 49.531503], [17.30636, 49.530039], [17.307132, 49.529835], [17.307287, 49.52983], [17.315035, 49.531178], [17.319136, 49.528097], [17.32055, 49.527419], [17.321202, 49.527384], [17.322895, 49.527332], [17.328015, 49.520753], [17.328008, 49.520089], [17.328063, 49.51941], [17.328331, 49.51803], [17.328809, 49.516704], [17.329379, 49.515604], [17.329872, 49.514863], [17.330432, 49.514136], [17.33135, 49.51313], [17.332397, 49.512266], [17.333729, 49.511331], [17.335469, 49.510309], [17.336106, 49.51002], [17.3368, 49.509757], [17.338139, 49.5093], [17.339256, 49.508967], [17.340369, 49.508691], [17.342106, 49.508349], [17.344604, 49.507993], [17.346138, 49.507679], [17.347638, 49.507311], [17.349035, 49.506849], [17.351691, 49.505724], [17.351916, 49.505614], [17.352388, 49.505433], [17.35279, 49.50532], [17.353427, 49.505181], [17.35411, 49.50509], [17.354756, 49.505071], [17.362024, 49.5004], [17.363039, 49.494865], [17.359666, 49.491546], [17.356869, 49.48992], [17.357568, 49.48862], [17.352823, 49.481089], [17.350535, 49.481526], [17.349945, 49.481664], [17.349432, 49.481817], [17.349083, 49.481934], [17.344842, 49.484365], [17.344713, 49.484504], [17.342829, 49.484516], [17.341968, 49.4837], [17.341937, 49.48364], [17.342079, 49.482049], [17.342159, 49.481939], [17.343695, 49.48017], [17.343948, 49.480077], [17.347454, 49.477964], [17.348852, 49.470385], [17.347836, 49.467721], [17.348089, 49.46308], [17.349439, 49.459743], [17.357104, 49.459646], [17.360857, 49.460369], [17.364986, 49.453088], [17.365626, 49.453023], [17.366228, 49.452944], [17.367471, 49.452905], [17.368788, 49.452868], [17.369279, 49.452858], [17.370466, 49.452993], [17.376612, 49.447523], [17.379175, 49.445351], [17.379868, 49.44441], [17.381648, 49.443261], [17.379303, 49.434642], [17.378681, 49.434401], [17.377845, 49.43401], [17.377062, 49.433564], [17.375483, 49.432909], [17.372187, 49.432684], [17.371824, 49.432739], [17.37104, 49.432761], [17.370216, 49.432681], [17.368728, 49.432692], [17.367529, 49.43272], [17.366112, 49.432714], [17.360986, 49.439743], [17.357611, 49.440995], [17.352783, 49.440267], [17.347825, 49.437304], [17.342993, 49.437786], [17.342043, 49.435057], [17.335075, 49.431117], [17.331693, 49.430558], [17.327236, 49.430598], [17.323381, 49.428891], [17.324365, 49.425428], [17.326119, 49.425926], [17.334903, 49.426119], [17.335353, 49.426038], [17.336695, 49.425959], [17.344192, 49.422611], [17.34556, 49.422415], [17.352355, 49.42247], [17.355945, 49.422204], [17.35607, 49.423881], [17.363206, 49.429088], [17.366145, 49.429114], [17.367545, 49.42912], [17.36864, 49.429093], [17.375779, 49.426353], [17.378078, 49.422033], [17.380138, 49.420063], [17.382626, 49.422664], [17.380566, 49.424635], [17.384082, 49.431866], [17.384899, 49.432091], [17.386229, 49.432499], [17.388182, 49.433148], [17.388579, 49.433246], [17.396741, 49.430397], [17.401967, 49.430314], [17.402355, 49.430558], [17.402627, 49.430781], [17.403053, 49.431304], [17.403961, 49.432995], [17.40419, 49.433555], [17.410873, 49.439427], [17.412709, 49.439395], [17.416718, 49.439626], [17.421203, 49.438384], [17.421736, 49.438214], [17.422184, 49.438146], [17.425034, 49.437459], [17.425789, 49.437119], [17.426998, 49.428417], [17.426688, 49.428118], [17.422972, 49.42598], [17.422762, 49.425892], [17.422753, 49.425882], [17.422093, 49.423571], [17.422099, 49.423542], [17.423829, 49.421513], [17.426306, 49.419116], [17.427343, 49.418248], [17.427396, 49.418227], [17.428209, 49.417977], [17.428227, 49.417979], [17.429139, 49.419029], [17.429557, 49.419534], [17.436664, 49.422107], [17.439363, 49.419237], [17.440007, 49.415464], [17.440412, 49.413194], [17.440718, 49.411718], [17.440896, 49.410985], [17.441144, 49.410119], [17.441574, 49.40881], [17.441903, 49.407932], [17.442408, 49.406749], [17.443113, 49.405303], [17.443548, 49.404499], [17.444021, 49.403686], [17.445043, 49.402113], [17.446094, 49.400672], [17.44669, 49.399926], [17.447585, 49.398876], [17.448085, 49.398323], [17.448883, 49.397479], [17.449487, 49.396881], [17.452067, 49.392403], [17.450141, 49.385654], [17.447234, 49.383561], [17.441704, 49.383], [17.440072, 49.383079], [17.439311, 49.38319], [17.433106, 49.386834], [17.432511, 49.387711], [17.431683, 49.388627], [17.429619, 49.390575], [17.427148, 49.387957], [17.430086, 49.384874], [17.432072, 49.381997], [17.432331, 49.381564], [17.43316, 49.380077], [17.435376, 49.371768], [17.435419, 49.371028], [17.43546, 49.370912], [17.436706, 49.36967], [17.437434, 49.369433], [17.440955, 49.367564], [17.445648, 49.360073], [17.441859, 49.356292], [17.441818, 49.352692], [17.442019, 49.350701], [17.442882, 49.34852], [17.443171, 49.348436], [17.443752, 49.348328], [17.444271, 49.348264], [17.446241, 49.348126], [17.448266, 49.348078], [17.448563, 49.349689], [17.449216, 49.352501], [17.453212, 49.358305], [17.456811, 49.358416], [17.462063, 49.36256], [17.466944, 49.358254], [17.467516, 49.356549], [17.46794, 49.355449], [17.468418, 49.354307], [17.469303, 49.352386], [17.470117, 49.350719], [17.471778, 49.347324], [17.473051, 49.340628], [17.46812, 49.334899], [17.463214, 49.332978], [17.461166, 49.33217], [17.459108, 49.331357], [17.456148, 49.330168], [17.453216, 49.328989], [17.451379, 49.328284], [17.448708, 49.327366], [17.447028, 49.326842], [17.44534, 49.32638], [17.443753, 49.32598], [17.442254, 49.325641], [17.443047, 49.32213], [17.444546, 49.322469], [17.446218, 49.322888], [17.447979, 49.32337], [17.449778, 49.323929], [17.452589, 49.324893], [17.454504, 49.325627], [17.457491, 49.326827], [17.460451, 49.328017], [17.462488, 49.328821], [17.464536, 49.32963], [17.469432, 49.331547], [17.47682, 49.330069], [17.479402, 49.326632], [17.481987, 49.323193], [17.483074, 49.321751], [17.485822, 49.317218], [17.488998, 49.31269], [17.492309, 49.314103], [17.491883, 49.3151], [17.491135, 49.316547], [17.489156, 49.319629], [17.487648, 49.321646], [17.485948, 49.323918], [17.484861, 49.325361], [17.487783, 49.333792], [17.489742, 49.333657], [17.490925, 49.333546], [17.492133, 49.333413], [17.493159, 49.33327], [17.495259, 49.332927], [17.496349, 49.332716], [17.497657, 49.332443], [17.498897, 49.332147], [17.500174, 49.331815], [17.501448, 49.331455], [17.503521, 49.33077], [17.50449, 49.330418], [17.505434, 49.330047], [17.506748, 49.333399], [17.505805, 49.333769], [17.504752, 49.334153], [17.50258, 49.334873], [17.501157, 49.335278], [17.499804, 49.335631], [17.498494, 49.335944], [17.497088, 49.33624], [17.495943, 49.336462], [17.49374, 49.336823], [17.49263, 49.336978], [17.491321, 49.337124], [17.490078, 49.337241], [17.488033, 49.337384], [17.48612, 49.337447], [17.477853, 49.34039], [17.477889, 49.341199], [17.477843, 49.342], [17.477013, 49.344792], [17.476433, 49.345992], [17.475014, 49.348902], [17.473352, 49.352298], [17.472538, 49.353966], [17.471688, 49.355813], [17.471261, 49.356837], [17.470877, 49.357841], [17.470357, 49.359397], [17.470003, 49.360685], [17.469856, 49.361299], [17.469522, 49.362975], [17.469286, 49.364665], [17.469187, 49.365861], [17.469133, 49.36706], [17.469109, 49.370116], [17.472132, 49.374959], [17.479537, 49.375873], [17.482615, 49.376271], [17.483168, 49.376309], [17.484478, 49.376513], [17.487292, 49.376752], [17.487686, 49.376777], [17.488071, 49.376885], [17.488304, 49.377112], [17.488687, 49.377651], [17.488888, 49.378478], [17.487212, 49.382736], [17.487153, 49.382814], [17.486782, 49.383024], [17.482333, 49.386246], [17.480341, 49.391245], [17.477094, 49.394079], [17.474577, 49.391506], [17.466412, 49.388719], [17.465691, 49.396687], [17.465584, 49.400286], [17.464225, 49.405254], [17.463907, 49.406298], [17.463774, 49.406662], [17.463068, 49.40901], [17.462924, 49.409332], [17.461886, 49.414542], [17.464947, 49.420435], [17.464968, 49.420562], [17.463988, 49.428439], [17.459606, 49.432374], [17.460463, 49.436763], [17.461246, 49.437944], [17.461294, 49.438385], [17.461439, 49.440812], [17.467079, 49.447779], [17.470819, 49.448021], [17.472196, 49.448002], [17.47333, 49.448133], [17.474285, 49.449319], [17.474291, 49.449342], [17.474026, 49.451665], [17.473559, 49.457025], [17.473534, 49.457055], [17.472019, 49.457723], [17.467055, 49.463701], [17.466055, 49.467159], [17.461976, 49.470228], [17.463193, 49.47852], [17.470427, 49.47773], [17.472614, 49.47487], [17.474199, 49.476083], [17.476718, 49.477998], [17.481042, 49.481293], [17.485753, 49.480724], [17.492034, 49.481733], [17.494998, 49.480574], [17.496446, 49.472554], [17.492542, 49.471097], [17.490282, 49.469314], [17.489685, 49.468707], [17.486242, 49.465186], [17.484869, 49.464235], [17.483763, 49.463578], [17.4856, 49.460482], [17.488791, 49.460919], [17.490136, 49.461686], [17.490141, 49.461689], [17.490716, 49.462015], [17.492258, 49.464702], [17.492542, 49.465268], [17.497305, 49.469058], [17.504579, 49.464743], [17.506228, 49.465574], [17.50648, 49.465667], [17.508883, 49.466293], [17.51149, 49.466986], [17.512119, 49.467272], [17.51462, 49.470709], [17.51495, 49.471335], [17.518648, 49.474451], [17.518854, 49.474534], [17.518916, 49.474559], [17.519166, 49.474671], [17.519347, 49.474751], [17.520275, 49.475081], [17.521938, 49.47583], [17.521976, 49.475846], [17.522056, 49.475891], [17.523098, 49.47636], [17.52547, 49.477779], [17.527843, 49.478457], [17.5303, 49.479162], [17.534047, 49.480244], [17.534713, 49.48046], [17.535608, 49.480797], [17.536137, 49.481026], [17.540318, 49.481392], [17.54507, 49.474016], [17.542111, 49.46964], [17.535836, 49.468633], [17.535423, 49.468748], [17.534792, 49.468873], [17.533904, 49.46896], [17.533316, 49.46895], [17.53266, 49.468822], [17.531516, 49.468394], [17.530693, 49.467991], [17.530304, 49.46772], [17.529829, 49.467342], [17.529174, 49.466929], [17.528264, 49.46651], [17.524939, 49.465326], [17.524182, 49.464999], [17.52314, 49.464406], [17.522664, 49.464066], [17.52232, 49.463755], [17.521544, 49.462999], [17.519579, 49.461202], [17.519356, 49.461012], [17.518337, 49.460323], [17.517717, 49.459841], [17.51528, 49.458526], [17.513468, 49.456659], [17.513028, 49.455717], [17.51259, 49.455042], [17.512064, 49.452518], [17.512192, 49.452326], [17.514281, 49.451864], [17.520678, 49.453249], [17.521323, 49.453618], [17.52147, 49.453846], [17.521792, 49.454941], [17.526311, 49.461997], [17.529469, 49.463118], [17.530226, 49.463429], [17.530818, 49.463726], [17.536691, 49.464414], [17.537294, 49.464278], [17.537696, 49.4642], [17.538249, 49.464136], [17.539591, 49.464136], [17.540204, 49.464116], [17.540749, 49.464117], [17.541395, 49.464146], [17.542922, 49.464262], [17.544347, 49.45554], [17.54176, 49.454081], [17.543528, 49.450945], [17.548224, 49.452391], [17.550825, 49.45488], [17.557433, 49.451545], [17.559232, 49.449832], [17.56181, 49.452345], [17.569675, 49.451815], [17.571833, 49.450887], [17.571834, 49.450887], [17.57358, 49.452874], [17.57358, 49.452879], [17.571749, 49.454486], [17.568905, 49.456173], [17.566075, 49.460495], [17.565668, 49.462076], [17.571543, 49.468555], [17.572519, 49.468347], [17.575699, 49.466761], [17.577582, 49.465659], [17.579709, 49.464438], [17.580397, 49.464187], [17.585234, 49.462847], [17.587172, 49.462068], [17.587313, 49.462064], [17.588541, 49.464269], [17.588298, 49.465443], [17.587268, 49.466915], [17.58763, 49.474463], [17.594996, 49.476221], [17.597112, 49.473308], [17.601737, 49.471528], [17.605264, 49.470807], [17.605675, 49.472819], [17.614401, 49.472846], [17.61475, 49.472356], [17.615116, 49.466967], [17.616003, 49.463478], [17.616136, 49.462323], [17.619603, 49.461354], [17.622162, 49.466393], [17.622123, 49.468289], [17.624942, 49.476443], [17.625579, 49.476791], [17.630123, 49.477393], [17.636751, 49.476295], [17.637404, 49.476095], [17.638105, 49.475954], [17.638641, 49.475898], [17.639235, 49.475863], [17.639861, 49.475846], [17.647208, 49.474249], [17.647777, 49.47465], [17.653586, 49.478587], [17.653462, 49.479353], [17.65115, 49.479449], [17.647522, 49.480248], [17.643943, 49.479862], [17.642311, 49.479595], [17.641792, 49.479569], [17.635398, 49.483937], [17.63749, 49.4906], [17.638263, 49.491204], [17.63868, 49.492472], [17.64382, 49.499136], [17.645799, 49.499397], [17.648421, 49.499772], [17.655882, 49.504547], [17.657428, 49.504653], [17.657623, 49.504666], [17.658629, 49.505228], [17.658643, 49.505242], [17.65738, 49.508258], [17.654966, 49.509003], [17.652418, 49.516763], [17.651993, 49.519726], [17.651806, 49.520669], [17.654008, 49.528758], [17.660248, 49.527281], [17.662929, 49.529745], [17.662078, 49.530646], [17.661746, 49.531064], [17.661343, 49.531715], [17.660447, 49.532445], [17.657226, 49.536465], [17.660684, 49.5421], [17.66234, 49.542586], [17.668489, 49.539718], [17.669651, 49.537165], [17.670075, 49.536467], [17.670368, 49.536149], [17.672335, 49.533042], [17.672515, 49.531104], [17.674012, 49.529856], [17.676373, 49.530423], [17.677224, 49.530531], [17.677716, 49.530573], [17.679001, 49.530966], [17.684665, 49.524852], [17.683682, 49.522289], [17.681115, 49.519871], [17.679233, 49.519197], [17.678691, 49.518974], [17.678499, 49.518878], [17.677906, 49.518571], [17.676875, 49.517913], [17.675754, 49.517242], [17.674324, 49.516552], [17.673247, 49.516133], [17.674552, 49.512778], [17.678053, 49.512989], [17.684293, 49.506687], [17.684491, 49.503092], [17.685171, 49.499432], [17.685506, 49.49829], [17.686516, 49.49753], [17.687438, 49.497089], [17.688413, 49.496669], [17.690807, 49.496162], [17.693594, 49.498351], [17.695889, 49.499202], [17.696458, 49.499282], [17.697173, 49.499516], [17.699527, 49.499912], [17.705509, 49.494746], [17.702604, 49.490573], [17.701659, 49.490026], [17.700597, 49.489505], [17.699288, 49.489067], [17.696095, 49.48792], [17.694735, 49.487398], [17.693736, 49.487116], [17.692827, 49.484928], [17.693796, 49.483516], [17.694338, 49.483525], [17.694889, 49.483601], [17.695473, 49.483801], [17.696138, 49.484083], [17.697383, 49.484558], [17.700504, 49.485679], [17.703866, 49.485761], [17.709246, 49.486728], [17.71183, 49.486443], [17.712718, 49.486351], [17.713524, 49.486499], [17.715863, 49.487449], [17.719792, 49.479729], [17.719501, 49.479233], [17.719253, 49.478631], [17.718693, 49.476711], [17.713326, 49.471646], [17.712456, 49.471414], [17.711307, 49.470891], [17.707815, 49.468878], [17.707986, 49.465282], [17.710363, 49.46482], [17.716708, 49.464688], [17.720165, 49.464634], [17.724902, 49.467738], [17.725246, 49.467929], [17.726021, 49.468505], [17.725347, 49.472799], [17.726996, 49.480754], [17.727901, 49.48172], [17.730133, 49.484233], [17.730446, 49.484696], [17.730643, 49.485138], [17.730764, 49.48566], [17.732936, 49.490011], [17.733346, 49.490644], [17.734694, 49.492706], [17.734948, 49.493049], [17.743808, 49.493735], [17.746776, 49.492077], [17.747526, 49.491858], [17.749871, 49.490813], [17.750769, 49.490512], [17.751385, 49.490458], [17.75572, 49.482957], [17.75086, 49.481213], [17.750365, 49.477647], [17.753312, 49.47188], [17.756908, 49.471703], [17.756979, 49.473145], [17.75711, 49.474815], [17.757402, 49.476811], [17.758951, 49.481312], [17.759943, 49.482898], [17.760958, 49.484283], [17.763444, 49.486608], [17.764812, 49.487465], [17.765936, 49.487987], [17.767019, 49.488678], [17.765855, 49.491121], [17.770919, 49.497455], [17.779476, 49.494821], [17.779549, 49.494327], [17.780107, 49.492214], [17.780302, 49.491667], [17.780502, 49.491313], [17.779122, 49.482786], [17.77872, 49.482347], [17.778371, 49.481674], [17.778089, 49.480624], [17.777861, 49.478788], [17.777718, 49.477813], [17.773394, 49.471818], [17.774474, 49.468384], [17.776433, 49.468864], [17.781043, 49.469949], [17.781656, 49.47083], [17.782799, 49.472551], [17.785271, 49.481144], [17.786085, 49.482085], [17.786275, 49.483094], [17.787339, 49.485588], [17.79471, 49.489627], [17.796828, 49.489804], [17.79889, 49.489517], [17.807575, 49.491043], [17.808135, 49.482773], [17.80509, 49.478659], [17.804939, 49.478451], [17.802232, 49.473943], [17.801202, 49.472613], [17.796028, 49.468921], [17.795076, 49.468726], [17.795798, 49.465199], [17.79675, 49.465393], [17.799325, 49.466085], [17.799918, 49.466309], [17.800473, 49.466601], [17.800944, 49.466937], [17.801906, 49.467959], [17.803534, 49.469619], [17.804268, 49.470726], [17.805521, 49.472066], [17.813618, 49.468364], [17.814517, 49.464878], [17.813565, 49.459782], [17.813067, 49.458902], [17.812776, 49.458378], [17.812793, 49.457121], [17.812828, 49.45703], [17.815694, 49.45644], [17.820605, 49.460597], [17.821018, 49.461019], [17.821356, 49.461468], [17.821675, 49.462351], [17.821695, 49.463156], [17.827355, 49.469758], [17.832242, 49.466899], [17.832674, 49.466459], [17.833378, 49.465926], [17.834008, 49.46565], [17.841952, 49.467906], [17.843711, 49.467778], [17.84653, 49.467906], [17.848172, 49.467883], [17.848221, 49.471483], [17.854547, 49.476148], [17.856457, 49.477379], [17.855473, 49.479627], [17.856401, 49.488367], [17.85682, 49.48865], [17.857254, 49.489077], [17.860709, 49.491119], [17.865122, 49.491737], [17.869148, 49.487102], [17.869353, 49.486638], [17.869731, 49.486046], [17.869979, 49.485748], [17.870669, 49.48511], [17.872225, 49.483829], [17.875798, 49.478759], [17.876084, 49.477899], [17.876515, 49.475757], [17.877145, 49.468943], [17.876084, 49.465503], [17.878062, 49.464893], [17.879483, 49.464733], [17.881696, 49.464713], [17.888314, 49.458763], [17.888398, 49.458678], [17.892553, 49.456899], [17.892689, 49.456902], [17.892921, 49.456917], [17.893998, 49.45771], [17.896354, 49.459469], [17.89739, 49.46148], [17.897369, 49.461624], [17.898724, 49.469911], [17.90271, 49.471613], [17.903954, 49.471653], [17.904661, 49.471697], [17.905544, 49.471998], [17.906282, 49.472759], [17.914729, 49.472852], [17.916314, 49.473103], [17.920596, 49.465345], [17.920514, 49.461746], [17.925587, 49.46103], [17.926031, 49.460979], [17.926659, 49.461014], [17.92739, 49.461204], [17.932836, 49.462313], [17.936945, 49.462767], [17.945845, 49.463478], [17.953212, 49.462662], [17.958039, 49.461248], [17.958517, 49.461248], [17.96086, 49.462174], [17.961277, 49.462277], [17.96706, 49.4618], [17.968414, 49.460782], [17.968462, 49.46074], [17.970154, 49.453431], [17.96692, 49.45185], [17.967197, 49.450581], [17.967409, 49.450139], [17.967718, 49.449708], [17.967898, 49.449515], [17.975125, 49.449355], [17.976659, 49.449967], [17.977847, 49.45171], [17.984283, 49.457038], [17.987972, 49.457899], [17.99253, 49.460842], [18.000041, 49.461451], [18.000043, 49.461451], [18.001724, 49.462182], [18.005591, 49.464963], [18.008418, 49.467373], [18.014362, 49.471891], [18.016757, 49.471533], [18.017395, 49.471426], [18.017961, 49.471306], [18.018542, 49.471167], [18.022413, 49.470029], [18.026017, 49.467372], [18.027766, 49.465526], [18.029113, 49.463703], [18.029661, 49.46315], [18.029762, 49.463082], [18.030872, 49.462988], [18.031235, 49.463235], [18.036951, 49.466932], [18.037636, 49.470466], [18.035813, 49.473016], [18.034041, 49.473947], [18.033493, 49.474186], [18.032931, 49.474328], [18.028029, 49.473915], [18.023493, 49.479173], [18.022806, 49.480293], [18.022677, 49.480409], [18.019963, 49.48097], [18.015517, 49.483226], [18.015398, 49.492138], [18.017112, 49.49309], [18.016414, 49.496621], [18.015194, 49.497448], [18.014716, 49.497799], [18.014012, 49.498248], [18.01383, 49.498353], [18.011479, 49.497469], [18.005466, 49.502569], [18.007631, 49.508959], [18.009312, 49.511447], [18.011018, 49.512829], [18.011376, 49.513179], [18.018681, 49.51534], [18.021922, 49.513145], [18.027349, 49.514838], [18.028977, 49.517123], [18.036388, 49.519783], [18.042355, 49.518589], [18.043147, 49.518242], [18.043821, 49.518115], [18.044339, 49.518107], [18.044797, 49.518136], [18.045364, 49.518232], [18.046157, 49.518571], [18.052864, 49.519679], [18.059566, 49.516354], [18.062528, 49.518287], [18.063065, 49.518801], [18.070637, 49.521879], [18.072912, 49.520174], [18.073259, 49.519829], [18.081039, 49.524261], [18.084115, 49.524322], [18.084767, 49.524348], [18.089603, 49.524366], [18.094511, 49.523397], [18.095698, 49.523039], [18.096508, 49.523084], [18.101466, 49.522769], [18.101965, 49.522712], [18.110041, 49.519514], [18.113724, 49.520709], [18.114459, 49.520814], [18.116622, 49.520674], [18.121951, 49.514608], [18.122642, 49.511828], [18.123339, 49.511819], [18.126666, 49.511964], [18.127549, 49.512002], [18.128418, 49.512112], [18.129935, 49.512241], [18.130978, 49.512459], [18.132163, 49.512876], [18.132946, 49.513285], [18.133485, 49.513619], [18.134057, 49.515821], [18.141545, 49.51793], [18.141752, 49.517834], [18.142011, 49.517736], [18.14233, 49.51762], [18.142588, 49.51752], [18.142708, 49.520258], [18.142756, 49.521088], [18.142715, 49.522443], [18.14258, 49.523182], [18.142343, 49.523944], [18.142137, 49.524535], [18.141803, 49.525005], [18.141282, 49.525442], [18.140927, 49.525619], [18.13753, 49.526994], [18.136392, 49.528072], [18.135792, 49.528826], [18.134371, 49.534159], [18.137529, 49.538185], [18.13862, 49.538757], [18.140465, 49.539326], [18.146624, 49.541226], [18.147418, 49.541713], [18.148164, 49.542232], [18.155913, 49.545953], [18.158181, 49.546626], [18.166361, 49.544266], [18.168642, 49.542114], [18.170025, 49.540414], [18.172245, 49.535754], [18.172322, 49.531277], [18.166823, 49.526014], [18.165979, 49.525788], [18.165457, 49.525492], [18.164966, 49.524965], [18.164668, 49.524605], [18.164237, 49.524096], [18.16396, 49.523646], [18.162711, 49.521748], [18.165621, 49.519629], [18.172857, 49.520616], [18.173646, 49.520683], [18.174831, 49.520887], [18.175618, 49.520979], [18.177286, 49.52108], [18.183033, 49.518407], [18.183401, 49.5136], [18.183913, 49.512756], [18.184592, 49.511292], [18.18542, 49.510919], [18.189026, 49.505805], [18.184807, 49.500854], [18.184312, 49.500354], [18.183657, 49.499809], [18.182805, 49.499259], [18.182416, 49.499038], [18.180779, 49.498312], [18.177662, 49.496959], [18.175514, 49.496044], [18.173696, 49.495243], [18.1724, 49.494515], [18.164539, 49.493521], [18.161192, 49.494848], [18.158554, 49.495444], [18.157536, 49.494986], [18.152534, 49.493572], [18.14836, 49.492628], [18.139804, 49.489919], [18.138581, 49.482296], [18.138592, 49.474112], [18.135349, 49.46994], [18.131759, 49.466338], [18.123382, 49.463783], [18.123367, 49.463783], [18.121279, 49.463764], [18.121272, 49.463764], [18.113366, 49.461773], [18.111501, 49.461803], [18.10936, 49.461835], [18.108667, 49.461847], [18.107864, 49.460476], [18.107804, 49.460239], [18.108605, 49.458248], [18.109297, 49.458236], [18.111445, 49.458203], [18.113309, 49.458174], [18.117167, 49.456934], [18.117376, 49.456902], [18.123905, 49.455469], [18.121727, 49.447717], [18.120255, 49.447349], [18.11963, 49.447079], [18.119413, 49.446943], [18.120398, 49.444371], [18.121327, 49.443894], [18.123803, 49.44469], [18.125551, 49.445235], [18.12779, 49.445944], [18.128224, 49.446103], [18.136169, 49.444711], [18.137278, 49.443326], [18.138052, 49.443124], [18.138144, 49.443121], [18.139728, 49.444172], [18.144268, 49.449219], [18.149947, 49.450621], [18.155439, 49.449907], [18.160843, 49.448916], [18.161266, 49.448818], [18.161695, 49.448761], [18.164262, 49.448506], [18.16512, 49.449507], [18.165298, 49.449848], [18.165975, 49.451672], [18.165661, 49.451842], [18.164741, 49.452231], [18.16097, 49.454241], [18.157832, 49.458461], [18.162306, 49.464416], [18.163364, 49.464602], [18.165575, 49.464893], [18.16746, 49.465229], [18.172637, 49.463236], [18.173372, 49.462997], [18.173623, 49.462909], [18.17433, 49.462827], [18.182116, 49.460105], [18.184794, 49.455855], [18.185317, 49.455515], [18.190675, 49.451757], [18.190821, 49.451689], [18.19123, 49.451548], [18.193657, 49.450968], [18.20095, 49.449362], [18.203027, 49.450721], [18.203145, 49.45113], [18.202671, 49.452524], [18.201139, 49.45428], [18.1998, 49.455785], [18.194338, 49.459985], [18.187534, 49.465014], [18.186754, 49.470848], [18.18727, 49.474411], [18.188593, 49.483174], [18.189217, 49.483283], [18.194288, 49.482394], [18.196374, 49.481798], [18.196933, 49.482341], [18.197051, 49.484799], [18.196754, 49.485835], [18.196267, 49.487888], [18.194834, 49.492313], [18.194423, 49.493544], [18.193312, 49.493603], [18.190531, 49.494144], [18.18748, 49.498443], [18.191771, 49.503474], [18.192904, 49.503792], [18.193396, 49.503895], [18.193844, 49.503996], [18.199739, 49.506401], [18.200596, 49.506904], [18.209107, 49.505699], [18.210107, 49.504903], [18.211288, 49.504126], [18.212043, 49.503618], [18.212678, 49.503242], [18.214969, 49.503921], [18.218391, 49.506468], [18.227029, 49.50519], [18.227382, 49.505039], [18.227456, 49.505013], [18.23377, 49.50562], [18.242471, 49.504138], [18.243361, 49.503725], [18.246943, 49.501708], [18.247734, 49.501182], [18.248526, 49.501073], [18.249538, 49.501373], [18.25012, 49.501897], [18.253162, 49.504182], [18.253903, 49.504739], [18.2543, 49.505502], [18.262382, 49.506518], [18.260921, 49.497945], [18.259969, 49.496891], [18.260014, 49.49552], [18.260205, 49.495134], [18.26047, 49.494751], [18.260696, 49.494494], [18.260973, 49.49421], [18.261996, 49.493324], [18.262311, 49.493153], [18.262891, 49.492928], [18.26319, 49.492871], [18.266519, 49.49301], [18.267002, 49.49304], [18.271256, 49.493357], [18.278358, 49.492904], [18.286084, 49.493029], [18.291059, 49.492416], [18.292238, 49.492349], [18.296921, 49.491711], [18.297888, 49.491638], [18.298525, 49.491788], [18.298994, 49.492012], [18.302013, 49.494447], [18.307387, 49.496034], [18.31082, 49.487762], [18.310198, 49.478912], [18.310622, 49.478679], [18.312794, 49.477462], [18.316069, 49.475103], [18.317757, 49.47402], [18.319853, 49.473546], [18.320124, 49.47347], [18.321101, 49.473224], [18.323365, 49.473281], [18.325737, 49.474056], [18.331846, 49.468259], [18.333243, 49.466749], [18.335279, 49.458053], [18.335104, 49.457678], [18.334779, 49.456972], [18.334645, 49.456506], [18.334586, 49.455983], [18.337923, 49.454632], [18.341954, 49.458587], [18.342846, 49.459032], [18.343575, 49.459367], [18.344222, 49.459695], [18.344904, 49.460065], [18.346101, 49.460902], [18.353028, 49.464022], [18.355889, 49.4645], [18.362319, 49.462867], [18.363023, 49.462495], [18.365247, 49.461083], [18.36861, 49.462368], [18.372897, 49.454981], [18.372897, 49.451381], [18.373204, 49.451316], [18.374253, 49.451272], [18.375104, 49.451375], [18.379569, 49.450324], [18.377145, 49.442481], [18.375581, 49.441824], [18.374654, 49.441653], [18.373768, 49.441548], [18.371748, 49.441781], [18.371411, 49.441843], [18.369984, 49.441962], [18.369378, 49.441907], [18.368402, 49.44177], [18.367607, 49.441729], [18.367794, 49.438133], [18.368589, 49.438175], [18.372227, 49.43685], [18.373332, 49.435962], [18.374201, 49.434988], [18.374139, 49.42647], [18.367741, 49.426598], [18.367266, 49.426992], [18.366446, 49.427629], [18.365252, 49.428702], [18.364379, 49.429511], [18.363736, 49.429786], [18.363304, 49.429842], [18.362734, 49.429801], [18.36208, 49.429652], [18.35958, 49.429617], [18.354171, 49.435876], [18.353752, 49.437118], [18.353401, 49.438142], [18.352834, 49.439219], [18.350777, 49.439107], [18.350625, 49.43908], [18.348984, 49.437805], [18.348311, 49.437093], [18.347975, 49.436691], [18.346817, 49.434921], [18.345994, 49.433604], [18.342814, 49.429284], [18.337469, 49.426415], [18.329441, 49.426474], [18.328033, 49.425986], [18.326498, 49.425467], [18.325735, 49.425193], [18.325171, 49.425004], [18.318527, 49.424196], [18.313466, 49.431612], [18.312719, 49.435134], [18.312458, 49.435078], [18.312057, 49.434966], [18.310499, 49.434426], [18.309745, 49.434117], [18.305293, 49.43273], [18.298032, 49.431701], [18.294043, 49.432514], [18.287835, 49.433946], [18.286642, 49.434391], [18.286403, 49.434442], [18.284601, 49.433316], [18.284591, 49.433292], [18.285651, 49.430921], [18.289129, 49.428785], [18.294163, 49.423144], [18.296702, 49.422503], [18.303165, 49.418012], [18.303827, 49.416597], [18.304028, 49.416461], [18.311608, 49.414273], [18.314508, 49.407365], [18.314502, 49.406616], [18.314862, 49.405245], [18.315772, 49.403095], [18.31582, 49.402965], [18.316825, 49.402314], [18.31812, 49.401476], [18.319218, 49.401457], [18.319928, 49.401762], [18.32043, 49.402215], [18.320739, 49.402627], [18.321103, 49.403337], [18.321208, 49.404397], [18.325942, 49.410493], [18.33302, 49.40814], [18.333928, 49.407611], [18.335475, 49.406635], [18.342092, 49.408765], [18.342904, 49.408984], [18.343744, 49.409596], [18.344482, 49.41008], [18.352661, 49.40862], [18.351951, 49.405017], [18.354901, 49.402953], [18.356685, 49.404888], [18.357331, 49.405556], [18.363001, 49.407567], [18.363814, 49.40777], [18.364374, 49.408127], [18.366879, 49.409185], [18.368755, 49.410179], [18.374058, 49.40919], [18.374691, 49.408685], [18.37511, 49.408441], [18.37618, 49.401055], [18.372217, 49.399814], [18.369444, 49.397519], [18.370763, 49.393533], [18.371259, 49.392477], [18.374674, 49.384713], [18.374217, 49.383756], [18.374145, 49.382981], [18.372778, 49.378568], [18.373173, 49.37499], [18.373608, 49.375038], [18.380579, 49.375324], [18.381292, 49.375309], [18.383422, 49.37541], [18.39169, 49.373308], [18.392515, 49.372944], [18.392949, 49.372889], [18.393603, 49.372967], [18.394325, 49.373285], [18.395066, 49.373818], [18.395646, 49.374379], [18.404076, 49.373859], [18.40583, 49.374167], [18.405881, 49.374177], [18.406152, 49.374242], [18.407351, 49.375328], [18.407517, 49.375675], [18.413472, 49.38107], [18.418662, 49.379569], [18.419062, 49.379251], [18.419597, 49.378964], [18.419982, 49.378835], [18.420371, 49.378755], [18.420744, 49.378722], [18.425086, 49.377834], [18.425841, 49.377812], [18.426234, 49.377857], [18.42683, 49.378049], [18.428431, 49.378877], [18.428929, 49.379264], [18.429093, 49.379437], [18.428857, 49.386553], [18.436571, 49.390786], [18.437058, 49.390828], [18.436747, 49.394415], [18.43626, 49.394373], [18.431236, 49.39484], [18.428394, 49.396025], [18.426682, 49.39679], [18.42601, 49.396961], [18.425123, 49.397027], [18.423903, 49.405875], [18.425017, 49.406463], [18.425522, 49.407955], [18.431392, 49.413367], [18.434368, 49.413709], [18.440893, 49.410768], [18.443442, 49.408226], [18.445683, 49.410256], [18.453692, 49.412581], [18.457543, 49.413251], [18.460929, 49.421157], [18.461926, 49.428389], [18.465747, 49.432095], [18.466599, 49.432637], [18.472551, 49.437477], [18.473831, 49.439073], [18.476494, 49.441916], [18.477168, 49.442834], [18.48416, 49.446346], [18.489249, 49.443644], [18.492904, 49.440378], [18.493488, 49.439688], [18.494192, 49.439122], [18.494861, 49.438775], [18.497064, 49.437788], [18.498745, 49.438526], [18.499421, 49.439288], [18.500047, 49.440468], [18.503813, 49.446616], [18.511208, 49.447578], [18.513351, 49.44866], [18.513596, 49.448734], [18.514138, 49.448927], [18.515409, 49.449286], [18.51628, 49.449501], [18.517781, 49.449732], [18.523273, 49.442656], [18.521854, 49.440527], [18.517529, 49.436494], [18.518051, 49.432932], [18.522156, 49.429354], [18.528734, 49.427135], [18.529162, 49.426994], [18.53725, 49.426419], [18.538239, 49.426861], [18.545187, 49.428499], [18.547927, 49.428122], [18.548643, 49.42872], [18.549436, 49.429916], [18.549814, 49.430661], [18.553868, 49.434805], [18.559295, 49.434766], [18.559868, 49.434511], [18.567953, 49.432495], [18.568747, 49.431833], [18.571667, 49.42412], [18.572086, 49.423476], [18.572635, 49.422961], [18.573392, 49.422506], [18.572896, 49.413724], [18.571783, 49.41214], [18.57174, 49.411643], [18.573263, 49.410143], [18.573567, 49.410174], [18.575362, 49.410361], [18.583638, 49.410571], [18.592245, 49.410855], [18.593299, 49.410678], [18.594021, 49.410622], [18.594932, 49.410653], [18.595754, 49.410784], [18.603864, 49.410216], [18.610396, 49.404359], [18.612117, 49.403507], [18.61291, 49.403206], [18.615477, 49.403213], [18.622752, 49.403859], [18.622787, 49.403909], [18.623006, 49.405239], [18.621103, 49.408296], [18.619166, 49.408551], [18.612269, 49.410928], [18.609723, 49.414362], [18.609003, 49.415032], [18.608388, 49.415656], [18.604887, 49.414588], [18.602439, 49.422772], [18.603184, 49.423822], [18.603401, 49.424255], [18.601683, 49.426162], [18.600661, 49.426693], [18.592605, 49.428493], [18.592008, 49.431837], [18.59253, 49.434036], [18.592713, 49.434477], [18.597432, 49.440057], [18.599546, 49.440957], [18.600271, 49.441284], [18.604456, 49.442686], [18.608977, 49.442991], [18.609468, 49.442992], [18.609851, 49.443039], [18.61096, 49.443564], [18.611639, 49.443911], [18.615209, 49.445704], [18.615921, 49.445956], [18.615381, 49.449144], [18.614938, 49.449419], [18.610829, 49.450529], [18.610382, 49.450747], [18.609857, 49.451057], [18.605262, 49.451809], [18.602092, 49.450104], [18.596763, 49.447762], [18.596409, 49.447673], [18.591212, 49.447729], [18.590521, 49.447966], [18.588029, 49.4484], [18.587955, 49.448223], [18.579706, 49.444949], [18.577228, 49.446811], [18.57659, 49.447428], [18.57806, 49.456156], [18.578498, 49.45642], [18.578899, 49.456787], [18.579473, 49.457865], [18.586561, 49.462099], [18.589765, 49.460536], [18.589876, 49.460462], [18.591919, 49.460287], [18.595365, 49.461066], [18.596135, 49.461149], [18.596702, 49.461356], [18.597298, 49.461521], [18.597969, 49.461664], [18.598766, 49.462031], [18.605566, 49.463331], [18.606306, 49.46315], [18.609326, 49.461132], [18.609843, 49.461519], [18.609908, 49.461597], [18.610961, 49.463089], [18.612109, 49.464519], [18.619923, 49.465308], [18.625184, 49.465114], [18.626145, 49.465115], [18.626539, 49.465356], [18.627133, 49.465944], [18.635843, 49.467533], [18.636583, 49.467273], [18.637332, 49.467177], [18.640154, 49.466573], [18.641646, 49.469849], [18.640805, 49.470232], [18.64019, 49.470476], [18.639609, 49.470638], [18.634588, 49.472323], [18.632738, 49.473188], [18.629814, 49.474765], [18.629593, 49.47475], [18.62923, 49.47468], [18.620484, 49.476479], [18.620174, 49.476576], [18.612508, 49.476939], [18.607798, 49.479714], [18.606438, 49.480467], [18.606069, 49.4806], [18.605706, 49.480683], [18.605388, 49.480725], [18.604946, 49.480749], [18.604604, 49.480746], [18.598634, 49.47421], [18.598056, 49.473961], [18.592791, 49.471329], [18.59107, 49.46986], [18.588176, 49.468068], [18.587424, 49.467659], [18.582552, 49.465419], [18.574958, 49.466687], [18.574452, 49.466946], [18.570308, 49.470036], [18.569303, 49.471452], [18.572257, 49.479729], [18.571152, 49.483156], [18.56475, 49.486236], [18.560245, 49.488029], [18.558132, 49.486497], [18.557308, 49.485947], [18.557162, 49.484653], [18.557225, 49.483392], [18.549031, 49.479836], [18.548499, 49.480298], [18.547756, 49.480741], [18.546859, 49.480983], [18.546229, 49.48101], [18.545307, 49.480924], [18.542687, 49.481161], [18.539312, 49.482486], [18.536332, 49.485691], [18.541026, 49.492268], [18.541369, 49.492307], [18.540957, 49.495884], [18.547651, 49.501382], [18.548923, 49.501606], [18.550341, 49.502333], [18.5544, 49.504208], [18.55497, 49.504437], [18.556496, 49.504855], [18.558402, 49.505806], [18.559122, 49.506186], [18.563496, 49.50786], [18.567696, 49.509036], [18.56884, 49.509825], [18.569441, 49.511134], [18.5693, 49.512403], [18.568451, 49.513643], [18.568131, 49.513851], [18.567935, 49.522179], [18.571687, 49.522669], [18.572179, 49.522594], [18.57295, 49.522567], [18.573314, 49.522609], [18.577815, 49.522054], [18.579509, 49.515637], [18.579108, 49.514765], [18.579237, 49.513457], [18.579268, 49.513108], [18.580041, 49.511103], [18.580217, 49.510548], [18.580483, 49.506662], [18.581135, 49.506629], [18.582075, 49.506731], [18.582989, 49.507145], [18.586328, 49.508329], [18.587216, 49.508908], [18.588927, 49.514958], [18.589535, 49.516324], [18.595611, 49.522003], [18.597074, 49.521413], [18.598395, 49.521917], [18.604177, 49.528365], [18.60649, 49.531123], [18.612389, 49.536579], [18.614323, 49.536536], [18.618265, 49.542783], [18.618726, 49.543204], [18.619285, 49.543899], [18.619674, 49.544807], [18.620943, 49.549153], [18.624187, 49.556102], [18.624447, 49.556506], [18.631171, 49.560048], [18.633697, 49.559457], [18.635504, 49.56039], [18.642149, 49.555646], [18.643952, 49.553472], [18.642273, 49.545155], [18.641673, 49.544426], [18.641107, 49.542836], [18.636081, 49.537376], [18.635418, 49.537036], [18.634916, 49.536663], [18.634391, 49.536151], [18.634321, 49.53585], [18.634232, 49.533258], [18.634679, 49.525139], [18.634702, 49.525019], [18.635817, 49.524307], [18.635887, 49.524269], [18.637256, 49.52385], [18.637505, 49.524032], [18.642494, 49.529103], [18.644266, 49.532237], [18.64462, 49.537273], [18.644724, 49.537951], [18.647016, 49.543255], [18.651597, 49.544285], [18.654892, 49.542833], [18.660415, 49.542928], [18.662558, 49.542437], [18.667043, 49.544012], [18.673652, 49.542158], [18.674522, 49.541483], [18.675271, 49.541296], [18.675989, 49.541326], [18.683627, 49.544098], [18.686927, 49.542556], [18.689469, 49.535348], [18.689257, 49.534375], [18.689443, 49.532981], [18.690101, 49.527879], [18.690235, 49.527292], [18.690487, 49.52682], [18.69179, 49.52669], [18.693994, 49.526907], [18.694244, 49.529016], [18.693986, 49.530003], [18.693826, 49.531725], [18.694605, 49.536179], [18.694813, 49.536943], [18.694998, 49.537559], [18.695228, 49.538179], [18.699522, 49.545986], [18.704002, 49.540609], [18.704183, 49.539978], [18.707048, 49.538151], [18.707133, 49.5381], [18.712646, 49.534052], [18.712326, 49.530466], [18.712301, 49.53041], [18.714087, 49.529988], [18.714515, 49.52989], [18.714993, 49.529851], [18.720451, 49.528312], [18.72546, 49.531269], [18.726253, 49.53156], [18.726488, 49.531631], [18.727056, 49.53194], [18.72877, 49.533386], [18.735304, 49.534555], [18.735837, 49.534453], [18.741624, 49.528014], [18.739217, 49.524542], [18.734881, 49.521452], [18.731268, 49.51979], [18.731273, 49.513704], [18.727912, 49.511157], [18.727247, 49.511008], [18.72714, 49.50741], [18.727407, 49.499347], [18.72261, 49.497879], [18.720694, 49.496107], [18.720045, 49.494467], [18.720462, 49.493], [18.720684, 49.492507], [18.721063, 49.492199], [18.721186, 49.492116], [18.724812, 49.491106], [18.728713, 49.484308], [18.728692, 49.482597], [18.729613, 49.479117], [18.730086, 49.478444], [18.730605, 49.478206], [18.73631, 49.477427], [18.743082, 49.475977], [18.745195, 49.475486], [18.751317, 49.472234], [18.751817, 49.47196], [18.752509, 49.471729], [18.754839, 49.470966], [18.759569, 49.468107], [18.763712, 49.461422], [18.764274, 49.459924], [18.766407, 49.459614], [18.77224, 49.456296], [18.774072, 49.449204], [18.773982, 49.445605], [18.774878, 49.445556], [18.778289, 49.445267], [18.784706, 49.442], [18.787929, 49.438658], [18.791731, 49.432916], [18.795307, 49.432499], [18.80242, 49.430862], [18.802957, 49.430707], [18.803592, 49.430564], [18.80477, 49.430392], [18.805633, 49.430325], [18.813917, 49.426818], [18.81437, 49.426361], [18.814681, 49.426091], [18.815292, 49.425627], [18.817468, 49.428495], [18.814872, 49.431223], [18.814544, 49.43157], [18.814288, 49.431814], [18.813893, 49.432133], [18.813498, 49.432407], [18.80576, 49.433923], [18.79992, 49.440084], [18.799682, 49.44065], [18.7994, 49.441069], [18.799073, 49.441405], [18.798687, 49.441688], [18.798267, 49.441902], [18.797844, 49.442048], [18.797405, 49.442141], [18.796004, 49.442512], [18.794766, 49.442959], [18.793288, 49.443747], [18.791171, 49.445442], [18.793641, 49.453391], [18.795119, 49.454832], [18.795652, 49.455258], [18.794512, 49.457138], [18.794244, 49.457361], [18.793404, 49.45807], [18.790892, 49.464294], [18.795611, 49.469336], [18.798004, 49.469541], [18.798592, 49.469538], [18.799063, 49.469621], [18.801872, 49.469666], [18.802616, 49.469722], [18.802829, 49.469762], [18.803078, 49.47275], [18.803785, 49.476279], [18.808021, 49.481117], [18.810654, 49.482526], [18.814019, 49.483808], [18.818738, 49.488148], [18.822968, 49.489089], [18.825338, 49.491331], [18.82822, 49.493856], [18.82779, 49.496864], [18.831815, 49.504707], [18.833866, 49.505804], [18.83463, 49.506101], [18.835914, 49.50662], [18.836578, 49.506945], [18.837565, 49.507511], [18.838523, 49.508111], [18.840312, 49.509291], [18.848099, 49.512635], [18.849745, 49.512913], [18.850975, 49.513046], [18.852967, 49.513223], [18.853658, 49.513315], [18.854294, 49.513426], [18.854986, 49.51357], [18.855664, 49.513738], [18.860461, 49.514738], [18.860012, 49.51831], [18.858693, 49.518144], [18.857947, 49.518016], [18.856951, 49.517808], [18.854731, 49.517215], [18.854126, 49.517066], [18.853568, 49.516952], [18.852502, 49.516793], [18.850659, 49.516632], [18.849359, 49.516492], [18.848737, 49.516409], [18.847452, 49.516176], [18.846205, 49.515892], [18.845527, 49.515711], [18.844149, 49.515275], [18.843002, 49.514837], [18.84219, 49.514495], [18.84138, 49.514098], [18.840339, 49.513546], [18.838406, 49.512346], [18.836541, 49.511117], [18.835654, 49.510562], [18.83479, 49.510069], [18.834354, 49.509865], [18.833289, 49.509442], [18.832561, 49.509159], [18.831594, 49.50874], [18.830568, 49.508189], [18.829833, 49.507712], [18.828246, 49.506583], [18.827952, 49.506417], [18.827643, 49.506252], [18.827288, 49.506083], [18.826587, 49.505805], [18.822388, 49.505036], [18.82185, 49.504947], [18.821306, 49.50483], [18.820708, 49.50467], [18.82006, 49.504456], [18.819529, 49.504254], [18.818935, 49.50398], [18.818476, 49.503737], [18.817983, 49.503437], [18.817331, 49.502964], [18.816673, 49.502366], [18.816126, 49.501768], [18.81541, 49.500899], [18.815125, 49.500594], [18.81399, 49.49964], [18.81346, 49.499294], [18.812665, 49.498852], [18.811944, 49.498521], [18.811142, 49.498208], [18.809866, 49.497751], [18.808643, 49.497286], [18.807369, 49.496735], [18.80684, 49.496483], [18.805933, 49.496004], [18.805048, 49.4955], [18.804535, 49.495182], [18.801724, 49.49317], [18.797755, 49.492412], [18.79429, 49.491433], [18.788269, 49.497476], [18.788972, 49.49885], [18.791318, 49.501483], [18.793725, 49.504159], [18.793532, 49.504333], [18.79169, 49.510031], [18.800356, 49.512348], [18.800724, 49.512554], [18.807302, 49.513342], [18.807551, 49.51337], [18.810883, 49.513717], [18.815717, 49.516933], [18.816553, 49.517261], [18.817091, 49.51761], [18.817846, 49.518219], [18.819414, 49.519399], [18.82039, 49.520229], [18.82283, 49.521745], [18.823304, 49.521993], [18.82369, 49.522249], [18.822405, 49.524585], [18.8217, 49.525249], [18.820746, 49.524808], [18.819963, 49.524534], [18.819453, 49.524311], [18.815697, 49.52353], [18.813776, 49.52393], [18.808208, 49.523195], [18.807725, 49.523324], [18.805241, 49.524652], [18.796507, 49.522676], [18.795882, 49.523004], [18.795027, 49.523363], [18.793964, 49.523719], [18.79299, 49.524206], [18.792047, 49.524395], [18.783105, 49.525325], [18.780723, 49.527697], [18.780387, 49.527752], [18.780366, 49.527755], [18.780133, 49.527797], [18.778316, 49.527734], [18.777944, 49.527696], [18.774632, 49.527728], [18.774204, 49.527818], [18.773478, 49.527917], [18.7729, 49.527916], [18.770872, 49.527854], [18.763654, 49.533088], [18.765032, 49.539637], [18.769408, 49.54406], [18.777464, 49.547009], [18.778021, 49.546889], [18.784188, 49.541201], [18.784712, 49.540154], [18.786456, 49.537877], [18.788037, 49.537471], [18.788213, 49.537434], [18.789942, 49.537512], [18.790103, 49.538288], [18.790405, 49.53914], [18.790635, 49.54011], [18.7996, 49.539484], [18.799604, 49.538304], [18.80038, 49.53648], [18.801482, 49.535893], [18.802743, 49.535997], [18.804071, 49.535922], [18.807957, 49.535852], [18.808629, 49.535718], [18.810886, 49.535043], [18.811714, 49.535003], [18.813292, 49.535346], [18.813533, 49.535475], [18.81676, 49.542278], [18.823532, 49.541998], [18.825635, 49.540624], [18.829487, 49.539502], [18.833081, 49.539298], [18.840076, 49.544044], [18.842319, 49.543601], [18.842843, 49.543581], [18.843426, 49.543555], [18.843656, 49.543578], [18.850478, 49.549022], [18.853508, 49.547335], [18.854913, 49.545741], [18.855293, 49.545743], [18.855595, 49.545767], [18.856992, 49.546618], [18.86168, 49.549387], [18.868111, 49.549598], [18.868545, 49.549561], [18.874291, 49.549597], [18.879076, 49.547259], [18.883975, 49.548065], [18.883982, 49.548069], [18.884526, 49.548731], [18.884557, 49.548795], [18.884737, 49.549509], [18.88228, 49.551241], [18.874243, 49.554961], [18.871789, 49.554955], [18.866153, 49.555124], [18.862847, 49.55886], [18.861905, 49.559006], [18.861106, 49.559138], [18.860783, 49.559168], [18.859049, 49.55882], [18.858394, 49.558578], [18.85802, 49.558443], [18.857413, 49.558186], [18.849818, 49.554964], [18.843198, 49.557355], [18.842893, 49.557599], [18.842519, 49.557811], [18.841757, 49.558103], [18.84036, 49.558823], [18.840006, 49.558978], [18.835387, 49.566367], [18.8356, 49.569149], [18.83545, 49.569858], [18.835285, 49.570285], [18.834983, 49.570821], [18.831504, 49.577352], [18.829922, 49.579732], [18.829772, 49.579708], [18.823163, 49.578643], [18.816995, 49.582384], [18.815836, 49.582445], [18.814657, 49.582585], [18.813466, 49.581995], [18.813237, 49.581844], [18.812208, 49.581131], [18.81131, 49.580275], [18.811011, 49.579684], [18.802217, 49.580623], [18.797626, 49.581496], [18.788992, 49.581086], [18.786943, 49.58115], [18.782583, 49.588414], [18.782662, 49.592511], [18.787247, 49.598592], [18.789494, 49.599441], [18.789864, 49.599533], [18.790493, 49.599739], [18.791192, 49.599943], [18.791957, 49.600277], [18.792485, 49.600544], [18.793509, 49.601109], [18.793881, 49.601371], [18.800136, 49.603967], [18.800504, 49.604048], [18.803834, 49.604562], [18.809206, 49.603713], [18.809834, 49.60357], [18.810379, 49.603538], [18.812265, 49.603277], [18.812916, 49.60313], [18.815415, 49.602487], [18.817015, 49.605712], [18.816213, 49.606135], [18.815682, 49.60636], [18.814273, 49.606659], [18.80885, 49.608223], [18.808148, 49.608474], [18.807073, 49.608624], [18.806278, 49.60864], [18.805615, 49.608608], [18.803192, 49.608225], [18.802184, 49.60811], [18.80166, 49.608072], [18.80135, 49.608031], [18.800931, 49.60794], [18.798433, 49.607635], [18.797966, 49.607587], [18.797379, 49.607436], [18.795232, 49.60687], [18.794084, 49.606662], [18.793633, 49.606556], [18.793221, 49.60642], [18.792877, 49.606259], [18.791568, 49.604969], [18.787393, 49.602983], [18.786887, 49.602963], [18.780234, 49.607551], [18.785609, 49.61323], [18.786879, 49.614556], [18.790273, 49.615596], [18.790517, 49.615588], [18.790754, 49.615616], [18.79091, 49.615652], [18.791264, 49.615761], [18.787864, 49.618556], [18.787445, 49.619054], [18.786683, 49.619931], [18.785962, 49.62057], [18.784733, 49.62168], [18.784612, 49.621832], [18.783235, 49.626906], [18.791774, 49.628308], [18.795059, 49.629783], [18.796893, 49.635659], [18.797861, 49.639126], [18.804759, 49.64447], [18.805884, 49.643787], [18.806898, 49.642967], [18.807688, 49.64216], [18.81026, 49.644678], [18.80947, 49.645485], [18.808199, 49.646553], [18.807952, 49.646733], [18.806637, 49.647542], [18.801675, 49.653587], [18.801097, 49.65421], [18.800131, 49.654883], [18.79946, 49.654977], [18.79895, 49.654904], [18.793636, 49.662106], [18.797183, 49.665265], [18.797741, 49.665489], [18.798098, 49.665755], [18.801417, 49.673563], [18.802338, 49.677043], [18.80195, 49.677146], [18.801619, 49.677209], [18.800799, 49.677235], [18.797868, 49.67725], [18.796774, 49.677359], [18.796355, 49.677383], [18.795029, 49.677436], [18.793716, 49.677464], [18.793233, 49.677452], [18.792817, 49.677391], [18.792468, 49.677295], [18.784303, 49.676084], [18.783146, 49.677307], [18.780621, 49.679835], [18.77703, 49.68009], [18.769468, 49.679126], [18.766733, 49.682302], [18.766341, 49.681933], [18.761083, 49.679566], [18.754202, 49.678456], [18.75362, 49.678094], [18.752726, 49.677295], [18.751156, 49.675908], [18.750623, 49.672865], [18.749989, 49.671072], [18.741973, 49.667801], [18.740606, 49.670095], [18.735066, 49.675196], [18.735801, 49.678636], [18.736456, 49.679689], [18.736477, 49.680565], [18.736453, 49.680694], [18.736133, 49.681345], [18.735448, 49.681937], [18.73969, 49.68987], [18.740126, 49.689706], [18.740862, 49.689534], [18.741643, 49.689504], [18.742341, 49.68969], [18.746853, 49.689362], [18.751427, 49.690026], [18.751928, 49.690027], [18.75381, 49.690289], [18.754495, 49.690273], [18.755745, 49.69038], [18.756309, 49.69047], [18.756682, 49.69058], [18.757971, 49.690828], [18.759602, 49.691462], [18.76035, 49.691587], [18.761017, 49.692518], [18.761416, 49.693082], [18.761598, 49.693689], [18.761593, 49.693929], [18.760855, 49.697631], [18.767631, 49.702061], [18.768474, 49.70209], [18.76874, 49.702144], [18.769164, 49.702249], [18.769916, 49.702466], [18.769306, 49.705745], [18.769252, 49.70643], [18.76919, 49.71097], [18.769314, 49.711394], [18.778167, 49.711661], [18.778435, 49.710944], [18.781721, 49.71068], [18.789376, 49.710997], [18.793698, 49.707373], [18.795911, 49.703988], [18.799122, 49.703948], [18.803305, 49.704407], [18.803661, 49.704468], [18.804509, 49.704857], [18.811274, 49.703706], [18.813532, 49.699949], [18.820022, 49.699645], [18.825908, 49.696403], [18.826282, 49.696077], [18.826294, 49.696067], [18.826916, 49.695724], [18.826955, 49.695713], [18.829289, 49.696336], [18.82946, 49.696447], [18.8298, 49.698896], [18.829714, 49.704649], [18.830554, 49.708149], [18.828747, 49.708583], [18.824828, 49.711193], [18.823455, 49.719113], [18.825055, 49.721486], [18.826247, 49.722802], [18.826248, 49.722844], [18.826226, 49.72496], [18.826227, 49.725057], [18.826232, 49.726714], [18.826375, 49.731016], [18.831339, 49.735532], [18.831547, 49.735649], [18.831779, 49.735893], [18.83211, 49.736402], [18.83617, 49.742477], [18.83949, 49.743803], [18.845347, 49.74526], [18.848275, 49.747256], [18.856486, 49.743991], [18.857446, 49.740622], [18.858002, 49.740702], [18.859012, 49.741185], [18.859468, 49.741613], [18.862286, 49.744665], [18.862813, 49.744965], [18.863464, 49.745462], [18.864281, 49.746075], [18.872179, 49.742578], [18.871397, 49.739064], [18.874089, 49.735313], [18.876, 49.732262], [18.883398, 49.730274], [18.886258, 49.728587], [18.892582, 49.72561], [18.899338, 49.722146], [18.902938, 49.722124], [18.905858, 49.722204], [18.907374, 49.722542], [18.907532, 49.724769], [18.907352, 49.726142], [18.901849, 49.731802], [18.899118, 49.736563], [18.897113, 49.739181], [18.895448, 49.745052], [18.893249, 49.747212], [18.892583, 49.747232], [18.888135, 49.748835], [18.887108, 49.754678], [18.887139, 49.756222], [18.88679, 49.756991], [18.885307, 49.760271], [18.878498, 49.762851], [18.873836, 49.765054], [18.87701, 49.771918], [18.877052, 49.771963], [18.877576, 49.772833], [18.880267, 49.775904], [18.88896, 49.777509], [18.890391, 49.778721], [18.89794, 49.782662], [18.899798, 49.782648], [18.901687, 49.782633], [18.907091, 49.776902], [18.906972, 49.773531], [18.90656, 49.771907], [18.906607, 49.770442], [18.906736, 49.769692], [18.90698, 49.769094], [18.908734, 49.764094], [18.908835, 49.763277], [18.908996, 49.762866], [18.910187, 49.760498], [18.91055, 49.760185], [18.911757, 49.758969], [18.91215, 49.758703], [18.91254, 49.758524], [18.916848, 49.755671], [18.917648, 49.755153], [18.918627, 49.754724], [18.920176, 49.755387], [18.921368, 49.758784], [18.920891, 49.759407], [18.9207, 49.759535], [18.917888, 49.759731], [18.912421, 49.765618], [18.910538, 49.77304], [18.91534, 49.779039], [18.916008, 49.779559], [18.916399, 49.779937], [18.916772, 49.7804], [18.917058, 49.780843], [18.917425, 49.781573], [18.918024, 49.782846], [18.920716, 49.786614], [18.921347, 49.787128], [18.921587, 49.787444], [18.927092, 49.791348], [18.933478, 49.78546], [18.937756, 49.779701], [18.938818, 49.779448], [18.946176, 49.777373], [18.946777, 49.777185], [18.951327, 49.780265], [18.95547, 49.783189], [18.962019, 49.785788], [18.97036, 49.78915], [18.973737, 49.789027], [18.974078, 49.789034], [18.980681, 49.792435], [18.984643, 49.793311], [18.986283, 49.793922], [18.988531, 49.794949], [18.988863, 49.795609], [18.98904, 49.797131], [18.994033, 49.803162], [19.000936, 49.805027], [19.001353, 49.805024], [19.00225, 49.805093], [19.002309, 49.805106], [19.002668, 49.805319], [19.003388, 49.805774], [19.008529, 49.81002], [19.011213, 49.810764], [19.012068, 49.811061], [19.013472, 49.811399], [19.020544, 49.811101], [19.023931, 49.807992], [19.026843, 49.807594], [19.027856, 49.807962], [19.029382, 49.810146], [19.030719, 49.815732], [19.033013, 49.824186], [19.040266, 49.827644], [19.042665, 49.827071], [19.044712, 49.827433], [19.046505, 49.827592], [19.046502, 49.827619], [19.048292, 49.833082], [19.05421, 49.833559], [19.05611, 49.831895], [19.058974, 49.826173], [19.060454, 49.823164], [19.060621, 49.823193], [19.061517, 49.823625], [19.061585, 49.823692], [19.062476, 49.824579], [19.069325, 49.827147], [19.075362, 49.821182], [19.075362, 49.821181], [19.077445, 49.819914], [19.080185, 49.812558], [19.079652, 49.809554], [19.079397, 49.808076], [19.079287, 49.807092], [19.074863, 49.799599], [19.074272, 49.799015], [19.073887, 49.798524], [19.073619, 49.79811], [19.073373, 49.797635], [19.073224, 49.797256], [19.073107, 49.796866], [19.072874, 49.795749], [19.07272, 49.794505], [19.072688, 49.794039], [19.076279, 49.793788], [19.078934, 49.797866], [19.082732, 49.802066], [19.082839, 49.802771], [19.082839, 49.805839], [19.083199, 49.808936], [19.086351, 49.81642], [19.092414, 49.821762], [19.095941, 49.823651], [19.096955, 49.825992], [19.096935, 49.826045], [19.095256, 49.827186], [19.094929, 49.827122], [19.092091, 49.827281], [19.087684, 49.834153], [19.088536, 49.836286], [19.088719, 49.836712], [19.089117, 49.837511], [19.09022, 49.839319], [19.091628, 49.841124], [19.094447, 49.84338], [19.094611, 49.843529], [19.098216, 49.846321], [19.09889, 49.846938], [19.100015, 49.848046], [19.101724, 49.849975], [19.102309, 49.850796], [19.102913, 49.851754], [19.103464, 49.852742], [19.103888, 49.853662], [19.104315, 49.854686], [19.104609, 49.855632], [19.104847, 49.856571], [19.105038, 49.857509], [19.105161, 49.858264], [19.105314, 49.859664], [19.105528, 49.863088], [19.107447, 49.86876], [19.107752, 49.869385], [19.108262, 49.870347], [19.108712, 49.871352], [19.109047, 49.872274], [19.109571, 49.873969], [19.109875, 49.875609], [19.109999, 49.877299], [19.110007, 49.878324], [19.109945, 49.879334], [19.109837, 49.880287], [19.109664, 49.881288], [19.109324, 49.882733], [19.109199, 49.883169], [19.105739, 49.882174], [19.105865, 49.881737], [19.10615, 49.880509], [19.105612, 49.873352], [19.104576, 49.871081], [19.104214, 49.870345], [19.103271, 49.868486], [19.102846, 49.867509], [19.102513, 49.86657], [19.102236, 49.865512], [19.102069, 49.864525], [19.10195, 49.863491], [19.10172, 49.859884], [19.101583, 49.85866], [19.101487, 49.858098], [19.101321, 49.857295], [19.101121, 49.856524], [19.100577, 49.855075], [19.100196, 49.854253], [19.099778, 49.853522], [19.099268, 49.852723], [19.098798, 49.852072], [19.09733, 49.850445], [19.09637, 49.849509], [19.095789, 49.848979], [19.086975, 49.849574], [19.08632, 49.851285], [19.085147, 49.851874], [19.078436, 49.85478], [19.078059, 49.854828], [19.071193, 49.85497], [19.067119, 49.854059], [19.060737, 49.852529], [19.059522, 49.852551], [19.054545, 49.850919], [19.050956, 49.856517], [19.050931, 49.85679], [19.050145, 49.85816], [19.050035, 49.858379], [19.049642, 49.8592], [19.043884, 49.860179], [19.037407, 49.863939], [19.033035, 49.869863], [19.030078, 49.872122], [19.028268, 49.873152], [19.028194, 49.873145], [19.026883, 49.871715], [19.026699, 49.870879], [19.018386, 49.867452], [19.017875, 49.867574], [19.017873, 49.867575], [19.017205, 49.867733], [19.010264, 49.869858], [19.00923, 49.870575], [19.00757, 49.871735], [19.006338, 49.872773], [19.004019, 49.870019], [19.005251, 49.868981], [19.000715, 49.861252], [18.997262, 49.862519], [18.991903, 49.863668], [18.988822, 49.864006], [18.987135, 49.864286], [18.978738, 49.862395], [18.976182, 49.863775], [18.975653, 49.864085], [18.971862, 49.866266], [18.970619, 49.866281], [18.970484, 49.86625], [18.969231, 49.863809], [18.969088, 49.863443], [18.968344, 49.85992], [18.965213, 49.856731], [18.959945, 49.856536], [18.959503, 49.856488], [18.952038, 49.861255], [18.950853, 49.865795], [18.949229, 49.870389], [18.946898, 49.872963], [18.946868, 49.872966], [18.945889, 49.872283], [18.944938, 49.871514], [18.942287, 49.869151], [18.936668, 49.864157], [18.935707, 49.860688], [18.927219, 49.858602], [18.923689, 49.859307], [18.916126, 49.862517], [18.913606, 49.863425], [18.913192, 49.863563], [18.912433, 49.863741], [18.905274, 49.86], [18.902144, 49.861718], [18.895161, 49.864248], [18.891813, 49.866921], [18.889601, 49.875237], [18.89037, 49.876392], [18.890661, 49.876875], [18.890652, 49.87868], [18.890005, 49.878878], [18.889268, 49.879066], [18.888904, 49.879145], [18.886155, 49.879725], [18.885363, 49.879862], [18.884782, 49.879907], [18.884121, 49.879867], [18.883811, 49.879821], [18.882715, 49.879548], [18.875208, 49.882571], [18.873612, 49.882024], [18.872811, 49.881139], [18.871326, 49.879242], [18.872591, 49.878203], [18.875219, 49.87603], [18.878962, 49.871957], [18.877229, 49.865759], [18.871996, 49.859011], [18.868738, 49.860768], [18.867184, 49.861956], [18.866629, 49.862007], [18.859137, 49.858961], [18.8524, 49.861682], [18.846188, 49.863458], [18.843404, 49.864746], [18.837304, 49.863618], [18.836393, 49.860136], [18.832068, 49.852412], [18.824731, 49.85681], [18.822724, 49.85823], [18.819778, 49.856161], [18.82004, 49.855788], [18.820298, 49.855492], [18.821802, 49.850267], [18.821621, 49.849715], [18.821525, 49.849339], [18.812565, 49.848489], [18.811097, 49.850798], [18.809833, 49.852794], [18.808568, 49.85479], [18.805527, 49.852864], [18.797458, 49.853826], [18.795414, 49.856529], [18.799333, 49.86293], [18.799951, 49.864719], [18.800725, 49.86625], [18.800259, 49.866446], [18.797927, 49.867602], [18.794486, 49.868662], [18.787923, 49.866377], [18.784919, 49.874061], [18.784846, 49.874183], [18.784479, 49.874604], [18.784064, 49.874941], [18.783636, 49.875197], [18.783035, 49.875425], [18.782, 49.875634], [18.781531, 49.875685], [18.781089, 49.875698], [18.779829, 49.875645], [18.77908, 49.875685], [18.775118, 49.877188], [18.773178, 49.885667], [18.773978, 49.887322], [18.775344, 49.888936], [18.77913, 49.892613], [18.781145, 49.894787], [18.789252, 49.897204], [18.793215, 49.896711], [18.794866, 49.896179], [18.799588, 49.894147], [18.800014, 49.894131], [18.802715, 49.894724], [18.804722, 49.894967], [18.806052, 49.896289], [18.806159, 49.896682], [18.804657, 49.898566], [18.804282, 49.89856], [18.802685, 49.898323], [18.802667, 49.898323], [18.802402, 49.898322], [18.800514, 49.898122], [18.798223, 49.906663], [18.800374, 49.90955], [18.799718, 49.910038], [18.798902, 49.910457], [18.798028, 49.910793], [18.797378, 49.910991], [18.79671, 49.911069], [18.7962, 49.911034], [18.793707, 49.911054], [18.793211, 49.911039], [18.792869, 49.910984], [18.792464, 49.910869], [18.788692, 49.910051], [18.788322, 49.910052], [18.787803, 49.909967], [18.784306, 49.909633], [18.783498, 49.909672], [18.780785, 49.909597], [18.780181, 49.909553], [18.77951, 49.909436], [18.776878, 49.908869], [18.774629, 49.908863], [18.773333, 49.9173], [18.773902, 49.917747], [18.774908, 49.91871], [18.778451, 49.920172], [18.778823, 49.920171], [18.782669, 49.922965], [18.784153, 49.923664], [18.787022, 49.925397], [18.78723, 49.925489], [18.789483, 49.926366], [18.791736, 49.927243], [18.794646, 49.928385], [18.796529, 49.928919], [18.803008, 49.931009], [18.804271, 49.931473], [18.805012, 49.931785], [18.808807, 49.933768], [18.812341, 49.935632], [18.813341, 49.936342], [18.819837, 49.939822], [18.821613, 49.940408], [18.820485, 49.943827], [18.818779, 49.944066], [18.818335, 49.943919], [18.812216, 49.942401], [18.807141, 49.936959], [18.803353, 49.93498], [18.79733, 49.939161], [18.798006, 49.942258], [18.797152, 49.945755], [18.799884, 49.953814], [18.802346, 49.954212], [18.804807, 49.954609], [18.808157, 49.95515], [18.807583, 49.958704], [18.804233, 49.958163], [18.801772, 49.957766], [18.799311, 49.957368], [18.798761, 49.957237], [18.794088, 49.957551], [18.791251, 49.965142], [18.792819, 49.966723], [18.793123, 49.96706], [18.796877, 49.97001], [18.799606, 49.970753], [18.80227, 49.97148], [18.802847, 49.971625], [18.806126, 49.972424], [18.807515, 49.972316], [18.810597, 49.971105], [18.813685, 49.969892], [18.816967, 49.968616], [18.820248, 49.967339], [18.821553, 49.970694], [18.818272, 49.971971], [18.81499, 49.973247], [18.811913, 49.974456], [18.813657, 49.982379], [18.816607, 49.982928], [18.820807, 49.983711], [18.823384, 49.984189], [18.82625, 49.984713], [18.827587, 49.984696], [18.832917, 49.982317], [18.834309, 49.981469], [18.834934, 49.981195], [18.838739, 49.978397], [18.840188, 49.978284], [18.841178, 49.978534], [18.842181, 49.979451], [18.844704, 49.983235], [18.844722, 49.986835], [18.839814, 49.990363], [18.839146, 49.990341], [18.838764, 49.990312], [18.838303, 49.990246], [18.83659, 49.989831], [18.831479, 49.989287], [18.827378, 49.988335], [18.819784, 49.992406], [18.818727, 49.99984], [18.816847, 50.006238], [18.815647, 50.009632], [18.812395, 50.013178], [18.80837, 50.016691], [18.810733, 50.024878], [18.81349, 50.024386], [18.81569, 50.023542], [18.815887, 50.02356], [18.817735, 50.023825], [18.818309, 50.023895], [18.820393, 50.024329], [18.822911, 50.025193], [18.830231, 50.026697], [18.836041, 50.023621], [18.838213, 50.022536], [18.840385, 50.021451], [18.842556, 50.020366], [18.848807, 50.015275], [18.849143, 50.014943], [18.849633, 50.014572], [18.849919, 50.014407], [18.851673, 50.013539], [18.85205, 50.013356], [18.852383, 50.013252], [18.852916, 50.013441], [18.853369, 50.013603], [18.853626, 50.016592], [18.848798, 50.020957], [18.84847, 50.021288], [18.848094, 50.021579], [18.846356, 50.022492], [18.844165, 50.023587], [18.837981, 50.03012], [18.835207, 50.032415], [18.82966, 50.032755], [18.824381, 50.026954], [18.819659, 50.027854], [18.814122, 50.02793], [18.811364, 50.028422], [18.809906, 50.028682], [18.806294, 50.036289], [18.807635, 50.0382], [18.807672, 50.039615], [18.805594, 50.041166], [18.808564, 50.04875], [18.809279, 50.049442], [18.809657, 50.049781], [18.810146, 50.050923], [18.808667, 50.051699], [18.807039, 50.052742], [18.800292, 50.058694], [18.801831, 50.061948], [18.801399, 50.063536], [18.794011, 50.067343], [18.792951, 50.069437], [18.792754, 50.06987], [18.792282, 50.07074], [18.791244, 50.07287], [18.791922, 50.078869], [18.797545, 50.079613], [18.798219, 50.079713], [18.802636, 50.079416], [18.807084, 50.079851], [18.813791, 50.074475], [18.814943, 50.071581], [18.816095, 50.068688], [18.816834, 50.066833], [18.817573, 50.064978], [18.820918, 50.06631], [18.827539, 50.071804], [18.832244, 50.074372], [18.835139, 50.076512], [18.843059, 50.079467], [18.845283, 50.081003], [18.848206, 50.085017], [18.845606, 50.087507], [18.843162, 50.085832], [18.835982, 50.088429], [18.835248, 50.096799], [18.83825, 50.097834], [18.837078, 50.101237], [18.838769, 50.109744], [18.840279, 50.109742], [18.844549, 50.106554], [18.852438, 50.105536], [18.854333, 50.104702], [18.856078, 50.105111], [18.864528, 50.102841], [18.864987, 50.102792], [18.871724, 50.103243], [18.873821, 50.103867], [18.873996, 50.104108], [18.873099, 50.10657], [18.873053, 50.106589], [18.86848, 50.107883], [18.865294, 50.108638], [18.862152, 50.109997], [18.858782, 50.111264], [18.855722, 50.111515], [18.851089, 50.110374], [18.844339, 50.114195], [18.844783, 50.119515], [18.846022, 50.121729], [18.847828, 50.1235], [18.850415, 50.126003], [18.857675, 50.125891], [18.859028, 50.125884], [18.85954, 50.125929], [18.860137, 50.126146], [18.864119, 50.126482], [18.864727, 50.126454], [18.865256, 50.126474], [18.865947, 50.126556], [18.868168, 50.130733], [18.86922, 50.133081], [18.869694, 50.134321], [18.869713, 50.134407], [18.868221, 50.136484], [18.865562, 50.144731], [18.871762, 50.149473], [18.872783, 50.150185], [18.873976, 50.152579], [18.874204, 50.154222], [18.871916, 50.155424], [18.871628, 50.155267], [18.867581, 50.154505], [18.861941, 50.157929], [18.862746, 50.165402], [18.866528, 50.166537], [18.867632, 50.166413], [18.868429, 50.166355], [18.869166, 50.166253], [18.876801, 50.168545], [18.882199, 50.170706], [18.882477, 50.170792], [18.888611, 50.175654], [18.887808, 50.179164], [18.887589, 50.179113], [18.882524, 50.1782], [18.88049, 50.177921], [18.87363, 50.182768], [18.871834, 50.186258], [18.87137, 50.187716], [18.870503, 50.188761], [18.87045, 50.188804], [18.870116, 50.188986], [18.867772, 50.187823], [18.858905, 50.188298], [18.857872, 50.189096], [18.857669, 50.189238], [18.856068, 50.18895], [18.850925, 50.191134], [18.84961, 50.196038], [18.848239, 50.199366], [18.855488, 50.203561], [18.856959, 50.202522], [18.859037, 50.205462], [18.854466, 50.211617], [18.854131, 50.211912], [18.853526, 50.212285], [18.848855, 50.214792], [18.849425, 50.223165], [18.850454, 50.223837], [18.858106, 50.22622], [18.860431, 50.226963], [18.866565, 50.227024], [18.868202, 50.227565], [18.871416, 50.229509], [18.876707, 50.234615], [18.878122, 50.235968], [18.882785, 50.23985], [18.889098, 50.235781], [18.892562, 50.234801], [18.892801, 50.235649], [18.899795, 50.239469], [18.903825, 50.233735], [18.905468, 50.23332], [18.911774, 50.232559], [18.913546, 50.232536], [18.914513, 50.232595], [18.914618, 50.232634], [18.915292, 50.235431], [18.923538, 50.238525], [18.925969, 50.23431], [18.926006, 50.234022], [18.932046, 50.23188], [18.933587, 50.228626], [18.933929, 50.228788], [18.935386, 50.229649], [18.943783, 50.232673], [18.944548, 50.232667], [18.947814, 50.232659], [18.950264, 50.232372], [18.951287, 50.232243], [18.956452, 50.234004], [18.960228, 50.236796], [18.968662, 50.239125], [18.973867, 50.238413], [18.977615, 50.23512], [18.979418, 50.233809], [18.979441, 50.23381], [18.980731, 50.233928], [18.981025, 50.233976], [18.981229, 50.234024], [18.982781, 50.234449], [18.990559, 50.233245], [18.995334, 50.229147], [18.995597, 50.229094], [18.995676, 50.229095], [18.999314, 50.231247], [19.001124, 50.232514], [19.00149, 50.232959], [19.001497, 50.232967], [19.001992, 50.233563], [19.002026, 50.234507], [19.001626, 50.238357], [19.005701, 50.245596], [19.009796, 50.242223], [19.012284, 50.23913], [19.013039, 50.238638], [19.019154, 50.235836], [19.024441, 50.2352], [19.028009, 50.234721], [19.028083, 50.23527], [19.032849, 50.241244], [19.034568, 50.2417], [19.035956, 50.241902], [19.039893, 50.24224], [19.042737, 50.24169], [19.047453, 50.240451], [19.050587, 50.236065], [19.05076, 50.235488], [19.053853, 50.230547], [19.054433, 50.229784], [19.054705, 50.229901], [19.055353, 50.23029], [19.063903, 50.230493], [19.064695, 50.230046], [19.065361, 50.229699], [19.066019, 50.229395], [19.066822, 50.229072], [19.069173, 50.228273], [19.073406, 50.226937], [19.077883, 50.225524], [19.081037, 50.224538], [19.082916, 50.223948], [19.085185, 50.223237], [19.088139, 50.2223], [19.091093, 50.221364], [19.094046, 50.220427], [19.097041, 50.219478], [19.099221, 50.218844], [19.10098, 50.218404], [19.101945, 50.218186], [19.103336, 50.217913], [19.104479, 50.217718], [19.10618, 50.217467], [19.107731, 50.217277], [19.110533, 50.216963], [19.117468, 50.216183], [19.123618, 50.215332], [19.124605, 50.215185], [19.125203, 50.218735], [19.123814, 50.218969], [19.12237, 50.219194], [19.121188, 50.219357], [19.117901, 50.219756], [19.110934, 50.220541], [19.108131, 50.220854], [19.106619, 50.22104], [19.098047, 50.222934], [19.095135, 50.223859], [19.092181, 50.224795], [19.089227, 50.225732], [19.086274, 50.226669], [19.083995, 50.227382], [19.082116, 50.227973], [19.078958, 50.22896], [19.074489, 50.23037], [19.070257, 50.231706], [19.06798, 50.23248], [19.062344, 50.237106], [19.061686, 50.23803], [19.061266, 50.23857], [19.060619, 50.239273], [19.059993, 50.239845], [19.059419, 50.240305], [19.058657, 50.240837], [19.057969, 50.241259], [19.052701, 50.247254], [19.051589, 50.250945], [19.050146, 50.25615], [19.046587, 50.25669], [19.040316, 50.250452], [19.033634, 50.253081], [19.032524, 50.255093], [19.032292, 50.255686], [19.031201, 50.257308], [19.031017, 50.257332], [19.030918, 50.257342], [19.030848, 50.257348], [19.028458, 50.257535], [19.02781, 50.257592], [19.026167, 50.256955], [19.025419, 50.256711], [19.024158, 50.255871], [19.015676, 50.257279], [19.014814, 50.258529], [19.014513, 50.258657], [19.012575, 50.258826], [19.012292, 50.258851], [19.00591, 50.257715], [19.004788, 50.257006], [18.997398, 50.258495], [18.997677, 50.262933], [18.996212, 50.266987], [18.99617, 50.267127], [18.995563, 50.267978], [18.991499, 50.271293], [18.991187, 50.271347], [18.991161, 50.271351], [18.99113, 50.271356], [18.986303, 50.270906], [18.978792, 50.268557], [18.974327, 50.273659], [18.972536, 50.274146], [18.964949, 50.275463], [18.963938, 50.275611], [18.958236, 50.282533], [18.958224, 50.282791], [18.95819, 50.282924], [18.957404, 50.284004], [18.952109, 50.28724], [18.949419, 50.292801], [18.94941, 50.292807], [18.946784, 50.292998], [18.938928, 50.294962], [18.938879, 50.294966], [18.935491, 50.293751], [18.929538, 50.294152], [18.929206, 50.302849], [18.929221, 50.302882], [18.929192, 50.302991], [18.928076, 50.305356], [18.924693, 50.308413], [18.921927, 50.310718], [18.921312, 50.310487], [18.912476, 50.311403], [18.906094, 50.309626], [18.899202, 50.310387], [18.894028, 50.311004], [18.889906, 50.317019], [18.888932, 50.318223], [18.887487, 50.318554], [18.887377, 50.318572], [18.886505, 50.318199], [18.881916, 50.31607], [18.880787, 50.315404], [18.880681, 50.315298], [18.878368, 50.311078], [18.875824, 50.308511], [18.867856, 50.308673], [18.867482, 50.308874], [18.861094, 50.312164], [18.857934, 50.31684], [18.857837, 50.316898], [18.857764, 50.316934], [18.857149, 50.317132], [18.85707, 50.317142], [18.855372, 50.316135], [18.847044, 50.317805], [18.846007, 50.318248], [18.845872, 50.318255], [18.841621, 50.317425], [18.8409, 50.317236], [18.840555, 50.31713], [18.840118, 50.316752], [18.840152, 50.316257], [18.840231, 50.315616], [18.840452, 50.31402], [18.832204, 50.311236], [18.832, 50.310687], [18.831878, 50.310327], [18.831758, 50.309937], [18.828964, 50.306264], [18.823665, 50.304634], [18.820043, 50.310091], [18.822746, 50.31725], [18.826167, 50.319817], [18.826243, 50.319865], [18.826545, 50.322563], [18.826359, 50.322718], [18.826263, 50.331511], [18.828599, 50.332774], [18.826886, 50.335941], [18.824551, 50.334678], [18.823819, 50.334328], [18.822938, 50.333984], [18.822067, 50.333725], [18.819018, 50.332964], [18.817271, 50.332526], [18.816194, 50.332279], [18.813079, 50.331716], [18.809881, 50.331136], [18.806684, 50.330556], [18.800002, 50.331224], [18.799138, 50.3312], [18.792242, 50.334168], [18.790874, 50.339002], [18.791748, 50.342494], [18.794793, 50.350846], [18.797299, 50.35036], [18.798517, 50.350121], [18.803965, 50.354706], [18.8095, 50.356071], [18.810276, 50.35616], [18.818772, 50.354338], [18.819348, 50.354022], [18.82047, 50.354139], [18.828213, 50.357397], [18.831123, 50.357572], [18.83445, 50.356978], [18.834931, 50.356927], [18.838235, 50.35835], [18.837706, 50.361601], [18.837567, 50.361888], [18.834559, 50.363349], [18.828725, 50.361552], [18.825563, 50.362571], [18.817475, 50.362587], [18.81448, 50.36371], [18.813234, 50.364156], [18.812269, 50.364474], [18.811206, 50.364765], [18.810408, 50.364917], [18.807536, 50.366528], [18.810533, 50.374227], [18.810982, 50.37458], [18.817157, 50.380283], [18.823451, 50.382688], [18.824404, 50.382713], [18.82546, 50.382777], [18.826234, 50.38285], [18.827038, 50.382945], [18.828415, 50.38316], [18.829539, 50.383383], [18.830373, 50.383574], [18.834057, 50.384535], [18.836082, 50.385053], [18.837381, 50.385327], [18.838585, 50.385519], [18.839071, 50.385582], [18.840344, 50.385695], [18.8425, 50.385741], [18.843285, 50.385718], [18.844788, 50.385604], [18.845475, 50.38553], [18.846125, 50.385438], [18.847321, 50.385217], [18.848102, 50.385038], [18.848964, 50.384817], [18.849829, 50.384555], [18.852776, 50.3835], [18.855723, 50.382445], [18.85867, 50.381389], [18.862886, 50.379873], [18.865244, 50.379014], [18.866424, 50.378564], [18.867219, 50.378254], [18.869984, 50.377121], [18.872879, 50.375788], [18.876415, 50.370651], [18.878226, 50.367259], [18.880062, 50.36704], [18.886151, 50.36604], [18.888045, 50.36563], [18.895729, 50.365703], [18.898052, 50.364289], [18.899551, 50.364055], [18.899618, 50.364081], [18.900112, 50.364362], [18.901167, 50.36694], [18.908419, 50.36864], [18.908972, 50.3685], [18.910734, 50.368075], [18.912438, 50.367744], [18.914652, 50.367423], [18.916313, 50.367254], [18.917512, 50.367173], [18.918571, 50.367117], [18.920901, 50.367047], [18.923059, 50.366989], [18.925213, 50.366931], [18.929122, 50.360243], [18.92909, 50.359536], [18.931313, 50.355587], [18.931973, 50.354983], [18.937597, 50.348187], [18.938908, 50.346981], [18.939305, 50.346947], [18.94118, 50.347839], [18.941251, 50.348566], [18.941581, 50.351974], [18.943002, 50.357761], [18.947804, 50.362137], [18.950061, 50.363552], [18.95624, 50.367328], [18.958053, 50.367895], [18.959242, 50.368353], [18.959939, 50.368656], [18.960775, 50.369058], [18.961921, 50.369686], [18.962713, 50.37018], [18.963629, 50.370831], [18.964538, 50.371548], [18.967658, 50.374277], [18.970058, 50.376399], [18.972458, 50.378521], [18.974858, 50.380643], [18.97724, 50.38275], [18.9844, 50.387825], [18.985252, 50.388279], [18.987026, 50.389169], [18.990015, 50.390612], [18.993004, 50.392055], [18.995512, 50.393265], [18.99802, 50.394476], [18.996455, 50.397718], [18.993947, 50.396507], [18.991439, 50.395297], [18.98845, 50.393854], [18.985461, 50.392411], [18.983638, 50.391497], [18.982706, 50.391001], [18.98131, 50.390208], [18.980288, 50.389582], [18.979641, 50.389163], [18.978748, 50.388554], [18.977776, 50.38785], [18.976695, 50.387009], [18.976057, 50.386482], [18.97489, 50.385476], [18.972473, 50.38334], [18.970073, 50.381218], [18.967673, 50.379096], [18.965274, 50.376974], [18.962185, 50.374273], [18.956578, 50.373028], [18.955914, 50.373035], [18.955912, 50.373035], [18.955889, 50.373035], [18.955146, 50.372963], [18.953675, 50.372873], [18.952115, 50.372751], [18.944595, 50.374413], [18.944284, 50.374408], [18.943106, 50.373838], [18.942219, 50.372999], [18.934041, 50.374605], [18.932942, 50.374807], [18.930365, 50.373887], [18.923155, 50.370588], [18.920998, 50.370645], [18.91868, 50.370716], [18.917701, 50.370768], [18.916557, 50.370845], [18.915019, 50.371004], [18.91298, 50.371303], [18.911422, 50.371608], [18.90982, 50.371998], [18.909303, 50.372129], [18.901231, 50.375808], [18.900602, 50.376264], [18.89975, 50.376634], [18.89897, 50.376799], [18.898126, 50.376856], [18.89146, 50.382652], [18.889772, 50.384652], [18.883343, 50.385917], [18.883323, 50.385918], [18.882171, 50.385439], [18.882156, 50.385431], [18.882075, 50.385306], [18.876272, 50.380317], [18.873565, 50.380766], [18.870839, 50.381756], [18.864118, 50.383256], [18.859883, 50.384779], [18.856937, 50.385834], [18.85399, 50.386889], [18.851043, 50.387944], [18.850013, 50.38826], [18.849006, 50.388523], [18.848128, 50.388726], [18.846781, 50.388977], [18.845988, 50.389093], [18.845181, 50.389182], [18.84356, 50.389308], [18.842612, 50.389339], [18.840271, 50.389294], [18.838721, 50.389165], [18.838128, 50.38909], [18.836816, 50.388882], [18.835346, 50.388577], [18.833167, 50.388023], [18.829464, 50.387057], [18.82182, 50.390434], [18.821615, 50.390676], [18.817015, 50.39585], [18.816169, 50.398792], [18.813113, 50.406496], [18.812868, 50.406607], [18.81113, 50.406484], [18.810951, 50.40633], [18.80537, 50.401539], [18.798005, 50.404504], [18.797738, 50.404798], [18.797387, 50.405137], [18.796984, 50.405476], [18.794371, 50.407601], [18.790981, 50.412432], [18.790022, 50.415373], [18.789841, 50.415935], [18.786415, 50.414831], [18.786596, 50.414269], [18.787558, 50.411316], [18.788518, 50.408369], [18.78884, 50.407706], [18.789264, 50.407148], [18.791606, 50.401565], [18.791187, 50.39799], [18.788685, 50.392542], [18.786603, 50.384252], [18.785046, 50.38367], [18.783446, 50.382839], [18.775151, 50.38288], [18.771989, 50.383049], [18.771056, 50.383247], [18.76533, 50.385953], [18.761681, 50.393783], [18.761526, 50.397379], [18.756737, 50.403446], [18.757083, 50.406059], [18.757018, 50.406662], [18.756865, 50.407256], [18.756551, 50.408081], [18.753186, 50.406803], [18.749175, 50.400188], [18.747512, 50.396773], [18.747668, 50.393177], [18.740672, 50.390427], [18.734525, 50.395614], [18.730957, 50.395133], [18.723163, 50.394885], [18.721133, 50.393546], [18.714889, 50.399472], [18.715956, 50.401812], [18.714794, 50.403071], [18.714323, 50.403058], [18.713943, 50.403028], [18.710889, 50.402681], [18.708445, 50.400823], [18.701982, 50.396204], [18.698786, 50.395466], [18.694643, 50.394923], [18.690596, 50.394603], [18.686096, 50.394795], [18.684829, 50.392803], [18.685136, 50.391325], [18.685505, 50.391223], [18.685645, 50.391184], [18.685972, 50.391123], [18.686387, 50.391063], [18.690625, 50.391003], [18.693499, 50.391027], [18.695271, 50.391065], [18.695769, 50.391112], [18.700587, 50.383761], [18.695812, 50.378518], [18.688932, 50.377334], [18.686421, 50.379325], [18.68573, 50.379552], [18.67927, 50.375784], [18.675689, 50.376154], [18.670426, 50.371392], [18.662906, 50.367807], [18.659349, 50.368235], [18.658919, 50.364661], [18.662476, 50.364232], [18.663737, 50.364021], [18.664181, 50.364122], [18.667306, 50.364498], [18.668287, 50.364787], [18.67135, 50.365308], [18.678205, 50.361146], [18.680102, 50.359211], [18.681354, 50.358514], [18.68855, 50.3541], [18.690008, 50.35364], [18.690039, 50.353645], [18.695042, 50.354052], [18.698635, 50.353618], [18.699042, 50.353613], [18.703381, 50.356028], [18.708935, 50.351817], [18.709023, 50.349704], [18.710139, 50.34218], [18.705291, 50.340744], [18.702359, 50.341904], [18.701569, 50.341618], [18.700868, 50.340958], [18.69945, 50.336286], [18.695145, 50.333668], [18.692419, 50.333176], [18.691189, 50.331673], [18.690844, 50.330952], [18.690731, 50.329978], [18.687565, 50.322528], [18.685652, 50.322114], [18.682631, 50.321901], [18.67996, 50.321095], [18.677884, 50.320663], [18.674116, 50.319348], [18.666913, 50.322917], [18.661045, 50.32916], [18.659831, 50.331295], [18.658386, 50.33384], [18.656942, 50.336383], [18.655003, 50.3398], [18.653721, 50.342066], [18.652419, 50.344366], [18.650862, 50.348787], [18.650047, 50.352294], [18.646469, 50.354809], [18.643922, 50.35491], [18.643871, 50.354872], [18.643405, 50.354314], [18.643321, 50.353063], [18.643494, 50.352751], [18.64484, 50.350417], [18.641394, 50.343306], [18.632655, 50.344488], [18.629412, 50.343917], [18.629038, 50.343887], [18.620925, 50.344272], [18.618266, 50.34457], [18.614588, 50.342063], [18.613296, 50.340485], [18.612963, 50.340017], [18.611867, 50.337636], [18.603924, 50.333503], [18.603758, 50.333501], [18.601473, 50.332066], [18.593537, 50.331212], [18.590811, 50.332503], [18.589135, 50.333294], [18.587435, 50.334096], [18.586574, 50.334488], [18.581727, 50.337539], [18.576841, 50.338388], [18.576841, 50.338388], [18.573783, 50.339623], [18.5666, 50.34439], [18.564802, 50.35101], [18.564785, 50.35434], [18.563904, 50.358231], [18.5617, 50.358194], [18.560801, 50.358154], [18.556449, 50.35338], [18.555556, 50.349892], [18.546953, 50.35107], [18.53882, 50.351427], [18.529986, 50.352404], [18.529302, 50.352722], [18.528389, 50.353177], [18.527676, 50.353565], [18.527043, 50.353934], [18.526434, 50.354312], [18.525838, 50.354706], [18.525103, 50.355237], [18.524243, 50.355922], [18.523361, 50.356689], [18.521022, 50.358792], [18.519655, 50.360012], [18.518241, 50.361273], [18.517368, 50.361997], [18.516111, 50.362932], [18.515063, 50.363616], [18.513952, 50.364279], [18.512634, 50.364981], [18.51126, 50.365629], [18.510371, 50.366012], [18.50929, 50.366439], [18.505717, 50.367766], [18.502144, 50.369093], [18.498572, 50.37042], [18.492266, 50.372762], [18.489123, 50.373929], [18.48598, 50.375096], [18.482837, 50.376263], [18.479694, 50.37743], [18.476551, 50.378596], [18.4728, 50.37999], [18.469784, 50.381114], [18.462681, 50.384948], [18.460425, 50.386763], [18.458654, 50.388194], [18.457428, 50.389177], [18.456658, 50.389769], [18.456148, 50.390137], [18.45533, 50.390688], [18.449469, 50.39473], [18.449396, 50.394783], [18.448669, 50.395111], [18.441161, 50.397095], [18.438525, 50.39819], [18.435888, 50.399286], [18.433252, 50.400381], [18.429963, 50.40175], [18.426705, 50.403102], [18.425325, 50.399777], [18.428583, 50.398425], [18.431871, 50.397057], [18.434507, 50.395962], [18.437143, 50.394866], [18.43978, 50.39377], [18.441599, 50.393014], [18.443418, 50.392257], [18.447421, 50.390602], [18.449882, 50.38955], [18.456399, 50.385387], [18.458164, 50.383962], [18.460423, 50.382143], [18.461147, 50.3816], [18.461987, 50.381014], [18.462971, 50.380389], [18.463952, 50.379821], [18.465139, 50.379198], [18.465915, 50.378828], [18.467773, 50.378032], [18.468488, 50.377756], [18.471542, 50.376617], [18.475298, 50.375222], [18.478441, 50.374055], [18.481584, 50.372888], [18.484727, 50.371721], [18.48787, 50.370554], [18.491013, 50.369387], [18.497318, 50.367046], [18.500891, 50.365719], [18.504464, 50.364392], [18.508036, 50.363065], [18.509045, 50.362665], [18.509833, 50.362323], [18.517258, 50.357327], [18.518625, 50.356106], [18.520951, 50.354016], [18.521879, 50.353207], [18.522854, 50.352425], [18.523724, 50.351791], [18.524444, 50.351312], [18.525141, 50.350877], [18.525861, 50.350456], [18.526663, 50.350017], [18.527694, 50.349501], [18.528463, 50.349142], [18.529639, 50.348642], [18.531282, 50.348025], [18.532444, 50.347642], [18.538258, 50.341518], [18.537666, 50.338819], [18.538095, 50.338505], [18.543725, 50.332271], [18.544576, 50.3289], [18.545399, 50.325622], [18.546248, 50.322242], [18.546944, 50.31946], [18.54764, 50.316675], [18.548303, 50.313599], [18.54916, 50.310633], [18.544285, 50.304075], [18.536807, 50.301585], [18.533533, 50.301809], [18.533287, 50.298217], [18.53401, 50.294953], [18.529062, 50.288728], [18.527144, 50.288584], [18.524306, 50.288377], [18.521441, 50.288168], [18.520128, 50.28805], [18.519494, 50.287959], [18.518751, 50.287815], [18.517928, 50.287604], [18.517094, 50.287328], [18.516258, 50.286984], [18.515479, 50.286586], [18.51476, 50.286155], [18.512566, 50.28477], [18.512049, 50.284424], [18.511683, 50.284162], [18.513777, 50.281234], [18.514144, 50.281496], [18.514564, 50.281775], [18.516681, 50.28311], [18.518444, 50.283991], [18.519039, 50.284179], [18.51963, 50.284324], [18.520167, 50.284423], [18.520625, 50.284485], [18.521757, 50.284582], [18.524568, 50.284787], [18.527406, 50.284994], [18.529331, 50.285138], [18.529852, 50.285195], [18.530538, 50.285303], [18.531445, 50.285509], [18.538342, 50.280179], [18.532998, 50.273743], [18.530448, 50.274149], [18.530119, 50.274177], [18.530067, 50.274182], [18.529493, 50.273884], [18.529332, 50.273756], [18.52839, 50.27286], [18.528243, 50.2727], [18.528269, 50.272479], [18.528711, 50.271073], [18.528712, 50.271072], [18.529714, 50.2706], [18.536319, 50.265089], [18.538765, 50.263233], [18.539642, 50.262517], [18.541919, 50.265306], [18.548514, 50.266646], [18.548724, 50.266638], [18.552385, 50.267181], [18.556195, 50.269144], [18.560951, 50.262257], [18.563026, 50.259315], [18.561879, 50.252201], [18.562245, 50.249711], [18.566251, 50.247501], [18.575217, 50.247725], [18.577146, 50.247295], [18.577526, 50.247234], [18.583141, 50.247081], [18.583548, 50.246975], [18.585075, 50.246689], [18.585765, 50.246626], [18.586277, 50.246627], [18.586503, 50.246638], [18.587248, 50.24676], [18.589475, 50.247111], [18.590378, 50.247021], [18.592928, 50.246792], [18.594243, 50.246787], [18.595752, 50.246497], [18.599517, 50.242429], [18.595113, 50.237168], [18.593329, 50.236284], [18.593167, 50.236024], [18.590385, 50.231927], [18.589337, 50.231002], [18.588745, 50.230385], [18.591341, 50.227891], [18.597726, 50.224506], [18.597496, 50.220913], [18.589771, 50.216972], [18.587185, 50.21761], [18.581786, 50.221697], [18.580845, 50.223828], [18.579068, 50.224057], [18.577701, 50.223245], [18.575862, 50.222395], [18.567771, 50.220935], [18.564464, 50.221857], [18.563949, 50.221761], [18.560484, 50.218429], [18.55635, 50.215475], [18.555238, 50.212797], [18.555325, 50.212654], [18.555884, 50.211905], [18.559502, 50.210618], [18.564275, 50.204017], [18.562222, 50.201061], [18.563715, 50.200023], [18.565208, 50.198986], [18.56486, 50.190533], [18.560205, 50.189948], [18.554089, 50.183363], [18.552157, 50.182318], [18.547453, 50.179772], [18.546648, 50.179331], [18.546682, 50.177442], [18.546695, 50.177412], [18.548377, 50.176173], [18.549182, 50.176614], [18.55387, 50.179151], [18.555803, 50.180197], [18.563576, 50.180812], [18.56543, 50.183898], [18.569321, 50.18913], [18.575392, 50.189306], [18.57717, 50.188317], [18.577396, 50.188273], [18.584434, 50.191533], [18.586329, 50.186584], [18.588206, 50.183512], [18.59161, 50.180438], [18.593271, 50.178192], [18.594058, 50.174679], [18.589962, 50.169487], [18.581369, 50.167712], [18.580719, 50.169987], [18.579237, 50.170613], [18.57623, 50.171107], [18.574828, 50.167792], [18.580204, 50.161873], [18.581142, 50.161394], [18.583608, 50.153005], [18.58347, 50.152653], [18.583504, 50.152415], [18.585739, 50.147759], [18.584929, 50.139265], [18.583953, 50.136349], [18.581224, 50.13071], [18.57842, 50.123996], [18.577495, 50.120592], [18.578002, 50.120433], [18.578544, 50.120398], [18.582627, 50.118257], [18.581738, 50.11102], [18.577188, 50.107129], [18.568971, 50.108671], [18.566152, 50.114622], [18.564402, 50.117768], [18.557924, 50.122876], [18.551889, 50.126588], [18.55086, 50.12749], [18.550856, 50.12749], [18.550338, 50.127498], [18.550166, 50.127492], [18.549084, 50.126454], [18.5486, 50.12586], [18.543477, 50.122131], [18.534596, 50.122717], [18.532152, 50.125825], [18.528969, 50.127827], [18.526512, 50.130104], [18.52224, 50.133639], [18.520676, 50.133199], [18.520674, 50.133198], [18.519379, 50.130877], [18.519314, 50.130214], [18.516009, 50.123229], [18.507805, 50.12418], [18.507314, 50.124368], [18.507158, 50.124428], [18.506914, 50.124522], [18.506468, 50.124693], [18.501822, 50.128435], [18.499386, 50.12938], [18.494744, 50.13154], [18.488455, 50.136521], [18.484236, 50.140355], [18.483795, 50.140755], [18.47937, 50.141764], [18.477285, 50.141232], [18.47179, 50.138059], [18.466176, 50.138289], [18.464505, 50.135101], [18.465105, 50.134786], [18.466383, 50.134262], [18.466977, 50.134078], [18.467641, 50.133969], [18.471726, 50.131884], [18.474541, 50.12964], [18.479282, 50.126655], [18.480654, 50.121346], [18.474116, 50.116856], [18.473501, 50.116783], [18.47291, 50.116766], [18.466233, 50.118034], [18.463616, 50.11989], [18.46036, 50.119339], [18.459017, 50.119463], [18.458303, 50.119499], [18.456076, 50.119963], [18.454785, 50.120271], [18.454412, 50.120328], [18.452894, 50.120556], [18.450544, 50.121002], [18.447582, 50.121614], [18.446375, 50.121004], [18.444073, 50.119303], [18.436333, 50.11577], [18.43225, 50.118607], [18.423802, 50.121174], [18.423351, 50.121758], [18.421984, 50.123241], [18.420327, 50.123339], [18.412663, 50.126696], [18.409725, 50.131694], [18.408951, 50.134264], [18.407793, 50.135257], [18.406756, 50.136196], [18.406438, 50.136391], [18.406091, 50.136562], [18.400804, 50.139199], [18.39685, 50.141194], [18.389403, 50.1373], [18.385938, 50.13795], [18.383181, 50.138805], [18.38315, 50.138802], [18.380823, 50.1381], [18.380765, 50.1345], [18.37805, 50.127274], [18.376733, 50.126045], [18.37523, 50.125036], [18.371198, 50.120557], [18.36507, 50.125016], [18.361472, 50.124875], [18.361266, 50.124513], [18.361116, 50.123778], [18.356188, 50.117233], [18.353672, 50.11757], [18.351951, 50.114052], [18.345575, 50.111896], [18.343484, 50.112512], [18.337451, 50.118805], [18.33365, 50.120039], [18.33074, 50.119288], [18.33004, 50.119121], [18.327461, 50.112956], [18.319341, 50.11665], [18.319003, 50.116541], [18.318487, 50.116298], [18.318185, 50.116167], [18.317529, 50.11592], [18.316433, 50.115458], [18.316113, 50.115343], [18.309539, 50.116617], [18.308555, 50.120786], [18.307447, 50.124211], [18.300592, 50.127646], [18.302493, 50.134302], [18.302785, 50.13458], [18.302099, 50.138737], [18.301074, 50.143998], [18.300047, 50.147279], [18.298364, 50.149148], [18.297953, 50.149092], [18.295766, 50.148447], [18.294628, 50.146203], [18.286975, 50.142658], [18.286077, 50.142597], [18.286323, 50.139005], [18.285676, 50.130635], [18.284571, 50.128492], [18.283267, 50.126745], [18.281344, 50.124162], [18.278043, 50.119762], [18.272354, 50.118744], [18.267359, 50.12081], [18.262922, 50.118778], [18.256753, 50.12018], [18.255603, 50.11991], [18.255188, 50.119781], [18.249656, 50.126684], [18.248509, 50.130097], [18.253138, 50.135775], [18.253333, 50.136314], [18.253956, 50.137884], [18.255104, 50.140721], [18.257202, 50.144869], [18.258133, 50.146114], [18.259617, 50.147756], [18.261599, 50.15128], [18.262815, 50.154669], [18.263742, 50.156722], [18.261999, 50.159448], [18.261505, 50.159353], [18.259261, 50.158746], [18.256574, 50.15786], [18.249987, 50.157164], [18.249765, 50.156999], [18.243287, 50.152697], [18.237421, 50.156772], [18.234122, 50.160961], [18.233802, 50.16164], [18.233726, 50.161741], [18.230657, 50.163798], [18.227874, 50.162987], [18.227566, 50.161954], [18.226255, 50.157556], [18.224657, 50.15433], [18.218312, 50.149788], [18.214929, 50.149971], [18.209566, 50.155206], [18.205971, 50.155023], [18.197262, 50.156054], [18.193678, 50.156385], [18.187806, 50.15876], [18.184908, 50.160896], [18.183899, 50.160029], [18.180417, 50.156916], [18.175511, 50.151752], [18.172273, 50.152636], [18.169614, 50.154365], [18.166898, 50.156175], [18.166241, 50.15654], [18.165646, 50.156806], [18.16504, 50.157045], [18.162734, 50.157878], [18.156582, 50.159144], [18.155425, 50.160784], [18.159605, 50.167864], [18.160343, 50.167978], [18.160966, 50.168174], [18.161628, 50.168484], [18.161855, 50.168616], [18.162223, 50.168867], [18.162879, 50.169544], [18.162974, 50.169701], [18.159956, 50.171675], [18.158367, 50.17145], [18.150714, 50.175501], [18.147306, 50.176662], [18.139472, 50.172458], [18.138983, 50.168891], [18.142278, 50.16844], [18.144166, 50.167697], [18.143547, 50.158801], [18.140782, 50.158973], [18.139841, 50.158981], [18.139184, 50.158906], [18.138853, 50.15882], [18.138102, 50.158572], [18.133608, 50.157968], [18.1328, 50.158158], [18.131606, 50.157941], [18.130646, 50.157573], [18.1295, 50.155006], [18.129098, 50.154151], [18.12886, 50.153308], [18.132324, 50.15233], [18.138926, 50.147968], [18.139454, 50.146817], [18.140966, 50.144904], [18.143509, 50.141349], [18.143973, 50.139879], [18.144593, 50.137955], [18.140816, 50.131089], [18.137991, 50.131666], [18.137219, 50.132075], [18.136346, 50.132493], [18.133307, 50.135542], [18.132812, 50.136066], [18.132123, 50.136847], [18.12661, 50.139809], [18.126504, 50.13985], [18.125224, 50.139973], [18.120223, 50.141744], [18.118861, 50.14103], [18.114871, 50.138717], [18.114111, 50.138323], [18.113419, 50.137714], [18.112114, 50.136682], [18.104444, 50.134882], [18.102374, 50.135406], [18.101987, 50.13551], [18.095905, 50.137942], [18.090235, 50.143688], [18.088757, 50.146054], [18.081515, 50.149143], [18.074385, 50.15369], [18.07137, 50.151722], [18.073157, 50.146239], [18.073674, 50.14349], [18.076262, 50.134982], [18.075657, 50.134471], [18.075621, 50.13444], [18.077978, 50.131719], [18.079249, 50.132636], [18.080225, 50.13336], [18.083118, 50.134665], [18.08319, 50.134703], [18.091305, 50.136446], [18.094101, 50.134827], [18.096923, 50.133235], [18.097649, 50.132889], [18.098454, 50.13262], [18.099149, 50.132432], [18.101244, 50.131987], [18.103945, 50.129895], [18.106518, 50.127897], [18.106274, 50.119221], [18.100057, 50.120126], [18.098789, 50.121854], [18.0983, 50.121971], [18.095656, 50.122243], [18.090736, 50.115395], [18.081772, 50.114721], [18.078256, 50.115493], [18.076709, 50.115527], [18.07314, 50.115997], [18.064943, 50.119446], [18.062514, 50.122103], [18.053907, 50.12169], [18.052592, 50.118339], [18.055565, 50.117173], [18.059158, 50.110484], [18.059207, 50.109149], [18.060261, 50.106899], [18.061067, 50.104524], [18.057337, 50.098036], [18.053951, 50.098936], [18.053026, 50.095457], [18.05124, 50.08729], [18.048555, 50.087118], [18.045871, 50.086947], [18.041629, 50.08878], [18.039639, 50.091481], [18.037229, 50.092076], [18.034819, 50.092671], [18.033956, 50.089176], [18.037083, 50.086004], [18.039546, 50.083378], [18.040911, 50.083038], [18.043404, 50.083182], [18.0461, 50.083354], [18.048785, 50.083526], [18.051469, 50.083697], [18.054154, 50.083869], [18.054847, 50.083901], [18.055417, 50.083892], [18.056228, 50.083838], [18.056812, 50.08377], [18.059033, 50.083366], [18.06137, 50.082946], [18.063706, 50.082526], [18.068372, 50.076989], [18.066985, 50.073894], [18.063884, 50.071952], [18.055834, 50.070641], [18.054374, 50.070205], [18.049903, 50.070657], [18.048948, 50.070991], [18.04744, 50.067722], [18.044345, 50.062197], [18.043507, 50.061376], [18.040898, 50.059583], [18.038313, 50.057807], [18.035728, 50.056031], [18.033143, 50.054254], [18.025753, 50.056731], [18.024888, 50.058], [18.023588, 50.059939], [18.021929, 50.062426], [18.020193, 50.064984], [18.018457, 50.067542], [18.018441, 50.071615], [18.024369, 50.075002], [18.02692, 50.074501], [18.029049, 50.074011], [18.031297, 50.073656], [18.031857, 50.077213], [18.026101, 50.083328], [18.024202, 50.084923], [18.023433, 50.08491], [18.022647, 50.084937], [18.021566, 50.085005], [18.020092, 50.085121], [18.018638, 50.093705], [18.0194, 50.094159], [18.022357, 50.095555], [18.024427, 50.096488], [18.025301, 50.096991], [18.026662, 50.097878], [18.028744, 50.099702], [18.029318, 50.100144], [18.030958, 50.10157], [18.031407, 50.101917], [18.033527, 50.102922], [18.035746, 50.103855], [18.0364, 50.104185], [18.037308, 50.104713], [18.040051, 50.10567], [18.042166, 50.106203], [18.043075, 50.106454], [18.044853, 50.107079], [18.04663, 50.107705], [18.045436, 50.111101], [18.043658, 50.110475], [18.041227, 50.109679], [18.039171, 50.109161], [18.037086, 50.108636], [18.030167, 50.108012], [18.027717, 50.105374], [18.022637, 50.099612], [18.02089, 50.098843], [18.017864, 50.097415], [18.01682, 50.096812], [18.015099, 50.095715], [18.013404, 50.094433], [18.012172, 50.093621], [18.010442, 50.092478], [18.008709, 50.091334], [18.003219, 50.08873], [17.994708, 50.090491], [17.992803, 50.09205], [17.99115, 50.093452], [17.988409, 50.096127], [17.987698, 50.096797], [17.98687, 50.097462], [17.986095, 50.098], [17.985168, 50.098574], [17.984612, 50.098828], [17.981334, 50.100024], [17.97508, 50.104607], [17.973418, 50.107279], [17.970361, 50.105377], [17.964281, 50.105994], [17.961099, 50.104312], [17.961322, 50.10389], [17.961862, 50.10318], [17.9624, 50.102695], [17.963006, 50.102277], [17.963508, 50.102013], [17.966141, 50.100929], [17.966946, 50.100619], [17.968131, 50.100239], [17.970243, 50.099559], [17.972361, 50.098877], [17.973156, 50.098652], [17.975459, 50.098048], [17.97784, 50.097323], [17.980288, 50.09658], [17.983375, 50.095447], [17.984159, 50.094964], [17.984814, 50.094507], [17.98543, 50.094001], [17.985926, 50.093521], [17.987133, 50.092124], [17.988865, 50.09067], [17.986077, 50.082532], [17.983551, 50.083129], [17.981427, 50.083644], [17.98056, 50.083867], [17.980033, 50.084044], [17.97785, 50.084935], [17.976048, 50.085659], [17.974265, 50.086375], [17.971885, 50.087145], [17.971634, 50.087296], [17.971294, 50.087439], [17.967323, 50.090404], [17.965471, 50.090666], [17.964581, 50.090913], [17.961189, 50.090959], [17.960557, 50.091106], [17.958831, 50.091431], [17.957049, 50.091747], [17.955187, 50.092076], [17.953508, 50.092295], [17.949227, 50.093066], [17.946082, 50.094966], [17.945611, 50.094957], [17.944239, 50.094995], [17.935894, 50.092473], [17.93435, 50.092387], [17.934551, 50.088792], [17.936095, 50.088879], [17.936704, 50.088872], [17.939353, 50.0885], [17.941681, 50.087757], [17.941725, 50.087763], [17.947237, 50.087678], [17.950739, 50.086844], [17.958751, 50.083602], [17.960678, 50.079863], [17.963709, 50.077921], [17.97075, 50.080362], [17.978672, 50.080711], [17.979395, 50.08046], [17.980512, 50.080162], [17.983446, 50.07191], [17.983006, 50.071157], [17.982336, 50.069612], [17.9821, 50.069056], [17.982151, 50.066302], [17.983945, 50.065889], [17.987869, 50.06436], [17.993337, 50.059749], [17.996193, 50.054271], [17.99605, 50.051897], [17.995975, 50.050461], [17.995208, 50.046093], [17.994412, 50.043492], [17.993634, 50.041201], [17.99332, 50.040114], [17.993196, 50.039754], [17.993109, 50.038768], [17.994166, 50.035704], [17.994691, 50.034871], [17.996852, 50.032827], [17.998772, 50.031057], [17.993356, 50.023978], [17.99124, 50.024775], [17.990883, 50.02486], [17.989612, 50.025099], [17.988877, 50.02518], [17.985135, 50.024879], [17.98476, 50.024769], [17.984401, 50.024635], [17.978986, 50.023388], [17.977415, 50.023216], [17.971089, 50.023774], [17.967537, 50.023522], [17.967564, 50.022846], [17.968309, 50.021486], [17.970651, 50.016465], [17.971341, 50.015904], [17.971883, 50.015565], [17.974662, 50.016809], [17.975029, 50.016991], [17.979352, 50.019807], [17.983318, 50.020259], [17.984283, 50.020653], [17.992064, 50.020618], [17.993959, 50.019889], [17.994978, 50.019622], [17.995525, 50.019535], [17.996078, 50.019487], [17.99686, 50.019481], [18.001029, 50.018731], [18.001521, 50.018527], [18.002955, 50.017877], [18.004233, 50.01748], [18.004649, 50.017372], [18.005104, 50.017271], [18.005583, 50.017199], [18.006156, 50.017181], [18.006639, 50.017204], [18.009116, 50.017386], [18.011561, 50.017566], [18.017315, 50.011614], [18.015546, 50.009415], [18.009387, 50.008254], [18.00924, 50.008102], [18.006659, 50.005593], [17.99981, 50.002012], [17.998471, 50.001648], [17.997973, 50.001456], [17.997392, 50.00108], [17.993026, 49.994356], [17.990918, 49.991335], [17.987849, 49.984742], [17.980084, 49.984458], [17.977405, 49.985456], [17.975086, 49.986271], [17.972434, 49.988014], [17.974272, 49.996807], [17.977442, 49.998371], [17.979702, 49.999529], [17.981576, 50.000436], [17.982331, 50.000821], [17.980875, 50.004113], [17.97995, 50.003648], [17.978135, 50.00277], [17.975801, 50.001575], [17.97268, 50.000036], [17.971567, 49.999471], [17.966608, 49.997983], [17.965609, 49.997775], [17.964878, 49.997436], [17.963448, 49.996477], [17.95511, 49.994665], [17.948959, 49.991721], [17.946174, 49.992145], [17.940255, 49.998484], [17.938852, 50.002494], [17.942048, 50.010699], [17.943992, 50.01059], [17.945951, 50.01048], [17.946124, 50.014076], [17.944194, 50.014184], [17.942249, 50.014293], [17.940834, 50.023073], [17.94248, 50.024267], [17.944324, 50.025628], [17.945134, 50.026502], [17.951488, 50.031199], [17.954218, 50.031963], [17.954551, 50.032127], [17.955122, 50.03253], [17.955324, 50.032738], [17.956129, 50.033681], [17.956792, 50.034358], [17.957977, 50.035421], [17.960987, 50.038163], [17.962445, 50.03951], [17.964072, 50.041049], [17.969444, 50.045326], [17.976815, 50.047243], [17.977374, 50.047257], [17.97779, 50.04732], [17.98033, 50.04765], [17.981135, 50.047805], [17.981556, 50.047947], [17.982187, 50.048271], [17.982591, 50.048621], [17.982923, 50.049059], [17.983142, 50.049527], [17.983231, 50.04984], [17.983291, 50.05041], [17.980145, 50.051259], [17.979728, 50.051199], [17.978391, 50.051112], [17.972662, 50.052155], [17.971482, 50.052661], [17.96833, 50.055277], [17.967134, 50.056114], [17.964468, 50.057189], [17.963581, 50.05704], [17.96278, 50.056882], [17.957101, 50.057424], [17.951705, 50.056858], [17.943078, 50.058632], [17.940407, 50.061047], [17.940336, 50.061056], [17.939872, 50.060841], [17.9367, 50.060064], [17.934446, 50.059959], [17.933377, 50.06008], [17.932743, 50.060159], [17.930605, 50.060276], [17.925962, 50.067952], [17.926278, 50.069256], [17.926829, 50.072605], [17.927375, 50.07593], [17.928666, 50.079314], [17.92666, 50.081469], [17.925873, 50.082784], [17.923211, 50.082305], [17.923126, 50.082048], [17.923102, 50.080917], [17.922538, 50.075167], [17.917564, 50.069367], [17.91693, 50.065824], [17.915542, 50.057912], [17.912076, 50.05739], [17.906591, 50.058182], [17.904008, 50.055675], [17.897556, 50.053792], [17.894513, 50.051091], [17.887319, 50.051777], [17.884613, 50.049403], [17.883689, 50.048895], [17.886578, 50.04528], [17.883211, 50.037424], [17.880108, 50.036417], [17.877624, 50.035604], [17.877075, 50.035401], [17.876587, 50.035174], [17.875218, 50.034219], [17.873763, 50.033111], [17.870927, 50.030856], [17.868808, 50.028131], [17.861452, 50.030009], [17.861308, 50.030183], [17.860145, 50.03184], [17.859012, 50.033453], [17.86262, 50.04082], [17.864779, 50.040885], [17.867924, 50.041549], [17.869225, 50.043528], [17.870497, 50.044511], [17.872539, 50.047476], [17.871715, 50.053615], [17.868299, 50.056105], [17.862262, 50.055373], [17.862198, 50.055376], [17.856098, 50.061727], [17.856806, 50.064431], [17.85679, 50.06526], [17.855604, 50.065979], [17.855245, 50.066207], [17.850789, 50.07142], [17.851893, 50.077534], [17.85189, 50.077659], [17.850721, 50.079291], [17.850073, 50.079283], [17.846891, 50.07924], [17.846579, 50.07643], [17.846411, 50.075873], [17.846093, 50.075022], [17.837958, 50.072445], [17.835111, 50.073292], [17.834386, 50.073292], [17.831234, 50.073209], [17.830039, 50.069813], [17.831238, 50.069391], [17.832153, 50.068998], [17.832855, 50.068842], [17.833261, 50.068841], [17.83392, 50.069007], [17.836868, 50.069014], [17.8402, 50.0615], [17.83996, 50.060709], [17.83986, 50.060152], [17.839829, 50.059348], [17.839879, 50.058756], [17.838823, 50.051746], [17.832506, 50.048197], [17.828659, 50.047931], [17.826496, 50.047794], [17.824552, 50.047659], [17.824131, 50.047663], [17.819737, 50.0486], [17.815309, 50.049544], [17.811058, 50.051501], [17.805408, 50.052944], [17.805169, 50.05294], [17.801231, 50.052468], [17.795708, 50.0522], [17.794301, 50.050478], [17.794298, 50.050352], [17.795107, 50.04865], [17.795797, 50.048533], [17.801114, 50.041837], [17.798988, 50.034785], [17.798248, 50.033941], [17.797924, 50.033551], [17.797702, 50.033238], [17.797465, 50.032779], [17.797304, 50.032263], [17.796977, 50.030196], [17.788532, 50.027773], [17.787706, 50.028232], [17.787308, 50.028404], [17.780635, 50.023562], [17.779316, 50.02383], [17.774181, 50.02778], [17.773412, 50.029249], [17.77254, 50.030932], [17.767821, 50.033663], [17.767502, 50.033978], [17.76702, 50.034381], [17.765724, 50.035254], [17.764961, 50.035595], [17.762286, 50.036448], [17.759696, 50.038424], [17.757844, 50.041981], [17.762677, 50.047849], [17.76455, 50.048109], [17.766487, 50.048503], [17.767834, 50.048791], [17.76842, 50.048947], [17.771976, 50.049617], [17.773044, 50.049605], [17.773465, 50.049666], [17.773823, 50.04975], [17.772993, 50.053253], [17.769933, 50.053475], [17.769509, 50.053521], [17.769231, 50.053521], [17.768487, 50.053494], [17.76003, 50.051553], [17.759197, 50.051576], [17.758505, 50.051519], [17.758007, 50.051422], [17.749452, 50.053869], [17.747419, 50.055682], [17.743404, 50.060802], [17.742344, 50.063485], [17.741668, 50.066568], [17.741619, 50.066642], [17.739876, 50.068396], [17.737055, 50.06616], [17.735301, 50.059078], [17.736854, 50.058405], [17.741943, 50.056013], [17.738008, 50.048624], [17.736997, 50.048609], [17.734609, 50.048539], [17.733724, 50.048374], [17.732839, 50.048115], [17.731959, 50.04788], [17.731568, 50.045886], [17.731597, 50.045801], [17.732886, 50.044401], [17.733766, 50.044636], [17.735216, 50.04499], [17.737072, 50.045009], [17.741449, 50.043499], [17.742036, 50.043492], [17.743186, 50.043521], [17.74385, 50.043549], [17.744819, 50.043573], [17.745418, 50.043575], [17.751678, 50.041724], [17.75649, 50.036717], [17.756924, 50.036125], [17.759982, 50.033631], [17.760599, 50.033269], [17.763835, 50.032176], [17.766257, 50.02893], [17.762382, 50.022016], [17.758783, 50.022117], [17.752473, 50.022485], [17.74888, 50.022705], [17.741904, 50.028059], [17.739586, 50.030122], [17.73933, 50.030436], [17.738093, 50.030642], [17.73734, 50.030676], [17.736871, 50.027354], [17.729091, 50.023018], [17.727042, 50.024033], [17.724993, 50.025048], [17.717012, 50.021233], [17.716231, 50.017718], [17.717772, 50.012557], [17.718606, 50.010126], [17.718778, 50.010006], [17.719685, 50.009508], [17.720592, 50.010077], [17.72241, 50.01101], [17.725393, 50.011695], [17.728418, 50.012391], [17.736875, 50.011238], [17.737284, 50.011118], [17.738413, 50.010895], [17.739827, 50.010591], [17.742796, 50.011618], [17.748882, 50.013472], [17.749805, 50.013383], [17.750535, 50.013294], [17.751383, 50.013215], [17.751691, 50.013192], [17.752378, 50.013184], [17.753433, 50.013247], [17.754495, 50.01335], [17.755092, 50.013437], [17.755673, 50.013581], [17.756039, 50.013708], [17.759734, 50.015916], [17.765205, 50.016521], [17.768976, 50.014758], [17.770369, 50.015107], [17.771537, 50.015467], [17.771992, 50.015597], [17.777573, 50.014526], [17.7798, 50.009794], [17.785688, 50.009338], [17.789043, 50.007123], [17.78807, 49.998422], [17.786523, 49.998027], [17.785726, 49.997797], [17.782666, 49.99547], [17.781986, 49.994891], [17.781842, 49.994753], [17.780187, 49.993205], [17.782241, 49.99016], [17.779735, 49.981834], [17.776262, 49.980291], [17.77365, 49.97966], [17.771637, 49.979323], [17.763861, 49.978269], [17.761554, 49.979268], [17.760269, 49.979924], [17.759319, 49.980325], [17.758371, 49.980637], [17.757275, 49.980882], [17.75636, 49.980988], [17.755416, 49.981047], [17.754387, 49.981018], [17.752142, 49.980674], [17.749023, 49.98004], [17.742607, 49.986347], [17.744522, 49.989778], [17.745533, 49.991755], [17.750605, 49.9954], [17.749658, 49.998873], [17.748029, 49.998519], [17.747256, 49.998394], [17.746641, 49.998213], [17.744738, 49.997206], [17.743995, 49.996597], [17.74228, 49.993298], [17.741317, 49.991418], [17.733083, 49.991569], [17.731513, 49.995482], [17.731175, 49.99581], [17.730979, 49.996009], [17.730607, 49.996258], [17.730168, 49.996479], [17.729701, 49.996665], [17.728618, 49.997024], [17.727289, 49.997248], [17.724179, 49.99785], [17.723207, 49.998214], [17.721557, 49.998522], [17.718928, 49.99875], [17.716888, 49.998728], [17.712938, 49.999556], [17.71136, 50.000153], [17.710489, 50.000263], [17.709178, 50.000165], [17.709448, 49.996575], [17.711487, 49.991692], [17.70713, 49.984191], [17.70212, 49.986269], [17.701294, 49.987266], [17.69796, 49.985908], [17.69441, 49.9845], [17.688786, 49.983542], [17.681763, 49.987015], [17.67963, 49.989916], [17.671394, 49.990559], [17.66922, 49.992583], [17.666118, 49.994037], [17.66599, 49.993824], [17.665788, 49.993388], [17.66566, 49.992949], [17.665643, 49.992175], [17.665845, 49.991312], [17.66615, 49.990454], [17.666355, 49.990025], [17.666623, 49.989599], [17.666983, 49.989178], [17.665892, 49.980724], [17.662948, 49.98], [17.659498, 49.979151], [17.656056, 49.978305], [17.654167, 49.977849], [17.650019, 49.977182], [17.647766, 49.976982], [17.6474, 49.97691], [17.646918, 49.976757], [17.646433, 49.976524], [17.644888, 49.975611], [17.646721, 49.972512], [17.652409, 49.973774], [17.653005, 49.97387], [17.655011, 49.97435], [17.6569, 49.974805], [17.660357, 49.975655], [17.663807, 49.976504], [17.666758, 49.97723], [17.668904, 49.977762], [17.672738, 49.978685], [17.677663, 49.975057], [17.67863, 49.974434], [17.67893, 49.974268], [17.68468, 49.968709], [17.686227, 49.965458], [17.685897, 49.958464], [17.683186, 49.956214], [17.682951, 49.956077], [17.684754, 49.952962], [17.68499, 49.953098], [17.687197, 49.954597], [17.689573, 49.955493], [17.689867, 49.955589], [17.690353, 49.955825], [17.690913, 49.956283], [17.696326, 49.961], [17.702379, 49.961069], [17.702995, 49.960981], [17.703584, 49.960977], [17.704827, 49.961151], [17.705564, 49.961334], [17.708762, 49.962303], [17.7099, 49.962663], [17.713722, 49.963928], [17.717522, 49.965186], [17.721674, 49.957445], [17.720446, 49.955127], [17.717539, 49.95335], [17.715351, 49.952265], [17.7136, 49.951685], [17.712698, 49.951254], [17.712435, 49.951078], [17.711368, 49.950346], [17.710189, 49.94972], [17.709553, 49.949184], [17.709221, 49.948759], [17.71206, 49.946545], [17.713028, 49.947151], [17.713917, 49.947687], [17.716459, 49.948839], [17.718805, 49.949863], [17.724597, 49.950547], [17.726901, 49.95023], [17.730007, 49.949832], [17.73044, 49.949847], [17.732735, 49.95093], [17.73481, 49.95166], [17.734788, 49.95173], [17.734769, 49.951787], [17.733798, 49.951828], [17.733252, 49.951911], [17.730116, 49.95343], [17.726985, 49.959858], [17.728619, 49.96313], [17.729089, 49.963616], [17.737485, 49.964555], [17.74025, 49.96225], [17.742488, 49.960562], [17.743895, 49.954232], [17.744361, 49.952395], [17.7458, 49.951177], [17.746418, 49.950889], [17.750454, 49.950441], [17.75118, 49.950111], [17.753507, 49.948619], [17.752962, 49.93976], [17.751541, 49.939232], [17.749975, 49.937493], [17.750257, 49.936346], [17.745725, 49.929244], [17.742464, 49.929087], [17.739186, 49.928929], [17.736134, 49.928236], [17.734587, 49.926692], [17.726294, 49.929084], [17.724193, 49.932008], [17.717739, 49.929229], [17.713901, 49.929759], [17.71068, 49.930193], [17.707457, 49.930628], [17.705869, 49.930817], [17.703909, 49.931414], [17.701821, 49.932045], [17.696503, 49.936279], [17.69376, 49.938611], [17.684882, 49.93899], [17.683215, 49.942098], [17.679621, 49.942312], [17.67955, 49.941121], [17.679559, 49.940772], [17.680195, 49.935019], [17.681908, 49.931852], [17.682453, 49.931893], [17.683711, 49.931798], [17.684267, 49.931746], [17.689401, 49.931], [17.68949, 49.930959], [17.692414, 49.93023], [17.689368, 49.921798], [17.68608, 49.921703], [17.684983, 49.921731], [17.684784, 49.921664], [17.681021, 49.918525], [17.675076, 49.917632], [17.674561, 49.917595], [17.674007, 49.917486], [17.668988, 49.917708], [17.666348, 49.918288], [17.665105, 49.918127], [17.664513, 49.917973], [17.661814, 49.915494], [17.66356, 49.912346], [17.672044, 49.910973], [17.672746, 49.911454], [17.679274, 49.905692], [17.677822, 49.903996], [17.677445, 49.902342], [17.676759, 49.900896], [17.671203, 49.897008], [17.663822, 49.898633], [17.662731, 49.899343], [17.661173, 49.899688], [17.658401, 49.900042], [17.656892, 49.900123], [17.655726, 49.900127], [17.654649, 49.900023], [17.652412, 49.893201], [17.649442, 49.892083], [17.646473, 49.890966], [17.638953, 49.895173], [17.639487, 49.896845], [17.636531, 49.8989], [17.635911, 49.898008], [17.635388, 49.895675], [17.635467, 49.892756], [17.631159, 49.885192], [17.628402, 49.88415], [17.625645, 49.883108], [17.622891, 49.882067], [17.620455, 49.881151], [17.621722, 49.877781], [17.624157, 49.878697], [17.626917, 49.87974], [17.629674, 49.880782], [17.632432, 49.881824], [17.63856, 49.881009], [17.640912, 49.878297], [17.641082, 49.878113], [17.645362, 49.876996], [17.645735, 49.876928], [17.646577, 49.877138], [17.647211, 49.877317], [17.646813, 49.880174], [17.647741, 49.887596], [17.650711, 49.888714], [17.65368, 49.889832], [17.65665, 49.89095], [17.656706, 49.890958], [17.65713, 49.891027], [17.659518, 49.891387], [17.661956, 49.89176], [17.664466, 49.883297], [17.664299, 49.882147], [17.664348, 49.881821], [17.667697, 49.881576], [17.673805, 49.876875], [17.67525, 49.877292], [17.675955, 49.877604], [17.676967, 49.878825], [17.677415, 49.880305], [17.677536, 49.880762], [17.67812, 49.885418], [17.678518, 49.886427], [17.682676, 49.891436], [17.689805, 49.890135], [17.693527, 49.888978], [17.695179, 49.881161], [17.69432, 49.879615], [17.692818, 49.875936], [17.693019, 49.875063], [17.693573, 49.870228], [17.693985, 49.867539], [17.695563, 49.864304], [17.704075, 49.862947], [17.70743, 49.857389], [17.709113, 49.854206], [17.710422, 49.854898], [17.711874, 49.855351], [17.718635, 49.855911], [17.72272, 49.848918], [17.721749, 49.846029], [17.721505, 49.845615], [17.721265, 49.845257], [17.721926, 49.84313], [17.721646, 49.83614], [17.717436, 49.834855], [17.714933, 49.8359], [17.714271, 49.836491], [17.713787, 49.836696], [17.713288, 49.836785], [17.712612, 49.83675], [17.707419, 49.836983], [17.703849, 49.836519], [17.703947, 49.835767], [17.704106, 49.835043], [17.704374, 49.833787], [17.704496, 49.83365], [17.704908, 49.833291], [17.706389, 49.832674], [17.709321, 49.829187], [17.706545, 49.822047], [17.700486, 49.81728], [17.692473, 49.820129], [17.691093, 49.820484], [17.690676, 49.820554], [17.690205, 49.820581], [17.684145, 49.821302], [17.683035, 49.820694], [17.681265, 49.819141], [17.68135, 49.819027], [17.683189, 49.817097], [17.685116, 49.815808], [17.690292, 49.815094], [17.697189, 49.810101], [17.697456, 49.809498], [17.698017, 49.802156], [17.695779, 49.799337], [17.696251, 49.798592], [17.690572, 49.791693], [17.687535, 49.792586], [17.684499, 49.79348], [17.681462, 49.794373], [17.678537, 49.79523], [17.674767, 49.797873], [17.673288, 49.798984], [17.669776, 49.801807], [17.668672, 49.806741], [17.669089, 49.808537], [17.668858, 49.809325], [17.667549, 49.81302], [17.667566, 49.815412], [17.667917, 49.816894], [17.667922, 49.817916], [17.667709, 49.819036], [17.667379, 49.821314], [17.6673, 49.821722], [17.66617, 49.82271], [17.664921, 49.823575], [17.662547, 49.820868], [17.660934, 49.813541], [17.659522, 49.810229], [17.655432, 49.80259], [17.653402, 49.799616], [17.64721, 49.797014], [17.645791, 49.79697], [17.639378, 49.79935], [17.63269, 49.797316], [17.63167, 49.79698], [17.631287, 49.796683], [17.631157, 49.796556], [17.631089, 49.79458], [17.631196, 49.794436], [17.632419, 49.793726], [17.632502, 49.79372], [17.640412, 49.794121], [17.642338, 49.793761], [17.643805, 49.793539], [17.644676, 49.793431], [17.645589, 49.793375], [17.647307, 49.793415], [17.651223, 49.793673], [17.655068, 49.793928], [17.659725, 49.787402], [17.662188, 49.784777], [17.666094, 49.786355], [17.669277, 49.786608], [17.676041, 49.792332], [17.677299, 49.79185], [17.680446, 49.79092], [17.683483, 49.790026], [17.686519, 49.789133], [17.689556, 49.788239], [17.692626, 49.780924], [17.6912, 49.777989], [17.690977, 49.777602], [17.688665, 49.774928], [17.686707, 49.773028], [17.686328, 49.772397], [17.686149, 49.771805], [17.678017, 49.768409], [17.677632, 49.768761], [17.6752, 49.766107], [17.674993, 49.765524], [17.674086, 49.758189], [17.674554, 49.7569], [17.67561, 49.75593], [17.677708, 49.754984], [17.686096, 49.755281], [17.687861, 49.75378], [17.691774, 49.747272], [17.691934, 49.746107], [17.692599, 49.745125], [17.693269, 49.744623], [17.695909, 49.745141], [17.696833, 49.745311], [17.697652, 49.745698], [17.702436, 49.748298], [17.704288, 49.748838], [17.705091, 49.749154], [17.706245, 49.749957], [17.714339, 49.752923], [17.714878, 49.752882], [17.715505, 49.752885], [17.718642, 49.753199], [17.718986, 49.753197], [17.720183, 49.753125], [17.724274, 49.745388], [17.721526, 49.737015], [17.720845, 49.736125], [17.715031, 49.730699], [17.713585, 49.730711], [17.712087, 49.730498], [17.706763, 49.7313], [17.705919, 49.731467], [17.704723, 49.731535], [17.704177, 49.73151], [17.703454, 49.731437], [17.696985, 49.726666], [17.695031, 49.726429], [17.694209, 49.725563], [17.693815, 49.725182], [17.693396, 49.724605], [17.693135, 49.723884], [17.693057, 49.723294], [17.692909, 49.72229], [17.688075, 49.715597], [17.68646, 49.714931], [17.68555, 49.714178], [17.685547, 49.7133], [17.685965, 49.71049], [17.680709, 49.703263], [17.680128, 49.703365], [17.679785, 49.703398], [17.676573, 49.702199], [17.676463, 49.698601], [17.678106, 49.698523], [17.683562, 49.694183], [17.683846, 49.69345], [17.684555, 49.691534], [17.684756, 49.690578], [17.683925, 49.686732], [17.675515, 49.684951], [17.673595, 49.686878], [17.66939, 49.690951], [17.667715, 49.694138], [17.666692, 49.6936], [17.66297, 49.692096], [17.657596, 49.692056], [17.654437, 49.692659], [17.653935, 49.692656], [17.653039, 49.692119], [17.64469, 49.689247], [17.64258, 49.689179], [17.641987, 49.689162], [17.640658, 49.689033], [17.639052, 49.688622], [17.634338, 49.687458], [17.633279, 49.687108], [17.632708, 49.686798], [17.634423, 49.683633], [17.636968, 49.683652], [17.64322, 49.678609], [17.642617, 49.676592], [17.636011, 49.673498], [17.634754, 49.673502], [17.633124, 49.672666], [17.632448, 49.672157], [17.631954, 49.671649], [17.631226, 49.670325], [17.63078, 49.669411], [17.630456, 49.668209], [17.628055, 49.664397], [17.626522, 49.662713], [17.626174, 49.662408], [17.624881, 49.661435], [17.616988, 49.661495], [17.614651, 49.669459], [17.613128, 49.672379], [17.610435, 49.674769], [17.607144, 49.673254], [17.599715, 49.669759], [17.599095, 49.669474], [17.598128, 49.669007], [17.59761, 49.668723], [17.596773, 49.667896], [17.596337, 49.667071], [17.599518, 49.665387], [17.603163, 49.665289], [17.606223, 49.664161], [17.60909, 49.657314], [17.607794, 49.653956], [17.606646, 49.648501], [17.600126, 49.648997], [17.596317, 49.649484], [17.592761, 49.650103], [17.590216, 49.651652], [17.589863, 49.651914], [17.588925, 49.652444], [17.58841, 49.652583], [17.585728, 49.650201], [17.586176, 49.64402], [17.586151, 49.643563], [17.586214, 49.642947], [17.586394, 49.642313], [17.587022, 49.640611], [17.584771, 49.633178], [17.578364, 49.628795], [17.574819, 49.628167], [17.570391, 49.633021], [17.571488, 49.638222], [17.572123, 49.639531], [17.572217, 49.640132], [17.56866, 49.640687], [17.559687, 49.641044], [17.556103, 49.641377], [17.547705, 49.643426], [17.547141, 49.643966], [17.544649, 49.641369], [17.537607, 49.638053], [17.532477, 49.633043], [17.531874, 49.632425], [17.531428, 49.631697], [17.531277, 49.631109], [17.531278, 49.63028], [17.531381, 49.629884], [17.53148, 49.629616], [17.533374, 49.628803], [17.538372, 49.622436], [17.541607, 49.618203], [17.538931, 49.611322], [17.538737, 49.610963], [17.53553, 49.606224], [17.532549, 49.602015], [17.527763, 49.59914], [17.527154, 49.598484], [17.526678, 49.597867], [17.518859, 49.593695], [17.51643, 49.591038], [17.516788, 49.585419], [17.516523, 49.584528], [17.512277, 49.580332], [17.511232, 49.57979], [17.50393, 49.584241], [17.503067, 49.584466], [17.501429, 49.584925], [17.498191, 49.585998], [17.493612, 49.586787], [17.485998, 49.589132], [17.483116, 49.592104], [17.482485, 49.592636], [17.477512, 49.595568], [17.475051, 49.60398], [17.476052, 49.606805], [17.47678, 49.608366], [17.480142, 49.612661], [17.48063, 49.613102], [17.48095, 49.61349], [17.48127, 49.613961], [17.482438, 49.615474], [17.482871, 49.616271], [17.482957, 49.616615], [17.482965, 49.61666], [17.4796, 49.61772], [17.476218, 49.614708], [17.475053, 49.613725], [17.474497, 49.613092], [17.474048, 49.612171], [17.47192, 49.607688], [17.471485, 49.605949], [17.470667, 49.603215], [17.470158, 49.600796], [17.470066, 49.599167], [17.469529, 49.596462], [17.469112, 49.595399], [17.461808, 49.592573], [17.459979, 49.595673], [17.458841, 49.595506], [17.455774, 49.595249], [17.453329, 49.594506], [17.452744, 49.59431], [17.452156, 49.594103], [17.444864, 49.599086], [17.444913, 49.602658], [17.444615, 49.603589], [17.443819, 49.604825], [17.443161, 49.605803], [17.440969, 49.606897], [17.439057, 49.603847], [17.434685, 49.602146], [17.430014, 49.608689], [17.429566, 49.608989], [17.428828, 49.609458], [17.428055, 49.609422], [17.427058, 49.609282], [17.41983, 49.612063], [17.418455, 49.614941], [17.41804, 49.615511], [17.417795, 49.615744], [17.411931, 49.619887], [17.405801, 49.62565], [17.405299, 49.628892], [17.405058, 49.630085], [17.404846, 49.630736], [17.404445, 49.630823], [17.403692, 49.630905], [17.395318, 49.633742], [17.395046, 49.634053], [17.393489, 49.633904], [17.390714, 49.632149], [17.390014, 49.63173], [17.389497, 49.631342], [17.389019, 49.63085], [17.388456, 49.629829], [17.388155, 49.628925], [17.387999, 49.628272], [17.387947, 49.627851], [17.387928, 49.626993], [17.388189, 49.624808], [17.388199, 49.624605], [17.388382, 49.623753], [17.388526, 49.62334], [17.388586, 49.623194], [17.388911, 49.622642], [17.389693, 49.614544], [17.38645, 49.608554], [17.386036, 49.608059], [17.377918, 49.605179], [17.374946, 49.607211], [17.370555, 49.614665], [17.370684, 49.615581], [17.363933, 49.619527], [17.36356, 49.619695], [17.362452, 49.620059], [17.362306, 49.620018], [17.361924, 49.619896], [17.361717, 49.619681], [17.361464, 49.619361], [17.35972, 49.616447], [17.357066, 49.611324], [17.35642, 49.610529], [17.348015, 49.610746], [17.347601, 49.610672], [17.347421, 49.610645], [17.342186, 49.608779], [17.337107, 49.613309], [17.33464, 49.617453], [17.334622, 49.617472], [17.329611, 49.62342], [17.326098, 49.622634], [17.325379, 49.617603], [17.325376, 49.617177], [17.325384, 49.617113], [17.324908, 49.608947], [17.324088, 49.606715], [17.318367, 49.601723], [17.315767, 49.602366], [17.313167, 49.603009], [17.309782, 49.604917], [17.301741, 49.6018], [17.298195, 49.602421], [17.289545, 49.602085], [17.287732, 49.601242], [17.286672, 49.600586], [17.279262, 49.59642], [17.279182, 49.596332], [17.279479, 49.593932], [17.279848, 49.589662], [17.274144, 49.582731], [17.274135, 49.582713], [17.274211, 49.582429], [17.275275, 49.580238], [17.274989, 49.572525], [17.267635, 49.56985], [17.26558, 49.571965], [17.264361, 49.57328], [17.261609, 49.573569], [17.259743, 49.573244], [17.259478, 49.573205], [17.259147, 49.573152], [17.259038, 49.573133], [17.256078, 49.572622], [17.255247, 49.570789], [17.255253, 49.570729], [17.255986, 49.568671], [17.255896, 49.563309], [17.248239, 49.559242], [17.248149, 49.559206], [17.247619, 49.558896], [17.245681, 49.557762], [17.245357, 49.556582], [17.239592, 49.550583], [17.238438, 49.550797], [17.237952, 49.5509], [17.237165, 49.551091], [17.236261, 49.55134], [17.235267, 49.551658], [17.234398, 49.551971], [17.233355, 49.552398], [17.232904, 49.552604], [17.232079, 49.55301], [17.231416, 49.553372], [17.230643, 49.553836], [17.229976, 49.55428], [17.229384, 49.554721], [17.228956, 49.555062], [17.228575, 49.555388], [17.22819, 49.55575], [17.227826, 49.556107], [17.227237, 49.556743], [17.226661, 49.557411], [17.226018, 49.558208], [17.225281, 49.559198], [17.224528, 49.560291], [17.222717, 49.563188], [17.227475, 49.570299], [17.228479, 49.570204], [17.229588, 49.57042], [17.229246, 49.574003], [17.227549, 49.573888], [17.224064, 49.573779], [17.223499, 49.573749], [17.222367, 49.573658], [17.221426, 49.573557], [17.220477, 49.573425], [17.218979, 49.573165], [17.211925, 49.575402], [17.210188, 49.578445], [17.20976, 49.580158], [17.209431, 49.581319], [17.209058, 49.582343], [17.208669, 49.583181], [17.208441, 49.5836], [17.208115, 49.584151], [17.207626, 49.584884], [17.207197, 49.585452], [17.206695, 49.586049], [17.206132, 49.586651], [17.205275, 49.587475], [17.203403, 49.589147], [17.202525, 49.590038], [17.202075, 49.590576], [17.201397, 49.599135], [17.200939, 49.599933], [17.198868, 49.602884], [17.198455, 49.603527], [17.198056, 49.604079], [17.197629, 49.604606], [17.194831, 49.60234], [17.196862, 49.593831]]], "type": "Polygon"}}], "metadata": {"attribution": "openrouteservice.org | OpenStreetMap contributors", "service": "isochrones", "timestamp": 1785652390401, "query": {"profile": "driving-car", "profileName": "driving-car", "locations": [[18.2625, 49.8209]], "range": [3600.0], "range_type": "time"}, "engine": {"version": "9.9.0", "build_date": "2026-06-12T10:08:58Z", "graph_date": "2026-07-26T12:04:00Z", "osm_date": "2026-07-20T00:00:00Z"}}}