<?xml version="1.0" encoding="UTF-8"?>
<gpx xmlns="http://www.topografix.com/GPX/1/1" xmlns:xsi="http://www.w3.org/2001/XMLSchema-instance" xsi:schemaLocation="http://www.topografix.com/GPX/1/1 http://www.topografix.com/GPX/1/1/gpx.xsd" version="1.1" creator="gpx.py -- https://github.com/tkrajina/gpxpy">
  <trk>
    <trkseg>
      <trkpt lat="49.748965" lon="13.425909">
      </trkpt>
      <trkpt lat="49.745374" lon="13.425658">
      </trkpt>
      <trkpt lat="49.7366" lon="13.426756">
      </trkpt>
      <trkpt lat="49.736129" lon="13.426171">
      </trkpt>
      <trkpt lat="49.733699" lon="13.426869">
      </trkpt>
      <trkpt lat="49.733608" lon="13.42704">
      </trkpt>
      <trkpt lat="49.733566" lon="13.427125">
      </trkpt>
      <trkpt lat="49.733524" lon="13.427216">
      </trkpt>
      <trkpt lat="49.730008" lon="13.430891">
      </trkpt>
      <trkpt lat="49.72946" lon="13.43325">
      </trkpt>
      <trkpt lat="49.728947" lon="13.435843">
      </trkpt>
      <trkpt lat="49.72875" lon="13.436407">
      </trkpt>
      <trkpt lat="49.724992" lon="13.442612">
      </trkpt>
      <trkpt lat="49.7245" lon="13.443498">
      </trkpt>
      <trkpt lat="49.724495" lon="13.44408">
      </trkpt>
      <trkpt lat="49.724947" lon="13.446819">
      </trkpt>
      <trkpt lat="49.726897" lon="13.451032">
      </trkpt>
      <trkpt lat="49.718204" lon="13.453008">
      </trkpt>
      <trkpt lat="49.717261" lon="13.451574">
      </trkpt>
      <trkpt lat="49.716684" lon="13.450601">
      </trkpt>
      <trkpt lat="49.71613" lon="13.449605">
      </trkpt>
      <trkpt lat="49.715931" lon="13.449213">
      </trkpt>
      <trkpt lat="49.715093" lon="13.447516">
      </trkpt>
      <trkpt lat="49.714084" lon="13.445334">
      </trkpt>
      <trkpt lat="49.713287" lon="13.443646">
      </trkpt>
      <trkpt lat="49.712691" lon="13.442457">
      </trkpt>
      <trkpt lat="49.71204" lon="13.441251">
      </trkpt>
      <trkpt lat="49.71041" lon="13.438641">
      </trkpt>
      <trkpt lat="49.710763" lon="13.430363">
      </trkpt>
      <trkpt lat="49.716129" lon="13.427012">
      </trkpt>
      <trkpt lat="49.716138" lon="13.426608">
      </trkpt>
      <trkpt lat="49.716015" lon="13.42416">
      </trkpt>
      <trkpt lat="49.720434" lon="13.418418">
      </trkpt>
      <trkpt lat="49.72087" lon="13.418183">
      </trkpt>
      <trkpt lat="49.721448" lon="13.417174">
      </trkpt>
      <trkpt lat="49.721438" lon="13.416987">
      </trkpt>
      <trkpt lat="49.721325" lon="13.416397">
      </trkpt>
      <trkpt lat="49.71916" lon="13.415015">
      </trkpt>
      <trkpt lat="49.715339" lon="13.409514">
      </trkpt>
      <trkpt lat="49.715269" lon="13.409333">
      </trkpt>
      <trkpt lat="49.712921" lon="13.408371">
      </trkpt>
      <trkpt lat="49.712402" lon="13.408879">
      </trkpt>
      <trkpt lat="49.710511" lon="13.410689">
      </trkpt>
      <trkpt lat="49.710386" lon="13.41082">
      </trkpt>
      <trkpt lat="49.705364" lon="13.415693">
      </trkpt>
      <trkpt lat="49.705267" lon="13.415786">
      </trkpt>
      <trkpt lat="49.705264" lon="13.415789">
      </trkpt>
      <trkpt lat="49.705167" lon="13.415883">
      </trkpt>
      <trkpt lat="49.699582" lon="13.421336">
      </trkpt>
      <trkpt lat="49.69687" lon="13.422601">
      </trkpt>
      <trkpt lat="49.696869" lon="13.422607">
      </trkpt>
      <trkpt lat="49.696412" lon="13.424325">
      </trkpt>
      <trkpt lat="49.687808" lon="13.426536">
      </trkpt>
      <trkpt lat="49.687529" lon="13.426232">
      </trkpt>
      <trkpt lat="49.686934" lon="13.425479">
      </trkpt>
      <trkpt lat="49.686602" lon="13.424998">
      </trkpt>
      <trkpt lat="49.68626" lon="13.42444">
      </trkpt>
      <trkpt lat="49.686007" lon="13.423986">
      </trkpt>
      <trkpt lat="49.685756" lon="13.423482">
      </trkpt>
      <trkpt lat="49.685467" lon="13.422866">
      </trkpt>
      <trkpt lat="49.685192" lon="13.422197">
      </trkpt>
      <trkpt lat="49.684855" lon="13.421275">
      </trkpt>
      <trkpt lat="49.684465" lon="13.420098">
      </trkpt>
      <trkpt lat="49.684086" lon="13.418826">
      </trkpt>
      <trkpt lat="49.683674" lon="13.417217">
      </trkpt>
      <trkpt lat="49.683061" lon="13.414109">
      </trkpt>
      <trkpt lat="49.682939" lon="13.413263">
      </trkpt>
      <trkpt lat="49.682732" lon="13.41163">
      </trkpt>
      <trkpt lat="49.682587" lon="13.409806">
      </trkpt>
      <trkpt lat="49.682548" lon="13.408937">
      </trkpt>
      <trkpt lat="49.682538" lon="13.407667">
      </trkpt>
      <trkpt lat="49.682546" lon="13.406357">
      </trkpt>
      <trkpt lat="49.682863" lon="13.401298">
      </trkpt>
      <trkpt lat="49.682995" lon="13.400323">
      </trkpt>
      <trkpt lat="49.683132" lon="13.399451">
      </trkpt>
      <trkpt lat="49.683483" lon="13.397594">
      </trkpt>
      <trkpt lat="49.683974" lon="13.395677">
      </trkpt>
      <trkpt lat="49.684184" lon="13.394888">
      </trkpt>
      <trkpt lat="49.685147" lon="13.391657">
      </trkpt>
      <trkpt lat="49.685982" lon="13.388915">
      </trkpt>
      <trkpt lat="49.682539" lon="13.387866">
      </trkpt>
      <trkpt lat="49.681703" lon="13.390608">
      </trkpt>
      <trkpt lat="49.680734" lon="13.39386">
      </trkpt>
      <trkpt lat="49.680496" lon="13.394747">
      </trkpt>
      <trkpt lat="49.679995" lon="13.3967">
      </trkpt>
      <trkpt lat="49.679596" lon="13.398777">
      </trkpt>
      <trkpt lat="49.679439" lon="13.39976">
      </trkpt>
      <trkpt lat="49.679296" lon="13.400815">
      </trkpt>
      <trkpt lat="49.678947" lon="13.406262">
      </trkpt>
      <trkpt lat="49.678938" lon="13.407644">
      </trkpt>
      <trkpt lat="49.678948" lon="13.408965">
      </trkpt>
      <trkpt lat="49.678991" lon="13.409964">
      </trkpt>
      <trkpt lat="49.679143" lon="13.411912">
      </trkpt>
      <trkpt lat="49.679366" lon="13.41371">
      </trkpt>
      <trkpt lat="49.679498" lon="13.414625">
      </trkpt>
      <trkpt lat="49.680159" lon="13.417995">
      </trkpt>
      <trkpt lat="49.680598" lon="13.419718">
      </trkpt>
      <trkpt lat="49.681014" lon="13.421122">
      </trkpt>
      <trkpt lat="49.681437" lon="13.422405">
      </trkpt>
      <trkpt lat="49.681811" lon="13.423431">
      </trkpt>
      <trkpt lat="49.682135" lon="13.424228">
      </trkpt>
      <trkpt lat="49.682493" lon="13.425002">
      </trkpt>
      <trkpt lat="49.682782" lon="13.425586">
      </trkpt>
      <trkpt lat="49.68311" lon="13.426183">
      </trkpt>
      <trkpt lat="49.683527" lon="13.42687">
      </trkpt>
      <trkpt lat="49.683965" lon="13.427514">
      </trkpt>
      <trkpt lat="49.683948" lon="13.436412">
      </trkpt>
      <trkpt lat="49.682023" lon="13.438271">
      </trkpt>
      <trkpt lat="49.680098" lon="13.44013">
      </trkpt>
      <trkpt lat="49.682599" lon="13.44272">
      </trkpt>
      <trkpt lat="49.686149" lon="13.441221">
      </trkpt>
      <trkpt lat="49.686849" lon="13.440694">
      </trkpt>
      <trkpt lat="49.690136" lon="13.439226">
      </trkpt>
      <trkpt lat="49.696512" lon="13.440489">
      </trkpt>
      <trkpt lat="49.700112" lon="13.440438">
      </trkpt>
      <trkpt lat="49.70733" lon="13.440504">
      </trkpt>
      <trkpt lat="49.708954" lon="13.443104">
      </trkpt>
      <trkpt lat="49.70952" lon="13.444162">
      </trkpt>
      <trkpt lat="49.710068" lon="13.445258">
      </trkpt>
      <trkpt lat="49.710828" lon="13.44687">
      </trkpt>
      <trkpt lat="49.711825" lon="13.449027">
      </trkpt>
      <trkpt lat="49.712702" lon="13.450806">
      </trkpt>
      <trkpt lat="49.712919" lon="13.451234">
      </trkpt>
      <trkpt lat="49.713536" lon="13.452348">
      </trkpt>
      <trkpt lat="49.71395" lon="13.460458">
      </trkpt>
      <trkpt lat="49.713032" lon="13.463314">
      </trkpt>
      <trkpt lat="49.714052" lon="13.463737">
      </trkpt>
      <trkpt lat="49.716357" lon="13.464367">
      </trkpt>
      <trkpt lat="49.716807" lon="13.464511">
      </trkpt>
      <trkpt lat="49.72295" lon="13.469727">
      </trkpt>
      <trkpt lat="49.723494" lon="13.471345">
      </trkpt>
      <trkpt lat="49.724021" lon="13.473024">
      </trkpt>
      <trkpt lat="49.724529" lon="13.474746">
      </trkpt>
      <trkpt lat="49.724675" lon="13.480791">
      </trkpt>
      <trkpt lat="49.724543" lon="13.481215">
      </trkpt>
      <trkpt lat="49.724312" lon="13.482257">
      </trkpt>
      <trkpt lat="49.724141" lon="13.483404">
      </trkpt>
      <trkpt lat="49.724002" lon="13.485156">
      </trkpt>
      <trkpt lat="49.716647" lon="13.489478">
      </trkpt>
      <trkpt lat="49.71361" lon="13.487545">
      </trkpt>
      <trkpt lat="49.712586" lon="13.487007">
      </trkpt>
      <trkpt lat="49.709006" lon="13.487391">
      </trkpt>
      <trkpt lat="49.703023" lon="13.491272">
      </trkpt>
      <trkpt lat="49.699424" lon="13.491364">
      </trkpt>
      <trkpt lat="49.698347" lon="13.492942">
      </trkpt>
      <trkpt lat="49.698415" lon="13.493677">
      </trkpt>
      <trkpt lat="49.700508" lon="13.495318">
      </trkpt>
      <trkpt lat="49.703431" lon="13.495288">
      </trkpt>
      <trkpt lat="49.709255" lon="13.499503">
      </trkpt>
      <trkpt lat="49.712556" lon="13.500939">
      </trkpt>
      <trkpt lat="49.715523" lon="13.505223">
      </trkpt>
      <trkpt lat="49.714536" lon="13.510191">
      </trkpt>
      <trkpt lat="49.714269" lon="13.510743">
      </trkpt>
      <trkpt lat="49.713966" lon="13.511408">
      </trkpt>
      <trkpt lat="49.713684" lon="13.513289">
      </trkpt>
      <trkpt lat="49.713612" lon="13.514793">
      </trkpt>
      <trkpt lat="49.70917" lon="13.521395">
      </trkpt>
      <trkpt lat="49.709646" lon="13.522761">
      </trkpt>
      <trkpt lat="49.710359" lon="13.524374">
      </trkpt>
      <trkpt lat="49.707923" lon="13.531677">
      </trkpt>
      <trkpt lat="49.706031" lon="13.537745">
      </trkpt>
      <trkpt lat="49.703" lon="13.539688">
      </trkpt>
      <trkpt lat="49.703912" lon="13.541109">
      </trkpt>
      <trkpt lat="49.704747" lon="13.542519">
      </trkpt>
      <trkpt lat="49.705706" lon="13.544233">
      </trkpt>
      <trkpt lat="49.706322" lon="13.545298">
      </trkpt>
      <trkpt lat="49.706708" lon="13.546023">
      </trkpt>
      <trkpt lat="49.707063" lon="13.546588">
      </trkpt>
      <trkpt lat="49.70747" lon="13.547119">
      </trkpt>
      <trkpt lat="49.708328" lon="13.548019">
      </trkpt>
      <trkpt lat="49.709178" lon="13.548654">
      </trkpt>
      <trkpt lat="49.712062" lon="13.551812">
      </trkpt>
      <trkpt lat="49.713307" lon="13.554205">
      </trkpt>
      <trkpt lat="49.710388" lon="13.561648">
      </trkpt>
      <trkpt lat="49.710667" lon="13.562166">
      </trkpt>
      <trkpt lat="49.711667" lon="13.56855">
      </trkpt>
      <trkpt lat="49.709612" lon="13.571507">
      </trkpt>
      <trkpt lat="49.705829" lon="13.577526">
      </trkpt>
      <trkpt lat="49.697687" lon="13.580845">
      </trkpt>
      <trkpt lat="49.695406" lon="13.580774">
      </trkpt>
      <trkpt lat="49.695007" lon="13.581645">
      </trkpt>
      <trkpt lat="49.688003" lon="13.586579">
      </trkpt>
      <trkpt lat="49.680533" lon="13.588861">
      </trkpt>
      <trkpt lat="49.677623" lon="13.59098">
      </trkpt>
      <trkpt lat="49.678699" lon="13.592457">
      </trkpt>
      <trkpt lat="49.679842" lon="13.595156">
      </trkpt>
      <trkpt lat="49.679942" lon="13.595662">
      </trkpt>
      <trkpt lat="49.680077" lon="13.596051">
      </trkpt>
      <trkpt lat="49.68039" lon="13.59663">
      </trkpt>
      <trkpt lat="49.680923" lon="13.5973">
      </trkpt>
      <trkpt lat="49.683137" lon="13.600911">
      </trkpt>
      <trkpt lat="49.681792" lon="13.607894">
      </trkpt>
      <trkpt lat="49.680882" lon="13.609306">
      </trkpt>
      <trkpt lat="49.678806" lon="13.61155">
      </trkpt>
      <trkpt lat="49.676762" lon="13.612645">
      </trkpt>
      <trkpt lat="49.673162" lon="13.613575">
      </trkpt>
      <trkpt lat="49.667247" lon="13.607215">
      </trkpt>
      <trkpt lat="49.665032" lon="13.598593">
      </trkpt>
      <trkpt lat="49.665399" lon="13.597556">
      </trkpt>
      <trkpt lat="49.664097" lon="13.597358">
      </trkpt>
      <trkpt lat="49.660626" lon="13.590009">
      </trkpt>
      <trkpt lat="49.664652" lon="13.587975">
      </trkpt>
      <trkpt lat="49.666427" lon="13.587938">
      </trkpt>
      <trkpt lat="49.667251" lon="13.587644">
      </trkpt>
      <trkpt lat="49.668278" lon="13.587115">
      </trkpt>
      <trkpt lat="49.670647" lon="13.584292">
      </trkpt>
      <trkpt lat="49.674925" lon="13.581623">
      </trkpt>
      <trkpt lat="49.67446" lon="13.578415">
      </trkpt>
      <trkpt lat="49.674595" lon="13.573975">
      </trkpt>
      <trkpt lat="49.674935" lon="13.571691">
      </trkpt>
      <trkpt lat="49.675564" lon="13.56985">
      </trkpt>
      <trkpt lat="49.672157" lon="13.568687">
      </trkpt>
      <trkpt lat="49.668483" lon="13.568508">
      </trkpt>
      <trkpt lat="49.666178" lon="13.569109">
      </trkpt>
      <trkpt lat="49.663412" lon="13.569489">
      </trkpt>
      <trkpt lat="49.657608" lon="13.564335">
      </trkpt>
      <trkpt lat="49.659862" lon="13.557773">
      </trkpt>
      <trkpt lat="49.661116" lon="13.556628">
      </trkpt>
      <trkpt lat="49.661583" lon="13.556322">
      </trkpt>
      <trkpt lat="49.662166" lon="13.555916">
      </trkpt>
      <trkpt lat="49.664805" lon="13.554336">
      </trkpt>
      <trkpt lat="49.665492" lon="13.553936">
      </trkpt>
      <trkpt lat="49.665859" lon="13.553584">
      </trkpt>
      <trkpt lat="49.664207" lon="13.546246">
      </trkpt>
      <trkpt lat="49.664156" lon="13.54558">
      </trkpt>
      <trkpt lat="49.664081" lon="13.545027">
      </trkpt>
      <trkpt lat="49.660222" lon="13.540493">
      </trkpt>
      <trkpt lat="49.658364" lon="13.534067">
      </trkpt>
      <trkpt lat="49.657679" lon="13.532239">
      </trkpt>
      <trkpt lat="49.655089" lon="13.532572">
      </trkpt>
      <trkpt lat="49.654204" lon="13.533179">
      </trkpt>
      <trkpt lat="49.654298" lon="13.533526">
      </trkpt>
      <trkpt lat="49.654256" lon="13.537077">
      </trkpt>
      <trkpt lat="49.65432" lon="13.537715">
      </trkpt>
      <trkpt lat="49.654372" lon="13.539454">
      </trkpt>
      <trkpt lat="49.654363" lon="13.540612">
      </trkpt>
      <trkpt lat="49.657596" lon="13.543146">
      </trkpt>
      <trkpt lat="49.659207" lon="13.547094">
      </trkpt>
      <trkpt lat="49.652165" lon="13.552433">
      </trkpt>
      <trkpt lat="49.644361" lon="13.549221">
      </trkpt>
      <trkpt lat="49.643957" lon="13.547773">
      </trkpt>
      <trkpt lat="49.643761" lon="13.545501">
      </trkpt>
      <trkpt lat="49.643684" lon="13.544757">
      </trkpt>
      <trkpt lat="49.643555" lon="13.544133">
      </trkpt>
      <trkpt lat="49.643916" lon="13.538901">
      </trkpt>
      <trkpt lat="49.644729" lon="13.532851">
      </trkpt>
      <trkpt lat="49.644135" lon="13.530305">
      </trkpt>
      <trkpt lat="49.644105" lon="13.530183">
      </trkpt>
      <trkpt lat="49.644857" lon="13.525432">
      </trkpt>
      <trkpt lat="49.644732" lon="13.52475">
      </trkpt>
      <trkpt lat="49.644265" lon="13.522683">
      </trkpt>
      <trkpt lat="49.644288" lon="13.519135">
      </trkpt>
      <trkpt lat="49.647518" lon="13.511187">
      </trkpt>
      <trkpt lat="49.647923" lon="13.510884">
      </trkpt>
      <trkpt lat="49.649919" lon="13.50977">
      </trkpt>
      <trkpt lat="49.652915" lon="13.508629">
      </trkpt>
      <trkpt lat="49.653421" lon="13.50849">
      </trkpt>
      <trkpt lat="49.657995" lon="13.507318">
      </trkpt>
      <trkpt lat="49.659069" lon="13.50448">
      </trkpt>
      <trkpt lat="49.657616" lon="13.501307">
      </trkpt>
      <trkpt lat="49.657493" lon="13.501244">
      </trkpt>
      <trkpt lat="49.654033" lon="13.501652">
      </trkpt>
      <trkpt lat="49.650204" lon="13.505079">
      </trkpt>
      <trkpt lat="49.649757" lon="13.505304">
      </trkpt>
      <trkpt lat="49.649163" lon="13.505734">
      </trkpt>
      <trkpt lat="49.641237" lon="13.503103">
      </trkpt>
      <trkpt lat="49.64091" lon="13.501629">
      </trkpt>
      <trkpt lat="49.6409" lon="13.500456">
      </trkpt>
      <trkpt lat="49.640786" lon="13.499677">
      </trkpt>
      <trkpt lat="49.640972" lon="13.496727">
      </trkpt>
      <trkpt lat="49.641211" lon="13.495867">
      </trkpt>
      <trkpt lat="49.641315" lon="13.495069">
      </trkpt>
      <trkpt lat="49.641314" lon="13.494471">
      </trkpt>
      <trkpt lat="49.641238" lon="13.493281">
      </trkpt>
      <trkpt lat="49.63508" lon="13.493212">
      </trkpt>
      <trkpt lat="49.634966" lon="13.493933">
      </trkpt>
      <trkpt lat="49.634959" lon="13.494614">
      </trkpt>
      <trkpt lat="49.635211" lon="13.495534">
      </trkpt>
      <trkpt lat="49.635771" lon="13.501954">
      </trkpt>
      <trkpt lat="49.632001" lon="13.506105">
      </trkpt>
      <trkpt lat="49.631607" lon="13.508101">
      </trkpt>
      <trkpt lat="49.632787" lon="13.510255">
      </trkpt>
      <trkpt lat="49.632477" lon="13.517372">
      </trkpt>
      <trkpt lat="49.630291" lon="13.52482">
      </trkpt>
      <trkpt lat="49.622915" lon="13.527461">
      </trkpt>
      <trkpt lat="49.620627" lon="13.525069">
      </trkpt>
      <trkpt lat="49.620404" lon="13.524786">
      </trkpt>
      <trkpt lat="49.61933" lon="13.523189">
      </trkpt>
      <trkpt lat="49.618785" lon="13.522669">
      </trkpt>
      <trkpt lat="49.618046" lon="13.522315">
      </trkpt>
      <trkpt lat="49.616998" lon="13.522066">
      </trkpt>
      <trkpt lat="49.610493" lon="13.515977">
      </trkpt>
      <trkpt lat="49.609975" lon="13.51379">
      </trkpt>
      <trkpt lat="49.609054" lon="13.511877">
      </trkpt>
      <trkpt lat="49.607339" lon="13.510671">
      </trkpt>
      <trkpt lat="49.607005" lon="13.510556">
      </trkpt>
      <trkpt lat="49.605903" lon="13.510137">
      </trkpt>
      <trkpt lat="49.605252" lon="13.511315">
      </trkpt>
      <trkpt lat="49.605083" lon="13.511698">
      </trkpt>
      <trkpt lat="49.601321" lon="13.517744">
      </trkpt>
      <trkpt lat="49.600259" lon="13.521113">
      </trkpt>
      <trkpt lat="49.598249" lon="13.524638">
      </trkpt>
      <trkpt lat="49.590777" lon="13.522867">
      </trkpt>
      <trkpt lat="49.587939" lon="13.517918">
      </trkpt>
      <trkpt lat="49.587756" lon="13.51666">
      </trkpt>
      <trkpt lat="49.588553" lon="13.511132">
      </trkpt>
      <trkpt lat="49.588775" lon="13.510498">
      </trkpt>
      <trkpt lat="49.589034" lon="13.509168">
      </trkpt>
      <trkpt lat="49.589189" lon="13.507665">
      </trkpt>
      <trkpt lat="49.587986" lon="13.499518">
      </trkpt>
      <trkpt lat="49.585354" lon="13.496778">
      </trkpt>
      <trkpt lat="49.582366" lon="13.498786">
      </trkpt>
      <trkpt lat="49.578964" lon="13.503802">
      </trkpt>
      <trkpt lat="49.578108" lon="13.504913">
      </trkpt>
      <trkpt lat="49.578049" lon="13.505374">
      </trkpt>
      <trkpt lat="49.578221" lon="13.505733">
      </trkpt>
      <trkpt lat="49.578772" lon="13.507397">
      </trkpt>
      <trkpt lat="49.578637" lon="13.515054">
      </trkpt>
      <trkpt lat="49.569925" lon="13.513684">
      </trkpt>
      <trkpt lat="49.569592" lon="13.512785">
      </trkpt>
      <trkpt lat="49.561515" lon="13.513673">
      </trkpt>
      <trkpt lat="49.558521" lon="13.515672">
      </trkpt>
      <trkpt lat="49.559976" lon="13.518038">
      </trkpt>
      <trkpt lat="49.560871" lon="13.519983">
      </trkpt>
      <trkpt lat="49.561785" lon="13.521968">
      </trkpt>
      <trkpt lat="49.559795" lon="13.529349">
      </trkpt>
      <trkpt lat="49.560049" lon="13.53077">
      </trkpt>
      <trkpt lat="49.560094" lon="13.531244">
      </trkpt>
      <trkpt lat="49.560335" lon="13.532711">
      </trkpt>
      <trkpt lat="49.556368" lon="13.540006">
      </trkpt>
      <trkpt lat="49.555276" lon="13.540476">
      </trkpt>
      <trkpt lat="49.554516" lon="13.541171">
      </trkpt>
      <trkpt lat="49.554024" lon="13.541808">
      </trkpt>
      <trkpt lat="49.556873" lon="13.544008">
      </trkpt>
      <trkpt lat="49.558333" lon="13.545079">
      </trkpt>
      <trkpt lat="49.559311" lon="13.545851">
      </trkpt>
      <trkpt lat="49.559829" lon="13.546224">
      </trkpt>
      <trkpt lat="49.560251" lon="13.546579">
      </trkpt>
      <trkpt lat="49.560872" lon="13.546941">
      </trkpt>
      <trkpt lat="49.563872" lon="13.554735">
      </trkpt>
      <trkpt lat="49.560246" lon="13.557578">
      </trkpt>
      <trkpt lat="49.559709" lon="13.557929">
      </trkpt>
      <trkpt lat="49.558224" lon="13.558939">
      </trkpt>
      <trkpt lat="49.559773" lon="13.562191">
      </trkpt>
      <trkpt lat="49.560281" lon="13.562115">
      </trkpt>
      <trkpt lat="49.560827" lon="13.56192">
      </trkpt>
      <trkpt lat="49.561256" lon="13.561633">
      </trkpt>
      <trkpt lat="49.563978" lon="13.560232">
      </trkpt>
      <trkpt lat="49.564591" lon="13.560026">
      </trkpt>
      <trkpt lat="49.565278" lon="13.559631">
      </trkpt>
      <trkpt lat="49.5656" lon="13.55935">
      </trkpt>
      <trkpt lat="49.565916" lon="13.55897">
      </trkpt>
      <trkpt lat="49.572047" lon="13.556043">
      </trkpt>
      <trkpt lat="49.579084" lon="13.56108">
      </trkpt>
      <trkpt lat="49.579308" lon="13.561738">
      </trkpt>
      <trkpt lat="49.579918" lon="13.563063">
      </trkpt>
      <trkpt lat="49.581043" lon="13.56542">
      </trkpt>
      <trkpt lat="49.581361" lon="13.565905">
      </trkpt>
      <trkpt lat="49.582411" lon="13.567039">
      </trkpt>
      <trkpt lat="49.583159" lon="13.568199">
      </trkpt>
      <trkpt lat="49.583262" lon="13.568418">
      </trkpt>
      <trkpt lat="49.584179" lon="13.572357">
      </trkpt>
      <trkpt lat="49.584214" lon="13.574344">
      </trkpt>
      <trkpt lat="49.584315" lon="13.575717">
      </trkpt>
      <trkpt lat="49.58449" lon="13.577577">
      </trkpt>
      <trkpt lat="49.584662" lon="13.579402">
      </trkpt>
      <trkpt lat="49.584761" lon="13.580493">
      </trkpt>
      <trkpt lat="49.584858" lon="13.581157">
      </trkpt>
      <trkpt lat="49.585013" lon="13.581915">
      </trkpt>
      <trkpt lat="49.586182" lon="13.584703">
      </trkpt>
      <trkpt lat="49.58724" lon="13.587141">
      </trkpt>
      <trkpt lat="49.587538" lon="13.587964">
      </trkpt>
      <trkpt lat="49.588226" lon="13.590232">
      </trkpt>
      <trkpt lat="49.588921" lon="13.592558">
      </trkpt>
      <trkpt lat="49.588555" lon="13.595086">
      </trkpt>
      <trkpt lat="49.58806" lon="13.596776">
      </trkpt>
      <trkpt lat="49.579302" lon="13.597119">
      </trkpt>
      <trkpt lat="49.578449" lon="13.595185">
      </trkpt>
      <trkpt lat="49.577546" lon="13.593146">
      </trkpt>
      <trkpt lat="49.576588" lon="13.591308">
      </trkpt>
      <trkpt lat="49.575733" lon="13.586397">
      </trkpt>
      <trkpt lat="49.57408" lon="13.582892">
      </trkpt>
      <trkpt lat="49.574026" lon="13.582742">
      </trkpt>
      <trkpt lat="49.573784" lon="13.577523">
      </trkpt>
      <trkpt lat="49.573896" lon="13.575671">
      </trkpt>
      <trkpt lat="49.57255" lon="13.574696">
      </trkpt>
      <trkpt lat="49.572412" lon="13.574593">
      </trkpt>
      <trkpt lat="49.572195" lon="13.574514">
      </trkpt>
      <trkpt lat="49.570311" lon="13.575342">
      </trkpt>
      <trkpt lat="49.561861" lon="13.574856">
      </trkpt>
      <trkpt lat="49.558275" lon="13.575181">
      </trkpt>
      <trkpt lat="49.552583" lon="13.569521">
      </trkpt>
      <trkpt lat="49.552543" lon="13.56941">
      </trkpt>
      <trkpt lat="49.55089" lon="13.570134">
      </trkpt>
      <trkpt lat="49.549158" lon="13.570636">
      </trkpt>
      <trkpt lat="49.547434" lon="13.571998">
      </trkpt>
      <trkpt lat="49.545743" lon="13.575342">
      </trkpt>
      <trkpt lat="49.539814" lon="13.57791">
      </trkpt>
      <trkpt lat="49.534712" lon="13.577241">
      </trkpt>
      <trkpt lat="49.531112" lon="13.577186">
      </trkpt>
      <trkpt lat="49.530428" lon="13.580588">
      </trkpt>
      <trkpt lat="49.523481" lon="13.582492">
      </trkpt>
      <trkpt lat="49.519882" lon="13.582555">
      </trkpt>
      <trkpt lat="49.515448" lon="13.585264">
      </trkpt>
      <trkpt lat="49.50661" lon="13.584125">
      </trkpt>
      <trkpt lat="49.506196" lon="13.581504">
      </trkpt>
      <trkpt lat="49.50602" lon="13.580601">
      </trkpt>
      <trkpt lat="49.507722" lon="13.57419">
      </trkpt>
      <trkpt lat="49.507926" lon="13.573683">
      </trkpt>
      <trkpt lat="49.50812" lon="13.573035">
      </trkpt>
      <trkpt lat="49.508659" lon="13.571743">
      </trkpt>
      <trkpt lat="49.509816" lon="13.569913">
      </trkpt>
      <trkpt lat="49.507338" lon="13.567302">
      </trkpt>
      <trkpt lat="49.50568" lon="13.564793">
      </trkpt>
      <trkpt lat="49.503796" lon="13.558127">
      </trkpt>
      <trkpt lat="49.502729" lon="13.555936">
      </trkpt>
      <trkpt lat="49.502685" lon="13.555918">
      </trkpt>
      <trkpt lat="49.500462" lon="13.556767">
      </trkpt>
      <trkpt lat="49.500397" lon="13.556928">
      </trkpt>
      <trkpt lat="49.499329" lon="13.562749">
      </trkpt>
      <trkpt lat="49.499315" lon="13.56279">
      </trkpt>
      <trkpt lat="49.499218" lon="13.563298">
      </trkpt>
      <trkpt lat="49.491701" lon="13.566544">
      </trkpt>
      <trkpt lat="49.489823" lon="13.5603">
      </trkpt>
      <trkpt lat="49.49069" lon="13.55746">
      </trkpt>
      <trkpt lat="49.487247" lon="13.556408">
      </trkpt>
      <trkpt lat="49.485014" lon="13.557606">
      </trkpt>
      <trkpt lat="49.484764" lon="13.560317">
      </trkpt>
      <trkpt lat="49.476967" lon="13.564266">
      </trkpt>
      <trkpt lat="49.473978" lon="13.566273">
      </trkpt>
      <trkpt lat="49.474756" lon="13.567432">
      </trkpt>
      <trkpt lat="49.475982" lon="13.569918">
      </trkpt>
      <trkpt lat="49.476226" lon="13.570523">
      </trkpt>
      <trkpt lat="49.47663" lon="13.571134">
      </trkpt>
      <trkpt lat="49.47723" lon="13.571657">
      </trkpt>
      <trkpt lat="49.478855" lon="13.578361">
      </trkpt>
      <trkpt lat="49.474445" lon="13.581783">
      </trkpt>
      <trkpt lat="49.469748" lon="13.578336">
      </trkpt>
      <trkpt lat="49.466411" lon="13.576983">
      </trkpt>
      <trkpt lat="49.46347" lon="13.579423">
      </trkpt>
      <trkpt lat="49.461651" lon="13.58454">
      </trkpt>
      <trkpt lat="49.461842" lon="13.58612">
      </trkpt>
      <trkpt lat="49.461977" lon="13.586238">
      </trkpt>
      <trkpt lat="49.462602" lon="13.586604">
      </trkpt>
      <trkpt lat="49.463304" lon="13.586764">
      </trkpt>
      <trkpt lat="49.464321" lon="13.586955">
      </trkpt>
      <trkpt lat="49.471976" lon="13.58598">
      </trkpt>
      <trkpt lat="49.472925" lon="13.586034">
      </trkpt>
      <trkpt lat="49.473563" lon="13.585887">
      </trkpt>
      <trkpt lat="49.479204" lon="13.592785">
      </trkpt>
      <trkpt lat="49.47829" lon="13.594362">
      </trkpt>
      <trkpt lat="49.475254" lon="13.596647">
      </trkpt>
      <trkpt lat="49.474627" lon="13.597511">
      </trkpt>
      <trkpt lat="49.468786" lon="13.60127">
      </trkpt>
      <trkpt lat="49.463474" lon="13.604583">
      </trkpt>
      <trkpt lat="49.454743" lon="13.602557">
      </trkpt>
      <trkpt lat="49.454406" lon="13.601207">
      </trkpt>
      <trkpt lat="49.453199" lon="13.599655">
      </trkpt>
      <trkpt lat="49.453056" lon="13.599553">
      </trkpt>
      <trkpt lat="49.452369" lon="13.599207">
      </trkpt>
      <trkpt lat="49.45204" lon="13.599228">
      </trkpt>
      <trkpt lat="49.4515" lon="13.599261">
      </trkpt>
      <trkpt lat="49.449485" lon="13.599966">
      </trkpt>
      <trkpt lat="49.449504" lon="13.600166">
      </trkpt>
      <trkpt lat="49.449706" lon="13.60087">
      </trkpt>
      <trkpt lat="49.450388" lon="13.602284">
      </trkpt>
      <trkpt lat="49.449128" lon="13.611134">
      </trkpt>
      <trkpt lat="49.448775" lon="13.612071">
      </trkpt>
      <trkpt lat="49.448455" lon="13.612863">
      </trkpt>
      <trkpt lat="49.447274" lon="13.615343">
      </trkpt>
      <trkpt lat="49.44883" lon="13.616057">
      </trkpt>
      <trkpt lat="49.455519" lon="13.621525">
      </trkpt>
      <trkpt lat="49.45847" lon="13.623587">
      </trkpt>
      <trkpt lat="49.464575" lon="13.629432">
      </trkpt>
      <trkpt lat="49.464202" lon="13.631685">
      </trkpt>
      <trkpt lat="49.463858" lon="13.63298">
      </trkpt>
      <trkpt lat="49.46375" lon="13.633521">
      </trkpt>
      <trkpt lat="49.463547" lon="13.636316">
      </trkpt>
      <trkpt lat="49.463439" lon="13.637232">
      </trkpt>
      <trkpt lat="49.460716" lon="13.642483">
      </trkpt>
      <trkpt lat="49.463397" lon="13.646404">
      </trkpt>
      <trkpt lat="49.46358" lon="13.647017">
      </trkpt>
      <trkpt lat="49.464015" lon="13.648124">
      </trkpt>
      <trkpt lat="49.464385" lon="13.650057">
      </trkpt>
      <trkpt lat="49.464775" lon="13.652083">
      </trkpt>
      <trkpt lat="49.464951" lon="13.652862">
      </trkpt>
      <trkpt lat="49.465141" lon="13.653476">
      </trkpt>
      <trkpt lat="49.465485" lon="13.6563">
      </trkpt>
      <trkpt lat="49.465487" lon="13.65665">
      </trkpt>
      <trkpt lat="49.465389" lon="13.658092">
      </trkpt>
      <trkpt lat="49.465294" lon="13.65872">
      </trkpt>
      <trkpt lat="49.457486" lon="13.662599">
      </trkpt>
      <trkpt lat="49.455193" lon="13.660776">
      </trkpt>
      <trkpt lat="49.454899" lon="13.660398">
      </trkpt>
      <trkpt lat="49.454222" lon="13.659802">
      </trkpt>
      <trkpt lat="49.452151" lon="13.653039">
      </trkpt>
      <trkpt lat="49.451953" lon="13.649823">
      </trkpt>
      <trkpt lat="49.45162" lon="13.6479">
      </trkpt>
      <trkpt lat="49.451471" lon="13.644702">
      </trkpt>
      <trkpt lat="49.451493" lon="13.643973">
      </trkpt>
      <trkpt lat="49.451338" lon="13.642529">
      </trkpt>
      <trkpt lat="49.447759" lon="13.642911">
      </trkpt>
      <trkpt lat="49.440134" lon="13.638362">
      </trkpt>
      <trkpt lat="49.439985" lon="13.638163">
      </trkpt>
      <trkpt lat="49.439505" lon="13.637487">
      </trkpt>
      <trkpt lat="49.438869" lon="13.636979">
      </trkpt>
      <trkpt lat="49.438706" lon="13.636859">
      </trkpt>
      <trkpt lat="49.43761" lon="13.636638">
      </trkpt>
      <trkpt lat="49.436349" lon="13.637509">
      </trkpt>
      <trkpt lat="49.436129" lon="13.63827">
      </trkpt>
      <trkpt lat="49.436059" lon="13.63853">
      </trkpt>
      <trkpt lat="49.436075" lon="13.638582">
      </trkpt>
      <trkpt lat="49.437163" lon="13.643554">
      </trkpt>
      <trkpt lat="49.436298" lon="13.649796">
      </trkpt>
      <trkpt lat="49.436084" lon="13.653006">
      </trkpt>
      <trkpt lat="49.436074" lon="13.653699">
      </trkpt>
      <trkpt lat="49.436094" lon="13.654182">
      </trkpt>
      <trkpt lat="49.436352" lon="13.656122">
      </trkpt>
      <trkpt lat="49.436118" lon="13.659393">
      </trkpt>
      <trkpt lat="49.435952" lon="13.660319">
      </trkpt>
      <trkpt lat="49.435447" lon="13.66206">
      </trkpt>
      <trkpt lat="49.435133" lon="13.663483">
      </trkpt>
      <trkpt lat="49.434961" lon="13.664099">
      </trkpt>
      <trkpt lat="49.434871" lon="13.664367">
      </trkpt>
      <trkpt lat="49.434665" lon="13.664888">
      </trkpt>
      <trkpt lat="49.434548" lon="13.66532">
      </trkpt>
      <trkpt lat="49.429508" lon="13.671858">
      </trkpt>
      <trkpt lat="49.428071" lon="13.671965">
      </trkpt>
      <trkpt lat="49.421462" lon="13.668262">
      </trkpt>
      <trkpt lat="49.421554" lon="13.665052">
      </trkpt>
      <trkpt lat="49.417956" lon="13.664949">
      </trkpt>
      <trkpt lat="49.412565" lon="13.671401">
      </trkpt>
      <trkpt lat="49.408279" lon="13.670987">
      </trkpt>
      <trkpt lat="49.408032" lon="13.671575">
      </trkpt>
      <trkpt lat="49.4063" lon="13.674762">
      </trkpt>
      <trkpt lat="49.406309" lon="13.674917">
      </trkpt>
      <trkpt lat="49.40732" lon="13.676016">
      </trkpt>
      <trkpt lat="49.407436" lon="13.676081">
      </trkpt>
      <trkpt lat="49.408217" lon="13.676453">
      </trkpt>
      <trkpt lat="49.408246" lon="13.67645">
      </trkpt>
      <trkpt lat="49.416673" lon="13.679091">
      </trkpt>
      <trkpt lat="49.419128" lon="13.679714">
      </trkpt>
      <trkpt lat="49.422838" lon="13.686062">
      </trkpt>
      <trkpt lat="49.4212" lon="13.688632">
      </trkpt>
      <trkpt lat="49.420863" lon="13.689059">
      </trkpt>
      <trkpt lat="49.42062" lon="13.689491">
      </trkpt>
      <trkpt lat="49.413156" lon="13.693704">
      </trkpt>
      <trkpt lat="49.412346" lon="13.693624">
      </trkpt>
      <trkpt lat="49.411051" lon="13.694251">
      </trkpt>
      <trkpt lat="49.402858" lon="13.697359">
      </trkpt>
      <trkpt lat="49.402263" lon="13.697031">
      </trkpt>
      <trkpt lat="49.399306" lon="13.696771">
      </trkpt>
      <trkpt lat="49.399217" lon="13.697311">
      </trkpt>
      <trkpt lat="49.39916" lon="13.698296">
      </trkpt>
      <trkpt lat="49.39854" lon="13.700706">
      </trkpt>
      <trkpt lat="49.393545" lon="13.707144">
      </trkpt>
      <trkpt lat="49.385909" lon="13.706683">
      </trkpt>
      <trkpt lat="49.38473" lon="13.704235">
      </trkpt>
      <trkpt lat="49.384318" lon="13.702322">
      </trkpt>
      <trkpt lat="49.381813" lon="13.700934">
      </trkpt>
      <trkpt lat="49.380831" lon="13.700617">
      </trkpt>
      <trkpt lat="49.375935" lon="13.6938">
      </trkpt>
      <trkpt lat="49.376577" lon="13.69257">
      </trkpt>
      <trkpt lat="49.377861" lon="13.690952">
      </trkpt>
      <trkpt lat="49.379611" lon="13.689091">
      </trkpt>
      <trkpt lat="49.379976" lon="13.688641">
      </trkpt>
      <trkpt lat="49.382315" lon="13.68658">
      </trkpt>
      <trkpt lat="49.385628" lon="13.685171">
      </trkpt>
      <trkpt lat="49.389181" lon="13.679813">
      </trkpt>
      <trkpt lat="49.386775" lon="13.677135">
      </trkpt>
      <trkpt lat="49.382609" lon="13.677736">
      </trkpt>
      <trkpt lat="49.374207" lon="13.6769">
      </trkpt>
      <trkpt lat="49.37066" lon="13.676286">
      </trkpt>
      <trkpt lat="49.370073" lon="13.679678">
      </trkpt>
      <trkpt lat="49.369485" lon="13.683069">
      </trkpt>
      <trkpt lat="49.369274" lon="13.683626">
      </trkpt>
      <trkpt lat="49.367385" lon="13.686437">
      </trkpt>
      <trkpt lat="49.35869" lon="13.684962">
      </trkpt>
      <trkpt lat="49.355187" lon="13.685791">
      </trkpt>
      <trkpt lat="49.34827" lon="13.685989">
      </trkpt>
      <trkpt lat="49.347056" lon="13.686192">
      </trkpt>
      <trkpt lat="49.344717" lon="13.690055">
      </trkpt>
      <trkpt lat="49.339281" lon="13.694483">
      </trkpt>
      <trkpt lat="49.337722" lon="13.695618">
      </trkpt>
      <trkpt lat="49.329677" lon="13.697581">
      </trkpt>
      <trkpt lat="49.329352" lon="13.701166">
      </trkpt>
      <trkpt lat="49.325025" lon="13.707703">
      </trkpt>
      <trkpt lat="49.322572" lon="13.708142">
      </trkpt>
      <trkpt lat="49.321626" lon="13.708887">
      </trkpt>
      <trkpt lat="49.322047" lon="13.710098">
      </trkpt>
      <trkpt lat="49.323347" lon="13.717717">
      </trkpt>
      <trkpt lat="49.324361" lon="13.719564">
      </trkpt>
      <trkpt lat="49.324872" lon="13.720725">
      </trkpt>
      <trkpt lat="49.322573" lon="13.729066">
      </trkpt>
      <trkpt lat="49.321533" lon="13.729293">
      </trkpt>
      <trkpt lat="49.320704" lon="13.729482">
      </trkpt>
      <trkpt lat="49.319092" lon="13.729984">
      </trkpt>
      <trkpt lat="49.319536" lon="13.731666">
      </trkpt>
      <trkpt lat="49.320793" lon="13.732704">
      </trkpt>
      <trkpt lat="49.322145" lon="13.735594">
      </trkpt>
      <trkpt lat="49.328439" lon="13.741342">
      </trkpt>
      <trkpt lat="49.32796" lon="13.742891">
      </trkpt>
      <trkpt lat="49.327197" lon="13.744136">
      </trkpt>
      <trkpt lat="49.323506" lon="13.746307">
      </trkpt>
      <trkpt lat="49.32028" lon="13.745882">
      </trkpt>
      <trkpt lat="49.319274" lon="13.745832">
      </trkpt>
      <trkpt lat="49.318673" lon="13.749522">
      </trkpt>
      <trkpt lat="49.318493" lon="13.751502">
      </trkpt>
      <trkpt lat="49.318274" lon="13.752465">
      </trkpt>
      <trkpt lat="49.318119" lon="13.753852">
      </trkpt>
      <trkpt lat="49.317673" lon="13.761362">
      </trkpt>
      <trkpt lat="49.317163" lon="13.762091">
      </trkpt>
      <trkpt lat="49.308588" lon="13.761723">
      </trkpt>
      <trkpt lat="49.309111" lon="13.753913">
      </trkpt>
      <trkpt lat="49.309251" lon="13.748315">
      </trkpt>
      <trkpt lat="49.308994" lon="13.745497">
      </trkpt>
      <trkpt lat="49.309632" lon="13.743564">
      </trkpt>
      <trkpt lat="49.309775" lon="13.743019">
      </trkpt>
      <trkpt lat="49.310041" lon="13.741576">
      </trkpt>
      <trkpt lat="49.310152" lon="13.741193">
      </trkpt>
      <trkpt lat="49.310921" lon="13.739586">
      </trkpt>
      <trkpt lat="49.311146" lon="13.739002">
      </trkpt>
      <trkpt lat="49.311661" lon="13.737282">
      </trkpt>
      <trkpt lat="49.308212" lon="13.73625">
      </trkpt>
      <trkpt lat="49.307697" lon="13.73797">
      </trkpt>
      <trkpt lat="49.307576" lon="13.738254">
      </trkpt>
      <trkpt lat="49.306591" lon="13.740091">
      </trkpt>
      <trkpt lat="49.298161" lon="13.742448">
      </trkpt>
      <trkpt lat="49.295519" lon="13.742161">
      </trkpt>
      <trkpt lat="49.29459" lon="13.741989">
      </trkpt>
      <trkpt lat="49.292761" lon="13.742518">
      </trkpt>
      <trkpt lat="49.292132" lon="13.74299">
      </trkpt>
      <trkpt lat="49.290573" lon="13.744382">
      </trkpt>
      <trkpt lat="49.290318" lon="13.744751">
      </trkpt>
      <trkpt lat="49.29015" lon="13.74511">
      </trkpt>
      <trkpt lat="49.289852" lon="13.745952">
      </trkpt>
      <trkpt lat="49.291928" lon="13.75391">
      </trkpt>
      <trkpt lat="49.291654" lon="13.756431">
      </trkpt>
      <trkpt lat="49.294136" lon="13.759949">
      </trkpt>
      <trkpt lat="49.289085" lon="13.765892">
      </trkpt>
      <trkpt lat="49.288732" lon="13.766365">
      </trkpt>
      <trkpt lat="49.288214" lon="13.767247">
      </trkpt>
      <trkpt lat="49.284353" lon="13.771593">
      </trkpt>
      <trkpt lat="49.282301" lon="13.772426">
      </trkpt>
      <trkpt lat="49.281741" lon="13.77407">
      </trkpt>
      <trkpt lat="49.280339" lon="13.777107">
      </trkpt>
      <trkpt lat="49.28008" lon="13.777666">
      </trkpt>
      <trkpt lat="49.279382" lon="13.779239">
      </trkpt>
      <trkpt lat="49.27914" lon="13.779891">
      </trkpt>
      <trkpt lat="49.278985" lon="13.780671">
      </trkpt>
      <trkpt lat="49.278891" lon="13.781392">
      </trkpt>
      <trkpt lat="49.278795" lon="13.783019">
      </trkpt>
      <trkpt lat="49.278768" lon="13.78451">
      </trkpt>
      <trkpt lat="49.2787" lon="13.7858">
      </trkpt>
      <trkpt lat="49.278698" lon="13.786682">
      </trkpt>
      <trkpt lat="49.278775" lon="13.788388">
      </trkpt>
      <trkpt lat="49.278882" lon="13.789119">
      </trkpt>
      <trkpt lat="49.279025" lon="13.789691">
      </trkpt>
      <trkpt lat="49.279697" lon="13.791588">
      </trkpt>
      <trkpt lat="49.279722" lon="13.791707">
      </trkpt>
      <trkpt lat="49.279382" lon="13.796049">
      </trkpt>
      <trkpt lat="49.279296" lon="13.796303">
      </trkpt>
      <trkpt lat="49.278913" lon="13.797194">
      </trkpt>
      <trkpt lat="49.278414" lon="13.798371">
      </trkpt>
      <trkpt lat="49.278329" lon="13.798799">
      </trkpt>
      <trkpt lat="49.278305" lon="13.799298">
      </trkpt>
      <trkpt lat="49.278345" lon="13.79969">
      </trkpt>
      <trkpt lat="49.278299" lon="13.80162">
      </trkpt>
      <trkpt lat="49.278294" lon="13.80195">
      </trkpt>
      <trkpt lat="49.281862" lon="13.802079">
      </trkpt>
      <trkpt lat="49.285837" lon="13.807945">
      </trkpt>
      <trkpt lat="49.28532" lon="13.811122">
      </trkpt>
      <trkpt lat="49.28373" lon="13.815079">
      </trkpt>
      <trkpt lat="49.281518" lon="13.817526">
      </trkpt>
      <trkpt lat="49.279288" lon="13.819993">
      </trkpt>
      <trkpt lat="49.277485" lon="13.821225">
      </trkpt>
      <trkpt lat="49.270108" lon="13.81742">
      </trkpt>
      <trkpt lat="49.270075" lon="13.814171">
      </trkpt>
      <trkpt lat="49.270042" lon="13.813918">
      </trkpt>
      <trkpt lat="49.269935" lon="13.813415">
      </trkpt>
      <trkpt lat="49.268946" lon="13.810338">
      </trkpt>
      <trkpt lat="49.268026" lon="13.807556">
      </trkpt>
      <trkpt lat="49.267906" lon="13.806727">
      </trkpt>
      <trkpt lat="49.267607" lon="13.804341">
      </trkpt>
      <trkpt lat="49.268855" lon="13.799703">
      </trkpt>
      <trkpt lat="49.267965" lon="13.796215">
      </trkpt>
      <trkpt lat="49.265115" lon="13.791244">
      </trkpt>
      <trkpt lat="49.265036" lon="13.788867">
      </trkpt>
      <trkpt lat="49.264988" lon="13.788489">
      </trkpt>
      <trkpt lat="49.264908" lon="13.788133">
      </trkpt>
      <trkpt lat="49.264463" lon="13.786656">
      </trkpt>
      <trkpt lat="49.264345" lon="13.78622">
      </trkpt>
      <trkpt lat="49.264119" lon="13.784382">
      </trkpt>
      <trkpt lat="49.264039" lon="13.783744">
      </trkpt>
      <trkpt lat="49.26398" lon="13.782566">
      </trkpt>
      <trkpt lat="49.263902" lon="13.781912">
      </trkpt>
      <trkpt lat="49.263292" lon="13.778873">
      </trkpt>
      <trkpt lat="49.263185" lon="13.778608">
      </trkpt>
      <trkpt lat="49.262692" lon="13.77683">
      </trkpt>
      <trkpt lat="49.262069" lon="13.774551">
      </trkpt>
      <trkpt lat="49.261594" lon="13.773006">
      </trkpt>
      <trkpt lat="49.26152" lon="13.772443">
      </trkpt>
      <trkpt lat="49.261509" lon="13.771563">
      </trkpt>
      <trkpt lat="49.268508" lon="13.766714">
      </trkpt>
      <trkpt lat="49.26932" lon="13.766826">
      </trkpt>
      <trkpt lat="49.269957" lon="13.766706">
      </trkpt>
      <trkpt lat="49.270482" lon="13.766479">
      </trkpt>
      <trkpt lat="49.272386" lon="13.765755">
      </trkpt>
      <trkpt lat="49.272535" lon="13.765715">
      </trkpt>
      <trkpt lat="49.273191" lon="13.764319">
      </trkpt>
      <trkpt lat="49.271574" lon="13.759141">
      </trkpt>
      <trkpt lat="49.271636" lon="13.756468">
      </trkpt>
      <trkpt lat="49.273883" lon="13.751444">
      </trkpt>
      <trkpt lat="49.271389" lon="13.748848">
      </trkpt>
      <trkpt lat="49.263707" lon="13.748525">
      </trkpt>
      <trkpt lat="49.258628" lon="13.741519">
      </trkpt>
      <trkpt lat="49.258632" lon="13.741045">
      </trkpt>
      <trkpt lat="49.25878" lon="13.739326">
      </trkpt>
      <trkpt lat="49.259225" lon="13.737742">
      </trkpt>
      <trkpt lat="49.258101" lon="13.73733">
      </trkpt>
      <trkpt lat="49.25576" lon="13.736768">
      </trkpt>
      <trkpt lat="49.249886" lon="13.737697">
      </trkpt>
      <trkpt lat="49.247397" lon="13.740298">
      </trkpt>
      <trkpt lat="49.247891" lon="13.747346">
      </trkpt>
      <trkpt lat="49.24607" lon="13.750562">
      </trkpt>
      <trkpt lat="49.24842" lon="13.753289">
      </trkpt>
      <trkpt lat="49.253334" lon="13.7602">
      </trkpt>
      <trkpt lat="49.252698" lon="13.765817">
      </trkpt>
      <trkpt lat="49.253584" lon="13.768097">
      </trkpt>
      <trkpt lat="49.258048" lon="13.773625">
      </trkpt>
      <trkpt lat="49.25862" lon="13.775582">
      </trkpt>
      <trkpt lat="49.259219" lon="13.777778">
      </trkpt>
      <trkpt lat="49.251603" lon="13.781588">
      </trkpt>
      <trkpt lat="49.250415" lon="13.781352">
      </trkpt>
      <trkpt lat="49.24968" lon="13.781572">
      </trkpt>
      <trkpt lat="49.24897" lon="13.782138">
      </trkpt>
      <trkpt lat="49.248655" lon="13.782594">
      </trkpt>
      <trkpt lat="49.248323" lon="13.783228">
      </trkpt>
      <trkpt lat="49.247835" lon="13.784338">
      </trkpt>
      <trkpt lat="49.246058" lon="13.786935">
      </trkpt>
      <trkpt lat="49.247423" lon="13.790266">
      </trkpt>
      <trkpt lat="49.244099" lon="13.798051">
      </trkpt>
      <trkpt lat="49.235978" lon="13.797727">
      </trkpt>
      <trkpt lat="49.233545" lon="13.795074">
      </trkpt>
      <trkpt lat="49.231297" lon="13.787859">
      </trkpt>
      <trkpt lat="49.231901" lon="13.785745">
      </trkpt>
      <trkpt lat="49.232026" lon="13.785168">
      </trkpt>
      <trkpt lat="49.232122" lon="13.784534">
      </trkpt>
      <trkpt lat="49.232356" lon="13.782871">
      </trkpt>
      <trkpt lat="49.229071" lon="13.781413">
      </trkpt>
      <trkpt lat="49.22867" lon="13.782048">
      </trkpt>
      <trkpt lat="49.228515" lon="13.782666">
      </trkpt>
      <trkpt lat="49.228486" lon="13.783853">
      </trkpt>
      <trkpt lat="49.227385" lon="13.787509">
      </trkpt>
      <trkpt lat="49.226803" lon="13.788998">
      </trkpt>
      <trkpt lat="49.218709" lon="13.791227">
      </trkpt>
      <trkpt lat="49.215446" lon="13.792748">
      </trkpt>
      <trkpt lat="49.215831" lon="13.794023">
      </trkpt>
      <trkpt lat="49.215173" lon="13.802021">
      </trkpt>
      <trkpt lat="49.21323" lon="13.803964">
      </trkpt>
      <trkpt lat="49.212609" lon="13.804547">
      </trkpt>
      <trkpt lat="49.213052" lon="13.804997">
      </trkpt>
      <trkpt lat="49.215348" lon="13.807085">
      </trkpt>
      <trkpt lat="49.223369" lon="13.810641">
      </trkpt>
      <trkpt lat="49.22681" lon="13.811699">
      </trkpt>
      <trkpt lat="49.232003" lon="13.818079">
      </trkpt>
      <trkpt lat="49.230998" lon="13.82018">
      </trkpt>
      <trkpt lat="49.231301" lon="13.821443">
      </trkpt>
      <trkpt lat="49.231319" lon="13.821498">
      </trkpt>
      <trkpt lat="49.231463" lon="13.821643">
      </trkpt>
      <trkpt lat="49.232087" lon="13.822082">
      </trkpt>
      <trkpt lat="49.234048" lon="13.824104">
      </trkpt>
      <trkpt lat="49.235896" lon="13.828737">
      </trkpt>
      <trkpt lat="49.236047" lon="13.829498">
      </trkpt>
      <trkpt lat="49.236364" lon="13.830354">
      </trkpt>
      <trkpt lat="49.236959" lon="13.831557">
      </trkpt>
      <trkpt lat="49.237203" lon="13.832065">
      </trkpt>
      <trkpt lat="49.237925" lon="13.833005">
      </trkpt>
      <trkpt lat="49.238484" lon="13.83375">
      </trkpt>
      <trkpt lat="49.238894" lon="13.834226">
      </trkpt>
      <trkpt lat="49.239183" lon="13.834517">
      </trkpt>
      <trkpt lat="49.241416" lon="13.83923">
      </trkpt>
      <trkpt lat="49.241355" lon="13.83998">
      </trkpt>
      <trkpt lat="49.241522" lon="13.846438">
      </trkpt>
      <trkpt lat="49.24057" lon="13.847771">
      </trkpt>
      <trkpt lat="49.238795" lon="13.849726">
      </trkpt>
      <trkpt lat="49.230679" lon="13.849192">
      </trkpt>
      <trkpt lat="49.230306" lon="13.846608">
      </trkpt>
      <trkpt lat="49.229434" lon="13.843095">
      </trkpt>
      <trkpt lat="49.229564" lon="13.842014">
      </trkpt>
      <trkpt lat="49.229828" lon="13.840849">
      </trkpt>
      <trkpt lat="49.229869" lon="13.840519">
      </trkpt>
      <trkpt lat="49.228869" lon="13.837219">
      </trkpt>
      <trkpt lat="49.226694" lon="13.838789">
      </trkpt>
      <trkpt lat="49.22029" lon="13.833899">
      </trkpt>
      <trkpt lat="49.219785" lon="13.833024">
      </trkpt>
      <trkpt lat="49.219228" lon="13.832725">
      </trkpt>
      <trkpt lat="49.21739" lon="13.831766">
      </trkpt>
      <trkpt lat="49.217121" lon="13.832131">
      </trkpt>
      <trkpt lat="49.215914" lon="13.833402">
      </trkpt>
      <trkpt lat="49.213767" lon="13.835407">
      </trkpt>
      <trkpt lat="49.212134" lon="13.836101">
      </trkpt>
      <trkpt lat="49.206902" lon="13.836339">
      </trkpt>
      <trkpt lat="49.204206" lon="13.828448">
      </trkpt>
      <trkpt lat="49.204204" lon="13.827896">
      </trkpt>
      <trkpt lat="49.202759" lon="13.82662">
      </trkpt>
      <trkpt lat="49.202501" lon="13.826652">
      </trkpt>
      <trkpt lat="49.201714" lon="13.826911">
      </trkpt>
      <trkpt lat="49.194115" lon="13.828817">
      </trkpt>
      <trkpt lat="49.190109" lon="13.826603">
      </trkpt>
      <trkpt lat="49.187063" lon="13.828521">
      </trkpt>
      <trkpt lat="49.179022" lon="13.825666">
      </trkpt>
      <trkpt lat="49.178389" lon="13.822685">
      </trkpt>
      <trkpt lat="49.174867" lon="13.823432">
      </trkpt>
      <trkpt lat="49.1755" lon="13.826414">
      </trkpt>
      <trkpt lat="49.175539" lon="13.826737">
      </trkpt>
      <trkpt lat="49.175575" lon="13.830004">
      </trkpt>
      <trkpt lat="49.169547" lon="13.835316">
      </trkpt>
      <trkpt lat="49.167616" lon="13.837358">
      </trkpt>
      <trkpt lat="49.1675" lon="13.838015">
      </trkpt>
      <trkpt lat="49.167468" lon="13.838405">
      </trkpt>
      <trkpt lat="49.168165" lon="13.838794">
      </trkpt>
      <trkpt lat="49.172068" lon="13.84094">
      </trkpt>
      <trkpt lat="49.17278" lon="13.847446">
      </trkpt>
      <trkpt lat="49.17254" lon="13.848199">
      </trkpt>
      <trkpt lat="49.172381" lon="13.848926">
      </trkpt>
      <trkpt lat="49.173171" lon="13.852523">
      </trkpt>
      <trkpt lat="49.179714" lon="13.856811">
      </trkpt>
      <trkpt lat="49.180463" lon="13.859306">
      </trkpt>
      <trkpt lat="49.180695" lon="13.860281">
      </trkpt>
      <trkpt lat="49.181332" lon="13.861157">
      </trkpt>
      <trkpt lat="49.183142" lon="13.866935">
      </trkpt>
      <trkpt lat="49.182052" lon="13.870366">
      </trkpt>
      <trkpt lat="49.179415" lon="13.878357">
      </trkpt>
      <trkpt lat="49.170981" lon="13.878922">
      </trkpt>
      <trkpt lat="49.170394" lon="13.878522">
      </trkpt>
      <trkpt lat="49.169782" lon="13.878242">
      </trkpt>
      <trkpt lat="49.165063" lon="13.88482">
      </trkpt>
      <trkpt lat="49.164322" lon="13.885457">
      </trkpt>
      <trkpt lat="49.164036" lon="13.886647">
      </trkpt>
      <trkpt lat="49.164391" lon="13.889827">
      </trkpt>
      <trkpt lat="49.163497" lon="13.896415">
      </trkpt>
      <trkpt lat="49.163418" lon="13.89677">
      </trkpt>
      <trkpt lat="49.163363" lon="13.897199">
      </trkpt>
      <trkpt lat="49.161929" lon="13.905541">
      </trkpt>
      <trkpt lat="49.162178" lon="13.909099">
      </trkpt>
      <trkpt lat="49.165778" lon="13.909121">
      </trkpt>
      <trkpt lat="49.172398" lon="13.908698">
      </trkpt>
      <trkpt lat="49.177968" lon="13.911461">
      </trkpt>
      <trkpt lat="49.185695" lon="13.912102">
      </trkpt>
      <trkpt lat="49.186278" lon="13.912351">
      </trkpt>
      <trkpt lat="49.189709" lon="13.920188">
      </trkpt>
      <trkpt lat="49.189447" lon="13.920901">
      </trkpt>
      <trkpt lat="49.188954" lon="13.921995">
      </trkpt>
      <trkpt lat="49.187938" lon="13.923982">
      </trkpt>
      <trkpt lat="49.187453" lon="13.928651">
      </trkpt>
      <trkpt lat="49.186591" lon="13.932013">
      </trkpt>
      <trkpt lat="49.186717" lon="13.932865">
      </trkpt>
      <trkpt lat="49.188654" lon="13.938969">
      </trkpt>
      <trkpt lat="49.187165" lon="13.945664">
      </trkpt>
      <trkpt lat="49.185214" lon="13.948147">
      </trkpt>
      <trkpt lat="49.184938" lon="13.948967">
      </trkpt>
      <trkpt lat="49.184942" lon="13.94963">
      </trkpt>
      <trkpt lat="49.183867" lon="13.953589">
      </trkpt>
      <trkpt lat="49.18635" lon="13.958855">
      </trkpt>
      <trkpt lat="49.189773" lon="13.959971">
      </trkpt>
      <trkpt lat="49.196879" lon="13.965279">
      </trkpt>
      <trkpt lat="49.196818" lon="13.965838">
      </trkpt>
      <trkpt lat="49.196923" lon="13.966577">
      </trkpt>
      <trkpt lat="49.196327" lon="13.971594">
      </trkpt>
      <trkpt lat="49.196655" lon="13.975074">
      </trkpt>
      <trkpt lat="49.202349" lon="13.981554">
      </trkpt>
      <trkpt lat="49.202619" lon="13.98243">
      </trkpt>
      <trkpt lat="49.203237" lon="13.984061">
      </trkpt>
      <trkpt lat="49.197608" lon="13.990003">
      </trkpt>
      <trkpt lat="49.194008" lon="13.990057">
      </trkpt>
      <trkpt lat="49.186768" lon="13.988182">
      </trkpt>
      <trkpt lat="49.185131" lon="13.985042">
      </trkpt>
      <trkpt lat="49.18421" lon="13.985649">
      </trkpt>
      <trkpt lat="49.175985" lon="13.983748">
      </trkpt>
      <trkpt lat="49.175433" lon="13.978372">
      </trkpt>
      <trkpt lat="49.175675" lon="13.977539">
      </trkpt>
      <trkpt lat="49.175778" lon="13.976972">
      </trkpt>
      <trkpt lat="49.175922" lon="13.975587">
      </trkpt>
      <trkpt lat="49.175924" lon="13.975026">
      </trkpt>
      <trkpt lat="49.175881" lon="13.973964">
      </trkpt>
      <trkpt lat="49.175879" lon="13.973286">
      </trkpt>
      <trkpt lat="49.175918" lon="13.97227">
      </trkpt>
      <trkpt lat="49.175899" lon="13.971692">
      </trkpt>
      <trkpt lat="49.175849" lon="13.971233">
      </trkpt>
      <trkpt lat="49.175805" lon="13.97003">
      </trkpt>
      <trkpt lat="49.175773" lon="13.969678">
      </trkpt>
      <trkpt lat="49.175565" lon="13.968113">
      </trkpt>
      <trkpt lat="49.175551" lon="13.96734">
      </trkpt>
      <trkpt lat="49.175581" lon="13.966427">
      </trkpt>
      <trkpt lat="49.17554" lon="13.965301">
      </trkpt>
      <trkpt lat="49.176211" lon="13.962165">
      </trkpt>
      <trkpt lat="49.176377" lon="13.961475">
      </trkpt>
      <trkpt lat="49.176371" lon="13.960561">
      </trkpt>
      <trkpt lat="49.175061" lon="13.959144">
      </trkpt>
      <trkpt lat="49.171173" lon="13.954613">
      </trkpt>
      <trkpt lat="49.170982" lon="13.953799">
      </trkpt>
      <trkpt lat="49.170763" lon="13.953149">
      </trkpt>
      <trkpt lat="49.170395" lon="13.952482">
      </trkpt>
      <trkpt lat="49.170141" lon="13.952175">
      </trkpt>
      <trkpt lat="49.169253" lon="13.950875">
      </trkpt>
      <trkpt lat="49.166061" lon="13.95254">
      </trkpt>
      <trkpt lat="49.166257" lon="13.952916">
      </trkpt>
      <trkpt lat="49.166902" lon="13.953936">
      </trkpt>
      <trkpt lat="49.167819" lon="13.956429">
      </trkpt>
      <trkpt lat="49.168419" lon="13.958668">
      </trkpt>
      <trkpt lat="49.168551" lon="13.959212">
      </trkpt>
      <trkpt lat="49.168766" lon="13.959769">
      </trkpt>
      <trkpt lat="49.169163" lon="13.961752">
      </trkpt>
      <trkpt lat="49.170771" lon="13.964973">
      </trkpt>
      <trkpt lat="49.171969" lon="13.968286">
      </trkpt>
      <trkpt lat="49.172202" lon="13.970139">
      </trkpt>
      <trkpt lat="49.17222" lon="13.97035">
      </trkpt>
      <trkpt lat="49.164489" lon="13.974762">
      </trkpt>
      <trkpt lat="49.164019" lon="13.974394">
      </trkpt>
      <trkpt lat="49.163646" lon="13.974179">
      </trkpt>
      <trkpt lat="49.163134" lon="13.973993">
      </trkpt>
      <trkpt lat="49.161266" lon="13.972887">
      </trkpt>
      <trkpt lat="49.160965" lon="13.972656">
      </trkpt>
      <trkpt lat="49.158059" lon="13.966953">
      </trkpt>
      <trkpt lat="49.15799" lon="13.965348">
      </trkpt>
      <trkpt lat="49.157988" lon="13.965021">
      </trkpt>
      <trkpt lat="49.158012" lon="13.964512">
      </trkpt>
      <trkpt lat="49.154416" lon="13.964342">
      </trkpt>
      <trkpt lat="49.154392" lon="13.964851">
      </trkpt>
      <trkpt lat="49.15439" lon="13.965348">
      </trkpt>
      <trkpt lat="49.154463" lon="13.967105">
      </trkpt>
      <trkpt lat="49.152231" lon="13.974535">
      </trkpt>
      <trkpt lat="49.153888" lon="13.976607">
      </trkpt>
      <trkpt lat="49.154436" lon="13.97738">
      </trkpt>
      <trkpt lat="49.155585" lon="13.977651">
      </trkpt>
      <trkpt lat="49.155653" lon="13.977648">
      </trkpt>
      <trkpt lat="49.163628" lon="13.978856">
      </trkpt>
      <trkpt lat="49.164324" lon="13.979234">
      </trkpt>
      <trkpt lat="49.164887" lon="13.97947">
      </trkpt>
      <trkpt lat="49.16583" lon="13.979815">
      </trkpt>
      <trkpt lat="49.166665" lon="13.98021">
      </trkpt>
      <trkpt lat="49.168586" lon="13.981429">
      </trkpt>
      <trkpt lat="49.169228" lon="13.981826">
      </trkpt>
      <trkpt lat="49.172293" lon="13.984928">
      </trkpt>
      <trkpt lat="49.17256" lon="13.990187">
      </trkpt>
      <trkpt lat="49.171448" lon="13.992886">
      </trkpt>
      <trkpt lat="49.170791" lon="13.993772">
      </trkpt>
      <trkpt lat="49.170438" lon="13.994774">
      </trkpt>
      <trkpt lat="49.16303" lon="13.998383">
      </trkpt>
      <trkpt lat="49.162196" lon="13.998451">
      </trkpt>
      <trkpt lat="49.16122" lon="13.998861">
      </trkpt>
      <trkpt lat="49.158712" lon="14.001412">
      </trkpt>
      <trkpt lat="49.158675" lon="14.001998">
      </trkpt>
      <trkpt lat="49.158718" lon="14.003246">
      </trkpt>
      <trkpt lat="49.160913" lon="14.006254">
      </trkpt>
      <trkpt lat="49.164665" lon="14.007632">
      </trkpt>
      <trkpt lat="49.168224" lon="14.008169">
      </trkpt>
      <trkpt lat="49.171252" lon="14.003442">
      </trkpt>
      <trkpt lat="49.171975" lon="14.002657">
      </trkpt>
      <trkpt lat="49.172295" lon="14.001918">
      </trkpt>
      <trkpt lat="49.1804" lon="13.998645">
      </trkpt>
      <trkpt lat="49.183023" lon="14.00502">
      </trkpt>
      <trkpt lat="49.184759" lon="14.008109">
      </trkpt>
      <trkpt lat="49.184789" lon="14.008157">
      </trkpt>
      <trkpt lat="49.186601" lon="14.014435">
      </trkpt>
      <trkpt lat="49.186606" lon="14.015372">
      </trkpt>
      <trkpt lat="49.186585" lon="14.016255">
      </trkpt>
      <trkpt lat="49.186369" lon="14.018326">
      </trkpt>
      <trkpt lat="49.180139" lon="14.024173">
      </trkpt>
      <trkpt lat="49.179419" lon="14.024157">
      </trkpt>
      <trkpt lat="49.178299" lon="14.024217">
      </trkpt>
      <trkpt lat="49.177103" lon="14.024346">
      </trkpt>
      <trkpt lat="49.175037" lon="14.024274">
      </trkpt>
      <trkpt lat="49.173696" lon="14.024428">
      </trkpt>
      <trkpt lat="49.165724" lon="14.027298">
      </trkpt>
      <trkpt lat="49.161989" lon="14.025142">
      </trkpt>
      <trkpt lat="49.158602" lon="14.023922">
      </trkpt>
      <trkpt lat="49.151824" lon="14.025884">
      </trkpt>
      <trkpt lat="49.15104" lon="14.027284">
      </trkpt>
      <trkpt lat="49.149584" lon="14.030576">
      </trkpt>
      <trkpt lat="49.14916" lon="14.039167">
      </trkpt>
      <trkpt lat="49.148907" lon="14.040988">
      </trkpt>
      <trkpt lat="49.148791" lon="14.043388">
      </trkpt>
      <trkpt lat="49.148742" lon="14.044002">
      </trkpt>
      <trkpt lat="49.148435" lon="14.045598">
      </trkpt>
      <trkpt lat="49.148269" lon="14.046362">
      </trkpt>
      <trkpt lat="49.141158" lon="14.051252">
      </trkpt>
      <trkpt lat="49.137575" lon="14.051609">
      </trkpt>
      <trkpt lat="49.135477" lon="14.058675">
      </trkpt>
      <trkpt lat="49.132427" lon="14.061707">
      </trkpt>
      <trkpt lat="49.131938" lon="14.06207">
      </trkpt>
      <trkpt lat="49.134082" lon="14.064962">
      </trkpt>
      <trkpt lat="49.131788" lon="14.071611">
      </trkpt>
      <trkpt lat="49.126906" lon="14.074735">
      </trkpt>
      <trkpt lat="49.122672" lon="14.076317">
      </trkpt>
      <trkpt lat="49.12252" lon="14.076394">
      </trkpt>
      <trkpt lat="49.122112" lon="14.07666">
      </trkpt>
      <trkpt lat="49.120031" lon="14.078477">
      </trkpt>
      <trkpt lat="49.120004" lon="14.078697">
      </trkpt>
      <trkpt lat="49.119999" lon="14.079301">
      </trkpt>
      <trkpt lat="49.120132" lon="14.079616">
      </trkpt>
      <trkpt lat="49.120841" lon="14.080501">
      </trkpt>
      <trkpt lat="49.125241" lon="14.086705">
      </trkpt>
      <trkpt lat="49.130111" lon="14.091105">
      </trkpt>
      <trkpt lat="49.131281" lon="14.091977">
      </trkpt>
      <trkpt lat="49.132592" lon="14.093035">
      </trkpt>
      <trkpt lat="49.134327" lon="14.094357">
      </trkpt>
      <trkpt lat="49.134537" lon="14.094531">
      </trkpt>
      <trkpt lat="49.135691" lon="14.095488">
      </trkpt>
      <trkpt lat="49.1373" lon="14.094034">
      </trkpt>
      <trkpt lat="49.142902" lon="14.09156">
      </trkpt>
      <trkpt lat="49.147167" lon="14.093226">
      </trkpt>
      <trkpt lat="49.147485" lon="14.093237">
      </trkpt>
      <trkpt lat="49.148094" lon="14.09316">
      </trkpt>
      <trkpt lat="49.14931" lon="14.093083">
      </trkpt>
      <trkpt lat="49.152629" lon="14.093251">
      </trkpt>
      <trkpt lat="49.159306" lon="14.098228">
      </trkpt>
      <trkpt lat="49.159664" lon="14.098983">
      </trkpt>
      <trkpt lat="49.160468" lon="14.101537">
      </trkpt>
      <trkpt lat="49.162098" lon="14.103673">
      </trkpt>
      <trkpt lat="49.162785" lon="14.105261">
      </trkpt>
      <trkpt lat="49.159103" lon="14.112467">
      </trkpt>
      <trkpt lat="49.157485" lon="14.11353">
      </trkpt>
      <trkpt lat="49.156984" lon="14.113789">
      </trkpt>
      <trkpt lat="49.154084" lon="14.114632">
      </trkpt>
      <trkpt lat="49.151412" lon="14.115773">
      </trkpt>
      <trkpt lat="49.146004" lon="14.1219">
      </trkpt>
      <trkpt lat="49.142549" lon="14.12291">
      </trkpt>
      <trkpt lat="49.142795" lon="14.123752">
      </trkpt>
      <trkpt lat="49.143107" lon="14.124639">
      </trkpt>
      <trkpt lat="49.143376" lon="14.125336">
      </trkpt>
      <trkpt lat="49.143902" lon="14.126474">
      </trkpt>
      <trkpt lat="49.144667" lon="14.129382">
      </trkpt>
      <trkpt lat="49.1439" lon="14.134814">
      </trkpt>
      <trkpt lat="49.142751" lon="14.138565">
      </trkpt>
      <trkpt lat="49.140343" lon="14.142592">
      </trkpt>
      <trkpt lat="49.134006" lon="14.142827">
      </trkpt>
      <trkpt lat="49.132605" lon="14.142172">
      </trkpt>
      <trkpt lat="49.131295" lon="14.141494">
      </trkpt>
      <trkpt lat="49.128051" lon="14.138104">
      </trkpt>
      <trkpt lat="49.125156" lon="14.135964">
      </trkpt>
      <trkpt lat="49.122618" lon="14.138308">
      </trkpt>
      <trkpt lat="49.123099" lon="14.139311">
      </trkpt>
      <trkpt lat="49.1236" lon="14.140087">
      </trkpt>
      <trkpt lat="49.124861" lon="14.142854">
      </trkpt>
      <trkpt lat="49.124958" lon="14.143201">
      </trkpt>
      <trkpt lat="49.125062" lon="14.143482">
      </trkpt>
      <trkpt lat="49.125381" lon="14.144068">
      </trkpt>
      <trkpt lat="49.125945" lon="14.144746">
      </trkpt>
      <trkpt lat="49.125837" lon="14.153663">
      </trkpt>
      <trkpt lat="49.125302" lon="14.154066">
      </trkpt>
      <trkpt lat="49.124932" lon="14.154481">
      </trkpt>
      <trkpt lat="49.12267" lon="14.156473">
      </trkpt>
      <trkpt lat="49.114331" lon="14.155312">
      </trkpt>
      <trkpt lat="49.113622" lon="14.153713">
      </trkpt>
      <trkpt lat="49.112625" lon="14.151119">
      </trkpt>
      <trkpt lat="49.110462" lon="14.149571">
      </trkpt>
      <trkpt lat="49.108059" lon="14.152253">
      </trkpt>
      <trkpt lat="49.103366" lon="14.157211">
      </trkpt>
      <trkpt lat="49.101133" lon="14.160649">
      </trkpt>
      <trkpt lat="49.101201" lon="14.16105">
      </trkpt>
      <trkpt lat="49.10372" lon="14.16344">
      </trkpt>
      <trkpt lat="49.110095" lon="14.168481">
      </trkpt>
      <trkpt lat="49.109982" lon="14.171235">
      </trkpt>
      <trkpt lat="49.105142" lon="14.177565">
      </trkpt>
      <trkpt lat="49.101547" lon="14.177374">
      </trkpt>
      <trkpt lat="49.09979" lon="14.18028">
      </trkpt>
      <trkpt lat="49.097446" lon="14.185197">
      </trkpt>
      <trkpt lat="49.096829" lon="14.186586">
      </trkpt>
      <trkpt lat="49.098301" lon="14.188694">
      </trkpt>
      <trkpt lat="49.101152" lon="14.192425">
      </trkpt>
      <trkpt lat="49.096842" lon="14.198894">
      </trkpt>
      <trkpt lat="49.091495" lon="14.199394">
      </trkpt>
      <trkpt lat="49.086788" lon="14.203435">
      </trkpt>
      <trkpt lat="49.08018" lon="14.207421">
      </trkpt>
      <trkpt lat="49.07474" lon="14.207249">
      </trkpt>
      <trkpt lat="49.071172" lon="14.207724">
      </trkpt>
      <trkpt lat="49.069283" lon="14.208408">
      </trkpt>
      <trkpt lat="49.06841" lon="14.2119">
      </trkpt>
      <trkpt lat="49.070864" lon="14.212514">
      </trkpt>
      <trkpt lat="49.071398" lon="14.212765">
      </trkpt>
      <trkpt lat="49.075653" lon="14.218279">
      </trkpt>
      <trkpt lat="49.074624" lon="14.222383">
      </trkpt>
      <trkpt lat="49.077518" lon="14.224525">
      </trkpt>
      <trkpt lat="49.084417" lon="14.224023">
      </trkpt>
      <trkpt lat="49.08494" lon="14.224299">
      </trkpt>
      <trkpt lat="49.088066" lon="14.226319">
      </trkpt>
      <trkpt lat="49.085711" lon="14.23415">
      </trkpt>
      <trkpt lat="49.080409" lon="14.241228">
      </trkpt>
      <trkpt lat="49.077084" lon="14.242607">
      </trkpt>
      <trkpt lat="49.077943" lon="14.244943">
      </trkpt>
      <trkpt lat="49.078226" lon="14.245616">
      </trkpt>
      <trkpt lat="49.079147" lon="14.251816">
      </trkpt>
      <trkpt lat="49.077208" lon="14.257724">
      </trkpt>
      <trkpt lat="49.077176" lon="14.261825">
      </trkpt>
      <trkpt lat="49.077607" lon="14.265643">
      </trkpt>
      <trkpt lat="49.076913" lon="14.27457">
      </trkpt>
      <trkpt lat="49.076653" lon="14.275665">
      </trkpt>
      <trkpt lat="49.076238" lon="14.277389">
      </trkpt>
      <trkpt lat="49.073851" lon="14.28409">
      </trkpt>
      <trkpt lat="49.074291" lon="14.285785">
      </trkpt>
      <trkpt lat="49.074318" lon="14.285813">
      </trkpt>
      <trkpt lat="49.077075" lon="14.285691">
      </trkpt>
      <trkpt lat="49.077233" lon="14.285372">
      </trkpt>
      <trkpt lat="49.077886" lon="14.283928">
      </trkpt>
      <trkpt lat="49.078366" lon="14.282722">
      </trkpt>
      <trkpt lat="49.078771" lon="14.281611">
      </trkpt>
      <trkpt lat="49.079246" lon="14.28011">
      </trkpt>
      <trkpt lat="49.079721" lon="14.278299">
      </trkpt>
      <trkpt lat="49.088339" lon="14.279951">
      </trkpt>
      <trkpt lat="49.088419" lon="14.280629">
      </trkpt>
      <trkpt lat="49.088601" lon="14.281497">
      </trkpt>
      <trkpt lat="49.088672" lon="14.282543">
      </trkpt>
      <trkpt lat="49.091642" lon="14.282406">
      </trkpt>
      <trkpt lat="49.092264" lon="14.282299">
      </trkpt>
      <trkpt lat="49.093899" lon="14.281659">
      </trkpt>
      <trkpt lat="49.093845" lon="14.280886">
      </trkpt>
      <trkpt lat="49.093795" lon="14.280566">
      </trkpt>
      <trkpt lat="49.093543" lon="14.279693">
      </trkpt>
      <trkpt lat="49.091947" lon="14.27646">
      </trkpt>
      <trkpt lat="49.091656" lon="14.275928">
      </trkpt>
      <trkpt lat="49.091243" lon="14.27549">
      </trkpt>
      <trkpt lat="49.08957" lon="14.273679">
      </trkpt>
      <trkpt lat="49.087854" lon="14.270468">
      </trkpt>
      <trkpt lat="49.0873" lon="14.268798">
      </trkpt>
      <trkpt lat="49.089074" lon="14.261096">
      </trkpt>
      <trkpt lat="49.090587" lon="14.259134">
      </trkpt>
      <trkpt lat="49.092101" lon="14.257172">
      </trkpt>
      <trkpt lat="49.093614" lon="14.25521">
      </trkpt>
      <trkpt lat="49.095127" lon="14.253248">
      </trkpt>
      <trkpt lat="49.102879" lon="14.251144">
      </trkpt>
      <trkpt lat="49.104556" lon="14.253585">
      </trkpt>
      <trkpt lat="49.105678" lon="14.255104">
      </trkpt>
      <trkpt lat="49.10593" lon="14.255376">
      </trkpt>
      <trkpt lat="49.106438" lon="14.255832">
      </trkpt>
      <trkpt lat="49.107382" lon="14.256627">
      </trkpt>
      <trkpt lat="49.107776" lon="14.257013">
      </trkpt>
      <trkpt lat="49.109733" lon="14.258014">
      </trkpt>
      <trkpt lat="49.111034" lon="14.25782">
      </trkpt>
      <trkpt lat="49.11844" lon="14.262204">
      </trkpt>
      <trkpt lat="49.11862" lon="14.263719">
      </trkpt>
      <trkpt lat="49.118621" lon="14.26474">
      </trkpt>
      <trkpt lat="49.118635" lon="14.26507">
      </trkpt>
      <trkpt lat="49.118566" lon="14.267467">
      </trkpt>
      <trkpt lat="49.12214" lon="14.267903">
      </trkpt>
      <trkpt lat="49.127505" lon="14.2662">
      </trkpt>
      <trkpt lat="49.127462" lon="14.265712">
      </trkpt>
      <trkpt lat="49.127042" lon="14.263923">
      </trkpt>
      <trkpt lat="49.126842" lon="14.256983">
      </trkpt>
      <trkpt lat="49.127007" lon="14.256545">
      </trkpt>
      <trkpt lat="49.127221" lon="14.255843">
      </trkpt>
      <trkpt lat="49.127744" lon="14.253741">
      </trkpt>
      <trkpt lat="49.12786" lon="14.253398">
      </trkpt>
      <trkpt lat="49.127988" lon="14.253056">
      </trkpt>
      <trkpt lat="49.130205" lon="14.249815">
      </trkpt>
      <trkpt lat="49.136325" lon="14.248681">
      </trkpt>
      <trkpt lat="49.139917" lon="14.248928">
      </trkpt>
      <trkpt lat="49.143419" lon="14.257101">
      </trkpt>
      <trkpt lat="49.148" lon="14.261214">
      </trkpt>
      <trkpt lat="49.147353" lon="14.268455">
      </trkpt>
      <trkpt lat="49.145657" lon="14.271631">
      </trkpt>
      <trkpt lat="49.149509" lon="14.279459">
      </trkpt>
      <trkpt lat="49.149484" lon="14.280546">
      </trkpt>
      <trkpt lat="49.149388" lon="14.281525">
      </trkpt>
      <trkpt lat="49.149243" lon="14.282547">
      </trkpt>
      <trkpt lat="49.152801" lon="14.287911">
      </trkpt>
      <trkpt lat="49.14683" lon="14.292066">
      </trkpt>
      <trkpt lat="49.145581" lon="14.29303">
      </trkpt>
      <trkpt lat="49.145115" lon="14.293603">
      </trkpt>
      <trkpt lat="49.144549" lon="14.294851">
      </trkpt>
      <trkpt lat="49.144626" lon="14.295245">
      </trkpt>
      <trkpt lat="49.147014" lon="14.300793">
      </trkpt>
      <trkpt lat="49.147221" lon="14.304301">
      </trkpt>
      <trkpt lat="49.149314" lon="14.306665">
      </trkpt>
      <trkpt lat="49.149376" lon="14.306651">
      </trkpt>
      <trkpt lat="49.1506" lon="14.305543">
      </trkpt>
      <trkpt lat="49.150604" lon="14.305531">
      </trkpt>
      <trkpt lat="49.155269" lon="14.300797">
      </trkpt>
      <trkpt lat="49.160216" lon="14.303126">
      </trkpt>
      <trkpt lat="49.161177" lon="14.305346">
      </trkpt>
      <trkpt lat="49.161451" lon="14.305895">
      </trkpt>
      <trkpt lat="49.161837" lon="14.306733">
      </trkpt>
      <trkpt lat="49.162303" lon="14.307586">
      </trkpt>
      <trkpt lat="49.162904" lon="14.311767">
      </trkpt>
      <trkpt lat="49.166501" lon="14.311915">
      </trkpt>
      <trkpt lat="49.167728" lon="14.309219">
      </trkpt>
      <trkpt lat="49.167623" lon="14.309032">
      </trkpt>
      <trkpt lat="49.166307" lon="14.305945">
      </trkpt>
      <trkpt lat="49.165364" lon="14.299828">
      </trkpt>
      <trkpt lat="49.16572" lon="14.298279">
      </trkpt>
      <trkpt lat="49.165799" lon="14.297845">
      </trkpt>
      <trkpt lat="49.165967" lon="14.296683">
      </trkpt>
      <trkpt lat="49.166103" lon="14.296029">
      </trkpt>
      <trkpt lat="49.166229" lon="14.295539">
      </trkpt>
      <trkpt lat="49.162039" lon="14.289327">
      </trkpt>
      <trkpt lat="49.166187" lon="14.283861">
      </trkpt>
      <trkpt lat="49.169785" lon="14.283988">
      </trkpt>
      <trkpt lat="49.177058" lon="14.287952">
      </trkpt>
      <trkpt lat="49.176326" lon="14.291477">
      </trkpt>
      <trkpt lat="49.177068" lon="14.291631">
      </trkpt>
      <trkpt lat="49.18321" lon="14.296542">
      </trkpt>
      <trkpt lat="49.183605" lon="14.303179">
      </trkpt>
      <trkpt lat="49.183411" lon="14.303815">
      </trkpt>
      <trkpt lat="49.183239" lon="14.304475">
      </trkpt>
      <trkpt lat="49.18273" lon="14.30651">
      </trkpt>
      <trkpt lat="49.182647" lon="14.306968">
      </trkpt>
      <trkpt lat="49.182442" lon="14.308299">
      </trkpt>
      <trkpt lat="49.181539" lon="14.31063">
      </trkpt>
      <trkpt lat="49.181165" lon="14.311803">
      </trkpt>
      <trkpt lat="49.180992" lon="14.312481">
      </trkpt>
      <trkpt lat="49.18012" lon="14.314878">
      </trkpt>
      <trkpt lat="49.180113" lon="14.314976">
      </trkpt>
      <trkpt lat="49.180122" lon="14.31535">
      </trkpt>
      <trkpt lat="49.180915" lon="14.317367">
      </trkpt>
      <trkpt lat="49.181382" lon="14.320115">
      </trkpt>
      <trkpt lat="49.181394" lon="14.320696">
      </trkpt>
      <trkpt lat="49.183424" lon="14.321126">
      </trkpt>
      <trkpt lat="49.183557" lon="14.321098">
      </trkpt>
      <trkpt lat="49.184993" lon="14.320621">
      </trkpt>
      <trkpt lat="49.184981" lon="14.320041">
      </trkpt>
      <trkpt lat="49.184986" lon="14.319348">
      </trkpt>
      <trkpt lat="49.18471" lon="14.316257">
      </trkpt>
      <trkpt lat="49.190774" lon="14.309921">
      </trkpt>
      <trkpt lat="49.191654" lon="14.310008">
      </trkpt>
      <trkpt lat="49.192566" lon="14.309757">
      </trkpt>
      <trkpt lat="49.193073" lon="14.309429">
      </trkpt>
      <trkpt lat="49.193494" lon="14.309019">
      </trkpt>
      <trkpt lat="49.193724" lon="14.308729">
      </trkpt>
      <trkpt lat="49.199436" lon="14.304267">
      </trkpt>
      <trkpt lat="49.206647" lon="14.303098">
      </trkpt>
      <trkpt lat="49.209651" lon="14.304279">
      </trkpt>
      <trkpt lat="49.215374" lon="14.307532">
      </trkpt>
      <trkpt lat="49.217869" lon="14.311151">
      </trkpt>
      <trkpt lat="49.212898" lon="14.318091">
      </trkpt>
      <trkpt lat="49.209308" lon="14.318361">
      </trkpt>
      <trkpt lat="49.204406" lon="14.320906">
      </trkpt>
      <trkpt lat="49.201432" lon="14.327619">
      </trkpt>
      <trkpt lat="49.19812" lon="14.329029">
      </trkpt>
      <trkpt lat="49.198248" lon="14.329329">
      </trkpt>
      <trkpt lat="49.198414" lon="14.329641">
      </trkpt>
      <trkpt lat="49.198896" lon="14.330511">
      </trkpt>
      <trkpt lat="49.199256" lon="14.335569">
      </trkpt>
      <trkpt lat="49.192999" lon="14.339454">
      </trkpt>
      <trkpt lat="49.189484" lon="14.340232">
      </trkpt>
      <trkpt lat="49.189093" lon="14.344673">
      </trkpt>
      <trkpt lat="49.189612" lon="14.345927">
      </trkpt>
      <trkpt lat="49.189866" lon="14.346441">
      </trkpt>
      <trkpt lat="49.191926" lon="14.348024">
      </trkpt>
      <trkpt lat="49.198138" lon="14.349681">
      </trkpt>
      <trkpt lat="49.204279" lon="14.353916">
      </trkpt>
      <trkpt lat="49.206986" lon="14.358148">
      </trkpt>
      <trkpt lat="49.207104" lon="14.358381">
      </trkpt>
      <trkpt lat="49.210315" lon="14.356752">
      </trkpt>
      <trkpt lat="49.21627" lon="14.358828">
      </trkpt>
      <trkpt lat="49.216378" lon="14.363798">
      </trkpt>
      <trkpt lat="49.215445" lon="14.365427">
      </trkpt>
      <trkpt lat="49.214725" lon="14.366814">
      </trkpt>
      <trkpt lat="49.214521" lon="14.367342">
      </trkpt>
      <trkpt lat="49.214077" lon="14.368937">
      </trkpt>
      <trkpt lat="49.21361" lon="14.370589">
      </trkpt>
      <trkpt lat="49.215093" lon="14.371126">
      </trkpt>
      <trkpt lat="49.222188" lon="14.374227">
      </trkpt>
      <trkpt lat="49.223546" lon="14.375439">
      </trkpt>
      <trkpt lat="49.228786" lon="14.378951">
      </trkpt>
      <trkpt lat="49.231277" lon="14.380664">
      </trkpt>
      <trkpt lat="49.233637" lon="14.381133">
      </trkpt>
      <trkpt lat="49.233718" lon="14.380904">
      </trkpt>
      <trkpt lat="49.233868" lon="14.3804">
      </trkpt>
      <trkpt lat="49.234152" lon="14.379178">
      </trkpt>
      <trkpt lat="49.234424" lon="14.376755">
      </trkpt>
      <trkpt lat="49.234498" lon="14.372345">
      </trkpt>
      <trkpt lat="49.235929" lon="14.363524">
      </trkpt>
      <trkpt lat="49.238755" lon="14.360435">
      </trkpt>
      <trkpt lat="49.244094" lon="14.354269">
      </trkpt>
      <trkpt lat="49.244333" lon="14.353691">
      </trkpt>
      <trkpt lat="49.24442" lon="14.353051">
      </trkpt>
      <trkpt lat="49.244417" lon="14.352675">
      </trkpt>
      <trkpt lat="49.24629" lon="14.345848">
      </trkpt>
      <trkpt lat="49.249433" lon="14.342692">
      </trkpt>
      <trkpt lat="49.249766" lon="14.341968">
      </trkpt>
      <trkpt lat="49.251515" lon="14.339443">
      </trkpt>
      <trkpt lat="49.260305" lon="14.337595">
      </trkpt>
      <trkpt lat="49.261027" lon="14.337374">
      </trkpt>
      <trkpt lat="49.261038" lon="14.334202">
      </trkpt>
      <trkpt lat="49.260824" lon="14.332734">
      </trkpt>
      <trkpt lat="49.26077" lon="14.332275">
      </trkpt>
      <trkpt lat="49.260738" lon="14.331836">
      </trkpt>
      <trkpt lat="49.260712" lon="14.330604">
      </trkpt>
      <trkpt lat="49.260652" lon="14.330063">
      </trkpt>
      <trkpt lat="49.260507" lon="14.329448">
      </trkpt>
      <trkpt lat="49.260287" lon="14.328854">
      </trkpt>
      <trkpt lat="49.263943" lon="14.321104">
      </trkpt>
      <trkpt lat="49.267" lon="14.319202">
      </trkpt>
      <trkpt lat="49.275013" lon="14.323247">
      </trkpt>
      <trkpt lat="49.274791" lon="14.325161">
      </trkpt>
      <trkpt lat="49.278368" lon="14.325574">
      </trkpt>
      <trkpt lat="49.282254" lon="14.325438">
      </trkpt>
      <trkpt lat="49.285844" lon="14.325707">
      </trkpt>
      <trkpt lat="49.292091" lon="14.330868">
      </trkpt>
      <trkpt lat="49.295655" lon="14.331372">
      </trkpt>
      <trkpt lat="49.30138" lon="14.328859">
      </trkpt>
      <trkpt lat="49.302819" lon="14.32836">
      </trkpt>
      <trkpt lat="49.303481" lon="14.328139">
      </trkpt>
      <trkpt lat="49.304165" lon="14.327659">
      </trkpt>
      <trkpt lat="49.304637" lon="14.326946">
      </trkpt>
      <trkpt lat="49.304814" lon="14.326436">
      </trkpt>
      <trkpt lat="49.304909" lon="14.325866">
      </trkpt>
      <trkpt lat="49.306861" lon="14.321777">
      </trkpt>
      <trkpt lat="49.307403" lon="14.31941">
      </trkpt>
      <trkpt lat="49.307938" lon="14.31702">
      </trkpt>
      <trkpt lat="49.308507" lon="14.315441">
      </trkpt>
      <trkpt lat="49.308815" lon="14.314801">
      </trkpt>
      <trkpt lat="49.309041" lon="14.313774">
      </trkpt>
      <trkpt lat="49.310187" lon="14.310484">
      </trkpt>
      <trkpt lat="49.309944" lon="14.306508">
      </trkpt>
      <trkpt lat="49.309978" lon="14.305974">
      </trkpt>
      <trkpt lat="49.312512" lon="14.299422">
      </trkpt>
      <trkpt lat="49.314962" lon="14.297322">
      </trkpt>
      <trkpt lat="49.316306" lon="14.296125">
      </trkpt>
      <trkpt lat="49.319018" lon="14.293938">
      </trkpt>
      <trkpt lat="49.326384" lon="14.296628">
      </trkpt>
      <trkpt lat="49.326651" lon="14.296994">
      </trkpt>
      <trkpt lat="49.327006" lon="14.297333">
      </trkpt>
      <trkpt lat="49.331289" lon="14.304521">
      </trkpt>
      <trkpt lat="49.328063" lon="14.31269">
      </trkpt>
      <trkpt lat="49.327371" lon="14.313763">
      </trkpt>
      <trkpt lat="49.325452" lon="14.315795">
      </trkpt>
      <trkpt lat="49.324366" lon="14.316723">
      </trkpt>
      <trkpt lat="49.323583" lon="14.317573">
      </trkpt>
      <trkpt lat="49.323165" lon="14.31848">
      </trkpt>
      <trkpt lat="49.322993" lon="14.319025">
      </trkpt>
      <trkpt lat="49.321093" lon="14.327579">
      </trkpt>
      <trkpt lat="49.318812" lon="14.328914">
      </trkpt>
      <trkpt lat="49.315892" lon="14.331019">
      </trkpt>
      <trkpt lat="49.316193" lon="14.331471">
      </trkpt>
      <trkpt lat="49.318476" lon="14.33564">
      </trkpt>
      <trkpt lat="49.318655" lon="14.336127">
      </trkpt>
      <trkpt lat="49.319313" lon="14.337178">
      </trkpt>
      <trkpt lat="49.324689" lon="14.343402">
      </trkpt>
      <trkpt lat="49.324739" lon="14.345235">
      </trkpt>
      <trkpt lat="49.324789" lon="14.346982">
      </trkpt>
      <trkpt lat="49.324734" lon="14.35007">
      </trkpt>
      <trkpt lat="49.324685" lon="14.350572">
      </trkpt>
      <trkpt lat="49.323419" lon="14.355615">
      </trkpt>
      <trkpt lat="49.323807" lon="14.356812">
      </trkpt>
      <trkpt lat="49.326406" lon="14.360806">
      </trkpt>
      <trkpt lat="49.327778" lon="14.361327">
      </trkpt>
      <trkpt lat="49.332013" lon="14.368966">
      </trkpt>
      <trkpt lat="49.335366" lon="14.375942">
      </trkpt>
      <trkpt lat="49.340703" lon="14.379533">
      </trkpt>
      <trkpt lat="49.339119" lon="14.384457">
      </trkpt>
      <trkpt lat="49.338598" lon="14.385104">
      </trkpt>
      <trkpt lat="49.338379" lon="14.385696">
      </trkpt>
      <trkpt lat="49.338327" lon="14.38604">
      </trkpt>
      <trkpt lat="49.338153" lon="14.387892">
      </trkpt>
      <trkpt lat="49.338163" lon="14.388149">
      </trkpt>
      <trkpt lat="49.343879" lon="14.392344">
      </trkpt>
      <trkpt lat="49.34597" lon="14.398217">
      </trkpt>
      <trkpt lat="49.346203" lon="14.399098">
      </trkpt>
      <trkpt lat="49.346537" lon="14.40088">
      </trkpt>
      <trkpt lat="49.34734" lon="14.403137">
      </trkpt>
      <trkpt lat="49.344569" lon="14.410186">
      </trkpt>
      <trkpt lat="49.345314" lon="14.414841">
      </trkpt>
      <trkpt lat="49.342172" lon="14.42016">
      </trkpt>
      <trkpt lat="49.344348" lon="14.423028">
      </trkpt>
      <trkpt lat="49.352029" lon="14.425981">
      </trkpt>
      <trkpt lat="49.35148" lon="14.429538">
      </trkpt>
      <trkpt lat="49.351446" lon="14.430796">
      </trkpt>
      <trkpt lat="49.350415" lon="14.434006">
      </trkpt>
      <trkpt lat="49.353842" lon="14.435107">
      </trkpt>
      <trkpt lat="49.356753" lon="14.4303">
      </trkpt>
      <trkpt lat="49.357237" lon="14.426733">
      </trkpt>
      <trkpt lat="49.361279" lon="14.420678">
      </trkpt>
      <trkpt lat="49.364403" lon="14.418889">
      </trkpt>
      <trkpt lat="49.367896" lon="14.415055">
      </trkpt>
      <trkpt lat="49.374021" lon="14.419418">
      </trkpt>
      <trkpt lat="49.374092" lon="14.420174">
      </trkpt>
      <trkpt lat="49.373106" lon="14.425841">
      </trkpt>
      <trkpt lat="49.372972" lon="14.426628">
      </trkpt>
      <trkpt lat="49.371351" lon="14.429843">
      </trkpt>
      <trkpt lat="49.375175" lon="14.436471">
      </trkpt>
      <trkpt lat="49.37578" lon="14.44045">
      </trkpt>
      <trkpt lat="49.376088" lon="14.445758">
      </trkpt>
      <trkpt lat="49.37286" lon="14.449183">
      </trkpt>
      <trkpt lat="49.370967" lon="14.450865">
      </trkpt>
      <trkpt lat="49.370918" lon="14.451379">
      </trkpt>
      <trkpt lat="49.371745" lon="14.45255">
      </trkpt>
      <trkpt lat="49.37198" lon="14.452674">
      </trkpt>
      <trkpt lat="49.379626" lon="14.456357">
      </trkpt>
      <trkpt lat="49.381315" lon="14.457514">
      </trkpt>
      <trkpt lat="49.384124" lon="14.459486">
      </trkpt>
      <trkpt lat="49.384431" lon="14.459118">
      </trkpt>
      <trkpt lat="49.384853" lon="14.458185">
      </trkpt>
      <trkpt lat="49.384925" lon="14.457593">
      </trkpt>
      <trkpt lat="49.384915" lon="14.457493">
      </trkpt>
      <trkpt lat="49.383563" lon="14.449822">
      </trkpt>
      <trkpt lat="49.383969" lon="14.446245">
      </trkpt>
      <trkpt lat="49.379339" lon="14.439909">
      </trkpt>
      <trkpt lat="49.378734" lon="14.43593">
      </trkpt>
      <trkpt lat="49.378633" lon="14.435092">
      </trkpt>
      <trkpt lat="49.378607" lon="14.434757">
      </trkpt>
      <trkpt lat="49.384104" lon="14.427927">
      </trkpt>
      <trkpt lat="49.385053" lon="14.428101">
      </trkpt>
      <trkpt lat="49.393058" lon="14.429901">
      </trkpt>
      <trkpt lat="49.395387" lon="14.4318">
      </trkpt>
      <trkpt lat="49.395903" lon="14.432262">
      </trkpt>
      <trkpt lat="49.396986" lon="14.433438">
      </trkpt>
      <trkpt lat="49.398149" lon="14.435286">
      </trkpt>
      <trkpt lat="49.39844" lon="14.435684">
      </trkpt>
      <trkpt lat="49.400603" lon="14.440203">
      </trkpt>
      <trkpt lat="49.400862" lon="14.44095">
      </trkpt>
      <trkpt lat="49.401052" lon="14.441413">
      </trkpt>
      <trkpt lat="49.401142" lon="14.441581">
      </trkpt>
      <trkpt lat="49.403792" lon="14.440397">
      </trkpt>
      <trkpt lat="49.409331" lon="14.446426">
      </trkpt>
      <trkpt lat="49.409143" lon="14.44744">
      </trkpt>
      <trkpt lat="49.408804" lon="14.44972">
      </trkpt>
      <trkpt lat="49.408762" lon="14.450415">
      </trkpt>
      <trkpt lat="49.408773" lon="14.450861">
      </trkpt>
      <trkpt lat="49.403238" lon="14.457618">
      </trkpt>
      <trkpt lat="49.403358" lon="14.461216">
      </trkpt>
      <trkpt lat="49.404415" lon="14.462179">
      </trkpt>
      <trkpt lat="49.404956" lon="14.462902">
      </trkpt>
      <trkpt lat="49.405551" lon="14.463588">
      </trkpt>
      <trkpt lat="49.40601" lon="14.469659">
      </trkpt>
      <trkpt lat="49.401603" lon="14.47192">
      </trkpt>
      <trkpt lat="49.398043" lon="14.471388">
      </trkpt>
      <trkpt lat="49.391781" lon="14.468602">
      </trkpt>
      <trkpt lat="49.388656" lon="14.470389">
      </trkpt>
      <trkpt lat="49.389183" lon="14.471311">
      </trkpt>
      <trkpt lat="49.39235" lon="14.479223">
      </trkpt>
      <trkpt lat="49.390826" lon="14.481381">
      </trkpt>
      <trkpt lat="49.390903" lon="14.485471">
      </trkpt>
      <trkpt lat="49.3928" lon="14.48853">
      </trkpt>
      <trkpt lat="49.398166" lon="14.488133">
      </trkpt>
      <trkpt lat="49.401546" lon="14.493929">
      </trkpt>
      <trkpt lat="49.401669" lon="14.496069">
      </trkpt>
      <trkpt lat="49.405263" lon="14.495863">
      </trkpt>
      <trkpt lat="49.413235" lon="14.496838">
      </trkpt>
      <trkpt lat="49.416266" lon="14.498781">
      </trkpt>
      <trkpt lat="49.419317" lon="14.499079">
      </trkpt>
      <trkpt lat="49.421252" lon="14.499698">
      </trkpt>
      <trkpt lat="49.423076" lon="14.500277">
      </trkpt>
      <trkpt lat="49.427409" lon="14.504243">
      </trkpt>
      <trkpt lat="49.428902" lon="14.509704">
      </trkpt>
      <trkpt lat="49.421468" lon="14.51411">
      </trkpt>
      <trkpt lat="49.417722" lon="14.512172">
      </trkpt>
      <trkpt lat="49.416245" lon="14.512262">
      </trkpt>
      <trkpt lat="49.414823" lon="14.512454">
      </trkpt>
      <trkpt lat="49.415305" lon="14.516022">
      </trkpt>
      <trkpt lat="49.421709" lon="14.520789">
      </trkpt>
      <trkpt lat="49.422064" lon="14.5218">
      </trkpt>
      <trkpt lat="49.417993" lon="14.529374">
      </trkpt>
      <trkpt lat="49.417408" lon="14.529554">
      </trkpt>
      <trkpt lat="49.413049" lon="14.529847">
      </trkpt>
      <trkpt lat="49.410103" lon="14.528998">
      </trkpt>
      <trkpt lat="49.409106" lon="14.532457">
      </trkpt>
      <trkpt lat="49.413383" lon="14.53385">
      </trkpt>
      <trkpt lat="49.414216" lon="14.533995">
      </trkpt>
      <trkpt lat="49.416315" lon="14.533897">
      </trkpt>
      <trkpt lat="49.416856" lon="14.533793">
      </trkpt>
      <trkpt lat="49.420315" lon="14.533652">
      </trkpt>
      <trkpt lat="49.426563" lon="14.539174">
      </trkpt>
      <trkpt lat="49.427109" lon="14.541654">
      </trkpt>
      <trkpt lat="49.427732" lon="14.544447">
      </trkpt>
      <trkpt lat="49.428356" lon="14.547239">
      </trkpt>
      <trkpt lat="49.42898" lon="14.550031">
      </trkpt>
      <trkpt lat="49.429981" lon="14.557771">
      </trkpt>
      <trkpt lat="49.430019" lon="14.558497">
      </trkpt>
      <trkpt lat="49.430067" lon="14.558902">
      </trkpt>
      <trkpt lat="49.430197" lon="14.559594">
      </trkpt>
      <trkpt lat="49.431476" lon="14.55946">
      </trkpt>
      <trkpt lat="49.433735" lon="14.55893">
      </trkpt>
      <trkpt lat="49.434171" lon="14.553837">
      </trkpt>
      <trkpt lat="49.432493" lon="14.549247">
      </trkpt>
      <trkpt lat="49.43187" lon="14.546454">
      </trkpt>
      <trkpt lat="49.431246" lon="14.543662">
      </trkpt>
      <trkpt lat="49.430622" lon="14.54087">
      </trkpt>
      <trkpt lat="49.43008" lon="14.538401">
      </trkpt>
      <trkpt lat="49.429536" lon="14.535927">
      </trkpt>
      <trkpt lat="49.435977" lon="14.530786">
      </trkpt>
      <trkpt lat="49.435831" lon="14.527189">
      </trkpt>
      <trkpt lat="49.442216" lon="14.521765">
      </trkpt>
      <trkpt lat="49.444015" lon="14.518646">
      </trkpt>
      <trkpt lat="49.452608" lon="14.521036">
      </trkpt>
      <trkpt lat="49.456174" lon="14.521528">
      </trkpt>
      <trkpt lat="49.461492" lon="14.515851">
      </trkpt>
      <trkpt lat="49.463571" lon="14.516026">
      </trkpt>
      <trkpt lat="49.468839" lon="14.515854">
      </trkpt>
      <trkpt lat="49.471834" lon="14.513856">
      </trkpt>
      <trkpt lat="49.471478" lon="14.513322">
      </trkpt>
      <trkpt lat="49.470347" lon="14.511896">
      </trkpt>
      <trkpt lat="49.469885" lon="14.511273">
      </trkpt>
      <trkpt lat="49.469224" lon="14.510625">
      </trkpt>
      <trkpt lat="49.468097" lon="14.509747">
      </trkpt>
      <trkpt lat="49.464428" lon="14.508204">
      </trkpt>
      <trkpt lat="49.462784" lon="14.507078">
      </trkpt>
      <trkpt lat="49.459923" lon="14.504019">
      </trkpt>
      <trkpt lat="49.459114" lon="14.501901">
      </trkpt>
      <trkpt lat="49.458926" lon="14.501518">
      </trkpt>
      <trkpt lat="49.457369" lon="14.499299">
      </trkpt>
      <trkpt lat="49.464586" lon="14.494438">
      </trkpt>
      <trkpt lat="49.466975" lon="14.494615">
      </trkpt>
      <trkpt lat="49.467764" lon="14.491102">
      </trkpt>
      <trkpt lat="49.466149" lon="14.484574">
      </trkpt>
      <trkpt lat="49.462587" lon="14.484048">
      </trkpt>
      <trkpt lat="49.461534" lon="14.475919">
      </trkpt>
      <trkpt lat="49.462588" lon="14.474944">
      </trkpt>
      <trkpt lat="49.464339" lon="14.473053">
      </trkpt>
      <trkpt lat="49.465164" lon="14.471794">
      </trkpt>
      <trkpt lat="49.466513" lon="14.469898">
      </trkpt>
      <trkpt lat="49.467231" lon="14.469059">
      </trkpt>
      <trkpt lat="49.467474" lon="14.468134">
      </trkpt>
      <trkpt lat="49.467753" lon="14.467434">
      </trkpt>
      <trkpt lat="49.468439" lon="14.465131">
      </trkpt>
      <trkpt lat="49.477087" lon="14.464655">
      </trkpt>
      <trkpt lat="49.480687" lon="14.464618">
      </trkpt>
      <trkpt lat="49.487384" lon="14.469993">
      </trkpt>
      <trkpt lat="49.488469" lon="14.473496">
      </trkpt>
      <trkpt lat="49.488556" lon="14.473915">
      </trkpt>
      <trkpt lat="49.486095" lon="14.482359">
      </trkpt>
      <trkpt lat="49.485502" lon="14.483024">
      </trkpt>
      <trkpt lat="49.485128" lon="14.483638">
      </trkpt>
      <trkpt lat="49.483626" lon="14.485631">
      </trkpt>
      <trkpt lat="49.486062" lon="14.488281">
      </trkpt>
      <trkpt lat="49.493989" lon="14.492458">
      </trkpt>
      <trkpt lat="49.497313" lon="14.491076">
      </trkpt>
      <trkpt lat="49.499983" lon="14.486139">
      </trkpt>
      <trkpt lat="49.505463" lon="14.480154">
      </trkpt>
      <trkpt lat="49.509662" lon="14.480034">
      </trkpt>
      <trkpt lat="49.512275" lon="14.477558">
      </trkpt>
      <trkpt lat="49.51464" lon="14.471215">
      </trkpt>
      <trkpt lat="49.517961" lon="14.469827">
      </trkpt>
      <trkpt lat="49.518787" lon="14.465039">
      </trkpt>
      <trkpt lat="49.522621" lon="14.459593">
      </trkpt>
      <trkpt lat="49.52843" lon="14.464197">
      </trkpt>
      <trkpt lat="49.52859" lon="14.464845">
      </trkpt>
      <trkpt lat="49.52885" lon="14.465408">
      </trkpt>
      <trkpt lat="49.529504" lon="14.467252">
      </trkpt>
      <trkpt lat="49.529981" lon="14.46762">
      </trkpt>
      <trkpt lat="49.530633" lon="14.46791">
      </trkpt>
      <trkpt lat="49.530805" lon="14.467955">
      </trkpt>
      <trkpt lat="49.532167" lon="14.468259">
      </trkpt>
      <trkpt lat="49.532522" lon="14.468272">
      </trkpt>
      <trkpt lat="49.53296" lon="14.468247">
      </trkpt>
      <trkpt lat="49.534558" lon="14.467003">
      </trkpt>
      <trkpt lat="49.535794" lon="14.466414">
      </trkpt>
      <trkpt lat="49.536537" lon="14.466113">
      </trkpt>
      <trkpt lat="49.537107" lon="14.46567">
      </trkpt>
      <trkpt lat="49.53759" lon="14.465021">
      </trkpt>
      <trkpt lat="49.537886" lon="14.464451">
      </trkpt>
      <trkpt lat="49.540396" lon="14.46147">
      </trkpt>
      <trkpt lat="49.542162" lon="14.459796">
      </trkpt>
      <trkpt lat="49.54201" lon="14.45927">
      </trkpt>
      <trkpt lat="49.541322" lon="14.458301">
      </trkpt>
      <trkpt lat="49.537648" lon="14.451719">
      </trkpt>
      <trkpt lat="49.537705" lon="14.450967">
      </trkpt>
      <trkpt lat="49.53772" lon="14.450301">
      </trkpt>
      <trkpt lat="49.545377" lon="14.446132">
      </trkpt>
      <trkpt lat="49.547187" lon="14.446573">
      </trkpt>
      <trkpt lat="49.547819" lon="14.446747">
      </trkpt>
      <trkpt lat="49.552922" lon="14.45022">
      </trkpt>
      <trkpt lat="49.555109" lon="14.458062">
      </trkpt>
      <trkpt lat="49.554454" lon="14.460041">
      </trkpt>
      <trkpt lat="49.554968" lon="14.461665">
      </trkpt>
      <trkpt lat="49.555645" lon="14.46174">
      </trkpt>
      <trkpt lat="49.556121" lon="14.46172">
      </trkpt>
      <trkpt lat="49.557817" lon="14.461745">
      </trkpt>
      <trkpt lat="49.558424" lon="14.46171">
      </trkpt>
      <trkpt lat="49.563323" lon="14.469041">
      </trkpt>
      <trkpt lat="49.56131" lon="14.470869">
      </trkpt>
      <trkpt lat="49.560648" lon="14.47168">
      </trkpt>
      <trkpt lat="49.55564" lon="14.474178">
      </trkpt>
      <trkpt lat="49.554567" lon="14.474974">
      </trkpt>
      <trkpt lat="49.547981" lon="14.474829">
      </trkpt>
      <trkpt lat="49.545654" lon="14.472082">
      </trkpt>
      <trkpt lat="49.545543" lon="14.472127">
      </trkpt>
      <trkpt lat="49.545106" lon="14.472359">
      </trkpt>
      <trkpt lat="49.54411" lon="14.473039">
      </trkpt>
      <trkpt lat="49.543214" lon="14.474399">
      </trkpt>
      <trkpt lat="49.542712" lon="14.475314">
      </trkpt>
      <trkpt lat="49.541561" lon="14.477013">
      </trkpt>
      <trkpt lat="49.541065" lon="14.477659">
      </trkpt>
      <trkpt lat="49.533702" lon="14.480346">
      </trkpt>
      <trkpt lat="49.531569" lon="14.483246">
      </trkpt>
      <trkpt lat="49.534162" lon="14.485457">
      </trkpt>
      <trkpt lat="49.535735" lon="14.486931">
      </trkpt>
      <trkpt lat="49.536207" lon="14.487268">
      </trkpt>
      <trkpt lat="49.537265" lon="14.487548">
      </trkpt>
      <trkpt lat="49.538218" lon="14.487302">
      </trkpt>
      <trkpt lat="49.546348" lon="14.487535">
      </trkpt>
      <trkpt lat="49.545268" lon="14.49592">
      </trkpt>
      <trkpt lat="49.543376" lon="14.498067">
      </trkpt>
      <trkpt lat="49.542088" lon="14.499367">
      </trkpt>
      <trkpt lat="49.539733" lon="14.501723">
      </trkpt>
      <trkpt lat="49.538845" lon="14.502274">
      </trkpt>
      <trkpt lat="49.538556" lon="14.502661">
      </trkpt>
      <trkpt lat="49.538503" lon="14.502756">
      </trkpt>
      <trkpt lat="49.540803" lon="14.505214">
      </trkpt>
      <trkpt lat="49.543728" lon="14.504704">
      </trkpt>
      <trkpt lat="49.544176" lon="14.504399">
      </trkpt>
      <trkpt lat="49.544352" lon="14.504239">
      </trkpt>
      <trkpt lat="49.551296" lon="14.502976">
      </trkpt>
      <trkpt lat="49.552279" lon="14.503369">
      </trkpt>
      <trkpt lat="49.554152" lon="14.51161">
      </trkpt>
      <trkpt lat="49.54924" lon="14.514641">
      </trkpt>
      <trkpt lat="49.548236" lon="14.514774">
      </trkpt>
      <trkpt lat="49.545274" lon="14.514172">
      </trkpt>
      <trkpt lat="49.545115" lon="14.514098">
      </trkpt>
      <trkpt lat="49.543577" lon="14.51738">
      </trkpt>
      <trkpt lat="49.535784" lon="14.519838">
      </trkpt>
      <trkpt lat="49.534229" lon="14.518911">
      </trkpt>
      <trkpt lat="49.532003" lon="14.517153">
      </trkpt>
      <trkpt lat="49.531433" lon="14.516643">
      </trkpt>
      <trkpt lat="49.530363" lon="14.517465">
      </trkpt>
      <trkpt lat="49.529881" lon="14.517853">
      </trkpt>
      <trkpt lat="49.529596" lon="14.518215">
      </trkpt>
      <trkpt lat="49.529248" lon="14.518779">
      </trkpt>
      <trkpt lat="49.532355" lon="14.522229">
      </trkpt>
      <trkpt lat="49.535214" lon="14.52575">
      </trkpt>
      <trkpt lat="49.534095" lon="14.532656">
      </trkpt>
      <trkpt lat="49.535233" lon="14.536071">
      </trkpt>
      <trkpt lat="49.53645" lon="14.544694">
      </trkpt>
      <trkpt lat="49.536377" lon="14.545401">
      </trkpt>
      <trkpt lat="49.536168" lon="14.546878">
      </trkpt>
      <trkpt lat="49.536054" lon="14.547776">
      </trkpt>
      <trkpt lat="49.536106" lon="14.548383">
      </trkpt>
      <trkpt lat="49.536933" lon="14.54977">
      </trkpt>
      <trkpt lat="49.537224" lon="14.550072">
      </trkpt>
      <trkpt lat="49.538718" lon="14.551764">
      </trkpt>
      <trkpt lat="49.539588" lon="14.55916">
      </trkpt>
      <trkpt lat="49.536148" lon="14.560834">
      </trkpt>
      <trkpt lat="49.535247" lon="14.560869">
      </trkpt>
      <trkpt lat="49.534351" lon="14.561282">
      </trkpt>
      <trkpt lat="49.533866" lon="14.561741">
      </trkpt>
      <trkpt lat="49.530233" lon="14.564566">
      </trkpt>
      <trkpt lat="49.529774" lon="14.565018">
      </trkpt>
      <trkpt lat="49.529559" lon="14.565312">
      </trkpt>
      <trkpt lat="49.529139" lon="14.565995">
      </trkpt>
      <trkpt lat="49.524972" lon="14.571979">
      </trkpt>
      <trkpt lat="49.523982" lon="14.57314">
      </trkpt>
      <trkpt lat="49.52621" lon="14.575968">
      </trkpt>
      <trkpt lat="49.52683" lon="14.57548">
      </trkpt>
      <trkpt lat="49.52868" lon="14.574293">
      </trkpt>
      <trkpt lat="49.529113" lon="14.573275">
      </trkpt>
      <trkpt lat="49.530789" lon="14.570333">
      </trkpt>
      <trkpt lat="49.53916" lon="14.573479">
      </trkpt>
      <trkpt lat="49.539235" lon="14.57389">
      </trkpt>
      <trkpt lat="49.539337" lon="14.574886">
      </trkpt>
      <trkpt lat="49.539603" lon="14.575792">
      </trkpt>
      <trkpt lat="49.539704" lon="14.575965">
      </trkpt>
      <trkpt lat="49.542895" lon="14.574335">
      </trkpt>
      <trkpt lat="49.549096" lon="14.57251">
      </trkpt>
      <trkpt lat="49.550743" lon="14.573197">
      </trkpt>
      <trkpt lat="49.552571" lon="14.572487">
      </trkpt>
      <trkpt lat="49.553704" lon="14.572148">
      </trkpt>
      <trkpt lat="49.555206" lon="14.57187">
      </trkpt>
      <trkpt lat="49.560538" lon="14.578219">
      </trkpt>
      <trkpt lat="49.559748" lon="14.580576">
      </trkpt>
      <trkpt lat="49.557637" lon="14.58307">
      </trkpt>
      <trkpt lat="49.549414" lon="14.583887">
      </trkpt>
      <trkpt lat="49.548358" lon="14.583103">
      </trkpt>
      <trkpt lat="49.548207" lon="14.583059">
      </trkpt>
      <trkpt lat="49.546616" lon="14.586153">
      </trkpt>
      <trkpt lat="49.546692" lon="14.586324">
      </trkpt>
      <trkpt lat="49.54685" lon="14.586661">
      </trkpt>
      <trkpt lat="49.54736" lon="14.587388">
      </trkpt>
      <trkpt lat="49.549618" lon="14.595903">
      </trkpt>
      <trkpt lat="49.549738" lon="14.596628">
      </trkpt>
      <trkpt lat="49.550063" lon="14.59736">
      </trkpt>
      <trkpt lat="49.550455" lon="14.59786">
      </trkpt>
      <trkpt lat="49.550972" lon="14.598257">
      </trkpt>
      <trkpt lat="49.551504" lon="14.598476">
      </trkpt>
      <trkpt lat="49.552777" lon="14.59875">
      </trkpt>
      <trkpt lat="49.555697" lon="14.596645">
      </trkpt>
      <trkpt lat="49.556266" lon="14.58867">
      </trkpt>
      <trkpt lat="49.558109" lon="14.587441">
      </trkpt>
      <trkpt lat="49.559263" lon="14.586553">
      </trkpt>
      <trkpt lat="49.560933" lon="14.585161">
      </trkpt>
      <trkpt lat="49.569349" lon="14.58699">
      </trkpt>
      <trkpt lat="49.569525" lon="14.588007">
      </trkpt>
      <trkpt lat="49.569632" lon="14.588516">
      </trkpt>
      <trkpt lat="49.569943" lon="14.590202">
      </trkpt>
      <trkpt lat="49.570154" lon="14.591565">
      </trkpt>
      <trkpt lat="49.570188" lon="14.593326">
      </trkpt>
      <trkpt lat="49.570116" lon="14.594405">
      </trkpt>
      <trkpt lat="49.570562" lon="14.596815">
      </trkpt>
      <trkpt lat="49.574102" lon="14.596161">
      </trkpt>
      <trkpt lat="49.579482" lon="14.601421">
      </trkpt>
      <trkpt lat="49.579164" lon="14.603789">
      </trkpt>
      <trkpt lat="49.582732" lon="14.604268">
      </trkpt>
      <trkpt lat="49.58305" lon="14.6019">
      </trkpt>
      <trkpt lat="49.584019" lon="14.599975">
      </trkpt>
      <trkpt lat="49.590736" lon="14.597008">
      </trkpt>
      <trkpt lat="49.593428" lon="14.602758">
      </trkpt>
      <trkpt lat="49.594691" lon="14.606129">
      </trkpt>
      <trkpt lat="49.598746" lon="14.60703">
      </trkpt>
      <trkpt lat="49.600446" lon="14.615501">
      </trkpt>
      <trkpt lat="49.598539" lon="14.617754">
      </trkpt>
      <trkpt lat="49.597326" lon="14.618802">
      </trkpt>
      <trkpt lat="49.595316" lon="14.620893">
      </trkpt>
      <trkpt lat="49.594202" lon="14.622082">
      </trkpt>
      <trkpt lat="49.593915" lon="14.622467">
      </trkpt>
      <trkpt lat="49.593571" lon="14.62303">
      </trkpt>
      <trkpt lat="49.593302" lon="14.62361">
      </trkpt>
      <trkpt lat="49.591259" lon="14.626921">
      </trkpt>
      <trkpt lat="49.591741" lon="14.62845">
      </trkpt>
      <trkpt lat="49.592788" lon="14.629114">
      </trkpt>
      <trkpt lat="49.594132" lon="14.629188">
      </trkpt>
      <trkpt lat="49.600451" lon="14.629306">
      </trkpt>
      <trkpt lat="49.604049" lon="14.630757">
      </trkpt>
      <trkpt lat="49.605175" lon="14.631404">
      </trkpt>
      <trkpt lat="49.605454" lon="14.631506">
      </trkpt>
      <trkpt lat="49.606242" lon="14.631811">
      </trkpt>
      <trkpt lat="49.607561" lon="14.631549">
      </trkpt>
      <trkpt lat="49.607859" lon="14.630223">
      </trkpt>
      <trkpt lat="49.60754" lon="14.628453">
      </trkpt>
      <trkpt lat="49.606244" lon="14.623044">
      </trkpt>
      <trkpt lat="49.608543" lon="14.618165">
      </trkpt>
      <trkpt lat="49.610027" lon="14.611214">
      </trkpt>
      <trkpt lat="49.616354" lon="14.613082">
      </trkpt>
      <trkpt lat="49.618003" lon="14.615304">
      </trkpt>
      <trkpt lat="49.61882" lon="14.616087">
      </trkpt>
      <trkpt lat="49.619576" lon="14.61673">
      </trkpt>
      <trkpt lat="49.623108" lon="14.621644">
      </trkpt>
      <trkpt lat="49.623325" lon="14.622394">
      </trkpt>
      <trkpt lat="49.623615" lon="14.622941">
      </trkpt>
      <trkpt lat="49.624059" lon="14.623625">
      </trkpt>
      <trkpt lat="49.627558" lon="14.622777">
      </trkpt>
      <trkpt lat="49.628889" lon="14.631519">
      </trkpt>
      <trkpt lat="49.627822" lon="14.638625">
      </trkpt>
      <trkpt lat="49.628395" lon="14.642179">
      </trkpt>
      <trkpt lat="49.625406" lon="14.649261">
      </trkpt>
      <trkpt lat="49.621332" lon="14.648315">
      </trkpt>
      <trkpt lat="49.613692" lon="14.647682">
      </trkpt>
      <trkpt lat="49.611079" lon="14.650158">
      </trkpt>
      <trkpt lat="49.607372" lon="14.658057">
      </trkpt>
      <trkpt lat="49.605164" lon="14.658123">
      </trkpt>
      <trkpt lat="49.600533" lon="14.657229">
      </trkpt>
      <trkpt lat="49.599958" lon="14.657051">
      </trkpt>
      <trkpt lat="49.597924" lon="14.657738">
      </trkpt>
      <trkpt lat="49.5976" lon="14.659685">
      </trkpt>
      <trkpt lat="49.598549" lon="14.661802">
      </trkpt>
      <trkpt lat="49.600148" lon="14.662229">
      </trkpt>
      <trkpt lat="49.602098" lon="14.662402">
      </trkpt>
      <trkpt lat="49.60876" lon="14.666894">
      </trkpt>
      <trkpt lat="49.610298" lon="14.667338">
      </trkpt>
      <trkpt lat="49.613854" lon="14.667902">
      </trkpt>
      <trkpt lat="49.616638" lon="14.674729">
      </trkpt>
      <trkpt lat="49.616292" lon="14.676206">
      </trkpt>
      <trkpt lat="49.616038" lon="14.676826">
      </trkpt>
      <trkpt lat="49.615937" lon="14.677328">
      </trkpt>
      <trkpt lat="49.615898" lon="14.67784">
      </trkpt>
      <trkpt lat="49.615909" lon="14.678351">
      </trkpt>
      <trkpt lat="49.616075" lon="14.680635">
      </trkpt>
      <trkpt lat="49.616251" lon="14.683017">
      </trkpt>
      <trkpt lat="49.616131" lon="14.690647">
      </trkpt>
      <trkpt lat="49.619498" lon="14.691919">
      </trkpt>
      <trkpt lat="49.619605" lon="14.691635">
      </trkpt>
      <trkpt lat="49.621019" lon="14.687262">
      </trkpt>
      <trkpt lat="49.620556" lon="14.686235">
      </trkpt>
      <trkpt lat="49.619863" lon="14.682928">
      </trkpt>
      <trkpt lat="49.619822" lon="14.68256">
      </trkpt>
      <trkpt lat="49.619666" lon="14.680374">
      </trkpt>
      <trkpt lat="49.620196" lon="14.677111">
      </trkpt>
      <trkpt lat="49.620386" lon="14.676463">
      </trkpt>
      <trkpt lat="49.620427" lon="14.675826">
      </trkpt>
      <trkpt lat="49.620195" lon="14.674176">
      </trkpt>
      <trkpt lat="49.620479" lon="14.669631">
      </trkpt>
      <trkpt lat="49.629151" lon="14.669011">
      </trkpt>
      <trkpt lat="49.631394" lon="14.673082">
      </trkpt>
      <trkpt lat="49.63391" lon="14.680831">
      </trkpt>
      <trkpt lat="49.63355" lon="14.682001">
      </trkpt>
      <trkpt lat="49.632812" lon="14.683912">
      </trkpt>
      <trkpt lat="49.632467" lon="14.684586">
      </trkpt>
      <trkpt lat="49.634887" lon="14.685895">
      </trkpt>
      <trkpt lat="49.638502" lon="14.69059">
      </trkpt>
      <trkpt lat="49.640982" lon="14.691578">
      </trkpt>
      <trkpt lat="49.644508" lon="14.690851">
      </trkpt>
      <trkpt lat="49.643904" lon="14.68792">
      </trkpt>
      <trkpt lat="49.6433" lon="14.684988">
      </trkpt>
      <trkpt lat="49.643565" lon="14.682749">
      </trkpt>
      <trkpt lat="49.650827" lon="14.678329">
      </trkpt>
      <trkpt lat="49.650782" lon="14.677612">
      </trkpt>
      <trkpt lat="49.650733" lon="14.677115">
      </trkpt>
      <trkpt lat="49.650606" lon="14.676505">
      </trkpt>
      <trkpt lat="49.650434" lon="14.676017">
      </trkpt>
      <trkpt lat="49.650235" lon="14.67562">
      </trkpt>
      <trkpt lat="49.649754" lon="14.674993">
      </trkpt>
      <trkpt lat="49.649356" lon="14.674635">
      </trkpt>
      <trkpt lat="49.648867" lon="14.674344">
      </trkpt>
      <trkpt lat="49.648172" lon="14.674124">
      </trkpt>
      <trkpt lat="49.647581" lon="14.674082">
      </trkpt>
      <trkpt lat="49.647099" lon="14.674137">
      </trkpt>
      <trkpt lat="49.640366" lon="14.67">
      </trkpt>
      <trkpt lat="49.640685" lon="14.664848">
      </trkpt>
      <trkpt lat="49.640658" lon="14.662163">
      </trkpt>
      <trkpt lat="49.648537" lon="14.65809">
      </trkpt>
      <trkpt lat="49.65157" lon="14.660029">
      </trkpt>
      <trkpt lat="49.655674" lon="14.662962">
      </trkpt>
      <trkpt lat="49.655761" lon="14.663051">
      </trkpt>
      <trkpt lat="49.655865" lon="14.663037">
      </trkpt>
      <trkpt lat="49.657614" lon="14.660801">
      </trkpt>
      <trkpt lat="49.666223" lon="14.659161">
      </trkpt>
      <trkpt lat="49.666749" lon="14.661288">
      </trkpt>
      <trkpt lat="49.667" lon="14.661876">
      </trkpt>
      <trkpt lat="49.668116" lon="14.665565">
      </trkpt>
      <trkpt lat="49.668135" lon="14.666967">
      </trkpt>
      <trkpt lat="49.669843" lon="14.667997">
      </trkpt>
      <trkpt lat="49.671545" lon="14.668168">
      </trkpt>
      <trkpt lat="49.673734" lon="14.667461">
      </trkpt>
      <trkpt lat="49.676601" lon="14.665284">
      </trkpt>
      <trkpt lat="49.685299" lon="14.666688">
      </trkpt>
      <trkpt lat="49.687009" lon="14.670931">
      </trkpt>
      <trkpt lat="49.686599" lon="14.678196">
      </trkpt>
      <trkpt lat="49.68531" lon="14.682355">
      </trkpt>
      <trkpt lat="49.687751" lon="14.684596">
      </trkpt>
      <trkpt lat="49.687804" lon="14.684643">
      </trkpt>
      <trkpt lat="49.692024" lon="14.687013">
      </trkpt>
      <trkpt lat="49.69549" lon="14.68604">
      </trkpt>
      <trkpt lat="49.695277" lon="14.683768">
      </trkpt>
      <trkpt lat="49.695168" lon="14.683267">
      </trkpt>
      <trkpt lat="49.694792" lon="14.682305">
      </trkpt>
      <trkpt lat="49.694557" lon="14.681804">
      </trkpt>
      <trkpt lat="49.694262" lon="14.681341">
      </trkpt>
      <trkpt lat="49.692008" lon="14.673666">
      </trkpt>
      <trkpt lat="49.691979" lon="14.673272">
      </trkpt>
      <trkpt lat="49.691848" lon="14.672557">
      </trkpt>
      <trkpt lat="49.691618" lon="14.671578">
      </trkpt>
      <trkpt lat="49.69147" lon="14.67116">
      </trkpt>
      <trkpt lat="49.690629" lon="14.669889">
      </trkpt>
      <trkpt lat="49.69002" lon="14.668957">
      </trkpt>
      <trkpt lat="49.688528" lon="14.664944">
      </trkpt>
      <trkpt lat="49.688411" lon="14.661298">
      </trkpt>
      <trkpt lat="49.688287" lon="14.65754">
      </trkpt>
      <trkpt lat="49.695989" lon="14.6536">
      </trkpt>
      <trkpt lat="49.697364" lon="14.656155">
      </trkpt>
      <trkpt lat="49.697691" lon="14.656721">
      </trkpt>
      <trkpt lat="49.698219" lon="14.659158">
      </trkpt>
      <trkpt lat="49.698541" lon="14.662174">
      </trkpt>
      <trkpt lat="49.702121" lon="14.661792">
      </trkpt>
      <trkpt lat="49.706809" lon="14.661647">
      </trkpt>
      <trkpt lat="49.714084" lon="14.661238">
      </trkpt>
      <trkpt lat="49.717683" lon="14.661143">
      </trkpt>
      <trkpt lat="49.726327" lon="14.661565">
      </trkpt>
      <trkpt lat="49.727267" lon="14.661828">
      </trkpt>
      <trkpt lat="49.728673" lon="14.662133">
      </trkpt>
      <trkpt lat="49.729832" lon="14.66234">
      </trkpt>
      <trkpt lat="49.732359" lon="14.66275">
      </trkpt>
      <trkpt lat="49.734887" lon="14.663159">
      </trkpt>
      <trkpt lat="49.735463" lon="14.659606">
      </trkpt>
      <trkpt lat="49.732935" lon="14.659196">
      </trkpt>
      <trkpt lat="49.730408" lon="14.658787">
      </trkpt>
      <trkpt lat="49.729306" lon="14.658589">
      </trkpt>
      <trkpt lat="49.728035" lon="14.658311">
      </trkpt>
      <trkpt lat="49.727307" lon="14.658101">
      </trkpt>
      <trkpt lat="49.726102" lon="14.657701">
      </trkpt>
      <trkpt lat="49.725438" lon="14.657442">
      </trkpt>
      <trkpt lat="49.722927" lon="14.648807">
      </trkpt>
      <trkpt lat="49.723229" lon="14.64795">
      </trkpt>
      <trkpt lat="49.723284" lon="14.645224">
      </trkpt>
      <trkpt lat="49.722054" lon="14.642603">
      </trkpt>
      <trkpt lat="49.721832" lon="14.641903">
      </trkpt>
      <trkpt lat="49.721534" lon="14.641182">
      </trkpt>
      <trkpt lat="49.718206" lon="14.642554">
      </trkpt>
      <trkpt lat="49.710192" lon="14.642985">
      </trkpt>
      <trkpt lat="49.70673" lon="14.64397">
      </trkpt>
      <trkpt lat="49.702857" lon="14.63713">
      </trkpt>
      <trkpt lat="49.700226" lon="14.634673">
      </trkpt>
      <trkpt lat="49.696604" lon="14.630573">
      </trkpt>
      <trkpt lat="49.696381" lon="14.629767">
      </trkpt>
      <trkpt lat="49.696126" lon="14.629174">
      </trkpt>
      <trkpt lat="49.695713" lon="14.628538">
      </trkpt>
      <trkpt lat="49.69537" lon="14.62811">
      </trkpt>
      <trkpt lat="49.693835" lon="14.621181">
      </trkpt>
      <trkpt lat="49.699868" lon="14.615115">
      </trkpt>
      <trkpt lat="49.701818" lon="14.614579">
      </trkpt>
      <trkpt lat="49.703097" lon="14.614123">
      </trkpt>
      <trkpt lat="49.706148" lon="14.614283">
      </trkpt>
      <trkpt lat="49.708911" lon="14.621942">
      </trkpt>
      <trkpt lat="49.708671" lon="14.622321">
      </trkpt>
      <trkpt lat="49.708157" lon="14.623196">
      </trkpt>
      <trkpt lat="49.707625" lon="14.624093">
      </trkpt>
      <trkpt lat="49.707055" lon="14.625203">
      </trkpt>
      <trkpt lat="49.70665" lon="14.625776">
      </trkpt>
      <trkpt lat="49.709589" lon="14.627855">
      </trkpt>
      <trkpt lat="49.71154" lon="14.629122">
      </trkpt>
      <trkpt lat="49.71474" lon="14.630771">
      </trkpt>
      <trkpt lat="49.717771" lon="14.62769">
      </trkpt>
      <trkpt lat="49.720607" lon="14.625473">
      </trkpt>
      <trkpt lat="49.718975" lon="14.619039">
      </trkpt>
      <trkpt lat="49.718759" lon="14.618692">
      </trkpt>
      <trkpt lat="49.718449" lon="14.618294">
      </trkpt>
      <trkpt lat="49.716601" lon="14.615317">
      </trkpt>
      <trkpt lat="49.711984" lon="14.61328">
      </trkpt>
      <trkpt lat="49.711413" lon="14.612783">
      </trkpt>
      <trkpt lat="49.709407" lon="14.611825">
      </trkpt>
      <trkpt lat="49.707662" lon="14.611016">
      </trkpt>
      <trkpt lat="49.707138" lon="14.610643">
      </trkpt>
      <trkpt lat="49.706042" lon="14.609675">
      </trkpt>
      <trkpt lat="49.708973" lon="14.601632">
      </trkpt>
      <trkpt lat="49.709686" lon="14.601311">
      </trkpt>
      <trkpt lat="49.710256" lon="14.600977">
      </trkpt>
      <trkpt lat="49.711301" lon="14.600168">
      </trkpt>
      <trkpt lat="49.71175" lon="14.599758">
      </trkpt>
      <trkpt lat="49.712108" lon="14.59935">
      </trkpt>
      <trkpt lat="49.714774" lon="14.596872">
      </trkpt>
      <trkpt lat="49.717118" lon="14.592584">
      </trkpt>
      <trkpt lat="49.722658" lon="14.590161">
      </trkpt>
      <trkpt lat="49.726241" lon="14.591618">
      </trkpt>
      <trkpt lat="49.727047" lon="14.592125">
      </trkpt>
      <trkpt lat="49.732861" lon="14.592012">
      </trkpt>
      <trkpt lat="49.736022" lon="14.595169">
      </trkpt>
      <trkpt lat="49.736353" lon="14.595812">
      </trkpt>
      <trkpt lat="49.735406" lon="14.603778">
      </trkpt>
      <trkpt lat="49.732974" lon="14.606433">
      </trkpt>
      <trkpt lat="49.734" lon="14.607372">
      </trkpt>
      <trkpt lat="49.737939" lon="14.614663">
      </trkpt>
      <trkpt lat="49.738337" lon="14.617204">
      </trkpt>
      <trkpt lat="49.738411" lon="14.617954">
      </trkpt>
      <trkpt lat="49.737947" lon="14.621655">
      </trkpt>
      <trkpt lat="49.741379" lon="14.622741">
      </trkpt>
      <trkpt lat="49.741734" lon="14.621617">
      </trkpt>
      <trkpt lat="49.741876" lon="14.620984">
      </trkpt>
      <trkpt lat="49.741966" lon="14.62041">
      </trkpt>
      <trkpt lat="49.742034" lon="14.619629">
      </trkpt>
      <trkpt lat="49.742055" lon="14.618662">
      </trkpt>
      <trkpt lat="49.742005" lon="14.617737">
      </trkpt>
      <trkpt lat="49.744176" lon="14.612412">
      </trkpt>
      <trkpt lat="49.752874" lon="14.614641">
      </trkpt>
      <trkpt lat="49.75307" lon="14.615266">
      </trkpt>
      <trkpt lat="49.754216" lon="14.618132">
      </trkpt>
      <trkpt lat="49.752705" lon="14.625327">
      </trkpt>
      <trkpt lat="49.751525" lon="14.627056">
      </trkpt>
      <trkpt lat="49.751375" lon="14.628195">
      </trkpt>
      <trkpt lat="49.751316" lon="14.628586">
      </trkpt>
      <trkpt lat="49.7483" lon="14.634038">
      </trkpt>
      <trkpt lat="49.748273" lon="14.634844">
      </trkpt>
      <trkpt lat="49.748299" lon="14.635888">
      </trkpt>
      <trkpt lat="49.74844" lon="14.636059">
      </trkpt>
      <trkpt lat="49.749685" lon="14.637582">
      </trkpt>
      <trkpt lat="49.751424" lon="14.63875">
      </trkpt>
      <trkpt lat="49.75453" lon="14.641486">
      </trkpt>
      <trkpt lat="49.755323" lon="14.649978">
      </trkpt>
      <trkpt lat="49.7573" lon="14.652765">
      </trkpt>
      <trkpt lat="49.757239" lon="14.659457">
      </trkpt>
      <trkpt lat="49.757099" lon="14.659901">
      </trkpt>
      <trkpt lat="49.757513" lon="14.660904">
      </trkpt>
      <trkpt lat="49.757712" lon="14.661299">
      </trkpt>
      <trkpt lat="49.758038" lon="14.661611">
      </trkpt>
      <trkpt lat="49.760533" lon="14.660983">
      </trkpt>
      <trkpt lat="49.765682" lon="14.655649">
      </trkpt>
      <trkpt lat="49.767288" lon="14.654484">
      </trkpt>
      <trkpt lat="49.765735" lon="14.651236">
      </trkpt>
      <trkpt lat="49.764434" lon="14.642599">
      </trkpt>
      <trkpt lat="49.762897" lon="14.639352">
      </trkpt>
      <trkpt lat="49.761907" lon="14.633368">
      </trkpt>
      <trkpt lat="49.761997" lon="14.632766">
      </trkpt>
      <trkpt lat="49.767645" lon="14.625953">
      </trkpt>
      <trkpt lat="49.768229" lon="14.625501">
      </trkpt>
      <trkpt lat="49.768625" lon="14.624886">
      </trkpt>
      <trkpt lat="49.768785" lon="14.623559">
      </trkpt>
      <trkpt lat="49.768617" lon="14.622695">
      </trkpt>
      <trkpt lat="49.768638" lon="14.620054">
      </trkpt>
      <trkpt lat="49.776723" lon="14.617729">
      </trkpt>
      <trkpt lat="49.780312" lon="14.61745">
      </trkpt>
      <trkpt lat="49.781008" lon="14.61222">
      </trkpt>
      <trkpt lat="49.780979" lon="14.611522">
      </trkpt>
      <trkpt lat="49.780791" lon="14.609727">
      </trkpt>
      <trkpt lat="49.780639" lon="14.608592">
      </trkpt>
      <trkpt lat="49.779136" lon="14.604994">
      </trkpt>
      <trkpt lat="49.778805" lon="14.60431">
      </trkpt>
      <trkpt lat="49.778581" lon="14.603915">
      </trkpt>
      <trkpt lat="49.776449" lon="14.59907">
      </trkpt>
      <trkpt lat="49.776187" lon="14.598261">
      </trkpt>
      <trkpt lat="49.775359" lon="14.597433">
      </trkpt>
      <trkpt lat="49.779303" lon="14.589747">
      </trkpt>
      <trkpt lat="49.779324" lon="14.587995">
      </trkpt>
      <trkpt lat="49.779299" lon="14.587441">
      </trkpt>
      <trkpt lat="49.778965" lon="14.585579">
      </trkpt>
      <trkpt lat="49.77999" lon="14.579203">
      </trkpt>
      <trkpt lat="49.781319" lon="14.574981">
      </trkpt>
      <trkpt lat="49.786969" lon="14.569205">
      </trkpt>
      <trkpt lat="49.79106" lon="14.570078">
      </trkpt>
      <trkpt lat="49.793786" lon="14.575896">
      </trkpt>
      <trkpt lat="49.795894" lon="14.578697">
      </trkpt>
      <trkpt lat="49.795996" lon="14.578642">
      </trkpt>
      <trkpt lat="49.796549" lon="14.578196">
      </trkpt>
      <trkpt lat="49.79699" lon="14.577538">
      </trkpt>
      <trkpt lat="49.797335" lon="14.576695">
      </trkpt>
      <trkpt lat="49.797508" lon="14.57623">
      </trkpt>
      <trkpt lat="49.797696" lon="14.575654">
      </trkpt>
      <trkpt lat="49.798244" lon="14.573286">
      </trkpt>
      <trkpt lat="49.79831" lon="14.572882">
      </trkpt>
      <trkpt lat="49.798329" lon="14.572757">
      </trkpt>
      <trkpt lat="49.798351" lon="14.572328">
      </trkpt>
      <trkpt lat="49.798299" lon="14.571725">
      </trkpt>
      <trkpt lat="49.797869" lon="14.568946">
      </trkpt>
      <trkpt lat="49.797764" lon="14.568394">
      </trkpt>
      <trkpt lat="49.79768" lon="14.568063">
      </trkpt>
      <trkpt lat="49.797827" lon="14.56211">
      </trkpt>
      <trkpt lat="49.799378" lon="14.558861">
      </trkpt>
      <trkpt lat="49.802683" lon="14.551726">
      </trkpt>
      <trkpt lat="49.803889" lon="14.550151">
      </trkpt>
      <trkpt lat="49.811184" lon="14.548321">
      </trkpt>
      <trkpt lat="49.813985" lon="14.548484">
      </trkpt>
      <trkpt lat="49.815832" lon="14.548939">
      </trkpt>
      <trkpt lat="49.818811" lon="14.546918">
      </trkpt>
      <trkpt lat="49.821586" lon="14.544086">
      </trkpt>
      <trkpt lat="49.822305" lon="14.541592">
      </trkpt>
      <trkpt lat="49.822396" lon="14.540854">
      </trkpt>
      <trkpt lat="49.822919" lon="14.53612">
      </trkpt>
      <trkpt lat="49.823068" lon="14.535491">
      </trkpt>
      <trkpt lat="49.823156" lon="14.534955">
      </trkpt>
      <trkpt lat="49.823196" lon="14.534542">
      </trkpt>
      <trkpt lat="49.82321" lon="14.534154">
      </trkpt>
      <trkpt lat="49.82315" lon="14.53332">
      </trkpt>
      <trkpt lat="49.825438" lon="14.526829">
      </trkpt>
      <trkpt lat="49.827483" lon="14.523929">
      </trkpt>
      <trkpt lat="49.835376" lon="14.525226">
      </trkpt>
      <trkpt lat="49.838238" lon="14.525653">
      </trkpt>
      <trkpt lat="49.845917" lon="14.525435">
      </trkpt>
      <trkpt lat="49.846296" lon="14.525479">
      </trkpt>
      <trkpt lat="49.846363" lon="14.525333">
      </trkpt>
      <trkpt lat="49.847186" lon="14.523433">
      </trkpt>
      <trkpt lat="49.847279" lon="14.523036">
      </trkpt>
      <trkpt lat="49.847328" lon="14.522719">
      </trkpt>
      <trkpt lat="49.847546" lon="14.520591">
      </trkpt>
      <trkpt lat="49.847502" lon="14.520062">
      </trkpt>
      <trkpt lat="49.85225" lon="14.514891">
      </trkpt>
      <trkpt lat="49.857106" lon="14.519806">
      </trkpt>
      <trkpt lat="49.85709" lon="14.520426">
      </trkpt>
      <trkpt lat="49.857419" lon="14.522588">
      </trkpt>
      <trkpt lat="49.856172" lon="14.526832">
      </trkpt>
      <trkpt lat="49.856362" lon="14.527942">
      </trkpt>
      <trkpt lat="49.85664" lon="14.529108">
      </trkpt>
      <trkpt lat="49.85692" lon="14.529682">
      </trkpt>
      <trkpt lat="49.859587" lon="14.538054">
      </trkpt>
      <trkpt lat="49.85932" lon="14.540038">
      </trkpt>
      <trkpt lat="49.859292" lon="14.540252">
      </trkpt>
      <trkpt lat="49.859458" lon="14.540672">
      </trkpt>
      <trkpt lat="49.859488" lon="14.540742">
      </trkpt>
      <trkpt lat="49.859665" lon="14.541138">
      </trkpt>
      <trkpt lat="49.862529" lon="14.541668">
      </trkpt>
      <trkpt lat="49.862609" lon="14.541512">
      </trkpt>
      <trkpt lat="49.862735" lon="14.541225">
      </trkpt>
      <trkpt lat="49.863076" lon="14.540453">
      </trkpt>
      <trkpt lat="49.863075" lon="14.540302">
      </trkpt>
      <trkpt lat="49.8638" lon="14.536111">
      </trkpt>
      <trkpt lat="49.865268" lon="14.533438">
      </trkpt>
      <trkpt lat="49.865297" lon="14.533127">
      </trkpt>
      <trkpt lat="49.865302" lon="14.532665">
      </trkpt>
      <trkpt lat="49.865236" lon="14.532269">
      </trkpt>
      <trkpt lat="49.864867" lon="14.531508">
      </trkpt>
      <trkpt lat="49.86661" lon="14.52332">
      </trkpt>
      <trkpt lat="49.870209" lon="14.523221">
      </trkpt>
      <trkpt lat="49.871458" lon="14.520214">
      </trkpt>
      <trkpt lat="49.87201" lon="14.518994">
      </trkpt>
      <trkpt lat="49.878399" lon="14.516414">
      </trkpt>
      <trkpt lat="49.8816" lon="14.521652">
      </trkpt>
      <trkpt lat="49.881616" lon="14.521918">
      </trkpt>
      <trkpt lat="49.881666" lon="14.52232">
      </trkpt>
      <trkpt lat="49.886339" lon="14.525747">
      </trkpt>
      <trkpt lat="49.88925" lon="14.530036">
      </trkpt>
      <trkpt lat="49.889392" lon="14.530455">
      </trkpt>
      <trkpt lat="49.889725" lon="14.531029">
      </trkpt>
      <trkpt lat="49.890782" lon="14.536238">
      </trkpt>
      <trkpt lat="49.88564" lon="14.539495">
      </trkpt>
      <trkpt lat="49.884529" lon="14.540151">
      </trkpt>
      <trkpt lat="49.884977" lon="14.543723">
      </trkpt>
      <trkpt lat="49.884094" lon="14.552084">
      </trkpt>
      <trkpt lat="49.883394" lon="14.552663">
      </trkpt>
      <trkpt lat="49.881927" lon="14.554181">
      </trkpt>
      <trkpt lat="49.881187" lon="14.555079">
      </trkpt>
      <trkpt lat="49.880931" lon="14.555518">
      </trkpt>
      <trkpt lat="49.880675" lon="14.556249">
      </trkpt>
      <trkpt lat="49.880625" lon="14.556655">
      </trkpt>
      <trkpt lat="49.88059" lon="14.557238">
      </trkpt>
      <trkpt lat="49.886624" lon="14.563357">
      </trkpt>
      <trkpt lat="49.885774" lon="14.567601">
      </trkpt>
      <trkpt lat="49.885579" lon="14.56801">
      </trkpt>
      <trkpt lat="49.884652" lon="14.57094">
      </trkpt>
      <trkpt lat="49.88463" lon="14.572078">
      </trkpt>
      <trkpt lat="49.884839" lon="14.572807">
      </trkpt>
      <trkpt lat="49.881943" lon="14.581327">
      </trkpt>
      <trkpt lat="49.87967" lon="14.582967">
      </trkpt>
      <trkpt lat="49.879136" lon="14.583372">
      </trkpt>
      <trkpt lat="49.878488" lon="14.583972">
      </trkpt>
      <trkpt lat="49.878153" lon="14.584424">
      </trkpt>
      <trkpt lat="49.877879" lon="14.584924">
      </trkpt>
      <trkpt lat="49.869175" lon="14.585622">
      </trkpt>
      <trkpt lat="49.868723" lon="14.584898">
      </trkpt>
      <trkpt lat="49.868193" lon="14.5842">
      </trkpt>
      <trkpt lat="49.864935" lon="14.578712">
      </trkpt>
      <trkpt lat="49.864828" lon="14.578329">
      </trkpt>
      <trkpt lat="49.864597" lon="14.57784">
      </trkpt>
      <trkpt lat="49.864128" lon="14.577294">
      </trkpt>
      <trkpt lat="49.86276" lon="14.576756">
      </trkpt>
      <trkpt lat="49.8618" lon="14.576972">
      </trkpt>
      <trkpt lat="49.861266" lon="14.577257">
      </trkpt>
      <trkpt lat="49.856082" lon="14.581975">
      </trkpt>
      <trkpt lat="49.855327" lon="14.582495">
      </trkpt>
      <trkpt lat="49.854859" lon="14.58313">
      </trkpt>
      <trkpt lat="49.854581" lon="14.583718">
      </trkpt>
      <trkpt lat="49.854157" lon="14.584815">
      </trkpt>
      <trkpt lat="49.854075" lon="14.585311">
      </trkpt>
      <trkpt lat="49.854073" lon="14.585782">
      </trkpt>
      <trkpt lat="49.854176" lon="14.586733">
      </trkpt>
      <trkpt lat="49.85421" lon="14.586905">
      </trkpt>
      <trkpt lat="49.855107" lon="14.589943">
      </trkpt>
      <trkpt lat="49.855218" lon="14.589956">
      </trkpt>
      <trkpt lat="49.856192" lon="14.589807">
      </trkpt>
      <trkpt lat="49.863593" lon="14.591121">
      </trkpt>
      <trkpt lat="49.864066" lon="14.596366">
      </trkpt>
      <trkpt lat="49.865696" lon="14.599096">
      </trkpt>
      <trkpt lat="49.867312" lon="14.604235">
      </trkpt>
      <trkpt lat="49.870084" lon="14.609565">
      </trkpt>
      <trkpt lat="49.87108" lon="14.613998">
      </trkpt>
      <trkpt lat="49.871523" lon="14.615789">
      </trkpt>
      <trkpt lat="49.871649" lon="14.616311">
      </trkpt>
      <trkpt lat="49.87235" lon="14.619128">
      </trkpt>
      <trkpt lat="49.87245" lon="14.619472">
      </trkpt>
      <trkpt lat="49.872562" lon="14.619791">
      </trkpt>
      <trkpt lat="49.87277" lon="14.620253">
      </trkpt>
      <trkpt lat="49.873049" lon="14.620749">
      </trkpt>
      <trkpt lat="49.873363" lon="14.62119">
      </trkpt>
      <trkpt lat="49.874582" lon="14.627862">
      </trkpt>
      <trkpt lat="49.87285" lon="14.631382">
      </trkpt>
      <trkpt lat="49.87247" lon="14.632124">
      </trkpt>
      <trkpt lat="49.873047" lon="14.633328">
      </trkpt>
      <trkpt lat="49.873473" lon="14.633859">
      </trkpt>
      <trkpt lat="49.875675" lon="14.633764">
      </trkpt>
      <trkpt lat="49.882899" lon="14.632735">
      </trkpt>
      <trkpt lat="49.885568" lon="14.635151">
      </trkpt>
      <trkpt lat="49.889776" lon="14.642854">
      </trkpt>
      <trkpt lat="49.889446" lon="14.65132">
      </trkpt>
      <trkpt lat="49.888355" lon="14.652255">
      </trkpt>
      <trkpt lat="49.890288" lon="14.655293">
      </trkpt>
      <trkpt lat="49.895593" lon="14.656623">
      </trkpt>
      <trkpt lat="49.898985" lon="14.66348">
      </trkpt>
      <trkpt lat="49.89284" lon="14.669799">
      </trkpt>
      <trkpt lat="49.890774" lon="14.667287">
      </trkpt>
      <trkpt lat="49.890251" lon="14.6676">
      </trkpt>
      <trkpt lat="49.883953" lon="14.6686">
      </trkpt>
      <trkpt lat="49.882963" lon="14.668587">
      </trkpt>
      <trkpt lat="49.878048" lon="14.669254">
      </trkpt>
      <trkpt lat="49.874527" lon="14.668503">
      </trkpt>
      <trkpt lat="49.869976" lon="14.663447">
      </trkpt>
      <trkpt lat="49.869499" lon="14.662034">
      </trkpt>
      <trkpt lat="49.866088" lon="14.663184">
      </trkpt>
      <trkpt lat="49.866564" lon="14.664597">
      </trkpt>
      <trkpt lat="49.866766" lon="14.665326">
      </trkpt>
      <trkpt lat="49.867277" lon="14.667383">
      </trkpt>
      <trkpt lat="49.867028" lon="14.672196">
      </trkpt>
      <trkpt lat="49.866997" lon="14.674713">
      </trkpt>
      <trkpt lat="49.858905" lon="14.677969">
      </trkpt>
      <trkpt lat="49.857308" lon="14.672895">
      </trkpt>
      <trkpt lat="49.857289" lon="14.672364">
      </trkpt>
      <trkpt lat="49.856631" lon="14.670049">
      </trkpt>
      <trkpt lat="49.85326" lon="14.668787">
      </trkpt>
      <trkpt lat="49.852258" lon="14.669483">
      </trkpt>
      <trkpt lat="49.84545" lon="14.673212">
      </trkpt>
      <trkpt lat="49.838607" lon="14.672508">
      </trkpt>
      <trkpt lat="49.837898" lon="14.672717">
      </trkpt>
      <trkpt lat="49.837513" lon="14.672931">
      </trkpt>
      <trkpt lat="49.837102" lon="14.673226">
      </trkpt>
      <trkpt lat="49.837235" lon="14.674361">
      </trkpt>
      <trkpt lat="49.830874" lon="14.680011">
      </trkpt>
      <trkpt lat="49.829106" lon="14.680507">
      </trkpt>
      <trkpt lat="49.828234" lon="14.680644">
      </trkpt>
      <trkpt lat="49.82725" lon="14.681051">
      </trkpt>
      <trkpt lat="49.819187" lon="14.681859">
      </trkpt>
      <trkpt lat="49.81833" lon="14.685355">
      </trkpt>
      <trkpt lat="49.826282" lon="14.688628">
      </trkpt>
      <trkpt lat="49.831761" lon="14.689122">
      </trkpt>
      <trkpt lat="49.832556" lon="14.689243">
      </trkpt>
      <trkpt lat="49.833164" lon="14.689253">
      </trkpt>
      <trkpt lat="49.83399" lon="14.689135">
      </trkpt>
      <trkpt lat="49.83464" lon="14.688947">
      </trkpt>
      <trkpt lat="49.835393" lon="14.688605">
      </trkpt>
      <trkpt lat="49.835808" lon="14.688364">
      </trkpt>
      <trkpt lat="49.837053" lon="14.687281">
      </trkpt>
      <trkpt lat="49.837741" lon="14.686457">
      </trkpt>
      <trkpt lat="49.838329" lon="14.685602">
      </trkpt>
      <trkpt lat="49.846702" lon="14.687643">
      </trkpt>
      <trkpt lat="49.843924" lon="14.695788">
      </trkpt>
      <trkpt lat="49.84457" lon="14.69944">
      </trkpt>
      <trkpt lat="49.845643" lon="14.702529">
      </trkpt>
      <trkpt lat="49.846115" lon="14.705287">
      </trkpt>
      <trkpt lat="49.847482" lon="14.707008">
      </trkpt>
      <trkpt lat="49.851194" lon="14.710146">
      </trkpt>
      <trkpt lat="49.855546" lon="14.711888">
      </trkpt>
      <trkpt lat="49.862097" lon="14.715649">
      </trkpt>
      <trkpt lat="49.86702" lon="14.72309">
      </trkpt>
      <trkpt lat="49.867392" lon="14.724153">
      </trkpt>
      <trkpt lat="49.870932" lon="14.726324">
      </trkpt>
      <trkpt lat="49.872824" lon="14.728064">
      </trkpt>
      <trkpt lat="49.873304" lon="14.728411">
      </trkpt>
      <trkpt lat="49.881516" lon="14.726916">
      </trkpt>
      <trkpt lat="49.882477" lon="14.7273">
      </trkpt>
      <trkpt lat="49.88792" lon="14.732368">
      </trkpt>
      <trkpt lat="49.888283" lon="14.732778">
      </trkpt>
      <trkpt lat="49.888797" lon="14.733139">
      </trkpt>
      <trkpt lat="49.89074" lon="14.735287">
      </trkpt>
      <trkpt lat="49.891259" lon="14.736194">
      </trkpt>
      <trkpt lat="49.8919" lon="14.740624">
      </trkpt>
      <trkpt lat="49.88444" lon="14.743568">
      </trkpt>
      <trkpt lat="49.884396" lon="14.743613">
      </trkpt>
      <trkpt lat="49.882668" lon="14.745844">
      </trkpt>
      <trkpt lat="49.880961" lon="14.747769">
      </trkpt>
      <trkpt lat="49.880605" lon="14.748139">
      </trkpt>
      <trkpt lat="49.875018" lon="14.751502">
      </trkpt>
      <trkpt lat="49.874751" lon="14.751882">
      </trkpt>
      <trkpt lat="49.87454" lon="14.752382">
      </trkpt>
      <trkpt lat="49.874338" lon="14.753276">
      </trkpt>
      <trkpt lat="49.874202" lon="14.753832">
      </trkpt>
      <trkpt lat="49.87413" lon="14.754264">
      </trkpt>
      <trkpt lat="49.873935" lon="14.755544">
      </trkpt>
      <trkpt lat="49.873816" lon="14.758363">
      </trkpt>
      <trkpt lat="49.865326" lon="14.758431">
      </trkpt>
      <trkpt lat="49.862144" lon="14.757088">
      </trkpt>
      <trkpt lat="49.85438" lon="14.752945">
      </trkpt>
      <trkpt lat="49.854221" lon="14.750997">
      </trkpt>
      <trkpt lat="49.854485" lon="14.74931">
      </trkpt>
      <trkpt lat="49.854522" lon="14.748932">
      </trkpt>
      <trkpt lat="49.854513" lon="14.748515">
      </trkpt>
      <trkpt lat="49.854462" lon="14.748155">
      </trkpt>
      <trkpt lat="49.854083" lon="14.746569">
      </trkpt>
      <trkpt lat="49.853959" lon="14.746246">
      </trkpt>
      <trkpt lat="49.850599" lon="14.747537">
      </trkpt>
      <trkpt lat="49.844868" lon="14.752365">
      </trkpt>
      <trkpt lat="49.841465" lon="14.753538">
      </trkpt>
      <trkpt lat="49.84211" lon="14.755409">
      </trkpt>
      <trkpt lat="49.842755" lon="14.757281">
      </trkpt>
      <trkpt lat="49.84305" lon="14.758428">
      </trkpt>
      <trkpt lat="49.840864" lon="14.766443">
      </trkpt>
      <trkpt lat="49.840389" lon="14.767177">
      </trkpt>
      <trkpt lat="49.840112" lon="14.767921">
      </trkpt>
      <trkpt lat="49.844372" lon="14.773347">
      </trkpt>
      <trkpt lat="49.844269" lon="14.781943">
      </trkpt>
      <trkpt lat="49.844074" lon="14.782802">
      </trkpt>
      <trkpt lat="49.844602" lon="14.785637">
      </trkpt>
      <trkpt lat="49.84508" lon="14.785591">
      </trkpt>
      <trkpt lat="49.850276" lon="14.791609">
      </trkpt>
      <trkpt lat="49.846996" lon="14.795325">
      </trkpt>
      <trkpt lat="49.846457" lon="14.795559">
      </trkpt>
      <trkpt lat="49.845738" lon="14.795951">
      </trkpt>
      <trkpt lat="49.844774" lon="14.796612">
      </trkpt>
      <trkpt lat="49.844072" lon="14.797227">
      </trkpt>
      <trkpt lat="49.843328" lon="14.798017">
      </trkpt>
      <trkpt lat="49.842632" lon="14.798917">
      </trkpt>
      <trkpt lat="49.841958" lon="14.799983">
      </trkpt>
      <trkpt lat="49.841547" lon="14.800751">
      </trkpt>
      <trkpt lat="49.841107" lon="14.801699">
      </trkpt>
      <trkpt lat="49.840858" lon="14.802336">
      </trkpt>
      <trkpt lat="49.840655" lon="14.80291">
      </trkpt>
      <trkpt lat="49.840453" lon="14.803564">
      </trkpt>
      <trkpt lat="49.840124" lon="14.804871">
      </trkpt>
      <trkpt lat="49.841411" lon="14.808646">
      </trkpt>
      <trkpt lat="49.837269" lon="14.814187">
      </trkpt>
      <trkpt lat="49.832784" lon="14.813301">
      </trkpt>
      <trkpt lat="49.830581" lon="14.816148">
      </trkpt>
      <trkpt lat="49.83157" lon="14.823721">
      </trkpt>
      <trkpt lat="49.831683" lon="14.825167">
      </trkpt>
      <trkpt lat="49.832447" lon="14.827353">
      </trkpt>
      <trkpt lat="49.836068" lon="14.832811">
      </trkpt>
      <trkpt lat="49.834958" lon="14.838015">
      </trkpt>
      <trkpt lat="49.834249" lon="14.841314">
      </trkpt>
      <trkpt lat="49.83354" lon="14.844614">
      </trkpt>
      <trkpt lat="49.832832" lon="14.847913">
      </trkpt>
      <trkpt lat="49.83213" lon="14.85118">
      </trkpt>
      <trkpt lat="49.831745" lon="14.852833">
      </trkpt>
      <trkpt lat="49.831576" lon="14.853477">
      </trkpt>
      <trkpt lat="49.831173" lon="14.854872">
      </trkpt>
      <trkpt lat="49.830911" lon="14.855674">
      </trkpt>
      <trkpt lat="49.830614" lon="14.856506">
      </trkpt>
      <trkpt lat="49.830208" lon="14.857545">
      </trkpt>
      <trkpt lat="49.829997" lon="14.858044">
      </trkpt>
      <trkpt lat="49.825367" lon="14.865203">
      </trkpt>
      <trkpt lat="49.824641" lon="14.865966">
      </trkpt>
      <trkpt lat="49.822644" lon="14.868036">
      </trkpt>
      <trkpt lat="49.820646" lon="14.870106">
      </trkpt>
      <trkpt lat="49.818781" lon="14.87204">
      </trkpt>
      <trkpt lat="49.816915" lon="14.873973">
      </trkpt>
      <trkpt lat="49.819506" lon="14.876473">
      </trkpt>
      <trkpt lat="49.821371" lon="14.87454">
      </trkpt>
      <trkpt lat="49.823237" lon="14.872606">
      </trkpt>
      <trkpt lat="49.825235" lon="14.870536">
      </trkpt>
      <trkpt lat="49.827232" lon="14.868466">
      </trkpt>
      <trkpt lat="49.827976" lon="14.867683">
      </trkpt>
      <trkpt lat="49.829016" lon="14.866506">
      </trkpt>
      <trkpt lat="49.829981" lon="14.865291">
      </trkpt>
      <trkpt lat="49.831031" lon="14.863772">
      </trkpt>
      <trkpt lat="49.831663" lon="14.862728">
      </trkpt>
      <trkpt lat="49.832229" lon="14.861706">
      </trkpt>
      <trkpt lat="49.832633" lon="14.860909">
      </trkpt>
      <trkpt lat="49.83326" lon="14.859563">
      </trkpt>
      <trkpt lat="49.833521" lon="14.858954">
      </trkpt>
      <trkpt lat="49.833966" lon="14.857819">
      </trkpt>
      <trkpt lat="49.834301" lon="14.856886">
      </trkpt>
      <trkpt lat="49.834594" lon="14.855993">
      </trkpt>
      <trkpt lat="49.835033" lon="14.854479">
      </trkpt>
      <trkpt lat="49.835226" lon="14.85375">
      </trkpt>
      <trkpt lat="49.835636" lon="14.851999">
      </trkpt>
      <trkpt lat="49.836352" lon="14.848669">
      </trkpt>
      <trkpt lat="49.83706" lon="14.84537">
      </trkpt>
      <trkpt lat="49.837769" lon="14.84207">
      </trkpt>
      <trkpt lat="49.838477" lon="14.838771">
      </trkpt>
      <trkpt lat="49.84375" lon="14.832028">
      </trkpt>
      <trkpt lat="49.843519" lon="14.831591">
      </trkpt>
      <trkpt lat="49.842623" lon="14.830066">
      </trkpt>
      <trkpt lat="49.841738" lon="14.82267">
      </trkpt>
      <trkpt lat="49.842007" lon="14.820672">
      </trkpt>
      <trkpt lat="49.842143" lon="14.819514">
      </trkpt>
      <trkpt lat="49.842362" lon="14.817387">
      </trkpt>
      <trkpt lat="49.842579" lon="14.815284">
      </trkpt>
      <trkpt lat="49.841167" lon="14.811105">
      </trkpt>
      <trkpt lat="49.843665" lon="14.80552">
      </trkpt>
      <trkpt lat="49.843941" lon="14.804454">
      </trkpt>
      <trkpt lat="49.84409" lon="14.803988">
      </trkpt>
      <trkpt lat="49.844251" lon="14.803539">
      </trkpt>
      <trkpt lat="49.844457" lon="14.803019">
      </trkpt>
      <trkpt lat="49.853056" lon="14.80126">
      </trkpt>
      <trkpt lat="49.854844" lon="14.804384">
      </trkpt>
      <trkpt lat="49.855413" lon="14.804058">
      </trkpt>
      <trkpt lat="49.856003" lon="14.803785">
      </trkpt>
      <trkpt lat="49.856835" lon="14.803309">
      </trkpt>
      <trkpt lat="49.85938" lon="14.802352">
      </trkpt>
      <trkpt lat="49.864969" lon="14.807335">
      </trkpt>
      <trkpt lat="49.865123" lon="14.808284">
      </trkpt>
      <trkpt lat="49.865277" lon="14.808713">
      </trkpt>
      <trkpt lat="49.865699" lon="14.809653">
      </trkpt>
      <trkpt lat="49.866751" lon="14.81096">
      </trkpt>
      <trkpt lat="49.868266" lon="14.811827">
      </trkpt>
      <trkpt lat="49.871211" lon="14.813314">
      </trkpt>
      <trkpt lat="49.874338" lon="14.81153">
      </trkpt>
      <trkpt lat="49.872305" lon="14.803768">
      </trkpt>
      <trkpt lat="49.872251" lon="14.803345">
      </trkpt>
      <trkpt lat="49.872012" lon="14.80299">
      </trkpt>
      <trkpt lat="49.871367" lon="14.802337">
      </trkpt>
      <trkpt lat="49.870883" lon="14.793841">
      </trkpt>
      <trkpt lat="49.872025" lon="14.785872">
      </trkpt>
      <trkpt lat="49.876154" lon="14.780251">
      </trkpt>
      <trkpt lat="49.881251" lon="14.775599">
      </trkpt>
      <trkpt lat="49.882002" lon="14.774218">
      </trkpt>
      <trkpt lat="49.882247" lon="14.773312">
      </trkpt>
      <trkpt lat="49.882228" lon="14.772982">
      </trkpt>
      <trkpt lat="49.881898" lon="14.772312">
      </trkpt>
      <trkpt lat="49.881637" lon="14.771943">
      </trkpt>
      <trkpt lat="49.879527" lon="14.764648">
      </trkpt>
      <trkpt lat="49.885651" lon="14.758084">
      </trkpt>
      <trkpt lat="49.886224" lon="14.757892">
      </trkpt>
      <trkpt lat="49.887187" lon="14.75748">
      </trkpt>
      <trkpt lat="49.887788" lon="14.75715">
      </trkpt>
      <trkpt lat="49.888615" lon="14.756606">
      </trkpt>
      <trkpt lat="49.88931" lon="14.756054">
      </trkpt>
      <trkpt lat="49.889826" lon="14.75558">
      </trkpt>
      <trkpt lat="49.890454" lon="14.754933">
      </trkpt>
      <trkpt lat="49.892182" lon="14.752687">
      </trkpt>
      <trkpt lat="49.893381" lon="14.750962">
      </trkpt>
      <trkpt lat="49.90123" lon="14.74905">
      </trkpt>
      <trkpt lat="49.902433" lon="14.749052">
      </trkpt>
      <trkpt lat="49.909794" lon="14.750903">
      </trkpt>
      <trkpt lat="49.91004" lon="14.750871">
      </trkpt>
      <trkpt lat="49.915684" lon="14.755578">
      </trkpt>
      <trkpt lat="49.91413" lon="14.759376">
      </trkpt>
      <trkpt lat="49.910656" lon="14.767547">
      </trkpt>
      <trkpt lat="49.909364" lon="14.771629">
      </trkpt>
      <trkpt lat="49.912012" lon="14.774068">
      </trkpt>
      <trkpt lat="49.912101" lon="14.773971">
      </trkpt>
      <trkpt lat="49.913141" lon="14.772727">
      </trkpt>
      <trkpt lat="49.913928" lon="14.771685">
      </trkpt>
      <trkpt lat="49.920268" lon="14.766535">
      </trkpt>
      <trkpt lat="49.923339" lon="14.765573">
      </trkpt>
      <trkpt lat="49.923139" lon="14.761979">
      </trkpt>
      <trkpt lat="49.919963" lon="14.753686">
      </trkpt>
      <trkpt lat="49.920596" lon="14.747461">
      </trkpt>
      <trkpt lat="49.92488" lon="14.74323">
      </trkpt>
      <trkpt lat="49.927624" lon="14.7409">
      </trkpt>
      <trkpt lat="49.929455" lon="14.738372">
      </trkpt>
      <trkpt lat="49.929756" lon="14.735033">
      </trkpt>
      <trkpt lat="49.930276" lon="14.72976">
      </trkpt>
      <trkpt lat="49.937449" lon="14.724689">
      </trkpt>
      <trkpt lat="49.940986" lon="14.724015">
      </trkpt>
      <trkpt lat="49.945666" lon="14.720376">
      </trkpt>
      <trkpt lat="49.953219" lon="14.717553">
      </trkpt>
      <trkpt lat="49.956098" lon="14.718288">
      </trkpt>
      <trkpt lat="49.957699" lon="14.717338">
      </trkpt>
      <trkpt lat="49.958659" lon="14.716309">
      </trkpt>
      <trkpt lat="49.958542" lon="14.716069">
      </trkpt>
      <trkpt lat="49.958241" lon="14.715608">
      </trkpt>
      <trkpt lat="49.956345" lon="14.712321">
      </trkpt>
      <trkpt lat="49.956138" lon="14.711934">
      </trkpt>
      <trkpt lat="49.954952" lon="14.709803">
      </trkpt>
      <trkpt lat="49.956658" lon="14.702452">
      </trkpt>
      <trkpt lat="49.957516" lon="14.701621">
      </trkpt>
      <trkpt lat="49.957374" lon="14.698949">
      </trkpt>
      <trkpt lat="49.957511" lon="14.691516">
      </trkpt>
      <trkpt lat="49.957881" lon="14.690988">
      </trkpt>
      <trkpt lat="49.965945" lon="14.689714">
      </trkpt>
      <trkpt lat="49.967193" lon="14.691574">
      </trkpt>
      <trkpt lat="49.967435" lon="14.692083">
      </trkpt>
      <trkpt lat="49.96773" lon="14.692611">
      </trkpt>
      <trkpt lat="49.968664" lon="14.698047">
      </trkpt>
      <trkpt lat="49.968509" lon="14.698779">
      </trkpt>
      <trkpt lat="49.969951" lon="14.700074">
      </trkpt>
      <trkpt lat="49.970527" lon="14.700227">
      </trkpt>
      <trkpt lat="49.978776" lon="14.703422">
      </trkpt>
      <trkpt lat="49.98198" lon="14.701781">
      </trkpt>
      <trkpt lat="49.981608" lon="14.701055">
      </trkpt>
      <trkpt lat="49.980573" lon="14.699197">
      </trkpt>
      <trkpt lat="49.979912" lon="14.69795">
      </trkpt>
      <trkpt lat="49.979471" lon="14.697354">
      </trkpt>
      <trkpt lat="49.978964" lon="14.696893">
      </trkpt>
      <trkpt lat="49.976213" lon="14.694823">
      </trkpt>
      <trkpt lat="49.975644" lon="14.694258">
      </trkpt>
      <trkpt lat="49.975329" lon="14.693883">
      </trkpt>
      <trkpt lat="49.974673" lon="14.693396">
      </trkpt>
      <trkpt lat="49.97251" lon="14.690668">
      </trkpt>
      <trkpt lat="49.972245" lon="14.683537">
      </trkpt>
      <trkpt lat="49.972567" lon="14.682168">
      </trkpt>
      <trkpt lat="49.972884" lon="14.681343">
      </trkpt>
      <trkpt lat="49.973514" lon="14.679554">
      </trkpt>
      <trkpt lat="49.972949" lon="14.677743">
      </trkpt>
      <trkpt lat="49.972624" lon="14.675664">
      </trkpt>
      <trkpt lat="49.980607" lon="14.672753">
      </trkpt>
      <trkpt lat="49.982021" lon="14.676535">
      </trkpt>
      <trkpt lat="49.985322" lon="14.680165">
      </trkpt>
      <trkpt lat="49.985961" lon="14.681312">
      </trkpt>
      <trkpt lat="49.986501" lon="14.682122">
      </trkpt>
      <trkpt lat="49.98776" lon="14.689986">
      </trkpt>
      <trkpt lat="49.988611" lon="14.692921">
      </trkpt>
      <trkpt lat="49.98899" lon="14.695306">
      </trkpt>
      <trkpt lat="49.992437" lon="14.696343">
      </trkpt>
      <trkpt lat="49.995873" lon="14.692258">
      </trkpt>
      <trkpt lat="49.995985" lon="14.691874">
      </trkpt>
      <trkpt lat="49.994175" lon="14.684332">
      </trkpt>
      <trkpt lat="49.997713" lon="14.68">
      </trkpt>
      <trkpt lat="50.005768" lon="14.678661">
      </trkpt>
      <trkpt lat="50.011566" lon="14.684677">
      </trkpt>
      <trkpt lat="50.01131" lon="14.685899">
      </trkpt>
      <trkpt lat="50.011256" lon="14.686395">
      </trkpt>
      <trkpt lat="50.011253" lon="14.686684">
      </trkpt>
      <trkpt lat="50.011283" lon="14.687288">
      </trkpt>
      <trkpt lat="50.011352" lon="14.687796">
      </trkpt>
      <trkpt lat="50.011418" lon="14.688151">
      </trkpt>
      <trkpt lat="50.011632" lon="14.689095">
      </trkpt>
      <trkpt lat="50.011951" lon="14.690364">
      </trkpt>
      <trkpt lat="50.013015" lon="14.690636">
      </trkpt>
      <trkpt lat="50.013878" lon="14.690386">
      </trkpt>
      <trkpt lat="50.015442" lon="14.689488">
      </trkpt>
      <trkpt lat="50.015155" lon="14.684968">
      </trkpt>
      <trkpt lat="50.015248" lon="14.682934">
      </trkpt>
      <trkpt lat="50.015275" lon="14.682689">
      </trkpt>
      <trkpt lat="50.015397" lon="14.677644">
      </trkpt>
      <trkpt lat="50.022406" lon="14.672181">
      </trkpt>
      <trkpt lat="50.023079" lon="14.672066">
      </trkpt>
      <trkpt lat="50.023697" lon="14.671763">
      </trkpt>
      <trkpt lat="50.025679" lon="14.670884">
      </trkpt>
      <trkpt lat="50.026621" lon="14.670333">
      </trkpt>
      <trkpt lat="50.027486" lon="14.669595">
      </trkpt>
      <trkpt lat="50.028787" lon="14.668538">
      </trkpt>
      <trkpt lat="50.02886" lon="14.668418">
      </trkpt>
      <trkpt lat="50.029219" lon="14.667113">
      </trkpt>
      <trkpt lat="50.029186" lon="14.666941">
      </trkpt>
      <trkpt lat="50.027215" lon="14.665105">
      </trkpt>
      <trkpt lat="50.026918" lon="14.665253">
      </trkpt>
      <trkpt lat="50.026256" lon="14.665734">
      </trkpt>
      <trkpt lat="50.024952" lon="14.667038">
      </trkpt>
      <trkpt lat="50.021132" lon="14.667954">
      </trkpt>
      <trkpt lat="50.017537" lon="14.660766">
      </trkpt>
      <trkpt lat="50.017829" lon="14.660025">
      </trkpt>
      <trkpt lat="50.020358" lon="14.65482">
      </trkpt>
      <trkpt lat="50.02079" lon="14.654387">
      </trkpt>
      <trkpt lat="50.020979" lon="14.654078">
      </trkpt>
      <trkpt lat="50.02105" lon="14.653354">
      </trkpt>
      <trkpt lat="50.023366" lon="14.64625">
      </trkpt>
      <trkpt lat="50.023719" lon="14.645641">
      </trkpt>
      <trkpt lat="50.018334" lon="14.639722">
      </trkpt>
      <trkpt lat="50.018569" lon="14.63515">
      </trkpt>
      <trkpt lat="50.019081" lon="14.632759">
      </trkpt>
      <trkpt lat="50.019273" lon="14.626086">
      </trkpt>
      <trkpt lat="50.019154" lon="14.62482">
      </trkpt>
      <trkpt lat="50.019272" lon="14.620557">
      </trkpt>
      <trkpt lat="50.019541" lon="14.619235">
      </trkpt>
      <trkpt lat="50.019741" lon="14.61849">
      </trkpt>
      <trkpt lat="50.021188" lon="14.616227">
      </trkpt>
      <trkpt lat="50.02988" lon="14.617966">
      </trkpt>
      <trkpt lat="50.0304" lon="14.620586">
      </trkpt>
      <trkpt lat="50.030551" lon="14.62126">
      </trkpt>
      <trkpt lat="50.031341" lon="14.624091">
      </trkpt>
      <trkpt lat="50.031948" lon="14.625505">
      </trkpt>
      <trkpt lat="50.035414" lon="14.62453">
      </trkpt>
      <trkpt lat="50.035125" lon="14.6235">
      </trkpt>
      <trkpt lat="50.034898" lon="14.622986">
      </trkpt>
      <trkpt lat="50.03403" lon="14.620332">
      </trkpt>
      <trkpt lat="50.040634" lon="14.614896">
      </trkpt>
      <trkpt lat="50.041457" lon="14.615133">
      </trkpt>
      <trkpt lat="50.042064" lon="14.614595">
      </trkpt>
      <trkpt lat="50.042396" lon="14.614305">
      </trkpt>
      <trkpt lat="50.042673" lon="14.613996">
      </trkpt>
      <trkpt lat="50.042169" lon="14.61164">
      </trkpt>
      <trkpt lat="50.041823" lon="14.611476">
      </trkpt>
      <trkpt lat="50.037782" lon="14.609584">
      </trkpt>
      <trkpt lat="50.03668" lon="14.601167">
      </trkpt>
      <trkpt lat="50.040247" lon="14.599161">
      </trkpt>
      <trkpt lat="50.041542" lon="14.596053">
      </trkpt>
      <trkpt lat="50.043767" lon="14.589648">
      </trkpt>
      <trkpt lat="50.047234" lon="14.585968">
      </trkpt>
      <trkpt lat="50.047951" lon="14.577384">
      </trkpt>
      <trkpt lat="50.047364" lon="14.576202">
      </trkpt>
      <trkpt lat="50.046759" lon="14.569242">
      </trkpt>
      <trkpt lat="50.050706" lon="14.563594">
      </trkpt>
      <trkpt lat="50.050722" lon="14.563538">
      </trkpt>
      <trkpt lat="50.048688" lon="14.561471">
      </trkpt>
      <trkpt lat="50.041915" lon="14.556741">
      </trkpt>
      <trkpt lat="50.037237" lon="14.550414">
      </trkpt>
      <trkpt lat="50.033384" lon="14.543361">
      </trkpt>
      <trkpt lat="50.033329" lon="14.541514">
      </trkpt>
      <trkpt lat="50.034088" lon="14.537614">
      </trkpt>
      <trkpt lat="50.037815" lon="14.533078">
      </trkpt>
      <trkpt lat="50.040428" lon="14.530655">
      </trkpt>
      <trkpt lat="50.046989" lon="14.530482">
      </trkpt>
      <trkpt lat="50.047247" lon="14.530551">
      </trkpt>
      <trkpt lat="50.048559" lon="14.528007">
      </trkpt>
      <trkpt lat="50.048335" lon="14.527147">
      </trkpt>
      <trkpt lat="50.048307" lon="14.527081">
      </trkpt>
      <trkpt lat="50.047541" lon="14.523083">
      </trkpt>
      <trkpt lat="50.055563" lon="14.519467">
      </trkpt>
      <trkpt lat="50.063934" lon="14.521119">
      </trkpt>
      <trkpt lat="50.064173" lon="14.523512">
      </trkpt>
      <trkpt lat="50.064274" lon="14.523696">
      </trkpt>
      <trkpt lat="50.066774" lon="14.524131">
      </trkpt>
      <trkpt lat="50.066866" lon="14.524058">
      </trkpt>
      <trkpt lat="50.067605" lon="14.522084">
      </trkpt>
      <trkpt lat="50.067388" lon="14.521027">
      </trkpt>
      <trkpt lat="50.065745" lon="14.516082">
      </trkpt>
      <trkpt lat="50.067402" lon="14.507534">
      </trkpt>
      <trkpt lat="50.067433" lon="14.507431">
      </trkpt>
      <trkpt lat="50.067665" lon="14.506671">
      </trkpt>
      <trkpt lat="50.067837" lon="14.506094">
      </trkpt>
      <trkpt lat="50.067713" lon="14.505393">
      </trkpt>
      <trkpt lat="50.067551" lon="14.500813">
      </trkpt>
      <trkpt lat="50.070947" lon="14.495508">
      </trkpt>
      <trkpt lat="50.071006" lon="14.495316">
      </trkpt>
      <trkpt lat="50.071009" lon="14.495303">
      </trkpt>
      <trkpt lat="50.071067" lon="14.49511">
      </trkpt>
      <trkpt lat="50.071459" lon="14.490567">
      </trkpt>
      <trkpt lat="50.071472" lon="14.488875">
      </trkpt>
      <trkpt lat="50.072755" lon="14.480725">
      </trkpt>
      <trkpt lat="50.073145" lon="14.477341">
      </trkpt>
      <trkpt lat="50.075364" lon="14.471538">
      </trkpt>
      <trkpt lat="50.075342" lon="14.471126">
      </trkpt>
      <trkpt lat="50.075276" lon="14.470012">
      </trkpt>
      <trkpt lat="50.075253" lon="14.469514">
      </trkpt>
      <trkpt lat="50.07322" lon="14.466226">
      </trkpt>
      <trkpt lat="50.071871" lon="14.463508">
      </trkpt>
      <trkpt lat="50.077553" lon="14.457618">
      </trkpt>
      <trkpt lat="50.078142" lon="14.457364">
      </trkpt>
      <trkpt lat="50.078205" lon="14.457339">
      </trkpt>
      <trkpt lat="50.078799" lon="14.457112">
      </trkpt>
      <trkpt lat="50.079362" lon="14.456468">
      </trkpt>
      <trkpt lat="50.079935" lon="14.453719">
      </trkpt>
      <trkpt lat="50.085295" lon="14.448327">
      </trkpt>
      <trkpt lat="50.086582" lon="14.447252">
      </trkpt>
      <trkpt lat="50.08748" lon="14.446546">
      </trkpt>
      <trkpt lat="50.08748" lon="14.446544">
      </trkpt>
      <trkpt lat="50.089169" lon="14.441737">
      </trkpt>
      <trkpt lat="50.096585" lon="14.440607">
      </trkpt>
      <trkpt lat="50.100176" lon="14.440354">
      </trkpt>
      <trkpt lat="50.107973" lon="14.443307">
      </trkpt>
      <trkpt lat="50.108773" lon="14.445388">
      </trkpt>
      <trkpt lat="50.108818" lon="14.445473">
      </trkpt>
      <trkpt lat="50.109184" lon="14.445957">
      </trkpt>
      <trkpt lat="50.1119" lon="14.452574">
      </trkpt>
      <trkpt lat="50.115497" lon="14.452728">
      </trkpt>
      <trkpt lat="50.118211" lon="14.448279">
      </trkpt>
      <trkpt lat="50.118152" lon="14.448088">
      </trkpt>
      <trkpt lat="50.117381" lon="14.443143">
      </trkpt>
      <trkpt lat="50.120557" lon="14.436869">
      </trkpt>
      <trkpt lat="50.120427" lon="14.43544">
      </trkpt>
      <trkpt lat="50.120355" lon="14.434945">
      </trkpt>
      <trkpt lat="50.119772" lon="14.431529">
      </trkpt>
      <trkpt lat="50.119142" lon="14.428373">
      </trkpt>
      <trkpt lat="50.114104" lon="14.421473">
      </trkpt>
      <trkpt lat="50.113576" lon="14.420483">
      </trkpt>
      <trkpt lat="50.113142" lon="14.419778">
      </trkpt>
      <trkpt lat="50.11255" lon="14.418942">
      </trkpt>
      <trkpt lat="50.11188" lon="14.418133">
      </trkpt>
      <trkpt lat="50.111452" lon="14.417683">
      </trkpt>
      <trkpt lat="50.11099" lon="14.417239">
      </trkpt>
      <trkpt lat="50.109408" lon="14.416551">
      </trkpt>
      <trkpt lat="50.108396" lon="14.415998">
      </trkpt>
      <trkpt lat="50.107609" lon="14.415699">
      </trkpt>
      <trkpt lat="50.103946" lon="14.408943">
      </trkpt>
      <trkpt lat="50.105776" lon="14.406364">
      </trkpt>
      <trkpt lat="50.10664" lon="14.405569">
      </trkpt>
      <trkpt lat="50.109477" lon="14.40428">
      </trkpt>
      <trkpt lat="50.110644" lon="14.40346">
      </trkpt>
      <trkpt lat="50.111253" lon="14.402558">
      </trkpt>
      <trkpt lat="50.111677" lon="14.398481">
      </trkpt>
      <trkpt lat="50.117017" lon="14.394515">
      </trkpt>
      <trkpt lat="50.117096" lon="14.394498">
      </trkpt>
      <trkpt lat="50.118369" lon="14.393282">
      </trkpt>
      <trkpt lat="50.12482" lon="14.390334">
      </trkpt>
      <trkpt lat="50.129771" lon="14.390999">
      </trkpt>
      <trkpt lat="50.135926" lon="14.384717">
      </trkpt>
      <trkpt lat="50.140995" lon="14.383568">
      </trkpt>
      <trkpt lat="50.14388" lon="14.381948">
      </trkpt>
      <trkpt lat="50.144202" lon="14.381303">
      </trkpt>
      <trkpt lat="50.145501" lon="14.376954">
      </trkpt>
      <trkpt lat="50.149491" lon="14.370152">
      </trkpt>
      <trkpt lat="50.152445" lon="14.368963">
      </trkpt>
      <trkpt lat="50.15841" lon="14.371906">
      </trkpt>
      <trkpt lat="50.161956" lon="14.371284">
      </trkpt>
      <trkpt lat="50.161914" lon="14.368868">
      </trkpt>
      <trkpt lat="50.161893" lon="14.368746">
      </trkpt>
      <trkpt lat="50.16081" lon="14.362536">
      </trkpt>
      <trkpt lat="50.160628" lon="14.356967">
      </trkpt>
      <trkpt lat="50.160629" lon="14.356952">
      </trkpt>
      <trkpt lat="50.160643" lon="14.35614">
      </trkpt>
      <trkpt lat="50.160996" lon="14.348849">
      </trkpt>
      <trkpt lat="50.157905" lon="14.341506">
      </trkpt>
      <trkpt lat="50.155522" lon="14.338694">
      </trkpt>
      <trkpt lat="50.153886" lon="14.335487">
      </trkpt>
      <trkpt lat="50.150891" lon="14.327569">
      </trkpt>
      <trkpt lat="50.152792" lon="14.322653">
      </trkpt>
      <trkpt lat="50.159332" lon="14.32">
      </trkpt>
      <trkpt lat="50.16319" lon="14.317855">
      </trkpt>
      <trkpt lat="50.163877" lon="14.311303">
      </trkpt>
      <trkpt lat="50.163917" lon="14.309774">
      </trkpt>
      <trkpt lat="50.163813" lon="14.309302">
      </trkpt>
      <trkpt lat="50.162917" lon="14.305134">
      </trkpt>
      <trkpt lat="50.162779" lon="14.304366">
      </trkpt>
      <trkpt lat="50.162547" lon="14.302513">
      </trkpt>
      <trkpt lat="50.163352" lon="14.295042">
      </trkpt>
      <trkpt lat="50.163615" lon="14.294012">
      </trkpt>
      <trkpt lat="50.167683" lon="14.287229">
      </trkpt>
      <trkpt lat="50.170759" lon="14.285358">
      </trkpt>
      <trkpt lat="50.168031" lon="14.27777">
      </trkpt>
      <trkpt lat="50.16606" lon="14.275268">
      </trkpt>
      <trkpt lat="50.162424" lon="14.275352">
      </trkpt>
      <trkpt lat="50.161501" lon="14.275388">
      </trkpt>
      <trkpt lat="50.154878" lon="14.277041">
      </trkpt>
      <trkpt lat="50.153077" lon="14.277008">
      </trkpt>
      <trkpt lat="50.1458" lon="14.277989">
      </trkpt>
      <trkpt lat="50.143113" lon="14.27706">
      </trkpt>
      <trkpt lat="50.142426" lon="14.276785">
      </trkpt>
      <trkpt lat="50.141909" lon="14.276605">
      </trkpt>
      <trkpt lat="50.141514" lon="14.276504">
      </trkpt>
      <trkpt lat="50.140856" lon="14.276442">
      </trkpt>
      <trkpt lat="50.136523" lon="14.273558">
      </trkpt>
      <trkpt lat="50.136535" lon="14.268483">
      </trkpt>
      <trkpt lat="50.138104" lon="14.266349">
      </trkpt>
      <trkpt lat="50.14303" lon="14.262168">
      </trkpt>
      <trkpt lat="50.143334" lon="14.262063">
      </trkpt>
      <trkpt lat="50.143507" lon="14.261906">
      </trkpt>
      <trkpt lat="50.142968" lon="14.255436">
      </trkpt>
      <trkpt lat="50.144431" lon="14.253519">
      </trkpt>
      <trkpt lat="50.152692" lon="14.255055">
      </trkpt>
      <trkpt lat="50.155224" lon="14.256069">
      </trkpt>
      <trkpt lat="50.160967" lon="14.260808">
      </trkpt>
      <trkpt lat="50.161973" lon="14.263523">
      </trkpt>
      <trkpt lat="50.164739" lon="14.262231">
      </trkpt>
      <trkpt lat="50.169897" lon="14.259273">
      </trkpt>
      <trkpt lat="50.173631" lon="14.253949">
      </trkpt>
      <trkpt lat="50.171217" lon="14.251278">
      </trkpt>
      <trkpt lat="50.170423" lon="14.245206">
      </trkpt>
      <trkpt lat="50.178653" lon="14.245248">
      </trkpt>
      <trkpt lat="50.17909" lon="14.24602">
      </trkpt>
      <trkpt lat="50.179359" lon="14.246446">
      </trkpt>
      <trkpt lat="50.18002" lon="14.247407">
      </trkpt>
      <trkpt lat="50.1806" lon="14.248133">
      </trkpt>
      <trkpt lat="50.18107" lon="14.248535">
      </trkpt>
      <trkpt lat="50.182015" lon="14.248913">
      </trkpt>
      <trkpt lat="50.183114" lon="14.24877">
      </trkpt>
      <trkpt lat="50.185524" lon="14.248116">
      </trkpt>
      <trkpt lat="50.185524" lon="14.245922">
      </trkpt>
      <trkpt lat="50.180677" lon="14.24027">
      </trkpt>
      <trkpt lat="50.179795" lon="14.238137">
      </trkpt>
      <trkpt lat="50.179296" lon="14.236517">
      </trkpt>
      <trkpt lat="50.182021" lon="14.229274">
      </trkpt>
      <trkpt lat="50.181861" lon="14.227675">
      </trkpt>
      <trkpt lat="50.173925" lon="14.223829">
      </trkpt>
      <trkpt lat="50.173504" lon="14.221842">
      </trkpt>
      <trkpt lat="50.173099" lon="14.219804">
      </trkpt>
      <trkpt lat="50.172572" lon="14.217479">
      </trkpt>
      <trkpt lat="50.172068" lon="14.215334">
      </trkpt>
      <trkpt lat="50.171848" lon="14.21452">
      </trkpt>
      <trkpt lat="50.170748" lon="14.211871">
      </trkpt>
      <trkpt lat="50.169863" lon="14.209569">
      </trkpt>
      <trkpt lat="50.171425" lon="14.202922">
      </trkpt>
      <trkpt lat="50.179151" lon="14.20462">
      </trkpt>
      <trkpt lat="50.179981" lon="14.206032">
      </trkpt>
      <trkpt lat="50.18032" lon="14.206514">
      </trkpt>
      <trkpt lat="50.180935" lon="14.207477">
      </trkpt>
      <trkpt lat="50.181805" lon="14.209059">
      </trkpt>
      <trkpt lat="50.182165" lon="14.210625">
      </trkpt>
      <trkpt lat="50.182423" lon="14.21227">
      </trkpt>
      <trkpt lat="50.18289" lon="14.213971">
      </trkpt>
      <trkpt lat="50.182999" lon="14.215342">
      </trkpt>
      <trkpt lat="50.183002" lon="14.215719">
      </trkpt>
      <trkpt lat="50.182892" lon="14.216869">
      </trkpt>
      <trkpt lat="50.186475" lon="14.217214">
      </trkpt>
      <trkpt lat="50.187155" lon="14.212883">
      </trkpt>
      <trkpt lat="50.187038" lon="14.211935">
      </trkpt>
      <trkpt lat="50.187502" lon="14.20345">
      </trkpt>
      <trkpt lat="50.18747" lon="14.203334">
      </trkpt>
      <trkpt lat="50.187065" lon="14.202602">
      </trkpt>
      <trkpt lat="50.186222" lon="14.202033">
      </trkpt>
      <trkpt lat="50.184866" lon="14.193598">
      </trkpt>
      <trkpt lat="50.185688" lon="14.19253">
      </trkpt>
      <trkpt lat="50.186452" lon="14.191458">
      </trkpt>
      <trkpt lat="50.187186" lon="14.19032">
      </trkpt>
      <trkpt lat="50.188277" lon="14.188483">
      </trkpt>
      <trkpt lat="50.189144" lon="14.18692">
      </trkpt>
      <trkpt lat="50.190009" lon="14.185272">
      </trkpt>
      <trkpt lat="50.19089" lon="14.18347">
      </trkpt>
      <trkpt lat="50.191479" lon="14.18222">
      </trkpt>
      <trkpt lat="50.192537" lon="14.179781">
      </trkpt>
      <trkpt lat="50.193375" lon="14.17768">
      </trkpt>
      <trkpt lat="50.194375" lon="14.174954">
      </trkpt>
      <trkpt lat="50.194865" lon="14.173499">
      </trkpt>
      <trkpt lat="50.195571" lon="14.171254">
      </trkpt>
      <trkpt lat="50.19599" lon="14.169836">
      </trkpt>
      <trkpt lat="50.196562" lon="14.167744">
      </trkpt>
      <trkpt lat="50.197187" lon="14.165194">
      </trkpt>
      <trkpt lat="50.197889" lon="14.162141">
      </trkpt>
      <trkpt lat="50.198583" lon="14.159117">
      </trkpt>
      <trkpt lat="50.199167" lon="14.156754">
      </trkpt>
      <trkpt lat="50.199541" lon="14.155405">
      </trkpt>
      <trkpt lat="50.199933" lon="14.154097">
      </trkpt>
      <trkpt lat="50.200335" lon="14.152822">
      </trkpt>
      <trkpt lat="50.200759" lon="14.151596">
      </trkpt>
      <trkpt lat="50.201456" lon="14.149736">
      </trkpt>
      <trkpt lat="50.202187" lon="14.14794">
      </trkpt>
      <trkpt lat="50.202952" lon="14.146232">
      </trkpt>
      <trkpt lat="50.203739" lon="14.144603">
      </trkpt>
      <trkpt lat="50.204615" lon="14.142947">
      </trkpt>
      <trkpt lat="50.205568" lon="14.141303">
      </trkpt>
      <trkpt lat="50.206311" lon="14.140124">
      </trkpt>
      <trkpt lat="50.20787" lon="14.137928">
      </trkpt>
      <trkpt lat="50.208662" lon="14.136897">
      </trkpt>
      <trkpt lat="50.209876" lon="14.135426">
      </trkpt>
      <trkpt lat="50.21112" lon="14.133917">
      </trkpt>
      <trkpt lat="50.217322" lon="14.129428">
      </trkpt>
      <trkpt lat="50.219644" lon="14.124928">
      </trkpt>
      <trkpt lat="50.218271" lon="14.1216">
      </trkpt>
      <trkpt lat="50.216291" lon="14.117836">
      </trkpt>
      <trkpt lat="50.213053" lon="14.11029">
      </trkpt>
      <trkpt lat="50.212519" lon="14.107467">
      </trkpt>
      <trkpt lat="50.212242" lon="14.105866">
      </trkpt>
      <trkpt lat="50.211835" lon="14.103223">
      </trkpt>
      <trkpt lat="50.211351" lon="14.09971">
      </trkpt>
      <trkpt lat="50.211211" lon="14.098518">
      </trkpt>
      <trkpt lat="50.210953" lon="14.096069">
      </trkpt>
      <trkpt lat="50.210828" lon="14.094766">
      </trkpt>
      <trkpt lat="50.207245" lon="14.09511">
      </trkpt>
      <trkpt lat="50.20737" lon="14.096413">
      </trkpt>
      <trkpt lat="50.20763" lon="14.098894">
      </trkpt>
      <trkpt lat="50.207775" lon="14.10013">
      </trkpt>
      <trkpt lat="50.208268" lon="14.103714">
      </trkpt>
      <trkpt lat="50.208686" lon="14.106425">
      </trkpt>
      <trkpt lat="50.208971" lon="14.108079">
      </trkpt>
      <trkpt lat="50.209516" lon="14.110959">
      </trkpt>
      <trkpt lat="50.208508" lon="14.119243">
      </trkpt>
      <trkpt lat="50.208747" lon="14.120092">
      </trkpt>
      <trkpt lat="50.209489" lon="14.124655">
      </trkpt>
      <trkpt lat="50.207099" lon="14.133135">
      </trkpt>
      <trkpt lat="50.205885" lon="14.134606">
      </trkpt>
      <trkpt lat="50.205017" lon="14.135732">
      </trkpt>
      <trkpt lat="50.204181" lon="14.136855">
      </trkpt>
      <trkpt lat="50.203332" lon="14.138104">
      </trkpt>
      <trkpt lat="50.202524" lon="14.13938">
      </trkpt>
      <trkpt lat="50.201502" lon="14.141138">
      </trkpt>
      <trkpt lat="50.200558" lon="14.142918">
      </trkpt>
      <trkpt lat="50.199712" lon="14.144663">
      </trkpt>
      <trkpt lat="50.198902" lon="14.146467">
      </trkpt>
      <trkpt lat="50.198122" lon="14.148377">
      </trkpt>
      <trkpt lat="50.197388" lon="14.150331">
      </trkpt>
      <trkpt lat="50.196933" lon="14.151644">
      </trkpt>
      <trkpt lat="50.1965" lon="14.153014">
      </trkpt>
      <trkpt lat="50.196093" lon="14.15437">
      </trkpt>
      <trkpt lat="50.195698" lon="14.155791">
      </trkpt>
      <trkpt lat="50.195088" lon="14.158253">
      </trkpt>
      <trkpt lat="50.19438" lon="14.161335">
      </trkpt>
      <trkpt lat="50.193679" lon="14.164388">
      </trkpt>
      <trkpt lat="50.186766" lon="14.169474">
      </trkpt>
      <trkpt lat="50.183979" lon="14.169615">
      </trkpt>
      <trkpt lat="50.179882" lon="14.171375">
      </trkpt>
      <trkpt lat="50.177576" lon="14.171607">
      </trkpt>
      <trkpt lat="50.170263" lon="14.166653">
      </trkpt>
      <trkpt lat="50.169513" lon="14.162351">
      </trkpt>
      <trkpt lat="50.169427" lon="14.161616">
      </trkpt>
      <trkpt lat="50.168352" lon="14.158443">
      </trkpt>
      <trkpt lat="50.168164" lon="14.157362">
      </trkpt>
      <trkpt lat="50.167898" lon="14.15616">
      </trkpt>
      <trkpt lat="50.167607" lon="14.155511">
      </trkpt>
      <trkpt lat="50.167234" lon="14.155015">
      </trkpt>
      <trkpt lat="50.166533" lon="14.154324">
      </trkpt>
      <trkpt lat="50.164004" lon="14.156885">
      </trkpt>
      <trkpt lat="50.164805" lon="14.159058">
      </trkpt>
      <trkpt lat="50.164934" lon="14.159712">
      </trkpt>
      <trkpt lat="50.165078" lon="14.16029">
      </trkpt>
      <trkpt lat="50.16531" lon="14.162566">
      </trkpt>
      <trkpt lat="50.157425" lon="14.165785">
      </trkpt>
      <trkpt lat="50.156585" lon="14.165087">
      </trkpt>
      <trkpt lat="50.154709" lon="14.164781">
      </trkpt>
      <trkpt lat="50.149892" lon="14.162299">
      </trkpt>
      <trkpt lat="50.148812" lon="14.15692">
      </trkpt>
      <trkpt lat="50.148815" lon="14.156825">
      </trkpt>
      <trkpt lat="50.146898" lon="14.150344">
      </trkpt>
      <trkpt lat="50.1466" lon="14.149309">
      </trkpt>
      <trkpt lat="50.146142" lon="14.146571">
      </trkpt>
      <trkpt lat="50.146031" lon="14.145343">
      </trkpt>
      <trkpt lat="50.141755" lon="14.142385">
      </trkpt>
      <trkpt lat="50.139602" lon="14.134836">
      </trkpt>
      <trkpt lat="50.139577" lon="14.134707">
      </trkpt>
      <trkpt lat="50.139014" lon="14.131875">
      </trkpt>
      <trkpt lat="50.141062" lon="14.123618">
      </trkpt>
      <trkpt lat="50.142858" lon="14.120867">
      </trkpt>
      <trkpt lat="50.143111" lon="14.119921">
      </trkpt>
      <trkpt lat="50.143137" lon="14.11902">
      </trkpt>
      <trkpt lat="50.143015" lon="14.118722">
      </trkpt>
      <trkpt lat="50.140394" lon="14.118243">
      </trkpt>
      <trkpt lat="50.134347" lon="14.112886">
      </trkpt>
      <trkpt lat="50.134025" lon="14.110827">
      </trkpt>
      <trkpt lat="50.135648" lon="14.103755">
      </trkpt>
      <trkpt lat="50.136156" lon="14.102158">
      </trkpt>
      <trkpt lat="50.137024" lon="14.100095">
      </trkpt>
      <trkpt lat="50.137483" lon="14.098447">
      </trkpt>
      <trkpt lat="50.138335" lon="14.095484">
      </trkpt>
      <trkpt lat="50.137959" lon="14.091584">
      </trkpt>
      <trkpt lat="50.135985" lon="14.085689">
      </trkpt>
      <trkpt lat="50.134655" lon="14.081038">
      </trkpt>
      <trkpt lat="50.137286" lon="14.073564">
      </trkpt>
      <trkpt lat="50.140879" lon="14.071216">
      </trkpt>
      <trkpt lat="50.142551" lon="14.070129">
      </trkpt>
      <trkpt lat="50.142589" lon="14.069739">
      </trkpt>
      <trkpt lat="50.142612" lon="14.069259">
      </trkpt>
      <trkpt lat="50.142585" lon="14.068952">
      </trkpt>
      <trkpt lat="50.137889" lon="14.063893">
      </trkpt>
      <trkpt lat="50.13772" lon="14.063726">
      </trkpt>
      <trkpt lat="50.137638" lon="14.06366">
      </trkpt>
      <trkpt lat="50.136828" lon="14.063159">
      </trkpt>
      <trkpt lat="50.133424" lon="14.062005">
      </trkpt>
      <trkpt lat="50.12548" lon="14.059647">
      </trkpt>
      <trkpt lat="50.12488" lon="14.059062">
      </trkpt>
      <trkpt lat="50.122688" lon="14.051013">
      </trkpt>
      <trkpt lat="50.124537" lon="14.048573">
      </trkpt>
      <trkpt lat="50.126527" lon="14.047417">
      </trkpt>
      <trkpt lat="50.12759" lon="14.046317">
      </trkpt>
      <trkpt lat="50.128755" lon="14.045272">
      </trkpt>
      <trkpt lat="50.129192" lon="14.043752">
      </trkpt>
      <trkpt lat="50.129175" lon="14.043609">
      </trkpt>
      <trkpt lat="50.128214" lon="14.034769">
      </trkpt>
      <trkpt lat="50.124859" lon="14.033463">
      </trkpt>
      <trkpt lat="50.116425" lon="14.036219">
      </trkpt>
      <trkpt lat="50.1153" lon="14.032525">
      </trkpt>
      <trkpt lat="50.115524" lon="14.03124">
      </trkpt>
      <trkpt lat="50.116097" lon="14.02873">
      </trkpt>
      <trkpt lat="50.116385" lon="14.027644">
      </trkpt>
      <trkpt lat="50.116693" lon="14.026622">
      </trkpt>
      <trkpt lat="50.11706" lon="14.025498">
      </trkpt>
      <trkpt lat="50.117455" lon="14.024418">
      </trkpt>
      <trkpt lat="50.117841" lon="14.023481">
      </trkpt>
      <trkpt lat="50.118244" lon="14.022593">
      </trkpt>
      <trkpt lat="50.11866" lon="14.021737">
      </trkpt>
      <trkpt lat="50.119108" lon="14.020906">
      </trkpt>
      <trkpt lat="50.119632" lon="14.020025">
      </trkpt>
      <trkpt lat="50.120156" lon="14.019213">
      </trkpt>
      <trkpt lat="50.120634" lon="14.018543">
      </trkpt>
      <trkpt lat="50.121116" lon="14.017918">
      </trkpt>
      <trkpt lat="50.121701" lon="14.017221">
      </trkpt>
      <trkpt lat="50.122361" lon="14.016536">
      </trkpt>
      <trkpt lat="50.122925" lon="14.015988">
      </trkpt>
      <trkpt lat="50.123528" lon="14.015469">
      </trkpt>
      <trkpt lat="50.124229" lon="14.014933">
      </trkpt>
      <trkpt lat="50.124951" lon="14.014432">
      </trkpt>
      <trkpt lat="50.126441" lon="14.013509">
      </trkpt>
      <trkpt lat="50.130247" lon="14.011305">
      </trkpt>
      <trkpt lat="50.134075" lon="14.009087">
      </trkpt>
      <trkpt lat="50.135419" lon="14.00828">
      </trkpt>
      <trkpt lat="50.136693" lon="14.007423">
      </trkpt>
      <trkpt lat="50.137801" lon="14.006593">
      </trkpt>
      <trkpt lat="50.139428" lon="14.00523">
      </trkpt>
      <trkpt lat="50.1409" lon="14.003831">
      </trkpt>
      <trkpt lat="50.141726" lon="14.00297">
      </trkpt>
      <trkpt lat="50.142493" lon="14.002126">
      </trkpt>
      <trkpt lat="50.143226" lon="14.001282">
      </trkpt>
      <trkpt lat="50.144228" lon="14.000009">
      </trkpt>
      <trkpt lat="50.14521" lon="13.998686">
      </trkpt>
      <trkpt lat="50.146087" lon="13.997438">
      </trkpt>
      <trkpt lat="50.147268" lon="13.995688">
      </trkpt>
      <trkpt lat="50.148452" lon="13.993835">
      </trkpt>
      <trkpt lat="50.149636" lon="13.991896">
      </trkpt>
      <trkpt lat="50.151082" lon="13.989348">
      </trkpt>
      <trkpt lat="50.15841" lon="13.988572">
      </trkpt>
      <trkpt lat="50.158628" lon="13.988722">
      </trkpt>
      <trkpt lat="50.160675" lon="13.985761">
      </trkpt>
      <trkpt lat="50.159978" lon="13.9822">
      </trkpt>
      <trkpt lat="50.157524" lon="13.974737">
      </trkpt>
      <trkpt lat="50.15859" lon="13.971332">
      </trkpt>
      <trkpt lat="50.159462" lon="13.968117">
      </trkpt>
      <trkpt lat="50.159851" lon="13.966518">
      </trkpt>
      <trkpt lat="50.160237" lon="13.964841">
      </trkpt>
      <trkpt lat="50.160582" lon="13.96319">
      </trkpt>
      <trkpt lat="50.161042" lon="13.960805">
      </trkpt>
      <trkpt lat="50.161384" lon="13.958663">
      </trkpt>
      <trkpt lat="50.1617" lon="13.956522">
      </trkpt>
      <trkpt lat="50.161969" lon="13.954346">
      </trkpt>
      <trkpt lat="50.162133" lon="13.952804">
      </trkpt>
      <trkpt lat="50.162271" lon="13.951275">
      </trkpt>
      <trkpt lat="50.162455" lon="13.949049">
      </trkpt>
      <trkpt lat="50.158867" lon="13.948754">
      </trkpt>
      <trkpt lat="50.158684" lon="13.95098">
      </trkpt>
      <trkpt lat="50.158548" lon="13.95248">
      </trkpt>
      <trkpt lat="50.158389" lon="13.953964">
      </trkpt>
      <trkpt lat="50.158127" lon="13.956079">
      </trkpt>
      <trkpt lat="50.157822" lon="13.958137">
      </trkpt>
      <trkpt lat="50.157487" lon="13.960238">
      </trkpt>
      <trkpt lat="50.157047" lon="13.962506">
      </trkpt>
      <trkpt lat="50.156713" lon="13.964106">
      </trkpt>
      <trkpt lat="50.156343" lon="13.96571">
      </trkpt>
      <trkpt lat="50.155964" lon="13.967266">
      </trkpt>
      <trkpt lat="50.155115" lon="13.970389">
      </trkpt>
      <trkpt lat="50.154088" lon="13.97366">
      </trkpt>
      <trkpt lat="50.149866" lon="13.980723">
      </trkpt>
      <trkpt lat="50.147908" lon="13.98765">
      </trkpt>
      <trkpt lat="50.146513" lon="13.990106">
      </trkpt>
      <trkpt lat="50.14538" lon="13.991958">
      </trkpt>
      <trkpt lat="50.144235" lon="13.993749">
      </trkpt>
      <trkpt lat="50.143104" lon="13.995423">
      </trkpt>
      <trkpt lat="50.142265" lon="13.996617">
      </trkpt>
      <trkpt lat="50.141339" lon="13.997861">
      </trkpt>
      <trkpt lat="50.139778" lon="13.999761">
      </trkpt>
      <trkpt lat="50.139062" lon="14.000549">
      </trkpt>
      <trkpt lat="50.132226" lon="14.005998">
      </trkpt>
      <trkpt lat="50.128443" lon="14.008189">
      </trkpt>
      <trkpt lat="50.124637" lon="14.010394">
      </trkpt>
      <trkpt lat="50.123056" lon="14.011371">
      </trkpt>
      <trkpt lat="50.122185" lon="14.011969">
      </trkpt>
      <trkpt lat="50.121349" lon="14.012603">
      </trkpt>
      <trkpt lat="50.120586" lon="14.013252">
      </trkpt>
      <trkpt lat="50.119862" lon="14.013946">
      </trkpt>
      <trkpt lat="50.119113" lon="14.014718">
      </trkpt>
      <trkpt lat="50.118369" lon="14.015591">
      </trkpt>
      <trkpt lat="50.117787" lon="14.01634">
      </trkpt>
      <trkpt lat="50.117229" lon="14.017117">
      </trkpt>
      <trkpt lat="50.116611" lon="14.018066">
      </trkpt>
      <trkpt lat="50.116016" lon="14.019062">
      </trkpt>
      <trkpt lat="50.115494" lon="14.020024">
      </trkpt>
      <trkpt lat="50.115009" lon="14.021014">
      </trkpt>
      <trkpt lat="50.114564" lon="14.021991">
      </trkpt>
      <trkpt lat="50.114128" lon="14.023044">
      </trkpt>
      <trkpt lat="50.113681" lon="14.024257">
      </trkpt>
      <trkpt lat="50.113272" lon="14.0255">
      </trkpt>
      <trkpt lat="50.112938" lon="14.026604">
      </trkpt>
      <trkpt lat="50.112618" lon="14.027805">
      </trkpt>
      <trkpt lat="50.112015" lon="14.030438">
      </trkpt>
      <trkpt lat="50.111755" lon="14.031901">
      </trkpt>
      <trkpt lat="50.111528" lon="14.03331">
      </trkpt>
      <trkpt lat="50.111225" lon="14.035836">
      </trkpt>
      <trkpt lat="50.110917" lon="14.039308">
      </trkpt>
      <trkpt lat="50.110606" lon="14.042827">
      </trkpt>
      <trkpt lat="50.102896" lon="14.046534">
      </trkpt>
      <trkpt lat="50.100895" lon="14.048382">
      </trkpt>
      <trkpt lat="50.10043" lon="14.048859">
      </trkpt>
      <trkpt lat="50.095017" lon="14.05476">
      </trkpt>
      <trkpt lat="50.094796" lon="14.055368">
      </trkpt>
      <trkpt lat="50.094628" lon="14.056166">
      </trkpt>
      <trkpt lat="50.094602" lon="14.057201">
      </trkpt>
      <trkpt lat="50.090566" lon="14.063432">
      </trkpt>
      <trkpt lat="50.081861" lon="14.061508">
      </trkpt>
      <trkpt lat="50.07898" lon="14.061266">
      </trkpt>
      <trkpt lat="50.078955" lon="14.061297">
      </trkpt>
      <trkpt lat="50.078906" lon="14.061356">
      </trkpt>
      <trkpt lat="50.078857" lon="14.06142">
      </trkpt>
      <trkpt lat="50.078673" lon="14.063179">
      </trkpt>
      <trkpt lat="50.078734" lon="14.063296">
      </trkpt>
      <trkpt lat="50.07972" lon="14.065059">
      </trkpt>
      <trkpt lat="50.078419" lon="14.073194">
      </trkpt>
      <trkpt lat="50.080868" lon="14.080199">
      </trkpt>
      <trkpt lat="50.080643" lon="14.082411">
      </trkpt>
      <trkpt lat="50.080513" lon="14.084259">
      </trkpt>
      <trkpt lat="50.073664" lon="14.088302">
      </trkpt>
      <trkpt lat="50.071388" lon="14.089669">
      </trkpt>
      <trkpt lat="50.06862" lon="14.094337">
      </trkpt>
      <trkpt lat="50.067868" lon="14.095527">
      </trkpt>
      <trkpt lat="50.067864" lon="14.095995">
      </trkpt>
      <trkpt lat="50.06911" lon="14.097903">
      </trkpt>
      <trkpt lat="50.069909" lon="14.097794">
      </trkpt>
      <trkpt lat="50.070729" lon="14.097628">
      </trkpt>
      <trkpt lat="50.077975" lon="14.101917">
      </trkpt>
      <trkpt lat="50.078159" lon="14.104664">
      </trkpt>
      <trkpt lat="50.078339" lon="14.107339">
      </trkpt>
      <trkpt lat="50.072641" lon="14.112757">
      </trkpt>
      <trkpt lat="50.072245" lon="14.11332">
      </trkpt>
      <trkpt lat="50.069668" lon="14.117651">
      </trkpt>
      <trkpt lat="50.069096" lon="14.118656">
      </trkpt>
      <trkpt lat="50.071452" lon="14.122513">
      </trkpt>
      <trkpt lat="50.073198" lon="14.123706">
      </trkpt>
      <trkpt lat="50.075831" lon="14.125447">
      </trkpt>
      <trkpt lat="50.071826" lon="14.132812">
      </trkpt>
      <trkpt lat="50.068235" lon="14.133062">
      </trkpt>
      <trkpt lat="50.062507" lon="14.132435">
      </trkpt>
      <trkpt lat="50.056256" lon="14.1272">
      </trkpt>
      <trkpt lat="50.056095" lon="14.126742">
      </trkpt>
      <trkpt lat="50.05486" lon="14.122819">
      </trkpt>
      <trkpt lat="50.053476" lon="14.122768">
      </trkpt>
      <trkpt lat="50.05127" lon="14.123095">
      </trkpt>
      <trkpt lat="50.050408" lon="14.123158">
      </trkpt>
      <trkpt lat="50.050175" lon="14.123623">
      </trkpt>
      <trkpt lat="50.050313" lon="14.124289">
      </trkpt>
      <trkpt lat="50.050752" lon="14.125146">
      </trkpt>
      <trkpt lat="50.05159" lon="14.127134">
      </trkpt>
      <trkpt lat="50.052664" lon="14.130807">
      </trkpt>
      <trkpt lat="50.053018" lon="14.131993">
      </trkpt>
      <trkpt lat="50.053105" lon="14.132293">
      </trkpt>
      <trkpt lat="50.053567" lon="14.133687">
      </trkpt>
      <trkpt lat="50.05371" lon="14.134148">
      </trkpt>
      <trkpt lat="50.046589" lon="14.139559">
      </trkpt>
      <trkpt lat="50.038222" lon="14.139853">
      </trkpt>
      <trkpt lat="50.033646" lon="14.133046">
      </trkpt>
      <trkpt lat="50.033507" lon="14.13166">
      </trkpt>
      <trkpt lat="50.033457" lon="14.131377">
      </trkpt>
      <trkpt lat="50.032882" lon="14.128634">
      </trkpt>
      <trkpt lat="50.032704" lon="14.127877">
      </trkpt>
      <trkpt lat="50.032306" lon="14.125954">
      </trkpt>
      <trkpt lat="50.032131" lon="14.12214">
      </trkpt>
      <trkpt lat="50.031669" lon="14.118837">
      </trkpt>
      <trkpt lat="50.031253" lon="14.118649">
      </trkpt>
      <trkpt lat="50.028073" lon="14.118674">
      </trkpt>
      <trkpt lat="50.027978" lon="14.12077">
      </trkpt>
      <trkpt lat="50.019278" lon="14.122275">
      </trkpt>
      <trkpt lat="50.013644" lon="14.116851">
      </trkpt>
      <trkpt lat="50.013852" lon="14.114199">
      </trkpt>
      <trkpt lat="50.012301" lon="14.110681">
      </trkpt>
      <trkpt lat="50.012231" lon="14.110043">
      </trkpt>
      <trkpt lat="50.012298" lon="14.108173">
      </trkpt>
      <trkpt lat="50.011575" lon="14.104646">
      </trkpt>
      <trkpt lat="50.018273" lon="14.09988">
      </trkpt>
      <trkpt lat="50.020209" lon="14.101292">
      </trkpt>
      <trkpt lat="50.021735" lon="14.104777">
      </trkpt>
      <trkpt lat="50.021654" lon="14.10688">
      </trkpt>
      <trkpt lat="50.023597" lon="14.108537">
      </trkpt>
      <trkpt lat="50.024617" lon="14.107219">
      </trkpt>
      <trkpt lat="50.025244" lon="14.10662">
      </trkpt>
      <trkpt lat="50.031254" lon="14.101232">
      </trkpt>
      <trkpt lat="50.038049" lon="14.105701">
      </trkpt>
      <trkpt lat="50.038118" lon="14.105911">
      </trkpt>
      <trkpt lat="50.042148" lon="14.109132">
      </trkpt>
      <trkpt lat="50.045473" lon="14.111868">
      </trkpt>
      <trkpt lat="50.047184" lon="14.111442">
      </trkpt>
      <trkpt lat="50.047875" lon="14.111103">
      </trkpt>
      <trkpt lat="50.048453" lon="14.109848">
      </trkpt>
      <trkpt lat="50.048057" lon="14.109263">
      </trkpt>
      <trkpt lat="50.047743" lon="14.100821">
      </trkpt>
      <trkpt lat="50.047633" lon="14.100231">
      </trkpt>
      <trkpt lat="50.047035" lon="14.099307">
      </trkpt>
      <trkpt lat="50.046892" lon="14.099115">
      </trkpt>
      <trkpt lat="50.046573" lon="14.098848">
      </trkpt>
      <trkpt lat="50.045224" lon="14.089984">
      </trkpt>
      <trkpt lat="50.048508" lon="14.088509">
      </trkpt>
      <trkpt lat="50.047734" lon="14.086787">
      </trkpt>
      <trkpt lat="50.047268" lon="14.08595">
      </trkpt>
      <trkpt lat="50.046809" lon="14.085303">
      </trkpt>
      <trkpt lat="50.04641" lon="14.084815">
      </trkpt>
      <trkpt lat="50.045964" lon="14.084343">
      </trkpt>
      <trkpt lat="50.043583" lon="14.081573">
      </trkpt>
      <trkpt lat="50.038186" lon="14.078472">
      </trkpt>
      <trkpt lat="50.03615" lon="14.07853">
      </trkpt>
      <trkpt lat="50.033216" lon="14.070167">
      </trkpt>
      <trkpt lat="50.033853" lon="14.066624">
      </trkpt>
      <trkpt lat="50.028431" lon="14.059746">
      </trkpt>
      <trkpt lat="50.02697" lon="14.057921">
      </trkpt>
      <trkpt lat="50.02552" lon="14.057627">
      </trkpt>
      <trkpt lat="50.017572" lon="14.054777">
      </trkpt>
      <trkpt lat="50.017118" lon="14.054535">
      </trkpt>
      <trkpt lat="50.01429" lon="14.053655">
      </trkpt>
      <trkpt lat="50.011397" lon="14.052277">
      </trkpt>
      <trkpt lat="50.009026" lon="14.045669">
      </trkpt>
      <trkpt lat="50.010047" lon="14.042898">
      </trkpt>
      <trkpt lat="50.012662" lon="14.038825">
      </trkpt>
      <trkpt lat="50.013492" lon="14.037849">
      </trkpt>
      <trkpt lat="50.015293" lon="14.035488">
      </trkpt>
      <trkpt lat="50.015421" lon="14.034784">
      </trkpt>
      <trkpt lat="50.015405" lon="14.033917">
      </trkpt>
      <trkpt lat="50.015276" lon="14.03273">
      </trkpt>
      <trkpt lat="50.011488" lon="14.025448">
      </trkpt>
      <trkpt lat="50.008114" lon="14.019267">
      </trkpt>
      <trkpt lat="50.011589" lon="14.014434">
      </trkpt>
      <trkpt lat="50.016165" lon="14.012193">
      </trkpt>
      <trkpt lat="50.019497" lon="14.01083">
      </trkpt>
      <trkpt lat="50.018772" lon="14.009056">
      </trkpt>
      <trkpt lat="50.016986" lon="14.00512">
      </trkpt>
      <trkpt lat="50.013998" lon="14.002021">
      </trkpt>
      <trkpt lat="50.013354" lon="13.995431">
      </trkpt>
      <trkpt lat="50.014125" lon="13.992586">
      </trkpt>
      <trkpt lat="50.013791" lon="13.987808">
      </trkpt>
      <trkpt lat="50.013439" lon="13.984976">
      </trkpt>
      <trkpt lat="50.007082" lon="13.979228">
      </trkpt>
      <trkpt lat="50.003486" lon="13.979073">
      </trkpt>
      <trkpt lat="49.99659" lon="13.97427">
      </trkpt>
      <trkpt lat="49.992615" lon="13.970454">
      </trkpt>
      <trkpt lat="49.987604" lon="13.963176">
      </trkpt>
      <trkpt lat="49.987105" lon="13.961827">
      </trkpt>
      <trkpt lat="49.985905" lon="13.959978">
      </trkpt>
      <trkpt lat="49.987148" lon="13.952389">
      </trkpt>
      <trkpt lat="49.99087" lon="13.946536">
      </trkpt>
      <trkpt lat="49.994444" lon="13.946105">
      </trkpt>
      <trkpt lat="49.994026" lon="13.942635">
      </trkpt>
      <trkpt lat="49.993908" lon="13.935387">
      </trkpt>
      <trkpt lat="49.994422" lon="13.932668">
      </trkpt>
      <trkpt lat="49.988652" lon="13.92731">
      </trkpt>
      <trkpt lat="49.987731" lon="13.925223">
      </trkpt>
      <trkpt lat="49.986775" lon="13.923018">
      </trkpt>
      <trkpt lat="49.987393" lon="13.915793">
      </trkpt>
      <trkpt lat="49.994848" lon="13.911071">
      </trkpt>
      <trkpt lat="49.998389" lon="13.911723">
      </trkpt>
      <trkpt lat="50.000097" lon="13.906574">
      </trkpt>
      <trkpt lat="49.999936" lon="13.903399">
      </trkpt>
      <trkpt lat="50.003824" lon="13.897726">
      </trkpt>
      <trkpt lat="50.008808" lon="13.896157">
      </trkpt>
      <trkpt lat="50.009033" lon="13.892564">
      </trkpt>
      <trkpt lat="50.009871" lon="13.886518">
      </trkpt>
      <trkpt lat="50.009755" lon="13.88292">
      </trkpt>
      <trkpt lat="50.009132" lon="13.88294">
      </trkpt>
      <trkpt lat="50.008274" lon="13.883156">
      </trkpt>
      <trkpt lat="50.007812" lon="13.883387">
      </trkpt>
      <trkpt lat="50.002352" lon="13.885427">
      </trkpt>
      <trkpt lat="50.001721" lon="13.88642">
      </trkpt>
      <trkpt lat="49.993566" lon="13.889798">
      </trkpt>
      <trkpt lat="49.992703" lon="13.889767">
      </trkpt>
      <trkpt lat="49.990586" lon="13.890024">
      </trkpt>
      <trkpt lat="49.989766" lon="13.890183">
      </trkpt>
      <trkpt lat="49.987399" lon="13.890796">
      </trkpt>
      <trkpt lat="49.98254" lon="13.884241">
      </trkpt>
      <trkpt lat="49.982035" lon="13.87919">
      </trkpt>
      <trkpt lat="49.982036" lon="13.878644">
      </trkpt>
      <trkpt lat="49.981872" lon="13.877987">
      </trkpt>
      <trkpt lat="49.980868" lon="13.875752">
      </trkpt>
      <trkpt lat="49.985451" lon="13.86876">
      </trkpt>
      <trkpt lat="49.986365" lon="13.865577">
      </trkpt>
      <trkpt lat="49.986633" lon="13.864189">
      </trkpt>
      <trkpt lat="49.98658" lon="13.864025">
      </trkpt>
      <trkpt lat="49.982837" lon="13.863244">
      </trkpt>
      <trkpt lat="49.98226" lon="13.863239">
      </trkpt>
      <trkpt lat="49.975594" lon="13.86382">
      </trkpt>
      <trkpt lat="49.973106" lon="13.866421">
      </trkpt>
      <trkpt lat="49.9749" lon="13.869372">
      </trkpt>
      <trkpt lat="49.975997" lon="13.872489">
      </trkpt>
      <trkpt lat="49.976464" lon="13.874637">
      </trkpt>
      <trkpt lat="49.976675" lon="13.88095">
      </trkpt>
      <trkpt lat="49.977518" lon="13.887546">
      </trkpt>
      <trkpt lat="49.977185" lon="13.891419">
      </trkpt>
      <trkpt lat="49.976903" lon="13.892299">
      </trkpt>
      <trkpt lat="49.976676" lon="13.893276">
      </trkpt>
      <trkpt lat="49.972903" lon="13.897622">
      </trkpt>
      <trkpt lat="49.97233" lon="13.897886">
      </trkpt>
      <trkpt lat="49.971829" lon="13.898263">
      </trkpt>
      <trkpt lat="49.969282" lon="13.900915">
      </trkpt>
      <trkpt lat="49.968741" lon="13.901386">
      </trkpt>
      <trkpt lat="49.963223" lon="13.902765">
      </trkpt>
      <trkpt lat="49.954554" lon="13.904653">
      </trkpt>
      <trkpt lat="49.951764" lon="13.896542">
      </trkpt>
      <trkpt lat="49.952097" lon="13.895801">
      </trkpt>
      <trkpt lat="49.95245" lon="13.894554">
      </trkpt>
      <trkpt lat="49.955365" lon="13.890842">
      </trkpt>
      <trkpt lat="49.964043" lon="13.889104">
      </trkpt>
      <trkpt lat="49.964161" lon="13.889083">
      </trkpt>
      <trkpt lat="49.96486" lon="13.88828">
      </trkpt>
      <trkpt lat="49.965296" lon="13.887141">
      </trkpt>
      <trkpt lat="49.965327" lon="13.88342">
      </trkpt>
      <trkpt lat="49.965357" lon="13.879722">
      </trkpt>
      <trkpt lat="49.963925" lon="13.877755">
      </trkpt>
      <trkpt lat="49.963609" lon="13.877159">
      </trkpt>
      <trkpt lat="49.963399" lon="13.876835">
      </trkpt>
      <trkpt lat="49.963127" lon="13.876513">
      </trkpt>
      <trkpt lat="49.962564" lon="13.87605">
      </trkpt>
      <trkpt lat="49.961504" lon="13.875334">
      </trkpt>
      <trkpt lat="49.961053" lon="13.875068">
      </trkpt>
      <trkpt lat="49.960306" lon="13.874769">
      </trkpt>
      <trkpt lat="49.95866" lon="13.87434">
      </trkpt>
      <trkpt lat="49.958135" lon="13.874176">
      </trkpt>
      <trkpt lat="49.955889" lon="13.874067">
      </trkpt>
      <trkpt lat="49.950663" lon="13.868465">
      </trkpt>
      <trkpt lat="49.948409" lon="13.861862">
      </trkpt>
      <trkpt lat="49.948577" lon="13.861415">
      </trkpt>
      <trkpt lat="49.95404" lon="13.857185">
      </trkpt>
      <trkpt lat="49.958395" lon="13.860127">
      </trkpt>
      <trkpt lat="49.961923" lon="13.859411">
      </trkpt>
      <trkpt lat="49.965185" lon="13.859027">
      </trkpt>
      <trkpt lat="49.96811" lon="13.856928">
      </trkpt>
      <trkpt lat="49.966859" lon="13.855089">
      </trkpt>
      <trkpt lat="49.968482" lon="13.847196">
      </trkpt>
      <trkpt lat="49.969673" lon="13.840727">
      </trkpt>
      <trkpt lat="49.969822" lon="13.839446">
      </trkpt>
      <trkpt lat="49.971117" lon="13.8323">
      </trkpt>
      <trkpt lat="49.97025" lon="13.827471">
      </trkpt>
      <trkpt lat="49.966654" lon="13.827301">
      </trkpt>
      <trkpt lat="49.962128" lon="13.826327">
      </trkpt>
      <trkpt lat="49.960777" lon="13.826278">
      </trkpt>
      <trkpt lat="49.952509" lon="13.823659">
      </trkpt>
      <trkpt lat="49.95198" lon="13.822197">
      </trkpt>
      <trkpt lat="49.951442" lon="13.821438">
      </trkpt>
      <trkpt lat="49.948667" lon="13.816954">
      </trkpt>
      <trkpt lat="49.947706" lon="13.814334">
      </trkpt>
      <trkpt lat="49.94705" lon="13.813336">
      </trkpt>
      <trkpt lat="49.945997" lon="13.804783">
      </trkpt>
      <trkpt lat="49.948575" lon="13.804089">
      </trkpt>
      <trkpt lat="49.951285" lon="13.801602">
      </trkpt>
      <trkpt lat="49.95636" lon="13.794898">
      </trkpt>
      <trkpt lat="49.957292" lon="13.794221">
      </trkpt>
      <trkpt lat="49.957712" lon="13.793393">
      </trkpt>
      <trkpt lat="49.957783" lon="13.792718">
      </trkpt>
      <trkpt lat="49.957681" lon="13.792014">
      </trkpt>
      <trkpt lat="49.957536" lon="13.791569">
      </trkpt>
      <trkpt lat="49.95679" lon="13.789751">
      </trkpt>
      <trkpt lat="49.956466" lon="13.789608">
      </trkpt>
      <trkpt lat="49.952584" lon="13.78203">
      </trkpt>
      <trkpt lat="49.953214" lon="13.781048">
      </trkpt>
      <trkpt lat="49.955187" lon="13.777667">
      </trkpt>
      <trkpt lat="49.957038" lon="13.7762">
      </trkpt>
      <trkpt lat="49.957565" lon="13.775897">
      </trkpt>
      <trkpt lat="49.957992" lon="13.775595">
      </trkpt>
      <trkpt lat="49.958505" lon="13.77517">
      </trkpt>
      <trkpt lat="49.95596" lon="13.767712">
      </trkpt>
      <trkpt lat="49.95568" lon="13.765575">
      </trkpt>
      <trkpt lat="49.954953" lon="13.764485">
      </trkpt>
      <trkpt lat="49.949451" lon="13.761849">
      </trkpt>
      <trkpt lat="49.944896" lon="13.755009">
      </trkpt>
      <trkpt lat="49.944716" lon="13.752065">
      </trkpt>
      <trkpt lat="49.944682" lon="13.751489">
      </trkpt>
      <trkpt lat="49.944148" lon="13.745973">
      </trkpt>
      <trkpt lat="49.940897" lon="13.744426">
      </trkpt>
      <trkpt lat="49.94056" lon="13.745136">
      </trkpt>
      <trkpt lat="49.940081" lon="13.746246">
      </trkpt>
      <trkpt lat="49.939939" lon="13.746688">
      </trkpt>
      <trkpt lat="49.939581" lon="13.748969">
      </trkpt>
      <trkpt lat="49.939434" lon="13.750316">
      </trkpt>
      <trkpt lat="49.939468" lon="13.750936">
      </trkpt>
      <trkpt lat="49.93964" lon="13.751895">
      </trkpt>
      <trkpt lat="49.939665" lon="13.752312">
      </trkpt>
      <trkpt lat="49.939818" lon="13.75292">
      </trkpt>
      <trkpt lat="49.9412" lon="13.755348">
      </trkpt>
      <trkpt lat="49.941548" lon="13.756725">
      </trkpt>
      <trkpt lat="49.941628" lon="13.757256">
      </trkpt>
      <trkpt lat="49.942207" lon="13.75959">
      </trkpt>
      <trkpt lat="49.941897" lon="13.763895">
      </trkpt>
      <trkpt lat="49.941719" lon="13.764428">
      </trkpt>
      <trkpt lat="49.941743" lon="13.765344">
      </trkpt>
      <trkpt lat="49.939057" lon="13.77238">
      </trkpt>
      <trkpt lat="49.933548" lon="13.776246">
      </trkpt>
      <trkpt lat="49.925779" lon="13.775408">
      </trkpt>
      <trkpt lat="49.92252" lon="13.777847">
      </trkpt>
      <trkpt lat="49.916411" lon="13.776745">
      </trkpt>
      <trkpt lat="49.916385" lon="13.768088">
      </trkpt>
      <trkpt lat="49.916684" lon="13.76775">
      </trkpt>
      <trkpt lat="49.917262" lon="13.767033">
      </trkpt>
      <trkpt lat="49.918077" lon="13.766161">
      </trkpt>
      <trkpt lat="49.919293" lon="13.76517">
      </trkpt>
      <trkpt lat="49.919753" lon="13.764692">
      </trkpt>
      <trkpt lat="49.920752" lon="13.763505">
      </trkpt>
      <trkpt lat="49.92137" lon="13.76239">
      </trkpt>
      <trkpt lat="49.922009" lon="13.760476">
      </trkpt>
      <trkpt lat="49.922008" lon="13.759689">
      </trkpt>
      <trkpt lat="49.922987" lon="13.756015">
      </trkpt>
      <trkpt lat="49.928573" lon="13.752411">
      </trkpt>
      <trkpt lat="49.929263" lon="13.752125">
      </trkpt>
      <trkpt lat="49.92872" lon="13.748566">
      </trkpt>
      <trkpt lat="49.921138" lon="13.745873">
      </trkpt>
      <trkpt lat="49.91834" lon="13.743526">
      </trkpt>
      <trkpt lat="49.912882" lon="13.736507">
      </trkpt>
      <trkpt lat="49.912735" lon="13.73577">
      </trkpt>
      <trkpt lat="49.911222" lon="13.734728">
      </trkpt>
      <trkpt lat="49.911551" lon="13.726349">
      </trkpt>
      <trkpt lat="49.915078" lon="13.724688">
      </trkpt>
      <trkpt lat="49.917397" lon="13.724407">
      </trkpt>
      <trkpt lat="49.917654" lon="13.723885">
      </trkpt>
      <trkpt lat="49.917867" lon="13.722412">
      </trkpt>
      <trkpt lat="49.917617" lon="13.722105">
      </trkpt>
      <trkpt lat="49.917182" lon="13.721702">
      </trkpt>
      <trkpt lat="49.911922" lon="13.715578">
      </trkpt>
      <trkpt lat="49.912886" lon="13.706648">
      </trkpt>
      <trkpt lat="49.913108" lon="13.706139">
      </trkpt>
      <trkpt lat="49.913916" lon="13.703862">
      </trkpt>
      <trkpt lat="49.916412" lon="13.698932">
      </trkpt>
      <trkpt lat="49.92033" lon="13.697209">
      </trkpt>
      <trkpt lat="49.920412" lon="13.697163">
      </trkpt>
      <trkpt lat="49.921225" lon="13.695504">
      </trkpt>
      <trkpt lat="49.921203" lon="13.695335">
      </trkpt>
      <trkpt lat="49.9196" lon="13.693907">
      </trkpt>
      <trkpt lat="49.91867" lon="13.694013">
      </trkpt>
      <trkpt lat="49.916024" lon="13.694325">
      </trkpt>
      <trkpt lat="49.913854" lon="13.694488">
      </trkpt>
      <trkpt lat="49.912773" lon="13.694492">
      </trkpt>
      <trkpt lat="49.911879" lon="13.694997">
      </trkpt>
      <trkpt lat="49.911488" lon="13.69547">
      </trkpt>
      <trkpt lat="49.902887" lon="13.696988">
      </trkpt>
      <trkpt lat="49.900118" lon="13.694689">
      </trkpt>
      <trkpt lat="49.89885" lon="13.695435">
      </trkpt>
      <trkpt lat="49.897819" lon="13.695868">
      </trkpt>
      <trkpt lat="49.889994" lon="13.692106">
      </trkpt>
      <trkpt lat="49.890129" lon="13.6906">
      </trkpt>
      <trkpt lat="49.890139" lon="13.689785">
      </trkpt>
      <trkpt lat="49.890061" lon="13.68914">
      </trkpt>
      <trkpt lat="49.89324" lon="13.680838">
      </trkpt>
      <trkpt lat="49.895219" lon="13.67955">
      </trkpt>
      <trkpt lat="49.89581" lon="13.679271">
      </trkpt>
      <trkpt lat="49.896652" lon="13.678489">
      </trkpt>
      <trkpt lat="49.896907" lon="13.677943">
      </trkpt>
      <trkpt lat="49.897033" lon="13.677439">
      </trkpt>
      <trkpt lat="49.897056" lon="13.676948">
      </trkpt>
      <trkpt lat="49.896919" lon="13.676297">
      </trkpt>
      <trkpt lat="49.895546" lon="13.673624">
      </trkpt>
      <trkpt lat="49.898238" lon="13.667211">
      </trkpt>
      <trkpt lat="49.899014" lon="13.666522">
      </trkpt>
      <trkpt lat="49.89972" lon="13.66579">
      </trkpt>
      <trkpt lat="49.900352" lon="13.664998">
      </trkpt>
      <trkpt lat="49.900819" lon="13.664267">
      </trkpt>
      <trkpt lat="49.90186" lon="13.662525">
      </trkpt>
      <trkpt lat="49.903342" lon="13.660322">
      </trkpt>
      <trkpt lat="49.900549" lon="13.658051">
      </trkpt>
      <trkpt lat="49.892674" lon="13.65443">
      </trkpt>
      <trkpt lat="49.889256" lon="13.65556">
      </trkpt>
      <trkpt lat="49.889849" lon="13.657355">
      </trkpt>
      <trkpt lat="49.890443" lon="13.65915">
      </trkpt>
      <trkpt lat="49.890692" lon="13.660351">
      </trkpt>
      <trkpt lat="49.890925" lon="13.666139">
      </trkpt>
      <trkpt lat="49.884833" lon="13.670608">
      </trkpt>
      <trkpt lat="49.883326" lon="13.67117">
      </trkpt>
      <trkpt lat="49.875203" lon="13.667813">
      </trkpt>
      <trkpt lat="49.874856" lon="13.666683">
      </trkpt>
      <trkpt lat="49.874447" lon="13.665511">
      </trkpt>
      <trkpt lat="49.874063" lon="13.664476">
      </trkpt>
      <trkpt lat="49.873599" lon="13.663032">
      </trkpt>
      <trkpt lat="49.872814" lon="13.660596">
      </trkpt>
      <trkpt lat="49.877356" lon="13.65381">
      </trkpt>
      <trkpt lat="49.879303" lon="13.650574">
      </trkpt>
      <trkpt lat="49.879661" lon="13.650151">
      </trkpt>
      <trkpt lat="49.879987" lon="13.649659">
      </trkpt>
      <trkpt lat="49.880181" lon="13.649283">
      </trkpt>
      <trkpt lat="49.880308" lon="13.648985">
      </trkpt>
      <trkpt lat="49.880471" lon="13.648513">
      </trkpt>
      <trkpt lat="49.885162" lon="13.643552">
      </trkpt>
      <trkpt lat="49.885885" lon="13.64325">
      </trkpt>
      <trkpt lat="49.885972" lon="13.643216">
      </trkpt>
      <trkpt lat="49.887901" lon="13.642468">
      </trkpt>
      <trkpt lat="49.890333" lon="13.639933">
      </trkpt>
      <trkpt lat="49.890222" lon="13.639792">
      </trkpt>
      <trkpt lat="49.889487" lon="13.639229">
      </trkpt>
      <trkpt lat="49.889423" lon="13.639205">
      </trkpt>
      <trkpt lat="49.887248" lon="13.638717">
      </trkpt>
      <trkpt lat="49.886577" lon="13.638495">
      </trkpt>
      <trkpt lat="49.88068" lon="13.639158">
      </trkpt>
      <trkpt lat="49.877487" lon="13.632707">
      </trkpt>
      <trkpt lat="49.878187" lon="13.629175">
      </trkpt>
      <trkpt lat="49.876697" lon="13.626989">
      </trkpt>
      <trkpt lat="49.876535" lon="13.626908">
      </trkpt>
      <trkpt lat="49.870467" lon="13.628104">
      </trkpt>
      <trkpt lat="49.86699" lon="13.627169">
      </trkpt>
      <trkpt lat="49.860949" lon="13.632131">
      </trkpt>
      <trkpt lat="49.859291" lon="13.6333">
      </trkpt>
      <trkpt lat="49.859348" lon="13.633602">
      </trkpt>
      <trkpt lat="49.859499" lon="13.634155">
      </trkpt>
      <trkpt lat="49.854195" lon="13.640726">
      </trkpt>
      <trkpt lat="49.849464" lon="13.634401">
      </trkpt>
      <trkpt lat="49.849611" lon="13.633859">
      </trkpt>
      <trkpt lat="49.849699" lon="13.633267">
      </trkpt>
      <trkpt lat="49.849889" lon="13.631373">
      </trkpt>
      <trkpt lat="49.849908" lon="13.630768">
      </trkpt>
      <trkpt lat="49.850068" lon="13.628988">
      </trkpt>
      <trkpt lat="49.850002" lon="13.628519">
      </trkpt>
      <trkpt lat="49.849897" lon="13.628176">
      </trkpt>
      <trkpt lat="49.849565" lon="13.625197">
      </trkpt>
      <trkpt lat="49.84958" lon="13.624654">
      </trkpt>
      <trkpt lat="49.849549" lon="13.621822">
      </trkpt>
      <trkpt lat="49.857929" lon="13.62119">
      </trkpt>
      <trkpt lat="49.861886" lon="13.617314">
      </trkpt>
      <trkpt lat="49.861485" lon="13.612209">
      </trkpt>
      <trkpt lat="49.862541" lon="13.606612">
      </trkpt>
      <trkpt lat="49.86523" lon="13.602894">
      </trkpt>
      <trkpt lat="49.865485" lon="13.601753">
      </trkpt>
      <trkpt lat="49.869666" lon="13.59411">
      </trkpt>
      <trkpt lat="49.867408" lon="13.591307">
      </trkpt>
      <trkpt lat="49.860399" lon="13.591142">
      </trkpt>
      <trkpt lat="49.859205" lon="13.591368">
      </trkpt>
      <trkpt lat="49.85071" lon="13.590183">
      </trkpt>
      <trkpt lat="49.849531" lon="13.589329">
      </trkpt>
      <trkpt lat="49.841741" lon="13.587013">
      </trkpt>
      <trkpt lat="49.839078" lon="13.58692">
      </trkpt>
      <trkpt lat="49.83865" lon="13.587092">
      </trkpt>
      <trkpt lat="49.830521" lon="13.586987">
      </trkpt>
      <trkpt lat="49.82944" lon="13.585972">
      </trkpt>
      <trkpt lat="49.829057" lon="13.586029">
      </trkpt>
      <trkpt lat="49.82574" lon="13.587088">
      </trkpt>
      <trkpt lat="49.825511" lon="13.587601">
      </trkpt>
      <trkpt lat="49.825257" lon="13.588185">
      </trkpt>
      <trkpt lat="49.824287" lon="13.59034">
      </trkpt>
      <trkpt lat="49.823868" lon="13.591021">
      </trkpt>
      <trkpt lat="49.823664" lon="13.591396">
      </trkpt>
      <trkpt lat="49.815537" lon="13.593647">
      </trkpt>
      <trkpt lat="49.813257" lon="13.590861">
      </trkpt>
      <trkpt lat="49.80799" lon="13.591106">
      </trkpt>
      <trkpt lat="49.80197" lon="13.588709">
      </trkpt>
      <trkpt lat="49.801435" lon="13.588264">
      </trkpt>
      <trkpt lat="49.800631" lon="13.587771">
      </trkpt>
      <trkpt lat="49.799917" lon="13.58742">
      </trkpt>
      <trkpt lat="49.799233" lon="13.587228">
      </trkpt>
      <trkpt lat="49.798154" lon="13.587214">
      </trkpt>
      <trkpt lat="49.794074" lon="13.581514">
      </trkpt>
      <trkpt lat="49.798538" lon="13.577872">
      </trkpt>
      <trkpt lat="49.79902" lon="13.577692">
      </trkpt>
      <trkpt lat="49.799546" lon="13.577554">
      </trkpt>
      <trkpt lat="49.800341" lon="13.577298">
      </trkpt>
      <trkpt lat="49.799238" lon="13.573871">
      </trkpt>
      <trkpt lat="49.79704" lon="13.567308">
      </trkpt>
      <trkpt lat="49.79689" lon="13.563823">
      </trkpt>
      <trkpt lat="49.796815" lon="13.563223">
      </trkpt>
      <trkpt lat="49.796727" lon="13.562365">
      </trkpt>
      <trkpt lat="49.796855" lon="13.555968">
      </trkpt>
      <trkpt lat="49.801017" lon="13.548778">
      </trkpt>
      <trkpt lat="49.801109" lon="13.545179">
      </trkpt>
      <trkpt lat="49.796581" lon="13.540534">
      </trkpt>
      <trkpt lat="49.79632" lon="13.536715">
      </trkpt>
      <trkpt lat="49.795977" lon="13.535088">
      </trkpt>
      <trkpt lat="49.79571" lon="13.53476">
      </trkpt>
      <trkpt lat="49.790443" lon="13.531612">
      </trkpt>
      <trkpt lat="49.787092" lon="13.530296">
      </trkpt>
      <trkpt lat="49.781283" lon="13.530725">
      </trkpt>
      <trkpt lat="49.776063" lon="13.534794">
      </trkpt>
      <trkpt lat="49.767498" lon="13.532625">
      </trkpt>
      <trkpt lat="49.76351" lon="13.532536">
      </trkpt>
      <trkpt lat="49.756746" lon="13.533681">
      </trkpt>
      <trkpt lat="49.753846" lon="13.528621">
      </trkpt>
      <trkpt lat="49.753859" lon="13.527189">
      </trkpt>
      <trkpt lat="49.753818" lon="13.526182">
      </trkpt>
      <trkpt lat="49.753838" lon="13.524736">
      </trkpt>
      <trkpt lat="49.753776" lon="13.524055">
      </trkpt>
      <trkpt lat="49.75302" lon="13.516725">
      </trkpt>
      <trkpt lat="49.753408" lon="13.514739">
      </trkpt>
      <trkpt lat="49.753542" lon="13.514204">
      </trkpt>
      <trkpt lat="49.753665" lon="13.512919">
      </trkpt>
      <trkpt lat="49.754087" lon="13.510416">
      </trkpt>
      <trkpt lat="49.75425" lon="13.506345">
      </trkpt>
      <trkpt lat="49.757842" lon="13.501277">
      </trkpt>
      <trkpt lat="49.758745" lon="13.500536">
      </trkpt>
      <trkpt lat="49.764728" lon="13.496399">
      </trkpt>
      <trkpt lat="49.76917" lon="13.494936">
      </trkpt>
      <trkpt lat="49.768973" lon="13.491341">
      </trkpt>
      <trkpt lat="49.763845" lon="13.485971">
      </trkpt>
      <trkpt lat="49.760382" lon="13.484989">
      </trkpt>
      <trkpt lat="49.758085" lon="13.479037">
      </trkpt>
      <trkpt lat="49.758165" lon="13.478422">
      </trkpt>
      <trkpt lat="49.758218" lon="13.477051">
      </trkpt>
      <trkpt lat="49.758248" lon="13.476062">
      </trkpt>
      <trkpt lat="49.758223" lon="13.475219">
      </trkpt>
      <trkpt lat="49.758191" lon="13.473673">
      </trkpt>
      <trkpt lat="49.758328" lon="13.470561">
      </trkpt>
      <trkpt lat="49.758671" lon="13.468473">
      </trkpt>
      <trkpt lat="49.759063" lon="13.466379">
      </trkpt>
      <trkpt lat="49.759472" lon="13.464185">
      </trkpt>
      <trkpt lat="49.760006" lon="13.459497">
      </trkpt>
      <trkpt lat="49.760317" lon="13.452827">
      </trkpt>
      <trkpt lat="49.760311" lon="13.452743">
      </trkpt>
      <trkpt lat="49.75855" lon="13.444463">
      </trkpt>
      <trkpt lat="49.755035" lon="13.443684">
      </trkpt>
      <trkpt lat="49.748515" lon="13.441049">
      </trkpt>
      <trkpt lat="49.748459" lon="13.437534">
      </trkpt>
      <trkpt lat="49.748603" lon="13.435451">
      </trkpt>
      <trkpt lat="49.751507" lon="13.428821">
      </trkpt>
      <trkpt lat="49.751511" lon="13.428671">
      </trkpt>
      <trkpt lat="49.750297" lon="13.426862">
      </trkpt>
      <trkpt lat="49.748965" lon="13.425909">
      </trkpt>
    </trkseg>
  </trk>
</gpx>