<?xml version="1.0" encoding="UTF-8"?>
<gpx xmlns="http://www.topografix.com/GPX/1/1" xmlns:xsi="http://www.w3.org/2001/XMLSchema-instance" xsi:schemaLocation="http://www.topografix.com/GPX/1/1 http://www.topografix.com/GPX/1/1/gpx.xsd" version="1.1" creator="gpx.py -- https://github.com/tkrajina/gpxpy">
  <trk>
    <trkseg>
      <trkpt lat="49.916731" lon="14.706369">
      </trkpt>
      <trkpt lat="49.914671" lon="14.708515">
      </trkpt>
      <trkpt lat="49.913805" lon="14.709454">
      </trkpt>
      <trkpt lat="49.913398" lon="14.710038">
      </trkpt>
      <trkpt lat="49.913111" lon="14.71048">
      </trkpt>
      <trkpt lat="49.91272" lon="14.711138">
      </trkpt>
      <trkpt lat="49.912038" lon="14.712439">
      </trkpt>
      <trkpt lat="49.911692" lon="14.713184">
      </trkpt>
      <trkpt lat="49.911218" lon="14.714372">
      </trkpt>
      <trkpt lat="49.910804" lon="14.715574">
      </trkpt>
      <trkpt lat="49.910462" lon="14.716788">
      </trkpt>
      <trkpt lat="49.910159" lon="14.718069">
      </trkpt>
      <trkpt lat="49.909764" lon="14.720076">
      </trkpt>
      <trkpt lat="49.909382" lon="14.722018">
      </trkpt>
      <trkpt lat="49.909092" lon="14.723347">
      </trkpt>
      <trkpt lat="49.908848" lon="14.724303">
      </trkpt>
      <trkpt lat="49.90802" lon="14.726873">
      </trkpt>
      <trkpt lat="49.903813" lon="14.733662">
      </trkpt>
      <trkpt lat="49.902551" lon="14.735008">
      </trkpt>
      <trkpt lat="49.901108" lon="14.736537">
      </trkpt>
      <trkpt lat="49.899662" lon="14.738071">
      </trkpt>
      <trkpt lat="49.89777" lon="14.740077">
      </trkpt>
      <trkpt lat="49.89647" lon="14.741454">
      </trkpt>
      <trkpt lat="49.89517" lon="14.742831">
      </trkpt>
      <trkpt lat="49.894334" lon="14.743771">
      </trkpt>
      <trkpt lat="49.893487" lon="14.744765">
      </trkpt>
      <trkpt lat="49.892279" lon="14.746288">
      </trkpt>
      <trkpt lat="49.891649" lon="14.74715">
      </trkpt>
      <trkpt lat="49.890426" lon="14.748906">
      </trkpt>
      <trkpt lat="49.889227" lon="14.750631">
      </trkpt>
      <trkpt lat="49.883924" lon="14.754819">
      </trkpt>
      <trkpt lat="49.880987" lon="14.755373">
      </trkpt>
      <trkpt lat="49.880226" lon="14.755571">
      </trkpt>
      <trkpt lat="49.879404" lon="14.755839">
      </trkpt>
      <trkpt lat="49.878225" lon="14.756373">
      </trkpt>
      <trkpt lat="49.877219" lon="14.756954">
      </trkpt>
      <trkpt lat="49.87643" lon="14.757516">
      </trkpt>
      <trkpt lat="49.875748" lon="14.7581">
      </trkpt>
      <trkpt lat="49.874135" lon="14.759768">
      </trkpt>
      <trkpt lat="49.873689" lon="14.760323">
      </trkpt>
      <trkpt lat="49.873236" lon="14.760969">
      </trkpt>
      <trkpt lat="49.864505" lon="14.761149">
      </trkpt>
      <trkpt lat="49.856168" lon="14.757995">
      </trkpt>
      <trkpt lat="49.855441" lon="14.755576">
      </trkpt>
      <trkpt lat="49.854485" lon="14.74931">
      </trkpt>
      <trkpt lat="49.854522" lon="14.748932">
      </trkpt>
      <trkpt lat="49.854513" lon="14.748515">
      </trkpt>
      <trkpt lat="49.854462" lon="14.748155">
      </trkpt>
      <trkpt lat="49.854161" lon="14.746827">
      </trkpt>
      <trkpt lat="49.85065" lon="14.747624">
      </trkpt>
      <trkpt lat="49.844899" lon="14.752453">
      </trkpt>
      <trkpt lat="49.841495" lon="14.753626">
      </trkpt>
      <trkpt lat="49.842125" lon="14.755454">
      </trkpt>
      <trkpt lat="49.842755" lon="14.757281">
      </trkpt>
      <trkpt lat="49.84305" lon="14.758428">
      </trkpt>
      <trkpt lat="49.840864" lon="14.766443">
      </trkpt>
      <trkpt lat="49.840389" lon="14.767177">
      </trkpt>
      <trkpt lat="49.840115" lon="14.767913">
      </trkpt>
      <trkpt lat="49.844377" lon="14.773356">
      </trkpt>
      <trkpt lat="49.844687" lon="14.780863">
      </trkpt>
      <trkpt lat="49.844279" lon="14.781994">
      </trkpt>
      <trkpt lat="49.844091" lon="14.782832">
      </trkpt>
      <trkpt lat="49.841517" lon="14.790208">
      </trkpt>
      <trkpt lat="49.841188" lon="14.791911">
      </trkpt>
      <trkpt lat="49.840742" lon="14.793352">
      </trkpt>
      <trkpt lat="49.840217" lon="14.794914">
      </trkpt>
      <trkpt lat="49.840027" lon="14.79694">
      </trkpt>
      <trkpt lat="49.837019" lon="14.800273">
      </trkpt>
      <trkpt lat="49.831019" lon="14.795969">
      </trkpt>
      <trkpt lat="49.831082" lon="14.793216">
      </trkpt>
      <trkpt lat="49.831841" lon="14.791037">
      </trkpt>
      <trkpt lat="49.829547" lon="14.787535">
      </trkpt>
      <trkpt lat="49.825511" lon="14.779834">
      </trkpt>
      <trkpt lat="49.825789" lon="14.773247">
      </trkpt>
      <trkpt lat="49.826325" lon="14.772096">
      </trkpt>
      <trkpt lat="49.823498" lon="14.769868">
      </trkpt>
      <trkpt lat="49.819173" lon="14.775122">
      </trkpt>
      <trkpt lat="49.819201" lon="14.775245">
      </trkpt>
      <trkpt lat="49.820091" lon="14.778295">
      </trkpt>
      <trkpt lat="49.820242" lon="14.77892">
      </trkpt>
      <trkpt lat="49.820685" lon="14.782205">
      </trkpt>
      <trkpt lat="49.821131" lon="14.783443">
      </trkpt>
      <trkpt lat="49.821361" lon="14.784132">
      </trkpt>
      <trkpt lat="49.821485" lon="14.784665">
      </trkpt>
      <trkpt lat="49.816853" lon="14.792082">
      </trkpt>
      <trkpt lat="49.812125" lon="14.79957">
      </trkpt>
      <trkpt lat="49.811103" lon="14.802906">
      </trkpt>
      <trkpt lat="49.811395" lon="14.80317">
      </trkpt>
      <trkpt lat="49.812189" lon="14.803557">
      </trkpt>
      <trkpt lat="49.814493" lon="14.803505">
      </trkpt>
      <trkpt lat="49.81664" lon="14.80391">
      </trkpt>
      <trkpt lat="49.820341" lon="14.811968">
      </trkpt>
      <trkpt lat="49.820104" lon="14.812415">
      </trkpt>
      <trkpt lat="49.81985" lon="14.813025">
      </trkpt>
      <trkpt lat="49.821677" lon="14.813817">
      </trkpt>
      <trkpt lat="49.822351" lon="14.814238">
      </trkpt>
      <trkpt lat="49.822646" lon="14.814403">
      </trkpt>
      <trkpt lat="49.827125" lon="14.816918">
      </trkpt>
      <trkpt lat="49.831451" lon="14.821892">
      </trkpt>
      <trkpt lat="49.830906" lon="14.825416">
      </trkpt>
      <trkpt lat="49.83077" lon="14.826429">
      </trkpt>
      <trkpt lat="49.830682" lon="14.827544">
      </trkpt>
      <trkpt lat="49.830006" lon="14.829488">
      </trkpt>
      <trkpt lat="49.829072" lon="14.831275">
      </trkpt>
      <trkpt lat="49.82042" lon="14.830382">
      </trkpt>
      <trkpt lat="49.81988" lon="14.829787">
      </trkpt>
      <trkpt lat="49.818743" lon="14.829387">
      </trkpt>
      <trkpt lat="49.813449" lon="14.828048">
      </trkpt>
      <trkpt lat="49.809899" lon="14.828646">
      </trkpt>
      <trkpt lat="49.81041" lon="14.831683">
      </trkpt>
      <trkpt lat="49.810647" lon="14.832345">
      </trkpt>
      <trkpt lat="49.810902" lon="14.832548">
      </trkpt>
      <trkpt lat="49.813548" lon="14.834344">
      </trkpt>
      <trkpt lat="49.814234" lon="14.834995">
      </trkpt>
      <trkpt lat="49.815158" lon="14.835291">
      </trkpt>
      <trkpt lat="49.818483" lon="14.837417">
      </trkpt>
      <trkpt lat="49.819379" lon="14.838086">
      </trkpt>
      <trkpt lat="49.820974" lon="14.844264">
      </trkpt>
      <trkpt lat="49.820904" lon="14.844748">
      </trkpt>
      <trkpt lat="49.820878" lon="14.845124">
      </trkpt>
      <trkpt lat="49.824469" lon="14.845375">
      </trkpt>
      <trkpt lat="49.832392" lon="14.848691">
      </trkpt>
      <trkpt lat="49.831829" lon="14.851028">
      </trkpt>
      <trkpt lat="49.831673" lon="14.85158">
      </trkpt>
      <trkpt lat="49.831492" lon="14.852106">
      </trkpt>
      <trkpt lat="49.830782" lon="14.853482">
      </trkpt>
      <trkpt lat="49.829381" lon="14.855562">
      </trkpt>
      <trkpt lat="49.827446" lon="14.858101">
      </trkpt>
      <trkpt lat="49.82598" lon="14.859344">
      </trkpt>
      <trkpt lat="49.825645" lon="14.859671">
      </trkpt>
      <trkpt lat="49.8234" lon="14.862072">
      </trkpt>
      <trkpt lat="49.814951" lon="14.861738">
      </trkpt>
      <trkpt lat="49.813138" lon="14.854349">
      </trkpt>
      <trkpt lat="49.813047" lon="14.853184">
      </trkpt>
      <trkpt lat="49.812857" lon="14.852339">
      </trkpt>
      <trkpt lat="49.812115" lon="14.850849">
      </trkpt>
      <trkpt lat="49.810621" lon="14.847741">
      </trkpt>
      <trkpt lat="49.810564" lon="14.847108">
      </trkpt>
      <trkpt lat="49.81052" lon="14.84648">
      </trkpt>
      <trkpt lat="49.810026" lon="14.844153">
      </trkpt>
      <trkpt lat="49.80986" lon="14.843999">
      </trkpt>
      <trkpt lat="49.80973" lon="14.843964">
      </trkpt>
      <trkpt lat="49.808696" lon="14.844259">
      </trkpt>
      <trkpt lat="49.808597" lon="14.8443">
      </trkpt>
      <trkpt lat="49.808802" lon="14.847442">
      </trkpt>
      <trkpt lat="49.808565" lon="14.851444">
      </trkpt>
      <trkpt lat="49.801477" lon="14.855034">
      </trkpt>
      <trkpt lat="49.795743" lon="14.85187">
      </trkpt>
      <trkpt lat="49.79568" lon="14.851776">
      </trkpt>
      <trkpt lat="49.789171" lon="14.846101">
      </trkpt>
      <trkpt lat="49.788949" lon="14.84378">
      </trkpt>
      <trkpt lat="49.790083" lon="14.838632">
      </trkpt>
      <trkpt lat="49.794552" lon="14.832534">
      </trkpt>
      <trkpt lat="49.793197" lon="14.829199">
      </trkpt>
      <trkpt lat="49.789785" lon="14.827506">
      </trkpt>
      <trkpt lat="49.7888" lon="14.820523">
      </trkpt>
      <trkpt lat="49.78401" lon="14.81433">
      </trkpt>
      <trkpt lat="49.78054" lon="14.815288">
      </trkpt>
      <trkpt lat="49.781351" lon="14.818226">
      </trkpt>
      <trkpt lat="49.780022" lon="14.824969">
      </trkpt>
      <trkpt lat="49.779847" lon="14.825698">
      </trkpt>
      <trkpt lat="49.779792" lon="14.826323">
      </trkpt>
      <trkpt lat="49.781589" lon="14.831708">
      </trkpt>
      <trkpt lat="49.781961" lon="14.832126">
      </trkpt>
      <trkpt lat="49.785342" lon="14.837666">
      </trkpt>
      <trkpt lat="49.785166" lon="14.83927">
      </trkpt>
      <trkpt lat="49.778381" lon="14.843786">
      </trkpt>
      <trkpt lat="49.775232" lon="14.84553">
      </trkpt>
      <trkpt lat="49.77435" lon="14.847717">
      </trkpt>
      <trkpt lat="49.777804" lon="14.854844">
      </trkpt>
      <trkpt lat="49.779783" lon="14.858447">
      </trkpt>
      <trkpt lat="49.785225" lon="14.864675">
      </trkpt>
      <trkpt lat="49.783723" lon="14.866778">
      </trkpt>
      <trkpt lat="49.780452" lon="14.868281">
      </trkpt>
      <trkpt lat="49.781261" lon="14.86929">
      </trkpt>
      <trkpt lat="49.78156" lon="14.869747">
      </trkpt>
      <trkpt lat="49.779854" lon="14.877128">
      </trkpt>
      <trkpt lat="49.772411" lon="14.87267">
      </trkpt>
      <trkpt lat="49.770038" lon="14.869653">
      </trkpt>
      <trkpt lat="49.76644" lon="14.869773">
      </trkpt>
      <trkpt lat="49.761311" lon="14.868415">
      </trkpt>
      <trkpt lat="49.758699" lon="14.867543">
      </trkpt>
      <trkpt lat="49.758566" lon="14.867623">
      </trkpt>
      <trkpt lat="49.757712" lon="14.868337">
      </trkpt>
      <trkpt lat="49.757695" lon="14.869126">
      </trkpt>
      <trkpt lat="49.756435" lon="14.87561">
      </trkpt>
      <trkpt lat="49.753355" lon="14.879723">
      </trkpt>
      <trkpt lat="49.753277" lon="14.880563">
      </trkpt>
      <trkpt lat="49.753244" lon="14.88101">
      </trkpt>
      <trkpt lat="49.752319" lon="14.888308">
      </trkpt>
      <trkpt lat="49.753522" lon="14.890661">
      </trkpt>
      <trkpt lat="49.757048" lon="14.891391">
      </trkpt>
      <trkpt lat="49.761231" lon="14.890063">
      </trkpt>
      <trkpt lat="49.764188" lon="14.897892">
      </trkpt>
      <trkpt lat="49.762637" lon="14.899925">
      </trkpt>
      <trkpt lat="49.761775" lon="14.901141">
      </trkpt>
      <trkpt lat="49.761412" lon="14.902219">
      </trkpt>
      <trkpt lat="49.764825" lon="14.903365">
      </trkpt>
      <trkpt lat="49.770259" lon="14.904161">
      </trkpt>
      <trkpt lat="49.772735" lon="14.909957">
      </trkpt>
      <trkpt lat="49.773196" lon="14.911444">
      </trkpt>
      <trkpt lat="49.770109" lon="14.91838">
      </trkpt>
      <trkpt lat="49.76942" lon="14.918875">
      </trkpt>
      <trkpt lat="49.762112" lon="14.918012">
      </trkpt>
      <trkpt lat="49.760733" lon="14.914635">
      </trkpt>
      <trkpt lat="49.760755" lon="14.913589">
      </trkpt>
      <trkpt lat="49.760796" lon="14.912892">
      </trkpt>
      <trkpt lat="49.757202" lon="14.912684">
      </trkpt>
      <trkpt lat="49.754881" lon="14.915448">
      </trkpt>
      <trkpt lat="49.754793" lon="14.918276">
      </trkpt>
      <trkpt lat="49.754672" lon="14.918991">
      </trkpt>
      <trkpt lat="49.754675" lon="14.919078">
      </trkpt>
      <trkpt lat="49.753034" lon="14.923383">
      </trkpt>
      <trkpt lat="49.745233" lon="14.921261">
      </trkpt>
      <trkpt lat="49.745409" lon="14.9174">
      </trkpt>
      <trkpt lat="49.744887" lon="14.916941">
      </trkpt>
      <trkpt lat="49.744038" lon="14.916566">
      </trkpt>
      <trkpt lat="49.74239" lon="14.91697">
      </trkpt>
      <trkpt lat="49.741993" lon="14.917416">
      </trkpt>
      <trkpt lat="49.741808" lon="14.917647">
      </trkpt>
      <trkpt lat="49.740436" lon="14.919026">
      </trkpt>
      <trkpt lat="49.735149" lon="14.922301">
      </trkpt>
      <trkpt lat="49.728853" lon="14.918027">
      </trkpt>
      <trkpt lat="49.728227" lon="14.915781">
      </trkpt>
      <trkpt lat="49.727889" lon="14.915644">
      </trkpt>
      <trkpt lat="49.726711" lon="14.91586">
      </trkpt>
      <trkpt lat="49.72466" lon="14.916887">
      </trkpt>
      <trkpt lat="49.717756" lon="14.912079">
      </trkpt>
      <trkpt lat="49.717535" lon="14.911709">
      </trkpt>
      <trkpt lat="49.717256" lon="14.91137">
      </trkpt>
      <trkpt lat="49.716667" lon="14.910883">
      </trkpt>
      <trkpt lat="49.713526" lon="14.90724">
      </trkpt>
      <trkpt lat="49.713299" lon="14.906847">
      </trkpt>
      <trkpt lat="49.712817" lon="14.905868">
      </trkpt>
      <trkpt lat="49.71236" lon="14.904622">
      </trkpt>
      <trkpt lat="49.712218" lon="14.903951">
      </trkpt>
      <trkpt lat="49.714613" lon="14.897505">
      </trkpt>
      <trkpt lat="49.717742" lon="14.89615">
      </trkpt>
      <trkpt lat="49.718815" lon="14.89422">
      </trkpt>
      <trkpt lat="49.718866" lon="14.892548">
      </trkpt>
      <trkpt lat="49.718849" lon="14.892496">
      </trkpt>
      <trkpt lat="49.717142" lon="14.891033">
      </trkpt>
      <trkpt lat="49.714376" lon="14.883878">
      </trkpt>
      <trkpt lat="49.710876" lon="14.882862">
      </trkpt>
      <trkpt lat="49.709185" lon="14.88504">
      </trkpt>
      <trkpt lat="49.70872" lon="14.885969">
      </trkpt>
      <trkpt lat="49.708128" lon="14.887502">
      </trkpt>
      <trkpt lat="49.7017" lon="14.893027">
      </trkpt>
      <trkpt lat="49.701406" lon="14.893435">
      </trkpt>
      <trkpt lat="49.700167" lon="14.894988">
      </trkpt>
      <trkpt lat="49.696085" lon="14.898266">
      </trkpt>
      <trkpt lat="49.694259" lon="14.899372">
      </trkpt>
      <trkpt lat="49.685922" lon="14.899431">
      </trkpt>
      <trkpt lat="49.680769" lon="14.905676">
      </trkpt>
      <trkpt lat="49.680172" lon="14.909226">
      </trkpt>
      <trkpt lat="49.678973" lon="14.915823">
      </trkpt>
      <trkpt lat="49.676695" lon="14.923425">
      </trkpt>
      <trkpt lat="49.672507" lon="14.929037">
      </trkpt>
      <trkpt lat="49.667393" lon="14.926141">
      </trkpt>
      <trkpt lat="49.665891" lon="14.923599">
      </trkpt>
      <trkpt lat="49.665809" lon="14.920501">
      </trkpt>
      <trkpt lat="49.665738" lon="14.919159">
      </trkpt>
      <trkpt lat="49.66566" lon="14.918496">
      </trkpt>
      <trkpt lat="49.665512" lon="14.91764">
      </trkpt>
      <trkpt lat="49.665378" lon="14.91698">
      </trkpt>
      <trkpt lat="49.665096" lon="14.915926">
      </trkpt>
      <trkpt lat="49.66661" lon="14.910078">
      </trkpt>
      <trkpt lat="49.666183" lon="14.90788">
      </trkpt>
      <trkpt lat="49.66578" lon="14.905624">
      </trkpt>
      <trkpt lat="49.66579" lon="14.904973">
      </trkpt>
      <trkpt lat="49.66578" lon="14.90392">
      </trkpt>
      <trkpt lat="49.66575" lon="14.903224">
      </trkpt>
      <trkpt lat="49.665603" lon="14.901243">
      </trkpt>
      <trkpt lat="49.662013" lon="14.901509">
      </trkpt>
      <trkpt lat="49.66216" lon="14.903491">
      </trkpt>
      <trkpt lat="49.662183" lon="14.904067">
      </trkpt>
      <trkpt lat="49.66219" lon="14.905004">
      </trkpt>
      <trkpt lat="49.661786" lon="14.908188">
      </trkpt>
      <trkpt lat="49.661204" lon="14.910602">
      </trkpt>
      <trkpt lat="49.661128" lon="14.911076">
      </trkpt>
      <trkpt lat="49.661092" lon="14.912185">
      </trkpt>
      <trkpt lat="49.661141" lon="14.913398">
      </trkpt>
      <trkpt lat="49.661205" lon="14.914066">
      </trkpt>
      <trkpt lat="49.653854" lon="14.918895">
      </trkpt>
      <trkpt lat="49.65033" lon="14.919175">
      </trkpt>
      <trkpt lat="49.64913" lon="14.922569">
      </trkpt>
      <trkpt lat="49.640432" lon="14.920897">
      </trkpt>
      <trkpt lat="49.640351" lon="14.919298">
      </trkpt>
      <trkpt lat="49.640364" lon="14.918513">
      </trkpt>
      <trkpt lat="49.640387" lon="14.918078">
      </trkpt>
      <trkpt lat="49.640477" lon="14.917497">
      </trkpt>
      <trkpt lat="49.640868" lon="14.915689">
      </trkpt>
      <trkpt lat="49.641259" lon="14.913882">
      </trkpt>
      <trkpt lat="49.637741" lon="14.91312">
      </trkpt>
      <trkpt lat="49.63735" lon="14.914928">
      </trkpt>
      <trkpt lat="49.636958" lon="14.916735">
      </trkpt>
      <trkpt lat="49.636832" lon="14.91751">
      </trkpt>
      <trkpt lat="49.636772" lon="14.918263">
      </trkpt>
      <trkpt lat="49.636752" lon="14.919231">
      </trkpt>
      <trkpt lat="49.636836" lon="14.92107">
      </trkpt>
      <trkpt lat="49.63695" lon="14.923433">
      </trkpt>
      <trkpt lat="49.637064" lon="14.925797">
      </trkpt>
      <trkpt lat="49.63697" lon="14.92752">
      </trkpt>
      <trkpt lat="49.631847" lon="14.93448">
      </trkpt>
      <trkpt lat="49.628253" lon="14.93508">
      </trkpt>
      <trkpt lat="49.628612" lon="14.936059">
      </trkpt>
      <trkpt lat="49.629217" lon="14.937242">
      </trkpt>
      <trkpt lat="49.629863" lon="14.938065">
      </trkpt>
      <trkpt lat="49.630306" lon="14.945432">
      </trkpt>
      <trkpt lat="49.627968" lon="14.947582">
      </trkpt>
      <trkpt lat="49.627469" lon="14.948093">
      </trkpt>
      <trkpt lat="49.618763" lon="14.947005">
      </trkpt>
      <trkpt lat="49.617797" lon="14.944687">
      </trkpt>
      <trkpt lat="49.617789" lon="14.941721">
      </trkpt>
      <trkpt lat="49.617765" lon="14.940919">
      </trkpt>
      <trkpt lat="49.617698" lon="14.940283">
      </trkpt>
      <trkpt lat="49.617601" lon="14.939746">
      </trkpt>
      <trkpt lat="49.617044" lon="14.937389">
      </trkpt>
      <trkpt lat="49.616493" lon="14.935058">
      </trkpt>
      <trkpt lat="49.616007" lon="14.932861">
      </trkpt>
      <trkpt lat="49.615835" lon="14.931515">
      </trkpt>
      <trkpt lat="49.615828" lon="14.930896">
      </trkpt>
      <trkpt lat="49.615841" lon="14.929392">
      </trkpt>
      <trkpt lat="49.615094" lon="14.923347">
      </trkpt>
      <trkpt lat="49.618385" lon="14.916403">
      </trkpt>
      <trkpt lat="49.620975" lon="14.913902">
      </trkpt>
      <trkpt lat="49.619676" lon="14.912557">
      </trkpt>
      <trkpt lat="49.619093" lon="14.904462">
      </trkpt>
      <trkpt lat="49.619438" lon="14.903883">
      </trkpt>
      <trkpt lat="49.619786" lon="14.903019">
      </trkpt>
      <trkpt lat="49.616448" lon="14.901671">
      </trkpt>
      <trkpt lat="49.610572" lon="14.899852">
      </trkpt>
      <trkpt lat="49.61" lon="14.900076">
      </trkpt>
      <trkpt lat="49.605967" lon="14.902475">
      </trkpt>
      <trkpt lat="49.604648" lon="14.908127">
      </trkpt>
      <trkpt lat="49.604138" lon="14.916136">
      </trkpt>
      <trkpt lat="49.603326" lon="14.919032">
      </trkpt>
      <trkpt lat="49.603246" lon="14.919396">
      </trkpt>
      <trkpt lat="49.60288" lon="14.921397">
      </trkpt>
      <trkpt lat="49.602705" lon="14.922458">
      </trkpt>
      <trkpt lat="49.602663" lon="14.923091">
      </trkpt>
      <trkpt lat="49.602685" lon="14.924658">
      </trkpt>
      <trkpt lat="49.594386" lon="14.927261">
      </trkpt>
      <trkpt lat="49.593946" lon="14.926844">
      </trkpt>
      <trkpt lat="49.592748" lon="14.926469">
      </trkpt>
      <trkpt lat="49.592336" lon="14.926489">
      </trkpt>
      <trkpt lat="49.592109" lon="14.926577">
      </trkpt>
      <trkpt lat="49.591797" lon="14.926798">
      </trkpt>
      <trkpt lat="49.591679" lon="14.929633">
      </trkpt>
      <trkpt lat="49.586353" lon="14.936414">
      </trkpt>
      <trkpt lat="49.583962" lon="14.935876">
      </trkpt>
      <trkpt lat="49.58029" lon="14.935724">
      </trkpt>
      <trkpt lat="49.576954" lon="14.937078">
      </trkpt>
      <trkpt lat="49.572166" lon="14.943786">
      </trkpt>
      <trkpt lat="49.56989" lon="14.94729">
      </trkpt>
      <trkpt lat="49.560952" lon="14.947337">
      </trkpt>
      <trkpt lat="49.55843" lon="14.944768">
      </trkpt>
      <trkpt lat="49.55681" lon="14.946358">
      </trkpt>
      <trkpt lat="49.555191" lon="14.947947">
      </trkpt>
      <trkpt lat="49.546709" lon="14.946462">
      </trkpt>
      <trkpt lat="49.544104" lon="14.943978">
      </trkpt>
      <trkpt lat="49.540177" lon="14.946143">
      </trkpt>
      <trkpt lat="49.538441" lon="14.947381">
      </trkpt>
      <trkpt lat="49.538214" lon="14.947669">
      </trkpt>
      <trkpt lat="49.538274" lon="14.949376">
      </trkpt>
      <trkpt lat="49.538347" lon="14.949478">
      </trkpt>
      <trkpt lat="49.540077" lon="14.951201">
      </trkpt>
      <trkpt lat="49.535803" lon="14.958605">
      </trkpt>
      <trkpt lat="49.535366" lon="14.958794">
      </trkpt>
      <trkpt lat="49.534251" lon="14.960366">
      </trkpt>
      <trkpt lat="49.533871" lon="14.960875">
      </trkpt>
      <trkpt lat="49.533682" lon="14.961228">
      </trkpt>
      <trkpt lat="49.530505" lon="14.964953">
      </trkpt>
      <trkpt lat="49.529983" lon="14.965511">
      </trkpt>
      <trkpt lat="49.528919" lon="14.967861">
      </trkpt>
      <trkpt lat="49.520843" lon="14.966816">
      </trkpt>
      <trkpt lat="49.519468" lon="14.963374">
      </trkpt>
      <trkpt lat="49.519664" lon="14.961325">
      </trkpt>
      <trkpt lat="49.519372" lon="14.960807">
      </trkpt>
      <trkpt lat="49.516724" lon="14.961044">
      </trkpt>
      <trkpt lat="49.51658" lon="14.961213">
      </trkpt>
      <trkpt lat="49.516236" lon="14.962575">
      </trkpt>
      <trkpt lat="49.516208" lon="14.964674">
      </trkpt>
      <trkpt lat="49.516048" lon="14.966026">
      </trkpt>
      <trkpt lat="49.516079" lon="14.966663">
      </trkpt>
      <trkpt lat="49.516145" lon="14.967023">
      </trkpt>
      <trkpt lat="49.516384" lon="14.967645">
      </trkpt>
      <trkpt lat="49.516592" lon="14.967998">
      </trkpt>
      <trkpt lat="49.512831" lon="14.976132">
      </trkpt>
      <trkpt lat="49.506558" lon="14.970722">
      </trkpt>
      <trkpt lat="49.506664" lon="14.967186">
      </trkpt>
      <trkpt lat="49.506735" lon="14.966769">
      </trkpt>
      <trkpt lat="49.506893" lon="14.965673">
      </trkpt>
      <trkpt lat="49.503376" lon="14.964905">
      </trkpt>
      <trkpt lat="49.503266" lon="14.965407">
      </trkpt>
      <trkpt lat="49.500762" lon="14.969292">
      </trkpt>
      <trkpt lat="49.499978" lon="14.969873">
      </trkpt>
      <trkpt lat="49.499587" lon="14.972536">
      </trkpt>
      <trkpt lat="49.499603" lon="14.973053">
      </trkpt>
      <trkpt lat="49.499518" lon="14.976992">
      </trkpt>
      <trkpt lat="49.498865" lon="14.978978">
      </trkpt>
      <trkpt lat="49.498538" lon="14.979777">
      </trkpt>
      <trkpt lat="49.497427" lon="14.981593">
      </trkpt>
      <trkpt lat="49.495951" lon="14.982835">
      </trkpt>
      <trkpt lat="49.492135" lon="14.98453">
      </trkpt>
      <trkpt lat="49.491109" lon="14.984837">
      </trkpt>
      <trkpt lat="49.486085" lon="14.977816">
      </trkpt>
      <trkpt lat="49.486494" lon="14.97716">
      </trkpt>
      <trkpt lat="49.487681" lon="14.974754">
      </trkpt>
      <trkpt lat="49.487977" lon="14.97392">
      </trkpt>
      <trkpt lat="49.488597" lon="14.971941">
      </trkpt>
      <trkpt lat="49.489216" lon="14.969962">
      </trkpt>
      <trkpt lat="49.489593" lon="14.96873">
      </trkpt>
      <trkpt lat="49.491056" lon="14.964511">
      </trkpt>
      <trkpt lat="49.491719" lon="14.963182">
      </trkpt>
      <trkpt lat="49.491723" lon="14.963078">
      </trkpt>
      <trkpt lat="49.489037" lon="14.96153">
      </trkpt>
      <trkpt lat="49.488911" lon="14.961616">
      </trkpt>
      <trkpt lat="49.488278" lon="14.962286">
      </trkpt>
      <trkpt lat="49.487343" lon="14.963299">
      </trkpt>
      <trkpt lat="49.487394" lon="14.963936">
      </trkpt>
      <trkpt lat="49.486277" lon="14.967328">
      </trkpt>
      <trkpt lat="49.485352" lon="14.969565">
      </trkpt>
      <trkpt lat="49.485161" lon="14.970865">
      </trkpt>
      <trkpt lat="49.484542" lon="14.972845">
      </trkpt>
      <trkpt lat="49.480408" lon="14.975615">
      </trkpt>
      <trkpt lat="49.47494" lon="14.969905">
      </trkpt>
      <trkpt lat="49.47501" lon="14.969141">
      </trkpt>
      <trkpt lat="49.475055" lon="14.968496">
      </trkpt>
      <trkpt lat="49.475145" lon="14.96797">
      </trkpt>
      <trkpt lat="49.475851" lon="14.965244">
      </trkpt>
      <trkpt lat="49.476284" lon="14.964578">
      </trkpt>
      <trkpt lat="49.476672" lon="14.963413">
      </trkpt>
      <trkpt lat="49.477037" lon="14.962175">
      </trkpt>
      <trkpt lat="49.477202" lon="14.961695">
      </trkpt>
      <trkpt lat="49.476685" lon="14.960245">
      </trkpt>
      <trkpt lat="49.475796" lon="14.957438">
      </trkpt>
      <trkpt lat="49.475744" lon="14.956861">
      </trkpt>
      <trkpt lat="49.475521" lon="14.955993">
      </trkpt>
      <trkpt lat="49.475097" lon="14.955138">
      </trkpt>
      <trkpt lat="49.474464" lon="14.954011">
      </trkpt>
      <trkpt lat="49.473711" lon="14.952802">
      </trkpt>
      <trkpt lat="49.470242" lon="14.953766">
      </trkpt>
      <trkpt lat="49.470289" lon="14.953932">
      </trkpt>
      <trkpt lat="49.470447" lon="14.954337">
      </trkpt>
      <trkpt lat="49.471408" lon="14.955914">
      </trkpt>
      <trkpt lat="49.472286" lon="14.960028">
      </trkpt>
      <trkpt lat="49.472392" lon="14.962956">
      </trkpt>
      <trkpt lat="49.47238" lon="14.963622">
      </trkpt>
      <trkpt lat="49.472338" lon="14.964332">
      </trkpt>
      <trkpt lat="49.472278" lon="14.964806">
      </trkpt>
      <trkpt lat="49.471666" lon="14.967046">
      </trkpt>
      <trkpt lat="49.471513" lon="14.967851">
      </trkpt>
      <trkpt lat="49.462843" lon="14.969972">
      </trkpt>
      <trkpt lat="49.459585" lon="14.966533">
      </trkpt>
      <trkpt lat="49.458684" lon="14.963479">
      </trkpt>
      <trkpt lat="49.455231" lon="14.964498">
      </trkpt>
      <trkpt lat="49.449586" lon="14.958077">
      </trkpt>
      <trkpt lat="49.451581" lon="14.95508">
      </trkpt>
      <trkpt lat="49.451195" lon="14.954823">
      </trkpt>
      <trkpt lat="49.450669" lon="14.95457">
      </trkpt>
      <trkpt lat="49.448516" lon="14.954315">
      </trkpt>
      <trkpt lat="49.44757" lon="14.954155">
      </trkpt>
      <trkpt lat="49.441035" lon="14.949295">
      </trkpt>
      <trkpt lat="49.438572" lon="14.946669">
      </trkpt>
      <trkpt lat="49.43525" lon="14.946529">
      </trkpt>
      <trkpt lat="49.434134" lon="14.94821">
      </trkpt>
      <trkpt lat="49.427009" lon="14.947708">
      </trkpt>
      <trkpt lat="49.427163" lon="14.942111">
      </trkpt>
      <trkpt lat="49.427987" lon="14.939434">
      </trkpt>
      <trkpt lat="49.428121" lon="14.938817">
      </trkpt>
      <trkpt lat="49.428325" lon="14.936781">
      </trkpt>
      <trkpt lat="49.428536" lon="14.934655">
      </trkpt>
      <trkpt lat="49.435604" lon="14.929473">
      </trkpt>
      <trkpt lat="49.437109" lon="14.926203">
      </trkpt>
      <trkpt lat="49.438969" lon="14.919348">
      </trkpt>
      <trkpt lat="49.436927" lon="14.914184">
      </trkpt>
      <trkpt lat="49.438268" lon="14.905923">
      </trkpt>
      <trkpt lat="49.438346" lon="14.903202">
      </trkpt>
      <trkpt lat="49.43517" lon="14.89808">
      </trkpt>
      <trkpt lat="49.435629" lon="14.893897">
      </trkpt>
      <trkpt lat="49.434928" lon="14.891959">
      </trkpt>
      <trkpt lat="49.431328" lon="14.891995">
      </trkpt>
      <trkpt lat="49.431218" lon="14.894113">
      </trkpt>
      <trkpt lat="49.431235" lon="14.894494">
      </trkpt>
      <trkpt lat="49.431279" lon="14.894852">
      </trkpt>
      <trkpt lat="49.431406" lon="14.896204">
      </trkpt>
      <trkpt lat="49.431581" lon="14.898372">
      </trkpt>
      <trkpt lat="49.431752" lon="14.900475">
      </trkpt>
      <trkpt lat="49.42717" lon="14.907828">
      </trkpt>
      <trkpt lat="49.428139" lon="14.910799">
      </trkpt>
      <trkpt lat="49.427838" lon="14.913906">
      </trkpt>
      <trkpt lat="49.427457" lon="14.914816">
      </trkpt>
      <trkpt lat="49.418761" lon="14.914412">
      </trkpt>
      <trkpt lat="49.418473" lon="14.913822">
      </trkpt>
      <trkpt lat="49.417628" lon="14.911567">
      </trkpt>
      <trkpt lat="49.417313" lon="14.911011">
      </trkpt>
      <trkpt lat="49.416689" lon="14.910343">
      </trkpt>
      <trkpt lat="49.416277" lon="14.910078">
      </trkpt>
      <trkpt lat="49.415588" lon="14.909806">
      </trkpt>
      <trkpt lat="49.415067" lon="14.909732">
      </trkpt>
      <trkpt lat="49.41416" lon="14.909838">
      </trkpt>
      <trkpt lat="49.413094" lon="14.910202">
      </trkpt>
      <trkpt lat="49.412861" lon="14.911864">
      </trkpt>
      <trkpt lat="49.416094" lon="14.91824">
      </trkpt>
      <trkpt lat="49.416396" lon="14.920654">
      </trkpt>
      <trkpt lat="49.416601" lon="14.9217">
      </trkpt>
      <trkpt lat="49.417045" lon="14.923459">
      </trkpt>
      <trkpt lat="49.417662" lon="14.926136">
      </trkpt>
      <trkpt lat="49.418289" lon="14.928851">
      </trkpt>
      <trkpt lat="49.418414" lon="14.929319">
      </trkpt>
      <trkpt lat="49.418584" lon="14.929791">
      </trkpt>
      <trkpt lat="49.418935" lon="14.930568">
      </trkpt>
      <trkpt lat="49.419493" lon="14.933011">
      </trkpt>
      <trkpt lat="49.419492" lon="14.933549">
      </trkpt>
      <trkpt lat="49.419435" lon="14.93458">
      </trkpt>
      <trkpt lat="49.412584" lon="14.939424">
      </trkpt>
      <trkpt lat="49.405889" lon="14.937472">
      </trkpt>
      <trkpt lat="49.402311" lon="14.937873">
      </trkpt>
      <trkpt lat="49.4008" lon="14.946251">
      </trkpt>
      <trkpt lat="49.400104" lon="14.947256">
      </trkpt>
      <trkpt lat="49.401701" lon="14.948988">
      </trkpt>
      <trkpt lat="49.399287" lon="14.957161">
      </trkpt>
      <trkpt lat="49.398769" lon="14.959196">
      </trkpt>
      <trkpt lat="49.398354" lon="14.960747">
      </trkpt>
      <trkpt lat="49.398089" lon="14.962155">
      </trkpt>
      <trkpt lat="49.397996" lon="14.962842">
      </trkpt>
      <trkpt lat="49.389564" lon="14.965892">
      </trkpt>
      <trkpt lat="49.389247" lon="14.966555">
      </trkpt>
      <trkpt lat="49.38974" lon="14.97094">
      </trkpt>
      <trkpt lat="49.383823" lon="14.975045">
      </trkpt>
      <trkpt lat="49.38075" lon="14.972941">
      </trkpt>
      <trkpt lat="49.380385" lon="14.972493">
      </trkpt>
      <trkpt lat="49.378097" lon="14.967248">
      </trkpt>
      <trkpt lat="49.379074" lon="14.963941">
      </trkpt>
      <trkpt lat="49.377007" lon="14.960754">
      </trkpt>
      <trkpt lat="49.374196" lon="14.959503">
      </trkpt>
      <trkpt lat="49.372401" lon="14.958558">
      </trkpt>
      <trkpt lat="49.372267" lon="14.958579">
      </trkpt>
      <trkpt lat="49.371928" lon="14.958665">
      </trkpt>
      <trkpt lat="49.371438" lon="14.958842">
      </trkpt>
      <trkpt lat="49.370677" lon="14.960263">
      </trkpt>
      <trkpt lat="49.369818" lon="14.963669">
      </trkpt>
      <trkpt lat="49.369184" lon="14.966927">
      </trkpt>
      <trkpt lat="49.369162" lon="14.967712">
      </trkpt>
      <trkpt lat="49.369242" lon="14.970104">
      </trkpt>
      <trkpt lat="49.36933" lon="14.970429">
      </trkpt>
      <trkpt lat="49.373116" lon="14.976094">
      </trkpt>
      <trkpt lat="49.371558" lon="14.979194">
      </trkpt>
      <trkpt lat="49.371078" lon="14.979897">
      </trkpt>
      <trkpt lat="49.368253" lon="14.982283">
      </trkpt>
      <trkpt lat="49.367774" lon="14.982742">
      </trkpt>
      <trkpt lat="49.367104" lon="14.983669">
      </trkpt>
      <trkpt lat="49.365786" lon="14.985691">
      </trkpt>
      <trkpt lat="49.363897" lon="14.98825">
      </trkpt>
      <trkpt lat="49.366793" lon="14.990388">
      </trkpt>
      <trkpt lat="49.372199" lon="14.993352">
      </trkpt>
      <trkpt lat="49.372596" lon="14.998346">
      </trkpt>
      <trkpt lat="49.365761" lon="15.000448">
      </trkpt>
      <trkpt lat="49.363513" lon="15.002489">
      </trkpt>
      <trkpt lat="49.363364" lon="15.003134">
      </trkpt>
      <trkpt lat="49.363547" lon="15.004682">
      </trkpt>
      <trkpt lat="49.367064" lon="15.005776">
      </trkpt>
      <trkpt lat="49.370184" lon="15.008523">
      </trkpt>
      <trkpt lat="49.370509" lon="15.00898">
      </trkpt>
      <trkpt lat="49.371102" lon="15.009556">
      </trkpt>
      <trkpt lat="49.371482" lon="15.018477">
      </trkpt>
      <trkpt lat="49.37066" lon="15.019014">
      </trkpt>
      <trkpt lat="49.370168" lon="15.01952">
      </trkpt>
      <trkpt lat="49.369339" lon="15.020225">
      </trkpt>
      <trkpt lat="49.366251" lon="15.022717">
      </trkpt>
      <trkpt lat="49.365759" lon="15.023139">
      </trkpt>
      <trkpt lat="49.365371" lon="15.023644">
      </trkpt>
      <trkpt lat="49.365031" lon="15.024063">
      </trkpt>
      <trkpt lat="49.36499" lon="15.024527">
      </trkpt>
      <trkpt lat="49.363737" lon="15.029463">
      </trkpt>
      <trkpt lat="49.358793" lon="15.035808">
      </trkpt>
      <trkpt lat="49.354859" lon="15.036343">
      </trkpt>
      <trkpt lat="49.351274" lon="15.036671">
      </trkpt>
      <trkpt lat="49.34693" lon="15.04278">
      </trkpt>
      <trkpt lat="49.344868" lon="15.043582">
      </trkpt>
      <trkpt lat="49.341525" lon="15.044919">
      </trkpt>
      <trkpt lat="49.33835" lon="15.048192">
      </trkpt>
      <trkpt lat="49.338362" lon="15.056247">
      </trkpt>
      <trkpt lat="49.330395" lon="15.060029">
      </trkpt>
      <trkpt lat="49.324642" lon="15.061439">
      </trkpt>
      <trkpt lat="49.324597" lon="15.061453">
      </trkpt>
      <trkpt lat="49.32443" lon="15.061722">
      </trkpt>
      <trkpt lat="49.324082" lon="15.062828">
      </trkpt>
      <trkpt lat="49.317796" lon="15.068081">
      </trkpt>
      <trkpt lat="49.317117" lon="15.068087">
      </trkpt>
      <trkpt lat="49.312341" lon="15.060524">
      </trkpt>
      <trkpt lat="49.312616" lon="15.059936">
      </trkpt>
      <trkpt lat="49.313601" lon="15.057983">
      </trkpt>
      <trkpt lat="49.313783" lon="15.057304">
      </trkpt>
      <trkpt lat="49.313809" lon="15.056935">
      </trkpt>
      <trkpt lat="49.314658" lon="15.052683">
      </trkpt>
      <trkpt lat="49.315295" lon="15.051333">
      </trkpt>
      <trkpt lat="49.315418" lon="15.051093">
      </trkpt>
      <trkpt lat="49.317017" lon="15.046852">
      </trkpt>
      <trkpt lat="49.317912" lon="15.045124">
      </trkpt>
      <trkpt lat="49.318257" lon="15.044406">
      </trkpt>
      <trkpt lat="49.318646" lon="15.043425">
      </trkpt>
      <trkpt lat="49.31915" lon="15.042248">
      </trkpt>
      <trkpt lat="49.31957" lon="15.041176">
      </trkpt>
      <trkpt lat="49.320025" lon="15.039933">
      </trkpt>
      <trkpt lat="49.31683" lon="15.038274">
      </trkpt>
      <trkpt lat="49.311127" lon="15.032126">
      </trkpt>
      <trkpt lat="49.311621" lon="15.026417">
      </trkpt>
      <trkpt lat="49.313681" lon="15.023465">
      </trkpt>
      <trkpt lat="49.315166" lon="15.020917">
      </trkpt>
      <trkpt lat="49.312944" lon="15.018085">
      </trkpt>
      <trkpt lat="49.3073" lon="15.019983">
      </trkpt>
      <trkpt lat="49.303707" lon="15.019765">
      </trkpt>
      <trkpt lat="49.303693" lon="15.019994">
      </trkpt>
      <trkpt lat="49.303752" lon="15.02031">
      </trkpt>
      <trkpt lat="49.3054" lon="15.022144">
      </trkpt>
      <trkpt lat="49.305986" lon="15.02611">
      </trkpt>
      <trkpt lat="49.299766" lon="15.030098">
      </trkpt>
      <trkpt lat="49.299189" lon="15.030627">
      </trkpt>
      <trkpt lat="49.298565" lon="15.03123">
      </trkpt>
      <trkpt lat="49.297307" lon="15.032669">
      </trkpt>
      <trkpt lat="49.296937" lon="15.033089">
      </trkpt>
      <trkpt lat="49.299639" lon="15.035468">
      </trkpt>
      <trkpt lat="49.300968" lon="15.041199">
      </trkpt>
      <trkpt lat="49.301031" lon="15.04167">
      </trkpt>
      <trkpt lat="49.301087" lon="15.041911">
      </trkpt>
      <trkpt lat="49.30129" lon="15.042715">
      </trkpt>
      <trkpt lat="49.301559" lon="15.043686">
      </trkpt>
      <trkpt lat="49.301662" lon="15.044213">
      </trkpt>
      <trkpt lat="49.296181" lon="15.050165">
      </trkpt>
      <trkpt lat="49.293374" lon="15.048117">
      </trkpt>
      <trkpt lat="49.289682" lon="15.044725">
      </trkpt>
      <trkpt lat="49.286986" lon="15.042339">
      </trkpt>
      <trkpt lat="49.2863" lon="15.043114">
      </trkpt>
      <trkpt lat="49.286013" lon="15.04348">
      </trkpt>
      <trkpt lat="49.28581" lon="15.043784">
      </trkpt>
      <trkpt lat="49.284466" lon="15.046332">
      </trkpt>
      <trkpt lat="49.284291" lon="15.046756">
      </trkpt>
      <trkpt lat="49.283032" lon="15.049746">
      </trkpt>
      <trkpt lat="49.281609" lon="15.053053">
      </trkpt>
      <trkpt lat="49.282298" lon="15.057633">
      </trkpt>
      <trkpt lat="49.282045" lon="15.059355">
      </trkpt>
      <trkpt lat="49.282017" lon="15.059764">
      </trkpt>
      <trkpt lat="49.2819" lon="15.061245">
      </trkpt>
      <trkpt lat="49.273947" lon="15.063957">
      </trkpt>
      <trkpt lat="49.268337" lon="15.060973">
      </trkpt>
      <trkpt lat="49.264755" lon="15.06061">
      </trkpt>
      <trkpt lat="49.264712" lon="15.061038">
      </trkpt>
      <trkpt lat="49.264752" lon="15.061917">
      </trkpt>
      <trkpt lat="49.265002" lon="15.063462">
      </trkpt>
      <trkpt lat="49.265277" lon="15.064247">
      </trkpt>
      <trkpt lat="49.261927" lon="15.071417">
      </trkpt>
      <trkpt lat="49.260311" lon="15.071826">
      </trkpt>
      <trkpt lat="49.259632" lon="15.07188">
      </trkpt>
      <trkpt lat="49.259524" lon="15.075478">
      </trkpt>
      <trkpt lat="49.262461" lon="15.077327">
      </trkpt>
      <trkpt lat="49.263134" lon="15.077208">
      </trkpt>
      <trkpt lat="49.263893" lon="15.076909">
      </trkpt>
      <trkpt lat="49.265197" lon="15.075714">
      </trkpt>
      <trkpt lat="49.266591" lon="15.07422">
      </trkpt>
      <trkpt lat="49.266873" lon="15.073825">
      </trkpt>
      <trkpt lat="49.268346" lon="15.072426">
      </trkpt>
      <trkpt lat="49.276364" lon="15.075611">
      </trkpt>
      <trkpt lat="49.276606" lon="15.076378">
      </trkpt>
      <trkpt lat="49.27732" lon="15.077129">
      </trkpt>
      <trkpt lat="49.278037" lon="15.077588">
      </trkpt>
      <trkpt lat="49.278543" lon="15.077849">
      </trkpt>
      <trkpt lat="49.282728" lon="15.077795">
      </trkpt>
      <trkpt lat="49.283753" lon="15.086279">
      </trkpt>
      <trkpt lat="49.283354" lon="15.08678">
      </trkpt>
      <trkpt lat="49.283214" lon="15.087035">
      </trkpt>
      <trkpt lat="49.282497" lon="15.088531">
      </trkpt>
      <trkpt lat="49.282201" lon="15.089464">
      </trkpt>
      <trkpt lat="49.281404" lon="15.091421">
      </trkpt>
      <trkpt lat="49.281261" lon="15.092146">
      </trkpt>
      <trkpt lat="49.280261" lon="15.097199">
      </trkpt>
      <trkpt lat="49.279172" lon="15.099588">
      </trkpt>
      <trkpt lat="49.277523" lon="15.104521">
      </trkpt>
      <trkpt lat="49.277273" lon="15.104977">
      </trkpt>
      <trkpt lat="49.276935" lon="15.105958">
      </trkpt>
      <trkpt lat="49.276787" lon="15.106368">
      </trkpt>
      <trkpt lat="49.27668" lon="15.107">
      </trkpt>
      <trkpt lat="49.27675" lon="15.107603">
      </trkpt>
      <trkpt lat="49.27592" lon="15.113195">
      </trkpt>
      <trkpt lat="49.275179" lon="15.116237">
      </trkpt>
      <trkpt lat="49.275014" lon="15.117017">
      </trkpt>
      <trkpt lat="49.274797" lon="15.1186">
      </trkpt>
      <trkpt lat="49.274567" lon="15.119309">
      </trkpt>
      <trkpt lat="49.274316" lon="15.120014">
      </trkpt>
      <trkpt lat="49.274219" lon="15.120377">
      </trkpt>
      <trkpt lat="49.274165" lon="15.120652">
      </trkpt>
      <trkpt lat="49.274124" lon="15.121247">
      </trkpt>
      <trkpt lat="49.274129" lon="15.121701">
      </trkpt>
      <trkpt lat="49.274173" lon="15.122516">
      </trkpt>
      <trkpt lat="49.274245" lon="15.123009">
      </trkpt>
      <trkpt lat="49.274401" lon="15.123669">
      </trkpt>
      <trkpt lat="49.274895" lon="15.125587">
      </trkpt>
      <trkpt lat="49.274989" lon="15.12588">
      </trkpt>
      <trkpt lat="49.275297" lon="15.126462">
      </trkpt>
      <trkpt lat="49.276135" lon="15.131572">
      </trkpt>
      <trkpt lat="49.275419" lon="15.133581">
      </trkpt>
      <trkpt lat="49.274658" lon="15.135801">
      </trkpt>
      <trkpt lat="49.273903" lon="15.138001">
      </trkpt>
      <trkpt lat="49.273709" lon="15.138752">
      </trkpt>
      <trkpt lat="49.273305" lon="15.140612">
      </trkpt>
      <trkpt lat="49.272914" lon="15.142418">
      </trkpt>
      <trkpt lat="49.272184" lon="15.14543">
      </trkpt>
      <trkpt lat="49.271473" lon="15.148544">
      </trkpt>
      <trkpt lat="49.268721" lon="15.15293">
      </trkpt>
      <trkpt lat="49.268515" lon="15.15393">
      </trkpt>
      <trkpt lat="49.268191" lon="15.156024">
      </trkpt>
      <trkpt lat="49.268022" lon="15.156792">
      </trkpt>
      <trkpt lat="49.266936" lon="15.159805">
      </trkpt>
      <trkpt lat="49.265096" lon="15.162275">
      </trkpt>
      <trkpt lat="49.257475" lon="15.159005">
      </trkpt>
      <trkpt lat="49.257768" lon="15.156642">
      </trkpt>
      <trkpt lat="49.258043" lon="15.154392">
      </trkpt>
      <trkpt lat="49.258091" lon="15.154103">
      </trkpt>
      <trkpt lat="49.258659" lon="15.151999">
      </trkpt>
      <trkpt lat="49.258702" lon="15.151462">
      </trkpt>
      <trkpt lat="49.261268" lon="15.14615">
      </trkpt>
      <trkpt lat="49.26052" lon="15.144745">
      </trkpt>
      <trkpt lat="49.25673" lon="15.139267">
      </trkpt>
      <trkpt lat="49.257175" lon="15.135443">
      </trkpt>
      <trkpt lat="49.257812" lon="15.132384">
      </trkpt>
      <trkpt lat="49.262318" lon="15.127788">
      </trkpt>
      <trkpt lat="49.262731" lon="15.124211">
      </trkpt>
      <trkpt lat="49.262046" lon="15.117297">
      </trkpt>
      <trkpt lat="49.260302" lon="15.108679">
      </trkpt>
      <trkpt lat="49.259148" lon="15.105269">
      </trkpt>
      <trkpt lat="49.25816" lon="15.105568">
      </trkpt>
      <trkpt lat="49.257196" lon="15.106074">
      </trkpt>
      <trkpt lat="49.249197" lon="15.104164">
      </trkpt>
      <trkpt lat="49.24594" lon="15.105696">
      </trkpt>
      <trkpt lat="49.237253" lon="15.103425">
      </trkpt>
      <trkpt lat="49.233654" lon="15.103535">
      </trkpt>
      <trkpt lat="49.226617" lon="15.108154">
      </trkpt>
      <trkpt lat="49.223305" lon="15.103821">
      </trkpt>
      <trkpt lat="49.223274" lon="15.103686">
      </trkpt>
      <trkpt lat="49.223118" lon="15.10091">
      </trkpt>
      <trkpt lat="49.223022" lon="15.100485">
      </trkpt>
      <trkpt lat="49.22287" lon="15.10007">
      </trkpt>
      <trkpt lat="49.222504" lon="15.099322">
      </trkpt>
      <trkpt lat="49.221459" lon="15.097346">
      </trkpt>
      <trkpt lat="49.218277" lon="15.099029">
      </trkpt>
      <trkpt lat="49.219679" lon="15.103862">
      </trkpt>
      <trkpt lat="49.219747" lon="15.104368">
      </trkpt>
      <trkpt lat="49.220078" lon="15.111446">
      </trkpt>
      <trkpt lat="49.213683" lon="15.117705">
      </trkpt>
      <trkpt lat="49.212649" lon="15.118116">
      </trkpt>
      <trkpt lat="49.212587" lon="15.118138">
      </trkpt>
      <trkpt lat="49.211695" lon="15.120114">
      </trkpt>
      <trkpt lat="49.211705" lon="15.120219">
      </trkpt>
      <trkpt lat="49.211746" lon="15.120407">
      </trkpt>
      <trkpt lat="49.211879" lon="15.120726">
      </trkpt>
      <trkpt lat="49.211931" lon="15.120809">
      </trkpt>
      <trkpt lat="49.212992" lon="15.121599">
      </trkpt>
      <trkpt lat="49.217564" lon="15.123602">
      </trkpt>
      <trkpt lat="49.219449" lon="15.124948">
      </trkpt>
      <trkpt lat="49.221035" lon="15.126108">
      </trkpt>
      <trkpt lat="49.222131" lon="15.127257">
      </trkpt>
      <trkpt lat="49.223452" lon="15.1286">
      </trkpt>
      <trkpt lat="49.224084" lon="15.129078">
      </trkpt>
      <trkpt lat="49.22594" lon="15.129946">
      </trkpt>
      <trkpt lat="49.229815" lon="15.136026">
      </trkpt>
      <trkpt lat="49.230496" lon="15.138923">
      </trkpt>
      <trkpt lat="49.23117" lon="15.141793">
      </trkpt>
      <trkpt lat="49.231748" lon="15.144191">
      </trkpt>
      <trkpt lat="49.228882" lon="15.150546">
      </trkpt>
      <trkpt lat="49.225283" lon="15.150457">
      </trkpt>
      <trkpt lat="49.225463" lon="15.151456">
      </trkpt>
      <trkpt lat="49.22559" lon="15.152135">
      </trkpt>
      <trkpt lat="49.226025" lon="15.153246">
      </trkpt>
      <trkpt lat="49.224041" lon="15.160211">
      </trkpt>
      <trkpt lat="49.216055" lon="15.159329">
      </trkpt>
      <trkpt lat="49.213553" lon="15.154138">
      </trkpt>
      <trkpt lat="49.213585" lon="15.153268">
      </trkpt>
      <trkpt lat="49.213551" lon="15.151458">
      </trkpt>
      <trkpt lat="49.213569" lon="15.151207">
      </trkpt>
      <trkpt lat="49.213802" lon="15.149914">
      </trkpt>
      <trkpt lat="49.213863" lon="15.149216">
      </trkpt>
      <trkpt lat="49.213926" lon="15.147377">
      </trkpt>
      <trkpt lat="49.213883" lon="15.146582">
      </trkpt>
      <trkpt lat="49.213653" lon="15.144975">
      </trkpt>
      <trkpt lat="49.213459" lon="15.144049">
      </trkpt>
      <trkpt lat="49.213373" lon="15.143186">
      </trkpt>
      <trkpt lat="49.212769" lon="15.140641">
      </trkpt>
      <trkpt lat="49.210055" lon="15.138788">
      </trkpt>
      <trkpt lat="49.208246" lon="15.137267">
      </trkpt>
      <trkpt lat="49.205145" lon="15.139096">
      </trkpt>
      <trkpt lat="49.205757" lon="15.140133">
      </trkpt>
      <trkpt lat="49.206526" lon="15.148188">
      </trkpt>
      <trkpt lat="49.207771" lon="15.149341">
      </trkpt>
      <trkpt lat="49.208972" lon="15.157653">
      </trkpt>
      <trkpt lat="49.208702" lon="15.158529">
      </trkpt>
      <trkpt lat="49.208425" lon="15.15972">
      </trkpt>
      <trkpt lat="49.208162" lon="15.161145">
      </trkpt>
      <trkpt lat="49.208065" lon="15.162082">
      </trkpt>
      <trkpt lat="49.208045" lon="15.162991">
      </trkpt>
      <trkpt lat="49.208152" lon="15.164488">
      </trkpt>
      <trkpt lat="49.201347" lon="15.169923">
      </trkpt>
      <trkpt lat="49.200235" lon="15.169537">
      </trkpt>
      <trkpt lat="49.199731" lon="15.169493">
      </trkpt>
      <trkpt lat="49.197" lon="15.169238">
      </trkpt>
      <trkpt lat="49.192428" lon="15.167519">
      </trkpt>
      <trkpt lat="49.192142" lon="15.167379">
      </trkpt>
      <trkpt lat="49.191289" lon="15.167669">
      </trkpt>
      <trkpt lat="49.191141" lon="15.167733">
      </trkpt>
      <trkpt lat="49.190414" lon="15.168647">
      </trkpt>
      <trkpt lat="49.190219" lon="15.169005">
      </trkpt>
      <trkpt lat="49.190096" lon="15.169334">
      </trkpt>
      <trkpt lat="49.190021" lon="15.169592">
      </trkpt>
      <trkpt lat="49.190237" lon="15.170178">
      </trkpt>
      <trkpt lat="49.190559" lon="15.170612">
      </trkpt>
      <trkpt lat="49.192138" lon="15.172288">
      </trkpt>
      <trkpt lat="49.192353" lon="15.172512">
      </trkpt>
      <trkpt lat="49.194091" lon="15.174352">
      </trkpt>
      <trkpt lat="49.19689" lon="15.176616">
      </trkpt>
      <trkpt lat="49.191508" lon="15.18365">
      </trkpt>
      <trkpt lat="49.187953" lon="15.183083">
      </trkpt>
      <trkpt lat="49.187814" lon="15.183959">
      </trkpt>
      <trkpt lat="49.187646" lon="15.185315">
      </trkpt>
      <trkpt lat="49.187074" lon="15.188223">
      </trkpt>
      <trkpt lat="49.186901" lon="15.189016">
      </trkpt>
      <trkpt lat="49.186944" lon="15.190621">
      </trkpt>
      <trkpt lat="49.187086" lon="15.191456">
      </trkpt>
      <trkpt lat="49.186682" lon="15.196271">
      </trkpt>
      <trkpt lat="49.186552" lon="15.197053">
      </trkpt>
      <trkpt lat="49.18654" lon="15.197463">
      </trkpt>
      <trkpt lat="49.186707" lon="15.198275">
      </trkpt>
      <trkpt lat="49.181417" lon="15.204022">
      </trkpt>
      <trkpt lat="49.178754" lon="15.202631">
      </trkpt>
      <trkpt lat="49.175993" lon="15.200625">
      </trkpt>
      <trkpt lat="49.175631" lon="15.20041">
      </trkpt>
      <trkpt lat="49.174725" lon="15.200044">
      </trkpt>
      <trkpt lat="49.174003" lon="15.199967">
      </trkpt>
      <trkpt lat="49.16689" lon="15.199097">
      </trkpt>
      <trkpt lat="49.166235" lon="15.198993">
      </trkpt>
      <trkpt lat="49.164625" lon="15.199191">
      </trkpt>
      <trkpt lat="49.15689" lon="15.196002">
      </trkpt>
      <trkpt lat="49.155949" lon="15.195395">
      </trkpt>
      <trkpt lat="49.153768" lon="15.193939">
      </trkpt>
      <trkpt lat="49.151629" lon="15.196835">
      </trkpt>
      <trkpt lat="49.151136" lon="15.203465">
      </trkpt>
      <trkpt lat="49.151121" lon="15.204697">
      </trkpt>
      <trkpt lat="49.156424" lon="15.207825">
      </trkpt>
      <trkpt lat="49.157917" lon="15.20866">
      </trkpt>
      <trkpt lat="49.159235" lon="15.209396">
      </trkpt>
      <trkpt lat="49.159552" lon="15.217696">
      </trkpt>
      <trkpt lat="49.158572" lon="15.218627">
      </trkpt>
      <trkpt lat="49.158246" lon="15.219021">
      </trkpt>
      <trkpt lat="49.160644" lon="15.221571">
      </trkpt>
      <trkpt lat="49.164049" lon="15.227274">
      </trkpt>
      <trkpt lat="49.164367" lon="15.229936">
      </trkpt>
      <trkpt lat="49.16457" lon="15.2316">
      </trkpt>
      <trkpt lat="49.164655" lon="15.233294">
      </trkpt>
      <trkpt lat="49.158742" lon="15.238039">
      </trkpt>
      <trkpt lat="49.155559" lon="15.236356">
      </trkpt>
      <trkpt lat="49.150596" lon="15.237021">
      </trkpt>
      <trkpt lat="49.150609" lon="15.237728">
      </trkpt>
      <trkpt lat="49.150702" lon="15.238708">
      </trkpt>
      <trkpt lat="49.150908" lon="15.240449">
      </trkpt>
      <trkpt lat="49.151121" lon="15.241969">
      </trkpt>
      <trkpt lat="49.149549" lon="15.249468">
      </trkpt>
      <trkpt lat="49.149222" lon="15.250354">
      </trkpt>
      <trkpt lat="49.148953" lon="15.252638">
      </trkpt>
      <trkpt lat="49.148684" lon="15.254922">
      </trkpt>
      <trkpt lat="49.152259" lon="15.255344">
      </trkpt>
      <trkpt lat="49.155716" lon="15.254357">
      </trkpt>
      <trkpt lat="49.159043" lon="15.252981">
      </trkpt>
      <trkpt lat="49.160032" lon="15.252571">
      </trkpt>
      <trkpt lat="49.168573" lon="15.255277">
      </trkpt>
      <trkpt lat="49.168736" lon="15.255697">
      </trkpt>
      <trkpt lat="49.16928" lon="15.257062">
      </trkpt>
      <trkpt lat="49.169932" lon="15.258735">
      </trkpt>
      <trkpt lat="49.170565" lon="15.264355">
      </trkpt>
      <trkpt lat="49.171697" lon="15.265837">
      </trkpt>
      <trkpt lat="49.172655" lon="15.272836">
      </trkpt>
      <trkpt lat="49.168661" lon="15.275877">
      </trkpt>
      <trkpt lat="49.163538" lon="15.275232">
      </trkpt>
      <trkpt lat="49.162544" lon="15.275155">
      </trkpt>
      <trkpt lat="49.161896" lon="15.275302">
      </trkpt>
      <trkpt lat="49.161282" lon="15.275529">
      </trkpt>
      <trkpt lat="49.159688" lon="15.276315">
      </trkpt>
      <trkpt lat="49.159344" lon="15.276596">
      </trkpt>
      <trkpt lat="49.159014" lon="15.276946">
      </trkpt>
      <trkpt lat="49.156641" lon="15.278858">
      </trkpt>
      <trkpt lat="49.156109" lon="15.280172">
      </trkpt>
      <trkpt lat="49.15012" lon="15.283088">
      </trkpt>
      <trkpt lat="49.146181" lon="15.277682">
      </trkpt>
      <trkpt lat="49.146274" lon="15.276732">
      </trkpt>
      <trkpt lat="49.142326" lon="15.275689">
      </trkpt>
      <trkpt lat="49.138726" lon="15.275727">
      </trkpt>
      <trkpt lat="49.135206" lon="15.281533">
      </trkpt>
      <trkpt lat="49.133394" lon="15.283124">
      </trkpt>
      <trkpt lat="49.133171" lon="15.283468">
      </trkpt>
      <trkpt lat="49.132995" lon="15.283822">
      </trkpt>
      <trkpt lat="49.132774" lon="15.284363">
      </trkpt>
      <trkpt lat="49.132382" lon="15.285596">
      </trkpt>
      <trkpt lat="49.132814" lon="15.29448">
      </trkpt>
      <trkpt lat="49.133261" lon="15.295144">
      </trkpt>
      <trkpt lat="49.135157" lon="15.298778">
      </trkpt>
      <trkpt lat="49.135359" lon="15.299825">
      </trkpt>
      <trkpt lat="49.130049" lon="15.306299">
      </trkpt>
      <trkpt lat="49.128433" lon="15.308535">
      </trkpt>
      <trkpt lat="49.127197" lon="15.31063">
      </trkpt>
      <trkpt lat="49.124842" lon="15.313446">
      </trkpt>
      <trkpt lat="49.116729" lon="15.316729">
      </trkpt>
      <trkpt lat="49.113932" lon="15.318996">
      </trkpt>
      <trkpt lat="49.114205" lon="15.321029">
      </trkpt>
      <trkpt lat="49.114301" lon="15.321747">
      </trkpt>
      <trkpt lat="49.115869" lon="15.323305">
      </trkpt>
      <trkpt lat="49.116575" lon="15.323567">
      </trkpt>
      <trkpt lat="49.120865" lon="15.330684">
      </trkpt>
      <trkpt lat="49.119727" lon="15.333063">
      </trkpt>
      <trkpt lat="49.119202" lon="15.334997">
      </trkpt>
      <trkpt lat="49.119098" lon="15.335244">
      </trkpt>
      <trkpt lat="49.119237" lon="15.338158">
      </trkpt>
      <trkpt lat="49.112857" lon="15.342155">
      </trkpt>
      <trkpt lat="49.109648" lon="15.33827">
      </trkpt>
      <trkpt lat="49.108814" lon="15.333955">
      </trkpt>
      <trkpt lat="49.108844" lon="15.333738">
      </trkpt>
      <trkpt lat="49.105913" lon="15.330783">
      </trkpt>
      <trkpt lat="49.103074" lon="15.328772">
      </trkpt>
      <trkpt lat="49.099929" lon="15.330524">
      </trkpt>
      <trkpt lat="49.101463" lon="15.333277">
      </trkpt>
      <trkpt lat="49.102401" lon="15.339715">
      </trkpt>
      <trkpt lat="49.105511" lon="15.341529">
      </trkpt>
      <trkpt lat="49.106462" lon="15.349237">
      </trkpt>
      <trkpt lat="49.104284" lon="15.352103">
      </trkpt>
      <trkpt lat="49.095528" lon="15.350327">
      </trkpt>
      <trkpt lat="49.092674" lon="15.347327">
      </trkpt>
      <trkpt lat="49.090119" lon="15.344791">
      </trkpt>
      <trkpt lat="49.087852" lon="15.336778">
      </trkpt>
      <trkpt lat="49.088917" lon="15.334958">
      </trkpt>
      <trkpt lat="49.089209" lon="15.334529">
      </trkpt>
      <trkpt lat="49.089605" lon="15.333574">
      </trkpt>
      <trkpt lat="49.090229" lon="15.331996">
      </trkpt>
      <trkpt lat="49.088903" lon="15.327641">
      </trkpt>
      <trkpt lat="49.089469" lon="15.325709">
      </trkpt>
      <trkpt lat="49.089994" lon="15.323902">
      </trkpt>
      <trkpt lat="49.090929" lon="15.320719">
      </trkpt>
      <trkpt lat="49.09093" lon="15.320686">
      </trkpt>
      <trkpt lat="49.089129" lon="15.318863">
      </trkpt>
      <trkpt lat="49.089061" lon="15.318863">
      </trkpt>
      <trkpt lat="49.087331" lon="15.320573">
      </trkpt>
      <trkpt lat="49.086624" lon="15.322637">
      </trkpt>
      <trkpt lat="49.086015" lon="15.324695">
      </trkpt>
      <trkpt lat="49.085448" lon="15.326628">
      </trkpt>
      <trkpt lat="49.08523" lon="15.327437">
      </trkpt>
      <trkpt lat="49.085136" lon="15.328173">
      </trkpt>
      <trkpt lat="49.084948" lon="15.329972">
      </trkpt>
      <trkpt lat="49.084806" lon="15.332716">
      </trkpt>
      <trkpt lat="49.08429" lon="15.336259">
      </trkpt>
      <trkpt lat="49.083774" lon="15.339798">
      </trkpt>
      <trkpt lat="49.079104" lon="15.346381">
      </trkpt>
      <trkpt lat="49.078882" lon="15.348572">
      </trkpt>
      <trkpt lat="49.079862" lon="15.350961">
      </trkpt>
      <trkpt lat="49.080163" lon="15.351781">
      </trkpt>
      <trkpt lat="49.080701" lon="15.352728">
      </trkpt>
      <trkpt lat="49.081214" lon="15.353419">
      </trkpt>
      <trkpt lat="49.082437" lon="15.354442">
      </trkpt>
      <trkpt lat="49.086629" lon="15.361303">
      </trkpt>
      <trkpt lat="49.086542" lon="15.365352">
      </trkpt>
      <trkpt lat="49.085969" lon="15.367537">
      </trkpt>
      <trkpt lat="49.085799" lon="15.368246">
      </trkpt>
      <trkpt lat="49.084579" lon="15.371384">
      </trkpt>
      <trkpt lat="49.084421" lon="15.371754">
      </trkpt>
      <trkpt lat="49.08336" lon="15.375206">
      </trkpt>
      <trkpt lat="49.082352" lon="15.378507">
      </trkpt>
      <trkpt lat="49.081999" lon="15.379702">
      </trkpt>
      <trkpt lat="49.081835" lon="15.38036">
      </trkpt>
      <trkpt lat="49.081709" lon="15.381104">
      </trkpt>
      <trkpt lat="49.080732" lon="15.384075">
      </trkpt>
      <trkpt lat="49.080551" lon="15.386175">
      </trkpt>
      <trkpt lat="49.077817" lon="15.391313">
      </trkpt>
      <trkpt lat="49.071376" lon="15.387757">
      </trkpt>
      <trkpt lat="49.071275" lon="15.387353">
      </trkpt>
      <trkpt lat="49.071102" lon="15.3868">
      </trkpt>
      <trkpt lat="49.070903" lon="15.386294">
      </trkpt>
      <trkpt lat="49.070539" lon="15.385481">
      </trkpt>
      <trkpt lat="49.070206" lon="15.384713">
      </trkpt>
      <trkpt lat="49.070136" lon="15.384519">
      </trkpt>
      <trkpt lat="49.069939" lon="15.383847">
      </trkpt>
      <trkpt lat="49.071485" lon="15.377318">
      </trkpt>
      <trkpt lat="49.070906" lon="15.375607">
      </trkpt>
      <trkpt lat="49.070328" lon="15.373897">
      </trkpt>
      <trkpt lat="49.070092" lon="15.373377">
      </trkpt>
      <trkpt lat="49.069548" lon="15.365256">
      </trkpt>
      <trkpt lat="49.068891" lon="15.362742">
      </trkpt>
      <trkpt lat="49.068652" lon="15.360914">
      </trkpt>
      <trkpt lat="49.06916" lon="15.357071">
      </trkpt>
      <trkpt lat="49.069683" lon="15.353024">
      </trkpt>
      <trkpt lat="49.069695" lon="15.352161">
      </trkpt>
      <trkpt lat="49.069563" lon="15.349077">
      </trkpt>
      <trkpt lat="49.069402" lon="15.345738">
      </trkpt>
      <trkpt lat="49.06928" lon="15.344831">
      </trkpt>
      <trkpt lat="49.068729" lon="15.344142">
      </trkpt>
      <trkpt lat="49.065694" lon="15.345151">
      </trkpt>
      <trkpt lat="49.065745" lon="15.345723">
      </trkpt>
      <trkpt lat="49.065821" lon="15.346265">
      </trkpt>
      <trkpt lat="49.065966" lon="15.349231">
      </trkpt>
      <trkpt lat="49.066098" lon="15.352314">
      </trkpt>
      <trkpt lat="49.066083" lon="15.352959">
      </trkpt>
      <trkpt lat="49.062171" lon="15.360945">
      </trkpt>
      <trkpt lat="49.058823" lon="15.362268">
      </trkpt>
      <trkpt lat="49.053497" lon="15.368158">
      </trkpt>
      <trkpt lat="49.052082" lon="15.369487">
      </trkpt>
      <trkpt lat="49.045153" lon="15.372086">
      </trkpt>
      <trkpt lat="49.04085" lon="15.369441">
      </trkpt>
      <trkpt lat="49.040123" lon="15.368475">
      </trkpt>
      <trkpt lat="49.040084" lon="15.368427">
      </trkpt>
      <trkpt lat="49.037586" lon="15.367923">
      </trkpt>
      <trkpt lat="49.035933" lon="15.368865">
      </trkpt>
      <trkpt lat="49.034636" lon="15.370886">
      </trkpt>
      <trkpt lat="49.033587" lon="15.375596">
      </trkpt>
      <trkpt lat="49.033566" lon="15.376229">
      </trkpt>
      <trkpt lat="49.033859" lon="15.378382">
      </trkpt>
      <trkpt lat="49.037426" lon="15.377896">
      </trkpt>
      <trkpt lat="49.04258" lon="15.379068">
      </trkpt>
      <trkpt lat="49.043767" lon="15.379613">
      </trkpt>
      <trkpt lat="49.047418" lon="15.381169">
      </trkpt>
      <trkpt lat="49.049635" lon="15.381807">
      </trkpt>
      <trkpt lat="49.049872" lon="15.381899">
      </trkpt>
      <trkpt lat="49.052452" lon="15.383209">
      </trkpt>
      <trkpt lat="49.054738" lon="15.386022">
      </trkpt>
      <trkpt lat="49.055106" lon="15.386994">
      </trkpt>
      <trkpt lat="49.055317" lon="15.387501">
      </trkpt>
      <trkpt lat="49.055574" lon="15.388017">
      </trkpt>
      <trkpt lat="49.053532" lon="15.395089">
      </trkpt>
      <trkpt lat="49.048861" lon="15.394894">
      </trkpt>
      <trkpt lat="49.048437" lon="15.394689">
      </trkpt>
      <trkpt lat="49.048061" lon="15.394551">
      </trkpt>
      <trkpt lat="49.046035" lon="15.393956">
      </trkpt>
      <trkpt lat="49.044666" lon="15.393284">
      </trkpt>
      <trkpt lat="49.042996" lon="15.395208">
      </trkpt>
      <trkpt lat="49.042854" lon="15.396394">
      </trkpt>
      <trkpt lat="49.043498" lon="15.396769">
      </trkpt>
      <trkpt lat="49.043983" lon="15.397015">
      </trkpt>
      <trkpt lat="49.044156" lon="15.397101">
      </trkpt>
      <trkpt lat="49.044869" lon="15.397362">
      </trkpt>
      <trkpt lat="49.048991" lon="15.399165">
      </trkpt>
      <trkpt lat="49.049791" lon="15.399553">
      </trkpt>
      <trkpt lat="49.053753" lon="15.407416">
      </trkpt>
      <trkpt lat="49.05347" lon="15.410169">
      </trkpt>
      <trkpt lat="49.053146" lon="15.412823">
      </trkpt>
      <trkpt lat="49.053028" lon="15.413478">
      </trkpt>
      <trkpt lat="49.053265" lon="15.414257">
      </trkpt>
      <trkpt lat="49.053942" lon="15.414629">
      </trkpt>
      <trkpt lat="49.054847" lon="15.415163">
      </trkpt>
      <trkpt lat="49.056462" lon="15.416128">
      </trkpt>
      <trkpt lat="49.059738" lon="15.418735">
      </trkpt>
      <trkpt lat="49.060877" lon="15.418622">
      </trkpt>
      <trkpt lat="49.066511" lon="15.420018">
      </trkpt>
      <trkpt lat="49.067513" lon="15.420747">
      </trkpt>
      <trkpt lat="49.06818" lon="15.421271">
      </trkpt>
      <trkpt lat="49.070854" lon="15.429731">
      </trkpt>
      <trkpt lat="49.070777" lon="15.430197">
      </trkpt>
      <trkpt lat="49.063682" lon="15.435286">
      </trkpt>
      <trkpt lat="49.062538" lon="15.434981">
      </trkpt>
      <trkpt lat="49.056536" lon="15.43692">
      </trkpt>
      <trkpt lat="49.055931" lon="15.4372">
      </trkpt>
      <trkpt lat="49.048364" lon="15.438082">
      </trkpt>
      <trkpt lat="49.046972" lon="15.437851">
      </trkpt>
      <trkpt lat="49.046105" lon="15.437811">
      </trkpt>
      <trkpt lat="49.037548" lon="15.435896">
      </trkpt>
      <trkpt lat="49.033951" lon="15.435748">
      </trkpt>
      <trkpt lat="49.029503" lon="15.443343">
      </trkpt>
      <trkpt lat="49.026426" lon="15.444829">
      </trkpt>
      <trkpt lat="49.026079" lon="15.445153">
      </trkpt>
      <trkpt lat="49.028537" lon="15.447783">
      </trkpt>
      <trkpt lat="49.034681" lon="15.451942">
      </trkpt>
      <trkpt lat="49.038234" lon="15.451361">
      </trkpt>
      <trkpt lat="49.04202" lon="15.445279">
      </trkpt>
      <trkpt lat="49.042435" lon="15.444905">
      </trkpt>
      <trkpt lat="49.043688" lon="15.443375">
      </trkpt>
      <trkpt lat="49.051754" lon="15.444236">
      </trkpt>
      <trkpt lat="49.052427" lon="15.444702">
      </trkpt>
      <trkpt lat="49.053093" lon="15.44486">
      </trkpt>
      <trkpt lat="49.054129" lon="15.444635">
      </trkpt>
      <trkpt lat="49.054664" lon="15.444232">
      </trkpt>
      <trkpt lat="49.061123" lon="15.440861">
      </trkpt>
      <trkpt lat="49.064925" lon="15.439052">
      </trkpt>
      <trkpt lat="49.070512" lon="15.443396">
      </trkpt>
      <trkpt lat="49.070482" lon="15.451693">
      </trkpt>
      <trkpt lat="49.069609" lon="15.452585">
      </trkpt>
      <trkpt lat="49.068816" lon="15.453564">
      </trkpt>
      <trkpt lat="49.067929" lon="15.454605">
      </trkpt>
      <trkpt lat="49.067171" lon="15.455461">
      </trkpt>
      <trkpt lat="49.066376" lon="15.45644">
      </trkpt>
      <trkpt lat="49.064822" lon="15.458773">
      </trkpt>
      <trkpt lat="49.063185" lon="15.461246">
      </trkpt>
      <trkpt lat="49.058737" lon="15.463874">
      </trkpt>
      <trkpt lat="49.050886" lon="15.460883">
      </trkpt>
      <trkpt lat="49.049494" lon="15.46115">
      </trkpt>
      <trkpt lat="49.047452" lon="15.464084">
      </trkpt>
      <trkpt lat="49.045355" lon="15.465509">
      </trkpt>
      <trkpt lat="49.044437" lon="15.466005">
      </trkpt>
      <trkpt lat="49.043622" lon="15.466569">
      </trkpt>
      <trkpt lat="49.043013" lon="15.467179">
      </trkpt>
      <trkpt lat="49.042573" lon="15.467761">
      </trkpt>
      <trkpt lat="49.042275" lon="15.468246">
      </trkpt>
      <trkpt lat="49.04116" lon="15.470594">
      </trkpt>
      <trkpt lat="49.035898" lon="15.473934">
      </trkpt>
      <trkpt lat="49.028936" lon="15.470849">
      </trkpt>
      <trkpt lat="49.026262" lon="15.470009">
      </trkpt>
      <trkpt lat="49.025386" lon="15.470251">
      </trkpt>
      <trkpt lat="49.024608" lon="15.47107">
      </trkpt>
      <trkpt lat="49.024069" lon="15.472864">
      </trkpt>
      <trkpt lat="49.027118" lon="15.477101">
      </trkpt>
      <trkpt lat="49.027657" lon="15.477771">
      </trkpt>
      <trkpt lat="49.031044" lon="15.478991">
      </trkpt>
      <trkpt lat="49.033951" lon="15.478321">
      </trkpt>
      <trkpt lat="49.034864" lon="15.47816">
      </trkpt>
      <trkpt lat="49.037692" lon="15.478031">
      </trkpt>
      <trkpt lat="49.038367" lon="15.478071">
      </trkpt>
      <trkpt lat="49.038886" lon="15.477998">
      </trkpt>
      <trkpt lat="49.039376" lon="15.477856">
      </trkpt>
      <trkpt lat="49.039884" lon="15.477607">
      </trkpt>
      <trkpt lat="49.046276" lon="15.478362">
      </trkpt>
      <trkpt lat="49.052343" lon="15.483692">
      </trkpt>
      <trkpt lat="49.050948" lon="15.486101">
      </trkpt>
      <trkpt lat="49.04987" lon="15.487141">
      </trkpt>
      <trkpt lat="49.044934" lon="15.488556">
      </trkpt>
      <trkpt lat="49.041434" lon="15.488105">
      </trkpt>
      <trkpt lat="49.040951" lon="15.48865">
      </trkpt>
      <trkpt lat="49.040703" lon="15.488967">
      </trkpt>
      <trkpt lat="49.04001" lon="15.490035">
      </trkpt>
      <trkpt lat="49.039612" lon="15.490646">
      </trkpt>
      <trkpt lat="49.039355" lon="15.491297">
      </trkpt>
      <trkpt lat="49.038997" lon="15.492891">
      </trkpt>
      <trkpt lat="49.033714" lon="15.499365">
      </trkpt>
      <trkpt lat="49.029857" lon="15.500699">
      </trkpt>
      <trkpt lat="49.027816" lon="15.503664">
      </trkpt>
      <trkpt lat="49.029409" lon="15.504761">
      </trkpt>
      <trkpt lat="49.032512" lon="15.507712">
      </trkpt>
      <trkpt lat="49.033254" lon="15.507833">
      </trkpt>
      <trkpt lat="49.033926" lon="15.507737">
      </trkpt>
      <trkpt lat="49.035065" lon="15.506755">
      </trkpt>
      <trkpt lat="49.035201" lon="15.5065">
      </trkpt>
      <trkpt lat="49.039421" lon="15.500654">
      </trkpt>
      <trkpt lat="49.041417" lon="15.499744">
      </trkpt>
      <trkpt lat="49.043376" lon="15.498854">
      </trkpt>
      <trkpt lat="49.047249" lon="15.497555">
      </trkpt>
      <trkpt lat="49.055878" lon="15.498621">
      </trkpt>
      <trkpt lat="49.058988" lon="15.500435">
      </trkpt>
      <trkpt lat="49.060066" lon="15.498107">
      </trkpt>
      <trkpt lat="49.068633" lon="15.496919">
      </trkpt>
      <trkpt lat="49.070663" lon="15.499714">
      </trkpt>
      <trkpt lat="49.071422" lon="15.505444">
      </trkpt>
      <trkpt lat="49.071465" lon="15.508207">
      </trkpt>
      <trkpt lat="49.07153" lon="15.511503">
      </trkpt>
      <trkpt lat="49.066944" lon="15.51674">
      </trkpt>
      <trkpt lat="49.060713" lon="15.516188">
      </trkpt>
      <trkpt lat="49.06008" lon="15.515884">
      </trkpt>
      <trkpt lat="49.058968" lon="15.515733">
      </trkpt>
      <trkpt lat="49.058035" lon="15.516022">
      </trkpt>
      <trkpt lat="49.055621" lon="15.517509">
      </trkpt>
      <trkpt lat="49.049091" lon="15.517399">
      </trkpt>
      <trkpt lat="49.047565" lon="15.516545">
      </trkpt>
      <trkpt lat="49.042493" lon="15.519626">
      </trkpt>
      <trkpt lat="49.040522" lon="15.522638">
      </trkpt>
      <trkpt lat="49.044848" lon="15.529977">
      </trkpt>
      <trkpt lat="49.044027" lon="15.533539">
      </trkpt>
      <trkpt lat="49.044155" lon="15.535458">
      </trkpt>
      <trkpt lat="49.047755" lon="15.535482">
      </trkpt>
      <trkpt lat="49.047784" lon="15.53547">
      </trkpt>
      <trkpt lat="49.047909" lon="15.534961">
      </trkpt>
      <trkpt lat="49.047919" lon="15.534103">
      </trkpt>
      <trkpt lat="49.048316" lon="15.53094">
      </trkpt>
      <trkpt lat="49.050474" lon="15.527016">
      </trkpt>
      <trkpt lat="49.054934" lon="15.522148">
      </trkpt>
      <trkpt lat="49.060825" lon="15.521374">
      </trkpt>
      <trkpt lat="49.064122" lon="15.521083">
      </trkpt>
      <trkpt lat="49.065051" lon="15.521114">
      </trkpt>
      <trkpt lat="49.072095" lon="15.52519">
      </trkpt>
      <trkpt lat="49.068697" lon="15.53072">
      </trkpt>
      <trkpt lat="49.067987" lon="15.530936">
      </trkpt>
      <trkpt lat="49.066893" lon="15.531548">
      </trkpt>
      <trkpt lat="49.066739" lon="15.533903">
      </trkpt>
      <trkpt lat="49.072641" lon="15.536951">
      </trkpt>
      <trkpt lat="49.07855" lon="15.543063">
      </trkpt>
      <trkpt lat="49.078955" lon="15.545064">
      </trkpt>
      <trkpt lat="49.078815" lon="15.553021">
      </trkpt>
      <trkpt lat="49.078754" lon="15.553644">
      </trkpt>
      <trkpt lat="49.078496" lon="15.557194">
      </trkpt>
      <trkpt lat="49.078672" lon="15.557384">
      </trkpt>
      <trkpt lat="49.079118" lon="15.55775">
      </trkpt>
      <trkpt lat="49.079811" lon="15.557924">
      </trkpt>
      <trkpt lat="49.084679" lon="15.561763">
      </trkpt>
      <trkpt lat="49.086015" lon="15.564392">
      </trkpt>
      <trkpt lat="49.087356" lon="15.567009">
      </trkpt>
      <trkpt lat="49.087492" lon="15.57102">
      </trkpt>
      <trkpt lat="49.078932" lon="15.573022">
      </trkpt>
      <trkpt lat="49.078471" lon="15.572369">
      </trkpt>
      <trkpt lat="49.077703" lon="15.571858">
      </trkpt>
      <trkpt lat="49.076768" lon="15.571714">
      </trkpt>
      <trkpt lat="49.076261" lon="15.571805">
      </trkpt>
      <trkpt lat="49.073118" lon="15.572829">
      </trkpt>
      <trkpt lat="49.065695" lon="15.572384">
      </trkpt>
      <trkpt lat="49.060307" lon="15.567857">
      </trkpt>
      <trkpt lat="49.056719" lon="15.567567">
      </trkpt>
      <trkpt lat="49.04848" lon="15.568804">
      </trkpt>
      <trkpt lat="49.047539" lon="15.567882">
      </trkpt>
      <trkpt lat="49.045718" lon="15.561406">
      </trkpt>
      <trkpt lat="49.050992" lon="15.558957">
      </trkpt>
      <trkpt lat="49.051053" lon="15.558938">
      </trkpt>
      <trkpt lat="49.05111" lon="15.558891">
      </trkpt>
      <trkpt lat="49.051077" lon="15.558567">
      </trkpt>
      <trkpt lat="49.051035" lon="15.558394">
      </trkpt>
      <trkpt lat="49.050748" lon="15.556884">
      </trkpt>
      <trkpt lat="49.050545" lon="15.553041">
      </trkpt>
      <trkpt lat="49.047057" lon="15.554867">
      </trkpt>
      <trkpt lat="49.042897" lon="15.559169">
      </trkpt>
      <trkpt lat="49.038274" lon="15.557457">
      </trkpt>
      <trkpt lat="49.034715" lon="15.556916">
      </trkpt>
      <trkpt lat="49.029277" lon="15.554973">
      </trkpt>
      <trkpt lat="49.027918" lon="15.554033">
      </trkpt>
      <trkpt lat="49.027592" lon="15.553995">
      </trkpt>
      <trkpt lat="49.020605" lon="15.548438">
      </trkpt>
      <trkpt lat="49.020459" lon="15.547002">
      </trkpt>
      <trkpt lat="49.020075" lon="15.54398">
      </trkpt>
      <trkpt lat="49.019733" lon="15.540948">
      </trkpt>
      <trkpt lat="49.019586" lon="15.539327">
      </trkpt>
      <trkpt lat="49.01928" lon="15.53577">
      </trkpt>
      <trkpt lat="49.019394" lon="15.534555">
      </trkpt>
      <trkpt lat="49.020012" lon="15.530777">
      </trkpt>
      <trkpt lat="49.020491" lon="15.529076">
      </trkpt>
      <trkpt lat="49.020835" lon="15.527787">
      </trkpt>
      <trkpt lat="49.020866" lon="15.527369">
      </trkpt>
      <trkpt lat="49.020889" lon="15.52614">
      </trkpt>
      <trkpt lat="49.020919" lon="15.524193">
      </trkpt>
      <trkpt lat="49.020948" lon="15.522246">
      </trkpt>
      <trkpt lat="49.017349" lon="15.522192">
      </trkpt>
      <trkpt lat="49.017319" lon="15.524138">
      </trkpt>
      <trkpt lat="49.017289" lon="15.526085">
      </trkpt>
      <trkpt lat="49.015795" lon="15.530991">
      </trkpt>
      <trkpt lat="49.015504" lon="15.531437">
      </trkpt>
      <trkpt lat="49.008079" lon="15.535839">
      </trkpt>
      <trkpt lat="49.006417" lon="15.535238">
      </trkpt>
      <trkpt lat="49.006051" lon="15.535334">
      </trkpt>
      <trkpt lat="49.004633" lon="15.536879">
      </trkpt>
      <trkpt lat="49.004821" lon="15.538635">
      </trkpt>
      <trkpt lat="49.005194" lon="15.539881">
      </trkpt>
      <trkpt lat="49.005431" lon="15.540498">
      </trkpt>
      <trkpt lat="49.005926" lon="15.541432">
      </trkpt>
      <trkpt lat="49.007879" lon="15.545165">
      </trkpt>
      <trkpt lat="49.00871" lon="15.5471">
      </trkpt>
      <trkpt lat="49.009296" lon="15.554406">
      </trkpt>
      <trkpt lat="49.008807" lon="15.556874">
      </trkpt>
      <trkpt lat="49.008318" lon="15.559342">
      </trkpt>
      <trkpt lat="49.008449" lon="15.567581">
      </trkpt>
      <trkpt lat="49.005599" lon="15.571827">
      </trkpt>
      <trkpt lat="49.004429" lon="15.572955">
      </trkpt>
      <trkpt lat="49.006926" lon="15.575548">
      </trkpt>
      <trkpt lat="49.007089" lon="15.581922">
      </trkpt>
      <trkpt lat="49.009881" lon="15.589247">
      </trkpt>
      <trkpt lat="49.008797" lon="15.591686">
      </trkpt>
      <trkpt lat="49.012087" lon="15.593148">
      </trkpt>
      <trkpt lat="49.017835" lon="15.594887">
      </trkpt>
      <trkpt lat="49.020784" lon="15.60218">
      </trkpt>
      <trkpt lat="49.020665" lon="15.603837">
      </trkpt>
      <trkpt lat="49.021834" lon="15.607293">
      </trkpt>
      <trkpt lat="49.023092" lon="15.611857">
      </trkpt>
      <trkpt lat="49.023009" lon="15.61923">
      </trkpt>
      <trkpt lat="49.023006" lon="15.619561">
      </trkpt>
      <trkpt lat="49.02291" lon="15.621513">
      </trkpt>
      <trkpt lat="49.022812" lon="15.623548">
      </trkpt>
      <trkpt lat="49.022682" lon="15.626093">
      </trkpt>
      <trkpt lat="49.022551" lon="15.628643">
      </trkpt>
      <trkpt lat="49.016234" lon="15.632659">
      </trkpt>
      <trkpt lat="49.012819" lon="15.63152">
      </trkpt>
      <trkpt lat="49.007217" lon="15.637151">
      </trkpt>
      <trkpt lat="49.00191" lon="15.644218">
      </trkpt>
      <trkpt lat="49.000513" lon="15.644333">
      </trkpt>
      <trkpt lat="48.999512" lon="15.644987">
      </trkpt>
      <trkpt lat="48.997105" lon="15.647463">
      </trkpt>
      <trkpt lat="48.997044" lon="15.649802">
      </trkpt>
      <trkpt lat="48.998121" lon="15.650194">
      </trkpt>
      <trkpt lat="49.00481" lon="15.653604">
      </trkpt>
      <trkpt lat="49.0082" lon="15.654816">
      </trkpt>
      <trkpt lat="49.009989" lon="15.651969">
      </trkpt>
      <trkpt lat="49.017129" lon="15.65113">
      </trkpt>
      <trkpt lat="49.019394" lon="15.6542">
      </trkpt>
      <trkpt lat="49.017362" lon="15.661467">
      </trkpt>
      <trkpt lat="49.016198" lon="15.663293">
      </trkpt>
      <trkpt lat="49.015115" lon="15.665303">
      </trkpt>
      <trkpt lat="49.01435" lon="15.670262">
      </trkpt>
      <trkpt lat="49.012915" lon="15.675068">
      </trkpt>
      <trkpt lat="49.011919" lon="15.682047">
      </trkpt>
      <trkpt lat="49.011028" lon="15.684695">
      </trkpt>
      <trkpt lat="49.010136" lon="15.687344">
      </trkpt>
      <trkpt lat="49.013548" lon="15.688492">
      </trkpt>
      <trkpt lat="49.020315" lon="15.694256">
      </trkpt>
      <trkpt lat="49.021208" lon="15.696993">
      </trkpt>
      <trkpt lat="49.021674" lon="15.698124">
      </trkpt>
      <trkpt lat="49.023019" lon="15.701205">
      </trkpt>
      <trkpt lat="49.021454" lon="15.709744">
      </trkpt>
      <trkpt lat="49.021019" lon="15.712505">
      </trkpt>
      <trkpt lat="49.019971" lon="15.714755">
      </trkpt>
      <trkpt lat="49.01901" lon="15.716564">
      </trkpt>
      <trkpt lat="49.016607" lon="15.719244">
      </trkpt>
      <trkpt lat="49.016926" lon="15.724518">
      </trkpt>
      <trkpt lat="49.008762" lon="15.726432">
      </trkpt>
      <trkpt lat="49.006527" lon="15.721361">
      </trkpt>
      <trkpt lat="49.006645" lon="15.719048">
      </trkpt>
      <trkpt lat="49.006453" lon="15.718176">
      </trkpt>
      <trkpt lat="49.006135" lon="15.715609">
      </trkpt>
      <trkpt lat="49.002536" lon="15.715676">
      </trkpt>
      <trkpt lat="48.999139" lon="15.717451">
      </trkpt>
      <trkpt lat="48.996142" lon="15.719445">
      </trkpt>
      <trkpt lat="48.997424" lon="15.721765">
      </trkpt>
      <trkpt lat="48.998268" lon="15.723452">
      </trkpt>
      <trkpt lat="48.998676" lon="15.724087">
      </trkpt>
      <trkpt lat="49.00001" lon="15.725739">
      </trkpt>
      <trkpt lat="49.003723" lon="15.730651">
      </trkpt>
      <trkpt lat="49.0057" lon="15.736329">
      </trkpt>
      <trkpt lat="49.006033" lon="15.739234">
      </trkpt>
      <trkpt lat="49.006936" lon="15.741909">
      </trkpt>
      <trkpt lat="49.007802" lon="15.744278">
      </trkpt>
      <trkpt lat="49.001781" lon="15.750025">
      </trkpt>
      <trkpt lat="49.000492" lon="15.7505">
      </trkpt>
      <trkpt lat="48.997575" lon="15.751386">
      </trkpt>
      <trkpt lat="48.997293" lon="15.754975">
      </trkpt>
      <trkpt lat="48.99732" lon="15.763917">
      </trkpt>
      <trkpt lat="48.997269" lon="15.764058">
      </trkpt>
      <trkpt lat="48.997665" lon="15.765995">
      </trkpt>
      <trkpt lat="48.99867" lon="15.766226">
      </trkpt>
      <trkpt lat="49.001083" lon="15.76668">
      </trkpt>
      <trkpt lat="49.003088" lon="15.767122">
      </trkpt>
      <trkpt lat="49.008163" lon="15.773617">
      </trkpt>
      <trkpt lat="49.008403" lon="15.774415">
      </trkpt>
      <trkpt lat="49.009057" lon="15.775196">
      </trkpt>
      <trkpt lat="49.00991" lon="15.775722">
      </trkpt>
      <trkpt lat="49.010368" lon="15.776022">
      </trkpt>
      <trkpt lat="49.012185" lon="15.781241">
      </trkpt>
      <trkpt lat="49.005963" lon="15.784281">
      </trkpt>
      <trkpt lat="49.002943" lon="15.783164">
      </trkpt>
      <trkpt lat="48.999922" lon="15.782047">
      </trkpt>
      <trkpt lat="48.998674" lon="15.785424">
      </trkpt>
      <trkpt lat="49.001694" lon="15.786541">
      </trkpt>
      <trkpt lat="49.003077" lon="15.794115">
      </trkpt>
      <trkpt lat="49.001803" lon="15.797482">
      </trkpt>
      <trkpt lat="48.999694" lon="15.80276">
      </trkpt>
      <trkpt lat="48.998066" lon="15.805971">
      </trkpt>
      <trkpt lat="49.002489" lon="15.8131">
      </trkpt>
      <trkpt lat="49.002523" lon="15.813851">
      </trkpt>
      <trkpt lat="49.002596" lon="15.814294">
      </trkpt>
      <trkpt lat="49.002771" lon="15.814775">
      </trkpt>
      <trkpt lat="49.003272" lon="15.815456">
      </trkpt>
      <trkpt lat="49.003989" lon="15.815879">
      </trkpt>
      <trkpt lat="49.007546" lon="15.817545">
      </trkpt>
      <trkpt lat="49.009908" lon="15.823157">
      </trkpt>
      <trkpt lat="49.004307" lon="15.83002">
      </trkpt>
      <trkpt lat="48.999061" lon="15.826532">
      </trkpt>
      <trkpt lat="48.998906" lon="15.826444">
      </trkpt>
      <trkpt lat="48.996716" lon="15.826765">
      </trkpt>
      <trkpt lat="48.994849" lon="15.82738">
      </trkpt>
      <trkpt lat="48.986903" lon="15.829227">
      </trkpt>
      <trkpt lat="48.985837" lon="15.832665">
      </trkpt>
      <trkpt lat="48.987869" lon="15.833295">
      </trkpt>
      <trkpt lat="48.989901" lon="15.833926">
      </trkpt>
      <trkpt lat="48.992807" lon="15.841387">
      </trkpt>
      <trkpt lat="48.991152" lon="15.843268">
      </trkpt>
      <trkpt lat="48.989949" lon="15.844755">
      </trkpt>
      <trkpt lat="48.988809" lon="15.847333">
      </trkpt>
      <trkpt lat="48.988629" lon="15.848117">
      </trkpt>
      <trkpt lat="48.987403" lon="15.85158">
      </trkpt>
      <trkpt lat="48.981579" lon="15.856914">
      </trkpt>
      <trkpt lat="48.979895" lon="15.857666">
      </trkpt>
      <trkpt lat="48.979434" lon="15.857897">
      </trkpt>
      <trkpt lat="48.978594" lon="15.858926">
      </trkpt>
      <trkpt lat="48.978436" lon="15.862845">
      </trkpt>
      <trkpt lat="48.977892" lon="15.868216">
      </trkpt>
      <trkpt lat="48.980308" lon="15.873694">
      </trkpt>
      <trkpt lat="48.976938" lon="15.881787">
      </trkpt>
      <trkpt lat="48.975884" lon="15.887089">
      </trkpt>
      <trkpt lat="48.974874" lon="15.889685">
      </trkpt>
      <trkpt lat="48.970843" lon="15.895394">
      </trkpt>
      <trkpt lat="48.970753" lon="15.895633">
      </trkpt>
      <trkpt lat="48.970732" lon="15.895695">
      </trkpt>
      <trkpt lat="48.970633" lon="15.896305">
      </trkpt>
      <trkpt lat="48.971264" lon="15.897188">
      </trkpt>
      <trkpt lat="48.973774" lon="15.897621">
      </trkpt>
      <trkpt lat="48.980638" lon="15.893341">
      </trkpt>
      <trkpt lat="48.986098" lon="15.892875">
      </trkpt>
      <trkpt lat="48.98964" lon="15.894196">
      </trkpt>
      <trkpt lat="48.996369" lon="15.89793">
      </trkpt>
      <trkpt lat="48.999936" lon="15.898413">
      </trkpt>
      <trkpt lat="49.006992" lon="15.900449">
      </trkpt>
      <trkpt lat="49.009596" lon="15.900641">
      </trkpt>
      <trkpt lat="49.0172" lon="15.900444">
      </trkpt>
      <trkpt lat="49.017561" lon="15.900113">
      </trkpt>
      <trkpt lat="49.020168" lon="15.897797">
      </trkpt>
      <trkpt lat="49.026673" lon="15.895387">
      </trkpt>
      <trkpt lat="49.029767" lon="15.893041">
      </trkpt>
      <trkpt lat="49.034559" lon="15.888053">
      </trkpt>
      <trkpt lat="49.03897" lon="15.886057">
      </trkpt>
      <trkpt lat="49.039695" lon="15.885749">
      </trkpt>
      <trkpt lat="49.0406" lon="15.88512">
      </trkpt>
      <trkpt lat="49.038806" lon="15.882526">
      </trkpt>
      <trkpt lat="49.038547" lon="15.882163">
      </trkpt>
      <trkpt lat="49.033341" lon="15.87542">
      </trkpt>
      <trkpt lat="49.032863" lon="15.874622">
      </trkpt>
      <trkpt lat="49.03101" lon="15.872409">
      </trkpt>
      <trkpt lat="49.029551" lon="15.870559">
      </trkpt>
      <trkpt lat="49.027635" lon="15.863263">
      </trkpt>
      <trkpt lat="49.026998" lon="15.860591">
      </trkpt>
      <trkpt lat="49.025834" lon="15.857959">
      </trkpt>
      <trkpt lat="49.024461" lon="15.855203">
      </trkpt>
      <trkpt lat="49.023219" lon="15.847454">
      </trkpt>
      <trkpt lat="49.024918" lon="15.845788">
      </trkpt>
      <trkpt lat="49.026616" lon="15.844123">
      </trkpt>
      <trkpt lat="49.028814" lon="15.841943">
      </trkpt>
      <trkpt lat="49.036662" lon="15.844655">
      </trkpt>
      <trkpt lat="49.037088" lon="15.845472">
      </trkpt>
      <trkpt lat="49.038002" lon="15.847283">
      </trkpt>
      <trkpt lat="49.038473" lon="15.848452">
      </trkpt>
      <trkpt lat="49.038717" lon="15.84894">
      </trkpt>
      <trkpt lat="49.03898" lon="15.849383">
      </trkpt>
      <trkpt lat="49.039664" lon="15.850349">
      </trkpt>
      <trkpt lat="49.039928" lon="15.850633">
      </trkpt>
      <trkpt lat="49.040873" lon="15.851803">
      </trkpt>
      <trkpt lat="49.041467" lon="15.852319">
      </trkpt>
      <trkpt lat="49.042384" lon="15.852885">
      </trkpt>
      <trkpt lat="49.042942" lon="15.853189">
      </trkpt>
      <trkpt lat="49.044539" lon="15.849963">
      </trkpt>
      <trkpt lat="49.041348" lon="15.845953">
      </trkpt>
      <trkpt lat="49.040738" lon="15.844502">
      </trkpt>
      <trkpt lat="49.03945" lon="15.841794">
      </trkpt>
      <trkpt lat="49.039273" lon="15.841275">
      </trkpt>
      <trkpt lat="49.038789" lon="15.836439">
      </trkpt>
      <trkpt lat="49.03831" lon="15.834245">
      </trkpt>
      <trkpt lat="49.038821" lon="15.827883">
      </trkpt>
      <trkpt lat="49.041334" lon="15.825464">
      </trkpt>
      <trkpt lat="49.045773" lon="15.823405">
      </trkpt>
      <trkpt lat="49.051209" lon="15.827903">
      </trkpt>
      <trkpt lat="49.053549" lon="15.830271">
      </trkpt>
      <trkpt lat="49.058526" lon="15.83417">
      </trkpt>
      <trkpt lat="49.059038" lon="15.834956">
      </trkpt>
      <trkpt lat="49.059507" lon="15.83545">
      </trkpt>
      <trkpt lat="49.060704" lon="15.836511">
      </trkpt>
      <trkpt lat="49.063617" lon="15.839774">
      </trkpt>
      <trkpt lat="49.065152" lon="15.848424">
      </trkpt>
      <trkpt lat="49.063847" lon="15.851385">
      </trkpt>
      <trkpt lat="49.062605" lon="15.854205">
      </trkpt>
      <trkpt lat="49.061362" lon="15.857026">
      </trkpt>
      <trkpt lat="49.064656" lon="15.858477">
      </trkpt>
      <trkpt lat="49.073047" lon="15.861431">
      </trkpt>
      <trkpt lat="49.072323" lon="15.865208">
      </trkpt>
      <trkpt lat="49.070964" lon="15.86663">
      </trkpt>
      <trkpt lat="49.067902" lon="15.868558">
      </trkpt>
      <trkpt lat="49.062361" lon="15.868594">
      </trkpt>
      <trkpt lat="49.061476" lon="15.868411">
      </trkpt>
      <trkpt lat="49.061401" lon="15.868413">
      </trkpt>
      <trkpt lat="49.059379" lon="15.868456">
      </trkpt>
      <trkpt lat="49.057047" lon="15.868533">
      </trkpt>
      <trkpt lat="49.056208" lon="15.868735">
      </trkpt>
      <trkpt lat="49.055825" lon="15.868895">
      </trkpt>
      <trkpt lat="49.057212" lon="15.872217">
      </trkpt>
      <trkpt lat="49.059456" lon="15.872055">
      </trkpt>
      <trkpt lat="49.063864" lon="15.879228">
      </trkpt>
      <trkpt lat="49.061547" lon="15.882273">
      </trkpt>
      <trkpt lat="49.059231" lon="15.885318">
      </trkpt>
      <trkpt lat="49.062096" lon="15.887498">
      </trkpt>
      <trkpt lat="49.064412" lon="15.884452">
      </trkpt>
      <trkpt lat="49.066729" lon="15.881407">
      </trkpt>
      <trkpt lat="49.070643" lon="15.879059">
      </trkpt>
      <trkpt lat="49.079592" lon="15.879191">
      </trkpt>
      <trkpt lat="49.079793" lon="15.879666">
      </trkpt>
      <trkpt lat="49.080367" lon="15.880773">
      </trkpt>
      <trkpt lat="49.085865" lon="15.882065">
      </trkpt>
      <trkpt lat="49.088807" lon="15.887476">
      </trkpt>
      <trkpt lat="49.083947" lon="15.892745">
      </trkpt>
      <trkpt lat="49.081915" lon="15.893196">
      </trkpt>
      <trkpt lat="49.080387" lon="15.893556">
      </trkpt>
      <trkpt lat="49.078579" lon="15.893543">
      </trkpt>
      <trkpt lat="49.078553" lon="15.897143">
      </trkpt>
      <trkpt lat="49.080361" lon="15.897156">
      </trkpt>
      <trkpt lat="49.085162" lon="15.897507">
      </trkpt>
      <trkpt lat="49.090846" lon="15.901067">
      </trkpt>
      <trkpt lat="49.088552" lon="15.906832">
      </trkpt>
      <trkpt lat="49.08797" lon="15.90727">
      </trkpt>
      <trkpt lat="49.087753" lon="15.907506">
      </trkpt>
      <trkpt lat="49.090404" lon="15.909941">
      </trkpt>
      <trkpt lat="49.094472" lon="15.915134">
      </trkpt>
      <trkpt lat="49.094834" lon="15.918207">
      </trkpt>
      <trkpt lat="49.094975" lon="15.919025">
      </trkpt>
      <trkpt lat="49.098523" lon="15.918412">
      </trkpt>
      <trkpt lat="49.098382" lon="15.917594">
      </trkpt>
      <trkpt lat="49.098048" lon="15.914716">
      </trkpt>
      <trkpt lat="49.098229" lon="15.911715">
      </trkpt>
      <trkpt lat="49.09754" lon="15.908182">
      </trkpt>
      <trkpt lat="49.096798" lon="15.903806">
      </trkpt>
      <trkpt lat="49.096816" lon="15.903093">
      </trkpt>
      <trkpt lat="49.096733" lon="15.902472">
      </trkpt>
      <trkpt lat="49.096791" lon="15.896258">
      </trkpt>
      <trkpt lat="49.098321" lon="15.893425">
      </trkpt>
      <trkpt lat="49.100583" lon="15.890571">
      </trkpt>
      <trkpt lat="49.100937" lon="15.890202">
      </trkpt>
      <trkpt lat="49.108258" lon="15.885778">
      </trkpt>
      <trkpt lat="49.109632" lon="15.885251">
      </trkpt>
      <trkpt lat="49.109839" lon="15.885187">
      </trkpt>
      <trkpt lat="49.110331" lon="15.884916">
      </trkpt>
      <trkpt lat="49.117508" lon="15.879812">
      </trkpt>
      <trkpt lat="49.118069" lon="15.880247">
      </trkpt>
      <trkpt lat="49.120047" lon="15.886503">
      </trkpt>
      <trkpt lat="49.11991" lon="15.887125">
      </trkpt>
      <trkpt lat="49.119948" lon="15.887772">
      </trkpt>
      <trkpt lat="49.122782" lon="15.888912">
      </trkpt>
      <trkpt lat="49.12785" lon="15.885421">
      </trkpt>
      <trkpt lat="49.128991" lon="15.885107">
      </trkpt>
      <trkpt lat="49.131931" lon="15.883862">
      </trkpt>
      <trkpt lat="49.13769" lon="15.890058">
      </trkpt>
      <trkpt lat="49.137143" lon="15.891351">
      </trkpt>
      <trkpt lat="49.136042" lon="15.893993">
      </trkpt>
      <trkpt lat="49.135737" lon="15.895131">
      </trkpt>
      <trkpt lat="49.135361" lon="15.896047">
      </trkpt>
      <trkpt lat="49.135312" lon="15.896151">
      </trkpt>
      <trkpt lat="49.134031" lon="15.898331">
      </trkpt>
      <trkpt lat="49.126194" lon="15.9012">
      </trkpt>
      <trkpt lat="49.124418" lon="15.900765">
      </trkpt>
      <trkpt lat="49.123416" lon="15.900626">
      </trkpt>
      <trkpt lat="49.122019" lon="15.90037">
      </trkpt>
      <trkpt lat="49.121522" lon="15.900363">
      </trkpt>
      <trkpt lat="49.119124" lon="15.901418">
      </trkpt>
      <trkpt lat="49.118114" lon="15.90403">
      </trkpt>
      <trkpt lat="49.117049" lon="15.90681">
      </trkpt>
      <trkpt lat="49.116771" lon="15.907861">
      </trkpt>
      <trkpt lat="49.116177" lon="15.91182">
      </trkpt>
      <trkpt lat="49.115607" lon="15.91565">
      </trkpt>
      <trkpt lat="49.114809" lon="15.918322">
      </trkpt>
      <trkpt lat="49.114439" lon="15.921851">
      </trkpt>
      <trkpt lat="49.114403" lon="15.92211">
      </trkpt>
      <trkpt lat="49.114469" lon="15.922527">
      </trkpt>
      <trkpt lat="49.114604" lon="15.922748">
      </trkpt>
      <trkpt lat="49.116843" lon="15.923208">
      </trkpt>
      <trkpt lat="49.117714" lon="15.923066">
      </trkpt>
      <trkpt lat="49.11797" lon="15.922597">
      </trkpt>
      <trkpt lat="49.119554" lon="15.919051">
      </trkpt>
      <trkpt lat="49.119514" lon="15.918076">
      </trkpt>
      <trkpt lat="49.119118" lon="15.916442">
      </trkpt>
      <trkpt lat="49.119737" lon="15.912354">
      </trkpt>
      <trkpt lat="49.120331" lon="15.908396">
      </trkpt>
      <trkpt lat="49.120518" lon="15.907774">
      </trkpt>
      <trkpt lat="49.129198" lon="15.910042">
      </trkpt>
      <trkpt lat="49.129206" lon="15.910798">
      </trkpt>
      <trkpt lat="49.129373" lon="15.911747">
      </trkpt>
      <trkpt lat="49.129408" lon="15.912135">
      </trkpt>
      <trkpt lat="49.13264" lon="15.912693">
      </trkpt>
      <trkpt lat="49.135988" lon="15.911354">
      </trkpt>
      <trkpt lat="49.136017" lon="15.909877">
      </trkpt>
      <trkpt lat="49.136027" lon="15.909482">
      </trkpt>
      <trkpt lat="49.137291" lon="15.90333">
      </trkpt>
      <trkpt lat="49.138416" lon="15.897975">
      </trkpt>
      <trkpt lat="49.138571" lon="15.897677">
      </trkpt>
      <trkpt lat="49.138935" lon="15.896862">
      </trkpt>
      <trkpt lat="49.139124" lon="15.896353">
      </trkpt>
      <trkpt lat="49.139515" lon="15.894941">
      </trkpt>
      <trkpt lat="49.140458" lon="15.892754">
      </trkpt>
      <trkpt lat="49.141005" lon="15.891461">
      </trkpt>
      <trkpt lat="49.142198" lon="15.888947">
      </trkpt>
      <trkpt lat="49.149564" lon="15.884164">
      </trkpt>
      <trkpt lat="49.151851" lon="15.883984">
      </trkpt>
      <trkpt lat="49.154236" lon="15.883937">
      </trkpt>
      <trkpt lat="49.159063" lon="15.890055">
      </trkpt>
      <trkpt lat="49.159061" lon="15.890521">
      </trkpt>
      <trkpt lat="49.159054" lon="15.890708">
      </trkpt>
      <trkpt lat="49.15869" lon="15.89294">
      </trkpt>
      <trkpt lat="49.158544" lon="15.894551">
      </trkpt>
      <trkpt lat="49.158353" lon="15.895566">
      </trkpt>
      <trkpt lat="49.156801" lon="15.898975">
      </trkpt>
      <trkpt lat="49.155842" lon="15.901111">
      </trkpt>
      <trkpt lat="49.155835" lon="15.901181">
      </trkpt>
      <trkpt lat="49.15534" lon="15.906875">
      </trkpt>
      <trkpt lat="49.154891" lon="15.90815">
      </trkpt>
      <trkpt lat="49.154721" lon="15.908791">
      </trkpt>
      <trkpt lat="49.154602" lon="15.909506">
      </trkpt>
      <trkpt lat="49.154402" lon="15.911337">
      </trkpt>
      <trkpt lat="49.154197" lon="15.913228">
      </trkpt>
      <trkpt lat="49.154166" lon="15.913856">
      </trkpt>
      <trkpt lat="49.154245" lon="15.914666">
      </trkpt>
      <trkpt lat="49.154285" lon="15.916024">
      </trkpt>
      <trkpt lat="49.153675" lon="15.919697">
      </trkpt>
      <trkpt lat="49.154456" lon="15.920445">
      </trkpt>
      <trkpt lat="49.15631" lon="15.918185">
      </trkpt>
      <trkpt lat="49.15772" lon="15.917102">
      </trkpt>
      <trkpt lat="49.157871" lon="15.916302">
      </trkpt>
      <trkpt lat="49.164367" lon="15.91191">
      </trkpt>
      <trkpt lat="49.168206" lon="15.919851">
      </trkpt>
      <trkpt lat="49.167315" lon="15.922365">
      </trkpt>
      <trkpt lat="49.166972" lon="15.923669">
      </trkpt>
      <trkpt lat="49.165647" lon="15.926519">
      </trkpt>
      <trkpt lat="49.164737" lon="15.929017">
      </trkpt>
      <trkpt lat="49.164618" lon="15.929643">
      </trkpt>
      <trkpt lat="49.160628" lon="15.935091">
      </trkpt>
      <trkpt lat="49.158246" lon="15.93595">
      </trkpt>
      <trkpt lat="49.15513" lon="15.937305">
      </trkpt>
      <trkpt lat="49.154532" lon="15.937991">
      </trkpt>
      <trkpt lat="49.152276" lon="15.939905">
      </trkpt>
      <trkpt lat="49.151501" lon="15.94055">
      </trkpt>
      <trkpt lat="49.151222" lon="15.940919">
      </trkpt>
      <trkpt lat="49.149652" lon="15.943156">
      </trkpt>
      <trkpt lat="49.141014" lon="15.943728">
      </trkpt>
      <trkpt lat="49.137968" lon="15.93577">
      </trkpt>
      <trkpt lat="49.138108" lon="15.935046">
      </trkpt>
      <trkpt lat="49.138178" lon="15.934493">
      </trkpt>
      <trkpt lat="49.137194" lon="15.927566">
      </trkpt>
      <trkpt lat="49.133653" lon="15.926917">
      </trkpt>
      <trkpt lat="49.133024" lon="15.930349">
      </trkpt>
      <trkpt lat="49.132538" lon="15.93307">
      </trkpt>
      <trkpt lat="49.132052" lon="15.935783">
      </trkpt>
      <trkpt lat="49.131175" lon="15.937986">
      </trkpt>
      <trkpt lat="49.130658" lon="15.939213">
      </trkpt>
      <trkpt lat="49.128835" lon="15.942464">
      </trkpt>
      <trkpt lat="49.123554" lon="15.946129">
      </trkpt>
      <trkpt lat="49.122981" lon="15.946676">
      </trkpt>
      <trkpt lat="49.122711" lon="15.947124">
      </trkpt>
      <trkpt lat="49.121202" lon="15.95027">
      </trkpt>
      <trkpt lat="49.123885" lon="15.955123">
      </trkpt>
      <trkpt lat="49.127009" lon="15.956912">
      </trkpt>
      <trkpt lat="49.13125" lon="15.964554">
      </trkpt>
      <trkpt lat="49.129613" lon="15.96744">
      </trkpt>
      <trkpt lat="49.121665" lon="15.971329">
      </trkpt>
      <trkpt lat="49.120194" lon="15.974614">
      </trkpt>
      <trkpt lat="49.123093" lon="15.981247">
      </trkpt>
      <trkpt lat="49.124129" lon="15.982806">
      </trkpt>
      <trkpt lat="49.124239" lon="15.98295">
      </trkpt>
      <trkpt lat="49.1258" lon="15.983218">
      </trkpt>
      <trkpt lat="49.126035" lon="15.983162">
      </trkpt>
      <trkpt lat="49.1271" lon="15.980766">
      </trkpt>
      <trkpt lat="49.127747" lon="15.978254">
      </trkpt>
      <trkpt lat="49.130298" lon="15.975714">
      </trkpt>
      <trkpt lat="49.138324" lon="15.978927">
      </trkpt>
      <trkpt lat="49.14191" lon="15.97861">
      </trkpt>
      <trkpt lat="49.148209" lon="15.984884">
      </trkpt>
      <trkpt lat="49.146986" lon="15.986709">
      </trkpt>
      <trkpt lat="49.149977" lon="15.988712">
      </trkpt>
      <trkpt lat="49.151199" lon="15.986888">
      </trkpt>
      <trkpt lat="49.152422" lon="15.985063">
      </trkpt>
      <trkpt lat="49.160331" lon="15.982209">
      </trkpt>
      <trkpt lat="49.162307" lon="15.982847">
      </trkpt>
      <trkpt lat="49.162647" lon="15.983004">
      </trkpt>
      <trkpt lat="49.167236" lon="15.990313">
      </trkpt>
      <trkpt lat="49.167204" lon="15.991075">
      </trkpt>
      <trkpt lat="49.166827" lon="15.993292">
      </trkpt>
      <trkpt lat="49.166451" lon="15.995001">
      </trkpt>
      <trkpt lat="49.166202" lon="15.996358">
      </trkpt>
      <trkpt lat="49.166039" lon="15.997505">
      </trkpt>
      <trkpt lat="49.165912" lon="15.998651">
      </trkpt>
      <trkpt lat="49.165787" lon="15.999304">
      </trkpt>
      <trkpt lat="49.164515" lon="16.002733">
      </trkpt>
      <trkpt lat="49.163665" lon="16.004372">
      </trkpt>
      <trkpt lat="49.162865" lon="16.005921">
      </trkpt>
      <trkpt lat="49.162187" lon="16.007064">
      </trkpt>
      <trkpt lat="49.155048" lon="16.010801">
      </trkpt>
      <trkpt lat="49.151861" lon="16.01012">
      </trkpt>
      <trkpt lat="49.151109" lon="16.013641">
      </trkpt>
      <trkpt lat="49.154296" lon="16.014322">
      </trkpt>
      <trkpt lat="49.15622" lon="16.021153">
      </trkpt>
      <trkpt lat="49.155894" lon="16.021692">
      </trkpt>
      <trkpt lat="49.155585" lon="16.022333">
      </trkpt>
      <trkpt lat="49.155344" lon="16.02292">
      </trkpt>
      <trkpt lat="49.155111" lon="16.02355">
      </trkpt>
      <trkpt lat="49.154901" lon="16.024183">
      </trkpt>
      <trkpt lat="49.154353" lon="16.02615">
      </trkpt>
      <trkpt lat="49.153815" lon="16.028083">
      </trkpt>
      <trkpt lat="49.148469" lon="16.034861">
      </trkpt>
      <trkpt lat="49.148064" lon="16.0351">
      </trkpt>
      <trkpt lat="49.147685" lon="16.035433">
      </trkpt>
      <trkpt lat="49.145828" lon="16.037588">
      </trkpt>
      <trkpt lat="49.144737" lon="16.042921">
      </trkpt>
      <trkpt lat="49.144869" lon="16.043877">
      </trkpt>
      <trkpt lat="49.145001" lon="16.044149">
      </trkpt>
      <trkpt lat="49.14774" lon="16.044905">
      </trkpt>
      <trkpt lat="49.150362" lon="16.045295">
      </trkpt>
      <trkpt lat="49.153351" lon="16.043288">
      </trkpt>
      <trkpt lat="49.160891" lon="16.039617">
      </trkpt>
      <trkpt lat="49.162051" lon="16.040099">
      </trkpt>
      <trkpt lat="49.165628" lon="16.040505">
      </trkpt>
      <trkpt lat="49.165664" lon="16.040186">
      </trkpt>
      <trkpt lat="49.165548" lon="16.039201">
      </trkpt>
      <trkpt lat="49.16533" lon="16.038453">
      </trkpt>
      <trkpt lat="49.165124" lon="16.037945">
      </trkpt>
      <trkpt lat="49.164411" lon="16.034617">
      </trkpt>
      <trkpt lat="49.164371" lon="16.032128">
      </trkpt>
      <trkpt lat="49.164519" lon="16.028758">
      </trkpt>
      <trkpt lat="49.164668" lon="16.025283">
      </trkpt>
      <trkpt lat="49.167134" lon="16.019448">
      </trkpt>
      <trkpt lat="49.168804" lon="16.016259">
      </trkpt>
      <trkpt lat="49.16932" lon="16.013509">
      </trkpt>
      <trkpt lat="49.16881" lon="16.013239">
      </trkpt>
      <trkpt lat="49.166861" lon="16.00603">
      </trkpt>
      <trkpt lat="49.175374" lon="16.005063">
      </trkpt>
      <trkpt lat="49.179023" lon="16.0063">
      </trkpt>
      <trkpt lat="49.17978" lon="16.006362">
      </trkpt>
      <trkpt lat="49.181129" lon="16.005782">
      </trkpt>
      <trkpt lat="49.189243" lon="16.005959">
      </trkpt>
      <trkpt lat="49.190362" lon="16.007622">
      </trkpt>
      <trkpt lat="49.190816" lon="16.008058">
      </trkpt>
      <trkpt lat="49.194183" lon="16.016115">
      </trkpt>
      <trkpt lat="49.194099" lon="16.018678">
      </trkpt>
      <trkpt lat="49.188387" lon="16.023874">
      </trkpt>
      <trkpt lat="49.186213" lon="16.023211">
      </trkpt>
      <trkpt lat="49.184867" lon="16.023122">
      </trkpt>
      <trkpt lat="49.184772" lon="16.023567">
      </trkpt>
      <trkpt lat="49.182949" lon="16.02734">
      </trkpt>
      <trkpt lat="49.181787" lon="16.034845">
      </trkpt>
      <trkpt lat="49.181742" lon="16.038465">
      </trkpt>
      <trkpt lat="49.180602" lon="16.046821">
      </trkpt>
      <trkpt lat="49.178082" lon="16.052345">
      </trkpt>
      <trkpt lat="49.178126" lon="16.053156">
      </trkpt>
      <trkpt lat="49.172107" lon="16.059273">
      </trkpt>
      <trkpt lat="49.170202" lon="16.058767">
      </trkpt>
      <trkpt lat="49.170097" lon="16.058968">
      </trkpt>
      <trkpt lat="49.169868" lon="16.059743">
      </trkpt>
      <trkpt lat="49.1695" lon="16.061238">
      </trkpt>
      <trkpt lat="49.169424" lon="16.061782">
      </trkpt>
      <trkpt lat="49.169441" lon="16.062187">
      </trkpt>
      <trkpt lat="49.169082" lon="16.067135">
      </trkpt>
      <trkpt lat="49.163252" lon="16.069416">
      </trkpt>
      <trkpt lat="49.159694" lon="16.068871">
      </trkpt>
      <trkpt lat="49.15334" lon="16.069121">
      </trkpt>
      <trkpt lat="49.149557" lon="16.073849">
      </trkpt>
      <trkpt lat="49.148941" lon="16.075564">
      </trkpt>
      <trkpt lat="49.148895" lon="16.07593">
      </trkpt>
      <trkpt lat="49.149172" lon="16.077429">
      </trkpt>
      <trkpt lat="49.155314" lon="16.080529">
      </trkpt>
      <trkpt lat="49.160468" lon="16.080787">
      </trkpt>
      <trkpt lat="49.164501" lon="16.086912">
      </trkpt>
      <trkpt lat="49.162765" lon="16.091724">
      </trkpt>
      <trkpt lat="49.163784" lon="16.095176">
      </trkpt>
      <trkpt lat="49.167459" lon="16.102466">
      </trkpt>
      <trkpt lat="49.166109" lon="16.105007">
      </trkpt>
      <trkpt lat="49.165182" lon="16.106751">
      </trkpt>
      <trkpt lat="49.164222" lon="16.1085">
      </trkpt>
      <trkpt lat="49.167091" lon="16.110675">
      </trkpt>
      <trkpt lat="49.172374" lon="16.117558">
      </trkpt>
      <trkpt lat="49.172034" lon="16.118939">
      </trkpt>
      <trkpt lat="49.168024" lon="16.126577">
      </trkpt>
      <trkpt lat="49.167265" lon="16.127187">
      </trkpt>
      <trkpt lat="49.16685" lon="16.127792">
      </trkpt>
      <trkpt lat="49.164931" lon="16.130076">
      </trkpt>
      <trkpt lat="49.16458" lon="16.130524">
      </trkpt>
      <trkpt lat="49.164258" lon="16.131159">
      </trkpt>
      <trkpt lat="49.164082" lon="16.131735">
      </trkpt>
      <trkpt lat="49.161045" lon="16.139396">
      </trkpt>
      <trkpt lat="49.164216" lon="16.1411">
      </trkpt>
      <trkpt lat="49.16935" lon="16.138569">
      </trkpt>
      <trkpt lat="49.170858" lon="16.137788">
      </trkpt>
      <trkpt lat="49.172696" lon="16.137242">
      </trkpt>
      <trkpt lat="49.172782" lon="16.136576">
      </trkpt>
      <trkpt lat="49.17257" lon="16.136059">
      </trkpt>
      <trkpt lat="49.172403" lon="16.132967">
      </trkpt>
      <trkpt lat="49.178018" lon="16.128708">
      </trkpt>
      <trkpt lat="49.182524" lon="16.132657">
      </trkpt>
      <trkpt lat="49.183006" lon="16.134988">
      </trkpt>
      <trkpt lat="49.183595" lon="16.136391">
      </trkpt>
      <trkpt lat="49.185496" lon="16.137477">
      </trkpt>
      <trkpt lat="49.187303" lon="16.145605">
      </trkpt>
      <trkpt lat="49.182108" lon="16.147476">
      </trkpt>
      <trkpt lat="49.1819" lon="16.147843">
      </trkpt>
      <trkpt lat="49.181656" lon="16.148657">
      </trkpt>
      <trkpt lat="49.181664" lon="16.149281">
      </trkpt>
      <trkpt lat="49.182039" lon="16.150198">
      </trkpt>
      <trkpt lat="49.183529" lon="16.157711">
      </trkpt>
      <trkpt lat="49.183593" lon="16.160084">
      </trkpt>
      <trkpt lat="49.184463" lon="16.162099">
      </trkpt>
      <trkpt lat="49.183482" lon="16.169443">
      </trkpt>
      <trkpt lat="49.182624" lon="16.172877">
      </trkpt>
      <trkpt lat="49.182294" lon="16.173804">
      </trkpt>
      <trkpt lat="49.181048" lon="16.177338">
      </trkpt>
      <trkpt lat="49.182271" lon="16.178766">
      </trkpt>
      <trkpt lat="49.183114" lon="16.186722">
      </trkpt>
      <trkpt lat="49.174352" lon="16.187372">
      </trkpt>
      <trkpt lat="49.173233" lon="16.186617">
      </trkpt>
      <trkpt lat="49.171459" lon="16.184515">
      </trkpt>
      <trkpt lat="49.171425" lon="16.184461">
      </trkpt>
      <trkpt lat="49.171296" lon="16.184398">
      </trkpt>
      <trkpt lat="49.171169" lon="16.184448">
      </trkpt>
      <trkpt lat="49.170238" lon="16.185203">
      </trkpt>
      <trkpt lat="49.169635" lon="16.186502">
      </trkpt>
      <trkpt lat="49.161133" lon="16.186868">
      </trkpt>
      <trkpt lat="49.159631" lon="16.189065">
      </trkpt>
      <trkpt lat="49.158857" lon="16.191387">
      </trkpt>
      <trkpt lat="49.155642" lon="16.197193">
      </trkpt>
      <trkpt lat="49.15326" lon="16.199108">
      </trkpt>
      <trkpt lat="49.146044" lon="16.198319">
      </trkpt>
      <trkpt lat="49.144422" lon="16.191009">
      </trkpt>
      <trkpt lat="49.144857" lon="16.188528">
      </trkpt>
      <trkpt lat="49.145292" lon="16.186048">
      </trkpt>
      <trkpt lat="49.145727" lon="16.183567">
      </trkpt>
      <trkpt lat="49.146515" lon="16.174981">
      </trkpt>
      <trkpt lat="49.147466" lon="16.174663">
      </trkpt>
      <trkpt lat="49.14765" lon="16.174273">
      </trkpt>
      <trkpt lat="49.147532" lon="16.173495">
      </trkpt>
      <trkpt lat="49.147468" lon="16.169623">
      </trkpt>
      <trkpt lat="49.147638" lon="16.167876">
      </trkpt>
      <trkpt lat="49.146765" lon="16.159176">
      </trkpt>
      <trkpt lat="49.143287" lon="16.158248">
      </trkpt>
      <trkpt lat="49.142804" lon="16.160057">
      </trkpt>
      <trkpt lat="49.142031" lon="16.162762">
      </trkpt>
      <trkpt lat="49.14125" lon="16.165497">
      </trkpt>
      <trkpt lat="49.140718" lon="16.167407">
      </trkpt>
      <trkpt lat="49.139021" lon="16.171012">
      </trkpt>
      <trkpt lat="49.13682" lon="16.17386">
      </trkpt>
      <trkpt lat="49.128392" lon="16.172673">
      </trkpt>
      <trkpt lat="49.126085" lon="16.165226">
      </trkpt>
      <trkpt lat="49.126201" lon="16.164839">
      </trkpt>
      <trkpt lat="49.1271" lon="16.162688">
      </trkpt>
      <trkpt lat="49.128029" lon="16.160464">
      </trkpt>
      <trkpt lat="49.12827" lon="16.159799">
      </trkpt>
      <trkpt lat="49.128416" lon="16.159309">
      </trkpt>
      <trkpt lat="49.128873" lon="16.157749">
      </trkpt>
      <trkpt lat="49.127543" lon="16.157219">
      </trkpt>
      <trkpt lat="49.125418" lon="16.156737">
      </trkpt>
      <trkpt lat="49.124961" lon="16.158297">
      </trkpt>
      <trkpt lat="49.123779" lon="16.161299">
      </trkpt>
      <trkpt lat="49.122879" lon="16.16345">
      </trkpt>
      <trkpt lat="49.122654" lon="16.164135">
      </trkpt>
      <trkpt lat="49.121802" lon="16.167466">
      </trkpt>
      <trkpt lat="49.114497" lon="16.171772">
      </trkpt>
      <trkpt lat="49.11296" lon="16.172585">
      </trkpt>
      <trkpt lat="49.112635" lon="16.173205">
      </trkpt>
      <trkpt lat="49.112147" lon="16.17477">
      </trkpt>
      <trkpt lat="49.115882" lon="16.176494">
      </trkpt>
      <trkpt lat="49.11395" lon="16.183662">
      </trkpt>
      <trkpt lat="49.112872" lon="16.184182">
      </trkpt>
      <trkpt lat="49.110455" lon="16.184526">
      </trkpt>
      <trkpt lat="49.108303" lon="16.192078">
      </trkpt>
      <trkpt lat="49.104679" lon="16.195117">
      </trkpt>
      <trkpt lat="49.103546" lon="16.196132">
      </trkpt>
      <trkpt lat="49.103707" lon="16.196864">
      </trkpt>
      <trkpt lat="49.103956" lon="16.197639">
      </trkpt>
      <trkpt lat="49.105212" lon="16.198678">
      </trkpt>
      <trkpt lat="49.106899" lon="16.199712">
      </trkpt>
      <trkpt lat="49.109983" lon="16.198889">
      </trkpt>
      <trkpt lat="49.114289" lon="16.199753">
      </trkpt>
      <trkpt lat="49.11795" lon="16.206716">
      </trkpt>
      <trkpt lat="49.117886" lon="16.207213">
      </trkpt>
      <trkpt lat="49.1179" lon="16.207688">
      </trkpt>
      <trkpt lat="49.118002" lon="16.20819">
      </trkpt>
      <trkpt lat="49.118357" lon="16.210842">
      </trkpt>
      <trkpt lat="49.112953" lon="16.216459">
      </trkpt>
      <trkpt lat="49.110046" lon="16.215998">
      </trkpt>
      <trkpt lat="49.108727" lon="16.217288">
      </trkpt>
      <trkpt lat="49.108384" lon="16.218413">
      </trkpt>
      <trkpt lat="49.10914" lon="16.22101">
      </trkpt>
      <trkpt lat="49.114348" lon="16.223037">
      </trkpt>
      <trkpt lat="49.118236" lon="16.229695">
      </trkpt>
      <trkpt lat="49.121096" lon="16.235794">
      </trkpt>
      <trkpt lat="49.122404" lon="16.240325">
      </trkpt>
      <trkpt lat="49.125915" lon="16.241118">
      </trkpt>
      <trkpt lat="49.126455" lon="16.239419">
      </trkpt>
      <trkpt lat="49.126683" lon="16.237995">
      </trkpt>
      <trkpt lat="49.125455" lon="16.235099">
      </trkpt>
      <trkpt lat="49.122856" lon="16.227639">
      </trkpt>
      <trkpt lat="49.122846" lon="16.225339">
      </trkpt>
      <trkpt lat="49.122759" lon="16.223049">
      </trkpt>
      <trkpt lat="49.124564" lon="16.216617">
      </trkpt>
      <trkpt lat="49.129895" lon="16.210635">
      </trkpt>
      <trkpt lat="49.133494" lon="16.210733">
      </trkpt>
      <trkpt lat="49.139891" lon="16.208867">
      </trkpt>
      <trkpt lat="49.141249" lon="16.208499">
      </trkpt>
      <trkpt lat="49.14585" lon="16.205767">
      </trkpt>
      <trkpt lat="49.152503" lon="16.209493">
      </trkpt>
      <trkpt lat="49.153723" lon="16.21223">
      </trkpt>
      <trkpt lat="49.15461" lon="16.217228">
      </trkpt>
      <trkpt lat="49.14976" lon="16.221879">
      </trkpt>
      <trkpt lat="49.150096" lon="16.225463">
      </trkpt>
      <trkpt lat="49.153458" lon="16.226762">
      </trkpt>
      <trkpt lat="49.155337" lon="16.225016">
      </trkpt>
      <trkpt lat="49.156128" lon="16.224347">
      </trkpt>
      <trkpt lat="49.156971" lon="16.223196">
      </trkpt>
      <trkpt lat="49.157849" lon="16.22082">
      </trkpt>
      <trkpt lat="49.162295" lon="16.216506">
      </trkpt>
      <trkpt lat="49.169019" lon="16.213786">
      </trkpt>
      <trkpt lat="49.170683" lon="16.213648">
      </trkpt>
      <trkpt lat="49.171277" lon="16.213113">
      </trkpt>
      <trkpt lat="49.171641" lon="16.212388">
      </trkpt>
      <trkpt lat="49.178955" lon="16.210218">
      </trkpt>
      <trkpt lat="49.18032" lon="16.219066">
      </trkpt>
      <trkpt lat="49.17937" lon="16.219209">
      </trkpt>
      <trkpt lat="49.178294" lon="16.219375">
      </trkpt>
      <trkpt lat="49.178305" lon="16.219712">
      </trkpt>
      <trkpt lat="49.174101" lon="16.226505">
      </trkpt>
      <trkpt lat="49.171621" lon="16.229114">
      </trkpt>
      <trkpt lat="49.170581" lon="16.237682">
      </trkpt>
      <trkpt lat="49.167309" lon="16.239918">
      </trkpt>
      <trkpt lat="49.163349" lon="16.244763">
      </trkpt>
      <trkpt lat="49.15977" lon="16.245158">
      </trkpt>
      <trkpt lat="49.154254" lon="16.250507">
      </trkpt>
      <trkpt lat="49.154049" lon="16.251266">
      </trkpt>
      <trkpt lat="49.153828" lon="16.252872">
      </trkpt>
      <trkpt lat="49.154224" lon="16.254372">
      </trkpt>
      <trkpt lat="49.155431" lon="16.259494">
      </trkpt>
      <trkpt lat="49.155866" lon="16.267427">
      </trkpt>
      <trkpt lat="49.152897" lon="16.269622">
      </trkpt>
      <trkpt lat="49.145697" lon="16.267592">
      </trkpt>
      <trkpt lat="49.142286" lon="16.26644">
      </trkpt>
      <trkpt lat="49.138845" lon="16.270176">
      </trkpt>
      <trkpt lat="49.136057" lon="16.274487">
      </trkpt>
      <trkpt lat="49.135966" lon="16.274632">
      </trkpt>
      <trkpt lat="49.134779" lon="16.276449">
      </trkpt>
      <trkpt lat="49.134452" lon="16.277236">
      </trkpt>
      <trkpt lat="49.139834" lon="16.283459">
      </trkpt>
      <trkpt lat="49.140735" lon="16.286857">
      </trkpt>
      <trkpt lat="49.136841" lon="16.29415">
      </trkpt>
      <trkpt lat="49.135907" lon="16.297626">
      </trkpt>
      <trkpt lat="49.134072" lon="16.302088">
      </trkpt>
      <trkpt lat="49.132363" lon="16.305076">
      </trkpt>
      <trkpt lat="49.131545" lon="16.306914">
      </trkpt>
      <trkpt lat="49.130727" lon="16.308752">
      </trkpt>
      <trkpt lat="49.134016" lon="16.310216">
      </trkpt>
      <trkpt lat="49.134834" lon="16.308378">
      </trkpt>
      <trkpt lat="49.135652" lon="16.30654">
      </trkpt>
      <trkpt lat="49.141904" lon="16.301277">
      </trkpt>
      <trkpt lat="49.141908" lon="16.30114">
      </trkpt>
      <trkpt lat="49.143251" lon="16.29351">
      </trkpt>
      <trkpt lat="49.143579" lon="16.292937">
      </trkpt>
      <trkpt lat="49.144141" lon="16.291638">
      </trkpt>
      <trkpt lat="49.144297" lon="16.291091">
      </trkpt>
      <trkpt lat="49.14436" lon="16.290332">
      </trkpt>
      <trkpt lat="49.144301" lon="16.289371">
      </trkpt>
      <trkpt lat="49.14429" lon="16.288564">
      </trkpt>
      <trkpt lat="49.144334" lon="16.286951">
      </trkpt>
      <trkpt lat="49.144396" lon="16.286261">
      </trkpt>
      <trkpt lat="49.144393" lon="16.285587">
      </trkpt>
      <trkpt lat="49.144782" lon="16.282175">
      </trkpt>
      <trkpt lat="49.151035" lon="16.276103">
      </trkpt>
      <trkpt lat="49.152535" lon="16.275215">
      </trkpt>
      <trkpt lat="49.154274" lon="16.273256">
      </trkpt>
      <trkpt lat="49.162225" lon="16.273326">
      </trkpt>
      <trkpt lat="49.161699" lon="16.269268">
      </trkpt>
      <trkpt lat="49.164696" lon="16.261894">
      </trkpt>
      <trkpt lat="49.167095" lon="16.261566">
      </trkpt>
      <trkpt lat="49.17128" lon="16.262683">
      </trkpt>
      <trkpt lat="49.173603" lon="16.262743">
      </trkpt>
      <trkpt lat="49.174644" lon="16.26266">
      </trkpt>
      <trkpt lat="49.179383" lon="16.262756">
      </trkpt>
      <trkpt lat="49.183282" lon="16.269979">
      </trkpt>
      <trkpt lat="49.182723" lon="16.272866">
      </trkpt>
      <trkpt lat="49.182504" lon="16.27444">
      </trkpt>
      <trkpt lat="49.183834" lon="16.279197">
      </trkpt>
      <trkpt lat="49.180669" lon="16.28412">
      </trkpt>
      <trkpt lat="49.179062" lon="16.28887">
      </trkpt>
      <trkpt lat="49.176" lon="16.294938">
      </trkpt>
      <trkpt lat="49.172516" lon="16.295824">
      </trkpt>
      <trkpt lat="49.166793" lon="16.289777">
      </trkpt>
      <trkpt lat="49.163238" lon="16.287824">
      </trkpt>
      <trkpt lat="49.15982" lon="16.288955">
      </trkpt>
      <trkpt lat="49.15988" lon="16.28967">
      </trkpt>
      <trkpt lat="49.159932" lon="16.290296">
      </trkpt>
      <trkpt lat="49.158063" lon="16.298967">
      </trkpt>
      <trkpt lat="49.1579" lon="16.301227">
      </trkpt>
      <trkpt lat="49.1599" lon="16.308913">
      </trkpt>
      <trkpt lat="49.159045" lon="16.311072">
      </trkpt>
      <trkpt lat="49.162392" lon="16.312397">
      </trkpt>
      <trkpt lat="49.165547" lon="16.315195">
      </trkpt>
      <trkpt lat="49.16693" lon="16.317176">
      </trkpt>
      <trkpt lat="49.164479" lon="16.3246">
      </trkpt>
      <trkpt lat="49.157861" lon="16.324075">
      </trkpt>
      <trkpt lat="49.157353" lon="16.324488">
      </trkpt>
      <trkpt lat="49.156872" lon="16.324918">
      </trkpt>
      <trkpt lat="49.155314" lon="16.326309">
      </trkpt>
      <trkpt lat="49.153655" lon="16.333107">
      </trkpt>
      <trkpt lat="49.153507" lon="16.333511">
      </trkpt>
      <trkpt lat="49.153406" lon="16.333911">
      </trkpt>
      <trkpt lat="49.153362" lon="16.334575">
      </trkpt>
      <trkpt lat="49.15445" lon="16.342254">
      </trkpt>
      <trkpt lat="49.152852" lon="16.344186">
      </trkpt>
      <trkpt lat="49.151611" lon="16.345562">
      </trkpt>
      <trkpt lat="49.147334" lon="16.348051">
      </trkpt>
      <trkpt lat="49.14624" lon="16.348488">
      </trkpt>
      <trkpt lat="49.14514" lon="16.351067">
      </trkpt>
      <trkpt lat="49.137422" lon="16.351952">
      </trkpt>
      <trkpt lat="49.135072" lon="16.350307">
      </trkpt>
      <trkpt lat="49.134989" lon="16.350216">
      </trkpt>
      <trkpt lat="49.133268" lon="16.348996">
      </trkpt>
      <trkpt lat="49.132823" lon="16.348621">
      </trkpt>
      <trkpt lat="49.130555" lon="16.346873">
      </trkpt>
      <trkpt lat="49.128995" lon="16.345293">
      </trkpt>
      <trkpt lat="49.127175" lon="16.344333">
      </trkpt>
      <trkpt lat="49.127148" lon="16.344318">
      </trkpt>
      <trkpt lat="49.125575" lon="16.344171">
      </trkpt>
      <trkpt lat="49.125102" lon="16.345613">
      </trkpt>
      <trkpt lat="49.125489" lon="16.347513">
      </trkpt>
      <trkpt lat="49.128451" lon="16.355411">
      </trkpt>
      <trkpt lat="49.128124" lon="16.356314">
      </trkpt>
      <trkpt lat="49.127925" lon="16.356735">
      </trkpt>
      <trkpt lat="49.127099" lon="16.358554">
      </trkpt>
      <trkpt lat="49.127351" lon="16.362085">
      </trkpt>
      <trkpt lat="49.128894" lon="16.367521">
      </trkpt>
      <trkpt lat="49.129327" lon="16.370675">
      </trkpt>
      <trkpt lat="49.129486" lon="16.371703">
      </trkpt>
      <trkpt lat="49.129764" lon="16.373158">
      </trkpt>
      <trkpt lat="49.129917" lon="16.373727">
      </trkpt>
      <trkpt lat="49.124593" lon="16.380242">
      </trkpt>
      <trkpt lat="49.123068" lon="16.379625">
      </trkpt>
      <trkpt lat="49.122652" lon="16.379536">
      </trkpt>
      <trkpt lat="49.11945" lon="16.377499">
      </trkpt>
      <trkpt lat="49.118818" lon="16.377077">
      </trkpt>
      <trkpt lat="49.118356" lon="16.376917">
      </trkpt>
      <trkpt lat="49.117962" lon="16.376837">
      </trkpt>
      <trkpt lat="49.115964" lon="16.37655">
      </trkpt>
      <trkpt lat="49.110131" lon="16.372265">
      </trkpt>
      <trkpt lat="49.109782" lon="16.371883">
      </trkpt>
      <trkpt lat="49.109646" lon="16.371767">
      </trkpt>
      <trkpt lat="49.107315" lon="16.374511">
      </trkpt>
      <trkpt lat="49.107184" lon="16.376652">
      </trkpt>
      <trkpt lat="49.107306" lon="16.377078">
      </trkpt>
      <trkpt lat="49.107379" lon="16.377262">
      </trkpt>
      <trkpt lat="49.11098" lon="16.382676">
      </trkpt>
      <trkpt lat="49.112116" lon="16.384922">
      </trkpt>
      <trkpt lat="49.113501" lon="16.387505">
      </trkpt>
      <trkpt lat="49.116674" lon="16.385804">
      </trkpt>
      <trkpt lat="49.125096" lon="16.385359">
      </trkpt>
      <trkpt lat="49.125892" lon="16.385905">
      </trkpt>
      <trkpt lat="49.12665" lon="16.386334">
      </trkpt>
      <trkpt lat="49.132201" lon="16.392184">
      </trkpt>
      <trkpt lat="49.132003" lon="16.399772">
      </trkpt>
      <trkpt lat="49.131135" lon="16.401567">
      </trkpt>
      <trkpt lat="49.130761" lon="16.402392">
      </trkpt>
      <trkpt lat="49.123764" lon="16.407492">
      </trkpt>
      <trkpt lat="49.122046" lon="16.410655">
      </trkpt>
      <trkpt lat="49.123656" lon="16.417213">
      </trkpt>
      <trkpt lat="49.121725" lon="16.419875">
      </trkpt>
      <trkpt lat="49.12085" lon="16.421028">
      </trkpt>
      <trkpt lat="49.118645" lon="16.422901">
      </trkpt>
      <trkpt lat="49.118164" lon="16.423346">
      </trkpt>
      <trkpt lat="49.117549" lon="16.424015">
      </trkpt>
      <trkpt lat="49.11706" lon="16.424575">
      </trkpt>
      <trkpt lat="49.116297" lon="16.425536">
      </trkpt>
      <trkpt lat="49.118197" lon="16.427832">
      </trkpt>
      <trkpt lat="49.119117" lon="16.427774">
      </trkpt>
      <trkpt lat="49.121796" lon="16.427758">
      </trkpt>
      <trkpt lat="49.124591" lon="16.422054">
      </trkpt>
      <trkpt lat="49.12641" lon="16.419531">
      </trkpt>
      <trkpt lat="49.127311" lon="16.41824">
      </trkpt>
      <trkpt lat="49.127524" lon="16.417902">
      </trkpt>
      <trkpt lat="49.127818" lon="16.417331">
      </trkpt>
      <trkpt lat="49.128407" lon="16.41599">
      </trkpt>
      <trkpt lat="49.129233" lon="16.414326">
      </trkpt>
      <trkpt lat="49.136519" lon="16.411833">
      </trkpt>
      <trkpt lat="49.137159" lon="16.411888">
      </trkpt>
      <trkpt lat="49.13789" lon="16.411888">
      </trkpt>
      <trkpt lat="49.138945" lon="16.410309">
      </trkpt>
      <trkpt lat="49.139026" lon="16.409654">
      </trkpt>
      <trkpt lat="49.139637" lon="16.405988">
      </trkpt>
      <trkpt lat="49.140766" lon="16.399436">
      </trkpt>
      <trkpt lat="49.140804" lon="16.399214">
      </trkpt>
      <trkpt lat="49.141171" lon="16.397887">
      </trkpt>
      <trkpt lat="49.144253" lon="16.394875">
      </trkpt>
      <trkpt lat="49.147583" lon="16.392818">
      </trkpt>
      <trkpt lat="49.153846" lon="16.398176">
      </trkpt>
      <trkpt lat="49.151539" lon="16.40094">
      </trkpt>
      <trkpt lat="49.153009" lon="16.402373">
      </trkpt>
      <trkpt lat="49.154114" lon="16.403714">
      </trkpt>
      <trkpt lat="49.154901" lon="16.40423">
      </trkpt>
      <trkpt lat="49.155496" lon="16.404541">
      </trkpt>
      <trkpt lat="49.156343" lon="16.404728">
      </trkpt>
      <trkpt lat="49.157477" lon="16.404631">
      </trkpt>
      <trkpt lat="49.158344" lon="16.404595">
      </trkpt>
      <trkpt lat="49.159865" lon="16.4041">
      </trkpt>
      <trkpt lat="49.161377" lon="16.404008">
      </trkpt>
      <trkpt lat="49.161817" lon="16.404052">
      </trkpt>
      <trkpt lat="49.163531" lon="16.404475">
      </trkpt>
      <trkpt lat="49.167891" lon="16.411513">
      </trkpt>
      <trkpt lat="49.165448" lon="16.413722">
      </trkpt>
      <trkpt lat="49.163245" lon="16.414627">
      </trkpt>
      <trkpt lat="49.160089" lon="16.415092">
      </trkpt>
      <trkpt lat="49.158354" lon="16.415317">
      </trkpt>
      <trkpt lat="49.157585" lon="16.415736">
      </trkpt>
      <trkpt lat="49.156568" lon="16.4163">
      </trkpt>
      <trkpt lat="49.156158" lon="16.416788">
      </trkpt>
      <trkpt lat="49.153265" lon="16.421488">
      </trkpt>
      <trkpt lat="49.152266" lon="16.422968">
      </trkpt>
      <trkpt lat="49.151829" lon="16.423579">
      </trkpt>
      <trkpt lat="49.151649" lon="16.424025">
      </trkpt>
      <trkpt lat="49.151533" lon="16.424661">
      </trkpt>
      <trkpt lat="49.15066" lon="16.428243">
      </trkpt>
      <trkpt lat="49.149539" lon="16.430567">
      </trkpt>
      <trkpt lat="49.152023" lon="16.435124">
      </trkpt>
      <trkpt lat="49.152625" lon="16.436539">
      </trkpt>
      <trkpt lat="49.157215" lon="16.443147">
      </trkpt>
      <trkpt lat="49.15502" lon="16.445225">
      </trkpt>
      <trkpt lat="49.154389" lon="16.445803">
      </trkpt>
      <trkpt lat="49.153846" lon="16.446522">
      </trkpt>
      <trkpt lat="49.153444" lon="16.447289">
      </trkpt>
      <trkpt lat="49.153143" lon="16.448094">
      </trkpt>
      <trkpt lat="49.152943" lon="16.448868">
      </trkpt>
      <trkpt lat="49.15229" lon="16.455036">
      </trkpt>
      <trkpt lat="49.151638" lon="16.456629">
      </trkpt>
      <trkpt lat="49.15008" lon="16.459497">
      </trkpt>
      <trkpt lat="49.149524" lon="16.460404">
      </trkpt>
      <trkpt lat="49.141162" lon="16.462766">
      </trkpt>
      <trkpt lat="49.14015" lon="16.462761">
      </trkpt>
      <trkpt lat="49.139352" lon="16.463012">
      </trkpt>
      <trkpt lat="49.138557" lon="16.463507">
      </trkpt>
      <trkpt lat="49.137953" lon="16.464115">
      </trkpt>
      <trkpt lat="49.137535" lon="16.464738">
      </trkpt>
      <trkpt lat="49.136371" lon="16.467504">
      </trkpt>
      <trkpt lat="49.135855" lon="16.469397">
      </trkpt>
      <trkpt lat="49.135346" lon="16.471266">
      </trkpt>
      <trkpt lat="49.127619" lon="16.474645">
      </trkpt>
      <trkpt lat="49.120149" lon="16.473884">
      </trkpt>
      <trkpt lat="49.117157" lon="16.473615">
      </trkpt>
      <trkpt lat="49.117049" lon="16.473747">
      </trkpt>
      <trkpt lat="49.116877" lon="16.474085">
      </trkpt>
      <trkpt lat="49.116845" lon="16.474179">
      </trkpt>
      <trkpt lat="49.116772" lon="16.475133">
      </trkpt>
      <trkpt lat="49.117162" lon="16.47752">
      </trkpt>
      <trkpt lat="49.119864" lon="16.479664">
      </trkpt>
      <trkpt lat="49.119998" lon="16.479737">
      </trkpt>
      <trkpt lat="49.120814" lon="16.48009">
      </trkpt>
      <trkpt lat="49.121682" lon="16.480232">
      </trkpt>
      <trkpt lat="49.126788" lon="16.481167">
      </trkpt>
      <trkpt lat="49.131336" lon="16.483483">
      </trkpt>
      <trkpt lat="49.132418" lon="16.483847">
      </trkpt>
      <trkpt lat="49.133267" lon="16.483719">
      </trkpt>
      <trkpt lat="49.134" lon="16.483296">
      </trkpt>
      <trkpt lat="49.134227" lon="16.483066">
      </trkpt>
      <trkpt lat="49.134513" lon="16.482723">
      </trkpt>
      <trkpt lat="49.135165" lon="16.479938">
      </trkpt>
      <trkpt lat="49.136548" lon="16.477749">
      </trkpt>
      <trkpt lat="49.137436" lon="16.476132">
      </trkpt>
      <trkpt lat="49.146361" lon="16.476235">
      </trkpt>
      <trkpt lat="49.147726" lon="16.478673">
      </trkpt>
      <trkpt lat="49.149095" lon="16.484959">
      </trkpt>
      <trkpt lat="49.149173" lon="16.485982">
      </trkpt>
      <trkpt lat="49.150286" lon="16.491815">
      </trkpt>
      <trkpt lat="49.149934" lon="16.49517">
      </trkpt>
      <trkpt lat="49.148323" lon="16.498725">
      </trkpt>
      <trkpt lat="49.148299" lon="16.498779">
      </trkpt>
      <trkpt lat="49.147208" lon="16.503195">
      </trkpt>
      <trkpt lat="49.147724" lon="16.506758">
      </trkpt>
      <trkpt lat="49.149031" lon="16.515376">
      </trkpt>
      <trkpt lat="49.148605" lon="16.517884">
      </trkpt>
      <trkpt lat="49.148546" lon="16.518239">
      </trkpt>
      <trkpt lat="49.147891" lon="16.521444">
      </trkpt>
      <trkpt lat="49.147803" lon="16.522284">
      </trkpt>
      <trkpt lat="49.140732" lon="16.527229">
      </trkpt>
      <trkpt lat="49.140001" lon="16.527">
      </trkpt>
      <trkpt lat="49.137947" lon="16.526018">
      </trkpt>
      <trkpt lat="49.135239" lon="16.52839">
      </trkpt>
      <trkpt lat="49.135669" lon="16.529012">
      </trkpt>
      <trkpt lat="49.135924" lon="16.529343">
      </trkpt>
      <trkpt lat="49.136268" lon="16.529706">
      </trkpt>
      <trkpt lat="49.137099" lon="16.5302">
      </trkpt>
      <trkpt lat="49.141176" lon="16.533296">
      </trkpt>
      <trkpt lat="49.144007" lon="16.54054">
      </trkpt>
      <trkpt lat="49.142783" lon="16.544099">
      </trkpt>
      <trkpt lat="49.139454" lon="16.551111">
      </trkpt>
      <trkpt lat="49.139232" lon="16.551838">
      </trkpt>
      <trkpt lat="49.1391" lon="16.552607">
      </trkpt>
      <trkpt lat="49.13919" lon="16.553495">
      </trkpt>
      <trkpt lat="49.139472" lon="16.554064">
      </trkpt>
      <trkpt lat="49.14249" lon="16.558385">
      </trkpt>
      <trkpt lat="49.143344" lon="16.560484">
      </trkpt>
      <trkpt lat="49.142621" lon="16.56892">
      </trkpt>
      <trkpt lat="49.14128" lon="16.571705">
      </trkpt>
      <trkpt lat="49.135949" lon="16.576631">
      </trkpt>
      <trkpt lat="49.133805" lon="16.579524">
      </trkpt>
      <trkpt lat="49.135909" lon="16.581082">
      </trkpt>
      <trkpt lat="49.138013" lon="16.582641">
      </trkpt>
      <trkpt lat="49.140244" lon="16.584295">
      </trkpt>
      <trkpt lat="49.142475" lon="16.585948">
      </trkpt>
      <trkpt lat="49.142532" lon="16.59329">
      </trkpt>
      <trkpt lat="49.137396" lon="16.5997">
      </trkpt>
      <trkpt lat="49.135666" lon="16.599373">
      </trkpt>
      <trkpt lat="49.134363" lon="16.599473">
      </trkpt>
      <trkpt lat="49.131615" lon="16.599677">
      </trkpt>
      <trkpt lat="49.130476" lon="16.599577">
      </trkpt>
      <trkpt lat="49.127136" lon="16.598812">
      </trkpt>
      <trkpt lat="49.119826" lon="16.595135">
      </trkpt>
      <trkpt lat="49.120976" lon="16.592118">
      </trkpt>
      <trkpt lat="49.120921" lon="16.59184">
      </trkpt>
      <trkpt lat="49.120879" lon="16.591628">
      </trkpt>
      <trkpt lat="49.120771" lon="16.591012">
      </trkpt>
      <trkpt lat="49.12045" lon="16.589339">
      </trkpt>
      <trkpt lat="49.120268" lon="16.588364">
      </trkpt>
      <trkpt lat="49.120153" lon="16.587648">
      </trkpt>
      <trkpt lat="49.120074" lon="16.587225">
      </trkpt>
      <trkpt lat="49.119821" lon="16.58584">
      </trkpt>
      <trkpt lat="49.120226" lon="16.582274">
      </trkpt>
      <trkpt lat="49.11972" lon="16.579603">
      </trkpt>
      <trkpt lat="49.119697" lon="16.579418">
      </trkpt>
      <trkpt lat="49.119514" lon="16.578719">
      </trkpt>
      <trkpt lat="49.119297" lon="16.57753">
      </trkpt>
      <trkpt lat="49.118478" lon="16.575885">
      </trkpt>
      <trkpt lat="49.11705" lon="16.574623">
      </trkpt>
      <trkpt lat="49.115163" lon="16.574481">
      </trkpt>
      <trkpt lat="49.113589" lon="16.575613">
      </trkpt>
      <trkpt lat="49.112995" lon="16.58053">
      </trkpt>
      <trkpt lat="49.112753" lon="16.581314">
      </trkpt>
      <trkpt lat="49.112754" lon="16.58138">
      </trkpt>
      <trkpt lat="49.112768" lon="16.581467">
      </trkpt>
      <trkpt lat="49.113471" lon="16.583686">
      </trkpt>
      <trkpt lat="49.112133" lon="16.592194">
      </trkpt>
      <trkpt lat="49.10987" lon="16.595124">
      </trkpt>
      <trkpt lat="49.105359" lon="16.598679">
      </trkpt>
      <trkpt lat="49.098161" lon="16.597338">
      </trkpt>
      <trkpt lat="49.09671" lon="16.595782">
      </trkpt>
      <trkpt lat="49.096144" lon="16.595071">
      </trkpt>
      <trkpt lat="49.093629" lon="16.592362">
      </trkpt>
      <trkpt lat="49.093009" lon="16.591428">
      </trkpt>
      <trkpt lat="49.092378" lon="16.590402">
      </trkpt>
      <trkpt lat="49.091864" lon="16.58949">
      </trkpt>
      <trkpt lat="49.091303" lon="16.588406">
      </trkpt>
      <trkpt lat="49.090814" lon="16.587384">
      </trkpt>
      <trkpt lat="49.090499" lon="16.586681">
      </trkpt>
      <trkpt lat="49.089982" lon="16.585426">
      </trkpt>
      <trkpt lat="49.08951" lon="16.584159">
      </trkpt>
      <trkpt lat="49.089017" lon="16.582733">
      </trkpt>
      <trkpt lat="49.08843" lon="16.580916">
      </trkpt>
      <trkpt lat="49.087733" lon="16.578684">
      </trkpt>
      <trkpt lat="49.087027" lon="16.576423">
      </trkpt>
      <trkpt lat="49.086717" lon="16.575488">
      </trkpt>
      <trkpt lat="49.086146" lon="16.573901">
      </trkpt>
      <trkpt lat="49.085735" lon="16.572873">
      </trkpt>
      <trkpt lat="49.08502" lon="16.571187">
      </trkpt>
      <trkpt lat="49.084045" lon="16.569158">
      </trkpt>
      <trkpt lat="49.082819" lon="16.566942">
      </trkpt>
      <trkpt lat="49.082215" lon="16.565935">
      </trkpt>
      <trkpt lat="49.080987" lon="16.5641">
      </trkpt>
      <trkpt lat="49.080517" lon="16.563445">
      </trkpt>
      <trkpt lat="49.079918" lon="16.56266">
      </trkpt>
      <trkpt lat="49.077056" lon="16.564844">
      </trkpt>
      <trkpt lat="49.07973" lon="16.568791">
      </trkpt>
      <trkpt lat="49.081774" lon="16.572744">
      </trkpt>
      <trkpt lat="49.08242" lon="16.574276">
      </trkpt>
      <trkpt lat="49.083328" lon="16.576705">
      </trkpt>
      <trkpt lat="49.083609" lon="16.577554">
      </trkpt>
      <trkpt lat="49.084297" lon="16.579757">
      </trkpt>
      <trkpt lat="49.084994" lon="16.581989">
      </trkpt>
      <trkpt lat="49.085591" lon="16.58384">
      </trkpt>
      <trkpt lat="49.086258" lon="16.591171">
      </trkpt>
      <trkpt lat="49.086551" lon="16.592899">
      </trkpt>
      <trkpt lat="49.088717" lon="16.599807">
      </trkpt>
      <trkpt lat="49.088464" lon="16.604211">
      </trkpt>
      <trkpt lat="49.08873" lon="16.604942">
      </trkpt>
      <trkpt lat="49.088868" lon="16.605178">
      </trkpt>
      <trkpt lat="49.090154" lon="16.605783">
      </trkpt>
      <trkpt lat="49.097187" lon="16.60661">
      </trkpt>
      <trkpt lat="49.103121" lon="16.612053">
      </trkpt>
      <trkpt lat="49.10651" lon="16.610838">
      </trkpt>
      <trkpt lat="49.11212" lon="16.606916">
      </trkpt>
      <trkpt lat="49.117462" lon="16.608902">
      </trkpt>
      <trkpt lat="49.118946" lon="16.613684">
      </trkpt>
      <trkpt lat="49.121976" lon="16.620877">
      </trkpt>
      <trkpt lat="49.122296" lon="16.624846">
      </trkpt>
      <trkpt lat="49.126241" lon="16.631591">
      </trkpt>
      <trkpt lat="49.126021" lon="16.635184">
      </trkpt>
      <trkpt lat="49.121811" lon="16.64298">
      </trkpt>
      <trkpt lat="49.119323" lon="16.64438">
      </trkpt>
      <trkpt lat="49.116866" lon="16.645762">
      </trkpt>
      <trkpt lat="49.1148" lon="16.646873">
      </trkpt>
      <trkpt lat="49.112034" lon="16.648203">
      </trkpt>
      <trkpt lat="49.110215" lon="16.649028">
      </trkpt>
      <trkpt lat="49.108361" lon="16.64976">
      </trkpt>
      <trkpt lat="49.106559" lon="16.650471">
      </trkpt>
      <trkpt lat="49.104633" lon="16.651161">
      </trkpt>
      <trkpt lat="49.102443" lon="16.651907">
      </trkpt>
      <trkpt lat="49.100341" lon="16.652532">
      </trkpt>
      <trkpt lat="49.098296" lon="16.653079">
      </trkpt>
      <trkpt lat="49.094541" lon="16.65402">
      </trkpt>
      <trkpt lat="49.090585" lon="16.655013">
      </trkpt>
      <trkpt lat="49.087714" lon="16.655745">
      </trkpt>
      <trkpt lat="49.084844" lon="16.656477">
      </trkpt>
      <trkpt lat="49.082224" lon="16.657145">
      </trkpt>
      <trkpt lat="49.079603" lon="16.657814">
      </trkpt>
      <trkpt lat="49.080493" lon="16.661302">
      </trkpt>
      <trkpt lat="49.083113" lon="16.660634">
      </trkpt>
      <trkpt lat="49.085733" lon="16.659966">
      </trkpt>
      <trkpt lat="49.088604" lon="16.659234">
      </trkpt>
      <trkpt lat="49.091475" lon="16.658502">
      </trkpt>
      <trkpt lat="49.095416" lon="16.657512">
      </trkpt>
      <trkpt lat="49.099171" lon="16.656571">
      </trkpt>
      <trkpt lat="49.101271" lon="16.65601">
      </trkpt>
      <trkpt lat="49.103468" lon="16.655358">
      </trkpt>
      <trkpt lat="49.105793" lon="16.654569">
      </trkpt>
      <trkpt lat="49.107773" lon="16.65386">
      </trkpt>
      <trkpt lat="49.109681" lon="16.653109">
      </trkpt>
      <trkpt lat="49.111536" lon="16.652377">
      </trkpt>
      <trkpt lat="49.113518" lon="16.651483">
      </trkpt>
      <trkpt lat="49.116359" lon="16.650118">
      </trkpt>
      <trkpt lat="49.123549" lon="16.652034">
      </trkpt>
      <trkpt lat="49.126083" lon="16.652895">
      </trkpt>
      <trkpt lat="49.132617" lon="16.652741">
      </trkpt>
      <trkpt lat="49.134269" lon="16.652871">
      </trkpt>
      <trkpt lat="49.135098" lon="16.652918">
      </trkpt>
      <trkpt lat="49.135824" lon="16.652511">
      </trkpt>
      <trkpt lat="49.13585" lon="16.65244">
      </trkpt>
      <trkpt lat="49.138143" lon="16.644353">
      </trkpt>
      <trkpt lat="49.139109" lon="16.643255">
      </trkpt>
      <trkpt lat="49.140785" lon="16.640955">
      </trkpt>
      <trkpt lat="49.141265" lon="16.640226">
      </trkpt>
      <trkpt lat="49.146795" lon="16.633339">
      </trkpt>
      <trkpt lat="49.151222" lon="16.631916">
      </trkpt>
      <trkpt lat="49.152537" lon="16.631832">
      </trkpt>
      <trkpt lat="49.153379" lon="16.631807">
      </trkpt>
      <trkpt lat="49.159273" lon="16.637445">
      </trkpt>
      <trkpt lat="49.158589" lon="16.640184">
      </trkpt>
      <trkpt lat="49.159308" lon="16.643889">
      </trkpt>
      <trkpt lat="49.160149" lon="16.648245">
      </trkpt>
      <trkpt lat="49.160517" lon="16.650341">
      </trkpt>
      <trkpt lat="49.160784" lon="16.652129">
      </trkpt>
      <trkpt lat="49.160971" lon="16.653553">
      </trkpt>
      <trkpt lat="49.161281" lon="16.655445">
      </trkpt>
      <trkpt lat="49.16135" lon="16.65783">
      </trkpt>
      <trkpt lat="49.161402" lon="16.658772">
      </trkpt>
      <trkpt lat="49.161451" lon="16.660122">
      </trkpt>
      <trkpt lat="49.16147" lon="16.66135">
      </trkpt>
      <trkpt lat="49.161464" lon="16.663973">
      </trkpt>
      <trkpt lat="49.161396" lon="16.667238">
      </trkpt>
      <trkpt lat="49.161338" lon="16.670052">
      </trkpt>
      <trkpt lat="49.161332" lon="16.671928">
      </trkpt>
      <trkpt lat="49.161355" lon="16.673732">
      </trkpt>
      <trkpt lat="49.161414" lon="16.675219">
      </trkpt>
      <trkpt lat="49.161497" lon="16.676745">
      </trkpt>
      <trkpt lat="49.161605" lon="16.678183">
      </trkpt>
      <trkpt lat="49.161793" lon="16.680055">
      </trkpt>
      <trkpt lat="49.16202" lon="16.681686">
      </trkpt>
      <trkpt lat="49.162303" lon="16.683204">
      </trkpt>
      <trkpt lat="49.162608" lon="16.684477">
      </trkpt>
      <trkpt lat="49.162996" lon="16.685841">
      </trkpt>
      <trkpt lat="49.163555" lon="16.687104">
      </trkpt>
      <trkpt lat="49.162021" lon="16.69448">
      </trkpt>
      <trkpt lat="49.157966" lon="16.696603">
      </trkpt>
      <trkpt lat="49.154377" lon="16.696315">
      </trkpt>
      <trkpt lat="49.154302" lon="16.697257">
      </trkpt>
      <trkpt lat="49.154332" lon="16.697971">
      </trkpt>
      <trkpt lat="49.15441" lon="16.698418">
      </trkpt>
      <trkpt lat="49.154531" lon="16.698808">
      </trkpt>
      <trkpt lat="49.155785" lon="16.701056">
      </trkpt>
      <trkpt lat="49.160681" lon="16.703317">
      </trkpt>
      <trkpt lat="49.16075" lon="16.703298">
      </trkpt>
      <trkpt lat="49.162007" lon="16.701511">
      </trkpt>
      <trkpt lat="49.162949" lon="16.700043">
      </trkpt>
      <trkpt lat="49.170793" lon="16.698681">
      </trkpt>
      <trkpt lat="49.172653" lon="16.70098">
      </trkpt>
      <trkpt lat="49.173855" lon="16.702554">
      </trkpt>
      <trkpt lat="49.175267" lon="16.704523">
      </trkpt>
      <trkpt lat="49.175971" lon="16.705588">
      </trkpt>
      <trkpt lat="49.176512" lon="16.706443">
      </trkpt>
      <trkpt lat="49.17738" lon="16.707916">
      </trkpt>
      <trkpt lat="49.178253" lon="16.709514">
      </trkpt>
      <trkpt lat="49.178777" lon="16.710569">
      </trkpt>
      <trkpt lat="49.179259" lon="16.711592">
      </trkpt>
      <trkpt lat="49.180862" lon="16.715471">
      </trkpt>
      <trkpt lat="49.181336" lon="16.716791">
      </trkpt>
      <trkpt lat="49.181625" lon="16.717671">
      </trkpt>
      <trkpt lat="49.182146" lon="16.719347">
      </trkpt>
      <trkpt lat="49.182426" lon="16.720358">
      </trkpt>
      <trkpt lat="49.183902" lon="16.72723">
      </trkpt>
      <trkpt lat="49.184119" lon="16.728549">
      </trkpt>
      <trkpt lat="49.184551" lon="16.731999">
      </trkpt>
      <trkpt lat="49.184802" lon="16.734634">
      </trkpt>
      <trkpt lat="49.184917" lon="16.736448">
      </trkpt>
      <trkpt lat="49.185016" lon="16.738472">
      </trkpt>
      <trkpt lat="49.185073" lon="16.741548">
      </trkpt>
      <trkpt lat="49.185056" lon="16.743332">
      </trkpt>
      <trkpt lat="49.185001" lon="16.745126">
      </trkpt>
      <trkpt lat="49.184895" lon="16.747184">
      </trkpt>
      <trkpt lat="49.184792" lon="16.748611">
      </trkpt>
      <trkpt lat="49.184695" lon="16.749717">
      </trkpt>
      <trkpt lat="49.184423" lon="16.752227">
      </trkpt>
      <trkpt lat="49.184255" lon="16.753524">
      </trkpt>
      <trkpt lat="49.183944" lon="16.755586">
      </trkpt>
      <trkpt lat="49.183674" lon="16.75717">
      </trkpt>
      <trkpt lat="49.183373" lon="16.758693">
      </trkpt>
      <trkpt lat="49.186905" lon="16.75939">
      </trkpt>
      <trkpt lat="49.187205" lon="16.757867">
      </trkpt>
      <trkpt lat="49.187492" lon="16.756192">
      </trkpt>
      <trkpt lat="49.187815" lon="16.754062">
      </trkpt>
      <trkpt lat="49.187993" lon="16.752689">
      </trkpt>
      <trkpt lat="49.188275" lon="16.750096">
      </trkpt>
      <trkpt lat="49.188378" lon="16.748927">
      </trkpt>
      <trkpt lat="49.188486" lon="16.747443">
      </trkpt>
      <trkpt lat="49.188597" lon="16.745312">
      </trkpt>
      <trkpt lat="49.188655" lon="16.743438">
      </trkpt>
      <trkpt lat="49.188673" lon="16.741582">
      </trkpt>
      <trkpt lat="49.188614" lon="16.738367">
      </trkpt>
      <trkpt lat="49.188513" lon="16.736273">
      </trkpt>
      <trkpt lat="49.188395" lon="16.734407">
      </trkpt>
      <trkpt lat="49.188135" lon="16.731659">
      </trkpt>
      <trkpt lat="49.187691" lon="16.728102">
      </trkpt>
      <trkpt lat="49.187454" lon="16.726649">
      </trkpt>
      <trkpt lat="49.185921" lon="16.719498">
      </trkpt>
      <trkpt lat="49.185617" lon="16.718391">
      </trkpt>
      <trkpt lat="49.185063" lon="16.716604">
      </trkpt>
      <trkpt lat="49.184755" lon="16.715666">
      </trkpt>
      <trkpt lat="49.184251" lon="16.714257">
      </trkpt>
      <trkpt lat="49.182545" lon="16.710122">
      </trkpt>
      <trkpt lat="49.182035" lon="16.709036">
      </trkpt>
      <trkpt lat="49.181478" lon="16.707914">
      </trkpt>
      <trkpt lat="49.180539" lon="16.706191">
      </trkpt>
      <trkpt lat="49.179615" lon="16.704617">
      </trkpt>
      <trkpt lat="49.179013" lon="16.703664">
      </trkpt>
      <trkpt lat="49.178272" lon="16.70254">
      </trkpt>
      <trkpt lat="49.176782" lon="16.700458">
      </trkpt>
      <trkpt lat="49.175515" lon="16.698796">
      </trkpt>
      <trkpt lat="49.173592" lon="16.696418">
      </trkpt>
      <trkpt lat="49.173654" lon="16.68901">
      </trkpt>
      <trkpt lat="49.176621" lon="16.686553">
      </trkpt>
      <trkpt lat="49.176625" lon="16.686547">
      </trkpt>
      <trkpt lat="49.176649" lon="16.686502">
      </trkpt>
      <trkpt lat="49.176653" lon="16.686496">
      </trkpt>
      <trkpt lat="49.176877" lon="16.685218">
      </trkpt>
      <trkpt lat="49.177126" lon="16.680724">
      </trkpt>
      <trkpt lat="49.176942" lon="16.67961">
      </trkpt>
      <trkpt lat="49.176847" lon="16.679346">
      </trkpt>
      <trkpt lat="49.174267" lon="16.678537">
      </trkpt>
      <trkpt lat="49.172685" lon="16.679419">
      </trkpt>
      <trkpt lat="49.165113" lon="16.674817">
      </trkpt>
      <trkpt lat="49.165054" lon="16.672832">
      </trkpt>
      <trkpt lat="49.165054" lon="16.670112">
      </trkpt>
      <trkpt lat="49.165115" lon="16.667085">
      </trkpt>
      <trkpt lat="49.165063" lon="16.66404">
      </trkpt>
      <trkpt lat="49.16507" lon="16.661358">
      </trkpt>
      <trkpt lat="49.165051" lon="16.660068">
      </trkpt>
      <trkpt lat="49.164999" lon="16.658641">
      </trkpt>
      <trkpt lat="49.164944" lon="16.657633">
      </trkpt>
      <trkpt lat="49.164862" lon="16.655075">
      </trkpt>
      <trkpt lat="49.16466" lon="16.653126">
      </trkpt>
      <trkpt lat="49.164459" lon="16.6516">
      </trkpt>
      <trkpt lat="49.164173" lon="16.649727">
      </trkpt>
      <trkpt lat="49.163686" lon="16.646945">
      </trkpt>
      <trkpt lat="49.162993" lon="16.643407">
      </trkpt>
      <trkpt lat="49.165064" lon="16.636191">
      </trkpt>
      <trkpt lat="49.169341" lon="16.630623">
      </trkpt>
      <trkpt lat="49.170077" lon="16.628132">
      </trkpt>
      <trkpt lat="49.170699" lon="16.62615">
      </trkpt>
      <trkpt lat="49.174508" lon="16.620191">
      </trkpt>
      <trkpt lat="49.176347" lon="16.616162">
      </trkpt>
      <trkpt lat="49.183483" lon="16.613395">
      </trkpt>
      <trkpt lat="49.186779" lon="16.611947">
      </trkpt>
      <trkpt lat="49.190797" lon="16.608865">
      </trkpt>
      <trkpt lat="49.190802" lon="16.608827">
      </trkpt>
      <trkpt lat="49.190919" lon="16.607591">
      </trkpt>
      <trkpt lat="49.190934" lon="16.607295">
      </trkpt>
      <trkpt lat="49.190936" lon="16.607258">
      </trkpt>
      <trkpt lat="49.19144" lon="16.603173">
      </trkpt>
      <trkpt lat="49.19129" lon="16.602724">
      </trkpt>
      <trkpt lat="49.197224" lon="16.595963">
      </trkpt>
      <trkpt lat="49.197337" lon="16.595923">
      </trkpt>
      <trkpt lat="49.19766" lon="16.595808">
      </trkpt>
      <trkpt lat="49.198105" lon="16.595666">
      </trkpt>
      <trkpt lat="49.198967" lon="16.594354">
      </trkpt>
      <trkpt lat="49.198896" lon="16.593844">
      </trkpt>
      <trkpt lat="49.198597" lon="16.591424">
      </trkpt>
      <trkpt lat="49.198597" lon="16.589765">
      </trkpt>
      <trkpt lat="49.199097" lon="16.586109">
      </trkpt>
      <trkpt lat="49.199126" lon="16.585727">
      </trkpt>
      <trkpt lat="49.199118" lon="16.585231">
      </trkpt>
      <trkpt lat="49.199029" lon="16.584604">
      </trkpt>
      <trkpt lat="49.198993" lon="16.584436">
      </trkpt>
      <trkpt lat="49.198814" lon="16.583772">
      </trkpt>
      <trkpt lat="49.198656" lon="16.583302">
      </trkpt>
      <trkpt lat="49.198171" lon="16.579973">
      </trkpt>
      <trkpt lat="49.198425" lon="16.578193">
      </trkpt>
      <trkpt lat="49.198343" lon="16.57588">
      </trkpt>
      <trkpt lat="49.205276" lon="16.571391">
      </trkpt>
      <trkpt lat="49.20685" lon="16.572462">
      </trkpt>
      <trkpt lat="49.207875" lon="16.573922">
      </trkpt>
      <trkpt lat="49.208644" lon="16.574636">
      </trkpt>
      <trkpt lat="49.211262" lon="16.576305">
      </trkpt>
      <trkpt lat="49.213554" lon="16.5792">
      </trkpt>
      <trkpt lat="49.216876" lon="16.577813">
      </trkpt>
      <trkpt lat="49.216665" lon="16.577308">
      </trkpt>
      <trkpt lat="49.216413" lon="16.576783">
      </trkpt>
      <trkpt lat="49.213569" lon="16.568282">
      </trkpt>
      <trkpt lat="49.213637" lon="16.567504">
      </trkpt>
      <trkpt lat="49.213666" lon="16.567221">
      </trkpt>
      <trkpt lat="49.214045" lon="16.564814">
      </trkpt>
      <trkpt lat="49.214173" lon="16.563984">
      </trkpt>
      <trkpt lat="49.2115" lon="16.556232">
      </trkpt>
      <trkpt lat="49.210666" lon="16.554208">
      </trkpt>
      <trkpt lat="49.210343" lon="16.553658">
      </trkpt>
      <trkpt lat="49.207279" lon="16.553195">
      </trkpt>
      <trkpt lat="49.206572" lon="16.552994">
      </trkpt>
      <trkpt lat="49.202463" lon="16.545577">
      </trkpt>
      <trkpt lat="49.202431" lon="16.545225">
      </trkpt>
      <trkpt lat="49.198096" lon="16.540076">
      </trkpt>
      <trkpt lat="49.199094" lon="16.534833">
      </trkpt>
      <trkpt lat="49.20738" lon="16.535859">
      </trkpt>
      <trkpt lat="49.210823" lon="16.536911">
      </trkpt>
      <trkpt lat="49.213054" lon="16.534366">
      </trkpt>
      <trkpt lat="49.221212" lon="16.531305">
      </trkpt>
      <trkpt lat="49.221804" lon="16.531786">
      </trkpt>
      <trkpt lat="49.22221" lon="16.532049">
      </trkpt>
      <trkpt lat="49.227322" lon="16.527722">
      </trkpt>
      <trkpt lat="49.230894" lon="16.527277">
      </trkpt>
      <trkpt lat="49.231014" lon="16.524004">
      </trkpt>
      <trkpt lat="49.231084" lon="16.521629">
      </trkpt>
      <trkpt lat="49.230245" lon="16.519663">
      </trkpt>
      <trkpt lat="49.233213" lon="16.511341">
      </trkpt>
      <trkpt lat="49.233929" lon="16.511088">
      </trkpt>
      <trkpt lat="49.234397" lon="16.510803">
      </trkpt>
      <trkpt lat="49.234917" lon="16.510294">
      </trkpt>
      <trkpt lat="49.239356" lon="16.505599">
      </trkpt>
      <trkpt lat="49.24222" lon="16.502664">
      </trkpt>
      <trkpt lat="49.24771" lon="16.496879">
      </trkpt>
      <trkpt lat="49.248166" lon="16.496467">
      </trkpt>
      <trkpt lat="49.248584" lon="16.495939">
      </trkpt>
      <trkpt lat="49.248824" lon="16.495501">
      </trkpt>
      <trkpt lat="49.249173" lon="16.494542">
      </trkpt>
      <trkpt lat="49.252199" lon="16.486161">
      </trkpt>
      <trkpt lat="49.252407" lon="16.485839">
      </trkpt>
      <trkpt lat="49.252768" lon="16.485228">
      </trkpt>
      <trkpt lat="49.253092" lon="16.484585">
      </trkpt>
      <trkpt lat="49.255651" lon="16.479655">
      </trkpt>
      <trkpt lat="49.256595" lon="16.477798">
      </trkpt>
      <trkpt lat="49.257122" lon="16.476822">
      </trkpt>
      <trkpt lat="49.260919" lon="16.472036">
      </trkpt>
      <trkpt lat="49.261395" lon="16.471441">
      </trkpt>
      <trkpt lat="49.261788" lon="16.470755">
      </trkpt>
      <trkpt lat="49.262043" lon="16.470159">
      </trkpt>
      <trkpt lat="49.262628" lon="16.468054">
      </trkpt>
      <trkpt lat="49.26272" lon="16.467473">
      </trkpt>
      <trkpt lat="49.262719" lon="16.466802">
      </trkpt>
      <trkpt lat="49.2626" lon="16.466129">
      </trkpt>
      <trkpt lat="49.262492" lon="16.465765">
      </trkpt>
      <trkpt lat="49.262289" lon="16.465303">
      </trkpt>
      <trkpt lat="49.25859" lon="16.462345">
      </trkpt>
      <trkpt lat="49.258009" lon="16.458324">
      </trkpt>
      <trkpt lat="49.264265" lon="16.454487">
      </trkpt>
      <trkpt lat="49.265667" lon="16.454419">
      </trkpt>
      <trkpt lat="49.266203" lon="16.454332">
      </trkpt>
      <trkpt lat="49.26652" lon="16.450746">
      </trkpt>
      <trkpt lat="49.274401" lon="16.446678">
      </trkpt>
      <trkpt lat="49.275653" lon="16.450377">
      </trkpt>
      <trkpt lat="49.27532" lon="16.452726">
      </trkpt>
      <trkpt lat="49.275293" lon="16.453013">
      </trkpt>
      <trkpt lat="49.275285" lon="16.453473">
      </trkpt>
      <trkpt lat="49.275346" lon="16.454057">
      </trkpt>
      <trkpt lat="49.275444" lon="16.454525">
      </trkpt>
      <trkpt lat="49.275571" lon="16.455088">
      </trkpt>
      <trkpt lat="49.276338" lon="16.459823">
      </trkpt>
      <trkpt lat="49.275749" lon="16.4626">
      </trkpt>
      <trkpt lat="49.275775" lon="16.462629">
      </trkpt>
      <trkpt lat="49.276317" lon="16.462888">
      </trkpt>
      <trkpt lat="49.280331" lon="16.46602">
      </trkpt>
      <trkpt lat="49.280818" lon="16.46642">
      </trkpt>
      <trkpt lat="49.281862" lon="16.466699">
      </trkpt>
      <trkpt lat="49.282601" lon="16.46655">
      </trkpt>
      <trkpt lat="49.290159" lon="16.470059">
      </trkpt>
      <trkpt lat="49.290754" lon="16.474305">
      </trkpt>
      <trkpt lat="49.290719" lon="16.474761">
      </trkpt>
      <trkpt lat="49.290751" lon="16.475318">
      </trkpt>
      <trkpt lat="49.290643" lon="16.478324">
      </trkpt>
      <trkpt lat="49.290609" lon="16.47872">
      </trkpt>
      <trkpt lat="49.29046" lon="16.479908">
      </trkpt>
      <trkpt lat="49.290388" lon="16.480352">
      </trkpt>
      <trkpt lat="49.289587" lon="16.483718">
      </trkpt>
      <trkpt lat="49.289525" lon="16.483941">
      </trkpt>
      <trkpt lat="49.292992" lon="16.484909">
      </trkpt>
      <trkpt lat="49.293054" lon="16.484686">
      </trkpt>
      <trkpt lat="49.293611" lon="16.483139">
      </trkpt>
      <trkpt lat="49.293743" lon="16.482654">
      </trkpt>
      <trkpt lat="49.293817" lon="16.482223">
      </trkpt>
      <trkpt lat="49.29397" lon="16.480712">
      </trkpt>
      <trkpt lat="49.294097" lon="16.480162">
      </trkpt>
      <trkpt lat="49.29418" lon="16.479703">
      </trkpt>
      <trkpt lat="49.294307" lon="16.47828">
      </trkpt>
      <trkpt lat="49.295612" lon="16.473186">
      </trkpt>
      <trkpt lat="49.302995" lon="16.472098">
      </trkpt>
      <trkpt lat="49.304509" lon="16.476308">
      </trkpt>
      <trkpt lat="49.304409" lon="16.477454">
      </trkpt>
      <trkpt lat="49.304376" lon="16.47872">
      </trkpt>
      <trkpt lat="49.30439" lon="16.479324">
      </trkpt>
      <trkpt lat="49.307989" lon="16.479242">
      </trkpt>
      <trkpt lat="49.311066" lon="16.47726">
      </trkpt>
      <trkpt lat="49.311283" lon="16.477021">
      </trkpt>
      <trkpt lat="49.31145" lon="16.476814">
      </trkpt>
      <trkpt lat="49.311597" lon="16.475669">
      </trkpt>
      <trkpt lat="49.310884" lon="16.469204">
      </trkpt>
      <trkpt lat="49.309743" lon="16.461541">
      </trkpt>
      <trkpt lat="49.310986" lon="16.459862">
      </trkpt>
      <trkpt lat="49.31135" lon="16.459399">
      </trkpt>
      <trkpt lat="49.311604" lon="16.458975">
      </trkpt>
      <trkpt lat="49.313911" lon="16.454937">
      </trkpt>
      <trkpt lat="49.321586" lon="16.457654">
      </trkpt>
      <trkpt lat="49.322363" lon="16.458519">
      </trkpt>
      <trkpt lat="49.322549" lon="16.458677">
      </trkpt>
      <trkpt lat="49.32456" lon="16.459683">
      </trkpt>
      <trkpt lat="49.325362" lon="16.458507">
      </trkpt>
      <trkpt lat="49.325646" lon="16.457043">
      </trkpt>
      <trkpt lat="49.327157" lon="16.454669">
      </trkpt>
      <trkpt lat="49.335653" lon="16.457172">
      </trkpt>
      <trkpt lat="49.335149" lon="16.46051">
      </trkpt>
      <trkpt lat="49.334762" lon="16.463447">
      </trkpt>
      <trkpt lat="49.334375" lon="16.466384">
      </trkpt>
      <trkpt lat="49.337944" lon="16.466854">
      </trkpt>
      <trkpt lat="49.338331" lon="16.463918">
      </trkpt>
      <trkpt lat="49.338718" lon="16.460981">
      </trkpt>
      <trkpt lat="49.339213" lon="16.45771">
      </trkpt>
      <trkpt lat="49.339263" lon="16.457125">
      </trkpt>
      <trkpt lat="49.339614" lon="16.454246">
      </trkpt>
      <trkpt lat="49.339736" lon="16.453548">
      </trkpt>
      <trkpt lat="49.339853" lon="16.45223">
      </trkpt>
      <trkpt lat="49.339822" lon="16.45112">
      </trkpt>
      <trkpt lat="49.339782" lon="16.450617">
      </trkpt>
      <trkpt lat="49.339388" lon="16.445982">
      </trkpt>
      <trkpt lat="49.33968" lon="16.445004">
      </trkpt>
      <trkpt lat="49.34253" lon="16.438915">
      </trkpt>
      <trkpt lat="49.348888" lon="16.440151">
      </trkpt>
      <trkpt lat="49.354041" lon="16.445027">
      </trkpt>
      <trkpt lat="49.356926" lon="16.449036">
      </trkpt>
      <trkpt lat="49.357013" lon="16.449274">
      </trkpt>
      <trkpt lat="49.360397" lon="16.448046">
      </trkpt>
      <trkpt lat="49.359864" lon="16.446134">
      </trkpt>
      <trkpt lat="49.35947" lon="16.44468">
      </trkpt>
      <trkpt lat="49.359258" lon="16.444097">
      </trkpt>
      <trkpt lat="49.358576" lon="16.443098">
      </trkpt>
      <trkpt lat="49.357927" lon="16.442353">
      </trkpt>
      <trkpt lat="49.35654" lon="16.440715">
      </trkpt>
      <trkpt lat="49.355375" lon="16.439543">
      </trkpt>
      <trkpt lat="49.354081" lon="16.432394">
      </trkpt>
      <trkpt lat="49.35662" lon="16.42939">
      </trkpt>
      <trkpt lat="49.356706" lon="16.429199">
      </trkpt>
      <trkpt lat="49.355718" lon="16.425226">
      </trkpt>
      <trkpt lat="49.355659" lon="16.425019">
      </trkpt>
      <trkpt lat="49.351082" lon="16.42213">
      </trkpt>
      <trkpt lat="49.353101" lon="16.414902">
      </trkpt>
      <trkpt lat="49.353669" lon="16.41435">
      </trkpt>
      <trkpt lat="49.353949" lon="16.41397">
      </trkpt>
      <trkpt lat="49.355042" lon="16.412562">
      </trkpt>
      <trkpt lat="49.355782" lon="16.411518">
      </trkpt>
      <trkpt lat="49.357132" lon="16.407787">
      </trkpt>
      <trkpt lat="49.358014" lon="16.405831">
      </trkpt>
      <trkpt lat="49.358223" lon="16.405214">
      </trkpt>
      <trkpt lat="49.358292" lon="16.404502">
      </trkpt>
      <trkpt lat="49.364043" lon="16.397893">
      </trkpt>
      <trkpt lat="49.368027" lon="16.39426">
      </trkpt>
      <trkpt lat="49.374949" lon="16.391767">
      </trkpt>
      <trkpt lat="49.378426" lon="16.384348">
      </trkpt>
      <trkpt lat="49.379327" lon="16.382275">
      </trkpt>
      <trkpt lat="49.380695" lon="16.379069">
      </trkpt>
      <trkpt lat="49.380685" lon="16.378984">
      </trkpt>
      <trkpt lat="49.378656" lon="16.377495">
      </trkpt>
      <trkpt lat="49.373325" lon="16.374818">
      </trkpt>
      <trkpt lat="49.375044" lon="16.366893">
      </trkpt>
      <trkpt lat="49.37721" lon="16.365815">
      </trkpt>
      <trkpt lat="49.377359" lon="16.365535">
      </trkpt>
      <trkpt lat="49.377499" lon="16.365217">
      </trkpt>
      <trkpt lat="49.377747" lon="16.364647">
      </trkpt>
      <trkpt lat="49.380196" lon="16.359414">
      </trkpt>
      <trkpt lat="49.383399" lon="16.35257">
      </trkpt>
      <trkpt lat="49.3839" lon="16.346492">
      </trkpt>
      <trkpt lat="49.387922" lon="16.339247">
      </trkpt>
      <trkpt lat="49.391592" lon="16.335668">
      </trkpt>
      <trkpt lat="49.392001" lon="16.335287">
      </trkpt>
      <trkpt lat="49.392361" lon="16.334854">
      </trkpt>
      <trkpt lat="49.392773" lon="16.334251">
      </trkpt>
      <trkpt lat="49.392933" lon="16.333963">
      </trkpt>
      <trkpt lat="49.393349" lon="16.333081">
      </trkpt>
      <trkpt lat="49.390093" lon="16.331545">
      </trkpt>
      <trkpt lat="49.387062" lon="16.334535">
      </trkpt>
      <trkpt lat="49.386549" lon="16.334942">
      </trkpt>
      <trkpt lat="49.377989" lon="16.333076">
      </trkpt>
      <trkpt lat="49.378647" lon="16.32768">
      </trkpt>
      <trkpt lat="49.378878" lon="16.327214">
      </trkpt>
      <trkpt lat="49.381589" lon="16.324473">
      </trkpt>
      <trkpt lat="49.382199" lon="16.324123">
      </trkpt>
      <trkpt lat="49.384368" lon="16.320099">
      </trkpt>
      <trkpt lat="49.384736" lon="16.319419">
      </trkpt>
      <trkpt lat="49.39116" lon="16.314635">
      </trkpt>
      <trkpt lat="49.392451" lon="16.314228">
      </trkpt>
      <trkpt lat="49.395411" lon="16.311955">
      </trkpt>
      <trkpt lat="49.395662" lon="16.311764">
      </trkpt>
      <trkpt lat="49.395106" lon="16.308989">
      </trkpt>
      <trkpt lat="49.394813" lon="16.308385">
      </trkpt>
      <trkpt lat="49.394431" lon="16.307877">
      </trkpt>
      <trkpt lat="49.393781" lon="16.307407">
      </trkpt>
      <trkpt lat="49.393221" lon="16.307213">
      </trkpt>
      <trkpt lat="49.392684" lon="16.30712">
      </trkpt>
      <trkpt lat="49.392139" lon="16.307029">
      </trkpt>
      <trkpt lat="49.387382" lon="16.29961">
      </trkpt>
      <trkpt lat="49.387656" lon="16.298696">
      </trkpt>
      <trkpt lat="49.387919" lon="16.29744">
      </trkpt>
      <trkpt lat="49.387993" lon="16.296951">
      </trkpt>
      <trkpt lat="49.388029" lon="16.296459">
      </trkpt>
      <trkpt lat="49.389878" lon="16.290861">
      </trkpt>
      <trkpt lat="49.39103" lon="16.288887">
      </trkpt>
      <trkpt lat="49.391534" lon="16.287618">
      </trkpt>
      <trkpt lat="49.392487" lon="16.285504">
      </trkpt>
      <trkpt lat="49.387316" lon="16.281222">
      </trkpt>
      <trkpt lat="49.391587" lon="16.274401">
      </trkpt>
      <trkpt lat="49.396707" lon="16.273489">
      </trkpt>
      <trkpt lat="49.400282" lon="16.273061">
      </trkpt>
      <trkpt lat="49.400406" lon="16.271225">
      </trkpt>
      <trkpt lat="49.400409" lon="16.271191">
      </trkpt>
      <trkpt lat="49.40289" lon="16.262702">
      </trkpt>
      <trkpt lat="49.403523" lon="16.261819">
      </trkpt>
      <trkpt lat="49.40679" lon="16.25485">
      </trkpt>
      <trkpt lat="49.406344" lon="16.251239">
      </trkpt>
      <trkpt lat="49.413685" lon="16.246533">
      </trkpt>
      <trkpt lat="49.414762" lon="16.246358">
      </trkpt>
      <trkpt lat="49.419073" lon="16.245825">
      </trkpt>
      <trkpt lat="49.420508" lon="16.24492">
      </trkpt>
      <trkpt lat="49.421518" lon="16.24342">
      </trkpt>
      <trkpt lat="49.42236" lon="16.242094">
      </trkpt>
      <trkpt lat="49.422136" lon="16.236337">
      </trkpt>
      <trkpt lat="49.421996" lon="16.234233">
      </trkpt>
      <trkpt lat="49.421849" lon="16.233992">
      </trkpt>
      <trkpt lat="49.419559" lon="16.233824">
      </trkpt>
      <trkpt lat="49.41889" lon="16.23433">
      </trkpt>
      <trkpt lat="49.417853" lon="16.235862">
      </trkpt>
      <trkpt lat="49.417483" lon="16.236366">
      </trkpt>
      <trkpt lat="49.417047" lon="16.236892">
      </trkpt>
      <trkpt lat="49.416195" lon="16.237922">
      </trkpt>
      <trkpt lat="49.407501" lon="16.2359">
      </trkpt>
      <trkpt lat="49.407455" lon="16.233489">
      </trkpt>
      <trkpt lat="49.40739" lon="16.230855">
      </trkpt>
      <trkpt lat="49.411349" lon="16.225292">
      </trkpt>
      <trkpt lat="49.413108" lon="16.224722">
      </trkpt>
      <trkpt lat="49.417111" lon="16.222728">
      </trkpt>
      <trkpt lat="49.419844" lon="16.219126">
      </trkpt>
      <trkpt lat="49.420098" lon="16.218799">
      </trkpt>
      <trkpt lat="49.423217" lon="16.214527">
      </trkpt>
      <trkpt lat="49.430119" lon="16.215761">
      </trkpt>
      <trkpt lat="49.430771" lon="16.216582">
      </trkpt>
      <trkpt lat="49.431334" lon="16.217594">
      </trkpt>
      <trkpt lat="49.431205" lon="16.226082">
      </trkpt>
      <trkpt lat="49.42998" lon="16.228669">
      </trkpt>
      <trkpt lat="49.429926" lon="16.229215">
      </trkpt>
      <trkpt lat="49.430114" lon="16.22934">
      </trkpt>
      <trkpt lat="49.430209" lon="16.229398">
      </trkpt>
      <trkpt lat="49.430826" lon="16.229627">
      </trkpt>
      <trkpt lat="49.431521" lon="16.229668">
      </trkpt>
      <trkpt lat="49.431892" lon="16.229616">
      </trkpt>
      <trkpt lat="49.435124" lon="16.228278">
      </trkpt>
      <trkpt lat="49.435722" lon="16.228039">
      </trkpt>
      <trkpt lat="49.436308" lon="16.227733">
      </trkpt>
      <trkpt lat="49.439394" lon="16.225736">
      </trkpt>
      <trkpt lat="49.439895" lon="16.225299">
      </trkpt>
      <trkpt lat="49.448657" lon="16.223926">
      </trkpt>
      <trkpt lat="49.45115" lon="16.224388">
      </trkpt>
      <trkpt lat="49.456502" lon="16.229583">
      </trkpt>
      <trkpt lat="49.454917" lon="16.23755">
      </trkpt>
      <trkpt lat="49.453634" lon="16.238559">
      </trkpt>
      <trkpt lat="49.451967" lon="16.239922">
      </trkpt>
      <trkpt lat="49.451144" lon="16.24045">
      </trkpt>
      <trkpt lat="49.450462" lon="16.240986">
      </trkpt>
      <trkpt lat="49.449658" lon="16.241698">
      </trkpt>
      <trkpt lat="49.449256" lon="16.242151">
      </trkpt>
      <trkpt lat="49.448905" lon="16.242655">
      </trkpt>
      <trkpt lat="49.448583" lon="16.243259">
      </trkpt>
      <trkpt lat="49.448417" lon="16.243669">
      </trkpt>
      <trkpt lat="49.451755" lon="16.245019">
      </trkpt>
      <trkpt lat="49.454871" lon="16.242329">
      </trkpt>
      <trkpt lat="49.455315" lon="16.242038">
      </trkpt>
      <trkpt lat="49.458052" lon="16.239941">
      </trkpt>
      <trkpt lat="49.458491" lon="16.239636">
      </trkpt>
      <trkpt lat="49.458919" lon="16.239196">
      </trkpt>
      <trkpt lat="49.462824" lon="16.236904">
      </trkpt>
      <trkpt lat="49.466748" lon="16.23381">
      </trkpt>
      <trkpt lat="49.474716" lon="16.237303">
      </trkpt>
      <trkpt lat="49.473695" lon="16.241">
      </trkpt>
      <trkpt lat="49.473376" lon="16.241512">
      </trkpt>
      <trkpt lat="49.473195" lon="16.242089">
      </trkpt>
      <trkpt lat="49.47242" lon="16.244015">
      </trkpt>
      <trkpt lat="49.472426" lon="16.245094">
      </trkpt>
      <trkpt lat="49.472563" lon="16.245421">
      </trkpt>
      <trkpt lat="49.473459" lon="16.246821">
      </trkpt>
      <trkpt lat="49.473712" lon="16.246847">
      </trkpt>
      <trkpt lat="49.475071" lon="16.246451">
      </trkpt>
      <trkpt lat="49.477167" lon="16.24547">
      </trkpt>
      <trkpt lat="49.48133" lon="16.238727">
      </trkpt>
      <trkpt lat="49.481403" lon="16.238508">
      </trkpt>
      <trkpt lat="49.481405" lon="16.238489">
      </trkpt>
      <trkpt lat="49.481376" lon="16.238342">
      </trkpt>
      <trkpt lat="49.481004" lon="16.231304">
      </trkpt>
      <trkpt lat="49.480972" lon="16.2256">
      </trkpt>
      <trkpt lat="49.484093" lon="16.21824">
      </trkpt>
      <trkpt lat="49.49137" lon="16.215995">
      </trkpt>
      <trkpt lat="49.494966" lon="16.216148">
      </trkpt>
      <trkpt lat="49.502421" lon="16.213003">
      </trkpt>
      <trkpt lat="49.505961" lon="16.207716">
      </trkpt>
      <trkpt lat="49.50621" lon="16.207236">
      </trkpt>
      <trkpt lat="49.502658" lon="16.201945">
      </trkpt>
      <trkpt lat="49.499068" lon="16.20222">
      </trkpt>
      <trkpt lat="49.493515" lon="16.204227">
      </trkpt>
      <trkpt lat="49.488405" lon="16.200236">
      </trkpt>
      <trkpt lat="49.488066" lon="16.199483">
      </trkpt>
      <trkpt lat="49.487726" lon="16.198666">
      </trkpt>
      <trkpt lat="49.487689" lon="16.191003">
      </trkpt>
      <trkpt lat="49.489953" lon="16.187786">
      </trkpt>
      <trkpt lat="49.490462" lon="16.187223">
      </trkpt>
      <trkpt lat="49.491107" lon="16.18628">
      </trkpt>
      <trkpt lat="49.491415" lon="16.185634">
      </trkpt>
      <trkpt lat="49.491557" lon="16.18525">
      </trkpt>
      <trkpt lat="49.492022" lon="16.184099">
      </trkpt>
      <trkpt lat="49.495827" lon="16.178311">
      </trkpt>
      <trkpt lat="49.496762" lon="16.177156">
      </trkpt>
      <trkpt lat="49.497329" lon="16.175774">
      </trkpt>
      <trkpt lat="49.497338" lon="16.174729">
      </trkpt>
      <trkpt lat="49.496422" lon="16.173351">
      </trkpt>
      <trkpt lat="49.494748" lon="16.173147">
      </trkpt>
      <trkpt lat="49.490504" lon="16.165392">
      </trkpt>
      <trkpt lat="49.492754" lon="16.163917">
      </trkpt>
      <trkpt lat="49.49283" lon="16.163632">
      </trkpt>
      <trkpt lat="49.492868" lon="16.162677">
      </trkpt>
      <trkpt lat="49.490108" lon="16.15827">
      </trkpt>
      <trkpt lat="49.489708" lon="16.155535">
      </trkpt>
      <trkpt lat="49.489704" lon="16.155195">
      </trkpt>
      <trkpt lat="49.48963" lon="16.154593">
      </trkpt>
      <trkpt lat="49.489227" lon="16.151567">
      </trkpt>
      <trkpt lat="49.489247" lon="16.151187">
      </trkpt>
      <trkpt lat="49.489217" lon="16.150627">
      </trkpt>
      <trkpt lat="49.494437" lon="16.144763">
      </trkpt>
      <trkpt lat="49.497084" lon="16.146102">
      </trkpt>
      <trkpt lat="49.498842" lon="16.148051">
      </trkpt>
      <trkpt lat="49.499449" lon="16.148233">
      </trkpt>
      <trkpt lat="49.499813" lon="16.148279">
      </trkpt>
      <trkpt lat="49.500266" lon="16.144708">
      </trkpt>
      <trkpt lat="49.499982" lon="16.143967">
      </trkpt>
      <trkpt lat="49.499519" lon="16.142499">
      </trkpt>
      <trkpt lat="49.50073" lon="16.135683">
      </trkpt>
      <trkpt lat="49.502581" lon="16.13368">
      </trkpt>
      <trkpt lat="49.505133" lon="16.131849">
      </trkpt>
      <trkpt lat="49.505844" lon="16.131397">
      </trkpt>
      <trkpt lat="49.509229" lon="16.129146">
      </trkpt>
      <trkpt lat="49.513772" lon="16.124824">
      </trkpt>
      <trkpt lat="49.522724" lon="16.125045">
      </trkpt>
      <trkpt lat="49.523142" lon="16.130894">
      </trkpt>
      <trkpt lat="49.522499" lon="16.132161">
      </trkpt>
      <trkpt lat="49.522332" lon="16.132548">
      </trkpt>
      <trkpt lat="49.522151" lon="16.133091">
      </trkpt>
      <trkpt lat="49.521941" lon="16.134045">
      </trkpt>
      <trkpt lat="49.521541" lon="16.136497">
      </trkpt>
      <trkpt lat="49.521492" lon="16.136969">
      </trkpt>
      <trkpt lat="49.52038" lon="16.140393">
      </trkpt>
      <trkpt lat="49.520164" lon="16.140756">
      </trkpt>
      <trkpt lat="49.518997" lon="16.142932">
      </trkpt>
      <trkpt lat="49.52217" lon="16.144633">
      </trkpt>
      <trkpt lat="49.523336" lon="16.142458">
      </trkpt>
      <trkpt lat="49.5241" lon="16.141369">
      </trkpt>
      <trkpt lat="49.524334" lon="16.14101">
      </trkpt>
      <trkpt lat="49.524536" lon="16.140644">
      </trkpt>
      <trkpt lat="49.524803" lon="16.139967">
      </trkpt>
      <trkpt lat="49.524968" lon="16.139264">
      </trkpt>
      <trkpt lat="49.525025" lon="16.138867">
      </trkpt>
      <trkpt lat="49.525056" lon="16.138442">
      </trkpt>
      <trkpt lat="49.525115" lon="16.13693">
      </trkpt>
      <trkpt lat="49.528425" lon="16.130569">
      </trkpt>
      <trkpt lat="49.52831" lon="16.129808">
      </trkpt>
      <trkpt lat="49.532458" lon="16.122405">
      </trkpt>
      <trkpt lat="49.534282" lon="16.121774">
      </trkpt>
      <trkpt lat="49.53849" lon="16.129318">
      </trkpt>
      <trkpt lat="49.541961" lon="16.135675">
      </trkpt>
      <trkpt lat="49.541583" lon="16.138091">
      </trkpt>
      <trkpt lat="49.544013" lon="16.146351">
      </trkpt>
      <trkpt lat="49.544033" lon="16.149951">
      </trkpt>
      <trkpt lat="49.544375" lon="16.154187">
      </trkpt>
      <trkpt lat="49.545292" lon="16.155841">
      </trkpt>
      <trkpt lat="49.546387" lon="16.158041">
      </trkpt>
      <trkpt lat="49.546436" lon="16.158103">
      </trkpt>
      <trkpt lat="49.547589" lon="16.158177">
      </trkpt>
      <trkpt lat="49.548167" lon="16.157896">
      </trkpt>
      <trkpt lat="49.548297" lon="16.157822">
      </trkpt>
      <trkpt lat="49.548504" lon="16.157508">
      </trkpt>
      <trkpt lat="49.549266" lon="16.155878">
      </trkpt>
      <trkpt lat="49.549498" lon="16.15331">
      </trkpt>
      <trkpt lat="49.549224" lon="16.150132">
      </trkpt>
      <trkpt lat="49.549162" lon="16.149473">
      </trkpt>
      <trkpt lat="49.548639" lon="16.145229">
      </trkpt>
      <trkpt lat="49.548614" lon="16.144809">
      </trkpt>
      <trkpt lat="49.548559" lon="16.144404">
      </trkpt>
      <trkpt lat="49.54837" lon="16.140807">
      </trkpt>
      <trkpt lat="49.548398" lon="16.140222">
      </trkpt>
      <trkpt lat="49.548357" lon="16.138457">
      </trkpt>
      <trkpt lat="49.551929" lon="16.131284">
      </trkpt>
      <trkpt lat="49.555306" lon="16.126846">
      </trkpt>
      <trkpt lat="49.555172" lon="16.123248">
      </trkpt>
      <trkpt lat="49.553795" lon="16.1233">
      </trkpt>
      <trkpt lat="49.547087" lon="16.119135">
      </trkpt>
      <trkpt lat="49.549312" lon="16.111225">
      </trkpt>
      <trkpt lat="49.551193" lon="16.108346">
      </trkpt>
      <trkpt lat="49.550329" lon="16.106746">
      </trkpt>
      <trkpt lat="49.557303" lon="16.101722">
      </trkpt>
      <trkpt lat="49.558385" lon="16.102337">
      </trkpt>
      <trkpt lat="49.56254" lon="16.10495">
      </trkpt>
      <trkpt lat="49.56603" lon="16.104067">
      </trkpt>
      <trkpt lat="49.565458" lon="16.101804">
      </trkpt>
      <trkpt lat="49.572585" lon="16.096501">
      </trkpt>
      <trkpt lat="49.577059" lon="16.095016">
      </trkpt>
      <trkpt lat="49.577159" lon="16.094887">
      </trkpt>
      <trkpt lat="49.577645" lon="16.093701">
      </trkpt>
      <trkpt lat="49.577406" lon="16.09311">
      </trkpt>
      <trkpt lat="49.576675" lon="16.091763">
      </trkpt>
      <trkpt lat="49.576447" lon="16.091478">
      </trkpt>
      <trkpt lat="49.5757" lon="16.090736">
      </trkpt>
      <trkpt lat="49.574649" lon="16.089557">
      </trkpt>
      <trkpt lat="49.572769" lon="16.084639">
      </trkpt>
      <trkpt lat="49.577345" lon="16.078187">
      </trkpt>
      <trkpt lat="49.577498" lon="16.078116">
      </trkpt>
      <trkpt lat="49.577616" lon="16.077795">
      </trkpt>
      <trkpt lat="49.577949" lon="16.075314">
      </trkpt>
      <trkpt lat="49.577844" lon="16.075171">
      </trkpt>
      <trkpt lat="49.57662" lon="16.074625">
      </trkpt>
      <trkpt lat="49.572165" lon="16.07114">
      </trkpt>
      <trkpt lat="49.57131" lon="16.0699">
      </trkpt>
      <trkpt lat="49.570945" lon="16.069282">
      </trkpt>
      <trkpt lat="49.570754" lon="16.069053">
      </trkpt>
      <trkpt lat="49.56797" lon="16.066799">
      </trkpt>
      <trkpt lat="49.569315" lon="16.058966">
      </trkpt>
      <trkpt lat="49.577307" lon="16.058154">
      </trkpt>
      <trkpt lat="49.579521" lon="16.058096">
      </trkpt>
      <trkpt lat="49.580913" lon="16.05766">
      </trkpt>
      <trkpt lat="49.58167" lon="16.057232">
      </trkpt>
      <trkpt lat="49.582163" lon="16.056832">
      </trkpt>
      <trkpt lat="49.587645" lon="16.050287">
      </trkpt>
      <trkpt lat="49.58717" lon="16.046719">
      </trkpt>
      <trkpt lat="49.591487" lon="16.038929">
      </trkpt>
      <trkpt lat="49.592375" lon="16.038729">
      </trkpt>
      <trkpt lat="49.593467" lon="16.038398">
      </trkpt>
      <trkpt lat="49.59242" lon="16.034953">
      </trkpt>
      <trkpt lat="49.58623" lon="16.028543">
      </trkpt>
      <trkpt lat="49.586489" lon="16.027776">
      </trkpt>
      <trkpt lat="49.586825" lon="16.026878">
      </trkpt>
      <trkpt lat="49.587886" lon="16.02482">
      </trkpt>
      <trkpt lat="49.589139" lon="16.023171">
      </trkpt>
      <trkpt lat="49.597122" lon="16.023269">
      </trkpt>
      <trkpt lat="49.597915" lon="16.02247">
      </trkpt>
      <trkpt lat="49.599953" lon="16.02068">
      </trkpt>
      <trkpt lat="49.608458" lon="16.017846">
      </trkpt>
      <trkpt lat="49.608709" lon="16.018496">
      </trkpt>
      <trkpt lat="49.60916" lon="16.019441">
      </trkpt>
      <trkpt lat="49.610512" lon="16.022873">
      </trkpt>
      <trkpt lat="49.610602" lon="16.024174">
      </trkpt>
      <trkpt lat="49.610986" lon="16.026049">
      </trkpt>
      <trkpt lat="49.611333" lon="16.02791">
      </trkpt>
      <trkpt lat="49.614214" lon="16.033846">
      </trkpt>
      <trkpt lat="49.614296" lon="16.034109">
      </trkpt>
      <trkpt lat="49.616756" lon="16.035148">
      </trkpt>
      <trkpt lat="49.617121" lon="16.035315">
      </trkpt>
      <trkpt lat="49.617673" lon="16.034845">
      </trkpt>
      <trkpt lat="49.618408" lon="16.033896">
      </trkpt>
      <trkpt lat="49.6188" lon="16.032185">
      </trkpt>
      <trkpt lat="49.618106" lon="16.025843">
      </trkpt>
      <trkpt lat="49.618" lon="16.025207">
      </trkpt>
      <trkpt lat="49.617888" lon="16.024798">
      </trkpt>
      <trkpt lat="49.617688" lon="16.024322">
      </trkpt>
      <trkpt lat="49.617139" lon="16.023519">
      </trkpt>
      <trkpt lat="49.615486" lon="16.021741">
      </trkpt>
      <trkpt lat="49.615149" lon="16.021445">
      </trkpt>
      <trkpt lat="49.612436" lon="16.017947">
      </trkpt>
      <trkpt lat="49.611599" lon="16.013064">
      </trkpt>
      <trkpt lat="49.611897" lon="16.010094">
      </trkpt>
      <trkpt lat="49.611989" lon="16.009346">
      </trkpt>
      <trkpt lat="49.613912" lon="16.003569">
      </trkpt>
      <trkpt lat="49.61432" lon="16.00246">
      </trkpt>
      <trkpt lat="49.615461" lon="15.998379">
      </trkpt>
      <trkpt lat="49.615035" lon="15.996091">
      </trkpt>
      <trkpt lat="49.614814" lon="15.989359">
      </trkpt>
      <trkpt lat="49.614868" lon="15.988226">
      </trkpt>
      <trkpt lat="49.614576" lon="15.986522">
      </trkpt>
      <trkpt lat="49.611028" lon="15.98713">
      </trkpt>
      <trkpt lat="49.60585" lon="15.979964">
      </trkpt>
      <trkpt lat="49.607892" lon="15.978144">
      </trkpt>
      <trkpt lat="49.60786" lon="15.977535">
      </trkpt>
      <trkpt lat="49.607778" lon="15.97717">
      </trkpt>
      <trkpt lat="49.607494" lon="15.976225">
      </trkpt>
      <trkpt lat="49.604046" lon="15.977261">
      </trkpt>
      <trkpt lat="49.597884" lon="15.976563">
      </trkpt>
      <trkpt lat="49.593308" lon="15.969269">
      </trkpt>
      <trkpt lat="49.593419" lon="15.967297">
      </trkpt>
      <trkpt lat="49.592556" lon="15.967012">
      </trkpt>
      <trkpt lat="49.584687" lon="15.962675">
      </trkpt>
      <trkpt lat="49.582926" lon="15.961296">
      </trkpt>
      <trkpt lat="49.582589" lon="15.961239">
      </trkpt>
      <trkpt lat="49.579729" lon="15.960753">
      </trkpt>
      <trkpt lat="49.575231" lon="15.955988">
      </trkpt>
      <trkpt lat="49.573059" lon="15.953288">
      </trkpt>
      <trkpt lat="49.57255" lon="15.950701">
      </trkpt>
      <trkpt lat="49.572847" lon="15.948825">
      </trkpt>
      <trkpt lat="49.574919" lon="15.945832">
      </trkpt>
      <trkpt lat="49.582422" lon="15.946511">
      </trkpt>
      <trkpt lat="49.582472" lon="15.946147">
      </trkpt>
      <trkpt lat="49.582535" lon="15.945738">
      </trkpt>
      <trkpt lat="49.582573" lon="15.945186">
      </trkpt>
      <trkpt lat="49.582558" lon="15.944242">
      </trkpt>
      <trkpt lat="49.582521" lon="15.942935">
      </trkpt>
      <trkpt lat="49.583213" lon="15.940199">
      </trkpt>
      <trkpt lat="49.58993" lon="15.936792">
      </trkpt>
      <trkpt lat="49.591866" lon="15.937219">
      </trkpt>
      <trkpt lat="49.592295" lon="15.937273">
      </trkpt>
      <trkpt lat="49.593012" lon="15.937266">
      </trkpt>
      <trkpt lat="49.600056" lon="15.941195">
      </trkpt>
      <trkpt lat="49.60016" lon="15.945532">
      </trkpt>
      <trkpt lat="49.600141" lon="15.945877">
      </trkpt>
      <trkpt lat="49.602656" lon="15.951499">
      </trkpt>
      <trkpt lat="49.602823" lon="15.952325">
      </trkpt>
      <trkpt lat="49.602963" lon="15.953184">
      </trkpt>
      <trkpt lat="49.603188" lon="15.953995">
      </trkpt>
      <trkpt lat="49.603411" lon="15.954419">
      </trkpt>
      <trkpt lat="49.604262" lon="15.956041">
      </trkpt>
      <trkpt lat="49.612309" lon="15.957595">
      </trkpt>
      <trkpt lat="49.615009" lon="15.959976">
      </trkpt>
      <trkpt lat="49.618752" lon="15.961871">
      </trkpt>
      <trkpt lat="49.620391" lon="15.963193">
      </trkpt>
      <trkpt lat="49.623295" lon="15.965319">
      </trkpt>
      <trkpt lat="49.630207" lon="15.964599">
      </trkpt>
      <trkpt lat="49.633061" lon="15.96502">
      </trkpt>
      <trkpt lat="49.63358" lon="15.965058">
      </trkpt>
      <trkpt lat="49.63491" lon="15.964986">
      </trkpt>
      <trkpt lat="49.634715" lon="15.961391">
      </trkpt>
      <trkpt lat="49.632679" lon="15.961243">
      </trkpt>
      <trkpt lat="49.628713" lon="15.95327">
      </trkpt>
      <trkpt lat="49.629442" lon="15.952429">
      </trkpt>
      <trkpt lat="49.629751" lon="15.951824">
      </trkpt>
      <trkpt lat="49.628563" lon="15.943362">
      </trkpt>
      <trkpt lat="49.628083" lon="15.942679">
      </trkpt>
      <trkpt lat="49.627726" lon="15.942127">
      </trkpt>
      <trkpt lat="49.625816" lon="15.935717">
      </trkpt>
      <trkpt lat="49.632574" lon="15.93224">
      </trkpt>
      <trkpt lat="49.636194" lon="15.930958">
      </trkpt>
      <trkpt lat="49.639839" lon="15.92652">
      </trkpt>
      <trkpt lat="49.640022" lon="15.926278">
      </trkpt>
      <trkpt lat="49.640188" lon="15.924923">
      </trkpt>
      <trkpt lat="49.641004" lon="15.920319">
      </trkpt>
      <trkpt lat="49.644115" lon="15.916075">
      </trkpt>
      <trkpt lat="49.644977" lon="15.914415">
      </trkpt>
      <trkpt lat="49.644977" lon="15.914412">
      </trkpt>
      <trkpt lat="49.644454" lon="15.913562">
      </trkpt>
      <trkpt lat="49.644052" lon="15.913251">
      </trkpt>
      <trkpt lat="49.643849" lon="15.913115">
      </trkpt>
      <trkpt lat="49.643532" lon="15.912944">
      </trkpt>
      <trkpt lat="49.643398" lon="15.912884">
      </trkpt>
      <trkpt lat="49.642265" lon="15.912987">
      </trkpt>
      <trkpt lat="49.642256" lon="15.912992">
      </trkpt>
      <trkpt lat="49.64136" lon="15.913606">
      </trkpt>
      <trkpt lat="49.63348" lon="15.90971">
      </trkpt>
      <trkpt lat="49.6299" lon="15.909331">
      </trkpt>
      <trkpt lat="49.627487" lon="15.913161">
      </trkpt>
      <trkpt lat="49.627106" lon="15.913818">
      </trkpt>
      <trkpt lat="49.626329" lon="15.916098">
      </trkpt>
      <trkpt lat="49.62626" lon="15.916282">
      </trkpt>
      <trkpt lat="49.626523" lon="15.918109">
      </trkpt>
      <trkpt lat="49.623235" lon="15.926474">
      </trkpt>
      <trkpt lat="49.621352" lon="15.926863">
      </trkpt>
      <trkpt lat="49.617831" lon="15.927602">
      </trkpt>
      <trkpt lat="49.612619" lon="15.920334">
      </trkpt>
      <trkpt lat="49.613023" lon="15.919526">
      </trkpt>
      <trkpt lat="49.614634" lon="15.917624">
      </trkpt>
      <trkpt lat="49.612493" lon="15.91473">
      </trkpt>
      <trkpt lat="49.61271" lon="15.908351">
      </trkpt>
      <trkpt lat="49.618075" lon="15.905234">
      </trkpt>
      <trkpt lat="49.618817" lon="15.90504">
      </trkpt>
      <trkpt lat="49.619191" lon="15.904874">
      </trkpt>
      <trkpt lat="49.619648" lon="15.903789">
      </trkpt>
      <trkpt lat="49.619637" lon="15.903701">
      </trkpt>
      <trkpt lat="49.619446" lon="15.902965">
      </trkpt>
      <trkpt lat="49.618018" lon="15.901534">
      </trkpt>
      <trkpt lat="49.616693" lon="15.900905">
      </trkpt>
      <trkpt lat="49.609459" lon="15.896621">
      </trkpt>
      <trkpt lat="49.609463" lon="15.894907">
      </trkpt>
      <trkpt lat="49.610113" lon="15.892256">
      </trkpt>
      <trkpt lat="49.610622" lon="15.891398">
      </trkpt>
      <trkpt lat="49.611541" lon="15.889387">
      </trkpt>
      <trkpt lat="49.612048" lon="15.888307">
      </trkpt>
      <trkpt lat="49.613177" lon="15.886404">
      </trkpt>
      <trkpt lat="49.61348" lon="15.885972">
      </trkpt>
      <trkpt lat="49.615165" lon="15.883775">
      </trkpt>
      <trkpt lat="49.615658" lon="15.88315">
      </trkpt>
      <trkpt lat="49.616857" lon="15.881563">
      </trkpt>
      <trkpt lat="49.618032" lon="15.880007">
      </trkpt>
      <trkpt lat="49.618299" lon="15.879576">
      </trkpt>
      <trkpt lat="49.618501" lon="15.879117">
      </trkpt>
      <trkpt lat="49.618614" lon="15.878738">
      </trkpt>
      <trkpt lat="49.618688" lon="15.878344">
      </trkpt>
      <trkpt lat="49.618855" lon="15.876533">
      </trkpt>
      <trkpt lat="49.618932" lon="15.87592">
      </trkpt>
      <trkpt lat="49.619337" lon="15.873526">
      </trkpt>
      <trkpt lat="49.619752" lon="15.871056">
      </trkpt>
      <trkpt lat="49.622168" lon="15.86587">
      </trkpt>
      <trkpt lat="49.622518" lon="15.865372">
      </trkpt>
      <trkpt lat="49.622694" lon="15.864901">
      </trkpt>
      <trkpt lat="49.622762" lon="15.864592">
      </trkpt>
      <trkpt lat="49.621641" lon="15.861134">
      </trkpt>
      <trkpt lat="49.618225" lon="15.854461">
      </trkpt>
      <trkpt lat="49.6183" lon="15.853857">
      </trkpt>
      <trkpt lat="49.618308" lon="15.853094">
      </trkpt>
      <trkpt lat="49.618246" lon="15.852532">
      </trkpt>
      <trkpt lat="49.617569" lon="15.84954">
      </trkpt>
      <trkpt lat="49.617841" lon="15.846191">
      </trkpt>
      <trkpt lat="49.617861" lon="15.845726">
      </trkpt>
      <trkpt lat="49.618174" lon="15.843373">
      </trkpt>
      <trkpt lat="49.618536" lon="15.842334">
      </trkpt>
      <trkpt lat="49.627169" lon="15.840824">
      </trkpt>
      <trkpt lat="49.628031" lon="15.843072">
      </trkpt>
      <trkpt lat="49.628892" lon="15.84532">
      </trkpt>
      <trkpt lat="49.629754" lon="15.847569">
      </trkpt>
      <trkpt lat="49.630609" lon="15.849801">
      </trkpt>
      <trkpt lat="49.631448" lon="15.852039">
      </trkpt>
      <trkpt lat="49.631827" lon="15.853333">
      </trkpt>
      <trkpt lat="49.632358" lon="15.855301">
      </trkpt>
      <trkpt lat="49.632979" lon="15.857652">
      </trkpt>
      <trkpt lat="49.633601" lon="15.860004">
      </trkpt>
      <trkpt lat="49.634222" lon="15.862355">
      </trkpt>
      <trkpt lat="49.634986" lon="15.865077">
      </trkpt>
      <trkpt lat="49.635559" lon="15.865955">
      </trkpt>
      <trkpt lat="49.636128" lon="15.866356">
      </trkpt>
      <trkpt lat="49.637648" lon="15.86653">
      </trkpt>
      <trkpt lat="49.640399" lon="15.865641">
      </trkpt>
      <trkpt lat="49.643567" lon="15.864555">
      </trkpt>
      <trkpt lat="49.650412" lon="15.87022">
      </trkpt>
      <trkpt lat="49.650461" lon="15.871859">
      </trkpt>
      <trkpt lat="49.650523" lon="15.872872">
      </trkpt>
      <trkpt lat="49.651171" lon="15.875161">
      </trkpt>
      <trkpt lat="49.651245" lon="15.880707">
      </trkpt>
      <trkpt lat="49.651597" lon="15.881955">
      </trkpt>
      <trkpt lat="49.652067" lon="15.882796">
      </trkpt>
      <trkpt lat="49.654113" lon="15.886889">
      </trkpt>
      <trkpt lat="49.654859" lon="15.89283">
      </trkpt>
      <trkpt lat="49.65365" lon="15.897067">
      </trkpt>
      <trkpt lat="49.653401" lon="15.898046">
      </trkpt>
      <trkpt lat="49.653424" lon="15.898718">
      </trkpt>
      <trkpt lat="49.653637" lon="15.900286">
      </trkpt>
      <trkpt lat="49.657204" lon="15.899801">
      </trkpt>
      <trkpt lat="49.658088" lon="15.896364">
      </trkpt>
      <trkpt lat="49.658286" lon="15.894531">
      </trkpt>
      <trkpt lat="49.658346" lon="15.893902">
      </trkpt>
      <trkpt lat="49.658427" lon="15.89331">
      </trkpt>
      <trkpt lat="49.658554" lon="15.892603">
      </trkpt>
      <trkpt lat="49.658656" lon="15.891677">
      </trkpt>
      <trkpt lat="49.658704" lon="15.891036">
      </trkpt>
      <trkpt lat="49.658682" lon="15.890397">
      </trkpt>
      <trkpt lat="49.658451" lon="15.889434">
      </trkpt>
      <trkpt lat="49.657661" lon="15.886276">
      </trkpt>
      <trkpt lat="49.664264" lon="15.881225">
      </trkpt>
      <trkpt lat="49.666351" lon="15.881412">
      </trkpt>
      <trkpt lat="49.671286" lon="15.888803">
      </trkpt>
      <trkpt lat="49.67448" lon="15.890463">
      </trkpt>
      <trkpt lat="49.68106" lon="15.88522">
      </trkpt>
      <trkpt lat="49.683605" lon="15.882673">
      </trkpt>
      <trkpt lat="49.683436" lon="15.879199">
      </trkpt>
      <trkpt lat="49.683376" lon="15.877619">
      </trkpt>
      <trkpt lat="49.681956" lon="15.873395">
      </trkpt>
      <trkpt lat="49.689579" lon="15.871023">
      </trkpt>
      <trkpt lat="49.691632" lon="15.873696">
      </trkpt>
      <trkpt lat="49.693766" lon="15.876961">
      </trkpt>
      <trkpt lat="49.695322" lon="15.87938">
      </trkpt>
      <trkpt lat="49.696144" lon="15.880623">
      </trkpt>
      <trkpt lat="49.69722" lon="15.882126">
      </trkpt>
      <trkpt lat="49.699651" lon="15.885539">
      </trkpt>
      <trkpt lat="49.700142" lon="15.886444">
      </trkpt>
      <trkpt lat="49.700539" lon="15.886982">
      </trkpt>
      <trkpt lat="49.708776" lon="15.887468">
      </trkpt>
      <trkpt lat="49.712376" lon="15.887403">
      </trkpt>
      <trkpt lat="49.713821" lon="15.881977">
      </trkpt>
      <trkpt lat="49.715041" lon="15.879992">
      </trkpt>
      <trkpt lat="49.720467" lon="15.875083">
      </trkpt>
      <trkpt lat="49.723298" lon="15.872859">
      </trkpt>
      <trkpt lat="49.731716" lon="15.875127">
      </trkpt>
      <trkpt lat="49.735893" lon="15.880217">
      </trkpt>
      <trkpt lat="49.73683" lon="15.881319">
      </trkpt>
      <trkpt lat="49.737476" lon="15.882105">
      </trkpt>
      <trkpt lat="49.740516" lon="15.888265">
      </trkpt>
      <trkpt lat="49.740694" lon="15.888576">
      </trkpt>
      <trkpt lat="49.743021" lon="15.892974">
      </trkpt>
      <trkpt lat="49.743524" lon="15.89337">
      </trkpt>
      <trkpt lat="49.744878" lon="15.894368">
      </trkpt>
      <trkpt lat="49.747013" lon="15.89147">
      </trkpt>
      <trkpt lat="49.743645" lon="15.883896">
      </trkpt>
      <trkpt lat="49.743377" lon="15.883417">
      </trkpt>
      <trkpt lat="49.742339" lon="15.881667">
      </trkpt>
      <trkpt lat="49.741317" lon="15.879946">
      </trkpt>
      <trkpt lat="49.740101" lon="15.877912">
      </trkpt>
      <trkpt lat="49.739776" lon="15.87746">
      </trkpt>
      <trkpt lat="49.739433" lon="15.877078">
      </trkpt>
      <trkpt lat="49.738912" lon="15.876595">
      </trkpt>
      <trkpt lat="49.736475" lon="15.874485">
      </trkpt>
      <trkpt lat="49.734072" lon="15.872405">
      </trkpt>
      <trkpt lat="49.731668" lon="15.870325">
      </trkpt>
      <trkpt lat="49.729265" lon="15.868246">
      </trkpt>
      <trkpt lat="49.725141" lon="15.864647">
      </trkpt>
      <trkpt lat="49.721812" lon="15.861743">
      </trkpt>
      <trkpt lat="49.720125" lon="15.860275">
      </trkpt>
      <trkpt lat="49.717528" lon="15.857103">
      </trkpt>
      <trkpt lat="49.715765" lon="15.853284">
      </trkpt>
      <trkpt lat="49.714571" lon="15.851755">
      </trkpt>
      <trkpt lat="49.71218" lon="15.847463">
      </trkpt>
      <trkpt lat="49.708249" lon="15.842461">
      </trkpt>
      <trkpt lat="49.708046" lon="15.841846">
      </trkpt>
      <trkpt lat="49.706438" lon="15.835643">
      </trkpt>
      <trkpt lat="49.707864" lon="15.829299">
      </trkpt>
      <trkpt lat="49.707279" lon="15.828659">
      </trkpt>
      <trkpt lat="49.706931" lon="15.828314">
      </trkpt>
      <trkpt lat="49.706447" lon="15.827916">
      </trkpt>
      <trkpt lat="49.702879" lon="15.822146">
      </trkpt>
      <trkpt lat="49.702216" lon="15.820304">
      </trkpt>
      <trkpt lat="49.706958" lon="15.813896">
      </trkpt>
      <trkpt lat="49.710171" lon="15.813575">
      </trkpt>
      <trkpt lat="49.714318" lon="15.813883">
      </trkpt>
      <trkpt lat="49.720742" lon="15.81977">
      </trkpt>
      <trkpt lat="49.720892" lon="15.822208">
      </trkpt>
      <trkpt lat="49.721282" lon="15.822322">
      </trkpt>
      <trkpt lat="49.723801" lon="15.821668">
      </trkpt>
      <trkpt lat="49.723863" lon="15.821651">
      </trkpt>
      <trkpt lat="49.724225" lon="15.821164">
      </trkpt>
      <trkpt lat="49.724522" lon="15.820588">
      </trkpt>
      <trkpt lat="49.730061" lon="15.818096">
      </trkpt>
      <trkpt lat="49.733727" lon="15.821947">
      </trkpt>
      <trkpt lat="49.733918" lon="15.824807">
      </trkpt>
      <trkpt lat="49.733801" lon="15.825934">
      </trkpt>
      <trkpt lat="49.73362" lon="15.826722">
      </trkpt>
      <trkpt lat="49.733113" lon="15.828554">
      </trkpt>
      <trkpt lat="49.731895" lon="15.830571">
      </trkpt>
      <trkpt lat="49.731562" lon="15.830939">
      </trkpt>
      <trkpt lat="49.72601" lon="15.833167">
      </trkpt>
      <trkpt lat="49.722612" lon="15.834356">
      </trkpt>
      <trkpt lat="49.722482" lon="15.834478">
      </trkpt>
      <trkpt lat="49.720877" lon="15.837081">
      </trkpt>
      <trkpt lat="49.720517" lon="15.837629">
      </trkpt>
      <trkpt lat="49.720176" lon="15.838262">
      </trkpt>
      <trkpt lat="49.719917" lon="15.838866">
      </trkpt>
      <trkpt lat="49.719767" lon="15.839284">
      </trkpt>
      <trkpt lat="49.723072" lon="15.840713">
      </trkpt>
      <trkpt lat="49.728299" lon="15.838436">
      </trkpt>
      <trkpt lat="49.735842" lon="15.841516">
      </trkpt>
      <trkpt lat="49.737853" lon="15.841538">
      </trkpt>
      <trkpt lat="49.739341" lon="15.84067">
      </trkpt>
      <trkpt lat="49.747101" lon="15.844967">
      </trkpt>
      <trkpt lat="49.748048" lon="15.847851">
      </trkpt>
      <trkpt lat="49.748144" lon="15.848341">
      </trkpt>
      <trkpt lat="49.750728" lon="15.849068">
      </trkpt>
      <trkpt lat="49.750907" lon="15.848932">
      </trkpt>
      <trkpt lat="49.751676" lon="15.847644">
      </trkpt>
      <trkpt lat="49.751399" lon="15.844386">
      </trkpt>
      <trkpt lat="49.751327" lon="15.840416">
      </trkpt>
      <trkpt lat="49.75381" lon="15.833505">
      </trkpt>
      <trkpt lat="49.751722" lon="15.830572">
      </trkpt>
      <trkpt lat="49.750227" lon="15.821801">
      </trkpt>
      <trkpt lat="49.750529" lon="15.821581">
      </trkpt>
      <trkpt lat="49.753093" lon="15.819649">
      </trkpt>
      <trkpt lat="49.759362" lon="15.823395">
      </trkpt>
      <trkpt lat="49.759865" lon="15.825032">
      </trkpt>
      <trkpt lat="49.761597" lon="15.826167">
      </trkpt>
      <trkpt lat="49.764191" lon="15.825992">
      </trkpt>
      <trkpt lat="49.764599" lon="15.82474">
      </trkpt>
      <trkpt lat="49.764193" lon="15.823672">
      </trkpt>
      <trkpt lat="49.768624" lon="15.815928">
      </trkpt>
      <trkpt lat="49.770236" lon="15.816616">
      </trkpt>
      <trkpt lat="49.77269" lon="15.813982">
      </trkpt>
      <trkpt lat="49.77182" lon="15.813172">
      </trkpt>
      <trkpt lat="49.771276" lon="15.812733">
      </trkpt>
      <trkpt lat="49.768535" lon="15.81057">
      </trkpt>
      <trkpt lat="49.762709" lon="15.805105">
      </trkpt>
      <trkpt lat="49.759112" lon="15.804957">
      </trkpt>
      <trkpt lat="49.753418" lon="15.809726">
      </trkpt>
      <trkpt lat="49.750782" lon="15.809163">
      </trkpt>
      <trkpt lat="49.74762" lon="15.807441">
      </trkpt>
      <trkpt lat="49.743669" lon="15.802184">
      </trkpt>
      <trkpt lat="49.747822" lon="15.796256">
      </trkpt>
      <trkpt lat="49.748706" lon="15.794656">
      </trkpt>
      <trkpt lat="49.748663" lon="15.794503">
      </trkpt>
      <trkpt lat="49.746755" lon="15.788774">
      </trkpt>
      <trkpt lat="49.74753" lon="15.782704">
      </trkpt>
      <trkpt lat="49.75028" lon="15.775338">
      </trkpt>
      <trkpt lat="49.753323" lon="15.773294">
      </trkpt>
      <trkpt lat="49.753687" lon="15.769712">
      </trkpt>
      <trkpt lat="49.750019" lon="15.76866">
      </trkpt>
      <trkpt lat="49.74642" lon="15.768739">
      </trkpt>
      <trkpt lat="49.743751" lon="15.772814">
      </trkpt>
      <trkpt lat="49.740332" lon="15.773941">
      </trkpt>
      <trkpt lat="49.738599" lon="15.7738">
      </trkpt>
      <trkpt lat="49.735042" lon="15.773246">
      </trkpt>
      <trkpt lat="49.727362" lon="15.776083">
      </trkpt>
      <trkpt lat="49.723181" lon="15.769436">
      </trkpt>
      <trkpt lat="49.718993" lon="15.763496">
      </trkpt>
      <trkpt lat="49.720282" lon="15.759926">
      </trkpt>
      <trkpt lat="49.719452" lon="15.756423">
      </trkpt>
      <trkpt lat="49.717779" lon="15.753362">
      </trkpt>
      <trkpt lat="49.717276" lon="15.751859">
      </trkpt>
      <trkpt lat="49.721342" lon="15.745084">
      </trkpt>
      <trkpt lat="49.721282" lon="15.744726">
      </trkpt>
      <trkpt lat="49.724009" lon="15.736407">
      </trkpt>
      <trkpt lat="49.73176" lon="15.739687">
      </trkpt>
      <trkpt lat="49.734336" lon="15.74357">
      </trkpt>
      <trkpt lat="49.734705" lon="15.745302">
      </trkpt>
      <trkpt lat="49.734594" lon="15.748106">
      </trkpt>
      <trkpt lat="49.733655" lon="15.75166">
      </trkpt>
      <trkpt lat="49.733929" lon="15.75603">
      </trkpt>
      <trkpt lat="49.733704" lon="15.758283">
      </trkpt>
      <trkpt lat="49.733728" lon="15.75956">
      </trkpt>
      <trkpt lat="49.733728" lon="15.759993">
      </trkpt>
      <trkpt lat="49.733758" lon="15.760209">
      </trkpt>
      <trkpt lat="49.734094" lon="15.761905">
      </trkpt>
      <trkpt lat="49.734258" lon="15.762748">
      </trkpt>
      <trkpt lat="49.737792" lon="15.762062">
      </trkpt>
      <trkpt lat="49.737674" lon="15.76012">
      </trkpt>
      <trkpt lat="49.737641" lon="15.759533">
      </trkpt>
      <trkpt lat="49.740275" lon="15.751477">
      </trkpt>
      <trkpt lat="49.740795" lon="15.750953">
      </trkpt>
      <trkpt lat="49.741047" lon="15.750556">
      </trkpt>
      <trkpt lat="49.741316" lon="15.749918">
      </trkpt>
      <trkpt lat="49.741433" lon="15.749405">
      </trkpt>
      <trkpt lat="49.742547" lon="15.745661">
      </trkpt>
      <trkpt lat="49.744874" lon="15.742914">
      </trkpt>
      <trkpt lat="49.744365" lon="15.742482">
      </trkpt>
      <trkpt lat="49.743335" lon="15.741861">
      </trkpt>
      <trkpt lat="49.742684" lon="15.741626">
      </trkpt>
      <trkpt lat="49.741759" lon="15.741605">
      </trkpt>
      <trkpt lat="49.735652" lon="15.737168">
      </trkpt>
      <trkpt lat="49.736142" lon="15.734242">
      </trkpt>
      <trkpt lat="49.736247" lon="15.733918">
      </trkpt>
      <trkpt lat="49.736349" lon="15.733487">
      </trkpt>
      <trkpt lat="49.736406" lon="15.732933">
      </trkpt>
      <trkpt lat="49.736406" lon="15.732568">
      </trkpt>
      <trkpt lat="49.736363" lon="15.732176">
      </trkpt>
      <trkpt lat="49.73619" lon="15.731587">
      </trkpt>
      <trkpt lat="49.735731" lon="15.730848">
      </trkpt>
      <trkpt lat="49.73239" lon="15.727804">
      </trkpt>
      <trkpt lat="49.73102" lon="15.723747">
      </trkpt>
      <trkpt lat="49.734251" lon="15.717814">
      </trkpt>
      <trkpt lat="49.7426" lon="15.717037">
      </trkpt>
      <trkpt lat="49.743427" lon="15.718532">
      </trkpt>
      <trkpt lat="49.748673" lon="15.722024">
      </trkpt>
      <trkpt lat="49.749009" lon="15.722434">
      </trkpt>
      <trkpt lat="49.7494" lon="15.722782">
      </trkpt>
      <trkpt lat="49.75199" lon="15.726369">
      </trkpt>
      <trkpt lat="49.752607" lon="15.727555">
      </trkpt>
      <trkpt lat="49.752242" lon="15.735265">
      </trkpt>
      <trkpt lat="49.752678" lon="15.736301">
      </trkpt>
      <trkpt lat="49.755468" lon="15.740815">
      </trkpt>
      <trkpt lat="49.755551" lon="15.741654">
      </trkpt>
      <trkpt lat="49.755683" lon="15.742334">
      </trkpt>
      <trkpt lat="49.755733" lon="15.742834">
      </trkpt>
      <trkpt lat="49.759456" lon="15.743788">
      </trkpt>
      <trkpt lat="49.762912" lon="15.742779">
      </trkpt>
      <trkpt lat="49.763556" lon="15.740308">
      </trkpt>
      <trkpt lat="49.762619" lon="15.738889">
      </trkpt>
      <trkpt lat="49.760674" lon="15.73119">
      </trkpt>
      <trkpt lat="49.75709" lon="15.727953">
      </trkpt>
      <trkpt lat="49.755656" lon="15.72564">
      </trkpt>
      <trkpt lat="49.758244" lon="15.718477">
      </trkpt>
      <trkpt lat="49.758582" lon="15.718157">
      </trkpt>
      <trkpt lat="49.762591" lon="15.712706">
      </trkpt>
      <trkpt lat="49.768377" lon="15.712753">
      </trkpt>
      <trkpt lat="49.769301" lon="15.712679">
      </trkpt>
      <trkpt lat="49.770238" lon="15.712535">
      </trkpt>
      <trkpt lat="49.771129" lon="15.712378">
      </trkpt>
      <trkpt lat="49.774518" lon="15.708191">
      </trkpt>
      <trkpt lat="49.779459" lon="15.701291">
      </trkpt>
      <trkpt lat="49.781234" lon="15.701583">
      </trkpt>
      <trkpt lat="49.786299" lon="15.704975">
      </trkpt>
      <trkpt lat="49.786489" lon="15.705251">
      </trkpt>
      <trkpt lat="49.787248" lon="15.704802">
      </trkpt>
      <trkpt lat="49.79168" lon="15.702244">
      </trkpt>
      <trkpt lat="49.792374" lon="15.701587">
      </trkpt>
      <trkpt lat="49.792722" lon="15.701007">
      </trkpt>
      <trkpt lat="49.792923" lon="15.700579">
      </trkpt>
      <trkpt lat="49.793055" lon="15.700231">
      </trkpt>
      <trkpt lat="49.794267" lon="15.69697">
      </trkpt>
      <trkpt lat="49.793963" lon="15.694101">
      </trkpt>
      <trkpt lat="49.795679" lon="15.685584">
      </trkpt>
      <trkpt lat="49.794482" lon="15.679895">
      </trkpt>
      <trkpt lat="49.796092" lon="15.676076">
      </trkpt>
      <trkpt lat="49.795614" lon="15.673345">
      </trkpt>
      <trkpt lat="49.794422" lon="15.672887">
      </trkpt>
      <trkpt lat="49.792029" lon="15.673679">
      </trkpt>
      <trkpt lat="49.791778" lon="15.675599">
      </trkpt>
      <trkpt lat="49.787691" lon="15.679819">
      </trkpt>
      <trkpt lat="49.781527" lon="15.673292">
      </trkpt>
      <trkpt lat="49.782836" lon="15.666897">
      </trkpt>
      <trkpt lat="49.784396" lon="15.665788">
      </trkpt>
      <trkpt lat="49.784464" lon="15.665752">
      </trkpt>
      <trkpt lat="49.785241" lon="15.663066">
      </trkpt>
      <trkpt lat="49.786136" lon="15.659906">
      </trkpt>
      <trkpt lat="49.785555" lon="15.658992">
      </trkpt>
      <trkpt lat="49.7855" lon="15.658937">
      </trkpt>
      <trkpt lat="49.785142" lon="15.658711">
      </trkpt>
      <trkpt lat="49.784513" lon="15.658426">
      </trkpt>
      <trkpt lat="49.783186" lon="15.657842">
      </trkpt>
      <trkpt lat="49.782642" lon="15.658619">
      </trkpt>
      <trkpt lat="49.773686" lon="15.658019">
      </trkpt>
      <trkpt lat="49.773326" lon="15.65728">
      </trkpt>
      <trkpt lat="49.773154" lon="15.653103">
      </trkpt>
      <trkpt lat="49.773429" lon="15.651944">
      </trkpt>
      <trkpt lat="49.773306" lon="15.650702">
      </trkpt>
      <trkpt lat="49.773257" lon="15.650254">
      </trkpt>
      <trkpt lat="49.773308" lon="15.646613">
      </trkpt>
      <trkpt lat="49.773351" lon="15.646163">
      </trkpt>
      <trkpt lat="49.77342" lon="15.643403">
      </trkpt>
      <trkpt lat="49.77338" lon="15.64267">
      </trkpt>
      <trkpt lat="49.773455" lon="15.641155">
      </trkpt>
      <trkpt lat="49.777511" lon="15.633387">
      </trkpt>
      <trkpt lat="49.784742" lon="15.638159">
      </trkpt>
      <trkpt lat="49.784888" lon="15.644323">
      </trkpt>
      <trkpt lat="49.784945" lon="15.644485">
      </trkpt>
      <trkpt lat="49.787019" lon="15.645506">
      </trkpt>
      <trkpt lat="49.787296" lon="15.645388">
      </trkpt>
      <trkpt lat="49.792229" lon="15.643575">
      </trkpt>
      <trkpt lat="49.792346" lon="15.64353">
      </trkpt>
      <trkpt lat="49.793099" lon="15.643107">
      </trkpt>
      <trkpt lat="49.794033" lon="15.641746">
      </trkpt>
      <trkpt lat="49.794044" lon="15.641665">
      </trkpt>
      <trkpt lat="49.794029" lon="15.639538">
      </trkpt>
      <trkpt lat="49.794933" lon="15.631808">
      </trkpt>
      <trkpt lat="49.789542" lon="15.626904">
      </trkpt>
      <trkpt lat="49.788824" lon="15.626216">
      </trkpt>
      <trkpt lat="49.787348" lon="15.62487">
      </trkpt>
      <trkpt lat="49.785905" lon="15.623556">
      </trkpt>
      <trkpt lat="49.781308" lon="15.61742">
      </trkpt>
      <trkpt lat="49.781408" lon="15.615191">
      </trkpt>
      <trkpt lat="49.781821" lon="15.613626">
      </trkpt>
      <trkpt lat="49.783443" lon="15.609971">
      </trkpt>
      <trkpt lat="49.783755" lon="15.609485">
      </trkpt>
      <trkpt lat="49.788299" lon="15.604009">
      </trkpt>
      <trkpt lat="49.78856" lon="15.603501">
      </trkpt>
      <trkpt lat="49.788598" lon="15.603366">
      </trkpt>
      <trkpt lat="49.79136" lon="15.594839">
      </trkpt>
      <trkpt lat="49.79527" lon="15.589844">
      </trkpt>
      <trkpt lat="49.795551" lon="15.589552">
      </trkpt>
      <trkpt lat="49.796258" lon="15.588412">
      </trkpt>
      <trkpt lat="49.795576" lon="15.585555">
      </trkpt>
      <trkpt lat="49.792266" lon="15.584139">
      </trkpt>
      <trkpt lat="49.786693" lon="15.584611">
      </trkpt>
      <trkpt lat="49.785864" lon="15.584705">
      </trkpt>
      <trkpt lat="49.782934" lon="15.586392">
      </trkpt>
      <trkpt lat="49.777464" lon="15.579904">
      </trkpt>
      <trkpt lat="49.778605" lon="15.577472">
      </trkpt>
      <trkpt lat="49.779277" lon="15.576166">
      </trkpt>
      <trkpt lat="49.779573" lon="15.575548">
      </trkpt>
      <trkpt lat="49.776325" lon="15.573996">
      </trkpt>
      <trkpt lat="49.773947" lon="15.566882">
      </trkpt>
      <trkpt lat="49.776666" lon="15.564258">
      </trkpt>
      <trkpt lat="49.777209" lon="15.564009">
      </trkpt>
      <trkpt lat="49.783736" lon="15.562448">
      </trkpt>
      <trkpt lat="49.784962" lon="15.559063">
      </trkpt>
      <trkpt lat="49.787042" lon="15.554291">
      </trkpt>
      <trkpt lat="49.787224" lon="15.553859">
      </trkpt>
      <trkpt lat="49.786889" lon="15.553087">
      </trkpt>
      <trkpt lat="49.784361" lon="15.551676">
      </trkpt>
      <trkpt lat="49.783731" lon="15.552504">
      </trkpt>
      <trkpt lat="49.781499" lon="15.555419">
      </trkpt>
      <trkpt lat="49.77431" lon="15.554652">
      </trkpt>
      <trkpt lat="49.77271" lon="15.553885">
      </trkpt>
      <trkpt lat="49.77159" lon="15.553382">
      </trkpt>
      <trkpt lat="49.769134" lon="15.554307">
      </trkpt>
      <trkpt lat="49.769208" lon="15.554931">
      </trkpt>
      <trkpt lat="49.769323" lon="15.555464">
      </trkpt>
      <trkpt lat="49.76944" lon="15.556269">
      </trkpt>
      <trkpt lat="49.771847" lon="15.562422">
      </trkpt>
      <trkpt lat="49.771711" lon="15.562991">
      </trkpt>
      <trkpt lat="49.763545" lon="15.566487">
      </trkpt>
      <trkpt lat="49.762306" lon="15.566602">
      </trkpt>
      <trkpt lat="49.760884" lon="15.567103">
      </trkpt>
      <trkpt lat="49.759273" lon="15.567328">
      </trkpt>
      <trkpt lat="49.758767" lon="15.567712">
      </trkpt>
      <trkpt lat="49.75831" lon="15.568217">
      </trkpt>
      <trkpt lat="49.757068" lon="15.570323">
      </trkpt>
      <trkpt lat="49.748882" lon="15.566606">
      </trkpt>
      <trkpt lat="49.749351" lon="15.564759">
      </trkpt>
      <trkpt lat="49.749444" lon="15.564257">
      </trkpt>
      <trkpt lat="49.753051" lon="15.559926">
      </trkpt>
      <trkpt lat="49.75498" lon="15.55911">
      </trkpt>
      <trkpt lat="49.755766" lon="15.558631">
      </trkpt>
      <trkpt lat="49.758213" lon="15.557571">
      </trkpt>
      <trkpt lat="49.759084" lon="15.557137">
      </trkpt>
      <trkpt lat="49.759541" lon="15.556683">
      </trkpt>
      <trkpt lat="49.760059" lon="15.555671">
      </trkpt>
      <trkpt lat="49.760086" lon="15.55497">
      </trkpt>
      <trkpt lat="49.760059" lon="15.554892">
      </trkpt>
      <trkpt lat="49.758275" lon="15.552613">
      </trkpt>
      <trkpt lat="49.756885" lon="15.548818">
      </trkpt>
      <trkpt lat="49.763878" lon="15.543835">
      </trkpt>
      <trkpt lat="49.764687" lon="15.544197">
      </trkpt>
      <trkpt lat="49.765766" lon="15.543973">
      </trkpt>
      <trkpt lat="49.765809" lon="15.543759">
      </trkpt>
      <trkpt lat="49.766289" lon="15.541182">
      </trkpt>
      <trkpt lat="49.767686" lon="15.536979">
      </trkpt>
      <trkpt lat="49.772712" lon="15.532739">
      </trkpt>
      <trkpt lat="49.776782" lon="15.532049">
      </trkpt>
      <trkpt lat="49.782165" lon="15.53677">
      </trkpt>
      <trkpt lat="49.785443" lon="15.538258">
      </trkpt>
      <trkpt lat="49.785706" lon="15.537736">
      </trkpt>
      <trkpt lat="49.786383" lon="15.536575">
      </trkpt>
      <trkpt lat="49.786871" lon="15.535881">
      </trkpt>
      <trkpt lat="49.787222" lon="15.534801">
      </trkpt>
      <trkpt lat="49.790464" lon="15.529831">
      </trkpt>
      <trkpt lat="49.795828" lon="15.528191">
      </trkpt>
      <trkpt lat="49.804353" lon="15.530545">
      </trkpt>
      <trkpt lat="49.80463" lon="15.530773">
      </trkpt>
      <trkpt lat="49.80505" lon="15.531054">
      </trkpt>
      <trkpt lat="49.805422" lon="15.531249">
      </trkpt>
      <trkpt lat="49.807733" lon="15.539754">
      </trkpt>
      <trkpt lat="49.807776" lon="15.540002">
      </trkpt>
      <trkpt lat="49.80988" lon="15.541236">
      </trkpt>
      <trkpt lat="49.813882" lon="15.541061">
      </trkpt>
      <trkpt lat="49.81396" lon="15.541017">
      </trkpt>
      <trkpt lat="49.814178" lon="15.540805">
      </trkpt>
      <trkpt lat="49.816382" lon="15.538301">
      </trkpt>
      <trkpt lat="49.816796" lon="15.537569">
      </trkpt>
      <trkpt lat="49.816959" lon="15.537234">
      </trkpt>
      <trkpt lat="49.817106" lon="15.53684">
      </trkpt>
      <trkpt lat="49.817277" lon="15.536227">
      </trkpt>
      <trkpt lat="49.817158" lon="15.53416">
      </trkpt>
      <trkpt lat="49.815345" lon="15.530644">
      </trkpt>
      <trkpt lat="49.813549" lon="15.527703">
      </trkpt>
      <trkpt lat="49.811245" lon="15.521837">
      </trkpt>
      <trkpt lat="49.810475" lon="15.519852">
      </trkpt>
      <trkpt lat="49.810212" lon="15.518519">
      </trkpt>
      <trkpt lat="49.810042" lon="15.51663">
      </trkpt>
      <trkpt lat="49.809998" lon="15.515701">
      </trkpt>
      <trkpt lat="49.810242" lon="15.513406">
      </trkpt>
      <trkpt lat="49.810495" lon="15.510974">
      </trkpt>
      <trkpt lat="49.810515" lon="15.510603">
      </trkpt>
      <trkpt lat="49.810497" lon="15.509954">
      </trkpt>
      <trkpt lat="49.810301" lon="15.508403">
      </trkpt>
      <trkpt lat="49.811927" lon="15.504106">
      </trkpt>
      <trkpt lat="49.813286" lon="15.502876">
      </trkpt>
      <trkpt lat="49.814057" lon="15.501203">
      </trkpt>
      <trkpt lat="49.813354" lon="15.500299">
      </trkpt>
      <trkpt lat="49.812631" lon="15.499633">
      </trkpt>
      <trkpt lat="49.810682" lon="15.493356">
      </trkpt>
      <trkpt lat="49.815076" lon="15.487086">
      </trkpt>
      <trkpt lat="49.820832" lon="15.488807">
      </trkpt>
      <trkpt lat="49.823205" lon="15.492057">
      </trkpt>
      <trkpt lat="49.82454" lon="15.495501">
      </trkpt>
      <trkpt lat="49.82578" lon="15.498595">
      </trkpt>
      <trkpt lat="49.825788" lon="15.501371">
      </trkpt>
      <trkpt lat="49.824835" lon="15.505003">
      </trkpt>
      <trkpt lat="49.824538" lon="15.505476">
      </trkpt>
      <trkpt lat="49.824293" lon="15.505843">
      </trkpt>
      <trkpt lat="49.824" lon="15.506414">
      </trkpt>
      <trkpt lat="49.822167" lon="15.50871">
      </trkpt>
      <trkpt lat="49.822798" lon="15.51002">
      </trkpt>
      <trkpt lat="49.8233" lon="15.510819">
      </trkpt>
      <trkpt lat="49.823593" lon="15.51086">
      </trkpt>
      <trkpt lat="49.827936" lon="15.511758">
      </trkpt>
      <trkpt lat="49.834055" lon="15.51204">
      </trkpt>
      <trkpt lat="49.836034" lon="15.510093">
      </trkpt>
      <trkpt lat="49.835973" lon="15.50724">
      </trkpt>
      <trkpt lat="49.836007" lon="15.506672">
      </trkpt>
      <trkpt lat="49.835915" lon="15.506036">
      </trkpt>
      <trkpt lat="49.835671" lon="15.505464">
      </trkpt>
      <trkpt lat="49.835019" lon="15.501479">
      </trkpt>
      <trkpt lat="49.838298" lon="15.494925">
      </trkpt>
      <trkpt lat="49.841836" lon="15.49559">
      </trkpt>
      <trkpt lat="49.844042" lon="15.495109">
      </trkpt>
      <trkpt lat="49.845978" lon="15.494096">
      </trkpt>
      <trkpt lat="49.846571" lon="15.493829">
      </trkpt>
      <trkpt lat="49.846586" lon="15.493554">
      </trkpt>
      <trkpt lat="49.845938" lon="15.492049">
      </trkpt>
      <trkpt lat="49.843763" lon="15.485425">
      </trkpt>
      <trkpt lat="49.843348" lon="15.481759">
      </trkpt>
      <trkpt lat="49.840612" lon="15.475067">
      </trkpt>
      <trkpt lat="49.842589" lon="15.471709">
      </trkpt>
      <trkpt lat="49.847064" lon="15.46448">
      </trkpt>
      <trkpt lat="49.850661" lon="15.464619">
      </trkpt>
      <trkpt lat="49.850862" lon="15.462078">
      </trkpt>
      <trkpt lat="49.853498" lon="15.454743">
      </trkpt>
      <trkpt lat="49.85511" lon="15.453198">
      </trkpt>
      <trkpt lat="49.852619" lon="15.450599">
      </trkpt>
      <trkpt lat="49.851007" lon="15.452145">
      </trkpt>
      <trkpt lat="49.848352" lon="15.453971">
      </trkpt>
      <trkpt lat="49.846483" lon="15.456459">
      </trkpt>
      <trkpt lat="49.843566" lon="15.459232">
      </trkpt>
      <trkpt lat="49.836722" lon="15.454434">
      </trkpt>
      <trkpt lat="49.836725" lon="15.453863">
      </trkpt>
      <trkpt lat="49.836666" lon="15.453308">
      </trkpt>
      <trkpt lat="49.836753" lon="15.450803">
      </trkpt>
      <trkpt lat="49.835844" lon="15.44989">
      </trkpt>
      <trkpt lat="49.834709" lon="15.448525">
      </trkpt>
      <trkpt lat="49.833556" lon="15.447051">
      </trkpt>
      <trkpt lat="49.83072" lon="15.449269">
      </trkpt>
      <trkpt lat="49.828057" lon="15.451411">
      </trkpt>
      <trkpt lat="49.827813" lon="15.451627">
      </trkpt>
      <trkpt lat="49.822998" lon="15.453856">
      </trkpt>
      <trkpt lat="49.817976" lon="15.447849">
      </trkpt>
      <trkpt lat="49.817662" lon="15.447164">
      </trkpt>
      <trkpt lat="49.817266" lon="15.446494">
      </trkpt>
      <trkpt lat="49.816177" lon="15.445643">
      </trkpt>
      <trkpt lat="49.815196" lon="15.445427">
      </trkpt>
      <trkpt lat="49.812608" lon="15.444107">
      </trkpt>
      <trkpt lat="49.811243" lon="15.435531">
      </trkpt>
      <trkpt lat="49.812858" lon="15.433775">
      </trkpt>
      <trkpt lat="49.813142" lon="15.433392">
      </trkpt>
      <trkpt lat="49.813494" lon="15.425353">
      </trkpt>
      <trkpt lat="49.813665" lon="15.424613">
      </trkpt>
      <trkpt lat="49.813971" lon="15.423076">
      </trkpt>
      <trkpt lat="49.807137" lon="15.419755">
      </trkpt>
      <trkpt lat="49.80354" lon="15.419592">
      </trkpt>
      <trkpt lat="49.797161" lon="15.420263">
      </trkpt>
      <trkpt lat="49.796995" lon="15.420664">
      </trkpt>
      <trkpt lat="49.796194" lon="15.422087">
      </trkpt>
      <trkpt lat="49.794662" lon="15.424555">
      </trkpt>
      <trkpt lat="49.794345" lon="15.425211">
      </trkpt>
      <trkpt lat="49.786119" lon="15.428761">
      </trkpt>
      <trkpt lat="49.781693" lon="15.425914">
      </trkpt>
      <trkpt lat="49.783608" lon="15.41789">
      </trkpt>
      <trkpt lat="49.784681" lon="15.416853">
      </trkpt>
      <trkpt lat="49.788006" lon="15.414452">
      </trkpt>
      <trkpt lat="49.79434" lon="15.410841">
      </trkpt>
      <trkpt lat="49.795158" lon="15.410678">
      </trkpt>
      <trkpt lat="49.797646" lon="15.41001">
      </trkpt>
      <trkpt lat="49.798584" lon="15.409699">
      </trkpt>
      <trkpt lat="49.799026" lon="15.409418">
      </trkpt>
      <trkpt lat="49.800323" lon="15.408533">
      </trkpt>
      <trkpt lat="49.798294" lon="15.405559">
      </trkpt>
      <trkpt lat="49.796859" lon="15.397493">
      </trkpt>
      <trkpt lat="49.79483" lon="15.393162">
      </trkpt>
      <trkpt lat="49.789025" lon="15.388165">
      </trkpt>
      <trkpt lat="49.789735" lon="15.38484">
      </trkpt>
      <trkpt lat="49.790993" lon="15.382216">
      </trkpt>
      <trkpt lat="49.791009" lon="15.378209">
      </trkpt>
      <trkpt lat="49.790316" lon="15.371774">
      </trkpt>
      <trkpt lat="49.792813" lon="15.369181">
      </trkpt>
      <trkpt lat="49.795723" lon="15.361218">
      </trkpt>
      <trkpt lat="49.792999" lon="15.358864">
      </trkpt>
      <trkpt lat="49.784917" lon="15.360336">
      </trkpt>
      <trkpt lat="49.781449" lon="15.360427">
      </trkpt>
      <trkpt lat="49.780772" lon="15.36045">
      </trkpt>
      <trkpt lat="49.780146" lon="15.360677">
      </trkpt>
      <trkpt lat="49.779562" lon="15.361102">
      </trkpt>
      <trkpt lat="49.779263" lon="15.361395">
      </trkpt>
      <trkpt lat="49.778594" lon="15.362238">
      </trkpt>
      <trkpt lat="49.77817" lon="15.362823">
      </trkpt>
      <trkpt lat="49.775655" lon="15.364671">
      </trkpt>
      <trkpt lat="49.775152" lon="15.364869">
      </trkpt>
      <trkpt lat="49.768541" lon="15.358814">
      </trkpt>
      <trkpt lat="49.769356" lon="15.354061">
      </trkpt>
      <trkpt lat="49.76899" lon="15.353782">
      </trkpt>
      <trkpt lat="49.768982" lon="15.353776">
      </trkpt>
      <trkpt lat="49.768463" lon="15.353384">
      </trkpt>
      <trkpt lat="49.76139" lon="15.355444">
      </trkpt>
      <trkpt lat="49.759167" lon="15.358276">
      </trkpt>
      <trkpt lat="49.762556" lon="15.365229">
      </trkpt>
      <trkpt lat="49.762469" lon="15.366122">
      </trkpt>
      <trkpt lat="49.761334" lon="15.373678">
      </trkpt>
      <trkpt lat="49.761037" lon="15.374127">
      </trkpt>
      <trkpt lat="49.757735" lon="15.377703">
      </trkpt>
      <trkpt lat="49.757724" lon="15.379731">
      </trkpt>
      <trkpt lat="49.757759" lon="15.379954">
      </trkpt>
      <trkpt lat="49.757692" lon="15.384542">
      </trkpt>
      <trkpt lat="49.74945" lon="15.385416">
      </trkpt>
      <trkpt lat="49.747465" lon="15.382618">
      </trkpt>
      <trkpt lat="49.747316" lon="15.381985">
      </trkpt>
      <trkpt lat="49.746689" lon="15.379815">
      </trkpt>
      <trkpt lat="49.745889" lon="15.377955">
      </trkpt>
      <trkpt lat="49.742371" lon="15.378731">
      </trkpt>
      <trkpt lat="49.74248" lon="15.379109">
      </trkpt>
      <trkpt lat="49.743379" lon="15.381229">
      </trkpt>
      <trkpt lat="49.743851" lon="15.38296">
      </trkpt>
      <trkpt lat="49.740999" lon="15.390114">
      </trkpt>
      <trkpt lat="49.732671" lon="15.391524">
      </trkpt>
      <trkpt lat="49.730986" lon="15.389594">
      </trkpt>
      <trkpt lat="49.730388" lon="15.388802">
      </trkpt>
      <trkpt lat="49.728203" lon="15.386769">
      </trkpt>
      <trkpt lat="49.72708" lon="15.385455">
      </trkpt>
      <trkpt lat="49.726762" lon="15.385073">
      </trkpt>
      <trkpt lat="49.726285" lon="15.384566">
      </trkpt>
      <trkpt lat="49.724094" lon="15.38032">
      </trkpt>
      <trkpt lat="49.722433" lon="15.380211">
      </trkpt>
      <trkpt lat="49.721783" lon="15.371518">
      </trkpt>
      <trkpt lat="49.721513" lon="15.370721">
      </trkpt>
      <trkpt lat="49.721326" lon="15.370232">
      </trkpt>
      <trkpt lat="49.721157" lon="15.369879">
      </trkpt>
      <trkpt lat="49.72093" lon="15.369515">
      </trkpt>
      <trkpt lat="49.719795" lon="15.365881">
      </trkpt>
      <trkpt lat="49.719698" lon="15.365444">
      </trkpt>
      <trkpt lat="49.719587" lon="15.36505">
      </trkpt>
      <trkpt lat="49.719364" lon="15.364476">
      </trkpt>
      <trkpt lat="49.718379" lon="15.360204">
      </trkpt>
      <trkpt lat="49.720303" lon="15.35513">
      </trkpt>
      <trkpt lat="49.721057" lon="15.354089">
      </trkpt>
      <trkpt lat="49.721681" lon="15.353306">
      </trkpt>
      <trkpt lat="49.722791" lon="15.351472">
      </trkpt>
      <trkpt lat="49.731625" lon="15.352678">
      </trkpt>
      <trkpt lat="49.732501" lon="15.354772">
      </trkpt>
      <trkpt lat="49.733151" lon="15.355606">
      </trkpt>
      <trkpt lat="49.73541" lon="15.361833">
      </trkpt>
      <trkpt lat="49.735846" lon="15.365362">
      </trkpt>
      <trkpt lat="49.737185" lon="15.364976">
      </trkpt>
      <trkpt lat="49.738208" lon="15.364699">
      </trkpt>
      <trkpt lat="49.745523" lon="15.366352">
      </trkpt>
      <trkpt lat="49.748989" lon="15.365382">
      </trkpt>
      <trkpt lat="49.748414" lon="15.364256">
      </trkpt>
      <trkpt lat="49.746476" lon="15.362529">
      </trkpt>
      <trkpt lat="49.744061" lon="15.359633">
      </trkpt>
      <trkpt lat="49.743135" lon="15.354614">
      </trkpt>
      <trkpt lat="49.743097" lon="15.353844">
      </trkpt>
      <trkpt lat="49.748219" lon="15.347097">
      </trkpt>
      <trkpt lat="49.751097" lon="15.349437">
      </trkpt>
      <trkpt lat="49.754587" lon="15.345351">
      </trkpt>
      <trkpt lat="49.754918" lon="15.344973">
      </trkpt>
      <trkpt lat="49.762518" lon="15.340837">
      </trkpt>
      <trkpt lat="49.766017" lon="15.339986">
      </trkpt>
      <trkpt lat="49.765658" lon="15.338512">
      </trkpt>
      <trkpt lat="49.764695" lon="15.33047">
      </trkpt>
      <trkpt lat="49.766809" lon="15.326197">
      </trkpt>
      <trkpt lat="49.767297" lon="15.325367">
      </trkpt>
      <trkpt lat="49.767515" lon="15.324699">
      </trkpt>
      <trkpt lat="49.767813" lon="15.323532">
      </trkpt>
      <trkpt lat="49.77215" lon="15.318639">
      </trkpt>
      <trkpt lat="49.77455" lon="15.31693">
      </trkpt>
      <trkpt lat="49.780861" lon="15.322123">
      </trkpt>
      <trkpt lat="49.780985" lon="15.322533">
      </trkpt>
      <trkpt lat="49.781198" lon="15.323001">
      </trkpt>
      <trkpt lat="49.783977" lon="15.325726">
      </trkpt>
      <trkpt lat="49.785776" lon="15.330212">
      </trkpt>
      <trkpt lat="49.785998" lon="15.331186">
      </trkpt>
      <trkpt lat="49.786327" lon="15.331831">
      </trkpt>
      <trkpt lat="49.787422" lon="15.334641">
      </trkpt>
      <trkpt lat="49.78805" lon="15.33764">
      </trkpt>
      <trkpt lat="49.791573" lon="15.336903">
      </trkpt>
      <trkpt lat="49.799441" lon="15.338285">
      </trkpt>
      <trkpt lat="49.803967" lon="15.340065">
      </trkpt>
      <trkpt lat="49.806756" lon="15.337789">
      </trkpt>
      <trkpt lat="49.805572" lon="15.33555">
      </trkpt>
      <trkpt lat="49.805166" lon="15.334951">
      </trkpt>
      <trkpt lat="49.804804" lon="15.334568">
      </trkpt>
      <trkpt lat="49.801643" lon="15.331594">
      </trkpt>
      <trkpt lat="49.799363" lon="15.330874">
      </trkpt>
      <trkpt lat="49.798556" lon="15.330595">
      </trkpt>
      <trkpt lat="49.795993" lon="15.32937">
      </trkpt>
      <trkpt lat="49.794965" lon="15.328886">
      </trkpt>
      <trkpt lat="49.791617" lon="15.326661">
      </trkpt>
      <trkpt lat="49.791047" lon="15.326305">
      </trkpt>
      <trkpt lat="49.785306" lon="15.320977">
      </trkpt>
      <trkpt lat="49.784666" lon="15.319289">
      </trkpt>
      <trkpt lat="49.783989" lon="15.31751">
      </trkpt>
      <trkpt lat="49.78335" lon="15.315668">
      </trkpt>
      <trkpt lat="49.783057" lon="15.314899">
      </trkpt>
      <trkpt lat="49.782656" lon="15.314014">
      </trkpt>
      <trkpt lat="49.782111" lon="15.312924">
      </trkpt>
      <trkpt lat="49.781698" lon="15.311843">
      </trkpt>
      <trkpt lat="49.781527" lon="15.311231">
      </trkpt>
      <trkpt lat="49.782248" lon="15.306439">
      </trkpt>
      <trkpt lat="49.786524" lon="15.303408">
      </trkpt>
      <trkpt lat="49.791813" lon="15.303108">
      </trkpt>
      <trkpt lat="49.79762" lon="15.303643">
      </trkpt>
      <trkpt lat="49.801019" lon="15.302459">
      </trkpt>
      <trkpt lat="49.809155" lon="15.298744">
      </trkpt>
      <trkpt lat="49.809366" lon="15.298708">
      </trkpt>
      <trkpt lat="49.809778" lon="15.297874">
      </trkpt>
      <trkpt lat="49.810111" lon="15.297014">
      </trkpt>
      <trkpt lat="49.810184" lon="15.296191">
      </trkpt>
      <trkpt lat="49.809943" lon="15.295907">
      </trkpt>
      <trkpt lat="49.808759" lon="15.295159">
      </trkpt>
      <trkpt lat="49.807235" lon="15.294685">
      </trkpt>
      <trkpt lat="49.806902" lon="15.294763">
      </trkpt>
      <trkpt lat="49.802709" lon="15.295688">
      </trkpt>
      <trkpt lat="49.800684" lon="15.295628">
      </trkpt>
      <trkpt lat="49.798902" lon="15.295687">
      </trkpt>
      <trkpt lat="49.798158" lon="15.295632">
      </trkpt>
      <trkpt lat="49.793385" lon="15.294537">
      </trkpt>
      <trkpt lat="49.791588" lon="15.293587">
      </trkpt>
      <trkpt lat="49.789151" lon="15.291723">
      </trkpt>
      <trkpt lat="49.787592" lon="15.289531">
      </trkpt>
      <trkpt lat="49.786294" lon="15.28879">
      </trkpt>
      <trkpt lat="49.785702" lon="15.288515">
      </trkpt>
      <trkpt lat="49.783373" lon="15.288086">
      </trkpt>
      <trkpt lat="49.781497" lon="15.287791">
      </trkpt>
      <trkpt lat="49.778911" lon="15.288691">
      </trkpt>
      <trkpt lat="49.778401" lon="15.28905">
      </trkpt>
      <trkpt lat="49.772162" lon="15.290228">
      </trkpt>
      <trkpt lat="49.767922" lon="15.286442">
      </trkpt>
      <trkpt lat="49.767305" lon="15.284962">
      </trkpt>
      <trkpt lat="49.767172" lon="15.284645">
      </trkpt>
      <trkpt lat="49.766668" lon="15.283867">
      </trkpt>
      <trkpt lat="49.766455" lon="15.283601">
      </trkpt>
      <trkpt lat="49.76602" lon="15.277434">
      </trkpt>
      <trkpt lat="49.771648" lon="15.274714">
      </trkpt>
      <trkpt lat="49.776038" lon="15.273706">
      </trkpt>
      <trkpt lat="49.777474" lon="15.27378">
      </trkpt>
      <trkpt lat="49.779208" lon="15.27379">
      </trkpt>
      <trkpt lat="49.779957" lon="15.273835">
      </trkpt>
      <trkpt lat="49.781616" lon="15.273986">
      </trkpt>
      <trkpt lat="49.785546" lon="15.275258">
      </trkpt>
      <trkpt lat="49.786402" lon="15.275602">
      </trkpt>
      <trkpt lat="49.787444" lon="15.275826">
      </trkpt>
      <trkpt lat="49.78851" lon="15.276035">
      </trkpt>
      <trkpt lat="49.79" lon="15.2759">
      </trkpt>
      <trkpt lat="49.794894" lon="15.276379">
      </trkpt>
      <trkpt lat="49.80135" lon="15.275021">
      </trkpt>
      <trkpt lat="49.806618" lon="15.274875">
      </trkpt>
      <trkpt lat="49.808173" lon="15.273114">
      </trkpt>
      <trkpt lat="49.807415" lon="15.270984">
      </trkpt>
      <trkpt lat="49.807006" lon="15.26279">
      </trkpt>
      <trkpt lat="49.803541" lon="15.261813">
      </trkpt>
      <trkpt lat="49.794838" lon="15.26107">
      </trkpt>
      <trkpt lat="49.794552" lon="15.2607">
      </trkpt>
      <trkpt lat="49.794023" lon="15.260692">
      </trkpt>
      <trkpt lat="49.793184" lon="15.260742">
      </trkpt>
      <trkpt lat="49.793097" lon="15.260741">
      </trkpt>
      <trkpt lat="49.792543" lon="15.260836">
      </trkpt>
      <trkpt lat="49.79201" lon="15.262545">
      </trkpt>
      <trkpt lat="49.791933" lon="15.265073">
      </trkpt>
      <trkpt lat="49.791496" lon="15.266258">
      </trkpt>
      <trkpt lat="49.79139" lon="15.266684">
      </trkpt>
      <trkpt lat="49.785501" lon="15.270909">
      </trkpt>
      <trkpt lat="49.781463" lon="15.263165">
      </trkpt>
      <trkpt lat="49.781951" lon="15.262093">
      </trkpt>
      <trkpt lat="49.782495" lon="15.260578">
      </trkpt>
      <trkpt lat="49.782846" lon="15.259894">
      </trkpt>
      <trkpt lat="49.784631" lon="15.252678">
      </trkpt>
      <trkpt lat="49.785742" lon="15.251922">
      </trkpt>
      <trkpt lat="49.788254" lon="15.250906">
      </trkpt>
      <trkpt lat="49.786905" lon="15.247569">
      </trkpt>
      <trkpt lat="49.785813" lon="15.248188">
      </trkpt>
      <trkpt lat="49.784393" lon="15.248584">
      </trkpt>
      <trkpt lat="49.778016" lon="15.242771">
      </trkpt>
      <trkpt lat="49.778269" lon="15.241478">
      </trkpt>
      <trkpt lat="49.77837" lon="15.240469">
      </trkpt>
      <trkpt lat="49.783765" lon="15.234314">
      </trkpt>
      <trkpt lat="49.786277" lon="15.232143">
      </trkpt>
      <trkpt lat="49.789394" lon="15.230342">
      </trkpt>
      <trkpt lat="49.789001" lon="15.229661">
      </trkpt>
      <trkpt lat="49.788629" lon="15.229099">
      </trkpt>
      <trkpt lat="49.787743" lon="15.227869">
      </trkpt>
      <trkpt lat="49.78735" lon="15.227381">
      </trkpt>
      <trkpt lat="49.78516" lon="15.221359">
      </trkpt>
      <trkpt lat="49.792079" lon="15.217078">
      </trkpt>
      <trkpt lat="49.798621" lon="15.215151">
      </trkpt>
      <trkpt lat="49.798751" lon="15.215096">
      </trkpt>
      <trkpt lat="49.800686" lon="15.214153">
      </trkpt>
      <trkpt lat="49.8067" lon="15.210623">
      </trkpt>
      <trkpt lat="49.806399" lon="15.209528">
      </trkpt>
      <trkpt lat="49.806244" lon="15.208651">
      </trkpt>
      <trkpt lat="49.806001" lon="15.208062">
      </trkpt>
      <trkpt lat="49.805372" lon="15.206782">
      </trkpt>
      <trkpt lat="49.805234" lon="15.206405">
      </trkpt>
      <trkpt lat="49.804201" lon="15.200881">
      </trkpt>
      <trkpt lat="49.804466" lon="15.199661">
      </trkpt>
      <trkpt lat="49.810554" lon="15.195329">
      </trkpt>
      <trkpt lat="49.813932" lon="15.19801">
      </trkpt>
      <trkpt lat="49.814173" lon="15.198219">
      </trkpt>
      <trkpt lat="49.816468" lon="15.199506">
      </trkpt>
      <trkpt lat="49.817722" lon="15.199916">
      </trkpt>
      <trkpt lat="49.819986" lon="15.200271">
      </trkpt>
      <trkpt lat="49.820878" lon="15.198184">
      </trkpt>
      <trkpt lat="49.819841" lon="15.194115">
      </trkpt>
      <trkpt lat="49.820894" lon="15.185494">
      </trkpt>
      <trkpt lat="49.82196" lon="15.182688">
      </trkpt>
      <trkpt lat="49.82152" lon="15.174723">
      </trkpt>
      <trkpt lat="49.818398" lon="15.17293">
      </trkpt>
      <trkpt lat="49.816771" lon="15.172742">
      </trkpt>
      <trkpt lat="49.817428" lon="15.163844">
      </trkpt>
      <trkpt lat="49.818139" lon="15.163678">
      </trkpt>
      <trkpt lat="49.817321" lon="15.160172">
      </trkpt>
      <trkpt lat="49.813743" lon="15.157394">
      </trkpt>
      <trkpt lat="49.812489" lon="15.149895">
      </trkpt>
      <trkpt lat="49.812626" lon="15.149383">
      </trkpt>
      <trkpt lat="49.812648" lon="15.148552">
      </trkpt>
      <trkpt lat="49.812438" lon="15.147545">
      </trkpt>
      <trkpt lat="49.81043" lon="15.146514">
      </trkpt>
      <trkpt lat="49.809843" lon="15.146132">
      </trkpt>
      <trkpt lat="49.809307" lon="15.145936">
      </trkpt>
      <trkpt lat="49.808642" lon="15.145871">
      </trkpt>
      <trkpt lat="49.808414" lon="15.145868">
      </trkpt>
      <trkpt lat="49.80084" lon="15.141456">
      </trkpt>
      <trkpt lat="49.800271" lon="15.139615">
      </trkpt>
      <trkpt lat="49.800208" lon="15.139394">
      </trkpt>
      <trkpt lat="49.797346" lon="15.139231">
      </trkpt>
      <trkpt lat="49.791676" lon="15.133618">
      </trkpt>
      <trkpt lat="49.791549" lon="15.133158">
      </trkpt>
      <trkpt lat="49.791307" lon="15.132618">
      </trkpt>
      <trkpt lat="49.790513" lon="15.131784">
      </trkpt>
      <trkpt lat="49.786904" lon="15.128119">
      </trkpt>
      <trkpt lat="49.786772" lon="15.127652">
      </trkpt>
      <trkpt lat="49.793485" lon="15.122164">
      </trkpt>
      <trkpt lat="49.794592" lon="15.123">
      </trkpt>
      <trkpt lat="49.801805" lon="15.124443">
      </trkpt>
      <trkpt lat="49.80516" lon="15.123137">
      </trkpt>
      <trkpt lat="49.813471" lon="15.119776">
      </trkpt>
      <trkpt lat="49.814065" lon="15.12032">
      </trkpt>
      <trkpt lat="49.814897" lon="15.120769">
      </trkpt>
      <trkpt lat="49.815128" lon="15.120797">
      </trkpt>
      <trkpt lat="49.818191" lon="15.119518">
      </trkpt>
      <trkpt lat="49.818122" lon="15.119216">
      </trkpt>
      <trkpt lat="49.818017" lon="15.1189">
      </trkpt>
      <trkpt lat="49.817958" lon="15.118749">
      </trkpt>
      <trkpt lat="49.817379" lon="15.117986">
      </trkpt>
      <trkpt lat="49.815858" lon="15.115894">
      </trkpt>
      <trkpt lat="49.81524" lon="15.114849">
      </trkpt>
      <trkpt lat="49.814757" lon="15.11403">
      </trkpt>
      <trkpt lat="49.813603" lon="15.105132">
      </trkpt>
      <trkpt lat="49.810488" lon="15.099879">
      </trkpt>
      <trkpt lat="49.809394" lon="15.094682">
      </trkpt>
      <trkpt lat="49.809172" lon="15.093551">
      </trkpt>
      <trkpt lat="49.807433" lon="15.091743">
      </trkpt>
      <trkpt lat="49.803921" lon="15.09095">
      </trkpt>
      <trkpt lat="49.803334" lon="15.093552">
      </trkpt>
      <trkpt lat="49.795172" lon="15.095403">
      </trkpt>
      <trkpt lat="49.79411" lon="15.093215">
      </trkpt>
      <trkpt lat="49.793784" lon="15.092814">
      </trkpt>
      <trkpt lat="49.793481" lon="15.092371">
      </trkpt>
      <trkpt lat="49.790206" lon="15.088947">
      </trkpt>
      <trkpt lat="49.787115" lon="15.086149">
      </trkpt>
      <trkpt lat="49.786603" lon="15.085498">
      </trkpt>
      <trkpt lat="49.786476" lon="15.085378">
      </trkpt>
      <trkpt lat="49.783219" lon="15.077231">
      </trkpt>
      <trkpt lat="49.783318" lon="15.076611">
      </trkpt>
      <trkpt lat="49.786905" lon="15.071041">
      </trkpt>
      <trkpt lat="49.792188" lon="15.071657">
      </trkpt>
      <trkpt lat="49.793669" lon="15.072709">
      </trkpt>
      <trkpt lat="49.794722" lon="15.073011">
      </trkpt>
      <trkpt lat="49.795716" lon="15.069551">
      </trkpt>
      <trkpt lat="49.792795" lon="15.066739">
      </trkpt>
      <trkpt lat="49.792144" lon="15.066199">
      </trkpt>
      <trkpt lat="49.788947" lon="15.062283">
      </trkpt>
      <trkpt lat="49.789637" lon="15.054987">
      </trkpt>
      <trkpt lat="49.792361" lon="15.051968">
      </trkpt>
      <trkpt lat="49.792815" lon="15.051536">
      </trkpt>
      <trkpt lat="49.793166" lon="15.051061">
      </trkpt>
      <trkpt lat="49.793369" lon="15.050634">
      </trkpt>
      <trkpt lat="49.793514" lon="15.050194">
      </trkpt>
      <trkpt lat="49.793624" lon="15.049761">
      </trkpt>
      <trkpt lat="49.795535" lon="15.042814">
      </trkpt>
      <trkpt lat="49.801606" lon="15.043901">
      </trkpt>
      <trkpt lat="49.804598" lon="15.045903">
      </trkpt>
      <trkpt lat="49.80642" lon="15.043632">
      </trkpt>
      <trkpt lat="49.807162" lon="15.042367">
      </trkpt>
      <trkpt lat="49.813925" lon="15.03841">
      </trkpt>
      <trkpt lat="49.822015" lon="15.036963">
      </trkpt>
      <trkpt lat="49.822143" lon="15.036853">
      </trkpt>
      <trkpt lat="49.82246" lon="15.036523">
      </trkpt>
      <trkpt lat="49.829947" lon="15.031893">
      </trkpt>
      <trkpt lat="49.836062" lon="15.035059">
      </trkpt>
      <trkpt lat="49.839288" lon="15.036656">
      </trkpt>
      <trkpt lat="49.840864" lon="15.036879">
      </trkpt>
      <trkpt lat="49.843288" lon="15.034217">
      </trkpt>
      <trkpt lat="49.840974" lon="15.026421">
      </trkpt>
      <trkpt lat="49.840048" lon="15.017476">
      </trkpt>
      <trkpt lat="49.834148" lon="15.015021">
      </trkpt>
      <trkpt lat="49.830016" lon="15.008682">
      </trkpt>
      <trkpt lat="49.829934" lon="15.006102">
      </trkpt>
      <trkpt lat="49.829866" lon="15.005385">
      </trkpt>
      <trkpt lat="49.829461" lon="15.003029">
      </trkpt>
      <trkpt lat="49.829057" lon="15.000672">
      </trkpt>
      <trkpt lat="49.825509" lon="15.001281">
      </trkpt>
      <trkpt lat="49.823539" lon="15.005341">
      </trkpt>
      <trkpt lat="49.815634" lon="15.006599">
      </trkpt>
      <trkpt lat="49.814374" lon="15.005962">
      </trkpt>
      <trkpt lat="49.813665" lon="15.005725">
      </trkpt>
      <trkpt lat="49.812387" lon="15.005434">
      </trkpt>
      <trkpt lat="49.807168" lon="14.998515">
      </trkpt>
      <trkpt lat="49.807156" lon="14.998422">
      </trkpt>
      <trkpt lat="49.803812" lon="14.997089">
      </trkpt>
      <trkpt lat="49.798993" lon="14.989746">
      </trkpt>
      <trkpt lat="49.798883" lon="14.98776">
      </trkpt>
      <trkpt lat="49.798876" lon="14.987205">
      </trkpt>
      <trkpt lat="49.798878" lon="14.986734">
      </trkpt>
      <trkpt lat="49.794394" lon="14.97916">
      </trkpt>
      <trkpt lat="49.794532" lon="14.978537">
      </trkpt>
      <trkpt lat="49.794669" lon="14.977739">
      </trkpt>
      <trkpt lat="49.802828" lon="14.974287">
      </trkpt>
      <trkpt lat="49.804594" lon="14.975816">
      </trkpt>
      <trkpt lat="49.805099" lon="14.97635">
      </trkpt>
      <trkpt lat="49.80535" lon="14.97656">
      </trkpt>
      <trkpt lat="49.807657" lon="14.973797">
      </trkpt>
      <trkpt lat="49.812829" lon="14.967017">
      </trkpt>
      <trkpt lat="49.814346" lon="14.965725">
      </trkpt>
      <trkpt lat="49.815492" lon="14.957368">
      </trkpt>
      <trkpt lat="49.816414" lon="14.955397">
      </trkpt>
      <trkpt lat="49.812042" lon="14.950383">
      </trkpt>
      <trkpt lat="49.81784" lon="14.944064">
      </trkpt>
      <trkpt lat="49.818716" lon="14.94395">
      </trkpt>
      <trkpt lat="49.819405" lon="14.94363">
      </trkpt>
      <trkpt lat="49.820048" lon="14.943148">
      </trkpt>
      <trkpt lat="49.820554" lon="14.942597">
      </trkpt>
      <trkpt lat="49.820886" lon="14.942099">
      </trkpt>
      <trkpt lat="49.821144" lon="14.941606">
      </trkpt>
      <trkpt lat="49.821428" lon="14.940897">
      </trkpt>
      <trkpt lat="49.821463" lon="14.936908">
      </trkpt>
      <trkpt lat="49.830249" lon="14.935927">
      </trkpt>
      <trkpt lat="49.830721" lon="14.936492">
      </trkpt>
      <trkpt lat="49.831483" lon="14.937039">
      </trkpt>
      <trkpt lat="49.831958" lon="14.937203">
      </trkpt>
      <trkpt lat="49.832661" lon="14.937263">
      </trkpt>
      <trkpt lat="49.833381" lon="14.937128">
      </trkpt>
      <trkpt lat="49.833935" lon="14.936907">
      </trkpt>
      <trkpt lat="49.834269" lon="14.936732">
      </trkpt>
      <trkpt lat="49.836042" lon="14.935732">
      </trkpt>
      <trkpt lat="49.837286" lon="14.934844">
      </trkpt>
      <trkpt lat="49.83703" lon="14.932403">
      </trkpt>
      <trkpt lat="49.833897" lon="14.925908">
      </trkpt>
      <trkpt lat="49.832078" lon="14.92184">
      </trkpt>
      <trkpt lat="49.833879" lon="14.916098">
      </trkpt>
      <trkpt lat="49.834184" lon="14.915629">
      </trkpt>
      <trkpt lat="49.834424" lon="14.914587">
      </trkpt>
      <trkpt lat="49.835049" lon="14.908785">
      </trkpt>
      <trkpt lat="49.834891" lon="14.901349">
      </trkpt>
      <trkpt lat="49.834778" lon="14.90046">
      </trkpt>
      <trkpt lat="49.833626" lon="14.89445">
      </trkpt>
      <trkpt lat="49.83712" lon="14.887523">
      </trkpt>
      <trkpt lat="49.838037" lon="14.886765">
      </trkpt>
      <trkpt lat="49.838748" lon="14.886195">
      </trkpt>
      <trkpt lat="49.847077" lon="14.884512">
      </trkpt>
      <trkpt lat="49.849764" lon="14.884188">
      </trkpt>
      <trkpt lat="49.853369" lon="14.87955">
      </trkpt>
      <trkpt lat="49.854389" lon="14.876168">
      </trkpt>
      <trkpt lat="49.857673" lon="14.871846">
      </trkpt>
      <trkpt lat="49.862374" lon="14.869919">
      </trkpt>
      <trkpt lat="49.870683" lon="14.868458">
      </trkpt>
      <trkpt lat="49.870675" lon="14.867859">
      </trkpt>
      <trkpt lat="49.870576" lon="14.866981">
      </trkpt>
      <trkpt lat="49.870481" lon="14.86652">
      </trkpt>
      <trkpt lat="49.870361" lon="14.866111">
      </trkpt>
      <trkpt lat="49.870058" lon="14.865252">
      </trkpt>
      <trkpt lat="49.869892" lon="14.864847">
      </trkpt>
      <trkpt lat="49.86967" lon="14.864428">
      </trkpt>
      <trkpt lat="49.869121" lon="14.863809">
      </trkpt>
      <trkpt lat="49.868397" lon="14.863424">
      </trkpt>
      <trkpt lat="49.866281" lon="14.861687">
      </trkpt>
      <trkpt lat="49.863887" lon="14.858472">
      </trkpt>
      <trkpt lat="49.862034" lon="14.855386">
      </trkpt>
      <trkpt lat="49.864646" lon="14.848447">
      </trkpt>
      <trkpt lat="49.868174" lon="14.848489">
      </trkpt>
      <trkpt lat="49.868187" lon="14.848179">
      </trkpt>
      <trkpt lat="49.868142" lon="14.847579">
      </trkpt>
      <trkpt lat="49.866991" lon="14.842684">
      </trkpt>
      <trkpt lat="49.86685" lon="14.841534">
      </trkpt>
      <trkpt lat="49.866787" lon="14.840896">
      </trkpt>
      <trkpt lat="49.866584" lon="14.840088">
      </trkpt>
      <trkpt lat="49.866249" lon="14.839422">
      </trkpt>
      <trkpt lat="49.865227" lon="14.830693">
      </trkpt>
      <trkpt lat="49.867074" lon="14.827603">
      </trkpt>
      <trkpt lat="49.866733" lon="14.82579">
      </trkpt>
      <trkpt lat="49.866731" lon="14.819007">
      </trkpt>
      <trkpt lat="49.873266" lon="14.818013">
      </trkpt>
      <trkpt lat="49.873911" lon="14.818057">
      </trkpt>
      <trkpt lat="49.876282" lon="14.817435">
      </trkpt>
      <trkpt lat="49.877876" lon="14.814207">
      </trkpt>
      <trkpt lat="49.874396" lon="14.811632">
      </trkpt>
      <trkpt lat="49.874342" lon="14.803968">
      </trkpt>
      <trkpt lat="49.874579" lon="14.802957">
      </trkpt>
      <trkpt lat="49.87458" lon="14.802463">
      </trkpt>
      <trkpt lat="49.87305" lon="14.800553">
      </trkpt>
      <trkpt lat="49.867581" lon="14.797574">
      </trkpt>
      <trkpt lat="49.866302" lon="14.795292">
      </trkpt>
      <trkpt lat="49.865896" lon="14.794596">
      </trkpt>
      <trkpt lat="49.865739" lon="14.788987">
      </trkpt>
      <trkpt lat="49.871524" lon="14.786422">
      </trkpt>
      <trkpt lat="49.871647" lon="14.786448">
      </trkpt>
      <trkpt lat="49.871694" lon="14.786418">
      </trkpt>
      <trkpt lat="49.872025" lon="14.785872">
      </trkpt>
      <trkpt lat="49.872056" lon="14.785791">
      </trkpt>
      <trkpt lat="49.872062" lon="14.785703">
      </trkpt>
      <trkpt lat="49.872055" lon="14.78509">
      </trkpt>
      <trkpt lat="49.874542" lon="14.777033">
      </trkpt>
      <trkpt lat="49.874487" lon="14.776159">
      </trkpt>
      <trkpt lat="49.87447" lon="14.774228">
      </trkpt>
      <trkpt lat="49.874367" lon="14.773674">
      </trkpt>
      <trkpt lat="49.875182" lon="14.764719">
      </trkpt>
      <trkpt lat="49.875873" lon="14.763527">
      </trkpt>
      <trkpt lat="49.881659" lon="14.75891">
      </trkpt>
      <trkpt lat="49.88484" lon="14.758301">
      </trkpt>
      <trkpt lat="49.885651" lon="14.758084">
      </trkpt>
      <trkpt lat="49.886224" lon="14.757892">
      </trkpt>
      <trkpt lat="49.887187" lon="14.75748">
      </trkpt>
      <trkpt lat="49.887788" lon="14.75715">
      </trkpt>
      <trkpt lat="49.888615" lon="14.756606">
      </trkpt>
      <trkpt lat="49.88931" lon="14.756054">
      </trkpt>
      <trkpt lat="49.889826" lon="14.75558">
      </trkpt>
      <trkpt lat="49.890454" lon="14.754933">
      </trkpt>
      <trkpt lat="49.892182" lon="14.752687">
      </trkpt>
      <trkpt lat="49.893381" lon="14.750962">
      </trkpt>
      <trkpt lat="49.897787" lon="14.745303">
      </trkpt>
      <trkpt lat="49.899088" lon="14.743926">
      </trkpt>
      <trkpt lat="49.900388" lon="14.742548">
      </trkpt>
      <trkpt lat="49.902282" lon="14.740541">
      </trkpt>
      <trkpt lat="49.903728" lon="14.739007">
      </trkpt>
      <trkpt lat="49.905178" lon="14.73747">
      </trkpt>
      <trkpt lat="49.906488" lon="14.73607">
      </trkpt>
      <trkpt lat="49.90729" lon="14.735179">
      </trkpt>
      <trkpt lat="49.907678" lon="14.734717">
      </trkpt>
      <trkpt lat="49.908312" lon="14.733879">
      </trkpt>
      <trkpt lat="49.909002" lon="14.732902">
      </trkpt>
      <trkpt lat="49.909773" lon="14.731604">
      </trkpt>
      <trkpt lat="49.910232" lon="14.730748">
      </trkpt>
      <trkpt lat="49.910836" lon="14.729472">
      </trkpt>
      <trkpt lat="49.911054" lon="14.728982">
      </trkpt>
      <trkpt lat="49.911417" lon="14.728066">
      </trkpt>
      <trkpt lat="49.912337" lon="14.725189">
      </trkpt>
      <trkpt lat="49.912609" lon="14.724116">
      </trkpt>
      <trkpt lat="49.912915" lon="14.722712">
      </trkpt>
      <trkpt lat="49.913296" lon="14.72077">
      </trkpt>
      <trkpt lat="49.9167" lon="14.712855">
      </trkpt>
      <trkpt lat="49.917202" lon="14.712228">
      </trkpt>
      <trkpt lat="49.920463" lon="14.707923">
      </trkpt>
      <trkpt lat="49.918134" lon="14.705178">
      </trkpt>
      <trkpt lat="49.916731" lon="14.706369">
      </trkpt>
    </trkseg>
  </trk>
</gpx>