<?xml version="1.0" encoding="UTF-8"?>
<gpx xmlns="http://www.topografix.com/GPX/1/1" xmlns:xsi="http://www.w3.org/2001/XMLSchema-instance" xsi:schemaLocation="http://www.topografix.com/GPX/1/1 http://www.topografix.com/GPX/1/1/gpx.xsd" version="1.1" creator="gpx.py -- https://github.com/tkrajina/gpxpy">
  <trk>
    <trkseg>
      <trkpt lat="50.311356" lon="12.021167">
      </trkpt>
      <trkpt lat="50.310831" lon="12.021229">
      </trkpt>
      <trkpt lat="50.308189" lon="12.021795">
      </trkpt>
      <trkpt lat="50.30698" lon="12.022227">
      </trkpt>
      <trkpt lat="50.306099" lon="12.022614">
      </trkpt>
      <trkpt lat="50.305495" lon="12.022918">
      </trkpt>
      <trkpt lat="50.304277" lon="12.023603">
      </trkpt>
      <trkpt lat="50.296073" lon="12.024545">
      </trkpt>
      <trkpt lat="50.294528" lon="12.023686">
      </trkpt>
      <trkpt lat="50.293588" lon="12.023128">
      </trkpt>
      <trkpt lat="50.292256" lon="12.022425">
      </trkpt>
      <trkpt lat="50.291219" lon="12.021916">
      </trkpt>
      <trkpt lat="50.290172" lon="12.021455">
      </trkpt>
      <trkpt lat="50.28916" lon="12.021067">
      </trkpt>
      <trkpt lat="50.288293" lon="12.020795">
      </trkpt>
      <trkpt lat="50.286592" lon="12.020407">
      </trkpt>
      <trkpt lat="50.285513" lon="12.020234">
      </trkpt>
      <trkpt lat="50.284972" lon="12.020175">
      </trkpt>
      <trkpt lat="50.28442" lon="12.02013">
      </trkpt>
      <trkpt lat="50.283338" lon="12.020096">
      </trkpt>
      <trkpt lat="50.281903" lon="12.020157">
      </trkpt>
      <trkpt lat="50.280915" lon="12.020269">
      </trkpt>
      <trkpt lat="50.27984" lon="12.020455">
      </trkpt>
      <trkpt lat="50.273659" lon="12.01509">
      </trkpt>
      <trkpt lat="50.274411" lon="12.013245">
      </trkpt>
      <trkpt lat="50.27455" lon="12.010728">
      </trkpt>
      <trkpt lat="50.272068" lon="12.002276">
      </trkpt>
      <trkpt lat="50.27224" lon="12.001129">
      </trkpt>
      <trkpt lat="50.272418" lon="12.00036">
      </trkpt>
      <trkpt lat="50.272577" lon="11.999326">
      </trkpt>
      <trkpt lat="50.269019" lon="11.998779">
      </trkpt>
      <trkpt lat="50.267863" lon="11.999294">
      </trkpt>
      <trkpt lat="50.267635" lon="12.000528">
      </trkpt>
      <trkpt lat="50.267435" lon="12.001866">
      </trkpt>
      <trkpt lat="50.267288" lon="12.00307">
      </trkpt>
      <trkpt lat="50.264824" lon="12.011399">
      </trkpt>
      <trkpt lat="50.264045" lon="12.013204">
      </trkpt>
      <trkpt lat="50.263942" lon="12.013446">
      </trkpt>
      <trkpt lat="50.264087" lon="12.014709">
      </trkpt>
      <trkpt lat="50.264164" lon="12.014865">
      </trkpt>
      <trkpt lat="50.267781" lon="12.023029">
      </trkpt>
      <trkpt lat="50.267681" lon="12.024318">
      </trkpt>
      <trkpt lat="50.267619" lon="12.02495">
      </trkpt>
      <trkpt lat="50.26748" lon="12.026054">
      </trkpt>
      <trkpt lat="50.267223" lon="12.027641">
      </trkpt>
      <trkpt lat="50.266936" lon="12.029043">
      </trkpt>
      <trkpt lat="50.266612" lon="12.030307">
      </trkpt>
      <trkpt lat="50.266211" lon="12.03168">
      </trkpt>
      <trkpt lat="50.258071" lon="12.034941">
      </trkpt>
      <trkpt lat="50.256846" lon="12.034399">
      </trkpt>
      <trkpt lat="50.255536" lon="12.033833">
      </trkpt>
      <trkpt lat="50.253592" lon="12.032434">
      </trkpt>
      <trkpt lat="50.252409" lon="12.031438">
      </trkpt>
      <trkpt lat="50.249653" lon="12.031631">
      </trkpt>
      <trkpt lat="50.248985" lon="12.03255">
      </trkpt>
      <trkpt lat="50.245592" lon="12.038072">
      </trkpt>
      <trkpt lat="50.245265" lon="12.038584">
      </trkpt>
      <trkpt lat="50.244724" lon="12.039701">
      </trkpt>
      <trkpt lat="50.244154" lon="12.041062">
      </trkpt>
      <trkpt lat="50.239485" lon="12.04716">
      </trkpt>
      <trkpt lat="50.236515" lon="12.04887">
      </trkpt>
      <trkpt lat="50.234243" lon="12.051662">
      </trkpt>
      <trkpt lat="50.23118" lon="12.058499">
      </trkpt>
      <trkpt lat="50.230911" lon="12.058874">
      </trkpt>
      <trkpt lat="50.228684" lon="12.06509">
      </trkpt>
      <trkpt lat="50.220982" lon="12.063095">
      </trkpt>
      <trkpt lat="50.217579" lon="12.064271">
      </trkpt>
      <trkpt lat="50.214355" lon="12.065478">
      </trkpt>
      <trkpt lat="50.209702" lon="12.071022">
      </trkpt>
      <trkpt lat="50.202698" lon="12.073447">
      </trkpt>
      <trkpt lat="50.199584" lon="12.07193">
      </trkpt>
      <trkpt lat="50.196074" lon="12.072731">
      </trkpt>
      <trkpt lat="50.19013" lon="12.069619">
      </trkpt>
      <trkpt lat="50.188116" lon="12.066635">
      </trkpt>
      <trkpt lat="50.186017" lon="12.066812">
      </trkpt>
      <trkpt lat="50.183425" lon="12.066703">
      </trkpt>
      <trkpt lat="50.176758" lon="12.062097">
      </trkpt>
      <trkpt lat="50.177985" lon="12.057324">
      </trkpt>
      <trkpt lat="50.178343" lon="12.051108">
      </trkpt>
      <trkpt lat="50.178413" lon="12.050902">
      </trkpt>
      <trkpt lat="50.172841" lon="12.047003">
      </trkpt>
      <trkpt lat="50.173996" lon="12.038231">
      </trkpt>
      <trkpt lat="50.17629" lon="12.037166">
      </trkpt>
      <trkpt lat="50.174774" lon="12.0339">
      </trkpt>
      <trkpt lat="50.166902" lon="12.029842">
      </trkpt>
      <trkpt lat="50.16041" lon="12.026289">
      </trkpt>
      <trkpt lat="50.154566" lon="12.026631">
      </trkpt>
      <trkpt lat="50.150682" lon="12.023704">
      </trkpt>
      <trkpt lat="50.149989" lon="12.022579">
      </trkpt>
      <trkpt lat="50.148692" lon="12.018743">
      </trkpt>
      <trkpt lat="50.14813" lon="12.016993">
      </trkpt>
      <trkpt lat="50.147953" lon="12.0166">
      </trkpt>
      <trkpt lat="50.142007" lon="12.012628">
      </trkpt>
      <trkpt lat="50.138925" lon="12.014488">
      </trkpt>
      <trkpt lat="50.130866" lon="12.010644">
      </trkpt>
      <trkpt lat="50.130792" lon="12.008241">
      </trkpt>
      <trkpt lat="50.130144" lon="12.006107">
      </trkpt>
      <trkpt lat="50.129906" lon="12.002225">
      </trkpt>
      <trkpt lat="50.129733" lon="12.001494">
      </trkpt>
      <trkpt lat="50.128615" lon="11.998598">
      </trkpt>
      <trkpt lat="50.127658" lon="11.997465">
      </trkpt>
      <trkpt lat="50.127438" lon="11.997367">
      </trkpt>
      <trkpt lat="50.126781" lon="11.997142">
      </trkpt>
      <trkpt lat="50.126587" lon="11.997135">
      </trkpt>
      <trkpt lat="50.125077" lon="11.997932">
      </trkpt>
      <trkpt lat="50.117171" lon="11.999229">
      </trkpt>
      <trkpt lat="50.113746" lon="12.000311">
      </trkpt>
      <trkpt lat="50.113132" lon="12.000504">
      </trkpt>
      <trkpt lat="50.10875" lon="12.000594">
      </trkpt>
      <trkpt lat="50.103697" lon="11.995859">
      </trkpt>
      <trkpt lat="50.098962" lon="11.995229">
      </trkpt>
      <trkpt lat="50.091857" lon="11.993183">
      </trkpt>
      <trkpt lat="50.088745" lon="11.994992">
      </trkpt>
      <trkpt lat="50.082986" lon="11.988508">
      </trkpt>
      <trkpt lat="50.085692" lon="11.984556">
      </trkpt>
      <trkpt lat="50.085981" lon="11.982573">
      </trkpt>
      <trkpt lat="50.088946" lon="11.975911">
      </trkpt>
      <trkpt lat="50.089393" lon="11.97479">
      </trkpt>
      <trkpt lat="50.089405" lon="11.974073">
      </trkpt>
      <trkpt lat="50.088498" lon="11.972291">
      </trkpt>
      <trkpt lat="50.086802" lon="11.969745">
      </trkpt>
      <trkpt lat="50.082465" lon="11.965986">
      </trkpt>
      <trkpt lat="50.082451" lon="11.96006">
      </trkpt>
      <trkpt lat="50.082663" lon="11.958019">
      </trkpt>
      <trkpt lat="50.08278" lon="11.957213">
      </trkpt>
      <trkpt lat="50.083011" lon="11.955988">
      </trkpt>
      <trkpt lat="50.08314" lon="11.955128">
      </trkpt>
      <trkpt lat="50.083427" lon="11.952723">
      </trkpt>
      <trkpt lat="50.083715" lon="11.950318">
      </trkpt>
      <trkpt lat="50.080141" lon="11.94989">
      </trkpt>
      <trkpt lat="50.079853" lon="11.952295">
      </trkpt>
      <trkpt lat="50.077691" lon="11.959563">
      </trkpt>
      <trkpt lat="50.07751" lon="11.961547">
      </trkpt>
      <trkpt lat="50.07748" lon="11.962226">
      </trkpt>
      <trkpt lat="50.074134" lon="11.969901">
      </trkpt>
      <trkpt lat="50.070895" lon="11.971471">
      </trkpt>
      <trkpt lat="50.069227" lon="11.972158">
      </trkpt>
      <trkpt lat="50.06781" lon="11.973033">
      </trkpt>
      <trkpt lat="50.067227" lon="11.97389">
      </trkpt>
      <trkpt lat="50.067187" lon="11.974043">
      </trkpt>
      <trkpt lat="50.059858" lon="11.979081">
      </trkpt>
      <trkpt lat="50.056434" lon="11.980194">
      </trkpt>
      <trkpt lat="50.049034" lon="11.975196">
      </trkpt>
      <trkpt lat="50.045618" lon="11.976333">
      </trkpt>
      <trkpt lat="50.038857" lon="11.977808">
      </trkpt>
      <trkpt lat="50.033099" lon="11.971151">
      </trkpt>
      <trkpt lat="50.033259" lon="11.965601">
      </trkpt>
      <trkpt lat="50.032353" lon="11.962265">
      </trkpt>
      <trkpt lat="50.034018" lon="11.954783">
      </trkpt>
      <trkpt lat="50.031071" lon="11.952867">
      </trkpt>
      <trkpt lat="50.030959" lon="11.952885">
      </trkpt>
      <trkpt lat="50.027589" lon="11.953779">
      </trkpt>
      <trkpt lat="50.02794" lon="11.95512">
      </trkpt>
      <trkpt lat="50.028336" lon="11.956727">
      </trkpt>
      <trkpt lat="50.02835" lon="11.956889">
      </trkpt>
      <trkpt lat="50.028368" lon="11.957262">
      </trkpt>
      <trkpt lat="50.023466" lon="11.963871">
      </trkpt>
      <trkpt lat="50.019203" lon="11.961687">
      </trkpt>
      <trkpt lat="50.016684" lon="11.95641">
      </trkpt>
      <trkpt lat="50.019005" lon="11.949834">
      </trkpt>
      <trkpt lat="50.019736" lon="11.948743">
      </trkpt>
      <trkpt lat="50.019669" lon="11.948392">
      </trkpt>
      <trkpt lat="50.018652" lon="11.945229">
      </trkpt>
      <trkpt lat="50.018471" lon="11.943985">
      </trkpt>
      <trkpt lat="50.018215" lon="11.93842">
      </trkpt>
      <trkpt lat="50.018229" lon="11.938143">
      </trkpt>
      <trkpt lat="50.014633" lon="11.937973">
      </trkpt>
      <trkpt lat="50.009411" lon="11.941577">
      </trkpt>
      <trkpt lat="50.004754" lon="11.940601">
      </trkpt>
      <trkpt lat="50.00437" lon="11.940443">
      </trkpt>
      <trkpt lat="50.002912" lon="11.943403">
      </trkpt>
      <trkpt lat="50.003001" lon="11.943773">
      </trkpt>
      <trkpt lat="50.0075" lon="11.951116">
      </trkpt>
      <trkpt lat="50.008309" lon="11.955847">
      </trkpt>
      <trkpt lat="50.008567" lon="11.95804">
      </trkpt>
      <trkpt lat="50.008965" lon="11.959387">
      </trkpt>
      <trkpt lat="50.003601" lon="11.966012">
      </trkpt>
      <trkpt lat="50.003244" lon="11.966313">
      </trkpt>
      <trkpt lat="50.002829" lon="11.966798">
      </trkpt>
      <trkpt lat="50.002516" lon="11.967516">
      </trkpt>
      <trkpt lat="49.999751" lon="11.972517">
      </trkpt>
      <trkpt lat="49.997562" lon="11.975376">
      </trkpt>
      <trkpt lat="50.001246" lon="11.979664">
      </trkpt>
      <trkpt lat="50.00293" lon="11.982846">
      </trkpt>
      <trkpt lat="50.008085" lon="11.988085">
      </trkpt>
      <trkpt lat="50.009487" lon="11.989144">
      </trkpt>
      <trkpt lat="50.011243" lon="11.997099">
      </trkpt>
      <trkpt lat="50.008101" lon="11.999371">
      </trkpt>
      <trkpt lat="50.007284" lon="11.999696">
      </trkpt>
      <trkpt lat="50.00607" lon="12.000267">
      </trkpt>
      <trkpt lat="50.005492" lon="12.000728">
      </trkpt>
      <trkpt lat="50.004011" lon="12.001658">
      </trkpt>
      <trkpt lat="50.003702" lon="12.001957">
      </trkpt>
      <trkpt lat="50.0037" lon="12.005599">
      </trkpt>
      <trkpt lat="50.004979" lon="12.008882">
      </trkpt>
      <trkpt lat="50.000055" lon="12.014538">
      </trkpt>
      <trkpt lat="49.99468" lon="12.013897">
      </trkpt>
      <trkpt lat="49.992507" lon="12.016768">
      </trkpt>
      <trkpt lat="49.990789" lon="12.02292">
      </trkpt>
      <trkpt lat="49.99118" lon="12.023835">
      </trkpt>
      <trkpt lat="49.99157" lon="12.024488">
      </trkpt>
      <trkpt lat="49.991871" lon="12.024895">
      </trkpt>
      <trkpt lat="49.992209" lon="12.025287">
      </trkpt>
      <trkpt lat="49.995598" lon="12.03327">
      </trkpt>
      <trkpt lat="49.997192" lon="12.035105">
      </trkpt>
      <trkpt lat="49.997995" lon="12.036635">
      </trkpt>
      <trkpt lat="49.998782" lon="12.037196">
      </trkpt>
      <trkpt lat="49.999545" lon="12.037553">
      </trkpt>
      <trkpt lat="50.001527" lon="12.037571">
      </trkpt>
      <trkpt lat="50.003811" lon="12.037986">
      </trkpt>
      <trkpt lat="50.006389" lon="12.045973">
      </trkpt>
      <trkpt lat="50.003658" lon="12.049256">
      </trkpt>
      <trkpt lat="49.998704" lon="12.049982">
      </trkpt>
      <trkpt lat="49.99843" lon="12.049942">
      </trkpt>
      <trkpt lat="49.996546" lon="12.049425">
      </trkpt>
      <trkpt lat="49.995862" lon="12.049103">
      </trkpt>
      <trkpt lat="49.995213" lon="12.049006">
      </trkpt>
      <trkpt lat="49.990739" lon="12.047525">
      </trkpt>
      <trkpt lat="49.989088" lon="12.045562">
      </trkpt>
      <trkpt lat="49.985718" lon="12.046827">
      </trkpt>
      <trkpt lat="49.977086" lon="12.04711">
      </trkpt>
      <trkpt lat="49.976723" lon="12.046169">
      </trkpt>
      <trkpt lat="49.976488" lon="12.045873">
      </trkpt>
      <trkpt lat="49.976216" lon="12.045585">
      </trkpt>
      <trkpt lat="49.972655" lon="12.042961">
      </trkpt>
      <trkpt lat="49.970944" lon="12.041731">
      </trkpt>
      <trkpt lat="49.970154" lon="12.041479">
      </trkpt>
      <trkpt lat="49.969015" lon="12.043574">
      </trkpt>
      <trkpt lat="49.968467" lon="12.044659">
      </trkpt>
      <trkpt lat="49.972278" lon="12.049425">
      </trkpt>
      <trkpt lat="49.972463" lon="12.054829">
      </trkpt>
      <trkpt lat="49.9726" lon="12.057778">
      </trkpt>
      <trkpt lat="49.972518" lon="12.058429">
      </trkpt>
      <trkpt lat="49.971491" lon="12.062658">
      </trkpt>
      <trkpt lat="49.965094" lon="12.066263">
      </trkpt>
      <trkpt lat="49.964481" lon="12.066492">
      </trkpt>
      <trkpt lat="49.962771" lon="12.067312">
      </trkpt>
      <trkpt lat="49.954887" lon="12.063394">
      </trkpt>
      <trkpt lat="49.954844" lon="12.063021">
      </trkpt>
      <trkpt lat="49.951268" lon="12.063437">
      </trkpt>
      <trkpt lat="49.945981" lon="12.067602">
      </trkpt>
      <trkpt lat="49.939867" lon="12.06247">
      </trkpt>
      <trkpt lat="49.939682" lon="12.059292">
      </trkpt>
      <trkpt lat="49.934818" lon="12.055187">
      </trkpt>
      <trkpt lat="49.931237" lon="12.054815">
      </trkpt>
      <trkpt lat="49.930845" lon="12.057764">
      </trkpt>
      <trkpt lat="49.929218" lon="12.065776">
      </trkpt>
      <trkpt lat="49.930537" lon="12.068219">
      </trkpt>
      <trkpt lat="49.931077" lon="12.07433">
      </trkpt>
      <trkpt lat="49.926507" lon="12.077201">
      </trkpt>
      <trkpt lat="49.925576" lon="12.077483">
      </trkpt>
      <trkpt lat="49.924839" lon="12.077694">
      </trkpt>
      <trkpt lat="49.924308" lon="12.077984">
      </trkpt>
      <trkpt lat="49.923792" lon="12.079959">
      </trkpt>
      <trkpt lat="49.922489" lon="12.085346">
      </trkpt>
      <trkpt lat="49.916758" lon="12.087384">
      </trkpt>
      <trkpt lat="49.916111" lon="12.087312">
      </trkpt>
      <trkpt lat="49.914019" lon="12.086854">
      </trkpt>
      <trkpt lat="49.913004" lon="12.086784">
      </trkpt>
      <trkpt lat="49.912357" lon="12.086976">
      </trkpt>
      <trkpt lat="49.910063" lon="12.087655">
      </trkpt>
      <trkpt lat="49.909201" lon="12.087927">
      </trkpt>
      <trkpt lat="49.907488" lon="12.088865">
      </trkpt>
      <trkpt lat="49.90679" lon="12.08961">
      </trkpt>
      <trkpt lat="49.904965" lon="12.092201">
      </trkpt>
      <trkpt lat="49.904262" lon="12.093368">
      </trkpt>
      <trkpt lat="49.903826" lon="12.09421">
      </trkpt>
      <trkpt lat="49.902587" lon="12.098281">
      </trkpt>
      <trkpt lat="49.905483" lon="12.100419">
      </trkpt>
      <trkpt lat="49.905868" lon="12.100041">
      </trkpt>
      <trkpt lat="49.906147" lon="12.099733">
      </trkpt>
      <trkpt lat="49.906958" lon="12.098324">
      </trkpt>
      <trkpt lat="49.907115" lon="12.097962">
      </trkpt>
      <trkpt lat="49.912382" lon="12.09325">
      </trkpt>
      <trkpt lat="49.920405" lon="12.095832">
      </trkpt>
      <trkpt lat="49.921625" lon="12.099151">
      </trkpt>
      <trkpt lat="49.92166" lon="12.099398">
      </trkpt>
      <trkpt lat="49.925229" lon="12.104068">
      </trkpt>
      <trkpt lat="49.928109" lon="12.111917">
      </trkpt>
      <trkpt lat="49.928219" lon="12.112411">
      </trkpt>
      <trkpt lat="49.925793" lon="12.120269">
      </trkpt>
      <trkpt lat="49.924694" lon="12.121004">
      </trkpt>
      <trkpt lat="49.92268" lon="12.12597">
      </trkpt>
      <trkpt lat="49.923699" lon="12.127935">
      </trkpt>
      <trkpt lat="49.928883" lon="12.133935">
      </trkpt>
      <trkpt lat="49.926171" lon="12.136808">
      </trkpt>
      <trkpt lat="49.922942" lon="12.138401">
      </trkpt>
      <trkpt lat="49.920871" lon="12.144079">
      </trkpt>
      <trkpt lat="49.917477" lon="12.149351">
      </trkpt>
      <trkpt lat="49.917332" lon="12.149747">
      </trkpt>
      <trkpt lat="49.916888" lon="12.151632">
      </trkpt>
      <trkpt lat="49.916511" lon="12.154236">
      </trkpt>
      <trkpt lat="49.914568" lon="12.158035">
      </trkpt>
      <trkpt lat="49.91285" lon="12.159174">
      </trkpt>
      <trkpt lat="49.907907" lon="12.160052">
      </trkpt>
      <trkpt lat="49.90452" lon="12.155654">
      </trkpt>
      <trkpt lat="49.904459" lon="12.155335">
      </trkpt>
      <trkpt lat="49.904337" lon="12.154772">
      </trkpt>
      <trkpt lat="49.903776" lon="12.154335">
      </trkpt>
      <trkpt lat="49.902752" lon="12.153918">
      </trkpt>
      <trkpt lat="49.898487" lon="12.153381">
      </trkpt>
      <trkpt lat="49.895035" lon="12.154402">
      </trkpt>
      <trkpt lat="49.895829" lon="12.158766">
      </trkpt>
      <trkpt lat="49.895838" lon="12.158799">
      </trkpt>
      <trkpt lat="49.896533" lon="12.163095">
      </trkpt>
      <trkpt lat="49.896599" lon="12.163788">
      </trkpt>
      <trkpt lat="49.896491" lon="12.172458">
      </trkpt>
      <trkpt lat="49.894339" lon="12.17535">
      </trkpt>
      <trkpt lat="49.894286" lon="12.175414">
      </trkpt>
      <trkpt lat="49.889606" lon="12.182457">
      </trkpt>
      <trkpt lat="49.88841" lon="12.190801">
      </trkpt>
      <trkpt lat="49.887352" lon="12.193014">
      </trkpt>
      <trkpt lat="49.886131" lon="12.195201">
      </trkpt>
      <trkpt lat="49.877726" lon="12.194404">
      </trkpt>
      <trkpt lat="49.877213" lon="12.193628">
      </trkpt>
      <trkpt lat="49.875923" lon="12.191762">
      </trkpt>
      <trkpt lat="49.875026" lon="12.190543">
      </trkpt>
      <trkpt lat="49.874328" lon="12.189645">
      </trkpt>
      <trkpt lat="49.873094" lon="12.188141">
      </trkpt>
      <trkpt lat="49.87192" lon="12.186788">
      </trkpt>
      <trkpt lat="49.869858" lon="12.184625">
      </trkpt>
      <trkpt lat="49.867756" lon="12.182667">
      </trkpt>
      <trkpt lat="49.86668" lon="12.181797">
      </trkpt>
      <trkpt lat="49.86591" lon="12.181219">
      </trkpt>
      <trkpt lat="49.86495" lon="12.180556">
      </trkpt>
      <trkpt lat="49.863664" lon="12.179801">
      </trkpt>
      <trkpt lat="49.859451" lon="12.173629">
      </trkpt>
      <trkpt lat="49.859222" lon="12.171719">
      </trkpt>
      <trkpt lat="49.859002" lon="12.169137">
      </trkpt>
      <trkpt lat="49.858945" lon="12.168241">
      </trkpt>
      <trkpt lat="49.858841" lon="12.166054">
      </trkpt>
      <trkpt lat="49.858737" lon="12.163858">
      </trkpt>
      <trkpt lat="49.858618" lon="12.161605">
      </trkpt>
      <trkpt lat="49.858546" lon="12.160852">
      </trkpt>
      <trkpt lat="49.858497" lon="12.158327">
      </trkpt>
      <trkpt lat="49.858795" lon="12.154255">
      </trkpt>
      <trkpt lat="49.858776" lon="12.153741">
      </trkpt>
      <trkpt lat="49.858714" lon="12.153475">
      </trkpt>
      <trkpt lat="49.85757" lon="12.150721">
      </trkpt>
      <trkpt lat="49.856274" lon="12.149672">
      </trkpt>
      <trkpt lat="49.854373" lon="12.141436">
      </trkpt>
      <trkpt lat="49.85539" lon="12.13896">
      </trkpt>
      <trkpt lat="49.85553" lon="12.138491">
      </trkpt>
      <trkpt lat="49.85208" lon="12.137462">
      </trkpt>
      <trkpt lat="49.846207" lon="12.140672">
      </trkpt>
      <trkpt lat="49.84106" lon="12.134926">
      </trkpt>
      <trkpt lat="49.837461" lon="12.134991">
      </trkpt>
      <trkpt lat="49.836836" lon="12.137733">
      </trkpt>
      <trkpt lat="49.836816" lon="12.137819">
      </trkpt>
      <trkpt lat="49.836772" lon="12.146173">
      </trkpt>
      <trkpt lat="49.835812" lon="12.148067">
      </trkpt>
      <trkpt lat="49.835896" lon="12.148823">
      </trkpt>
      <trkpt lat="49.835944" lon="12.149135">
      </trkpt>
      <trkpt lat="49.834347" lon="12.157991">
      </trkpt>
      <trkpt lat="49.827821" lon="12.163117">
      </trkpt>
      <trkpt lat="49.826485" lon="12.162824">
      </trkpt>
      <trkpt lat="49.825539" lon="12.162733">
      </trkpt>
      <trkpt lat="49.824904" lon="12.162731">
      </trkpt>
      <trkpt lat="49.824195" lon="12.162779">
      </trkpt>
      <trkpt lat="49.823319" lon="12.162922">
      </trkpt>
      <trkpt lat="49.82268" lon="12.163079">
      </trkpt>
      <trkpt lat="49.821883" lon="12.163345">
      </trkpt>
      <trkpt lat="49.820997" lon="12.163753">
      </trkpt>
      <trkpt lat="49.820102" lon="12.164267">
      </trkpt>
      <trkpt lat="49.81887" lon="12.165213">
      </trkpt>
      <trkpt lat="49.818308" lon="12.165736">
      </trkpt>
      <trkpt lat="49.817608" lon="12.166489">
      </trkpt>
      <trkpt lat="49.817269" lon="12.166886">
      </trkpt>
      <trkpt lat="49.816898" lon="12.167364">
      </trkpt>
      <trkpt lat="49.816257" lon="12.168225">
      </trkpt>
      <trkpt lat="49.815932" lon="12.168714">
      </trkpt>
      <trkpt lat="49.815158" lon="12.170024">
      </trkpt>
      <trkpt lat="49.81478" lon="12.170737">
      </trkpt>
      <trkpt lat="49.813566" lon="12.173382">
      </trkpt>
      <trkpt lat="49.813056" lon="12.174458">
      </trkpt>
      <trkpt lat="49.812589" lon="12.175374">
      </trkpt>
      <trkpt lat="49.804898" lon="12.179495">
      </trkpt>
      <trkpt lat="49.80462" lon="12.179561">
      </trkpt>
      <trkpt lat="49.803374" lon="12.180196">
      </trkpt>
      <trkpt lat="49.801963" lon="12.183508">
      </trkpt>
      <trkpt lat="49.801998" lon="12.183523">
      </trkpt>
      <trkpt lat="49.808987" lon="12.183585">
      </trkpt>
      <trkpt lat="49.809946" lon="12.183153">
      </trkpt>
      <trkpt lat="49.81065" lon="12.182764">
      </trkpt>
      <trkpt lat="49.811521" lon="12.182167">
      </trkpt>
      <trkpt lat="49.812333" lon="12.18151">
      </trkpt>
      <trkpt lat="49.812995" lon="12.180879">
      </trkpt>
      <trkpt lat="49.813829" lon="12.179954">
      </trkpt>
      <trkpt lat="49.814647" lon="12.178872">
      </trkpt>
      <trkpt lat="49.815247" lon="12.177976">
      </trkpt>
      <trkpt lat="49.81572" lon="12.177152">
      </trkpt>
      <trkpt lat="49.816261" lon="12.176095">
      </trkpt>
      <trkpt lat="49.816818" lon="12.174928">
      </trkpt>
      <trkpt lat="49.818052" lon="12.172239">
      </trkpt>
      <trkpt lat="49.818332" lon="12.171722">
      </trkpt>
      <trkpt lat="49.819029" lon="12.170549">
      </trkpt>
      <trkpt lat="49.819243" lon="12.170236">
      </trkpt>
      <trkpt lat="49.819782" lon="12.16952">
      </trkpt>
      <trkpt lat="49.820112" lon="12.169095">
      </trkpt>
      <trkpt lat="49.828813" lon="12.167432">
      </trkpt>
      <trkpt lat="49.830035" lon="12.168212">
      </trkpt>
      <trkpt lat="49.831595" lon="12.169411">
      </trkpt>
      <trkpt lat="49.831933" lon="12.169698">
      </trkpt>
      <trkpt lat="49.833951" lon="12.171445">
      </trkpt>
      <trkpt lat="49.837688" lon="12.17464">
      </trkpt>
      <trkpt lat="49.840039" lon="12.176407">
      </trkpt>
      <trkpt lat="49.8447" lon="12.182007">
      </trkpt>
      <trkpt lat="49.848266" lon="12.18152">
      </trkpt>
      <trkpt lat="49.85172" lon="12.180836">
      </trkpt>
      <trkpt lat="49.857827" lon="12.18428">
      </trkpt>
      <trkpt lat="49.859056" lon="12.187074">
      </trkpt>
      <trkpt lat="49.859235" lon="12.187592">
      </trkpt>
      <trkpt lat="49.859344" lon="12.187954">
      </trkpt>
      <trkpt lat="49.85948" lon="12.188502">
      </trkpt>
      <trkpt lat="49.85964" lon="12.189353">
      </trkpt>
      <trkpt lat="49.859069" lon="12.195917">
      </trkpt>
      <trkpt lat="49.85865" lon="12.197788">
      </trkpt>
      <trkpt lat="49.858519" lon="12.198463">
      </trkpt>
      <trkpt lat="49.858342" lon="12.199531">
      </trkpt>
      <trkpt lat="49.858163" lon="12.201038">
      </trkpt>
      <trkpt lat="49.858239" lon="12.207561">
      </trkpt>
      <trkpt lat="49.857843" lon="12.211776">
      </trkpt>
      <trkpt lat="49.85681" lon="12.218318">
      </trkpt>
      <trkpt lat="49.856782" lon="12.218437">
      </trkpt>
      <trkpt lat="49.856549" lon="12.220633">
      </trkpt>
      <trkpt lat="49.856486" lon="12.221194">
      </trkpt>
      <trkpt lat="49.856594" lon="12.221864">
      </trkpt>
      <trkpt lat="49.856646" lon="12.222008">
      </trkpt>
      <trkpt lat="49.8574" lon="12.222673">
      </trkpt>
      <trkpt lat="49.862068" lon="12.228654">
      </trkpt>
      <trkpt lat="49.861993" lon="12.230603">
      </trkpt>
      <trkpt lat="49.861917" lon="12.232576">
      </trkpt>
      <trkpt lat="49.86161" lon="12.236067">
      </trkpt>
      <trkpt lat="49.86159" lon="12.236288">
      </trkpt>
      <trkpt lat="49.861648" lon="12.236807">
      </trkpt>
      <trkpt lat="49.86173" lon="12.236977">
      </trkpt>
      <trkpt lat="49.862207" lon="12.237582">
      </trkpt>
      <trkpt lat="49.863286" lon="12.238035">
      </trkpt>
      <trkpt lat="49.863327" lon="12.238044">
      </trkpt>
      <trkpt lat="49.865509" lon="12.236765">
      </trkpt>
      <trkpt lat="49.865482" lon="12.236195">
      </trkpt>
      <trkpt lat="49.865472" lon="12.2344">
      </trkpt>
      <trkpt lat="49.865516" lon="12.232668">
      </trkpt>
      <trkpt lat="49.865591" lon="12.230742">
      </trkpt>
      <trkpt lat="49.865666" lon="12.228792">
      </trkpt>
      <trkpt lat="49.865688" lon="12.227873">
      </trkpt>
      <trkpt lat="49.865673" lon="12.225913">
      </trkpt>
      <trkpt lat="49.865613" lon="12.22467">
      </trkpt>
      <trkpt lat="49.86555" lon="12.223909">
      </trkpt>
      <trkpt lat="49.866267" lon="12.21919">
      </trkpt>
      <trkpt lat="49.872436" lon="12.214614">
      </trkpt>
      <trkpt lat="49.874891" lon="12.211092">
      </trkpt>
      <trkpt lat="49.876255" lon="12.210216">
      </trkpt>
      <trkpt lat="49.884393" lon="12.212812">
      </trkpt>
      <trkpt lat="49.884659" lon="12.213159">
      </trkpt>
      <trkpt lat="49.885727" lon="12.214426">
      </trkpt>
      <trkpt lat="49.886237" lon="12.214998">
      </trkpt>
      <trkpt lat="49.887611" lon="12.216416">
      </trkpt>
      <trkpt lat="49.888422" lon="12.217166">
      </trkpt>
      <trkpt lat="49.889306" lon="12.217921">
      </trkpt>
      <trkpt lat="49.889863" lon="12.218358">
      </trkpt>
      <trkpt lat="49.891398" lon="12.219461">
      </trkpt>
      <trkpt lat="49.893157" lon="12.220374">
      </trkpt>
      <trkpt lat="49.89419" lon="12.220909">
      </trkpt>
      <trkpt lat="49.894872" lon="12.221232">
      </trkpt>
      <trkpt lat="49.895712" lon="12.221594">
      </trkpt>
      <trkpt lat="49.897256" lon="12.22214">
      </trkpt>
      <trkpt lat="49.899523" lon="12.223234">
      </trkpt>
      <trkpt lat="49.903665" lon="12.228394">
      </trkpt>
      <trkpt lat="49.902981" lon="12.232075">
      </trkpt>
      <trkpt lat="49.900087" lon="12.235064">
      </trkpt>
      <trkpt lat="49.899359" lon="12.23566">
      </trkpt>
      <trkpt lat="49.899536" lon="12.238535">
      </trkpt>
      <trkpt lat="49.900135" lon="12.238845">
      </trkpt>
      <trkpt lat="49.902389" lon="12.239544">
      </trkpt>
      <trkpt lat="49.904505" lon="12.236463">
      </trkpt>
      <trkpt lat="49.904806" lon="12.236214">
      </trkpt>
      <trkpt lat="49.905185" lon="12.235751">
      </trkpt>
      <trkpt lat="49.905499" lon="12.235186">
      </trkpt>
      <trkpt lat="49.906243" lon="12.233599">
      </trkpt>
      <trkpt lat="49.906809" lon="12.232571">
      </trkpt>
      <trkpt lat="49.914618" lon="12.236956">
      </trkpt>
      <trkpt lat="49.914189" lon="12.238644">
      </trkpt>
      <trkpt lat="49.914222" lon="12.239024">
      </trkpt>
      <trkpt lat="49.914374" lon="12.240494">
      </trkpt>
      <trkpt lat="49.913007" lon="12.249235">
      </trkpt>
      <trkpt lat="49.906584" lon="12.255149">
      </trkpt>
      <trkpt lat="49.903658" lon="12.253774">
      </trkpt>
      <trkpt lat="49.901136" lon="12.251876">
      </trkpt>
      <trkpt lat="49.896198" lon="12.252173">
      </trkpt>
      <trkpt lat="49.895754" lon="12.252101">
      </trkpt>
      <trkpt lat="49.893631" lon="12.252455">
      </trkpt>
      <trkpt lat="49.892598" lon="12.253334">
      </trkpt>
      <trkpt lat="49.89493" lon="12.256076">
      </trkpt>
      <trkpt lat="49.896256" lon="12.26187">
      </trkpt>
      <trkpt lat="49.898895" lon="12.26432">
      </trkpt>
      <trkpt lat="49.900495" lon="12.272413">
      </trkpt>
      <trkpt lat="49.900036" lon="12.274241">
      </trkpt>
      <trkpt lat="49.899842" lon="12.275124">
      </trkpt>
      <trkpt lat="49.898927" lon="12.283625">
      </trkpt>
      <trkpt lat="49.897439" lon="12.284302">
      </trkpt>
      <trkpt lat="49.892648" lon="12.28405">
      </trkpt>
      <trkpt lat="49.889423" lon="12.284228">
      </trkpt>
      <trkpt lat="49.889036" lon="12.284905">
      </trkpt>
      <trkpt lat="49.888845" lon="12.285283">
      </trkpt>
      <trkpt lat="49.888554" lon="12.285978">
      </trkpt>
      <trkpt lat="49.886981" lon="12.28999">
      </trkpt>
      <trkpt lat="49.889931" lon="12.292053">
      </trkpt>
      <trkpt lat="49.887486" lon="12.299424">
      </trkpt>
      <trkpt lat="49.886547" lon="12.299952">
      </trkpt>
      <trkpt lat="49.88613" lon="12.300486">
      </trkpt>
      <trkpt lat="49.885865" lon="12.301124">
      </trkpt>
      <trkpt lat="49.885777" lon="12.301815">
      </trkpt>
      <trkpt lat="49.885823" lon="12.3024">
      </trkpt>
      <trkpt lat="49.884457" lon="12.308014">
      </trkpt>
      <trkpt lat="49.879547" lon="12.309344">
      </trkpt>
      <trkpt lat="49.87596" lon="12.309644">
      </trkpt>
      <trkpt lat="49.872754" lon="12.316112">
      </trkpt>
      <trkpt lat="49.872897" lon="12.316509">
      </trkpt>
      <trkpt lat="49.872938" lon="12.316614">
      </trkpt>
      <trkpt lat="49.874632" lon="12.320847">
      </trkpt>
      <trkpt lat="49.878084" lon="12.325308">
      </trkpt>
      <trkpt lat="49.874298" lon="12.330528">
      </trkpt>
      <trkpt lat="49.869618" lon="12.329455">
      </trkpt>
      <trkpt lat="49.869514" lon="12.329435">
      </trkpt>
      <trkpt lat="49.868337" lon="12.329594">
      </trkpt>
      <trkpt lat="49.864455" lon="12.334073">
      </trkpt>
      <trkpt lat="49.863808" lon="12.334764">
      </trkpt>
      <trkpt lat="49.863353" lon="12.335431">
      </trkpt>
      <trkpt lat="49.861429" lon="12.338541">
      </trkpt>
      <trkpt lat="49.861313" lon="12.339008">
      </trkpt>
      <trkpt lat="49.861292" lon="12.339163">
      </trkpt>
      <trkpt lat="49.862068" lon="12.340486">
      </trkpt>
      <trkpt lat="49.862115" lon="12.34052">
      </trkpt>
      <trkpt lat="49.863098" lon="12.341104">
      </trkpt>
      <trkpt lat="49.864014" lon="12.341593">
      </trkpt>
      <trkpt lat="49.865299" lon="12.342149">
      </trkpt>
      <trkpt lat="49.870275" lon="12.339466">
      </trkpt>
      <trkpt lat="49.876511" lon="12.337291">
      </trkpt>
      <trkpt lat="49.879619" lon="12.339771">
      </trkpt>
      <trkpt lat="49.880225" lon="12.340566">
      </trkpt>
      <trkpt lat="49.883863" lon="12.343979">
      </trkpt>
      <trkpt lat="49.884966" lon="12.344896">
      </trkpt>
      <trkpt lat="49.887408" lon="12.343354">
      </trkpt>
      <trkpt lat="49.895024" lon="12.345427">
      </trkpt>
      <trkpt lat="49.897574" lon="12.345943">
      </trkpt>
      <trkpt lat="49.90385" lon="12.347306">
      </trkpt>
      <trkpt lat="49.905767" lon="12.348685">
      </trkpt>
      <trkpt lat="49.907906" lon="12.35651">
      </trkpt>
      <trkpt lat="49.910702" lon="12.358778">
      </trkpt>
      <trkpt lat="49.916014" lon="12.36547">
      </trkpt>
      <trkpt lat="49.91144" lon="12.369875">
      </trkpt>
      <trkpt lat="49.9095" lon="12.371156">
      </trkpt>
      <trkpt lat="49.903918" lon="12.372122">
      </trkpt>
      <trkpt lat="49.900226" lon="12.366627">
      </trkpt>
      <trkpt lat="49.898153" lon="12.363683">
      </trkpt>
      <trkpt lat="49.894052" lon="12.36308">
      </trkpt>
      <trkpt lat="49.88768" lon="12.364295">
      </trkpt>
      <trkpt lat="49.885685" lon="12.364268">
      </trkpt>
      <trkpt lat="49.884207" lon="12.365243">
      </trkpt>
      <trkpt lat="49.884625" lon="12.366773">
      </trkpt>
      <trkpt lat="49.885523" lon="12.369972">
      </trkpt>
      <trkpt lat="49.886681" lon="12.376204">
      </trkpt>
      <trkpt lat="49.889157" lon="12.380311">
      </trkpt>
      <trkpt lat="49.892929" lon="12.381981">
      </trkpt>
      <trkpt lat="49.896611" lon="12.388727">
      </trkpt>
      <trkpt lat="49.895607" lon="12.394533">
      </trkpt>
      <trkpt lat="49.896373" lon="12.394886">
      </trkpt>
      <trkpt lat="49.901641" lon="12.401817">
      </trkpt>
      <trkpt lat="49.906413" lon="12.406307">
      </trkpt>
      <trkpt lat="49.901812" lon="12.413669">
      </trkpt>
      <trkpt lat="49.898213" lon="12.413742">
      </trkpt>
      <trkpt lat="49.894662" lon="12.420576">
      </trkpt>
      <trkpt lat="49.891872" lon="12.424876">
      </trkpt>
      <trkpt lat="49.893542" lon="12.428065">
      </trkpt>
      <trkpt lat="49.894257" lon="12.42769">
      </trkpt>
      <trkpt lat="49.89502" lon="12.427117">
      </trkpt>
      <trkpt lat="49.895837" lon="12.426363">
      </trkpt>
      <trkpt lat="49.903909" lon="12.429663">
      </trkpt>
      <trkpt lat="49.904" lon="12.430429">
      </trkpt>
      <trkpt lat="49.904013" lon="12.430807">
      </trkpt>
      <trkpt lat="49.904909" lon="12.432241">
      </trkpt>
      <trkpt lat="49.904955" lon="12.43231">
      </trkpt>
      <trkpt lat="49.90671" lon="12.433437">
      </trkpt>
      <trkpt lat="49.908163" lon="12.432262">
      </trkpt>
      <trkpt lat="49.909235" lon="12.430871">
      </trkpt>
      <trkpt lat="49.909837" lon="12.428844">
      </trkpt>
      <trkpt lat="49.909901" lon="12.428614">
      </trkpt>
      <trkpt lat="49.909932" lon="12.428487">
      </trkpt>
      <trkpt lat="49.910015" lon="12.428084">
      </trkpt>
      <trkpt lat="49.910153" lon="12.427429">
      </trkpt>
      <trkpt lat="49.910987" lon="12.423632">
      </trkpt>
      <trkpt lat="49.910565" lon="12.420057">
      </trkpt>
      <trkpt lat="49.913774" lon="12.414998">
      </trkpt>
      <trkpt lat="49.915792" lon="12.41412">
      </trkpt>
      <trkpt lat="49.922371" lon="12.420037">
      </trkpt>
      <trkpt lat="49.922152" lon="12.42144">
      </trkpt>
      <trkpt lat="49.922035" lon="12.42205">
      </trkpt>
      <trkpt lat="49.921993" lon="12.422609">
      </trkpt>
      <trkpt lat="49.921991" lon="12.425317">
      </trkpt>
      <trkpt lat="49.922149" lon="12.426457">
      </trkpt>
      <trkpt lat="49.92241" lon="12.427124">
      </trkpt>
      <trkpt lat="49.92321" lon="12.429075">
      </trkpt>
      <trkpt lat="49.923536" lon="12.430269">
      </trkpt>
      <trkpt lat="49.923883" lon="12.432721">
      </trkpt>
      <trkpt lat="49.923904" lon="12.433775">
      </trkpt>
      <trkpt lat="49.92406" lon="12.43548">
      </trkpt>
      <trkpt lat="49.924403" lon="12.436582">
      </trkpt>
      <trkpt lat="49.925032" lon="12.438057">
      </trkpt>
      <trkpt lat="49.925644" lon="12.439659">
      </trkpt>
      <trkpt lat="49.926012" lon="12.440764">
      </trkpt>
      <trkpt lat="49.926898" lon="12.443746">
      </trkpt>
      <trkpt lat="49.924058" lon="12.450188">
      </trkpt>
      <trkpt lat="49.918975" lon="12.451237">
      </trkpt>
      <trkpt lat="49.916094" lon="12.453396">
      </trkpt>
      <trkpt lat="49.916345" lon="12.45373">
      </trkpt>
      <trkpt lat="49.918469" lon="12.456785">
      </trkpt>
      <trkpt lat="49.92468" lon="12.463022">
      </trkpt>
      <trkpt lat="49.926144" lon="12.465224">
      </trkpt>
      <trkpt lat="49.92987" lon="12.468881">
      </trkpt>
      <trkpt lat="49.930639" lon="12.474812">
      </trkpt>
      <trkpt lat="49.930332" lon="12.476094">
      </trkpt>
      <trkpt lat="49.930223" lon="12.47693">
      </trkpt>
      <trkpt lat="49.930152" lon="12.478446">
      </trkpt>
      <trkpt lat="49.930069" lon="12.479227">
      </trkpt>
      <trkpt lat="49.929544" lon="12.482042">
      </trkpt>
      <trkpt lat="49.926424" lon="12.487366">
      </trkpt>
      <trkpt lat="49.924962" lon="12.490682">
      </trkpt>
      <trkpt lat="49.916599" lon="12.490715">
      </trkpt>
      <trkpt lat="49.915834" lon="12.48904">
      </trkpt>
      <trkpt lat="49.912559" lon="12.490536">
      </trkpt>
      <trkpt lat="49.911589" lon="12.494056">
      </trkpt>
      <trkpt lat="49.912544" lon="12.496379">
      </trkpt>
      <trkpt lat="49.909526" lon="12.504743">
      </trkpt>
      <trkpt lat="49.908724" lon="12.505277">
      </trkpt>
      <trkpt lat="49.906131" lon="12.506956">
      </trkpt>
      <trkpt lat="49.905719" lon="12.507349">
      </trkpt>
      <trkpt lat="49.905267" lon="12.508188">
      </trkpt>
      <trkpt lat="49.904968" lon="12.509438">
      </trkpt>
      <trkpt lat="49.902101" lon="12.516906">
      </trkpt>
      <trkpt lat="49.90104" lon="12.52455">
      </trkpt>
      <trkpt lat="49.903595" lon="12.529579">
      </trkpt>
      <trkpt lat="49.905311" lon="12.532434">
      </trkpt>
      <trkpt lat="49.905386" lon="12.532579">
      </trkpt>
      <trkpt lat="49.909254" lon="12.533721">
      </trkpt>
      <trkpt lat="49.911466" lon="12.533744">
      </trkpt>
      <trkpt lat="49.913722" lon="12.533787">
      </trkpt>
      <trkpt lat="49.915046" lon="12.533366">
      </trkpt>
      <trkpt lat="49.923061" lon="12.536215">
      </trkpt>
      <trkpt lat="49.925577" lon="12.541361">
      </trkpt>
      <trkpt lat="49.931274" lon="12.54628">
      </trkpt>
      <trkpt lat="49.933962" lon="12.551673">
      </trkpt>
      <trkpt lat="49.930235" lon="12.556411">
      </trkpt>
      <trkpt lat="49.927912" lon="12.557904">
      </trkpt>
      <trkpt lat="49.922914" lon="12.55907">
      </trkpt>
      <trkpt lat="49.919218" lon="12.559028">
      </trkpt>
      <trkpt lat="49.91254" lon="12.555929">
      </trkpt>
      <trkpt lat="49.90904" lon="12.556768">
      </trkpt>
      <trkpt lat="49.909184" lon="12.557369">
      </trkpt>
      <trkpt lat="49.909725" lon="12.560886">
      </trkpt>
      <trkpt lat="49.909817" lon="12.561429">
      </trkpt>
      <trkpt lat="49.910043" lon="12.561929">
      </trkpt>
      <trkpt lat="49.911408" lon="12.564461">
      </trkpt>
      <trkpt lat="49.914891" lon="12.563551">
      </trkpt>
      <trkpt lat="49.919233" lon="12.562628">
      </trkpt>
      <trkpt lat="49.922873" lon="12.562669">
      </trkpt>
      <trkpt lat="49.926542" lon="12.562711">
      </trkpt>
      <trkpt lat="49.929858" lon="12.560933">
      </trkpt>
      <trkpt lat="49.935364" lon="12.565593">
      </trkpt>
      <trkpt lat="49.935674" lon="12.568091">
      </trkpt>
      <trkpt lat="49.938914" lon="12.569393">
      </trkpt>
      <trkpt lat="49.939191" lon="12.57644">
      </trkpt>
      <trkpt lat="49.938182" lon="12.579105">
      </trkpt>
      <trkpt lat="49.937752" lon="12.580241">
      </trkpt>
      <trkpt lat="49.937575" lon="12.58088">
      </trkpt>
      <trkpt lat="49.937401" lon="12.581727">
      </trkpt>
      <trkpt lat="49.937383" lon="12.582551">
      </trkpt>
      <trkpt lat="49.93627" lon="12.587448">
      </trkpt>
      <trkpt lat="49.935746" lon="12.588439">
      </trkpt>
      <trkpt lat="49.927688" lon="12.590613">
      </trkpt>
      <trkpt lat="49.924158" lon="12.591317">
      </trkpt>
      <trkpt lat="49.924245" lon="12.593457">
      </trkpt>
      <trkpt lat="49.924449" lon="12.594311">
      </trkpt>
      <trkpt lat="49.924514" lon="12.594583">
      </trkpt>
      <trkpt lat="49.924668" lon="12.595563">
      </trkpt>
      <trkpt lat="49.924763" lon="12.596548">
      </trkpt>
      <trkpt lat="49.916683" lon="12.600445">
      </trkpt>
      <trkpt lat="49.91632" lon="12.60014">
      </trkpt>
      <trkpt lat="49.913898" lon="12.597614">
      </trkpt>
      <trkpt lat="49.913342" lon="12.59731">
      </trkpt>
      <trkpt lat="49.912956" lon="12.597189">
      </trkpt>
      <trkpt lat="49.909411" lon="12.595307">
      </trkpt>
      <trkpt lat="49.908432" lon="12.595024">
      </trkpt>
      <trkpt lat="49.906059" lon="12.595021">
      </trkpt>
      <trkpt lat="49.903209" lon="12.59528">
      </trkpt>
      <trkpt lat="49.902521" lon="12.595721">
      </trkpt>
      <trkpt lat="49.902208" lon="12.596048">
      </trkpt>
      <trkpt lat="49.900596" lon="12.598108">
      </trkpt>
      <trkpt lat="49.897357" lon="12.599091">
      </trkpt>
      <trkpt lat="49.893319" lon="12.592448">
      </trkpt>
      <trkpt lat="49.893505" lon="12.591976">
      </trkpt>
      <trkpt lat="49.894521" lon="12.589681">
      </trkpt>
      <trkpt lat="49.895357" lon="12.588839">
      </trkpt>
      <trkpt lat="49.895697" lon="12.588371">
      </trkpt>
      <trkpt lat="49.896" lon="12.587801">
      </trkpt>
      <trkpt lat="49.896136" lon="12.587358">
      </trkpt>
      <trkpt lat="49.896573" lon="12.585149">
      </trkpt>
      <trkpt lat="49.896666" lon="12.584506">
      </trkpt>
      <trkpt lat="49.896899" lon="12.583219">
      </trkpt>
      <trkpt lat="49.897343" lon="12.581167">
      </trkpt>
      <trkpt lat="49.897792" lon="12.579092">
      </trkpt>
      <trkpt lat="49.898241" lon="12.576875">
      </trkpt>
      <trkpt lat="49.898324" lon="12.576503">
      </trkpt>
      <trkpt lat="49.899072" lon="12.574164">
      </trkpt>
      <trkpt lat="49.899184" lon="12.573732">
      </trkpt>
      <trkpt lat="49.899282" lon="12.573143">
      </trkpt>
      <trkpt lat="49.899316" lon="12.572515">
      </trkpt>
      <trkpt lat="49.899271" lon="12.571966">
      </trkpt>
      <trkpt lat="49.899115" lon="12.571226">
      </trkpt>
      <trkpt lat="49.898988" lon="12.570844">
      </trkpt>
      <trkpt lat="49.898055" lon="12.568393">
      </trkpt>
      <trkpt lat="49.897146" lon="12.56601">
      </trkpt>
      <trkpt lat="49.898171" lon="12.559554">
      </trkpt>
      <trkpt lat="49.898404" lon="12.559119">
      </trkpt>
      <trkpt lat="49.899063" lon="12.557458">
      </trkpt>
      <trkpt lat="49.90024" lon="12.554461">
      </trkpt>
      <trkpt lat="49.90051" lon="12.553772">
      </trkpt>
      <trkpt lat="49.900607" lon="12.553415">
      </trkpt>
      <trkpt lat="49.900662" lon="12.553106">
      </trkpt>
      <trkpt lat="49.900696" lon="12.552786">
      </trkpt>
      <trkpt lat="49.900729" lon="12.552026">
      </trkpt>
      <trkpt lat="49.901454" lon="12.548017">
      </trkpt>
      <trkpt lat="49.903131" lon="12.544779">
      </trkpt>
      <trkpt lat="49.903747" lon="12.54358">
      </trkpt>
      <trkpt lat="49.902305" lon="12.542332">
      </trkpt>
      <trkpt lat="49.902124" lon="12.542245">
      </trkpt>
      <trkpt lat="49.900545" lon="12.541935">
      </trkpt>
      <trkpt lat="49.899929" lon="12.543134">
      </trkpt>
      <trkpt lat="49.898266" lon="12.546345">
      </trkpt>
      <trkpt lat="49.894401" lon="12.550623">
      </trkpt>
      <trkpt lat="49.892384" lon="12.555152">
      </trkpt>
      <trkpt lat="49.893036" lon="12.562129">
      </trkpt>
      <trkpt lat="49.892993" lon="12.563125">
      </trkpt>
      <trkpt lat="49.893098" lon="12.564658">
      </trkpt>
      <trkpt lat="49.893174" lon="12.565216">
      </trkpt>
      <trkpt lat="49.893263" lon="12.565677">
      </trkpt>
      <trkpt lat="49.893352" lon="12.56601">
      </trkpt>
      <trkpt lat="49.893732" lon="12.567152">
      </trkpt>
      <trkpt lat="49.894739" lon="12.57604">
      </trkpt>
      <trkpt lat="49.894264" lon="12.578377">
      </trkpt>
      <trkpt lat="49.893825" lon="12.580405">
      </trkpt>
      <trkpt lat="49.89338" lon="12.582457">
      </trkpt>
      <trkpt lat="49.892015" lon="12.587097">
      </trkpt>
      <trkpt lat="49.890245" lon="12.59045">
      </trkpt>
      <trkpt lat="49.889882" lon="12.591301">
      </trkpt>
      <trkpt lat="49.888057" lon="12.596627">
      </trkpt>
      <trkpt lat="49.882781" lon="12.599102">
      </trkpt>
      <trkpt lat="49.879315" lon="12.600076">
      </trkpt>
      <trkpt lat="49.879327" lon="12.600308">
      </trkpt>
      <trkpt lat="49.875214" lon="12.60728">
      </trkpt>
      <trkpt lat="49.870317" lon="12.603532">
      </trkpt>
      <trkpt lat="49.870183" lon="12.601878">
      </trkpt>
      <trkpt lat="49.870066" lon="12.601068">
      </trkpt>
      <trkpt lat="49.869967" lon="12.600544">
      </trkpt>
      <trkpt lat="49.869865" lon="12.597912">
      </trkpt>
      <trkpt lat="49.867106" lon="12.5956">
      </trkpt>
      <trkpt lat="49.859994" lon="12.590577">
      </trkpt>
      <trkpt lat="49.859809" lon="12.59001">
      </trkpt>
      <trkpt lat="49.85963" lon="12.589633">
      </trkpt>
      <trkpt lat="49.858876" lon="12.588368">
      </trkpt>
      <trkpt lat="49.857911" lon="12.586886">
      </trkpt>
      <trkpt lat="49.854894" lon="12.588852">
      </trkpt>
      <trkpt lat="49.857002" lon="12.593865">
      </trkpt>
      <trkpt lat="49.857273" lon="12.59473">
      </trkpt>
      <trkpt lat="49.857921" lon="12.596622">
      </trkpt>
      <trkpt lat="49.858336" lon="12.598138">
      </trkpt>
      <trkpt lat="49.858625" lon="12.599191">
      </trkpt>
      <trkpt lat="49.858817" lon="12.599655">
      </trkpt>
      <trkpt lat="49.860454" lon="12.606505">
      </trkpt>
      <trkpt lat="49.860439" lon="12.607719">
      </trkpt>
      <trkpt lat="49.860494" lon="12.608745">
      </trkpt>
      <trkpt lat="49.860498" lon="12.610102">
      </trkpt>
      <trkpt lat="49.860496" lon="12.611259">
      </trkpt>
      <trkpt lat="49.860547" lon="12.611859">
      </trkpt>
      <trkpt lat="49.860622" lon="12.612306">
      </trkpt>
      <trkpt lat="49.860822" lon="12.613174">
      </trkpt>
      <trkpt lat="49.860994" lon="12.613714">
      </trkpt>
      <trkpt lat="49.861246" lon="12.614323">
      </trkpt>
      <trkpt lat="49.861537" lon="12.614878">
      </trkpt>
      <trkpt lat="49.861817" lon="12.615323">
      </trkpt>
      <trkpt lat="49.86267" lon="12.616886">
      </trkpt>
      <trkpt lat="49.863146" lon="12.618482">
      </trkpt>
      <trkpt lat="49.863298" lon="12.621559">
      </trkpt>
      <trkpt lat="49.862898" lon="12.624222">
      </trkpt>
      <trkpt lat="49.862765" lon="12.625732">
      </trkpt>
      <trkpt lat="49.862766" lon="12.627014">
      </trkpt>
      <trkpt lat="49.862799" lon="12.627713">
      </trkpt>
      <trkpt lat="49.862899" lon="12.628907">
      </trkpt>
      <trkpt lat="49.862997" lon="12.629553">
      </trkpt>
      <trkpt lat="49.863259" lon="12.630705">
      </trkpt>
      <trkpt lat="49.863679" lon="12.632259">
      </trkpt>
      <trkpt lat="49.864025" lon="12.633672">
      </trkpt>
      <trkpt lat="49.864245" lon="12.634751">
      </trkpt>
      <trkpt lat="49.864373" lon="12.635524">
      </trkpt>
      <trkpt lat="49.864029" lon="12.639142">
      </trkpt>
      <trkpt lat="49.863894" lon="12.639564">
      </trkpt>
      <trkpt lat="49.863753" lon="12.640111">
      </trkpt>
      <trkpt lat="49.856772" lon="12.644643">
      </trkpt>
      <trkpt lat="49.852189" lon="12.638101">
      </trkpt>
      <trkpt lat="49.85214" lon="12.637379">
      </trkpt>
      <trkpt lat="49.852033" lon="12.636836">
      </trkpt>
      <trkpt lat="49.851796" lon="12.635862">
      </trkpt>
      <trkpt lat="49.851899" lon="12.633359">
      </trkpt>
      <trkpt lat="49.851861" lon="12.63272">
      </trkpt>
      <trkpt lat="49.851733" lon="12.632066">
      </trkpt>
      <trkpt lat="49.851463" lon="12.631187">
      </trkpt>
      <trkpt lat="49.851287" lon="12.630782">
      </trkpt>
      <trkpt lat="49.8513" lon="12.623588">
      </trkpt>
      <trkpt lat="49.851591" lon="12.623077">
      </trkpt>
      <trkpt lat="49.85179" lon="12.622588">
      </trkpt>
      <trkpt lat="49.851948" lon="12.622079">
      </trkpt>
      <trkpt lat="49.848508" lon="12.621016">
      </trkpt>
      <trkpt lat="49.847689" lon="12.621887">
      </trkpt>
      <trkpt lat="49.847244" lon="12.622338">
      </trkpt>
      <trkpt lat="49.846729" lon="12.623204">
      </trkpt>
      <trkpt lat="49.846343" lon="12.623846">
      </trkpt>
      <trkpt lat="49.845361" lon="12.626814">
      </trkpt>
      <trkpt lat="49.845316" lon="12.627429">
      </trkpt>
      <trkpt lat="49.84553" lon="12.628938">
      </trkpt>
      <trkpt lat="49.841127" lon="12.635152">
      </trkpt>
      <trkpt lat="49.837991" lon="12.633903">
      </trkpt>
      <trkpt lat="49.836534" lon="12.631046">
      </trkpt>
      <trkpt lat="49.834953" lon="12.627115">
      </trkpt>
      <trkpt lat="49.831613" lon="12.628458">
      </trkpt>
      <trkpt lat="49.825286" lon="12.633728">
      </trkpt>
      <trkpt lat="49.826376" lon="12.637159">
      </trkpt>
      <trkpt lat="49.831612" lon="12.63744">
      </trkpt>
      <trkpt lat="49.832211" lon="12.637518">
      </trkpt>
      <trkpt lat="49.832909" lon="12.637416">
      </trkpt>
      <trkpt lat="49.836016" lon="12.637398">
      </trkpt>
      <trkpt lat="49.840412" lon="12.64323">
      </trkpt>
      <trkpt lat="49.840384" lon="12.644553">
      </trkpt>
      <trkpt lat="49.840351" lon="12.644991">
      </trkpt>
      <trkpt lat="49.840349" lon="12.645574">
      </trkpt>
      <trkpt lat="49.840031" lon="12.648332">
      </trkpt>
      <trkpt lat="49.839932" lon="12.649158">
      </trkpt>
      <trkpt lat="49.839713" lon="12.650526">
      </trkpt>
      <trkpt lat="49.839531" lon="12.651369">
      </trkpt>
      <trkpt lat="49.839217" lon="12.652515">
      </trkpt>
      <trkpt lat="49.838974" lon="12.65348">
      </trkpt>
      <trkpt lat="49.838688" lon="12.654461">
      </trkpt>
      <trkpt lat="49.842145" lon="12.655467">
      </trkpt>
      <trkpt lat="49.84243" lon="12.654486">
      </trkpt>
      <trkpt lat="49.842707" lon="12.653399">
      </trkpt>
      <trkpt lat="49.842868" lon="12.652885">
      </trkpt>
      <trkpt lat="49.843035" lon="12.652195">
      </trkpt>
      <trkpt lat="49.851303" lon="12.649418">
      </trkpt>
      <trkpt lat="49.851669" lon="12.649696">
      </trkpt>
      <trkpt lat="49.852028" lon="12.649901">
      </trkpt>
      <trkpt lat="49.852551" lon="12.65008">
      </trkpt>
      <trkpt lat="49.853088" lon="12.650134">
      </trkpt>
      <trkpt lat="49.859556" lon="12.656162">
      </trkpt>
      <trkpt lat="49.857015" lon="12.662465">
      </trkpt>
      <trkpt lat="49.856525" lon="12.663014">
      </trkpt>
      <trkpt lat="49.85576" lon="12.663707">
      </trkpt>
      <trkpt lat="49.854739" lon="12.664633">
      </trkpt>
      <trkpt lat="49.85424" lon="12.665199">
      </trkpt>
      <trkpt lat="49.850609" lon="12.667863">
      </trkpt>
      <trkpt lat="49.847691" lon="12.668444">
      </trkpt>
      <trkpt lat="49.847065" lon="12.668767">
      </trkpt>
      <trkpt lat="49.846518" lon="12.671847">
      </trkpt>
      <trkpt lat="49.83951" lon="12.676169">
      </trkpt>
      <trkpt lat="49.834371" lon="12.673907">
      </trkpt>
      <trkpt lat="49.833786" lon="12.673397">
      </trkpt>
      <trkpt lat="49.833374" lon="12.673122">
      </trkpt>
      <trkpt lat="49.832817" lon="12.672831">
      </trkpt>
      <trkpt lat="49.832342" lon="12.672662">
      </trkpt>
      <trkpt lat="49.831898" lon="12.672555">
      </trkpt>
      <trkpt lat="49.831059" lon="12.676056">
      </trkpt>
      <trkpt lat="49.83506" lon="12.683815">
      </trkpt>
      <trkpt lat="49.837562" lon="12.689683">
      </trkpt>
      <trkpt lat="49.838065" lon="12.691239">
      </trkpt>
      <trkpt lat="49.841866" lon="12.691636">
      </trkpt>
      <trkpt lat="49.848083" lon="12.695036">
      </trkpt>
      <trkpt lat="49.848492" lon="12.695384">
      </trkpt>
      <trkpt lat="49.85093" lon="12.698196">
      </trkpt>
      <trkpt lat="49.851607" lon="12.699088">
      </trkpt>
      <trkpt lat="49.854003" lon="12.701509">
      </trkpt>
      <trkpt lat="49.854161" lon="12.701711">
      </trkpt>
      <trkpt lat="49.856926" lon="12.706836">
      </trkpt>
      <trkpt lat="49.857559" lon="12.709922">
      </trkpt>
      <trkpt lat="49.854958" lon="12.718246">
      </trkpt>
      <trkpt lat="49.853852" lon="12.719476">
      </trkpt>
      <trkpt lat="49.853281" lon="12.721654">
      </trkpt>
      <trkpt lat="49.852709" lon="12.723832">
      </trkpt>
      <trkpt lat="49.854124" lon="12.729095">
      </trkpt>
      <trkpt lat="49.849642" lon="12.733751">
      </trkpt>
      <trkpt lat="49.847157" lon="12.736017">
      </trkpt>
      <trkpt lat="49.846643" lon="12.736319">
      </trkpt>
      <trkpt lat="49.846107" lon="12.736708">
      </trkpt>
      <trkpt lat="49.838876" lon="12.73151">
      </trkpt>
      <trkpt lat="49.83917" lon="12.730327">
      </trkpt>
      <trkpt lat="49.839703" lon="12.727882">
      </trkpt>
      <trkpt lat="49.836185" lon="12.727115">
      </trkpt>
      <trkpt lat="49.830571" lon="12.721095">
      </trkpt>
      <trkpt lat="49.830274" lon="12.720328">
      </trkpt>
      <trkpt lat="49.829982" lon="12.719838">
      </trkpt>
      <trkpt lat="49.829473" lon="12.719187">
      </trkpt>
      <trkpt lat="49.828612" lon="12.718139">
      </trkpt>
      <trkpt lat="49.825607" lon="12.712157">
      </trkpt>
      <trkpt lat="49.825564" lon="12.706906">
      </trkpt>
      <trkpt lat="49.824734" lon="12.703403">
      </trkpt>
      <trkpt lat="49.823849" lon="12.701528">
      </trkpt>
      <trkpt lat="49.822668" lon="12.698411">
      </trkpt>
      <trkpt lat="49.819302" lon="12.699686">
      </trkpt>
      <trkpt lat="49.82145" lon="12.707966">
      </trkpt>
      <trkpt lat="49.821704" lon="12.710047">
      </trkpt>
      <trkpt lat="49.822037" lon="12.71262">
      </trkpt>
      <trkpt lat="49.822321" lon="12.715949">
      </trkpt>
      <trkpt lat="49.823235" lon="12.717294">
      </trkpt>
      <trkpt lat="49.823459" lon="12.717675">
      </trkpt>
      <trkpt lat="49.824279" lon="12.718971">
      </trkpt>
      <trkpt lat="49.825864" lon="12.720465">
      </trkpt>
      <trkpt lat="49.827806" lon="12.724259">
      </trkpt>
      <trkpt lat="49.828449" lon="12.726263">
      </trkpt>
      <trkpt lat="49.829084" lon="12.729231">
      </trkpt>
      <trkpt lat="49.822629" lon="12.735489">
      </trkpt>
      <trkpt lat="49.821174" lon="12.735392">
      </trkpt>
      <trkpt lat="49.82027" lon="12.735527">
      </trkpt>
      <trkpt lat="49.81911" lon="12.735743">
      </trkpt>
      <trkpt lat="49.816711" lon="12.735787">
      </trkpt>
      <trkpt lat="49.811342" lon="12.734401">
      </trkpt>
      <trkpt lat="49.808022" lon="12.733891">
      </trkpt>
      <trkpt lat="49.806088" lon="12.73593">
      </trkpt>
      <trkpt lat="49.802939" lon="12.740795">
      </trkpt>
      <trkpt lat="49.800637" lon="12.743121">
      </trkpt>
      <trkpt lat="49.800111" lon="12.743751">
      </trkpt>
      <trkpt lat="49.79959" lon="12.744416">
      </trkpt>
      <trkpt lat="49.798951" lon="12.745315">
      </trkpt>
      <trkpt lat="49.801884" lon="12.747402">
      </trkpt>
      <trkpt lat="49.809348" lon="12.745758">
      </trkpt>
      <trkpt lat="49.81294" lon="12.745522">
      </trkpt>
      <trkpt lat="49.819112" lon="12.739343">
      </trkpt>
      <trkpt lat="49.820241" lon="12.739378">
      </trkpt>
      <trkpt lat="49.824696" lon="12.747015">
      </trkpt>
      <trkpt lat="49.826642" lon="12.749719">
      </trkpt>
      <trkpt lat="49.827323" lon="12.750068">
      </trkpt>
      <trkpt lat="49.827928" lon="12.750221">
      </trkpt>
      <trkpt lat="49.828493" lon="12.750232">
      </trkpt>
      <trkpt lat="49.830151" lon="12.750345">
      </trkpt>
      <trkpt lat="49.830832" lon="12.750274">
      </trkpt>
      <trkpt lat="49.831636" lon="12.749899">
      </trkpt>
      <trkpt lat="49.83224" lon="12.749319">
      </trkpt>
      <trkpt lat="49.835789" lon="12.746978">
      </trkpt>
      <trkpt lat="49.836055" lon="12.746893">
      </trkpt>
      <trkpt lat="49.8424" lon="12.742989">
      </trkpt>
      <trkpt lat="49.842938" lon="12.74294">
      </trkpt>
      <trkpt lat="49.843477" lon="12.742836">
      </trkpt>
      <trkpt lat="49.844377" lon="12.742521">
      </trkpt>
      <trkpt lat="49.844917" lon="12.74225">
      </trkpt>
      <trkpt lat="49.845533" lon="12.741846">
      </trkpt>
      <trkpt lat="49.85153" lon="12.739768">
      </trkpt>
      <trkpt lat="49.853151" lon="12.747708">
      </trkpt>
      <trkpt lat="49.852752" lon="12.74813">
      </trkpt>
      <trkpt lat="49.851955" lon="12.749142">
      </trkpt>
      <trkpt lat="49.850927" lon="12.750453">
      </trkpt>
      <trkpt lat="49.850578" lon="12.750959">
      </trkpt>
      <trkpt lat="49.850304" lon="12.751457">
      </trkpt>
      <trkpt lat="49.850053" lon="12.752071">
      </trkpt>
      <trkpt lat="49.842943" lon="12.75687">
      </trkpt>
      <trkpt lat="49.837985" lon="12.761375">
      </trkpt>
      <trkpt lat="49.833226" lon="12.768488">
      </trkpt>
      <trkpt lat="49.832729" lon="12.768968">
      </trkpt>
      <trkpt lat="49.83224" lon="12.769498">
      </trkpt>
      <trkpt lat="49.831864" lon="12.772345">
      </trkpt>
      <trkpt lat="49.832017" lon="12.772481">
      </trkpt>
      <trkpt lat="49.832397" lon="12.772762">
      </trkpt>
      <trkpt lat="49.833253" lon="12.773079">
      </trkpt>
      <trkpt lat="49.839255" lon="12.777863">
      </trkpt>
      <trkpt lat="49.838039" lon="12.780829">
      </trkpt>
      <trkpt lat="49.82968" lon="12.782148">
      </trkpt>
      <trkpt lat="49.829228" lon="12.782089">
      </trkpt>
      <trkpt lat="49.827603" lon="12.783904">
      </trkpt>
      <trkpt lat="49.827689" lon="12.784309">
      </trkpt>
      <trkpt lat="49.828659" lon="12.785842">
      </trkpt>
      <trkpt lat="49.829131" lon="12.786282">
      </trkpt>
      <trkpt lat="49.830399" lon="12.787115">
      </trkpt>
      <trkpt lat="49.832232" lon="12.794889">
      </trkpt>
      <trkpt lat="49.827736" lon="12.799875">
      </trkpt>
      <trkpt lat="49.827029" lon="12.803231">
      </trkpt>
      <trkpt lat="49.827528" lon="12.805123">
      </trkpt>
      <trkpt lat="49.828453" lon="12.812735">
      </trkpt>
      <trkpt lat="49.828225" lon="12.815131">
      </trkpt>
      <trkpt lat="49.827994" lon="12.817559">
      </trkpt>
      <trkpt lat="49.827955" lon="12.818084">
      </trkpt>
      <trkpt lat="49.827952" lon="12.81911">
      </trkpt>
      <trkpt lat="49.827964" lon="12.819352">
      </trkpt>
      <trkpt lat="49.829489" lon="12.820633">
      </trkpt>
      <trkpt lat="49.830279" lon="12.820383">
      </trkpt>
      <trkpt lat="49.83156" lon="12.819172">
      </trkpt>
      <trkpt lat="49.831583" lon="12.817837">
      </trkpt>
      <trkpt lat="49.831809" lon="12.815473">
      </trkpt>
      <trkpt lat="49.832037" lon="12.813077">
      </trkpt>
      <trkpt lat="49.832293" lon="12.811087">
      </trkpt>
      <trkpt lat="49.838853" lon="12.805088">
      </trkpt>
      <trkpt lat="49.8396" lon="12.805001">
      </trkpt>
      <trkpt lat="49.84071" lon="12.804743">
      </trkpt>
      <trkpt lat="49.839895" lon="12.801236">
      </trkpt>
      <trkpt lat="49.841831" lon="12.796004">
      </trkpt>
      <trkpt lat="49.845571" lon="12.790862">
      </trkpt>
      <trkpt lat="49.84571" lon="12.790047">
      </trkpt>
      <trkpt lat="49.846593" lon="12.787642">
      </trkpt>
      <trkpt lat="49.847033" lon="12.78697">
      </trkpt>
      <trkpt lat="49.848704" lon="12.783958">
      </trkpt>
      <trkpt lat="49.848975" lon="12.783348">
      </trkpt>
      <trkpt lat="49.84919" lon="12.782775">
      </trkpt>
      <trkpt lat="49.849365" lon="12.78204">
      </trkpt>
      <trkpt lat="49.849439" lon="12.7818">
      </trkpt>
      <trkpt lat="49.849637" lon="12.781229">
      </trkpt>
      <trkpt lat="49.851922" lon="12.777565">
      </trkpt>
      <trkpt lat="49.853541" lon="12.775937">
      </trkpt>
      <trkpt lat="49.86228" lon="12.77399">
      </trkpt>
      <trkpt lat="49.865807" lon="12.77471">
      </trkpt>
      <trkpt lat="49.869407" lon="12.781238">
      </trkpt>
      <trkpt lat="49.867079" lon="12.785533">
      </trkpt>
      <trkpt lat="49.866535" lon="12.785938">
      </trkpt>
      <trkpt lat="49.865875" lon="12.786525">
      </trkpt>
      <trkpt lat="49.864203" lon="12.787776">
      </trkpt>
      <trkpt lat="49.862535" lon="12.788534">
      </trkpt>
      <trkpt lat="49.862079" lon="12.788867">
      </trkpt>
      <trkpt lat="49.861139" lon="12.789562">
      </trkpt>
      <trkpt lat="49.85829" lon="12.79096">
      </trkpt>
      <trkpt lat="49.857545" lon="12.791308">
      </trkpt>
      <trkpt lat="49.857414" lon="12.791411">
      </trkpt>
      <trkpt lat="49.856885" lon="12.792318">
      </trkpt>
      <trkpt lat="49.855105" lon="12.794023">
      </trkpt>
      <trkpt lat="49.85508" lon="12.794348">
      </trkpt>
      <trkpt lat="49.855181" lon="12.80131">
      </trkpt>
      <trkpt lat="49.858559" lon="12.802554">
      </trkpt>
      <trkpt lat="49.865494" lon="12.808094">
      </trkpt>
      <trkpt lat="49.864237" lon="12.811984">
      </trkpt>
      <trkpt lat="49.866089" lon="12.81884">
      </trkpt>
      <trkpt lat="49.866453" lon="12.819571">
      </trkpt>
      <trkpt lat="49.868353" lon="12.822799">
      </trkpt>
      <trkpt lat="49.871717" lon="12.821518">
      </trkpt>
      <trkpt lat="49.874244" lon="12.820819">
      </trkpt>
      <trkpt lat="49.877794" lon="12.820216">
      </trkpt>
      <trkpt lat="49.877561" lon="12.818847">
      </trkpt>
      <trkpt lat="49.877436" lon="12.818355">
      </trkpt>
      <trkpt lat="49.876488" lon="12.816374">
      </trkpt>
      <trkpt lat="49.876053" lon="12.815017">
      </trkpt>
      <trkpt lat="49.875555" lon="12.814165">
      </trkpt>
      <trkpt lat="49.875291" lon="12.807307">
      </trkpt>
      <trkpt lat="49.875724" lon="12.805202">
      </trkpt>
      <trkpt lat="49.875559" lon="12.801425">
      </trkpt>
      <trkpt lat="49.883913" lon="12.800377">
      </trkpt>
      <trkpt lat="49.887857" lon="12.804494">
      </trkpt>
      <trkpt lat="49.891366" lon="12.803689">
      </trkpt>
      <trkpt lat="49.896179" lon="12.80938">
      </trkpt>
      <trkpt lat="49.896367" lon="12.8108">
      </trkpt>
      <trkpt lat="49.896439" lon="12.811676">
      </trkpt>
      <trkpt lat="49.896613" lon="12.8159">
      </trkpt>
      <trkpt lat="49.896403" lon="12.818052">
      </trkpt>
      <trkpt lat="49.898011" lon="12.821273">
      </trkpt>
      <trkpt lat="49.901788" lon="12.824513">
      </trkpt>
      <trkpt lat="49.902149" lon="12.82449">
      </trkpt>
      <trkpt lat="49.903344" lon="12.823411">
      </trkpt>
      <trkpt lat="49.9034" lon="12.82322">
      </trkpt>
      <trkpt lat="49.902364" lon="12.820308">
      </trkpt>
      <trkpt lat="49.900448" lon="12.814882">
      </trkpt>
      <trkpt lat="49.900334" lon="12.812573">
      </trkpt>
      <trkpt lat="49.902324" lon="12.807836">
      </trkpt>
      <trkpt lat="49.903123" lon="12.806657">
      </trkpt>
      <trkpt lat="49.910071" lon="12.801944">
      </trkpt>
      <trkpt lat="49.912332" lon="12.807792">
      </trkpt>
      <trkpt lat="49.912315" lon="12.808504">
      </trkpt>
      <trkpt lat="49.912486" lon="12.809243">
      </trkpt>
      <trkpt lat="49.913221" lon="12.810956">
      </trkpt>
      <trkpt lat="49.913956" lon="12.81267">
      </trkpt>
      <trkpt lat="49.917265" lon="12.81125">
      </trkpt>
      <trkpt lat="49.919846" lon="12.810811">
      </trkpt>
      <trkpt lat="49.924285" lon="12.811779">
      </trkpt>
      <trkpt lat="49.927996" lon="12.815824">
      </trkpt>
      <trkpt lat="49.934896" lon="12.818854">
      </trkpt>
      <trkpt lat="49.936615" lon="12.819865">
      </trkpt>
      <trkpt lat="49.938794" lon="12.821631">
      </trkpt>
      <trkpt lat="49.940208" lon="12.823288">
      </trkpt>
      <trkpt lat="49.940601" lon="12.823681">
      </trkpt>
      <trkpt lat="49.94169" lon="12.824204">
      </trkpt>
      <trkpt lat="49.945072" lon="12.825666">
      </trkpt>
      <trkpt lat="49.945816" lon="12.825948">
      </trkpt>
      <trkpt lat="49.948057" lon="12.827306">
      </trkpt>
      <trkpt lat="49.95127" lon="12.829274">
      </trkpt>
      <trkpt lat="49.95249" lon="12.837453">
      </trkpt>
      <trkpt lat="49.950355" lon="12.840033">
      </trkpt>
      <trkpt lat="49.94348" lon="12.842843">
      </trkpt>
      <trkpt lat="49.9434" lon="12.84284">
      </trkpt>
      <trkpt lat="49.942685" lon="12.842904">
      </trkpt>
      <trkpt lat="49.941757" lon="12.843325">
      </trkpt>
      <trkpt lat="49.932974" lon="12.842696">
      </trkpt>
      <trkpt lat="49.931844" lon="12.842">
      </trkpt>
      <trkpt lat="49.928113" lon="12.837134">
      </trkpt>
      <trkpt lat="49.927534" lon="12.836391">
      </trkpt>
      <trkpt lat="49.925475" lon="12.837895">
      </trkpt>
      <trkpt lat="49.924578" lon="12.838617">
      </trkpt>
      <trkpt lat="49.92429" lon="12.839164">
      </trkpt>
      <trkpt lat="49.924017" lon="12.83998">
      </trkpt>
      <trkpt lat="49.926687" lon="12.843158">
      </trkpt>
      <trkpt lat="49.927725" lon="12.844348">
      </trkpt>
      <trkpt lat="49.929307" lon="12.845253">
      </trkpt>
      <trkpt lat="49.932067" lon="12.848042">
      </trkpt>
      <trkpt lat="49.926084" lon="12.853709">
      </trkpt>
      <trkpt lat="49.922499" lon="12.854214">
      </trkpt>
      <trkpt lat="49.92242" lon="12.855639">
      </trkpt>
      <trkpt lat="49.922304" lon="12.856495">
      </trkpt>
      <trkpt lat="49.922293" lon="12.857452">
      </trkpt>
      <trkpt lat="49.922369" lon="12.858265">
      </trkpt>
      <trkpt lat="49.922547" lon="12.859475">
      </trkpt>
      <trkpt lat="49.922673" lon="12.861391">
      </trkpt>
      <trkpt lat="49.922832" lon="12.863056">
      </trkpt>
      <trkpt lat="49.914668" lon="12.865774">
      </trkpt>
      <trkpt lat="49.911674" lon="12.863774">
      </trkpt>
      <trkpt lat="49.909294" lon="12.860334">
      </trkpt>
      <trkpt lat="49.908652" lon="12.859302">
      </trkpt>
      <trkpt lat="49.907056" lon="12.856206">
      </trkpt>
      <trkpt lat="49.906923" lon="12.855829">
      </trkpt>
      <trkpt lat="49.903528" lon="12.857025">
      </trkpt>
      <trkpt lat="49.903661" lon="12.857402">
      </trkpt>
      <trkpt lat="49.904787" lon="12.860123">
      </trkpt>
      <trkpt lat="49.90524" lon="12.860887">
      </trkpt>
      <trkpt lat="49.900443" lon="12.868165">
      </trkpt>
      <trkpt lat="49.899603" lon="12.868521">
      </trkpt>
      <trkpt lat="49.899213" lon="12.868769">
      </trkpt>
      <trkpt lat="49.899627" lon="12.871052">
      </trkpt>
      <trkpt lat="49.899851" lon="12.87174">
      </trkpt>
      <trkpt lat="49.900575" lon="12.872672">
      </trkpt>
      <trkpt lat="49.903868" lon="12.873419">
      </trkpt>
      <trkpt lat="49.906369" lon="12.882007">
      </trkpt>
      <trkpt lat="49.905276" lon="12.885814">
      </trkpt>
      <trkpt lat="49.90499" lon="12.886493">
      </trkpt>
      <trkpt lat="49.90458" lon="12.887711">
      </trkpt>
      <trkpt lat="49.904494" lon="12.888165">
      </trkpt>
      <trkpt lat="49.904459" lon="12.888625">
      </trkpt>
      <trkpt lat="49.904468" lon="12.88993">
      </trkpt>
      <trkpt lat="49.908068" lon="12.889903">
      </trkpt>
      <trkpt lat="49.912407" lon="12.883769">
      </trkpt>
      <trkpt lat="49.913984" lon="12.882854">
      </trkpt>
      <trkpt lat="49.921675" lon="12.885054">
      </trkpt>
      <trkpt lat="49.923546" lon="12.888852">
      </trkpt>
      <trkpt lat="49.925886" lon="12.892429">
      </trkpt>
      <trkpt lat="49.926429" lon="12.893632">
      </trkpt>
      <trkpt lat="49.926938" lon="12.894815">
      </trkpt>
      <trkpt lat="49.925079" lon="12.903251">
      </trkpt>
      <trkpt lat="49.921839" lon="12.906816">
      </trkpt>
      <trkpt lat="49.917242" lon="12.908768">
      </trkpt>
      <trkpt lat="49.915167" lon="12.90951">
      </trkpt>
      <trkpt lat="49.912871" lon="12.910019">
      </trkpt>
      <trkpt lat="49.912063" lon="12.910115">
      </trkpt>
      <trkpt lat="49.908475" lon="12.910407">
      </trkpt>
      <trkpt lat="49.907369" lon="12.918884">
      </trkpt>
      <trkpt lat="49.910705" lon="12.920239">
      </trkpt>
      <trkpt lat="49.917855" lon="12.91618">
      </trkpt>
      <trkpt lat="49.918858" lon="12.916309">
      </trkpt>
      <trkpt lat="49.919568" lon="12.916147">
      </trkpt>
      <trkpt lat="49.920383" lon="12.915591">
      </trkpt>
      <trkpt lat="49.921019" lon="12.914511">
      </trkpt>
      <trkpt lat="49.921091" lon="12.914131">
      </trkpt>
      <trkpt lat="49.923952" lon="12.90973">
      </trkpt>
      <trkpt lat="49.93077" lon="12.913798">
      </trkpt>
      <trkpt lat="49.93128" lon="12.915744">
      </trkpt>
      <trkpt lat="49.9315" lon="12.91675">
      </trkpt>
      <trkpt lat="49.931643" lon="12.917842">
      </trkpt>
      <trkpt lat="49.931673" lon="12.918932">
      </trkpt>
      <trkpt lat="49.931792" lon="12.919664">
      </trkpt>
      <trkpt lat="49.934608" lon="12.922002">
      </trkpt>
      <trkpt lat="49.935319" lon="12.918941">
      </trkpt>
      <trkpt lat="49.935243" lon="12.917809">
      </trkpt>
      <trkpt lat="49.935074" lon="12.916317">
      </trkpt>
      <trkpt lat="49.934803" lon="12.914999">
      </trkpt>
      <trkpt lat="49.934253" lon="12.912888">
      </trkpt>
      <trkpt lat="49.933787" lon="12.91022">
      </trkpt>
      <trkpt lat="49.933781" lon="12.909987">
      </trkpt>
      <trkpt lat="49.933775" lon="12.909548">
      </trkpt>
      <trkpt lat="49.93389" lon="12.907346">
      </trkpt>
      <trkpt lat="49.933956" lon="12.905475">
      </trkpt>
      <trkpt lat="49.93399" lon="12.904994">
      </trkpt>
      <trkpt lat="49.934203" lon="12.903495">
      </trkpt>
      <trkpt lat="49.936486" lon="12.898978">
      </trkpt>
      <trkpt lat="49.936706" lon="12.898635">
      </trkpt>
      <trkpt lat="49.942186" lon="12.895267">
      </trkpt>
      <trkpt lat="49.942894" lon="12.895139">
      </trkpt>
      <trkpt lat="49.949983" lon="12.900352">
      </trkpt>
      <trkpt lat="49.950979" lon="12.904647">
      </trkpt>
      <trkpt lat="49.951086" lon="12.90527">
      </trkpt>
      <trkpt lat="49.956698" lon="12.912013">
      </trkpt>
      <trkpt lat="49.956467" lon="12.91308">
      </trkpt>
      <trkpt lat="49.954696" lon="12.916626">
      </trkpt>
      <trkpt lat="49.954445" lon="12.917219">
      </trkpt>
      <trkpt lat="49.951016" lon="12.921884">
      </trkpt>
      <trkpt lat="49.950563" lon="12.922621">
      </trkpt>
      <trkpt lat="49.950899" lon="12.924051">
      </trkpt>
      <trkpt lat="49.953362" lon="12.928806">
      </trkpt>
      <trkpt lat="49.953432" lon="12.931096">
      </trkpt>
      <trkpt lat="49.953436" lon="12.93177">
      </trkpt>
      <trkpt lat="49.953429" lon="12.932203">
      </trkpt>
      <trkpt lat="49.953368" lon="12.932869">
      </trkpt>
      <trkpt lat="49.946737" lon="12.93828">
      </trkpt>
      <trkpt lat="49.94566" lon="12.938104">
      </trkpt>
      <trkpt lat="49.943803" lon="12.938353">
      </trkpt>
      <trkpt lat="49.941284" lon="12.939316">
      </trkpt>
      <trkpt lat="49.94057" lon="12.93983">
      </trkpt>
      <trkpt lat="49.94031" lon="12.940126">
      </trkpt>
      <trkpt lat="49.939979" lon="12.940568">
      </trkpt>
      <trkpt lat="49.938579" lon="12.942293">
      </trkpt>
      <trkpt lat="49.938382" lon="12.94297">
      </trkpt>
      <trkpt lat="49.938331" lon="12.943495">
      </trkpt>
      <trkpt lat="49.938348" lon="12.944161">
      </trkpt>
      <trkpt lat="49.938394" lon="12.944985">
      </trkpt>
      <trkpt lat="49.938399" lon="12.946013">
      </trkpt>
      <trkpt lat="49.938531" lon="12.94802">
      </trkpt>
      <trkpt lat="49.938546" lon="12.948134">
      </trkpt>
      <trkpt lat="49.942091" lon="12.94876">
      </trkpt>
      <trkpt lat="49.942129" lon="12.948135">
      </trkpt>
      <trkpt lat="49.946672" lon="12.942087">
      </trkpt>
      <trkpt lat="49.949487" lon="12.942624">
      </trkpt>
      <trkpt lat="49.952928" lon="12.946769">
      </trkpt>
      <trkpt lat="49.953087" lon="12.947498">
      </trkpt>
      <trkpt lat="49.952823" lon="12.951589">
      </trkpt>
      <trkpt lat="49.952545" lon="12.952196">
      </trkpt>
      <trkpt lat="49.952416" lon="12.952549">
      </trkpt>
      <trkpt lat="49.952296" lon="12.95296">
      </trkpt>
      <trkpt lat="49.948863" lon="12.956918">
      </trkpt>
      <trkpt lat="49.94836" lon="12.957119">
      </trkpt>
      <trkpt lat="49.946513" lon="12.957723">
      </trkpt>
      <trkpt lat="49.945329" lon="12.959085">
      </trkpt>
      <trkpt lat="49.943847" lon="12.961692">
      </trkpt>
      <trkpt lat="49.943047" lon="12.962679">
      </trkpt>
      <trkpt lat="49.942246" lon="12.964285">
      </trkpt>
      <trkpt lat="49.941527" lon="12.96646">
      </trkpt>
      <trkpt lat="49.941231" lon="12.967835">
      </trkpt>
      <trkpt lat="49.944293" lon="12.969729">
      </trkpt>
      <trkpt lat="49.948289" lon="12.97685">
      </trkpt>
      <trkpt lat="49.946631" lon="12.979287">
      </trkpt>
      <trkpt lat="49.946268" lon="12.979701">
      </trkpt>
      <trkpt lat="49.945809" lon="12.980477">
      </trkpt>
      <trkpt lat="49.945634" lon="12.980861">
      </trkpt>
      <trkpt lat="49.945504" lon="12.981265">
      </trkpt>
      <trkpt lat="49.945001" lon="12.983368">
      </trkpt>
      <trkpt lat="49.944544" lon="12.985799">
      </trkpt>
      <trkpt lat="49.944313" lon="12.98656">
      </trkpt>
      <trkpt lat="49.943947" lon="12.987612">
      </trkpt>
      <trkpt lat="49.943636" lon="12.988281">
      </trkpt>
      <trkpt lat="49.943368" lon="12.988813">
      </trkpt>
      <trkpt lat="49.943149" lon="12.989184">
      </trkpt>
      <trkpt lat="49.94283" lon="12.989684">
      </trkpt>
      <trkpt lat="49.934164" lon="12.990751">
      </trkpt>
      <trkpt lat="49.932995" lon="12.989753">
      </trkpt>
      <trkpt lat="49.932516" lon="12.989349">
      </trkpt>
      <trkpt lat="49.93209" lon="12.989121">
      </trkpt>
      <trkpt lat="49.931448" lon="12.988938">
      </trkpt>
      <trkpt lat="49.930575" lon="12.988869">
      </trkpt>
      <trkpt lat="49.928465" lon="12.988504">
      </trkpt>
      <trkpt lat="49.924215" lon="12.981397">
      </trkpt>
      <trkpt lat="49.924663" lon="12.979979">
      </trkpt>
      <trkpt lat="49.924909" lon="12.979277">
      </trkpt>
      <trkpt lat="49.930774" lon="12.974088">
      </trkpt>
      <trkpt lat="49.931356" lon="12.973671">
      </trkpt>
      <trkpt lat="49.931769" lon="12.973119">
      </trkpt>
      <trkpt lat="49.931952" lon="12.972739">
      </trkpt>
      <trkpt lat="49.932242" lon="12.972143">
      </trkpt>
      <trkpt lat="49.930301" lon="12.969111">
      </trkpt>
      <trkpt lat="49.929302" lon="12.966122">
      </trkpt>
      <trkpt lat="49.92902" lon="12.962064">
      </trkpt>
      <trkpt lat="49.926266" lon="12.960173">
      </trkpt>
      <trkpt lat="49.92607" lon="12.960029">
      </trkpt>
      <trkpt lat="49.923944" lon="12.962934">
      </trkpt>
      <trkpt lat="49.923917" lon="12.962977">
      </trkpt>
      <trkpt lat="49.924023" lon="12.963395">
      </trkpt>
      <trkpt lat="49.924289" lon="12.96394">
      </trkpt>
      <trkpt lat="49.924561" lon="12.964378">
      </trkpt>
      <trkpt lat="49.923541" lon="12.970761">
      </trkpt>
      <trkpt lat="49.919828" lon="12.972067">
      </trkpt>
      <trkpt lat="49.916259" lon="12.972533">
      </trkpt>
      <trkpt lat="49.909312" lon="12.971349">
      </trkpt>
      <trkpt lat="49.907535" lon="12.969664">
      </trkpt>
      <trkpt lat="49.905525" lon="12.970908">
      </trkpt>
      <trkpt lat="49.904893" lon="12.97184">
      </trkpt>
      <trkpt lat="49.904473" lon="12.97274">
      </trkpt>
      <trkpt lat="49.904347" lon="12.973218">
      </trkpt>
      <trkpt lat="49.904355" lon="12.973441">
      </trkpt>
      <trkpt lat="49.905588" lon="12.974571">
      </trkpt>
      <trkpt lat="49.906704" lon="12.975204">
      </trkpt>
      <trkpt lat="49.910068" lon="12.978552">
      </trkpt>
      <trkpt lat="49.913038" lon="12.983057">
      </trkpt>
      <trkpt lat="49.913298" lon="12.983773">
      </trkpt>
      <trkpt lat="49.915476" lon="12.991887">
      </trkpt>
      <trkpt lat="49.911055" lon="12.999269">
      </trkpt>
      <trkpt lat="49.907506" lon="12.999878">
      </trkpt>
      <trkpt lat="49.90778" lon="13.001474">
      </trkpt>
      <trkpt lat="49.907994" lon="13.002095">
      </trkpt>
      <trkpt lat="49.908458" lon="13.004134">
      </trkpt>
      <trkpt lat="49.908453" lon="13.005721">
      </trkpt>
      <trkpt lat="49.908379" lon="13.006499">
      </trkpt>
      <trkpt lat="49.908238" lon="13.007356">
      </trkpt>
      <trkpt lat="49.908164" lon="13.007696">
      </trkpt>
      <trkpt lat="49.908108" lon="13.00815">
      </trkpt>
      <trkpt lat="49.908223" lon="13.00901">
      </trkpt>
      <trkpt lat="49.908972" lon="13.010025">
      </trkpt>
      <trkpt lat="49.912714" lon="13.01457">
      </trkpt>
      <trkpt lat="49.914816" lon="13.018958">
      </trkpt>
      <trkpt lat="49.915935" lon="13.021071">
      </trkpt>
      <trkpt lat="49.916828" lon="13.022724">
      </trkpt>
      <trkpt lat="49.919546" lon="13.027326">
      </trkpt>
      <trkpt lat="49.918545" lon="13.032759">
      </trkpt>
      <trkpt lat="49.912194" lon="13.033637">
      </trkpt>
      <trkpt lat="49.910513" lon="13.032354">
      </trkpt>
      <trkpt lat="49.909787" lon="13.032099">
      </trkpt>
      <trkpt lat="49.907515" lon="13.030565">
      </trkpt>
      <trkpt lat="49.906399" lon="13.02924">
      </trkpt>
      <trkpt lat="49.905956" lon="13.028879">
      </trkpt>
      <trkpt lat="49.905537" lon="13.028605">
      </trkpt>
      <trkpt lat="49.903242" lon="13.027154">
      </trkpt>
      <trkpt lat="49.90279" lon="13.026786">
      </trkpt>
      <trkpt lat="49.902373" lon="13.026522">
      </trkpt>
      <trkpt lat="49.901696" lon="13.02621">
      </trkpt>
      <trkpt lat="49.897061" lon="13.021228">
      </trkpt>
      <trkpt lat="49.896829" lon="13.020475">
      </trkpt>
      <trkpt lat="49.896673" lon="13.015799">
      </trkpt>
      <trkpt lat="49.896783" lon="13.015242">
      </trkpt>
      <trkpt lat="49.89681" lon="13.014977">
      </trkpt>
      <trkpt lat="49.895367" lon="13.009288">
      </trkpt>
      <trkpt lat="49.894358" lon="13.00741">
      </trkpt>
      <trkpt lat="49.89417" lon="13.007125">
      </trkpt>
      <trkpt lat="49.893844" lon="13.006561">
      </trkpt>
      <trkpt lat="49.893455" lon="13.006092">
      </trkpt>
      <trkpt lat="49.891487" lon="13.002786">
      </trkpt>
      <trkpt lat="49.89128" lon="13.002356">
      </trkpt>
      <trkpt lat="49.890924" lon="13.00178">
      </trkpt>
      <trkpt lat="49.890588" lon="13.00138">
      </trkpt>
      <trkpt lat="49.888735" lon="12.992921">
      </trkpt>
      <trkpt lat="49.888919" lon="12.992261">
      </trkpt>
      <trkpt lat="49.891663" lon="12.986938">
      </trkpt>
      <trkpt lat="49.89181" lon="12.986342">
      </trkpt>
      <trkpt lat="49.891164" lon="12.982801">
      </trkpt>
      <trkpt lat="49.890058" lon="12.983003">
      </trkpt>
      <trkpt lat="49.887505" lon="12.983449">
      </trkpt>
      <trkpt lat="49.884308" lon="12.985103">
      </trkpt>
      <trkpt lat="49.884506" lon="12.985487">
      </trkpt>
      <trkpt lat="49.885198" lon="12.986749">
      </trkpt>
      <trkpt lat="49.885716" lon="12.989889">
      </trkpt>
      <trkpt lat="49.880701" lon="12.994618">
      </trkpt>
      <trkpt lat="49.877254" lon="12.993578">
      </trkpt>
      <trkpt lat="49.874911" lon="12.997171">
      </trkpt>
      <trkpt lat="49.876887" lon="13.00099">
      </trkpt>
      <trkpt lat="49.878388" lon="13.001927">
      </trkpt>
      <trkpt lat="49.882028" lon="13.003851">
      </trkpt>
      <trkpt lat="49.887564" lon="13.01054">
      </trkpt>
      <trkpt lat="49.887521" lon="13.011363">
      </trkpt>
      <trkpt lat="49.883334" lon="13.017284">
      </trkpt>
      <trkpt lat="49.882059" lon="13.018287">
      </trkpt>
      <trkpt lat="49.881285" lon="13.019926">
      </trkpt>
      <trkpt lat="49.881019" lon="13.021134">
      </trkpt>
      <trkpt lat="49.880666" lon="13.024068">
      </trkpt>
      <trkpt lat="49.88424" lon="13.024498">
      </trkpt>
      <trkpt lat="49.891296" lon="13.029638">
      </trkpt>
      <trkpt lat="49.893954" lon="13.031043">
      </trkpt>
      <trkpt lat="49.894795" lon="13.030801">
      </trkpt>
      <trkpt lat="49.90188" lon="13.031162">
      </trkpt>
      <trkpt lat="49.902389" lon="13.031427">
      </trkpt>
      <trkpt lat="49.904722" lon="13.032836">
      </trkpt>
      <trkpt lat="49.906387" lon="13.034312">
      </trkpt>
      <trkpt lat="49.907253" lon="13.035168">
      </trkpt>
      <trkpt lat="49.907929" lon="13.035591">
      </trkpt>
      <trkpt lat="49.910814" lon="13.039756">
      </trkpt>
      <trkpt lat="49.91099" lon="13.040611">
      </trkpt>
      <trkpt lat="49.911456" lon="13.042045">
      </trkpt>
      <trkpt lat="49.912188" lon="13.043998">
      </trkpt>
      <trkpt lat="49.916043" lon="13.0482">
      </trkpt>
      <trkpt lat="49.916568" lon="13.050964">
      </trkpt>
      <trkpt lat="49.917386" lon="13.052192">
      </trkpt>
      <trkpt lat="49.919137" lon="13.054187">
      </trkpt>
      <trkpt lat="49.919938" lon="13.05488">
      </trkpt>
      <trkpt lat="49.922051" lon="13.062937">
      </trkpt>
      <trkpt lat="49.921803" lon="13.063877">
      </trkpt>
      <trkpt lat="49.921725" lon="13.064358">
      </trkpt>
      <trkpt lat="49.921599" lon="13.065614">
      </trkpt>
      <trkpt lat="49.921558" lon="13.065881">
      </trkpt>
      <trkpt lat="49.920979" lon="13.068141">
      </trkpt>
      <trkpt lat="49.92102" lon="13.069508">
      </trkpt>
      <trkpt lat="49.92202" lon="13.069782">
      </trkpt>
      <trkpt lat="49.922436" lon="13.06964">
      </trkpt>
      <trkpt lat="49.924453" lon="13.069087">
      </trkpt>
      <trkpt lat="49.928563" lon="13.076455">
      </trkpt>
      <trkpt lat="49.925524" lon="13.079682">
      </trkpt>
      <trkpt lat="49.922522" lon="13.082871">
      </trkpt>
      <trkpt lat="49.921452" lon="13.083943">
      </trkpt>
      <trkpt lat="49.921042" lon="13.084333">
      </trkpt>
      <trkpt lat="49.920109" lon="13.085083">
      </trkpt>
      <trkpt lat="49.911548" lon="13.082657">
      </trkpt>
      <trkpt lat="49.911204" lon="13.082089">
      </trkpt>
      <trkpt lat="49.909691" lon="13.080182">
      </trkpt>
      <trkpt lat="49.908179" lon="13.076674">
      </trkpt>
      <trkpt lat="49.907423" lon="13.073476">
      </trkpt>
      <trkpt lat="49.907349" lon="13.073282">
      </trkpt>
      <trkpt lat="49.906915" lon="13.07148">
      </trkpt>
      <trkpt lat="49.906476" lon="13.069661">
      </trkpt>
      <trkpt lat="49.906358" lon="13.069205">
      </trkpt>
      <trkpt lat="49.90618" lon="13.068648">
      </trkpt>
      <trkpt lat="49.904993" lon="13.065516">
      </trkpt>
      <trkpt lat="49.903769" lon="13.062278">
      </trkpt>
      <trkpt lat="49.903594" lon="13.061617">
      </trkpt>
      <trkpt lat="49.903258" lon="13.059406">
      </trkpt>
      <trkpt lat="49.902908" lon="13.05712">
      </trkpt>
      <trkpt lat="49.902507" lon="13.055076">
      </trkpt>
      <trkpt lat="49.902122" lon="13.053127">
      </trkpt>
      <trkpt lat="49.902078" lon="13.052861">
      </trkpt>
      <trkpt lat="49.901924" lon="13.050216">
      </trkpt>
      <trkpt lat="49.901824" lon="13.049494">
      </trkpt>
      <trkpt lat="49.90162" lon="13.048862">
      </trkpt>
      <trkpt lat="49.901356" lon="13.048371">
      </trkpt>
      <trkpt lat="49.900915" lon="13.047749">
      </trkpt>
      <trkpt lat="49.899885" lon="13.042225">
      </trkpt>
      <trkpt lat="49.900049" lon="13.041685">
      </trkpt>
      <trkpt lat="49.894144" lon="13.040837">
      </trkpt>
      <trkpt lat="49.890546" lon="13.040966">
      </trkpt>
      <trkpt lat="49.887575" lon="13.0449">
      </trkpt>
      <trkpt lat="49.885225" lon="13.05188">
      </trkpt>
      <trkpt lat="49.885225" lon="13.05548">
      </trkpt>
      <trkpt lat="49.886218" lon="13.058161">
      </trkpt>
      <trkpt lat="49.882902" lon="13.065278">
      </trkpt>
      <trkpt lat="49.882428" lon="13.065568">
      </trkpt>
      <trkpt lat="49.882102" lon="13.065843">
      </trkpt>
      <trkpt lat="49.880779" lon="13.067238">
      </trkpt>
      <trkpt lat="49.875239" lon="13.071955">
      </trkpt>
      <trkpt lat="49.874589" lon="13.073526">
      </trkpt>
      <trkpt lat="49.874575" lon="13.074102">
      </trkpt>
      <trkpt lat="49.8746" lon="13.074638">
      </trkpt>
      <trkpt lat="49.874738" lon="13.07552">
      </trkpt>
      <trkpt lat="49.875275" lon="13.075596">
      </trkpt>
      <trkpt lat="49.876115" lon="13.075541">
      </trkpt>
      <trkpt lat="49.87693" lon="13.075303">
      </trkpt>
      <trkpt lat="49.877126" lon="13.075241">
      </trkpt>
      <trkpt lat="49.878681" lon="13.074309">
      </trkpt>
      <trkpt lat="49.878997" lon="13.07416">
      </trkpt>
      <trkpt lat="49.879742" lon="13.073852">
      </trkpt>
      <trkpt lat="49.880266" lon="13.07354">
      </trkpt>
      <trkpt lat="49.882181" lon="13.071781">
      </trkpt>
      <trkpt lat="49.889581" lon="13.076428">
      </trkpt>
      <trkpt lat="49.889392" lon="13.078762">
      </trkpt>
      <trkpt lat="49.889381" lon="13.079774">
      </trkpt>
      <trkpt lat="49.889479" lon="13.080685">
      </trkpt>
      <trkpt lat="49.889754" lon="13.082515">
      </trkpt>
      <trkpt lat="49.890088" lon="13.083462">
      </trkpt>
      <trkpt lat="49.885835" lon="13.090798">
      </trkpt>
      <trkpt lat="49.885118" lon="13.090987">
      </trkpt>
      <trkpt lat="49.882875" lon="13.09202">
      </trkpt>
      <trkpt lat="49.884381" lon="13.09529">
      </trkpt>
      <trkpt lat="49.888121" lon="13.09485">
      </trkpt>
      <trkpt lat="49.889261" lon="13.094849">
      </trkpt>
      <trkpt lat="49.894633" lon="13.101557">
      </trkpt>
      <trkpt lat="49.894024" lon="13.103355">
      </trkpt>
      <trkpt lat="49.886384" lon="13.107005">
      </trkpt>
      <trkpt lat="49.882873" lon="13.107798">
      </trkpt>
      <trkpt lat="49.87498" lon="13.10942">
      </trkpt>
      <trkpt lat="49.873847" lon="13.105888">
      </trkpt>
      <trkpt lat="49.87436" lon="13.103275">
      </trkpt>
      <trkpt lat="49.870827" lon="13.102581">
      </trkpt>
      <trkpt lat="49.866199" lon="13.110034">
      </trkpt>
      <trkpt lat="49.865393" lon="13.112025">
      </trkpt>
      <trkpt lat="49.864496" lon="13.113552">
      </trkpt>
      <trkpt lat="49.863996" lon="13.114072">
      </trkpt>
      <trkpt lat="49.857694" lon="13.114425">
      </trkpt>
      <trkpt lat="49.855749" lon="13.110167">
      </trkpt>
      <trkpt lat="49.852152" lon="13.110314">
      </trkpt>
      <trkpt lat="49.852004" lon="13.114155">
      </trkpt>
      <trkpt lat="49.851961" lon="13.11516">
      </trkpt>
      <trkpt lat="49.855099" lon="13.119117">
      </trkpt>
      <trkpt lat="49.857145" lon="13.125999">
      </trkpt>
      <trkpt lat="49.857781" lon="13.126651">
      </trkpt>
      <trkpt lat="49.86023" lon="13.127855">
      </trkpt>
      <trkpt lat="49.860925" lon="13.126698">
      </trkpt>
      <trkpt lat="49.861898" lon="13.125005">
      </trkpt>
      <trkpt lat="49.867641" lon="13.122994">
      </trkpt>
      <trkpt lat="49.871541" lon="13.126517">
      </trkpt>
      <trkpt lat="49.873889" lon="13.130892">
      </trkpt>
      <trkpt lat="49.874176" lon="13.131391">
      </trkpt>
      <trkpt lat="49.875904" lon="13.134162">
      </trkpt>
      <trkpt lat="49.876711" lon="13.136258">
      </trkpt>
      <trkpt lat="49.876913" lon="13.137379">
      </trkpt>
      <trkpt lat="49.877049" lon="13.138004">
      </trkpt>
      <trkpt lat="49.877616" lon="13.139765">
      </trkpt>
      <trkpt lat="49.877862" lon="13.140894">
      </trkpt>
      <trkpt lat="49.878242" lon="13.142445">
      </trkpt>
      <trkpt lat="49.878346" lon="13.143223">
      </trkpt>
      <trkpt lat="49.878686" lon="13.145355">
      </trkpt>
      <trkpt lat="49.878484" lon="13.149521">
      </trkpt>
      <trkpt lat="49.875487" lon="13.153386">
      </trkpt>
      <trkpt lat="49.872445" lon="13.154762">
      </trkpt>
      <trkpt lat="49.865874" lon="13.149923">
      </trkpt>
      <trkpt lat="49.865797" lon="13.149233">
      </trkpt>
      <trkpt lat="49.865572" lon="13.148565">
      </trkpt>
      <trkpt lat="49.863436" lon="13.143963">
      </trkpt>
      <trkpt lat="49.862441" lon="13.143981">
      </trkpt>
      <trkpt lat="49.859933" lon="13.144731">
      </trkpt>
      <trkpt lat="49.860964" lon="13.14818">
      </trkpt>
      <trkpt lat="49.862309" lon="13.152716">
      </trkpt>
      <trkpt lat="49.862304" lon="13.153498">
      </trkpt>
      <trkpt lat="49.86244" lon="13.154464">
      </trkpt>
      <trkpt lat="49.862662" lon="13.156745">
      </trkpt>
      <trkpt lat="49.862871" lon="13.157613">
      </trkpt>
      <trkpt lat="49.856613" lon="13.16343">
      </trkpt>
      <trkpt lat="49.85036" lon="13.159273">
      </trkpt>
      <trkpt lat="49.849153" lon="13.155454">
      </trkpt>
      <trkpt lat="49.848427" lon="13.155317">
      </trkpt>
      <trkpt lat="49.847508" lon="13.15524">
      </trkpt>
      <trkpt lat="49.845575" lon="13.155055">
      </trkpt>
      <trkpt lat="49.844072" lon="13.156314">
      </trkpt>
      <trkpt lat="49.844254" lon="13.156895">
      </trkpt>
      <trkpt lat="49.844396" lon="13.157286">
      </trkpt>
      <trkpt lat="49.844752" lon="13.157893">
      </trkpt>
      <trkpt lat="49.847422" lon="13.16242">
      </trkpt>
      <trkpt lat="49.848077" lon="13.164518">
      </trkpt>
      <trkpt lat="49.848989" lon="13.166968">
      </trkpt>
      <trkpt lat="49.845952" lon="13.173764">
      </trkpt>
      <trkpt lat="49.844412" lon="13.175197">
      </trkpt>
      <trkpt lat="49.842348" lon="13.18223">
      </trkpt>
      <trkpt lat="49.841975" lon="13.185811">
      </trkpt>
      <trkpt lat="49.841172" lon="13.193092">
      </trkpt>
      <trkpt lat="49.842077" lon="13.199376">
      </trkpt>
      <trkpt lat="49.840735" lon="13.20238">
      </trkpt>
      <trkpt lat="49.844023" lon="13.203848">
      </trkpt>
      <trkpt lat="49.848338" lon="13.199068">
      </trkpt>
      <trkpt lat="49.848525" lon="13.198784">
      </trkpt>
      <trkpt lat="49.848871" lon="13.198168">
      </trkpt>
      <trkpt lat="49.847072" lon="13.193542">
      </trkpt>
      <trkpt lat="49.852822" lon="13.186931">
      </trkpt>
      <trkpt lat="49.857219" lon="13.187853">
      </trkpt>
      <trkpt lat="49.857418" lon="13.18779">
      </trkpt>
      <trkpt lat="49.857955" lon="13.185093">
      </trkpt>
      <trkpt lat="49.86441" lon="13.179973">
      </trkpt>
      <trkpt lat="49.867778" lon="13.181243">
      </trkpt>
      <trkpt lat="49.869796" lon="13.178363">
      </trkpt>
      <trkpt lat="49.873708" lon="13.173069">
      </trkpt>
      <trkpt lat="49.87412" lon="13.172337">
      </trkpt>
      <trkpt lat="49.87524" lon="13.170306">
      </trkpt>
      <trkpt lat="49.87733" lon="13.168442">
      </trkpt>
      <trkpt lat="49.884244" lon="13.17326">
      </trkpt>
      <trkpt lat="49.883503" lon="13.175293">
      </trkpt>
      <trkpt lat="49.882794" lon="13.177172">
      </trkpt>
      <trkpt lat="49.882258" lon="13.178447">
      </trkpt>
      <trkpt lat="49.880089" lon="13.185887">
      </trkpt>
      <trkpt lat="49.881458" lon="13.189216">
      </trkpt>
      <trkpt lat="49.88153" lon="13.19561">
      </trkpt>
      <trkpt lat="49.881075" lon="13.197478">
      </trkpt>
      <trkpt lat="49.880577" lon="13.199607">
      </trkpt>
      <trkpt lat="49.880485" lon="13.200666">
      </trkpt>
      <trkpt lat="49.88051" lon="13.201646">
      </trkpt>
      <trkpt lat="49.880192" lon="13.204769">
      </trkpt>
      <trkpt lat="49.87996" lon="13.206134">
      </trkpt>
      <trkpt lat="49.879937" lon="13.206841">
      </trkpt>
      <trkpt lat="49.880019" lon="13.208008">
      </trkpt>
      <trkpt lat="49.883618" lon="13.207941">
      </trkpt>
      <trkpt lat="49.88432" lon="13.205224">
      </trkpt>
      <trkpt lat="49.88453" lon="13.203895">
      </trkpt>
      <trkpt lat="49.884585" lon="13.203289">
      </trkpt>
      <trkpt lat="49.884565" lon="13.202872">
      </trkpt>
      <trkpt lat="49.884573" lon="13.198329">
      </trkpt>
      <trkpt lat="49.885028" lon="13.196462">
      </trkpt>
      <trkpt lat="49.885443" lon="13.194691">
      </trkpt>
      <trkpt lat="49.886414" lon="13.191824">
      </trkpt>
      <trkpt lat="49.886747" lon="13.191008">
      </trkpt>
      <trkpt lat="49.886872" lon="13.190653">
      </trkpt>
      <trkpt lat="49.886984" lon="13.18984">
      </trkpt>
      <trkpt lat="49.886934" lon="13.189233">
      </trkpt>
      <trkpt lat="49.886969" lon="13.186555">
      </trkpt>
      <trkpt lat="49.885964" lon="13.184576">
      </trkpt>
      <trkpt lat="49.885508" lon="13.179994">
      </trkpt>
      <trkpt lat="49.891071" lon="13.176258">
      </trkpt>
      <trkpt lat="49.892829" lon="13.175747">
      </trkpt>
      <trkpt lat="49.900383" lon="13.180329">
      </trkpt>
      <trkpt lat="49.900424" lon="13.181989">
      </trkpt>
      <trkpt lat="49.901015" lon="13.184219">
      </trkpt>
      <trkpt lat="49.908126" lon="13.188342">
      </trkpt>
      <trkpt lat="49.908461" lon="13.190403">
      </trkpt>
      <trkpt lat="49.907738" lon="13.195148">
      </trkpt>
      <trkpt lat="49.908552" lon="13.198419">
      </trkpt>
      <trkpt lat="49.912147" lon="13.198607">
      </trkpt>
      <trkpt lat="49.914572" lon="13.206829">
      </trkpt>
      <trkpt lat="49.91312" lon="13.209304">
      </trkpt>
      <trkpt lat="49.911668" lon="13.211779">
      </trkpt>
      <trkpt lat="49.910671" lon="13.213478">
      </trkpt>
      <trkpt lat="49.909674" lon="13.215176">
      </trkpt>
      <trkpt lat="49.912779" lon="13.216998">
      </trkpt>
      <trkpt lat="49.913776" lon="13.2153">
      </trkpt>
      <trkpt lat="49.914773" lon="13.213601">
      </trkpt>
      <trkpt lat="49.916225" lon="13.211126">
      </trkpt>
      <trkpt lat="49.922541" lon="13.207363">
      </trkpt>
      <trkpt lat="49.925567" lon="13.215468">
      </trkpt>
      <trkpt lat="49.925282" lon="13.215836">
      </trkpt>
      <trkpt lat="49.924125" lon="13.217078">
      </trkpt>
      <trkpt lat="49.924017" lon="13.217717">
      </trkpt>
      <trkpt lat="49.924454" lon="13.219339">
      </trkpt>
      <trkpt lat="49.925002" lon="13.219468">
      </trkpt>
      <trkpt lat="49.932474" lon="13.223504">
      </trkpt>
      <trkpt lat="49.932058" lon="13.22708">
      </trkpt>
      <trkpt lat="49.93214" lon="13.234869">
      </trkpt>
      <trkpt lat="49.929299" lon="13.23708">
      </trkpt>
      <trkpt lat="49.925948" lon="13.24505">
      </trkpt>
      <trkpt lat="49.925056" lon="13.246476">
      </trkpt>
      <trkpt lat="49.916785" lon="13.246012">
      </trkpt>
      <trkpt lat="49.9132" lon="13.245686">
      </trkpt>
      <trkpt lat="49.909338" lon="13.249993">
      </trkpt>
      <trkpt lat="49.907453" lon="13.253247">
      </trkpt>
      <trkpt lat="49.906118" lon="13.256127">
      </trkpt>
      <trkpt lat="49.905211" lon="13.258474">
      </trkpt>
      <trkpt lat="49.904661" lon="13.259752">
      </trkpt>
      <trkpt lat="49.898024" lon="13.265091">
      </trkpt>
      <trkpt lat="49.897419" lon="13.265395">
      </trkpt>
      <trkpt lat="49.896612" lon="13.266012">
      </trkpt>
      <trkpt lat="49.895104" lon="13.267463">
      </trkpt>
      <trkpt lat="49.893264" lon="13.27216">
      </trkpt>
      <trkpt lat="49.893161" lon="13.272323">
      </trkpt>
      <trkpt lat="49.892377" lon="13.273503">
      </trkpt>
      <trkpt lat="49.884732" lon="13.277334">
      </trkpt>
      <trkpt lat="49.877686" lon="13.282358">
      </trkpt>
      <trkpt lat="49.876377" lon="13.283306">
      </trkpt>
      <trkpt lat="49.875199" lon="13.284961">
      </trkpt>
      <trkpt lat="49.876213" lon="13.286084">
      </trkpt>
      <trkpt lat="49.876775" lon="13.2866">
      </trkpt>
      <trkpt lat="49.878372" lon="13.287042">
      </trkpt>
      <trkpt lat="49.879098" lon="13.287107">
      </trkpt>
      <trkpt lat="49.884426" lon="13.288195">
      </trkpt>
      <trkpt lat="49.885027" lon="13.288531">
      </trkpt>
      <trkpt lat="49.888789" lon="13.296506">
      </trkpt>
      <trkpt lat="49.88497" lon="13.300303">
      </trkpt>
      <trkpt lat="49.882994" lon="13.301394">
      </trkpt>
      <trkpt lat="49.881957" lon="13.302552">
      </trkpt>
      <trkpt lat="49.883675" lon="13.304271">
      </trkpt>
      <trkpt lat="49.884638" lon="13.304954">
      </trkpt>
      <trkpt lat="49.886883" lon="13.303494">
      </trkpt>
      <trkpt lat="49.893886" lon="13.306885">
      </trkpt>
      <trkpt lat="49.893692" lon="13.314381">
      </trkpt>
      <trkpt lat="49.893688" lon="13.314962">
      </trkpt>
      <trkpt lat="49.893397" lon="13.317145">
      </trkpt>
      <trkpt lat="49.893381" lon="13.317473">
      </trkpt>
      <trkpt lat="49.89338" lon="13.318029">
      </trkpt>
      <trkpt lat="49.893952" lon="13.318396">
      </trkpt>
      <trkpt lat="49.896492" lon="13.318275">
      </trkpt>
      <trkpt lat="49.904383" lon="13.318674">
      </trkpt>
      <trkpt lat="49.907611" lon="13.318166">
      </trkpt>
      <trkpt lat="49.913396" lon="13.319349">
      </trkpt>
      <trkpt lat="49.916893" lon="13.320717">
      </trkpt>
      <trkpt lat="49.923226" lon="13.323085">
      </trkpt>
      <trkpt lat="49.924728" lon="13.327072">
      </trkpt>
      <trkpt lat="49.924748" lon="13.327691">
      </trkpt>
      <trkpt lat="49.9249" lon="13.328449">
      </trkpt>
      <trkpt lat="49.924006" lon="13.336194">
      </trkpt>
      <trkpt lat="49.927786" lon="13.342321">
      </trkpt>
      <trkpt lat="49.928588" lon="13.345718">
      </trkpt>
      <trkpt lat="49.928847" lon="13.346688">
      </trkpt>
      <trkpt lat="49.929413" lon="13.348443">
      </trkpt>
      <trkpt lat="49.929979" lon="13.350198">
      </trkpt>
      <trkpt lat="49.933406" lon="13.349093">
      </trkpt>
      <trkpt lat="49.940269" lon="13.345495">
      </trkpt>
      <trkpt lat="49.940582" lon="13.345141">
      </trkpt>
      <trkpt lat="49.942194" lon="13.343329">
      </trkpt>
      <trkpt lat="49.946484" lon="13.340015">
      </trkpt>
      <trkpt lat="49.952003" lon="13.338458">
      </trkpt>
      <trkpt lat="49.954288" lon="13.33648">
      </trkpt>
      <trkpt lat="49.961318" lon="13.332312">
      </trkpt>
      <trkpt lat="49.965055" lon="13.33593">
      </trkpt>
      <trkpt lat="49.964387" lon="13.341597">
      </trkpt>
      <trkpt lat="49.962522" lon="13.34373">
      </trkpt>
      <trkpt lat="49.961022" lon="13.345039">
      </trkpt>
      <trkpt lat="49.958813" lon="13.348739">
      </trkpt>
      <trkpt lat="49.957745" lon="13.349464">
      </trkpt>
      <trkpt lat="49.957274" lon="13.349979">
      </trkpt>
      <trkpt lat="49.956855" lon="13.350576">
      </trkpt>
      <trkpt lat="49.959802" lon="13.352643">
      </trkpt>
      <trkpt lat="49.963249" lon="13.352941">
      </trkpt>
      <trkpt lat="49.966702" lon="13.360236">
      </trkpt>
      <trkpt lat="49.96555" lon="13.362048">
      </trkpt>
      <trkpt lat="49.964481" lon="13.363739">
      </trkpt>
      <trkpt lat="49.963328" lon="13.364965">
      </trkpt>
      <trkpt lat="49.962959" lon="13.365329">
      </trkpt>
      <trkpt lat="49.962759" lon="13.365762">
      </trkpt>
      <trkpt lat="49.962796" lon="13.366356">
      </trkpt>
      <trkpt lat="49.965488" lon="13.367891">
      </trkpt>
      <trkpt lat="49.965857" lon="13.367527">
      </trkpt>
      <trkpt lat="49.966815" lon="13.366587">
      </trkpt>
      <trkpt lat="49.97413" lon="13.365047">
      </trkpt>
      <trkpt lat="49.976449" lon="13.36564">
      </trkpt>
      <trkpt lat="49.976938" lon="13.365884">
      </trkpt>
      <trkpt lat="49.978457" lon="13.366547">
      </trkpt>
      <trkpt lat="49.979167" lon="13.375099">
      </trkpt>
      <trkpt lat="49.978855" lon="13.375589">
      </trkpt>
      <trkpt lat="49.978693" lon="13.376055">
      </trkpt>
      <trkpt lat="49.978363" lon="13.376959">
      </trkpt>
      <trkpt lat="49.97801" lon="13.37781">
      </trkpt>
      <trkpt lat="49.977298" lon="13.379027">
      </trkpt>
      <trkpt lat="49.976797" lon="13.379878">
      </trkpt>
      <trkpt lat="49.976657" lon="13.380178">
      </trkpt>
      <trkpt lat="49.976307" lon="13.381076">
      </trkpt>
      <trkpt lat="49.975684" lon="13.382516">
      </trkpt>
      <trkpt lat="49.974316" lon="13.384839">
      </trkpt>
      <trkpt lat="49.972949" lon="13.387343">
      </trkpt>
      <trkpt lat="49.97238" lon="13.38853">
      </trkpt>
      <trkpt lat="49.975627" lon="13.390085">
      </trkpt>
      <trkpt lat="49.979542" lon="13.396934">
      </trkpt>
      <trkpt lat="49.979533" lon="13.398945">
      </trkpt>
      <trkpt lat="49.97953" lon="13.399444">
      </trkpt>
      <trkpt lat="49.97956" lon="13.399726">
      </trkpt>
      <trkpt lat="49.980008" lon="13.402507">
      </trkpt>
      <trkpt lat="49.980103" lon="13.402964">
      </trkpt>
      <trkpt lat="49.981146" lon="13.404273">
      </trkpt>
      <trkpt lat="49.982467" lon="13.405225">
      </trkpt>
      <trkpt lat="49.983769" lon="13.406016">
      </trkpt>
      <trkpt lat="49.983912" lon="13.405915">
      </trkpt>
      <trkpt lat="49.984329" lon="13.405505">
      </trkpt>
      <trkpt lat="49.985494" lon="13.403563">
      </trkpt>
      <trkpt lat="49.985456" lon="13.403444">
      </trkpt>
      <trkpt lat="49.985262" lon="13.403019">
      </trkpt>
      <trkpt lat="49.983243" lon="13.397851">
      </trkpt>
      <trkpt lat="49.983207" lon="13.397181">
      </trkpt>
      <trkpt lat="49.987798" lon="13.389993">
      </trkpt>
      <trkpt lat="49.988134" lon="13.389733">
      </trkpt>
      <trkpt lat="49.988448" lon="13.389418">
      </trkpt>
      <trkpt lat="49.990413" lon="13.38753">
      </trkpt>
      <trkpt lat="49.990008" lon="13.383953">
      </trkpt>
      <trkpt lat="49.993492" lon="13.375669">
      </trkpt>
      <trkpt lat="49.996876" lon="13.37444">
      </trkpt>
      <trkpt lat="49.996449" lon="13.373264">
      </trkpt>
      <trkpt lat="49.995841" lon="13.37221">
      </trkpt>
      <trkpt lat="49.995063" lon="13.370174">
      </trkpt>
      <trkpt lat="49.995727" lon="13.36443">
      </trkpt>
      <trkpt lat="49.995785" lon="13.363227">
      </trkpt>
      <trkpt lat="49.995668" lon="13.362847">
      </trkpt>
      <trkpt lat="49.995518" lon="13.362507">
      </trkpt>
      <trkpt lat="49.992835" lon="13.36076">
      </trkpt>
      <trkpt lat="49.990139" lon="13.353808">
      </trkpt>
      <trkpt lat="49.990459" lon="13.352257">
      </trkpt>
      <trkpt lat="49.990538" lon="13.351787">
      </trkpt>
      <trkpt lat="49.990617" lon="13.351175">
      </trkpt>
      <trkpt lat="49.990986" lon="13.348015">
      </trkpt>
      <trkpt lat="49.991329" lon="13.347123">
      </trkpt>
      <trkpt lat="49.991457" lon="13.34663">
      </trkpt>
      <trkpt lat="49.991575" lon="13.34597">
      </trkpt>
      <trkpt lat="49.991584" lon="13.345565">
      </trkpt>
      <trkpt lat="49.991617" lon="13.34378">
      </trkpt>
      <trkpt lat="49.991572" lon="13.343119">
      </trkpt>
      <trkpt lat="49.994178" lon="13.337385">
      </trkpt>
      <trkpt lat="50.002604" lon="13.337614">
      </trkpt>
      <trkpt lat="50.003409" lon="13.338138">
      </trkpt>
      <trkpt lat="50.003469" lon="13.338121">
      </trkpt>
      <trkpt lat="50.007887" lon="13.337945">
      </trkpt>
      <trkpt lat="50.009349" lon="13.336576">
      </trkpt>
      <trkpt lat="50.011455" lon="13.33507">
      </trkpt>
      <trkpt lat="50.012046" lon="13.334785">
      </trkpt>
      <trkpt lat="50.012544" lon="13.334466">
      </trkpt>
      <trkpt lat="50.01289" lon="13.334213">
      </trkpt>
      <trkpt lat="50.013327" lon="13.333839">
      </trkpt>
      <trkpt lat="50.014004" lon="13.333408">
      </trkpt>
      <trkpt lat="50.015226" lon="13.332854">
      </trkpt>
      <trkpt lat="50.0183" lon="13.331174">
      </trkpt>
      <trkpt lat="50.022503" lon="13.3383">
      </trkpt>
      <trkpt lat="50.020492" lon="13.34037">
      </trkpt>
      <trkpt lat="50.019754" lon="13.340918">
      </trkpt>
      <trkpt lat="50.018092" lon="13.342108">
      </trkpt>
      <trkpt lat="50.017621" lon="13.342619">
      </trkpt>
      <trkpt lat="50.01724" lon="13.343244">
      </trkpt>
      <trkpt lat="50.016608" lon="13.344898">
      </trkpt>
      <trkpt lat="50.016373" lon="13.345304">
      </trkpt>
      <trkpt lat="50.009516" lon="13.350082">
      </trkpt>
      <trkpt lat="50.008898" lon="13.350097">
      </trkpt>
      <trkpt lat="50.00813" lon="13.350234">
      </trkpt>
      <trkpt lat="50.005667" lon="13.352802">
      </trkpt>
      <trkpt lat="50.005604" lon="13.352999">
      </trkpt>
      <trkpt lat="50.005479" lon="13.353556">
      </trkpt>
      <trkpt lat="50.005449" lon="13.354051">
      </trkpt>
      <trkpt lat="50.005507" lon="13.354956">
      </trkpt>
      <trkpt lat="50.005645" lon="13.355768">
      </trkpt>
      <trkpt lat="50.005811" lon="13.356235">
      </trkpt>
      <trkpt lat="50.00629" lon="13.358686">
      </trkpt>
      <trkpt lat="50.006255" lon="13.359493">
      </trkpt>
      <trkpt lat="50.006198" lon="13.361722">
      </trkpt>
      <trkpt lat="50.009796" lon="13.361815">
      </trkpt>
      <trkpt lat="50.015637" lon="13.367922">
      </trkpt>
      <trkpt lat="50.01592" lon="13.368708">
      </trkpt>
      <trkpt lat="50.015708" lon="13.375435">
      </trkpt>
      <trkpt lat="50.015081" lon="13.377701">
      </trkpt>
      <trkpt lat="50.015524" lon="13.384602">
      </trkpt>
      <trkpt lat="50.01533" lon="13.38565">
      </trkpt>
      <trkpt lat="50.008823" lon="13.390986">
      </trkpt>
      <trkpt lat="50.005526" lon="13.392433">
      </trkpt>
      <trkpt lat="50.004767" lon="13.398354">
      </trkpt>
      <trkpt lat="50.005007" lon="13.401946">
      </trkpt>
      <trkpt lat="50.00841" lon="13.409817">
      </trkpt>
      <trkpt lat="50.007106" lon="13.41589">
      </trkpt>
      <trkpt lat="50.006958" lon="13.416357">
      </trkpt>
      <trkpt lat="50.005678" lon="13.41996">
      </trkpt>
      <trkpt lat="50.008836" lon="13.421688">
      </trkpt>
      <trkpt lat="50.015419" lon="13.424484">
      </trkpt>
      <trkpt lat="50.019015" lon="13.424331">
      </trkpt>
      <trkpt lat="50.023291" lon="13.431455">
      </trkpt>
      <trkpt lat="50.022402" lon="13.43406">
      </trkpt>
      <trkpt lat="50.024878" lon="13.438123">
      </trkpt>
      <trkpt lat="50.025586" lon="13.439251">
      </trkpt>
      <trkpt lat="50.026342" lon="13.439638">
      </trkpt>
      <trkpt lat="50.030734" lon="13.445256">
      </trkpt>
      <trkpt lat="50.02377" lon="13.448784">
      </trkpt>
      <trkpt lat="50.02029" lon="13.449104">
      </trkpt>
      <trkpt lat="50.019799" lon="13.450002">
      </trkpt>
      <trkpt lat="50.018997" lon="13.45459">
      </trkpt>
      <trkpt lat="50.019593" lon="13.456264">
      </trkpt>
      <trkpt lat="50.019678" lon="13.456423">
      </trkpt>
      <trkpt lat="50.021179" lon="13.456937">
      </trkpt>
      <trkpt lat="50.021364" lon="13.456929">
      </trkpt>
      <trkpt lat="50.024711" lon="13.456791">
      </trkpt>
      <trkpt lat="50.029947" lon="13.461519">
      </trkpt>
      <trkpt lat="50.030446" lon="13.463482">
      </trkpt>
      <trkpt lat="50.030909" lon="13.465267">
      </trkpt>
      <trkpt lat="50.031005" lon="13.465911">
      </trkpt>
      <trkpt lat="50.033048" lon="13.468138">
      </trkpt>
      <trkpt lat="50.036476" lon="13.469236">
      </trkpt>
      <trkpt lat="50.036889" lon="13.467947">
      </trkpt>
      <trkpt lat="50.037669" lon="13.466014">
      </trkpt>
      <trkpt lat="50.038121" lon="13.464113">
      </trkpt>
      <trkpt lat="50.044575" lon="13.460801">
      </trkpt>
      <trkpt lat="50.046288" lon="13.461457">
      </trkpt>
      <trkpt lat="50.05354" lon="13.465489">
      </trkpt>
      <trkpt lat="50.051411" lon="13.469984">
      </trkpt>
      <trkpt lat="50.046401" lon="13.470728">
      </trkpt>
      <trkpt lat="50.045621" lon="13.470599">
      </trkpt>
      <trkpt lat="50.044664" lon="13.473177">
      </trkpt>
      <trkpt lat="50.044555" lon="13.473349">
      </trkpt>
      <trkpt lat="50.044349" lon="13.474042">
      </trkpt>
      <trkpt lat="50.044285" lon="13.47447">
      </trkpt>
      <trkpt lat="50.04465" lon="13.475811">
      </trkpt>
      <trkpt lat="50.046606" lon="13.480949">
      </trkpt>
      <trkpt lat="50.046304" lon="13.485773">
      </trkpt>
      <trkpt lat="50.046142" lon="13.486337">
      </trkpt>
      <trkpt lat="50.042826" lon="13.492806">
      </trkpt>
      <trkpt lat="50.045638" lon="13.495054">
      </trkpt>
      <trkpt lat="50.048152" lon="13.493367">
      </trkpt>
      <trkpt lat="50.048868" lon="13.492645">
      </trkpt>
      <trkpt lat="50.049231" lon="13.492012">
      </trkpt>
      <trkpt lat="50.049388" lon="13.491535">
      </trkpt>
      <trkpt lat="50.049649" lon="13.489926">
      </trkpt>
      <trkpt lat="50.049689" lon="13.489402">
      </trkpt>
      <trkpt lat="50.049985" lon="13.486855">
      </trkpt>
      <trkpt lat="50.050217" lon="13.486145">
      </trkpt>
      <trkpt lat="50.050288" lon="13.483838">
      </trkpt>
      <trkpt lat="50.058548" lon="13.482276">
      </trkpt>
      <trkpt lat="50.062104" lon="13.482838">
      </trkpt>
      <trkpt lat="50.062141" lon="13.4826">
      </trkpt>
      <trkpt lat="50.062167" lon="13.482243">
      </trkpt>
      <trkpt lat="50.065651" lon="13.477027">
      </trkpt>
      <trkpt lat="50.067301" lon="13.474312">
      </trkpt>
      <trkpt lat="50.075539" lon="13.477407">
      </trkpt>
      <trkpt lat="50.07538" lon="13.479227">
      </trkpt>
      <trkpt lat="50.07504" lon="13.481139">
      </trkpt>
      <trkpt lat="50.074435" lon="13.48256">
      </trkpt>
      <trkpt lat="50.073287" lon="13.484277">
      </trkpt>
      <trkpt lat="50.072566" lon="13.486398">
      </trkpt>
      <trkpt lat="50.071916" lon="13.488344">
      </trkpt>
      <trkpt lat="50.071369" lon="13.489628">
      </trkpt>
      <trkpt lat="50.069409" lon="13.492057">
      </trkpt>
      <trkpt lat="50.069027" lon="13.492326">
      </trkpt>
      <trkpt lat="50.068599" lon="13.492751">
      </trkpt>
      <trkpt lat="50.066909" lon="13.494131">
      </trkpt>
      <trkpt lat="50.066423" lon="13.494468">
      </trkpt>
      <trkpt lat="50.065987" lon="13.494895">
      </trkpt>
      <trkpt lat="50.065453" lon="13.495593">
      </trkpt>
      <trkpt lat="50.065135" lon="13.496156">
      </trkpt>
      <trkpt lat="50.064942" lon="13.496653">
      </trkpt>
      <trkpt lat="50.064484" lon="13.498363">
      </trkpt>
      <trkpt lat="50.064395" lon="13.499075">
      </trkpt>
      <trkpt lat="50.064364" lon="13.499857">
      </trkpt>
      <trkpt lat="50.064372" lon="13.500684">
      </trkpt>
      <trkpt lat="50.064348" lon="13.5017">
      </trkpt>
      <trkpt lat="50.064449" lon="13.504405">
      </trkpt>
      <trkpt lat="50.065954" lon="13.511609">
      </trkpt>
      <trkpt lat="50.065297" lon="13.513792">
      </trkpt>
      <trkpt lat="50.062609" lon="13.517835">
      </trkpt>
      <trkpt lat="50.063891" lon="13.521199">
      </trkpt>
      <trkpt lat="50.06827" lon="13.526101">
      </trkpt>
      <trkpt lat="50.067145" lon="13.529931">
      </trkpt>
      <trkpt lat="50.066986" lon="13.530152">
      </trkpt>
      <trkpt lat="50.068511" lon="13.532015">
      </trkpt>
      <trkpt lat="50.069907" lon="13.532256">
      </trkpt>
      <trkpt lat="50.075906" lon="13.537341">
      </trkpt>
      <trkpt lat="50.076448" lon="13.5409">
      </trkpt>
      <trkpt lat="50.077944" lon="13.542974">
      </trkpt>
      <trkpt lat="50.080097" lon="13.544766">
      </trkpt>
      <trkpt lat="50.087533" lon="13.548472">
      </trkpt>
      <trkpt lat="50.091096" lon="13.547953">
      </trkpt>
      <trkpt lat="50.096612" lon="13.545691">
      </trkpt>
      <trkpt lat="50.101674" lon="13.552963">
      </trkpt>
      <trkpt lat="50.100639" lon="13.555">
      </trkpt>
      <trkpt lat="50.096094" lon="13.559156">
      </trkpt>
      <trkpt lat="50.095208" lon="13.559602">
      </trkpt>
      <trkpt lat="50.092006" lon="13.560072">
      </trkpt>
      <trkpt lat="50.090001" lon="13.560325">
      </trkpt>
      <trkpt lat="50.089157" lon="13.56054">
      </trkpt>
      <trkpt lat="50.090046" lon="13.564029">
      </trkpt>
      <trkpt lat="50.09294" lon="13.563821">
      </trkpt>
      <trkpt lat="50.093826" lon="13.563852">
      </trkpt>
      <trkpt lat="50.094516" lon="13.563783">
      </trkpt>
      <trkpt lat="50.095313" lon="13.563595">
      </trkpt>
      <trkpt lat="50.096029" lon="13.563308">
      </trkpt>
      <trkpt lat="50.097111" lon="13.562658">
      </trkpt>
      <trkpt lat="50.097683" lon="13.562386">
      </trkpt>
      <trkpt lat="50.099343" lon="13.561752">
      </trkpt>
      <trkpt lat="50.106544" lon="13.565909">
      </trkpt>
      <trkpt lat="50.107664" lon="13.57096">
      </trkpt>
      <trkpt lat="50.107613" lon="13.571451">
      </trkpt>
      <trkpt lat="50.107564" lon="13.572746">
      </trkpt>
      <trkpt lat="50.107467" lon="13.573804">
      </trkpt>
      <trkpt lat="50.106987" lon="13.576095">
      </trkpt>
      <trkpt lat="50.106322" lon="13.579195">
      </trkpt>
      <trkpt lat="50.106238" lon="13.579717">
      </trkpt>
      <trkpt lat="50.10615" lon="13.580517">
      </trkpt>
      <trkpt lat="50.106115" lon="13.581176">
      </trkpt>
      <trkpt lat="50.104903" lon="13.586841">
      </trkpt>
      <trkpt lat="50.104952" lon="13.586992">
      </trkpt>
      <trkpt lat="50.106369" lon="13.592584">
      </trkpt>
      <trkpt lat="50.11189" lon="13.598055">
      </trkpt>
      <trkpt lat="50.114764" lon="13.600445">
      </trkpt>
      <trkpt lat="50.116999" lon="13.602409">
      </trkpt>
      <trkpt lat="50.119239" lon="13.604664">
      </trkpt>
      <trkpt lat="50.119703" lon="13.605017">
      </trkpt>
      <trkpt lat="50.122115" lon="13.606869">
      </trkpt>
      <trkpt lat="50.122759" lon="13.607323">
      </trkpt>
      <trkpt lat="50.125447" lon="13.607829">
      </trkpt>
      <trkpt lat="50.129411" lon="13.614302">
      </trkpt>
      <trkpt lat="50.129109" lon="13.617889">
      </trkpt>
      <trkpt lat="50.125" lon="13.625667">
      </trkpt>
      <trkpt lat="50.120514" lon="13.623469">
      </trkpt>
      <trkpt lat="50.119426" lon="13.621694">
      </trkpt>
      <trkpt lat="50.116073" lon="13.623005">
      </trkpt>
      <trkpt lat="50.110418" lon="13.621064">
      </trkpt>
      <trkpt lat="50.109319" lon="13.620496">
      </trkpt>
      <trkpt lat="50.107316" lon="13.619237">
      </trkpt>
      <trkpt lat="50.103335" lon="13.619746">
      </trkpt>
      <trkpt lat="50.098527" lon="13.62675">
      </trkpt>
      <trkpt lat="50.098063" lon="13.627049">
      </trkpt>
      <trkpt lat="50.096798" lon="13.629638">
      </trkpt>
      <trkpt lat="50.096887" lon="13.629749">
      </trkpt>
      <trkpt lat="50.097161" lon="13.630028">
      </trkpt>
      <trkpt lat="50.097997" lon="13.630475">
      </trkpt>
      <trkpt lat="50.099037" lon="13.630511">
      </trkpt>
      <trkpt lat="50.099622" lon="13.630294">
      </trkpt>
      <trkpt lat="50.101837" lon="13.629637">
      </trkpt>
      <trkpt lat="50.10244" lon="13.629458">
      </trkpt>
      <trkpt lat="50.107847" lon="13.629218">
      </trkpt>
      <trkpt lat="50.115345" lon="13.629379">
      </trkpt>
      <trkpt lat="50.115604" lon="13.636715">
      </trkpt>
      <trkpt lat="50.117529" lon="13.645178">
      </trkpt>
      <trkpt lat="50.116951" lon="13.648505">
      </trkpt>
      <trkpt lat="50.115672" lon="13.653812">
      </trkpt>
      <trkpt lat="50.115699" lon="13.655368">
      </trkpt>
      <trkpt lat="50.116147" lon="13.65573">
      </trkpt>
      <trkpt lat="50.117732" lon="13.65608">
      </trkpt>
      <trkpt lat="50.119477" lon="13.653953">
      </trkpt>
      <trkpt lat="50.120247" lon="13.652533">
      </trkpt>
      <trkpt lat="50.12768" lon="13.651092">
      </trkpt>
      <trkpt lat="50.129496" lon="13.654153">
      </trkpt>
      <trkpt lat="50.126254" lon="13.661049">
      </trkpt>
      <trkpt lat="50.124288" lon="13.663097">
      </trkpt>
      <trkpt lat="50.124267" lon="13.663153">
      </trkpt>
      <trkpt lat="50.12406" lon="13.663949">
      </trkpt>
      <trkpt lat="50.123705" lon="13.665811">
      </trkpt>
      <trkpt lat="50.118252" lon="13.671984">
      </trkpt>
      <trkpt lat="50.118149" lon="13.672551">
      </trkpt>
      <trkpt lat="50.117487" lon="13.675502">
      </trkpt>
      <trkpt lat="50.118651" lon="13.679582">
      </trkpt>
      <trkpt lat="50.113764" lon="13.68489">
      </trkpt>
      <trkpt lat="50.111861" lon="13.689287">
      </trkpt>
      <trkpt lat="50.110972" lon="13.69105">
      </trkpt>
      <trkpt lat="50.110717" lon="13.691681">
      </trkpt>
      <trkpt lat="50.110066" lon="13.694169">
      </trkpt>
      <trkpt lat="50.113549" lon="13.69508">
      </trkpt>
      <trkpt lat="50.11426" lon="13.692517">
      </trkpt>
      <trkpt lat="50.120396" lon="13.688793">
      </trkpt>
      <trkpt lat="50.126278" lon="13.695499">
      </trkpt>
      <trkpt lat="50.125657" lon="13.698587">
      </trkpt>
      <trkpt lat="50.125153" lon="13.701265">
      </trkpt>
      <trkpt lat="50.129183" lon="13.704845">
      </trkpt>
      <trkpt lat="50.130788" lon="13.705061">
      </trkpt>
      <trkpt lat="50.130797" lon="13.705058">
      </trkpt>
      <trkpt lat="50.132735" lon="13.704259">
      </trkpt>
      <trkpt lat="50.132528" lon="13.703">
      </trkpt>
      <trkpt lat="50.132463" lon="13.702685">
      </trkpt>
      <trkpt lat="50.133833" lon="13.69647">
      </trkpt>
      <trkpt lat="50.141135" lon="13.696559">
      </trkpt>
      <trkpt lat="50.142227" lon="13.701275">
      </trkpt>
      <trkpt lat="50.145762" lon="13.701954">
      </trkpt>
      <trkpt lat="50.146308" lon="13.699117">
      </trkpt>
      <trkpt lat="50.154267" lon="13.697741">
      </trkpt>
      <trkpt lat="50.16202" lon="13.701191">
      </trkpt>
      <trkpt lat="50.162335" lon="13.708451">
      </trkpt>
      <trkpt lat="50.161795" lon="13.709399">
      </trkpt>
      <trkpt lat="50.161534" lon="13.709964">
      </trkpt>
      <trkpt lat="50.161236" lon="13.710556">
      </trkpt>
      <trkpt lat="50.160688" lon="13.711614">
      </trkpt>
      <trkpt lat="50.160396" lon="13.712082">
      </trkpt>
      <trkpt lat="50.159742" lon="13.713266">
      </trkpt>
      <trkpt lat="50.159271" lon="13.714196">
      </trkpt>
      <trkpt lat="50.158552" lon="13.715451">
      </trkpt>
      <trkpt lat="50.157932" lon="13.716454">
      </trkpt>
      <trkpt lat="50.160995" lon="13.718346">
      </trkpt>
      <trkpt lat="50.159879" lon="13.725508">
      </trkpt>
      <trkpt lat="50.160108" lon="13.726117">
      </trkpt>
      <trkpt lat="50.160385" lon="13.726714">
      </trkpt>
      <trkpt lat="50.160474" lon="13.726937">
      </trkpt>
      <trkpt lat="50.161194" lon="13.728329">
      </trkpt>
      <trkpt lat="50.161499" lon="13.728789">
      </trkpt>
      <trkpt lat="50.162054" lon="13.729317">
      </trkpt>
      <trkpt lat="50.166539" lon="13.735259">
      </trkpt>
      <trkpt lat="50.16107" lon="13.741707">
      </trkpt>
      <trkpt lat="50.160458" lon="13.741815">
      </trkpt>
      <trkpt lat="50.159732" lon="13.742068">
      </trkpt>
      <trkpt lat="50.15573" lon="13.741924">
      </trkpt>
      <trkpt lat="50.151792" lon="13.734073">
      </trkpt>
      <trkpt lat="50.150398" lon="13.730753">
      </trkpt>
      <trkpt lat="50.146416" lon="13.727822">
      </trkpt>
      <trkpt lat="50.141949" lon="13.724065">
      </trkpt>
      <trkpt lat="50.138774" lon="13.725762">
      </trkpt>
      <trkpt lat="50.130177" lon="13.726335">
      </trkpt>
      <trkpt lat="50.129346" lon="13.726363">
      </trkpt>
      <trkpt lat="50.127848" lon="13.726732">
      </trkpt>
      <trkpt lat="50.125516" lon="13.727316">
      </trkpt>
      <trkpt lat="50.12639" lon="13.730808">
      </trkpt>
      <trkpt lat="50.133523" lon="13.732466">
      </trkpt>
      <trkpt lat="50.136899" lon="13.734911">
      </trkpt>
      <trkpt lat="50.139195" lon="13.736538">
      </trkpt>
      <trkpt lat="50.140348" lon="13.737346">
      </trkpt>
      <trkpt lat="50.142807" lon="13.745959">
      </trkpt>
      <trkpt lat="50.142287" lon="13.748999">
      </trkpt>
      <trkpt lat="50.140912" lon="13.752632">
      </trkpt>
      <trkpt lat="50.140755" lon="13.752973">
      </trkpt>
      <trkpt lat="50.140121" lon="13.754547">
      </trkpt>
      <trkpt lat="50.143461" lon="13.755891">
      </trkpt>
      <trkpt lat="50.150747" lon="13.75431">
      </trkpt>
      <trkpt lat="50.153826" lon="13.756175">
      </trkpt>
      <trkpt lat="50.161878" lon="13.75963">
      </trkpt>
      <trkpt lat="50.17046" lon="13.761921">
      </trkpt>
      <trkpt lat="50.16944" lon="13.765374">
      </trkpt>
      <trkpt lat="50.170547" lon="13.76814">
      </trkpt>
      <trkpt lat="50.170574" lon="13.774134">
      </trkpt>
      <trkpt lat="50.170628" lon="13.774727">
      </trkpt>
      <trkpt lat="50.173194" lon="13.780002">
      </trkpt>
      <trkpt lat="50.175708" lon="13.78784">
      </trkpt>
      <trkpt lat="50.175664" lon="13.791475">
      </trkpt>
      <trkpt lat="50.175619" lon="13.795109">
      </trkpt>
      <trkpt lat="50.175575" lon="13.798735">
      </trkpt>
      <trkpt lat="50.175529" lon="13.801545">
      </trkpt>
      <trkpt lat="50.174586" lon="13.809065">
      </trkpt>
      <trkpt lat="50.174581" lon="13.816315">
      </trkpt>
      <trkpt lat="50.174137" lon="13.818938">
      </trkpt>
      <trkpt lat="50.173324" lon="13.823294">
      </trkpt>
      <trkpt lat="50.172515" lon="13.827625">
      </trkpt>
      <trkpt lat="50.169632" lon="13.834743">
      </trkpt>
      <trkpt lat="50.168658" lon="13.836359">
      </trkpt>
      <trkpt lat="50.167564" lon="13.838039">
      </trkpt>
      <trkpt lat="50.166339" lon="13.839869">
      </trkpt>
      <trkpt lat="50.165936" lon="13.840501">
      </trkpt>
      <trkpt lat="50.165479" lon="13.841312">
      </trkpt>
      <trkpt lat="50.165129" lon="13.842022">
      </trkpt>
      <trkpt lat="50.164851" lon="13.842672">
      </trkpt>
      <trkpt lat="50.164589" lon="13.843402">
      </trkpt>
      <trkpt lat="50.164328" lon="13.844236">
      </trkpt>
      <trkpt lat="50.164075" lon="13.845237">
      </trkpt>
      <trkpt lat="50.163641" lon="13.847261">
      </trkpt>
      <trkpt lat="50.163214" lon="13.849258">
      </trkpt>
      <trkpt lat="50.162534" lon="13.852208">
      </trkpt>
      <trkpt lat="50.162378" lon="13.85311">
      </trkpt>
      <trkpt lat="50.162239" lon="13.854111">
      </trkpt>
      <trkpt lat="50.162144" lon="13.855078">
      </trkpt>
      <trkpt lat="50.162095" lon="13.85598">
      </trkpt>
      <trkpt lat="50.162081" lon="13.856885">
      </trkpt>
      <trkpt lat="50.162099" lon="13.857743">
      </trkpt>
      <trkpt lat="50.162152" lon="13.858637">
      </trkpt>
      <trkpt lat="50.162219" lon="13.859532">
      </trkpt>
      <trkpt lat="50.162475" lon="13.862366">
      </trkpt>
      <trkpt lat="50.162795" lon="13.865949">
      </trkpt>
      <trkpt lat="50.163014" lon="13.868437">
      </trkpt>
      <trkpt lat="50.16323" lon="13.870889">
      </trkpt>
      <trkpt lat="50.162995" lon="13.878918">
      </trkpt>
      <trkpt lat="50.166562" lon="13.879405">
      </trkpt>
      <trkpt lat="50.166783" lon="13.877788">
      </trkpt>
      <trkpt lat="50.166873" lon="13.876794">
      </trkpt>
      <trkpt lat="50.166959" lon="13.875309">
      </trkpt>
      <trkpt lat="50.166978" lon="13.874458">
      </trkpt>
      <trkpt lat="50.166973" lon="13.873531">
      </trkpt>
      <trkpt lat="50.166941" lon="13.872442">
      </trkpt>
      <trkpt lat="50.166822" lon="13.870647">
      </trkpt>
      <trkpt lat="50.1666" lon="13.868122">
      </trkpt>
      <trkpt lat="50.166381" lon="13.865634">
      </trkpt>
      <trkpt lat="50.16606" lon="13.862042">
      </trkpt>
      <trkpt lat="50.165804" lon="13.859208">
      </trkpt>
      <trkpt lat="50.166081" lon="13.852828">
      </trkpt>
      <trkpt lat="50.166721" lon="13.850069">
      </trkpt>
      <trkpt lat="50.169475" lon="13.842874">
      </trkpt>
      <trkpt lat="50.1702" lon="13.841699">
      </trkpt>
      <trkpt lat="50.17293" lon="13.837239">
      </trkpt>
      <trkpt lat="50.173498" lon="13.836304">
      </trkpt>
      <trkpt lat="50.173858" lon="13.835663">
      </trkpt>
      <trkpt lat="50.174282" lon="13.834833">
      </trkpt>
      <trkpt lat="50.174981" lon="13.833343">
      </trkpt>
      <trkpt lat="50.175307" lon="13.832567">
      </trkpt>
      <trkpt lat="50.175558" lon="13.831896">
      </trkpt>
      <trkpt lat="50.175774" lon="13.831229">
      </trkpt>
      <trkpt lat="50.176126" lon="13.829771">
      </trkpt>
      <trkpt lat="50.17658" lon="13.82731">
      </trkpt>
      <trkpt lat="50.176855" lon="13.825785">
      </trkpt>
      <trkpt lat="50.177133" lon="13.824374">
      </trkpt>
      <trkpt lat="50.177258" lon="13.823838">
      </trkpt>
      <trkpt lat="50.177415" lon="13.823285">
      </trkpt>
      <trkpt lat="50.177909" lon="13.821964">
      </trkpt>
      <trkpt lat="50.178259" lon="13.821262">
      </trkpt>
      <trkpt lat="50.182688" lon="13.817745">
      </trkpt>
      <trkpt lat="50.187347" lon="13.820099">
      </trkpt>
      <trkpt lat="50.188026" lon="13.821654">
      </trkpt>
      <trkpt lat="50.188206" lon="13.822155">
      </trkpt>
      <trkpt lat="50.188767" lon="13.823855">
      </trkpt>
      <trkpt lat="50.189119" lon="13.825142">
      </trkpt>
      <trkpt lat="50.189819" lon="13.827535">
      </trkpt>
      <trkpt lat="50.19017" lon="13.829426">
      </trkpt>
      <trkpt lat="50.193938" lon="13.832151">
      </trkpt>
      <trkpt lat="50.196913" lon="13.830124">
      </trkpt>
      <trkpt lat="50.194884" lon="13.827145">
      </trkpt>
      <trkpt lat="50.192855" lon="13.824165">
      </trkpt>
      <trkpt lat="50.192014" lon="13.81677">
      </trkpt>
      <trkpt lat="50.192419" lon="13.814294">
      </trkpt>
      <trkpt lat="50.192476" lon="13.813314">
      </trkpt>
      <trkpt lat="50.192213" lon="13.812122">
      </trkpt>
      <trkpt lat="50.191868" lon="13.810783">
      </trkpt>
      <trkpt lat="50.185709" lon="13.805847">
      </trkpt>
      <trkpt lat="50.183836" lon="13.804275">
      </trkpt>
      <trkpt lat="50.179272" lon="13.798811">
      </trkpt>
      <trkpt lat="50.179311" lon="13.79585">
      </trkpt>
      <trkpt lat="50.17935" lon="13.79289">
      </trkpt>
      <trkpt lat="50.179388" lon="13.78993">
      </trkpt>
      <trkpt lat="50.180114" lon="13.785463">
      </trkpt>
      <trkpt lat="50.179367" lon="13.780004">
      </trkpt>
      <trkpt lat="50.179093" lon="13.77636">
      </trkpt>
      <trkpt lat="50.178854" lon="13.774329">
      </trkpt>
      <trkpt lat="50.178633" lon="13.772833">
      </trkpt>
      <trkpt lat="50.178325" lon="13.771035">
      </trkpt>
      <trkpt lat="50.177874" lon="13.768886">
      </trkpt>
      <trkpt lat="50.177467" lon="13.767547">
      </trkpt>
      <trkpt lat="50.177153" lon="13.766219">
      </trkpt>
      <trkpt lat="50.17664" lon="13.764178">
      </trkpt>
      <trkpt lat="50.175722" lon="13.760499">
      </trkpt>
      <trkpt lat="50.176029" lon="13.75744">
      </trkpt>
      <trkpt lat="50.175416" lon="13.752544">
      </trkpt>
      <trkpt lat="50.174975" lon="13.749023">
      </trkpt>
      <trkpt lat="50.183177" lon="13.747416">
      </trkpt>
      <trkpt lat="50.183836" lon="13.748062">
      </trkpt>
      <trkpt lat="50.185376" lon="13.752694">
      </trkpt>
      <trkpt lat="50.185116" lon="13.753656">
      </trkpt>
      <trkpt lat="50.184804" lon="13.754932">
      </trkpt>
      <trkpt lat="50.184969" lon="13.755599">
      </trkpt>
      <trkpt lat="50.185053" lon="13.755865">
      </trkpt>
      <trkpt lat="50.185488" lon="13.756725">
      </trkpt>
      <trkpt lat="50.186471" lon="13.756491">
      </trkpt>
      <trkpt lat="50.188748" lon="13.755198">
      </trkpt>
      <trkpt lat="50.188844" lon="13.753658">
      </trkpt>
      <trkpt lat="50.197542" lon="13.751883">
      </trkpt>
      <trkpt lat="50.197875" lon="13.752196">
      </trkpt>
      <trkpt lat="50.200341" lon="13.749573">
      </trkpt>
      <trkpt lat="50.200392" lon="13.749044">
      </trkpt>
      <trkpt lat="50.200082" lon="13.746967">
      </trkpt>
      <trkpt lat="50.199684" lon="13.744233">
      </trkpt>
      <trkpt lat="50.19959" lon="13.743668">
      </trkpt>
      <trkpt lat="50.199052" lon="13.740766">
      </trkpt>
      <trkpt lat="50.198771" lon="13.73966">
      </trkpt>
      <trkpt lat="50.194972" lon="13.732427">
      </trkpt>
      <trkpt lat="50.195565" lon="13.729382">
      </trkpt>
      <trkpt lat="50.196067" lon="13.726642">
      </trkpt>
      <trkpt lat="50.19648" lon="13.724847">
      </trkpt>
      <trkpt lat="50.196553" lon="13.724382">
      </trkpt>
      <trkpt lat="50.196666" lon="13.723411">
      </trkpt>
      <trkpt lat="50.19309" lon="13.722996">
      </trkpt>
      <trkpt lat="50.189665" lon="13.716465">
      </trkpt>
      <trkpt lat="50.190812" lon="13.713828">
      </trkpt>
      <trkpt lat="50.192901" lon="13.707322">
      </trkpt>
      <trkpt lat="50.1933" lon="13.706424">
      </trkpt>
      <trkpt lat="50.193306" lon="13.70637">
      </trkpt>
      <trkpt lat="50.193077" lon="13.703425">
      </trkpt>
      <trkpt lat="50.191707" lon="13.70157">
      </trkpt>
      <trkpt lat="50.189244" lon="13.697987">
      </trkpt>
      <trkpt lat="50.18534" lon="13.690589">
      </trkpt>
      <trkpt lat="50.184687" lon="13.683368">
      </trkpt>
      <trkpt lat="50.185667" lon="13.68088">
      </trkpt>
      <trkpt lat="50.187137" lon="13.678329">
      </trkpt>
      <trkpt lat="50.188482" lon="13.676059">
      </trkpt>
      <trkpt lat="50.189642" lon="13.674534">
      </trkpt>
      <trkpt lat="50.190963" lon="13.673191">
      </trkpt>
      <trkpt lat="50.198933" lon="13.672277">
      </trkpt>
      <trkpt lat="50.202785" lon="13.673015">
      </trkpt>
      <trkpt lat="50.203733" lon="13.672081">
      </trkpt>
      <trkpt lat="50.208824" lon="13.666715">
      </trkpt>
      <trkpt lat="50.210586" lon="13.663576">
      </trkpt>
      <trkpt lat="50.20925" lon="13.662601">
      </trkpt>
      <trkpt lat="50.208486" lon="13.662217">
      </trkpt>
      <trkpt lat="50.207515" lon="13.662158">
      </trkpt>
      <trkpt lat="50.206493" lon="13.662653">
      </trkpt>
      <trkpt lat="50.204362" lon="13.664745">
      </trkpt>
      <trkpt lat="50.203865" lon="13.66506">
      </trkpt>
      <trkpt lat="50.202568" lon="13.665881">
      </trkpt>
      <trkpt lat="50.196704" lon="13.665795">
      </trkpt>
      <trkpt lat="50.193172" lon="13.665096">
      </trkpt>
      <trkpt lat="50.192611" lon="13.666503">
      </trkpt>
      <trkpt lat="50.188476" lon="13.670588">
      </trkpt>
      <trkpt lat="50.187077" lon="13.672008">
      </trkpt>
      <trkpt lat="50.186634" lon="13.672485">
      </trkpt>
      <trkpt lat="50.185558" lon="13.673959">
      </trkpt>
      <trkpt lat="50.177707" lon="13.671138">
      </trkpt>
      <trkpt lat="50.177818" lon="13.667913">
      </trkpt>
      <trkpt lat="50.177815" lon="13.665136">
      </trkpt>
      <trkpt lat="50.178347" lon="13.66235">
      </trkpt>
      <trkpt lat="50.178808" lon="13.661407">
      </trkpt>
      <trkpt lat="50.179122" lon="13.659503">
      </trkpt>
      <trkpt lat="50.179433" lon="13.657611">
      </trkpt>
      <trkpt lat="50.181002" lon="13.653837">
      </trkpt>
      <trkpt lat="50.189729" lon="13.652135">
      </trkpt>
      <trkpt lat="50.190777" lon="13.652821">
      </trkpt>
      <trkpt lat="50.191603" lon="13.653267">
      </trkpt>
      <trkpt lat="50.193086" lon="13.653977">
      </trkpt>
      <trkpt lat="50.193909" lon="13.654465">
      </trkpt>
      <trkpt lat="50.194727" lon="13.654867">
      </trkpt>
      <trkpt lat="50.196068" lon="13.655733">
      </trkpt>
      <trkpt lat="50.19685" lon="13.65592">
      </trkpt>
      <trkpt lat="50.199674" lon="13.655162">
      </trkpt>
      <trkpt lat="50.199918" lon="13.654564">
      </trkpt>
      <trkpt lat="50.20021" lon="13.653536">
      </trkpt>
      <trkpt lat="50.20052" lon="13.652295">
      </trkpt>
      <trkpt lat="50.202005" lon="13.649473">
      </trkpt>
      <trkpt lat="50.199984" lon="13.646494">
      </trkpt>
      <trkpt lat="50.196289" lon="13.643078">
      </trkpt>
      <trkpt lat="50.195786" lon="13.640962">
      </trkpt>
      <trkpt lat="50.195739" lon="13.640564">
      </trkpt>
      <trkpt lat="50.195655" lon="13.639458">
      </trkpt>
      <trkpt lat="50.198838" lon="13.633894">
      </trkpt>
      <trkpt lat="50.206426" lon="13.635487">
      </trkpt>
      <trkpt lat="50.208206" lon="13.640271">
      </trkpt>
      <trkpt lat="50.211618" lon="13.641419">
      </trkpt>
      <trkpt lat="50.214308" lon="13.640578">
      </trkpt>
      <trkpt lat="50.21427" lon="13.640007">
      </trkpt>
      <trkpt lat="50.214144" lon="13.639235">
      </trkpt>
      <trkpt lat="50.213736" lon="13.637113">
      </trkpt>
      <trkpt lat="50.210378" lon="13.629583">
      </trkpt>
      <trkpt lat="50.214011" lon="13.622174">
      </trkpt>
      <trkpt lat="50.216439" lon="13.619516">
      </trkpt>
      <trkpt lat="50.220729" lon="13.61672">
      </trkpt>
      <trkpt lat="50.221255" lon="13.60787">
      </trkpt>
      <trkpt lat="50.22037" lon="13.604581">
      </trkpt>
      <trkpt lat="50.22021" lon="13.604425">
      </trkpt>
      <trkpt lat="50.217917" lon="13.596183">
      </trkpt>
      <trkpt lat="50.218118" lon="13.595613">
      </trkpt>
      <trkpt lat="50.218313" lon="13.594734">
      </trkpt>
      <trkpt lat="50.217385" lon="13.59446">
      </trkpt>
      <trkpt lat="50.214798" lon="13.593955">
      </trkpt>
      <trkpt lat="50.214054" lon="13.595038">
      </trkpt>
      <trkpt lat="50.211516" lon="13.599223">
      </trkpt>
      <trkpt lat="50.212075" lon="13.600762">
      </trkpt>
      <trkpt lat="50.213178" lon="13.606147">
      </trkpt>
      <trkpt lat="50.212747" lon="13.607876">
      </trkpt>
      <trkpt lat="50.212563" lon="13.6085">
      </trkpt>
      <trkpt lat="50.212442" lon="13.608831">
      </trkpt>
      <trkpt lat="50.212219" lon="13.609369">
      </trkpt>
      <trkpt lat="50.211864" lon="13.610176">
      </trkpt>
      <trkpt lat="50.211203" lon="13.611491">
      </trkpt>
      <trkpt lat="50.202493" lon="13.612626">
      </trkpt>
      <trkpt lat="50.201695" lon="13.611316">
      </trkpt>
      <trkpt lat="50.20141" lon="13.610937">
      </trkpt>
      <trkpt lat="50.200819" lon="13.610359">
      </trkpt>
      <trkpt lat="50.200103" lon="13.601502">
      </trkpt>
      <trkpt lat="50.200328" lon="13.601033">
      </trkpt>
      <trkpt lat="50.200401" lon="13.600818">
      </trkpt>
      <trkpt lat="50.200541" lon="13.600364">
      </trkpt>
      <trkpt lat="50.200991" lon="13.598352">
      </trkpt>
      <trkpt lat="50.201088" lon="13.597407">
      </trkpt>
      <trkpt lat="50.201491" lon="13.595912">
      </trkpt>
      <trkpt lat="50.201568" lon="13.595473">
      </trkpt>
      <trkpt lat="50.201672" lon="13.594367">
      </trkpt>
      <trkpt lat="50.202376" lon="13.592244">
      </trkpt>
      <trkpt lat="50.202639" lon="13.59139">
      </trkpt>
      <trkpt lat="50.203904" lon="13.589283">
      </trkpt>
      <trkpt lat="50.203982" lon="13.588857">
      </trkpt>
      <trkpt lat="50.204104" lon="13.588347">
      </trkpt>
      <trkpt lat="50.204558" lon="13.586768">
      </trkpt>
      <trkpt lat="50.203969" lon="13.584522">
      </trkpt>
      <trkpt lat="50.203081" lon="13.583523">
      </trkpt>
      <trkpt lat="50.200369" lon="13.584537">
      </trkpt>
      <trkpt lat="50.194239" lon="13.584532">
      </trkpt>
      <trkpt lat="50.191941" lon="13.577249">
      </trkpt>
      <trkpt lat="50.191868" lon="13.57644">
      </trkpt>
      <trkpt lat="50.192616" lon="13.56947">
      </trkpt>
      <trkpt lat="50.193229" lon="13.56825">
      </trkpt>
      <trkpt lat="50.189628" lon="13.560779">
      </trkpt>
      <trkpt lat="50.190202" lon="13.559024">
      </trkpt>
      <trkpt lat="50.192421" lon="13.555731">
      </trkpt>
      <trkpt lat="50.193287" lon="13.554941">
      </trkpt>
      <trkpt lat="50.194753" lon="13.553901">
      </trkpt>
      <trkpt lat="50.195146" lon="13.553604">
      </trkpt>
      <trkpt lat="50.200561" lon="13.551565">
      </trkpt>
      <trkpt lat="50.202165" lon="13.549194">
      </trkpt>
      <trkpt lat="50.202311" lon="13.548522">
      </trkpt>
      <trkpt lat="50.205555" lon="13.542051">
      </trkpt>
      <trkpt lat="50.209114" lon="13.542594">
      </trkpt>
      <trkpt lat="50.209319" lon="13.541248">
      </trkpt>
      <trkpt lat="50.209358" lon="13.540743">
      </trkpt>
      <trkpt lat="50.209326" lon="13.540174">
      </trkpt>
      <trkpt lat="50.210114" lon="13.533667">
      </trkpt>
      <trkpt lat="50.211281" lon="13.531193">
      </trkpt>
      <trkpt lat="50.211458" lon="13.530769">
      </trkpt>
      <trkpt lat="50.211595" lon="13.530112">
      </trkpt>
      <trkpt lat="50.215427" lon="13.522229">
      </trkpt>
      <trkpt lat="50.215763" lon="13.52183">
      </trkpt>
      <trkpt lat="50.216001" lon="13.521494">
      </trkpt>
      <trkpt lat="50.216278" lon="13.520848">
      </trkpt>
      <trkpt lat="50.219428" lon="13.513057">
      </trkpt>
      <trkpt lat="50.219672" lon="13.512754">
      </trkpt>
      <trkpt lat="50.220635" lon="13.510574">
      </trkpt>
      <trkpt lat="50.21827" lon="13.5094">
      </trkpt>
      <trkpt lat="50.2148" lon="13.504546">
      </trkpt>
      <trkpt lat="50.2112" lon="13.504533">
      </trkpt>
      <trkpt lat="50.211141" lon="13.505357">
      </trkpt>
      <trkpt lat="50.211112" lon="13.505791">
      </trkpt>
      <trkpt lat="50.211169" lon="13.506255">
      </trkpt>
      <trkpt lat="50.209168" lon="13.511703">
      </trkpt>
      <trkpt lat="50.203963" lon="13.514111">
      </trkpt>
      <trkpt lat="50.19863" lon="13.50729">
      </trkpt>
      <trkpt lat="50.198745" lon="13.506196">
      </trkpt>
      <trkpt lat="50.198805" lon="13.505426">
      </trkpt>
      <trkpt lat="50.198869" lon="13.504454">
      </trkpt>
      <trkpt lat="50.198999" lon="13.503685">
      </trkpt>
      <trkpt lat="50.199051" lon="13.503203">
      </trkpt>
      <trkpt lat="50.195455" lon="13.503019">
      </trkpt>
      <trkpt lat="50.195352" lon="13.503378">
      </trkpt>
      <trkpt lat="50.195261" lon="13.503839">
      </trkpt>
      <trkpt lat="50.195217" lon="13.505125">
      </trkpt>
      <trkpt lat="50.195178" lon="13.50541">
      </trkpt>
      <trkpt lat="50.195147" lon="13.506078">
      </trkpt>
      <trkpt lat="50.187682" lon="13.51043">
      </trkpt>
      <trkpt lat="50.18709" lon="13.510169">
      </trkpt>
      <trkpt lat="50.185023" lon="13.508642">
      </trkpt>
      <trkpt lat="50.182509" lon="13.504575">
      </trkpt>
      <trkpt lat="50.182257" lon="13.503758">
      </trkpt>
      <trkpt lat="50.18182" lon="13.502681">
      </trkpt>
      <trkpt lat="50.181568" lon="13.502012">
      </trkpt>
      <trkpt lat="50.181176" lon="13.50121">
      </trkpt>
      <trkpt lat="50.179993" lon="13.498224">
      </trkpt>
      <trkpt lat="50.179688" lon="13.497472">
      </trkpt>
      <trkpt lat="50.178521" lon="13.495456">
      </trkpt>
      <trkpt lat="50.178138" lon="13.494748">
      </trkpt>
      <trkpt lat="50.177675" lon="13.493568">
      </trkpt>
      <trkpt lat="50.177427" lon="13.492892">
      </trkpt>
      <trkpt lat="50.177248" lon="13.492351">
      </trkpt>
      <trkpt lat="50.176817" lon="13.490825">
      </trkpt>
      <trkpt lat="50.176606" lon="13.490219">
      </trkpt>
      <trkpt lat="50.176306" lon="13.489488">
      </trkpt>
      <trkpt lat="50.175387" lon="13.485414">
      </trkpt>
      <trkpt lat="50.179669" lon="13.479193">
      </trkpt>
      <trkpt lat="50.182198" lon="13.477727">
      </trkpt>
      <trkpt lat="50.189326" lon="13.483059">
      </trkpt>
      <trkpt lat="50.189255" lon="13.483537">
      </trkpt>
      <trkpt lat="50.189168" lon="13.484378">
      </trkpt>
      <trkpt lat="50.189132" lon="13.484929">
      </trkpt>
      <trkpt lat="50.189047" lon="13.485574">
      </trkpt>
      <trkpt lat="50.18901" lon="13.486077">
      </trkpt>
      <trkpt lat="50.188884" lon="13.487016">
      </trkpt>
      <trkpt lat="50.192474" lon="13.487283">
      </trkpt>
      <trkpt lat="50.192576" lon="13.486573">
      </trkpt>
      <trkpt lat="50.192699" lon="13.485413">
      </trkpt>
      <trkpt lat="50.192775" lon="13.484609">
      </trkpt>
      <trkpt lat="50.193154" lon="13.482695">
      </trkpt>
      <trkpt lat="50.193222" lon="13.482343">
      </trkpt>
      <trkpt lat="50.193411" lon="13.481067">
      </trkpt>
      <trkpt lat="50.193859" lon="13.478776">
      </trkpt>
      <trkpt lat="50.193946" lon="13.478024">
      </trkpt>
      <trkpt lat="50.194072" lon="13.476017">
      </trkpt>
      <trkpt lat="50.194123" lon="13.475587">
      </trkpt>
      <trkpt lat="50.198618" lon="13.468375">
      </trkpt>
      <trkpt lat="50.199474" lon="13.468301">
      </trkpt>
      <trkpt lat="50.203839" lon="13.469088">
      </trkpt>
      <trkpt lat="50.204286" lon="13.469307">
      </trkpt>
      <trkpt lat="50.204594" lon="13.469416">
      </trkpt>
      <trkpt lat="50.205324" lon="13.469602">
      </trkpt>
      <trkpt lat="50.205822" lon="13.469658">
      </trkpt>
      <trkpt lat="50.20616" lon="13.469672">
      </trkpt>
      <trkpt lat="50.208967" lon="13.469745">
      </trkpt>
      <trkpt lat="50.212414" lon="13.471101">
      </trkpt>
      <trkpt lat="50.215732" lon="13.476994">
      </trkpt>
      <trkpt lat="50.21556" lon="13.479995">
      </trkpt>
      <trkpt lat="50.215547" lon="13.480426">
      </trkpt>
      <trkpt lat="50.215587" lon="13.480857">
      </trkpt>
      <trkpt lat="50.215724" lon="13.481618">
      </trkpt>
      <trkpt lat="50.215821" lon="13.481989">
      </trkpt>
      <trkpt lat="50.216048" lon="13.482733">
      </trkpt>
      <trkpt lat="50.216294" lon="13.483417">
      </trkpt>
      <trkpt lat="50.216574" lon="13.483995">
      </trkpt>
      <trkpt lat="50.217345" lon="13.492251">
      </trkpt>
      <trkpt lat="50.217249" lon="13.49279">
      </trkpt>
      <trkpt lat="50.218779" lon="13.493515">
      </trkpt>
      <trkpt lat="50.220837" lon="13.49309">
      </trkpt>
      <trkpt lat="50.220875" lon="13.492959">
      </trkpt>
      <trkpt lat="50.220924" lon="13.492808">
      </trkpt>
      <trkpt lat="50.22122" lon="13.491916">
      </trkpt>
      <trkpt lat="50.221325" lon="13.491538">
      </trkpt>
      <trkpt lat="50.221421" lon="13.491047">
      </trkpt>
      <trkpt lat="50.221464" lon="13.488324">
      </trkpt>
      <trkpt lat="50.225487" lon="13.484034">
      </trkpt>
      <trkpt lat="50.225206" lon="13.483156">
      </trkpt>
      <trkpt lat="50.224483" lon="13.482152">
      </trkpt>
      <trkpt lat="50.22405" lon="13.481344">
      </trkpt>
      <trkpt lat="50.228959" lon="13.473848">
      </trkpt>
      <trkpt lat="50.234998" lon="13.479358">
      </trkpt>
      <trkpt lat="50.235474" lon="13.481366">
      </trkpt>
      <trkpt lat="50.235495" lon="13.481632">
      </trkpt>
      <trkpt lat="50.235482" lon="13.482498">
      </trkpt>
      <trkpt lat="50.235542" lon="13.483252">
      </trkpt>
      <trkpt lat="50.236071" lon="13.485942">
      </trkpt>
      <trkpt lat="50.236234" lon="13.486567">
      </trkpt>
      <trkpt lat="50.234069" lon="13.493574">
      </trkpt>
      <trkpt lat="50.230653" lon="13.494711">
      </trkpt>
      <trkpt lat="50.230939" lon="13.49557">
      </trkpt>
      <trkpt lat="50.229673" lon="13.501524">
      </trkpt>
      <trkpt lat="50.230277" lon="13.5026">
      </trkpt>
      <trkpt lat="50.230778" lon="13.504219">
      </trkpt>
      <trkpt lat="50.231015" lon="13.505147">
      </trkpt>
      <trkpt lat="50.231189" lon="13.505576">
      </trkpt>
      <trkpt lat="50.231328" lon="13.505849">
      </trkpt>
      <trkpt lat="50.231737" lon="13.506412">
      </trkpt>
      <trkpt lat="50.23213" lon="13.506786">
      </trkpt>
      <trkpt lat="50.233952" lon="13.509414">
      </trkpt>
      <trkpt lat="50.237547" lon="13.50961">
      </trkpt>
      <trkpt lat="50.242291" lon="13.506451">
      </trkpt>
      <trkpt lat="50.245861" lon="13.506201">
      </trkpt>
      <trkpt lat="50.252066" lon="13.511937">
      </trkpt>
      <trkpt lat="50.252261" lon="13.513103">
      </trkpt>
      <trkpt lat="50.255812" lon="13.512509">
      </trkpt>
      <trkpt lat="50.255616" lon="13.511342">
      </trkpt>
      <trkpt lat="50.255406" lon="13.510257">
      </trkpt>
      <trkpt lat="50.25534" lon="13.50996">
      </trkpt>
      <trkpt lat="50.255207" lon="13.509532">
      </trkpt>
      <trkpt lat="50.254985" lon="13.509048">
      </trkpt>
      <trkpt lat="50.254426" lon="13.50733">
      </trkpt>
      <trkpt lat="50.254259" lon="13.50639">
      </trkpt>
      <trkpt lat="50.254127" lon="13.505828">
      </trkpt>
      <trkpt lat="50.253733" lon="13.504226">
      </trkpt>
      <trkpt lat="50.253587" lon="13.503731">
      </trkpt>
      <trkpt lat="50.253292" lon="13.503145">
      </trkpt>
      <trkpt lat="50.252531" lon="13.502148">
      </trkpt>
      <trkpt lat="50.252274" lon="13.501852">
      </trkpt>
      <trkpt lat="50.250556" lon="13.498705">
      </trkpt>
      <trkpt lat="50.249999" lon="13.497379">
      </trkpt>
      <trkpt lat="50.249715" lon="13.496892">
      </trkpt>
      <trkpt lat="50.247529" lon="13.496216">
      </trkpt>
      <trkpt lat="50.24957" lon="13.487467">
      </trkpt>
      <trkpt lat="50.25253" lon="13.485418">
      </trkpt>
      <trkpt lat="50.259858" lon="13.488847">
      </trkpt>
      <trkpt lat="50.263455" lon="13.488696">
      </trkpt>
      <trkpt lat="50.263351" lon="13.486208">
      </trkpt>
      <trkpt lat="50.263329" lon="13.485685">
      </trkpt>
      <trkpt lat="50.271322" lon="13.481897">
      </trkpt>
      <trkpt lat="50.272924" lon="13.48387">
      </trkpt>
      <trkpt lat="50.273333" lon="13.484449">
      </trkpt>
      <trkpt lat="50.273701" lon="13.48505">
      </trkpt>
      <trkpt lat="50.274225" lon="13.486078">
      </trkpt>
      <trkpt lat="50.275882" lon="13.489491">
      </trkpt>
      <trkpt lat="50.275289" lon="13.4959">
      </trkpt>
      <trkpt lat="50.271123" lon="13.499649">
      </trkpt>
      <trkpt lat="50.271027" lon="13.500508">
      </trkpt>
      <trkpt lat="50.267851" lon="13.508079">
      </trkpt>
      <trkpt lat="50.269808" lon="13.511101">
      </trkpt>
      <trkpt lat="50.27637" lon="13.513553">
      </trkpt>
      <trkpt lat="50.279032" lon="13.511129">
      </trkpt>
      <trkpt lat="50.286147" lon="13.510549">
      </trkpt>
      <trkpt lat="50.286873" lon="13.516509">
      </trkpt>
      <trkpt lat="50.286816" lon="13.51862">
      </trkpt>
      <trkpt lat="50.290414" lon="13.518718">
      </trkpt>
      <trkpt lat="50.291997" lon="13.517649">
      </trkpt>
      <trkpt lat="50.294693" lon="13.515264">
      </trkpt>
      <trkpt lat="50.293964" lon="13.512777">
      </trkpt>
      <trkpt lat="50.289382" lon="13.50897">
      </trkpt>
      <trkpt lat="50.287562" lon="13.505241">
      </trkpt>
      <trkpt lat="50.285741" lon="13.501511">
      </trkpt>
      <trkpt lat="50.283921" lon="13.497782">
      </trkpt>
      <trkpt lat="50.281912" lon="13.493658">
      </trkpt>
      <trkpt lat="50.280777" lon="13.491329">
      </trkpt>
      <trkpt lat="50.279121" lon="13.487918">
      </trkpt>
      <trkpt lat="50.277463" lon="13.484505">
      </trkpt>
      <trkpt lat="50.276909" lon="13.483416">
      </trkpt>
      <trkpt lat="50.276402" lon="13.475069">
      </trkpt>
      <trkpt lat="50.276872" lon="13.473847">
      </trkpt>
      <trkpt lat="50.277755" lon="13.471418">
      </trkpt>
      <trkpt lat="50.278591" lon="13.469255">
      </trkpt>
      <trkpt lat="50.275233" lon="13.467958">
      </trkpt>
      <trkpt lat="50.274397" lon="13.470122">
      </trkpt>
      <trkpt lat="50.265919" lon="13.469519">
      </trkpt>
      <trkpt lat="50.263215" lon="13.466189">
      </trkpt>
      <trkpt lat="50.261727" lon="13.464283">
      </trkpt>
      <trkpt lat="50.260368" lon="13.462684">
      </trkpt>
      <trkpt lat="50.258903" lon="13.460864">
      </trkpt>
      <trkpt lat="50.25776" lon="13.453106">
      </trkpt>
      <trkpt lat="50.258034" lon="13.44917">
      </trkpt>
      <trkpt lat="50.258192" lon="13.447167">
      </trkpt>
      <trkpt lat="50.258264" lon="13.446145">
      </trkpt>
      <trkpt lat="50.25852" lon="13.444501">
      </trkpt>
      <trkpt lat="50.258636" lon="13.443576">
      </trkpt>
      <trkpt lat="50.258652" lon="13.44319">
      </trkpt>
      <trkpt lat="50.266508" lon="13.439189">
      </trkpt>
      <trkpt lat="50.268121" lon="13.441873">
      </trkpt>
      <trkpt lat="50.269867" lon="13.444749">
      </trkpt>
      <trkpt lat="50.270375" lon="13.445235">
      </trkpt>
      <trkpt lat="50.27226" lon="13.447175">
      </trkpt>
      <trkpt lat="50.279964" lon="13.442608">
      </trkpt>
      <trkpt lat="50.280518" lon="13.442422">
      </trkpt>
      <trkpt lat="50.281444" lon="13.442114">
      </trkpt>
      <trkpt lat="50.284551" lon="13.437124">
      </trkpt>
      <trkpt lat="50.284799" lon="13.436779">
      </trkpt>
      <trkpt lat="50.287475" lon="13.4333">
      </trkpt>
      <trkpt lat="50.290355" lon="13.429915">
      </trkpt>
      <trkpt lat="50.290521" lon="13.429623">
      </trkpt>
      <trkpt lat="50.290764" lon="13.429052">
      </trkpt>
      <trkpt lat="50.290872" lon="13.428688">
      </trkpt>
      <trkpt lat="50.290975" lon="13.427879">
      </trkpt>
      <trkpt lat="50.290696" lon="13.424523">
      </trkpt>
      <trkpt lat="50.290595" lon="13.42382">
      </trkpt>
      <trkpt lat="50.290383" lon="13.422776">
      </trkpt>
      <trkpt lat="50.290039" lon="13.421618">
      </trkpt>
      <trkpt lat="50.289256" lon="13.419641">
      </trkpt>
      <trkpt lat="50.288525" lon="13.417809">
      </trkpt>
      <trkpt lat="50.287762" lon="13.415164">
      </trkpt>
      <trkpt lat="50.286942" lon="13.412356">
      </trkpt>
      <trkpt lat="50.286752" lon="13.411876">
      </trkpt>
      <trkpt lat="50.286322" lon="13.411241">
      </trkpt>
      <trkpt lat="50.285586" lon="13.410704">
      </trkpt>
      <trkpt lat="50.285027" lon="13.410519">
      </trkpt>
      <trkpt lat="50.278196" lon="13.404892">
      </trkpt>
      <trkpt lat="50.277232" lon="13.402425">
      </trkpt>
      <trkpt lat="50.276268" lon="13.399958">
      </trkpt>
      <trkpt lat="50.275507" lon="13.397146">
      </trkpt>
      <trkpt lat="50.275449" lon="13.394342">
      </trkpt>
      <trkpt lat="50.27991" lon="13.387372">
      </trkpt>
      <trkpt lat="50.281839" lon="13.38662">
      </trkpt>
      <trkpt lat="50.281898" lon="13.386599">
      </trkpt>
      <trkpt lat="50.283709" lon="13.383131">
      </trkpt>
      <trkpt lat="50.28596" lon="13.380303">
      </trkpt>
      <trkpt lat="50.284973" lon="13.378706">
      </trkpt>
      <trkpt lat="50.283317" lon="13.377839">
      </trkpt>
      <trkpt lat="50.282558" lon="13.377997">
      </trkpt>
      <trkpt lat="50.281877" lon="13.378304">
      </trkpt>
      <trkpt lat="50.281116" lon="13.378923">
      </trkpt>
      <trkpt lat="50.280819" lon="13.37923">
      </trkpt>
      <trkpt lat="50.280444" lon="13.379858">
      </trkpt>
      <trkpt lat="50.280298" lon="13.380376">
      </trkpt>
      <trkpt lat="50.279767" lon="13.38149">
      </trkpt>
      <trkpt lat="50.2711" lon="13.380064">
      </trkpt>
      <trkpt lat="50.270842" lon="13.378594">
      </trkpt>
      <trkpt lat="50.27185" lon="13.375379">
      </trkpt>
      <trkpt lat="50.272023" lon="13.374786">
      </trkpt>
      <trkpt lat="50.272176" lon="13.373455">
      </trkpt>
      <trkpt lat="50.272226" lon="13.372063">
      </trkpt>
      <trkpt lat="50.272444" lon="13.36915">
      </trkpt>
      <trkpt lat="50.272431" lon="13.367406">
      </trkpt>
      <trkpt lat="50.272489" lon="13.365039">
      </trkpt>
      <trkpt lat="50.275953" lon="13.358792">
      </trkpt>
      <trkpt lat="50.28089" lon="13.358404">
      </trkpt>
      <trkpt lat="50.28122" lon="13.358351">
      </trkpt>
      <trkpt lat="50.282806" lon="13.355604">
      </trkpt>
      <trkpt lat="50.282867" lon="13.355107">
      </trkpt>
      <trkpt lat="50.283032" lon="13.353959">
      </trkpt>
      <trkpt lat="50.282528" lon="13.35243">
      </trkpt>
      <trkpt lat="50.28187" lon="13.351939">
      </trkpt>
      <trkpt lat="50.278328" lon="13.351204">
      </trkpt>
      <trkpt lat="50.277644" lon="13.351203">
      </trkpt>
      <trkpt lat="50.276633" lon="13.351614">
      </trkpt>
      <trkpt lat="50.275086" lon="13.354164">
      </trkpt>
      <trkpt lat="50.273118" lon="13.355834">
      </trkpt>
      <trkpt lat="50.271181" lon="13.357962">
      </trkpt>
      <trkpt lat="50.269545" lon="13.359819">
      </trkpt>
      <trkpt lat="50.269105" lon="13.360572">
      </trkpt>
      <trkpt lat="50.268948" lon="13.362664">
      </trkpt>
      <trkpt lat="50.263224" lon="13.368286">
      </trkpt>
      <trkpt lat="50.260135" lon="13.367753">
      </trkpt>
      <trkpt lat="50.259567" lon="13.367725">
      </trkpt>
      <trkpt lat="50.257697" lon="13.359016">
      </trkpt>
      <trkpt lat="50.258735" lon="13.358751">
      </trkpt>
      <trkpt lat="50.25959" lon="13.356136">
      </trkpt>
      <trkpt lat="50.262357" lon="13.353813">
      </trkpt>
      <trkpt lat="50.262993" lon="13.353357">
      </trkpt>
      <trkpt lat="50.265118" lon="13.351083">
      </trkpt>
      <trkpt lat="50.267472" lon="13.348506">
      </trkpt>
      <trkpt lat="50.267843" lon="13.347881">
      </trkpt>
      <trkpt lat="50.268907" lon="13.34573">
      </trkpt>
      <trkpt lat="50.271556" lon="13.34399">
      </trkpt>
      <trkpt lat="50.272514" lon="13.343237">
      </trkpt>
      <trkpt lat="50.281" lon="13.341715">
      </trkpt>
      <trkpt lat="50.281504" lon="13.342216">
      </trkpt>
      <trkpt lat="50.282434" lon="13.342824">
      </trkpt>
      <trkpt lat="50.284648" lon="13.342836">
      </trkpt>
      <trkpt lat="50.285545" lon="13.342504">
      </trkpt>
      <trkpt lat="50.285581" lon="13.342454">
      </trkpt>
      <trkpt lat="50.285887" lon="13.339456">
      </trkpt>
      <trkpt lat="50.282598" lon="13.332487">
      </trkpt>
      <trkpt lat="50.282314" lon="13.33171">
      </trkpt>
      <trkpt lat="50.281855" lon="13.330884">
      </trkpt>
      <trkpt lat="50.280753" lon="13.329705">
      </trkpt>
      <trkpt lat="50.28036" lon="13.329773">
      </trkpt>
      <trkpt lat="50.276363" lon="13.330575">
      </trkpt>
      <trkpt lat="50.276307" lon="13.330614">
      </trkpt>
      <trkpt lat="50.274474" lon="13.333454">
      </trkpt>
      <trkpt lat="50.268258" lon="13.339477">
      </trkpt>
      <trkpt lat="50.26577" lon="13.341227">
      </trkpt>
      <trkpt lat="50.265753" lon="13.341905">
      </trkpt>
      <trkpt lat="50.26465" lon="13.346218">
      </trkpt>
      <trkpt lat="50.264385" lon="13.346654">
      </trkpt>
      <trkpt lat="50.262488" lon="13.348625">
      </trkpt>
      <trkpt lat="50.253737" lon="13.347907">
      </trkpt>
      <trkpt lat="50.253216" lon="13.347113">
      </trkpt>
      <trkpt lat="50.252555" lon="13.345936">
      </trkpt>
      <trkpt lat="50.251806" lon="13.344256">
      </trkpt>
      <trkpt lat="50.251676" lon="13.343761">
      </trkpt>
      <trkpt lat="50.251311" lon="13.342063">
      </trkpt>
      <trkpt lat="50.248575" lon="13.334799">
      </trkpt>
      <trkpt lat="50.248381" lon="13.330721">
      </trkpt>
      <trkpt lat="50.248574" lon="13.328513">
      </trkpt>
      <trkpt lat="50.248555" lon="13.327889">
      </trkpt>
      <trkpt lat="50.248427" lon="13.326712">
      </trkpt>
      <trkpt lat="50.24391" lon="13.321438">
      </trkpt>
      <trkpt lat="50.243657" lon="13.320777">
      </trkpt>
      <trkpt lat="50.24316" lon="13.319928">
      </trkpt>
      <trkpt lat="50.242935" lon="13.319638">
      </trkpt>
      <trkpt lat="50.242455" lon="13.319129">
      </trkpt>
      <trkpt lat="50.241601" lon="13.318637">
      </trkpt>
      <trkpt lat="50.240348" lon="13.318695">
      </trkpt>
      <trkpt lat="50.232917" lon="13.323536">
      </trkpt>
      <trkpt lat="50.230756" lon="13.32257">
      </trkpt>
      <trkpt lat="50.228659" lon="13.321635">
      </trkpt>
      <trkpt lat="50.227036" lon="13.320876">
      </trkpt>
      <trkpt lat="50.224145" lon="13.318779">
      </trkpt>
      <trkpt lat="50.222573" lon="13.317233">
      </trkpt>
      <trkpt lat="50.224761" lon="13.308595">
      </trkpt>
      <trkpt lat="50.225474" lon="13.30834">
      </trkpt>
      <trkpt lat="50.225977" lon="13.308051">
      </trkpt>
      <trkpt lat="50.228788" lon="13.306259">
      </trkpt>
      <trkpt lat="50.22942" lon="13.305571">
      </trkpt>
      <trkpt lat="50.230569" lon="13.301935">
      </trkpt>
      <trkpt lat="50.231104" lon="13.300442">
      </trkpt>
      <trkpt lat="50.231498" lon="13.298918">
      </trkpt>
      <trkpt lat="50.231989" lon="13.295826">
      </trkpt>
      <trkpt lat="50.232448" lon="13.292898">
      </trkpt>
      <trkpt lat="50.232906" lon="13.289969">
      </trkpt>
      <trkpt lat="50.233364" lon="13.287041">
      </trkpt>
      <trkpt lat="50.233659" lon="13.286048">
      </trkpt>
      <trkpt lat="50.234381" lon="13.284039">
      </trkpt>
      <trkpt lat="50.235139" lon="13.281915">
      </trkpt>
      <trkpt lat="50.238403" lon="13.276568">
      </trkpt>
      <trkpt lat="50.238928" lon="13.276005">
      </trkpt>
      <trkpt lat="50.245982" lon="13.273972">
      </trkpt>
      <trkpt lat="50.248971" lon="13.275482">
      </trkpt>
      <trkpt lat="50.253992" lon="13.280388">
      </trkpt>
      <trkpt lat="50.254544" lon="13.281672">
      </trkpt>
      <trkpt lat="50.255109" lon="13.282689">
      </trkpt>
      <trkpt lat="50.255749" lon="13.283407">
      </trkpt>
      <trkpt lat="50.258519" lon="13.290746">
      </trkpt>
      <trkpt lat="50.258379" lon="13.292638">
      </trkpt>
      <trkpt lat="50.25789" lon="13.29508">
      </trkpt>
      <trkpt lat="50.257569" lon="13.297421">
      </trkpt>
      <trkpt lat="50.257501" lon="13.297801">
      </trkpt>
      <trkpt lat="50.257339" lon="13.298568">
      </trkpt>
      <trkpt lat="50.257298" lon="13.299028">
      </trkpt>
      <trkpt lat="50.256095" lon="13.304982">
      </trkpt>
      <trkpt lat="50.255944" lon="13.305343">
      </trkpt>
      <trkpt lat="50.251761" lon="13.310802">
      </trkpt>
      <trkpt lat="50.251705" lon="13.311843">
      </trkpt>
      <trkpt lat="50.254037" lon="13.312513">
      </trkpt>
      <trkpt lat="50.256093" lon="13.31239">
      </trkpt>
      <trkpt lat="50.257949" lon="13.309661">
      </trkpt>
      <trkpt lat="50.265216" lon="13.306535">
      </trkpt>
      <trkpt lat="50.268806" lon="13.306793">
      </trkpt>
      <trkpt lat="50.268815" lon="13.306131">
      </trkpt>
      <trkpt lat="50.26889" lon="13.304852">
      </trkpt>
      <trkpt lat="50.269085" lon="13.302553">
      </trkpt>
      <trkpt lat="50.269101" lon="13.302151">
      </trkpt>
      <trkpt lat="50.269085" lon="13.299162">
      </trkpt>
      <trkpt lat="50.274686" lon="13.292603">
      </trkpt>
      <trkpt lat="50.276111" lon="13.291592">
      </trkpt>
      <trkpt lat="50.276277" lon="13.291299">
      </trkpt>
      <trkpt lat="50.277926" lon="13.288018">
      </trkpt>
      <trkpt lat="50.285874" lon="13.290351">
      </trkpt>
      <trkpt lat="50.289464" lon="13.290621">
      </trkpt>
      <trkpt lat="50.297814" lon="13.293761">
      </trkpt>
      <trkpt lat="50.297949" lon="13.296217">
      </trkpt>
      <trkpt lat="50.298118" lon="13.298562">
      </trkpt>
      <trkpt lat="50.297186" lon="13.30423">
      </trkpt>
      <trkpt lat="50.294568" lon="13.311865">
      </trkpt>
      <trkpt lat="50.294779" lon="13.312395">
      </trkpt>
      <trkpt lat="50.294996" lon="13.312866">
      </trkpt>
      <trkpt lat="50.295544" lon="13.313587">
      </trkpt>
      <trkpt lat="50.295911" lon="13.313907">
      </trkpt>
      <trkpt lat="50.296082" lon="13.314005">
      </trkpt>
      <trkpt lat="50.301591" lon="13.319087">
      </trkpt>
      <trkpt lat="50.302005" lon="13.32134">
      </trkpt>
      <trkpt lat="50.302254" lon="13.322421">
      </trkpt>
      <trkpt lat="50.302582" lon="13.322971">
      </trkpt>
      <trkpt lat="50.305294" lon="13.326803">
      </trkpt>
      <trkpt lat="50.305505" lon="13.327245">
      </trkpt>
      <trkpt lat="50.309101" lon="13.327081">
      </trkpt>
      <trkpt lat="50.309093" lon="13.326918">
      </trkpt>
      <trkpt lat="50.308658" lon="13.325522">
      </trkpt>
      <trkpt lat="50.30837" lon="13.324763">
      </trkpt>
      <trkpt lat="50.308241" lon="13.324432">
      </trkpt>
      <trkpt lat="50.307475" lon="13.322893">
      </trkpt>
      <trkpt lat="50.30702" lon="13.322121">
      </trkpt>
      <trkpt lat="50.305178" lon="13.318369">
      </trkpt>
      <trkpt lat="50.311444" lon="13.31257">
      </trkpt>
      <trkpt lat="50.312364" lon="13.312729">
      </trkpt>
      <trkpt lat="50.314417" lon="13.31231">
      </trkpt>
      <trkpt lat="50.318316" lon="13.311884">
      </trkpt>
      <trkpt lat="50.322416" lon="13.311425">
      </trkpt>
      <trkpt lat="50.326413" lon="13.316616">
      </trkpt>
      <trkpt lat="50.329983" lon="13.31713">
      </trkpt>
      <trkpt lat="50.330116" lon="13.317052">
      </trkpt>
      <trkpt lat="50.331238" lon="13.316517">
      </trkpt>
      <trkpt lat="50.332722" lon="13.316155">
      </trkpt>
      <trkpt lat="50.333485" lon="13.316075">
      </trkpt>
      <trkpt lat="50.339929" lon="13.321349">
      </trkpt>
      <trkpt lat="50.338988" lon="13.324794">
      </trkpt>
      <trkpt lat="50.338075" lon="13.325873">
      </trkpt>
      <trkpt lat="50.337789" lon="13.326517">
      </trkpt>
      <trkpt lat="50.330638" lon="13.331402">
      </trkpt>
      <trkpt lat="50.329553" lon="13.331617">
      </trkpt>
      <trkpt lat="50.323276" lon="13.329807">
      </trkpt>
      <trkpt lat="50.322842" lon="13.329417">
      </trkpt>
      <trkpt lat="50.321659" lon="13.330684">
      </trkpt>
      <trkpt lat="50.321234" lon="13.332117">
      </trkpt>
      <trkpt lat="50.320845" lon="13.333035">
      </trkpt>
      <trkpt lat="50.32062" lon="13.3345">
      </trkpt>
      <trkpt lat="50.320527" lon="13.335409">
      </trkpt>
      <trkpt lat="50.317795" lon="13.342891">
      </trkpt>
      <trkpt lat="50.316159" lon="13.343642">
      </trkpt>
      <trkpt lat="50.316145" lon="13.343648">
      </trkpt>
      <trkpt lat="50.307475" lon="13.342482">
      </trkpt>
      <trkpt lat="50.304486" lon="13.340476">
      </trkpt>
      <trkpt lat="50.302551" lon="13.343358">
      </trkpt>
      <trkpt lat="50.301031" lon="13.345623">
      </trkpt>
      <trkpt lat="50.300975" lon="13.349223">
      </trkpt>
      <trkpt lat="50.30242" lon="13.353343">
      </trkpt>
      <trkpt lat="50.302772" lon="13.355614">
      </trkpt>
      <trkpt lat="50.303111" lon="13.357781">
      </trkpt>
      <trkpt lat="50.303194" lon="13.358401">
      </trkpt>
      <trkpt lat="50.303278" lon="13.360039">
      </trkpt>
      <trkpt lat="50.303179" lon="13.361497">
      </trkpt>
      <trkpt lat="50.300098" lon="13.368034">
      </trkpt>
      <trkpt lat="50.299039" lon="13.374927">
      </trkpt>
      <trkpt lat="50.299066" lon="13.375047">
      </trkpt>
      <trkpt lat="50.299547" lon="13.378491">
      </trkpt>
      <trkpt lat="50.300565" lon="13.383703">
      </trkpt>
      <trkpt lat="50.300643" lon="13.386442">
      </trkpt>
      <trkpt lat="50.30072" lon="13.389182">
      </trkpt>
      <trkpt lat="50.304318" lon="13.38908">
      </trkpt>
      <trkpt lat="50.311591" lon="13.39424">
      </trkpt>
      <trkpt lat="50.311467" lon="13.397323">
      </trkpt>
      <trkpt lat="50.315064" lon="13.397468">
      </trkpt>
      <trkpt lat="50.318" lon="13.39152">
      </trkpt>
      <trkpt lat="50.318066" lon="13.390729">
      </trkpt>
      <trkpt lat="50.318151" lon="13.390172">
      </trkpt>
      <trkpt lat="50.321948" lon="13.382771">
      </trkpt>
      <trkpt lat="50.324658" lon="13.382618">
      </trkpt>
      <trkpt lat="50.331436" lon="13.387756">
      </trkpt>
      <trkpt lat="50.331142" lon="13.391523">
      </trkpt>
      <trkpt lat="50.330849" lon="13.395291">
      </trkpt>
      <trkpt lat="50.330556" lon="13.399059">
      </trkpt>
      <trkpt lat="50.330259" lon="13.402882">
      </trkpt>
      <trkpt lat="50.330217" lon="13.40388">
      </trkpt>
      <trkpt lat="50.330276" lon="13.406227">
      </trkpt>
      <trkpt lat="50.330334" lon="13.408573">
      </trkpt>
      <trkpt lat="50.328095" lon="13.414648">
      </trkpt>
      <trkpt lat="50.327699" lon="13.417522">
      </trkpt>
      <trkpt lat="50.330671" lon="13.422482">
      </trkpt>
      <trkpt lat="50.330769" lon="13.426559">
      </trkpt>
      <trkpt lat="50.330771" lon="13.426652">
      </trkpt>
      <trkpt lat="50.332284" lon="13.428304">
      </trkpt>
      <trkpt lat="50.332498" lon="13.428312">
      </trkpt>
      <trkpt lat="50.33437" lon="13.426561">
      </trkpt>
      <trkpt lat="50.334368" lon="13.426468">
      </trkpt>
      <trkpt lat="50.337341" lon="13.418296">
      </trkpt>
      <trkpt lat="50.337045" lon="13.414708">
      </trkpt>
      <trkpt lat="50.345887" lon="13.414662">
      </trkpt>
      <trkpt lat="50.346026" lon="13.415332">
      </trkpt>
      <trkpt lat="50.346146" lon="13.415791">
      </trkpt>
      <trkpt lat="50.34687" lon="13.416653">
      </trkpt>
      <trkpt lat="50.347496" lon="13.41673">
      </trkpt>
      <trkpt lat="50.350261" lon="13.416979">
      </trkpt>
      <trkpt lat="50.352968" lon="13.417222">
      </trkpt>
      <trkpt lat="50.355676" lon="13.417465">
      </trkpt>
      <trkpt lat="50.360885" lon="13.423761">
      </trkpt>
      <trkpt lat="50.366425" lon="13.421262">
      </trkpt>
      <trkpt lat="50.372828" lon="13.4227">
      </trkpt>
      <trkpt lat="50.374077" lon="13.430304">
      </trkpt>
      <trkpt lat="50.370154" lon="13.432761">
      </trkpt>
      <trkpt lat="50.369548" lon="13.433356">
      </trkpt>
      <trkpt lat="50.369292" lon="13.433949">
      </trkpt>
      <trkpt lat="50.36921" lon="13.434451">
      </trkpt>
      <trkpt lat="50.369156" lon="13.435986">
      </trkpt>
      <trkpt lat="50.369141" lon="13.43942">
      </trkpt>
      <trkpt lat="50.368946" lon="13.440876">
      </trkpt>
      <trkpt lat="50.368143" lon="13.444139">
      </trkpt>
      <trkpt lat="50.365905" lon="13.448603">
      </trkpt>
      <trkpt lat="50.36563" lon="13.449294">
      </trkpt>
      <trkpt lat="50.36556" lon="13.449729">
      </trkpt>
      <trkpt lat="50.365511" lon="13.450427">
      </trkpt>
      <trkpt lat="50.365525" lon="13.450759">
      </trkpt>
      <trkpt lat="50.365587" lon="13.451164">
      </trkpt>
      <trkpt lat="50.365679" lon="13.451713">
      </trkpt>
      <trkpt lat="50.36715" lon="13.459675">
      </trkpt>
      <trkpt lat="50.367157" lon="13.459746">
      </trkpt>
      <trkpt lat="50.367847" lon="13.461065">
      </trkpt>
      <trkpt lat="50.372686" lon="13.468605">
      </trkpt>
      <trkpt lat="50.376128" lon="13.469659">
      </trkpt>
      <trkpt lat="50.377385" lon="13.467168">
      </trkpt>
      <trkpt lat="50.37757" lon="13.464908">
      </trkpt>
      <trkpt lat="50.378028" lon="13.463295">
      </trkpt>
      <trkpt lat="50.378512" lon="13.461262">
      </trkpt>
      <trkpt lat="50.386561" lon="13.457389">
      </trkpt>
      <trkpt lat="50.388667" lon="13.458417">
      </trkpt>
      <trkpt lat="50.388995" lon="13.457707">
      </trkpt>
      <trkpt lat="50.389184" lon="13.457145">
      </trkpt>
      <trkpt lat="50.389282" lon="13.45677">
      </trkpt>
      <trkpt lat="50.389571" lon="13.455414">
      </trkpt>
      <trkpt lat="50.389273" lon="13.453647">
      </trkpt>
      <trkpt lat="50.388872" lon="13.452729">
      </trkpt>
      <trkpt lat="50.388108" lon="13.450241">
      </trkpt>
      <trkpt lat="50.387955" lon="13.44781">
      </trkpt>
      <trkpt lat="50.387998" lon="13.447331">
      </trkpt>
      <trkpt lat="50.393683" lon="13.440372">
      </trkpt>
      <trkpt lat="50.396012" lon="13.440421">
      </trkpt>
      <trkpt lat="50.396486" lon="13.439985">
      </trkpt>
      <trkpt lat="50.3966" lon="13.439839">
      </trkpt>
      <trkpt lat="50.396671" lon="13.438416">
      </trkpt>
      <trkpt lat="50.396454" lon="13.438058">
      </trkpt>
      <trkpt lat="50.39589" lon="13.437527">
      </trkpt>
      <trkpt lat="50.395304" lon="13.437073">
      </trkpt>
      <trkpt lat="50.395051" lon="13.42923">
      </trkpt>
      <trkpt lat="50.397959" lon="13.428102">
      </trkpt>
      <trkpt lat="50.401447" lon="13.428992">
      </trkpt>
      <trkpt lat="50.408728" lon="13.430963">
      </trkpt>
      <trkpt lat="50.411162" lon="13.435371">
      </trkpt>
      <trkpt lat="50.41452" lon="13.436669">
      </trkpt>
      <trkpt lat="50.416554" lon="13.442963">
      </trkpt>
      <trkpt lat="50.41602" lon="13.444335">
      </trkpt>
      <trkpt lat="50.415528" lon="13.445679">
      </trkpt>
      <trkpt lat="50.415053" lon="13.447111">
      </trkpt>
      <trkpt lat="50.414813" lon="13.447899">
      </trkpt>
      <trkpt lat="50.414398" lon="13.449353">
      </trkpt>
      <trkpt lat="50.414195" lon="13.450133">
      </trkpt>
      <trkpt lat="50.413821" lon="13.451737">
      </trkpt>
      <trkpt lat="50.41349" lon="13.453444">
      </trkpt>
      <trkpt lat="50.413289" lon="13.45462">
      </trkpt>
      <trkpt lat="50.413142" lon="13.455596">
      </trkpt>
      <trkpt lat="50.413018" lon="13.456576">
      </trkpt>
      <trkpt lat="50.412845" lon="13.458195">
      </trkpt>
      <trkpt lat="50.412699" lon="13.460136">
      </trkpt>
      <trkpt lat="50.412647" lon="13.461102">
      </trkpt>
      <trkpt lat="50.412578" lon="13.462954">
      </trkpt>
      <trkpt lat="50.412526" lon="13.465373">
      </trkpt>
      <trkpt lat="50.412474" lon="13.467793">
      </trkpt>
      <trkpt lat="50.412422" lon="13.470212">
      </trkpt>
      <trkpt lat="50.412372" lon="13.472595">
      </trkpt>
      <trkpt lat="50.412319" lon="13.473846">
      </trkpt>
      <trkpt lat="50.412178" lon="13.475963">
      </trkpt>
      <trkpt lat="50.412" lon="13.477765">
      </trkpt>
      <trkpt lat="50.411892" lon="13.478622">
      </trkpt>
      <trkpt lat="50.411661" lon="13.480148">
      </trkpt>
      <trkpt lat="50.411503" lon="13.481065">
      </trkpt>
      <trkpt lat="50.415051" lon="13.481677">
      </trkpt>
      <trkpt lat="50.415209" lon="13.480761">
      </trkpt>
      <trkpt lat="50.415451" lon="13.479159">
      </trkpt>
      <trkpt lat="50.415572" lon="13.478221">
      </trkpt>
      <trkpt lat="50.415761" lon="13.476317">
      </trkpt>
      <trkpt lat="50.415913" lon="13.474057">
      </trkpt>
      <trkpt lat="50.415969" lon="13.472746">
      </trkpt>
      <trkpt lat="50.416022" lon="13.470289">
      </trkpt>
      <trkpt lat="50.416073" lon="13.46787">
      </trkpt>
      <trkpt lat="50.416125" lon="13.46545">
      </trkpt>
      <trkpt lat="50.416177" lon="13.463031">
      </trkpt>
      <trkpt lat="50.416245" lon="13.461238">
      </trkpt>
      <trkpt lat="50.416294" lon="13.460329">
      </trkpt>
      <trkpt lat="50.416435" lon="13.458466">
      </trkpt>
      <trkpt lat="50.416597" lon="13.45696">
      </trkpt>
      <trkpt lat="50.416713" lon="13.456052">
      </trkpt>
      <trkpt lat="50.416849" lon="13.455157">
      </trkpt>
      <trkpt lat="50.417039" lon="13.454053">
      </trkpt>
      <trkpt lat="50.417355" lon="13.452423">
      </trkpt>
      <trkpt lat="50.4177" lon="13.450951">
      </trkpt>
      <trkpt lat="50.417881" lon="13.450265">
      </trkpt>
      <trkpt lat="50.418275" lon="13.448886">
      </trkpt>
      <trkpt lat="50.426056" lon="13.445123">
      </trkpt>
      <trkpt lat="50.428702" lon="13.445832">
      </trkpt>
      <trkpt lat="50.431126" lon="13.444562">
      </trkpt>
      <trkpt lat="50.43217" lon="13.443953">
      </trkpt>
      <trkpt lat="50.433124" lon="13.443248">
      </trkpt>
      <trkpt lat="50.430985" lon="13.440352">
      </trkpt>
      <trkpt lat="50.426407" lon="13.440363">
      </trkpt>
      <trkpt lat="50.424434" lon="13.433855">
      </trkpt>
      <trkpt lat="50.424903" lon="13.432891">
      </trkpt>
      <trkpt lat="50.425615" lon="13.431481">
      </trkpt>
      <trkpt lat="50.426134" lon="13.430523">
      </trkpt>
      <trkpt lat="50.427026" lon="13.428937">
      </trkpt>
      <trkpt lat="50.427937" lon="13.427315">
      </trkpt>
      <trkpt lat="50.428662" lon="13.425952">
      </trkpt>
      <trkpt lat="50.429444" lon="13.42436">
      </trkpt>
      <trkpt lat="50.430696" lon="13.421725">
      </trkpt>
      <trkpt lat="50.432092" lon="13.41872">
      </trkpt>
      <trkpt lat="50.432622" lon="13.417744">
      </trkpt>
      <trkpt lat="50.433636" lon="13.415936">
      </trkpt>
      <trkpt lat="50.442391" lon="13.417721">
      </trkpt>
      <trkpt lat="50.44269" lon="13.418579">
      </trkpt>
      <trkpt lat="50.44305" lon="13.419573">
      </trkpt>
      <trkpt lat="50.44365" lon="13.421144">
      </trkpt>
      <trkpt lat="50.447013" lon="13.41986">
      </trkpt>
      <trkpt lat="50.446413" lon="13.418289">
      </trkpt>
      <trkpt lat="50.445926" lon="13.416178">
      </trkpt>
      <trkpt lat="50.445623" lon="13.415279">
      </trkpt>
      <trkpt lat="50.445578" lon="13.415143">
      </trkpt>
      <trkpt lat="50.445309" lon="13.414099">
      </trkpt>
      <trkpt lat="50.445388" lon="13.410704">
      </trkpt>
      <trkpt lat="50.447957" lon="13.404499">
      </trkpt>
      <trkpt lat="50.452502" lon="13.402701">
      </trkpt>
      <trkpt lat="50.457768" lon="13.408596">
      </trkpt>
      <trkpt lat="50.45731" lon="13.41097">
      </trkpt>
      <trkpt lat="50.457451" lon="13.411941">
      </trkpt>
      <trkpt lat="50.457704" lon="13.412921">
      </trkpt>
      <trkpt lat="50.457788" lon="13.413031">
      </trkpt>
      <trkpt lat="50.458649" lon="13.414426">
      </trkpt>
      <trkpt lat="50.459394" lon="13.415199">
      </trkpt>
      <trkpt lat="50.45988" lon="13.415844">
      </trkpt>
      <trkpt lat="50.459956" lon="13.41592">
      </trkpt>
      <trkpt lat="50.461847" lon="13.41608">
      </trkpt>
      <trkpt lat="50.468834" lon="13.414889">
      </trkpt>
      <trkpt lat="50.471619" lon="13.412608">
      </trkpt>
      <trkpt lat="50.471403" lon="13.412345">
      </trkpt>
      <trkpt lat="50.469824" lon="13.410052">
      </trkpt>
      <trkpt lat="50.467882" lon="13.402597">
      </trkpt>
      <trkpt lat="50.468423" lon="13.401054">
      </trkpt>
      <trkpt lat="50.46876" lon="13.400119">
      </trkpt>
      <trkpt lat="50.468886" lon="13.399782">
      </trkpt>
      <trkpt lat="50.469974" lon="13.397314">
      </trkpt>
      <trkpt lat="50.470935" lon="13.394835">
      </trkpt>
      <trkpt lat="50.472865" lon="13.390626">
      </trkpt>
      <trkpt lat="50.473014" lon="13.390271">
      </trkpt>
      <trkpt lat="50.473211" lon="13.389657">
      </trkpt>
      <trkpt lat="50.473408" lon="13.38879">
      </trkpt>
      <trkpt lat="50.471234" lon="13.384219">
      </trkpt>
      <trkpt lat="50.470834" lon="13.382924">
      </trkpt>
      <trkpt lat="50.471377" lon="13.37426">
      </trkpt>
      <trkpt lat="50.471637" lon="13.373927">
      </trkpt>
      <trkpt lat="50.471929" lon="13.373481">
      </trkpt>
      <trkpt lat="50.472339" lon="13.372714">
      </trkpt>
      <trkpt lat="50.472549" lon="13.372199">
      </trkpt>
      <trkpt lat="50.472808" lon="13.3714">
      </trkpt>
      <trkpt lat="50.472968" lon="13.370682">
      </trkpt>
      <trkpt lat="50.473041" lon="13.370193">
      </trkpt>
      <trkpt lat="50.473093" lon="13.369694">
      </trkpt>
      <trkpt lat="50.473126" lon="13.369097">
      </trkpt>
      <trkpt lat="50.473124" lon="13.368579">
      </trkpt>
      <trkpt lat="50.473096" lon="13.368068">
      </trkpt>
      <trkpt lat="50.47462" lon="13.360649">
      </trkpt>
      <trkpt lat="50.476906" lon="13.358">
      </trkpt>
      <trkpt lat="50.477546" lon="13.352827">
      </trkpt>
      <trkpt lat="50.477746" lon="13.352076">
      </trkpt>
      <trkpt lat="50.47794" lon="13.351192">
      </trkpt>
      <trkpt lat="50.478323" lon="13.349067">
      </trkpt>
      <trkpt lat="50.478496" lon="13.347498">
      </trkpt>
      <trkpt lat="50.484493" lon="13.342096">
      </trkpt>
      <trkpt lat="50.484056" lon="13.335855">
      </trkpt>
      <trkpt lat="50.483878" lon="13.334105">
      </trkpt>
      <trkpt lat="50.483577" lon="13.331727">
      </trkpt>
      <trkpt lat="50.483798" lon="13.324763">
      </trkpt>
      <trkpt lat="50.484295" lon="13.322667">
      </trkpt>
      <trkpt lat="50.484993" lon="13.319759">
      </trkpt>
      <trkpt lat="50.485693" lon="13.316846">
      </trkpt>
      <trkpt lat="50.485316" lon="13.314118">
      </trkpt>
      <trkpt lat="50.485322" lon="13.313566">
      </trkpt>
      <trkpt lat="50.485319" lon="13.31318">
      </trkpt>
      <trkpt lat="50.485272" lon="13.312234">
      </trkpt>
      <trkpt lat="50.485104" lon="13.310575">
      </trkpt>
      <trkpt lat="50.484918" lon="13.308776">
      </trkpt>
      <trkpt lat="50.493849" lon="13.308291">
      </trkpt>
      <trkpt lat="50.494109" lon="13.308863">
      </trkpt>
      <trkpt lat="50.494698" lon="13.309796">
      </trkpt>
      <trkpt lat="50.4954" lon="13.310421">
      </trkpt>
      <trkpt lat="50.496426" lon="13.310709">
      </trkpt>
      <trkpt lat="50.49658" lon="13.310707">
      </trkpt>
      <trkpt lat="50.497475" lon="13.307505">
      </trkpt>
      <trkpt lat="50.497209" lon="13.306338">
      </trkpt>
      <trkpt lat="50.497066" lon="13.305576">
      </trkpt>
      <trkpt lat="50.496903" lon="13.304232">
      </trkpt>
      <trkpt lat="50.496873" lon="13.30385">
      </trkpt>
      <trkpt lat="50.496189" lon="13.30179">
      </trkpt>
      <trkpt lat="50.500596" lon="13.295414">
      </trkpt>
      <trkpt lat="50.501889" lon="13.295107">
      </trkpt>
      <trkpt lat="50.503293" lon="13.294063">
      </trkpt>
      <trkpt lat="50.503982" lon="13.292974">
      </trkpt>
      <trkpt lat="50.506165" lon="13.286383">
      </trkpt>
      <trkpt lat="50.506269" lon="13.284769">
      </trkpt>
      <trkpt lat="50.505807" lon="13.280868">
      </trkpt>
      <trkpt lat="50.505725" lon="13.279427">
      </trkpt>
      <trkpt lat="50.505576" lon="13.278584">
      </trkpt>
      <trkpt lat="50.504411" lon="13.272236">
      </trkpt>
      <trkpt lat="50.505476" lon="13.263318">
      </trkpt>
      <trkpt lat="50.506412" lon="13.261273">
      </trkpt>
      <trkpt lat="50.511056" lon="13.254422">
      </trkpt>
      <trkpt lat="50.511785" lon="13.253907">
      </trkpt>
      <trkpt lat="50.515448" lon="13.252151">
      </trkpt>
      <trkpt lat="50.51663" lon="13.24875">
      </trkpt>
      <trkpt lat="50.521664" lon="13.241364">
      </trkpt>
      <trkpt lat="50.522043" lon="13.240972">
      </trkpt>
      <trkpt lat="50.521194" lon="13.238513">
      </trkpt>
      <trkpt lat="50.521066" lon="13.238447">
      </trkpt>
      <trkpt lat="50.519455" lon="13.23847">
      </trkpt>
      <trkpt lat="50.519076" lon="13.238862">
      </trkpt>
      <trkpt lat="50.516477" lon="13.241507">
      </trkpt>
      <trkpt lat="50.508494" lon="13.243165">
      </trkpt>
      <trkpt lat="50.505649" lon="13.245372">
      </trkpt>
      <trkpt lat="50.498987" lon="13.243751">
      </trkpt>
      <trkpt lat="50.498688" lon="13.243766">
      </trkpt>
      <trkpt lat="50.49685" lon="13.24525">
      </trkpt>
      <trkpt lat="50.488084" lon="13.244495">
      </trkpt>
      <trkpt lat="50.48786" lon="13.24394">
      </trkpt>
      <trkpt lat="50.487762" lon="13.243649">
      </trkpt>
      <trkpt lat="50.492696" lon="13.236378">
      </trkpt>
      <trkpt lat="50.493088" lon="13.235921">
      </trkpt>
      <trkpt lat="50.495496" lon="13.234116">
      </trkpt>
      <trkpt lat="50.494835" lon="13.233237">
      </trkpt>
      <trkpt lat="50.491645" lon="13.226344">
      </trkpt>
      <trkpt lat="50.491052" lon="13.224544">
      </trkpt>
      <trkpt lat="50.490483" lon="13.222818">
      </trkpt>
      <trkpt lat="50.48994" lon="13.220993">
      </trkpt>
      <trkpt lat="50.489478" lon="13.219601">
      </trkpt>
      <trkpt lat="50.493738" lon="13.212258">
      </trkpt>
      <trkpt lat="50.495593" lon="13.211044">
      </trkpt>
      <trkpt lat="50.496722" lon="13.209796">
      </trkpt>
      <trkpt lat="50.494544" lon="13.206929">
      </trkpt>
      <trkpt lat="50.490828" lon="13.200289">
      </trkpt>
      <trkpt lat="50.489971" lon="13.197607">
      </trkpt>
      <trkpt lat="50.48145" lon="13.196038">
      </trkpt>
      <trkpt lat="50.479473" lon="13.190197">
      </trkpt>
      <trkpt lat="50.479614" lon="13.188943">
      </trkpt>
      <trkpt lat="50.475914" lon="13.185625">
      </trkpt>
      <trkpt lat="50.473309" lon="13.18673">
      </trkpt>
      <trkpt lat="50.472677" lon="13.187201">
      </trkpt>
      <trkpt lat="50.472886" lon="13.187956">
      </trkpt>
      <trkpt lat="50.473261" lon="13.188399">
      </trkpt>
      <trkpt lat="50.469475" lon="13.196446">
      </trkpt>
      <trkpt lat="50.46781" lon="13.196929">
      </trkpt>
      <trkpt lat="50.466673" lon="13.197008">
      </trkpt>
      <trkpt lat="50.465492" lon="13.196963">
      </trkpt>
      <trkpt lat="50.463129" lon="13.197011">
      </trkpt>
      <trkpt lat="50.457883" lon="13.192115">
      </trkpt>
      <trkpt lat="50.45699" lon="13.189419">
      </trkpt>
      <trkpt lat="50.456302" lon="13.187287">
      </trkpt>
      <trkpt lat="50.45561" lon="13.185141">
      </trkpt>
      <trkpt lat="50.454917" lon="13.182995">
      </trkpt>
      <trkpt lat="50.454225" lon="13.180849">
      </trkpt>
      <trkpt lat="50.453712" lon="13.178627">
      </trkpt>
      <trkpt lat="50.453615" lon="13.177894">
      </trkpt>
      <trkpt lat="50.453791" lon="13.17219">
      </trkpt>
      <trkpt lat="50.453958" lon="13.171494">
      </trkpt>
      <trkpt lat="50.454437" lon="13.168327">
      </trkpt>
      <trkpt lat="50.454525" lon="13.167628">
      </trkpt>
      <trkpt lat="50.455275" lon="13.162616">
      </trkpt>
      <trkpt lat="50.455432" lon="13.161982">
      </trkpt>
      <trkpt lat="50.455549" lon="13.161233">
      </trkpt>
      <trkpt lat="50.455626" lon="13.16024">
      </trkpt>
      <trkpt lat="50.457234" lon="13.153268">
      </trkpt>
      <trkpt lat="50.458186" lon="13.151366">
      </trkpt>
      <trkpt lat="50.45833" lon="13.150923">
      </trkpt>
      <trkpt lat="50.458438" lon="13.150426">
      </trkpt>
      <trkpt lat="50.458523" lon="13.149568">
      </trkpt>
      <trkpt lat="50.458536" lon="13.148941">
      </trkpt>
      <trkpt lat="50.45852" lon="13.147892">
      </trkpt>
      <trkpt lat="50.45841" lon="13.144673">
      </trkpt>
      <trkpt lat="50.458302" lon="13.141486">
      </trkpt>
      <trkpt lat="50.461522" lon="13.13336">
      </trkpt>
      <trkpt lat="50.468243" lon="13.127618">
      </trkpt>
      <trkpt lat="50.46866" lon="13.127423">
      </trkpt>
      <trkpt lat="50.469108" lon="13.127148">
      </trkpt>
      <trkpt lat="50.469798" lon="13.126571">
      </trkpt>
      <trkpt lat="50.470531" lon="13.125716">
      </trkpt>
      <trkpt lat="50.47119" lon="13.124782">
      </trkpt>
      <trkpt lat="50.472451" lon="13.12294">
      </trkpt>
      <trkpt lat="50.473796" lon="13.120963">
      </trkpt>
      <trkpt lat="50.474161" lon="13.120309">
      </trkpt>
      <trkpt lat="50.474527" lon="13.119558">
      </trkpt>
      <trkpt lat="50.474869" lon="13.118629">
      </trkpt>
      <trkpt lat="50.483776" lon="13.11758">
      </trkpt>
      <trkpt lat="50.484157" lon="13.121562">
      </trkpt>
      <trkpt lat="50.48428" lon="13.122324">
      </trkpt>
      <trkpt lat="50.484456" lon="13.122972">
      </trkpt>
      <trkpt lat="50.485659" lon="13.126221">
      </trkpt>
      <trkpt lat="50.486523" lon="13.128586">
      </trkpt>
      <trkpt lat="50.486839" lon="13.129358">
      </trkpt>
      <trkpt lat="50.487359" lon="13.130311">
      </trkpt>
      <trkpt lat="50.488081" lon="13.131016">
      </trkpt>
      <trkpt lat="50.490679" lon="13.133884">
      </trkpt>
      <trkpt lat="50.493493" lon="13.135394">
      </trkpt>
      <trkpt lat="50.496587" lon="13.137379">
      </trkpt>
      <trkpt lat="50.499549" lon="13.139044">
      </trkpt>
      <trkpt lat="50.500031" lon="13.139307">
      </trkpt>
      <trkpt lat="50.501197" lon="13.139757">
      </trkpt>
      <trkpt lat="50.502255" lon="13.140222">
      </trkpt>
      <trkpt lat="50.504889" lon="13.13907">
      </trkpt>
      <trkpt lat="50.506515" lon="13.136479">
      </trkpt>
      <trkpt lat="50.505949" lon="13.135609">
      </trkpt>
      <trkpt lat="50.505489" lon="13.13491">
      </trkpt>
      <trkpt lat="50.504803" lon="13.134445">
      </trkpt>
      <trkpt lat="50.504008" lon="13.13409">
      </trkpt>
      <trkpt lat="50.503177" lon="13.133788">
      </trkpt>
      <trkpt lat="50.497269" lon="13.131274">
      </trkpt>
      <trkpt lat="50.494829" lon="13.128489">
      </trkpt>
      <trkpt lat="50.494539" lon="13.127977">
      </trkpt>
      <trkpt lat="50.494195" lon="13.127526">
      </trkpt>
      <trkpt lat="50.493798" lon="13.127166">
      </trkpt>
      <trkpt lat="50.489984" lon="13.120769">
      </trkpt>
      <trkpt lat="50.490257" lon="13.117002">
      </trkpt>
      <trkpt lat="50.494819" lon="13.11102">
      </trkpt>
      <trkpt lat="50.498351" lon="13.110323">
      </trkpt>
      <trkpt lat="50.502785" lon="13.105392">
      </trkpt>
      <trkpt lat="50.508311" lon="13.109384">
      </trkpt>
      <trkpt lat="50.508603" lon="13.111122">
      </trkpt>
      <trkpt lat="50.508933" lon="13.113475">
      </trkpt>
      <trkpt lat="50.509081" lon="13.114253">
      </trkpt>
      <trkpt lat="50.509277" lon="13.114878">
      </trkpt>
      <trkpt lat="50.509549" lon="13.115401">
      </trkpt>
      <trkpt lat="50.509855" lon="13.115826">
      </trkpt>
      <trkpt lat="50.511023" lon="13.117289">
      </trkpt>
      <trkpt lat="50.512648" lon="13.120438">
      </trkpt>
      <trkpt lat="50.513152" lon="13.122078">
      </trkpt>
      <trkpt lat="50.513479" lon="13.122916">
      </trkpt>
      <trkpt lat="50.513776" lon="13.12343">
      </trkpt>
      <trkpt lat="50.514736" lon="13.124752">
      </trkpt>
      <trkpt lat="50.514839" lon="13.124938">
      </trkpt>
      <trkpt lat="50.515075" lon="13.133241">
      </trkpt>
      <trkpt lat="50.517049" lon="13.136251">
      </trkpt>
      <trkpt lat="50.521946" lon="13.138887">
      </trkpt>
      <trkpt lat="50.523097" lon="13.138967">
      </trkpt>
      <trkpt lat="50.526182" lon="13.139114">
      </trkpt>
      <trkpt lat="50.530639" lon="13.139404">
      </trkpt>
      <trkpt lat="50.530985" lon="13.139248">
      </trkpt>
      <trkpt lat="50.531335" lon="13.139052">
      </trkpt>
      <trkpt lat="50.531676" lon="13.138764">
      </trkpt>
      <trkpt lat="50.53206" lon="13.138226">
      </trkpt>
      <trkpt lat="50.532293" lon="13.137434">
      </trkpt>
      <trkpt lat="50.532298" lon="13.13686">
      </trkpt>
      <trkpt lat="50.53586" lon="13.132148">
      </trkpt>
      <trkpt lat="50.541346" lon="13.137035">
      </trkpt>
      <trkpt lat="50.541338" lon="13.13841">
      </trkpt>
      <trkpt lat="50.544274" lon="13.144723">
      </trkpt>
      <trkpt lat="50.54584" lon="13.145164">
      </trkpt>
      <trkpt lat="50.553812" lon="13.149134">
      </trkpt>
      <trkpt lat="50.554218" lon="13.149893">
      </trkpt>
      <trkpt lat="50.555211" lon="13.151885">
      </trkpt>
      <trkpt lat="50.555613" lon="13.152288">
      </trkpt>
      <trkpt lat="50.557682" lon="13.154224">
      </trkpt>
      <trkpt lat="50.557858" lon="13.15439">
      </trkpt>
      <trkpt lat="50.559719" lon="13.152958">
      </trkpt>
      <trkpt lat="50.560196" lon="13.152243">
      </trkpt>
      <trkpt lat="50.559063" lon="13.149272">
      </trkpt>
      <trkpt lat="50.558849" lon="13.148904">
      </trkpt>
      <trkpt lat="50.55653" lon="13.146124">
      </trkpt>
      <trkpt lat="50.555977" lon="13.140361">
      </trkpt>
      <trkpt lat="50.55601" lon="13.139959">
      </trkpt>
      <trkpt lat="50.555961" lon="13.13907">
      </trkpt>
      <trkpt lat="50.555817" lon="13.138393">
      </trkpt>
      <trkpt lat="50.555336" lon="13.137592">
      </trkpt>
      <trkpt lat="50.554469" lon="13.136769">
      </trkpt>
      <trkpt lat="50.55108" lon="13.133848">
      </trkpt>
      <trkpt lat="50.550068" lon="13.132502">
      </trkpt>
      <trkpt lat="50.553334" lon="13.124419">
      </trkpt>
      <trkpt lat="50.554824" lon="13.121919">
      </trkpt>
      <trkpt lat="50.556041" lon="13.119496">
      </trkpt>
      <trkpt lat="50.555802" lon="13.117837">
      </trkpt>
      <trkpt lat="50.555671" lon="13.11713">
      </trkpt>
      <trkpt lat="50.555227" lon="13.115566">
      </trkpt>
      <trkpt lat="50.55151" lon="13.113412">
      </trkpt>
      <trkpt lat="50.550961" lon="13.112871">
      </trkpt>
      <trkpt lat="50.547235" lon="13.107164">
      </trkpt>
      <trkpt lat="50.550754" lon="13.099668">
      </trkpt>
      <trkpt lat="50.55405" lon="13.098962">
      </trkpt>
      <trkpt lat="50.554546" lon="13.098857">
      </trkpt>
      <trkpt lat="50.556443" lon="13.098597">
      </trkpt>
      <trkpt lat="50.56087" lon="13.09825">
      </trkpt>
      <trkpt lat="50.563615" lon="13.097974">
      </trkpt>
      <trkpt lat="50.563823" lon="13.097933">
      </trkpt>
      <trkpt lat="50.564416" lon="13.097669">
      </trkpt>
      <trkpt lat="50.572419" lon="13.094703">
      </trkpt>
      <trkpt lat="50.574441" lon="13.094214">
      </trkpt>
      <trkpt lat="50.574999" lon="13.093328">
      </trkpt>
      <trkpt lat="50.576361" lon="13.090293">
      </trkpt>
      <trkpt lat="50.576787" lon="13.087318">
      </trkpt>
      <trkpt lat="50.576731" lon="13.086712">
      </trkpt>
      <trkpt lat="50.578319" lon="13.078244">
      </trkpt>
      <trkpt lat="50.579131" lon="13.077844">
      </trkpt>
      <trkpt lat="50.57937" lon="13.077677">
      </trkpt>
      <trkpt lat="50.580611" lon="13.075797">
      </trkpt>
      <trkpt lat="50.580655" lon="13.074393">
      </trkpt>
      <trkpt lat="50.580204" lon="13.072628">
      </trkpt>
      <trkpt lat="50.579416" lon="13.065419">
      </trkpt>
      <trkpt lat="50.576658" lon="13.063106">
      </trkpt>
      <trkpt lat="50.578174" lon="13.054425">
      </trkpt>
      <trkpt lat="50.578524" lon="13.054157">
      </trkpt>
      <trkpt lat="50.580022" lon="13.052769">
      </trkpt>
      <trkpt lat="50.582663" lon="13.051087">
      </trkpt>
      <trkpt lat="50.586806" lon="13.049406">
      </trkpt>
      <trkpt lat="50.591616" lon="13.049374">
      </trkpt>
      <trkpt lat="50.59216" lon="13.047425">
      </trkpt>
      <trkpt lat="50.590418" lon="13.044243">
      </trkpt>
      <trkpt lat="50.589047" lon="13.035758">
      </trkpt>
      <trkpt lat="50.589611" lon="13.034366">
      </trkpt>
      <trkpt lat="50.589739" lon="13.033909">
      </trkpt>
      <trkpt lat="50.589966" lon="13.032723">
      </trkpt>
      <trkpt lat="50.589923" lon="13.032504">
      </trkpt>
      <trkpt lat="50.589124" lon="13.027324">
      </trkpt>
      <trkpt lat="50.590916" lon="13.020514">
      </trkpt>
      <trkpt lat="50.59544" lon="13.017214">
      </trkpt>
      <trkpt lat="50.595509" lon="13.016988">
      </trkpt>
      <trkpt lat="50.595121" lon="13.015507">
      </trkpt>
      <trkpt lat="50.594498" lon="13.007582">
      </trkpt>
      <trkpt lat="50.593518" lon="13.006338">
      </trkpt>
      <trkpt lat="50.593337" lon="13.006252">
      </trkpt>
      <trkpt lat="50.593121" lon="13.006167">
      </trkpt>
      <trkpt lat="50.592998" lon="13.006127">
      </trkpt>
      <trkpt lat="50.58631" lon="13.003781">
      </trkpt>
      <trkpt lat="50.585051" lon="12.998798">
      </trkpt>
      <trkpt lat="50.584569" lon="12.996988">
      </trkpt>
      <trkpt lat="50.583689" lon="12.993507">
      </trkpt>
      <trkpt lat="50.581047" lon="12.991869">
      </trkpt>
      <trkpt lat="50.580995" lon="12.991885">
      </trkpt>
      <trkpt lat="50.576514" lon="12.992605">
      </trkpt>
      <trkpt lat="50.569619" lon="12.988582">
      </trkpt>
      <trkpt lat="50.567441" lon="12.981933">
      </trkpt>
      <trkpt lat="50.56645" lon="12.980976">
      </trkpt>
      <trkpt lat="50.565631" lon="12.980126">
      </trkpt>
      <trkpt lat="50.56403" lon="12.980384">
      </trkpt>
      <trkpt lat="50.562856" lon="12.98049">
      </trkpt>
      <trkpt lat="50.557635" lon="12.973861">
      </trkpt>
      <trkpt lat="50.557857" lon="12.972726">
      </trkpt>
      <trkpt lat="50.558283" lon="12.970498">
      </trkpt>
      <trkpt lat="50.56557" lon="12.967664">
      </trkpt>
      <trkpt lat="50.568957" lon="12.966445">
      </trkpt>
      <trkpt lat="50.568528" lon="12.965252">
      </trkpt>
      <trkpt lat="50.567736" lon="12.961634">
      </trkpt>
      <trkpt lat="50.567654" lon="12.961051">
      </trkpt>
      <trkpt lat="50.567323" lon="12.959866">
      </trkpt>
      <trkpt lat="50.570026" lon="12.95204">
      </trkpt>
      <trkpt lat="50.570245" lon="12.951828">
      </trkpt>
      <trkpt lat="50.570348" lon="12.950932">
      </trkpt>
      <trkpt lat="50.570318" lon="12.950758">
      </trkpt>
      <trkpt lat="50.567746" lon="12.949237">
      </trkpt>
      <trkpt lat="50.562703" lon="12.941965">
      </trkpt>
      <trkpt lat="50.563052" lon="12.941189">
      </trkpt>
      <trkpt lat="50.55977" lon="12.93971">
      </trkpt>
      <trkpt lat="50.554661" lon="12.936857">
      </trkpt>
      <trkpt lat="50.549213" lon="12.93259">
      </trkpt>
      <trkpt lat="50.548955" lon="12.930653">
      </trkpt>
      <trkpt lat="50.554031" lon="12.92488">
      </trkpt>
      <trkpt lat="50.554162" lon="12.924477">
      </trkpt>
      <trkpt lat="50.554366" lon="12.923673">
      </trkpt>
      <trkpt lat="50.556502" lon="12.919342">
      </trkpt>
      <trkpt lat="50.561365" lon="12.915739">
      </trkpt>
      <trkpt lat="50.561496" lon="12.915632">
      </trkpt>
      <trkpt lat="50.561718" lon="12.915107">
      </trkpt>
      <trkpt lat="50.56221" lon="12.913954">
      </trkpt>
      <trkpt lat="50.563988" lon="12.9074">
      </trkpt>
      <trkpt lat="50.564585" lon="12.902491">
      </trkpt>
      <trkpt lat="50.565891" lon="12.899136">
      </trkpt>
      <trkpt lat="50.569778" lon="12.894303">
      </trkpt>
      <trkpt lat="50.571718" lon="12.891605">
      </trkpt>
      <trkpt lat="50.571106" lon="12.88495">
      </trkpt>
      <trkpt lat="50.567999" lon="12.883132">
      </trkpt>
      <trkpt lat="50.563804" lon="12.887026">
      </trkpt>
      <trkpt lat="50.560778" lon="12.895333">
      </trkpt>
      <trkpt lat="50.559679" lon="12.897443">
      </trkpt>
      <trkpt lat="50.558581" lon="12.899553">
      </trkpt>
      <trkpt lat="50.551836" lon="12.901909">
      </trkpt>
      <trkpt lat="50.54794" lon="12.894629">
      </trkpt>
      <trkpt lat="50.552061" lon="12.891287">
      </trkpt>
      <trkpt lat="50.553113" lon="12.89022">
      </trkpt>
      <trkpt lat="50.551468" lon="12.887019">
      </trkpt>
      <trkpt lat="50.543356" lon="12.883131">
      </trkpt>
      <trkpt lat="50.543446" lon="12.881271">
      </trkpt>
      <trkpt lat="50.543801" lon="12.877714">
      </trkpt>
      <trkpt lat="50.543906" lon="12.877064">
      </trkpt>
      <trkpt lat="50.543906" lon="12.876832">
      </trkpt>
      <trkpt lat="50.543872" lon="12.876335">
      </trkpt>
      <trkpt lat="50.543867" lon="12.876256">
      </trkpt>
      <trkpt lat="50.543798" lon="12.876144">
      </trkpt>
      <trkpt lat="50.542335" lon="12.874649">
      </trkpt>
      <trkpt lat="50.538117" lon="12.870335">
      </trkpt>
      <trkpt lat="50.537931" lon="12.869982">
      </trkpt>
      <trkpt lat="50.537297" lon="12.868951">
      </trkpt>
      <trkpt lat="50.538635" lon="12.860657">
      </trkpt>
      <trkpt lat="50.538369" lon="12.857358">
      </trkpt>
      <trkpt lat="50.535479" lon="12.851098">
      </trkpt>
      <trkpt lat="50.535481" lon="12.850719">
      </trkpt>
      <trkpt lat="50.535438" lon="12.850032">
      </trkpt>
      <trkpt lat="50.535633" lon="12.847387">
      </trkpt>
      <trkpt lat="50.535779" lon="12.844244">
      </trkpt>
      <trkpt lat="50.543444" lon="12.84053">
      </trkpt>
      <trkpt lat="50.545357" lon="12.843155">
      </trkpt>
      <trkpt lat="50.548726" lon="12.841885">
      </trkpt>
      <trkpt lat="50.548449" lon="12.837096">
      </trkpt>
      <trkpt lat="50.548432" lon="12.836876">
      </trkpt>
      <trkpt lat="50.545636" lon="12.83269">
      </trkpt>
      <trkpt lat="50.544508" lon="12.828153">
      </trkpt>
      <trkpt lat="50.544465" lon="12.828105">
      </trkpt>
      <trkpt lat="50.539041" lon="12.82294">
      </trkpt>
      <trkpt lat="50.533771" lon="12.817642">
      </trkpt>
      <trkpt lat="50.533443" lon="12.811846">
      </trkpt>
      <trkpt lat="50.539222" lon="12.806551">
      </trkpt>
      <trkpt lat="50.542773" lon="12.805959">
      </trkpt>
      <trkpt lat="50.54355" lon="12.799654">
      </trkpt>
      <trkpt lat="50.545613" lon="12.796116">
      </trkpt>
      <trkpt lat="50.547204" lon="12.792762">
      </trkpt>
      <trkpt lat="50.547393" lon="12.790314">
      </trkpt>
      <trkpt lat="50.547372" lon="12.789574">
      </trkpt>
      <trkpt lat="50.547157" lon="12.787465">
      </trkpt>
      <trkpt lat="50.546904" lon="12.786016">
      </trkpt>
      <trkpt lat="50.545795" lon="12.784296">
      </trkpt>
      <trkpt lat="50.545992" lon="12.776538">
      </trkpt>
      <trkpt lat="50.546054" lon="12.776257">
      </trkpt>
      <trkpt lat="50.550036" lon="12.768655">
      </trkpt>
      <trkpt lat="50.550265" lon="12.768235">
      </trkpt>
      <trkpt lat="50.550141" lon="12.767163">
      </trkpt>
      <trkpt lat="50.550047" lon="12.76687">
      </trkpt>
      <trkpt lat="50.549769" lon="12.766586">
      </trkpt>
      <trkpt lat="50.547104" lon="12.766511">
      </trkpt>
      <trkpt lat="50.545913" lon="12.767922">
      </trkpt>
      <trkpt lat="50.538039" lon="12.765013">
      </trkpt>
      <trkpt lat="50.537837" lon="12.764091">
      </trkpt>
      <trkpt lat="50.537789" lon="12.763306">
      </trkpt>
      <trkpt lat="50.540358" lon="12.757701">
      </trkpt>
      <trkpt lat="50.540618" lon="12.754111">
      </trkpt>
      <trkpt lat="50.536014" lon="12.752611">
      </trkpt>
      <trkpt lat="50.532471" lon="12.753251">
      </trkpt>
      <trkpt lat="50.526924" lon="12.749789">
      </trkpt>
      <trkpt lat="50.52821" lon="12.741098">
      </trkpt>
      <trkpt lat="50.529375" lon="12.740314">
      </trkpt>
      <trkpt lat="50.533295" lon="12.739281">
      </trkpt>
      <trkpt lat="50.533936" lon="12.73915">
      </trkpt>
      <trkpt lat="50.534673" lon="12.738855">
      </trkpt>
      <trkpt lat="50.536016" lon="12.738241">
      </trkpt>
      <trkpt lat="50.537107" lon="12.737693">
      </trkpt>
      <trkpt lat="50.535492" lon="12.734476">
      </trkpt>
      <trkpt lat="50.533192" lon="12.728341">
      </trkpt>
      <trkpt lat="50.531646" lon="12.727228">
      </trkpt>
      <trkpt lat="50.527286" lon="12.720268">
      </trkpt>
      <trkpt lat="50.530869" lon="12.714234">
      </trkpt>
      <trkpt lat="50.533944" lon="12.712363">
      </trkpt>
      <trkpt lat="50.534936" lon="12.704824">
      </trkpt>
      <trkpt lat="50.536909" lon="12.697945">
      </trkpt>
      <trkpt lat="50.53676" lon="12.694016">
      </trkpt>
      <trkpt lat="50.535739" lon="12.691735">
      </trkpt>
      <trkpt lat="50.53571" lon="12.691723">
      </trkpt>
      <trkpt lat="50.533493" lon="12.692503">
      </trkpt>
      <trkpt lat="50.533427" lon="12.692645">
      </trkpt>
      <trkpt lat="50.532318" lon="12.69549">
      </trkpt>
      <trkpt lat="50.52881" lon="12.702794">
      </trkpt>
      <trkpt lat="50.527387" lon="12.704134">
      </trkpt>
      <trkpt lat="50.525987" lon="12.705452">
      </trkpt>
      <trkpt lat="50.524677" lon="12.706677">
      </trkpt>
      <trkpt lat="50.517066" lon="12.703732">
      </trkpt>
      <trkpt lat="50.515512" lon="12.700485">
      </trkpt>
      <trkpt lat="50.50869" lon="12.695122">
      </trkpt>
      <trkpt lat="50.509704" lon="12.69155">
      </trkpt>
      <trkpt lat="50.509643" lon="12.68795">
      </trkpt>
      <trkpt lat="50.507182" lon="12.680436">
      </trkpt>
      <trkpt lat="50.507974" lon="12.6778">
      </trkpt>
      <trkpt lat="50.508827" lon="12.674423">
      </trkpt>
      <trkpt lat="50.508754" lon="12.673949">
      </trkpt>
      <trkpt lat="50.508691" lon="12.673702">
      </trkpt>
      <trkpt lat="50.508131" lon="12.671785">
      </trkpt>
      <trkpt lat="50.504675" lon="12.672793">
      </trkpt>
      <trkpt lat="50.504526" lon="12.676765">
      </trkpt>
      <trkpt lat="50.503734" lon="12.679401">
      </trkpt>
      <trkpt lat="50.503576" lon="12.680088">
      </trkpt>
      <trkpt lat="50.503409" lon="12.683035">
      </trkpt>
      <trkpt lat="50.503283" lon="12.685674">
      </trkpt>
      <trkpt lat="50.503095" lon="12.689944">
      </trkpt>
      <trkpt lat="50.502908" lon="12.694207">
      </trkpt>
      <trkpt lat="50.49558" lon="12.698539">
      </trkpt>
      <trkpt lat="50.494729" lon="12.697981">
      </trkpt>
      <trkpt lat="50.492213" lon="12.69268">
      </trkpt>
      <trkpt lat="50.492132" lon="12.690659">
      </trkpt>
      <trkpt lat="50.492042" lon="12.688911">
      </trkpt>
      <trkpt lat="50.492059" lon="12.688707">
      </trkpt>
      <trkpt lat="50.492582" lon="12.68599">
      </trkpt>
      <trkpt lat="50.493042" lon="12.683498">
      </trkpt>
      <trkpt lat="50.491041" lon="12.676016">
      </trkpt>
      <trkpt lat="50.491095" lon="12.675126">
      </trkpt>
      <trkpt lat="50.491402" lon="12.673665">
      </trkpt>
      <trkpt lat="50.492742" lon="12.670608">
      </trkpt>
      <trkpt lat="50.49304" lon="12.669599">
      </trkpt>
      <trkpt lat="50.493088" lon="12.668844">
      </trkpt>
      <trkpt lat="50.49463" lon="12.663245">
      </trkpt>
      <trkpt lat="50.494973" lon="12.662737">
      </trkpt>
      <trkpt lat="50.495157" lon="12.662311">
      </trkpt>
      <trkpt lat="50.49539" lon="12.661546">
      </trkpt>
      <trkpt lat="50.497771" lon="12.65711">
      </trkpt>
      <trkpt lat="50.498603" lon="12.656148">
      </trkpt>
      <trkpt lat="50.498696" lon="12.656023">
      </trkpt>
      <trkpt lat="50.500671" lon="12.653022">
      </trkpt>
      <trkpt lat="50.500833" lon="12.652769">
      </trkpt>
      <trkpt lat="50.500678" lon="12.651088">
      </trkpt>
      <trkpt lat="50.500629" lon="12.651019">
      </trkpt>
      <trkpt lat="50.497711" lon="12.647192">
      </trkpt>
      <trkpt lat="50.490216" lon="12.64248">
      </trkpt>
      <trkpt lat="50.493194" lon="12.635005">
      </trkpt>
      <trkpt lat="50.494149" lon="12.634478">
      </trkpt>
      <trkpt lat="50.499355" lon="12.633714">
      </trkpt>
      <trkpt lat="50.502636" lon="12.635197">
      </trkpt>
      <trkpt lat="50.506146" lon="12.640364">
      </trkpt>
      <trkpt lat="50.508113" lon="12.64338">
      </trkpt>
      <trkpt lat="50.508692" lon="12.643386">
      </trkpt>
      <trkpt lat="50.509485" lon="12.643396">
      </trkpt>
      <trkpt lat="50.509948" lon="12.643097">
      </trkpt>
      <trkpt lat="50.512126" lon="12.641891">
      </trkpt>
      <trkpt lat="50.51257" lon="12.64168">
      </trkpt>
      <trkpt lat="50.512975" lon="12.641378">
      </trkpt>
      <trkpt lat="50.513282" lon="12.64106">
      </trkpt>
      <trkpt lat="50.521744" lon="12.641299">
      </trkpt>
      <trkpt lat="50.522249" lon="12.642058">
      </trkpt>
      <trkpt lat="50.522503" lon="12.642352">
      </trkpt>
      <trkpt lat="50.5229" lon="12.642711">
      </trkpt>
      <trkpt lat="50.526412" lon="12.647262">
      </trkpt>
      <trkpt lat="50.526942" lon="12.648133">
      </trkpt>
      <trkpt lat="50.527161" lon="12.648508">
      </trkpt>
      <trkpt lat="50.529182" lon="12.648361">
      </trkpt>
      <trkpt lat="50.530271" lon="12.646696">
      </trkpt>
      <trkpt lat="50.528958" lon="12.64313">
      </trkpt>
      <trkpt lat="50.528822" lon="12.642773">
      </trkpt>
      <trkpt lat="50.528644" lon="12.642405">
      </trkpt>
      <trkpt lat="50.528491" lon="12.642131">
      </trkpt>
      <trkpt lat="50.528116" lon="12.641602">
      </trkpt>
      <trkpt lat="50.527693" lon="12.641142">
      </trkpt>
      <trkpt lat="50.527135" lon="12.640696">
      </trkpt>
      <trkpt lat="50.524391" lon="12.637446">
      </trkpt>
      <trkpt lat="50.522827" lon="12.633369">
      </trkpt>
      <trkpt lat="50.520546" lon="12.630584">
      </trkpt>
      <trkpt lat="50.519553" lon="12.622803">
      </trkpt>
      <trkpt lat="50.527616" lon="12.624229">
      </trkpt>
      <trkpt lat="50.528562" lon="12.624135">
      </trkpt>
      <trkpt lat="50.530256" lon="12.623795">
      </trkpt>
      <trkpt lat="50.538013" lon="12.624427">
      </trkpt>
      <trkpt lat="50.538389" lon="12.624406">
      </trkpt>
      <trkpt lat="50.539573" lon="12.623954">
      </trkpt>
      <trkpt lat="50.541478" lon="12.622732">
      </trkpt>
      <trkpt lat="50.541502" lon="12.622245">
      </trkpt>
      <trkpt lat="50.539942" lon="12.620373">
      </trkpt>
      <trkpt lat="50.538823" lon="12.618903">
      </trkpt>
      <trkpt lat="50.535264" lon="12.618753">
      </trkpt>
      <trkpt lat="50.534647" lon="12.61876">
      </trkpt>
      <trkpt lat="50.533976" lon="12.618842">
      </trkpt>
      <trkpt lat="50.527066" lon="12.613599">
      </trkpt>
      <trkpt lat="50.530371" lon="12.607921">
      </trkpt>
      <trkpt lat="50.530834" lon="12.607619">
      </trkpt>
      <trkpt lat="50.532273" lon="12.606664">
      </trkpt>
      <trkpt lat="50.535635" lon="12.604174">
      </trkpt>
      <trkpt lat="50.538471" lon="12.603554">
      </trkpt>
      <trkpt lat="50.540865" lon="12.60205">
      </trkpt>
      <trkpt lat="50.544146" lon="12.594794">
      </trkpt>
      <trkpt lat="50.547076" lon="12.592081">
      </trkpt>
      <trkpt lat="50.545946" lon="12.588663">
      </trkpt>
      <trkpt lat="50.544303" lon="12.589206">
      </trkpt>
      <trkpt lat="50.543919" lon="12.589365">
      </trkpt>
      <trkpt lat="50.543398" lon="12.589684">
      </trkpt>
      <trkpt lat="50.536183" lon="12.592805">
      </trkpt>
      <trkpt lat="50.532154" lon="12.593978">
      </trkpt>
      <trkpt lat="50.531881" lon="12.594569">
      </trkpt>
      <trkpt lat="50.531786" lon="12.594952">
      </trkpt>
      <trkpt lat="50.531748" lon="12.595264">
      </trkpt>
      <trkpt lat="50.531198" lon="12.597792">
      </trkpt>
      <trkpt lat="50.526254" lon="12.602576">
      </trkpt>
      <trkpt lat="50.521886" lon="12.601601">
      </trkpt>
      <trkpt lat="50.519155" lon="12.597946">
      </trkpt>
      <trkpt lat="50.517193" lon="12.594927">
      </trkpt>
      <trkpt lat="50.509116" lon="12.592003">
      </trkpt>
      <trkpt lat="50.50668" lon="12.588089">
      </trkpt>
      <trkpt lat="50.504315" lon="12.579623">
      </trkpt>
      <trkpt lat="50.505676" lon="12.574689">
      </trkpt>
      <trkpt lat="50.505426" lon="12.574179">
      </trkpt>
      <trkpt lat="50.504496" lon="12.568197">
      </trkpt>
      <trkpt lat="50.506137" lon="12.564491">
      </trkpt>
      <trkpt lat="50.509232" lon="12.557987">
      </trkpt>
      <trkpt lat="50.509514" lon="12.55732">
      </trkpt>
      <trkpt lat="50.509626" lon="12.556787">
      </trkpt>
      <trkpt lat="50.509916" lon="12.55548">
      </trkpt>
      <trkpt lat="50.50998" lon="12.555111">
      </trkpt>
      <trkpt lat="50.510008" lon="12.554724">
      </trkpt>
      <trkpt lat="50.509975" lon="12.553513">
      </trkpt>
      <trkpt lat="50.509859" lon="12.550824">
      </trkpt>
      <trkpt lat="50.509774" lon="12.550261">
      </trkpt>
      <trkpt lat="50.509675" lon="12.549897">
      </trkpt>
      <trkpt lat="50.509575" lon="12.549622">
      </trkpt>
      <trkpt lat="50.509384" lon="12.541032">
      </trkpt>
      <trkpt lat="50.512155" lon="12.536078">
      </trkpt>
      <trkpt lat="50.512721" lon="12.534789">
      </trkpt>
      <trkpt lat="50.509612" lon="12.532975">
      </trkpt>
      <trkpt lat="50.504864" lon="12.533376">
      </trkpt>
      <trkpt lat="50.501363" lon="12.534218">
      </trkpt>
      <trkpt lat="50.501589" lon="12.535156">
      </trkpt>
      <trkpt lat="50.501779" lon="12.536403">
      </trkpt>
      <trkpt lat="50.50237" lon="12.53765">
      </trkpt>
      <trkpt lat="50.502595" lon="12.538152">
      </trkpt>
      <trkpt lat="50.503013" lon="12.539836">
      </trkpt>
      <trkpt lat="50.496693" lon="12.545584">
      </trkpt>
      <trkpt lat="50.494957" lon="12.547346">
      </trkpt>
      <trkpt lat="50.494049" lon="12.548808">
      </trkpt>
      <trkpt lat="50.492256" lon="12.551329">
      </trkpt>
      <trkpt lat="50.493826" lon="12.554802">
      </trkpt>
      <trkpt lat="50.495271" lon="12.556548">
      </trkpt>
      <trkpt lat="50.495767" lon="12.556992">
      </trkpt>
      <trkpt lat="50.500115" lon="12.564048">
      </trkpt>
      <trkpt lat="50.500181" lon="12.564885">
      </trkpt>
      <trkpt lat="50.500298" lon="12.565653">
      </trkpt>
      <trkpt lat="50.50047" lon="12.569555">
      </trkpt>
      <trkpt lat="50.500367" lon="12.570332">
      </trkpt>
      <trkpt lat="50.500335" lon="12.570844">
      </trkpt>
      <trkpt lat="50.500331" lon="12.57138">
      </trkpt>
      <trkpt lat="50.500366" lon="12.571993">
      </trkpt>
      <trkpt lat="50.500474" lon="12.572728">
      </trkpt>
      <trkpt lat="50.491994" lon="12.575515">
      </trkpt>
      <trkpt lat="50.4916" lon="12.575266">
      </trkpt>
      <trkpt lat="50.490983" lon="12.57498">
      </trkpt>
      <trkpt lat="50.489702" lon="12.574658">
      </trkpt>
      <trkpt lat="50.488796" lon="12.574752">
      </trkpt>
      <trkpt lat="50.487324" lon="12.575037">
      </trkpt>
      <trkpt lat="50.486195" lon="12.576685">
      </trkpt>
      <trkpt lat="50.486057" lon="12.579856">
      </trkpt>
      <trkpt lat="50.491477" lon="12.586543">
      </trkpt>
      <trkpt lat="50.488535" lon="12.588567">
      </trkpt>
      <trkpt lat="50.484475" lon="12.591998">
      </trkpt>
      <trkpt lat="50.483655" lon="12.592265">
      </trkpt>
      <trkpt lat="50.483323" lon="12.592482">
      </trkpt>
      <trkpt lat="50.483966" lon="12.59653">
      </trkpt>
      <trkpt lat="50.483684" lon="12.597634">
      </trkpt>
      <trkpt lat="50.480517" lon="12.601332">
      </trkpt>
      <trkpt lat="50.479261" lon="12.602422">
      </trkpt>
      <trkpt lat="50.477727" lon="12.604079">
      </trkpt>
      <trkpt lat="50.476308" lon="12.605209">
      </trkpt>
      <trkpt lat="50.475936" lon="12.605492">
      </trkpt>
      <trkpt lat="50.472986" lon="12.606725">
      </trkpt>
      <trkpt lat="50.472784" lon="12.607117">
      </trkpt>
      <trkpt lat="50.472277" lon="12.608066">
      </trkpt>
      <trkpt lat="50.471914" lon="12.609007">
      </trkpt>
      <trkpt lat="50.467082" lon="12.614278">
      </trkpt>
      <trkpt lat="50.461398" lon="12.609427">
      </trkpt>
      <trkpt lat="50.461352" lon="12.607197">
      </trkpt>
      <trkpt lat="50.461267" lon="12.604167">
      </trkpt>
      <trkpt lat="50.464657" lon="12.598115">
      </trkpt>
      <trkpt lat="50.467981" lon="12.597483">
      </trkpt>
      <trkpt lat="50.47018" lon="12.596701">
      </trkpt>
      <trkpt lat="50.472263" lon="12.593739">
      </trkpt>
      <trkpt lat="50.472442" lon="12.58735">
      </trkpt>
      <trkpt lat="50.473332" lon="12.58391">
      </trkpt>
      <trkpt lat="50.473326" lon="12.583892">
      </trkpt>
      <trkpt lat="50.469574" lon="12.577202">
      </trkpt>
      <trkpt lat="50.470445" lon="12.574855">
      </trkpt>
      <trkpt lat="50.471156" lon="12.572861">
      </trkpt>
      <trkpt lat="50.471836" lon="12.571623">
      </trkpt>
      <trkpt lat="50.472079" lon="12.571225">
      </trkpt>
      <trkpt lat="50.472505" lon="12.570591">
      </trkpt>
      <trkpt lat="50.473963" lon="12.568237">
      </trkpt>
      <trkpt lat="50.468395" lon="12.562233">
      </trkpt>
      <trkpt lat="50.467846" lon="12.561527">
      </trkpt>
      <trkpt lat="50.467288" lon="12.560796">
      </trkpt>
      <trkpt lat="50.466446" lon="12.559476">
      </trkpt>
      <trkpt lat="50.465932" lon="12.558446">
      </trkpt>
      <trkpt lat="50.465378" lon="12.557558">
      </trkpt>
      <trkpt lat="50.465039" lon="12.556973">
      </trkpt>
      <trkpt lat="50.464705" lon="12.556544">
      </trkpt>
      <trkpt lat="50.463891" lon="12.556015">
      </trkpt>
      <trkpt lat="50.463127" lon="12.555886">
      </trkpt>
      <trkpt lat="50.462518" lon="12.55595">
      </trkpt>
      <trkpt lat="50.455457" lon="12.551171">
      </trkpt>
      <trkpt lat="50.456608" lon="12.54786">
      </trkpt>
      <trkpt lat="50.457759" lon="12.544546">
      </trkpt>
      <trkpt lat="50.458491" lon="12.542423">
      </trkpt>
      <trkpt lat="50.461004" lon="12.538737">
      </trkpt>
      <trkpt lat="50.461422" lon="12.538067">
      </trkpt>
      <trkpt lat="50.461588" lon="12.5376">
      </trkpt>
      <trkpt lat="50.461747" lon="12.536774">
      </trkpt>
      <trkpt lat="50.462014" lon="12.535533">
      </trkpt>
      <trkpt lat="50.465708" lon="12.531223">
      </trkpt>
      <trkpt lat="50.469258" lon="12.530623">
      </trkpt>
      <trkpt lat="50.474542" lon="12.534882">
      </trkpt>
      <trkpt lat="50.474729" lon="12.535336">
      </trkpt>
      <trkpt lat="50.475269" lon="12.536067">
      </trkpt>
      <trkpt lat="50.479381" lon="12.543986">
      </trkpt>
      <trkpt lat="50.479507" lon="12.543994">
      </trkpt>
      <trkpt lat="50.479897" lon="12.543982">
      </trkpt>
      <trkpt lat="50.483143" lon="12.543495">
      </trkpt>
      <trkpt lat="50.484646" lon="12.542719">
      </trkpt>
      <trkpt lat="50.484841" lon="12.540716">
      </trkpt>
      <trkpt lat="50.484893" lon="12.53899">
      </trkpt>
      <trkpt lat="50.485595" lon="12.536273">
      </trkpt>
      <trkpt lat="50.486435" lon="12.534698">
      </trkpt>
      <trkpt lat="50.48636" lon="12.533565">
      </trkpt>
      <trkpt lat="50.486181" lon="12.532842">
      </trkpt>
      <trkpt lat="50.488261" lon="12.525152">
      </trkpt>
      <trkpt lat="50.489829" lon="12.524443">
      </trkpt>
      <trkpt lat="50.490069" lon="12.524138">
      </trkpt>
      <trkpt lat="50.489174" lon="12.52167">
      </trkpt>
      <trkpt lat="50.488807" lon="12.513946">
      </trkpt>
      <trkpt lat="50.492668" lon="12.51167">
      </trkpt>
      <trkpt lat="50.492618" lon="12.507954">
      </trkpt>
      <trkpt lat="50.491369" lon="12.504832">
      </trkpt>
      <trkpt lat="50.490988" lon="12.504075">
      </trkpt>
      <trkpt lat="50.489159" lon="12.500974">
      </trkpt>
      <trkpt lat="50.48348" lon="12.500778">
      </trkpt>
      <trkpt lat="50.47954" lon="12.499712">
      </trkpt>
      <trkpt lat="50.474472" lon="12.499533">
      </trkpt>
      <trkpt lat="50.4683" lon="12.493071">
      </trkpt>
      <trkpt lat="50.466439" lon="12.487633">
      </trkpt>
      <trkpt lat="50.466368" lon="12.487587">
      </trkpt>
      <trkpt lat="50.465788" lon="12.487341">
      </trkpt>
      <trkpt lat="50.464537" lon="12.487507">
      </trkpt>
      <trkpt lat="50.459883" lon="12.488154">
      </trkpt>
      <trkpt lat="50.457512" lon="12.490051">
      </trkpt>
      <trkpt lat="50.457504" lon="12.490267">
      </trkpt>
      <trkpt lat="50.457838" lon="12.491116">
      </trkpt>
      <trkpt lat="50.458044" lon="12.491258">
      </trkpt>
      <trkpt lat="50.463724" lon="12.497594">
      </trkpt>
      <trkpt lat="50.464094" lon="12.505328">
      </trkpt>
      <trkpt lat="50.463976" lon="12.505865">
      </trkpt>
      <trkpt lat="50.463916" lon="12.506361">
      </trkpt>
      <trkpt lat="50.463904" lon="12.506898">
      </trkpt>
      <trkpt lat="50.46392" lon="12.507202">
      </trkpt>
      <trkpt lat="50.464012" lon="12.507777">
      </trkpt>
      <trkpt lat="50.464153" lon="12.508281">
      </trkpt>
      <trkpt lat="50.464394" lon="12.508921">
      </trkpt>
      <trkpt lat="50.464562" lon="12.509294">
      </trkpt>
      <trkpt lat="50.464783" lon="12.509675">
      </trkpt>
      <trkpt lat="50.458742" lon="12.516281">
      </trkpt>
      <trkpt lat="50.456881" lon="12.516038">
      </trkpt>
      <trkpt lat="50.453393" lon="12.516926">
      </trkpt>
      <trkpt lat="50.45358" lon="12.519176">
      </trkpt>
      <trkpt lat="50.447244" lon="12.524104">
      </trkpt>
      <trkpt lat="50.444679" lon="12.521579">
      </trkpt>
      <trkpt lat="50.439462" lon="12.518403">
      </trkpt>
      <trkpt lat="50.437657" lon="12.512972">
      </trkpt>
      <trkpt lat="50.434655" lon="12.51005">
      </trkpt>
      <trkpt lat="50.433933" lon="12.510023">
      </trkpt>
      <trkpt lat="50.432895" lon="12.510292">
      </trkpt>
      <trkpt lat="50.42538" lon="12.510961">
      </trkpt>
      <trkpt lat="50.421943" lon="12.51203">
      </trkpt>
      <trkpt lat="50.414449" lon="12.515914">
      </trkpt>
      <trkpt lat="50.407437" lon="12.510883">
      </trkpt>
      <trkpt lat="50.404749" lon="12.508488">
      </trkpt>
      <trkpt lat="50.403794" lon="12.50737">
      </trkpt>
      <trkpt lat="50.403024" lon="12.505999">
      </trkpt>
      <trkpt lat="50.402489" lon="12.504904">
      </trkpt>
      <trkpt lat="50.402134" lon="12.501043">
      </trkpt>
      <trkpt lat="50.409823" lon="12.497175">
      </trkpt>
      <trkpt lat="50.410666" lon="12.49758">
      </trkpt>
      <trkpt lat="50.411584" lon="12.498116">
      </trkpt>
      <trkpt lat="50.413401" lon="12.495008">
      </trkpt>
      <trkpt lat="50.41288" lon="12.491798">
      </trkpt>
      <trkpt lat="50.415538" lon="12.485419">
      </trkpt>
      <trkpt lat="50.418311" lon="12.483625">
      </trkpt>
      <trkpt lat="50.418912" lon="12.482775">
      </trkpt>
      <trkpt lat="50.419222" lon="12.481947">
      </trkpt>
      <trkpt lat="50.419877" lon="12.479299">
      </trkpt>
      <trkpt lat="50.426508" lon="12.474241">
      </trkpt>
      <trkpt lat="50.429155" lon="12.475467">
      </trkpt>
      <trkpt lat="50.430037" lon="12.474953">
      </trkpt>
      <trkpt lat="50.432915" lon="12.4717">
      </trkpt>
      <trkpt lat="50.433421" lon="12.467803">
      </trkpt>
      <trkpt lat="50.433493" lon="12.466981">
      </trkpt>
      <trkpt lat="50.433595" lon="12.465154">
      </trkpt>
      <trkpt lat="50.430142" lon="12.464135">
      </trkpt>
      <trkpt lat="50.424796" lon="12.469378">
      </trkpt>
      <trkpt lat="50.422182" lon="12.470555">
      </trkpt>
      <trkpt lat="50.419945" lon="12.471568">
      </trkpt>
      <trkpt lat="50.419256" lon="12.471829">
      </trkpt>
      <trkpt lat="50.418575" lon="12.472279">
      </trkpt>
      <trkpt lat="50.417938" lon="12.473024">
      </trkpt>
      <trkpt lat="50.417543" lon="12.473836">
      </trkpt>
      <trkpt lat="50.408861" lon="12.475706">
      </trkpt>
      <trkpt lat="50.405321" lon="12.47505">
      </trkpt>
      <trkpt lat="50.402894" lon="12.477368">
      </trkpt>
      <trkpt lat="50.402259" lon="12.477949">
      </trkpt>
      <trkpt lat="50.394648" lon="12.481987">
      </trkpt>
      <trkpt lat="50.394029" lon="12.481819">
      </trkpt>
      <trkpt lat="50.388929" lon="12.478178">
      </trkpt>
      <trkpt lat="50.387042" lon="12.476592">
      </trkpt>
      <trkpt lat="50.381692" lon="12.473896">
      </trkpt>
      <trkpt lat="50.382087" lon="12.468726">
      </trkpt>
      <trkpt lat="50.382211" lon="12.46847">
      </trkpt>
      <trkpt lat="50.386416" lon="12.460517">
      </trkpt>
      <trkpt lat="50.386685" lon="12.458537">
      </trkpt>
      <trkpt lat="50.386896" lon="12.457032">
      </trkpt>
      <trkpt lat="50.388372" lon="12.448661">
      </trkpt>
      <trkpt lat="50.393677" lon="12.442922">
      </trkpt>
      <trkpt lat="50.395678" lon="12.441597">
      </trkpt>
      <trkpt lat="50.397863" lon="12.435839">
      </trkpt>
      <trkpt lat="50.403566" lon="12.429629">
      </trkpt>
      <trkpt lat="50.403741" lon="12.429059">
      </trkpt>
      <trkpt lat="50.403828" lon="12.428651">
      </trkpt>
      <trkpt lat="50.406302" lon="12.422188">
      </trkpt>
      <trkpt lat="50.407776" lon="12.420008">
      </trkpt>
      <trkpt lat="50.411073" lon="12.415562">
      </trkpt>
      <trkpt lat="50.411405" lon="12.41514">
      </trkpt>
      <trkpt lat="50.411688" lon="12.41462">
      </trkpt>
      <trkpt lat="50.411825" lon="12.414255">
      </trkpt>
      <trkpt lat="50.411944" lon="12.413823">
      </trkpt>
      <trkpt lat="50.412025" lon="12.41337">
      </trkpt>
      <trkpt lat="50.412657" lon="12.408764">
      </trkpt>
      <trkpt lat="50.409737" lon="12.406659">
      </trkpt>
      <trkpt lat="50.409607" lon="12.406839">
      </trkpt>
      <trkpt lat="50.409326" lon="12.407364">
      </trkpt>
      <trkpt lat="50.405736" lon="12.412001">
      </trkpt>
      <trkpt lat="50.403768" lon="12.415015">
      </trkpt>
      <trkpt lat="50.394985" lon="12.41683">
      </trkpt>
      <trkpt lat="50.394742" lon="12.416556">
      </trkpt>
      <trkpt lat="50.39144" lon="12.416204">
      </trkpt>
      <trkpt lat="50.39015" lon="12.416912">
      </trkpt>
      <trkpt lat="50.389516" lon="12.417313">
      </trkpt>
      <trkpt lat="50.387069" lon="12.418347">
      </trkpt>
      <trkpt lat="50.386841" lon="12.418678">
      </trkpt>
      <trkpt lat="50.386621" lon="12.419501">
      </trkpt>
      <trkpt lat="50.386716" lon="12.420344">
      </trkpt>
      <trkpt lat="50.386942" lon="12.420901">
      </trkpt>
      <trkpt lat="50.387271" lon="12.421354">
      </trkpt>
      <trkpt lat="50.384033" lon="12.429722">
      </trkpt>
      <trkpt lat="50.383464" lon="12.429895">
      </trkpt>
      <trkpt lat="50.382437" lon="12.430736">
      </trkpt>
      <trkpt lat="50.382015" lon="12.431161">
      </trkpt>
      <trkpt lat="50.381659" lon="12.431665">
      </trkpt>
      <trkpt lat="50.381438" lon="12.432249">
      </trkpt>
      <trkpt lat="50.381367" lon="12.432969">
      </trkpt>
      <trkpt lat="50.381447" lon="12.433502">
      </trkpt>
      <trkpt lat="50.381778" lon="12.436389">
      </trkpt>
      <trkpt lat="50.381648" lon="12.438481">
      </trkpt>
      <trkpt lat="50.382137" lon="12.443379">
      </trkpt>
      <trkpt lat="50.381739" lon="12.447037">
      </trkpt>
      <trkpt lat="50.376646" lon="12.451347">
      </trkpt>
      <trkpt lat="50.375475" lon="12.452424">
      </trkpt>
      <trkpt lat="50.375201" lon="12.452717">
      </trkpt>
      <trkpt lat="50.372576" lon="12.458">
      </trkpt>
      <trkpt lat="50.36521" lon="12.455593">
      </trkpt>
      <trkpt lat="50.364173" lon="12.453989">
      </trkpt>
      <trkpt lat="50.362517" lon="12.446981">
      </trkpt>
      <trkpt lat="50.362931" lon="12.445933">
      </trkpt>
      <trkpt lat="50.363089" lon="12.445112">
      </trkpt>
      <trkpt lat="50.357965" lon="12.438423">
      </trkpt>
      <trkpt lat="50.357494" lon="12.436184">
      </trkpt>
      <trkpt lat="50.356918" lon="12.428081">
      </trkpt>
      <trkpt lat="50.357879" lon="12.426146">
      </trkpt>
      <trkpt lat="50.361516" lon="12.421455">
      </trkpt>
      <trkpt lat="50.361782" lon="12.421164">
      </trkpt>
      <trkpt lat="50.361988" lon="12.420888">
      </trkpt>
      <trkpt lat="50.362608" lon="12.419958">
      </trkpt>
      <trkpt lat="50.362814" lon="12.419597">
      </trkpt>
      <trkpt lat="50.362983" lon="12.419227">
      </trkpt>
      <trkpt lat="50.363103" lon="12.418896">
      </trkpt>
      <trkpt lat="50.364211" lon="12.416472">
      </trkpt>
      <trkpt lat="50.364395" lon="12.416115">
      </trkpt>
      <trkpt lat="50.364556" lon="12.415648">
      </trkpt>
      <trkpt lat="50.364666" lon="12.415061">
      </trkpt>
      <trkpt lat="50.36472" lon="12.41427">
      </trkpt>
      <trkpt lat="50.364817" lon="12.413477">
      </trkpt>
      <trkpt lat="50.365004" lon="12.412296">
      </trkpt>
      <trkpt lat="50.365181" lon="12.411416">
      </trkpt>
      <trkpt lat="50.365238" lon="12.410996">
      </trkpt>
      <trkpt lat="50.365274" lon="12.410325">
      </trkpt>
      <trkpt lat="50.365237" lon="12.409361">
      </trkpt>
      <trkpt lat="50.365269" lon="12.408829">
      </trkpt>
      <trkpt lat="50.365572" lon="12.405834">
      </trkpt>
      <trkpt lat="50.37347" lon="12.403221">
      </trkpt>
      <trkpt lat="50.376044" lon="12.405738">
      </trkpt>
      <trkpt lat="50.378556" lon="12.406201">
      </trkpt>
      <trkpt lat="50.382087" lon="12.405501">
      </trkpt>
      <trkpt lat="50.381404" lon="12.402053">
      </trkpt>
      <trkpt lat="50.387359" lon="12.397984">
      </trkpt>
      <trkpt lat="50.390891" lon="12.397288">
      </trkpt>
      <trkpt lat="50.391067" lon="12.396129">
      </trkpt>
      <trkpt lat="50.391473" lon="12.392552">
      </trkpt>
      <trkpt lat="50.391775" lon="12.385032">
      </trkpt>
      <trkpt lat="50.390084" lon="12.3778">
      </trkpt>
      <trkpt lat="50.391814" lon="12.374643">
      </trkpt>
      <trkpt lat="50.392276" lon="12.371244">
      </trkpt>
      <trkpt lat="50.39405" lon="12.364797">
      </trkpt>
      <trkpt lat="50.394004" lon="12.363415">
      </trkpt>
      <trkpt lat="50.394992" lon="12.355727">
      </trkpt>
      <trkpt lat="50.394204" lon="12.350693">
      </trkpt>
      <trkpt lat="50.392135" lon="12.347619">
      </trkpt>
      <trkpt lat="50.389376" lon="12.347223">
      </trkpt>
      <trkpt lat="50.387445" lon="12.348626">
      </trkpt>
      <trkpt lat="50.386962" lon="12.349462">
      </trkpt>
      <trkpt lat="50.386753" lon="12.349895">
      </trkpt>
      <trkpt lat="50.386573" lon="12.350424">
      </trkpt>
      <trkpt lat="50.38627" lon="12.351717">
      </trkpt>
      <trkpt lat="50.388798" lon="12.358175">
      </trkpt>
      <trkpt lat="50.382711" lon="12.362532">
      </trkpt>
      <trkpt lat="50.382988" lon="12.363757">
      </trkpt>
      <trkpt lat="50.377555" lon="12.370424">
      </trkpt>
      <trkpt lat="50.375907" lon="12.370682">
      </trkpt>
      <trkpt lat="50.373186" lon="12.371413">
      </trkpt>
      <trkpt lat="50.373163" lon="12.371462">
      </trkpt>
      <trkpt lat="50.372953" lon="12.372739">
      </trkpt>
      <trkpt lat="50.367844" lon="12.378186">
      </trkpt>
      <trkpt lat="50.364858" lon="12.378216">
      </trkpt>
      <trkpt lat="50.357861" lon="12.373391">
      </trkpt>
      <trkpt lat="50.358405" lon="12.369803">
      </trkpt>
      <trkpt lat="50.35678" lon="12.368869">
      </trkpt>
      <trkpt lat="50.355182" lon="12.368199">
      </trkpt>
      <trkpt lat="50.348216" lon="12.363718">
      </trkpt>
      <trkpt lat="50.339734" lon="12.361117">
      </trkpt>
      <trkpt lat="50.339627" lon="12.360692">
      </trkpt>
      <trkpt lat="50.339463" lon="12.360239">
      </trkpt>
      <trkpt lat="50.339192" lon="12.35974">
      </trkpt>
      <trkpt lat="50.338934" lon="12.359406">
      </trkpt>
      <trkpt lat="50.338528" lon="12.359028">
      </trkpt>
      <trkpt lat="50.336138" lon="12.356404">
      </trkpt>
      <trkpt lat="50.332705" lon="12.357486">
      </trkpt>
      <trkpt lat="50.332826" lon="12.357872">
      </trkpt>
      <trkpt lat="50.33295" lon="12.358197">
      </trkpt>
      <trkpt lat="50.333325" lon="12.358923">
      </trkpt>
      <trkpt lat="50.33437" lon="12.360533">
      </trkpt>
      <trkpt lat="50.334536" lon="12.360849">
      </trkpt>
      <trkpt lat="50.334851" lon="12.361281">
      </trkpt>
      <trkpt lat="50.336817" lon="12.365131">
      </trkpt>
      <trkpt lat="50.337297" lon="12.369567">
      </trkpt>
      <trkpt lat="50.336688" lon="12.373115">
      </trkpt>
      <trkpt lat="50.335052" lon="12.376913">
      </trkpt>
      <trkpt lat="50.326233" lon="12.377557">
      </trkpt>
      <trkpt lat="50.323744" lon="12.374956">
      </trkpt>
      <trkpt lat="50.321811" lon="12.374149">
      </trkpt>
      <trkpt lat="50.320883" lon="12.374249">
      </trkpt>
      <trkpt lat="50.31772" lon="12.37447">
      </trkpt>
      <trkpt lat="50.31418" lon="12.367322">
      </trkpt>
      <trkpt lat="50.314288" lon="12.366938">
      </trkpt>
      <trkpt lat="50.314311" lon="12.366838">
      </trkpt>
      <trkpt lat="50.314526" lon="12.365886">
      </trkpt>
      <trkpt lat="50.314635" lon="12.36526">
      </trkpt>
      <trkpt lat="50.317416" lon="12.36045">
      </trkpt>
      <trkpt lat="50.317988" lon="12.358114">
      </trkpt>
      <trkpt lat="50.31408" lon="12.355001">
      </trkpt>
      <trkpt lat="50.318477" lon="12.347743">
      </trkpt>
      <trkpt lat="50.321064" lon="12.346672">
      </trkpt>
      <trkpt lat="50.321172" lon="12.346335">
      </trkpt>
      <trkpt lat="50.32123" lon="12.346073">
      </trkpt>
      <trkpt lat="50.321196" lon="12.345384">
      </trkpt>
      <trkpt lat="50.319994" lon="12.336551">
      </trkpt>
      <trkpt lat="50.315418" lon="12.329027">
      </trkpt>
      <trkpt lat="50.315505" lon="12.328591">
      </trkpt>
      <trkpt lat="50.314107" lon="12.325434">
      </trkpt>
      <trkpt lat="50.316304" lon="12.317591">
      </trkpt>
      <trkpt lat="50.316977" lon="12.311472">
      </trkpt>
      <trkpt lat="50.316993" lon="12.311378">
      </trkpt>
      <trkpt lat="50.315585" lon="12.309283">
      </trkpt>
      <trkpt lat="50.312916" lon="12.302341">
      </trkpt>
      <trkpt lat="50.312895" lon="12.294689">
      </trkpt>
      <trkpt lat="50.31349" lon="12.29231">
      </trkpt>
      <trkpt lat="50.310598" lon="12.290167">
      </trkpt>
      <trkpt lat="50.307428" lon="12.2832">
      </trkpt>
      <trkpt lat="50.310563" lon="12.279214">
      </trkpt>
      <trkpt lat="50.31219" lon="12.276093">
      </trkpt>
      <trkpt lat="50.312598" lon="12.274611">
      </trkpt>
      <trkpt lat="50.312814" lon="12.2698">
      </trkpt>
      <trkpt lat="50.312811" lon="12.269411">
      </trkpt>
      <trkpt lat="50.312797" lon="12.269183">
      </trkpt>
      <trkpt lat="50.31264" lon="12.268601">
      </trkpt>
      <trkpt lat="50.314891" lon="12.25998">
      </trkpt>
      <trkpt lat="50.318033" lon="12.258263">
      </trkpt>
      <trkpt lat="50.320482" lon="12.257313">
      </trkpt>
      <trkpt lat="50.320484" lon="12.257262">
      </trkpt>
      <trkpt lat="50.32003" lon="12.255268">
      </trkpt>
      <trkpt lat="50.319284" lon="12.253498">
      </trkpt>
      <trkpt lat="50.31784" lon="12.250749">
      </trkpt>
      <trkpt lat="50.31206" lon="12.247496">
      </trkpt>
      <trkpt lat="50.314675" lon="12.239254">
      </trkpt>
      <trkpt lat="50.317338" lon="12.236832">
      </trkpt>
      <trkpt lat="50.317042" lon="12.236507">
      </trkpt>
      <trkpt lat="50.315959" lon="12.235467">
      </trkpt>
      <trkpt lat="50.313218" lon="12.226953">
      </trkpt>
      <trkpt lat="50.310191" lon="12.225005">
      </trkpt>
      <trkpt lat="50.308089" lon="12.226336">
      </trkpt>
      <trkpt lat="50.305845" lon="12.23001">
      </trkpt>
      <trkpt lat="50.304972" lon="12.231277">
      </trkpt>
      <trkpt lat="50.304802" lon="12.231557">
      </trkpt>
      <trkpt lat="50.304659" lon="12.23593">
      </trkpt>
      <trkpt lat="50.3044" lon="12.237082">
      </trkpt>
      <trkpt lat="50.30407" lon="12.23798">
      </trkpt>
      <trkpt lat="50.303912" lon="12.238616">
      </trkpt>
      <trkpt lat="50.303639" lon="12.23961">
      </trkpt>
      <trkpt lat="50.303195" lon="12.240861">
      </trkpt>
      <trkpt lat="50.295553" lon="12.244743">
      </trkpt>
      <trkpt lat="50.291807" lon="12.241604">
      </trkpt>
      <trkpt lat="50.290795" lon="12.240219">
      </trkpt>
      <trkpt lat="50.290365" lon="12.239763">
      </trkpt>
      <trkpt lat="50.288208" lon="12.238244">
      </trkpt>
      <trkpt lat="50.286248" lon="12.236907">
      </trkpt>
      <trkpt lat="50.285898" lon="12.236708">
      </trkpt>
      <trkpt lat="50.281082" lon="12.236539">
      </trkpt>
      <trkpt lat="50.277505" lon="12.236945">
      </trkpt>
      <trkpt lat="50.277251" lon="12.239055">
      </trkpt>
      <trkpt lat="50.275565" lon="12.24253">
      </trkpt>
      <trkpt lat="50.275263" lon="12.243242">
      </trkpt>
      <trkpt lat="50.275021" lon="12.243701">
      </trkpt>
      <trkpt lat="50.274227" lon="12.245069">
      </trkpt>
      <trkpt lat="50.274044" lon="12.245435">
      </trkpt>
      <trkpt lat="50.270687" lon="12.247795">
      </trkpt>
      <trkpt lat="50.265446" lon="12.242382">
      </trkpt>
      <trkpt lat="50.264039" lon="12.239089">
      </trkpt>
      <trkpt lat="50.266031" lon="12.230724">
      </trkpt>
      <trkpt lat="50.26609" lon="12.230498">
      </trkpt>
      <trkpt lat="50.266308" lon="12.229771">
      </trkpt>
      <trkpt lat="50.264633" lon="12.22768">
      </trkpt>
      <trkpt lat="50.261821" lon="12.221516">
      </trkpt>
      <trkpt lat="50.261621" lon="12.221135">
      </trkpt>
      <trkpt lat="50.26127" lon="12.22069">
      </trkpt>
      <trkpt lat="50.258434" lon="12.214919">
      </trkpt>
      <trkpt lat="50.258063" lon="12.21217">
      </trkpt>
      <trkpt lat="50.25802" lon="12.211611">
      </trkpt>
      <trkpt lat="50.2579" lon="12.210522">
      </trkpt>
      <trkpt lat="50.257814" lon="12.210039">
      </trkpt>
      <trkpt lat="50.257572" lon="12.205915">
      </trkpt>
      <trkpt lat="50.257824" lon="12.202079">
      </trkpt>
      <trkpt lat="50.257825" lon="12.198458">
      </trkpt>
      <trkpt lat="50.257884" lon="12.198008">
      </trkpt>
      <trkpt lat="50.25788" lon="12.197623">
      </trkpt>
      <trkpt lat="50.257798" lon="12.196884">
      </trkpt>
      <trkpt lat="50.256024" lon="12.19577">
      </trkpt>
      <trkpt lat="50.255406" lon="12.195587">
      </trkpt>
      <trkpt lat="50.251943" lon="12.193453">
      </trkpt>
      <trkpt lat="50.251632" lon="12.193056">
      </trkpt>
      <trkpt lat="50.251415" lon="12.192822">
      </trkpt>
      <trkpt lat="50.249762" lon="12.183996">
      </trkpt>
      <trkpt lat="50.251025" lon="12.182782">
      </trkpt>
      <trkpt lat="50.259202" lon="12.184012">
      </trkpt>
      <trkpt lat="50.260235" lon="12.185628">
      </trkpt>
      <trkpt lat="50.260991" lon="12.186755">
      </trkpt>
      <trkpt lat="50.261315" lon="12.187174">
      </trkpt>
      <trkpt lat="50.261747" lon="12.187664">
      </trkpt>
      <trkpt lat="50.262174" lon="12.188094">
      </trkpt>
      <trkpt lat="50.264768" lon="12.19049">
      </trkpt>
      <trkpt lat="50.265482" lon="12.191102">
      </trkpt>
      <trkpt lat="50.267371" lon="12.192826">
      </trkpt>
      <trkpt lat="50.268568" lon="12.19417">
      </trkpt>
      <trkpt lat="50.27057" lon="12.196657">
      </trkpt>
      <trkpt lat="50.273925" lon="12.195352">
      </trkpt>
      <trkpt lat="50.274124" lon="12.19304">
      </trkpt>
      <trkpt lat="50.279318" lon="12.187552">
      </trkpt>
      <trkpt lat="50.282721" lon="12.187401">
      </trkpt>
      <trkpt lat="50.286317" lon="12.187221">
      </trkpt>
      <trkpt lat="50.292371" lon="12.193323">
      </trkpt>
      <trkpt lat="50.294735" lon="12.194778">
      </trkpt>
      <trkpt lat="50.294809" lon="12.194753">
      </trkpt>
      <trkpt lat="50.295951" lon="12.192947">
      </trkpt>
      <trkpt lat="50.304507" lon="12.191274">
      </trkpt>
      <trkpt lat="50.304956" lon="12.189677">
      </trkpt>
      <trkpt lat="50.305052" lon="12.189285">
      </trkpt>
      <trkpt lat="50.306188" lon="12.18567">
      </trkpt>
      <trkpt lat="50.306143" lon="12.184911">
      </trkpt>
      <trkpt lat="50.308311" lon="12.17812">
      </trkpt>
      <trkpt lat="50.311335" lon="12.175817">
      </trkpt>
      <trkpt lat="50.311431" lon="12.175618">
      </trkpt>
      <trkpt lat="50.318751" lon="12.170425">
      </trkpt>
      <trkpt lat="50.322279" lon="12.169704">
      </trkpt>
      <trkpt lat="50.324832" lon="12.166974">
      </trkpt>
      <trkpt lat="50.325311" lon="12.160247">
      </trkpt>
      <trkpt lat="50.321783" lon="12.159529">
      </trkpt>
      <trkpt lat="50.321465" lon="12.161093">
      </trkpt>
      <trkpt lat="50.317471" lon="12.164791">
      </trkpt>
      <trkpt lat="50.311515" lon="12.15924">
      </trkpt>
      <trkpt lat="50.311618" lon="12.156806">
      </trkpt>
      <trkpt lat="50.311585" lon="12.156294">
      </trkpt>
      <trkpt lat="50.311496" lon="12.155699">
      </trkpt>
      <trkpt lat="50.311146" lon="12.154305">
      </trkpt>
      <trkpt lat="50.311109" lon="12.15414">
      </trkpt>
      <trkpt lat="50.310968" lon="12.153194">
      </trkpt>
      <trkpt lat="50.310771" lon="12.151463">
      </trkpt>
      <trkpt lat="50.310658" lon="12.150763">
      </trkpt>
      <trkpt lat="50.308328" lon="12.142818">
      </trkpt>
      <trkpt lat="50.308229" lon="12.14188">
      </trkpt>
      <trkpt lat="50.304422" lon="12.139574">
      </trkpt>
      <trkpt lat="50.30087" lon="12.13899">
      </trkpt>
      <trkpt lat="50.296025" lon="12.143857">
      </trkpt>
      <trkpt lat="50.296141" lon="12.144941">
      </trkpt>
      <trkpt lat="50.296182" lon="12.14557">
      </trkpt>
      <trkpt lat="50.296243" lon="12.145954">
      </trkpt>
      <trkpt lat="50.296398" lon="12.146428">
      </trkpt>
      <trkpt lat="50.298085" lon="12.151557">
      </trkpt>
      <trkpt lat="50.298077" lon="12.152439">
      </trkpt>
      <trkpt lat="50.298221" lon="12.153717">
      </trkpt>
      <trkpt lat="50.298357" lon="12.15459">
      </trkpt>
      <trkpt lat="50.298544" lon="12.156006">
      </trkpt>
      <trkpt lat="50.29768" lon="12.160376">
      </trkpt>
      <trkpt lat="50.297381" lon="12.160818">
      </trkpt>
      <trkpt lat="50.288538" lon="12.161966">
      </trkpt>
      <trkpt lat="50.287619" lon="12.160946">
      </trkpt>
      <trkpt lat="50.287386" lon="12.160752">
      </trkpt>
      <trkpt lat="50.284096" lon="12.156572">
      </trkpt>
      <trkpt lat="50.283937" lon="12.156518">
      </trkpt>
      <trkpt lat="50.282738" lon="12.15619">
      </trkpt>
      <trkpt lat="50.276836" lon="12.149966">
      </trkpt>
      <trkpt lat="50.276803" lon="12.149351">
      </trkpt>
      <trkpt lat="50.276502" lon="12.148326">
      </trkpt>
      <trkpt lat="50.275652" lon="12.146039">
      </trkpt>
      <trkpt lat="50.27546" lon="12.145504">
      </trkpt>
      <trkpt lat="50.275139" lon="12.145002">
      </trkpt>
      <trkpt lat="50.274871" lon="12.144711">
      </trkpt>
      <trkpt lat="50.27318" lon="12.145362">
      </trkpt>
      <trkpt lat="50.26462" lon="12.143528">
      </trkpt>
      <trkpt lat="50.262237" lon="12.140833">
      </trkpt>
      <trkpt lat="50.257109" lon="12.138324">
      </trkpt>
      <trkpt lat="50.256418" lon="12.137729">
      </trkpt>
      <trkpt lat="50.255937" lon="12.137273">
      </trkpt>
      <trkpt lat="50.255487" lon="12.136969">
      </trkpt>
      <trkpt lat="50.254746" lon="12.13668">
      </trkpt>
      <trkpt lat="50.254383" lon="12.136614">
      </trkpt>
      <trkpt lat="50.254271" lon="12.136591">
      </trkpt>
      <trkpt lat="50.249987" lon="12.130179">
      </trkpt>
      <trkpt lat="50.251298" lon="12.12759">
      </trkpt>
      <trkpt lat="50.25157" lon="12.125533">
      </trkpt>
      <trkpt lat="50.251684" lon="12.124922">
      </trkpt>
      <trkpt lat="50.25198" lon="12.123458">
      </trkpt>
      <trkpt lat="50.25206" lon="12.122998">
      </trkpt>
      <trkpt lat="50.252734" lon="12.120534">
      </trkpt>
      <trkpt lat="50.260694" lon="12.116972">
      </trkpt>
      <trkpt lat="50.261805" lon="12.113518">
      </trkpt>
      <trkpt lat="50.260811" lon="12.112536">
      </trkpt>
      <trkpt lat="50.259763" lon="12.111489">
      </trkpt>
      <trkpt lat="50.257516" lon="12.10903">
      </trkpt>
      <trkpt lat="50.25542" lon="12.106757">
      </trkpt>
      <trkpt lat="50.253827" lon="12.10769">
      </trkpt>
      <trkpt lat="50.250939" lon="12.10891">
      </trkpt>
      <trkpt lat="50.249827" lon="12.11067">
      </trkpt>
      <trkpt lat="50.248534" lon="12.112672">
      </trkpt>
      <trkpt lat="50.246907" lon="12.115234">
      </trkpt>
      <trkpt lat="50.245359" lon="12.117673">
      </trkpt>
      <trkpt lat="50.237001" lon="12.11465">
      </trkpt>
      <trkpt lat="50.23696" lon="12.113396">
      </trkpt>
      <trkpt lat="50.236896" lon="12.111568">
      </trkpt>
      <trkpt lat="50.236889" lon="12.110442">
      </trkpt>
      <trkpt lat="50.23692" lon="12.109766">
      </trkpt>
      <trkpt lat="50.236986" lon="12.108993">
      </trkpt>
      <trkpt lat="50.237072" lon="12.108347">
      </trkpt>
      <trkpt lat="50.239646" lon="12.104113">
      </trkpt>
      <trkpt lat="50.242321" lon="12.102466">
      </trkpt>
      <trkpt lat="50.240433" lon="12.099401">
      </trkpt>
      <trkpt lat="50.237758" lon="12.101048">
      </trkpt>
      <trkpt lat="50.235083" lon="12.102695">
      </trkpt>
      <trkpt lat="50.230937" lon="12.106859">
      </trkpt>
      <trkpt lat="50.229892" lon="12.110304">
      </trkpt>
      <trkpt lat="50.228703" lon="12.112374">
      </trkpt>
      <trkpt lat="50.22338" lon="12.114839">
      </trkpt>
      <trkpt lat="50.222581" lon="12.11835">
      </trkpt>
      <trkpt lat="50.22308" lon="12.120876">
      </trkpt>
      <trkpt lat="50.223082" lon="12.121584">
      </trkpt>
      <trkpt lat="50.223148" lon="12.122237">
      </trkpt>
      <trkpt lat="50.215007" lon="12.126012">
      </trkpt>
      <trkpt lat="50.214279" lon="12.124621">
      </trkpt>
      <trkpt lat="50.21321" lon="12.122177">
      </trkpt>
      <trkpt lat="50.21286" lon="12.121534">
      </trkpt>
      <trkpt lat="50.212244" lon="12.118346">
      </trkpt>
      <trkpt lat="50.212309" lon="12.117849">
      </trkpt>
      <trkpt lat="50.212397" lon="12.115999">
      </trkpt>
      <trkpt lat="50.212452" lon="12.115128">
      </trkpt>
      <trkpt lat="50.212686" lon="12.113243">
      </trkpt>
      <trkpt lat="50.212933" lon="12.111214">
      </trkpt>
      <trkpt lat="50.217941" lon="12.106624">
      </trkpt>
      <trkpt lat="50.217699" lon="12.101687">
      </trkpt>
      <trkpt lat="50.217808" lon="12.100301">
      </trkpt>
      <trkpt lat="50.217901" lon="12.099839">
      </trkpt>
      <trkpt lat="50.217423" lon="12.093756">
      </trkpt>
      <trkpt lat="50.221769" lon="12.091153">
      </trkpt>
      <trkpt lat="50.222528" lon="12.090957">
      </trkpt>
      <trkpt lat="50.222985" lon="12.090751">
      </trkpt>
      <trkpt lat="50.227731" lon="12.089507">
      </trkpt>
      <trkpt lat="50.230094" lon="12.089448">
      </trkpt>
      <trkpt lat="50.23804" lon="12.085349">
      </trkpt>
      <trkpt lat="50.241606" lon="12.085839">
      </trkpt>
      <trkpt lat="50.246103" lon="12.084198">
      </trkpt>
      <trkpt lat="50.245827" lon="12.082261">
      </trkpt>
      <trkpt lat="50.24555" lon="12.080324">
      </trkpt>
      <trkpt lat="50.245444" lon="12.07981">
      </trkpt>
      <trkpt lat="50.245146" lon="12.075377">
      </trkpt>
      <trkpt lat="50.245914" lon="12.071186">
      </trkpt>
      <trkpt lat="50.245843" lon="12.070879">
      </trkpt>
      <trkpt lat="50.245288" lon="12.067679">
      </trkpt>
      <trkpt lat="50.24522" lon="12.066756">
      </trkpt>
      <trkpt lat="50.246894" lon="12.06155">
      </trkpt>
      <trkpt lat="50.251026" lon="12.059352">
      </trkpt>
      <trkpt lat="50.252078" lon="12.058574">
      </trkpt>
      <trkpt lat="50.260526" lon="12.061171">
      </trkpt>
      <trkpt lat="50.268384" lon="12.059396">
      </trkpt>
      <trkpt lat="50.268521" lon="12.059354">
      </trkpt>
      <trkpt lat="50.26962" lon="12.058829">
      </trkpt>
      <trkpt lat="50.270625" lon="12.057916">
      </trkpt>
      <trkpt lat="50.277465" lon="12.053555">
      </trkpt>
      <trkpt lat="50.277903" lon="12.05218">
      </trkpt>
      <trkpt lat="50.277799" lon="12.04997">
      </trkpt>
      <trkpt lat="50.273316" lon="12.044918">
      </trkpt>
      <trkpt lat="50.26983" lon="12.044021">
      </trkpt>
      <trkpt lat="50.269821" lon="12.036553">
      </trkpt>
      <trkpt lat="50.270378" lon="12.035842">
      </trkpt>
      <trkpt lat="50.270624" lon="12.035307">
      </trkpt>
      <trkpt lat="50.270764" lon="12.034789">
      </trkpt>
      <trkpt lat="50.273675" lon="12.028412">
      </trkpt>
      <trkpt lat="50.274122" lon="12.027905">
      </trkpt>
      <trkpt lat="50.274567" lon="12.02743">
      </trkpt>
      <trkpt lat="50.275447" lon="12.026598">
      </trkpt>
      <trkpt lat="50.28323" lon="12.023694">
      </trkpt>
      <trkpt lat="50.284131" lon="12.023719">
      </trkpt>
      <trkpt lat="50.284599" lon="12.023756">
      </trkpt>
      <trkpt lat="50.285802" lon="12.023919">
      </trkpt>
      <trkpt lat="50.287231" lon="12.024235">
      </trkpt>
      <trkpt lat="50.288725" lon="12.024751">
      </trkpt>
      <trkpt lat="50.289636" lon="12.02515">
      </trkpt>
      <trkpt lat="50.290581" lon="12.025612">
      </trkpt>
      <trkpt lat="50.291752" lon="12.026225">
      </trkpt>
      <trkpt lat="50.292778" lon="12.026832">
      </trkpt>
      <trkpt lat="50.294356" lon="12.027709">
      </trkpt>
      <trkpt lat="50.294981" lon="12.028046">
      </trkpt>
      <trkpt lat="50.295871" lon="12.028472">
      </trkpt>
      <trkpt lat="50.296936" lon="12.028889">
      </trkpt>
      <trkpt lat="50.297794" lon="12.029129">
      </trkpt>
      <trkpt lat="50.298738" lon="12.029295">
      </trkpt>
      <trkpt lat="50.299878" lon="12.029348">
      </trkpt>
      <trkpt lat="50.300772" lon="12.029259">
      </trkpt>
      <trkpt lat="50.301497" lon="12.029116">
      </trkpt>
      <trkpt lat="50.302652" lon="12.028731">
      </trkpt>
      <trkpt lat="50.303191" lon="12.028473">
      </trkpt>
      <trkpt lat="50.303988" lon="12.028042">
      </trkpt>
      <trkpt lat="50.311779" lon="12.024742">
      </trkpt>
      <trkpt lat="50.311986" lon="12.021451">
      </trkpt>
      <trkpt lat="50.311356" lon="12.021167">
      </trkpt>
    </trkseg>
  </trk>
</gpx>