<?xml version="1.0" encoding="UTF-8"?>
<gpx xmlns="http://www.topografix.com/GPX/1/1" xmlns:xsi="http://www.w3.org/2001/XMLSchema-instance" xsi:schemaLocation="http://www.topografix.com/GPX/1/1 http://www.topografix.com/GPX/1/1/gpx.xsd" version="1.1" creator="gpx.py -- https://github.com/tkrajina/gpxpy">
  <trk>
    <trkseg>
      <trkpt lat="49.514928" lon="15.432484">
      </trkpt>
      <trkpt lat="49.515039" lon="15.434548">
      </trkpt>
      <trkpt lat="49.515151" lon="15.436633">
      </trkpt>
      <trkpt lat="49.515301" lon="15.438234">
      </trkpt>
      <trkpt lat="49.515462" lon="15.439474">
      </trkpt>
      <trkpt lat="49.515665" lon="15.440706">
      </trkpt>
      <trkpt lat="49.516238" lon="15.443774">
      </trkpt>
      <trkpt lat="49.516379" lon="15.444676">
      </trkpt>
      <trkpt lat="49.516488" lon="15.445724">
      </trkpt>
      <trkpt lat="49.516554" lon="15.446729">
      </trkpt>
      <trkpt lat="49.516567" lon="15.447972">
      </trkpt>
      <trkpt lat="49.516551" lon="15.448453">
      </trkpt>
      <trkpt lat="49.516509" lon="15.449121">
      </trkpt>
      <trkpt lat="49.516371" lon="15.450329">
      </trkpt>
      <trkpt lat="49.516281" lon="15.450916">
      </trkpt>
      <trkpt lat="49.51614" lon="15.451695">
      </trkpt>
      <trkpt lat="49.515947" lon="15.45258">
      </trkpt>
      <trkpt lat="49.515828" lon="15.453043">
      </trkpt>
      <trkpt lat="49.515415" lon="15.454325">
      </trkpt>
      <trkpt lat="49.510152" lon="15.461007">
      </trkpt>
      <trkpt lat="49.508976" lon="15.461989">
      </trkpt>
      <trkpt lat="49.5079" lon="15.463029">
      </trkpt>
      <trkpt lat="49.507096" lon="15.463915">
      </trkpt>
      <trkpt lat="49.506221" lon="15.465003">
      </trkpt>
      <trkpt lat="49.505221" lon="15.466422">
      </trkpt>
      <trkpt lat="49.504263" lon="15.46792">
      </trkpt>
      <trkpt lat="49.50299" lon="15.469981">
      </trkpt>
      <trkpt lat="49.501597" lon="15.471922">
      </trkpt>
      <trkpt lat="49.500514" lon="15.473202">
      </trkpt>
      <trkpt lat="49.49918" lon="15.474712">
      </trkpt>
      <trkpt lat="49.498746" lon="15.475231">
      </trkpt>
      <trkpt lat="49.497976" lon="15.476207">
      </trkpt>
      <trkpt lat="49.497068" lon="15.47748">
      </trkpt>
      <trkpt lat="49.496113" lon="15.478971">
      </trkpt>
      <trkpt lat="49.495419" lon="15.480165">
      </trkpt>
      <trkpt lat="49.494709" lon="15.481507">
      </trkpt>
      <trkpt lat="49.49434" lon="15.482254">
      </trkpt>
      <trkpt lat="49.493633" lon="15.483797">
      </trkpt>
      <trkpt lat="49.493281" lon="15.484646">
      </trkpt>
      <trkpt lat="49.49266" lon="15.486284">
      </trkpt>
      <trkpt lat="49.487727" lon="15.490364">
      </trkpt>
      <trkpt lat="49.480263" lon="15.488082">
      </trkpt>
      <trkpt lat="49.479915" lon="15.487676">
      </trkpt>
      <trkpt lat="49.479089" lon="15.486422">
      </trkpt>
      <trkpt lat="49.478021" lon="15.481713">
      </trkpt>
      <trkpt lat="49.478031" lon="15.481411">
      </trkpt>
      <trkpt lat="49.477502" lon="15.480227">
      </trkpt>
      <trkpt lat="49.477425" lon="15.480062">
      </trkpt>
      <trkpt lat="49.474815" lon="15.480735">
      </trkpt>
      <trkpt lat="49.474158" lon="15.481574">
      </trkpt>
      <trkpt lat="49.474313" lon="15.484512">
      </trkpt>
      <trkpt lat="49.476269" lon="15.488659">
      </trkpt>
      <trkpt lat="49.476898" lon="15.48964">
      </trkpt>
      <trkpt lat="49.479367" lon="15.495385">
      </trkpt>
      <trkpt lat="49.479462" lon="15.495737">
      </trkpt>
      <trkpt lat="49.4796" lon="15.496068">
      </trkpt>
      <trkpt lat="49.480985" lon="15.500228">
      </trkpt>
      <trkpt lat="49.481078" lon="15.500672">
      </trkpt>
      <trkpt lat="49.47959" lon="15.509023">
      </trkpt>
      <trkpt lat="49.478154" lon="15.510526">
      </trkpt>
      <trkpt lat="49.477883" lon="15.510904">
      </trkpt>
      <trkpt lat="49.477197" lon="15.512071">
      </trkpt>
      <trkpt lat="49.477091" lon="15.512657">
      </trkpt>
      <trkpt lat="49.47774" lon="15.513927">
      </trkpt>
      <trkpt lat="49.477296" lon="15.522248">
      </trkpt>
      <trkpt lat="49.476938" lon="15.525688">
      </trkpt>
      <trkpt lat="49.48046" lon="15.53389">
      </trkpt>
      <trkpt lat="49.480157" lon="15.535334">
      </trkpt>
      <trkpt lat="49.479871" lon="15.536808">
      </trkpt>
      <trkpt lat="49.479604" lon="15.538302">
      </trkpt>
      <trkpt lat="49.479222" lon="15.540636">
      </trkpt>
      <trkpt lat="49.478697" lon="15.544175">
      </trkpt>
      <trkpt lat="49.478171" lon="15.547713">
      </trkpt>
      <trkpt lat="49.477693" lon="15.550934">
      </trkpt>
      <trkpt lat="49.477214" lon="15.554155">
      </trkpt>
      <trkpt lat="49.476932" lon="15.556769">
      </trkpt>
      <trkpt lat="49.476728" lon="15.557761">
      </trkpt>
      <trkpt lat="49.476515" lon="15.558564">
      </trkpt>
      <trkpt lat="49.470915" lon="15.565517">
      </trkpt>
      <trkpt lat="49.470397" lon="15.565879">
      </trkpt>
      <trkpt lat="49.469736" lon="15.566401">
      </trkpt>
      <trkpt lat="49.46922" lon="15.566872">
      </trkpt>
      <trkpt lat="49.46845" lon="15.567726">
      </trkpt>
      <trkpt lat="49.468052" lon="15.568227">
      </trkpt>
      <trkpt lat="49.467703" lon="15.568712">
      </trkpt>
      <trkpt lat="49.467306" lon="15.569335">
      </trkpt>
      <trkpt lat="49.466884" lon="15.570082">
      </trkpt>
      <trkpt lat="49.466598" lon="15.570651">
      </trkpt>
      <trkpt lat="49.466334" lon="15.57124">
      </trkpt>
      <trkpt lat="49.46595" lon="15.572163">
      </trkpt>
      <trkpt lat="49.465049" lon="15.574559">
      </trkpt>
      <trkpt lat="49.462131" lon="15.579064">
      </trkpt>
      <trkpt lat="49.461164" lon="15.580004">
      </trkpt>
      <trkpt lat="49.459456" lon="15.581576">
      </trkpt>
      <trkpt lat="49.458537" lon="15.582502">
      </trkpt>
      <trkpt lat="49.45745" lon="15.583689">
      </trkpt>
      <trkpt lat="49.456672" lon="15.584664">
      </trkpt>
      <trkpt lat="49.456116" lon="15.585472">
      </trkpt>
      <trkpt lat="49.455748" lon="15.58607">
      </trkpt>
      <trkpt lat="49.455297" lon="15.58687">
      </trkpt>
      <trkpt lat="49.455088" lon="15.587258">
      </trkpt>
      <trkpt lat="49.453921" lon="15.589227">
      </trkpt>
      <trkpt lat="49.4521" lon="15.59224">
      </trkpt>
      <trkpt lat="49.45199" lon="15.592386">
      </trkpt>
      <trkpt lat="49.447554" lon="15.596845">
      </trkpt>
      <trkpt lat="49.440594" lon="15.599251">
      </trkpt>
      <trkpt lat="49.437608" lon="15.597342">
      </trkpt>
      <trkpt lat="49.437258" lon="15.596938">
      </trkpt>
      <trkpt lat="49.436625" lon="15.59651">
      </trkpt>
      <trkpt lat="49.431525" lon="15.593581">
      </trkpt>
      <trkpt lat="49.428931" lon="15.587435">
      </trkpt>
      <trkpt lat="49.429427" lon="15.580798">
      </trkpt>
      <trkpt lat="49.432574" lon="15.579172">
      </trkpt>
      <trkpt lat="49.434289" lon="15.577718">
      </trkpt>
      <trkpt lat="49.439113" lon="15.574658">
      </trkpt>
      <trkpt lat="49.439114" lon="15.574229">
      </trkpt>
      <trkpt lat="49.439069" lon="15.573451">
      </trkpt>
      <trkpt lat="49.439024" lon="15.573139">
      </trkpt>
      <trkpt lat="49.438546" lon="15.56651">
      </trkpt>
      <trkpt lat="49.437921" lon="15.562965">
      </trkpt>
      <trkpt lat="49.436887" lon="15.563147">
      </trkpt>
      <trkpt lat="49.435783" lon="15.563644">
      </trkpt>
      <trkpt lat="49.435431" lon="15.563863">
      </trkpt>
      <trkpt lat="49.426932" lon="15.561978">
      </trkpt>
      <trkpt lat="49.426071" lon="15.560747">
      </trkpt>
      <trkpt lat="49.424054" lon="15.559816">
      </trkpt>
      <trkpt lat="49.421469" lon="15.552628">
      </trkpt>
      <trkpt lat="49.418189" lon="15.551144">
      </trkpt>
      <trkpt lat="49.417703" lon="15.552217">
      </trkpt>
      <trkpt lat="49.417162" lon="15.553597">
      </trkpt>
      <trkpt lat="49.412837" lon="15.557921">
      </trkpt>
      <trkpt lat="49.408276" lon="15.55881">
      </trkpt>
      <trkpt lat="49.405683" lon="15.558416">
      </trkpt>
      <trkpt lat="49.397532" lon="15.559963">
      </trkpt>
      <trkpt lat="49.396055" lon="15.563246">
      </trkpt>
      <trkpt lat="49.39908" lon="15.566094">
      </trkpt>
      <trkpt lat="49.398325" lon="15.574901">
      </trkpt>
      <trkpt lat="49.398265" lon="15.57504">
      </trkpt>
      <trkpt lat="49.398362" lon="15.577664">
      </trkpt>
      <trkpt lat="49.398559" lon="15.579218">
      </trkpt>
      <trkpt lat="49.398595" lon="15.579279">
      </trkpt>
      <trkpt lat="49.402173" lon="15.58587">
      </trkpt>
      <trkpt lat="49.401864" lon="15.587794">
      </trkpt>
      <trkpt lat="49.39459" lon="15.591937">
      </trkpt>
      <trkpt lat="49.391005" lon="15.592261">
      </trkpt>
      <trkpt lat="49.3908" lon="15.595017">
      </trkpt>
      <trkpt lat="49.390832" lon="15.595363">
      </trkpt>
      <trkpt lat="49.389721" lon="15.603961">
      </trkpt>
      <trkpt lat="49.38906" lon="15.605569">
      </trkpt>
      <trkpt lat="49.388479" lon="15.606424">
      </trkpt>
      <trkpt lat="49.380028" lon="15.607568">
      </trkpt>
      <trkpt lat="49.372975" lon="15.609888">
      </trkpt>
      <trkpt lat="49.369382" lon="15.610105">
      </trkpt>
      <trkpt lat="49.364383" lon="15.615752">
      </trkpt>
      <trkpt lat="49.364786" lon="15.61794">
      </trkpt>
      <trkpt lat="49.36545" lon="15.61919">
      </trkpt>
      <trkpt lat="49.37104" lon="15.62172">
      </trkpt>
      <trkpt lat="49.377398" lon="15.622504">
      </trkpt>
      <trkpt lat="49.378123" lon="15.622695">
      </trkpt>
      <trkpt lat="49.378837" lon="15.6228">
      </trkpt>
      <trkpt lat="49.379248" lon="15.622825">
      </trkpt>
      <trkpt lat="49.381211" lon="15.622809">
      </trkpt>
      <trkpt lat="49.386767" lon="15.629416">
      </trkpt>
      <trkpt lat="49.386359" lon="15.631863">
      </trkpt>
      <trkpt lat="49.385916" lon="15.633147">
      </trkpt>
      <trkpt lat="49.385631" lon="15.633782">
      </trkpt>
      <trkpt lat="49.385464" lon="15.635175">
      </trkpt>
      <trkpt lat="49.385586" lon="15.635642">
      </trkpt>
      <trkpt lat="49.388327" lon="15.636167">
      </trkpt>
      <trkpt lat="49.393586" lon="15.642084">
      </trkpt>
      <trkpt lat="49.390115" lon="15.650347">
      </trkpt>
      <trkpt lat="49.389547" lon="15.650794">
      </trkpt>
      <trkpt lat="49.388911" lon="15.651432">
      </trkpt>
      <trkpt lat="49.388603" lon="15.651854">
      </trkpt>
      <trkpt lat="49.387036" lon="15.653709">
      </trkpt>
      <trkpt lat="49.386381" lon="15.656986">
      </trkpt>
      <trkpt lat="49.38757" lon="15.66199">
      </trkpt>
      <trkpt lat="49.382137" lon="15.66635">
      </trkpt>
      <trkpt lat="49.379207" lon="15.668072">
      </trkpt>
      <trkpt lat="49.379526" lon="15.668721">
      </trkpt>
      <trkpt lat="49.378461" lon="15.676274">
      </trkpt>
      <trkpt lat="49.370335" lon="15.678438">
      </trkpt>
      <trkpt lat="49.368194" lon="15.681332">
      </trkpt>
      <trkpt lat="49.364434" lon="15.685587">
      </trkpt>
      <trkpt lat="49.355821" lon="15.6873">
      </trkpt>
      <trkpt lat="49.354855" lon="15.68836">
      </trkpt>
      <trkpt lat="49.354633" lon="15.689164">
      </trkpt>
      <trkpt lat="49.354703" lon="15.69055">
      </trkpt>
      <trkpt lat="49.35477" lon="15.690685">
      </trkpt>
      <trkpt lat="49.354785" lon="15.690713">
      </trkpt>
      <trkpt lat="49.355038" lon="15.690987">
      </trkpt>
      <trkpt lat="49.358359" lon="15.694008">
      </trkpt>
      <trkpt lat="49.358745" lon="15.702413">
      </trkpt>
      <trkpt lat="49.358578" lon="15.702993">
      </trkpt>
      <trkpt lat="49.358451" lon="15.703888">
      </trkpt>
      <trkpt lat="49.362016" lon="15.704392">
      </trkpt>
      <trkpt lat="49.364801" lon="15.712589">
      </trkpt>
      <trkpt lat="49.365753" lon="15.715304">
      </trkpt>
      <trkpt lat="49.366858" lon="15.720164">
      </trkpt>
      <trkpt lat="49.366932" lon="15.721158">
      </trkpt>
      <trkpt lat="49.367245" lon="15.723271">
      </trkpt>
      <trkpt lat="49.365055" lon="15.730027">
      </trkpt>
      <trkpt lat="49.358488" lon="15.733912">
      </trkpt>
      <trkpt lat="49.356294" lon="15.735382">
      </trkpt>
      <trkpt lat="49.353537" lon="15.739631">
      </trkpt>
      <trkpt lat="49.353224" lon="15.740119">
      </trkpt>
      <trkpt lat="49.353131" lon="15.740319">
      </trkpt>
      <trkpt lat="49.349917" lon="15.747754">
      </trkpt>
      <trkpt lat="49.350249" lon="15.74835">
      </trkpt>
      <trkpt lat="49.350898" lon="15.756364">
      </trkpt>
      <trkpt lat="49.350561" lon="15.757321">
      </trkpt>
      <trkpt lat="49.35033" lon="15.757922">
      </trkpt>
      <trkpt lat="49.350062" lon="15.758849">
      </trkpt>
      <trkpt lat="49.342022" lon="15.762416">
      </trkpt>
      <trkpt lat="49.341657" lon="15.762354">
      </trkpt>
      <trkpt lat="49.340554" lon="15.762487">
      </trkpt>
      <trkpt lat="49.339039" lon="15.762991">
      </trkpt>
      <trkpt lat="49.338138" lon="15.766477">
      </trkpt>
      <trkpt lat="49.338569" lon="15.76848">
      </trkpt>
      <trkpt lat="49.338518" lon="15.769863">
      </trkpt>
      <trkpt lat="49.338472" lon="15.77014">
      </trkpt>
      <trkpt lat="49.337998" lon="15.772286">
      </trkpt>
      <trkpt lat="49.330954" lon="15.775345">
      </trkpt>
      <trkpt lat="49.327367" lon="15.77565">
      </trkpt>
      <trkpt lat="49.325483" lon="15.777333">
      </trkpt>
      <trkpt lat="49.325797" lon="15.780765">
      </trkpt>
      <trkpt lat="49.327419" lon="15.784569">
      </trkpt>
      <trkpt lat="49.330227" lon="15.786822">
      </trkpt>
      <trkpt lat="49.332676" lon="15.79226">
      </trkpt>
      <trkpt lat="49.32479" lon="15.794051">
      </trkpt>
      <trkpt lat="49.321668" lon="15.792257">
      </trkpt>
      <trkpt lat="49.319758" lon="15.791423">
      </trkpt>
      <trkpt lat="49.315006" lon="15.788944">
      </trkpt>
      <trkpt lat="49.31392" lon="15.787972">
      </trkpt>
      <trkpt lat="49.31356" lon="15.787894">
      </trkpt>
      <trkpt lat="49.311409" lon="15.7888">
      </trkpt>
      <trkpt lat="49.311329" lon="15.789692">
      </trkpt>
      <trkpt lat="49.312192" lon="15.793309">
      </trkpt>
      <trkpt lat="49.313367" lon="15.801351">
      </trkpt>
      <trkpt lat="49.31078" lon="15.803725">
      </trkpt>
      <trkpt lat="49.310177" lon="15.803997">
      </trkpt>
      <trkpt lat="49.309716" lon="15.804332">
      </trkpt>
      <trkpt lat="49.309268" lon="15.804816">
      </trkpt>
      <trkpt lat="49.307565" lon="15.806858">
      </trkpt>
      <trkpt lat="49.309652" lon="15.809791">
      </trkpt>
      <trkpt lat="49.314036" lon="15.809215">
      </trkpt>
      <trkpt lat="49.317621" lon="15.809543">
      </trkpt>
      <trkpt lat="49.323874" lon="15.815521">
      </trkpt>
      <trkpt lat="49.323987" lon="15.815979">
      </trkpt>
      <trkpt lat="49.31861" lon="15.82302">
      </trkpt>
      <trkpt lat="49.317975" lon="15.82298">
      </trkpt>
      <trkpt lat="49.317751" lon="15.823036">
      </trkpt>
      <trkpt lat="49.315345" lon="15.824495">
      </trkpt>
      <trkpt lat="49.314388" lon="15.825289">
      </trkpt>
      <trkpt lat="49.313515" lon="15.826177">
      </trkpt>
      <trkpt lat="49.31508" lon="15.82877">
      </trkpt>
      <trkpt lat="49.315862" lon="15.829882">
      </trkpt>
      <trkpt lat="49.319446" lon="15.837102">
      </trkpt>
      <trkpt lat="49.318105" lon="15.843222">
      </trkpt>
      <trkpt lat="49.312478" lon="15.846998">
      </trkpt>
      <trkpt lat="49.311275" lon="15.847247">
      </trkpt>
      <trkpt lat="49.30338" lon="15.844431">
      </trkpt>
      <trkpt lat="49.302828" lon="15.843586">
      </trkpt>
      <trkpt lat="49.302626" lon="15.843402">
      </trkpt>
      <trkpt lat="49.302136" lon="15.843061">
      </trkpt>
      <trkpt lat="49.297269" lon="15.836756">
      </trkpt>
      <trkpt lat="49.297281" lon="15.833255">
      </trkpt>
      <trkpt lat="49.297417" lon="15.831952">
      </trkpt>
      <trkpt lat="49.297599" lon="15.830673">
      </trkpt>
      <trkpt lat="49.297664" lon="15.829525">
      </trkpt>
      <trkpt lat="49.297543" lon="15.828619">
      </trkpt>
      <trkpt lat="49.297182" lon="15.827519">
      </trkpt>
      <trkpt lat="49.295893" lon="15.82451">
      </trkpt>
      <trkpt lat="49.292295" lon="15.824385">
      </trkpt>
      <trkpt lat="49.291668" lon="15.827558">
      </trkpt>
      <trkpt lat="49.293335" lon="15.834712">
      </trkpt>
      <trkpt lat="49.293322" lon="15.835169">
      </trkpt>
      <trkpt lat="49.293738" lon="15.837457">
      </trkpt>
      <trkpt lat="49.294121" lon="15.839822">
      </trkpt>
      <trkpt lat="49.294136" lon="15.840529">
      </trkpt>
      <trkpt lat="49.294091" lon="15.842074">
      </trkpt>
      <trkpt lat="49.294059" lon="15.842606">
      </trkpt>
      <trkpt lat="49.294181" lon="15.843852">
      </trkpt>
      <trkpt lat="49.294048" lon="15.845834">
      </trkpt>
      <trkpt lat="49.285457" lon="15.847238">
      </trkpt>
      <trkpt lat="49.285206" lon="15.846838">
      </trkpt>
      <trkpt lat="49.282157" lon="15.848752">
      </trkpt>
      <trkpt lat="49.275582" lon="15.85324">
      </trkpt>
      <trkpt lat="49.267866" lon="15.850152">
      </trkpt>
      <trkpt lat="49.267856" lon="15.846533">
      </trkpt>
      <trkpt lat="49.268748" lon="15.844284">
      </trkpt>
      <trkpt lat="49.271145" lon="15.841652">
      </trkpt>
      <trkpt lat="49.271554" lon="15.841032">
      </trkpt>
      <trkpt lat="49.272771" lon="15.838806">
      </trkpt>
      <trkpt lat="49.273628" lon="15.83667">
      </trkpt>
      <trkpt lat="49.270286" lon="15.83533">
      </trkpt>
      <trkpt lat="49.26943" lon="15.837466">
      </trkpt>
      <trkpt lat="49.262993" lon="15.842042">
      </trkpt>
      <trkpt lat="49.256679" lon="15.845">
      </trkpt>
      <trkpt lat="49.256634" lon="15.845677">
      </trkpt>
      <trkpt lat="49.256491" lon="15.85046">
      </trkpt>
      <trkpt lat="49.2563" lon="15.853042">
      </trkpt>
      <trkpt lat="49.256329" lon="15.853797">
      </trkpt>
      <trkpt lat="49.255868" lon="15.857728">
      </trkpt>
      <trkpt lat="49.247201" lon="15.858811">
      </trkpt>
      <trkpt lat="49.244038" lon="15.857091">
      </trkpt>
      <trkpt lat="49.241694" lon="15.855055">
      </trkpt>
      <trkpt lat="49.241412" lon="15.854721">
      </trkpt>
      <trkpt lat="49.240632" lon="15.855263">
      </trkpt>
      <trkpt lat="49.239421" lon="15.85627">
      </trkpt>
      <trkpt lat="49.238985" lon="15.856681">
      </trkpt>
      <trkpt lat="49.238661" lon="15.857042">
      </trkpt>
      <trkpt lat="49.232326" lon="15.860608">
      </trkpt>
      <trkpt lat="49.226812" lon="15.855162">
      </trkpt>
      <trkpt lat="49.223306" lon="15.854345">
      </trkpt>
      <trkpt lat="49.221439" lon="15.858699">
      </trkpt>
      <trkpt lat="49.217143" lon="15.862576">
      </trkpt>
      <trkpt lat="49.21552" lon="15.863604">
      </trkpt>
      <trkpt lat="49.214752" lon="15.864281">
      </trkpt>
      <trkpt lat="49.214252" lon="15.865931">
      </trkpt>
      <trkpt lat="49.214411" lon="15.866503">
      </trkpt>
      <trkpt lat="49.214854" lon="15.870169">
      </trkpt>
      <trkpt lat="49.212475" lon="15.876877">
      </trkpt>
      <trkpt lat="49.211078" lon="15.878688">
      </trkpt>
      <trkpt lat="49.210333" lon="15.881787">
      </trkpt>
      <trkpt lat="49.206679" lon="15.887">
      </trkpt>
      <trkpt lat="49.205647" lon="15.888719">
      </trkpt>
      <trkpt lat="49.203873" lon="15.895567">
      </trkpt>
      <trkpt lat="49.203989" lon="15.89591">
      </trkpt>
      <trkpt lat="49.207489" lon="15.899106">
      </trkpt>
      <trkpt lat="49.211276" lon="15.905602">
      </trkpt>
      <trkpt lat="49.211811" lon="15.909377">
      </trkpt>
      <trkpt lat="49.21169" lon="15.911914">
      </trkpt>
      <trkpt lat="49.213242" lon="15.919559">
      </trkpt>
      <trkpt lat="49.21323" lon="15.920793">
      </trkpt>
      <trkpt lat="49.21326" lon="15.922243">
      </trkpt>
      <trkpt lat="49.213294" lon="15.924411">
      </trkpt>
      <trkpt lat="49.213214" lon="15.927325">
      </trkpt>
      <trkpt lat="49.213259" lon="15.928855">
      </trkpt>
      <trkpt lat="49.213254" lon="15.930596">
      </trkpt>
      <trkpt lat="49.213249" lon="15.932397">
      </trkpt>
      <trkpt lat="49.213286" lon="15.932994">
      </trkpt>
      <trkpt lat="49.213385" lon="15.933847">
      </trkpt>
      <trkpt lat="49.21537" lon="15.938147">
      </trkpt>
      <trkpt lat="49.213221" lon="15.942889">
      </trkpt>
      <trkpt lat="49.21302" lon="15.945082">
      </trkpt>
      <trkpt lat="49.212778" lon="15.94768">
      </trkpt>
      <trkpt lat="49.2127" lon="15.949063">
      </trkpt>
      <trkpt lat="49.212631" lon="15.949913">
      </trkpt>
      <trkpt lat="49.21216" lon="15.952513">
      </trkpt>
      <trkpt lat="49.211972" lon="15.95349">
      </trkpt>
      <trkpt lat="49.211787" lon="15.954928">
      </trkpt>
      <trkpt lat="49.21175" lon="15.955859">
      </trkpt>
      <trkpt lat="49.21167" lon="15.957788">
      </trkpt>
      <trkpt lat="49.211485" lon="15.95918">
      </trkpt>
      <trkpt lat="49.211446" lon="15.959701">
      </trkpt>
      <trkpt lat="49.211439" lon="15.960227">
      </trkpt>
      <trkpt lat="49.211492" lon="15.961194">
      </trkpt>
      <trkpt lat="49.211537" lon="15.962568">
      </trkpt>
      <trkpt lat="49.211454" lon="15.96416">
      </trkpt>
      <trkpt lat="49.211005" lon="15.966819">
      </trkpt>
      <trkpt lat="49.203152" lon="15.968765">
      </trkpt>
      <trkpt lat="49.19606" lon="15.969165">
      </trkpt>
      <trkpt lat="49.192461" lon="15.969262">
      </trkpt>
      <trkpt lat="49.192528" lon="15.971757">
      </trkpt>
      <trkpt lat="49.185643" lon="15.975322">
      </trkpt>
      <trkpt lat="49.180743" lon="15.969529">
      </trkpt>
      <trkpt lat="49.181502" lon="15.963492">
      </trkpt>
      <trkpt lat="49.180387" lon="15.958145">
      </trkpt>
      <trkpt lat="49.179337" lon="15.957369">
      </trkpt>
      <trkpt lat="49.178941" lon="15.95715">
      </trkpt>
      <trkpt lat="49.178337" lon="15.956886">
      </trkpt>
      <trkpt lat="49.176846" lon="15.957498">
      </trkpt>
      <trkpt lat="49.176645" lon="15.958592">
      </trkpt>
      <trkpt lat="49.176159" lon="15.961226">
      </trkpt>
      <trkpt lat="49.173185" lon="15.966985">
      </trkpt>
      <trkpt lat="49.17274" lon="15.967584">
      </trkpt>
      <trkpt lat="49.172629" lon="15.967825">
      </trkpt>
      <trkpt lat="49.172002" lon="15.970921">
      </trkpt>
      <trkpt lat="49.165834" lon="15.977108">
      </trkpt>
      <trkpt lat="49.164445" lon="15.977248">
      </trkpt>
      <trkpt lat="49.156099" lon="15.974201">
      </trkpt>
      <trkpt lat="49.155849" lon="15.974108">
      </trkpt>
      <trkpt lat="49.153943" lon="15.974535">
      </trkpt>
      <trkpt lat="49.153643" lon="15.97484">
      </trkpt>
      <trkpt lat="49.153581" lon="15.975067">
      </trkpt>
      <trkpt lat="49.154603" lon="15.977486">
      </trkpt>
      <trkpt lat="49.155614" lon="15.979604">
      </trkpt>
      <trkpt lat="49.15677" lon="15.980192">
      </trkpt>
      <trkpt lat="49.157856" lon="15.980798">
      </trkpt>
      <trkpt lat="49.159364" lon="15.981759">
      </trkpt>
      <trkpt lat="49.160331" lon="15.982209">
      </trkpt>
      <trkpt lat="49.162307" lon="15.982847">
      </trkpt>
      <trkpt lat="49.162647" lon="15.983004">
      </trkpt>
      <trkpt lat="49.167252" lon="15.990134">
      </trkpt>
      <trkpt lat="49.167202" lon="15.991118">
      </trkpt>
      <trkpt lat="49.166847" lon="15.993209">
      </trkpt>
      <trkpt lat="49.158411" lon="15.995491">
      </trkpt>
      <trkpt lat="49.151183" lon="15.998839">
      </trkpt>
      <trkpt lat="49.148025" lon="16.000565">
      </trkpt>
      <trkpt lat="49.139439" lon="16.001445">
      </trkpt>
      <trkpt lat="49.139058" lon="15.997866">
      </trkpt>
      <trkpt lat="49.139254" lon="15.994511">
      </trkpt>
      <trkpt lat="49.139347" lon="15.993897">
      </trkpt>
      <trkpt lat="49.139372" lon="15.993033">
      </trkpt>
      <trkpt lat="49.139425" lon="15.992372">
      </trkpt>
      <trkpt lat="49.139718" lon="15.990756">
      </trkpt>
      <trkpt lat="49.14009" lon="15.988989">
      </trkpt>
      <trkpt lat="49.140153" lon="15.987683">
      </trkpt>
      <trkpt lat="49.136557" lon="15.987511">
      </trkpt>
      <trkpt lat="49.136494" lon="15.988817">
      </trkpt>
      <trkpt lat="49.136207" lon="15.98996">
      </trkpt>
      <trkpt lat="49.135883" lon="15.991726">
      </trkpt>
      <trkpt lat="49.135296" lon="15.993935">
      </trkpt>
      <trkpt lat="49.134603" lon="15.99499">
      </trkpt>
      <trkpt lat="49.134267" lon="15.995979">
      </trkpt>
      <trkpt lat="49.134142" lon="15.99696">
      </trkpt>
      <trkpt lat="49.134099" lon="15.997879">
      </trkpt>
      <trkpt lat="49.134062" lon="15.998414">
      </trkpt>
      <trkpt lat="49.133804" lon="16.00047">
      </trkpt>
      <trkpt lat="49.13335" lon="16.002302">
      </trkpt>
      <trkpt lat="49.124679" lon="16.001339">
      </trkpt>
      <trkpt lat="49.124404" lon="15.997915">
      </trkpt>
      <trkpt lat="49.124734" lon="15.995518">
      </trkpt>
      <trkpt lat="49.124743" lon="15.994839">
      </trkpt>
      <trkpt lat="49.124654" lon="15.993891">
      </trkpt>
      <trkpt lat="49.124918" lon="15.992092">
      </trkpt>
      <trkpt lat="49.125009" lon="15.991265">
      </trkpt>
      <trkpt lat="49.126003" lon="15.988104">
      </trkpt>
      <trkpt lat="49.126287" lon="15.987591">
      </trkpt>
      <trkpt lat="49.127038" lon="15.985237">
      </trkpt>
      <trkpt lat="49.127414" lon="15.983994">
      </trkpt>
      <trkpt lat="49.123968" lon="15.982951">
      </trkpt>
      <trkpt lat="49.123592" lon="15.984194">
      </trkpt>
      <trkpt lat="49.121223" lon="15.987744">
      </trkpt>
      <trkpt lat="49.113521" lon="15.984837">
      </trkpt>
      <trkpt lat="49.109441" lon="15.977781">
      </trkpt>
      <trkpt lat="49.105844" lon="15.977635">
      </trkpt>
      <trkpt lat="49.105254" lon="15.980717">
      </trkpt>
      <trkpt lat="49.104392" lon="15.985369">
      </trkpt>
      <trkpt lat="49.103753" lon="15.988505">
      </trkpt>
      <trkpt lat="49.110571" lon="15.994216">
      </trkpt>
      <trkpt lat="49.110609" lon="15.99455">
      </trkpt>
      <trkpt lat="49.111282" lon="15.996333">
      </trkpt>
      <trkpt lat="49.112054" lon="15.998179">
      </trkpt>
      <trkpt lat="49.112823" lon="16.00002">
      </trkpt>
      <trkpt lat="49.113936" lon="16.003102">
      </trkpt>
      <trkpt lat="49.115114" lon="16.005513">
      </trkpt>
      <trkpt lat="49.115137" lon="16.005602">
      </trkpt>
      <trkpt lat="49.116009" lon="16.008631">
      </trkpt>
      <trkpt lat="49.107316" lon="16.010825">
      </trkpt>
      <trkpt lat="49.105643" lon="16.01004">
      </trkpt>
      <trkpt lat="49.105557" lon="16.010031">
      </trkpt>
      <trkpt lat="49.103719" lon="16.010669">
      </trkpt>
      <trkpt lat="49.103672" lon="16.011753">
      </trkpt>
      <trkpt lat="49.103644" lon="16.01279">
      </trkpt>
      <trkpt lat="49.103676" lon="16.013276">
      </trkpt>
      <trkpt lat="49.101574" lon="16.021587">
      </trkpt>
      <trkpt lat="49.102327" lon="16.022762">
      </trkpt>
      <trkpt lat="49.105334" lon="16.030943">
      </trkpt>
      <trkpt lat="49.105598" lon="16.036846">
      </trkpt>
      <trkpt lat="49.098156" lon="16.040334">
      </trkpt>
      <trkpt lat="49.095296" lon="16.04252">
      </trkpt>
      <trkpt lat="49.097103" lon="16.044886">
      </trkpt>
      <trkpt lat="49.098911" lon="16.047252">
      </trkpt>
      <trkpt lat="49.100735" lon="16.053904">
      </trkpt>
      <trkpt lat="49.10074" lon="16.056047">
      </trkpt>
      <trkpt lat="49.100455" lon="16.058146">
      </trkpt>
      <trkpt lat="49.098759" lon="16.065079">
      </trkpt>
      <trkpt lat="49.096531" lon="16.070285">
      </trkpt>
      <trkpt lat="49.095167" lon="16.073124">
      </trkpt>
      <trkpt lat="49.093377" lon="16.075324">
      </trkpt>
      <trkpt lat="49.095048" lon="16.081681">
      </trkpt>
      <trkpt lat="49.096356" lon="16.084322">
      </trkpt>
      <trkpt lat="49.097239" lon="16.085851">
      </trkpt>
      <trkpt lat="49.099391" lon="16.092667">
      </trkpt>
      <trkpt lat="49.099951" lon="16.096">
      </trkpt>
      <trkpt lat="49.099312" lon="16.10151">
      </trkpt>
      <trkpt lat="49.098153" lon="16.104334">
      </trkpt>
      <trkpt lat="49.100339" lon="16.108878">
      </trkpt>
      <trkpt lat="49.098917" lon="16.114374">
      </trkpt>
      <trkpt lat="49.098523" lon="16.115263">
      </trkpt>
      <trkpt lat="49.097943" lon="16.116653">
      </trkpt>
      <trkpt lat="49.097704" lon="16.117384">
      </trkpt>
      <trkpt lat="49.097241" lon="16.11925">
      </trkpt>
      <trkpt lat="49.09646" lon="16.122405">
      </trkpt>
      <trkpt lat="49.096309" lon="16.122866">
      </trkpt>
      <trkpt lat="49.095785" lon="16.124105">
      </trkpt>
      <trkpt lat="49.094386" lon="16.127338">
      </trkpt>
      <trkpt lat="49.092978" lon="16.130591">
      </trkpt>
      <trkpt lat="49.092379" lon="16.132183">
      </trkpt>
      <trkpt lat="49.084134" lon="16.132856">
      </trkpt>
      <trkpt lat="49.077168" lon="16.12792">
      </trkpt>
      <trkpt lat="49.076713" lon="16.124179">
      </trkpt>
      <trkpt lat="49.076069" lon="16.121409">
      </trkpt>
      <trkpt lat="49.077203" lon="16.113869">
      </trkpt>
      <trkpt lat="49.077526" lon="16.112693">
      </trkpt>
      <trkpt lat="49.074216" lon="16.109531">
      </trkpt>
      <trkpt lat="49.072946" lon="16.105102">
      </trkpt>
      <trkpt lat="49.075682" lon="16.100331">
      </trkpt>
      <trkpt lat="49.07604" lon="16.100082">
      </trkpt>
      <trkpt lat="49.076475" lon="16.099701">
      </trkpt>
      <trkpt lat="49.075736" lon="16.096138">
      </trkpt>
      <trkpt lat="49.073758" lon="16.090967">
      </trkpt>
      <trkpt lat="49.076169" lon="16.084954">
      </trkpt>
      <trkpt lat="49.077105" lon="16.08391">
      </trkpt>
      <trkpt lat="49.077608" lon="16.083298">
      </trkpt>
      <trkpt lat="49.077726" lon="16.082939">
      </trkpt>
      <trkpt lat="49.078573" lon="16.080445">
      </trkpt>
      <trkpt lat="49.078237" lon="16.079279">
      </trkpt>
      <trkpt lat="49.07683" lon="16.072376">
      </trkpt>
      <trkpt lat="49.072457" lon="16.065108">
      </trkpt>
      <trkpt lat="49.072718" lon="16.060387">
      </trkpt>
      <trkpt lat="49.071667" lon="16.05562">
      </trkpt>
      <trkpt lat="49.071483" lon="16.053418">
      </trkpt>
      <trkpt lat="49.070244" lon="16.053537">
      </trkpt>
      <trkpt lat="49.067895" lon="16.053718">
      </trkpt>
      <trkpt lat="49.063698" lon="16.055991">
      </trkpt>
      <trkpt lat="49.060141" lon="16.055436">
      </trkpt>
      <trkpt lat="49.056975" lon="16.048966">
      </trkpt>
      <trkpt lat="49.053476" lon="16.04812">
      </trkpt>
      <trkpt lat="49.053446" lon="16.048244">
      </trkpt>
      <trkpt lat="49.052768" lon="16.05105">
      </trkpt>
      <trkpt lat="49.048262" lon="16.055705">
      </trkpt>
      <trkpt lat="49.044796" lon="16.056678">
      </trkpt>
      <trkpt lat="49.045402" lon="16.058836">
      </trkpt>
      <trkpt lat="49.046008" lon="16.060995">
      </trkpt>
      <trkpt lat="49.046491" lon="16.061982">
      </trkpt>
      <trkpt lat="49.047637" lon="16.06285">
      </trkpt>
      <trkpt lat="49.047781" lon="16.062961">
      </trkpt>
      <trkpt lat="49.05035" lon="16.070972">
      </trkpt>
      <trkpt lat="49.049934" lon="16.07205">
      </trkpt>
      <trkpt lat="49.052263" lon="16.076444">
      </trkpt>
      <trkpt lat="49.052781" lon="16.078025">
      </trkpt>
      <trkpt lat="49.053553" lon="16.080097">
      </trkpt>
      <trkpt lat="49.05841" lon="16.080984">
      </trkpt>
      <trkpt lat="49.059465" lon="16.081709">
      </trkpt>
      <trkpt lat="49.061925" lon="16.083402">
      </trkpt>
      <trkpt lat="49.064385" lon="16.085094">
      </trkpt>
      <trkpt lat="49.062809" lon="16.09294">
      </trkpt>
      <trkpt lat="49.054089" lon="16.09209">
      </trkpt>
      <trkpt lat="49.050583" lon="16.092907">
      </trkpt>
      <trkpt lat="49.051149" lon="16.095337">
      </trkpt>
      <trkpt lat="49.052344" lon="16.100747">
      </trkpt>
      <trkpt lat="49.047041" lon="16.105538">
      </trkpt>
      <trkpt lat="49.039926" lon="16.108835">
      </trkpt>
      <trkpt lat="49.035086" lon="16.106141">
      </trkpt>
      <trkpt lat="49.03434" lon="16.105456">
      </trkpt>
      <trkpt lat="49.032854" lon="16.104946">
      </trkpt>
      <trkpt lat="49.032521" lon="16.104947">
      </trkpt>
      <trkpt lat="49.031232" lon="16.105974">
      </trkpt>
      <trkpt lat="49.031116" lon="16.106219">
      </trkpt>
      <trkpt lat="49.031178" lon="16.106328">
      </trkpt>
      <trkpt lat="49.03232" lon="16.108445">
      </trkpt>
      <trkpt lat="49.032463" lon="16.108822">
      </trkpt>
      <trkpt lat="49.033632" lon="16.114756">
      </trkpt>
      <trkpt lat="49.029071" lon="16.121765">
      </trkpt>
      <trkpt lat="49.027547" lon="16.126778">
      </trkpt>
      <trkpt lat="49.02604" lon="16.128928">
      </trkpt>
      <trkpt lat="49.025361" lon="16.130094">
      </trkpt>
      <trkpt lat="49.025197" lon="16.130439">
      </trkpt>
      <trkpt lat="49.022863" lon="16.133421">
      </trkpt>
      <trkpt lat="49.022428" lon="16.134032">
      </trkpt>
      <trkpt lat="49.022262" lon="16.134619">
      </trkpt>
      <trkpt lat="49.022323" lon="16.135486">
      </trkpt>
      <trkpt lat="49.023127" lon="16.137875">
      </trkpt>
      <trkpt lat="49.023351" lon="16.138815">
      </trkpt>
      <trkpt lat="49.023681" lon="16.140785">
      </trkpt>
      <trkpt lat="49.024036" lon="16.142872">
      </trkpt>
      <trkpt lat="49.024445" lon="16.145435">
      </trkpt>
      <trkpt lat="49.02446" lon="16.146801">
      </trkpt>
      <trkpt lat="49.021201" lon="16.153719">
      </trkpt>
      <trkpt lat="49.015365" lon="16.152228">
      </trkpt>
      <trkpt lat="49.011786" lon="16.151839">
      </trkpt>
      <trkpt lat="49.011735" lon="16.152308">
      </trkpt>
      <trkpt lat="49.011492" lon="16.153796">
      </trkpt>
      <trkpt lat="49.011327" lon="16.154979">
      </trkpt>
      <trkpt lat="49.011258" lon="16.155628">
      </trkpt>
      <trkpt lat="49.010901" lon="16.157835">
      </trkpt>
      <trkpt lat="49.010785" lon="16.158684">
      </trkpt>
      <trkpt lat="49.009044" lon="16.163342">
      </trkpt>
      <trkpt lat="49.00599" lon="16.165248">
      </trkpt>
      <trkpt lat="49.000349" lon="16.158541">
      </trkpt>
      <trkpt lat="48.998602" lon="16.158306">
      </trkpt>
      <trkpt lat="48.991827" lon="16.154143">
      </trkpt>
      <trkpt lat="48.991006" lon="16.151884">
      </trkpt>
      <trkpt lat="48.99218" lon="16.144164">
      </trkpt>
      <trkpt lat="48.993316" lon="16.141546">
      </trkpt>
      <trkpt lat="49.001048" lon="16.142199">
      </trkpt>
      <trkpt lat="49.004618" lon="16.142667">
      </trkpt>
      <trkpt lat="49.004938" lon="16.140971">
      </trkpt>
      <trkpt lat="49.005014" lon="16.140585">
      </trkpt>
      <trkpt lat="49.005124" lon="16.139469">
      </trkpt>
      <trkpt lat="49.005194" lon="16.138965">
      </trkpt>
      <trkpt lat="49.005368" lon="16.138063">
      </trkpt>
      <trkpt lat="49.005858" lon="16.135267">
      </trkpt>
      <trkpt lat="49.006343" lon="16.132498">
      </trkpt>
      <trkpt lat="49.006387" lon="16.131996">
      </trkpt>
      <trkpt lat="49.006339" lon="16.131436">
      </trkpt>
      <trkpt lat="49.006681" lon="16.12764">
      </trkpt>
      <trkpt lat="49.009601" lon="16.12261">
      </trkpt>
      <trkpt lat="49.010013" lon="16.122217">
      </trkpt>
      <trkpt lat="49.010411" lon="16.121729">
      </trkpt>
      <trkpt lat="49.010925" lon="16.121005">
      </trkpt>
      <trkpt lat="49.011117" lon="16.120611">
      </trkpt>
      <trkpt lat="49.011231" lon="16.120297">
      </trkpt>
      <trkpt lat="49.011757" lon="16.118495">
      </trkpt>
      <trkpt lat="49.012152" lon="16.117603">
      </trkpt>
      <trkpt lat="49.012959" lon="16.115855">
      </trkpt>
      <trkpt lat="49.013248" lon="16.115288">
      </trkpt>
      <trkpt lat="49.014376" lon="16.11321">
      </trkpt>
      <trkpt lat="49.014748" lon="16.112476">
      </trkpt>
      <trkpt lat="49.014939" lon="16.112017">
      </trkpt>
      <trkpt lat="49.015068" lon="16.11159">
      </trkpt>
      <trkpt lat="49.015187" lon="16.111019">
      </trkpt>
      <trkpt lat="49.015721" lon="16.109438">
      </trkpt>
      <trkpt lat="49.014213" lon="16.108187">
      </trkpt>
      <trkpt lat="49.012952" lon="16.107138">
      </trkpt>
      <trkpt lat="49.012624" lon="16.107533">
      </trkpt>
      <trkpt lat="49.012377" lon="16.107884">
      </trkpt>
      <trkpt lat="49.011327" lon="16.109397">
      </trkpt>
      <trkpt lat="49.003878" lon="16.111829">
      </trkpt>
      <trkpt lat="49.000287" lon="16.112084">
      </trkpt>
      <trkpt lat="48.998228" lon="16.118616">
      </trkpt>
      <trkpt lat="49.000895" lon="16.127034">
      </trkpt>
      <trkpt lat="48.998492" lon="16.133329">
      </trkpt>
      <trkpt lat="48.996716" lon="16.134382">
      </trkpt>
      <trkpt lat="48.995084" lon="16.13533">
      </trkpt>
      <trkpt lat="48.988322" lon="16.130296">
      </trkpt>
      <trkpt lat="48.987708" lon="16.125516">
      </trkpt>
      <trkpt lat="48.984433" lon="16.12402">
      </trkpt>
      <trkpt lat="48.981884" lon="16.123986">
      </trkpt>
      <trkpt lat="48.97418" lon="16.122576">
      </trkpt>
      <trkpt lat="48.970683" lon="16.123433">
      </trkpt>
      <trkpt lat="48.967765" lon="16.127016">
      </trkpt>
      <trkpt lat="48.960921" lon="16.124125">
      </trkpt>
      <trkpt lat="48.960621" lon="16.122941">
      </trkpt>
      <trkpt lat="48.962896" lon="16.117458">
      </trkpt>
      <trkpt lat="48.962941" lon="16.115024">
      </trkpt>
      <trkpt lat="48.962734" lon="16.114014">
      </trkpt>
      <trkpt lat="48.962466" lon="16.113349">
      </trkpt>
      <trkpt lat="48.964727" lon="16.104961">
      </trkpt>
      <trkpt lat="48.963701" lon="16.101511">
      </trkpt>
      <trkpt lat="48.960254" lon="16.097037">
      </trkpt>
      <trkpt lat="48.964497" lon="16.090679">
      </trkpt>
      <trkpt lat="48.964933" lon="16.087106">
      </trkpt>
      <trkpt lat="48.960792" lon="16.082864">
      </trkpt>
      <trkpt lat="48.957413" lon="16.081624">
      </trkpt>
      <trkpt lat="48.95489" lon="16.08422">
      </trkpt>
      <trkpt lat="48.952435" lon="16.089043">
      </trkpt>
      <trkpt lat="48.952702" lon="16.090343">
      </trkpt>
      <trkpt lat="48.953002" lon="16.092443">
      </trkpt>
      <trkpt lat="48.947929" lon="16.098713">
      </trkpt>
      <trkpt lat="48.945791" lon="16.098185">
      </trkpt>
      <trkpt lat="48.944429" lon="16.100384">
      </trkpt>
      <trkpt lat="48.943819" lon="16.10125">
      </trkpt>
      <trkpt lat="48.946366" lon="16.107009">
      </trkpt>
      <trkpt lat="48.947664" lon="16.108367">
      </trkpt>
      <trkpt lat="48.948878" lon="16.109674">
      </trkpt>
      <trkpt lat="48.953695" lon="16.116354">
      </trkpt>
      <trkpt lat="48.953135" lon="16.118641">
      </trkpt>
      <trkpt lat="48.951237" lon="16.121549">
      </trkpt>
      <trkpt lat="48.949574" lon="16.123257">
      </trkpt>
      <trkpt lat="48.949158" lon="16.123743">
      </trkpt>
      <trkpt lat="48.948739" lon="16.124416">
      </trkpt>
      <trkpt lat="48.947656" lon="16.126621">
      </trkpt>
      <trkpt lat="48.946804" lon="16.128478">
      </trkpt>
      <trkpt lat="48.946621" lon="16.129006">
      </trkpt>
      <trkpt lat="48.946503" lon="16.129577">
      </trkpt>
      <trkpt lat="48.94597" lon="16.132996">
      </trkpt>
      <trkpt lat="48.945377" lon="16.134293">
      </trkpt>
      <trkpt lat="48.944126" lon="16.137311">
      </trkpt>
      <trkpt lat="48.942173" lon="16.1413">
      </trkpt>
      <trkpt lat="48.933812" lon="16.143169">
      </trkpt>
      <trkpt lat="48.932672" lon="16.142563">
      </trkpt>
      <trkpt lat="48.930731" lon="16.141024">
      </trkpt>
      <trkpt lat="48.927708" lon="16.13303">
      </trkpt>
      <trkpt lat="48.929861" lon="16.130681">
      </trkpt>
      <trkpt lat="48.931974" lon="16.128374">
      </trkpt>
      <trkpt lat="48.933418" lon="16.12714">
      </trkpt>
      <trkpt lat="48.933847" lon="16.126435">
      </trkpt>
      <trkpt lat="48.933959" lon="16.125709">
      </trkpt>
      <trkpt lat="48.933951" lon="16.125555">
      </trkpt>
      <trkpt lat="48.932189" lon="16.123999">
      </trkpt>
      <trkpt lat="48.932158" lon="16.124">
      </trkpt>
      <trkpt lat="48.930883" lon="16.124539">
      </trkpt>
      <trkpt lat="48.930212" lon="16.125043">
      </trkpt>
      <trkpt lat="48.929399" lon="16.125858">
      </trkpt>
      <trkpt lat="48.927207" lon="16.128249">
      </trkpt>
      <trkpt lat="48.919192" lon="16.125167">
      </trkpt>
      <trkpt lat="48.919051" lon="16.12474">
      </trkpt>
      <trkpt lat="48.918624" lon="16.122451">
      </trkpt>
      <trkpt lat="48.918189" lon="16.120125">
      </trkpt>
      <trkpt lat="48.917755" lon="16.118083">
      </trkpt>
      <trkpt lat="48.917628" lon="16.117046">
      </trkpt>
      <trkpt lat="48.91745" lon="16.114459">
      </trkpt>
      <trkpt lat="48.917272" lon="16.111872">
      </trkpt>
      <trkpt lat="48.913681" lon="16.112119">
      </trkpt>
      <trkpt lat="48.913859" lon="16.114706">
      </trkpt>
      <trkpt lat="48.914036" lon="16.117292">
      </trkpt>
      <trkpt lat="48.910924" lon="16.123996">
      </trkpt>
      <trkpt lat="48.910474" lon="16.127568">
      </trkpt>
      <trkpt lat="48.911593" lon="16.127709">
      </trkpt>
      <trkpt lat="48.916777" lon="16.13277">
      </trkpt>
      <trkpt lat="48.915023" lon="16.137915">
      </trkpt>
      <trkpt lat="48.91408" lon="16.139115">
      </trkpt>
      <trkpt lat="48.90998" lon="16.146061">
      </trkpt>
      <trkpt lat="48.902082" lon="16.145156">
      </trkpt>
      <trkpt lat="48.901712" lon="16.138932">
      </trkpt>
      <trkpt lat="48.900878" lon="16.135699">
      </trkpt>
      <trkpt lat="48.897298" lon="16.135322">
      </trkpt>
      <trkpt lat="48.890923" lon="16.13401">
      </trkpt>
      <trkpt lat="48.887334" lon="16.134287">
      </trkpt>
      <trkpt lat="48.887416" lon="16.135358">
      </trkpt>
      <trkpt lat="48.887536" lon="16.135987">
      </trkpt>
      <trkpt lat="48.887707" lon="16.13652">
      </trkpt>
      <trkpt lat="48.885892" lon="16.144624">
      </trkpt>
      <trkpt lat="48.884634" lon="16.147996">
      </trkpt>
      <trkpt lat="48.877787" lon="16.148734">
      </trkpt>
      <trkpt lat="48.876617" lon="16.147682">
      </trkpt>
      <trkpt lat="48.874918" lon="16.144776">
      </trkpt>
      <trkpt lat="48.874553" lon="16.142581">
      </trkpt>
      <trkpt lat="48.874196" lon="16.140442">
      </trkpt>
      <trkpt lat="48.873951" lon="16.138618">
      </trkpt>
      <trkpt lat="48.870383" lon="16.139096">
      </trkpt>
      <trkpt lat="48.870628" lon="16.140921">
      </trkpt>
      <trkpt lat="48.871002" lon="16.143172">
      </trkpt>
      <trkpt lat="48.86228" lon="16.14508">
      </trkpt>
      <trkpt lat="48.861676" lon="16.14187">
      </trkpt>
      <trkpt lat="48.861" lon="16.138245">
      </trkpt>
      <trkpt lat="48.860324" lon="16.13462">
      </trkpt>
      <trkpt lat="48.859648" lon="16.130995">
      </trkpt>
      <trkpt lat="48.858973" lon="16.12737">
      </trkpt>
      <trkpt lat="48.866136" lon="16.121998">
      </trkpt>
      <trkpt lat="48.868404" lon="16.12224">
      </trkpt>
      <trkpt lat="48.868984" lon="16.122228">
      </trkpt>
      <trkpt lat="48.869912" lon="16.121898">
      </trkpt>
      <trkpt lat="48.872568" lon="16.121215">
      </trkpt>
      <trkpt lat="48.877846" lon="16.122115">
      </trkpt>
      <trkpt lat="48.881437" lon="16.121855">
      </trkpt>
      <trkpt lat="48.881194" lon="16.118507">
      </trkpt>
      <trkpt lat="48.881149" lon="16.118121">
      </trkpt>
      <trkpt lat="48.881144" lon="16.118075">
      </trkpt>
      <trkpt lat="48.881089" lon="16.117478">
      </trkpt>
      <trkpt lat="48.87977" lon="16.116402">
      </trkpt>
      <trkpt lat="48.879517" lon="16.116441">
      </trkpt>
      <trkpt lat="48.87553" lon="16.117087">
      </trkpt>
      <trkpt lat="48.8708" lon="16.111613">
      </trkpt>
      <trkpt lat="48.870763" lon="16.11081">
      </trkpt>
      <trkpt lat="48.876333" lon="16.104039">
      </trkpt>
      <trkpt lat="48.877174" lon="16.103933">
      </trkpt>
      <trkpt lat="48.878239" lon="16.102628">
      </trkpt>
      <trkpt lat="48.87987" lon="16.098126">
      </trkpt>
      <trkpt lat="48.877961" lon="16.096907">
      </trkpt>
      <trkpt lat="48.880267" lon="16.089001">
      </trkpt>
      <trkpt lat="48.881031" lon="16.088533">
      </trkpt>
      <trkpt lat="48.881917" lon="16.087961">
      </trkpt>
      <trkpt lat="48.88326" lon="16.087001">
      </trkpt>
      <trkpt lat="48.882501" lon="16.082664">
      </trkpt>
      <trkpt lat="48.878878" lon="16.079372">
      </trkpt>
      <trkpt lat="48.881148" lon="16.072404">
      </trkpt>
      <trkpt lat="48.881916" lon="16.0656">
      </trkpt>
      <trkpt lat="48.884622" lon="16.059871">
      </trkpt>
      <trkpt lat="48.88475" lon="16.058101">
      </trkpt>
      <trkpt lat="48.881348" lon="16.056924">
      </trkpt>
      <trkpt lat="48.881037" lon="16.057822">
      </trkpt>
      <trkpt lat="48.880292" lon="16.059431">
      </trkpt>
      <trkpt lat="48.878514" lon="16.064422">
      </trkpt>
      <trkpt lat="48.870483" lon="16.067684">
      </trkpt>
      <trkpt lat="48.868427" lon="16.067217">
      </trkpt>
      <trkpt lat="48.861443" lon="16.061592">
      </trkpt>
      <trkpt lat="48.861481" lon="16.061405">
      </trkpt>
      <trkpt lat="48.861435" lon="16.060818">
      </trkpt>
      <trkpt lat="48.861403" lon="16.060712">
      </trkpt>
      <trkpt lat="48.861309" lon="16.060467">
      </trkpt>
      <trkpt lat="48.861264" lon="16.060372">
      </trkpt>
      <trkpt lat="48.858377" lon="16.057997">
      </trkpt>
      <trkpt lat="48.856269" lon="16.058131">
      </trkpt>
      <trkpt lat="48.854829" lon="16.058603">
      </trkpt>
      <trkpt lat="48.851451" lon="16.060202">
      </trkpt>
      <trkpt lat="48.844629" lon="16.061049">
      </trkpt>
      <trkpt lat="48.841698" lon="16.060978">
      </trkpt>
      <trkpt lat="48.84169" lon="16.060986">
      </trkpt>
      <trkpt lat="48.841257" lon="16.062151">
      </trkpt>
      <trkpt lat="48.841365" lon="16.062957">
      </trkpt>
      <trkpt lat="48.841634" lon="16.070617">
      </trkpt>
      <trkpt lat="48.84224" lon="16.072607">
      </trkpt>
      <trkpt lat="48.84247" lon="16.073308">
      </trkpt>
      <trkpt lat="48.842912" lon="16.07493">
      </trkpt>
      <trkpt lat="48.843285" lon="16.076182">
      </trkpt>
      <trkpt lat="48.84393" lon="16.078223">
      </trkpt>
      <trkpt lat="48.844084" lon="16.07878">
      </trkpt>
      <trkpt lat="48.844492" lon="16.080099">
      </trkpt>
      <trkpt lat="48.845011" lon="16.082791">
      </trkpt>
      <trkpt lat="48.845042" lon="16.082975">
      </trkpt>
      <trkpt lat="48.845818" lon="16.085498">
      </trkpt>
      <trkpt lat="48.846758" lon="16.088345">
      </trkpt>
      <trkpt lat="48.847346" lon="16.092851">
      </trkpt>
      <trkpt lat="48.847267" lon="16.094133">
      </trkpt>
      <trkpt lat="48.849493" lon="16.097942">
      </trkpt>
      <trkpt lat="48.850837" lon="16.103126">
      </trkpt>
      <trkpt lat="48.851001" lon="16.104331">
      </trkpt>
      <trkpt lat="48.843726" lon="16.109426">
      </trkpt>
      <trkpt lat="48.842563" lon="16.109506">
      </trkpt>
      <trkpt lat="48.842317" lon="16.110324">
      </trkpt>
      <trkpt lat="48.839861" lon="16.113801">
      </trkpt>
      <trkpt lat="48.83381" lon="16.114979">
      </trkpt>
      <trkpt lat="48.830364" lon="16.113937">
      </trkpt>
      <trkpt lat="48.82587" lon="16.114286">
      </trkpt>
      <trkpt lat="48.819755" lon="16.107695">
      </trkpt>
      <trkpt lat="48.819868" lon="16.107176">
      </trkpt>
      <trkpt lat="48.819857" lon="16.107116">
      </trkpt>
      <trkpt lat="48.821476" lon="16.099492">
      </trkpt>
      <trkpt lat="48.823703" lon="16.09243">
      </trkpt>
      <trkpt lat="48.823811" lon="16.092246">
      </trkpt>
      <trkpt lat="48.824258" lon="16.091546">
      </trkpt>
      <trkpt lat="48.824894" lon="16.089323">
      </trkpt>
      <trkpt lat="48.822322" lon="16.087822">
      </trkpt>
      <trkpt lat="48.821595" lon="16.08788">
      </trkpt>
      <trkpt lat="48.819513" lon="16.091691">
      </trkpt>
      <trkpt lat="48.818873" lon="16.092692">
      </trkpt>
      <trkpt lat="48.818506" lon="16.093486">
      </trkpt>
      <trkpt lat="48.818095" lon="16.094943">
      </trkpt>
      <trkpt lat="48.817985" lon="16.095573">
      </trkpt>
      <trkpt lat="48.817857" lon="16.098865">
      </trkpt>
      <trkpt lat="48.812123" lon="16.105095">
      </trkpt>
      <trkpt lat="48.806068" lon="16.103277">
      </trkpt>
      <trkpt lat="48.802744" lon="16.101508">
      </trkpt>
      <trkpt lat="48.802089" lon="16.101272">
      </trkpt>
      <trkpt lat="48.801308" lon="16.10115">
      </trkpt>
      <trkpt lat="48.800281" lon="16.102842">
      </trkpt>
      <trkpt lat="48.800302" lon="16.103292">
      </trkpt>
      <trkpt lat="48.80081" lon="16.108882">
      </trkpt>
      <trkpt lat="48.805932" lon="16.111815">
      </trkpt>
      <trkpt lat="48.807307" lon="16.120026">
      </trkpt>
      <trkpt lat="48.807289" lon="16.120118">
      </trkpt>
      <trkpt lat="48.806857" lon="16.122238">
      </trkpt>
      <trkpt lat="48.806429" lon="16.124346">
      </trkpt>
      <trkpt lat="48.806021" lon="16.126275">
      </trkpt>
      <trkpt lat="48.805721" lon="16.127845">
      </trkpt>
      <trkpt lat="48.805327" lon="16.129611">
      </trkpt>
      <trkpt lat="48.808492" lon="16.137383">
      </trkpt>
      <trkpt lat="48.807498" lon="16.140902">
      </trkpt>
      <trkpt lat="48.807053" lon="16.142982">
      </trkpt>
      <trkpt lat="48.806986" lon="16.143664">
      </trkpt>
      <trkpt lat="48.811313" lon="16.149749">
      </trkpt>
      <trkpt lat="48.815685" lon="16.15564">
      </trkpt>
      <trkpt lat="48.814895" lon="16.159152">
      </trkpt>
      <trkpt lat="48.814648" lon="16.166899">
      </trkpt>
      <trkpt lat="48.812165" lon="16.16836">
      </trkpt>
      <trkpt lat="48.8121" lon="16.168849">
      </trkpt>
      <trkpt lat="48.811854" lon="16.170921">
      </trkpt>
      <trkpt lat="48.812604" lon="16.173867">
      </trkpt>
      <trkpt lat="48.813618" lon="16.182591">
      </trkpt>
      <trkpt lat="48.81052" lon="16.186899">
      </trkpt>
      <trkpt lat="48.810229" lon="16.187255">
      </trkpt>
      <trkpt lat="48.809627" lon="16.188186">
      </trkpt>
      <trkpt lat="48.809216" lon="16.188781">
      </trkpt>
      <trkpt lat="48.808748" lon="16.189532">
      </trkpt>
      <trkpt lat="48.805141" lon="16.194481">
      </trkpt>
      <trkpt lat="48.801576" lon="16.194982">
      </trkpt>
      <trkpt lat="48.802005" lon="16.198032">
      </trkpt>
      <trkpt lat="48.802115" lon="16.198747">
      </trkpt>
      <trkpt lat="48.80234" lon="16.206764">
      </trkpt>
      <trkpt lat="48.801344" lon="16.208747">
      </trkpt>
      <trkpt lat="48.80456" lon="16.210364">
      </trkpt>
      <trkpt lat="48.805557" lon="16.208382">
      </trkpt>
      <trkpt lat="48.806554" lon="16.206399">
      </trkpt>
      <trkpt lat="48.806863" lon="16.2057">
      </trkpt>
      <trkpt lat="48.809428" lon="16.201938">
      </trkpt>
      <trkpt lat="48.810548" lon="16.198376">
      </trkpt>
      <trkpt lat="48.811005" lon="16.197709">
      </trkpt>
      <trkpt lat="48.811488" lon="16.196878">
      </trkpt>
      <trkpt lat="48.811795" lon="16.196264">
      </trkpt>
      <trkpt lat="48.81257" lon="16.194562">
      </trkpt>
      <trkpt lat="48.813322" lon="16.19291">
      </trkpt>
      <trkpt lat="48.814128" lon="16.190907">
      </trkpt>
      <trkpt lat="48.818195" lon="16.183822">
      </trkpt>
      <trkpt lat="48.82475" lon="16.187307">
      </trkpt>
      <trkpt lat="48.826124" lon="16.18891">
      </trkpt>
      <trkpt lat="48.826719" lon="16.189405">
      </trkpt>
      <trkpt lat="48.829366" lon="16.196171">
      </trkpt>
      <trkpt lat="48.824158" lon="16.201233">
      </trkpt>
      <trkpt lat="48.823648" lon="16.203588">
      </trkpt>
      <trkpt lat="48.823139" lon="16.205943">
      </trkpt>
      <trkpt lat="48.822719" lon="16.20789">
      </trkpt>
      <trkpt lat="48.822298" lon="16.209838">
      </trkpt>
      <trkpt lat="48.824463" lon="16.216379">
      </trkpt>
      <trkpt lat="48.82803" lon="16.216868">
      </trkpt>
      <trkpt lat="48.82835" lon="16.21453">
      </trkpt>
      <trkpt lat="48.82838" lon="16.213999">
      </trkpt>
      <trkpt lat="48.828586" lon="16.212862">
      </trkpt>
      <trkpt lat="48.828843" lon="16.2113">
      </trkpt>
      <trkpt lat="48.829532" lon="16.207966">
      </trkpt>
      <trkpt lat="48.829615" lon="16.207462">
      </trkpt>
      <trkpt lat="48.829905" lon="16.206317">
      </trkpt>
      <trkpt lat="48.830464" lon="16.2043">
      </trkpt>
      <trkpt lat="48.831083" lon="16.202344">
      </trkpt>
      <trkpt lat="48.831925" lon="16.199849">
      </trkpt>
      <trkpt lat="48.832777" lon="16.197321">
      </trkpt>
      <trkpt lat="48.836118" lon="16.192756">
      </trkpt>
      <trkpt lat="48.836521" lon="16.191577">
      </trkpt>
      <trkpt lat="48.837562" lon="16.188489">
      </trkpt>
      <trkpt lat="48.838605" lon="16.18539">
      </trkpt>
      <trkpt lat="48.839649" lon="16.182292">
      </trkpt>
      <trkpt lat="48.840692" lon="16.179193">
      </trkpt>
      <trkpt lat="48.841328" lon="16.177307">
      </trkpt>
      <trkpt lat="48.84193" lon="16.175521">
      </trkpt>
      <trkpt lat="48.842794" lon="16.172967">
      </trkpt>
      <trkpt lat="48.849941" lon="16.168211">
      </trkpt>
      <trkpt lat="48.853162" lon="16.169364">
      </trkpt>
      <trkpt lat="48.858209" lon="16.175982">
      </trkpt>
      <trkpt lat="48.856899" lon="16.179832">
      </trkpt>
      <trkpt lat="48.856522" lon="16.180619">
      </trkpt>
      <trkpt lat="48.855235" lon="16.188807">
      </trkpt>
      <trkpt lat="48.853039" lon="16.191659">
      </trkpt>
      <trkpt lat="48.855921" lon="16.193878">
      </trkpt>
      <trkpt lat="48.858802" lon="16.196098">
      </trkpt>
      <trkpt lat="48.861684" lon="16.198317">
      </trkpt>
      <trkpt lat="48.864692" lon="16.200644">
      </trkpt>
      <trkpt lat="48.867702" lon="16.202973">
      </trkpt>
      <trkpt lat="48.869738" lon="16.207381">
      </trkpt>
      <trkpt lat="48.862992" lon="16.212771">
      </trkpt>
      <trkpt lat="48.861056" lon="16.211279">
      </trkpt>
      <trkpt lat="48.856315" lon="16.210638">
      </trkpt>
      <trkpt lat="48.848888" lon="16.214019">
      </trkpt>
      <trkpt lat="48.846605" lon="16.212241">
      </trkpt>
      <trkpt lat="48.84151" lon="16.211311">
      </trkpt>
      <trkpt lat="48.840012" lon="16.214293">
      </trkpt>
      <trkpt lat="48.837811" lon="16.217141">
      </trkpt>
      <trkpt lat="48.840194" lon="16.218983">
      </trkpt>
      <trkpt lat="48.842916" lon="16.218346">
      </trkpt>
      <trkpt lat="48.851242" lon="16.220416">
      </trkpt>
      <trkpt lat="48.853506" lon="16.228125">
      </trkpt>
      <trkpt lat="48.852515" lon="16.231038">
      </trkpt>
      <trkpt lat="48.851526" lon="16.233945">
      </trkpt>
      <trkpt lat="48.85093" lon="16.23568">
      </trkpt>
      <trkpt lat="48.850333" lon="16.237415">
      </trkpt>
      <trkpt lat="48.855192" lon="16.241927">
      </trkpt>
      <trkpt lat="48.857362" lon="16.244337">
      </trkpt>
      <trkpt lat="48.858636" lon="16.245711">
      </trkpt>
      <trkpt lat="48.861435" lon="16.249262">
      </trkpt>
      <trkpt lat="48.862163" lon="16.253738">
      </trkpt>
      <trkpt lat="48.859094" lon="16.258186">
      </trkpt>
      <trkpt lat="48.858278" lon="16.258846">
      </trkpt>
      <trkpt lat="48.857588" lon="16.259792">
      </trkpt>
      <trkpt lat="48.857328" lon="16.260512">
      </trkpt>
      <trkpt lat="48.85725" lon="16.261321">
      </trkpt>
      <trkpt lat="48.857242" lon="16.262402">
      </trkpt>
      <trkpt lat="48.852298" lon="16.267303">
      </trkpt>
      <trkpt lat="48.848062" lon="16.264143">
      </trkpt>
      <trkpt lat="48.844677" lon="16.264036">
      </trkpt>
      <trkpt lat="48.841703" lon="16.25577">
      </trkpt>
      <trkpt lat="48.842561" lon="16.253336">
      </trkpt>
      <trkpt lat="48.839165" lon="16.25214">
      </trkpt>
      <trkpt lat="48.838308" lon="16.254574">
      </trkpt>
      <trkpt lat="48.83745" lon="16.257008">
      </trkpt>
      <trkpt lat="48.836593" lon="16.259442">
      </trkpt>
      <trkpt lat="48.836055" lon="16.26101">
      </trkpt>
      <trkpt lat="48.838477" lon="16.264405">
      </trkpt>
      <trkpt lat="48.837835" lon="16.269478">
      </trkpt>
      <trkpt lat="48.831538" lon="16.270549">
      </trkpt>
      <trkpt lat="48.829749" lon="16.269122">
      </trkpt>
      <trkpt lat="48.828285" lon="16.266722">
      </trkpt>
      <trkpt lat="48.8252" lon="16.262024">
      </trkpt>
      <trkpt lat="48.825147" lon="16.259911">
      </trkpt>
      <trkpt lat="48.825093" lon="16.257911">
      </trkpt>
      <trkpt lat="48.825144" lon="16.255697">
      </trkpt>
      <trkpt lat="48.824406" lon="16.253554">
      </trkpt>
      <trkpt lat="48.822991" lon="16.249405">
      </trkpt>
      <trkpt lat="48.819469" lon="16.24866">
      </trkpt>
      <trkpt lat="48.818758" lon="16.252022">
      </trkpt>
      <trkpt lat="48.813088" lon="16.255279">
      </trkpt>
      <trkpt lat="48.809505" lon="16.254925">
      </trkpt>
      <trkpt lat="48.806186" lon="16.255757">
      </trkpt>
      <trkpt lat="48.805826" lon="16.259242">
      </trkpt>
      <trkpt lat="48.805466" lon="16.262727">
      </trkpt>
      <trkpt lat="48.805146" lon="16.265975">
      </trkpt>
      <trkpt lat="48.80485" lon="16.268855">
      </trkpt>
      <trkpt lat="48.804554" lon="16.271742">
      </trkpt>
      <trkpt lat="48.799517" lon="16.275207">
      </trkpt>
      <trkpt lat="48.795419" lon="16.270164">
      </trkpt>
      <trkpt lat="48.795651" lon="16.267902">
      </trkpt>
      <trkpt lat="48.795882" lon="16.265639">
      </trkpt>
      <trkpt lat="48.796114" lon="16.263378">
      </trkpt>
      <trkpt lat="48.796357" lon="16.261024">
      </trkpt>
      <trkpt lat="48.796599" lon="16.25867">
      </trkpt>
      <trkpt lat="48.793018" lon="16.258301">
      </trkpt>
      <trkpt lat="48.792776" lon="16.260655">
      </trkpt>
      <trkpt lat="48.792533" lon="16.263009">
      </trkpt>
      <trkpt lat="48.792301" lon="16.265273">
      </trkpt>
      <trkpt lat="48.792069" lon="16.267535">
      </trkpt>
      <trkpt lat="48.785922" lon="16.271635">
      </trkpt>
      <trkpt lat="48.782256" lon="16.265634">
      </trkpt>
      <trkpt lat="48.782542" lon="16.260096">
      </trkpt>
      <trkpt lat="48.783653" lon="16.257747">
      </trkpt>
      <trkpt lat="48.783867" lon="16.257121">
      </trkpt>
      <trkpt lat="48.784043" lon="16.256429">
      </trkpt>
      <trkpt lat="48.784633" lon="16.25361">
      </trkpt>
      <trkpt lat="48.785691" lon="16.250877">
      </trkpt>
      <trkpt lat="48.78678" lon="16.247446">
      </trkpt>
      <trkpt lat="48.787087" lon="16.243757">
      </trkpt>
      <trkpt lat="48.788105" lon="16.239128">
      </trkpt>
      <trkpt lat="48.788398" lon="16.238245">
      </trkpt>
      <trkpt lat="48.789642" lon="16.235601">
      </trkpt>
      <trkpt lat="48.788736" lon="16.234274">
      </trkpt>
      <trkpt lat="48.788727" lon="16.234265">
      </trkpt>
      <trkpt lat="48.78661" lon="16.233659">
      </trkpt>
      <trkpt lat="48.785995" lon="16.234621">
      </trkpt>
      <trkpt lat="48.782189" lon="16.239838">
      </trkpt>
      <trkpt lat="48.782031" lon="16.240225">
      </trkpt>
      <trkpt lat="48.780994" lon="16.24464">
      </trkpt>
      <trkpt lat="48.780141" lon="16.249665">
      </trkpt>
      <trkpt lat="48.781059" lon="16.253182">
      </trkpt>
      <trkpt lat="48.780521" lon="16.255683">
      </trkpt>
      <trkpt lat="48.771747" lon="16.255781">
      </trkpt>
      <trkpt lat="48.765933" lon="16.253156">
      </trkpt>
      <trkpt lat="48.765583" lon="16.252841">
      </trkpt>
      <trkpt lat="48.762988" lon="16.254034">
      </trkpt>
      <trkpt lat="48.762976" lon="16.254081">
      </trkpt>
      <trkpt lat="48.763174" lon="16.255516">
      </trkpt>
      <trkpt lat="48.765421" lon="16.263296">
      </trkpt>
      <trkpt lat="48.765608" lon="16.270299">
      </trkpt>
      <trkpt lat="48.768853" lon="16.276863">
      </trkpt>
      <trkpt lat="48.771091" lon="16.283885">
      </trkpt>
      <trkpt lat="48.767815" lon="16.289565">
      </trkpt>
      <trkpt lat="48.767864" lon="16.290076">
      </trkpt>
      <trkpt lat="48.767955" lon="16.290472">
      </trkpt>
      <trkpt lat="48.770835" lon="16.298615">
      </trkpt>
      <trkpt lat="48.772318" lon="16.298992">
      </trkpt>
      <trkpt lat="48.772523" lon="16.299015">
      </trkpt>
      <trkpt lat="48.773005" lon="16.299035">
      </trkpt>
      <trkpt lat="48.773268" lon="16.298916">
      </trkpt>
      <trkpt lat="48.774428" lon="16.298392">
      </trkpt>
      <trkpt lat="48.77633" lon="16.290997">
      </trkpt>
      <trkpt lat="48.776338" lon="16.290142">
      </trkpt>
      <trkpt lat="48.774643" lon="16.284469">
      </trkpt>
      <trkpt lat="48.782696" lon="16.282211">
      </trkpt>
      <trkpt lat="48.786295" lon="16.282127">
      </trkpt>
      <trkpt lat="48.792491" lon="16.277601">
      </trkpt>
      <trkpt lat="48.794666" lon="16.2781">
      </trkpt>
      <trkpt lat="48.795869" lon="16.27832">
      </trkpt>
      <trkpt lat="48.797063" lon="16.278504">
      </trkpt>
      <trkpt lat="48.799029" lon="16.278774">
      </trkpt>
      <trkpt lat="48.803172" lon="16.285316">
      </trkpt>
      <trkpt lat="48.802778" lon="16.289215">
      </trkpt>
      <trkpt lat="48.802382" lon="16.293132">
      </trkpt>
      <trkpt lat="48.80208" lon="16.296481">
      </trkpt>
      <trkpt lat="48.801998" lon="16.298689">
      </trkpt>
      <trkpt lat="48.801915" lon="16.300895">
      </trkpt>
      <trkpt lat="48.795689" lon="16.30637">
      </trkpt>
      <trkpt lat="48.792914" lon="16.305716">
      </trkpt>
      <trkpt lat="48.792088" lon="16.30922">
      </trkpt>
      <trkpt lat="48.794863" lon="16.309874">
      </trkpt>
      <trkpt lat="48.801664" lon="16.314428">
      </trkpt>
      <trkpt lat="48.803568" lon="16.316724">
      </trkpt>
      <trkpt lat="48.804385" lon="16.317387">
      </trkpt>
      <trkpt lat="48.80798" lon="16.317584">
      </trkpt>
      <trkpt lat="48.808087" lon="16.315631">
      </trkpt>
      <trkpt lat="48.808234" lon="16.313291">
      </trkpt>
      <trkpt lat="48.808382" lon="16.310936">
      </trkpt>
      <trkpt lat="48.806278" lon="16.303398">
      </trkpt>
      <trkpt lat="48.806364" lon="16.301225">
      </trkpt>
      <trkpt lat="48.806682" lon="16.299841">
      </trkpt>
      <trkpt lat="48.805678" lon="16.296615">
      </trkpt>
      <trkpt lat="48.805967" lon="16.293458">
      </trkpt>
      <trkpt lat="48.80636" lon="16.289577">
      </trkpt>
      <trkpt lat="48.806754" lon="16.285679">
      </trkpt>
      <trkpt lat="48.815166" lon="16.28313">
      </trkpt>
      <trkpt lat="48.816866" lon="16.291504">
      </trkpt>
      <trkpt lat="48.821875" lon="16.298934">
      </trkpt>
      <trkpt lat="48.821924" lon="16.301407">
      </trkpt>
      <trkpt lat="48.821648" lon="16.304693">
      </trkpt>
      <trkpt lat="48.821361" lon="16.305618">
      </trkpt>
      <trkpt lat="48.821536" lon="16.306852">
      </trkpt>
      <trkpt lat="48.822076" lon="16.310352">
      </trkpt>
      <trkpt lat="48.822869" lon="16.313495">
      </trkpt>
      <trkpt lat="48.823144" lon="16.317013">
      </trkpt>
      <trkpt lat="48.823263" lon="16.318876">
      </trkpt>
      <trkpt lat="48.823385" lon="16.320776">
      </trkpt>
      <trkpt lat="48.823459" lon="16.321958">
      </trkpt>
      <trkpt lat="48.823539" lon="16.322698">
      </trkpt>
      <trkpt lat="48.823526" lon="16.326707">
      </trkpt>
      <trkpt lat="48.823627" lon="16.330306">
      </trkpt>
      <trkpt lat="48.824583" lon="16.334277">
      </trkpt>
      <trkpt lat="48.818603" lon="16.339566">
      </trkpt>
      <trkpt lat="48.815059" lon="16.338931">
      </trkpt>
      <trkpt lat="48.814572" lon="16.341643">
      </trkpt>
      <trkpt lat="48.814086" lon="16.344356">
      </trkpt>
      <trkpt lat="48.805413" lon="16.342697">
      </trkpt>
      <trkpt lat="48.805786" lon="16.339077">
      </trkpt>
      <trkpt lat="48.806136" lon="16.335678">
      </trkpt>
      <trkpt lat="48.806487" lon="16.33228">
      </trkpt>
      <trkpt lat="48.802906" lon="16.331911">
      </trkpt>
      <trkpt lat="48.802555" lon="16.335309">
      </trkpt>
      <trkpt lat="48.802205" lon="16.338708">
      </trkpt>
      <trkpt lat="48.798" lon="16.34456">
      </trkpt>
      <trkpt lat="48.797858" lon="16.345821">
      </trkpt>
      <trkpt lat="48.794239" lon="16.352723">
      </trkpt>
      <trkpt lat="48.794737" lon="16.353714">
      </trkpt>
      <trkpt lat="48.795076" lon="16.354436">
      </trkpt>
      <trkpt lat="48.795756" lon="16.355834">
      </trkpt>
      <trkpt lat="48.796652" lon="16.3577">
      </trkpt>
      <trkpt lat="48.796877" lon="16.358247">
      </trkpt>
      <trkpt lat="48.797212" lon="16.358767">
      </trkpt>
      <trkpt lat="48.80019" lon="16.365866">
      </trkpt>
      <trkpt lat="48.800088" lon="16.371434">
      </trkpt>
      <trkpt lat="48.800317" lon="16.372926">
      </trkpt>
      <trkpt lat="48.800287" lon="16.378102">
      </trkpt>
      <trkpt lat="48.80008" lon="16.378899">
      </trkpt>
      <trkpt lat="48.799733" lon="16.380242">
      </trkpt>
      <trkpt lat="48.791252" lon="16.380799">
      </trkpt>
      <trkpt lat="48.788251" lon="16.375348">
      </trkpt>
      <trkpt lat="48.788202" lon="16.373382">
      </trkpt>
      <trkpt lat="48.784602" lon="16.373406">
      </trkpt>
      <trkpt lat="48.77597" lon="16.372069">
      </trkpt>
      <trkpt lat="48.775866" lon="16.368326">
      </trkpt>
      <trkpt lat="48.775776" lon="16.36458">
      </trkpt>
      <trkpt lat="48.775731" lon="16.363515">
      </trkpt>
      <trkpt lat="48.775673" lon="16.361214">
      </trkpt>
      <trkpt lat="48.775666" lon="16.36023">
      </trkpt>
      <trkpt lat="48.775606" lon="16.357493">
      </trkpt>
      <trkpt lat="48.775495" lon="16.354496">
      </trkpt>
      <trkpt lat="48.7755" lon="16.35257">
      </trkpt>
      <trkpt lat="48.775449" lon="16.352125">
      </trkpt>
      <trkpt lat="48.775411" lon="16.35081">
      </trkpt>
      <trkpt lat="48.775372" lon="16.348854">
      </trkpt>
      <trkpt lat="48.775333" lon="16.346899">
      </trkpt>
      <trkpt lat="48.771734" lon="16.34697">
      </trkpt>
      <trkpt lat="48.766943" lon="16.339592">
      </trkpt>
      <trkpt lat="48.767121" lon="16.337861">
      </trkpt>
      <trkpt lat="48.76354" lon="16.337492">
      </trkpt>
      <trkpt lat="48.762729" lon="16.341525">
      </trkpt>
      <trkpt lat="48.762557" lon="16.342335">
      </trkpt>
      <trkpt lat="48.762497" lon="16.343336">
      </trkpt>
      <trkpt lat="48.761953" lon="16.347473">
      </trkpt>
      <trkpt lat="48.755049" lon="16.353019">
      </trkpt>
      <trkpt lat="48.754903" lon="16.356616">
      </trkpt>
      <trkpt lat="48.755538" lon="16.360916">
      </trkpt>
      <trkpt lat="48.749747" lon="16.364118">
      </trkpt>
      <trkpt lat="48.746228" lon="16.364673">
      </trkpt>
      <trkpt lat="48.74623" lon="16.364761">
      </trkpt>
      <trkpt lat="48.746335" lon="16.367977">
      </trkpt>
      <trkpt lat="48.740128" lon="16.372551">
      </trkpt>
      <trkpt lat="48.740603" lon="16.374567">
      </trkpt>
      <trkpt lat="48.738921" lon="16.38028">
      </trkpt>
      <trkpt lat="48.733853" lon="16.380882">
      </trkpt>
      <trkpt lat="48.732958" lon="16.381048">
      </trkpt>
      <trkpt lat="48.732353" lon="16.381151">
      </trkpt>
      <trkpt lat="48.731565" lon="16.383432">
      </trkpt>
      <trkpt lat="48.731608" lon="16.3835">
      </trkpt>
      <trkpt lat="48.732238" lon="16.3841">
      </trkpt>
      <trkpt lat="48.732958" lon="16.3847">
      </trkpt>
      <trkpt lat="48.733563" lon="16.384597">
      </trkpt>
      <trkpt lat="48.737825" lon="16.383496">
      </trkpt>
      <trkpt lat="48.743057" lon="16.388455">
      </trkpt>
      <trkpt lat="48.743736" lon="16.391376">
      </trkpt>
      <trkpt lat="48.744028" lon="16.39268">
      </trkpt>
      <trkpt lat="48.750901" lon="16.391954">
      </trkpt>
      <trkpt lat="48.755205" lon="16.392361">
      </trkpt>
      <trkpt lat="48.757581" lon="16.390554">
      </trkpt>
      <trkpt lat="48.76486" lon="16.385521">
      </trkpt>
      <trkpt lat="48.766197" lon="16.38591">
      </trkpt>
      <trkpt lat="48.767718" lon="16.386634">
      </trkpt>
      <trkpt lat="48.768156" lon="16.386857">
      </trkpt>
      <trkpt lat="48.770112" lon="16.387942">
      </trkpt>
      <trkpt lat="48.77159" lon="16.388644">
      </trkpt>
      <trkpt lat="48.773613" lon="16.389499">
      </trkpt>
      <trkpt lat="48.775001" lon="16.390105">
      </trkpt>
      <trkpt lat="48.777441" lon="16.391373">
      </trkpt>
      <trkpt lat="48.779105" lon="16.392277">
      </trkpt>
      <trkpt lat="48.782605" lon="16.394226">
      </trkpt>
      <trkpt lat="48.783302" lon="16.394578">
      </trkpt>
      <trkpt lat="48.783807" lon="16.394759">
      </trkpt>
      <trkpt lat="48.784908" lon="16.395049">
      </trkpt>
      <trkpt lat="48.788344" lon="16.39548">
      </trkpt>
      <trkpt lat="48.793382" lon="16.400866">
      </trkpt>
      <trkpt lat="48.794459" lon="16.405781">
      </trkpt>
      <trkpt lat="48.795868" lon="16.413751">
      </trkpt>
      <trkpt lat="48.79542" lon="16.417496">
      </trkpt>
      <trkpt lat="48.794972" lon="16.42124">
      </trkpt>
      <trkpt lat="48.794527" lon="16.424959">
      </trkpt>
      <trkpt lat="48.788619" lon="16.430802">
      </trkpt>
      <trkpt lat="48.78211" lon="16.430482">
      </trkpt>
      <trkpt lat="48.779132" lon="16.428224">
      </trkpt>
      <trkpt lat="48.776957" lon="16.431093">
      </trkpt>
      <trkpt lat="48.773106" lon="16.438115">
      </trkpt>
      <trkpt lat="48.772428" lon="16.439485">
      </trkpt>
      <trkpt lat="48.771648" lon="16.440827">
      </trkpt>
      <trkpt lat="48.76344" lon="16.444071">
      </trkpt>
      <trkpt lat="48.762702" lon="16.447594">
      </trkpt>
      <trkpt lat="48.766102" lon="16.448306">
      </trkpt>
      <trkpt lat="48.769707" lon="16.452699">
      </trkpt>
      <trkpt lat="48.769822" lon="16.453076">
      </trkpt>
      <trkpt lat="48.765426" lon="16.460655">
      </trkpt>
      <trkpt lat="48.760208" lon="16.456839">
      </trkpt>
      <trkpt lat="48.758269" lon="16.455996">
      </trkpt>
      <trkpt lat="48.756834" lon="16.459298">
      </trkpt>
      <trkpt lat="48.748545" lon="16.458685">
      </trkpt>
      <trkpt lat="48.747744" lon="16.454543">
      </trkpt>
      <trkpt lat="48.747118" lon="16.451289">
      </trkpt>
      <trkpt lat="48.747663" lon="16.447962">
      </trkpt>
      <trkpt lat="48.746806" lon="16.442385">
      </trkpt>
      <trkpt lat="48.746844" lon="16.442198">
      </trkpt>
      <trkpt lat="48.745535" lon="16.436837">
      </trkpt>
      <trkpt lat="48.741938" lon="16.43697">
      </trkpt>
      <trkpt lat="48.741183" lon="16.442533">
      </trkpt>
      <trkpt lat="48.740478" lon="16.448011">
      </trkpt>
      <trkpt lat="48.741667" lon="16.455971">
      </trkpt>
      <trkpt lat="48.742853" lon="16.464158">
      </trkpt>
      <trkpt lat="48.741679" lon="16.466647">
      </trkpt>
      <trkpt lat="48.740709" lon="16.470114">
      </trkpt>
      <trkpt lat="48.742086" lon="16.470499">
      </trkpt>
      <trkpt lat="48.742898" lon="16.470774">
      </trkpt>
      <trkpt lat="48.747348" lon="16.476069">
      </trkpt>
      <trkpt lat="48.745162" lon="16.481422">
      </trkpt>
      <trkpt lat="48.739875" lon="16.48169">
      </trkpt>
      <trkpt lat="48.736361" lon="16.480685">
      </trkpt>
      <trkpt lat="48.735933" lon="16.480591">
      </trkpt>
      <trkpt lat="48.734343" lon="16.481356">
      </trkpt>
      <trkpt lat="48.734205" lon="16.482128">
      </trkpt>
      <trkpt lat="48.735166" lon="16.484109">
      </trkpt>
      <trkpt lat="48.735594" lon="16.484202">
      </trkpt>
      <trkpt lat="48.73888" lon="16.48515">
      </trkpt>
      <trkpt lat="48.742146" lon="16.486089">
      </trkpt>
      <trkpt lat="48.743142" lon="16.486117">
      </trkpt>
      <trkpt lat="48.750775" lon="16.489437">
      </trkpt>
      <trkpt lat="48.745838" lon="16.495405">
      </trkpt>
      <trkpt lat="48.742278" lon="16.495942">
      </trkpt>
      <trkpt lat="48.738124" lon="16.495742">
      </trkpt>
      <trkpt lat="48.734732" lon="16.494537">
      </trkpt>
      <trkpt lat="48.730739" lon="16.493167">
      </trkpt>
      <trkpt lat="48.727303" lon="16.490896">
      </trkpt>
      <trkpt lat="48.725358" lon="16.490426">
      </trkpt>
      <trkpt lat="48.724978" lon="16.490369">
      </trkpt>
      <trkpt lat="48.72185" lon="16.49076">
      </trkpt>
      <trkpt lat="48.71896" lon="16.492127">
      </trkpt>
      <trkpt lat="48.718925" lon="16.492269">
      </trkpt>
      <trkpt lat="48.718974" lon="16.494738">
      </trkpt>
      <trkpt lat="48.719212" lon="16.49652">
      </trkpt>
      <trkpt lat="48.72" lon="16.498564">
      </trkpt>
      <trkpt lat="48.720156" lon="16.498636">
      </trkpt>
      <trkpt lat="48.721236" lon="16.498775">
      </trkpt>
      <trkpt lat="48.727927" lon="16.500924">
      </trkpt>
      <trkpt lat="48.729534" lon="16.504675">
      </trkpt>
      <trkpt lat="48.724562" lon="16.51146">
      </trkpt>
      <trkpt lat="48.720964" lon="16.511344">
      </trkpt>
      <trkpt lat="48.720901" lon="16.51331">
      </trkpt>
      <trkpt lat="48.720837" lon="16.515277">
      </trkpt>
      <trkpt lat="48.717442" lon="16.522478">
      </trkpt>
      <trkpt lat="48.716047" lon="16.524152">
      </trkpt>
      <trkpt lat="48.718362" lon="16.527383">
      </trkpt>
      <trkpt lat="48.723923" lon="16.528642">
      </trkpt>
      <trkpt lat="48.731223" lon="16.531711">
      </trkpt>
      <trkpt lat="48.732524" lon="16.531356">
      </trkpt>
      <trkpt lat="48.73318" lon="16.530589">
      </trkpt>
      <trkpt lat="48.733632" lon="16.529872">
      </trkpt>
      <trkpt lat="48.739596" lon="16.52604">
      </trkpt>
      <trkpt lat="48.745148" lon="16.530692">
      </trkpt>
      <trkpt lat="48.745435" lon="16.533317">
      </trkpt>
      <trkpt lat="48.747513" lon="16.53775">
      </trkpt>
      <trkpt lat="48.749449" lon="16.543516">
      </trkpt>
      <trkpt lat="48.750798" lon="16.543652">
      </trkpt>
      <trkpt lat="48.753046" lon="16.543655">
      </trkpt>
      <trkpt lat="48.759485" lon="16.548293">
      </trkpt>
      <trkpt lat="48.762589" lon="16.554761">
      </trkpt>
      <trkpt lat="48.766066" lon="16.555694">
      </trkpt>
      <trkpt lat="48.768394" lon="16.552844">
      </trkpt>
      <trkpt lat="48.769742" lon="16.550263">
      </trkpt>
      <trkpt lat="48.774223" lon="16.547003">
      </trkpt>
      <trkpt lat="48.781309" lon="16.550503">
      </trkpt>
      <trkpt lat="48.783121" lon="16.553614">
      </trkpt>
      <trkpt lat="48.78798" lon="16.55384">
      </trkpt>
      <trkpt lat="48.7915" lon="16.553089">
      </trkpt>
      <trkpt lat="48.790915" lon="16.550347">
      </trkpt>
      <trkpt lat="48.798121" lon="16.54634">
      </trkpt>
      <trkpt lat="48.800342" lon="16.547955">
      </trkpt>
      <trkpt lat="48.801361" lon="16.555372">
      </trkpt>
      <trkpt lat="48.801023" lon="16.555896">
      </trkpt>
      <trkpt lat="48.800858" lon="16.556369">
      </trkpt>
      <trkpt lat="48.799621" lon="16.55828">
      </trkpt>
      <trkpt lat="48.797664" lon="16.559823">
      </trkpt>
      <trkpt lat="48.796755" lon="16.563156">
      </trkpt>
      <trkpt lat="48.796842" lon="16.563417">
      </trkpt>
      <trkpt lat="48.797491" lon="16.564249">
      </trkpt>
      <trkpt lat="48.7979" lon="16.564659">
      </trkpt>
      <trkpt lat="48.803963" lon="16.569247">
      </trkpt>
      <trkpt lat="48.804845" lon="16.576384">
      </trkpt>
      <trkpt lat="48.804146" lon="16.578439">
      </trkpt>
      <trkpt lat="48.80206" lon="16.582698">
      </trkpt>
      <trkpt lat="48.80187" lon="16.583065">
      </trkpt>
      <trkpt lat="48.801728" lon="16.583432">
      </trkpt>
      <trkpt lat="48.801598" lon="16.583891">
      </trkpt>
      <trkpt lat="48.801232" lon="16.585244">
      </trkpt>
      <trkpt lat="48.801077" lon="16.585797">
      </trkpt>
      <trkpt lat="48.800793" lon="16.58691">
      </trkpt>
      <trkpt lat="48.800649" lon="16.587763">
      </trkpt>
      <trkpt lat="48.800605" lon="16.58862">
      </trkpt>
      <trkpt lat="48.80068" lon="16.589317">
      </trkpt>
      <trkpt lat="48.800761" lon="16.590309">
      </trkpt>
      <trkpt lat="48.804316" lon="16.590983">
      </trkpt>
      <trkpt lat="48.804359" lon="16.590414">
      </trkpt>
      <trkpt lat="48.804308" lon="16.589121">
      </trkpt>
      <trkpt lat="48.804561" lon="16.586702">
      </trkpt>
      <trkpt lat="48.804775" lon="16.585996">
      </trkpt>
      <trkpt lat="48.805865" lon="16.583988">
      </trkpt>
      <trkpt lat="48.806493" lon="16.582804">
      </trkpt>
      <trkpt lat="48.807564" lon="16.57957">
      </trkpt>
      <trkpt lat="48.808253" lon="16.577543">
      </trkpt>
      <trkpt lat="48.808803" lon="16.575932">
      </trkpt>
      <trkpt lat="48.813666" lon="16.573064">
      </trkpt>
      <trkpt lat="48.817725" lon="16.579077">
      </trkpt>
      <trkpt lat="48.816717" lon="16.582533">
      </trkpt>
      <trkpt lat="48.816683" lon="16.584882">
      </trkpt>
      <trkpt lat="48.816463" lon="16.585686">
      </trkpt>
      <trkpt lat="48.819642" lon="16.588105">
      </trkpt>
      <trkpt lat="48.821313" lon="16.596682">
      </trkpt>
      <trkpt lat="48.816249" lon="16.59681">
      </trkpt>
      <trkpt lat="48.815429" lon="16.597654">
      </trkpt>
      <trkpt lat="48.813236" lon="16.599529">
      </trkpt>
      <trkpt lat="48.813103" lon="16.600098">
      </trkpt>
      <trkpt lat="48.812664" lon="16.601817">
      </trkpt>
      <trkpt lat="48.812216" lon="16.603575">
      </trkpt>
      <trkpt lat="48.811592" lon="16.605334">
      </trkpt>
      <trkpt lat="48.81106" lon="16.606362">
      </trkpt>
      <trkpt lat="48.81086" lon="16.606797">
      </trkpt>
      <trkpt lat="48.810633" lon="16.607421">
      </trkpt>
      <trkpt lat="48.810542" lon="16.607717">
      </trkpt>
      <trkpt lat="48.810457" lon="16.608098">
      </trkpt>
      <trkpt lat="48.810391" lon="16.608777">
      </trkpt>
      <trkpt lat="48.810393" lon="16.60914">
      </trkpt>
      <trkpt lat="48.810456" lon="16.609755">
      </trkpt>
      <trkpt lat="48.810836" lon="16.612258">
      </trkpt>
      <trkpt lat="48.807769" lon="16.620146">
      </trkpt>
      <trkpt lat="48.804558" lon="16.621925">
      </trkpt>
      <trkpt lat="48.799695" lon="16.62217">
      </trkpt>
      <trkpt lat="48.79807" lon="16.622943">
      </trkpt>
      <trkpt lat="48.796444" lon="16.623715">
      </trkpt>
      <trkpt lat="48.797502" lon="16.627416">
      </trkpt>
      <trkpt lat="48.792728" lon="16.632169">
      </trkpt>
      <trkpt lat="48.792191" lon="16.632278">
      </trkpt>
      <trkpt lat="48.79155" lon="16.63249">
      </trkpt>
      <trkpt lat="48.790755" lon="16.632895">
      </trkpt>
      <trkpt lat="48.790241" lon="16.633265">
      </trkpt>
      <trkpt lat="48.78234" lon="16.633652">
      </trkpt>
      <trkpt lat="48.780418" lon="16.63081">
      </trkpt>
      <trkpt lat="48.778303" lon="16.625147">
      </trkpt>
      <trkpt lat="48.778419" lon="16.623539">
      </trkpt>
      <trkpt lat="48.778619" lon="16.62212">
      </trkpt>
      <trkpt lat="48.778863" lon="16.621067">
      </trkpt>
      <trkpt lat="48.779103" lon="16.620332">
      </trkpt>
      <trkpt lat="48.779274" lon="16.619686">
      </trkpt>
      <trkpt lat="48.779327" lon="16.618986">
      </trkpt>
      <trkpt lat="48.779248" lon="16.618394">
      </trkpt>
      <trkpt lat="48.782284" lon="16.610404">
      </trkpt>
      <trkpt lat="48.782415" lon="16.609827">
      </trkpt>
      <trkpt lat="48.782571" lon="16.607427">
      </trkpt>
      <trkpt lat="48.7788" lon="16.599301">
      </trkpt>
      <trkpt lat="48.775209" lon="16.599045">
      </trkpt>
      <trkpt lat="48.770049" lon="16.604088">
      </trkpt>
      <trkpt lat="48.769314" lon="16.607612">
      </trkpt>
      <trkpt lat="48.770285" lon="16.611361">
      </trkpt>
      <trkpt lat="48.767463" lon="16.619013">
      </trkpt>
      <trkpt lat="48.763165" lon="16.619485">
      </trkpt>
      <trkpt lat="48.761244" lon="16.622536">
      </trkpt>
      <trkpt lat="48.760088" lon="16.624724">
      </trkpt>
      <trkpt lat="48.760007" lon="16.625397">
      </trkpt>
      <trkpt lat="48.759956" lon="16.625845">
      </trkpt>
      <trkpt lat="48.755512" lon="16.631876">
      </trkpt>
      <trkpt lat="48.753638" lon="16.632288">
      </trkpt>
      <trkpt lat="48.752891" lon="16.632429">
      </trkpt>
      <trkpt lat="48.752056" lon="16.632536">
      </trkpt>
      <trkpt lat="48.750497" lon="16.63255">
      </trkpt>
      <trkpt lat="48.74551" lon="16.62623">
      </trkpt>
      <trkpt lat="48.745406" lon="16.624912">
      </trkpt>
      <trkpt lat="48.743864" lon="16.618213">
      </trkpt>
      <trkpt lat="48.743969" lon="16.617395">
      </trkpt>
      <trkpt lat="48.744784" lon="16.612736">
      </trkpt>
      <trkpt lat="48.74495" lon="16.612359">
      </trkpt>
      <trkpt lat="48.745111" lon="16.61191">
      </trkpt>
      <trkpt lat="48.743767" lon="16.610519">
      </trkpt>
      <trkpt lat="48.741439" lon="16.608742">
      </trkpt>
      <trkpt lat="48.741402" lon="16.608753">
      </trkpt>
      <trkpt lat="48.740191" lon="16.610105">
      </trkpt>
      <trkpt lat="48.739711" lon="16.61175">
      </trkpt>
      <trkpt lat="48.737979" lon="16.619129">
      </trkpt>
      <trkpt lat="48.737466" lon="16.621134">
      </trkpt>
      <trkpt lat="48.741921" lon="16.626513">
      </trkpt>
      <trkpt lat="48.742033" lon="16.629252">
      </trkpt>
      <trkpt lat="48.735677" lon="16.635476">
      </trkpt>
      <trkpt lat="48.734759" lon="16.638957">
      </trkpt>
      <trkpt lat="48.734898" lon="16.640684">
      </trkpt>
      <trkpt lat="48.734968" lon="16.645732">
      </trkpt>
      <trkpt lat="48.73459" lon="16.647528">
      </trkpt>
      <trkpt lat="48.734417" lon="16.648219">
      </trkpt>
      <trkpt lat="48.734239" lon="16.648828">
      </trkpt>
      <trkpt lat="48.734017" lon="16.649491">
      </trkpt>
      <trkpt lat="48.733776" lon="16.650129">
      </trkpt>
      <trkpt lat="48.733528" lon="16.650718">
      </trkpt>
      <trkpt lat="48.732837" lon="16.652111">
      </trkpt>
      <trkpt lat="48.724934" lon="16.655231">
      </trkpt>
      <trkpt lat="48.724107" lon="16.65502">
      </trkpt>
      <trkpt lat="48.723216" lon="16.658508">
      </trkpt>
      <trkpt lat="48.7283" lon="16.66166">
      </trkpt>
      <trkpt lat="48.729376" lon="16.660976">
      </trkpt>
      <trkpt lat="48.737868" lon="16.659216">
      </trkpt>
      <trkpt lat="48.739632" lon="16.659829">
      </trkpt>
      <trkpt lat="48.748414" lon="16.661782">
      </trkpt>
      <trkpt lat="48.751501" lon="16.663499">
      </trkpt>
      <trkpt lat="48.752143" lon="16.663672">
      </trkpt>
      <trkpt lat="48.752979" lon="16.6637">
      </trkpt>
      <trkpt lat="48.753669" lon="16.663564">
      </trkpt>
      <trkpt lat="48.761757" lon="16.66581">
      </trkpt>
      <trkpt lat="48.765672" lon="16.670925">
      </trkpt>
      <trkpt lat="48.76624" lon="16.671098">
      </trkpt>
      <trkpt lat="48.766801" lon="16.671198">
      </trkpt>
      <trkpt lat="48.768109" lon="16.671313">
      </trkpt>
      <trkpt lat="48.769259" lon="16.670444">
      </trkpt>
      <trkpt lat="48.777825" lon="16.6717">
      </trkpt>
      <trkpt lat="48.777745" lon="16.673895">
      </trkpt>
      <trkpt lat="48.777669" lon="16.676021">
      </trkpt>
      <trkpt lat="48.776695" lon="16.679279">
      </trkpt>
      <trkpt lat="48.775669" lon="16.682653">
      </trkpt>
      <trkpt lat="48.774643" lon="16.686026">
      </trkpt>
      <trkpt lat="48.773548" lon="16.689743">
      </trkpt>
      <trkpt lat="48.773183" lon="16.693359">
      </trkpt>
      <trkpt lat="48.767443" lon="16.697226">
      </trkpt>
      <trkpt lat="48.763952" lon="16.698105">
      </trkpt>
      <trkpt lat="48.757359" lon="16.700912">
      </trkpt>
      <trkpt lat="48.754965" lon="16.701532">
      </trkpt>
      <trkpt lat="48.754465" lon="16.705097">
      </trkpt>
      <trkpt lat="48.756589" lon="16.705395">
      </trkpt>
      <trkpt lat="48.758714" lon="16.705693">
      </trkpt>
      <trkpt lat="48.761119" lon="16.706046">
      </trkpt>
      <trkpt lat="48.763597" lon="16.713267">
      </trkpt>
      <trkpt lat="48.76253" lon="16.715291">
      </trkpt>
      <trkpt lat="48.762319" lon="16.715913">
      </trkpt>
      <trkpt lat="48.76213" lon="16.716781">
      </trkpt>
      <trkpt lat="48.761752" lon="16.71858">
      </trkpt>
      <trkpt lat="48.761358" lon="16.720466">
      </trkpt>
      <trkpt lat="48.756408" lon="16.726774">
      </trkpt>
      <trkpt lat="48.753293" lon="16.728398">
      </trkpt>
      <trkpt lat="48.749515" lon="16.73168">
      </trkpt>
      <trkpt lat="48.747781" lon="16.73232">
      </trkpt>
      <trkpt lat="48.74153" lon="16.726993">
      </trkpt>
      <trkpt lat="48.740922" lon="16.722392">
      </trkpt>
      <trkpt lat="48.737336" lon="16.722086">
      </trkpt>
      <trkpt lat="48.734951" lon="16.729347">
      </trkpt>
      <trkpt lat="48.733306" lon="16.735866">
      </trkpt>
      <trkpt lat="48.733355" lon="16.740325">
      </trkpt>
      <trkpt lat="48.735211" lon="16.747083">
      </trkpt>
      <trkpt lat="48.735526" lon="16.74831">
      </trkpt>
      <trkpt lat="48.734646" lon="16.756109">
      </trkpt>
      <trkpt lat="48.73351" lon="16.759525">
      </trkpt>
      <trkpt lat="48.728205" lon="16.765077">
      </trkpt>
      <trkpt lat="48.722847" lon="16.77191">
      </trkpt>
      <trkpt lat="48.722942" lon="16.778415">
      </trkpt>
      <trkpt lat="48.726142" lon="16.780066">
      </trkpt>
      <trkpt lat="48.735092" lon="16.779789">
      </trkpt>
      <trkpt lat="48.738005" lon="16.784669">
      </trkpt>
      <trkpt lat="48.742559" lon="16.789173">
      </trkpt>
      <trkpt lat="48.74292" lon="16.792754">
      </trkpt>
      <trkpt lat="48.744629" lon="16.80068">
      </trkpt>
      <trkpt lat="48.744105" lon="16.801678">
      </trkpt>
      <trkpt lat="48.743843" lon="16.802305">
      </trkpt>
      <trkpt lat="48.743228" lon="16.80481">
      </trkpt>
      <trkpt lat="48.742553" lon="16.812118">
      </trkpt>
      <trkpt lat="48.742679" lon="16.815716">
      </trkpt>
      <trkpt lat="48.744967" lon="16.815636">
      </trkpt>
      <trkpt lat="48.749908" lon="16.821625">
      </trkpt>
      <trkpt lat="48.742436" lon="16.825202">
      </trkpt>
      <trkpt lat="48.73884" lon="16.825028">
      </trkpt>
      <trkpt lat="48.736121" lon="16.822463">
      </trkpt>
      <trkpt lat="48.73313" lon="16.824467">
      </trkpt>
      <trkpt lat="48.734626" lon="16.826699">
      </trkpt>
      <trkpt lat="48.736313" lon="16.829189">
      </trkpt>
      <trkpt lat="48.734046" lon="16.837217">
      </trkpt>
      <trkpt lat="48.732785" lon="16.837481">
      </trkpt>
      <trkpt lat="48.726171" lon="16.840069">
      </trkpt>
      <trkpt lat="48.721061" lon="16.837152">
      </trkpt>
      <trkpt lat="48.720244" lon="16.83018">
      </trkpt>
      <trkpt lat="48.721577" lon="16.827036">
      </trkpt>
      <trkpt lat="48.724289" lon="16.822527">
      </trkpt>
      <trkpt lat="48.724915" lon="16.819222">
      </trkpt>
      <trkpt lat="48.721599" lon="16.81782">
      </trkpt>
      <trkpt lat="48.718957" lon="16.818156">
      </trkpt>
      <trkpt lat="48.712077" lon="16.81823">
      </trkpt>
      <trkpt lat="48.709255" lon="16.817587">
      </trkpt>
      <trkpt lat="48.705693" lon="16.818112">
      </trkpt>
      <trkpt lat="48.701998" lon="16.824557">
      </trkpt>
      <trkpt lat="48.699596" lon="16.82664">
      </trkpt>
      <trkpt lat="48.699422" lon="16.827226">
      </trkpt>
      <trkpt lat="48.699234" lon="16.828712">
      </trkpt>
      <trkpt lat="48.699291" lon="16.828773">
      </trkpt>
      <trkpt lat="48.700887" lon="16.829518">
      </trkpt>
      <trkpt lat="48.706254" lon="16.832485">
      </trkpt>
      <trkpt lat="48.707878" lon="16.840972">
      </trkpt>
      <trkpt lat="48.708452" lon="16.844526">
      </trkpt>
      <trkpt lat="48.710336" lon="16.844221">
      </trkpt>
      <trkpt lat="48.711112" lon="16.844131">
      </trkpt>
      <trkpt lat="48.711978" lon="16.843793">
      </trkpt>
      <trkpt lat="48.719109" lon="16.847699">
      </trkpt>
      <trkpt lat="48.718267" lon="16.850469">
      </trkpt>
      <trkpt lat="48.718131" lon="16.850869">
      </trkpt>
      <trkpt lat="48.717872" lon="16.851652">
      </trkpt>
      <trkpt lat="48.717504" lon="16.853203">
      </trkpt>
      <trkpt lat="48.716956" lon="16.855866">
      </trkpt>
      <trkpt lat="48.716409" lon="16.858528">
      </trkpt>
      <trkpt lat="48.721007" lon="16.86398">
      </trkpt>
      <trkpt lat="48.716842" lon="16.867555">
      </trkpt>
      <trkpt lat="48.716562" lon="16.868758">
      </trkpt>
      <trkpt lat="48.718993" lon="16.871413">
      </trkpt>
      <trkpt lat="48.720269" lon="16.870245">
      </trkpt>
      <trkpt lat="48.722979" lon="16.869258">
      </trkpt>
      <trkpt lat="48.727414" lon="16.876499">
      </trkpt>
      <trkpt lat="48.724674" lon="16.878953">
      </trkpt>
      <trkpt lat="48.724827" lon="16.879761">
      </trkpt>
      <trkpt lat="48.7277" lon="16.882413">
      </trkpt>
      <trkpt lat="48.728163" lon="16.88193">
      </trkpt>
      <trkpt lat="48.73124" lon="16.878839">
      </trkpt>
      <trkpt lat="48.732588" lon="16.878102">
      </trkpt>
      <trkpt lat="48.739678" lon="16.880876">
      </trkpt>
      <trkpt lat="48.739175" lon="16.884441">
      </trkpt>
      <trkpt lat="48.740479" lon="16.884574">
      </trkpt>
      <trkpt lat="48.744305" lon="16.886901">
      </trkpt>
      <trkpt lat="48.743074" lon="16.895668">
      </trkpt>
      <trkpt lat="48.742154" lon="16.896924">
      </trkpt>
      <trkpt lat="48.743955" lon="16.898503">
      </trkpt>
      <trkpt lat="48.745828" lon="16.899936">
      </trkpt>
      <trkpt lat="48.747069" lon="16.907822">
      </trkpt>
      <trkpt lat="48.747005" lon="16.909824">
      </trkpt>
      <trkpt lat="48.746993" lon="16.91067">
      </trkpt>
      <trkpt lat="48.747237" lon="16.911314">
      </trkpt>
      <trkpt lat="48.747981" lon="16.912468">
      </trkpt>
      <trkpt lat="48.753899" lon="16.914894">
      </trkpt>
      <trkpt lat="48.757188" lon="16.916359">
      </trkpt>
      <trkpt lat="48.762702" lon="16.91862">
      </trkpt>
      <trkpt lat="48.764786" lon="16.919113">
      </trkpt>
      <trkpt lat="48.767138" lon="16.917078">
      </trkpt>
      <trkpt lat="48.768758" lon="16.916366">
      </trkpt>
      <trkpt lat="48.774552" lon="16.916644">
      </trkpt>
      <trkpt lat="48.780322" lon="16.92341">
      </trkpt>
      <trkpt lat="48.779015" lon="16.926147">
      </trkpt>
      <trkpt lat="48.778775" lon="16.926498">
      </trkpt>
      <trkpt lat="48.778528" lon="16.926837">
      </trkpt>
      <trkpt lat="48.777712" lon="16.928311">
      </trkpt>
      <trkpt lat="48.77562" lon="16.930369">
      </trkpt>
      <trkpt lat="48.774218" lon="16.931704">
      </trkpt>
      <trkpt lat="48.771975" lon="16.933779">
      </trkpt>
      <trkpt lat="48.769705" lon="16.935879">
      </trkpt>
      <trkpt lat="48.768371" lon="16.937164">
      </trkpt>
      <trkpt lat="48.760606" lon="16.935794">
      </trkpt>
      <trkpt lat="48.759983" lon="16.935114">
      </trkpt>
      <trkpt lat="48.759308" lon="16.934446">
      </trkpt>
      <trkpt lat="48.758907" lon="16.934136">
      </trkpt>
      <trkpt lat="48.757568" lon="16.933675">
      </trkpt>
      <trkpt lat="48.748929" lon="16.931353">
      </trkpt>
      <trkpt lat="48.746959" lon="16.92685">
      </trkpt>
      <trkpt lat="48.746784" lon="16.922482">
      </trkpt>
      <trkpt lat="48.74434" lon="16.924379">
      </trkpt>
      <trkpt lat="48.73741" lon="16.92676">
      </trkpt>
      <trkpt lat="48.733887" lon="16.92524">
      </trkpt>
      <trkpt lat="48.727303" lon="16.926988">
      </trkpt>
      <trkpt lat="48.725926" lon="16.927991">
      </trkpt>
      <trkpt lat="48.724848" lon="16.92962">
      </trkpt>
      <trkpt lat="48.723666" lon="16.935067">
      </trkpt>
      <trkpt lat="48.718919" lon="16.939763">
      </trkpt>
      <trkpt lat="48.713861" lon="16.940856">
      </trkpt>
      <trkpt lat="48.713823" lon="16.940855">
      </trkpt>
      <trkpt lat="48.713719" lon="16.944453">
      </trkpt>
      <trkpt lat="48.713757" lon="16.944454">
      </trkpt>
      <trkpt lat="48.715941" lon="16.944395">
      </trkpt>
      <trkpt lat="48.717642" lon="16.944068">
      </trkpt>
      <trkpt lat="48.723303" lon="16.95053">
      </trkpt>
      <trkpt lat="48.722819" lon="16.951559">
      </trkpt>
      <trkpt lat="48.720729" lon="16.953649">
      </trkpt>
      <trkpt lat="48.71985" lon="16.95711">
      </trkpt>
      <trkpt lat="48.719676" lon="16.959385">
      </trkpt>
      <trkpt lat="48.719965" lon="16.96213">
      </trkpt>
      <trkpt lat="48.716796" lon="16.969274">
      </trkpt>
      <trkpt lat="48.711564" lon="16.971166">
      </trkpt>
      <trkpt lat="48.707452" lon="16.967645">
      </trkpt>
      <trkpt lat="48.706571" lon="16.966033">
      </trkpt>
      <trkpt lat="48.706325" lon="16.96551">
      </trkpt>
      <trkpt lat="48.705579" lon="16.964695">
      </trkpt>
      <trkpt lat="48.704714" lon="16.964396">
      </trkpt>
      <trkpt lat="48.701177" lon="16.96286">
      </trkpt>
      <trkpt lat="48.698177" lon="16.964851">
      </trkpt>
      <trkpt lat="48.69873" lon="16.965684">
      </trkpt>
      <trkpt lat="48.699618" lon="16.967029">
      </trkpt>
      <trkpt lat="48.69699" lon="16.975212">
      </trkpt>
      <trkpt lat="48.69468" lon="16.981804">
      </trkpt>
      <trkpt lat="48.691878" lon="16.983724">
      </trkpt>
      <trkpt lat="48.68939" lon="16.984934">
      </trkpt>
      <trkpt lat="48.681742" lon="16.98402">
      </trkpt>
      <trkpt lat="48.681163" lon="16.98368">
      </trkpt>
      <trkpt lat="48.677984" lon="16.984981">
      </trkpt>
      <trkpt lat="48.67736" lon="16.985207">
      </trkpt>
      <trkpt lat="48.672856" lon="16.986486">
      </trkpt>
      <trkpt lat="48.671479" lon="16.986707">
      </trkpt>
      <trkpt lat="48.669138" lon="16.987142">
      </trkpt>
      <trkpt lat="48.667753" lon="16.987431">
      </trkpt>
      <trkpt lat="48.665879" lon="16.987858">
      </trkpt>
      <trkpt lat="48.664233" lon="16.988269">
      </trkpt>
      <trkpt lat="48.657251" lon="16.984719">
      </trkpt>
      <trkpt lat="48.65582" lon="16.98368">
      </trkpt>
      <trkpt lat="48.652232" lon="16.983393">
      </trkpt>
      <trkpt lat="48.645035" lon="16.978442">
      </trkpt>
      <trkpt lat="48.644891" lon="16.977175">
      </trkpt>
      <trkpt lat="48.64511" lon="16.97237">
      </trkpt>
      <trkpt lat="48.644771" lon="16.971996">
      </trkpt>
      <trkpt lat="48.643627" lon="16.970823">
      </trkpt>
      <trkpt lat="48.641089" lon="16.970461">
      </trkpt>
      <trkpt lat="48.63986" lon="16.97029">
      </trkpt>
      <trkpt lat="48.639717" lon="16.970281">
      </trkpt>
      <trkpt lat="48.638275" lon="16.970568">
      </trkpt>
      <trkpt lat="48.636098" lon="16.972068">
      </trkpt>
      <trkpt lat="48.634231" lon="16.973266">
      </trkpt>
      <trkpt lat="48.634741" lon="16.974417">
      </trkpt>
      <trkpt lat="48.635413" lon="16.975216">
      </trkpt>
      <trkpt lat="48.640572" lon="16.981871">
      </trkpt>
      <trkpt lat="48.640592" lon="16.982702">
      </trkpt>
      <trkpt lat="48.640593" lon="16.98405">
      </trkpt>
      <trkpt lat="48.640546" lon="16.98705">
      </trkpt>
      <trkpt lat="48.632632" lon="16.989867">
      </trkpt>
      <trkpt lat="48.632115" lon="16.989595">
      </trkpt>
      <trkpt lat="48.631631" lon="16.989417">
      </trkpt>
      <trkpt lat="48.631299" lon="16.989333">
      </trkpt>
      <trkpt lat="48.630631" lon="16.989216">
      </trkpt>
      <trkpt lat="48.624989" lon="16.983711">
      </trkpt>
      <trkpt lat="48.622788" lon="16.98094">
      </trkpt>
      <trkpt lat="48.622185" lon="16.981395">
      </trkpt>
      <trkpt lat="48.621842" lon="16.981897">
      </trkpt>
      <trkpt lat="48.621571" lon="16.982582">
      </trkpt>
      <trkpt lat="48.621458" lon="16.982876">
      </trkpt>
      <trkpt lat="48.621111" lon="16.983825">
      </trkpt>
      <trkpt lat="48.613101" lon="16.986839">
      </trkpt>
      <trkpt lat="48.610679" lon="16.986776">
      </trkpt>
      <trkpt lat="48.609922" lon="16.987143">
      </trkpt>
      <trkpt lat="48.605706" lon="16.988015">
      </trkpt>
      <trkpt lat="48.599515" lon="16.98486">
      </trkpt>
      <trkpt lat="48.596648" lon="16.976985">
      </trkpt>
      <trkpt lat="48.597021" lon="16.974771">
      </trkpt>
      <trkpt lat="48.600841" lon="16.96883">
      </trkpt>
      <trkpt lat="48.601656" lon="16.968006">
      </trkpt>
      <trkpt lat="48.603765" lon="16.965798">
      </trkpt>
      <trkpt lat="48.605873" lon="16.96359">
      </trkpt>
      <trkpt lat="48.60327" lon="16.961104">
      </trkpt>
      <trkpt lat="48.600546" lon="16.953624">
      </trkpt>
      <trkpt lat="48.601552" lon="16.947587">
      </trkpt>
      <trkpt lat="48.60163" lon="16.947113">
      </trkpt>
      <trkpt lat="48.598079" lon="16.946525">
      </trkpt>
      <trkpt lat="48.598" lon="16.946998">
      </trkpt>
      <trkpt lat="48.596994" lon="16.953036">
      </trkpt>
      <trkpt lat="48.595735" lon="16.960691">
      </trkpt>
      <trkpt lat="48.595166" lon="16.964072">
      </trkpt>
      <trkpt lat="48.59095" lon="16.971595">
      </trkpt>
      <trkpt lat="48.588893" lon="16.973201">
      </trkpt>
      <trkpt lat="48.586976" lon="16.974701">
      </trkpt>
      <trkpt lat="48.585058" lon="16.976201">
      </trkpt>
      <trkpt lat="48.583593" lon="16.977347">
      </trkpt>
      <trkpt lat="48.582127" lon="16.978493">
      </trkpt>
      <trkpt lat="48.580918" lon="16.9824">
      </trkpt>
      <trkpt lat="48.573484" lon="16.987211">
      </trkpt>
      <trkpt lat="48.569915" lon="16.986745">
      </trkpt>
      <trkpt lat="48.563042" lon="16.987685">
      </trkpt>
      <trkpt lat="48.560057" lon="16.986416">
      </trkpt>
      <trkpt lat="48.557178" lon="16.984655">
      </trkpt>
      <trkpt lat="48.552451" lon="16.983419">
      </trkpt>
      <trkpt lat="48.550503" lon="16.982674">
      </trkpt>
      <trkpt lat="48.550054" lon="16.982544">
      </trkpt>
      <trkpt lat="48.548235" lon="16.984069">
      </trkpt>
      <trkpt lat="48.548224" lon="16.98413">
      </trkpt>
      <trkpt lat="48.549055" lon="16.986002">
      </trkpt>
      <trkpt lat="48.551734" lon="16.98744">
      </trkpt>
      <trkpt lat="48.556092" lon="16.990093">
      </trkpt>
      <trkpt lat="48.561634" lon="16.990998">
      </trkpt>
      <trkpt lat="48.564723" lon="16.994473">
      </trkpt>
      <trkpt lat="48.565879" lon="16.996905">
      </trkpt>
      <trkpt lat="48.567888" lon="17.000304">
      </trkpt>
      <trkpt lat="48.571488" lon="17.000283">
      </trkpt>
      <trkpt lat="48.575218" lon="17.007332">
      </trkpt>
      <trkpt lat="48.569648" lon="17.01183">
      </trkpt>
      <trkpt lat="48.565978" lon="17.010865">
      </trkpt>
      <trkpt lat="48.563759" lon="17.010337">
      </trkpt>
      <trkpt lat="48.563117" lon="17.010215">
      </trkpt>
      <trkpt lat="48.561245" lon="17.009897">
      </trkpt>
      <trkpt lat="48.558873" lon="17.009627">
      </trkpt>
      <trkpt lat="48.555879" lon="17.009465">
      </trkpt>
      <trkpt lat="48.554238" lon="17.009453">
      </trkpt>
      <trkpt lat="48.55151" lon="17.009594">
      </trkpt>
      <trkpt lat="48.550003" lon="17.009739">
      </trkpt>
      <trkpt lat="48.547742" lon="17.010068">
      </trkpt>
      <trkpt lat="48.545844" lon="17.010415">
      </trkpt>
      <trkpt lat="48.545053" lon="17.010591">
      </trkpt>
      <trkpt lat="48.544268" lon="17.010779">
      </trkpt>
      <trkpt lat="48.542755" lon="17.011186">
      </trkpt>
      <trkpt lat="48.541175" lon="17.011664">
      </trkpt>
      <trkpt lat="48.539772" lon="17.012144">
      </trkpt>
      <trkpt lat="48.538273" lon="17.012701">
      </trkpt>
      <trkpt lat="48.536861" lon="17.013292">
      </trkpt>
      <trkpt lat="48.53539" lon="17.013947">
      </trkpt>
      <trkpt lat="48.534009" lon="17.014626">
      </trkpt>
      <trkpt lat="48.532424" lon="17.015444">
      </trkpt>
      <trkpt lat="48.531416" lon="17.016026">
      </trkpt>
      <trkpt lat="48.530046" lon="17.016852">
      </trkpt>
      <trkpt lat="48.527128" lon="17.018604">
      </trkpt>
      <trkpt lat="48.525496" lon="17.019567">
      </trkpt>
      <trkpt lat="48.52384" lon="17.020545">
      </trkpt>
      <trkpt lat="48.521249" lon="17.02213">
      </trkpt>
      <trkpt lat="48.519612" lon="17.023081">
      </trkpt>
      <trkpt lat="48.517562" lon="17.024313">
      </trkpt>
      <trkpt lat="48.515537" lon="17.025531">
      </trkpt>
      <trkpt lat="48.514535" lon="17.026112">
      </trkpt>
      <trkpt lat="48.51276" lon="17.027064">
      </trkpt>
      <trkpt lat="48.51011" lon="17.028239">
      </trkpt>
      <trkpt lat="48.503366" lon="17.030038">
      </trkpt>
      <trkpt lat="48.498045" lon="17.030298">
      </trkpt>
      <trkpt lat="48.494992" lon="17.030148">
      </trkpt>
      <trkpt lat="48.492338" lon="17.029982">
      </trkpt>
      <trkpt lat="48.489413" lon="17.029844">
      </trkpt>
      <trkpt lat="48.488071" lon="17.029807">
      </trkpt>
      <trkpt lat="48.48703" lon="17.029814">
      </trkpt>
      <trkpt lat="48.484064" lon="17.029895">
      </trkpt>
      <trkpt lat="48.484163" lon="17.033494">
      </trkpt>
      <trkpt lat="48.492169" lon="17.033578">
      </trkpt>
      <trkpt lat="48.494767" lon="17.03374">
      </trkpt>
      <trkpt lat="48.497867" lon="17.033894">
      </trkpt>
      <trkpt lat="48.499568" lon="17.033923">
      </trkpt>
      <trkpt lat="48.501314" lon="17.033871">
      </trkpt>
      <trkpt lat="48.502587" lon="17.033767">
      </trkpt>
      <trkpt lat="48.503828" lon="17.033608">
      </trkpt>
      <trkpt lat="48.506467" lon="17.033135">
      </trkpt>
      <trkpt lat="48.507421" lon="17.032908">
      </trkpt>
      <trkpt lat="48.50934" lon="17.032358">
      </trkpt>
      <trkpt lat="48.51041" lon="17.03199">
      </trkpt>
      <trkpt lat="48.511431" lon="17.031588">
      </trkpt>
      <trkpt lat="48.512384" lon="17.031208">
      </trkpt>
      <trkpt lat="48.513373" lon="17.030767">
      </trkpt>
      <trkpt lat="48.51433" lon="17.030304">
      </trkpt>
      <trkpt lat="48.516235" lon="17.029285">
      </trkpt>
      <trkpt lat="48.51734" lon="17.028646">
      </trkpt>
      <trkpt lat="48.519416" lon="17.027399">
      </trkpt>
      <trkpt lat="48.521467" lon="17.026166">
      </trkpt>
      <trkpt lat="48.523058" lon="17.025242">
      </trkpt>
      <trkpt lat="48.525718" lon="17.023616">
      </trkpt>
      <trkpt lat="48.527326" lon="17.022667">
      </trkpt>
      <trkpt lat="48.528958" lon="17.021704">
      </trkpt>
      <trkpt lat="48.531899" lon="17.019939">
      </trkpt>
      <trkpt lat="48.532397" lon="17.019661">
      </trkpt>
      <trkpt lat="48.535655" lon="17.017828">
      </trkpt>
      <trkpt lat="48.536978" lon="17.017178">
      </trkpt>
      <trkpt lat="48.538324" lon="17.016581">
      </trkpt>
      <trkpt lat="48.539662" lon="17.016022">
      </trkpt>
      <trkpt lat="48.541021" lon="17.015521">
      </trkpt>
      <trkpt lat="48.542341" lon="17.01507">
      </trkpt>
      <trkpt lat="48.543794" lon="17.014633">
      </trkpt>
      <trkpt lat="48.545201" lon="17.014256">
      </trkpt>
      <trkpt lat="48.545889" lon="17.014093">
      </trkpt>
      <trkpt lat="48.546627" lon="17.013928">
      </trkpt>
      <trkpt lat="48.548387" lon="17.01361">
      </trkpt>
      <trkpt lat="48.550468" lon="17.013309">
      </trkpt>
      <trkpt lat="48.551852" lon="17.013178">
      </trkpt>
      <trkpt lat="48.554374" lon="17.01305">
      </trkpt>
      <trkpt lat="48.555847" lon="17.013065">
      </trkpt>
      <trkpt lat="48.558677" lon="17.013221">
      </trkpt>
      <trkpt lat="48.560832" lon="17.013474">
      </trkpt>
      <trkpt lat="48.562508" lon="17.013764">
      </trkpt>
      <trkpt lat="48.563088" lon="17.013874">
      </trkpt>
      <trkpt lat="48.565142" lon="17.014366">
      </trkpt>
      <trkpt lat="48.571981" lon="17.019584">
      </trkpt>
      <trkpt lat="48.573456" lon="17.022867">
      </trkpt>
      <trkpt lat="48.57376" lon="17.022731">
      </trkpt>
      <trkpt lat="48.574295" lon="17.022403">
      </trkpt>
      <trkpt lat="48.574781" lon="17.022013">
      </trkpt>
      <trkpt lat="48.575267" lon="17.02153">
      </trkpt>
      <trkpt lat="48.575742" lon="17.02093">
      </trkpt>
      <trkpt lat="48.581855" lon="17.017624">
      </trkpt>
      <trkpt lat="48.585399" lon="17.017949">
      </trkpt>
      <trkpt lat="48.588413" lon="17.01807">
      </trkpt>
      <trkpt lat="48.590751" lon="17.018093">
      </trkpt>
      <trkpt lat="48.592504" lon="17.018073">
      </trkpt>
      <trkpt lat="48.594002" lon="17.018035">
      </trkpt>
      <trkpt lat="48.595209" lon="17.017976">
      </trkpt>
      <trkpt lat="48.598135" lon="17.01778">
      </trkpt>
      <trkpt lat="48.601202" lon="17.018441">
      </trkpt>
      <trkpt lat="48.603662" lon="17.025139">
      </trkpt>
      <trkpt lat="48.603444" lon="17.025741">
      </trkpt>
      <trkpt lat="48.602332" lon="17.028113">
      </trkpt>
      <trkpt lat="48.603591" lon="17.033394">
      </trkpt>
      <trkpt lat="48.606219" lon="17.035854">
      </trkpt>
      <trkpt lat="48.607579" lon="17.043767">
      </trkpt>
      <trkpt lat="48.607886" lon="17.044268">
      </trkpt>
      <trkpt lat="48.607905" lon="17.044297">
      </trkpt>
      <trkpt lat="48.60845" lon="17.045147">
      </trkpt>
      <trkpt lat="48.61135" lon="17.04699">
      </trkpt>
      <trkpt lat="48.614262" lon="17.046808">
      </trkpt>
      <trkpt lat="48.614393" lon="17.046601">
      </trkpt>
      <trkpt lat="48.614191" lon="17.044779">
      </trkpt>
      <trkpt lat="48.613793" lon="17.041168">
      </trkpt>
      <trkpt lat="48.613899" lon="17.038873">
      </trkpt>
      <trkpt lat="48.613553" lon="17.038244">
      </trkpt>
      <trkpt lat="48.610369" lon="17.029993">
      </trkpt>
      <trkpt lat="48.615636" lon="17.023183">
      </trkpt>
      <trkpt lat="48.615975" lon="17.022797">
      </trkpt>
      <trkpt lat="48.616346" lon="17.022418">
      </trkpt>
      <trkpt lat="48.616415" lon="17.02232">
      </trkpt>
      <trkpt lat="48.616641" lon="17.016837">
      </trkpt>
      <trkpt lat="48.621991" lon="17.012388">
      </trkpt>
      <trkpt lat="48.624676" lon="17.011312">
      </trkpt>
      <trkpt lat="48.626112" lon="17.010707">
      </trkpt>
      <trkpt lat="48.627452" lon="17.009931">
      </trkpt>
      <trkpt lat="48.629342" lon="17.009251">
      </trkpt>
      <trkpt lat="48.631188" lon="17.008354">
      </trkpt>
      <trkpt lat="48.633483" lon="17.007131">
      </trkpt>
      <trkpt lat="48.635522" lon="17.00582">
      </trkpt>
      <trkpt lat="48.642836" lon="17.008873">
      </trkpt>
      <trkpt lat="48.64311" lon="17.009215">
      </trkpt>
      <trkpt lat="48.643456" lon="17.009573">
      </trkpt>
      <trkpt lat="48.644622" lon="17.010628">
      </trkpt>
      <trkpt lat="48.646462" lon="17.013364">
      </trkpt>
      <trkpt lat="48.64547" lon="17.022111">
      </trkpt>
      <trkpt lat="48.643175" lon="17.023349">
      </trkpt>
      <trkpt lat="48.63975" lon="17.024377">
      </trkpt>
      <trkpt lat="48.638977" lon="17.024509">
      </trkpt>
      <trkpt lat="48.636384" lon="17.025701">
      </trkpt>
      <trkpt lat="48.633802" lon="17.027693">
      </trkpt>
      <trkpt lat="48.633122" lon="17.028121">
      </trkpt>
      <trkpt lat="48.632165" lon="17.028685">
      </trkpt>
      <trkpt lat="48.631661" lon="17.029203">
      </trkpt>
      <trkpt lat="48.63105" lon="17.029773">
      </trkpt>
      <trkpt lat="48.630764" lon="17.031749">
      </trkpt>
      <trkpt lat="48.630886" lon="17.032051">
      </trkpt>
      <trkpt lat="48.632361" lon="17.033126">
      </trkpt>
      <trkpt lat="48.632453" lon="17.033089">
      </trkpt>
      <trkpt lat="48.633412" lon="17.032349">
      </trkpt>
      <trkpt lat="48.633968" lon="17.031984">
      </trkpt>
      <trkpt lat="48.634735" lon="17.031429">
      </trkpt>
      <trkpt lat="48.637303" lon="17.030023">
      </trkpt>
      <trkpt lat="48.637883" lon="17.029721">
      </trkpt>
      <trkpt lat="48.641692" lon="17.028015">
      </trkpt>
      <trkpt lat="48.642407" lon="17.027886">
      </trkpt>
      <trkpt lat="48.644951" lon="17.02648">
      </trkpt>
      <trkpt lat="48.647178" lon="17.02528">
      </trkpt>
      <trkpt lat="48.650484" lon="17.02346">
      </trkpt>
      <trkpt lat="48.658234" lon="17.027431">
      </trkpt>
      <trkpt lat="48.658294" lon="17.028637">
      </trkpt>
      <trkpt lat="48.651931" lon="17.034843">
      </trkpt>
      <trkpt lat="48.650296" lon="17.037389">
      </trkpt>
      <trkpt lat="48.648666" lon="17.040598">
      </trkpt>
      <trkpt lat="48.652556" lon="17.048309">
      </trkpt>
      <trkpt lat="48.652513" lon="17.049029">
      </trkpt>
      <trkpt lat="48.652493" lon="17.050259">
      </trkpt>
      <trkpt lat="48.652542" lon="17.051486">
      </trkpt>
      <trkpt lat="48.65262" lon="17.052356">
      </trkpt>
      <trkpt lat="48.652766" lon="17.053638">
      </trkpt>
      <trkpt lat="48.65308" lon="17.056151">
      </trkpt>
      <trkpt lat="48.653393" lon="17.058664">
      </trkpt>
      <trkpt lat="48.653707" lon="17.061178">
      </trkpt>
      <trkpt lat="48.65402" lon="17.063687">
      </trkpt>
      <trkpt lat="48.654393" lon="17.066733">
      </trkpt>
      <trkpt lat="48.653325" lon="17.075084">
      </trkpt>
      <trkpt lat="48.656669" lon="17.076418">
      </trkpt>
      <trkpt lat="48.657574" lon="17.07445">
      </trkpt>
      <trkpt lat="48.657719" lon="17.074116">
      </trkpt>
      <trkpt lat="48.657924" lon="17.073556">
      </trkpt>
      <trkpt lat="48.658117" lon="17.072846">
      </trkpt>
      <trkpt lat="48.658255" lon="17.072165">
      </trkpt>
      <trkpt lat="48.658369" lon="17.071215">
      </trkpt>
      <trkpt lat="48.658398" lon="17.070346">
      </trkpt>
      <trkpt lat="48.65835" lon="17.06945">
      </trkpt>
      <trkpt lat="48.657966" lon="17.066295">
      </trkpt>
      <trkpt lat="48.657593" lon="17.063249">
      </trkpt>
      <trkpt lat="48.657279" lon="17.060732">
      </trkpt>
      <trkpt lat="48.656965" lon="17.058219">
      </trkpt>
      <trkpt lat="48.656652" lon="17.055705">
      </trkpt>
      <trkpt lat="48.663288" lon="17.049933">
      </trkpt>
      <trkpt lat="48.664905" lon="17.050975">
      </trkpt>
      <trkpt lat="48.668064" lon="17.050876">
      </trkpt>
      <trkpt lat="48.668263" lon="17.049898">
      </trkpt>
      <trkpt lat="48.666856" lon="17.04795">
      </trkpt>
      <trkpt lat="48.665093" lon="17.040245">
      </trkpt>
      <trkpt lat="48.669942" lon="17.035785">
      </trkpt>
      <trkpt lat="48.674284" lon="17.03863">
      </trkpt>
      <trkpt lat="48.677777" lon="17.039503">
      </trkpt>
      <trkpt lat="48.683518" lon="17.041425">
      </trkpt>
      <trkpt lat="48.685983" lon="17.042806">
      </trkpt>
      <trkpt lat="48.68668" lon="17.043355">
      </trkpt>
      <trkpt lat="48.690152" lon="17.044303">
      </trkpt>
      <trkpt lat="48.693074" lon="17.044987">
      </trkpt>
      <trkpt lat="48.696562" lon="17.045876">
      </trkpt>
      <trkpt lat="48.705214" lon="17.045652">
      </trkpt>
      <trkpt lat="48.705844" lon="17.045689">
      </trkpt>
      <trkpt lat="48.706402" lon="17.045652">
      </trkpt>
      <trkpt lat="48.706929" lon="17.045555">
      </trkpt>
      <trkpt lat="48.707593" lon="17.045342">
      </trkpt>
      <trkpt lat="48.70844" lon="17.044932">
      </trkpt>
      <trkpt lat="48.714826" lon="17.042383">
      </trkpt>
      <trkpt lat="48.714958" lon="17.040338">
      </trkpt>
      <trkpt lat="48.714926" lon="17.038785">
      </trkpt>
      <trkpt lat="48.713654" lon="17.038749">
      </trkpt>
      <trkpt lat="48.712822" lon="17.038799">
      </trkpt>
      <trkpt lat="48.711685" lon="17.03884">
      </trkpt>
      <trkpt lat="48.707784" lon="17.03986">
      </trkpt>
      <trkpt lat="48.700993" lon="17.034057">
      </trkpt>
      <trkpt lat="48.700491" lon="17.031844">
      </trkpt>
      <trkpt lat="48.699988" lon="17.029631">
      </trkpt>
      <trkpt lat="48.69761" lon="17.027284">
      </trkpt>
      <trkpt lat="48.698517" lon="17.020267">
      </trkpt>
      <trkpt lat="48.699238" lon="17.019426">
      </trkpt>
      <trkpt lat="48.700002" lon="17.01841">
      </trkpt>
      <trkpt lat="48.701048" lon="17.017214">
      </trkpt>
      <trkpt lat="48.701976" lon="17.016202">
      </trkpt>
      <trkpt lat="48.702516" lon="17.015609">
      </trkpt>
      <trkpt lat="48.702735" lon="17.015217">
      </trkpt>
      <trkpt lat="48.702884" lon="17.014844">
      </trkpt>
      <trkpt lat="48.703127" lon="17.014274">
      </trkpt>
      <trkpt lat="48.703339" lon="17.013797">
      </trkpt>
      <trkpt lat="48.703593" lon="17.012974">
      </trkpt>
      <trkpt lat="48.703754" lon="17.012025">
      </trkpt>
      <trkpt lat="48.700165" lon="17.005053">
      </trkpt>
      <trkpt lat="48.700395" lon="17.003304">
      </trkpt>
      <trkpt lat="48.700362" lon="17.003257">
      </trkpt>
      <trkpt lat="48.698742" lon="17.000106">
      </trkpt>
      <trkpt lat="48.698158" lon="17.000408">
      </trkpt>
      <trkpt lat="48.69782" lon="17.000627">
      </trkpt>
      <trkpt lat="48.695243" lon="17.001953">
      </trkpt>
      <trkpt lat="48.692715" lon="17.002842">
      </trkpt>
      <trkpt lat="48.689873" lon="16.994392">
      </trkpt>
      <trkpt lat="48.696494" lon="16.989347">
      </trkpt>
      <trkpt lat="48.698992" lon="16.98942">
      </trkpt>
      <trkpt lat="48.701594" lon="16.989417">
      </trkpt>
      <trkpt lat="48.703911" lon="16.989322">
      </trkpt>
      <trkpt lat="48.706337" lon="16.989144">
      </trkpt>
      <trkpt lat="48.707872" lon="16.988981">
      </trkpt>
      <trkpt lat="48.708554" lon="16.98893">
      </trkpt>
      <trkpt lat="48.710404" lon="16.988668">
      </trkpt>
      <trkpt lat="48.71162" lon="16.988458">
      </trkpt>
      <trkpt lat="48.71277" lon="16.988251">
      </trkpt>
      <trkpt lat="48.719732" lon="16.98995">
      </trkpt>
      <trkpt lat="48.722366" lon="16.998101">
      </trkpt>
      <trkpt lat="48.721835" lon="16.999843">
      </trkpt>
      <trkpt lat="48.720896" lon="17.002311">
      </trkpt>
      <trkpt lat="48.720087" lon="17.003608">
      </trkpt>
      <trkpt lat="48.717998" lon="17.006491">
      </trkpt>
      <trkpt lat="48.720913" lon="17.008603">
      </trkpt>
      <trkpt lat="48.723002" lon="17.005721">
      </trkpt>
      <trkpt lat="48.723945" lon="17.004226">
      </trkpt>
      <trkpt lat="48.73276" lon="17.005636">
      </trkpt>
      <trkpt lat="48.733389" lon="17.010978">
      </trkpt>
      <trkpt lat="48.732515" lon="17.012628">
      </trkpt>
      <trkpt lat="48.735619" lon="17.014452">
      </trkpt>
      <trkpt lat="48.737731" lon="17.022729">
      </trkpt>
      <trkpt lat="48.73739" lon="17.023448">
      </trkpt>
      <trkpt lat="48.740697" lon="17.024872">
      </trkpt>
      <trkpt lat="48.747519" lon="17.027956">
      </trkpt>
      <trkpt lat="48.74946" lon="17.030928">
      </trkpt>
      <trkpt lat="48.750409" lon="17.032264">
      </trkpt>
      <trkpt lat="48.751572" lon="17.032876">
      </trkpt>
      <trkpt lat="48.752007" lon="17.032904">
      </trkpt>
      <trkpt lat="48.75846" lon="17.032678">
      </trkpt>
      <trkpt lat="48.76009" lon="17.032778">
      </trkpt>
      <trkpt lat="48.76693" lon="17.03577">
      </trkpt>
      <trkpt lat="48.768802" lon="17.03694">
      </trkpt>
      <trkpt lat="48.774914" lon="17.04298">
      </trkpt>
      <trkpt lat="48.773447" lon="17.04562">
      </trkpt>
      <trkpt lat="48.772445" lon="17.047433">
      </trkpt>
      <trkpt lat="48.771076" lon="17.049898">
      </trkpt>
      <trkpt lat="48.76894" lon="17.052944">
      </trkpt>
      <trkpt lat="48.768823" lon="17.055808">
      </trkpt>
      <trkpt lat="48.76901" lon="17.055995">
      </trkpt>
      <trkpt lat="48.769801" lon="17.056458">
      </trkpt>
      <trkpt lat="48.771406" lon="17.056208">
      </trkpt>
      <trkpt lat="48.778101" lon="17.058055">
      </trkpt>
      <trkpt lat="48.77992" lon="17.06005">
      </trkpt>
      <trkpt lat="48.78307" lon="17.06284">
      </trkpt>
      <trkpt lat="48.786482" lon="17.061692">
      </trkpt>
      <trkpt lat="48.786225" lon="17.060977">
      </trkpt>
      <trkpt lat="48.785987" lon="17.06022">
      </trkpt>
      <trkpt lat="48.785833" lon="17.059847">
      </trkpt>
      <trkpt lat="48.78241" lon="17.054483">
      </trkpt>
      <trkpt lat="48.781393" lon="17.052916">
      </trkpt>
      <trkpt lat="48.778158" lon="17.047994">
      </trkpt>
      <trkpt lat="48.779526" lon="17.042093">
      </trkpt>
      <trkpt lat="48.781384" lon="17.03826">
      </trkpt>
      <trkpt lat="48.782041" lon="17.036466">
      </trkpt>
      <trkpt lat="48.782192" lon="17.035964">
      </trkpt>
      <trkpt lat="48.782232" lon="17.035069">
      </trkpt>
      <trkpt lat="48.781526" lon="17.032442">
      </trkpt>
      <trkpt lat="48.780891" lon="17.03013">
      </trkpt>
      <trkpt lat="48.780958" lon="17.028045">
      </trkpt>
      <trkpt lat="48.781005" lon="17.025652">
      </trkpt>
      <trkpt lat="48.781051" lon="17.024003">
      </trkpt>
      <trkpt lat="48.783208" lon="17.01763">
      </trkpt>
      <trkpt lat="48.783413" lon="17.013395">
      </trkpt>
      <trkpt lat="48.783788" lon="17.010633">
      </trkpt>
      <trkpt lat="48.780126" lon="17.005025">
      </trkpt>
      <trkpt lat="48.781869" lon="16.997649">
      </trkpt>
      <trkpt lat="48.782876" lon="16.994248">
      </trkpt>
      <trkpt lat="48.783887" lon="16.990836">
      </trkpt>
      <trkpt lat="48.784056" lon="16.990398">
      </trkpt>
      <trkpt lat="48.784763" lon="16.989234">
      </trkpt>
      <trkpt lat="48.793597" lon="16.989449">
      </trkpt>
      <trkpt lat="48.793667" lon="16.991988">
      </trkpt>
      <trkpt lat="48.793738" lon="16.994582">
      </trkpt>
      <trkpt lat="48.793788" lon="16.995293">
      </trkpt>
      <trkpt lat="48.793888" lon="16.99591">
      </trkpt>
      <trkpt lat="48.794397" lon="16.998312">
      </trkpt>
      <trkpt lat="48.794908" lon="17.000727">
      </trkpt>
      <trkpt lat="48.795483" lon="17.003301">
      </trkpt>
      <trkpt lat="48.796285" lon="17.005723">
      </trkpt>
      <trkpt lat="48.796581" lon="17.006559">
      </trkpt>
      <trkpt lat="48.79531" lon="17.015426">
      </trkpt>
      <trkpt lat="48.79526" lon="17.015596">
      </trkpt>
      <trkpt lat="48.794537" lon="17.018278">
      </trkpt>
      <trkpt lat="48.794513" lon="17.018784">
      </trkpt>
      <trkpt lat="48.794923" lon="17.019862">
      </trkpt>
      <trkpt lat="48.795489" lon="17.026066">
      </trkpt>
      <trkpt lat="48.795141" lon="17.027328">
      </trkpt>
      <trkpt lat="48.794811" lon="17.02864">
      </trkpt>
      <trkpt lat="48.794408" lon="17.030454">
      </trkpt>
      <trkpt lat="48.794372" lon="17.030664">
      </trkpt>
      <trkpt lat="48.794364" lon="17.03118">
      </trkpt>
      <trkpt lat="48.79459" lon="17.031941">
      </trkpt>
      <trkpt lat="48.79534" lon="17.032747">
      </trkpt>
      <trkpt lat="48.796042" lon="17.033053">
      </trkpt>
      <trkpt lat="48.79716" lon="17.033395">
      </trkpt>
      <trkpt lat="48.79991" lon="17.03225">
      </trkpt>
      <trkpt lat="48.802063" lon="17.031581">
      </trkpt>
      <trkpt lat="48.810288" lon="17.03336">
      </trkpt>
      <trkpt lat="48.810905" lon="17.035642">
      </trkpt>
      <trkpt lat="48.811521" lon="17.037925">
      </trkpt>
      <trkpt lat="48.811265" lon="17.042317">
      </trkpt>
      <trkpt lat="48.814208" lon="17.049365">
      </trkpt>
      <trkpt lat="48.811693" lon="17.051438">
      </trkpt>
      <trkpt lat="48.81109" lon="17.051824">
      </trkpt>
      <trkpt lat="48.810225" lon="17.052632">
      </trkpt>
      <trkpt lat="48.809968" lon="17.05306">
      </trkpt>
      <trkpt lat="48.809459" lon="17.054031">
      </trkpt>
      <trkpt lat="48.80803" lon="17.056586">
      </trkpt>
      <trkpt lat="48.807005" lon="17.058181">
      </trkpt>
      <trkpt lat="48.806258" lon="17.059182">
      </trkpt>
      <trkpt lat="48.805005" lon="17.06107">
      </trkpt>
      <trkpt lat="48.798802" lon="17.066114">
      </trkpt>
      <trkpt lat="48.79709" lon="17.066754">
      </trkpt>
      <trkpt lat="48.796645" lon="17.067594">
      </trkpt>
      <trkpt lat="48.79636" lon="17.068257">
      </trkpt>
      <trkpt lat="48.797416" lon="17.073574">
      </trkpt>
      <trkpt lat="48.797669" lon="17.074086">
      </trkpt>
      <trkpt lat="48.798957" lon="17.076138">
      </trkpt>
      <trkpt lat="48.804989" lon="17.078988">
      </trkpt>
      <trkpt lat="48.802959" lon="17.086235">
      </trkpt>
      <trkpt lat="48.802488" lon="17.088327">
      </trkpt>
      <trkpt lat="48.802548" lon="17.08839">
      </trkpt>
      <trkpt lat="48.804035" lon="17.089535">
      </trkpt>
      <trkpt lat="48.807213" lon="17.087843">
      </trkpt>
      <trkpt lat="48.808411" lon="17.080107">
      </trkpt>
      <trkpt lat="48.809571" lon="17.076559">
      </trkpt>
      <trkpt lat="48.809798" lon="17.075802">
      </trkpt>
      <trkpt lat="48.809928" lon="17.07488">
      </trkpt>
      <trkpt lat="48.809925" lon="17.073991">
      </trkpt>
      <trkpt lat="48.809835" lon="17.073385">
      </trkpt>
      <trkpt lat="48.809773" lon="17.073066">
      </trkpt>
      <trkpt lat="48.80957" lon="17.072468">
      </trkpt>
      <trkpt lat="48.809337" lon="17.07199">
      </trkpt>
      <trkpt lat="48.807821" lon="17.069604">
      </trkpt>
      <trkpt lat="48.808005" lon="17.06306">
      </trkpt>
      <trkpt lat="48.809257" lon="17.061173">
      </trkpt>
      <trkpt lat="48.809885" lon="17.06034">
      </trkpt>
      <trkpt lat="48.810434" lon="17.059575">
      </trkpt>
      <trkpt lat="48.811126" lon="17.058424">
      </trkpt>
      <trkpt lat="48.81628" lon="17.055123">
      </trkpt>
      <trkpt lat="48.820284" lon="17.058656">
      </trkpt>
      <trkpt lat="48.820519" lon="17.059846">
      </trkpt>
      <trkpt lat="48.820585" lon="17.060482">
      </trkpt>
      <trkpt lat="48.8207" lon="17.061284">
      </trkpt>
      <trkpt lat="48.820797" lon="17.061697">
      </trkpt>
      <trkpt lat="48.821218" lon="17.06259">
      </trkpt>
      <trkpt lat="48.821288" lon="17.062744">
      </trkpt>
      <trkpt lat="48.821324" lon="17.062816">
      </trkpt>
      <trkpt lat="48.822089" lon="17.067517">
      </trkpt>
      <trkpt lat="48.822089" lon="17.067851">
      </trkpt>
      <trkpt lat="48.821527" lon="17.070656">
      </trkpt>
      <trkpt lat="48.82231" lon="17.073748">
      </trkpt>
      <trkpt lat="48.827872" lon="17.074705">
      </trkpt>
      <trkpt lat="48.834974" lon="17.076904">
      </trkpt>
      <trkpt lat="48.839568" lon="17.081101">
      </trkpt>
      <trkpt lat="48.840007" lon="17.088531">
      </trkpt>
      <trkpt lat="48.84072" lon="17.097088">
      </trkpt>
      <trkpt lat="48.839542" lon="17.099564">
      </trkpt>
      <trkpt lat="48.839456" lon="17.099745">
      </trkpt>
      <trkpt lat="48.842688" lon="17.10248">
      </trkpt>
      <trkpt lat="48.847978" lon="17.107635">
      </trkpt>
      <trkpt lat="48.848713" lon="17.109302">
      </trkpt>
      <trkpt lat="48.849344" lon="17.115236">
      </trkpt>
      <trkpt lat="48.848732" lon="17.121491">
      </trkpt>
      <trkpt lat="48.848732" lon="17.121498">
      </trkpt>
      <trkpt lat="48.848729" lon="17.122722">
      </trkpt>
      <trkpt lat="48.849401" lon="17.123129">
      </trkpt>
      <trkpt lat="48.851904" lon="17.124419">
      </trkpt>
      <trkpt lat="48.852863" lon="17.124118">
      </trkpt>
      <trkpt lat="48.860225" lon="17.122859">
      </trkpt>
      <trkpt lat="48.860303" lon="17.1228">
      </trkpt>
      <trkpt lat="48.868997" lon="17.125045">
      </trkpt>
      <trkpt lat="48.869316" lon="17.125949">
      </trkpt>
      <trkpt lat="48.872711" lon="17.124749">
      </trkpt>
      <trkpt lat="48.871574" lon="17.116526">
      </trkpt>
      <trkpt lat="48.869439" lon="17.108615">
      </trkpt>
      <trkpt lat="48.867438" lon="17.10543">
      </trkpt>
      <trkpt lat="48.867113" lon="17.104795">
      </trkpt>
      <trkpt lat="48.86662" lon="17.103962">
      </trkpt>
      <trkpt lat="48.866084" lon="17.103184">
      </trkpt>
      <trkpt lat="48.865296" lon="17.102207">
      </trkpt>
      <trkpt lat="48.865278" lon="17.093255">
      </trkpt>
      <trkpt lat="48.864874" lon="17.089053">
      </trkpt>
      <trkpt lat="48.865683" lon="17.083443">
      </trkpt>
      <trkpt lat="48.861593" lon="17.076785">
      </trkpt>
      <trkpt lat="48.86323" lon="17.0687">
      </trkpt>
      <trkpt lat="48.865129" lon="17.067641">
      </trkpt>
      <trkpt lat="48.867029" lon="17.066583">
      </trkpt>
      <trkpt lat="48.865276" lon="17.063438">
      </trkpt>
      <trkpt lat="48.863377" lon="17.064497">
      </trkpt>
      <trkpt lat="48.861477" lon="17.065555">
      </trkpt>
      <trkpt lat="48.853692" lon="17.062104">
      </trkpt>
      <trkpt lat="48.854048" lon="17.060212">
      </trkpt>
      <trkpt lat="48.854159" lon="17.059365">
      </trkpt>
      <trkpt lat="48.857384" lon="17.055459">
      </trkpt>
      <trkpt lat="48.858543" lon="17.054015">
      </trkpt>
      <trkpt lat="48.859663" lon="17.052541">
      </trkpt>
      <trkpt lat="48.858802" lon="17.051046">
      </trkpt>
      <trkpt lat="48.856434" lon="17.045701">
      </trkpt>
      <trkpt lat="48.856823" lon="17.043553">
      </trkpt>
      <trkpt lat="48.859624" lon="17.038509">
      </trkpt>
      <trkpt lat="48.867794" lon="17.040875">
      </trkpt>
      <trkpt lat="48.868699" lon="17.042496">
      </trkpt>
      <trkpt lat="48.869817" lon="17.044408">
      </trkpt>
      <trkpt lat="48.870123" lon="17.044774">
      </trkpt>
      <trkpt lat="48.870575" lon="17.045118">
      </trkpt>
      <trkpt lat="48.871131" lon="17.045359">
      </trkpt>
      <trkpt lat="48.873846" lon="17.046051">
      </trkpt>
      <trkpt lat="48.87576" lon="17.046547">
      </trkpt>
      <trkpt lat="48.877674" lon="17.047042">
      </trkpt>
      <trkpt lat="48.878576" lon="17.043557">
      </trkpt>
      <trkpt lat="48.876662" lon="17.043062">
      </trkpt>
      <trkpt lat="48.870046" lon="17.037522">
      </trkpt>
      <trkpt lat="48.869105" lon="17.029661">
      </trkpt>
      <trkpt lat="48.871876" lon="17.0216">
      </trkpt>
      <trkpt lat="48.872056" lon="17.013438">
      </trkpt>
      <trkpt lat="48.874664" lon="17.007864">
      </trkpt>
      <trkpt lat="48.878661" lon="17.006311">
      </trkpt>
      <trkpt lat="48.88384" lon="17.007136">
      </trkpt>
      <trkpt lat="48.885531" lon="17.006204">
      </trkpt>
      <trkpt lat="48.8875" lon="17.00521">
      </trkpt>
      <trkpt lat="48.891647" lon="16.999381">
      </trkpt>
      <trkpt lat="48.891778" lon="16.999208">
      </trkpt>
      <trkpt lat="48.88977" lon="16.996612">
      </trkpt>
      <trkpt lat="48.88816" lon="16.995881">
      </trkpt>
      <trkpt lat="48.883232" lon="16.988636">
      </trkpt>
      <trkpt lat="48.882835" lon="16.987403">
      </trkpt>
      <trkpt lat="48.882176" lon="16.985551">
      </trkpt>
      <trkpt lat="48.881534" lon="16.98375">
      </trkpt>
      <trkpt lat="48.88131" lon="16.983227">
      </trkpt>
      <trkpt lat="48.880474" lon="16.980909">
      </trkpt>
      <trkpt lat="48.882663" lon="16.972332">
      </trkpt>
      <trkpt lat="48.887934" lon="16.971838">
      </trkpt>
      <trkpt lat="48.889741" lon="16.970676">
      </trkpt>
      <trkpt lat="48.890505" lon="16.966955">
      </trkpt>
      <trkpt lat="48.891014" lon="16.964283">
      </trkpt>
      <trkpt lat="48.891121" lon="16.961172">
      </trkpt>
      <trkpt lat="48.89799" lon="16.956659">
      </trkpt>
      <trkpt lat="48.905314" lon="16.959258">
      </trkpt>
      <trkpt lat="48.907563" lon="16.962968">
      </trkpt>
      <trkpt lat="48.908088" lon="16.970032">
      </trkpt>
      <trkpt lat="48.907581" lon="16.972511">
      </trkpt>
      <trkpt lat="48.907077" lon="16.97502">
      </trkpt>
      <trkpt lat="48.90656" lon="16.977598">
      </trkpt>
      <trkpt lat="48.906254" lon="16.979508">
      </trkpt>
      <trkpt lat="48.905946" lon="16.981432">
      </trkpt>
      <trkpt lat="48.905475" lon="16.984558">
      </trkpt>
      <trkpt lat="48.905437" lon="16.985248">
      </trkpt>
      <trkpt lat="48.905358" lon="16.988271">
      </trkpt>
      <trkpt lat="48.902137" lon="16.995802">
      </trkpt>
      <trkpt lat="48.901717" lon="16.996328">
      </trkpt>
      <trkpt lat="48.901466" lon="16.99676">
      </trkpt>
      <trkpt lat="48.901246" lon="16.997221">
      </trkpt>
      <trkpt lat="48.904498" lon="16.998767">
      </trkpt>
      <trkpt lat="48.90966" lon="17.005553">
      </trkpt>
      <trkpt lat="48.90936" lon="17.006362">
      </trkpt>
      <trkpt lat="48.908882" lon="17.007935">
      </trkpt>
      <trkpt lat="48.907458" lon="17.011645">
      </trkpt>
      <trkpt lat="48.904049" lon="17.016391">
      </trkpt>
      <trkpt lat="48.903811" lon="17.017133">
      </trkpt>
      <trkpt lat="48.903895" lon="17.019987">
      </trkpt>
      <trkpt lat="48.903364" lon="17.026598">
      </trkpt>
      <trkpt lat="48.904415" lon="17.027629">
      </trkpt>
      <trkpt lat="48.904595" lon="17.027741">
      </trkpt>
      <trkpt lat="48.906839" lon="17.027539">
      </trkpt>
      <trkpt lat="48.910506" lon="17.023575">
      </trkpt>
      <trkpt lat="48.911274" lon="17.022894">
      </trkpt>
      <trkpt lat="48.915198" lon="17.017562">
      </trkpt>
      <trkpt lat="48.915779" lon="17.015893">
      </trkpt>
      <trkpt lat="48.918161" lon="17.01205">
      </trkpt>
      <trkpt lat="48.924131" lon="17.005597">
      </trkpt>
      <trkpt lat="48.927825" lon="17.012068">
      </trkpt>
      <trkpt lat="48.927754" lon="17.012876">
      </trkpt>
      <trkpt lat="48.927815" lon="17.01436">
      </trkpt>
      <trkpt lat="48.927857" lon="17.014753">
      </trkpt>
      <trkpt lat="48.92789" lon="17.014919">
      </trkpt>
      <trkpt lat="48.931422" lon="17.014227">
      </trkpt>
      <trkpt lat="48.938394" lon="17.019782">
      </trkpt>
      <trkpt lat="48.939295" lon="17.020795">
      </trkpt>
      <trkpt lat="48.9417" lon="17.021283">
      </trkpt>
      <trkpt lat="48.942157" lon="17.020569">
      </trkpt>
      <trkpt lat="48.943077" lon="17.01945">
      </trkpt>
      <trkpt lat="48.945326" lon="17.017118">
      </trkpt>
      <trkpt lat="48.947675" lon="17.014672">
      </trkpt>
      <trkpt lat="48.948494" lon="17.014251">
      </trkpt>
      <trkpt lat="48.956486" lon="17.017535">
      </trkpt>
      <trkpt lat="48.956683" lon="17.018073">
      </trkpt>
      <trkpt lat="48.956972" lon="17.018782">
      </trkpt>
      <trkpt lat="48.95775" lon="17.020427">
      </trkpt>
      <trkpt lat="48.958695" lon="17.022397">
      </trkpt>
      <trkpt lat="48.957618" lon="17.031261">
      </trkpt>
      <trkpt lat="48.957368" lon="17.031594">
      </trkpt>
      <trkpt lat="48.957013" lon="17.032535">
      </trkpt>
      <trkpt lat="48.956588" lon="17.034744">
      </trkpt>
      <trkpt lat="48.958446" lon="17.041655">
      </trkpt>
      <trkpt lat="48.958635" lon="17.042478">
      </trkpt>
      <trkpt lat="48.960562" lon="17.044953">
      </trkpt>
      <trkpt lat="48.961042" lon="17.045577">
      </trkpt>
      <trkpt lat="48.961084" lon="17.04561">
      </trkpt>
      <trkpt lat="48.963935" lon="17.043696">
      </trkpt>
      <trkpt lat="48.963889" lon="17.043571">
      </trkpt>
      <trkpt lat="48.963112" lon="17.041434">
      </trkpt>
      <trkpt lat="48.96291" lon="17.040772">
      </trkpt>
      <trkpt lat="48.964221" lon="17.036136">
      </trkpt>
      <trkpt lat="48.970754" lon="17.03572">
      </trkpt>
      <trkpt lat="48.974354" lon="17.035672">
      </trkpt>
      <trkpt lat="48.979982" lon="17.034286">
      </trkpt>
      <trkpt lat="48.982558" lon="17.04148">
      </trkpt>
      <trkpt lat="48.982042" lon="17.042878">
      </trkpt>
      <trkpt lat="48.980929" lon="17.044364">
      </trkpt>
      <trkpt lat="48.982969" lon="17.047331">
      </trkpt>
      <trkpt lat="48.983433" lon="17.047011">
      </trkpt>
      <trkpt lat="48.984232" lon="17.046137">
      </trkpt>
      <trkpt lat="48.984598" lon="17.04562">
      </trkpt>
      <trkpt lat="48.989008" lon="17.041866">
      </trkpt>
      <trkpt lat="48.989691" lon="17.041327">
      </trkpt>
      <trkpt lat="48.990678" lon="17.040472">
      </trkpt>
      <trkpt lat="48.991924" lon="17.039675">
      </trkpt>
      <trkpt lat="48.992496" lon="17.039415">
      </trkpt>
      <trkpt lat="49.000312" lon="17.041262">
      </trkpt>
      <trkpt lat="49.001318" lon="17.043341">
      </trkpt>
      <trkpt lat="49.001607" lon="17.044075">
      </trkpt>
      <trkpt lat="49.002666" lon="17.045729">
      </trkpt>
      <trkpt lat="49.004173" lon="17.051285">
      </trkpt>
      <trkpt lat="49.004181" lon="17.051659">
      </trkpt>
      <trkpt lat="49.006468" lon="17.05444">
      </trkpt>
      <trkpt lat="49.012097" lon="17.059837">
      </trkpt>
      <trkpt lat="49.012247" lon="17.061419">
      </trkpt>
      <trkpt lat="49.012273" lon="17.061679">
      </trkpt>
      <trkpt lat="49.01795" lon="17.068346">
      </trkpt>
      <trkpt lat="49.018697" lon="17.072767">
      </trkpt>
      <trkpt lat="49.015558" lon="17.079224">
      </trkpt>
      <trkpt lat="49.011659" lon="17.081455">
      </trkpt>
      <trkpt lat="49.010786" lon="17.081825">
      </trkpt>
      <trkpt lat="49.010358" lon="17.082095">
      </trkpt>
      <trkpt lat="49.009901" lon="17.082508">
      </trkpt>
      <trkpt lat="49.009518" lon="17.083014">
      </trkpt>
      <trkpt lat="49.009251" lon="17.083506">
      </trkpt>
      <trkpt lat="49.004193" lon="17.088013">
      </trkpt>
      <trkpt lat="49.000629" lon="17.088521">
      </trkpt>
      <trkpt lat="49.000774" lon="17.089074">
      </trkpt>
      <trkpt lat="49.001832" lon="17.091129">
      </trkpt>
      <trkpt lat="49.002058" lon="17.091635">
      </trkpt>
      <trkpt lat="49.002615" lon="17.092335">
      </trkpt>
      <trkpt lat="49.003637" lon="17.094982">
      </trkpt>
      <trkpt lat="49.003553" lon="17.097528">
      </trkpt>
      <trkpt lat="48.995431" lon="17.10081">
      </trkpt>
      <trkpt lat="48.993437" lon="17.100157">
      </trkpt>
      <trkpt lat="48.99128" lon="17.0988">
      </trkpt>
      <trkpt lat="48.989352" lon="17.097569">
      </trkpt>
      <trkpt lat="48.986716" lon="17.100021">
      </trkpt>
      <trkpt lat="48.988632" lon="17.102229">
      </trkpt>
      <trkpt lat="48.991682" lon="17.103364">
      </trkpt>
      <trkpt lat="48.995216" lon="17.104403">
      </trkpt>
      <trkpt lat="48.999105" lon="17.107006">
      </trkpt>
      <trkpt lat="49.001193" lon="17.114387">
      </trkpt>
      <trkpt lat="49.002338" lon="17.117519">
      </trkpt>
      <trkpt lat="49.002156" lon="17.122698">
      </trkpt>
      <trkpt lat="48.999508" lon="17.126902">
      </trkpt>
      <trkpt lat="48.999493" lon="17.126971">
      </trkpt>
      <trkpt lat="49.000344" lon="17.12883">
      </trkpt>
      <trkpt lat="49.002235" lon="17.13654">
      </trkpt>
      <trkpt lat="49.005798" lon="17.137055">
      </trkpt>
      <trkpt lat="49.010134" lon="17.134609">
      </trkpt>
      <trkpt lat="49.01763" lon="17.130231">
      </trkpt>
      <trkpt lat="49.018033" lon="17.13019">
      </trkpt>
      <trkpt lat="49.020301" lon="17.130049">
      </trkpt>
      <trkpt lat="49.021146" lon="17.129456">
      </trkpt>
      <trkpt lat="49.023975" lon="17.125">
      </trkpt>
      <trkpt lat="49.025231" lon="17.123167">
      </trkpt>
      <trkpt lat="49.025223" lon="17.123033">
      </trkpt>
      <trkpt lat="49.023066" lon="17.121517">
      </trkpt>
      <trkpt lat="49.020211" lon="17.120012">
      </trkpt>
      <trkpt lat="49.018312" lon="17.117754">
      </trkpt>
      <trkpt lat="49.022445" lon="17.110493">
      </trkpt>
      <trkpt lat="49.023781" lon="17.110081">
      </trkpt>
      <trkpt lat="49.02414" lon="17.109926">
      </trkpt>
      <trkpt lat="49.026153" lon="17.108945">
      </trkpt>
      <trkpt lat="49.024575" lon="17.105709">
      </trkpt>
      <trkpt lat="49.022562" lon="17.10669">
      </trkpt>
      <trkpt lat="49.02141" lon="17.107045">
      </trkpt>
      <trkpt lat="49.018586" lon="17.107746">
      </trkpt>
      <trkpt lat="49.018058" lon="17.107937">
      </trkpt>
      <trkpt lat="49.017324" lon="17.108391">
      </trkpt>
      <trkpt lat="49.016608" lon="17.10893">
      </trkpt>
      <trkpt lat="49.00832" lon="17.106655">
      </trkpt>
      <trkpt lat="49.007339" lon="17.09938">
      </trkpt>
      <trkpt lat="49.009783" lon="17.093051">
      </trkpt>
      <trkpt lat="49.011686" lon="17.091145">
      </trkpt>
      <trkpt lat="49.01854" lon="17.088931">
      </trkpt>
      <trkpt lat="49.01999" lon="17.088065">
      </trkpt>
      <trkpt lat="49.020973" lon="17.087567">
      </trkpt>
      <trkpt lat="49.024927" lon="17.081611">
      </trkpt>
      <trkpt lat="49.025133" lon="17.079713">
      </trkpt>
      <trkpt lat="49.025723" lon="17.0781">
      </trkpt>
      <trkpt lat="49.02597" lon="17.073512">
      </trkpt>
      <trkpt lat="49.026115" lon="17.072985">
      </trkpt>
      <trkpt lat="49.026163" lon="17.072518">
      </trkpt>
      <trkpt lat="49.02614" lon="17.072063">
      </trkpt>
      <trkpt lat="49.026068" lon="17.071664">
      </trkpt>
      <trkpt lat="49.027005" lon="17.063089">
      </trkpt>
      <trkpt lat="49.027875" lon="17.061962">
      </trkpt>
      <trkpt lat="49.028107" lon="17.061504">
      </trkpt>
      <trkpt lat="49.030127" lon="17.05769">
      </trkpt>
      <trkpt lat="49.033138" lon="17.054889">
      </trkpt>
      <trkpt lat="49.033783" lon="17.05443">
      </trkpt>
      <trkpt lat="49.034812" lon="17.052789">
      </trkpt>
      <trkpt lat="49.038387" lon="17.049645">
      </trkpt>
      <trkpt lat="49.039675" lon="17.048402">
      </trkpt>
      <trkpt lat="49.039723" lon="17.048349">
      </trkpt>
      <trkpt lat="49.040931" lon="17.047006">
      </trkpt>
      <trkpt lat="49.037873" lon="17.043124">
      </trkpt>
      <trkpt lat="49.037659" lon="17.042587">
      </trkpt>
      <trkpt lat="49.037772" lon="17.035341">
      </trkpt>
      <trkpt lat="49.038068" lon="17.034671">
      </trkpt>
      <trkpt lat="49.038426" lon="17.033768">
      </trkpt>
      <trkpt lat="49.03921" lon="17.031589">
      </trkpt>
      <trkpt lat="49.039377" lon="17.030903">
      </trkpt>
      <trkpt lat="49.039462" lon="17.030089">
      </trkpt>
      <trkpt lat="49.039459" lon="17.029653">
      </trkpt>
      <trkpt lat="49.039292" lon="17.027775">
      </trkpt>
      <trkpt lat="49.039595" lon="17.026035">
      </trkpt>
      <trkpt lat="49.039648" lon="17.025784">
      </trkpt>
      <trkpt lat="49.039707" lon="17.025489">
      </trkpt>
      <trkpt lat="49.039935" lon="17.024203">
      </trkpt>
      <trkpt lat="49.041938" lon="17.020402">
      </trkpt>
      <trkpt lat="49.049003" lon="17.020042">
      </trkpt>
      <trkpt lat="49.049773" lon="17.025266">
      </trkpt>
      <trkpt lat="49.049711" lon="17.027413">
      </trkpt>
      <trkpt lat="49.051151" lon="17.028592">
      </trkpt>
      <trkpt lat="49.056299" lon="17.02803">
      </trkpt>
      <trkpt lat="49.056856" lon="17.028171">
      </trkpt>
      <trkpt lat="49.057363" lon="17.028198">
      </trkpt>
      <trkpt lat="49.062717" lon="17.030538">
      </trkpt>
      <trkpt lat="49.063415" lon="17.036486">
      </trkpt>
      <trkpt lat="49.06327" lon="17.039748">
      </trkpt>
      <trkpt lat="49.062492" lon="17.041594">
      </trkpt>
      <trkpt lat="49.054418" lon="17.042827">
      </trkpt>
      <trkpt lat="49.052116" lon="17.04114">
      </trkpt>
      <trkpt lat="49.050706" lon="17.042287">
      </trkpt>
      <trkpt lat="49.049688" lon="17.043798">
      </trkpt>
      <trkpt lat="49.05228" lon="17.045723">
      </trkpt>
      <trkpt lat="49.054585" lon="17.052763">
      </trkpt>
      <trkpt lat="49.051908" lon="17.055749">
      </trkpt>
      <trkpt lat="49.051575" lon="17.05607">
      </trkpt>
      <trkpt lat="49.051208" lon="17.056531">
      </trkpt>
      <trkpt lat="49.050436" lon="17.057663">
      </trkpt>
      <trkpt lat="49.049743" lon="17.058724">
      </trkpt>
      <trkpt lat="49.048834" lon="17.059983">
      </trkpt>
      <trkpt lat="49.048043" lon="17.061212">
      </trkpt>
      <trkpt lat="49.047795" lon="17.06171">
      </trkpt>
      <trkpt lat="49.0477" lon="17.062061">
      </trkpt>
      <trkpt lat="49.047215" lon="17.063781">
      </trkpt>
      <trkpt lat="49.045875" lon="17.068142">
      </trkpt>
      <trkpt lat="49.045497" lon="17.068801">
      </trkpt>
      <trkpt lat="49.048497" lon="17.070792">
      </trkpt>
      <trkpt lat="49.044287" lon="17.078118">
      </trkpt>
      <trkpt lat="49.040997" lon="17.076837">
      </trkpt>
      <trkpt lat="49.040565" lon="17.077163">
      </trkpt>
      <trkpt lat="49.040245" lon="17.077449">
      </trkpt>
      <trkpt lat="49.03743" lon="17.082544">
      </trkpt>
      <trkpt lat="49.037312" lon="17.083117">
      </trkpt>
      <trkpt lat="49.03732" lon="17.083737">
      </trkpt>
      <trkpt lat="49.037522" lon="17.084979">
      </trkpt>
      <trkpt lat="49.037614" lon="17.085631">
      </trkpt>
      <trkpt lat="49.037718" lon="17.086103">
      </trkpt>
      <trkpt lat="49.03796" lon="17.086859">
      </trkpt>
      <trkpt lat="49.038112" lon="17.087201">
      </trkpt>
      <trkpt lat="49.041404" lon="17.085745">
      </trkpt>
      <trkpt lat="49.046327" lon="17.084218">
      </trkpt>
      <trkpt lat="49.050468" lon="17.091459">
      </trkpt>
      <trkpt lat="49.049592" lon="17.092874">
      </trkpt>
      <trkpt lat="49.052652" lon="17.09477">
      </trkpt>
      <trkpt lat="49.058089" lon="17.097306">
      </trkpt>
      <trkpt lat="49.060509" lon="17.094641">
      </trkpt>
      <trkpt lat="49.068085" lon="17.096875">
      </trkpt>
      <trkpt lat="49.069327" lon="17.098759">
      </trkpt>
      <trkpt lat="49.072144" lon="17.098646">
      </trkpt>
      <trkpt lat="49.073701" lon="17.0954">
      </trkpt>
      <trkpt lat="49.078793" lon="17.092256">
      </trkpt>
      <trkpt lat="49.080204" lon="17.091992">
      </trkpt>
      <trkpt lat="49.082094" lon="17.091901">
      </trkpt>
      <trkpt lat="49.081921" lon="17.088305">
      </trkpt>
      <trkpt lat="49.074355" lon="17.084317">
      </trkpt>
      <trkpt lat="49.073426" lon="17.08195">
      </trkpt>
      <trkpt lat="49.073333" lon="17.081633">
      </trkpt>
      <trkpt lat="49.074425" lon="17.07277">
      </trkpt>
      <trkpt lat="49.076323" lon="17.069759">
      </trkpt>
      <trkpt lat="49.076161" lon="17.065667">
      </trkpt>
      <trkpt lat="49.074789" lon="17.062339">
      </trkpt>
      <trkpt lat="49.076633" lon="17.053702">
      </trkpt>
      <trkpt lat="49.080659" lon="17.0519">
      </trkpt>
      <trkpt lat="49.086823" lon="17.055419">
      </trkpt>
      <trkpt lat="49.086896" lon="17.055551">
      </trkpt>
      <trkpt lat="49.08968" lon="17.057609">
      </trkpt>
      <trkpt lat="49.097986" lon="17.055017">
      </trkpt>
      <trkpt lat="49.102664" lon="17.05563">
      </trkpt>
      <trkpt lat="49.103031" lon="17.055777">
      </trkpt>
      <trkpt lat="49.105074" lon="17.056298">
      </trkpt>
      <trkpt lat="49.105928" lon="17.056519">
      </trkpt>
      <trkpt lat="49.110217" lon="17.064143">
      </trkpt>
      <trkpt lat="49.109976" lon="17.064606">
      </trkpt>
      <trkpt lat="49.10644" lon="17.067759">
      </trkpt>
      <trkpt lat="49.105722" lon="17.068298">
      </trkpt>
      <trkpt lat="49.1053" lon="17.069022">
      </trkpt>
      <trkpt lat="49.102419" lon="17.07262">
      </trkpt>
      <trkpt lat="49.101586" lon="17.073953">
      </trkpt>
      <trkpt lat="49.100345" lon="17.076682">
      </trkpt>
      <trkpt lat="49.097472" lon="17.081393">
      </trkpt>
      <trkpt lat="49.100266" lon="17.083663">
      </trkpt>
      <trkpt lat="49.109138" lon="17.085006">
      </trkpt>
      <trkpt lat="49.109097" lon="17.086965">
      </trkpt>
      <trkpt lat="49.109055" lon="17.088924">
      </trkpt>
      <trkpt lat="49.108188" lon="17.091569">
      </trkpt>
      <trkpt lat="49.106494" lon="17.094671">
      </trkpt>
      <trkpt lat="49.106026" lon="17.095829">
      </trkpt>
      <trkpt lat="49.105966" lon="17.097031">
      </trkpt>
      <trkpt lat="49.106121" lon="17.098951">
      </trkpt>
      <trkpt lat="49.10616" lon="17.100235">
      </trkpt>
      <trkpt lat="49.104487" lon="17.106096">
      </trkpt>
      <trkpt lat="49.100421" lon="17.110071">
      </trkpt>
      <trkpt lat="49.095743" lon="17.10966">
      </trkpt>
      <trkpt lat="49.095021" lon="17.109377">
      </trkpt>
      <trkpt lat="49.093447" lon="17.109001">
      </trkpt>
      <trkpt lat="49.09267" lon="17.109055">
      </trkpt>
      <trkpt lat="49.092076" lon="17.109265">
      </trkpt>
      <trkpt lat="49.091179" lon="17.109697">
      </trkpt>
      <trkpt lat="49.087136" lon="17.111784">
      </trkpt>
      <trkpt lat="49.084587" lon="17.115236">
      </trkpt>
      <trkpt lat="49.083726" lon="17.116148">
      </trkpt>
      <trkpt lat="49.080593" lon="17.118205">
      </trkpt>
      <trkpt lat="49.080114" lon="17.118401">
      </trkpt>
      <trkpt lat="49.081479" lon="17.121732">
      </trkpt>
      <trkpt lat="49.0826" lon="17.122204">
      </trkpt>
      <trkpt lat="49.083404" lon="17.122485">
      </trkpt>
      <trkpt lat="49.084165" lon="17.122536">
      </trkpt>
      <trkpt lat="49.088651" lon="17.124135">
      </trkpt>
      <trkpt lat="49.088461" lon="17.132205">
      </trkpt>
      <trkpt lat="49.088174" lon="17.13252">
      </trkpt>
      <trkpt lat="49.08776" lon="17.132975">
      </trkpt>
      <trkpt lat="49.08717" lon="17.133928">
      </trkpt>
      <trkpt lat="49.087059" lon="17.134785">
      </trkpt>
      <trkpt lat="49.086797" lon="17.136359">
      </trkpt>
      <trkpt lat="49.086768" lon="17.136535">
      </trkpt>
      <trkpt lat="49.086759" lon="17.136662">
      </trkpt>
      <trkpt lat="49.086888" lon="17.137002">
      </trkpt>
      <trkpt lat="49.087801" lon="17.13804">
      </trkpt>
      <trkpt lat="49.09014" lon="17.137503">
      </trkpt>
      <trkpt lat="49.096368" lon="17.141461">
      </trkpt>
      <trkpt lat="49.096401" lon="17.141506">
      </trkpt>
      <trkpt lat="49.09886" lon="17.145365">
      </trkpt>
      <trkpt lat="49.097465" lon="17.152764">
      </trkpt>
      <trkpt lat="49.097365" lon="17.152905">
      </trkpt>
      <trkpt lat="49.096746" lon="17.153836">
      </trkpt>
      <trkpt lat="49.096503" lon="17.154174">
      </trkpt>
      <trkpt lat="49.094773" lon="17.160057">
      </trkpt>
      <trkpt lat="49.094686" lon="17.160401">
      </trkpt>
      <trkpt lat="49.095658" lon="17.162102">
      </trkpt>
      <trkpt lat="49.097145" lon="17.162803">
      </trkpt>
      <trkpt lat="49.098153" lon="17.170936">
      </trkpt>
      <trkpt lat="49.096392" lon="17.172835">
      </trkpt>
      <trkpt lat="49.095809" lon="17.173445">
      </trkpt>
      <trkpt lat="49.089225" lon="17.176694">
      </trkpt>
      <trkpt lat="49.088564" lon="17.176989">
      </trkpt>
      <trkpt lat="49.086988" lon="17.17824">
      </trkpt>
      <trkpt lat="49.085349" lon="17.179992">
      </trkpt>
      <trkpt lat="49.087756" lon="17.182669">
      </trkpt>
      <trkpt lat="49.091178" lon="17.187985">
      </trkpt>
      <trkpt lat="49.092508" lon="17.196639">
      </trkpt>
      <trkpt lat="49.096075" lon="17.197126">
      </trkpt>
      <trkpt lat="49.096466" lon="17.194266">
      </trkpt>
      <trkpt lat="49.096948" lon="17.191875">
      </trkpt>
      <trkpt lat="49.096729" lon="17.191155">
      </trkpt>
      <trkpt lat="49.095451" lon="17.187028">
      </trkpt>
      <trkpt lat="49.099421" lon="17.179532">
      </trkpt>
      <trkpt lat="49.100828" lon="17.177947">
      </trkpt>
      <trkpt lat="49.10143" lon="17.17727">
      </trkpt>
      <trkpt lat="49.107289" lon="17.174009">
      </trkpt>
      <trkpt lat="49.11122" lon="17.177766">
      </trkpt>
      <trkpt lat="49.114157" lon="17.18284">
      </trkpt>
      <trkpt lat="49.114966" lon="17.184998">
      </trkpt>
      <trkpt lat="49.118459" lon="17.184129">
      </trkpt>
      <trkpt lat="49.120013" lon="17.179261">
      </trkpt>
      <trkpt lat="49.120094" lon="17.178734">
      </trkpt>
      <trkpt lat="49.120115" lon="17.17831">
      </trkpt>
      <trkpt lat="49.119579" lon="17.172187">
      </trkpt>
      <trkpt lat="49.122397" lon="17.167983">
      </trkpt>
      <trkpt lat="49.122802" lon="17.167271">
      </trkpt>
      <trkpt lat="49.124317" lon="17.164938">
      </trkpt>
      <trkpt lat="49.124275" lon="17.164134">
      </trkpt>
      <trkpt lat="49.123652" lon="17.163096">
      </trkpt>
      <trkpt lat="49.12275" lon="17.161049">
      </trkpt>
      <trkpt lat="49.122704" lon="17.161025">
      </trkpt>
      <trkpt lat="49.119652" lon="17.161372">
      </trkpt>
      <trkpt lat="49.119055" lon="17.161317">
      </trkpt>
      <trkpt lat="49.117049" lon="17.161692">
      </trkpt>
      <trkpt lat="49.112541" lon="17.154967">
      </trkpt>
      <trkpt lat="49.112731" lon="17.154481">
      </trkpt>
      <trkpt lat="49.112821" lon="17.154107">
      </trkpt>
      <trkpt lat="49.112943" lon="17.153332">
      </trkpt>
      <trkpt lat="49.112419" lon="17.150737">
      </trkpt>
      <trkpt lat="49.111719" lon="17.144219">
      </trkpt>
      <trkpt lat="49.111818" lon="17.14369">
      </trkpt>
      <trkpt lat="49.111869" lon="17.143247">
      </trkpt>
      <trkpt lat="49.111886" lon="17.142699">
      </trkpt>
      <trkpt lat="49.111847" lon="17.141613">
      </trkpt>
      <trkpt lat="49.118955" lon="17.136436">
      </trkpt>
      <trkpt lat="49.122713" lon="17.134992">
      </trkpt>
      <trkpt lat="49.123278" lon="17.134708">
      </trkpt>
      <trkpt lat="49.123755" lon="17.134396">
      </trkpt>
      <trkpt lat="49.124487" lon="17.133788">
      </trkpt>
      <trkpt lat="49.125012" lon="17.133199">
      </trkpt>
      <trkpt lat="49.125417" lon="17.132586">
      </trkpt>
      <trkpt lat="49.126489" lon="17.130588">
      </trkpt>
      <trkpt lat="49.128766" lon="17.128636">
      </trkpt>
      <trkpt lat="49.136025" lon="17.132337">
      </trkpt>
      <trkpt lat="49.136211" lon="17.132776">
      </trkpt>
      <trkpt lat="49.136766" lon="17.133529">
      </trkpt>
      <trkpt lat="49.139611" lon="17.14157">
      </trkpt>
      <trkpt lat="49.138879" lon="17.143553">
      </trkpt>
      <trkpt lat="49.141707" lon="17.152069">
      </trkpt>
      <trkpt lat="49.144959" lon="17.153613">
      </trkpt>
      <trkpt lat="49.147406" lon="17.160664">
      </trkpt>
      <trkpt lat="49.146605" lon="17.162566">
      </trkpt>
      <trkpt lat="49.150008" lon="17.163739">
      </trkpt>
      <trkpt lat="49.157524" lon="17.167552">
      </trkpt>
      <trkpt lat="49.156892" lon="17.170355">
      </trkpt>
      <trkpt lat="49.15648" lon="17.172144">
      </trkpt>
      <trkpt lat="49.156064" lon="17.17395">
      </trkpt>
      <trkpt lat="49.151483" lon="17.178946">
      </trkpt>
      <trkpt lat="49.149367" lon="17.180477">
      </trkpt>
      <trkpt lat="49.148279" lon="17.181747">
      </trkpt>
      <trkpt lat="49.149878" lon="17.184973">
      </trkpt>
      <trkpt lat="49.155218" lon="17.19162">
      </trkpt>
      <trkpt lat="49.155222" lon="17.192731">
      </trkpt>
      <trkpt lat="49.155257" lon="17.193544">
      </trkpt>
      <trkpt lat="49.155339" lon="17.194529">
      </trkpt>
      <trkpt lat="49.155444" lon="17.19567">
      </trkpt>
      <trkpt lat="49.155513" lon="17.196864">
      </trkpt>
      <trkpt lat="49.155527" lon="17.197495">
      </trkpt>
      <trkpt lat="49.1555" lon="17.198439">
      </trkpt>
      <trkpt lat="49.155441" lon="17.199184">
      </trkpt>
      <trkpt lat="49.155364" lon="17.19991">
      </trkpt>
      <trkpt lat="49.154911" lon="17.203254">
      </trkpt>
      <trkpt lat="49.153188" lon="17.209062">
      </trkpt>
      <trkpt lat="49.144638" lon="17.206336">
      </trkpt>
      <trkpt lat="49.144582" lon="17.206201">
      </trkpt>
      <trkpt lat="49.143939" lon="17.205897">
      </trkpt>
      <trkpt lat="49.140729" lon="17.203274">
      </trkpt>
      <trkpt lat="49.140425" lon="17.20288">
      </trkpt>
      <trkpt lat="49.137938" lon="17.199135">
      </trkpt>
      <trkpt lat="49.137202" lon="17.194168">
      </trkpt>
      <trkpt lat="49.136508" lon="17.192041">
      </trkpt>
      <trkpt lat="49.132837" lon="17.186901">
      </trkpt>
      <trkpt lat="49.129269" lon="17.187376">
      </trkpt>
      <trkpt lat="49.129515" lon="17.189225">
      </trkpt>
      <trkpt lat="49.129762" lon="17.191073">
      </trkpt>
      <trkpt lat="49.129891" lon="17.19196">
      </trkpt>
      <trkpt lat="49.130064" lon="17.192669">
      </trkpt>
      <trkpt lat="49.130249" lon="17.193201">
      </trkpt>
      <trkpt lat="49.130774" lon="17.198898">
      </trkpt>
      <trkpt lat="49.131918" lon="17.20025">
      </trkpt>
      <trkpt lat="49.135446" lon="17.207043">
      </trkpt>
      <trkpt lat="49.135422" lon="17.208696">
      </trkpt>
      <trkpt lat="49.135786" lon="17.213599">
      </trkpt>
      <trkpt lat="49.136134" lon="17.218456">
      </trkpt>
      <trkpt lat="49.136136" lon="17.218834">
      </trkpt>
      <trkpt lat="49.139248" lon="17.225643">
      </trkpt>
      <trkpt lat="49.139761" lon="17.230094">
      </trkpt>
      <trkpt lat="49.136783" lon="17.238056">
      </trkpt>
      <trkpt lat="49.13671" lon="17.238154">
      </trkpt>
      <trkpt lat="49.134144" lon="17.246534">
      </trkpt>
      <trkpt lat="49.133788" lon="17.246805">
      </trkpt>
      <trkpt lat="49.133502" lon="17.247091">
      </trkpt>
      <trkpt lat="49.133204" lon="17.247468">
      </trkpt>
      <trkpt lat="49.132958" lon="17.247867">
      </trkpt>
      <trkpt lat="49.130044" lon="17.252494">
      </trkpt>
      <trkpt lat="49.128625" lon="17.254456">
      </trkpt>
      <trkpt lat="49.131541" lon="17.256566">
      </trkpt>
      <trkpt lat="49.138148" lon="17.250647">
      </trkpt>
      <trkpt lat="49.139404" lon="17.248766">
      </trkpt>
      <trkpt lat="49.143116" lon="17.24371">
      </trkpt>
      <trkpt lat="49.148119" lon="17.245462">
      </trkpt>
      <trkpt lat="49.148275" lon="17.245629">
      </trkpt>
      <trkpt lat="49.150669" lon="17.245186">
      </trkpt>
      <trkpt lat="49.150778" lon="17.244991">
      </trkpt>
      <trkpt lat="49.151243" lon="17.243164">
      </trkpt>
      <trkpt lat="49.159622" lon="17.24174">
      </trkpt>
      <trkpt lat="49.161173" lon="17.244121">
      </trkpt>
      <trkpt lat="49.163604" lon="17.25102">
      </trkpt>
      <trkpt lat="49.163644" lon="17.251559">
      </trkpt>
      <trkpt lat="49.163745" lon="17.252093">
      </trkpt>
      <trkpt lat="49.16387" lon="17.252458">
      </trkpt>
      <trkpt lat="49.164113" lon="17.252935">
      </trkpt>
      <trkpt lat="49.164586" lon="17.253523">
      </trkpt>
      <trkpt lat="49.165102" lon="17.253919">
      </trkpt>
      <trkpt lat="49.16553" lon="17.254117">
      </trkpt>
      <trkpt lat="49.166008" lon="17.254264">
      </trkpt>
      <trkpt lat="49.168293" lon="17.254791">
      </trkpt>
      <trkpt lat="49.170579" lon="17.255317">
      </trkpt>
      <trkpt lat="49.171387" lon="17.251809">
      </trkpt>
      <trkpt lat="49.167048" lon="17.246354">
      </trkpt>
      <trkpt lat="49.166867" lon="17.245528">
      </trkpt>
      <trkpt lat="49.16669" lon="17.244963">
      </trkpt>
      <trkpt lat="49.166508" lon="17.244519">
      </trkpt>
      <trkpt lat="49.166207" lon="17.243949">
      </trkpt>
      <trkpt lat="49.165939" lon="17.243528">
      </trkpt>
      <trkpt lat="49.169659" lon="17.235577">
      </trkpt>
      <trkpt lat="49.17732" lon="17.237899">
      </trkpt>
      <trkpt lat="49.183148" lon="17.237559">
      </trkpt>
      <trkpt lat="49.18484" lon="17.237948">
      </trkpt>
      <trkpt lat="49.18557" lon="17.238144">
      </trkpt>
      <trkpt lat="49.186698" lon="17.23851">
      </trkpt>
      <trkpt lat="49.187454" lon="17.238587">
      </trkpt>
      <trkpt lat="49.188354" lon="17.238292">
      </trkpt>
      <trkpt lat="49.188958" lon="17.237794">
      </trkpt>
      <trkpt lat="49.189283" lon="17.237504">
      </trkpt>
      <trkpt lat="49.189919" lon="17.235905">
      </trkpt>
      <trkpt lat="49.191478" lon="17.231025">
      </trkpt>
      <trkpt lat="49.191765" lon="17.23069">
      </trkpt>
      <trkpt lat="49.192079" lon="17.230145">
      </trkpt>
      <trkpt lat="49.192394" lon="17.228869">
      </trkpt>
      <trkpt lat="49.192951" lon="17.225847">
      </trkpt>
      <trkpt lat="49.201863" lon="17.226586">
      </trkpt>
      <trkpt lat="49.201853" lon="17.227216">
      </trkpt>
      <trkpt lat="49.201881" lon="17.2276">
      </trkpt>
      <trkpt lat="49.202231" lon="17.230706">
      </trkpt>
      <trkpt lat="49.202578" lon="17.23361">
      </trkpt>
      <trkpt lat="49.201577" lon="17.23755">
      </trkpt>
      <trkpt lat="49.201335" lon="17.238129">
      </trkpt>
      <trkpt lat="49.201112" lon="17.239102">
      </trkpt>
      <trkpt lat="49.197512" lon="17.243224">
      </trkpt>
      <trkpt lat="49.197313" lon="17.24554">
      </trkpt>
      <trkpt lat="49.197426" lon="17.245941">
      </trkpt>
      <trkpt lat="49.197725" lon="17.246603">
      </trkpt>
      <trkpt lat="49.195293" lon="17.255251">
      </trkpt>
      <trkpt lat="49.194095" lon="17.25605">
      </trkpt>
      <trkpt lat="49.193183" lon="17.25731">
      </trkpt>
      <trkpt lat="49.192801" lon="17.257784">
      </trkpt>
      <trkpt lat="49.193373" lon="17.259483">
      </trkpt>
      <trkpt lat="49.193765" lon="17.259891">
      </trkpt>
      <trkpt lat="49.194008" lon="17.260086">
      </trkpt>
      <trkpt lat="49.195603" lon="17.260044">
      </trkpt>
      <trkpt lat="49.200572" lon="17.258226">
      </trkpt>
      <trkpt lat="49.201215" lon="17.258062">
      </trkpt>
      <trkpt lat="49.207656" lon="17.257008">
      </trkpt>
      <trkpt lat="49.214092" lon="17.261674">
      </trkpt>
      <trkpt lat="49.21418" lon="17.265453">
      </trkpt>
      <trkpt lat="49.215638" lon="17.268185">
      </trkpt>
      <trkpt lat="49.21622" lon="17.2695">
      </trkpt>
      <trkpt lat="49.216786" lon="17.270547">
      </trkpt>
      <trkpt lat="49.21921" lon="17.273365">
      </trkpt>
      <trkpt lat="49.220505" lon="17.275563">
      </trkpt>
      <trkpt lat="49.221252" lon="17.276283">
      </trkpt>
      <trkpt lat="49.223913" lon="17.277726">
      </trkpt>
      <trkpt lat="49.224427" lon="17.277935">
      </trkpt>
      <trkpt lat="49.226332" lon="17.278808">
      </trkpt>
      <trkpt lat="49.227925" lon="17.280243">
      </trkpt>
      <trkpt lat="49.228259" lon="17.280466">
      </trkpt>
      <trkpt lat="49.22862" lon="17.280675">
      </trkpt>
      <trkpt lat="49.230134" lon="17.281325">
      </trkpt>
      <trkpt lat="49.232055" lon="17.283134">
      </trkpt>
      <trkpt lat="49.233326" lon="17.285141">
      </trkpt>
      <trkpt lat="49.233548" lon="17.285661">
      </trkpt>
      <trkpt lat="49.230212" lon="17.293437">
      </trkpt>
      <trkpt lat="49.224248" lon="17.290262">
      </trkpt>
      <trkpt lat="49.223891" lon="17.289667">
      </trkpt>
      <trkpt lat="49.223032" lon="17.288418">
      </trkpt>
      <trkpt lat="49.21964" lon="17.288131">
      </trkpt>
      <trkpt lat="49.217634" lon="17.287652">
      </trkpt>
      <trkpt lat="49.215317" lon="17.286659">
      </trkpt>
      <trkpt lat="49.213816" lon="17.286437">
      </trkpt>
      <trkpt lat="49.213235" lon="17.286262">
      </trkpt>
      <trkpt lat="49.212915" lon="17.28644">
      </trkpt>
      <trkpt lat="49.207952" lon="17.287772">
      </trkpt>
      <trkpt lat="49.199332" lon="17.286994">
      </trkpt>
      <trkpt lat="49.198693" lon="17.286679">
      </trkpt>
      <trkpt lat="49.198233" lon="17.286542">
      </trkpt>
      <trkpt lat="49.197176" lon="17.286333">
      </trkpt>
      <trkpt lat="49.196542" lon="17.286245">
      </trkpt>
      <trkpt lat="49.195977" lon="17.286218">
      </trkpt>
      <trkpt lat="49.195588" lon="17.286249">
      </trkpt>
      <trkpt lat="49.195008" lon="17.286342">
      </trkpt>
      <trkpt lat="49.192854" lon="17.286837">
      </trkpt>
      <trkpt lat="49.192246" lon="17.287112">
      </trkpt>
      <trkpt lat="49.191635" lon="17.28746">
      </trkpt>
      <trkpt lat="49.192313" lon="17.288767">
      </trkpt>
      <trkpt lat="49.193417" lon="17.290588">
      </trkpt>
      <trkpt lat="49.198949" lon="17.291379">
      </trkpt>
      <trkpt lat="49.204088" lon="17.295838">
      </trkpt>
      <trkpt lat="49.204436" lon="17.296372">
      </trkpt>
      <trkpt lat="49.205412" lon="17.297009">
      </trkpt>
      <trkpt lat="49.206309" lon="17.297116">
      </trkpt>
      <trkpt lat="49.207993" lon="17.2971">
      </trkpt>
      <trkpt lat="49.212051" lon="17.304676">
      </trkpt>
      <trkpt lat="49.211739" lon="17.30525">
      </trkpt>
      <trkpt lat="49.211076" lon="17.307072">
      </trkpt>
      <trkpt lat="49.208761" lon="17.310161">
      </trkpt>
      <trkpt lat="49.208474" lon="17.310477">
      </trkpt>
      <trkpt lat="49.20488" lon="17.314045">
      </trkpt>
      <trkpt lat="49.206669" lon="17.317169">
      </trkpt>
      <trkpt lat="49.207124" lon="17.316908">
      </trkpt>
      <trkpt lat="49.21329" lon="17.316594">
      </trkpt>
      <trkpt lat="49.215224" lon="17.321122">
      </trkpt>
      <trkpt lat="49.215179" lon="17.323056">
      </trkpt>
      <trkpt lat="49.212619" lon="17.328324">
      </trkpt>
      <trkpt lat="49.21215" lon="17.328833">
      </trkpt>
      <trkpt lat="49.208971" lon="17.330874">
      </trkpt>
      <trkpt lat="49.205788" lon="17.332555">
      </trkpt>
      <trkpt lat="49.206023" lon="17.339575">
      </trkpt>
      <trkpt lat="49.202532" lon="17.341981">
      </trkpt>
      <trkpt lat="49.202142" lon="17.342143">
      </trkpt>
      <trkpt lat="49.201424" lon="17.343536">
      </trkpt>
      <trkpt lat="49.201424" lon="17.343636">
      </trkpt>
      <trkpt lat="49.203525" lon="17.345467">
      </trkpt>
      <trkpt lat="49.203915" lon="17.345304">
      </trkpt>
      <trkpt lat="49.207829" lon="17.344419">
      </trkpt>
      <trkpt lat="49.210598" lon="17.34212">
      </trkpt>
      <trkpt lat="49.211632" lon="17.336992">
      </trkpt>
      <trkpt lat="49.212763" lon="17.334945">
      </trkpt>
      <trkpt lat="49.21382" lon="17.333129">
      </trkpt>
      <trkpt lat="49.215102" lon="17.330931">
      </trkpt>
      <trkpt lat="49.223026" lon="17.332336">
      </trkpt>
      <trkpt lat="49.224104" lon="17.336268">
      </trkpt>
      <trkpt lat="49.223543" lon="17.339214">
      </trkpt>
      <trkpt lat="49.220889" lon="17.347316">
      </trkpt>
      <trkpt lat="49.219244" lon="17.351266">
      </trkpt>
      <trkpt lat="49.213824" lon="17.355549">
      </trkpt>
      <trkpt lat="49.213518" lon="17.357869">
      </trkpt>
      <trkpt lat="49.209026" lon="17.365001">
      </trkpt>
      <trkpt lat="49.207967" lon="17.365614">
      </trkpt>
      <trkpt lat="49.207052" lon="17.366492">
      </trkpt>
      <trkpt lat="49.200078" lon="17.371031">
      </trkpt>
      <trkpt lat="49.197223" lon="17.373224">
      </trkpt>
      <trkpt lat="49.197652" lon="17.374564">
      </trkpt>
      <trkpt lat="49.198824" lon="17.379134">
      </trkpt>
      <trkpt lat="49.197919" lon="17.3854">
      </trkpt>
      <trkpt lat="49.199811" lon="17.389926">
      </trkpt>
      <trkpt lat="49.202191" lon="17.391129">
      </trkpt>
      <trkpt lat="49.20239" lon="17.391053">
      </trkpt>
      <trkpt lat="49.203356" lon="17.389299">
      </trkpt>
      <trkpt lat="49.203437" lon="17.388801">
      </trkpt>
      <trkpt lat="49.203545" lon="17.388269">
      </trkpt>
      <trkpt lat="49.206281" lon="17.383471">
      </trkpt>
      <trkpt lat="49.208537" lon="17.378749">
      </trkpt>
      <trkpt lat="49.208982" lon="17.378238">
      </trkpt>
      <trkpt lat="49.210747" lon="17.376628">
      </trkpt>
      <trkpt lat="49.21118" lon="17.376303">
      </trkpt>
      <trkpt lat="49.21649" lon="17.374305">
      </trkpt>
      <trkpt lat="49.220363" lon="17.374783">
      </trkpt>
      <trkpt lat="49.22587" lon="17.377761">
      </trkpt>
      <trkpt lat="49.231304" lon="17.376771">
      </trkpt>
      <trkpt lat="49.235657" lon="17.379684">
      </trkpt>
      <trkpt lat="49.236435" lon="17.385397">
      </trkpt>
      <trkpt lat="49.229863" lon="17.389942">
      </trkpt>
      <trkpt lat="49.229068" lon="17.390008">
      </trkpt>
      <trkpt lat="49.228614" lon="17.39014">
      </trkpt>
      <trkpt lat="49.227992" lon="17.390396">
      </trkpt>
      <trkpt lat="49.227563" lon="17.390663">
      </trkpt>
      <trkpt lat="49.227268" lon="17.390912">
      </trkpt>
      <trkpt lat="49.22691" lon="17.391274">
      </trkpt>
      <trkpt lat="49.222181" lon="17.393618">
      </trkpt>
      <trkpt lat="49.220255" lon="17.395428">
      </trkpt>
      <trkpt lat="49.220148" lon="17.395587">
      </trkpt>
      <trkpt lat="49.220211" lon="17.397386">
      </trkpt>
      <trkpt lat="49.22028" lon="17.397483">
      </trkpt>
      <trkpt lat="49.223128" lon="17.397606">
      </trkpt>
      <trkpt lat="49.224391" lon="17.397469">
      </trkpt>
      <trkpt lat="49.226984" lon="17.397591">
      </trkpt>
      <trkpt lat="49.227096" lon="17.397467">
      </trkpt>
      <trkpt lat="49.233427" lon="17.3945">
      </trkpt>
      <trkpt lat="49.234225" lon="17.39444">
      </trkpt>
      <trkpt lat="49.234842" lon="17.39425">
      </trkpt>
      <trkpt lat="49.235507" lon="17.393913">
      </trkpt>
      <trkpt lat="49.236013" lon="17.393569">
      </trkpt>
      <trkpt lat="49.236407" lon="17.393196">
      </trkpt>
      <trkpt lat="49.236771" lon="17.392732">
      </trkpt>
      <trkpt lat="49.23718" lon="17.392108">
      </trkpt>
      <trkpt lat="49.237736" lon="17.391119">
      </trkpt>
      <trkpt lat="49.238116" lon="17.390385">
      </trkpt>
      <trkpt lat="49.238958" lon="17.389211">
      </trkpt>
      <trkpt lat="49.239219" lon="17.388844">
      </trkpt>
      <trkpt lat="49.23944" lon="17.388469">
      </trkpt>
      <trkpt lat="49.239582" lon="17.388166">
      </trkpt>
      <trkpt lat="49.244162" lon="17.384236">
      </trkpt>
      <trkpt lat="49.245988" lon="17.383822">
      </trkpt>
      <trkpt lat="49.247961" lon="17.382445">
      </trkpt>
      <trkpt lat="49.249319" lon="17.381695">
      </trkpt>
      <trkpt lat="49.257313" lon="17.383599">
      </trkpt>
      <trkpt lat="49.260887" lon="17.383171">
      </trkpt>
      <trkpt lat="49.261734" lon="17.391712">
      </trkpt>
      <trkpt lat="49.25873" lon="17.393249">
      </trkpt>
      <trkpt lat="49.25762" lon="17.395711">
      </trkpt>
      <trkpt lat="49.256657" lon="17.397411">
      </trkpt>
      <trkpt lat="49.248139" lon="17.399332">
      </trkpt>
      <trkpt lat="49.247745" lon="17.399151">
      </trkpt>
      <trkpt lat="49.247377" lon="17.399021">
      </trkpt>
      <trkpt lat="49.246172" lon="17.398713">
      </trkpt>
      <trkpt lat="49.242697" lon="17.399652">
      </trkpt>
      <trkpt lat="49.241458" lon="17.404482">
      </trkpt>
      <trkpt lat="49.238296" lon="17.412807">
      </trkpt>
      <trkpt lat="49.234019" lon="17.414227">
      </trkpt>
      <trkpt lat="49.232983" lon="17.414434">
      </trkpt>
      <trkpt lat="49.231428" lon="17.414818">
      </trkpt>
      <trkpt lat="49.232246" lon="17.418324">
      </trkpt>
      <trkpt lat="49.233618" lon="17.418004">
      </trkpt>
      <trkpt lat="49.235596" lon="17.417888">
      </trkpt>
      <trkpt lat="49.236506" lon="17.417876">
      </trkpt>
      <trkpt lat="49.242279" lon="17.424513">
      </trkpt>
      <trkpt lat="49.242328" lon="17.426236">
      </trkpt>
      <trkpt lat="49.242361" lon="17.426766">
      </trkpt>
      <trkpt lat="49.242367" lon="17.427012">
      </trkpt>
      <trkpt lat="49.24319" lon="17.427717">
      </trkpt>
      <trkpt lat="49.246102" lon="17.432492">
      </trkpt>
      <trkpt lat="49.244071" lon="17.439311">
      </trkpt>
      <trkpt lat="49.243626" lon="17.447336">
      </trkpt>
      <trkpt lat="49.240458" lon="17.449045">
      </trkpt>
      <trkpt lat="49.239114" lon="17.450933">
      </trkpt>
      <trkpt lat="49.241518" lon="17.453612">
      </trkpt>
      <trkpt lat="49.240904" lon="17.461068">
      </trkpt>
      <trkpt lat="49.237388" lon="17.461842">
      </trkpt>
      <trkpt lat="49.237292" lon="17.463478">
      </trkpt>
      <trkpt lat="49.237149" lon="17.471092">
      </trkpt>
      <trkpt lat="49.237327" lon="17.471569">
      </trkpt>
      <trkpt lat="49.238364" lon="17.473838">
      </trkpt>
      <trkpt lat="49.238575" lon="17.473852">
      </trkpt>
      <trkpt lat="49.240068" lon="17.473903">
      </trkpt>
      <trkpt lat="49.244449" lon="17.480795">
      </trkpt>
      <trkpt lat="49.245208" lon="17.483707">
      </trkpt>
      <trkpt lat="49.245285" lon="17.484335">
      </trkpt>
      <trkpt lat="49.245387" lon="17.484886">
      </trkpt>
      <trkpt lat="49.245485" lon="17.485296">
      </trkpt>
      <trkpt lat="49.245681" lon="17.485916">
      </trkpt>
      <trkpt lat="49.245961" lon="17.486633">
      </trkpt>
      <trkpt lat="49.246429" lon="17.487706">
      </trkpt>
      <trkpt lat="49.24643" lon="17.496353">
      </trkpt>
      <trkpt lat="49.244266" lon="17.502232">
      </trkpt>
      <trkpt lat="49.242993" lon="17.503707">
      </trkpt>
      <trkpt lat="49.238555" lon="17.506303">
      </trkpt>
      <trkpt lat="49.233698" lon="17.505971">
      </trkpt>
      <trkpt lat="49.23114" lon="17.507792">
      </trkpt>
      <trkpt lat="49.225556" lon="17.510336">
      </trkpt>
      <trkpt lat="49.225313" lon="17.510482">
      </trkpt>
      <trkpt lat="49.224582" lon="17.511373">
      </trkpt>
      <trkpt lat="49.225214" lon="17.515618">
      </trkpt>
      <trkpt lat="49.223404" lon="17.520051">
      </trkpt>
      <trkpt lat="49.222584" lon="17.520883">
      </trkpt>
      <trkpt lat="49.22241" lon="17.521089">
      </trkpt>
      <trkpt lat="49.214302" lon="17.522941">
      </trkpt>
      <trkpt lat="49.211265" lon="17.517417">
      </trkpt>
      <trkpt lat="49.211241" lon="17.517212">
      </trkpt>
      <trkpt lat="49.211171" lon="17.516778">
      </trkpt>
      <trkpt lat="49.210694" lon="17.516346">
      </trkpt>
      <trkpt lat="49.209752" lon="17.515407">
      </trkpt>
      <trkpt lat="49.207761" lon="17.51519">
      </trkpt>
      <trkpt lat="49.206375" lon="17.516654">
      </trkpt>
      <trkpt lat="49.205965" lon="17.518301">
      </trkpt>
      <trkpt lat="49.205997" lon="17.519259">
      </trkpt>
      <trkpt lat="49.207098" lon="17.526133">
      </trkpt>
      <trkpt lat="49.202739" lon="17.530464">
      </trkpt>
      <trkpt lat="49.202567" lon="17.530535">
      </trkpt>
      <trkpt lat="49.201905" lon="17.530777">
      </trkpt>
      <trkpt lat="49.197511" lon="17.531513">
      </trkpt>
      <trkpt lat="49.192659" lon="17.527249">
      </trkpt>
      <trkpt lat="49.192502" lon="17.527002">
      </trkpt>
      <trkpt lat="49.192491" lon="17.526984">
      </trkpt>
      <trkpt lat="49.192341" lon="17.526756">
      </trkpt>
      <trkpt lat="49.188878" lon="17.52226">
      </trkpt>
      <trkpt lat="49.188361" lon="17.520368">
      </trkpt>
      <trkpt lat="49.187776" lon="17.51902">
      </trkpt>
      <trkpt lat="49.186878" lon="17.517446">
      </trkpt>
      <trkpt lat="49.185501" lon="17.514622">
      </trkpt>
      <trkpt lat="49.185027" lon="17.513781">
      </trkpt>
      <trkpt lat="49.183234" lon="17.509822">
      </trkpt>
      <trkpt lat="49.182711" lon="17.509275">
      </trkpt>
      <trkpt lat="49.182129" lon="17.508766">
      </trkpt>
      <trkpt lat="49.181523" lon="17.508334">
      </trkpt>
      <trkpt lat="49.179992" lon="17.507599">
      </trkpt>
      <trkpt lat="49.179433" lon="17.507416">
      </trkpt>
      <trkpt lat="49.17853" lon="17.507186">
      </trkpt>
      <trkpt lat="49.177962" lon="17.508181">
      </trkpt>
      <trkpt lat="49.177785" lon="17.508539">
      </trkpt>
      <trkpt lat="49.177726" lon="17.50868">
      </trkpt>
      <trkpt lat="49.177529" lon="17.509241">
      </trkpt>
      <trkpt lat="49.177399" lon="17.50975">
      </trkpt>
      <trkpt lat="49.177644" lon="17.510676">
      </trkpt>
      <trkpt lat="49.182863" lon="17.517724">
      </trkpt>
      <trkpt lat="49.1843" lon="17.524497">
      </trkpt>
      <trkpt lat="49.18434" lon="17.524593">
      </trkpt>
      <trkpt lat="49.186995" lon="17.529455">
      </trkpt>
      <trkpt lat="49.187493" lon="17.533281">
      </trkpt>
      <trkpt lat="49.1877" lon="17.535119">
      </trkpt>
      <trkpt lat="49.187899" lon="17.536691">
      </trkpt>
      <trkpt lat="49.188107" lon="17.537967">
      </trkpt>
      <trkpt lat="49.188308" lon="17.538993">
      </trkpt>
      <trkpt lat="49.188629" lon="17.540319">
      </trkpt>
      <trkpt lat="49.188855" lon="17.541135">
      </trkpt>
      <trkpt lat="49.189053" lon="17.541776">
      </trkpt>
      <trkpt lat="49.189366" lon="17.542693">
      </trkpt>
      <trkpt lat="49.189773" lon="17.543751">
      </trkpt>
      <trkpt lat="49.190158" lon="17.544646">
      </trkpt>
      <trkpt lat="49.190407" lon="17.545174">
      </trkpt>
      <trkpt lat="49.19065" lon="17.545662">
      </trkpt>
      <trkpt lat="49.191261" lon="17.546763">
      </trkpt>
      <trkpt lat="49.191659" lon="17.547416">
      </trkpt>
      <trkpt lat="49.192069" lon="17.548039">
      </trkpt>
      <trkpt lat="49.192635" lon="17.548822">
      </trkpt>
      <trkpt lat="49.193108" lon="17.54942">
      </trkpt>
      <trkpt lat="49.193575" lon="17.549959">
      </trkpt>
      <trkpt lat="49.194106" lon="17.550524">
      </trkpt>
      <trkpt lat="49.194681" lon="17.551082">
      </trkpt>
      <trkpt lat="49.195328" lon="17.551642">
      </trkpt>
      <trkpt lat="49.196143" lon="17.55226">
      </trkpt>
      <trkpt lat="49.199965" lon="17.560369">
      </trkpt>
      <trkpt lat="49.200197" lon="17.563906">
      </trkpt>
      <trkpt lat="49.200701" lon="17.568697">
      </trkpt>
      <trkpt lat="49.200737" lon="17.569325">
      </trkpt>
      <trkpt lat="49.203732" lon="17.576929">
      </trkpt>
      <trkpt lat="49.204203" lon="17.578506">
      </trkpt>
      <trkpt lat="49.207652" lon="17.577476">
      </trkpt>
      <trkpt lat="49.207158" lon="17.573787">
      </trkpt>
      <trkpt lat="49.206907" lon="17.569899">
      </trkpt>
      <trkpt lat="49.206842" lon="17.568523">
      </trkpt>
      <trkpt lat="49.206715" lon="17.563332">
      </trkpt>
      <trkpt lat="49.20666" lon="17.562968">
      </trkpt>
      <trkpt lat="49.206503" lon="17.562325">
      </trkpt>
      <trkpt lat="49.206373" lon="17.561662">
      </trkpt>
      <trkpt lat="49.2062" lon="17.560545">
      </trkpt>
      <trkpt lat="49.206039" lon="17.559626">
      </trkpt>
      <trkpt lat="49.205631" lon="17.556829">
      </trkpt>
      <trkpt lat="49.210254" lon="17.551049">
      </trkpt>
      <trkpt lat="49.211139" lon="17.550227">
      </trkpt>
      <trkpt lat="49.212056" lon="17.549294">
      </trkpt>
      <trkpt lat="49.217888" lon="17.545627">
      </trkpt>
      <trkpt lat="49.218267" lon="17.543839">
      </trkpt>
      <trkpt lat="49.218507" lon="17.543213">
      </trkpt>
      <trkpt lat="49.223255" lon="17.538237">
      </trkpt>
      <trkpt lat="49.229237" lon="17.54101">
      </trkpt>
      <trkpt lat="49.232837" lon="17.541087">
      </trkpt>
      <trkpt lat="49.233773" lon="17.539112">
      </trkpt>
      <trkpt lat="49.235463" lon="17.535933">
      </trkpt>
      <trkpt lat="49.235139" lon="17.535761">
      </trkpt>
      <trkpt lat="49.234002" lon="17.526854">
      </trkpt>
      <trkpt lat="49.234911" lon="17.526067">
      </trkpt>
      <trkpt lat="49.235495" lon="17.525524">
      </trkpt>
      <trkpt lat="49.237878" lon="17.523189">
      </trkpt>
      <trkpt lat="49.241108" lon="17.521211">
      </trkpt>
      <trkpt lat="49.241898" lon="17.520935">
      </trkpt>
      <trkpt lat="49.242723" lon="17.520679">
      </trkpt>
      <trkpt lat="49.245614" lon="17.519683">
      </trkpt>
      <trkpt lat="49.247554" lon="17.519025">
      </trkpt>
      <trkpt lat="49.249538" lon="17.518351">
      </trkpt>
      <trkpt lat="49.251821" lon="17.517508">
      </trkpt>
      <trkpt lat="49.25356" lon="17.516781">
      </trkpt>
      <trkpt lat="49.255399" lon="17.515946">
      </trkpt>
      <trkpt lat="49.257978" lon="17.514633">
      </trkpt>
      <trkpt lat="49.259329" lon="17.513719">
      </trkpt>
      <trkpt lat="49.261179" lon="17.512637">
      </trkpt>
      <trkpt lat="49.262001" lon="17.512124">
      </trkpt>
      <trkpt lat="49.264192" lon="17.51064">
      </trkpt>
      <trkpt lat="49.26576" lon="17.509545">
      </trkpt>
      <trkpt lat="49.267025" lon="17.508649">
      </trkpt>
      <trkpt lat="49.268639" lon="17.507552">
      </trkpt>
      <trkpt lat="49.275166" lon="17.507819">
      </trkpt>
      <trkpt lat="49.27587" lon="17.5084">
      </trkpt>
      <trkpt lat="49.276928" lon="17.509454">
      </trkpt>
      <trkpt lat="49.275001" lon="17.51772">
      </trkpt>
      <trkpt lat="49.274062" lon="17.519015">
      </trkpt>
      <trkpt lat="49.274138" lon="17.519568">
      </trkpt>
      <trkpt lat="49.273833" lon="17.524419">
      </trkpt>
      <trkpt lat="49.273193" lon="17.52663">
      </trkpt>
      <trkpt lat="49.273391" lon="17.527373">
      </trkpt>
      <trkpt lat="49.278562" lon="17.534292">
      </trkpt>
      <trkpt lat="49.277007" lon="17.536874">
      </trkpt>
      <trkpt lat="49.276938" lon="17.537505">
      </trkpt>
      <trkpt lat="49.276667" lon="17.541148">
      </trkpt>
      <trkpt lat="49.273522" lon="17.547579">
      </trkpt>
      <trkpt lat="49.27351" lon="17.5477">
      </trkpt>
      <trkpt lat="49.273398" lon="17.549396">
      </trkpt>
      <trkpt lat="49.274758" lon="17.551043">
      </trkpt>
      <trkpt lat="49.276346" lon="17.551555">
      </trkpt>
      <trkpt lat="49.279913" lon="17.552038">
      </trkpt>
      <trkpt lat="49.282027" lon="17.552951">
      </trkpt>
      <trkpt lat="49.283992" lon="17.553936">
      </trkpt>
      <trkpt lat="49.286593" lon="17.562546">
      </trkpt>
      <trkpt lat="49.283138" lon="17.56648">
      </trkpt>
      <trkpt lat="49.281594" lon="17.569842">
      </trkpt>
      <trkpt lat="49.280424" lon="17.571784">
      </trkpt>
      <trkpt lat="49.283507" lon="17.573643">
      </trkpt>
      <trkpt lat="49.289573" lon="17.570907">
      </trkpt>
      <trkpt lat="49.289421" lon="17.56982">
      </trkpt>
      <trkpt lat="49.289367" lon="17.569218">
      </trkpt>
      <trkpt lat="49.289305" lon="17.568826">
      </trkpt>
      <trkpt lat="49.289738" lon="17.564449">
      </trkpt>
      <trkpt lat="49.28999" lon="17.563736">
      </trkpt>
      <trkpt lat="49.294804" lon="17.559685">
      </trkpt>
      <trkpt lat="49.299943" lon="17.562086">
      </trkpt>
      <trkpt lat="49.300818" lon="17.563867">
      </trkpt>
      <trkpt lat="49.302104" lon="17.567279">
      </trkpt>
      <trkpt lat="49.301914" lon="17.57157">
      </trkpt>
      <trkpt lat="49.301723" lon="17.575946">
      </trkpt>
      <trkpt lat="49.301727" lon="17.576472">
      </trkpt>
      <trkpt lat="49.296363" lon="17.583396">
      </trkpt>
      <trkpt lat="49.29583" lon="17.586957">
      </trkpt>
      <trkpt lat="49.295354" lon="17.59267">
      </trkpt>
      <trkpt lat="49.291806" lon="17.595096">
      </trkpt>
      <trkpt lat="49.288388" lon="17.599717">
      </trkpt>
      <trkpt lat="49.285931" lon="17.601863">
      </trkpt>
      <trkpt lat="49.28481" lon="17.608298">
      </trkpt>
      <trkpt lat="49.282658" lon="17.612228">
      </trkpt>
      <trkpt lat="49.282186" lon="17.620945">
      </trkpt>
      <trkpt lat="49.28282" lon="17.621998">
      </trkpt>
      <trkpt lat="49.28284" lon="17.622026">
      </trkpt>
      <trkpt lat="49.285244" lon="17.622844">
      </trkpt>
      <trkpt lat="49.292216" lon="17.626933">
      </trkpt>
      <trkpt lat="49.292174" lon="17.628902">
      </trkpt>
      <trkpt lat="49.292092" lon="17.630067">
      </trkpt>
      <trkpt lat="49.292007" lon="17.630988">
      </trkpt>
      <trkpt lat="49.291844" lon="17.632231">
      </trkpt>
      <trkpt lat="49.291593" lon="17.633584">
      </trkpt>
      <trkpt lat="49.291351" lon="17.634661">
      </trkpt>
      <trkpt lat="49.29092" lon="17.636173">
      </trkpt>
      <trkpt lat="49.290396" lon="17.637666">
      </trkpt>
      <trkpt lat="49.288974" lon="17.640566">
      </trkpt>
      <trkpt lat="49.288227" lon="17.641733">
      </trkpt>
      <trkpt lat="49.285298" lon="17.644844">
      </trkpt>
      <trkpt lat="49.283795" lon="17.646125">
      </trkpt>
      <trkpt lat="49.282125" lon="17.647699">
      </trkpt>
      <trkpt lat="49.280557" lon="17.649795">
      </trkpt>
      <trkpt lat="49.279813" lon="17.651002">
      </trkpt>
      <trkpt lat="49.278643" lon="17.653215">
      </trkpt>
      <trkpt lat="49.277692" lon="17.655643">
      </trkpt>
      <trkpt lat="49.277087" lon="17.658027">
      </trkpt>
      <trkpt lat="49.276748" lon="17.659631">
      </trkpt>
      <trkpt lat="49.276504" lon="17.661086">
      </trkpt>
      <trkpt lat="49.276316" lon="17.662899">
      </trkpt>
      <trkpt lat="49.276125" lon="17.664872">
      </trkpt>
      <trkpt lat="49.274333" lon="17.673097">
      </trkpt>
      <trkpt lat="49.273749" lon="17.675031">
      </trkpt>
      <trkpt lat="49.273476" lon="17.676164">
      </trkpt>
      <trkpt lat="49.273095" lon="17.678038">
      </trkpt>
      <trkpt lat="49.272696" lon="17.680512">
      </trkpt>
      <trkpt lat="49.272542" lon="17.68171">
      </trkpt>
      <trkpt lat="49.266031" lon="17.687869">
      </trkpt>
      <trkpt lat="49.265535" lon="17.688012">
      </trkpt>
      <trkpt lat="49.265042" lon="17.68828">
      </trkpt>
      <trkpt lat="49.264611" lon="17.688652">
      </trkpt>
      <trkpt lat="49.261233" lon="17.692461">
      </trkpt>
      <trkpt lat="49.260786" lon="17.692941">
      </trkpt>
      <trkpt lat="49.260658" lon="17.693279">
      </trkpt>
      <trkpt lat="49.261214" lon="17.694557">
      </trkpt>
      <trkpt lat="49.262861" lon="17.695672">
      </trkpt>
      <trkpt lat="49.263154" lon="17.695523">
      </trkpt>
      <trkpt lat="49.264379" lon="17.694843">
      </trkpt>
      <trkpt lat="49.267467" lon="17.692483">
      </trkpt>
      <trkpt lat="49.273588" lon="17.690517">
      </trkpt>
      <trkpt lat="49.276944" lon="17.695768">
      </trkpt>
      <trkpt lat="49.280437" lon="17.696636">
      </trkpt>
      <trkpt lat="49.281065" lon="17.694112">
      </trkpt>
      <trkpt lat="49.285066" lon="17.688669">
      </trkpt>
      <trkpt lat="49.285278" lon="17.68826">
      </trkpt>
      <trkpt lat="49.285476" lon="17.687707">
      </trkpt>
      <trkpt lat="49.28646" lon="17.683795">
      </trkpt>
      <trkpt lat="49.286427" lon="17.683615">
      </trkpt>
      <trkpt lat="49.283891" lon="17.682079">
      </trkpt>
      <trkpt lat="49.280945" lon="17.679979">
      </trkpt>
      <trkpt lat="49.278672" lon="17.671794">
      </trkpt>
      <trkpt lat="49.278941" lon="17.670797">
      </trkpt>
      <trkpt lat="49.279214" lon="17.669573">
      </trkpt>
      <trkpt lat="49.279667" lon="17.666717">
      </trkpt>
      <trkpt lat="49.279831" lon="17.66531">
      </trkpt>
      <trkpt lat="49.280056" lon="17.662821">
      </trkpt>
      <trkpt lat="49.280191" lon="17.661621">
      </trkpt>
      <trkpt lat="49.280389" lon="17.660355">
      </trkpt>
      <trkpt lat="49.280692" lon="17.658919">
      </trkpt>
      <trkpt lat="49.281244" lon="17.65686">
      </trkpt>
      <trkpt lat="49.282015" lon="17.654862">
      </trkpt>
      <trkpt lat="49.286232" lon="17.648961">
      </trkpt>
      <trkpt lat="49.287729" lon="17.64768">
      </trkpt>
      <trkpt lat="49.28985" lon="17.645677">
      </trkpt>
      <trkpt lat="49.29121" lon="17.643962">
      </trkpt>
      <trkpt lat="49.291996" lon="17.642523">
      </trkpt>
      <trkpt lat="49.293152" lon="17.640618">
      </trkpt>
      <trkpt lat="49.293802" lon="17.639121">
      </trkpt>
      <trkpt lat="49.296438" lon="17.635723">
      </trkpt>
      <trkpt lat="49.296439" lon="17.635695">
      </trkpt>
      <trkpt lat="49.296527" lon="17.632177">
      </trkpt>
      <trkpt lat="49.296781" lon="17.630584">
      </trkpt>
      <trkpt lat="49.303645" lon="17.626486">
      </trkpt>
      <trkpt lat="49.307017" lon="17.627747">
      </trkpt>
      <trkpt lat="49.310161" lon="17.634348">
      </trkpt>
      <trkpt lat="49.310043" lon="17.635219">
      </trkpt>
      <trkpt lat="49.310978" lon="17.63557">
      </trkpt>
      <trkpt lat="49.31361" lon="17.635704">
      </trkpt>
      <trkpt lat="49.318258" lon="17.62936">
      </trkpt>
      <trkpt lat="49.320549" lon="17.628039">
      </trkpt>
      <trkpt lat="49.320457" lon="17.626188">
      </trkpt>
      <trkpt lat="49.325578" lon="17.619581">
      </trkpt>
      <trkpt lat="49.333571" lon="17.615584">
      </trkpt>
      <trkpt lat="49.336553" lon="17.611772">
      </trkpt>
      <trkpt lat="49.336594" lon="17.611604">
      </trkpt>
      <trkpt lat="49.336368" lon="17.610197">
      </trkpt>
      <trkpt lat="49.340961" lon="17.603435">
      </trkpt>
      <trkpt lat="49.342935" lon="17.601837">
      </trkpt>
      <trkpt lat="49.343417" lon="17.601338">
      </trkpt>
      <trkpt lat="49.343555" lon="17.601101">
      </trkpt>
      <trkpt lat="49.342499" lon="17.595103">
      </trkpt>
      <trkpt lat="49.342012" lon="17.593766">
      </trkpt>
      <trkpt lat="49.339901" lon="17.590595">
      </trkpt>
      <trkpt lat="49.336625" lon="17.588803">
      </trkpt>
      <trkpt lat="49.336012" lon="17.588182">
      </trkpt>
      <trkpt lat="49.335524" lon="17.587637">
      </trkpt>
      <trkpt lat="49.341661" lon="17.581062">
      </trkpt>
      <trkpt lat="49.342871" lon="17.581216">
      </trkpt>
      <trkpt lat="49.343547" lon="17.580959">
      </trkpt>
      <trkpt lat="49.343632" lon="17.580906">
      </trkpt>
      <trkpt lat="49.344058" lon="17.580463">
      </trkpt>
      <trkpt lat="49.344125" lon="17.580317">
      </trkpt>
      <trkpt lat="49.344255" lon="17.579823">
      </trkpt>
      <trkpt lat="49.344792" lon="17.577236">
      </trkpt>
      <trkpt lat="49.344605" lon="17.57154">
      </trkpt>
      <trkpt lat="49.342208" lon="17.568854">
      </trkpt>
      <trkpt lat="49.346563" lon="17.561703">
      </trkpt>
      <trkpt lat="49.346582" lon="17.559625">
      </trkpt>
      <trkpt lat="49.346602" lon="17.557547">
      </trkpt>
      <trkpt lat="49.346608" lon="17.555438">
      </trkpt>
      <trkpt lat="49.346557" lon="17.554142">
      </trkpt>
      <trkpt lat="49.346472" lon="17.553445">
      </trkpt>
      <trkpt lat="49.34625" lon="17.552041">
      </trkpt>
      <trkpt lat="49.345731" lon="17.549743">
      </trkpt>
      <trkpt lat="49.345235" lon="17.547561">
      </trkpt>
      <trkpt lat="49.344575" lon="17.545716">
      </trkpt>
      <trkpt lat="49.344309" lon="17.544935">
      </trkpt>
      <trkpt lat="49.343291" lon="17.542186">
      </trkpt>
      <trkpt lat="49.344772" lon="17.53665">
      </trkpt>
      <trkpt lat="49.352469" lon="17.535872">
      </trkpt>
      <trkpt lat="49.35436" lon="17.54292">
      </trkpt>
      <trkpt lat="49.357693" lon="17.544282">
      </trkpt>
      <trkpt lat="49.366145" lon="17.546232">
      </trkpt>
      <trkpt lat="49.369594" lon="17.547263">
      </trkpt>
      <trkpt lat="49.370554" lon="17.54466">
      </trkpt>
      <trkpt lat="49.369876" lon="17.53933">
      </trkpt>
      <trkpt lat="49.371917" lon="17.534542">
      </trkpt>
      <trkpt lat="49.371498" lon="17.532687">
      </trkpt>
      <trkpt lat="49.376019" lon="17.525929">
      </trkpt>
      <trkpt lat="49.378822" lon="17.524753">
      </trkpt>
      <trkpt lat="49.38492" lon="17.523732">
      </trkpt>
      <trkpt lat="49.391309" lon="17.521051">
      </trkpt>
      <trkpt lat="49.391974" lon="17.518619">
      </trkpt>
      <trkpt lat="49.391267" lon="17.518072">
      </trkpt>
      <trkpt lat="49.390366" lon="17.517576">
      </trkpt>
      <trkpt lat="49.386813" lon="17.516286">
      </trkpt>
      <trkpt lat="49.385144" lon="17.509499">
      </trkpt>
      <trkpt lat="49.386201" lon="17.505773">
      </trkpt>
      <trkpt lat="49.383362" lon="17.50356">
      </trkpt>
      <trkpt lat="49.383785" lon="17.496189">
      </trkpt>
      <trkpt lat="49.387279" lon="17.495321">
      </trkpt>
      <trkpt lat="49.388884" lon="17.494768">
      </trkpt>
      <trkpt lat="49.391897" lon="17.492799">
      </trkpt>
      <trkpt lat="49.394398" lon="17.487895">
      </trkpt>
      <trkpt lat="49.401671" lon="17.488379">
      </trkpt>
      <trkpt lat="49.403881" lon="17.488618">
      </trkpt>
      <trkpt lat="49.407191" lon="17.487203">
      </trkpt>
      <trkpt lat="49.413435" lon="17.488735">
      </trkpt>
      <trkpt lat="49.416322" lon="17.486584">
      </trkpt>
      <trkpt lat="49.415326" lon="17.482986">
      </trkpt>
      <trkpt lat="49.4148" lon="17.480095">
      </trkpt>
      <trkpt lat="49.414684" lon="17.479029">
      </trkpt>
      <trkpt lat="49.417518" lon="17.471867">
      </trkpt>
      <trkpt lat="49.420967" lon="17.470836">
      </trkpt>
      <trkpt lat="49.425274" lon="17.472149">
      </trkpt>
      <trkpt lat="49.426132" lon="17.470809">
      </trkpt>
      <trkpt lat="49.42648" lon="17.470336">
      </trkpt>
      <trkpt lat="49.431447" lon="17.466164">
      </trkpt>
      <trkpt lat="49.43504" lon="17.465937">
      </trkpt>
      <trkpt lat="49.44017" lon="17.46285">
      </trkpt>
      <trkpt lat="49.447623" lon="17.461684">
      </trkpt>
      <trkpt lat="49.447705" lon="17.461674">
      </trkpt>
      <trkpt lat="49.449282" lon="17.460339">
      </trkpt>
      <trkpt lat="49.449679" lon="17.458941">
      </trkpt>
      <trkpt lat="49.449277" lon="17.458603">
      </trkpt>
      <trkpt lat="49.448774" lon="17.458148">
      </trkpt>
      <trkpt lat="49.445838" lon="17.452919">
      </trkpt>
      <trkpt lat="49.44887" lon="17.446527">
      </trkpt>
      <trkpt lat="49.452032" lon="17.444806">
      </trkpt>
      <trkpt lat="49.451891" lon="17.444547">
      </trkpt>
      <trkpt lat="49.450806" lon="17.440073">
      </trkpt>
      <trkpt lat="49.450907" lon="17.438956">
      </trkpt>
      <trkpt lat="49.450805" lon="17.438583">
      </trkpt>
      <trkpt lat="49.449997" lon="17.436458">
      </trkpt>
      <trkpt lat="49.449332" lon="17.434753">
      </trkpt>
      <trkpt lat="49.445318" lon="17.428718">
      </trkpt>
      <trkpt lat="49.445159" lon="17.42816">
      </trkpt>
      <trkpt lat="49.444968" lon="17.424302">
      </trkpt>
      <trkpt lat="49.452233" lon="17.420368">
      </trkpt>
      <trkpt lat="49.453399" lon="17.420564">
      </trkpt>
      <trkpt lat="49.454912" lon="17.420866">
      </trkpt>
      <trkpt lat="49.456291" lon="17.421185">
      </trkpt>
      <trkpt lat="49.457851" lon="17.421627">
      </trkpt>
      <trkpt lat="49.458983" lon="17.422039">
      </trkpt>
      <trkpt lat="49.463364" lon="17.429577">
      </trkpt>
      <trkpt lat="49.462068" lon="17.434506">
      </trkpt>
      <trkpt lat="49.460782" lon="17.436211">
      </trkpt>
      <trkpt lat="49.46115" lon="17.437735">
      </trkpt>
      <trkpt lat="49.461396" lon="17.438164">
      </trkpt>
      <trkpt lat="49.461568" lon="17.438504">
      </trkpt>
      <trkpt lat="49.462421" lon="17.441103">
      </trkpt>
      <trkpt lat="49.462659" lon="17.441014">
      </trkpt>
      <trkpt lat="49.463198" lon="17.44072">
      </trkpt>
      <trkpt lat="49.463615" lon="17.440398">
      </trkpt>
      <trkpt lat="49.464353" lon="17.439922">
      </trkpt>
      <trkpt lat="49.464417" lon="17.439853">
      </trkpt>
      <trkpt lat="49.465975" lon="17.438355">
      </trkpt>
      <trkpt lat="49.474376" lon="17.439698">
      </trkpt>
      <trkpt lat="49.474786" lon="17.440723">
      </trkpt>
      <trkpt lat="49.476303" lon="17.444692">
      </trkpt>
      <trkpt lat="49.476934" lon="17.44632">
      </trkpt>
      <trkpt lat="49.477738" lon="17.448301">
      </trkpt>
      <trkpt lat="49.478342" lon="17.449722">
      </trkpt>
      <trkpt lat="49.479456" lon="17.45209">
      </trkpt>
      <trkpt lat="49.479943" lon="17.453077">
      </trkpt>
      <trkpt lat="49.480687" lon="17.4545">
      </trkpt>
      <trkpt lat="49.481546" lon="17.456038">
      </trkpt>
      <trkpt lat="49.482748" lon="17.458039">
      </trkpt>
      <trkpt lat="49.48394" lon="17.459864">
      </trkpt>
      <trkpt lat="49.485299" lon="17.461794">
      </trkpt>
      <trkpt lat="49.486492" lon="17.463323">
      </trkpt>
      <trkpt lat="49.487614" lon="17.464688">
      </trkpt>
      <trkpt lat="49.488715" lon="17.465933">
      </trkpt>
      <trkpt lat="49.491411" lon="17.463548">
      </trkpt>
      <trkpt lat="49.486885" lon="17.457794">
      </trkpt>
      <trkpt lat="49.485763" lon="17.456072">
      </trkpt>
      <trkpt lat="49.484633" lon="17.454186">
      </trkpt>
      <trkpt lat="49.483831" lon="17.452746">
      </trkpt>
      <trkpt lat="49.482684" lon="17.450497">
      </trkpt>
      <trkpt lat="49.481051" lon="17.446894">
      </trkpt>
      <trkpt lat="49.480271" lon="17.444968">
      </trkpt>
      <trkpt lat="49.479661" lon="17.443392">
      </trkpt>
      <trkpt lat="49.478149" lon="17.439438">
      </trkpt>
      <trkpt lat="49.47772" lon="17.438364">
      </trkpt>
      <trkpt lat="49.476755" lon="17.436087">
      </trkpt>
      <trkpt lat="49.476206" lon="17.434922">
      </trkpt>
      <trkpt lat="49.475566" lon="17.43364">
      </trkpt>
      <trkpt lat="49.474938" lon="17.4325">
      </trkpt>
      <trkpt lat="49.473559" lon="17.430225">
      </trkpt>
      <trkpt lat="49.470045" lon="17.422388">
      </trkpt>
      <trkpt lat="49.4697" lon="17.42083">
      </trkpt>
      <trkpt lat="49.469562" lon="17.420067">
      </trkpt>
      <trkpt lat="49.467568" lon="17.41989">
      </trkpt>
      <trkpt lat="49.460348" lon="17.418707">
      </trkpt>
      <trkpt lat="49.459084" lon="17.418245">
      </trkpt>
      <trkpt lat="49.457283" lon="17.417724">
      </trkpt>
      <trkpt lat="49.4515" lon="17.413004">
      </trkpt>
      <trkpt lat="49.447922" lon="17.4134">
      </trkpt>
      <trkpt lat="49.442809" lon="17.408681">
      </trkpt>
      <trkpt lat="49.442686" lon="17.408135">
      </trkpt>
      <trkpt lat="49.442503" lon="17.407516">
      </trkpt>
      <trkpt lat="49.444091" lon="17.400697">
      </trkpt>
      <trkpt lat="49.441059" lon="17.395306">
      </trkpt>
      <trkpt lat="49.438308" lon="17.389663">
      </trkpt>
      <trkpt lat="49.438136" lon="17.389366">
      </trkpt>
      <trkpt lat="49.436599" lon="17.387159">
      </trkpt>
      <trkpt lat="49.434677" lon="17.385956">
      </trkpt>
      <trkpt lat="49.434465" lon="17.386009">
      </trkpt>
      <trkpt lat="49.433149" lon="17.388188">
      </trkpt>
      <trkpt lat="49.43242" lon="17.395265">
      </trkpt>
      <trkpt lat="49.433616" lon="17.400719">
      </trkpt>
      <trkpt lat="49.43525" lon="17.403927">
      </trkpt>
      <trkpt lat="49.439427" lon="17.410873">
      </trkpt>
      <trkpt lat="49.439395" lon="17.412709">
      </trkpt>
      <trkpt lat="49.438273" lon="17.421327">
      </trkpt>
      <trkpt lat="49.438115" lon="17.421748">
      </trkpt>
      <trkpt lat="49.437985" lon="17.422243">
      </trkpt>
      <trkpt lat="49.437922" lon="17.422669">
      </trkpt>
      <trkpt lat="49.437119" lon="17.425789">
      </trkpt>
      <trkpt lat="49.436732" lon="17.426745">
      </trkpt>
      <trkpt lat="49.435973" lon="17.428777">
      </trkpt>
      <trkpt lat="49.435591" lon="17.429753">
      </trkpt>
      <trkpt lat="49.435243" lon="17.430561">
      </trkpt>
      <trkpt lat="49.434891" lon="17.431304">
      </trkpt>
      <trkpt lat="49.434554" lon="17.431956">
      </trkpt>
      <trkpt lat="49.434158" lon="17.432624">
      </trkpt>
      <trkpt lat="49.433822" lon="17.433155">
      </trkpt>
      <trkpt lat="49.433109" lon="17.434145">
      </trkpt>
      <trkpt lat="49.432707" lon="17.434633">
      </trkpt>
      <trkpt lat="49.432382" lon="17.435001">
      </trkpt>
      <trkpt lat="49.431959" lon="17.435443">
      </trkpt>
      <trkpt lat="49.431486" lon="17.435874">
      </trkpt>
      <trkpt lat="49.43096" lon="17.436315">
      </trkpt>
      <trkpt lat="49.430694" lon="17.436516">
      </trkpt>
      <trkpt lat="49.430228" lon="17.43683">
      </trkpt>
      <trkpt lat="49.429822" lon="17.437076">
      </trkpt>
      <trkpt lat="49.42934" lon="17.437331">
      </trkpt>
      <trkpt lat="49.424161" lon="17.437636">
      </trkpt>
      <trkpt lat="49.419543" lon="17.431005">
      </trkpt>
      <trkpt lat="49.419573" lon="17.430397">
      </trkpt>
      <trkpt lat="49.419146" lon="17.428746">
      </trkpt>
      <trkpt lat="49.418637" lon="17.428016">
      </trkpt>
      <trkpt lat="49.416956" lon="17.425685">
      </trkpt>
      <trkpt lat="49.414036" lon="17.42779">
      </trkpt>
      <trkpt lat="49.409773" lon="17.432547">
      </trkpt>
      <trkpt lat="49.409378" lon="17.433669">
      </trkpt>
      <trkpt lat="49.409274" lon="17.434368">
      </trkpt>
      <trkpt lat="49.409422" lon="17.435112">
      </trkpt>
      <trkpt lat="49.406917" lon="17.442334">
      </trkpt>
      <trkpt lat="49.405781" lon="17.44305">
      </trkpt>
      <trkpt lat="49.404944" lon="17.443483">
      </trkpt>
      <trkpt lat="49.403984" lon="17.444023">
      </trkpt>
      <trkpt lat="49.402846" lon="17.444735">
      </trkpt>
      <trkpt lat="49.401372" lon="17.44576">
      </trkpt>
      <trkpt lat="49.400655" lon="17.446306">
      </trkpt>
      <trkpt lat="49.399831" lon="17.446958">
      </trkpt>
      <trkpt lat="49.399025" lon="17.447649">
      </trkpt>
      <trkpt lat="49.397875" lon="17.448706">
      </trkpt>
      <trkpt lat="49.397" lon="17.449573">
      </trkpt>
      <trkpt lat="49.396329" lon="17.450273">
      </trkpt>
      <trkpt lat="49.389533" lon="17.45242">
      </trkpt>
      <trkpt lat="49.385654" lon="17.450141">
      </trkpt>
      <trkpt lat="49.383561" lon="17.447234">
      </trkpt>
      <trkpt lat="49.383" lon="17.441704">
      </trkpt>
      <trkpt lat="49.383079" lon="17.440072">
      </trkpt>
      <trkpt lat="49.38319" lon="17.439311">
      </trkpt>
      <trkpt lat="49.386834" lon="17.433106">
      </trkpt>
      <trkpt lat="49.387711" lon="17.432511">
      </trkpt>
      <trkpt lat="49.396506" lon="17.43396">
      </trkpt>
      <trkpt lat="49.396826" lon="17.434171">
      </trkpt>
      <trkpt lat="49.400104" lon="17.434083">
      </trkpt>
      <trkpt lat="49.400132" lon="17.433276">
      </trkpt>
      <trkpt lat="49.39978" lon="17.432115">
      </trkpt>
      <trkpt lat="49.398801" lon="17.425579">
      </trkpt>
      <trkpt lat="49.399001" lon="17.42442">
      </trkpt>
      <trkpt lat="49.402004" lon="17.42014">
      </trkpt>
      <trkpt lat="49.40495" lon="17.418046">
      </trkpt>
      <trkpt lat="49.406085" lon="17.414629">
      </trkpt>
      <trkpt lat="49.405234" lon="17.414347">
      </trkpt>
      <trkpt lat="49.40422" lon="17.414231">
      </trkpt>
      <trkpt lat="49.398315" lon="17.408486">
      </trkpt>
      <trkpt lat="49.398566" lon="17.40654">
      </trkpt>
      <trkpt lat="49.398573" lon="17.406038">
      </trkpt>
      <trkpt lat="49.398689" lon="17.403171">
      </trkpt>
      <trkpt lat="49.399027" lon="17.40113">
      </trkpt>
      <trkpt lat="49.399084" lon="17.400385">
      </trkpt>
      <trkpt lat="49.399089" lon="17.398985">
      </trkpt>
      <trkpt lat="49.391268" lon="17.397574">
      </trkpt>
      <trkpt lat="49.387794" lon="17.39663">
      </trkpt>
      <trkpt lat="49.381862" lon="17.398724">
      </trkpt>
      <trkpt lat="49.377675" lon="17.397591">
      </trkpt>
      <trkpt lat="49.375452" lon="17.396327">
      </trkpt>
      <trkpt lat="49.374921" lon="17.396031">
      </trkpt>
      <trkpt lat="49.369842" lon="17.389034">
      </trkpt>
      <trkpt lat="49.36964" lon="17.38838">
      </trkpt>
      <trkpt lat="49.369284" lon="17.387537">
      </trkpt>
      <trkpt lat="49.367532" lon="17.383465">
      </trkpt>
      <trkpt lat="49.366669" lon="17.378843">
      </trkpt>
      <trkpt lat="49.368374" lon="17.370893">
      </trkpt>
      <trkpt lat="49.369346" lon="17.370249">
      </trkpt>
      <trkpt lat="49.370548" lon="17.369101">
      </trkpt>
      <trkpt lat="49.371744" lon="17.367779">
      </trkpt>
      <trkpt lat="49.372106" lon="17.367304">
      </trkpt>
      <trkpt lat="49.372403" lon="17.366768">
      </trkpt>
      <trkpt lat="49.372589" lon="17.366262">
      </trkpt>
      <trkpt lat="49.372681" lon="17.365432">
      </trkpt>
      <trkpt lat="49.378115" lon="17.360263">
      </trkpt>
      <trkpt lat="49.385978" lon="17.361737">
      </trkpt>
      <trkpt lat="49.384604" lon="17.36723">
      </trkpt>
      <trkpt lat="49.384049" lon="17.367648">
      </trkpt>
      <trkpt lat="49.382391" lon="17.368825">
      </trkpt>
      <trkpt lat="49.384473" lon="17.371761">
      </trkpt>
      <trkpt lat="49.386131" lon="17.370585">
      </trkpt>
      <trkpt lat="49.394404" lon="17.368423">
      </trkpt>
      <trkpt lat="49.396211" lon="17.36873">
      </trkpt>
      <trkpt lat="49.396783" lon="17.368875">
      </trkpt>
      <trkpt lat="49.400957" lon="17.370391">
      </trkpt>
      <trkpt lat="49.405078" lon="17.371436">
      </trkpt>
      <trkpt lat="49.406997" lon="17.372348">
      </trkpt>
      <trkpt lat="49.408541" lon="17.369096">
      </trkpt>
      <trkpt lat="49.405058" lon="17.366807">
      </trkpt>
      <trkpt lat="49.399521" lon="17.362446">
      </trkpt>
      <trkpt lat="49.395956" lon="17.361945">
      </trkpt>
      <trkpt lat="49.389018" lon="17.357031">
      </trkpt>
      <trkpt lat="49.389033" lon="17.354896">
      </trkpt>
      <trkpt lat="49.387885" lon="17.348712">
      </trkpt>
      <trkpt lat="49.389141" lon="17.342637">
      </trkpt>
      <trkpt lat="49.388186" lon="17.334148">
      </trkpt>
      <trkpt lat="49.387981" lon="17.330554">
      </trkpt>
      <trkpt lat="49.387078" lon="17.330606">
      </trkpt>
      <trkpt lat="49.384332" lon="17.33059">
      </trkpt>
      <trkpt lat="49.383611" lon="17.330705">
      </trkpt>
      <trkpt lat="49.383026" lon="17.330939">
      </trkpt>
      <trkpt lat="49.382127" lon="17.331872">
      </trkpt>
      <trkpt lat="49.381314" lon="17.333901">
      </trkpt>
      <trkpt lat="49.38061" lon="17.335556">
      </trkpt>
      <trkpt lat="49.38017" lon="17.33668">
      </trkpt>
      <trkpt lat="49.380014" lon="17.337328">
      </trkpt>
      <trkpt lat="49.379716" lon="17.339597">
      </trkpt>
      <trkpt lat="49.379672" lon="17.340198">
      </trkpt>
      <trkpt lat="49.379687" lon="17.340714">
      </trkpt>
      <trkpt lat="49.380006" lon="17.342659">
      </trkpt>
      <trkpt lat="49.38021" lon="17.34348">
      </trkpt>
      <trkpt lat="49.377079" lon="17.350179">
      </trkpt>
      <trkpt lat="49.371611" lon="17.349645">
      </trkpt>
      <trkpt lat="49.369327" lon="17.347598">
      </trkpt>
      <trkpt lat="49.36915" lon="17.347836">
      </trkpt>
      <trkpt lat="49.368191" lon="17.350769">
      </trkpt>
      <trkpt lat="49.361633" lon="17.35293">
      </trkpt>
      <trkpt lat="49.35874" lon="17.350774">
      </trkpt>
      <trkpt lat="49.361481" lon="17.342362">
      </trkpt>
      <trkpt lat="49.363273" lon="17.340937">
      </trkpt>
      <trkpt lat="49.365066" lon="17.339512">
      </trkpt>
      <trkpt lat="49.366859" lon="17.338088">
      </trkpt>
      <trkpt lat="49.364619" lon="17.335269">
      </trkpt>
      <trkpt lat="49.362826" lon="17.336694">
      </trkpt>
      <trkpt lat="49.361034" lon="17.338118">
      </trkpt>
      <trkpt lat="49.359241" lon="17.339543">
      </trkpt>
      <trkpt lat="49.351676" lon="17.335989">
      </trkpt>
      <trkpt lat="49.352379" lon="17.329313">
      </trkpt>
      <trkpt lat="49.353077" lon="17.326641">
      </trkpt>
      <trkpt lat="49.354068" lon="17.324068">
      </trkpt>
      <trkpt lat="49.354264" lon="17.323681">
      </trkpt>
      <trkpt lat="49.354484" lon="17.323133">
      </trkpt>
      <trkpt lat="49.354615" lon="17.322737">
      </trkpt>
      <trkpt lat="49.359744" lon="17.317236">
      </trkpt>
      <trkpt lat="49.365932" lon="17.312458">
      </trkpt>
      <trkpt lat="49.368136" lon="17.31133">
      </trkpt>
      <trkpt lat="49.369403" lon="17.310172">
      </trkpt>
      <trkpt lat="49.376767" lon="17.311321">
      </trkpt>
      <trkpt lat="49.37793" lon="17.314779">
      </trkpt>
      <trkpt lat="49.378572" lon="17.317485">
      </trkpt>
      <trkpt lat="49.379215" lon="17.320191">
      </trkpt>
      <trkpt lat="49.382717" lon="17.319359">
      </trkpt>
      <trkpt lat="49.38502" lon="17.316444">
      </trkpt>
      <trkpt lat="49.386155" lon="17.308298">
      </trkpt>
      <trkpt lat="49.384227" lon="17.305257">
      </trkpt>
      <trkpt lat="49.383525" lon="17.296387">
      </trkpt>
      <trkpt lat="49.384691" lon="17.295627">
      </trkpt>
      <trkpt lat="49.392208" lon="17.296116">
      </trkpt>
      <trkpt lat="49.394931" lon="17.29821">
      </trkpt>
      <trkpt lat="49.396934" lon="17.300496">
      </trkpt>
      <trkpt lat="49.398029" lon="17.300143">
      </trkpt>
      <trkpt lat="49.398037" lon="17.30014">
      </trkpt>
      <trkpt lat="49.400001" lon="17.299497">
      </trkpt>
      <trkpt lat="49.398946" lon="17.296293">
      </trkpt>
      <trkpt lat="49.403752" lon="17.288766">
      </trkpt>
      <trkpt lat="49.404255" lon="17.288573">
      </trkpt>
      <trkpt lat="49.404608" lon="17.288398">
      </trkpt>
      <trkpt lat="49.405415" lon="17.287918">
      </trkpt>
      <trkpt lat="49.409505" lon="17.286503">
      </trkpt>
      <trkpt lat="49.413805" lon="17.285039">
      </trkpt>
      <trkpt lat="49.419826" lon="17.29139">
      </trkpt>
      <trkpt lat="49.420231" lon="17.291684">
      </trkpt>
      <trkpt lat="49.424085" lon="17.295439">
      </trkpt>
      <trkpt lat="49.425438" lon="17.296688">
      </trkpt>
      <trkpt lat="49.425531" lon="17.296714">
      </trkpt>
      <trkpt lat="49.427679" lon="17.295655">
      </trkpt>
      <trkpt lat="49.432453" lon="17.291621">
      </trkpt>
      <trkpt lat="49.433085" lon="17.291132">
      </trkpt>
      <trkpt lat="49.435261" lon="17.289615">
      </trkpt>
      <trkpt lat="49.438125" lon="17.285821">
      </trkpt>
      <trkpt lat="49.438391" lon="17.282675">
      </trkpt>
      <trkpt lat="49.438288" lon="17.281988">
      </trkpt>
      <trkpt lat="49.43778" lon="17.280648">
      </trkpt>
      <trkpt lat="49.434618" lon="17.273657">
      </trkpt>
      <trkpt lat="49.434901" lon="17.272143">
      </trkpt>
      <trkpt lat="49.435063" lon="17.270756">
      </trkpt>
      <trkpt lat="49.435121" lon="17.270088">
      </trkpt>
      <trkpt lat="49.435163" lon="17.269008">
      </trkpt>
      <trkpt lat="49.435147" lon="17.267979">
      </trkpt>
      <trkpt lat="49.434695" lon="17.264313">
      </trkpt>
      <trkpt lat="49.434387" lon="17.262283">
      </trkpt>
      <trkpt lat="49.440346" lon="17.257037">
      </trkpt>
      <trkpt lat="49.443739" lon="17.258238">
      </trkpt>
      <trkpt lat="49.446494" lon="17.262593">
      </trkpt>
      <trkpt lat="49.445275" lon="17.267707">
      </trkpt>
      <trkpt lat="49.447154" lon="17.270777">
      </trkpt>
      <trkpt lat="49.447458" lon="17.273505">
      </trkpt>
      <trkpt lat="49.447715" lon="17.275442">
      </trkpt>
      <trkpt lat="49.448042" lon="17.277588">
      </trkpt>
      <trkpt lat="49.451601" lon="17.277046">
      </trkpt>
      <trkpt lat="49.458928" lon="17.280633">
      </trkpt>
      <trkpt lat="49.460978" lon="17.280521">
      </trkpt>
      <trkpt lat="49.467724" lon="17.286097">
      </trkpt>
      <trkpt lat="49.468214" lon="17.286632">
      </trkpt>
      <trkpt lat="49.47107" lon="17.287425">
      </trkpt>
      <trkpt lat="49.473005" lon="17.285426">
      </trkpt>
      <trkpt lat="49.480308" lon="17.289317">
      </trkpt>
      <trkpt lat="49.480373" lon="17.28975">
      </trkpt>
      <trkpt lat="49.481058" lon="17.293233">
      </trkpt>
      <trkpt lat="49.481799" lon="17.296766">
      </trkpt>
      <trkpt lat="49.481931" lon="17.2975">
      </trkpt>
      <trkpt lat="49.482224" lon="17.299014">
      </trkpt>
      <trkpt lat="49.48265" lon="17.301262">
      </trkpt>
      <trkpt lat="49.486187" lon="17.300593">
      </trkpt>
      <trkpt lat="49.487055" lon="17.295871">
      </trkpt>
      <trkpt lat="49.484576" lon="17.292471">
      </trkpt>
      <trkpt lat="49.485281" lon="17.286712">
      </trkpt>
      <trkpt lat="49.489341" lon="17.280068">
      </trkpt>
      <trkpt lat="49.489472" lon="17.279959">
      </trkpt>
      <trkpt lat="49.49105" lon="17.27776">
      </trkpt>
      <trkpt lat="49.497004" lon="17.272536">
      </trkpt>
      <trkpt lat="49.497488" lon="17.271734">
      </trkpt>
      <trkpt lat="49.497534" lon="17.271612">
      </trkpt>
      <trkpt lat="49.498089" lon="17.269169">
      </trkpt>
      <trkpt lat="49.501236" lon="17.262125">
      </trkpt>
      <trkpt lat="49.501106" lon="17.261722">
      </trkpt>
      <trkpt lat="49.500856" lon="17.260981">
      </trkpt>
      <trkpt lat="49.498873" lon="17.259409">
      </trkpt>
      <trkpt lat="49.493222" lon="17.260043">
      </trkpt>
      <trkpt lat="49.489782" lon="17.258141">
      </trkpt>
      <trkpt lat="49.483239" lon="17.254047">
      </trkpt>
      <trkpt lat="49.477458" lon="17.248551">
      </trkpt>
      <trkpt lat="49.477706" lon="17.24536">
      </trkpt>
      <trkpt lat="49.477983" lon="17.241456">
      </trkpt>
      <trkpt lat="49.477978" lon="17.240946">
      </trkpt>
      <trkpt lat="49.477913" lon="17.240196">
      </trkpt>
      <trkpt lat="49.477766" lon="17.23925">
      </trkpt>
      <trkpt lat="49.485167" lon="17.234186">
      </trkpt>
      <trkpt lat="49.486713" lon="17.233607">
      </trkpt>
      <trkpt lat="49.486652" lon="17.23122">
      </trkpt>
      <trkpt lat="49.488839" lon="17.22506">
      </trkpt>
      <trkpt lat="49.489184" lon="17.224195">
      </trkpt>
      <trkpt lat="49.489207" lon="17.223359">
      </trkpt>
      <trkpt lat="49.489063" lon="17.222213">
      </trkpt>
      <trkpt lat="49.490149" lon="17.218622">
      </trkpt>
      <trkpt lat="49.497821" lon="17.215474">
      </trkpt>
      <trkpt lat="49.500233" lon="17.217782">
      </trkpt>
      <trkpt lat="49.50113" lon="17.220031">
      </trkpt>
      <trkpt lat="49.500282" lon="17.224773">
      </trkpt>
      <trkpt lat="49.502258" lon="17.227782">
      </trkpt>
      <trkpt lat="49.504037" lon="17.229414">
      </trkpt>
      <trkpt lat="49.507525" lon="17.228523">
      </trkpt>
      <trkpt lat="49.507269" lon="17.225161">
      </trkpt>
      <trkpt lat="49.506194" lon="17.221725">
      </trkpt>
      <trkpt lat="49.504556" lon="17.218771">
      </trkpt>
      <trkpt lat="49.504418" lon="17.218195">
      </trkpt>
      <trkpt lat="49.503458" lon="17.216183">
      </trkpt>
      <trkpt lat="49.50262" lon="17.214494">
      </trkpt>
      <trkpt lat="49.502055" lon="17.213535">
      </trkpt>
      <trkpt lat="49.501007" lon="17.212144">
      </trkpt>
      <trkpt lat="49.506617" lon="17.205506">
      </trkpt>
      <trkpt lat="49.513606" lon="17.208378">
      </trkpt>
      <trkpt lat="49.514326" lon="17.210079">
      </trkpt>
      <trkpt lat="49.520556" lon="17.215821">
      </trkpt>
      <trkpt lat="49.521098" lon="17.217411">
      </trkpt>
      <trkpt lat="49.52121" lon="17.217788">
      </trkpt>
      <trkpt lat="49.52175" lon="17.219856">
      </trkpt>
      <trkpt lat="49.522494" lon="17.222558">
      </trkpt>
      <trkpt lat="49.523579" lon="17.226594">
      </trkpt>
      <trkpt lat="49.525736" lon="17.231073">
      </trkpt>
      <trkpt lat="49.523786" lon="17.237191">
      </trkpt>
      <trkpt lat="49.522187" lon="17.240417">
      </trkpt>
      <trkpt lat="49.51792" lon="17.245065">
      </trkpt>
      <trkpt lat="49.51882" lon="17.24855">
      </trkpt>
      <trkpt lat="49.519081" lon="17.250275">
      </trkpt>
      <trkpt lat="49.522562" lon="17.252158">
      </trkpt>
      <trkpt lat="49.526339" lon="17.258114">
      </trkpt>
      <trkpt lat="49.526129" lon="17.261238">
      </trkpt>
      <trkpt lat="49.526064" lon="17.262294">
      </trkpt>
      <trkpt lat="49.5277" lon="17.263135">
      </trkpt>
      <trkpt lat="49.527752" lon="17.26314">
      </trkpt>
      <trkpt lat="49.535844" lon="17.265378">
      </trkpt>
      <trkpt lat="49.538484" lon="17.267908">
      </trkpt>
      <trkpt lat="49.541768" lon="17.268938">
      </trkpt>
      <trkpt lat="49.545932" lon="17.26582">
      </trkpt>
      <trkpt lat="49.552009" lon="17.270765">
      </trkpt>
      <trkpt lat="49.552262" lon="17.272359">
      </trkpt>
      <trkpt lat="49.552478" lon="17.273814">
      </trkpt>
      <trkpt lat="49.552679" lon="17.275351">
      </trkpt>
      <trkpt lat="49.552841" lon="17.276707">
      </trkpt>
      <trkpt lat="49.553074" lon="17.279003">
      </trkpt>
      <trkpt lat="49.553407" lon="17.282678">
      </trkpt>
      <trkpt lat="49.55374" lon="17.286352">
      </trkpt>
      <trkpt lat="49.554074" lon="17.290026">
      </trkpt>
      <trkpt lat="49.554407" lon="17.293697">
      </trkpt>
      <trkpt lat="49.554669" lon="17.296666">
      </trkpt>
      <trkpt lat="49.554914" lon="17.299323">
      </trkpt>
      <trkpt lat="49.555102" lon="17.301085">
      </trkpt>
      <trkpt lat="49.555446" lon="17.303808">
      </trkpt>
      <trkpt lat="49.555801" lon="17.306177">
      </trkpt>
      <trkpt lat="49.55612" lon="17.308119">
      </trkpt>
      <trkpt lat="49.556418" lon="17.309737">
      </trkpt>
      <trkpt lat="49.55649" lon="17.313116">
      </trkpt>
      <trkpt lat="49.552512" lon="17.318088">
      </trkpt>
      <trkpt lat="49.549841" lon="17.319167">
      </trkpt>
      <trkpt lat="49.549264" lon="17.31942">
      </trkpt>
      <trkpt lat="49.550714" lon="17.322716">
      </trkpt>
      <trkpt lat="49.55129" lon="17.322462">
      </trkpt>
      <trkpt lat="49.553881" lon="17.321417">
      </trkpt>
      <trkpt lat="49.561084" lon="17.326463">
      </trkpt>
      <trkpt lat="49.56347" lon="17.332336">
      </trkpt>
      <trkpt lat="49.564953" lon="17.335719">
      </trkpt>
      <trkpt lat="49.566432" lon="17.339089">
      </trkpt>
      <trkpt lat="49.567208" lon="17.340896">
      </trkpt>
      <trkpt lat="49.567943" lon="17.342682">
      </trkpt>
      <trkpt lat="49.568695" lon="17.34466">
      </trkpt>
      <trkpt lat="49.569229" lon="17.346141">
      </trkpt>
      <trkpt lat="49.569714" lon="17.347554">
      </trkpt>
      <trkpt lat="49.570214" lon="17.349095">
      </trkpt>
      <trkpt lat="49.570438" lon="17.34983">
      </trkpt>
      <trkpt lat="49.571092" lon="17.352063">
      </trkpt>
      <trkpt lat="49.571727" lon="17.354438">
      </trkpt>
      <trkpt lat="49.575205" lon="17.353508">
      </trkpt>
      <trkpt lat="49.57457" lon="17.351133">
      </trkpt>
      <trkpt lat="49.573893" lon="17.348819">
      </trkpt>
      <trkpt lat="49.573658" lon="17.348046">
      </trkpt>
      <trkpt lat="49.573138" lon="17.346443">
      </trkpt>
      <trkpt lat="49.572635" lon="17.344974">
      </trkpt>
      <trkpt lat="49.572081" lon="17.343438">
      </trkpt>
      <trkpt lat="49.571308" lon="17.341403">
      </trkpt>
      <trkpt lat="49.570538" lon="17.339527">
      </trkpt>
      <trkpt lat="49.56974" lon="17.337668">
      </trkpt>
      <trkpt lat="49.56825" lon="17.334273">
      </trkpt>
      <trkpt lat="49.566766" lon="17.33089">
      </trkpt>
      <trkpt lat="49.564438" lon="17.325154">
      </trkpt>
      <trkpt lat="49.563723" lon="17.323185">
      </trkpt>
      <trkpt lat="49.562524" lon="17.31596">
      </trkpt>
      <trkpt lat="49.559661" lon="17.307467">
      </trkpt>
      <trkpt lat="49.559353" lon="17.305593">
      </trkpt>
      <trkpt lat="49.559006" lon="17.303275">
      </trkpt>
      <trkpt lat="49.558673" lon="17.300634">
      </trkpt>
      <trkpt lat="49.558493" lon="17.298942">
      </trkpt>
      <trkpt lat="49.558254" lon="17.296336">
      </trkpt>
      <trkpt lat="49.557993" lon="17.29338">
      </trkpt>
      <trkpt lat="49.557659" lon="17.289701">
      </trkpt>
      <trkpt lat="49.557326" lon="17.286027">
      </trkpt>
      <trkpt lat="49.564012" lon="17.282239">
      </trkpt>
      <trkpt lat="49.567567" lon="17.281671">
      </trkpt>
      <trkpt lat="49.56721" lon="17.279435">
      </trkpt>
      <trkpt lat="49.566929" lon="17.277631">
      </trkpt>
      <trkpt lat="49.566647" lon="17.275821">
      </trkpt>
      <trkpt lat="49.56629" lon="17.273541">
      </trkpt>
      <trkpt lat="49.56693" lon="17.268393">
      </trkpt>
      <trkpt lat="49.570504" lon="17.263535">
      </trkpt>
      <trkpt lat="49.573415" lon="17.261333">
      </trkpt>
      <trkpt lat="49.579646" lon="17.259527">
      </trkpt>
      <trkpt lat="49.58318" lon="17.258845">
      </trkpt>
      <trkpt lat="49.586488" lon="17.255389">
      </trkpt>
      <trkpt lat="49.592562" lon="17.250415">
      </trkpt>
      <trkpt lat="49.592845" lon="17.250062">
      </trkpt>
      <trkpt lat="49.593303" lon="17.248599">
      </trkpt>
      <trkpt lat="49.593542" lon="17.247723">
      </trkpt>
      <trkpt lat="49.593856" lon="17.246323">
      </trkpt>
      <trkpt lat="49.593633" lon="17.245899">
      </trkpt>
      <trkpt lat="49.591493" lon="17.2389">
      </trkpt>
      <trkpt lat="49.589543" lon="17.237783">
      </trkpt>
      <trkpt lat="49.587299" lon="17.229562">
      </trkpt>
      <trkpt lat="49.588451" lon="17.225694">
      </trkpt>
      <trkpt lat="49.588965" lon="17.223961">
      </trkpt>
      <trkpt lat="49.589791" lon="17.222353">
      </trkpt>
      <trkpt lat="49.589635" lon="17.222291">
      </trkpt>
      <trkpt lat="49.585532" lon="17.220331">
      </trkpt>
      <trkpt lat="49.585432" lon="17.220267">
      </trkpt>
      <trkpt lat="49.582562" lon="17.218569">
      </trkpt>
      <trkpt lat="49.579953" lon="17.215527">
      </trkpt>
      <trkpt lat="49.583181" lon="17.208669">
      </trkpt>
      <trkpt lat="49.5836" lon="17.208441">
      </trkpt>
      <trkpt lat="49.584151" lon="17.208115">
      </trkpt>
      <trkpt lat="49.584884" lon="17.207626">
      </trkpt>
      <trkpt lat="49.585452" lon="17.207197">
      </trkpt>
      <trkpt lat="49.586049" lon="17.206695">
      </trkpt>
      <trkpt lat="49.586651" lon="17.206132">
      </trkpt>
      <trkpt lat="49.587475" lon="17.205275">
      </trkpt>
      <trkpt lat="49.590136" lon="17.203085">
      </trkpt>
      <trkpt lat="49.591043" lon="17.202547">
      </trkpt>
      <trkpt lat="49.591266" lon="17.202291">
      </trkpt>
      <trkpt lat="49.594192" lon="17.200444">
      </trkpt>
      <trkpt lat="49.600892" lon="17.205445">
      </trkpt>
      <trkpt lat="49.600955" lon="17.206127">
      </trkpt>
      <trkpt lat="49.600998" lon="17.207013">
      </trkpt>
      <trkpt lat="49.601011" lon="17.207867">
      </trkpt>
      <trkpt lat="49.601015" lon="17.211119">
      </trkpt>
      <trkpt lat="49.601053" lon="17.212054">
      </trkpt>
      <trkpt lat="49.600474" lon="17.219301">
      </trkpt>
      <trkpt lat="49.600951" lon="17.219786">
      </trkpt>
      <trkpt lat="49.601317" lon="17.22009">
      </trkpt>
      <trkpt lat="49.601999" lon="17.220462">
      </trkpt>
      <trkpt lat="49.602614" lon="17.220643">
      </trkpt>
      <trkpt lat="49.605294" lon="17.221471">
      </trkpt>
      <trkpt lat="49.606173" lon="17.219773">
      </trkpt>
      <trkpt lat="49.606391" lon="17.219226">
      </trkpt>
      <trkpt lat="49.604612" lon="17.210975">
      </trkpt>
      <trkpt lat="49.604611" lon="17.207865">
      </trkpt>
      <trkpt lat="49.604598" lon="17.206959">
      </trkpt>
      <trkpt lat="49.604551" lon="17.205955">
      </trkpt>
      <trkpt lat="49.604478" lon="17.205125">
      </trkpt>
      <trkpt lat="49.604321" lon="17.203968">
      </trkpt>
      <trkpt lat="49.606654" lon="17.195479">
      </trkpt>
      <trkpt lat="49.608237" lon="17.193411">
      </trkpt>
      <trkpt lat="49.614247" lon="17.188522">
      </trkpt>
      <trkpt lat="49.614847" lon="17.188143">
      </trkpt>
      <trkpt lat="49.615423" lon="17.187751">
      </trkpt>
      <trkpt lat="49.61603" lon="17.187292">
      </trkpt>
      <trkpt lat="49.616624" lon="17.18679">
      </trkpt>
      <trkpt lat="49.617594" lon="17.185901">
      </trkpt>
      <trkpt lat="49.61801" lon="17.185467">
      </trkpt>
      <trkpt lat="49.618405" lon="17.185016">
      </trkpt>
      <trkpt lat="49.619436" lon="17.183742">
      </trkpt>
      <trkpt lat="49.620336" lon="17.18247">
      </trkpt>
      <trkpt lat="49.621322" lon="17.180834">
      </trkpt>
      <trkpt lat="49.621655" lon="17.180251">
      </trkpt>
      <trkpt lat="49.623047" lon="17.177636">
      </trkpt>
      <trkpt lat="49.62444" lon="17.175021">
      </trkpt>
      <trkpt lat="49.628559" lon="17.168532">
      </trkpt>
      <trkpt lat="49.628695" lon="17.168299">
      </trkpt>
      <trkpt lat="49.63207" lon="17.160693">
      </trkpt>
      <trkpt lat="49.628891" lon="17.159003">
      </trkpt>
      <trkpt lat="49.627641" lon="17.161354">
      </trkpt>
      <trkpt lat="49.626391" lon="17.163705">
      </trkpt>
      <trkpt lat="49.624637" lon="17.166995">
      </trkpt>
      <trkpt lat="49.622656" lon="17.170713">
      </trkpt>
      <trkpt lat="49.621263" lon="17.173328">
      </trkpt>
      <trkpt lat="49.61987" lon="17.175943">
      </trkpt>
      <trkpt lat="49.618477" lon="17.178558">
      </trkpt>
      <trkpt lat="49.618197" lon="17.179046">
      </trkpt>
      <trkpt lat="49.617253" lon="17.180611">
      </trkpt>
      <trkpt lat="49.616504" lon="17.181653">
      </trkpt>
      <trkpt lat="49.615611" lon="17.182747">
      </trkpt>
      <trkpt lat="49.615308" lon="17.183089">
      </trkpt>
      <trkpt lat="49.615005" lon="17.1834">
      </trkpt>
      <trkpt lat="49.614199" lon="17.184129">
      </trkpt>
      <trkpt lat="49.605706" lon="17.182216">
      </trkpt>
      <trkpt lat="49.603796" lon="17.181028">
      </trkpt>
      <trkpt lat="49.601885" lon="17.179841">
      </trkpt>
      <trkpt lat="49.601639" lon="17.179703">
      </trkpt>
      <trkpt lat="49.601198" lon="17.179525">
      </trkpt>
      <trkpt lat="49.600365" lon="17.179436">
      </trkpt>
      <trkpt lat="49.59942" lon="17.179698">
      </trkpt>
      <trkpt lat="49.59261" lon="17.178538">
      </trkpt>
      <trkpt lat="49.588709" lon="17.172498">
      </trkpt>
      <trkpt lat="49.58844" lon="17.16944">
      </trkpt>
      <trkpt lat="49.590224" lon="17.162701">
      </trkpt>
      <trkpt lat="49.590226" lon="17.162624">
      </trkpt>
      <trkpt lat="49.58945" lon="17.157836">
      </trkpt>
      <trkpt lat="49.589222" lon="17.154167">
      </trkpt>
      <trkpt lat="49.589232" lon="17.153786">
      </trkpt>
      <trkpt lat="49.588002" lon="17.152168">
      </trkpt>
      <trkpt lat="49.587661" lon="17.151796">
      </trkpt>
      <trkpt lat="49.587648" lon="17.151794">
      </trkpt>
      <trkpt lat="49.585673" lon="17.153242">
      </trkpt>
      <trkpt lat="49.581237" lon="17.157895">
      </trkpt>
      <trkpt lat="49.577752" lon="17.162071">
      </trkpt>
      <trkpt lat="49.576841" lon="17.162689">
      </trkpt>
      <trkpt lat="49.576518" lon="17.162978">
      </trkpt>
      <trkpt lat="49.575077" lon="17.164917">
      </trkpt>
      <trkpt lat="49.574686" lon="17.165491">
      </trkpt>
      <trkpt lat="49.574224" lon="17.166354">
      </trkpt>
      <trkpt lat="49.572401" lon="17.170293">
      </trkpt>
      <trkpt lat="49.568629" lon="17.171749">
      </trkpt>
      <trkpt lat="49.564134" lon="17.171134">
      </trkpt>
      <trkpt lat="49.561857" lon="17.168289">
      </trkpt>
      <trkpt lat="49.566085" lon="17.161218">
      </trkpt>
      <trkpt lat="49.56767" lon="17.154576">
      </trkpt>
      <trkpt lat="49.569158" lon="17.152508">
      </trkpt>
      <trkpt lat="49.570646" lon="17.150441">
      </trkpt>
      <trkpt lat="49.573053" lon="17.144203">
      </trkpt>
      <trkpt lat="49.570587" lon="17.14158">
      </trkpt>
      <trkpt lat="49.569434" lon="17.133154">
      </trkpt>
      <trkpt lat="49.574588" lon="17.133317">
      </trkpt>
      <trkpt lat="49.578187" lon="17.133209">
      </trkpt>
      <trkpt lat="49.579689" lon="17.127862">
      </trkpt>
      <trkpt lat="49.580753" lon="17.124422">
      </trkpt>
      <trkpt lat="49.584656" lon="17.117108">
      </trkpt>
      <trkpt lat="49.587467" lon="17.115515">
      </trkpt>
      <trkpt lat="49.587693" lon="17.115147">
      </trkpt>
      <trkpt lat="49.587822" lon="17.114846">
      </trkpt>
      <trkpt lat="49.587984" lon="17.114298">
      </trkpt>
      <trkpt lat="49.584953" lon="17.112355">
      </trkpt>
      <trkpt lat="49.581221" lon="17.114718">
      </trkpt>
      <trkpt lat="49.573829" lon="17.114666">
      </trkpt>
      <trkpt lat="49.571363" lon="17.112111">
      </trkpt>
      <trkpt lat="49.568898" lon="17.109557">
      </trkpt>
      <trkpt lat="49.566938" lon="17.101245">
      </trkpt>
      <trkpt lat="49.568998" lon="17.098128">
      </trkpt>
      <trkpt lat="49.567388" lon="17.094908">
      </trkpt>
      <trkpt lat="49.559674" lon="17.093676">
      </trkpt>
      <trkpt lat="49.551355" lon="17.090488">
      </trkpt>
      <trkpt lat="49.55098" lon="17.090092">
      </trkpt>
      <trkpt lat="49.550759" lon="17.089917">
      </trkpt>
      <trkpt lat="49.547648" lon="17.08887">
      </trkpt>
      <trkpt lat="49.547487" lon="17.088847">
      </trkpt>
      <trkpt lat="49.545432" lon="17.090494">
      </trkpt>
      <trkpt lat="49.539819" lon="17.094333">
      </trkpt>
      <trkpt lat="49.540022" lon="17.095145">
      </trkpt>
      <trkpt lat="49.533215" lon="17.1009">
      </trkpt>
      <trkpt lat="49.529634" lon="17.097308">
      </trkpt>
      <trkpt lat="49.524435" lon="17.092706">
      </trkpt>
      <trkpt lat="49.521748" lon="17.08532">
      </trkpt>
      <trkpt lat="49.522863" lon="17.082894">
      </trkpt>
      <trkpt lat="49.529469" lon="17.076976">
      </trkpt>
      <trkpt lat="49.53121" lon="17.073825">
      </trkpt>
      <trkpt lat="49.5299" lon="17.067614">
      </trkpt>
      <trkpt lat="49.531735" lon="17.063667">
      </trkpt>
      <trkpt lat="49.533749" lon="17.060318">
      </trkpt>
      <trkpt lat="49.533868" lon="17.0599">
      </trkpt>
      <trkpt lat="49.534613" lon="17.055207">
      </trkpt>
      <trkpt lat="49.53448" lon="17.053111">
      </trkpt>
      <trkpt lat="49.533869" lon="17.052234">
      </trkpt>
      <trkpt lat="49.533746" lon="17.05218">
      </trkpt>
      <trkpt lat="49.533482" lon="17.05219">
      </trkpt>
      <trkpt lat="49.530057" lon="17.051982">
      </trkpt>
      <trkpt lat="49.529523" lon="17.051877">
      </trkpt>
      <trkpt lat="49.525826" lon="17.050465">
      </trkpt>
      <trkpt lat="49.522936" lon="17.042458">
      </trkpt>
      <trkpt lat="49.5249" lon="17.039178">
      </trkpt>
      <trkpt lat="49.526478" lon="17.035943">
      </trkpt>
      <trkpt lat="49.526456" lon="17.030356">
      </trkpt>
      <trkpt lat="49.522978" lon="17.029427">
      </trkpt>
      <trkpt lat="49.52091" lon="17.030491">
      </trkpt>
      <trkpt lat="49.518551" lon="17.032129">
      </trkpt>
      <trkpt lat="49.510277" lon="17.035155">
      </trkpt>
      <trkpt lat="49.508186" lon="17.033413">
      </trkpt>
      <trkpt lat="49.503599" lon="17.028812">
      </trkpt>
      <trkpt lat="49.502973" lon="17.021125">
      </trkpt>
      <trkpt lat="49.502984" lon="17.020811">
      </trkpt>
      <trkpt lat="49.502857" lon="17.019982">
      </trkpt>
      <trkpt lat="49.502857" lon="17.01608">
      </trkpt>
      <trkpt lat="49.502908" lon="17.012032">
      </trkpt>
      <trkpt lat="49.501805" lon="17.010948">
      </trkpt>
      <trkpt lat="49.501337" lon="17.010845">
      </trkpt>
      <trkpt lat="49.499385" lon="17.011294">
      </trkpt>
      <trkpt lat="49.491737" lon="17.008383">
      </trkpt>
      <trkpt lat="49.492269" lon="17.004425">
      </trkpt>
      <trkpt lat="49.495726" lon="16.998031">
      </trkpt>
      <trkpt lat="49.497247" lon="16.997316">
      </trkpt>
      <trkpt lat="49.495716" lon="16.994058">
      </trkpt>
      <trkpt lat="49.494539" lon="16.987086">
      </trkpt>
      <trkpt lat="49.495053" lon="16.984088">
      </trkpt>
      <trkpt lat="49.495582" lon="16.981104">
      </trkpt>
      <trkpt lat="49.496112" lon="16.97812">
      </trkpt>
      <trkpt lat="49.492567" lon="16.977491">
      </trkpt>
      <trkpt lat="49.492038" lon="16.980475">
      </trkpt>
      <trkpt lat="49.491508" lon="16.983459">
      </trkpt>
      <trkpt lat="49.490991" lon="16.986478">
      </trkpt>
      <trkpt lat="49.49038" lon="16.989841">
      </trkpt>
      <trkpt lat="49.489805" lon="16.9947">
      </trkpt>
      <trkpt lat="49.489479" lon="16.997714">
      </trkpt>
      <trkpt lat="49.489228" lon="17.000033">
      </trkpt>
      <trkpt lat="49.488701" lon="17.003945">
      </trkpt>
      <trkpt lat="49.480028" lon="17.005008">
      </trkpt>
      <trkpt lat="49.479808" lon="17.001206">
      </trkpt>
      <trkpt lat="49.479603" lon="17.000713">
      </trkpt>
      <trkpt lat="49.479308" lon="17.000273">
      </trkpt>
      <trkpt lat="49.478178" lon="16.999555">
      </trkpt>
      <trkpt lat="49.478094" lon="16.999538">
      </trkpt>
      <trkpt lat="49.476426" lon="17.00244">
      </trkpt>
      <trkpt lat="49.469038" lon="16.998339">
      </trkpt>
      <trkpt lat="49.469195" lon="16.996189">
      </trkpt>
      <trkpt lat="49.469254" lon="16.995717">
      </trkpt>
      <trkpt lat="49.469491" lon="16.994615">
      </trkpt>
      <trkpt lat="49.469493" lon="16.994602">
      </trkpt>
      <trkpt lat="49.469786" lon="16.993234">
      </trkpt>
      <trkpt lat="49.470985" lon="16.991198">
      </trkpt>
      <trkpt lat="49.472027" lon="16.990227">
      </trkpt>
      <trkpt lat="49.472356" lon="16.989811">
      </trkpt>
      <trkpt lat="49.47255" lon="16.989509">
      </trkpt>
      <trkpt lat="49.473383" lon="16.987996">
      </trkpt>
      <trkpt lat="49.473725" lon="16.987334">
      </trkpt>
      <trkpt lat="49.477295" lon="16.9833">
      </trkpt>
      <trkpt lat="49.477646" lon="16.981585">
      </trkpt>
      <trkpt lat="49.475935" lon="16.978418">
      </trkpt>
      <trkpt lat="49.470205" lon="16.971559">
      </trkpt>
      <trkpt lat="49.47052" lon="16.971172">
      </trkpt>
      <trkpt lat="49.471005" lon="16.970692">
      </trkpt>
      <trkpt lat="49.471165" lon="16.97056">
      </trkpt>
      <trkpt lat="49.470796" lon="16.968933">
      </trkpt>
      <trkpt lat="49.469825" lon="16.968051">
      </trkpt>
      <trkpt lat="49.468878" lon="16.96778">
      </trkpt>
      <trkpt lat="49.468718" lon="16.967912">
      </trkpt>
      <trkpt lat="49.464309" lon="16.969547">
      </trkpt>
      <trkpt lat="49.457372" lon="16.963983">
      </trkpt>
      <trkpt lat="49.457367" lon="16.962901">
      </trkpt>
      <trkpt lat="49.455127" lon="16.959849">
      </trkpt>
      <trkpt lat="49.451847" lon="16.961333">
      </trkpt>
      <trkpt lat="49.452886" lon="16.963629">
      </trkpt>
      <trkpt lat="49.453836" lon="16.96645">
      </trkpt>
      <trkpt lat="49.45385" lon="16.970439">
      </trkpt>
      <trkpt lat="49.454677" lon="16.97234">
      </trkpt>
      <trkpt lat="49.448836" lon="16.978079">
      </trkpt>
      <trkpt lat="49.446562" lon="16.978076">
      </trkpt>
      <trkpt lat="49.445237" lon="16.978031">
      </trkpt>
      <trkpt lat="49.440928" lon="16.980904">
      </trkpt>
      <trkpt lat="49.436083" lon="16.981243">
      </trkpt>
      <trkpt lat="49.433098" lon="16.975275">
      </trkpt>
      <trkpt lat="49.43231" lon="16.972486">
      </trkpt>
      <trkpt lat="49.431387" lon="16.968598">
      </trkpt>
      <trkpt lat="49.431302" lon="16.968014">
      </trkpt>
      <trkpt lat="49.427713" lon="16.967734">
      </trkpt>
      <trkpt lat="49.426234" lon="16.968389">
      </trkpt>
      <trkpt lat="49.420114" lon="16.970641">
      </trkpt>
      <trkpt lat="49.411465" lon="16.969722">
      </trkpt>
      <trkpt lat="49.407885" lon="16.9701">
      </trkpt>
      <trkpt lat="49.407328" lon="16.972348">
      </trkpt>
      <trkpt lat="49.401198" lon="16.977581">
      </trkpt>
      <trkpt lat="49.400798" lon="16.978709">
      </trkpt>
      <trkpt lat="49.400688" lon="16.979952">
      </trkpt>
      <trkpt lat="49.400809" lon="16.981966">
      </trkpt>
      <trkpt lat="49.400039" lon="16.986247">
      </trkpt>
      <trkpt lat="49.399992" lon="16.988115">
      </trkpt>
      <trkpt lat="49.400256" lon="16.991642">
      </trkpt>
      <trkpt lat="49.39989" lon="16.993897">
      </trkpt>
      <trkpt lat="49.399513" lon="16.996232">
      </trkpt>
      <trkpt lat="49.399335" lon="16.9971">
      </trkpt>
      <trkpt lat="49.399034" lon="16.998575">
      </trkpt>
      <trkpt lat="49.398571" lon="17.000488">
      </trkpt>
      <trkpt lat="49.397466" lon="17.002591">
      </trkpt>
      <trkpt lat="49.396375" lon="17.004713">
      </trkpt>
      <trkpt lat="49.396059" lon="17.00589">
      </trkpt>
      <trkpt lat="49.394781" lon="17.012613">
      </trkpt>
      <trkpt lat="49.39229" lon="17.014162">
      </trkpt>
      <trkpt lat="49.384717" lon="17.013059">
      </trkpt>
      <trkpt lat="49.386405" lon="17.004702">
      </trkpt>
      <trkpt lat="49.386418" lon="17.004091">
      </trkpt>
      <trkpt lat="49.386399" lon="17.003494">
      </trkpt>
      <trkpt lat="49.386315" lon="17.002554">
      </trkpt>
      <trkpt lat="49.386216" lon="17.002018">
      </trkpt>
      <trkpt lat="49.386051" lon="17.001438">
      </trkpt>
      <trkpt lat="49.385841" lon="17.000907">
      </trkpt>
      <trkpt lat="49.385463" lon="17.000093">
      </trkpt>
      <trkpt lat="49.385244" lon="16.999716">
      </trkpt>
      <trkpt lat="49.384954" lon="16.999347">
      </trkpt>
      <trkpt lat="49.382655" lon="16.995477">
      </trkpt>
      <trkpt lat="49.38226" lon="16.994449">
      </trkpt>
      <trkpt lat="49.379682" lon="16.986042">
      </trkpt>
      <trkpt lat="49.379913" lon="16.985399">
      </trkpt>
      <trkpt lat="49.380064" lon="16.984769">
      </trkpt>
      <trkpt lat="49.380218" lon="16.98374">
      </trkpt>
      <trkpt lat="49.380749" lon="16.981819">
      </trkpt>
      <trkpt lat="49.380722" lon="16.981694">
      </trkpt>
      <trkpt lat="49.380586" lon="16.977933">
      </trkpt>
      <trkpt lat="49.380162" lon="16.975711">
      </trkpt>
      <trkpt lat="49.380665" lon="16.969889">
      </trkpt>
      <trkpt lat="49.382483" lon="16.966782">
      </trkpt>
      <trkpt lat="49.380149" lon="16.959186">
      </trkpt>
      <trkpt lat="49.38135" lon="16.955903">
      </trkpt>
      <trkpt lat="49.380356" lon="16.948313">
      </trkpt>
      <trkpt lat="49.381715" lon="16.94498">
      </trkpt>
      <trkpt lat="49.380962" lon="16.943195">
      </trkpt>
      <trkpt lat="49.380155" lon="16.934251">
      </trkpt>
      <trkpt lat="49.381492" lon="16.933565">
      </trkpt>
      <trkpt lat="49.382134" lon="16.932613">
      </trkpt>
      <trkpt lat="49.384208" lon="16.930438">
      </trkpt>
      <trkpt lat="49.383186" lon="16.926986">
      </trkpt>
      <trkpt lat="49.381859" lon="16.927214">
      </trkpt>
      <trkpt lat="49.379929" lon="16.927885">
      </trkpt>
      <trkpt lat="49.37562" lon="16.931047">
      </trkpt>
      <trkpt lat="49.370212" lon="16.931328">
      </trkpt>
      <trkpt lat="49.368551" lon="16.931381">
      </trkpt>
      <trkpt lat="49.367191" lon="16.932898">
      </trkpt>
      <trkpt lat="49.359254" lon="16.936791">
      </trkpt>
      <trkpt lat="49.353757" lon="16.932858">
      </trkpt>
      <trkpt lat="49.353474" lon="16.929086">
      </trkpt>
      <trkpt lat="49.354438" lon="16.923944">
      </trkpt>
      <trkpt lat="49.359383" lon="16.920002">
      </trkpt>
      <trkpt lat="49.362964" lon="16.920376">
      </trkpt>
      <trkpt lat="49.363283" lon="16.91962">
      </trkpt>
      <trkpt lat="49.364561" lon="16.917328">
      </trkpt>
      <trkpt lat="49.372047" lon="16.91412">
      </trkpt>
      <trkpt lat="49.372743" lon="16.913249">
      </trkpt>
      <trkpt lat="49.373499" lon="16.91232">
      </trkpt>
      <trkpt lat="49.379443" lon="16.908879">
      </trkpt>
      <trkpt lat="49.380517" lon="16.906888">
      </trkpt>
      <trkpt lat="49.381006" lon="16.905364">
      </trkpt>
      <trkpt lat="49.381883" lon="16.902661">
      </trkpt>
      <trkpt lat="49.381979" lon="16.90062">
      </trkpt>
      <trkpt lat="49.383131" lon="16.895736">
      </trkpt>
      <trkpt lat="49.392042" lon="16.895183">
      </trkpt>
      <trkpt lat="49.395593" lon="16.895779">
      </trkpt>
      <trkpt lat="49.39957" lon="16.90314">
      </trkpt>
      <trkpt lat="49.398149" lon="16.906947">
      </trkpt>
      <trkpt lat="49.399034" lon="16.908097">
      </trkpt>
      <trkpt lat="49.401931" lon="16.905858">
      </trkpt>
      <trkpt lat="49.409569" lon="16.909528">
      </trkpt>
      <trkpt lat="49.41072" lon="16.910308">
      </trkpt>
      <trkpt lat="49.411968" lon="16.910914">
      </trkpt>
      <trkpt lat="49.419523" lon="16.91309">
      </trkpt>
      <trkpt lat="49.42254" lon="16.92058">
      </trkpt>
      <trkpt lat="49.424356" lon="16.927678">
      </trkpt>
      <trkpt lat="49.42516" lon="16.929197">
      </trkpt>
      <trkpt lat="49.42516" lon="16.929197">
      </trkpt>
      <trkpt lat="49.426086" lon="16.930948">
      </trkpt>
      <trkpt lat="49.432107" lon="16.936943">
      </trkpt>
      <trkpt lat="49.433122" lon="16.938068">
      </trkpt>
      <trkpt lat="49.433521" lon="16.938528">
      </trkpt>
      <trkpt lat="49.433869" lon="16.938833">
      </trkpt>
      <trkpt lat="49.434871" lon="16.939582">
      </trkpt>
      <trkpt lat="49.437028" lon="16.9367">
      </trkpt>
      <trkpt lat="49.435076" lon="16.933754">
      </trkpt>
      <trkpt lat="49.432619" lon="16.931125">
      </trkpt>
      <trkpt lat="49.431076" lon="16.925575">
      </trkpt>
      <trkpt lat="49.429743" lon="16.919699">
      </trkpt>
      <trkpt lat="49.430064" lon="16.917853">
      </trkpt>
      <trkpt lat="49.430511" lon="16.916545">
      </trkpt>
      <trkpt lat="49.431102" lon="16.915282">
      </trkpt>
      <trkpt lat="49.432469" lon="16.913354">
      </trkpt>
      <trkpt lat="49.440055" lon="16.910799">
      </trkpt>
      <trkpt lat="49.443168" lon="16.906763">
      </trkpt>
      <trkpt lat="49.442408" lon="16.904512">
      </trkpt>
      <trkpt lat="49.445789" lon="16.897884">
      </trkpt>
      <trkpt lat="49.447067" lon="16.896996">
      </trkpt>
      <trkpt lat="49.448841" lon="16.895885">
      </trkpt>
      <trkpt lat="49.454033" lon="16.892316">
      </trkpt>
      <trkpt lat="49.455873" lon="16.890534">
      </trkpt>
      <trkpt lat="49.456688" lon="16.889532">
      </trkpt>
      <trkpt lat="49.456698" lon="16.88913">
      </trkpt>
      <trkpt lat="49.456673" lon="16.88863">
      </trkpt>
      <trkpt lat="49.456158" lon="16.888167">
      </trkpt>
      <trkpt lat="49.449049" lon="16.888428">
      </trkpt>
      <trkpt lat="49.448563" lon="16.888405">
      </trkpt>
      <trkpt lat="49.447672" lon="16.888596">
      </trkpt>
      <trkpt lat="49.441536" lon="16.887397">
      </trkpt>
      <trkpt lat="49.439823" lon="16.882321">
      </trkpt>
      <trkpt lat="49.434735" lon="16.878073">
      </trkpt>
      <trkpt lat="49.431671" lon="16.869951">
      </trkpt>
      <trkpt lat="49.433396" lon="16.86777">
      </trkpt>
      <trkpt lat="49.436461" lon="16.865255">
      </trkpt>
      <trkpt lat="49.445118" lon="16.865348">
      </trkpt>
      <trkpt lat="49.448163" lon="16.865585">
      </trkpt>
      <trkpt lat="49.450385" lon="16.862752">
      </trkpt>
      <trkpt lat="49.449611" lon="16.862108">
      </trkpt>
      <trkpt lat="49.448431" lon="16.860764">
      </trkpt>
      <trkpt lat="49.447497" lon="16.85962">
      </trkpt>
      <trkpt lat="49.45064" lon="16.851795">
      </trkpt>
      <trkpt lat="49.453029" lon="16.849102">
      </trkpt>
      <trkpt lat="49.457243" lon="16.844614">
      </trkpt>
      <trkpt lat="49.464047" lon="16.839973">
      </trkpt>
      <trkpt lat="49.463831" lon="16.839073">
      </trkpt>
      <trkpt lat="49.463724" lon="16.838488">
      </trkpt>
      <trkpt lat="49.463008" lon="16.836526">
      </trkpt>
      <trkpt lat="49.462419" lon="16.836519">
      </trkpt>
      <trkpt lat="49.458889" lon="16.837229">
      </trkpt>
      <trkpt lat="49.456261" lon="16.837472">
      </trkpt>
      <trkpt lat="49.452953" lon="16.839357">
      </trkpt>
      <trkpt lat="49.444606" lon="16.841065">
      </trkpt>
      <trkpt lat="49.440313" lon="16.83706">
      </trkpt>
      <trkpt lat="49.440094" lon="16.836678">
      </trkpt>
      <trkpt lat="49.43886" lon="16.828039">
      </trkpt>
      <trkpt lat="49.438941" lon="16.827445">
      </trkpt>
      <trkpt lat="49.43893" lon="16.826978">
      </trkpt>
      <trkpt lat="49.438753" lon="16.824488">
      </trkpt>
      <trkpt lat="49.438567" lon="16.822336">
      </trkpt>
      <trkpt lat="49.438043" lon="16.821302">
      </trkpt>
      <trkpt lat="49.437511" lon="16.820374">
      </trkpt>
      <trkpt lat="49.436698" lon="16.817811">
      </trkpt>
      <trkpt lat="49.44174" lon="16.811557">
      </trkpt>
      <trkpt lat="49.442937" lon="16.81112">
      </trkpt>
      <trkpt lat="49.444081" lon="16.810096">
      </trkpt>
      <trkpt lat="49.445218" lon="16.809247">
      </trkpt>
      <trkpt lat="49.445476" lon="16.808955">
      </trkpt>
      <trkpt lat="49.443443" lon="16.80632">
      </trkpt>
      <trkpt lat="49.443136" lon="16.806403">
      </trkpt>
      <trkpt lat="49.442777" lon="16.806572">
      </trkpt>
      <trkpt lat="49.435328" lon="16.803143">
      </trkpt>
      <trkpt lat="49.438151" lon="16.796746">
      </trkpt>
      <trkpt lat="49.440072" lon="16.796029">
      </trkpt>
      <trkpt lat="49.443829" lon="16.793831">
      </trkpt>
      <trkpt lat="49.446508" lon="16.793624">
      </trkpt>
      <trkpt lat="49.446576" lon="16.793553">
      </trkpt>
      <trkpt lat="49.446856" lon="16.791604">
      </trkpt>
      <trkpt lat="49.446648" lon="16.791322">
      </trkpt>
      <trkpt lat="49.445424" lon="16.790225">
      </trkpt>
      <trkpt lat="49.444296" lon="16.788622">
      </trkpt>
      <trkpt lat="49.444231" lon="16.788559">
      </trkpt>
      <trkpt lat="49.440172" lon="16.789756">
      </trkpt>
      <trkpt lat="49.432881" lon="16.784493">
      </trkpt>
      <trkpt lat="49.434025" lon="16.777335">
      </trkpt>
      <trkpt lat="49.437578" lon="16.776752">
      </trkpt>
      <trkpt lat="49.43746" lon="16.776052">
      </trkpt>
      <trkpt lat="49.437231" lon="16.775007">
      </trkpt>
      <trkpt lat="49.436984" lon="16.773981">
      </trkpt>
      <trkpt lat="49.437108" lon="16.770502">
      </trkpt>
      <trkpt lat="49.444864" lon="16.768335">
      </trkpt>
      <trkpt lat="49.448004" lon="16.76881">
      </trkpt>
      <trkpt lat="49.454894" lon="16.771216">
      </trkpt>
      <trkpt lat="49.456107" lon="16.774387">
      </trkpt>
      <trkpt lat="49.456788" lon="16.779487">
      </trkpt>
      <trkpt lat="49.45764" lon="16.782429">
      </trkpt>
      <trkpt lat="49.459587" lon="16.785456">
      </trkpt>
      <trkpt lat="49.460448" lon="16.794203">
      </trkpt>
      <trkpt lat="49.459054" lon="16.79611">
      </trkpt>
      <trkpt lat="49.458956" lon="16.797479">
      </trkpt>
      <trkpt lat="49.459558" lon="16.799478">
      </trkpt>
      <trkpt lat="49.459571" lon="16.799519">
      </trkpt>
      <trkpt lat="49.459803" lon="16.799631">
      </trkpt>
      <trkpt lat="49.460878" lon="16.800005">
      </trkpt>
      <trkpt lat="49.460983" lon="16.800049">
      </trkpt>
      <trkpt lat="49.464053" lon="16.802068">
      </trkpt>
      <trkpt lat="49.466002" lon="16.8036">
      </trkpt>
      <trkpt lat="49.468468" lon="16.807507">
      </trkpt>
      <trkpt lat="49.466439" lon="16.813313">
      </trkpt>
      <trkpt lat="49.464756" lon="16.814517">
      </trkpt>
      <trkpt lat="49.463781" lon="16.816797">
      </trkpt>
      <trkpt lat="49.466923" lon="16.823674">
      </trkpt>
      <trkpt lat="49.472492" lon="16.826797">
      </trkpt>
      <trkpt lat="49.475492" lon="16.829629">
      </trkpt>
      <trkpt lat="49.476523" lon="16.8317">
      </trkpt>
      <trkpt lat="49.480064" lon="16.831052">
      </trkpt>
      <trkpt lat="49.479879" lon="16.830043">
      </trkpt>
      <trkpt lat="49.479793" lon="16.829691">
      </trkpt>
      <trkpt lat="49.479567" lon="16.829113">
      </trkpt>
      <trkpt lat="49.479163" lon="16.828322">
      </trkpt>
      <trkpt lat="49.47548" lon="16.820528">
      </trkpt>
      <trkpt lat="49.47445" lon="16.817862">
      </trkpt>
      <trkpt lat="49.474321" lon="16.81747">
      </trkpt>
      <trkpt lat="49.473997" lon="16.816303">
      </trkpt>
      <trkpt lat="49.473878" lon="16.815928">
      </trkpt>
      <trkpt lat="49.473176" lon="16.814421">
      </trkpt>
      <trkpt lat="49.476592" lon="16.806817">
      </trkpt>
      <trkpt lat="49.480137" lon="16.806192">
      </trkpt>
      <trkpt lat="49.481439" lon="16.803982">
      </trkpt>
      <trkpt lat="49.485624" lon="16.796958">
      </trkpt>
      <trkpt lat="49.48698" lon="16.796616">
      </trkpt>
      <trkpt lat="49.486719" lon="16.795004">
      </trkpt>
      <trkpt lat="49.486209" lon="16.792061">
      </trkpt>
      <trkpt lat="49.486254" lon="16.788147">
      </trkpt>
      <trkpt lat="49.481758" lon="16.784009">
      </trkpt>
      <trkpt lat="49.480772" lon="16.778159">
      </trkpt>
      <trkpt lat="49.486921" lon="16.774412">
      </trkpt>
      <trkpt lat="49.490186" lon="16.772894">
      </trkpt>
      <trkpt lat="49.495362" lon="16.770236">
      </trkpt>
      <trkpt lat="49.500048" lon="16.76596">
      </trkpt>
      <trkpt lat="49.505405" lon="16.770055">
      </trkpt>
      <trkpt lat="49.505556" lon="16.770628">
      </trkpt>
      <trkpt lat="49.505868" lon="16.772366">
      </trkpt>
      <trkpt lat="49.507277" lon="16.774333">
      </trkpt>
      <trkpt lat="49.508431" lon="16.777933">
      </trkpt>
      <trkpt lat="49.508491" lon="16.778547">
      </trkpt>
      <trkpt lat="49.510948" lon="16.779408">
      </trkpt>
      <trkpt lat="49.511017" lon="16.779374">
      </trkpt>
      <trkpt lat="49.512074" lon="16.778199">
      </trkpt>
      <trkpt lat="49.512015" lon="16.777585">
      </trkpt>
      <trkpt lat="49.512492" lon="16.77191">
      </trkpt>
      <trkpt lat="49.51549" lon="16.768319">
      </trkpt>
      <trkpt lat="49.515793" lon="16.767232">
      </trkpt>
      <trkpt lat="49.516187" lon="16.764787">
      </trkpt>
      <trkpt lat="49.512052" lon="16.758007">
      </trkpt>
      <trkpt lat="49.514339" lon="16.754766">
      </trkpt>
      <trkpt lat="49.513605" lon="16.745997">
      </trkpt>
      <trkpt lat="49.513591" lon="16.745468">
      </trkpt>
      <trkpt lat="49.513433" lon="16.743594">
      </trkpt>
      <trkpt lat="49.513336" lon="16.742861">
      </trkpt>
      <trkpt lat="49.513248" lon="16.742404">
      </trkpt>
      <trkpt lat="49.512601" lon="16.739082">
      </trkpt>
      <trkpt lat="49.511309" lon="16.738538">
      </trkpt>
      <trkpt lat="49.511173" lon="16.738532">
      </trkpt>
      <trkpt lat="49.511026" lon="16.738523">
      </trkpt>
      <trkpt lat="49.509001" lon="16.739067">
      </trkpt>
      <trkpt lat="49.508996" lon="16.740285">
      </trkpt>
      <trkpt lat="49.509121" lon="16.741883">
      </trkpt>
      <trkpt lat="49.509398" lon="16.747617">
      </trkpt>
      <trkpt lat="49.509272" lon="16.74844">
      </trkpt>
      <trkpt lat="49.509223" lon="16.749021">
      </trkpt>
      <trkpt lat="49.509213" lon="16.749541">
      </trkpt>
      <trkpt lat="49.509286" lon="16.750232">
      </trkpt>
      <trkpt lat="49.508779" lon="16.752861">
      </trkpt>
      <trkpt lat="49.508156" lon="16.755474">
      </trkpt>
      <trkpt lat="49.50616" lon="16.75847">
      </trkpt>
      <trkpt lat="49.498682" lon="16.754549">
      </trkpt>
      <trkpt lat="49.498748" lon="16.753689">
      </trkpt>
      <trkpt lat="49.498656" lon="16.753063">
      </trkpt>
      <trkpt lat="49.494188" lon="16.745566">
      </trkpt>
      <trkpt lat="49.494093" lon="16.745264">
      </trkpt>
      <trkpt lat="49.493793" lon="16.744642">
      </trkpt>
      <trkpt lat="49.493261" lon="16.743874">
      </trkpt>
      <trkpt lat="49.492637" lon="16.743229">
      </trkpt>
      <trkpt lat="49.491174" lon="16.741656">
      </trkpt>
      <trkpt lat="49.489234" lon="16.734996">
      </trkpt>
      <trkpt lat="49.493628" lon="16.731871">
      </trkpt>
      <trkpt lat="49.494844" lon="16.730601">
      </trkpt>
      <trkpt lat="49.503317" lon="16.729826">
      </trkpt>
      <trkpt lat="49.506107" lon="16.727551">
      </trkpt>
      <trkpt lat="49.504773" lon="16.725088">
      </trkpt>
      <trkpt lat="49.504376" lon="16.724351">
      </trkpt>
      <trkpt lat="49.502477" lon="16.721606">
      </trkpt>
      <trkpt lat="49.50172" lon="16.720095">
      </trkpt>
      <trkpt lat="49.502864" lon="16.711984">
      </trkpt>
      <trkpt lat="49.50298" lon="16.711374">
      </trkpt>
      <trkpt lat="49.499676" lon="16.703496">
      </trkpt>
      <trkpt lat="49.49963" lon="16.702365">
      </trkpt>
      <trkpt lat="49.494371" lon="16.698271">
      </trkpt>
      <trkpt lat="49.497624" lon="16.693176">
      </trkpt>
      <trkpt lat="49.500609" lon="16.691164">
      </trkpt>
      <trkpt lat="49.506502" lon="16.688151">
      </trkpt>
      <trkpt lat="49.512561" lon="16.691738">
      </trkpt>
      <trkpt lat="49.513793" lon="16.696293">
      </trkpt>
      <trkpt lat="49.515132" lon="16.699341">
      </trkpt>
      <trkpt lat="49.515788" lon="16.69929">
      </trkpt>
      <trkpt lat="49.516059" lon="16.699243">
      </trkpt>
      <trkpt lat="49.516783" lon="16.698823">
      </trkpt>
      <trkpt lat="49.522217" lon="16.695703">
      </trkpt>
      <trkpt lat="49.526821" lon="16.697097">
      </trkpt>
      <trkpt lat="49.526987" lon="16.697209">
      </trkpt>
      <trkpt lat="49.527844" lon="16.697544">
      </trkpt>
      <trkpt lat="49.5318" lon="16.699997">
      </trkpt>
      <trkpt lat="49.535191" lon="16.701207">
      </trkpt>
      <trkpt lat="49.539334" lon="16.705928">
      </trkpt>
      <trkpt lat="49.542891" lon="16.707537">
      </trkpt>
      <trkpt lat="49.54596" lon="16.705655">
      </trkpt>
      <trkpt lat="49.544583" lon="16.697692">
      </trkpt>
      <trkpt lat="49.545231" lon="16.689173">
      </trkpt>
      <trkpt lat="49.545083" lon="16.686129">
      </trkpt>
      <trkpt lat="49.541619" lon="16.685147">
      </trkpt>
      <trkpt lat="49.533212" lon="16.685457">
      </trkpt>
      <trkpt lat="49.532351" lon="16.684807">
      </trkpt>
      <trkpt lat="49.531672" lon="16.684454">
      </trkpt>
      <trkpt lat="49.530514" lon="16.684175">
      </trkpt>
      <trkpt lat="49.527089" lon="16.682041">
      </trkpt>
      <trkpt lat="49.526222" lon="16.681467">
      </trkpt>
      <trkpt lat="49.525252" lon="16.680992">
      </trkpt>
      <trkpt lat="49.522939" lon="16.679812">
      </trkpt>
      <trkpt lat="49.527057" lon="16.671848">
      </trkpt>
      <trkpt lat="49.527162" lon="16.671864">
      </trkpt>
      <trkpt lat="49.527886" lon="16.671766">
      </trkpt>
      <trkpt lat="49.528815" lon="16.671539">
      </trkpt>
      <trkpt lat="49.530597" lon="16.671198">
      </trkpt>
      <trkpt lat="49.535133" lon="16.67017">
      </trkpt>
      <trkpt lat="49.537049" lon="16.668619">
      </trkpt>
      <trkpt lat="49.537152" lon="16.668277">
      </trkpt>
      <trkpt lat="49.537461" lon="16.667424">
      </trkpt>
      <trkpt lat="49.546339" lon="16.666153">
      </trkpt>
      <trkpt lat="49.54988" lon="16.666803">
      </trkpt>
      <trkpt lat="49.550977" lon="16.666846">
      </trkpt>
      <trkpt lat="49.553251" lon="16.664054">
      </trkpt>
      <trkpt lat="49.550357" lon="16.659987">
      </trkpt>
      <trkpt lat="49.550184" lon="16.657205">
      </trkpt>
      <trkpt lat="49.550236" lon="16.656698">
      </trkpt>
      <trkpt lat="49.55675" lon="16.651054">
      </trkpt>
      <trkpt lat="49.558085" lon="16.651256">
      </trkpt>
      <trkpt lat="49.562438" lon="16.65413">
      </trkpt>
      <trkpt lat="49.563651" lon="16.655717">
      </trkpt>
      <trkpt lat="49.566199" lon="16.658798">
      </trkpt>
      <trkpt lat="49.566544" lon="16.659659">
      </trkpt>
      <trkpt lat="49.566894" lon="16.660996">
      </trkpt>
      <trkpt lat="49.566936" lon="16.661205">
      </trkpt>
      <trkpt lat="49.569294" lon="16.662326">
      </trkpt>
      <trkpt lat="49.569376" lon="16.66229">
      </trkpt>
      <trkpt lat="49.570465" lon="16.660493">
      </trkpt>
      <trkpt lat="49.570423" lon="16.660283">
      </trkpt>
      <trkpt lat="49.570004" lon="16.658664">
      </trkpt>
      <trkpt lat="49.569552" lon="16.657488">
      </trkpt>
      <trkpt lat="49.570827" lon="16.649253">
      </trkpt>
      <trkpt lat="49.571164" lon="16.648662">
      </trkpt>
      <trkpt lat="49.571624" lon="16.647269">
      </trkpt>
      <trkpt lat="49.56554" lon="16.643333">
      </trkpt>
      <trkpt lat="49.564388" lon="16.642012">
      </trkpt>
      <trkpt lat="49.560906" lon="16.642926">
      </trkpt>
      <trkpt lat="49.555241" lon="16.636976">
      </trkpt>
      <trkpt lat="49.559774" lon="16.631425">
      </trkpt>
      <trkpt lat="49.559951" lon="16.631347">
      </trkpt>
      <trkpt lat="49.560395" lon="16.631108">
      </trkpt>
      <trkpt lat="49.560584" lon="16.630894">
      </trkpt>
      <trkpt lat="49.561689" lon="16.628613">
      </trkpt>
      <trkpt lat="49.561631" lon="16.628065">
      </trkpt>
      <trkpt lat="49.561414" lon="16.625175">
      </trkpt>
      <trkpt lat="49.565723" lon="16.619252">
      </trkpt>
      <trkpt lat="49.568535" lon="16.617005">
      </trkpt>
      <trkpt lat="49.569523" lon="16.615047">
      </trkpt>
      <trkpt lat="49.571029" lon="16.611777">
      </trkpt>
      <trkpt lat="49.570926" lon="16.609137">
      </trkpt>
      <trkpt lat="49.568844" lon="16.607622">
      </trkpt>
      <trkpt lat="49.563976" lon="16.605634">
      </trkpt>
      <trkpt lat="49.563487" lon="16.605214">
      </trkpt>
      <trkpt lat="49.562955" lon="16.604934">
      </trkpt>
      <trkpt lat="49.561866" lon="16.604808">
      </trkpt>
      <trkpt lat="49.560605" lon="16.605105">
      </trkpt>
      <trkpt lat="49.557293" lon="16.604913">
      </trkpt>
      <trkpt lat="49.553145" lon="16.601336">
      </trkpt>
      <trkpt lat="49.552938" lon="16.600955">
      </trkpt>
      <trkpt lat="49.552314" lon="16.599926">
      </trkpt>
      <trkpt lat="49.5514" lon="16.597638">
      </trkpt>
      <trkpt lat="49.551205" lon="16.597162">
      </trkpt>
      <trkpt lat="49.550899" lon="16.595208">
      </trkpt>
      <trkpt lat="49.550553" lon="16.59307">
      </trkpt>
      <trkpt lat="49.558604" lon="16.589959">
      </trkpt>
      <trkpt lat="49.559354" lon="16.59114">
      </trkpt>
      <trkpt lat="49.559451" lon="16.591318">
      </trkpt>
      <trkpt lat="49.560082" lon="16.592209">
      </trkpt>
      <trkpt lat="49.561608" lon="16.592398">
      </trkpt>
      <trkpt lat="49.563639" lon="16.591157">
      </trkpt>
      <trkpt lat="49.566692" lon="16.589876">
      </trkpt>
      <trkpt lat="49.573055" lon="16.589632">
      </trkpt>
      <trkpt lat="49.580462" lon="16.593176">
      </trkpt>
      <trkpt lat="49.58113" lon="16.597486">
      </trkpt>
      <trkpt lat="49.581081" lon="16.597911">
      </trkpt>
      <trkpt lat="49.581129" lon="16.597985">
      </trkpt>
      <trkpt lat="49.583832" lon="16.598244">
      </trkpt>
      <trkpt lat="49.588051" lon="16.597444">
      </trkpt>
      <trkpt lat="49.58988" lon="16.597041">
      </trkpt>
      <trkpt lat="49.589929" lon="16.597011">
      </trkpt>
      <trkpt lat="49.591879" lon="16.5958">
      </trkpt>
      <trkpt lat="49.591635" lon="16.594811">
      </trkpt>
      <trkpt lat="49.591214" lon="16.593648">
      </trkpt>
      <trkpt lat="49.58696" lon="16.586616">
      </trkpt>
      <trkpt lat="49.584199" lon="16.584306">
      </trkpt>
      <trkpt lat="49.579704" lon="16.582913">
      </trkpt>
      <trkpt lat="49.579112" lon="16.582662">
      </trkpt>
      <trkpt lat="49.575123" lon="16.574855">
      </trkpt>
      <trkpt lat="49.574676" lon="16.569012">
      </trkpt>
      <trkpt lat="49.57806" lon="16.561464">
      </trkpt>
      <trkpt lat="49.579052" lon="16.560536">
      </trkpt>
      <trkpt lat="49.579159" lon="16.560412">
      </trkpt>
      <trkpt lat="49.57643" lon="16.558065">
      </trkpt>
      <trkpt lat="49.56956" lon="16.553906">
      </trkpt>
      <trkpt lat="49.569326" lon="16.551848">
      </trkpt>
      <trkpt lat="49.567445" lon="16.550531">
      </trkpt>
      <trkpt lat="49.567328" lon="16.550543">
      </trkpt>
      <trkpt lat="49.561696" lon="16.551057">
      </trkpt>
      <trkpt lat="49.557266" lon="16.544151">
      </trkpt>
      <trkpt lat="49.557309" lon="16.543551">
      </trkpt>
      <trkpt lat="49.557355" lon="16.535758">
      </trkpt>
      <trkpt lat="49.557429" lon="16.534743">
      </trkpt>
      <trkpt lat="49.55757" lon="16.533616">
      </trkpt>
      <trkpt lat="49.557852" lon="16.531834">
      </trkpt>
      <trkpt lat="49.558129" lon="16.530084">
      </trkpt>
      <trkpt lat="49.56114" lon="16.522525">
      </trkpt>
      <trkpt lat="49.561452" lon="16.52191">
      </trkpt>
      <trkpt lat="49.561817" lon="16.521014">
      </trkpt>
      <trkpt lat="49.562078" lon="16.520167">
      </trkpt>
      <trkpt lat="49.562186" lon="16.519664">
      </trkpt>
      <trkpt lat="49.56225" lon="16.519254">
      </trkpt>
      <trkpt lat="49.562372" lon="16.518182">
      </trkpt>
      <trkpt lat="49.564125" lon="16.511043">
      </trkpt>
      <trkpt lat="49.566317" lon="16.506396">
      </trkpt>
      <trkpt lat="49.567186" lon="16.504492">
      </trkpt>
      <trkpt lat="49.56979" lon="16.496161">
      </trkpt>
      <trkpt lat="49.56689" lon="16.494028">
      </trkpt>
      <trkpt lat="49.559409" lon="16.490588">
      </trkpt>
      <trkpt lat="49.559129" lon="16.488126">
      </trkpt>
      <trkpt lat="49.559025" lon="16.487555">
      </trkpt>
      <trkpt lat="49.558818" lon="16.48661">
      </trkpt>
      <trkpt lat="49.558749" lon="16.486216">
      </trkpt>
      <trkpt lat="49.558654" lon="16.48584">
      </trkpt>
      <trkpt lat="49.55632" lon="16.478125">
      </trkpt>
      <trkpt lat="49.557753" lon="16.47558">
      </trkpt>
      <trkpt lat="49.558805" lon="16.47373">
      </trkpt>
      <trkpt lat="49.562275" lon="16.469144">
      </trkpt>
      <trkpt lat="49.562695" lon="16.468762">
      </trkpt>
      <trkpt lat="49.565657" lon="16.466716">
      </trkpt>
      <trkpt lat="49.566363" lon="16.465177">
      </trkpt>
      <trkpt lat="49.566379" lon="16.464948">
      </trkpt>
      <trkpt lat="49.564669" lon="16.463253">
      </trkpt>
      <trkpt lat="49.564487" lon="16.463224">
      </trkpt>
      <trkpt lat="49.563725" lon="16.46326">
      </trkpt>
      <trkpt lat="49.557245" lon="16.462927">
      </trkpt>
      <trkpt lat="49.554187" lon="16.461028">
      </trkpt>
      <trkpt lat="49.547909" lon="16.458991">
      </trkpt>
      <trkpt lat="49.54733" lon="16.458533">
      </trkpt>
      <trkpt lat="49.546276" lon="16.45779">
      </trkpt>
      <trkpt lat="49.545002" lon="16.45634">
      </trkpt>
      <trkpt lat="49.545654" lon="16.448795">
      </trkpt>
      <trkpt lat="49.549799" lon="16.440976">
      </trkpt>
      <trkpt lat="49.550284" lon="16.440585">
      </trkpt>
      <trkpt lat="49.550455" lon="16.440382">
      </trkpt>
      <trkpt lat="49.552108" lon="16.438182">
      </trkpt>
      <trkpt lat="49.552946" lon="16.429508">
      </trkpt>
      <trkpt lat="49.556099" lon="16.426188">
      </trkpt>
      <trkpt lat="49.558562" lon="16.424503">
      </trkpt>
      <trkpt lat="49.558818" lon="16.423829">
      </trkpt>
      <trkpt lat="49.559245" lon="16.420738">
      </trkpt>
      <trkpt lat="49.559238" lon="16.420716">
      </trkpt>
      <trkpt lat="49.556073" lon="16.418191">
      </trkpt>
      <trkpt lat="49.555227" lon="16.417906">
      </trkpt>
      <trkpt lat="49.549338" lon="16.412102">
      </trkpt>
      <trkpt lat="49.549456" lon="16.408642">
      </trkpt>
      <trkpt lat="49.549369" lon="16.408279">
      </trkpt>
      <trkpt lat="49.5491" lon="16.407464">
      </trkpt>
      <trkpt lat="49.548792" lon="16.406659">
      </trkpt>
      <trkpt lat="49.54543" lon="16.407947">
      </trkpt>
      <trkpt lat="49.541109" lon="16.412642">
      </trkpt>
      <trkpt lat="49.537509" lon="16.412662">
      </trkpt>
      <trkpt lat="49.531374" lon="16.408266">
      </trkpt>
      <trkpt lat="49.532269" lon="16.403101">
      </trkpt>
      <trkpt lat="49.532482" lon="16.402787">
      </trkpt>
      <trkpt lat="49.533651" lon="16.401225">
      </trkpt>
      <trkpt lat="49.534922" lon="16.399512">
      </trkpt>
      <trkpt lat="49.535138" lon="16.399123">
      </trkpt>
      <trkpt lat="49.535777" lon="16.397995">
      </trkpt>
      <trkpt lat="49.535924" lon="16.397296">
      </trkpt>
      <trkpt lat="49.533326" lon="16.392836">
      </trkpt>
      <trkpt lat="49.53159" lon="16.384471">
      </trkpt>
      <trkpt lat="49.531695" lon="16.383766">
      </trkpt>
      <trkpt lat="49.531712" lon="16.383294">
      </trkpt>
      <trkpt lat="49.531747" lon="16.380509">
      </trkpt>
      <trkpt lat="49.531725" lon="16.380424">
      </trkpt>
      <trkpt lat="49.528873" lon="16.37822">
      </trkpt>
      <trkpt lat="49.522943" lon="16.382701">
      </trkpt>
      <trkpt lat="49.521335" lon="16.383622">
      </trkpt>
      <trkpt lat="49.520296" lon="16.384344">
      </trkpt>
      <trkpt lat="49.520096" lon="16.384785">
      </trkpt>
      <trkpt lat="49.519996" lon="16.385106">
      </trkpt>
      <trkpt lat="49.520096" lon="16.385608">
      </trkpt>
      <trkpt lat="49.520239" lon="16.385873">
      </trkpt>
      <trkpt lat="49.517492" lon="16.394251">
      </trkpt>
      <trkpt lat="49.517405" lon="16.394666">
      </trkpt>
      <trkpt lat="49.517336" lon="16.395118">
      </trkpt>
      <trkpt lat="49.517308" lon="16.395527">
      </trkpt>
      <trkpt lat="49.517078" lon="16.397868">
      </trkpt>
      <trkpt lat="49.517575" lon="16.40452">
      </trkpt>
      <trkpt lat="49.510032" lon="16.408241">
      </trkpt>
      <trkpt lat="49.507346" lon="16.407555">
      </trkpt>
      <trkpt lat="49.506687" lon="16.407239">
      </trkpt>
      <trkpt lat="49.50614" lon="16.407041">
      </trkpt>
      <trkpt lat="49.501363" lon="16.402947">
      </trkpt>
      <trkpt lat="49.502134" lon="16.396523">
      </trkpt>
      <trkpt lat="49.502113" lon="16.396102">
      </trkpt>
      <trkpt lat="49.502055" lon="16.395726">
      </trkpt>
      <trkpt lat="49.501712" lon="16.394153">
      </trkpt>
      <trkpt lat="49.501489" lon="16.393424">
      </trkpt>
      <trkpt lat="49.50083" lon="16.391462">
      </trkpt>
      <trkpt lat="49.500663" lon="16.390397">
      </trkpt>
      <trkpt lat="49.500518" lon="16.389668">
      </trkpt>
      <trkpt lat="49.500355" lon="16.388977">
      </trkpt>
      <trkpt lat="49.500257" lon="16.388656">
      </trkpt>
      <trkpt lat="49.499995" lon="16.388038">
      </trkpt>
      <trkpt lat="49.499773" lon="16.387685">
      </trkpt>
      <trkpt lat="49.499184" lon="16.387073">
      </trkpt>
      <trkpt lat="49.495233" lon="16.381907">
      </trkpt>
      <trkpt lat="49.494973" lon="16.380968">
      </trkpt>
      <trkpt lat="49.494485" lon="16.379594">
      </trkpt>
      <trkpt lat="49.498261" lon="16.371918">
      </trkpt>
      <trkpt lat="49.49931" lon="16.371216">
      </trkpt>
      <trkpt lat="49.499821" lon="16.370601">
      </trkpt>
      <trkpt lat="49.500244" lon="16.369945">
      </trkpt>
      <trkpt lat="49.501946" lon="16.366719">
      </trkpt>
      <trkpt lat="49.502764" lon="16.36299">
      </trkpt>
      <trkpt lat="49.502795" lon="16.36204">
      </trkpt>
      <trkpt lat="49.50286" lon="16.360194">
      </trkpt>
      <trkpt lat="49.503192" lon="16.357496">
      </trkpt>
      <trkpt lat="49.503226" lon="16.35732">
      </trkpt>
      <trkpt lat="49.503168" lon="16.356285">
      </trkpt>
      <trkpt lat="49.503097" lon="16.350256">
      </trkpt>
      <trkpt lat="49.502604" lon="16.347539">
      </trkpt>
      <trkpt lat="49.501968" lon="16.344014">
      </trkpt>
      <trkpt lat="49.503625" lon="16.33672">
      </trkpt>
      <trkpt lat="49.504479" lon="16.335276">
      </trkpt>
      <trkpt lat="49.504376" lon="16.334718">
      </trkpt>
      <trkpt lat="49.502382" lon="16.326088">
      </trkpt>
      <trkpt lat="49.502408" lon="16.32573">
      </trkpt>
      <trkpt lat="49.50243" lon="16.324753">
      </trkpt>
      <trkpt lat="49.502542" lon="16.323054">
      </trkpt>
      <trkpt lat="49.502406" lon="16.320986">
      </trkpt>
      <trkpt lat="49.502278" lon="16.320148">
      </trkpt>
      <trkpt lat="49.50149" lon="16.317842">
      </trkpt>
      <trkpt lat="49.501259" lon="16.317167">
      </trkpt>
      <trkpt lat="49.501116" lon="16.316901">
      </trkpt>
      <trkpt lat="49.497949" lon="16.318614">
      </trkpt>
      <trkpt lat="49.497983" lon="16.318843">
      </trkpt>
      <trkpt lat="49.498256" lon="16.319791">
      </trkpt>
      <trkpt lat="49.498461" lon="16.320358">
      </trkpt>
      <trkpt lat="49.498818" lon="16.322264">
      </trkpt>
      <trkpt lat="49.494776" lon="16.327197">
      </trkpt>
      <trkpt lat="49.490104" lon="16.325231">
      </trkpt>
      <trkpt lat="49.482531" lon="16.321682">
      </trkpt>
      <trkpt lat="49.485409" lon="16.317458">
      </trkpt>
      <trkpt lat="49.486564" lon="16.316326">
      </trkpt>
      <trkpt lat="49.488447" lon="16.313258">
      </trkpt>
      <trkpt lat="49.487956" lon="16.312957">
      </trkpt>
      <trkpt lat="49.485647" lon="16.30432">
      </trkpt>
      <trkpt lat="49.485841" lon="16.303865">
      </trkpt>
      <trkpt lat="49.486026" lon="16.303215">
      </trkpt>
      <trkpt lat="49.486193" lon="16.302215">
      </trkpt>
      <trkpt lat="49.486627" lon="16.299796">
      </trkpt>
      <trkpt lat="49.489315" lon="16.29366">
      </trkpt>
      <trkpt lat="49.492667" lon="16.289735">
      </trkpt>
      <trkpt lat="49.496889" lon="16.287808">
      </trkpt>
      <trkpt lat="49.4975" lon="16.28492">
      </trkpt>
      <trkpt lat="49.497636" lon="16.283396">
      </trkpt>
      <trkpt lat="49.497604" lon="16.283304">
      </trkpt>
      <trkpt lat="49.495962" lon="16.282836">
      </trkpt>
      <trkpt lat="49.49469" lon="16.282669">
      </trkpt>
      <trkpt lat="49.4909" lon="16.283976">
      </trkpt>
      <trkpt lat="49.487699" lon="16.285624">
      </trkpt>
      <trkpt lat="49.481081" lon="16.283081">
      </trkpt>
      <trkpt lat="49.477077" lon="16.277059">
      </trkpt>
      <trkpt lat="49.476363" lon="16.275087">
      </trkpt>
      <trkpt lat="49.472766" lon="16.275241">
      </trkpt>
      <trkpt lat="49.467676" lon="16.267997">
      </trkpt>
      <trkpt lat="49.46512" lon="16.265462">
      </trkpt>
      <trkpt lat="49.463484" lon="16.258899">
      </trkpt>
      <trkpt lat="49.463818" lon="16.25539">
      </trkpt>
      <trkpt lat="49.463659" lon="16.255363">
      </trkpt>
      <trkpt lat="49.460526" lon="16.254473">
      </trkpt>
      <trkpt lat="49.460155" lon="16.254369">
      </trkpt>
      <trkpt lat="49.459187" lon="16.255424">
      </trkpt>
      <trkpt lat="49.452022" lon="16.257309">
      </trkpt>
      <trkpt lat="49.450358" lon="16.250667">
      </trkpt>
      <trkpt lat="49.450504" lon="16.250348">
      </trkpt>
      <trkpt lat="49.45107" lon="16.249024">
      </trkpt>
      <trkpt lat="49.451243" lon="16.248494">
      </trkpt>
      <trkpt lat="49.451338" lon="16.247924">
      </trkpt>
      <trkpt lat="49.453903" lon="16.242957">
      </trkpt>
      <trkpt lat="49.455145" lon="16.24211">
      </trkpt>
      <trkpt lat="49.455992" lon="16.241272">
      </trkpt>
      <trkpt lat="49.458324" lon="16.239766">
      </trkpt>
      <trkpt lat="49.45874" lon="16.239401">
      </trkpt>
      <trkpt lat="49.459068" lon="16.239001">
      </trkpt>
      <trkpt lat="49.466373" lon="16.236693">
      </trkpt>
      <trkpt lat="49.469413" lon="16.243162">
      </trkpt>
      <trkpt lat="49.471777" lon="16.246669">
      </trkpt>
      <trkpt lat="49.472875" lon="16.247963">
      </trkpt>
      <trkpt lat="49.474032" lon="16.248609">
      </trkpt>
      <trkpt lat="49.479262" lon="16.253682">
      </trkpt>
      <trkpt lat="49.480164" lon="16.25747">
      </trkpt>
      <trkpt lat="49.483659" lon="16.258337">
      </trkpt>
      <trkpt lat="49.489314" lon="16.257694">
      </trkpt>
      <trkpt lat="49.489993" lon="16.257718">
      </trkpt>
      <trkpt lat="49.490458" lon="16.25761">
      </trkpt>
      <trkpt lat="49.490836" lon="16.255637">
      </trkpt>
      <trkpt lat="49.490857" lon="16.255036">
      </trkpt>
      <trkpt lat="49.490447" lon="16.254">
      </trkpt>
      <trkpt lat="49.48775" lon="16.248645">
      </trkpt>
      <trkpt lat="49.48577" lon="16.245638">
      </trkpt>
      <trkpt lat="49.486902" lon="16.238963">
      </trkpt>
      <trkpt lat="49.485874" lon="16.231728">
      </trkpt>
      <trkpt lat="49.48581" lon="16.226847">
      </trkpt>
      <trkpt lat="49.485784" lon="16.223537">
      </trkpt>
      <trkpt lat="49.487508" lon="16.216533">
      </trkpt>
      <trkpt lat="49.495216" lon="16.220078">
      </trkpt>
      <trkpt lat="49.499892" lon="16.220565">
      </trkpt>
      <trkpt lat="49.503492" lon="16.220539">
      </trkpt>
      <trkpt lat="49.503476" lon="16.218329">
      </trkpt>
      <trkpt lat="49.50551" lon="16.210031">
      </trkpt>
      <trkpt lat="49.507564" lon="16.206216">
      </trkpt>
      <trkpt lat="49.508162" lon="16.198048">
      </trkpt>
      <trkpt lat="49.507907" lon="16.19783">
      </trkpt>
      <trkpt lat="49.507044" lon="16.19742">
      </trkpt>
      <trkpt lat="49.502249" lon="16.196605">
      </trkpt>
      <trkpt lat="49.49866" lon="16.196879">
      </trkpt>
      <trkpt lat="49.498824" lon="16.199022">
      </trkpt>
      <trkpt lat="49.489962" lon="16.199549">
      </trkpt>
      <trkpt lat="49.487689" lon="16.191003">
      </trkpt>
      <trkpt lat="49.489953" lon="16.187786">
      </trkpt>
      <trkpt lat="49.490462" lon="16.187223">
      </trkpt>
      <trkpt lat="49.491107" lon="16.18628">
      </trkpt>
      <trkpt lat="49.496104" lon="16.182084">
      </trkpt>
      <trkpt lat="49.499643" lon="16.181427">
      </trkpt>
      <trkpt lat="49.500697" lon="16.175723">
      </trkpt>
      <trkpt lat="49.500166" lon="16.172163">
      </trkpt>
      <trkpt lat="49.49526" lon="16.167822">
      </trkpt>
      <trkpt lat="49.491795" lon="16.168797">
      </trkpt>
      <trkpt lat="49.491891" lon="16.169139">
      </trkpt>
      <trkpt lat="49.492747" lon="16.172159">
      </trkpt>
      <trkpt lat="49.487159" lon="16.177592">
      </trkpt>
      <trkpt lat="49.478329" lon="16.178359">
      </trkpt>
      <trkpt lat="49.476743" lon="16.175275">
      </trkpt>
      <trkpt lat="49.476303" lon="16.175443">
      </trkpt>
      <trkpt lat="49.467744" lon="16.173654">
      </trkpt>
      <trkpt lat="49.467908" lon="16.168229">
      </trkpt>
      <trkpt lat="49.472868" lon="16.160866">
      </trkpt>
      <trkpt lat="49.476451" lon="16.161065">
      </trkpt>
      <trkpt lat="49.477551" lon="16.161341">
      </trkpt>
      <trkpt lat="49.478658" lon="16.161425">
      </trkpt>
      <trkpt lat="49.479806" lon="16.161222">
      </trkpt>
      <trkpt lat="49.478566" lon="16.157827">
      </trkpt>
      <trkpt lat="49.476983" lon="16.157336">
      </trkpt>
      <trkpt lat="49.472526" lon="16.150471">
      </trkpt>
      <trkpt lat="49.4737" lon="16.146439">
      </trkpt>
      <trkpt lat="49.467732" lon="16.140015">
      </trkpt>
      <trkpt lat="49.467749" lon="16.139492">
      </trkpt>
      <trkpt lat="49.468376" lon="16.136974">
      </trkpt>
      <trkpt lat="49.468583" lon="16.136403">
      </trkpt>
      <trkpt lat="49.468704" lon="16.135612">
      </trkpt>
      <trkpt lat="49.471293" lon="16.129672">
      </trkpt>
      <trkpt lat="49.471799" lon="16.128402">
      </trkpt>
      <trkpt lat="49.475901" lon="16.12366">
      </trkpt>
      <trkpt lat="49.478044" lon="16.123056">
      </trkpt>
      <trkpt lat="49.484788" lon="16.127338">
      </trkpt>
      <trkpt lat="49.484785" lon="16.129143">
      </trkpt>
      <trkpt lat="49.483905" lon="16.133294">
      </trkpt>
      <trkpt lat="49.483602" lon="16.134022">
      </trkpt>
      <trkpt lat="49.483509" lon="16.134544">
      </trkpt>
      <trkpt lat="49.483199" lon="16.137791">
      </trkpt>
      <trkpt lat="49.482919" lon="16.140593">
      </trkpt>
      <trkpt lat="49.482829" lon="16.141128">
      </trkpt>
      <trkpt lat="49.482851" lon="16.141761">
      </trkpt>
      <trkpt lat="49.483045" lon="16.142526">
      </trkpt>
      <trkpt lat="49.483265" lon="16.143716">
      </trkpt>
      <trkpt lat="49.486848" lon="16.143366">
      </trkpt>
      <trkpt lat="49.486753" lon="16.142403">
      </trkpt>
      <trkpt lat="49.486726" lon="16.140386">
      </trkpt>
      <trkpt lat="49.486769" lon="16.139963">
      </trkpt>
      <trkpt lat="49.494595" lon="16.135691">
      </trkpt>
      <trkpt lat="49.495036" lon="16.136101">
      </trkpt>
      <trkpt lat="49.49806" lon="16.134298">
      </trkpt>
      <trkpt lat="49.497975" lon="16.134119">
      </trkpt>
      <trkpt lat="49.497631" lon="16.133614">
      </trkpt>
      <trkpt lat="49.496781" lon="16.13263">
      </trkpt>
      <trkpt lat="49.499113" lon="16.124093">
      </trkpt>
      <trkpt lat="49.498426" lon="16.120559">
      </trkpt>
      <trkpt lat="49.498127" lon="16.120618">
      </trkpt>
      <trkpt lat="49.493521" lon="16.120194">
      </trkpt>
      <trkpt lat="49.492805" lon="16.120027">
      </trkpt>
      <trkpt lat="49.487972" lon="16.116012">
      </trkpt>
      <trkpt lat="49.486541" lon="16.108761">
      </trkpt>
      <trkpt lat="49.490871" lon="16.106772">
      </trkpt>
      <trkpt lat="49.492167" lon="16.106892">
      </trkpt>
      <trkpt lat="49.493027" lon="16.106762">
      </trkpt>
      <trkpt lat="49.497623" lon="16.099415">
      </trkpt>
      <trkpt lat="49.498705" lon="16.098725">
      </trkpt>
      <trkpt lat="49.499228" lon="16.098293">
      </trkpt>
      <trkpt lat="49.500883" lon="16.096693">
      </trkpt>
      <trkpt lat="49.503511" lon="16.088854">
      </trkpt>
      <trkpt lat="49.506409" lon="16.087619">
      </trkpt>
      <trkpt lat="49.507022" lon="16.087369">
      </trkpt>
      <trkpt lat="49.509399" lon="16.086311">
      </trkpt>
      <trkpt lat="49.509562" lon="16.086202">
      </trkpt>
      <trkpt lat="49.509733" lon="16.086071">
      </trkpt>
      <trkpt lat="49.509798" lon="16.086016">
      </trkpt>
      <trkpt lat="49.51" lon="16.085793">
      </trkpt>
      <trkpt lat="49.510068" lon="16.085688">
      </trkpt>
      <trkpt lat="49.507948" lon="16.082921">
      </trkpt>
      <trkpt lat="49.507061" lon="16.082765">
      </trkpt>
      <trkpt lat="49.500109" lon="16.079073">
      </trkpt>
      <trkpt lat="49.494668" lon="16.081658">
      </trkpt>
      <trkpt lat="49.490695" lon="16.080661">
      </trkpt>
      <trkpt lat="49.488265" lon="16.075086">
      </trkpt>
      <trkpt lat="49.488332" lon="16.074344">
      </trkpt>
      <trkpt lat="49.488845" lon="16.072027">
      </trkpt>
      <trkpt lat="49.496647" lon="16.068493">
      </trkpt>
      <trkpt lat="49.498023" lon="16.065166">
      </trkpt>
      <trkpt lat="49.493639" lon="16.058844">
      </trkpt>
      <trkpt lat="49.492852" lon="16.055331">
      </trkpt>
      <trkpt lat="49.49243" lon="16.05408">
      </trkpt>
      <trkpt lat="49.488926" lon="16.053253">
      </trkpt>
      <trkpt lat="49.488315" lon="16.045921">
      </trkpt>
      <trkpt lat="49.48875" lon="16.04537">
      </trkpt>
      <trkpt lat="49.491292" lon="16.043243">
      </trkpt>
      <trkpt lat="49.491945" lon="16.042099">
      </trkpt>
      <trkpt lat="49.493032" lon="16.040092">
      </trkpt>
      <trkpt lat="49.492967" lon="16.040013">
      </trkpt>
      <trkpt lat="49.492605" lon="16.039657">
      </trkpt>
      <trkpt lat="49.491658" lon="16.039154">
      </trkpt>
      <trkpt lat="49.49062" lon="16.038455">
      </trkpt>
      <trkpt lat="49.490053" lon="16.038218">
      </trkpt>
      <trkpt lat="49.482326" lon="16.037948">
      </trkpt>
      <trkpt lat="49.480961" lon="16.034617">
      </trkpt>
      <trkpt lat="49.48038" lon="16.034855">
      </trkpt>
      <trkpt lat="49.478236" lon="16.036222">
      </trkpt>
      <trkpt lat="49.47046" lon="16.039086">
      </trkpt>
      <trkpt lat="49.466975" lon="16.03818">
      </trkpt>
      <trkpt lat="49.462878" lon="16.036599">
      </trkpt>
      <trkpt lat="49.461609" lon="16.028873">
      </trkpt>
      <trkpt lat="49.461988" lon="16.028145">
      </trkpt>
      <trkpt lat="49.462483" lon="16.027361">
      </trkpt>
      <trkpt lat="49.462824" lon="16.02676">
      </trkpt>
      <trkpt lat="49.470477" lon="16.022236">
      </trkpt>
      <trkpt lat="49.471452" lon="16.021995">
      </trkpt>
      <trkpt lat="49.471944" lon="16.021657">
      </trkpt>
      <trkpt lat="49.472164" lon="16.021468">
      </trkpt>
      <trkpt lat="49.480391" lon="16.020213">
      </trkpt>
      <trkpt lat="49.483991" lon="16.020235">
      </trkpt>
      <trkpt lat="49.483934" lon="16.017969">
      </trkpt>
      <trkpt lat="49.483878" lon="16.015759">
      </trkpt>
      <trkpt lat="49.484974" lon="16.011951">
      </trkpt>
      <trkpt lat="49.486277" lon="16.009521">
      </trkpt>
      <trkpt lat="49.494274" lon="16.006985">
      </trkpt>
      <trkpt lat="49.500748" lon="16.012321">
      </trkpt>
      <trkpt lat="49.500773" lon="16.015203">
      </trkpt>
      <trkpt lat="49.500742" lon="16.01577">
      </trkpt>
      <trkpt lat="49.500925" lon="16.018488">
      </trkpt>
      <trkpt lat="49.500932" lon="16.01867">
      </trkpt>
      <trkpt lat="49.500888" lon="16.020127">
      </trkpt>
      <trkpt lat="49.500929" lon="16.021403">
      </trkpt>
      <trkpt lat="49.501018" lon="16.022387">
      </trkpt>
      <trkpt lat="49.501205" lon="16.023664">
      </trkpt>
      <trkpt lat="49.501941" lon="16.027272">
      </trkpt>
      <trkpt lat="49.502238" lon="16.031295">
      </trkpt>
      <trkpt lat="49.501835" lon="16.034131">
      </trkpt>
      <trkpt lat="49.501821" lon="16.03463">
      </trkpt>
      <trkpt lat="49.501845" lon="16.034907">
      </trkpt>
      <trkpt lat="49.505432" lon="16.034595">
      </trkpt>
      <trkpt lat="49.505802" lon="16.031808">
      </trkpt>
      <trkpt lat="49.506192" lon="16.029098">
      </trkpt>
      <trkpt lat="49.506219" lon="16.028774">
      </trkpt>
      <trkpt lat="49.506129" lon="16.028023">
      </trkpt>
      <trkpt lat="49.505432" lon="16.026393">
      </trkpt>
      <trkpt lat="49.505357" lon="16.026137">
      </trkpt>
      <trkpt lat="49.504735" lon="16.022957">
      </trkpt>
      <trkpt lat="49.508502" lon="16.017508">
      </trkpt>
      <trkpt lat="49.51079" lon="16.014728">
      </trkpt>
      <trkpt lat="49.509573" lon="16.013727">
      </trkpt>
      <trkpt lat="49.509076" lon="16.01329">
      </trkpt>
      <trkpt lat="49.50851" lon="16.012754">
      </trkpt>
      <trkpt lat="49.508844" lon="16.003994">
      </trkpt>
      <trkpt lat="49.509245" lon="16.000417">
      </trkpt>
      <trkpt lat="49.511133" lon="15.993175">
      </trkpt>
      <trkpt lat="49.511522" lon="15.991104">
      </trkpt>
      <trkpt lat="49.511517" lon="15.990486">
      </trkpt>
      <trkpt lat="49.51055" lon="15.988339">
      </trkpt>
      <trkpt lat="49.510314" lon="15.987639">
      </trkpt>
      <trkpt lat="49.510142" lon="15.983987">
      </trkpt>
      <trkpt lat="49.514505" lon="15.978351">
      </trkpt>
      <trkpt lat="49.515003" lon="15.978039">
      </trkpt>
      <trkpt lat="49.515384" lon="15.977736">
      </trkpt>
      <trkpt lat="49.518924" lon="15.974544">
      </trkpt>
      <trkpt lat="49.52579" lon="15.971753">
      </trkpt>
      <trkpt lat="49.527085" lon="15.970486">
      </trkpt>
      <trkpt lat="49.528195" lon="15.968863">
      </trkpt>
      <trkpt lat="49.528412" lon="15.968537">
      </trkpt>
      <trkpt lat="49.528412" lon="15.968534">
      </trkpt>
      <trkpt lat="49.526461" lon="15.966941">
      </trkpt>
      <trkpt lat="49.525547" lon="15.966288">
      </trkpt>
      <trkpt lat="49.523654" lon="15.965819">
      </trkpt>
      <trkpt lat="49.521431" lon="15.966378">
      </trkpt>
      <trkpt lat="49.518197" lon="15.968348">
      </trkpt>
      <trkpt lat="49.517112" lon="15.968906">
      </trkpt>
      <trkpt lat="49.516704" lon="15.969533">
      </trkpt>
      <trkpt lat="49.516279" lon="15.970297">
      </trkpt>
      <trkpt lat="49.507452" lon="15.971655">
      </trkpt>
      <trkpt lat="49.50305" lon="15.97135">
      </trkpt>
      <trkpt lat="49.49985" lon="15.973">
      </trkpt>
      <trkpt lat="49.494353" lon="15.967344">
      </trkpt>
      <trkpt lat="49.494073" lon="15.965127">
      </trkpt>
      <trkpt lat="49.498173" lon="15.958814">
      </trkpt>
      <trkpt lat="49.498279" lon="15.95831">
      </trkpt>
      <trkpt lat="49.498219" lon="15.957208">
      </trkpt>
      <trkpt lat="49.498002" lon="15.956505">
      </trkpt>
      <trkpt lat="49.497439" lon="15.954919">
      </trkpt>
      <trkpt lat="49.496865" lon="15.952634">
      </trkpt>
      <trkpt lat="49.496815" lon="15.952157">
      </trkpt>
      <trkpt lat="49.501288" lon="15.9447">
      </trkpt>
      <trkpt lat="49.503537" lon="15.941889">
      </trkpt>
      <trkpt lat="49.505562" lon="15.935946">
      </trkpt>
      <trkpt lat="49.504866" lon="15.933858">
      </trkpt>
      <trkpt lat="49.504662" lon="15.93377">
      </trkpt>
      <trkpt lat="49.502513" lon="15.934033">
      </trkpt>
      <trkpt lat="49.499222" lon="15.935617">
      </trkpt>
      <trkpt lat="49.494137" lon="15.938647">
      </trkpt>
      <trkpt lat="49.489175" lon="15.933963">
      </trkpt>
      <trkpt lat="49.488965" lon="15.933422">
      </trkpt>
      <trkpt lat="49.488586" lon="15.93235">
      </trkpt>
      <trkpt lat="49.488247" lon="15.931649">
      </trkpt>
      <trkpt lat="49.490782" lon="15.923266">
      </trkpt>
      <trkpt lat="49.492566" lon="15.92014">
      </trkpt>
      <trkpt lat="49.491774" lon="15.919076">
      </trkpt>
      <trkpt lat="49.486801" lon="15.914518">
      </trkpt>
      <trkpt lat="49.485059" lon="15.910682">
      </trkpt>
      <trkpt lat="49.485024" lon="15.902816">
      </trkpt>
      <trkpt lat="49.485003" lon="15.902397">
      </trkpt>
      <trkpt lat="49.484655" lon="15.899675">
      </trkpt>
      <trkpt lat="49.484317" lon="15.897063">
      </trkpt>
      <trkpt lat="49.484053" lon="15.896142">
      </trkpt>
      <trkpt lat="49.482554" lon="15.893584">
      </trkpt>
      <trkpt lat="49.488295" lon="15.887521">
      </trkpt>
      <trkpt lat="49.49018" lon="15.888252">
      </trkpt>
      <trkpt lat="49.492493" lon="15.891265">
      </trkpt>
      <trkpt lat="49.496089" lon="15.891116">
      </trkpt>
      <trkpt lat="49.501151" lon="15.892222">
      </trkpt>
      <trkpt lat="49.503207" lon="15.889267">
      </trkpt>
      <trkpt lat="49.502286" lon="15.888627">
      </trkpt>
      <trkpt lat="49.49676" lon="15.882158">
      </trkpt>
      <trkpt lat="49.493206" lon="15.881584">
      </trkpt>
      <trkpt lat="49.487275" lon="15.875212">
      </trkpt>
      <trkpt lat="49.487259" lon="15.875171">
      </trkpt>
      <trkpt lat="49.485694" lon="15.871039">
      </trkpt>
      <trkpt lat="49.489564" lon="15.864094">
      </trkpt>
      <trkpt lat="49.490206" lon="15.863702">
      </trkpt>
      <trkpt lat="49.491949" lon="15.862278">
      </trkpt>
      <trkpt lat="49.48967" lon="15.85949">
      </trkpt>
      <trkpt lat="49.486082" lon="15.860616">
      </trkpt>
      <trkpt lat="49.480136" lon="15.858834">
      </trkpt>
      <trkpt lat="49.477963" lon="15.853804">
      </trkpt>
      <trkpt lat="49.480251" lon="15.846624">
      </trkpt>
      <trkpt lat="49.484502" lon="15.845862">
      </trkpt>
      <trkpt lat="49.487653" lon="15.84412">
      </trkpt>
      <trkpt lat="49.487308" lon="15.843495">
      </trkpt>
      <trkpt lat="49.486705" lon="15.8421">
      </trkpt>
      <trkpt lat="49.486039" lon="15.840993">
      </trkpt>
      <trkpt lat="49.489173" lon="15.833408">
      </trkpt>
      <trkpt lat="49.49108" lon="15.830355">
      </trkpt>
      <trkpt lat="49.485575" lon="15.8239">
      </trkpt>
      <trkpt lat="49.484886" lon="15.822662">
      </trkpt>
      <trkpt lat="49.484489" lon="15.822042">
      </trkpt>
      <trkpt lat="49.484053" lon="15.82142">
      </trkpt>
      <trkpt lat="49.483523" lon="15.820762">
      </trkpt>
      <trkpt lat="49.481962" lon="15.818833">
      </trkpt>
      <trkpt lat="49.481555" lon="15.818278">
      </trkpt>
      <trkpt lat="49.48091" lon="15.817662">
      </trkpt>
      <trkpt lat="49.477858" lon="15.813079">
      </trkpt>
      <trkpt lat="49.476867" lon="15.808968">
      </trkpt>
      <trkpt lat="49.476805" lon="15.808143">
      </trkpt>
      <trkpt lat="49.472207" lon="15.808676">
      </trkpt>
      <trkpt lat="49.470981" lon="15.810108">
      </trkpt>
      <trkpt lat="49.470923" lon="15.810303">
      </trkpt>
      <trkpt lat="49.470913" lon="15.810424">
      </trkpt>
      <trkpt lat="49.471512" lon="15.813074">
      </trkpt>
      <trkpt lat="49.471388" lon="15.816672">
      </trkpt>
      <trkpt lat="49.466331" lon="15.82257">
      </trkpt>
      <trkpt lat="49.462331" lon="15.81682">
      </trkpt>
      <trkpt lat="49.462381" lon="15.816451">
      </trkpt>
      <trkpt lat="49.462397" lon="15.816077">
      </trkpt>
      <trkpt lat="49.462382" lon="15.815605">
      </trkpt>
      <trkpt lat="49.462296" lon="15.815003">
      </trkpt>
      <trkpt lat="49.46213" lon="15.8144">
      </trkpt>
      <trkpt lat="49.461067" lon="15.811933">
      </trkpt>
      <trkpt lat="49.461006" lon="15.811573">
      </trkpt>
      <trkpt lat="49.461893" lon="15.807204">
      </trkpt>
      <trkpt lat="49.46295" lon="15.805059">
      </trkpt>
      <trkpt lat="49.462904" lon="15.805044">
      </trkpt>
      <trkpt lat="49.462815" lon="15.805014">
      </trkpt>
      <trkpt lat="49.460647" lon="15.803798">
      </trkpt>
      <trkpt lat="49.460152" lon="15.795987">
      </trkpt>
      <trkpt lat="49.460934" lon="15.795125">
      </trkpt>
      <trkpt lat="49.461245" lon="15.794715">
      </trkpt>
      <trkpt lat="49.462654" lon="15.792653">
      </trkpt>
      <trkpt lat="49.46292" lon="15.792293">
      </trkpt>
      <trkpt lat="49.46501" lon="15.789606">
      </trkpt>
      <trkpt lat="49.465526" lon="15.789013">
      </trkpt>
      <trkpt lat="49.467398" lon="15.786851">
      </trkpt>
      <trkpt lat="49.474827" lon="15.79167">
      </trkpt>
      <trkpt lat="49.474538" lon="15.793191">
      </trkpt>
      <trkpt lat="49.474508" lon="15.793403">
      </trkpt>
      <trkpt lat="49.474483" lon="15.793547">
      </trkpt>
      <trkpt lat="49.475889" lon="15.796528">
      </trkpt>
      <trkpt lat="49.476534" lon="15.796267">
      </trkpt>
      <trkpt lat="49.476882" lon="15.796087">
      </trkpt>
      <trkpt lat="49.47753" lon="15.795465">
      </trkpt>
      <trkpt lat="49.485106" lon="15.791324">
      </trkpt>
      <trkpt lat="49.488512" lon="15.790157">
      </trkpt>
      <trkpt lat="49.49649" lon="15.789676">
      </trkpt>
      <trkpt lat="49.498707" lon="15.790127">
      </trkpt>
      <trkpt lat="49.501054" lon="15.787397">
      </trkpt>
      <trkpt lat="49.500676" lon="15.787072">
      </trkpt>
      <trkpt lat="49.497297" lon="15.782901">
      </trkpt>
      <trkpt lat="49.495938" lon="15.77956">
      </trkpt>
      <trkpt lat="49.498843" lon="15.772017">
      </trkpt>
      <trkpt lat="49.499713" lon="15.771365">
      </trkpt>
      <trkpt lat="49.497555" lon="15.768484">
      </trkpt>
      <trkpt lat="49.494953" lon="15.765263">
      </trkpt>
      <trkpt lat="49.493642" lon="15.764071">
      </trkpt>
      <trkpt lat="49.493442" lon="15.763835">
      </trkpt>
      <trkpt lat="49.4927" lon="15.762719">
      </trkpt>
      <trkpt lat="49.49478" lon="15.754123">
      </trkpt>
      <trkpt lat="49.495177" lon="15.750545">
      </trkpt>
      <trkpt lat="49.492513" lon="15.745116">
      </trkpt>
      <trkpt lat="49.493178" lon="15.736937">
      </trkpt>
      <trkpt lat="49.492779" lon="15.733359">
      </trkpt>
      <trkpt lat="49.489246" lon="15.728351">
      </trkpt>
      <trkpt lat="49.489569" lon="15.721994">
      </trkpt>
      <trkpt lat="49.489575" lon="15.721936">
      </trkpt>
      <trkpt lat="49.489528" lon="15.721245">
      </trkpt>
      <trkpt lat="49.489357" lon="15.720933">
      </trkpt>
      <trkpt lat="49.48768" lon="15.71949">
      </trkpt>
      <trkpt lat="49.483814" lon="15.716457">
      </trkpt>
      <trkpt lat="49.480972" lon="15.715755">
      </trkpt>
      <trkpt lat="49.480762" lon="15.715958">
      </trkpt>
      <trkpt lat="49.480326" lon="15.716628">
      </trkpt>
      <trkpt lat="49.47455" lon="15.72292">
      </trkpt>
      <trkpt lat="49.470929" lon="15.723832">
      </trkpt>
      <trkpt lat="49.470161" lon="15.72408">
      </trkpt>
      <trkpt lat="49.469472" lon="15.724466">
      </trkpt>
      <trkpt lat="49.461839" lon="15.725229">
      </trkpt>
      <trkpt lat="49.461148" lon="15.725128">
      </trkpt>
      <trkpt lat="49.459986" lon="15.724964">
      </trkpt>
      <trkpt lat="49.458667" lon="15.72574">
      </trkpt>
      <trkpt lat="49.458622" lon="15.728308">
      </trkpt>
      <trkpt lat="49.458556" lon="15.733543">
      </trkpt>
      <trkpt lat="49.45804" lon="15.734405">
      </trkpt>
      <trkpt lat="49.457468" lon="15.735774">
      </trkpt>
      <trkpt lat="49.456125" lon="15.737554">
      </trkpt>
      <trkpt lat="49.44791" lon="15.734325">
      </trkpt>
      <trkpt lat="49.448465" lon="15.729502">
      </trkpt>
      <trkpt lat="49.448791" lon="15.72896">
      </trkpt>
      <trkpt lat="49.44918" lon="15.727986">
      </trkpt>
      <trkpt lat="49.44959" lon="15.727069">
      </trkpt>
      <trkpt lat="49.44961" lon="15.727029">
      </trkpt>
      <trkpt lat="49.446874" lon="15.724688">
      </trkpt>
      <trkpt lat="49.443096" lon="15.716841">
      </trkpt>
      <trkpt lat="49.444358" lon="15.715759">
      </trkpt>
      <trkpt lat="49.444776" lon="15.715307">
      </trkpt>
      <trkpt lat="49.445307" lon="15.714631">
      </trkpt>
      <trkpt lat="49.45148" lon="15.710654">
      </trkpt>
      <trkpt lat="49.452334" lon="15.710604">
      </trkpt>
      <trkpt lat="49.452902" lon="15.710413">
      </trkpt>
      <trkpt lat="49.457508" lon="15.709924">
      </trkpt>
      <trkpt lat="49.457861" lon="15.709693">
      </trkpt>
      <trkpt lat="49.458258" lon="15.709351">
      </trkpt>
      <trkpt lat="49.460413" lon="15.706846">
      </trkpt>
      <trkpt lat="49.460613" lon="15.706548">
      </trkpt>
      <trkpt lat="49.460799" lon="15.705168">
      </trkpt>
      <trkpt lat="49.460784" lon="15.705137">
      </trkpt>
      <trkpt lat="49.458671" lon="15.703161">
      </trkpt>
      <trkpt lat="49.454125" lon="15.69632">
      </trkpt>
      <trkpt lat="49.454833" lon="15.693035">
      </trkpt>
      <trkpt lat="49.454912" lon="15.685848">
      </trkpt>
      <trkpt lat="49.456363" lon="15.677457">
      </trkpt>
      <trkpt lat="49.457453" lon="15.675493">
      </trkpt>
      <trkpt lat="49.458121" lon="15.674394">
      </trkpt>
      <trkpt lat="49.458169" lon="15.674142">
      </trkpt>
      <trkpt lat="49.458054" lon="15.67347">
      </trkpt>
      <trkpt lat="49.458033" lon="15.673416">
      </trkpt>
      <trkpt lat="49.45645" lon="15.66603">
      </trkpt>
      <trkpt lat="49.457166" lon="15.663607">
      </trkpt>
      <trkpt lat="49.457611" lon="15.662232">
      </trkpt>
      <trkpt lat="49.457779" lon="15.661649">
      </trkpt>
      <trkpt lat="49.457939" lon="15.660872">
      </trkpt>
      <trkpt lat="49.458066" lon="15.659795">
      </trkpt>
      <trkpt lat="49.458069" lon="15.658946">
      </trkpt>
      <trkpt lat="49.458024" lon="15.658251">
      </trkpt>
      <trkpt lat="49.458022" lon="15.656697">
      </trkpt>
      <trkpt lat="49.458089" lon="15.656179">
      </trkpt>
      <trkpt lat="49.458235" lon="15.655325">
      </trkpt>
      <trkpt lat="49.458442" lon="15.6544">
      </trkpt>
      <trkpt lat="49.458539" lon="15.653692">
      </trkpt>
      <trkpt lat="49.458842" lon="15.65235">
      </trkpt>
      <trkpt lat="49.458983" lon="15.651818">
      </trkpt>
      <trkpt lat="49.459044" lon="15.6513">
      </trkpt>
      <trkpt lat="49.45901" lon="15.650716">
      </trkpt>
      <trkpt lat="49.458513" lon="15.6459">
      </trkpt>
      <trkpt lat="49.467333" lon="15.645796">
      </trkpt>
      <trkpt lat="49.467615" lon="15.646448">
      </trkpt>
      <trkpt lat="49.468053" lon="15.647266">
      </trkpt>
      <trkpt lat="49.468222" lon="15.64771">
      </trkpt>
      <trkpt lat="49.468851" lon="15.649396">
      </trkpt>
      <trkpt lat="49.469309" lon="15.650122">
      </trkpt>
      <trkpt lat="49.469724" lon="15.650695">
      </trkpt>
      <trkpt lat="49.470067" lon="15.651095">
      </trkpt>
      <trkpt lat="49.471414" lon="15.656338">
      </trkpt>
      <trkpt lat="49.471153" lon="15.657408">
      </trkpt>
      <trkpt lat="49.470448" lon="15.659315">
      </trkpt>
      <trkpt lat="49.47011" lon="15.662116">
      </trkpt>
      <trkpt lat="49.473628" lon="15.662884">
      </trkpt>
      <trkpt lat="49.476484" lon="15.663246">
      </trkpt>
      <trkpt lat="49.480058" lon="15.662813">
      </trkpt>
      <trkpt lat="49.482427" lon="15.654137">
      </trkpt>
      <trkpt lat="49.482618" lon="15.653611">
      </trkpt>
      <trkpt lat="49.482591" lon="15.650503">
      </trkpt>
      <trkpt lat="49.480998" lon="15.644085">
      </trkpt>
      <trkpt lat="49.480944" lon="15.643877">
      </trkpt>
      <trkpt lat="49.479095" lon="15.642621">
      </trkpt>
      <trkpt lat="49.479059" lon="15.642628">
      </trkpt>
      <trkpt lat="49.470178" lon="15.642256">
      </trkpt>
      <trkpt lat="49.469827" lon="15.641763">
      </trkpt>
      <trkpt lat="49.468955" lon="15.64093">
      </trkpt>
      <trkpt lat="49.469192" lon="15.632074">
      </trkpt>
      <trkpt lat="49.469238" lon="15.631817">
      </trkpt>
      <trkpt lat="49.469272" lon="15.631087">
      </trkpt>
      <trkpt lat="49.469529" lon="15.628829">
      </trkpt>
      <trkpt lat="49.475377" lon="15.622612">
      </trkpt>
      <trkpt lat="49.476315" lon="15.616981">
      </trkpt>
      <trkpt lat="49.48003" lon="15.611899">
      </trkpt>
      <trkpt lat="49.479651" lon="15.61092">
      </trkpt>
      <trkpt lat="49.479414" lon="15.607556">
      </trkpt>
      <trkpt lat="49.476109" lon="15.601321">
      </trkpt>
      <trkpt lat="49.478105" lon="15.598143">
      </trkpt>
      <trkpt lat="49.484472" lon="15.593296">
      </trkpt>
      <trkpt lat="49.487661" lon="15.592254">
      </trkpt>
      <trkpt lat="49.494473" lon="15.597399">
      </trkpt>
      <trkpt lat="49.494298" lon="15.605466">
      </trkpt>
      <trkpt lat="49.494066" lon="15.606148">
      </trkpt>
      <trkpt lat="49.493522" lon="15.607857">
      </trkpt>
      <trkpt lat="49.493129" lon="15.60891">
      </trkpt>
      <trkpt lat="49.496502" lon="15.610168">
      </trkpt>
      <trkpt lat="49.497152" lon="15.608678">
      </trkpt>
      <trkpt lat="49.497246" lon="15.608483">
      </trkpt>
      <trkpt lat="49.4974" lon="15.608013">
      </trkpt>
      <trkpt lat="49.506186" lon="15.606664">
      </trkpt>
      <trkpt lat="49.507054" lon="15.606782">
      </trkpt>
      <trkpt lat="49.514019" lon="15.611366">
      </trkpt>
      <trkpt lat="49.517537" lon="15.610598">
      </trkpt>
      <trkpt lat="49.517074" lon="15.60848">
      </trkpt>
      <trkpt lat="49.520809" lon="15.601418">
      </trkpt>
      <trkpt lat="49.524055" lon="15.599862">
      </trkpt>
      <trkpt lat="49.528495" lon="15.597593">
      </trkpt>
      <trkpt lat="49.530101" lon="15.594832">
      </trkpt>
      <trkpt lat="49.529462" lon="15.591289">
      </trkpt>
      <trkpt lat="49.526438" lon="15.591125">
      </trkpt>
      <trkpt lat="49.520442" lon="15.586941">
      </trkpt>
      <trkpt lat="49.519616" lon="15.586302">
      </trkpt>
      <trkpt lat="49.519039" lon="15.586148">
      </trkpt>
      <trkpt lat="49.517217" lon="15.5858">
      </trkpt>
      <trkpt lat="49.516637" lon="15.585846">
      </trkpt>
      <trkpt lat="49.509" lon="15.581526">
      </trkpt>
      <trkpt lat="49.510872" lon="15.577395">
      </trkpt>
      <trkpt lat="49.509425" lon="15.574099">
      </trkpt>
      <trkpt lat="49.507155" lon="15.569558">
      </trkpt>
      <trkpt lat="49.503565" lon="15.569287">
      </trkpt>
      <trkpt lat="49.503544" lon="15.569564">
      </trkpt>
      <trkpt lat="49.49948" lon="15.57476">
      </trkpt>
      <trkpt lat="49.494584" lon="15.572426">
      </trkpt>
      <trkpt lat="49.493441" lon="15.570194">
      </trkpt>
      <trkpt lat="49.493008" lon="15.567749">
      </trkpt>
      <trkpt lat="49.49301" lon="15.567166">
      </trkpt>
      <trkpt lat="49.493161" lon="15.564967">
      </trkpt>
      <trkpt lat="49.48957" lon="15.564719">
      </trkpt>
      <trkpt lat="49.489418" lon="15.566918">
      </trkpt>
      <trkpt lat="49.487674" lon="15.570113">
      </trkpt>
      <trkpt lat="49.482931" lon="15.572432">
      </trkpt>
      <trkpt lat="49.482176" lon="15.573327">
      </trkpt>
      <trkpt lat="49.481645" lon="15.57393">
      </trkpt>
      <trkpt lat="49.481416" lon="15.574393">
      </trkpt>
      <trkpt lat="49.481249" lon="15.574859">
      </trkpt>
      <trkpt lat="49.482233" lon="15.578354">
      </trkpt>
      <trkpt lat="49.482303" lon="15.583038">
      </trkpt>
      <trkpt lat="49.481661" lon="15.584653">
      </trkpt>
      <trkpt lat="49.480485" lon="15.587861">
      </trkpt>
      <trkpt lat="49.472199" lon="15.586292">
      </trkpt>
      <trkpt lat="49.471796" lon="15.583883">
      </trkpt>
      <trkpt lat="49.468419" lon="15.575825">
      </trkpt>
      <trkpt lat="49.469276" lon="15.573542">
      </trkpt>
      <trkpt lat="49.469623" lon="15.572705">
      </trkpt>
      <trkpt lat="49.46982" lon="15.572258">
      </trkpt>
      <trkpt lat="49.470025" lon="15.571841">
      </trkpt>
      <trkpt lat="49.470347" lon="15.571261">
      </trkpt>
      <trkpt lat="49.470633" lon="15.570804">
      </trkpt>
      <trkpt lat="49.47088" lon="15.570455">
      </trkpt>
      <trkpt lat="49.47115" lon="15.570108">
      </trkpt>
      <trkpt lat="49.471664" lon="15.569515">
      </trkpt>
      <trkpt lat="49.471979" lon="15.569217">
      </trkpt>
      <trkpt lat="49.472468" lon="15.568823">
      </trkpt>
      <trkpt lat="49.472834" lon="15.568563">
      </trkpt>
      <trkpt lat="49.474487" lon="15.567519">
      </trkpt>
      <trkpt lat="49.475353" lon="15.566897">
      </trkpt>
      <trkpt lat="49.475947" lon="15.566408">
      </trkpt>
      <trkpt lat="49.476504" lon="15.565873">
      </trkpt>
      <trkpt lat="49.477022" lon="15.56529">
      </trkpt>
      <trkpt lat="49.477525" lon="15.564662">
      </trkpt>
      <trkpt lat="49.478005" lon="15.563966">
      </trkpt>
      <trkpt lat="49.478272" lon="15.563534">
      </trkpt>
      <trkpt lat="49.478857" lon="15.562464">
      </trkpt>
      <trkpt lat="49.479191" lon="15.561739">
      </trkpt>
      <trkpt lat="49.479453" lon="15.561101">
      </trkpt>
      <trkpt lat="49.479691" lon="15.560451">
      </trkpt>
      <trkpt lat="49.479998" lon="15.559475">
      </trkpt>
      <trkpt lat="49.480254" lon="15.558484">
      </trkpt>
      <trkpt lat="49.480482" lon="15.557368">
      </trkpt>
      <trkpt lat="49.480662" lon="15.5563">
      </trkpt>
      <trkpt lat="49.480775" lon="15.554684">
      </trkpt>
      <trkpt lat="49.481216" lon="15.55258">
      </trkpt>
      <trkpt lat="49.481254" lon="15.551463">
      </trkpt>
      <trkpt lat="49.481769" lon="15.548859">
      </trkpt>
      <trkpt lat="49.482323" lon="15.545139">
      </trkpt>
      <trkpt lat="49.482908" lon="15.541208">
      </trkpt>
      <trkpt lat="49.483273" lon="15.538959">
      </trkpt>
      <trkpt lat="49.483529" lon="15.537524">
      </trkpt>
      <trkpt lat="49.483806" lon="15.536096">
      </trkpt>
      <trkpt lat="49.484098" lon="15.534704">
      </trkpt>
      <trkpt lat="49.484406" lon="15.533368">
      </trkpt>
      <trkpt lat="49.484805" lon="15.531758">
      </trkpt>
      <trkpt lat="49.485161" lon="15.530407">
      </trkpt>
      <trkpt lat="49.48572" lon="15.528397">
      </trkpt>
      <trkpt lat="49.487669" lon="15.524965">
      </trkpt>
      <trkpt lat="49.494636" lon="15.526831">
      </trkpt>
      <trkpt lat="49.495119" lon="15.527991">
      </trkpt>
      <trkpt lat="49.495336" lon="15.52831">
      </trkpt>
      <trkpt lat="49.495812" lon="15.52892">
      </trkpt>
      <trkpt lat="49.496496" lon="15.530214">
      </trkpt>
      <trkpt lat="49.496597" lon="15.534247">
      </trkpt>
      <trkpt lat="49.496843" lon="15.536514">
      </trkpt>
      <trkpt lat="49.496857" lon="15.536586">
      </trkpt>
      <trkpt lat="49.498507" lon="15.543247">
      </trkpt>
      <trkpt lat="49.498424" lon="15.545033">
      </trkpt>
      <trkpt lat="49.498422" lon="15.545581">
      </trkpt>
      <trkpt lat="49.498551" lon="15.547217">
      </trkpt>
      <trkpt lat="49.50214" lon="15.546935">
      </trkpt>
      <trkpt lat="49.504147" lon="15.538788">
      </trkpt>
      <trkpt lat="49.502851" lon="15.535429">
      </trkpt>
      <trkpt lat="49.501306" lon="15.532641">
      </trkpt>
      <trkpt lat="49.499936" lon="15.529151">
      </trkpt>
      <trkpt lat="49.499023" lon="15.527293">
      </trkpt>
      <trkpt lat="49.498837" lon="15.526974">
      </trkpt>
      <trkpt lat="49.497709" lon="15.524689">
      </trkpt>
      <trkpt lat="49.49729" lon="15.523208">
      </trkpt>
      <trkpt lat="49.497155" lon="15.522808">
      </trkpt>
      <trkpt lat="49.496933" lon="15.522295">
      </trkpt>
      <trkpt lat="49.496575" lon="15.521695">
      </trkpt>
      <trkpt lat="49.495665" lon="15.520274">
      </trkpt>
      <trkpt lat="49.494293" lon="15.51824">
      </trkpt>
      <trkpt lat="49.499829" lon="15.512077">
      </trkpt>
      <trkpt lat="49.503218" lon="15.511101">
      </trkpt>
      <trkpt lat="49.503131" lon="15.510782">
      </trkpt>
      <trkpt lat="49.502891" lon="15.510206">
      </trkpt>
      <trkpt lat="49.502401" lon="15.509558">
      </trkpt>
      <trkpt lat="49.498241" lon="15.506267">
      </trkpt>
      <trkpt lat="49.501823" lon="15.500191">
      </trkpt>
      <trkpt lat="49.502761" lon="15.500026">
      </trkpt>
      <trkpt lat="49.503376" lon="15.499828">
      </trkpt>
      <trkpt lat="49.504769" lon="15.49942">
      </trkpt>
      <trkpt lat="49.506562" lon="15.499337">
      </trkpt>
      <trkpt lat="49.507203" lon="15.499313">
      </trkpt>
      <trkpt lat="49.508114" lon="15.498571">
      </trkpt>
      <trkpt lat="49.508199" lon="15.498244">
      </trkpt>
      <trkpt lat="49.508274" lon="15.497797">
      </trkpt>
      <trkpt lat="49.508229" lon="15.497571">
      </trkpt>
      <trkpt lat="49.507065" lon="15.495715">
      </trkpt>
      <trkpt lat="49.506365" lon="15.495312">
      </trkpt>
      <trkpt lat="49.50574" lon="15.495071">
      </trkpt>
      <trkpt lat="49.505184" lon="15.494965">
      </trkpt>
      <trkpt lat="49.504549" lon="15.49498">
      </trkpt>
      <trkpt lat="49.500077" lon="15.495351">
      </trkpt>
      <trkpt lat="49.496027" lon="15.48756">
      </trkpt>
      <trkpt lat="49.49661" lon="15.486019">
      </trkpt>
      <trkpt lat="49.496907" lon="15.485294">
      </trkpt>
      <trkpt lat="49.497569" lon="15.483845">
      </trkpt>
      <trkpt lat="49.497891" lon="15.483188">
      </trkpt>
      <trkpt lat="49.498534" lon="15.481969">
      </trkpt>
      <trkpt lat="49.499146" lon="15.48091">
      </trkpt>
      <trkpt lat="49.500002" lon="15.479567">
      </trkpt>
      <trkpt lat="49.500804" lon="15.478435">
      </trkpt>
      <trkpt lat="49.501509" lon="15.477538">
      </trkpt>
      <trkpt lat="49.501885" lon="15.477087">
      </trkpt>
      <trkpt lat="49.503263" lon="15.475526">
      </trkpt>
      <trkpt lat="49.504423" lon="15.474152">
      </trkpt>
      <trkpt lat="49.504851" lon="15.473608">
      </trkpt>
      <trkpt lat="49.505228" lon="15.473089">
      </trkpt>
      <trkpt lat="49.505666" lon="15.472465">
      </trkpt>
      <trkpt lat="49.506053" lon="15.471872">
      </trkpt>
      <trkpt lat="49.507297" lon="15.469857">
      </trkpt>
      <trkpt lat="49.51235" lon="15.463858">
      </trkpt>
      <trkpt lat="49.514373" lon="15.462293">
      </trkpt>
      <trkpt lat="49.514862" lon="15.461852">
      </trkpt>
      <trkpt lat="49.515266" lon="15.461452">
      </trkpt>
      <trkpt lat="49.515685" lon="15.460999">
      </trkpt>
      <trkpt lat="49.516135" lon="15.460464">
      </trkpt>
      <trkpt lat="49.516636" lon="15.459787">
      </trkpt>
      <trkpt lat="49.517083" lon="15.459107">
      </trkpt>
      <trkpt lat="49.517529" lon="15.458361">
      </trkpt>
      <trkpt lat="49.517961" lon="15.457537">
      </trkpt>
      <trkpt lat="49.518274" lon="15.45686">
      </trkpt>
      <trkpt lat="49.518576" lon="15.456145">
      </trkpt>
      <trkpt lat="49.51882" lon="15.455496">
      </trkpt>
      <trkpt lat="49.519316" lon="15.453931">
      </trkpt>
      <trkpt lat="49.519464" lon="15.453345">
      </trkpt>
      <trkpt lat="49.519683" lon="15.452333">
      </trkpt>
      <trkpt lat="49.51984" lon="15.451457">
      </trkpt>
      <trkpt lat="49.519932" lon="15.450854">
      </trkpt>
      <trkpt lat="49.520032" lon="15.450156">
      </trkpt>
      <trkpt lat="49.520102" lon="15.449344">
      </trkpt>
      <trkpt lat="49.52015" lon="15.448555">
      </trkpt>
      <trkpt lat="49.520166" lon="15.447927">
      </trkpt>
      <trkpt lat="49.520146" lon="15.446492">
      </trkpt>
      <trkpt lat="49.520073" lon="15.4454">
      </trkpt>
      <trkpt lat="49.520015" lon="15.444758">
      </trkpt>
      <trkpt lat="49.519935" lon="15.444119">
      </trkpt>
      <trkpt lat="49.519777" lon="15.443112">
      </trkpt>
      <trkpt lat="49.518634" lon="15.434355">
      </trkpt>
      <trkpt lat="49.518521" lon="15.432249">
      </trkpt>
      <trkpt lat="49.518431" lon="15.430884">
      </trkpt>
      <trkpt lat="49.514839" lon="15.431119">
      </trkpt>
      <trkpt lat="49.514928" lon="15.432484">
      </trkpt>
    </trkseg>
  </trk>
</gpx>