<?xml version="1.0" encoding="UTF-8"?>
<gpx xmlns="http://www.topografix.com/GPX/1/1" xmlns:xsi="http://www.w3.org/2001/XMLSchema-instance" xsi:schemaLocation="http://www.topografix.com/GPX/1/1 http://www.topografix.com/GPX/1/1/gpx.xsd" version="1.1" creator="gpx.py -- https://github.com/tkrajina/gpxpy">
  <trk>
    <trkseg>
      <trkpt lat="49.676282" lon="12.24511">
      </trkpt>
      <trkpt lat="49.676118" lon="12.245305">
      </trkpt>
      <trkpt lat="49.673459" lon="12.248918">
      </trkpt>
      <trkpt lat="49.673129" lon="12.251607">
      </trkpt>
      <trkpt lat="49.672735" lon="12.254159">
      </trkpt>
      <trkpt lat="49.672668" lon="12.255077">
      </trkpt>
      <trkpt lat="49.672588" lon="12.255742">
      </trkpt>
      <trkpt lat="49.669281" lon="12.261625">
      </trkpt>
      <trkpt lat="49.668454" lon="12.26266">
      </trkpt>
      <trkpt lat="49.66782" lon="12.263695">
      </trkpt>
      <trkpt lat="49.658972" lon="12.262955">
      </trkpt>
      <trkpt lat="49.655483" lon="12.263842">
      </trkpt>
      <trkpt lat="49.653086" lon="12.264722">
      </trkpt>
      <trkpt lat="49.647336" lon="12.266475">
      </trkpt>
      <trkpt lat="49.644024" lon="12.263441">
      </trkpt>
      <trkpt lat="49.641498" lon="12.260876">
      </trkpt>
      <trkpt lat="49.638563" lon="12.25876">
      </trkpt>
      <trkpt lat="49.638454" lon="12.258705">
      </trkpt>
      <trkpt lat="49.637171" lon="12.25804">
      </trkpt>
      <trkpt lat="49.635337" lon="12.258177">
      </trkpt>
      <trkpt lat="49.627776" lon="12.259278">
      </trkpt>
      <trkpt lat="49.624618" lon="12.258646">
      </trkpt>
      <trkpt lat="49.620411" lon="12.259871">
      </trkpt>
      <trkpt lat="49.614326" lon="12.253979">
      </trkpt>
      <trkpt lat="49.608463" lon="12.25034">
      </trkpt>
      <trkpt lat="49.61137" lon="12.241916">
      </trkpt>
      <trkpt lat="49.611364" lon="12.241128">
      </trkpt>
      <trkpt lat="49.614321" lon="12.23311">
      </trkpt>
      <trkpt lat="49.612274" lon="12.230149">
      </trkpt>
      <trkpt lat="49.607269" lon="12.228275">
      </trkpt>
      <trkpt lat="49.603742" lon="12.228998">
      </trkpt>
      <trkpt lat="49.601484" lon="12.237032">
      </trkpt>
      <trkpt lat="49.597029" lon="12.244231">
      </trkpt>
      <trkpt lat="49.595157" lon="12.244643">
      </trkpt>
      <trkpt lat="49.59453" lon="12.244825">
      </trkpt>
      <trkpt lat="49.593808" lon="12.245122">
      </trkpt>
      <trkpt lat="49.593535" lon="12.245294">
      </trkpt>
      <trkpt lat="49.590206" lon="12.251206">
      </trkpt>
      <trkpt lat="49.582014" lon="12.24761">
      </trkpt>
      <trkpt lat="49.580586" lon="12.246585">
      </trkpt>
      <trkpt lat="49.580158" lon="12.246213">
      </trkpt>
      <trkpt lat="49.579573" lon="12.245867">
      </trkpt>
      <trkpt lat="49.579025" lon="12.245684">
      </trkpt>
      <trkpt lat="49.578531" lon="12.245623">
      </trkpt>
      <trkpt lat="49.573939" lon="12.243545">
      </trkpt>
      <trkpt lat="49.571352" lon="12.238152">
      </trkpt>
      <trkpt lat="49.572096" lon="12.234265">
      </trkpt>
      <trkpt lat="49.571698" lon="12.23256">
      </trkpt>
      <trkpt lat="49.571528" lon="12.23166">
      </trkpt>
      <trkpt lat="49.576729" lon="12.225078">
      </trkpt>
      <trkpt lat="49.578825" lon="12.22297">
      </trkpt>
      <trkpt lat="49.580691" lon="12.215494">
      </trkpt>
      <trkpt lat="49.584405" lon="12.21551">
      </trkpt>
      <trkpt lat="49.587594" lon="12.217181">
      </trkpt>
      <trkpt lat="49.587784" lon="12.216819">
      </trkpt>
      <trkpt lat="49.587939" lon="12.216471">
      </trkpt>
      <trkpt lat="49.588064" lon="12.216087">
      </trkpt>
      <trkpt lat="49.588147" lon="12.215598">
      </trkpt>
      <trkpt lat="49.588173" lon="12.215264">
      </trkpt>
      <trkpt lat="49.588172" lon="12.21475">
      </trkpt>
      <trkpt lat="49.588077" lon="12.213127">
      </trkpt>
      <trkpt lat="49.588002" lon="12.212479">
      </trkpt>
      <trkpt lat="49.587854" lon="12.211848">
      </trkpt>
      <trkpt lat="49.587546" lon="12.211131">
      </trkpt>
      <trkpt lat="49.58742" lon="12.210882">
      </trkpt>
      <trkpt lat="49.586989" lon="12.210306">
      </trkpt>
      <trkpt lat="49.582774" lon="12.205271">
      </trkpt>
      <trkpt lat="49.577195" lon="12.202643">
      </trkpt>
      <trkpt lat="49.573204" lon="12.20024">
      </trkpt>
      <trkpt lat="49.568636" lon="12.195274">
      </trkpt>
      <trkpt lat="49.569972" lon="12.189895">
      </trkpt>
      <trkpt lat="49.57043" lon="12.189121">
      </trkpt>
      <trkpt lat="49.570849" lon="12.188227">
      </trkpt>
      <trkpt lat="49.571136" lon="12.187421">
      </trkpt>
      <trkpt lat="49.571323" lon="12.186732">
      </trkpt>
      <trkpt lat="49.571751" lon="12.185215">
      </trkpt>
      <trkpt lat="49.572077" lon="12.182796">
      </trkpt>
      <trkpt lat="49.568535" lon="12.182153">
      </trkpt>
      <trkpt lat="49.568123" lon="12.184426">
      </trkpt>
      <trkpt lat="49.562359" lon="12.18981">
      </trkpt>
      <trkpt lat="49.55687" lon="12.192373">
      </trkpt>
      <trkpt lat="49.551576" lon="12.18896">
      </trkpt>
      <trkpt lat="49.55093" lon="12.18742">
      </trkpt>
      <trkpt lat="49.550575" lon="12.186738">
      </trkpt>
      <trkpt lat="49.55019" lon="12.186142">
      </trkpt>
      <trkpt lat="49.549953" lon="12.185821">
      </trkpt>
      <trkpt lat="49.549367" lon="12.185152">
      </trkpt>
      <trkpt lat="49.547193" lon="12.183114">
      </trkpt>
      <trkpt lat="49.546651" lon="12.182501">
      </trkpt>
      <trkpt lat="49.545003" lon="12.180483">
      </trkpt>
      <trkpt lat="49.544495" lon="12.180038">
      </trkpt>
      <trkpt lat="49.543177" lon="12.179107">
      </trkpt>
      <trkpt lat="49.541919" lon="12.171254">
      </trkpt>
      <trkpt lat="49.54338" lon="12.166302">
      </trkpt>
      <trkpt lat="49.54307" lon="12.164963">
      </trkpt>
      <trkpt lat="49.542519" lon="12.164591">
      </trkpt>
      <trkpt lat="49.542432" lon="12.164534">
      </trkpt>
      <trkpt lat="49.541872" lon="12.164288">
      </trkpt>
      <trkpt lat="49.539505" lon="12.165466">
      </trkpt>
      <trkpt lat="49.537984" lon="12.169106">
      </trkpt>
      <trkpt lat="49.535644" lon="12.17176">
      </trkpt>
      <trkpt lat="49.535781" lon="12.172622">
      </trkpt>
      <trkpt lat="49.535793" lon="12.175169">
      </trkpt>
      <trkpt lat="49.537614" lon="12.177268">
      </trkpt>
      <trkpt lat="49.538219" lon="12.178636">
      </trkpt>
      <trkpt lat="49.535099" lon="12.184891">
      </trkpt>
      <trkpt lat="49.529148" lon="12.182527">
      </trkpt>
      <trkpt lat="49.528596" lon="12.18159">
      </trkpt>
      <trkpt lat="49.528217" lon="12.18092">
      </trkpt>
      <trkpt lat="49.527564" lon="12.179604">
      </trkpt>
      <trkpt lat="49.526933" lon="12.178203">
      </trkpt>
      <trkpt lat="49.526549" lon="12.17725">
      </trkpt>
      <trkpt lat="49.525886" lon="12.175419">
      </trkpt>
      <trkpt lat="49.525502" lon="12.174081">
      </trkpt>
      <trkpt lat="49.524897" lon="12.171803">
      </trkpt>
      <trkpt lat="49.524485" lon="12.170462">
      </trkpt>
      <trkpt lat="49.524044" lon="12.169199">
      </trkpt>
      <trkpt lat="49.523689" lon="12.168276">
      </trkpt>
      <trkpt lat="49.523331" lon="12.167427">
      </trkpt>
      <trkpt lat="49.524228" lon="12.159668">
      </trkpt>
      <trkpt lat="49.524887" lon="12.158598">
      </trkpt>
      <trkpt lat="49.525513" lon="12.157513">
      </trkpt>
      <trkpt lat="49.526003" lon="12.156646">
      </trkpt>
      <trkpt lat="49.526631" lon="12.155413">
      </trkpt>
      <trkpt lat="49.527515" lon="12.153628">
      </trkpt>
      <trkpt lat="49.527984" lon="12.152596">
      </trkpt>
      <trkpt lat="49.528359" lon="12.151726">
      </trkpt>
      <trkpt lat="49.529742" lon="12.148813">
      </trkpt>
      <trkpt lat="49.530803" lon="12.146757">
      </trkpt>
      <trkpt lat="49.527604" lon="12.145106">
      </trkpt>
      <trkpt lat="49.526543" lon="12.147162">
      </trkpt>
      <trkpt lat="49.525107" lon="12.150181">
      </trkpt>
      <trkpt lat="49.524679" lon="12.151168">
      </trkpt>
      <trkpt lat="49.524238" lon="12.152135">
      </trkpt>
      <trkpt lat="49.523405" lon="12.153814">
      </trkpt>
      <trkpt lat="49.522795" lon="12.155014">
      </trkpt>
      <trkpt lat="49.522382" lon="12.155737">
      </trkpt>
      <trkpt lat="49.514905" lon="12.160308">
      </trkpt>
      <trkpt lat="49.514107" lon="12.160319">
      </trkpt>
      <trkpt lat="49.50912" lon="12.159309">
      </trkpt>
      <trkpt lat="49.507053" lon="12.162257">
      </trkpt>
      <trkpt lat="49.507838" lon="12.162808">
      </trkpt>
      <trkpt lat="49.508915" lon="12.16341">
      </trkpt>
      <trkpt lat="49.509716" lon="12.163782">
      </trkpt>
      <trkpt lat="49.510245" lon="12.163956">
      </trkpt>
      <trkpt lat="49.517303" lon="12.16755">
      </trkpt>
      <trkpt lat="49.522023" lon="12.175006">
      </trkpt>
      <trkpt lat="49.522426" lon="12.176411">
      </trkpt>
      <trkpt lat="49.523183" lon="12.178527">
      </trkpt>
      <trkpt lat="49.523593" lon="12.179547">
      </trkpt>
      <trkpt lat="49.52428" lon="12.181079">
      </trkpt>
      <trkpt lat="49.525001" lon="12.18254">
      </trkpt>
      <trkpt lat="49.525458" lon="12.183355">
      </trkpt>
      <trkpt lat="49.526047" lon="12.184355">
      </trkpt>
      <trkpt lat="49.526812" lon="12.185531">
      </trkpt>
      <trkpt lat="49.528532" lon="12.187779">
      </trkpt>
      <trkpt lat="49.529625" lon="12.194284">
      </trkpt>
      <trkpt lat="49.529879" lon="12.195817">
      </trkpt>
      <trkpt lat="49.530394" lon="12.196159">
      </trkpt>
      <trkpt lat="49.534586" lon="12.199502">
      </trkpt>
      <trkpt lat="49.540543" lon="12.205774">
      </trkpt>
      <trkpt lat="49.540133" lon="12.20778">
      </trkpt>
      <trkpt lat="49.540051" lon="12.208599">
      </trkpt>
      <trkpt lat="49.540044" lon="12.208999">
      </trkpt>
      <trkpt lat="49.540069" lon="12.209641">
      </trkpt>
      <trkpt lat="49.540184" lon="12.210718">
      </trkpt>
      <trkpt lat="49.540366" lon="12.211777">
      </trkpt>
      <trkpt lat="49.540541" lon="12.212491">
      </trkpt>
      <trkpt lat="49.541178" lon="12.21506">
      </trkpt>
      <trkpt lat="49.546383" lon="12.222348">
      </trkpt>
      <trkpt lat="49.546656" lon="12.223012">
      </trkpt>
      <trkpt lat="49.54742" lon="12.222949">
      </trkpt>
      <trkpt lat="49.547812" lon="12.22289">
      </trkpt>
      <trkpt lat="49.554416" lon="12.224059">
      </trkpt>
      <trkpt lat="49.55636" lon="12.226142">
      </trkpt>
      <trkpt lat="49.559862" lon="12.232279">
      </trkpt>
      <trkpt lat="49.559878" lon="12.232735">
      </trkpt>
      <trkpt lat="49.559992" lon="12.233382">
      </trkpt>
      <trkpt lat="49.560515" lon="12.234932">
      </trkpt>
      <trkpt lat="49.56097" lon="12.236227">
      </trkpt>
      <trkpt lat="49.561091" lon="12.236681">
      </trkpt>
      <trkpt lat="49.561196" lon="12.237113">
      </trkpt>
      <trkpt lat="49.557139" lon="12.244665">
      </trkpt>
      <trkpt lat="49.556006" lon="12.244753">
      </trkpt>
      <trkpt lat="49.555399" lon="12.244939">
      </trkpt>
      <trkpt lat="49.552167" lon="12.245653">
      </trkpt>
      <trkpt lat="49.546601" lon="12.238629">
      </trkpt>
      <trkpt lat="49.543441" lon="12.236904">
      </trkpt>
      <trkpt lat="49.53941" lon="12.235819">
      </trkpt>
      <trkpt lat="49.535795" lon="12.235595">
      </trkpt>
      <trkpt lat="49.534225" lon="12.237912">
      </trkpt>
      <trkpt lat="49.534356" lon="12.239017">
      </trkpt>
      <trkpt lat="49.536664" lon="12.243449">
      </trkpt>
      <trkpt lat="49.53804" lon="12.244809">
      </trkpt>
      <trkpt lat="49.541839" lon="12.246139">
      </trkpt>
      <trkpt lat="49.546007" lon="12.246944">
      </trkpt>
      <trkpt lat="49.548026" lon="12.248246">
      </trkpt>
      <trkpt lat="49.548686" lon="12.248654">
      </trkpt>
      <trkpt lat="49.549007" lon="12.248826">
      </trkpt>
      <trkpt lat="49.549316" lon="12.248961">
      </trkpt>
      <trkpt lat="49.554509" lon="12.25438">
      </trkpt>
      <trkpt lat="49.559203" lon="12.260854">
      </trkpt>
      <trkpt lat="49.552516" lon="12.265">
      </trkpt>
      <trkpt lat="49.544217" lon="12.264201">
      </trkpt>
      <trkpt lat="49.543452" lon="12.263837">
      </trkpt>
      <trkpt lat="49.542322" lon="12.263633">
      </trkpt>
      <trkpt lat="49.541549" lon="12.263752">
      </trkpt>
      <trkpt lat="49.539912" lon="12.263876">
      </trkpt>
      <trkpt lat="49.539015" lon="12.267692">
      </trkpt>
      <trkpt lat="49.539031" lon="12.267837">
      </trkpt>
      <trkpt lat="49.539539" lon="12.270669">
      </trkpt>
      <trkpt lat="49.542743" lon="12.2782">
      </trkpt>
      <trkpt lat="49.54028" lon="12.280874">
      </trkpt>
      <trkpt lat="49.541584" lon="12.286655">
      </trkpt>
      <trkpt lat="49.542189" lon="12.289537">
      </trkpt>
      <trkpt lat="49.542396" lon="12.291774">
      </trkpt>
      <trkpt lat="49.54242" lon="12.292107">
      </trkpt>
      <trkpt lat="49.543267" lon="12.298842">
      </trkpt>
      <trkpt lat="49.539462" lon="12.303484">
      </trkpt>
      <trkpt lat="49.539072" lon="12.30381">
      </trkpt>
      <trkpt lat="49.536763" lon="12.306186">
      </trkpt>
      <trkpt lat="49.537222" lon="12.311201">
      </trkpt>
      <trkpt lat="49.535206" lon="12.315457">
      </trkpt>
      <trkpt lat="49.534458" lon="12.316415">
      </trkpt>
      <trkpt lat="49.532362" lon="12.318409">
      </trkpt>
      <trkpt lat="49.532109" lon="12.319081">
      </trkpt>
      <trkpt lat="49.532871" lon="12.320407">
      </trkpt>
      <trkpt lat="49.532915" lon="12.320445">
      </trkpt>
      <trkpt lat="49.536167" lon="12.327356">
      </trkpt>
      <trkpt lat="49.534798" lon="12.331854">
      </trkpt>
      <trkpt lat="49.534159" lon="12.33336">
      </trkpt>
      <trkpt lat="49.533684" lon="12.335277">
      </trkpt>
      <trkpt lat="49.538241" lon="12.340125">
      </trkpt>
      <trkpt lat="49.542497" lon="12.345331">
      </trkpt>
      <trkpt lat="49.546672" lon="12.350957">
      </trkpt>
      <trkpt lat="49.546208" lon="12.355278">
      </trkpt>
      <trkpt lat="49.549903" lon="12.363281">
      </trkpt>
      <trkpt lat="49.549862" lon="12.364137">
      </trkpt>
      <trkpt lat="49.549833" lon="12.364453">
      </trkpt>
      <trkpt lat="49.549456" lon="12.366739">
      </trkpt>
      <trkpt lat="49.552092" lon="12.374265">
      </trkpt>
      <trkpt lat="49.552958" lon="12.377629">
      </trkpt>
      <trkpt lat="49.55743" lon="12.381972">
      </trkpt>
      <trkpt lat="49.5574" lon="12.388752">
      </trkpt>
      <trkpt lat="49.55645" lon="12.390448">
      </trkpt>
      <trkpt lat="49.559591" lon="12.392207">
      </trkpt>
      <trkpt lat="49.563249" lon="12.400332">
      </trkpt>
      <trkpt lat="49.559818" lon="12.401424">
      </trkpt>
      <trkpt lat="49.55917" lon="12.405633">
      </trkpt>
      <trkpt lat="49.559422" lon="12.408943">
      </trkpt>
      <trkpt lat="49.550904" lon="12.409416">
      </trkpt>
      <trkpt lat="49.55025" lon="12.407898">
      </trkpt>
      <trkpt lat="49.54912" lon="12.408037">
      </trkpt>
      <trkpt lat="49.546666" lon="12.408235">
      </trkpt>
      <trkpt lat="49.546788" lon="12.412169">
      </trkpt>
      <trkpt lat="49.54698" lon="12.414631">
      </trkpt>
      <trkpt lat="49.548028" lon="12.417689">
      </trkpt>
      <trkpt lat="49.550206" lon="12.421912">
      </trkpt>
      <trkpt lat="49.551415" lon="12.423649">
      </trkpt>
      <trkpt lat="49.551668" lon="12.424035">
      </trkpt>
      <trkpt lat="49.551883" lon="12.424319">
      </trkpt>
      <trkpt lat="49.55217" lon="12.424655">
      </trkpt>
      <trkpt lat="49.552588" lon="12.425078">
      </trkpt>
      <trkpt lat="49.554056" lon="12.432134">
      </trkpt>
      <trkpt lat="49.550165" lon="12.436108">
      </trkpt>
      <trkpt lat="49.546886" lon="12.437316">
      </trkpt>
      <trkpt lat="49.544881" lon="12.438522">
      </trkpt>
      <trkpt lat="49.539442" lon="12.443702">
      </trkpt>
      <trkpt lat="49.535929" lon="12.442953">
      </trkpt>
      <trkpt lat="49.531742" lon="12.446904">
      </trkpt>
      <trkpt lat="49.531041" lon="12.447471">
      </trkpt>
      <trkpt lat="49.530663" lon="12.447848">
      </trkpt>
      <trkpt lat="49.530099" lon="12.448514">
      </trkpt>
      <trkpt lat="49.529394" lon="12.449521">
      </trkpt>
      <trkpt lat="49.532344" lon="12.451585">
      </trkpt>
      <trkpt lat="49.53581" lon="12.449037">
      </trkpt>
      <trkpt lat="49.5366" lon="12.448609">
      </trkpt>
      <trkpt lat="49.5449" lon="12.451978">
      </trkpt>
      <trkpt lat="49.548414" lon="12.451195">
      </trkpt>
      <trkpt lat="49.549875" lon="12.450909">
      </trkpt>
      <trkpt lat="49.550476" lon="12.450755">
      </trkpt>
      <trkpt lat="49.551218" lon="12.450501">
      </trkpt>
      <trkpt lat="49.55427" lon="12.447397">
      </trkpt>
      <trkpt lat="49.559865" lon="12.443044">
      </trkpt>
      <trkpt lat="49.564542" lon="12.447269">
      </trkpt>
      <trkpt lat="49.565956" lon="12.452783">
      </trkpt>
      <trkpt lat="49.565936" lon="12.453243">
      </trkpt>
      <trkpt lat="49.564017" lon="12.461331">
      </trkpt>
      <trkpt lat="49.561973" lon="12.463371">
      </trkpt>
      <trkpt lat="49.561992" lon="12.463465">
      </trkpt>
      <trkpt lat="49.563382" lon="12.468193">
      </trkpt>
      <trkpt lat="49.563771" lon="12.470569">
      </trkpt>
      <trkpt lat="49.564011" lon="12.472808">
      </trkpt>
      <trkpt lat="49.567592" lon="12.472444">
      </trkpt>
      <trkpt lat="49.569638" lon="12.465724">
      </trkpt>
      <trkpt lat="49.569749" lon="12.464458">
      </trkpt>
      <trkpt lat="49.569748" lon="12.463868">
      </trkpt>
      <trkpt lat="49.575534" lon="12.45846">
      </trkpt>
      <trkpt lat="49.578913" lon="12.459704">
      </trkpt>
      <trkpt lat="49.583065" lon="12.464494">
      </trkpt>
      <trkpt lat="49.583174" lon="12.464956">
      </trkpt>
      <trkpt lat="49.583304" lon="12.465351">
      </trkpt>
      <trkpt lat="49.583951" lon="12.467974">
      </trkpt>
      <trkpt lat="49.583883" lon="12.470478">
      </trkpt>
      <trkpt lat="49.583829" lon="12.470865">
      </trkpt>
      <trkpt lat="49.583411" lon="12.472414">
      </trkpt>
      <trkpt lat="49.583264" lon="12.473114">
      </trkpt>
      <trkpt lat="49.583227" lon="12.473463">
      </trkpt>
      <trkpt lat="49.583218" lon="12.474004">
      </trkpt>
      <trkpt lat="49.582985" lon="12.47595">
      </trkpt>
      <trkpt lat="49.583577" lon="12.477827">
      </trkpt>
      <trkpt lat="49.584155" lon="12.480506">
      </trkpt>
      <trkpt lat="49.579779" lon="12.487926">
      </trkpt>
      <trkpt lat="49.580008" lon="12.488619">
      </trkpt>
      <trkpt lat="49.58022" lon="12.489173">
      </trkpt>
      <trkpt lat="49.580844" lon="12.490447">
      </trkpt>
      <trkpt lat="49.581125" lon="12.490997">
      </trkpt>
      <trkpt lat="49.581663" lon="12.491578">
      </trkpt>
      <trkpt lat="49.583156" lon="12.498946">
      </trkpt>
      <trkpt lat="49.581002" lon="12.501831">
      </trkpt>
      <trkpt lat="49.580262" lon="12.502478">
      </trkpt>
      <trkpt lat="49.580062" lon="12.502727">
      </trkpt>
      <trkpt lat="49.57933" lon="12.503748">
      </trkpt>
      <trkpt lat="49.579431" lon="12.509744">
      </trkpt>
      <trkpt lat="49.579296" lon="12.516574">
      </trkpt>
      <trkpt lat="49.579306" lon="12.517225">
      </trkpt>
      <trkpt lat="49.579531" lon="12.517548">
      </trkpt>
      <trkpt lat="49.58002" lon="12.518027">
      </trkpt>
      <trkpt lat="49.582896" lon="12.520992">
      </trkpt>
      <trkpt lat="49.578435" lon="12.527755">
      </trkpt>
      <trkpt lat="49.576876" lon="12.531781">
      </trkpt>
      <trkpt lat="49.572057" lon="12.536735">
      </trkpt>
      <trkpt lat="49.569635" lon="12.543454">
      </trkpt>
      <trkpt lat="49.566749" lon="12.545758">
      </trkpt>
      <trkpt lat="49.566921" lon="12.549354">
      </trkpt>
      <trkpt lat="49.569527" lon="12.5509">
      </trkpt>
      <trkpt lat="49.570427" lon="12.551263">
      </trkpt>
      <trkpt lat="49.575748" lon="12.556104">
      </trkpt>
      <trkpt lat="49.579899" lon="12.5629">
      </trkpt>
      <trkpt lat="49.574905" lon="12.568579">
      </trkpt>
      <trkpt lat="49.571733" lon="12.570282">
      </trkpt>
      <trkpt lat="49.572203" lon="12.571157">
      </trkpt>
      <trkpt lat="49.572547" lon="12.57163">
      </trkpt>
      <trkpt lat="49.573009" lon="12.572105">
      </trkpt>
      <trkpt lat="49.573291" lon="12.572343">
      </trkpt>
      <trkpt lat="49.573731" lon="12.572605">
      </trkpt>
      <trkpt lat="49.576003" lon="12.574062">
      </trkpt>
      <trkpt lat="49.576548" lon="12.574658">
      </trkpt>
      <trkpt lat="49.57987" lon="12.578805">
      </trkpt>
      <trkpt lat="49.580547" lon="12.580351">
      </trkpt>
      <trkpt lat="49.581174" lon="12.582096">
      </trkpt>
      <trkpt lat="49.58047" lon="12.589345">
      </trkpt>
      <trkpt lat="49.572259" lon="12.589815">
      </trkpt>
      <trkpt lat="49.569031" lon="12.582969">
      </trkpt>
      <trkpt lat="49.56568" lon="12.581653">
      </trkpt>
      <trkpt lat="49.560356" lon="12.586392">
      </trkpt>
      <trkpt lat="49.560455" lon="12.591163">
      </trkpt>
      <trkpt lat="49.562397" lon="12.592902">
      </trkpt>
      <trkpt lat="49.562926" lon="12.593402">
      </trkpt>
      <trkpt lat="49.5634" lon="12.593782">
      </trkpt>
      <trkpt lat="49.563874" lon="12.59403">
      </trkpt>
      <trkpt lat="49.564277" lon="12.594159">
      </trkpt>
      <trkpt lat="49.564933" lon="12.594209">
      </trkpt>
      <trkpt lat="49.566996" lon="12.594475">
      </trkpt>
      <trkpt lat="49.568332" lon="12.594267">
      </trkpt>
      <trkpt lat="49.572521" lon="12.595063">
      </trkpt>
      <trkpt lat="49.572709" lon="12.595182">
      </trkpt>
      <trkpt lat="49.573936" lon="12.596212">
      </trkpt>
      <trkpt lat="49.574264" lon="12.596536">
      </trkpt>
      <trkpt lat="49.574599" lon="12.596818">
      </trkpt>
      <trkpt lat="49.575684" lon="12.59723">
      </trkpt>
      <trkpt lat="49.576441" lon="12.597154">
      </trkpt>
      <trkpt lat="49.57702" lon="12.596888">
      </trkpt>
      <trkpt lat="49.585116" lon="12.599935">
      </trkpt>
      <trkpt lat="49.583924" lon="12.605415">
      </trkpt>
      <trkpt lat="49.581466" lon="12.607494">
      </trkpt>
      <trkpt lat="49.577937" lon="12.608205">
      </trkpt>
      <trkpt lat="49.572647" lon="12.613159">
      </trkpt>
      <trkpt lat="49.569177" lon="12.611108">
      </trkpt>
      <trkpt lat="49.566627" lon="12.604992">
      </trkpt>
      <trkpt lat="49.56582" lon="12.604341">
      </trkpt>
      <trkpt lat="49.56356" lon="12.607143">
      </trkpt>
      <trkpt lat="49.562057" lon="12.615254">
      </trkpt>
      <trkpt lat="49.557647" lon="12.6227">
      </trkpt>
      <trkpt lat="49.559552" lon="12.625755">
      </trkpt>
      <trkpt lat="49.561315" lon="12.631723">
      </trkpt>
      <trkpt lat="49.561008" lon="12.638306">
      </trkpt>
      <trkpt lat="49.563109" lon="12.643908">
      </trkpt>
      <trkpt lat="49.564617" lon="12.647081">
      </trkpt>
      <trkpt lat="49.564694" lon="12.647174">
      </trkpt>
      <trkpt lat="49.565309" lon="12.647849">
      </trkpt>
      <trkpt lat="49.566287" lon="12.648799">
      </trkpt>
      <trkpt lat="49.563812" lon="12.656918">
      </trkpt>
      <trkpt lat="49.563162" lon="12.657118">
      </trkpt>
      <trkpt lat="49.562891" lon="12.657259">
      </trkpt>
      <trkpt lat="49.56158" lon="12.657873">
      </trkpt>
      <trkpt lat="49.560955" lon="12.658251">
      </trkpt>
      <trkpt lat="49.556804" lon="12.659764">
      </trkpt>
      <trkpt lat="49.555908" lon="12.659829">
      </trkpt>
      <trkpt lat="49.555286" lon="12.660037">
      </trkpt>
      <trkpt lat="49.554391" lon="12.660458">
      </trkpt>
      <trkpt lat="49.555925" lon="12.663715">
      </trkpt>
      <trkpt lat="49.557816" lon="12.663598">
      </trkpt>
      <trkpt lat="49.558919" lon="12.663689">
      </trkpt>
      <trkpt lat="49.559444" lon="12.663691">
      </trkpt>
      <trkpt lat="49.560166" lon="12.66355">
      </trkpt>
      <trkpt lat="49.561054" lon="12.663061">
      </trkpt>
      <trkpt lat="49.569011" lon="12.664983">
      </trkpt>
      <trkpt lat="49.566594" lon="12.672175">
      </trkpt>
      <trkpt lat="49.565803" lon="12.672767">
      </trkpt>
      <trkpt lat="49.565593" lon="12.673038">
      </trkpt>
      <trkpt lat="49.567917" lon="12.675537">
      </trkpt>
      <trkpt lat="49.569297" lon="12.678887">
      </trkpt>
      <trkpt lat="49.569472" lon="12.681245">
      </trkpt>
      <trkpt lat="49.566132" lon="12.687783">
      </trkpt>
      <trkpt lat="49.562593" lon="12.68844">
      </trkpt>
      <trkpt lat="49.56278" lon="12.689449">
      </trkpt>
      <trkpt lat="49.563353" lon="12.691223">
      </trkpt>
      <trkpt lat="49.5562" lon="12.696429">
      </trkpt>
      <trkpt lat="49.552968" lon="12.698014">
      </trkpt>
      <trkpt lat="49.554144" lon="12.700413">
      </trkpt>
      <trkpt lat="49.554846" lon="12.701469">
      </trkpt>
      <trkpt lat="49.557164" lon="12.705307">
      </trkpt>
      <trkpt lat="49.558449" lon="12.706714">
      </trkpt>
      <trkpt lat="49.558969" lon="12.707344">
      </trkpt>
      <trkpt lat="49.559535" lon="12.70808">
      </trkpt>
      <trkpt lat="49.560829" lon="12.716307">
      </trkpt>
      <trkpt lat="49.561024" lon="12.716353">
      </trkpt>
      <trkpt lat="49.561509" lon="12.716413">
      </trkpt>
      <trkpt lat="49.565663" lon="12.717478">
      </trkpt>
      <trkpt lat="49.571061" lon="12.722946">
      </trkpt>
      <trkpt lat="49.571521" lon="12.725004">
      </trkpt>
      <trkpt lat="49.571791" lon="12.726453">
      </trkpt>
      <trkpt lat="49.572216" lon="12.72854">
      </trkpt>
      <trkpt lat="49.572784" lon="12.730192">
      </trkpt>
      <trkpt lat="49.573238" lon="12.736502">
      </trkpt>
      <trkpt lat="49.573275" lon="12.739055">
      </trkpt>
      <trkpt lat="49.568941" lon="12.746351">
      </trkpt>
      <trkpt lat="49.565644" lon="12.747799">
      </trkpt>
      <trkpt lat="49.564013" lon="12.752458">
      </trkpt>
      <trkpt lat="49.563778" lon="12.753074">
      </trkpt>
      <trkpt lat="49.563122" lon="12.754697">
      </trkpt>
      <trkpt lat="49.562568" lon="12.756193">
      </trkpt>
      <trkpt lat="49.561602" lon="12.758574">
      </trkpt>
      <trkpt lat="49.555552" lon="12.762635">
      </trkpt>
      <trkpt lat="49.553092" lon="12.765263">
      </trkpt>
      <trkpt lat="49.554052" lon="12.773822">
      </trkpt>
      <trkpt lat="49.553098" lon="12.776505">
      </trkpt>
      <trkpt lat="49.55313" lon="12.776551">
      </trkpt>
      <trkpt lat="49.556511" lon="12.778706">
      </trkpt>
      <trkpt lat="49.560166" lon="12.781556">
      </trkpt>
      <trkpt lat="49.563727" lon="12.781924">
      </trkpt>
      <trkpt lat="49.566191" lon="12.788769">
      </trkpt>
      <trkpt lat="49.560957" lon="12.795732">
      </trkpt>
      <trkpt lat="49.559282" lon="12.795998">
      </trkpt>
      <trkpt lat="49.557536" lon="12.799146">
      </trkpt>
      <trkpt lat="49.557756" lon="12.799268">
      </trkpt>
      <trkpt lat="49.560879" lon="12.799401">
      </trkpt>
      <trkpt lat="49.560549" lon="12.808102">
      </trkpt>
      <trkpt lat="49.559924" lon="12.808304">
      </trkpt>
      <trkpt lat="49.559111" lon="12.808729">
      </trkpt>
      <trkpt lat="49.55839" lon="12.809108">
      </trkpt>
      <trkpt lat="49.554024" lon="12.810895">
      </trkpt>
      <trkpt lat="49.550482" lon="12.811543">
      </trkpt>
      <trkpt lat="49.548765" lon="12.816886">
      </trkpt>
      <trkpt lat="49.550763" lon="12.818956">
      </trkpt>
      <trkpt lat="49.552298" lon="12.82185">
      </trkpt>
      <trkpt lat="49.55258" lon="12.822346">
      </trkpt>
      <trkpt lat="49.553188" lon="12.823265">
      </trkpt>
      <trkpt lat="49.554542" lon="12.828325">
      </trkpt>
      <trkpt lat="49.554508" lon="12.829682">
      </trkpt>
      <trkpt lat="49.551503" lon="12.838103">
      </trkpt>
      <trkpt lat="49.551486" lon="12.838136">
      </trkpt>
      <trkpt lat="49.551456" lon="12.838335">
      </trkpt>
      <trkpt lat="49.551536" lon="12.83929">
      </trkpt>
      <trkpt lat="49.550447" lon="12.843511">
      </trkpt>
      <trkpt lat="49.550549" lon="12.844732">
      </trkpt>
      <trkpt lat="49.544217" lon="12.850243">
      </trkpt>
      <trkpt lat="49.54101" lon="12.846042">
      </trkpt>
      <trkpt lat="49.540998" lon="12.845254">
      </trkpt>
      <trkpt lat="49.540933" lon="12.844641">
      </trkpt>
      <trkpt lat="49.540757" lon="12.843691">
      </trkpt>
      <trkpt lat="49.5405" lon="12.843051">
      </trkpt>
      <trkpt lat="49.53963" lon="12.839532">
      </trkpt>
      <trkpt lat="49.539455" lon="12.838732">
      </trkpt>
      <trkpt lat="49.539284" lon="12.837598">
      </trkpt>
      <trkpt lat="49.539046" lon="12.836428">
      </trkpt>
      <trkpt lat="49.538483" lon="12.834829">
      </trkpt>
      <trkpt lat="49.537315" lon="12.829032">
      </trkpt>
      <trkpt lat="49.537301" lon="12.828736">
      </trkpt>
      <trkpt lat="49.533705" lon="12.828904">
      </trkpt>
      <trkpt lat="49.533679" lon="12.829065">
      </trkpt>
      <trkpt lat="49.53361" lon="12.830163">
      </trkpt>
      <trkpt lat="49.533568" lon="12.830669">
      </trkpt>
      <trkpt lat="49.533503" lon="12.831203">
      </trkpt>
      <trkpt lat="49.533464" lon="12.831877">
      </trkpt>
      <trkpt lat="49.533484" lon="12.832441">
      </trkpt>
      <trkpt lat="49.533556" lon="12.83298">
      </trkpt>
      <trkpt lat="49.533704" lon="12.833549">
      </trkpt>
      <trkpt lat="49.534199" lon="12.834551">
      </trkpt>
      <trkpt lat="49.534643" lon="12.835525">
      </trkpt>
      <trkpt lat="49.535895" lon="12.839264">
      </trkpt>
      <trkpt lat="49.53611" lon="12.840286">
      </trkpt>
      <trkpt lat="49.536611" lon="12.843305">
      </trkpt>
      <trkpt lat="49.534436" lon="12.851112">
      </trkpt>
      <trkpt lat="49.534337" lon="12.851681">
      </trkpt>
      <trkpt lat="49.534293" lon="12.854154">
      </trkpt>
      <trkpt lat="49.534284" lon="12.85604">
      </trkpt>
      <trkpt lat="49.534304" lon="12.856538">
      </trkpt>
      <trkpt lat="49.534375" lon="12.857125">
      </trkpt>
      <trkpt lat="49.534489" lon="12.857648">
      </trkpt>
      <trkpt lat="49.534653" lon="12.858833">
      </trkpt>
      <trkpt lat="49.534688" lon="12.859281">
      </trkpt>
      <trkpt lat="49.531618" lon="12.867016">
      </trkpt>
      <trkpt lat="49.530877" lon="12.867435">
      </trkpt>
      <trkpt lat="49.529053" lon="12.868137">
      </trkpt>
      <trkpt lat="49.528428" lon="12.868504">
      </trkpt>
      <trkpt lat="49.521115" lon="12.872845">
      </trkpt>
      <trkpt lat="49.520082" lon="12.873166">
      </trkpt>
      <trkpt lat="49.518983" lon="12.873599">
      </trkpt>
      <trkpt lat="49.517841" lon="12.874165">
      </trkpt>
      <trkpt lat="49.511325" lon="12.873674">
      </trkpt>
      <trkpt lat="49.509077" lon="12.866829">
      </trkpt>
      <trkpt lat="49.509232" lon="12.86626">
      </trkpt>
      <trkpt lat="49.510203" lon="12.863431">
      </trkpt>
      <trkpt lat="49.511273" lon="12.860483">
      </trkpt>
      <trkpt lat="49.512273" lon="12.857893">
      </trkpt>
      <trkpt lat="49.513325" lon="12.855147">
      </trkpt>
      <trkpt lat="49.513499" lon="12.854521">
      </trkpt>
      <trkpt lat="49.514011" lon="12.852096">
      </trkpt>
      <trkpt lat="49.514061" lon="12.851256">
      </trkpt>
      <trkpt lat="49.513874" lon="12.847654">
      </trkpt>
      <trkpt lat="49.513941" lon="12.843383">
      </trkpt>
      <trkpt lat="49.514353" lon="12.840859">
      </trkpt>
      <trkpt lat="49.51784" lon="12.83398">
      </trkpt>
      <trkpt lat="49.518549" lon="12.832576">
      </trkpt>
      <trkpt lat="49.518978" lon="12.831752">
      </trkpt>
      <trkpt lat="49.519901" lon="12.830413">
      </trkpt>
      <trkpt lat="49.519984" lon="12.830015">
      </trkpt>
      <trkpt lat="49.520143" lon="12.828852">
      </trkpt>
      <trkpt lat="49.520366" lon="12.825729">
      </trkpt>
      <trkpt lat="49.52038" lon="12.824783">
      </trkpt>
      <trkpt lat="49.520382" lon="12.823186">
      </trkpt>
      <trkpt lat="49.514742" lon="12.817781">
      </trkpt>
      <trkpt lat="49.515" lon="12.81387">
      </trkpt>
      <trkpt lat="49.514989" lon="12.812237">
      </trkpt>
      <trkpt lat="49.51492" lon="12.810516">
      </trkpt>
      <trkpt lat="49.51494" lon="12.808255">
      </trkpt>
      <trkpt lat="49.514809" lon="12.805573">
      </trkpt>
      <trkpt lat="49.512153" lon="12.805548">
      </trkpt>
      <trkpt lat="49.509156" lon="12.805931">
      </trkpt>
      <trkpt lat="49.508598" lon="12.806119">
      </trkpt>
      <trkpt lat="49.507368" lon="12.811418">
      </trkpt>
      <trkpt lat="49.50784" lon="12.811773">
      </trkpt>
      <trkpt lat="49.510525" lon="12.820015">
      </trkpt>
      <trkpt lat="49.502222" lon="12.82339">
      </trkpt>
      <trkpt lat="49.499274" lon="12.821324">
      </trkpt>
      <trkpt lat="49.49666" lon="12.820774">
      </trkpt>
      <trkpt lat="49.49334" lon="12.821707">
      </trkpt>
      <trkpt lat="49.493354" lon="12.82191">
      </trkpt>
      <trkpt lat="49.493491" lon="12.823904">
      </trkpt>
      <trkpt lat="49.493628" lon="12.825904">
      </trkpt>
      <trkpt lat="49.493688" lon="12.826315">
      </trkpt>
      <trkpt lat="49.493907" lon="12.826943">
      </trkpt>
      <trkpt lat="49.494229" lon="12.827468">
      </trkpt>
      <trkpt lat="49.495724" lon="12.830328">
      </trkpt>
      <trkpt lat="49.4959" lon="12.830849">
      </trkpt>
      <trkpt lat="49.494687" lon="12.839452">
      </trkpt>
      <trkpt lat="49.494123" lon="12.8397">
      </trkpt>
      <trkpt lat="49.493527" lon="12.839942">
      </trkpt>
      <trkpt lat="49.485929" lon="12.837069">
      </trkpt>
      <trkpt lat="49.482341" lon="12.837359">
      </trkpt>
      <trkpt lat="49.48074" lon="12.841996">
      </trkpt>
      <trkpt lat="49.476597" lon="12.845841">
      </trkpt>
      <trkpt lat="49.476375" lon="12.848017">
      </trkpt>
      <trkpt lat="49.476337" lon="12.84846">
      </trkpt>
      <trkpt lat="49.477613" lon="12.849295">
      </trkpt>
      <trkpt lat="49.47855" lon="12.849158">
      </trkpt>
      <trkpt lat="49.482876" lon="12.856918">
      </trkpt>
      <trkpt lat="49.480316" lon="12.859088">
      </trkpt>
      <trkpt lat="49.472101" lon="12.860785">
      </trkpt>
      <trkpt lat="49.468946" lon="12.862519">
      </trkpt>
      <trkpt lat="49.470132" lon="12.864676">
      </trkpt>
      <trkpt lat="49.463099" lon="12.870245">
      </trkpt>
      <trkpt lat="49.460952" lon="12.868375">
      </trkpt>
      <trkpt lat="49.460656" lon="12.868054">
      </trkpt>
      <trkpt lat="49.460063" lon="12.867509">
      </trkpt>
      <trkpt lat="49.458502" lon="12.861071">
      </trkpt>
      <trkpt lat="49.458654" lon="12.860582">
      </trkpt>
      <trkpt lat="49.45873" lon="12.860165">
      </trkpt>
      <trkpt lat="49.462043" lon="12.856094">
      </trkpt>
      <trkpt lat="49.462392" lon="12.8555">
      </trkpt>
      <trkpt lat="49.462925" lon="12.854141">
      </trkpt>
      <trkpt lat="49.462226" lon="12.848599">
      </trkpt>
      <trkpt lat="49.462919" lon="12.846761">
      </trkpt>
      <trkpt lat="49.463497" lon="12.845546">
      </trkpt>
      <trkpt lat="49.463723" lon="12.844961">
      </trkpt>
      <trkpt lat="49.463825" lon="12.844597">
      </trkpt>
      <trkpt lat="49.463937" lon="12.844063">
      </trkpt>
      <trkpt lat="49.464418" lon="12.841901">
      </trkpt>
      <trkpt lat="49.461314" lon="12.840077">
      </trkpt>
      <trkpt lat="49.461075" lon="12.840484">
      </trkpt>
      <trkpt lat="49.460877" lon="12.840929">
      </trkpt>
      <trkpt lat="49.458202" lon="12.844799">
      </trkpt>
      <trkpt lat="49.457448" lon="12.847247">
      </trkpt>
      <trkpt lat="49.450052" lon="12.851837">
      </trkpt>
      <trkpt lat="49.448368" lon="12.848995">
      </trkpt>
      <trkpt lat="49.446693" lon="12.846169">
      </trkpt>
      <trkpt lat="49.445523" lon="12.84415">
      </trkpt>
      <trkpt lat="49.444711" lon="12.842816">
      </trkpt>
      <trkpt lat="49.443424" lon="12.839562">
      </trkpt>
      <trkpt lat="49.442314" lon="12.834173">
      </trkpt>
      <trkpt lat="49.442111" lon="12.833161">
      </trkpt>
      <trkpt lat="49.439993" lon="12.832707">
      </trkpt>
      <trkpt lat="49.439492" lon="12.83307">
      </trkpt>
      <trkpt lat="49.438581" lon="12.83387">
      </trkpt>
      <trkpt lat="49.438886" lon="12.836558">
      </trkpt>
      <trkpt lat="49.440176" lon="12.841731">
      </trkpt>
      <trkpt lat="49.440398" lon="12.84273">
      </trkpt>
      <trkpt lat="49.44124" lon="12.847667">
      </trkpt>
      <trkpt lat="49.445271" lon="12.850831">
      </trkpt>
      <trkpt lat="49.446955" lon="12.853672">
      </trkpt>
      <trkpt lat="49.448577" lon="12.856404">
      </trkpt>
      <trkpt lat="49.450199" lon="12.859134">
      </trkpt>
      <trkpt lat="49.451821" lon="12.861864">
      </trkpt>
      <trkpt lat="49.449055" lon="12.869641">
      </trkpt>
      <trkpt lat="49.441885" lon="12.867089">
      </trkpt>
      <trkpt lat="49.441464" lon="12.866199">
      </trkpt>
      <trkpt lat="49.441069" lon="12.865722">
      </trkpt>
      <trkpt lat="49.440805" lon="12.865442">
      </trkpt>
      <trkpt lat="49.438182" lon="12.867907">
      </trkpt>
      <trkpt lat="49.434133" lon="12.875322">
      </trkpt>
      <trkpt lat="49.433016" lon="12.876366">
      </trkpt>
      <trkpt lat="49.435004" lon="12.881003">
      </trkpt>
      <trkpt lat="49.43857" lon="12.880508">
      </trkpt>
      <trkpt lat="49.442267" lon="12.88088">
      </trkpt>
      <trkpt lat="49.448217" lon="12.886798">
      </trkpt>
      <trkpt lat="49.446645" lon="12.889654">
      </trkpt>
      <trkpt lat="49.444854" lon="12.890979">
      </trkpt>
      <trkpt lat="49.445307" lon="12.89455">
      </trkpt>
      <trkpt lat="49.445359" lon="12.899572">
      </trkpt>
      <trkpt lat="49.448872" lon="12.900355">
      </trkpt>
      <trkpt lat="49.454167" lon="12.907328">
      </trkpt>
      <trkpt lat="49.452279" lon="12.908986">
      </trkpt>
      <trkpt lat="49.451632" lon="12.909628">
      </trkpt>
      <trkpt lat="49.444903" lon="12.912626">
      </trkpt>
      <trkpt lat="49.442326" lon="12.912549">
      </trkpt>
      <trkpt lat="49.437516" lon="12.913488">
      </trkpt>
      <trkpt lat="49.43735" lon="12.913586">
      </trkpt>
      <trkpt lat="49.436288" lon="12.914619">
      </trkpt>
      <trkpt lat="49.436593" lon="12.921998">
      </trkpt>
      <trkpt lat="49.436604" lon="12.922153">
      </trkpt>
      <trkpt lat="49.438057" lon="12.92517">
      </trkpt>
      <trkpt lat="49.436755" lon="12.931322">
      </trkpt>
      <trkpt lat="49.436862" lon="12.932322">
      </trkpt>
      <trkpt lat="49.436935" lon="12.933074">
      </trkpt>
      <trkpt lat="49.437292" lon="12.940184">
      </trkpt>
      <trkpt lat="49.437704" lon="12.941613">
      </trkpt>
      <trkpt lat="49.43798" lon="12.942466">
      </trkpt>
      <trkpt lat="49.438576" lon="12.944061">
      </trkpt>
      <trkpt lat="49.438727" lon="12.944448">
      </trkpt>
      <trkpt lat="49.438946" lon="12.944922">
      </trkpt>
      <trkpt lat="49.44148" lon="12.947152">
      </trkpt>
      <trkpt lat="49.444514" lon="12.94909">
      </trkpt>
      <trkpt lat="49.449688" lon="12.955817">
      </trkpt>
      <trkpt lat="49.44701" lon="12.964175">
      </trkpt>
      <trkpt lat="49.444826" lon="12.965467">
      </trkpt>
      <trkpt lat="49.444311" lon="12.966019">
      </trkpt>
      <trkpt lat="49.443303" lon="12.967499">
      </trkpt>
      <trkpt lat="49.443091" lon="12.967875">
      </trkpt>
      <trkpt lat="49.443683" lon="12.968774">
      </trkpt>
      <trkpt lat="49.446149" lon="12.969659">
      </trkpt>
      <trkpt lat="49.446229" lon="12.96964">
      </trkpt>
      <trkpt lat="49.453887" lon="12.972162">
      </trkpt>
      <trkpt lat="49.454335" lon="12.975306">
      </trkpt>
      <trkpt lat="49.454703" lon="12.978386">
      </trkpt>
      <trkpt lat="49.455042" lon="12.980132">
      </trkpt>
      <trkpt lat="49.455043" lon="12.982098">
      </trkpt>
      <trkpt lat="49.454976" lon="12.982873">
      </trkpt>
      <trkpt lat="49.45487" lon="12.983572">
      </trkpt>
      <trkpt lat="49.454518" lon="12.984827">
      </trkpt>
      <trkpt lat="49.454434" lon="12.98561">
      </trkpt>
      <trkpt lat="49.454459" lon="12.986275">
      </trkpt>
      <trkpt lat="49.447731" lon="12.991972">
      </trkpt>
      <trkpt lat="49.446877" lon="12.9917">
      </trkpt>
      <trkpt lat="49.442685" lon="12.98416">
      </trkpt>
      <trkpt lat="49.443583" lon="12.983232">
      </trkpt>
      <trkpt lat="49.444277" lon="12.982094">
      </trkpt>
      <trkpt lat="49.442487" lon="12.97897">
      </trkpt>
      <trkpt lat="49.442258" lon="12.979101">
      </trkpt>
      <trkpt lat="49.439466" lon="12.980225">
      </trkpt>
      <trkpt lat="49.435866" lon="12.980215">
      </trkpt>
      <trkpt lat="49.432147" lon="12.973878">
      </trkpt>
      <trkpt lat="49.430453" lon="12.971105">
      </trkpt>
      <trkpt lat="49.429753" lon="12.97043">
      </trkpt>
      <trkpt lat="49.428878" lon="12.970518">
      </trkpt>
      <trkpt lat="49.426894" lon="12.970565">
      </trkpt>
      <trkpt lat="49.426072" lon="12.971678">
      </trkpt>
      <trkpt lat="49.419611" lon="12.976782">
      </trkpt>
      <trkpt lat="49.419527" lon="12.97713">
      </trkpt>
      <trkpt lat="49.419332" lon="12.978019">
      </trkpt>
      <trkpt lat="49.41927" lon="12.978393">
      </trkpt>
      <trkpt lat="49.419231" lon="12.978849">
      </trkpt>
      <trkpt lat="49.419226" lon="12.979217">
      </trkpt>
      <trkpt lat="49.413814" lon="12.986159">
      </trkpt>
      <trkpt lat="49.413619" lon="12.986298">
      </trkpt>
      <trkpt lat="49.413555" lon="12.98635">
      </trkpt>
      <trkpt lat="49.412863" lon="12.988213">
      </trkpt>
      <trkpt lat="49.412864" lon="12.98882">
      </trkpt>
      <trkpt lat="49.412896" lon="12.989279">
      </trkpt>
      <trkpt lat="49.412986" lon="12.989725">
      </trkpt>
      <trkpt lat="49.413486" lon="12.992343">
      </trkpt>
      <trkpt lat="49.41098" lon="12.998854">
      </trkpt>
      <trkpt lat="49.408928" lon="13.002358">
      </trkpt>
      <trkpt lat="49.411312" lon="13.005056">
      </trkpt>
      <trkpt lat="49.413091" lon="13.008547">
      </trkpt>
      <trkpt lat="49.410051" lon="13.014475">
      </trkpt>
      <trkpt lat="49.409975" lon="13.014625">
      </trkpt>
      <trkpt lat="49.408338" lon="13.017658">
      </trkpt>
      <trkpt lat="49.408476" lon="13.017774">
      </trkpt>
      <trkpt lat="49.409585" lon="13.018204">
      </trkpt>
      <trkpt lat="49.410999" lon="13.017948">
      </trkpt>
      <trkpt lat="49.412325" lon="13.017581">
      </trkpt>
      <trkpt lat="49.41381" lon="13.017071">
      </trkpt>
      <trkpt lat="49.417878" lon="13.016291">
      </trkpt>
      <trkpt lat="49.42102" lon="13.01731">
      </trkpt>
      <trkpt lat="49.423901" lon="13.018224">
      </trkpt>
      <trkpt lat="49.427399" lon="13.019333">
      </trkpt>
      <trkpt lat="49.430168" lon="13.020245">
      </trkpt>
      <trkpt lat="49.433499" lon="13.022522">
      </trkpt>
      <trkpt lat="49.428385" lon="13.029569">
      </trkpt>
      <trkpt lat="49.427447" lon="13.029309">
      </trkpt>
      <trkpt lat="49.426405" lon="13.029591">
      </trkpt>
      <trkpt lat="49.423419" lon="13.030588">
      </trkpt>
      <trkpt lat="49.420016" lon="13.030945">
      </trkpt>
      <trkpt lat="49.419187" lon="13.030829">
      </trkpt>
      <trkpt lat="49.418576" lon="13.030914">
      </trkpt>
      <trkpt lat="49.41804" lon="13.031093">
      </trkpt>
      <trkpt lat="49.416692" lon="13.032117">
      </trkpt>
      <trkpt lat="49.411462" lon="13.033501">
      </trkpt>
      <trkpt lat="49.407977" lon="13.032598">
      </trkpt>
      <trkpt lat="49.406744" lon="13.034616">
      </trkpt>
      <trkpt lat="49.404807" lon="13.03765">
      </trkpt>
      <trkpt lat="49.405115" lon="13.037847">
      </trkpt>
      <trkpt lat="49.408834" lon="13.040985">
      </trkpt>
      <trkpt lat="49.403777" lon="13.04698">
      </trkpt>
      <trkpt lat="49.396244" lon="13.048641">
      </trkpt>
      <trkpt lat="49.393736" lon="13.046501">
      </trkpt>
      <trkpt lat="49.391452" lon="13.046269">
      </trkpt>
      <trkpt lat="49.391183" lon="13.046237">
      </trkpt>
      <trkpt lat="49.391144" lon="13.046268">
      </trkpt>
      <trkpt lat="49.390463" lon="13.048">
      </trkpt>
      <trkpt lat="49.39065" lon="13.048409">
      </trkpt>
      <trkpt lat="49.392748" lon="13.052962">
      </trkpt>
      <trkpt lat="49.394032" lon="13.053977">
      </trkpt>
      <trkpt lat="49.394497" lon="13.054327">
      </trkpt>
      <trkpt lat="49.399832" lon="13.060396">
      </trkpt>
      <trkpt lat="49.396422" lon="13.067371">
      </trkpt>
      <trkpt lat="49.393393" lon="13.06907">
      </trkpt>
      <trkpt lat="49.391738" lon="13.071365">
      </trkpt>
      <trkpt lat="49.391061" lon="13.078541">
      </trkpt>
      <trkpt lat="49.390184" lon="13.080755">
      </trkpt>
      <trkpt lat="49.389779" lon="13.081748">
      </trkpt>
      <trkpt lat="49.389607" lon="13.082348">
      </trkpt>
      <trkpt lat="49.389569" lon="13.082618">
      </trkpt>
      <trkpt lat="49.391878" lon="13.083953">
      </trkpt>
      <trkpt lat="49.395478" lon="13.0839">
      </trkpt>
      <trkpt lat="49.40107" lon="13.09081">
      </trkpt>
      <trkpt lat="49.402874" lon="13.09246">
      </trkpt>
      <trkpt lat="49.399241" lon="13.099703">
      </trkpt>
      <trkpt lat="49.398307" lon="13.099919">
      </trkpt>
      <trkpt lat="49.391824" lon="13.098087">
      </trkpt>
      <trkpt lat="49.38843" lon="13.099289">
      </trkpt>
      <trkpt lat="49.388599" lon="13.099764">
      </trkpt>
      <trkpt lat="49.389525" lon="13.102214">
      </trkpt>
      <trkpt lat="49.389871" lon="13.104013">
      </trkpt>
      <trkpt lat="49.390273" lon="13.105477">
      </trkpt>
      <trkpt lat="49.390665" lon="13.106541">
      </trkpt>
      <trkpt lat="49.391153" lon="13.107596">
      </trkpt>
      <trkpt lat="49.392042" lon="13.10932">
      </trkpt>
      <trkpt lat="49.393093" lon="13.116678">
      </trkpt>
      <trkpt lat="49.393736" lon="13.117868">
      </trkpt>
      <trkpt lat="49.393927" lon="13.124386">
      </trkpt>
      <trkpt lat="49.393052" lon="13.125705">
      </trkpt>
      <trkpt lat="49.392439" lon="13.127667">
      </trkpt>
      <trkpt lat="49.383671" lon="13.126956">
      </trkpt>
      <trkpt lat="49.383304" lon="13.125979">
      </trkpt>
      <trkpt lat="49.378431" lon="13.122842">
      </trkpt>
      <trkpt lat="49.376869" lon="13.120653">
      </trkpt>
      <trkpt lat="49.374803" lon="13.112608">
      </trkpt>
      <trkpt lat="49.374106" lon="13.111303">
      </trkpt>
      <trkpt lat="49.373227" lon="13.109032">
      </trkpt>
      <trkpt lat="49.368488" lon="13.102132">
      </trkpt>
      <trkpt lat="49.369312" lon="13.097819">
      </trkpt>
      <trkpt lat="49.369367" lon="13.097234">
      </trkpt>
      <trkpt lat="49.371175" lon="13.092279">
      </trkpt>
      <trkpt lat="49.371622" lon="13.090838">
      </trkpt>
      <trkpt lat="49.369371" lon="13.088029">
      </trkpt>
      <trkpt lat="49.368918" lon="13.088392">
      </trkpt>
      <trkpt lat="49.368529" lon="13.088781">
      </trkpt>
      <trkpt lat="49.368079" lon="13.089484">
      </trkpt>
      <trkpt lat="49.367523" lon="13.090631">
      </trkpt>
      <trkpt lat="49.363598" lon="13.096558">
      </trkpt>
      <trkpt lat="49.360486" lon="13.098367">
      </trkpt>
      <trkpt lat="49.359955" lon="13.105993">
      </trkpt>
      <trkpt lat="49.36396" lon="13.10978">
      </trkpt>
      <trkpt lat="49.364819" lon="13.115118">
      </trkpt>
      <trkpt lat="49.364805" lon="13.115222">
      </trkpt>
      <trkpt lat="49.363617" lon="13.121974">
      </trkpt>
      <trkpt lat="49.360213" lon="13.123146">
      </trkpt>
      <trkpt lat="49.355019" lon="13.129333">
      </trkpt>
      <trkpt lat="49.353583" lon="13.130208">
      </trkpt>
      <trkpt lat="49.350523" lon="13.131631">
      </trkpt>
      <trkpt lat="49.34842" lon="13.134553">
      </trkpt>
      <trkpt lat="49.349903" lon="13.142886">
      </trkpt>
      <trkpt lat="49.347362" lon="13.145743">
      </trkpt>
      <trkpt lat="49.344716" lon="13.148001">
      </trkpt>
      <trkpt lat="49.342212" lon="13.150587">
      </trkpt>
      <trkpt lat="49.341754" lon="13.158097">
      </trkpt>
      <trkpt lat="49.340411" lon="13.162692">
      </trkpt>
      <trkpt lat="49.338696" lon="13.165857">
      </trkpt>
      <trkpt lat="49.339458" lon="13.16627">
      </trkpt>
      <trkpt lat="49.340624" lon="13.166959">
      </trkpt>
      <trkpt lat="49.34121" lon="13.167196">
      </trkpt>
      <trkpt lat="49.346475" lon="13.174404">
      </trkpt>
      <trkpt lat="49.343655" lon="13.181817">
      </trkpt>
      <trkpt lat="49.340251" lon="13.182987">
      </trkpt>
      <trkpt lat="49.340673" lon="13.184215">
      </trkpt>
      <trkpt lat="49.341578" lon="13.186361">
      </trkpt>
      <trkpt lat="49.341789" lon="13.188087">
      </trkpt>
      <trkpt lat="49.341986" lon="13.188852">
      </trkpt>
      <trkpt lat="49.342186" lon="13.189453">
      </trkpt>
      <trkpt lat="49.342558" lon="13.190213">
      </trkpt>
      <trkpt lat="49.343737" lon="13.192307">
      </trkpt>
      <trkpt lat="49.344197" lon="13.192971">
      </trkpt>
      <trkpt lat="49.344764" lon="13.19357">
      </trkpt>
      <trkpt lat="49.345901" lon="13.194876">
      </trkpt>
      <trkpt lat="49.346668" lon="13.196597">
      </trkpt>
      <trkpt lat="49.346881" lon="13.198126">
      </trkpt>
      <trkpt lat="49.346984" lon="13.198612">
      </trkpt>
      <trkpt lat="49.347113" lon="13.199053">
      </trkpt>
      <trkpt lat="49.347525" lon="13.199991">
      </trkpt>
      <trkpt lat="49.347899" lon="13.207287">
      </trkpt>
      <trkpt lat="49.340369" lon="13.207526">
      </trkpt>
      <trkpt lat="49.338299" lon="13.203395">
      </trkpt>
      <trkpt lat="49.337377" lon="13.201572">
      </trkpt>
      <trkpt lat="49.336441" lon="13.199723">
      </trkpt>
      <trkpt lat="49.335927" lon="13.198774">
      </trkpt>
      <trkpt lat="49.335462" lon="13.198114">
      </trkpt>
      <trkpt lat="49.335109" lon="13.1977">
      </trkpt>
      <trkpt lat="49.334553" lon="13.197159">
      </trkpt>
      <trkpt lat="49.332267" lon="13.195073">
      </trkpt>
      <trkpt lat="49.332112" lon="13.194848">
      </trkpt>
      <trkpt lat="49.330907" lon="13.192777">
      </trkpt>
      <trkpt lat="49.329702" lon="13.190706">
      </trkpt>
      <trkpt lat="49.328497" lon="13.188635">
      </trkpt>
      <trkpt lat="49.32806" lon="13.182218">
      </trkpt>
      <trkpt lat="49.325358" lon="13.179838">
      </trkpt>
      <trkpt lat="49.321957" lon="13.176014">
      </trkpt>
      <trkpt lat="49.317172" lon="13.172683">
      </trkpt>
      <trkpt lat="49.314164" lon="13.174662">
      </trkpt>
      <trkpt lat="49.315215" lon="13.176259">
      </trkpt>
      <trkpt lat="49.315705" lon="13.176967">
      </trkpt>
      <trkpt lat="49.316459" lon="13.177954">
      </trkpt>
      <trkpt lat="49.320028" lon="13.184938">
      </trkpt>
      <trkpt lat="49.320139" lon="13.185214">
      </trkpt>
      <trkpt lat="49.320401" lon="13.18567">
      </trkpt>
      <trkpt lat="49.320791" lon="13.186069">
      </trkpt>
      <trkpt lat="49.321604" lon="13.186449">
      </trkpt>
      <trkpt lat="49.325385" lon="13.190445">
      </trkpt>
      <trkpt lat="49.32659" lon="13.192516">
      </trkpt>
      <trkpt lat="49.323742" lon="13.199331">
      </trkpt>
      <trkpt lat="49.321279" lon="13.201956">
      </trkpt>
      <trkpt lat="49.320724" lon="13.204125">
      </trkpt>
      <trkpt lat="49.321307" lon="13.207193">
      </trkpt>
      <trkpt lat="49.322521" lon="13.210401">
      </trkpt>
      <trkpt lat="49.322232" lon="13.217749">
      </trkpt>
      <trkpt lat="49.320606" lon="13.219591">
      </trkpt>
      <trkpt lat="49.32289" lon="13.222373">
      </trkpt>
      <trkpt lat="49.323736" lon="13.221679">
      </trkpt>
      <trkpt lat="49.324022" lon="13.221404">
      </trkpt>
      <trkpt lat="49.324432" lon="13.220896">
      </trkpt>
      <trkpt lat="49.325196" lon="13.219792">
      </trkpt>
      <trkpt lat="49.325994" lon="13.21838">
      </trkpt>
      <trkpt lat="49.33455" lon="13.220274">
      </trkpt>
      <trkpt lat="49.334033" lon="13.223679">
      </trkpt>
      <trkpt lat="49.333644" lon="13.224634">
      </trkpt>
      <trkpt lat="49.333283" lon="13.225736">
      </trkpt>
      <trkpt lat="49.331986" lon="13.227664">
      </trkpt>
      <trkpt lat="49.331745" lon="13.234417">
      </trkpt>
      <trkpt lat="49.329678" lon="13.237796">
      </trkpt>
      <trkpt lat="49.329833" lon="13.238879">
      </trkpt>
      <trkpt lat="49.33124" lon="13.240431">
      </trkpt>
      <trkpt lat="49.33534" lon="13.247815">
      </trkpt>
      <trkpt lat="49.334671" lon="13.251336">
      </trkpt>
      <trkpt lat="49.334744" lon="13.251797">
      </trkpt>
      <trkpt lat="49.33489" lon="13.252156">
      </trkpt>
      <trkpt lat="49.335282" lon="13.253175">
      </trkpt>
      <trkpt lat="49.335704" lon="13.253862">
      </trkpt>
      <trkpt lat="49.337424" lon="13.254599">
      </trkpt>
      <trkpt lat="49.340041" lon="13.255099">
      </trkpt>
      <trkpt lat="49.34541" lon="13.25911">
      </trkpt>
      <trkpt lat="49.345855" lon="13.2622">
      </trkpt>
      <trkpt lat="49.344727" lon="13.265842">
      </trkpt>
      <trkpt lat="49.343103" lon="13.269299">
      </trkpt>
      <trkpt lat="49.34276" lon="13.269964">
      </trkpt>
      <trkpt lat="49.341488" lon="13.273469">
      </trkpt>
      <trkpt lat="49.334365" lon="13.275319">
      </trkpt>
      <trkpt lat="49.332502" lon="13.272186">
      </trkpt>
      <trkpt lat="49.332374" lon="13.27178">
      </trkpt>
      <trkpt lat="49.32894" lon="13.272858">
      </trkpt>
      <trkpt lat="49.328133" lon="13.276878">
      </trkpt>
      <trkpt lat="49.328031" lon="13.27789">
      </trkpt>
      <trkpt lat="49.326278" lon="13.284734">
      </trkpt>
      <trkpt lat="49.318154" lon="13.287129">
      </trkpt>
      <trkpt lat="49.316342" lon="13.287888">
      </trkpt>
      <trkpt lat="49.314846" lon="13.288549">
      </trkpt>
      <trkpt lat="49.310038" lon="13.292742">
      </trkpt>
      <trkpt lat="49.309324" lon="13.293452">
      </trkpt>
      <trkpt lat="49.306118" lon="13.29843">
      </trkpt>
      <trkpt lat="49.301882" lon="13.304407">
      </trkpt>
      <trkpt lat="49.301343" lon="13.306548">
      </trkpt>
      <trkpt lat="49.301382" lon="13.306603">
      </trkpt>
      <trkpt lat="49.301897" lon="13.307089">
      </trkpt>
      <trkpt lat="49.302425" lon="13.307338">
      </trkpt>
      <trkpt lat="49.30332" lon="13.307388">
      </trkpt>
      <trkpt lat="49.304322" lon="13.307054">
      </trkpt>
      <trkpt lat="49.30647" lon="13.306219">
      </trkpt>
      <trkpt lat="49.306972" lon="13.306003">
      </trkpt>
      <trkpt lat="49.308767" lon="13.304711">
      </trkpt>
      <trkpt lat="49.310608" lon="13.303556">
      </trkpt>
      <trkpt lat="49.313267" lon="13.301896">
      </trkpt>
      <trkpt lat="49.31746" lon="13.301047">
      </trkpt>
      <trkpt lat="49.320768" lon="13.302455">
      </trkpt>
      <trkpt lat="49.322017" lon="13.308831">
      </trkpt>
      <trkpt lat="49.321698" lon="13.30956">
      </trkpt>
      <trkpt lat="49.315291" lon="13.312885">
      </trkpt>
      <trkpt lat="49.313532" lon="13.316026">
      </trkpt>
      <trkpt lat="49.314537" lon="13.317797">
      </trkpt>
      <trkpt lat="49.316649" lon="13.317817">
      </trkpt>
      <trkpt lat="49.318672" lon="13.317755">
      </trkpt>
      <trkpt lat="49.319505" lon="13.317627">
      </trkpt>
      <trkpt lat="49.326482" lon="13.320213">
      </trkpt>
      <trkpt lat="49.330079" lon="13.320341">
      </trkpt>
      <trkpt lat="49.338263" lon="13.320461">
      </trkpt>
      <trkpt lat="49.339281" lon="13.321945">
      </trkpt>
      <trkpt lat="49.340683" lon="13.330244">
      </trkpt>
      <trkpt lat="49.337793" lon="13.333948">
      </trkpt>
      <trkpt lat="49.331999" lon="13.333476">
      </trkpt>
      <trkpt lat="49.331627" lon="13.333206">
      </trkpt>
      <trkpt lat="49.33113" lon="13.332965">
      </trkpt>
      <trkpt lat="49.330552" lon="13.332633">
      </trkpt>
      <trkpt lat="49.330041" lon="13.332284">
      </trkpt>
      <trkpt lat="49.328008" lon="13.330824">
      </trkpt>
      <trkpt lat="49.324474" lon="13.331512">
      </trkpt>
      <trkpt lat="49.324393" lon="13.33906">
      </trkpt>
      <trkpt lat="49.325404" lon="13.339343">
      </trkpt>
      <trkpt lat="49.32659" lon="13.339531">
      </trkpt>
      <trkpt lat="49.331854" lon="13.340757">
      </trkpt>
      <trkpt lat="49.33292" lon="13.341832">
      </trkpt>
      <trkpt lat="49.328435" lon="13.349153">
      </trkpt>
      <trkpt lat="49.327711" lon="13.349319">
      </trkpt>
      <trkpt lat="49.324256" lon="13.350994">
      </trkpt>
      <trkpt lat="49.320404" lon="13.35222">
      </trkpt>
      <trkpt lat="49.316907" lon="13.353076">
      </trkpt>
      <trkpt lat="49.31517" lon="13.357609">
      </trkpt>
      <trkpt lat="49.314608" lon="13.360542">
      </trkpt>
      <trkpt lat="49.312576" lon="13.368096">
      </trkpt>
      <trkpt lat="49.315321" lon="13.370425">
      </trkpt>
      <trkpt lat="49.320584" lon="13.36793">
      </trkpt>
      <trkpt lat="49.322185" lon="13.366225">
      </trkpt>
      <trkpt lat="49.32449" lon="13.363525">
      </trkpt>
      <trkpt lat="49.332241" lon="13.366316">
      </trkpt>
      <trkpt lat="49.332402" lon="13.367866">
      </trkpt>
      <trkpt lat="49.332531" lon="13.368384">
      </trkpt>
      <trkpt lat="49.332712" lon="13.368854">
      </trkpt>
      <trkpt lat="49.333738" lon="13.370105">
      </trkpt>
      <trkpt lat="49.334771" lon="13.370692">
      </trkpt>
      <trkpt lat="49.338003" lon="13.372416">
      </trkpt>
      <trkpt lat="49.339077" lon="13.374373">
      </trkpt>
      <trkpt lat="49.331787" lon="13.379362">
      </trkpt>
      <trkpt lat="49.331461" lon="13.379643">
      </trkpt>
      <trkpt lat="49.330417" lon="13.381273">
      </trkpt>
      <trkpt lat="49.33004" lon="13.381771">
      </trkpt>
      <trkpt lat="49.329812" lon="13.382205">
      </trkpt>
      <trkpt lat="49.327423" lon="13.385155">
      </trkpt>
      <trkpt lat="49.32529" lon="13.390263">
      </trkpt>
      <trkpt lat="49.32469" lon="13.393661">
      </trkpt>
      <trkpt lat="49.324617" lon="13.394045">
      </trkpt>
      <trkpt lat="49.32458" lon="13.394408">
      </trkpt>
      <trkpt lat="49.324566" lon="13.394731">
      </trkpt>
      <trkpt lat="49.328162" lon="13.394886">
      </trkpt>
      <trkpt lat="49.333849" lon="13.393302">
      </trkpt>
      <trkpt lat="49.337448" lon="13.393227">
      </trkpt>
      <trkpt lat="49.341492" lon="13.392155">
      </trkpt>
      <trkpt lat="49.348902" lon="13.389942">
      </trkpt>
      <trkpt lat="49.351189" lon="13.390257">
      </trkpt>
      <trkpt lat="49.355023" lon="13.397294">
      </trkpt>
      <trkpt lat="49.354793" lon="13.398041">
      </trkpt>
      <trkpt lat="49.353905" lon="13.400175">
      </trkpt>
      <trkpt lat="49.353715" lon="13.400578">
      </trkpt>
      <trkpt lat="49.353213" lon="13.401886">
      </trkpt>
      <trkpt lat="49.35284" lon="13.402862">
      </trkpt>
      <trkpt lat="49.3524" lon="13.403777">
      </trkpt>
      <trkpt lat="49.352176" lon="13.404522">
      </trkpt>
      <trkpt lat="49.351501" lon="13.407517">
      </trkpt>
      <trkpt lat="49.351384" lon="13.408153">
      </trkpt>
      <trkpt lat="49.351212" lon="13.409364">
      </trkpt>
      <trkpt lat="49.348664" lon="13.41782">
      </trkpt>
      <trkpt lat="49.344809" lon="13.422212">
      </trkpt>
      <trkpt lat="49.343941" lon="13.424169">
      </trkpt>
      <trkpt lat="49.34413" lon="13.424538">
      </trkpt>
      <trkpt lat="49.345278" lon="13.425782">
      </trkpt>
      <trkpt lat="49.347467" lon="13.426389">
      </trkpt>
      <trkpt lat="49.351039" lon="13.426839">
      </trkpt>
      <trkpt lat="49.354575" lon="13.422369">
      </trkpt>
      <trkpt lat="49.355396" lon="13.421626">
      </trkpt>
      <trkpt lat="49.355642" lon="13.421261">
      </trkpt>
      <trkpt lat="49.355126" lon="13.415725">
      </trkpt>
      <trkpt lat="49.355266" lon="13.415156">
      </trkpt>
      <trkpt lat="49.355401" lon="13.414453">
      </trkpt>
      <trkpt lat="49.355479" lon="13.41391">
      </trkpt>
      <trkpt lat="49.355734" lon="13.410674">
      </trkpt>
      <trkpt lat="49.355978" lon="13.407548">
      </trkpt>
      <trkpt lat="49.356028" lon="13.407007">
      </trkpt>
      <trkpt lat="49.361926" lon="13.40037">
      </trkpt>
      <trkpt lat="49.363107" lon="13.399992">
      </trkpt>
      <trkpt lat="49.363696" lon="13.399657">
      </trkpt>
      <trkpt lat="49.371435" lon="13.403497">
      </trkpt>
      <trkpt lat="49.373879" lon="13.40614">
      </trkpt>
      <trkpt lat="49.377286" lon="13.41163">
      </trkpt>
      <trkpt lat="49.378662" lon="13.414957">
      </trkpt>
      <trkpt lat="49.375719" lon="13.422429">
      </trkpt>
      <trkpt lat="49.371233" lon="13.425105">
      </trkpt>
      <trkpt lat="49.367667" lon="13.4256">
      </trkpt>
      <trkpt lat="49.367757" lon="13.426247">
      </trkpt>
      <trkpt lat="49.368147" lon="13.427557">
      </trkpt>
      <trkpt lat="49.368491" lon="13.429264">
      </trkpt>
      <trkpt lat="49.363459" lon="13.436439">
      </trkpt>
      <trkpt lat="49.36211" lon="13.436973">
      </trkpt>
      <trkpt lat="49.361712" lon="13.437272">
      </trkpt>
      <trkpt lat="49.361242" lon="13.437788">
      </trkpt>
      <trkpt lat="49.360601" lon="13.438766">
      </trkpt>
      <trkpt lat="49.363613" lon="13.440739">
      </trkpt>
      <trkpt lat="49.366649" lon="13.442517">
      </trkpt>
      <trkpt lat="49.369657" lon="13.445675">
      </trkpt>
      <trkpt lat="49.369738" lon="13.453421">
      </trkpt>
      <trkpt lat="49.36953" lon="13.453867">
      </trkpt>
      <trkpt lat="49.368827" lon="13.455437">
      </trkpt>
      <trkpt lat="49.368668" lon="13.456087">
      </trkpt>
      <trkpt lat="49.375659" lon="13.46135">
      </trkpt>
      <trkpt lat="49.375859" lon="13.461718">
      </trkpt>
      <trkpt lat="49.37607" lon="13.462036">
      </trkpt>
      <trkpt lat="49.37715" lon="13.466289">
      </trkpt>
      <trkpt lat="49.372959" lon="13.472055">
      </trkpt>
      <trkpt lat="49.372527" lon="13.472228">
      </trkpt>
      <trkpt lat="49.371523" lon="13.472749">
      </trkpt>
      <trkpt lat="49.371215" lon="13.472941">
      </trkpt>
      <trkpt lat="49.368274" lon="13.475025">
      </trkpt>
      <trkpt lat="49.361037" lon="13.477997">
      </trkpt>
      <trkpt lat="49.359577" lon="13.477755">
      </trkpt>
      <trkpt lat="49.355774" lon="13.476185">
      </trkpt>
      <trkpt lat="49.353557" lon="13.479022">
      </trkpt>
      <trkpt lat="49.355118" lon="13.480241">
      </trkpt>
      <trkpt lat="49.356678" lon="13.48146">
      </trkpt>
      <trkpt lat="49.357055" lon="13.481691">
      </trkpt>
      <trkpt lat="49.359733" lon="13.482845">
      </trkpt>
      <trkpt lat="49.363331" lon="13.482944">
      </trkpt>
      <trkpt lat="49.366077" lon="13.478773">
      </trkpt>
      <trkpt lat="49.370355" lon="13.477963">
      </trkpt>
      <trkpt lat="49.373124" lon="13.486506">
      </trkpt>
      <trkpt lat="49.372194" lon="13.487688">
      </trkpt>
      <trkpt lat="49.373553" lon="13.491022">
      </trkpt>
      <trkpt lat="49.373901" lon="13.49088">
      </trkpt>
      <trkpt lat="49.380989" lon="13.49506">
      </trkpt>
      <trkpt lat="49.379748" lon="13.49816">
      </trkpt>
      <trkpt lat="49.379619" lon="13.498953">
      </trkpt>
      <trkpt lat="49.379483" lon="13.500126">
      </trkpt>
      <trkpt lat="49.379869" lon="13.501455">
      </trkpt>
      <trkpt lat="49.380737" lon="13.504847">
      </trkpt>
      <trkpt lat="49.380945" lon="13.507533">
      </trkpt>
      <trkpt lat="49.381051" lon="13.508726">
      </trkpt>
      <trkpt lat="49.381211" lon="13.511216">
      </trkpt>
      <trkpt lat="49.376477" lon="13.517897">
      </trkpt>
      <trkpt lat="49.37565" lon="13.518694">
      </trkpt>
      <trkpt lat="49.375348" lon="13.519427">
      </trkpt>
      <trkpt lat="49.373141" lon="13.523998">
      </trkpt>
      <trkpt lat="49.372756" lon="13.524771">
      </trkpt>
      <trkpt lat="49.368455" lon="13.532461">
      </trkpt>
      <trkpt lat="49.363786" lon="13.537651">
      </trkpt>
      <trkpt lat="49.360521" lon="13.540893">
      </trkpt>
      <trkpt lat="49.352085" lon="13.543878">
      </trkpt>
      <trkpt lat="49.351924" lon="13.547475">
      </trkpt>
      <trkpt lat="49.356922" lon="13.550181">
      </trkpt>
      <trkpt lat="49.362236" lon="13.555619">
      </trkpt>
      <trkpt lat="49.362787" lon="13.557789">
      </trkpt>
      <trkpt lat="49.366276" lon="13.556903">
      </trkpt>
      <trkpt lat="49.370492" lon="13.564576">
      </trkpt>
      <trkpt lat="49.369409" lon="13.566183">
      </trkpt>
      <trkpt lat="49.37178" lon="13.568893">
      </trkpt>
      <trkpt lat="49.372296" lon="13.568441">
      </trkpt>
      <trkpt lat="49.372928" lon="13.567677">
      </trkpt>
      <trkpt lat="49.373421" lon="13.566857">
      </trkpt>
      <trkpt lat="49.375057" lon="13.564453">
      </trkpt>
      <trkpt lat="49.37558" lon="13.563743">
      </trkpt>
      <trkpt lat="49.37607" lon="13.562802">
      </trkpt>
      <trkpt lat="49.376595" lon="13.56182">
      </trkpt>
      <trkpt lat="49.381165" lon="13.557789">
      </trkpt>
      <trkpt lat="49.382221" lon="13.555392">
      </trkpt>
      <trkpt lat="49.382281" lon="13.554834">
      </trkpt>
      <trkpt lat="49.381267" lon="13.549448">
      </trkpt>
      <trkpt lat="49.381677" lon="13.547605">
      </trkpt>
      <trkpt lat="49.38229" lon="13.54497">
      </trkpt>
      <trkpt lat="49.382358" lon="13.544555">
      </trkpt>
      <trkpt lat="49.38244" lon="13.543312">
      </trkpt>
      <trkpt lat="49.382475" lon="13.542441">
      </trkpt>
      <trkpt lat="49.382473" lon="13.540479">
      </trkpt>
      <trkpt lat="49.382927" lon="13.537482">
      </trkpt>
      <trkpt lat="49.38332" lon="13.536178">
      </trkpt>
      <trkpt lat="49.383453" lon="13.535552">
      </trkpt>
      <trkpt lat="49.383513" lon="13.534937">
      </trkpt>
      <trkpt lat="49.383463" lon="13.534171">
      </trkpt>
      <trkpt lat="49.383322" lon="13.533427">
      </trkpt>
      <trkpt lat="49.38321" lon="13.533009">
      </trkpt>
      <trkpt lat="49.3827" lon="13.531756">
      </trkpt>
      <trkpt lat="49.382314" lon="13.528919">
      </trkpt>
      <trkpt lat="49.382438" lon="13.527582">
      </trkpt>
      <trkpt lat="49.382437" lon="13.52712">
      </trkpt>
      <trkpt lat="49.382331" lon="13.526098">
      </trkpt>
      <trkpt lat="49.384034" lon="13.520104">
      </trkpt>
      <trkpt lat="49.385024" lon="13.516576">
      </trkpt>
      <trkpt lat="49.385911" lon="13.515433">
      </trkpt>
      <trkpt lat="49.394902" lon="13.515731">
      </trkpt>
      <trkpt lat="49.394971" lon="13.516222">
      </trkpt>
      <trkpt lat="49.395105" lon="13.516811">
      </trkpt>
      <trkpt lat="49.395359" lon="13.517398">
      </trkpt>
      <trkpt lat="49.396223" lon="13.518733">
      </trkpt>
      <trkpt lat="49.39633" lon="13.518953">
      </trkpt>
      <trkpt lat="49.39687" lon="13.520747">
      </trkpt>
      <trkpt lat="49.397367" lon="13.522364">
      </trkpt>
      <trkpt lat="49.397946" lon="13.525352">
      </trkpt>
      <trkpt lat="49.398436" lon="13.528462">
      </trkpt>
      <trkpt lat="49.398411" lon="13.528845">
      </trkpt>
      <trkpt lat="49.398374" lon="13.530076">
      </trkpt>
      <trkpt lat="49.398252" lon="13.530935">
      </trkpt>
      <trkpt lat="49.398231" lon="13.531483">
      </trkpt>
      <trkpt lat="49.398285" lon="13.532258">
      </trkpt>
      <trkpt lat="49.398445" lon="13.533333">
      </trkpt>
      <trkpt lat="49.398583" lon="13.533882">
      </trkpt>
      <trkpt lat="49.399988" lon="13.536321">
      </trkpt>
      <trkpt lat="49.403596" lon="13.538313">
      </trkpt>
      <trkpt lat="49.408088" lon="13.54449">
      </trkpt>
      <trkpt lat="49.407884" lon="13.546488">
      </trkpt>
      <trkpt lat="49.407625" lon="13.54867">
      </trkpt>
      <trkpt lat="49.407567" lon="13.549075">
      </trkpt>
      <trkpt lat="49.407557" lon="13.549468">
      </trkpt>
      <trkpt lat="49.407453" lon="13.552035">
      </trkpt>
      <trkpt lat="49.406501" lon="13.556825">
      </trkpt>
      <trkpt lat="49.399395" lon="13.556905">
      </trkpt>
      <trkpt lat="49.398784" lon="13.556118">
      </trkpt>
      <trkpt lat="49.39837" lon="13.555687">
      </trkpt>
      <trkpt lat="49.397741" lon="13.554902">
      </trkpt>
      <trkpt lat="49.397472" lon="13.554609">
      </trkpt>
      <trkpt lat="49.397139" lon="13.554287">
      </trkpt>
      <trkpt lat="49.396995" lon="13.554132">
      </trkpt>
      <trkpt lat="49.396485" lon="13.553547">
      </trkpt>
      <trkpt lat="49.394173" lon="13.556306">
      </trkpt>
      <trkpt lat="49.394169" lon="13.556362">
      </trkpt>
      <trkpt lat="49.394461" lon="13.556693">
      </trkpt>
      <trkpt lat="49.394951" lon="13.557178">
      </trkpt>
      <trkpt lat="49.393759" lon="13.565918">
      </trkpt>
      <trkpt lat="49.393737" lon="13.569139">
      </trkpt>
      <trkpt lat="49.393151" lon="13.57126">
      </trkpt>
      <trkpt lat="49.393068" lon="13.57179">
      </trkpt>
      <trkpt lat="49.39303" lon="13.572306">
      </trkpt>
      <trkpt lat="49.393047" lon="13.572935">
      </trkpt>
      <trkpt lat="49.393046" lon="13.572989">
      </trkpt>
      <trkpt lat="49.39207" lon="13.576513">
      </trkpt>
      <trkpt lat="49.385678" lon="13.57994">
      </trkpt>
      <trkpt lat="49.382098" lon="13.580319">
      </trkpt>
      <trkpt lat="49.380188" lon="13.581008">
      </trkpt>
      <trkpt lat="49.379226" lon="13.582673">
      </trkpt>
      <trkpt lat="49.379234" lon="13.582936">
      </trkpt>
      <trkpt lat="49.379251" lon="13.584008">
      </trkpt>
      <trkpt lat="49.37931" lon="13.584502">
      </trkpt>
      <trkpt lat="49.379602" lon="13.585247">
      </trkpt>
      <trkpt lat="49.38" lon="13.585701">
      </trkpt>
      <trkpt lat="49.382822" lon="13.5914">
      </trkpt>
      <trkpt lat="49.380091" lon="13.595256">
      </trkpt>
      <trkpt lat="49.375841" lon="13.597716">
      </trkpt>
      <trkpt lat="49.373244" lon="13.600209">
      </trkpt>
      <trkpt lat="49.374226" lon="13.601232">
      </trkpt>
      <trkpt lat="49.374533" lon="13.601509">
      </trkpt>
      <trkpt lat="49.375007" lon="13.601847">
      </trkpt>
      <trkpt lat="49.375655" lon="13.602155">
      </trkpt>
      <trkpt lat="49.379284" lon="13.604544">
      </trkpt>
      <trkpt lat="49.382336" lon="13.605571">
      </trkpt>
      <trkpt lat="49.385144" lon="13.607823">
      </trkpt>
      <trkpt lat="49.384821" lon="13.614832">
      </trkpt>
      <trkpt lat="49.38437" lon="13.615518">
      </trkpt>
      <trkpt lat="49.383952" lon="13.616268">
      </trkpt>
      <trkpt lat="49.3829" lon="13.618165">
      </trkpt>
      <trkpt lat="49.382832" lon="13.625282">
      </trkpt>
      <trkpt lat="49.377058" lon="13.630504">
      </trkpt>
      <trkpt lat="49.375316" lon="13.630958">
      </trkpt>
      <trkpt lat="49.374157" lon="13.631634">
      </trkpt>
      <trkpt lat="49.37398" lon="13.632177">
      </trkpt>
      <trkpt lat="49.375573" lon="13.634549">
      </trkpt>
      <trkpt lat="49.379782" lon="13.636792">
      </trkpt>
      <trkpt lat="49.383133" lon="13.635475">
      </trkpt>
      <trkpt lat="49.39186" lon="13.637582">
      </trkpt>
      <trkpt lat="49.392699" lon="13.638739">
      </trkpt>
      <trkpt lat="49.394057" lon="13.645581">
      </trkpt>
      <trkpt lat="49.389337" lon="13.65026">
      </trkpt>
      <trkpt lat="49.389319" lon="13.651009">
      </trkpt>
      <trkpt lat="49.389565" lon="13.652331">
      </trkpt>
      <trkpt lat="49.389627" lon="13.652856">
      </trkpt>
      <trkpt lat="49.389881" lon="13.653523">
      </trkpt>
      <trkpt lat="49.390332" lon="13.654767">
      </trkpt>
      <trkpt lat="49.390569" lon="13.655642">
      </trkpt>
      <trkpt lat="49.390924" lon="13.656372">
      </trkpt>
      <trkpt lat="49.391852" lon="13.657128">
      </trkpt>
      <trkpt lat="49.392373" lon="13.657392">
      </trkpt>
      <trkpt lat="49.393217" lon="13.657512">
      </trkpt>
      <trkpt lat="49.398727" lon="13.660916">
      </trkpt>
      <trkpt lat="49.394983" lon="13.668564">
      </trkpt>
      <trkpt lat="49.392815" lon="13.673733">
      </trkpt>
      <trkpt lat="49.388191" lon="13.674732">
      </trkpt>
      <trkpt lat="49.386606" lon="13.674347">
      </trkpt>
      <trkpt lat="49.385908" lon="13.674363">
      </trkpt>
      <trkpt lat="49.37972" lon="13.670986">
      </trkpt>
      <trkpt lat="49.37971" lon="13.66679">
      </trkpt>
      <trkpt lat="49.379793" lon="13.666316">
      </trkpt>
      <trkpt lat="49.379795" lon="13.665904">
      </trkpt>
      <trkpt lat="49.37971" lon="13.665422">
      </trkpt>
      <trkpt lat="49.379622" lon="13.665165">
      </trkpt>
      <trkpt lat="49.379403" lon="13.664634">
      </trkpt>
      <trkpt lat="49.376213" lon="13.665938">
      </trkpt>
      <trkpt lat="49.376076" lon="13.666011">
      </trkpt>
      <trkpt lat="49.374856" lon="13.666977">
      </trkpt>
      <trkpt lat="49.374616" lon="13.667766">
      </trkpt>
      <trkpt lat="49.373196" lon="13.671973">
      </trkpt>
      <trkpt lat="49.372921" lon="13.672749">
      </trkpt>
      <trkpt lat="49.377014" lon="13.675725">
      </trkpt>
      <trkpt lat="49.378802" lon="13.678856">
      </trkpt>
      <trkpt lat="49.377784" lon="13.685462">
      </trkpt>
      <trkpt lat="49.377433" lon="13.686001">
      </trkpt>
      <trkpt lat="49.376914" lon="13.68671">
      </trkpt>
      <trkpt lat="49.37523" lon="13.688495">
      </trkpt>
      <trkpt lat="49.374287" lon="13.689519">
      </trkpt>
      <trkpt lat="49.366616" lon="13.692029">
      </trkpt>
      <trkpt lat="49.362114" lon="13.693609">
      </trkpt>
      <trkpt lat="49.358722" lon="13.694816">
      </trkpt>
      <trkpt lat="49.356093" lon="13.702425">
      </trkpt>
      <trkpt lat="49.358361" lon="13.703968">
      </trkpt>
      <trkpt lat="49.362153" lon="13.711186">
      </trkpt>
      <trkpt lat="49.362792" lon="13.712873">
      </trkpt>
      <trkpt lat="49.363077" lon="13.713481">
      </trkpt>
      <trkpt lat="49.366337" lon="13.711952">
      </trkpt>
      <trkpt lat="49.371088" lon="13.706148">
      </trkpt>
      <trkpt lat="49.37515" lon="13.705945">
      </trkpt>
      <trkpt lat="49.377034" lon="13.706438">
      </trkpt>
      <trkpt lat="49.378032" lon="13.706533">
      </trkpt>
      <trkpt lat="49.383186" lon="13.709038">
      </trkpt>
      <trkpt lat="49.385414" lon="13.714449">
      </trkpt>
      <trkpt lat="49.39135" lon="13.719951">
      </trkpt>
      <trkpt lat="49.394102" lon="13.721688">
      </trkpt>
      <trkpt lat="49.399153" lon="13.725808">
      </trkpt>
      <trkpt lat="49.402879" lon="13.733391">
      </trkpt>
      <trkpt lat="49.402338" lon="13.735469">
      </trkpt>
      <trkpt lat="49.402259" lon="13.735808">
      </trkpt>
      <trkpt lat="49.402084" lon="13.736771">
      </trkpt>
      <trkpt lat="49.401512" lon="13.738638">
      </trkpt>
      <trkpt lat="49.399508" lon="13.74346">
      </trkpt>
      <trkpt lat="49.39913" lon="13.744062">
      </trkpt>
      <trkpt lat="49.398955" lon="13.744747">
      </trkpt>
      <trkpt lat="49.398934" lon="13.744984">
      </trkpt>
      <trkpt lat="49.39997" lon="13.747232">
      </trkpt>
      <trkpt lat="49.403548" lon="13.74763">
      </trkpt>
      <trkpt lat="49.411522" lon="13.743729">
      </trkpt>
      <trkpt lat="49.412265" lon="13.743722">
      </trkpt>
      <trkpt lat="49.419706" lon="13.747749">
      </trkpt>
      <trkpt lat="49.421012" lon="13.749342">
      </trkpt>
      <trkpt lat="49.4213" lon="13.749661">
      </trkpt>
      <trkpt lat="49.423649" lon="13.751192">
      </trkpt>
      <trkpt lat="49.422594" lon="13.76008">
      </trkpt>
      <trkpt lat="49.422188" lon="13.760258">
      </trkpt>
      <trkpt lat="49.421663" lon="13.760562">
      </trkpt>
      <trkpt lat="49.423206" lon="13.76359">
      </trkpt>
      <trkpt lat="49.423698" lon="13.764">
      </trkpt>
      <trkpt lat="49.425105" lon="13.764414">
      </trkpt>
      <trkpt lat="49.42584" lon="13.764306">
      </trkpt>
      <trkpt lat="49.426736" lon="13.763809">
      </trkpt>
      <trkpt lat="49.427246" lon="13.763323">
      </trkpt>
      <trkpt lat="49.427645" lon="13.762842">
      </trkpt>
      <trkpt lat="49.428109" lon="13.762127">
      </trkpt>
      <trkpt lat="49.428315" lon="13.761493">
      </trkpt>
      <trkpt lat="49.429785" lon="13.759383">
      </trkpt>
      <trkpt lat="49.43758" lon="13.761102">
      </trkpt>
      <trkpt lat="49.439452" lon="13.764162">
      </trkpt>
      <trkpt lat="49.445707" lon="13.769803">
      </trkpt>
      <trkpt lat="49.44605" lon="13.770792">
      </trkpt>
      <trkpt lat="49.446313" lon="13.771332">
      </trkpt>
      <trkpt lat="49.446558" lon="13.771728">
      </trkpt>
      <trkpt lat="49.448014" lon="13.773742">
      </trkpt>
      <trkpt lat="49.449408" lon="13.775663">
      </trkpt>
      <trkpt lat="49.450628" lon="13.777383">
      </trkpt>
      <trkpt lat="49.451448" lon="13.780084">
      </trkpt>
      <trkpt lat="49.446451" lon="13.786762">
      </trkpt>
      <trkpt lat="49.443675" lon="13.78748">
      </trkpt>
      <trkpt lat="49.436648" lon="13.782471">
      </trkpt>
      <trkpt lat="49.436197" lon="13.780904">
      </trkpt>
      <trkpt lat="49.436045" lon="13.780515">
      </trkpt>
      <trkpt lat="49.435766" lon="13.779982">
      </trkpt>
      <trkpt lat="49.434672" lon="13.778432">
      </trkpt>
      <trkpt lat="49.428962" lon="13.779011">
      </trkpt>
      <trkpt lat="49.428367" lon="13.778893">
      </trkpt>
      <trkpt lat="49.428184" lon="13.779215">
      </trkpt>
      <trkpt lat="49.427595" lon="13.780101">
      </trkpt>
      <trkpt lat="49.41936" lon="13.782864">
      </trkpt>
      <trkpt lat="49.415379" lon="13.781246">
      </trkpt>
      <trkpt lat="49.413837" lon="13.781627">
      </trkpt>
      <trkpt lat="49.412156" lon="13.782849">
      </trkpt>
      <trkpt lat="49.412328" lon="13.784636">
      </trkpt>
      <trkpt lat="49.413685" lon="13.786307">
      </trkpt>
      <trkpt lat="49.415023" lon="13.787024">
      </trkpt>
      <trkpt lat="49.422433" lon="13.78952">
      </trkpt>
      <trkpt lat="49.423001" lon="13.789759">
      </trkpt>
      <trkpt lat="49.423962" lon="13.78986">
      </trkpt>
      <trkpt lat="49.425765" lon="13.789899">
      </trkpt>
      <trkpt lat="49.428529" lon="13.790233">
      </trkpt>
      <trkpt lat="49.429472" lon="13.790493">
      </trkpt>
      <trkpt lat="49.434196" lon="13.796376">
      </trkpt>
      <trkpt lat="49.433524" lon="13.799557">
      </trkpt>
      <trkpt lat="49.433455" lon="13.800159">
      </trkpt>
      <trkpt lat="49.430404" lon="13.807119">
      </trkpt>
      <trkpt lat="49.431261" lon="13.815474">
      </trkpt>
      <trkpt lat="49.430513" lon="13.817094">
      </trkpt>
      <trkpt lat="49.42981" lon="13.818583">
      </trkpt>
      <trkpt lat="49.429573" lon="13.819371">
      </trkpt>
      <trkpt lat="49.430492" lon="13.820497">
      </trkpt>
      <trkpt lat="49.433696" lon="13.822138">
      </trkpt>
      <trkpt lat="49.434405" lon="13.820753">
      </trkpt>
      <trkpt lat="49.439727" lon="13.816644">
      </trkpt>
      <trkpt lat="49.447107" lon="13.817739">
      </trkpt>
      <trkpt lat="49.448128" lon="13.822339">
      </trkpt>
      <trkpt lat="49.447982" lon="13.823197">
      </trkpt>
      <trkpt lat="49.447422" lon="13.825961">
      </trkpt>
      <trkpt lat="49.447052" lon="13.826785">
      </trkpt>
      <trkpt lat="49.446611" lon="13.827546">
      </trkpt>
      <trkpt lat="49.446426" lon="13.828">
      </trkpt>
      <trkpt lat="49.446253" lon="13.82856">
      </trkpt>
      <trkpt lat="49.446106" lon="13.829196">
      </trkpt>
      <trkpt lat="49.446024" lon="13.829853">
      </trkpt>
      <trkpt lat="49.445346" lon="13.832606">
      </trkpt>
      <trkpt lat="49.445278" lon="13.832861">
      </trkpt>
      <trkpt lat="49.445311" lon="13.833157">
      </trkpt>
      <trkpt lat="49.445592" lon="13.834088">
      </trkpt>
      <trkpt lat="49.445658" lon="13.834174">
      </trkpt>
      <trkpt lat="49.448752" lon="13.834217">
      </trkpt>
      <trkpt lat="49.44891" lon="13.833704">
      </trkpt>
      <trkpt lat="49.451481" lon="13.82934">
      </trkpt>
      <trkpt lat="49.457805" lon="13.826474">
      </trkpt>
      <trkpt lat="49.461651" lon="13.832843">
      </trkpt>
      <trkpt lat="49.462617" lon="13.83709">
      </trkpt>
      <trkpt lat="49.468957" lon="13.843287">
      </trkpt>
      <trkpt lat="49.469747" lon="13.844956">
      </trkpt>
      <trkpt lat="49.473001" lon="13.843416">
      </trkpt>
      <trkpt lat="49.472211" lon="13.841748">
      </trkpt>
      <trkpt lat="49.4712" lon="13.839055">
      </trkpt>
      <trkpt lat="49.471024" lon="13.83849">
      </trkpt>
      <trkpt lat="49.470863" lon="13.838132">
      </trkpt>
      <trkpt lat="49.46888" lon="13.831646">
      </trkpt>
      <trkpt lat="49.470401" lon="13.824634">
      </trkpt>
      <trkpt lat="49.469878" lon="13.824373">
      </trkpt>
      <trkpt lat="49.465264" lon="13.817482">
      </trkpt>
      <trkpt lat="49.465102" lon="13.816877">
      </trkpt>
      <trkpt lat="49.464015" lon="13.813775">
      </trkpt>
      <trkpt lat="49.463685" lon="13.812386">
      </trkpt>
      <trkpt lat="49.463555" lon="13.811999">
      </trkpt>
      <trkpt lat="49.463279" lon="13.811439">
      </trkpt>
      <trkpt lat="49.461727" lon="13.808866">
      </trkpt>
      <trkpt lat="49.460228" lon="13.806386">
      </trkpt>
      <trkpt lat="49.460088" lon="13.801871">
      </trkpt>
      <trkpt lat="49.46056" lon="13.799841">
      </trkpt>
      <trkpt lat="49.46064" lon="13.799216">
      </trkpt>
      <trkpt lat="49.461001" lon="13.797146">
      </trkpt>
      <trkpt lat="49.461116" lon="13.796651">
      </trkpt>
      <trkpt lat="49.467081" lon="13.790372">
      </trkpt>
      <trkpt lat="49.468712" lon="13.790057">
      </trkpt>
      <trkpt lat="49.469821" lon="13.789981">
      </trkpt>
      <trkpt lat="49.470401" lon="13.789883">
      </trkpt>
      <trkpt lat="49.47088" lon="13.789672">
      </trkpt>
      <trkpt lat="49.471145" lon="13.789496">
      </trkpt>
      <trkpt lat="49.47351" lon="13.78848">
      </trkpt>
      <trkpt lat="49.47879" lon="13.789596">
      </trkpt>
      <trkpt lat="49.478781" lon="13.796796">
      </trkpt>
      <trkpt lat="49.478147" lon="13.797431">
      </trkpt>
      <trkpt lat="49.47795" lon="13.797756">
      </trkpt>
      <trkpt lat="49.477813" lon="13.798047">
      </trkpt>
      <trkpt lat="49.477142" lon="13.799723">
      </trkpt>
      <trkpt lat="49.476828" lon="13.800563">
      </trkpt>
      <trkpt lat="49.475951" lon="13.802734">
      </trkpt>
      <trkpt lat="49.474409" lon="13.805185">
      </trkpt>
      <trkpt lat="49.473626" lon="13.806478">
      </trkpt>
      <trkpt lat="49.476367" lon="13.808812">
      </trkpt>
      <trkpt lat="49.477803" lon="13.807125">
      </trkpt>
      <trkpt lat="49.478163" lon="13.806592">
      </trkpt>
      <trkpt lat="49.478392" lon="13.806157">
      </trkpt>
      <trkpt lat="49.479257" lon="13.80416">
      </trkpt>
      <trkpt lat="49.481944" lon="13.800366">
      </trkpt>
      <trkpt lat="49.482885" lon="13.799248">
      </trkpt>
      <trkpt lat="49.483167" lon="13.798874">
      </trkpt>
      <trkpt lat="49.485128" lon="13.796858">
      </trkpt>
      <trkpt lat="49.485337" lon="13.796429">
      </trkpt>
      <trkpt lat="49.485507" lon="13.79596">
      </trkpt>
      <trkpt lat="49.48572" lon="13.795195">
      </trkpt>
      <trkpt lat="49.48596" lon="13.794414">
      </trkpt>
      <trkpt lat="49.492033" lon="13.787861">
      </trkpt>
      <trkpt lat="49.496942" lon="13.782808">
      </trkpt>
      <trkpt lat="49.497245" lon="13.779318">
      </trkpt>
      <trkpt lat="49.503074" lon="13.772501">
      </trkpt>
      <trkpt lat="49.503986" lon="13.772951">
      </trkpt>
      <trkpt lat="49.504733" lon="13.773243">
      </trkpt>
      <trkpt lat="49.506533" lon="13.773498">
      </trkpt>
      <trkpt lat="49.506669" lon="13.773128">
      </trkpt>
      <trkpt lat="49.508832" lon="13.769965">
      </trkpt>
      <trkpt lat="49.510725" lon="13.767659">
      </trkpt>
      <trkpt lat="49.512611" lon="13.766534">
      </trkpt>
      <trkpt lat="49.513287" lon="13.766296">
      </trkpt>
      <trkpt lat="49.514153" lon="13.766045">
      </trkpt>
      <trkpt lat="49.514938" lon="13.765926">
      </trkpt>
      <trkpt lat="49.523149" lon="13.769473">
      </trkpt>
      <trkpt lat="49.520215" lon="13.776076">
      </trkpt>
      <trkpt lat="49.51952" lon="13.777021">
      </trkpt>
      <trkpt lat="49.51846" lon="13.778419">
      </trkpt>
      <trkpt lat="49.518676" lon="13.779676">
      </trkpt>
      <trkpt lat="49.518979" lon="13.780354">
      </trkpt>
      <trkpt lat="49.5207" lon="13.781932">
      </trkpt>
      <trkpt lat="49.521027" lon="13.782031">
      </trkpt>
      <trkpt lat="49.526077" lon="13.787319">
      </trkpt>
      <trkpt lat="49.526282" lon="13.789238">
      </trkpt>
      <trkpt lat="49.526416" lon="13.789655">
      </trkpt>
      <trkpt lat="49.526585" lon="13.790004">
      </trkpt>
      <trkpt lat="49.527128" lon="13.791513">
      </trkpt>
      <trkpt lat="49.519366" lon="13.795872">
      </trkpt>
      <trkpt lat="49.517508" lon="13.794484">
      </trkpt>
      <trkpt lat="49.516791" lon="13.794168">
      </trkpt>
      <trkpt lat="49.516165" lon="13.794084">
      </trkpt>
      <trkpt lat="49.514022" lon="13.794254">
      </trkpt>
      <trkpt lat="49.513528" lon="13.794499">
      </trkpt>
      <trkpt lat="49.512066" lon="13.795132">
      </trkpt>
      <trkpt lat="49.510771" lon="13.795572">
      </trkpt>
      <trkpt lat="49.509864" lon="13.795833">
      </trkpt>
      <trkpt lat="49.509179" lon="13.796091">
      </trkpt>
      <trkpt lat="49.506663" lon="13.796823">
      </trkpt>
      <trkpt lat="49.506579" lon="13.796855">
      </trkpt>
      <trkpt lat="49.506484" lon="13.796945">
      </trkpt>
      <trkpt lat="49.506403" lon="13.797059">
      </trkpt>
      <trkpt lat="49.505919" lon="13.797947">
      </trkpt>
      <trkpt lat="49.503097" lon="13.801231">
      </trkpt>
      <trkpt lat="49.503657" lon="13.802113">
      </trkpt>
      <trkpt lat="49.503986" lon="13.80257">
      </trkpt>
      <trkpt lat="49.504508" lon="13.80302">
      </trkpt>
      <trkpt lat="49.509058" lon="13.808667">
      </trkpt>
      <trkpt lat="49.508579" lon="13.815393">
      </trkpt>
      <trkpt lat="49.503739" lon="13.820193">
      </trkpt>
      <trkpt lat="49.502993" lon="13.820631">
      </trkpt>
      <trkpt lat="49.502601" lon="13.821103">
      </trkpt>
      <trkpt lat="49.502404" lon="13.821476">
      </trkpt>
      <trkpt lat="49.502294" lon="13.821773">
      </trkpt>
      <trkpt lat="49.49982" lon="13.826551">
      </trkpt>
      <trkpt lat="49.502158" lon="13.829289">
      </trkpt>
      <trkpt lat="49.502391" lon="13.829179">
      </trkpt>
      <trkpt lat="49.510328" lon="13.827944">
      </trkpt>
      <trkpt lat="49.514491" lon="13.830077">
      </trkpt>
      <trkpt lat="49.517872" lon="13.831314">
      </trkpt>
      <trkpt lat="49.523315" lon="13.83814">
      </trkpt>
      <trkpt lat="49.522229" lon="13.841357">
      </trkpt>
      <trkpt lat="49.520894" lon="13.844691">
      </trkpt>
      <trkpt lat="49.520721" lon="13.845333">
      </trkpt>
      <trkpt lat="49.522691" lon="13.848086">
      </trkpt>
      <trkpt lat="49.526095" lon="13.846912">
      </trkpt>
      <trkpt lat="49.526021" lon="13.846445">
      </trkpt>
      <trkpt lat="49.525872" lon="13.845726">
      </trkpt>
      <trkpt lat="49.528385" lon="13.840664">
      </trkpt>
      <trkpt lat="49.535616" lon="13.844548">
      </trkpt>
      <trkpt lat="49.537314" lon="13.848856">
      </trkpt>
      <trkpt lat="49.537314" lon="13.849236">
      </trkpt>
      <trkpt lat="49.537415" lon="13.85104">
      </trkpt>
      <trkpt lat="49.53731" lon="13.852717">
      </trkpt>
      <trkpt lat="49.536191" lon="13.856139">
      </trkpt>
      <trkpt lat="49.536897" lon="13.859716">
      </trkpt>
      <trkpt lat="49.536931" lon="13.86051">
      </trkpt>
      <trkpt lat="49.537017" lon="13.861116">
      </trkpt>
      <trkpt lat="49.537081" lon="13.861387">
      </trkpt>
      <trkpt lat="49.539382" lon="13.861342">
      </trkpt>
      <trkpt lat="49.539606" lon="13.861211">
      </trkpt>
      <trkpt lat="49.540585" lon="13.860563">
      </trkpt>
      <trkpt lat="49.541024" lon="13.856011">
      </trkpt>
      <trkpt lat="49.541091" lon="13.855473">
      </trkpt>
      <trkpt lat="49.541009" lon="13.850839">
      </trkpt>
      <trkpt lat="49.546823" lon="13.844511">
      </trkpt>
      <trkpt lat="49.552894" lon="13.843761">
      </trkpt>
      <trkpt lat="49.556169" lon="13.838641">
      </trkpt>
      <trkpt lat="49.555567" lon="13.837077">
      </trkpt>
      <trkpt lat="49.551642" lon="13.829805">
      </trkpt>
      <trkpt lat="49.551922" lon="13.821969">
      </trkpt>
      <trkpt lat="49.554149" lon="13.818822">
      </trkpt>
      <trkpt lat="49.555987" lon="13.815925">
      </trkpt>
      <trkpt lat="49.553537" lon="13.812227">
      </trkpt>
      <trkpt lat="49.55024" lon="13.810782">
      </trkpt>
      <trkpt lat="49.546832" lon="13.805206">
      </trkpt>
      <trkpt lat="49.546789" lon="13.804616">
      </trkpt>
      <trkpt lat="49.546785" lon="13.804196">
      </trkpt>
      <trkpt lat="49.546839" lon="13.802837">
      </trkpt>
      <trkpt lat="49.555257" lon="13.800101">
      </trkpt>
      <trkpt lat="49.555516" lon="13.800391">
      </trkpt>
      <trkpt lat="49.55611" lon="13.800887">
      </trkpt>
      <trkpt lat="49.556885" lon="13.801258">
      </trkpt>
      <trkpt lat="49.560429" lon="13.803486">
      </trkpt>
      <trkpt lat="49.561056" lon="13.804295">
      </trkpt>
      <trkpt lat="49.562227" lon="13.805242">
      </trkpt>
      <trkpt lat="49.56299" lon="13.805557">
      </trkpt>
      <trkpt lat="49.563765" lon="13.805738">
      </trkpt>
      <trkpt lat="49.566113" lon="13.806711">
      </trkpt>
      <trkpt lat="49.56715" lon="13.807356">
      </trkpt>
      <trkpt lat="49.567961" lon="13.808001">
      </trkpt>
      <trkpt lat="49.570801" lon="13.814235">
      </trkpt>
      <trkpt lat="49.570817" lon="13.815387">
      </trkpt>
      <trkpt lat="49.571374" lon="13.818288">
      </trkpt>
      <trkpt lat="49.571414" lon="13.819287">
      </trkpt>
      <trkpt lat="49.571525" lon="13.819697">
      </trkpt>
      <trkpt lat="49.571668" lon="13.826466">
      </trkpt>
      <trkpt lat="49.571555" lon="13.826919">
      </trkpt>
      <trkpt lat="49.57148" lon="13.82744">
      </trkpt>
      <trkpt lat="49.571411" lon="13.828224">
      </trkpt>
      <trkpt lat="49.575957" lon="13.828971">
      </trkpt>
      <trkpt lat="49.5789" lon="13.826896">
      </trkpt>
      <trkpt lat="49.586062" lon="13.828093">
      </trkpt>
      <trkpt lat="49.586804" lon="13.832558">
      </trkpt>
      <trkpt lat="49.588962" lon="13.837422">
      </trkpt>
      <trkpt lat="49.592541" lon="13.837032">
      </trkpt>
      <trkpt lat="49.594215" lon="13.831084">
      </trkpt>
      <trkpt lat="49.595867" lon="13.824202">
      </trkpt>
      <trkpt lat="49.604581" lon="13.823104">
      </trkpt>
      <trkpt lat="49.605013" lon="13.823505">
      </trkpt>
      <trkpt lat="49.606046" lon="13.824058">
      </trkpt>
      <trkpt lat="49.608129" lon="13.825607">
      </trkpt>
      <trkpt lat="49.60852" lon="13.825936">
      </trkpt>
      <trkpt lat="49.60916" lon="13.826443">
      </trkpt>
      <trkpt lat="49.609535" lon="13.826726">
      </trkpt>
      <trkpt lat="49.612451" lon="13.835119">
      </trkpt>
      <trkpt lat="49.612268" lon="13.835657">
      </trkpt>
      <trkpt lat="49.612177" lon="13.836063">
      </trkpt>
      <trkpt lat="49.611568" lon="13.83941">
      </trkpt>
      <trkpt lat="49.605477" lon="13.845584">
      </trkpt>
      <trkpt lat="49.604164" lon="13.845489">
      </trkpt>
      <trkpt lat="49.603495" lon="13.845666">
      </trkpt>
      <trkpt lat="49.595185" lon="13.848784">
      </trkpt>
      <trkpt lat="49.593023" lon="13.848552">
      </trkpt>
      <trkpt lat="49.592294" lon="13.848991">
      </trkpt>
      <trkpt lat="49.591863" lon="13.849408">
      </trkpt>
      <trkpt lat="49.591724" lon="13.849777">
      </trkpt>
      <trkpt lat="49.591991" lon="13.850707">
      </trkpt>
      <trkpt lat="49.593207" lon="13.85491">
      </trkpt>
      <trkpt lat="49.590134" lon="13.861002">
      </trkpt>
      <trkpt lat="49.590662" lon="13.863114">
      </trkpt>
      <trkpt lat="49.59137" lon="13.864202">
      </trkpt>
      <trkpt lat="49.591746" lon="13.864351">
      </trkpt>
      <trkpt lat="49.591282" lon="13.873247">
      </trkpt>
      <trkpt lat="49.589464" lon="13.873899">
      </trkpt>
      <trkpt lat="49.58717" lon="13.874532">
      </trkpt>
      <trkpt lat="49.585287" lon="13.87486">
      </trkpt>
      <trkpt lat="49.585905" lon="13.878406">
      </trkpt>
      <trkpt lat="49.587788" lon="13.878079">
      </trkpt>
      <trkpt lat="49.589097" lon="13.877924">
      </trkpt>
      <trkpt lat="49.595522" lon="13.88402">
      </trkpt>
      <trkpt lat="49.594399" lon="13.888837">
      </trkpt>
      <trkpt lat="49.594178" lon="13.889191">
      </trkpt>
      <trkpt lat="49.593894" lon="13.889784">
      </trkpt>
      <trkpt lat="49.589524" lon="13.894799">
      </trkpt>
      <trkpt lat="49.589812" lon="13.901972">
      </trkpt>
      <trkpt lat="49.590012" lon="13.908614">
      </trkpt>
      <trkpt lat="49.593333" lon="13.910003">
      </trkpt>
      <trkpt lat="49.593998" lon="13.908413">
      </trkpt>
      <trkpt lat="49.594191" lon="13.907826">
      </trkpt>
      <trkpt lat="49.594362" lon="13.907039">
      </trkpt>
      <trkpt lat="49.594456" lon="13.906242">
      </trkpt>
      <trkpt lat="49.59528" lon="13.904183">
      </trkpt>
      <trkpt lat="49.603589" lon="13.904282">
      </trkpt>
      <trkpt lat="49.60505" lon="13.904278">
      </trkpt>
      <trkpt lat="49.605362" lon="13.904253">
      </trkpt>
      <trkpt lat="49.607258" lon="13.90389">
      </trkpt>
      <trkpt lat="49.61072" lon="13.902903">
      </trkpt>
      <trkpt lat="49.610632" lon="13.902593">
      </trkpt>
      <trkpt lat="49.610479" lon="13.902203">
      </trkpt>
      <trkpt lat="49.609571" lon="13.900506">
      </trkpt>
      <trkpt lat="49.609371" lon="13.900197">
      </trkpt>
      <trkpt lat="49.608833" lon="13.89968">
      </trkpt>
      <trkpt lat="49.605964" lon="13.89468">
      </trkpt>
      <trkpt lat="49.611048" lon="13.888531">
      </trkpt>
      <trkpt lat="49.617887" lon="13.893386">
      </trkpt>
      <trkpt lat="49.61824" lon="13.897143">
      </trkpt>
      <trkpt lat="49.62044" lon="13.899993">
      </trkpt>
      <trkpt lat="49.622342" lon="13.900168">
      </trkpt>
      <trkpt lat="49.622599" lon="13.900182">
      </trkpt>
      <trkpt lat="49.623678" lon="13.899023">
      </trkpt>
      <trkpt lat="49.623749" lon="13.898769">
      </trkpt>
      <trkpt lat="49.62379" lon="13.897903">
      </trkpt>
      <trkpt lat="49.623324" lon="13.896199">
      </trkpt>
      <trkpt lat="49.62201" lon="13.891267">
      </trkpt>
      <trkpt lat="49.622609" lon="13.888409">
      </trkpt>
      <trkpt lat="49.627101" lon="13.883722">
      </trkpt>
      <trkpt lat="49.629286" lon="13.875574">
      </trkpt>
      <trkpt lat="49.626257" lon="13.873629">
      </trkpt>
      <trkpt lat="49.621098" lon="13.872084">
      </trkpt>
      <trkpt lat="49.620707" lon="13.863251">
      </trkpt>
      <trkpt lat="49.622547" lon="13.862565">
      </trkpt>
      <trkpt lat="49.625346" lon="13.862602">
      </trkpt>
      <trkpt lat="49.626297" lon="13.86272">
      </trkpt>
      <trkpt lat="49.629091" lon="13.862911">
      </trkpt>
      <trkpt lat="49.62965" lon="13.863123">
      </trkpt>
      <trkpt lat="49.630154" lon="13.863216">
      </trkpt>
      <trkpt lat="49.631266" lon="13.863289">
      </trkpt>
      <trkpt lat="49.631933" lon="13.863166">
      </trkpt>
      <trkpt lat="49.6339" lon="13.862411">
      </trkpt>
      <trkpt lat="49.636589" lon="13.861615">
      </trkpt>
      <trkpt lat="49.638454" lon="13.860881">
      </trkpt>
      <trkpt lat="49.639204" lon="13.8591">
      </trkpt>
      <trkpt lat="49.639191" lon="13.858975">
      </trkpt>
      <trkpt lat="49.637538" lon="13.857399">
      </trkpt>
      <trkpt lat="49.636957" lon="13.857552">
      </trkpt>
      <trkpt lat="49.633364" lon="13.856868">
      </trkpt>
      <trkpt lat="49.632706" lon="13.856719">
      </trkpt>
      <trkpt lat="49.632129" lon="13.856697">
      </trkpt>
      <trkpt lat="49.628678" lon="13.858864">
      </trkpt>
      <trkpt lat="49.625003" lon="13.858488">
      </trkpt>
      <trkpt lat="49.624675" lon="13.858343">
      </trkpt>
      <trkpt lat="49.624247" lon="13.85822">
      </trkpt>
      <trkpt lat="49.623765" lon="13.858168">
      </trkpt>
      <trkpt lat="49.62303" lon="13.858286">
      </trkpt>
      <trkpt lat="49.621288" lon="13.85918">
      </trkpt>
      <trkpt lat="49.621002" lon="13.859313">
      </trkpt>
      <trkpt lat="49.61946" lon="13.859874">
      </trkpt>
      <trkpt lat="49.616011" lon="13.861166">
      </trkpt>
      <trkpt lat="49.611124" lon="13.85451">
      </trkpt>
      <trkpt lat="49.614797" lon="13.850772">
      </trkpt>
      <trkpt lat="49.615786" lon="13.850041">
      </trkpt>
      <trkpt lat="49.616988" lon="13.849028">
      </trkpt>
      <trkpt lat="49.618337" lon="13.847833">
      </trkpt>
      <trkpt lat="49.625233" lon="13.847633">
      </trkpt>
      <trkpt lat="49.626473" lon="13.847982">
      </trkpt>
      <trkpt lat="49.627713" lon="13.84807">
      </trkpt>
      <trkpt lat="49.629297" lon="13.847395">
      </trkpt>
      <trkpt lat="49.630758" lon="13.847154">
      </trkpt>
      <trkpt lat="49.637063" lon="13.848003">
      </trkpt>
      <trkpt lat="49.640659" lon="13.848156">
      </trkpt>
      <trkpt lat="49.640724" lon="13.846633">
      </trkpt>
      <trkpt lat="49.646922" lon="13.840235">
      </trkpt>
      <trkpt lat="49.647943" lon="13.839077">
      </trkpt>
      <trkpt lat="49.647842" lon="13.836869">
      </trkpt>
      <trkpt lat="49.647771" lon="13.836592">
      </trkpt>
      <trkpt lat="49.647507" lon="13.836001">
      </trkpt>
      <trkpt lat="49.646899" lon="13.83474">
      </trkpt>
      <trkpt lat="49.645406" lon="13.833456">
      </trkpt>
      <trkpt lat="49.639115" lon="13.828231">
      </trkpt>
      <trkpt lat="49.638464" lon="13.827896">
      </trkpt>
      <trkpt lat="49.635009" lon="13.825914">
      </trkpt>
      <trkpt lat="49.631289" lon="13.820189">
      </trkpt>
      <trkpt lat="49.626961" lon="13.817939">
      </trkpt>
      <trkpt lat="49.618065" lon="13.817767">
      </trkpt>
      <trkpt lat="49.616781" lon="13.81357">
      </trkpt>
      <trkpt lat="49.616861" lon="13.811932">
      </trkpt>
      <trkpt lat="49.618404" lon="13.807722">
      </trkpt>
      <trkpt lat="49.618509" lon="13.805901">
      </trkpt>
      <trkpt lat="49.618901" lon="13.803912">
      </trkpt>
      <trkpt lat="49.61923" lon="13.802926">
      </trkpt>
      <trkpt lat="49.624365" lon="13.796697">
      </trkpt>
      <trkpt lat="49.62727" lon="13.794571">
      </trkpt>
      <trkpt lat="49.625762" lon="13.792511">
      </trkpt>
      <trkpt lat="49.625755" lon="13.785475">
      </trkpt>
      <trkpt lat="49.62328" lon="13.779657">
      </trkpt>
      <trkpt lat="49.625331" lon="13.772625">
      </trkpt>
      <trkpt lat="49.627175" lon="13.771103">
      </trkpt>
      <trkpt lat="49.628186" lon="13.770292">
      </trkpt>
      <trkpt lat="49.630372" lon="13.767882">
      </trkpt>
      <trkpt lat="49.632543" lon="13.765489">
      </trkpt>
      <trkpt lat="49.634" lon="13.761679">
      </trkpt>
      <trkpt lat="49.633005" lon="13.76043">
      </trkpt>
      <trkpt lat="49.630079" lon="13.762526">
      </trkpt>
      <trkpt lat="49.624381" lon="13.757624">
      </trkpt>
      <trkpt lat="49.624395" lon="13.757004">
      </trkpt>
      <trkpt lat="49.624451" lon="13.754196">
      </trkpt>
      <trkpt lat="49.6245" lon="13.753294">
      </trkpt>
      <trkpt lat="49.624728" lon="13.751886">
      </trkpt>
      <trkpt lat="49.624953" lon="13.750696">
      </trkpt>
      <trkpt lat="49.625013" lon="13.750287">
      </trkpt>
      <trkpt lat="49.625051" lon="13.749843">
      </trkpt>
      <trkpt lat="49.629801" lon="13.742301">
      </trkpt>
      <trkpt lat="49.628089" lon="13.739954">
      </trkpt>
      <trkpt lat="49.626635" lon="13.737898">
      </trkpt>
      <trkpt lat="49.625005" lon="13.732202">
      </trkpt>
      <trkpt lat="49.627743" lon="13.727212">
      </trkpt>
      <trkpt lat="49.630468" lon="13.72486">
      </trkpt>
      <trkpt lat="49.630537" lon="13.72426">
      </trkpt>
      <trkpt lat="49.63034" lon="13.723633">
      </trkpt>
      <trkpt lat="49.630093" lon="13.723096">
      </trkpt>
      <trkpt lat="49.62966" lon="13.722286">
      </trkpt>
      <trkpt lat="49.629364" lon="13.721763">
      </trkpt>
      <trkpt lat="49.628896" lon="13.721283">
      </trkpt>
      <trkpt lat="49.624814" lon="13.715573">
      </trkpt>
      <trkpt lat="49.62456" lon="13.714629">
      </trkpt>
      <trkpt lat="49.625524" lon="13.707172">
      </trkpt>
      <trkpt lat="49.626879" lon="13.705446">
      </trkpt>
      <trkpt lat="49.633919" lon="13.703415">
      </trkpt>
      <trkpt lat="49.637468" lon="13.70402">
      </trkpt>
      <trkpt lat="49.644953" lon="13.708614">
      </trkpt>
      <trkpt lat="49.644524" lon="13.71135">
      </trkpt>
      <trkpt lat="49.644247" lon="13.712271">
      </trkpt>
      <trkpt lat="49.643858" lon="13.714172">
      </trkpt>
      <trkpt lat="49.643824" lon="13.714688">
      </trkpt>
      <trkpt lat="49.643938" lon="13.715418">
      </trkpt>
      <trkpt lat="49.644224" lon="13.716006">
      </trkpt>
      <trkpt lat="49.644475" lon="13.716328">
      </trkpt>
      <trkpt lat="49.65189" lon="13.720353">
      </trkpt>
      <trkpt lat="49.651983" lon="13.721479">
      </trkpt>
      <trkpt lat="49.655531" lon="13.720869">
      </trkpt>
      <trkpt lat="49.65548" lon="13.720081">
      </trkpt>
      <trkpt lat="49.655467" lon="13.719484">
      </trkpt>
      <trkpt lat="49.655408" lon="13.718598">
      </trkpt>
      <trkpt lat="49.6553" lon="13.717614">
      </trkpt>
      <trkpt lat="49.655144" lon="13.716903">
      </trkpt>
      <trkpt lat="49.654968" lon="13.716404">
      </trkpt>
      <trkpt lat="49.654492" lon="13.715411">
      </trkpt>
      <trkpt lat="49.654423" lon="13.715235">
      </trkpt>
      <trkpt lat="49.65408" lon="13.714151">
      </trkpt>
      <trkpt lat="49.653877" lon="13.713616">
      </trkpt>
      <trkpt lat="49.653417" lon="13.712735">
      </trkpt>
      <trkpt lat="49.653216" lon="13.712275">
      </trkpt>
      <trkpt lat="49.652596" lon="13.710454">
      </trkpt>
      <trkpt lat="49.65216" lon="13.708084">
      </trkpt>
      <trkpt lat="49.652009" lon="13.707244">
      </trkpt>
      <trkpt lat="49.651235" lon="13.705807">
      </trkpt>
      <trkpt lat="49.65257" lon="13.700205">
      </trkpt>
      <trkpt lat="49.653127" lon="13.699238">
      </trkpt>
      <trkpt lat="49.661493" lon="13.702489">
      </trkpt>
      <trkpt lat="49.661394" lon="13.702835">
      </trkpt>
      <trkpt lat="49.661315" lon="13.703353">
      </trkpt>
      <trkpt lat="49.661318" lon="13.703775">
      </trkpt>
      <trkpt lat="49.666007" lon="13.708673">
      </trkpt>
      <trkpt lat="49.66646" lon="13.709511">
      </trkpt>
      <trkpt lat="49.667036" lon="13.710131">
      </trkpt>
      <trkpt lat="49.669228" lon="13.713741">
      </trkpt>
      <trkpt lat="49.669402" lon="13.714367">
      </trkpt>
      <trkpt lat="49.66971" lon="13.715093">
      </trkpt>
      <trkpt lat="49.670229" lon="13.718976">
      </trkpt>
      <trkpt lat="49.671285" lon="13.719427">
      </trkpt>
      <trkpt lat="49.673655" lon="13.720082">
      </trkpt>
      <trkpt lat="49.678156" lon="13.727679">
      </trkpt>
      <trkpt lat="49.678213" lon="13.728784">
      </trkpt>
      <trkpt lat="49.678374" lon="13.729623">
      </trkpt>
      <trkpt lat="49.678526" lon="13.73026">
      </trkpt>
      <trkpt lat="49.682115" lon="13.729981">
      </trkpt>
      <trkpt lat="49.682302" lon="13.725599">
      </trkpt>
      <trkpt lat="49.682681" lon="13.72409">
      </trkpt>
      <trkpt lat="49.682744" lon="13.72389">
      </trkpt>
      <trkpt lat="49.682551" lon="13.721991">
      </trkpt>
      <trkpt lat="49.682116" lon="13.720167">
      </trkpt>
      <trkpt lat="49.682023" lon="13.719746">
      </trkpt>
      <trkpt lat="49.686886" lon="13.712242">
      </trkpt>
      <trkpt lat="49.688852" lon="13.709227">
      </trkpt>
      <trkpt lat="49.690179" lon="13.701577">
      </trkpt>
      <trkpt lat="49.691795" lon="13.700397">
      </trkpt>
      <trkpt lat="49.699646" lon="13.703354">
      </trkpt>
      <trkpt lat="49.699765" lon="13.705582">
      </trkpt>
      <trkpt lat="49.69992" lon="13.706906">
      </trkpt>
      <trkpt lat="49.700141" lon="13.707367">
      </trkpt>
      <trkpt lat="49.701373" lon="13.709283">
      </trkpt>
      <trkpt lat="49.705116" lon="13.713393">
      </trkpt>
      <trkpt lat="49.707505" lon="13.718606">
      </trkpt>
      <trkpt lat="49.703046" lon="13.72482">
      </trkpt>
      <trkpt lat="49.701382" lon="13.726201">
      </trkpt>
      <trkpt lat="49.700488" lon="13.728853">
      </trkpt>
      <trkpt lat="49.700471" lon="13.728932">
      </trkpt>
      <trkpt lat="49.700904" lon="13.729754">
      </trkpt>
      <trkpt lat="49.701184" lon="13.730387">
      </trkpt>
      <trkpt lat="49.701701" lon="13.731273">
      </trkpt>
      <trkpt lat="49.703272" lon="13.735249">
      </trkpt>
      <trkpt lat="49.70464" lon="13.739321">
      </trkpt>
      <trkpt lat="49.705617" lon="13.743573">
      </trkpt>
      <trkpt lat="49.705851" lon="13.744133">
      </trkpt>
      <trkpt lat="49.706115" lon="13.744529">
      </trkpt>
      <trkpt lat="49.706565" lon="13.745049">
      </trkpt>
      <trkpt lat="49.70762" lon="13.745811">
      </trkpt>
      <trkpt lat="49.709363" lon="13.745707">
      </trkpt>
      <trkpt lat="49.712248" lon="13.745763">
      </trkpt>
      <trkpt lat="49.718619" lon="13.747521">
      </trkpt>
      <trkpt lat="49.719865" lon="13.747071">
      </trkpt>
      <trkpt lat="49.727841" lon="13.748925">
      </trkpt>
      <trkpt lat="49.728091" lon="13.752553">
      </trkpt>
      <trkpt lat="49.725479" lon="13.756758">
      </trkpt>
      <trkpt lat="49.720753" lon="13.758038">
      </trkpt>
      <trkpt lat="49.716529" lon="13.764569">
      </trkpt>
      <trkpt lat="49.712462" lon="13.768315">
      </trkpt>
      <trkpt lat="49.711845" lon="13.768659">
      </trkpt>
      <trkpt lat="49.711526" lon="13.768943">
      </trkpt>
      <trkpt lat="49.712423" lon="13.771272">
      </trkpt>
      <trkpt lat="49.712864" lon="13.771665">
      </trkpt>
      <trkpt lat="49.7138" lon="13.772005">
      </trkpt>
      <trkpt lat="49.714513" lon="13.771962">
      </trkpt>
      <trkpt lat="49.715147" lon="13.771721">
      </trkpt>
      <trkpt lat="49.715749" lon="13.771232">
      </trkpt>
      <trkpt lat="49.717681" lon="13.7691">
      </trkpt>
      <trkpt lat="49.717842" lon="13.768989">
      </trkpt>
      <trkpt lat="49.720883" lon="13.767608">
      </trkpt>
      <trkpt lat="49.722083" lon="13.766194">
      </trkpt>
      <trkpt lat="49.730554" lon="13.766795">
      </trkpt>
      <trkpt lat="49.730331" lon="13.771386">
      </trkpt>
      <trkpt lat="49.72991" lon="13.772173">
      </trkpt>
      <trkpt lat="49.729738" lon="13.772636">
      </trkpt>
      <trkpt lat="49.729581" lon="13.773002">
      </trkpt>
      <trkpt lat="49.727475" lon="13.776234">
      </trkpt>
      <trkpt lat="49.726898" lon="13.776988">
      </trkpt>
      <trkpt lat="49.726204" lon="13.77781">
      </trkpt>
      <trkpt lat="49.725984" lon="13.778166">
      </trkpt>
      <trkpt lat="49.725719" lon="13.778969">
      </trkpt>
      <trkpt lat="49.725692" lon="13.779372">
      </trkpt>
      <trkpt lat="49.729196" lon="13.77979">
      </trkpt>
      <trkpt lat="49.735014" lon="13.783187">
      </trkpt>
      <trkpt lat="49.736884" lon="13.783244">
      </trkpt>
      <trkpt lat="49.738507" lon="13.782315">
      </trkpt>
      <trkpt lat="49.747246" lon="13.781652">
      </trkpt>
      <trkpt lat="49.747837" lon="13.783205">
      </trkpt>
      <trkpt lat="49.745768" lon="13.791313">
      </trkpt>
      <trkpt lat="49.745311" lon="13.791581">
      </trkpt>
      <trkpt lat="49.744818" lon="13.792002">
      </trkpt>
      <trkpt lat="49.744555" lon="13.792312">
      </trkpt>
      <trkpt lat="49.744102" lon="13.792961">
      </trkpt>
      <trkpt lat="49.746513" lon="13.794631">
      </trkpt>
      <trkpt lat="49.749973" lon="13.801717">
      </trkpt>
      <trkpt lat="49.750046" lon="13.802106">
      </trkpt>
      <trkpt lat="49.750152" lon="13.802499">
      </trkpt>
      <trkpt lat="49.750299" lon="13.802924">
      </trkpt>
      <trkpt lat="49.750588" lon="13.803642">
      </trkpt>
      <trkpt lat="49.745596" lon="13.810801">
      </trkpt>
      <trkpt lat="49.744796" lon="13.810687">
      </trkpt>
      <trkpt lat="49.742515" lon="13.812804">
      </trkpt>
      <trkpt lat="49.74266" lon="13.813879">
      </trkpt>
      <trkpt lat="49.743026" lon="13.816219">
      </trkpt>
      <trkpt lat="49.743258" lon="13.816928">
      </trkpt>
      <trkpt lat="49.743515" lon="13.817395">
      </trkpt>
      <trkpt lat="49.742398" lon="13.826222">
      </trkpt>
      <trkpt lat="49.741151" lon="13.828078">
      </trkpt>
      <trkpt lat="49.739986" lon="13.829763">
      </trkpt>
      <trkpt lat="49.743225" lon="13.831335">
      </trkpt>
      <trkpt lat="49.750653" lon="13.833146">
      </trkpt>
      <trkpt lat="49.753447" lon="13.835428">
      </trkpt>
      <trkpt lat="49.757387" lon="13.839389">
      </trkpt>
      <trkpt lat="49.757722" lon="13.839796">
      </trkpt>
      <trkpt lat="49.758043" lon="13.840136">
      </trkpt>
      <trkpt lat="49.760481" lon="13.843618">
      </trkpt>
      <trkpt lat="49.760962" lon="13.849744">
      </trkpt>
      <trkpt lat="49.759646" lon="13.854559">
      </trkpt>
      <trkpt lat="49.756909" lon="13.859888">
      </trkpt>
      <trkpt lat="49.759578" lon="13.867699">
      </trkpt>
      <trkpt lat="49.758118" lon="13.870817">
      </trkpt>
      <trkpt lat="49.761302" lon="13.87898">
      </trkpt>
      <trkpt lat="49.761953" lon="13.88255">
      </trkpt>
      <trkpt lat="49.762441" lon="13.885168">
      </trkpt>
      <trkpt lat="49.762568" lon="13.885592">
      </trkpt>
      <trkpt lat="49.763043" lon="13.886319">
      </trkpt>
      <trkpt lat="49.765995" lon="13.894549">
      </trkpt>
      <trkpt lat="49.765865" lon="13.895106">
      </trkpt>
      <trkpt lat="49.765854" lon="13.895554">
      </trkpt>
      <trkpt lat="49.765882" lon="13.895858">
      </trkpt>
      <trkpt lat="49.766" lon="13.89679">
      </trkpt>
      <trkpt lat="49.766109" lon="13.897416">
      </trkpt>
      <trkpt lat="49.767958" lon="13.897421">
      </trkpt>
      <trkpt lat="49.769616" lon="13.896603">
      </trkpt>
      <trkpt lat="49.770905" lon="13.892778">
      </trkpt>
      <trkpt lat="49.771976" lon="13.890621">
      </trkpt>
      <trkpt lat="49.772859" lon="13.889196">
      </trkpt>
      <trkpt lat="49.773191" lon="13.88871">
      </trkpt>
      <trkpt lat="49.773454" lon="13.888105">
      </trkpt>
      <trkpt lat="49.774778" lon="13.885579">
      </trkpt>
      <trkpt lat="49.77554" lon="13.884044">
      </trkpt>
      <trkpt lat="49.775773" lon="13.883407">
      </trkpt>
      <trkpt lat="49.78472" lon="13.883985">
      </trkpt>
      <trkpt lat="49.785052" lon="13.884477">
      </trkpt>
      <trkpt lat="49.785355" lon="13.884796">
      </trkpt>
      <trkpt lat="49.787019" lon="13.888149">
      </trkpt>
      <trkpt lat="49.788822" lon="13.89299">
      </trkpt>
      <trkpt lat="49.78885" lon="13.894976">
      </trkpt>
      <trkpt lat="49.788882" lon="13.897055">
      </trkpt>
      <trkpt lat="49.788968" lon="13.898294">
      </trkpt>
      <trkpt lat="49.788854" lon="13.900173">
      </trkpt>
      <trkpt lat="49.788843" lon="13.90137">
      </trkpt>
      <trkpt lat="49.788922" lon="13.901951">
      </trkpt>
      <trkpt lat="49.78896" lon="13.901987">
      </trkpt>
      <trkpt lat="49.790807" lon="13.902351">
      </trkpt>
      <trkpt lat="49.790207" lon="13.911217">
      </trkpt>
      <trkpt lat="49.789658" lon="13.911899">
      </trkpt>
      <trkpt lat="49.789362" lon="13.912541">
      </trkpt>
      <trkpt lat="49.789121" lon="13.91336">
      </trkpt>
      <trkpt lat="49.789073" lon="13.914305">
      </trkpt>
      <trkpt lat="49.78922" lon="13.916178">
      </trkpt>
      <trkpt lat="49.790268" lon="13.918017">
      </trkpt>
      <trkpt lat="49.793388" lon="13.924931">
      </trkpt>
      <trkpt lat="49.794976" lon="13.928162">
      </trkpt>
      <trkpt lat="49.802991" lon="13.929906">
      </trkpt>
      <trkpt lat="49.803963" lon="13.932975">
      </trkpt>
      <trkpt lat="49.804046" lon="13.933578">
      </trkpt>
      <trkpt lat="49.804508" lon="13.935454">
      </trkpt>
      <trkpt lat="49.802364" lon="13.942875">
      </trkpt>
      <trkpt lat="49.79908" lon="13.943958">
      </trkpt>
      <trkpt lat="49.793688" lon="13.941437">
      </trkpt>
      <trkpt lat="49.790187" lon="13.939458">
      </trkpt>
      <trkpt lat="49.785578" lon="13.943951">
      </trkpt>
      <trkpt lat="49.784768" lon="13.945615">
      </trkpt>
      <trkpt lat="49.777501" lon="13.950199">
      </trkpt>
      <trkpt lat="49.775648" lon="13.952126">
      </trkpt>
      <trkpt lat="49.774644" lon="13.953862">
      </trkpt>
      <trkpt lat="49.773346" lon="13.955903">
      </trkpt>
      <trkpt lat="49.772314" lon="13.957395">
      </trkpt>
      <trkpt lat="49.774046" lon="13.960538">
      </trkpt>
      <trkpt lat="49.774715" lon="13.960208">
      </trkpt>
      <trkpt lat="49.781868" lon="13.960178">
      </trkpt>
      <trkpt lat="49.783285" lon="13.964214">
      </trkpt>
      <trkpt lat="49.783263" lon="13.965501">
      </trkpt>
      <trkpt lat="49.783308" lon="13.966238">
      </trkpt>
      <trkpt lat="49.783357" lon="13.967275">
      </trkpt>
      <trkpt lat="49.779009" lon="13.97438">
      </trkpt>
      <trkpt lat="49.776577" lon="13.978487">
      </trkpt>
      <trkpt lat="49.775832" lon="13.987037">
      </trkpt>
      <trkpt lat="49.774169" lon="13.989741">
      </trkpt>
      <trkpt lat="49.775272" lon="13.994199">
      </trkpt>
      <trkpt lat="49.775384" lon="13.9963">
      </trkpt>
      <trkpt lat="49.772584" lon="14.002439">
      </trkpt>
      <trkpt lat="49.766968" lon="14.002667">
      </trkpt>
      <trkpt lat="49.766291" lon="14.002504">
      </trkpt>
      <trkpt lat="49.765836" lon="14.002488">
      </trkpt>
      <trkpt lat="49.760492" lon="14.000624">
      </trkpt>
      <trkpt lat="49.757971" lon="14.000964">
      </trkpt>
      <trkpt lat="49.754868" lon="14.002789">
      </trkpt>
      <trkpt lat="49.755144" lon="14.007505">
      </trkpt>
      <trkpt lat="49.753873" lon="14.011343">
      </trkpt>
      <trkpt lat="49.748314" lon="14.013926">
      </trkpt>
      <trkpt lat="49.74768" lon="14.014132">
      </trkpt>
      <trkpt lat="49.744706" lon="14.01936">
      </trkpt>
      <trkpt lat="49.74443" lon="14.01996">
      </trkpt>
      <trkpt lat="49.744644" lon="14.020729">
      </trkpt>
      <trkpt lat="49.746909" lon="14.022207">
      </trkpt>
      <trkpt lat="49.754764" lon="14.025549">
      </trkpt>
      <trkpt lat="49.758153" lon="14.024335">
      </trkpt>
      <trkpt lat="49.764712" lon="14.026675">
      </trkpt>
      <trkpt lat="49.768027" lon="14.025271">
      </trkpt>
      <trkpt lat="49.767689" lon="14.020698">
      </trkpt>
      <trkpt lat="49.767782" lon="14.020057">
      </trkpt>
      <trkpt lat="49.767917" lon="14.018611">
      </trkpt>
      <trkpt lat="49.767935" lon="14.018233">
      </trkpt>
      <trkpt lat="49.76788" lon="14.01756">
      </trkpt>
      <trkpt lat="49.767862" lon="14.016894">
      </trkpt>
      <trkpt lat="49.767802" lon="14.016117">
      </trkpt>
      <trkpt lat="49.767654" lon="14.013881">
      </trkpt>
      <trkpt lat="49.767655" lon="14.013366">
      </trkpt>
      <trkpt lat="49.773896" lon="14.007965">
      </trkpt>
      <trkpt lat="49.775781" lon="14.008695">
      </trkpt>
      <trkpt lat="49.777705" lon="14.0098">
      </trkpt>
      <trkpt lat="49.779504" lon="14.010748">
      </trkpt>
      <trkpt lat="49.780209" lon="14.011259">
      </trkpt>
      <trkpt lat="49.780997" lon="14.011615">
      </trkpt>
      <trkpt lat="49.781592" lon="14.011921">
      </trkpt>
      <trkpt lat="49.783513" lon="14.012934">
      </trkpt>
      <trkpt lat="49.784324" lon="14.01345">
      </trkpt>
      <trkpt lat="49.784714" lon="14.013635">
      </trkpt>
      <trkpt lat="49.785321" lon="14.013787">
      </trkpt>
      <trkpt lat="49.786465" lon="14.013879">
      </trkpt>
      <trkpt lat="49.788652" lon="14.011241">
      </trkpt>
      <trkpt lat="49.790813" lon="14.009099">
      </trkpt>
      <trkpt lat="49.791047" lon="14.008435">
      </trkpt>
      <trkpt lat="49.791095" lon="14.00805">
      </trkpt>
      <trkpt lat="49.791293" lon="14.006525">
      </trkpt>
      <trkpt lat="49.797689" lon="14.000721">
      </trkpt>
      <trkpt lat="49.80545" lon="14.001824">
      </trkpt>
      <trkpt lat="49.805749" lon="14.001972">
      </trkpt>
      <trkpt lat="49.808977" lon="14.009997">
      </trkpt>
      <trkpt lat="49.804582" lon="14.01367">
      </trkpt>
      <trkpt lat="49.804378" lon="14.01376">
      </trkpt>
      <trkpt lat="49.803921" lon="14.013971">
      </trkpt>
      <trkpt lat="49.80344" lon="14.014275">
      </trkpt>
      <trkpt lat="49.802992" lon="14.014694">
      </trkpt>
      <trkpt lat="49.802714" lon="14.015065">
      </trkpt>
      <trkpt lat="49.801441" lon="14.016951">
      </trkpt>
      <trkpt lat="49.801232" lon="14.018012">
      </trkpt>
      <trkpt lat="49.802415" lon="14.021753">
      </trkpt>
      <trkpt lat="49.803873" lon="14.022874">
      </trkpt>
      <trkpt lat="49.810167" lon="14.027208">
      </trkpt>
      <trkpt lat="49.811433" lon="14.030462">
      </trkpt>
      <trkpt lat="49.81153" lon="14.030954">
      </trkpt>
      <trkpt lat="49.811659" lon="14.031432">
      </trkpt>
      <trkpt lat="49.811891" lon="14.032011">
      </trkpt>
      <trkpt lat="49.812356" lon="14.03658">
      </trkpt>
      <trkpt lat="49.813946" lon="14.039809">
      </trkpt>
      <trkpt lat="49.811055" lon="14.046676">
      </trkpt>
      <trkpt lat="49.80774" lon="14.046796">
      </trkpt>
      <trkpt lat="49.803422" lon="14.045567">
      </trkpt>
      <trkpt lat="49.80216" lon="14.044543">
      </trkpt>
      <trkpt lat="49.801857" lon="14.044329">
      </trkpt>
      <trkpt lat="49.800759" lon="14.043409">
      </trkpt>
      <trkpt lat="49.798922" lon="14.042658">
      </trkpt>
      <trkpt lat="49.798483" lon="14.042534">
      </trkpt>
      <trkpt lat="49.797264" lon="14.042399">
      </trkpt>
      <trkpt lat="49.79687" lon="14.042387">
      </trkpt>
      <trkpt lat="49.79327" lon="14.042387">
      </trkpt>
      <trkpt lat="49.789841" lon="14.045098">
      </trkpt>
      <trkpt lat="49.782093" lon="14.048814">
      </trkpt>
      <trkpt lat="49.781516" lon="14.048894">
      </trkpt>
      <trkpt lat="49.780646" lon="14.04916">
      </trkpt>
      <trkpt lat="49.772921" lon="14.047763">
      </trkpt>
      <trkpt lat="49.771938" lon="14.04659">
      </trkpt>
      <trkpt lat="49.767319" lon="14.04664">
      </trkpt>
      <trkpt lat="49.764908" lon="14.049313">
      </trkpt>
      <trkpt lat="49.761461" lon="14.05592">
      </trkpt>
      <trkpt lat="49.763442" lon="14.058926">
      </trkpt>
      <trkpt lat="49.764341" lon="14.058334">
      </trkpt>
      <trkpt lat="49.765863" lon="14.057345">
      </trkpt>
      <trkpt lat="49.77411" lon="14.060305">
      </trkpt>
      <trkpt lat="49.777441" lon="14.058584">
      </trkpt>
      <trkpt lat="49.785784" lon="14.056572">
      </trkpt>
      <trkpt lat="49.786367" lon="14.056912">
      </trkpt>
      <trkpt lat="49.786978" lon="14.057119">
      </trkpt>
      <trkpt lat="49.789438" lon="14.058142">
      </trkpt>
      <trkpt lat="49.789976" lon="14.058394">
      </trkpt>
      <trkpt lat="49.790113" lon="14.058437">
      </trkpt>
      <trkpt lat="49.790796" lon="14.058699">
      </trkpt>
      <trkpt lat="49.794651" lon="14.066231">
      </trkpt>
      <trkpt lat="49.794652" lon="14.066994">
      </trkpt>
      <trkpt lat="49.795296" lon="14.068064">
      </trkpt>
      <trkpt lat="49.795773" lon="14.06839">
      </trkpt>
      <trkpt lat="49.79636" lon="14.068898">
      </trkpt>
      <trkpt lat="49.795685" lon="14.077833">
      </trkpt>
      <trkpt lat="49.795977" lon="14.079002">
      </trkpt>
      <trkpt lat="49.796099" lon="14.079442">
      </trkpt>
      <trkpt lat="49.796334" lon="14.080187">
      </trkpt>
      <trkpt lat="49.795736" lon="14.084919">
      </trkpt>
      <trkpt lat="49.788172" lon="14.088913">
      </trkpt>
      <trkpt lat="49.785801" lon="14.086826">
      </trkpt>
      <trkpt lat="49.784982" lon="14.086015">
      </trkpt>
      <trkpt lat="49.78241" lon="14.083653">
      </trkpt>
      <trkpt lat="49.779837" lon="14.081291">
      </trkpt>
      <trkpt lat="49.778015" lon="14.079619">
      </trkpt>
      <trkpt lat="49.776193" lon="14.077946">
      </trkpt>
      <trkpt lat="49.773759" lon="14.080598">
      </trkpt>
      <trkpt lat="49.775581" lon="14.08227">
      </trkpt>
      <trkpt lat="49.778186" lon="14.090568">
      </trkpt>
      <trkpt lat="49.777226" lon="14.094037">
      </trkpt>
      <trkpt lat="49.778486" lon="14.094386">
      </trkpt>
      <trkpt lat="49.783285" lon="14.100943">
      </trkpt>
      <trkpt lat="49.783576" lon="14.101505">
      </trkpt>
      <trkpt lat="49.78389" lon="14.101729">
      </trkpt>
      <trkpt lat="49.785505" lon="14.102867">
      </trkpt>
      <trkpt lat="49.792417" lon="14.105443">
      </trkpt>
      <trkpt lat="49.793098" lon="14.10852">
      </trkpt>
      <trkpt lat="49.793492" lon="14.10998">
      </trkpt>
      <trkpt lat="49.794058" lon="14.114594">
      </trkpt>
      <trkpt lat="49.793562" lon="14.11729">
      </trkpt>
      <trkpt lat="49.788264" lon="14.122521">
      </trkpt>
      <trkpt lat="49.788087" lon="14.123126">
      </trkpt>
      <trkpt lat="49.785265" lon="14.129961">
      </trkpt>
      <trkpt lat="49.78098" lon="14.136665">
      </trkpt>
      <trkpt lat="49.779621" lon="14.142268">
      </trkpt>
      <trkpt lat="49.781776" lon="14.145152">
      </trkpt>
      <trkpt lat="49.787997" lon="14.1509">
      </trkpt>
      <trkpt lat="49.787442" lon="14.152607">
      </trkpt>
      <trkpt lat="49.786956" lon="14.153408">
      </trkpt>
      <trkpt lat="49.786105" lon="14.155423">
      </trkpt>
      <trkpt lat="49.782317" lon="14.162935">
      </trkpt>
      <trkpt lat="49.779905" lon="14.16579">
      </trkpt>
      <trkpt lat="49.779302" lon="14.166414">
      </trkpt>
      <trkpt lat="49.779264" lon="14.167515">
      </trkpt>
      <trkpt lat="49.779331" lon="14.168045">
      </trkpt>
      <trkpt lat="49.78354" lon="14.170338">
      </trkpt>
      <trkpt lat="49.786123" lon="14.171518">
      </trkpt>
      <trkpt lat="49.78781" lon="14.170971">
      </trkpt>
      <trkpt lat="49.78801" lon="14.170607">
      </trkpt>
      <trkpt lat="49.78945" lon="14.167346">
      </trkpt>
      <trkpt lat="49.791209" lon="14.162439">
      </trkpt>
      <trkpt lat="49.79118" lon="14.162353">
      </trkpt>
      <trkpt lat="49.78982" lon="14.157635">
      </trkpt>
      <trkpt lat="49.794908" lon="14.153064">
      </trkpt>
      <trkpt lat="49.798258" lon="14.154382">
      </trkpt>
      <trkpt lat="49.799693" lon="14.151312">
      </trkpt>
      <trkpt lat="49.799972" lon="14.150587">
      </trkpt>
      <trkpt lat="49.800729" lon="14.147451">
      </trkpt>
      <trkpt lat="49.801002" lon="14.146199">
      </trkpt>
      <trkpt lat="49.801104" lon="14.145629">
      </trkpt>
      <trkpt lat="49.801184" lon="14.145072">
      </trkpt>
      <trkpt lat="49.800557" lon="14.14322">
      </trkpt>
      <trkpt lat="49.799795" lon="14.142042">
      </trkpt>
      <trkpt lat="49.79934" lon="14.141273">
      </trkpt>
      <trkpt lat="49.79842" lon="14.139428">
      </trkpt>
      <trkpt lat="49.797835" lon="14.138411">
      </trkpt>
      <trkpt lat="49.797272" lon="14.130681">
      </trkpt>
      <trkpt lat="49.798563" lon="14.128428">
      </trkpt>
      <trkpt lat="49.801501" lon="14.125404">
      </trkpt>
      <trkpt lat="49.804709" lon="14.118172">
      </trkpt>
      <trkpt lat="49.805601" lon="14.116675">
      </trkpt>
      <trkpt lat="49.806598" lon="14.114988">
      </trkpt>
      <trkpt lat="49.807594" lon="14.113305">
      </trkpt>
      <trkpt lat="49.80955" lon="14.110028">
      </trkpt>
      <trkpt lat="49.81151" lon="14.106745">
      </trkpt>
      <trkpt lat="49.813043" lon="14.102158">
      </trkpt>
      <trkpt lat="49.817947" lon="14.099104">
      </trkpt>
      <trkpt lat="49.825783" lon="14.095921">
      </trkpt>
      <trkpt lat="49.830296" lon="14.099951">
      </trkpt>
      <trkpt lat="49.831877" lon="14.102175">
      </trkpt>
      <trkpt lat="49.832468" lon="14.102977">
      </trkpt>
      <trkpt lat="49.833316" lon="14.103955">
      </trkpt>
      <trkpt lat="49.83417" lon="14.105103">
      </trkpt>
      <trkpt lat="49.835815" lon="14.107409">
      </trkpt>
      <trkpt lat="49.837459" lon="14.109715">
      </trkpt>
      <trkpt lat="49.842574" lon="14.10854">
      </trkpt>
      <trkpt lat="49.845164" lon="14.10604">
      </trkpt>
      <trkpt lat="49.85264" lon="14.10843">
      </trkpt>
      <trkpt lat="49.85597" lon="14.108853">
      </trkpt>
      <trkpt lat="49.860687" lon="14.111301">
      </trkpt>
      <trkpt lat="49.862467" lon="14.117667">
      </trkpt>
      <trkpt lat="49.861265" lon="14.120794">
      </trkpt>
      <trkpt lat="49.860939" lon="14.122062">
      </trkpt>
      <trkpt lat="49.860285" lon="14.124146">
      </trkpt>
      <trkpt lat="49.860166" lon="14.129772">
      </trkpt>
      <trkpt lat="49.863074" lon="14.132665">
      </trkpt>
      <trkpt lat="49.863775" lon="14.139397">
      </trkpt>
      <trkpt lat="49.861565" lon="14.142474">
      </trkpt>
      <trkpt lat="49.859986" lon="14.146036">
      </trkpt>
      <trkpt lat="49.859863" lon="14.146255">
      </trkpt>
      <trkpt lat="49.862999" lon="14.148023">
      </trkpt>
      <trkpt lat="49.863057" lon="14.147998">
      </trkpt>
      <trkpt lat="49.868244" lon="14.146185">
      </trkpt>
      <trkpt lat="49.874284" lon="14.15022">
      </trkpt>
      <trkpt lat="49.87306" lon="14.157064">
      </trkpt>
      <trkpt lat="49.872562" lon="14.158046">
      </trkpt>
      <trkpt lat="49.871598" lon="14.160879">
      </trkpt>
      <trkpt lat="49.871196" lon="14.161887">
      </trkpt>
      <trkpt lat="49.871026" lon="14.162583">
      </trkpt>
      <trkpt lat="49.874439" lon="14.163728">
      </trkpt>
      <trkpt lat="49.878818" lon="14.166651">
      </trkpt>
      <trkpt lat="49.881729" lon="14.170412">
      </trkpt>
      <trkpt lat="49.882185" lon="14.171112">
      </trkpt>
      <trkpt lat="49.885202" lon="14.169148">
      </trkpt>
      <trkpt lat="49.884297" lon="14.167057">
      </trkpt>
      <trkpt lat="49.884419" lon="14.163106">
      </trkpt>
      <trkpt lat="49.892636" lon="14.16217">
      </trkpt>
      <trkpt lat="49.892898" lon="14.162485">
      </trkpt>
      <trkpt lat="49.893308" lon="14.162824">
      </trkpt>
      <trkpt lat="49.895062" lon="14.167681">
      </trkpt>
      <trkpt lat="49.896189" lon="14.1711">
      </trkpt>
      <trkpt lat="49.896595" lon="14.172874">
      </trkpt>
      <trkpt lat="49.896693" lon="14.173532">
      </trkpt>
      <trkpt lat="49.904218" lon="14.178397">
      </trkpt>
      <trkpt lat="49.904401" lon="14.179271">
      </trkpt>
      <trkpt lat="49.904522" lon="14.180745">
      </trkpt>
      <trkpt lat="49.904627" lon="14.181638">
      </trkpt>
      <trkpt lat="49.904718" lon="14.182107">
      </trkpt>
      <trkpt lat="49.904881" lon="14.18285">
      </trkpt>
      <trkpt lat="49.905183" lon="14.184065">
      </trkpt>
      <trkpt lat="49.905735" lon="14.187426">
      </trkpt>
      <trkpt lat="49.905866" lon="14.188232">
      </trkpt>
      <trkpt lat="49.908042" lon="14.188863">
      </trkpt>
      <trkpt lat="49.908176" lon="14.18881">
      </trkpt>
      <trkpt lat="49.909419" lon="14.187653">
      </trkpt>
      <trkpt lat="49.909288" lon="14.186848">
      </trkpt>
      <trkpt lat="49.908735" lon="14.183482">
      </trkpt>
      <trkpt lat="49.914702" lon="14.178856">
      </trkpt>
      <trkpt lat="49.917487" lon="14.178945">
      </trkpt>
      <trkpt lat="49.917726" lon="14.178904">
      </trkpt>
      <trkpt lat="49.917796" lon="14.178487">
      </trkpt>
      <trkpt lat="49.917828" lon="14.178018">
      </trkpt>
      <trkpt lat="49.917702" lon="14.177203">
      </trkpt>
      <trkpt lat="49.921513" lon="14.171952">
      </trkpt>
      <trkpt lat="49.927537" lon="14.177155">
      </trkpt>
      <trkpt lat="49.927682" lon="14.178118">
      </trkpt>
      <trkpt lat="49.927798" lon="14.178791">
      </trkpt>
      <trkpt lat="49.927914" lon="14.179331">
      </trkpt>
      <trkpt lat="49.928066" lon="14.179789">
      </trkpt>
      <trkpt lat="49.928134" lon="14.183725">
      </trkpt>
      <trkpt lat="49.928796" lon="14.185505">
      </trkpt>
      <trkpt lat="49.931455" lon="14.190068">
      </trkpt>
      <trkpt lat="49.931524" lon="14.19005">
      </trkpt>
      <trkpt lat="49.93265" lon="14.187185">
      </trkpt>
      <trkpt lat="49.933021" lon="14.186347">
      </trkpt>
      <trkpt lat="49.934091" lon="14.183506">
      </trkpt>
      <trkpt lat="49.93657" lon="14.179096">
      </trkpt>
      <trkpt lat="49.936649" lon="14.17844">
      </trkpt>
      <trkpt lat="49.93667" lon="14.17752">
      </trkpt>
      <trkpt lat="49.936648" lon="14.176997">
      </trkpt>
      <trkpt lat="49.936584" lon="14.176183">
      </trkpt>
      <trkpt lat="49.936522" lon="14.175677">
      </trkpt>
      <trkpt lat="49.936243" lon="14.173896">
      </trkpt>
      <trkpt lat="49.936044" lon="14.172479">
      </trkpt>
      <trkpt lat="49.936359" lon="14.169063">
      </trkpt>
      <trkpt lat="49.941482" lon="14.16375">
      </trkpt>
      <trkpt lat="49.941162" lon="14.161072">
      </trkpt>
      <trkpt lat="49.940912" lon="14.159409">
      </trkpt>
      <trkpt lat="49.940399" lon="14.157061">
      </trkpt>
      <trkpt lat="49.939926" lon="14.154981">
      </trkpt>
      <trkpt lat="49.939202" lon="14.151886">
      </trkpt>
      <trkpt lat="49.938481" lon="14.148801">
      </trkpt>
      <trkpt lat="49.938218" lon="14.144244">
      </trkpt>
      <trkpt lat="49.938345" lon="14.143698">
      </trkpt>
      <trkpt lat="49.941409" lon="14.13943">
      </trkpt>
      <trkpt lat="49.948998" lon="14.139564">
      </trkpt>
      <trkpt lat="49.956829" lon="14.137281">
      </trkpt>
      <trkpt lat="49.957808" lon="14.137594">
      </trkpt>
      <trkpt lat="49.95904" lon="14.137752">
      </trkpt>
      <trkpt lat="49.96003" lon="14.137245">
      </trkpt>
      <trkpt lat="49.960557" lon="14.13639">
      </trkpt>
      <trkpt lat="49.967444" lon="14.133135">
      </trkpt>
      <trkpt lat="49.969781" lon="14.134909">
      </trkpt>
      <trkpt lat="49.972671" lon="14.136943">
      </trkpt>
      <trkpt lat="49.969908" lon="14.14458">
      </trkpt>
      <trkpt lat="49.969748" lon="14.14497">
      </trkpt>
      <trkpt lat="49.969319" lon="14.146434">
      </trkpt>
      <trkpt lat="49.969241" lon="14.14665">
      </trkpt>
      <trkpt lat="49.969117" lon="14.147144">
      </trkpt>
      <trkpt lat="49.963846" lon="14.154368">
      </trkpt>
      <trkpt lat="49.962282" lon="14.155231">
      </trkpt>
      <trkpt lat="49.963071" lon="14.15724">
      </trkpt>
      <trkpt lat="49.963238" lon="14.157671">
      </trkpt>
      <trkpt lat="49.963465" lon="14.158119">
      </trkpt>
      <trkpt lat="49.963802" lon="14.158602">
      </trkpt>
      <trkpt lat="49.964893" lon="14.159947">
      </trkpt>
      <trkpt lat="49.966492" lon="14.167505">
      </trkpt>
      <trkpt lat="49.966623" lon="14.168268">
      </trkpt>
      <trkpt lat="49.970146" lon="14.174669">
      </trkpt>
      <trkpt lat="49.96849" lon="14.179415">
      </trkpt>
      <trkpt lat="49.96069" lon="14.182429">
      </trkpt>
      <trkpt lat="49.959737" lon="14.181996">
      </trkpt>
      <trkpt lat="49.957788" lon="14.180584">
      </trkpt>
      <trkpt lat="49.956164" lon="14.182554">
      </trkpt>
      <trkpt lat="49.956305" lon="14.183082">
      </trkpt>
      <trkpt lat="49.956549" lon="14.183717">
      </trkpt>
      <trkpt lat="49.956871" lon="14.184312">
      </trkpt>
      <trkpt lat="49.957132" lon="14.184688">
      </trkpt>
      <trkpt lat="49.957371" lon="14.184961">
      </trkpt>
      <trkpt lat="49.958416" lon="14.185499">
      </trkpt>
      <trkpt lat="49.961922" lon="14.192966">
      </trkpt>
      <trkpt lat="49.960752" lon="14.195324">
      </trkpt>
      <trkpt lat="49.960493" lon="14.195727">
      </trkpt>
      <trkpt lat="49.959782" lon="14.196984">
      </trkpt>
      <trkpt lat="49.954261" lon="14.201221">
      </trkpt>
      <trkpt lat="49.95162" lon="14.203497">
      </trkpt>
      <trkpt lat="49.951174" lon="14.203983">
      </trkpt>
      <trkpt lat="49.950047" lon="14.206476">
      </trkpt>
      <trkpt lat="49.949335" lon="14.208661">
      </trkpt>
      <trkpt lat="49.941303" lon="14.211046">
      </trkpt>
      <trkpt lat="49.940352" lon="14.21034">
      </trkpt>
      <trkpt lat="49.939514" lon="14.210037">
      </trkpt>
      <trkpt lat="49.938655" lon="14.209838">
      </trkpt>
      <trkpt lat="49.937999" lon="14.209806">
      </trkpt>
      <trkpt lat="49.937889" lon="14.211218">
      </trkpt>
      <trkpt lat="49.937825" lon="14.213402">
      </trkpt>
      <trkpt lat="49.939144" lon="14.214901">
      </trkpt>
      <trkpt lat="49.939527" lon="14.215404">
      </trkpt>
      <trkpt lat="49.940068" lon="14.215957">
      </trkpt>
      <trkpt lat="49.940604" lon="14.216361">
      </trkpt>
      <trkpt lat="49.941068" lon="14.225334">
      </trkpt>
      <trkpt lat="49.940754" lon="14.225726">
      </trkpt>
      <trkpt lat="49.940409" lon="14.226219">
      </trkpt>
      <trkpt lat="49.939691" lon="14.22733">
      </trkpt>
      <trkpt lat="49.938" lon="14.229527">
      </trkpt>
      <trkpt lat="49.940572" lon="14.232046">
      </trkpt>
      <trkpt lat="49.941147" lon="14.231458">
      </trkpt>
      <trkpt lat="49.941546" lon="14.230997">
      </trkpt>
      <trkpt lat="49.942675" lon="14.229346">
      </trkpt>
      <trkpt lat="49.945887" lon="14.227444">
      </trkpt>
      <trkpt lat="49.95087" lon="14.234367">
      </trkpt>
      <trkpt lat="49.950674" lon="14.234774">
      </trkpt>
      <trkpt lat="49.949619" lon="14.236517">
      </trkpt>
      <trkpt lat="49.949195" lon="14.236974">
      </trkpt>
      <trkpt lat="49.948933" lon="14.237376">
      </trkpt>
      <trkpt lat="49.94869" lon="14.237765">
      </trkpt>
      <trkpt lat="49.948131" lon="14.238676">
      </trkpt>
      <trkpt lat="49.947915" lon="14.239135">
      </trkpt>
      <trkpt lat="49.947793" lon="14.239512">
      </trkpt>
      <trkpt lat="49.947707" lon="14.239952">
      </trkpt>
      <trkpt lat="49.947648" lon="14.240568">
      </trkpt>
      <trkpt lat="49.947571" lon="14.242292">
      </trkpt>
      <trkpt lat="49.947453" lon="14.243726">
      </trkpt>
      <trkpt lat="49.947288" lon="14.244753">
      </trkpt>
      <trkpt lat="49.947456" lon="14.247584">
      </trkpt>
      <trkpt lat="49.947674" lon="14.247668">
      </trkpt>
      <trkpt lat="49.948308" lon="14.247797">
      </trkpt>
      <trkpt lat="49.949182" lon="14.247677">
      </trkpt>
      <trkpt lat="49.949811" lon="14.247321">
      </trkpt>
      <trkpt lat="49.950243" lon="14.246852">
      </trkpt>
      <trkpt lat="49.958531" lon="14.250071">
      </trkpt>
      <trkpt lat="49.958815" lon="14.251415">
      </trkpt>
      <trkpt lat="49.95884" lon="14.251451">
      </trkpt>
      <trkpt lat="49.96193" lon="14.258159">
      </trkpt>
      <trkpt lat="49.965519" lon="14.257871">
      </trkpt>
      <trkpt lat="49.967693" lon="14.255489">
      </trkpt>
      <trkpt lat="49.975067" lon="14.252624">
      </trkpt>
      <trkpt lat="49.978641" lon="14.252193">
      </trkpt>
      <trkpt lat="49.980393" lon="14.260512">
      </trkpt>
      <trkpt lat="49.980698" lon="14.264099">
      </trkpt>
      <trkpt lat="49.98476" lon="14.264374">
      </trkpt>
      <trkpt lat="49.986934" lon="14.264879">
      </trkpt>
      <trkpt lat="49.991301" lon="14.271035">
      </trkpt>
      <trkpt lat="49.991562" lon="14.272429">
      </trkpt>
      <trkpt lat="49.989619" lon="14.280883">
      </trkpt>
      <trkpt lat="49.988336" lon="14.282147">
      </trkpt>
      <trkpt lat="49.986988" lon="14.283341">
      </trkpt>
      <trkpt lat="49.988164" lon="14.286373">
      </trkpt>
      <trkpt lat="49.988348" lon="14.286861">
      </trkpt>
      <trkpt lat="49.991042" lon="14.290263">
      </trkpt>
      <trkpt lat="49.992639" lon="14.296876">
      </trkpt>
      <trkpt lat="49.992512" lon="14.300538">
      </trkpt>
      <trkpt lat="49.996036" lon="14.301272">
      </trkpt>
      <trkpt lat="50.002623" lon="14.300412">
      </trkpt>
      <trkpt lat="50.003089" lon="14.307767">
      </trkpt>
      <trkpt lat="50.001825" lon="14.309155">
      </trkpt>
      <trkpt lat="50.000535" lon="14.311871">
      </trkpt>
      <trkpt lat="50.000213" lon="14.312246">
      </trkpt>
      <trkpt lat="49.999188" lon="14.313237">
      </trkpt>
      <trkpt lat="49.998647" lon="14.313937">
      </trkpt>
      <trkpt lat="49.998513" lon="14.31424">
      </trkpt>
      <trkpt lat="49.999908" lon="14.316279">
      </trkpt>
      <trkpt lat="50.000641" lon="14.316471">
      </trkpt>
      <trkpt lat="50.004476" lon="14.317412">
      </trkpt>
      <trkpt lat="50.007573" lon="14.318115">
      </trkpt>
      <trkpt lat="50.011781" lon="14.318685">
      </trkpt>
      <trkpt lat="50.013433" lon="14.319212">
      </trkpt>
      <trkpt lat="50.013552" lon="14.319198">
      </trkpt>
      <trkpt lat="50.015374" lon="14.318454">
      </trkpt>
      <trkpt lat="50.021544" lon="14.324229">
      </trkpt>
      <trkpt lat="50.021403" lon="14.325162">
      </trkpt>
      <trkpt lat="50.021283" lon="14.325824">
      </trkpt>
      <trkpt lat="50.021089" lon="14.326751">
      </trkpt>
      <trkpt lat="50.02093" lon="14.327412">
      </trkpt>
      <trkpt lat="50.020747" lon="14.328088">
      </trkpt>
      <trkpt lat="50.020563" lon="14.328714">
      </trkpt>
      <trkpt lat="50.020356" lon="14.329348">
      </trkpt>
      <trkpt lat="50.020137" lon="14.329966">
      </trkpt>
      <trkpt lat="50.019914" lon="14.330545">
      </trkpt>
      <trkpt lat="50.01429" lon="14.33556">
      </trkpt>
      <trkpt lat="50.013656" lon="14.335836">
      </trkpt>
      <trkpt lat="50.013158" lon="14.336245">
      </trkpt>
      <trkpt lat="50.004596" lon="14.338934">
      </trkpt>
      <trkpt lat="49.999947" lon="14.33174">
      </trkpt>
      <trkpt lat="49.999908" lon="14.331314">
      </trkpt>
      <trkpt lat="49.999812" lon="14.330886">
      </trkpt>
      <trkpt lat="49.996388" lon="14.329715">
      </trkpt>
      <trkpt lat="49.99633" lon="14.329845">
      </trkpt>
      <trkpt lat="49.996141" lon="14.330955">
      </trkpt>
      <trkpt lat="49.995634" lon="14.33325">
      </trkpt>
      <trkpt lat="49.995551" lon="14.335125">
      </trkpt>
      <trkpt lat="49.99561" lon="14.335688">
      </trkpt>
      <trkpt lat="49.993672" lon="14.342219">
      </trkpt>
      <trkpt lat="49.989533" lon="14.345154">
      </trkpt>
      <trkpt lat="49.989372" lon="14.345417">
      </trkpt>
      <trkpt lat="49.98866" lon="14.348904">
      </trkpt>
      <trkpt lat="49.989118" lon="14.350548">
      </trkpt>
      <trkpt lat="49.989196" lon="14.350644">
      </trkpt>
      <trkpt lat="49.991552" lon="14.351048">
      </trkpt>
      <trkpt lat="49.9972" lon="14.355794">
      </trkpt>
      <trkpt lat="49.997721" lon="14.35852">
      </trkpt>
      <trkpt lat="49.998272" lon="14.361276">
      </trkpt>
      <trkpt lat="49.998546" lon="14.362802">
      </trkpt>
      <trkpt lat="49.998609" lon="14.363245">
      </trkpt>
      <trkpt lat="49.998673" lon="14.364003">
      </trkpt>
      <trkpt lat="49.994804" lon="14.371995">
      </trkpt>
      <trkpt lat="49.993779" lon="14.372925">
      </trkpt>
      <trkpt lat="49.993087" lon="14.373604">
      </trkpt>
      <trkpt lat="49.992485" lon="14.374278">
      </trkpt>
      <trkpt lat="49.992185" lon="14.374669">
      </trkpt>
      <trkpt lat="49.991907" lon="14.375077">
      </trkpt>
      <trkpt lat="49.991561" lon="14.375625">
      </trkpt>
      <trkpt lat="49.991237" lon="14.376207">
      </trkpt>
      <trkpt lat="49.990874" lon="14.376969">
      </trkpt>
      <trkpt lat="49.990518" lon="14.377807">
      </trkpt>
      <trkpt lat="49.989629" lon="14.380075">
      </trkpt>
      <trkpt lat="49.988739" lon="14.382344">
      </trkpt>
      <trkpt lat="49.987849" lon="14.384613">
      </trkpt>
      <trkpt lat="49.986958" lon="14.386885">
      </trkpt>
      <trkpt lat="49.982329" lon="14.392796">
      </trkpt>
      <trkpt lat="49.982115" lon="14.393402">
      </trkpt>
      <trkpt lat="49.98206" lon="14.393639">
      </trkpt>
      <trkpt lat="49.983309" lon="14.396212">
      </trkpt>
      <trkpt lat="49.980924" lon="14.402592">
      </trkpt>
      <trkpt lat="49.980677" lon="14.403441">
      </trkpt>
      <trkpt lat="49.980432" lon="14.404382">
      </trkpt>
      <trkpt lat="49.983916" lon="14.405288">
      </trkpt>
      <trkpt lat="49.98438" lon="14.403599">
      </trkpt>
      <trkpt lat="49.986662" lon="14.397525">
      </trkpt>
      <trkpt lat="49.987383" lon="14.395681">
      </trkpt>
      <trkpt lat="49.9883" lon="14.393342">
      </trkpt>
      <trkpt lat="49.989217" lon="14.391003">
      </trkpt>
      <trkpt lat="49.990312" lon="14.388192">
      </trkpt>
      <trkpt lat="49.9912" lon="14.385927">
      </trkpt>
      <trkpt lat="49.99209" lon="14.383659">
      </trkpt>
      <trkpt lat="49.99298" lon="14.38139">
      </trkpt>
      <trkpt lat="49.997256" lon="14.374631">
      </trkpt>
      <trkpt lat="49.999023" lon="14.373103">
      </trkpt>
      <trkpt lat="50.005155" lon="14.370144">
      </trkpt>
      <trkpt lat="50.005815" lon="14.369893">
      </trkpt>
      <trkpt lat="50.01027" lon="14.368531">
      </trkpt>
      <trkpt lat="50.010959" lon="14.368321">
      </trkpt>
      <trkpt lat="50.011957" lon="14.366638">
      </trkpt>
      <trkpt lat="50.020565" lon="14.367057">
      </trkpt>
      <trkpt lat="50.024221" lon="14.372342">
      </trkpt>
      <trkpt lat="50.024456" lon="14.373062">
      </trkpt>
      <trkpt lat="50.025138" lon="14.374888">
      </trkpt>
      <trkpt lat="50.026356" lon="14.378141">
      </trkpt>
      <trkpt lat="50.026598" lon="14.378712">
      </trkpt>
      <trkpt lat="50.029158" lon="14.378827">
      </trkpt>
      <trkpt lat="50.029213" lon="14.378782">
      </trkpt>
      <trkpt lat="50.029912" lon="14.377307">
      </trkpt>
      <trkpt lat="50.02967" lon="14.376736">
      </trkpt>
      <trkpt lat="50.031379" lon="14.368003">
      </trkpt>
      <trkpt lat="50.031318" lon="14.367343">
      </trkpt>
      <trkpt lat="50.031232" lon="14.36637">
      </trkpt>
      <trkpt lat="50.031204" lon="14.366066">
      </trkpt>
      <trkpt lat="50.032283" lon="14.358097">
      </trkpt>
      <trkpt lat="50.032368" lon="14.357959">
      </trkpt>
      <trkpt lat="50.032062" lon="14.355253">
      </trkpt>
      <trkpt lat="50.030293" lon="14.352544">
      </trkpt>
      <trkpt lat="50.029834" lon="14.351711">
      </trkpt>
      <trkpt lat="50.026904" lon="14.349172">
      </trkpt>
      <trkpt lat="50.02244" lon="14.34461">
      </trkpt>
      <trkpt lat="50.021119" lon="14.341014">
      </trkpt>
      <trkpt lat="50.02106" lon="14.33983">
      </trkpt>
      <trkpt lat="50.021068" lon="14.339249">
      </trkpt>
      <trkpt lat="50.021803" lon="14.335171">
      </trkpt>
      <trkpt lat="50.022162" lon="14.334527">
      </trkpt>
      <trkpt lat="50.022804" lon="14.333244">
      </trkpt>
      <trkpt lat="50.023377" lon="14.331913">
      </trkpt>
      <trkpt lat="50.030232" lon="14.328794">
      </trkpt>
      <trkpt lat="50.033907" lon="14.335047">
      </trkpt>
      <trkpt lat="50.033385" lon="14.336809">
      </trkpt>
      <trkpt lat="50.033481" lon="14.337889">
      </trkpt>
      <trkpt lat="50.034301" lon="14.338626">
      </trkpt>
      <trkpt lat="50.034936" lon="14.339267">
      </trkpt>
      <trkpt lat="50.038137" lon="14.341724">
      </trkpt>
      <trkpt lat="50.039264" lon="14.342098">
      </trkpt>
      <trkpt lat="50.044515" lon="14.348168">
      </trkpt>
      <trkpt lat="50.044593" lon="14.348649">
      </trkpt>
      <trkpt lat="50.044652" lon="14.352176">
      </trkpt>
      <trkpt lat="50.047452" lon="14.358034">
      </trkpt>
      <trkpt lat="50.050015" lon="14.361625">
      </trkpt>
      <trkpt lat="50.05413" lon="14.366023">
      </trkpt>
      <trkpt lat="50.054179" lon="14.366036">
      </trkpt>
      <trkpt lat="50.055183" lon="14.366269">
      </trkpt>
      <trkpt lat="50.055502" lon="14.366307">
      </trkpt>
      <trkpt lat="50.057242" lon="14.364899">
      </trkpt>
      <trkpt lat="50.05723" lon="14.364648">
      </trkpt>
      <trkpt lat="50.057173" lon="14.364212">
      </trkpt>
      <trkpt lat="50.056865" lon="14.360434">
      </trkpt>
      <trkpt lat="50.056896" lon="14.359841">
      </trkpt>
      <trkpt lat="50.057051" lon="14.357558">
      </trkpt>
      <trkpt lat="50.057053" lon="14.357542">
      </trkpt>
      <trkpt lat="50.056373" lon="14.352057">
      </trkpt>
      <trkpt lat="50.061785" lon="14.347555">
      </trkpt>
      <trkpt lat="50.069745" lon="14.345438">
      </trkpt>
      <trkpt lat="50.071823" lon="14.338553">
      </trkpt>
      <trkpt lat="50.077969" lon="14.333052">
      </trkpt>
      <trkpt lat="50.085879" lon="14.331124">
      </trkpt>
      <trkpt lat="50.092155" lon="14.336389">
      </trkpt>
      <trkpt lat="50.092381" lon="14.338372">
      </trkpt>
      <trkpt lat="50.092384" lon="14.33839">
      </trkpt>
      <trkpt lat="50.094222" lon="14.338827">
      </trkpt>
      <trkpt lat="50.094738" lon="14.338614">
      </trkpt>
      <trkpt lat="50.095927" lon="14.337753">
      </trkpt>
      <trkpt lat="50.095873" lon="14.336536">
      </trkpt>
      <trkpt lat="50.095626" lon="14.335261">
      </trkpt>
      <trkpt lat="50.095575" lon="14.335061">
      </trkpt>
      <trkpt lat="50.095086" lon="14.33307">
      </trkpt>
      <trkpt lat="50.09495" lon="14.332164">
      </trkpt>
      <trkpt lat="50.094889" lon="14.331668">
      </trkpt>
      <trkpt lat="50.092684" lon="14.326491">
      </trkpt>
      <trkpt lat="50.094588" lon="14.321189">
      </trkpt>
      <trkpt lat="50.09472" lon="14.317755">
      </trkpt>
      <trkpt lat="50.094684" lon="14.316262">
      </trkpt>
      <trkpt lat="50.094852" lon="14.314321">
      </trkpt>
      <trkpt lat="50.094995" lon="14.310602">
      </trkpt>
      <trkpt lat="50.095014" lon="14.307824">
      </trkpt>
      <trkpt lat="50.095098" lon="14.305673">
      </trkpt>
      <trkpt lat="50.095283" lon="14.304173">
      </trkpt>
      <trkpt lat="50.102892" lon="14.300443">
      </trkpt>
      <trkpt lat="50.104102" lon="14.301682">
      </trkpt>
      <trkpt lat="50.104523" lon="14.302182">
      </trkpt>
      <trkpt lat="50.105704" lon="14.303774">
      </trkpt>
      <trkpt lat="50.106159" lon="14.304257">
      </trkpt>
      <trkpt lat="50.106528" lon="14.304563">
      </trkpt>
      <trkpt lat="50.108145" lon="14.306024">
      </trkpt>
      <trkpt lat="50.10874" lon="14.306682">
      </trkpt>
      <trkpt lat="50.109299" lon="14.307218">
      </trkpt>
      <trkpt lat="50.110029" lon="14.307966">
      </trkpt>
      <trkpt lat="50.111268" lon="14.309791">
      </trkpt>
      <trkpt lat="50.112568" lon="14.3134">
      </trkpt>
      <trkpt lat="50.11072" lon="14.319788">
      </trkpt>
      <trkpt lat="50.109613" lon="14.321504">
      </trkpt>
      <trkpt lat="50.109688" lon="14.32243">
      </trkpt>
      <trkpt lat="50.109809" lon="14.32301">
      </trkpt>
      <trkpt lat="50.10992" lon="14.323553">
      </trkpt>
      <trkpt lat="50.109967" lon="14.323629">
      </trkpt>
      <trkpt lat="50.11201" lon="14.325839">
      </trkpt>
      <trkpt lat="50.112612" lon="14.326479">
      </trkpt>
      <trkpt lat="50.113499" lon="14.326818">
      </trkpt>
      <trkpt lat="50.113604" lon="14.326828">
      </trkpt>
      <trkpt lat="50.122425" lon="14.32764">
      </trkpt>
      <trkpt lat="50.123228" lon="14.32901">
      </trkpt>
      <trkpt lat="50.124509" lon="14.330967">
      </trkpt>
      <trkpt lat="50.125276" lon="14.331944">
      </trkpt>
      <trkpt lat="50.126205" lon="14.332732">
      </trkpt>
      <trkpt lat="50.127542" lon="14.333695">
      </trkpt>
      <trkpt lat="50.129647" lon="14.330775">
      </trkpt>
      <trkpt lat="50.125304" lon="14.325461">
      </trkpt>
      <trkpt lat="50.124934" lon="14.324953">
      </trkpt>
      <trkpt lat="50.122521" lon="14.320788">
      </trkpt>
      <trkpt lat="50.12212" lon="14.320006">
      </trkpt>
      <trkpt lat="50.120571" lon="14.317166">
      </trkpt>
      <trkpt lat="50.120239" lon="14.316391">
      </trkpt>
      <trkpt lat="50.119729" lon="14.315344">
      </trkpt>
      <trkpt lat="50.117696" lon="14.307316">
      </trkpt>
      <trkpt lat="50.12079" lon="14.299906">
      </trkpt>
      <trkpt lat="50.123569" lon="14.292458">
      </trkpt>
      <trkpt lat="50.127153" lon="14.292122">
      </trkpt>
      <trkpt lat="50.130296" lon="14.285019">
      </trkpt>
      <trkpt lat="50.130653" lon="14.284142">
      </trkpt>
      <trkpt lat="50.133805" lon="14.276772">
      </trkpt>
      <trkpt lat="50.133618" lon="14.276209">
      </trkpt>
      <trkpt lat="50.13348" lon="14.275878">
      </trkpt>
      <trkpt lat="50.133231" lon="14.275462">
      </trkpt>
      <trkpt lat="50.132724" lon="14.274948">
      </trkpt>
      <trkpt lat="50.129132" lon="14.270414">
      </trkpt>
      <trkpt lat="50.130164" lon="14.263478">
      </trkpt>
      <trkpt lat="50.130982" lon="14.262025">
      </trkpt>
      <trkpt lat="50.132579" lon="14.259032">
      </trkpt>
      <trkpt lat="50.133406" lon="14.257401">
      </trkpt>
      <trkpt lat="50.134205" lon="14.255744">
      </trkpt>
      <trkpt lat="50.134872" lon="14.25431">
      </trkpt>
      <trkpt lat="50.139255" lon="14.246464">
      </trkpt>
      <trkpt lat="50.139385" lon="14.246161">
      </trkpt>
      <trkpt lat="50.14021" lon="14.24432">
      </trkpt>
      <trkpt lat="50.142342" lon="14.237159">
      </trkpt>
      <trkpt lat="50.143463" lon="14.234583">
      </trkpt>
      <trkpt lat="50.144584" lon="14.232006">
      </trkpt>
      <trkpt lat="50.141283" lon="14.23057">
      </trkpt>
      <trkpt lat="50.140162" lon="14.233147">
      </trkpt>
      <trkpt lat="50.139041" lon="14.235724">
      </trkpt>
      <trkpt lat="50.137615" lon="14.239002">
      </trkpt>
      <trkpt lat="50.13619" lon="14.242279">
      </trkpt>
      <trkpt lat="50.133358" lon="14.24878">
      </trkpt>
      <trkpt lat="50.131573" lon="14.25287">
      </trkpt>
      <trkpt lat="50.130942" lon="14.254224">
      </trkpt>
      <trkpt lat="50.122182" lon="14.254361">
      </trkpt>
      <trkpt lat="50.119951" lon="14.254897">
      </trkpt>
      <trkpt lat="50.118713" lon="14.255324">
      </trkpt>
      <trkpt lat="50.118702" lon="14.259467">
      </trkpt>
      <trkpt lat="50.119399" lon="14.262466">
      </trkpt>
      <trkpt lat="50.119459" lon="14.262775">
      </trkpt>
      <trkpt lat="50.11959" lon="14.264142">
      </trkpt>
      <trkpt lat="50.117231" lon="14.270933">
      </trkpt>
      <trkpt lat="50.111742" lon="14.272735">
      </trkpt>
      <trkpt lat="50.108665" lon="14.272257">
      </trkpt>
      <trkpt lat="50.108609" lon="14.272334">
      </trkpt>
      <trkpt lat="50.108606" lon="14.272338">
      </trkpt>
      <trkpt lat="50.108532" lon="14.27244">
      </trkpt>
      <trkpt lat="50.107641" lon="14.273832">
      </trkpt>
      <trkpt lat="50.10769" lon="14.274147">
      </trkpt>
      <trkpt lat="50.108454" lon="14.278524">
      </trkpt>
      <trkpt lat="50.108621" lon="14.279194">
      </trkpt>
      <trkpt lat="50.108852" lon="14.279879">
      </trkpt>
      <trkpt lat="50.109099" lon="14.280438">
      </trkpt>
      <trkpt lat="50.109386" lon="14.280951">
      </trkpt>
      <trkpt lat="50.109785" lon="14.281517">
      </trkpt>
      <trkpt lat="50.10906" lon="14.289168">
      </trkpt>
      <trkpt lat="50.103049" lon="14.289854">
      </trkpt>
      <trkpt lat="50.099974" lon="14.28739">
      </trkpt>
      <trkpt lat="50.099891" lon="14.287301">
      </trkpt>
      <trkpt lat="50.099557" lon="14.28694">
      </trkpt>
      <trkpt lat="50.099477" lon="14.286907">
      </trkpt>
      <trkpt lat="50.098609" lon="14.287068">
      </trkpt>
      <trkpt lat="50.098228" lon="14.28733">
      </trkpt>
      <trkpt lat="50.092564" lon="14.292153">
      </trkpt>
      <trkpt lat="50.087726" lon="14.293353">
      </trkpt>
      <trkpt lat="50.08665" lon="14.293216">
      </trkpt>
      <trkpt lat="50.082735" lon="14.285166">
      </trkpt>
      <trkpt lat="50.08306" lon="14.284463">
      </trkpt>
      <trkpt lat="50.084209" lon="14.282803">
      </trkpt>
      <trkpt lat="50.084673" lon="14.281894">
      </trkpt>
      <trkpt lat="50.085063" lon="14.280991">
      </trkpt>
      <trkpt lat="50.085425" lon="14.280049">
      </trkpt>
      <trkpt lat="50.085664" lon="14.279349">
      </trkpt>
      <trkpt lat="50.085861" lon="14.278723">
      </trkpt>
      <trkpt lat="50.086212" lon="14.277405">
      </trkpt>
      <trkpt lat="50.086448" lon="14.276355">
      </trkpt>
      <trkpt lat="50.086523" lon="14.275314">
      </trkpt>
      <trkpt lat="50.086606" lon="14.274739">
      </trkpt>
      <trkpt lat="50.086708" lon="14.273921">
      </trkpt>
      <trkpt lat="50.086937" lon="14.272446">
      </trkpt>
      <trkpt lat="50.087122" lon="14.269251">
      </trkpt>
      <trkpt lat="50.087185" lon="14.268434">
      </trkpt>
      <trkpt lat="50.087319" lon="14.267137">
      </trkpt>
      <trkpt lat="50.0875" lon="14.265838">
      </trkpt>
      <trkpt lat="50.087724" lon="14.264588">
      </trkpt>
      <trkpt lat="50.087936" lon="14.263577">
      </trkpt>
      <trkpt lat="50.088127" lon="14.2628">
      </trkpt>
      <trkpt lat="50.088557" lon="14.261279">
      </trkpt>
      <trkpt lat="50.088801" lon="14.260546">
      </trkpt>
      <trkpt lat="50.089166" lon="14.259532">
      </trkpt>
      <trkpt lat="50.089564" lon="14.258561">
      </trkpt>
      <trkpt lat="50.089973" lon="14.257662">
      </trkpt>
      <trkpt lat="50.090371" lon="14.256842">
      </trkpt>
      <trkpt lat="50.090976" lon="14.255762">
      </trkpt>
      <trkpt lat="50.092337" lon="14.253521">
      </trkpt>
      <trkpt lat="50.092996" lon="14.25239">
      </trkpt>
      <trkpt lat="50.093565" lon="14.251323">
      </trkpt>
      <trkpt lat="50.093993" lon="14.250423">
      </trkpt>
      <trkpt lat="50.094375" lon="14.249519">
      </trkpt>
      <trkpt lat="50.094796" lon="14.248407">
      </trkpt>
      <trkpt lat="50.09518" lon="14.247254">
      </trkpt>
      <trkpt lat="50.09554" lon="14.245948">
      </trkpt>
      <trkpt lat="50.095863" lon="14.244594">
      </trkpt>
      <trkpt lat="50.096148" lon="14.243052">
      </trkpt>
      <trkpt lat="50.096353" lon="14.241553">
      </trkpt>
      <trkpt lat="50.096566" lon="14.239617">
      </trkpt>
      <trkpt lat="50.096931" lon="14.236158">
      </trkpt>
      <trkpt lat="50.097295" lon="14.2327">
      </trkpt>
      <trkpt lat="50.09766" lon="14.229241">
      </trkpt>
      <trkpt lat="50.098025" lon="14.225778">
      </trkpt>
      <trkpt lat="50.104981" lon="14.222315">
      </trkpt>
      <trkpt lat="50.105566" lon="14.222462">
      </trkpt>
      <trkpt lat="50.106146" lon="14.222536">
      </trkpt>
      <trkpt lat="50.111745" lon="14.225185">
      </trkpt>
      <trkpt lat="50.114864" lon="14.223388">
      </trkpt>
      <trkpt lat="50.113336" lon="14.217782">
      </trkpt>
      <trkpt lat="50.113228" lon="14.217307">
      </trkpt>
      <trkpt lat="50.110981" lon="14.213342">
      </trkpt>
      <trkpt lat="50.112499" lon="14.204633">
      </trkpt>
      <trkpt lat="50.112817" lon="14.204366">
      </trkpt>
      <trkpt lat="50.113184" lon="14.203066">
      </trkpt>
      <trkpt lat="50.113048" lon="14.202669">
      </trkpt>
      <trkpt lat="50.112664" lon="14.201671">
      </trkpt>
      <trkpt lat="50.110509" lon="14.201604">
      </trkpt>
      <trkpt lat="50.106914" lon="14.201709">
      </trkpt>
      <trkpt lat="50.106292" lon="14.20219">
      </trkpt>
      <trkpt lat="50.098278" lon="14.201382">
      </trkpt>
      <trkpt lat="50.096813" lon="14.197451">
      </trkpt>
      <trkpt lat="50.096794" lon="14.196893">
      </trkpt>
      <trkpt lat="50.096802" lon="14.196186">
      </trkpt>
      <trkpt lat="50.096814" lon="14.19551">
      </trkpt>
      <trkpt lat="50.096845" lon="14.194855">
      </trkpt>
      <trkpt lat="50.096953" lon="14.193678">
      </trkpt>
      <trkpt lat="50.097162" lon="14.192289">
      </trkpt>
      <trkpt lat="50.097429" lon="14.19106">
      </trkpt>
      <trkpt lat="50.097769" lon="14.189868">
      </trkpt>
      <trkpt lat="50.098233" lon="14.188521">
      </trkpt>
      <trkpt lat="50.099156" lon="14.186005">
      </trkpt>
      <trkpt lat="50.099576" lon="14.184754">
      </trkpt>
      <trkpt lat="50.099924" lon="14.183581">
      </trkpt>
      <trkpt lat="50.100091" lon="14.182962">
      </trkpt>
      <trkpt lat="50.100417" lon="14.181614">
      </trkpt>
      <trkpt lat="50.100584" lon="14.180827">
      </trkpt>
      <trkpt lat="50.10087" lon="14.179288">
      </trkpt>
      <trkpt lat="50.101" lon="14.178465">
      </trkpt>
      <trkpt lat="50.10112" lon="14.177587">
      </trkpt>
      <trkpt lat="50.101297" lon="14.175895">
      </trkpt>
      <trkpt lat="50.101372" lon="14.174889">
      </trkpt>
      <trkpt lat="50.101424" lon="14.17388">
      </trkpt>
      <trkpt lat="50.101464" lon="14.172003">
      </trkpt>
      <trkpt lat="50.101437" lon="14.170344">
      </trkpt>
      <trkpt lat="50.10132" lon="14.167469">
      </trkpt>
      <trkpt lat="50.101204" lon="14.16461">
      </trkpt>
      <trkpt lat="50.101131" lon="14.162338">
      </trkpt>
      <trkpt lat="50.101151" lon="14.158243">
      </trkpt>
      <trkpt lat="50.101217" lon="14.156422">
      </trkpt>
      <trkpt lat="50.101306" lon="14.154918">
      </trkpt>
      <trkpt lat="50.101421" lon="14.153416">
      </trkpt>
      <trkpt lat="50.101546" lon="14.152073">
      </trkpt>
      <trkpt lat="50.101693" lon="14.150762">
      </trkpt>
      <trkpt lat="50.102058" lon="14.147985">
      </trkpt>
      <trkpt lat="50.104106" lon="14.140491">
      </trkpt>
      <trkpt lat="50.104715" lon="14.138279">
      </trkpt>
      <trkpt lat="50.104864" lon="14.136972">
      </trkpt>
      <trkpt lat="50.104653" lon="14.130069">
      </trkpt>
      <trkpt lat="50.104969" lon="14.127496">
      </trkpt>
      <trkpt lat="50.105246" lon="14.124934">
      </trkpt>
      <trkpt lat="50.105447" lon="14.122895">
      </trkpt>
      <trkpt lat="50.105648" lon="14.120856">
      </trkpt>
      <trkpt lat="50.102065" lon="14.120503">
      </trkpt>
      <trkpt lat="50.101864" lon="14.122542">
      </trkpt>
      <trkpt lat="50.101663" lon="14.124581">
      </trkpt>
      <trkpt lat="50.10139" lon="14.127109">
      </trkpt>
      <trkpt lat="50.10108" lon="14.12963">
      </trkpt>
      <trkpt lat="50.10072" lon="14.132391">
      </trkpt>
      <trkpt lat="50.100414" lon="14.134502">
      </trkpt>
      <trkpt lat="50.100105" lon="14.136638">
      </trkpt>
      <trkpt lat="50.0993" lon="14.142005">
      </trkpt>
      <trkpt lat="50.098898" lon="14.144735">
      </trkpt>
      <trkpt lat="50.098496" lon="14.14746">
      </trkpt>
      <trkpt lat="50.098124" lon="14.150293">
      </trkpt>
      <trkpt lat="50.097969" lon="14.151672">
      </trkpt>
      <trkpt lat="50.097837" lon="14.153082">
      </trkpt>
      <trkpt lat="50.097716" lon="14.154641">
      </trkpt>
      <trkpt lat="50.097623" lon="14.156209">
      </trkpt>
      <trkpt lat="50.097553" lon="14.158112">
      </trkpt>
      <trkpt lat="50.097531" lon="14.162349">
      </trkpt>
      <trkpt lat="50.097606" lon="14.164724">
      </trkpt>
      <trkpt lat="50.097723" lon="14.167615">
      </trkpt>
      <trkpt lat="50.09784" lon="14.17049">
      </trkpt>
      <trkpt lat="50.097865" lon="14.17204">
      </trkpt>
      <trkpt lat="50.097825" lon="14.173801">
      </trkpt>
      <trkpt lat="50.097777" lon="14.174701">
      </trkpt>
      <trkpt lat="50.097707" lon="14.175626">
      </trkpt>
      <trkpt lat="50.09754" lon="14.17721">
      </trkpt>
      <trkpt lat="50.097434" lon="14.177974">
      </trkpt>
      <trkpt lat="50.097314" lon="14.178725">
      </trkpt>
      <trkpt lat="50.097045" lon="14.180169">
      </trkpt>
      <trkpt lat="50.096896" lon="14.180864">
      </trkpt>
      <trkpt lat="50.096593" lon="14.182114">
      </trkpt>
      <trkpt lat="50.096449" lon="14.182641">
      </trkpt>
      <trkpt lat="50.096126" lon="14.183726">
      </trkpt>
      <trkpt lat="50.095744" lon="14.184855">
      </trkpt>
      <trkpt lat="50.094853" lon="14.187281">
      </trkpt>
      <trkpt lat="50.094365" lon="14.188694">
      </trkpt>
      <trkpt lat="50.093969" lon="14.190066">
      </trkpt>
      <trkpt lat="50.093646" lon="14.191515">
      </trkpt>
      <trkpt lat="50.093389" lon="14.193174">
      </trkpt>
      <trkpt lat="50.093261" lon="14.19452">
      </trkpt>
      <trkpt lat="50.093219" lon="14.195331">
      </trkpt>
      <trkpt lat="50.093203" lon="14.196116">
      </trkpt>
      <trkpt lat="50.093195" lon="14.196854">
      </trkpt>
      <trkpt lat="50.089008" lon="14.203715">
      </trkpt>
      <trkpt lat="50.089108" lon="14.204643">
      </trkpt>
      <trkpt lat="50.089116" lon="14.204676">
      </trkpt>
      <trkpt lat="50.089636" lon="14.205595">
      </trkpt>
      <trkpt lat="50.087783" lon="14.212728">
      </trkpt>
      <trkpt lat="50.085106" lon="14.213501">
      </trkpt>
      <trkpt lat="50.085066" lon="14.213575">
      </trkpt>
      <trkpt lat="50.085513" lon="14.215823">
      </trkpt>
      <trkpt lat="50.085533" lon="14.216325">
      </trkpt>
      <trkpt lat="50.085546" lon="14.216896">
      </trkpt>
      <trkpt lat="50.088152" lon="14.220161">
      </trkpt>
      <trkpt lat="50.09429" lon="14.225796">
      </trkpt>
      <trkpt lat="50.093939" lon="14.229149">
      </trkpt>
      <trkpt lat="50.093588" lon="14.232501">
      </trkpt>
      <trkpt lat="50.093236" lon="14.235854">
      </trkpt>
      <trkpt lat="50.092886" lon="14.239197">
      </trkpt>
      <trkpt lat="50.084953" lon="14.242801">
      </trkpt>
      <trkpt lat="50.083" lon="14.241638">
      </trkpt>
      <trkpt lat="50.082699" lon="14.233565">
      </trkpt>
      <trkpt lat="50.08455" lon="14.232298">
      </trkpt>
      <trkpt lat="50.084556" lon="14.232278">
      </trkpt>
      <trkpt lat="50.083023" lon="14.22998">
      </trkpt>
      <trkpt lat="50.082192" lon="14.229696">
      </trkpt>
      <trkpt lat="50.081072" lon="14.229443">
      </trkpt>
      <trkpt lat="50.078822" lon="14.228957">
      </trkpt>
      <trkpt lat="50.070873" lon="14.226178">
      </trkpt>
      <trkpt lat="50.070728" lon="14.221375">
      </trkpt>
      <trkpt lat="50.070656" lon="14.218786">
      </trkpt>
      <trkpt lat="50.070584" lon="14.216196">
      </trkpt>
      <trkpt lat="50.070512" lon="14.213607">
      </trkpt>
      <trkpt lat="50.070433" lon="14.210903">
      </trkpt>
      <trkpt lat="50.07034" lon="14.210064">
      </trkpt>
      <trkpt lat="50.070143" lon="14.209022">
      </trkpt>
      <trkpt lat="50.06844" lon="14.201967">
      </trkpt>
      <trkpt lat="50.074815" lon="14.197912">
      </trkpt>
      <trkpt lat="50.07733" lon="14.195337">
      </trkpt>
      <trkpt lat="50.075856" lon="14.193898">
      </trkpt>
      <trkpt lat="50.074382" lon="14.192458">
      </trkpt>
      <trkpt lat="50.072433" lon="14.190526">
      </trkpt>
      <trkpt lat="50.070625" lon="14.182532">
      </trkpt>
      <trkpt lat="50.07145" lon="14.179757">
      </trkpt>
      <trkpt lat="50.072502" lon="14.176219">
      </trkpt>
      <trkpt lat="50.073041" lon="14.174379">
      </trkpt>
      <trkpt lat="50.073939" lon="14.17219">
      </trkpt>
      <trkpt lat="50.073835" lon="14.170256">
      </trkpt>
      <trkpt lat="50.072937" lon="14.166252">
      </trkpt>
      <trkpt lat="50.072923" lon="14.160911">
      </trkpt>
      <trkpt lat="50.07271" lon="14.159335">
      </trkpt>
      <trkpt lat="50.072642" lon="14.159231">
      </trkpt>
      <trkpt lat="50.069665" lon="14.159379">
      </trkpt>
      <trkpt lat="50.06215" lon="14.154614">
      </trkpt>
      <trkpt lat="50.062573" lon="14.152074">
      </trkpt>
      <trkpt lat="50.062859" lon="14.150694">
      </trkpt>
      <trkpt lat="50.063333" lon="14.148995">
      </trkpt>
      <trkpt lat="50.058527" lon="14.143047">
      </trkpt>
      <trkpt lat="50.054933" lon="14.143255">
      </trkpt>
      <trkpt lat="50.048364" lon="14.13877">
      </trkpt>
      <trkpt lat="50.047297" lon="14.137488">
      </trkpt>
      <trkpt lat="50.046552" lon="14.136745">
      </trkpt>
      <trkpt lat="50.046055" lon="14.136489">
      </trkpt>
      <trkpt lat="50.045444" lon="14.136305">
      </trkpt>
      <trkpt lat="50.044396" lon="14.135875">
      </trkpt>
      <trkpt lat="50.042825" lon="14.136381">
      </trkpt>
      <trkpt lat="50.040206" lon="14.1378">
      </trkpt>
      <trkpt lat="50.033646" lon="14.133046">
      </trkpt>
      <trkpt lat="50.033507" lon="14.13166">
      </trkpt>
      <trkpt lat="50.033457" lon="14.131377">
      </trkpt>
      <trkpt lat="50.032882" lon="14.128634">
      </trkpt>
      <trkpt lat="50.03617" lon="14.121102">
      </trkpt>
      <trkpt lat="50.043884" lon="14.117964">
      </trkpt>
      <trkpt lat="50.050166" lon="14.123583">
      </trkpt>
      <trkpt lat="50.050313" lon="14.124289">
      </trkpt>
      <trkpt lat="50.050524" lon="14.12478">
      </trkpt>
      <trkpt lat="50.050752" lon="14.125146">
      </trkpt>
      <trkpt lat="50.051173" lon="14.125535">
      </trkpt>
      <trkpt lat="50.054114" lon="14.12452">
      </trkpt>
      <trkpt lat="50.054109" lon="14.124453">
      </trkpt>
      <trkpt lat="50.054036" lon="14.123519">
      </trkpt>
      <trkpt lat="50.053994" lon="14.122828">
      </trkpt>
      <trkpt lat="50.053785" lon="14.121315">
      </trkpt>
      <trkpt lat="50.053545" lon="14.119878">
      </trkpt>
      <trkpt lat="50.053284" lon="14.117549">
      </trkpt>
      <trkpt lat="50.05274" lon="14.109969">
      </trkpt>
      <trkpt lat="50.052736" lon="14.109641">
      </trkpt>
      <trkpt lat="50.053051" lon="14.101433">
      </trkpt>
      <trkpt lat="50.055973" lon="14.098962">
      </trkpt>
      <trkpt lat="50.057474" lon="14.09569">
      </trkpt>
      <trkpt lat="50.056578" lon="14.0944">
      </trkpt>
      <trkpt lat="50.053183" lon="14.089654">
      </trkpt>
      <trkpt lat="50.047268" lon="14.08595">
      </trkpt>
      <trkpt lat="50.046505" lon="14.078404">
      </trkpt>
      <trkpt lat="50.046091" lon="14.077956">
      </trkpt>
      <trkpt lat="50.045622" lon="14.077577">
      </trkpt>
      <trkpt lat="50.044714" lon="14.077231">
      </trkpt>
      <trkpt lat="50.043326" lon="14.077245">
      </trkpt>
      <trkpt lat="50.040469" lon="14.068755">
      </trkpt>
      <trkpt lat="50.042445" lon="14.065977">
      </trkpt>
      <trkpt lat="50.044295" lon="14.062889">
      </trkpt>
      <trkpt lat="50.044005" lon="14.061202">
      </trkpt>
      <trkpt lat="50.0426" lon="14.059984">
      </trkpt>
      <trkpt lat="50.040798" lon="14.059567">
      </trkpt>
      <trkpt lat="50.039037" lon="14.060502">
      </trkpt>
      <trkpt lat="50.033445" lon="14.066551">
      </trkpt>
      <trkpt lat="50.029373" lon="14.063187">
      </trkpt>
      <trkpt lat="50.029433" lon="14.058351">
      </trkpt>
      <trkpt lat="50.029624" lon="14.057805">
      </trkpt>
      <trkpt lat="50.029688" lon="14.057331">
      </trkpt>
      <trkpt lat="50.029672" lon="14.056951">
      </trkpt>
      <trkpt lat="50.029591" lon="14.055353">
      </trkpt>
      <trkpt lat="50.029663" lon="14.053001">
      </trkpt>
      <trkpt lat="50.029676" lon="14.052568">
      </trkpt>
      <trkpt lat="50.029706" lon="14.052176">
      </trkpt>
      <trkpt lat="50.024723" lon="14.05046">
      </trkpt>
      <trkpt lat="50.023169" lon="14.050998">
      </trkpt>
      <trkpt lat="50.021413" lon="14.051875">
      </trkpt>
      <trkpt lat="50.01429" lon="14.053655">
      </trkpt>
      <trkpt lat="50.011397" lon="14.052277">
      </trkpt>
      <trkpt lat="50.009026" lon="14.045669">
      </trkpt>
      <trkpt lat="50.010047" lon="14.042898">
      </trkpt>
      <trkpt lat="50.010237" lon="14.042161">
      </trkpt>
      <trkpt lat="50.015293" lon="14.035488">
      </trkpt>
      <trkpt lat="50.015421" lon="14.034784">
      </trkpt>
      <trkpt lat="50.018258" lon="14.028213">
      </trkpt>
      <trkpt lat="50.020634" lon="14.023768">
      </trkpt>
      <trkpt lat="50.026519" lon="14.023713">
      </trkpt>
      <trkpt lat="50.028568" lon="14.022107">
      </trkpt>
      <trkpt lat="50.028582" lon="14.021945">
      </trkpt>
      <trkpt lat="50.028321" lon="14.020596">
      </trkpt>
      <trkpt lat="50.024716" lon="14.017121">
      </trkpt>
      <trkpt lat="50.019596" lon="14.011131">
      </trkpt>
      <trkpt lat="50.018772" lon="14.009056">
      </trkpt>
      <trkpt lat="50.018287" lon="14.001073">
      </trkpt>
      <trkpt lat="50.01852" lon="13.999904">
      </trkpt>
      <trkpt lat="50.014125" lon="13.992586">
      </trkpt>
      <trkpt lat="50.018772" lon="13.984968">
      </trkpt>
      <trkpt lat="50.019305" lon="13.984598">
      </trkpt>
      <trkpt lat="50.024404" lon="13.981461">
      </trkpt>
      <trkpt lat="50.025074" lon="13.981143">
      </trkpt>
      <trkpt lat="50.023531" lon="13.977891">
      </trkpt>
      <trkpt lat="50.020932" lon="13.975577">
      </trkpt>
      <trkpt lat="50.016595" lon="13.970912">
      </trkpt>
      <trkpt lat="50.013024" lon="13.970456">
      </trkpt>
      <trkpt lat="50.010238" lon="13.962774">
      </trkpt>
      <trkpt lat="50.007019" lon="13.961162">
      </trkpt>
      <trkpt lat="50.006519" lon="13.96216">
      </trkpt>
      <trkpt lat="50.006183" lon="13.962892">
      </trkpt>
      <trkpt lat="50.005555" lon="13.96438">
      </trkpt>
      <trkpt lat="49.998605" lon="13.967074">
      </trkpt>
      <trkpt lat="49.996794" lon="13.961663">
      </trkpt>
      <trkpt lat="49.997302" lon="13.959429">
      </trkpt>
      <trkpt lat="49.995378" lon="13.956386">
      </trkpt>
      <trkpt lat="49.994975" lon="13.949771">
      </trkpt>
      <trkpt lat="49.994628" lon="13.94764">
      </trkpt>
      <trkpt lat="49.994332" lon="13.945174">
      </trkpt>
      <trkpt lat="49.994026" lon="13.942635">
      </trkpt>
      <trkpt lat="49.996408" lon="13.93562">
      </trkpt>
      <trkpt lat="49.998003" lon="13.932392">
      </trkpt>
      <trkpt lat="49.997627" lon="13.925385">
      </trkpt>
      <trkpt lat="49.998844" lon="13.918242">
      </trkpt>
      <trkpt lat="50.000995" lon="13.91152">
      </trkpt>
      <trkpt lat="50.006799" lon="13.906139">
      </trkpt>
      <trkpt lat="50.010804" lon="13.904796">
      </trkpt>
      <trkpt lat="50.014154" lon="13.903478">
      </trkpt>
      <trkpt lat="50.012949" lon="13.899525">
      </trkpt>
      <trkpt lat="50.012538" lon="13.898196">
      </trkpt>
      <trkpt lat="50.011872" lon="13.896598">
      </trkpt>
      <trkpt lat="50.011131" lon="13.894474">
      </trkpt>
      <trkpt lat="50.010949" lon="13.893958">
      </trkpt>
      <trkpt lat="50.012063" lon="13.885115">
      </trkpt>
      <trkpt lat="50.012473" lon="13.884244">
      </trkpt>
      <trkpt lat="50.012847" lon="13.883223">
      </trkpt>
      <trkpt lat="50.013267" lon="13.88187">
      </trkpt>
      <trkpt lat="50.013462" lon="13.880901">
      </trkpt>
      <trkpt lat="50.015021" lon="13.874328">
      </trkpt>
      <trkpt lat="50.011786" lon="13.872748">
      </trkpt>
      <trkpt lat="50.011575" lon="13.87318">
      </trkpt>
      <trkpt lat="50.010393" lon="13.875863">
      </trkpt>
      <trkpt lat="50.009822" lon="13.877306">
      </trkpt>
      <trkpt lat="50.009711" lon="13.877838">
      </trkpt>
      <trkpt lat="50.009644" lon="13.87834">
      </trkpt>
      <trkpt lat="50.009648" lon="13.879157">
      </trkpt>
      <trkpt lat="50.007812" lon="13.883387">
      </trkpt>
      <trkpt lat="50.000866" lon="13.884085">
      </trkpt>
      <trkpt lat="49.993797" lon="13.880094">
      </trkpt>
      <trkpt lat="49.993429" lon="13.879683">
      </trkpt>
      <trkpt lat="49.99217" lon="13.878297">
      </trkpt>
      <trkpt lat="49.991456" lon="13.877185">
      </trkpt>
      <trkpt lat="49.9908" lon="13.876348">
      </trkpt>
      <trkpt lat="49.989603" lon="13.874349">
      </trkpt>
      <trkpt lat="49.993085" lon="13.866437">
      </trkpt>
      <trkpt lat="49.995888" lon="13.867019">
      </trkpt>
      <trkpt lat="49.996798" lon="13.867629">
      </trkpt>
      <trkpt lat="49.998803" lon="13.864639">
      </trkpt>
      <trkpt lat="49.999856" lon="13.862734">
      </trkpt>
      <trkpt lat="49.999858" lon="13.862705">
      </trkpt>
      <trkpt lat="49.998596" lon="13.86088">
      </trkpt>
      <trkpt lat="49.998045" lon="13.860436">
      </trkpt>
      <trkpt lat="49.991731" lon="13.854075">
      </trkpt>
      <trkpt lat="49.988398" lon="13.855436">
      </trkpt>
      <trkpt lat="49.980448" lon="13.851734">
      </trkpt>
      <trkpt lat="49.980072" lon="13.850264">
      </trkpt>
      <trkpt lat="49.979988" lon="13.849542">
      </trkpt>
      <trkpt lat="49.979569" lon="13.848172">
      </trkpt>
      <trkpt lat="49.979295" lon="13.847783">
      </trkpt>
      <trkpt lat="49.972995" lon="13.844202">
      </trkpt>
      <trkpt lat="49.972326" lon="13.841458">
      </trkpt>
      <trkpt lat="49.972145" lon="13.840843">
      </trkpt>
      <trkpt lat="49.971608" lon="13.837531">
      </trkpt>
      <trkpt lat="49.971685" lon="13.836106">
      </trkpt>
      <trkpt lat="49.9716" lon="13.8353">
      </trkpt>
      <trkpt lat="49.971305" lon="13.833097">
      </trkpt>
      <trkpt lat="49.971236" lon="13.832681">
      </trkpt>
      <trkpt lat="49.970431" lon="13.825825">
      </trkpt>
      <trkpt lat="49.970293" lon="13.823946">
      </trkpt>
      <trkpt lat="49.969854" lon="13.823058">
      </trkpt>
      <trkpt lat="49.969016" lon="13.822244">
      </trkpt>
      <trkpt lat="49.965644" lon="13.824163">
      </trkpt>
      <trkpt lat="49.962137" lon="13.830058">
      </trkpt>
      <trkpt lat="49.958547" lon="13.830334">
      </trkpt>
      <trkpt lat="49.954631" lon="13.831329">
      </trkpt>
      <trkpt lat="49.95189" lon="13.833749">
      </trkpt>
      <trkpt lat="49.951828" lon="13.833851">
      </trkpt>
      <trkpt lat="49.951956" lon="13.834312">
      </trkpt>
      <trkpt lat="49.952399" lon="13.835016">
      </trkpt>
      <trkpt lat="49.95314" lon="13.835496">
      </trkpt>
      <trkpt lat="49.954533" lon="13.836986">
      </trkpt>
      <trkpt lat="49.955151" lon="13.838316">
      </trkpt>
      <trkpt lat="49.948614" lon="13.844021">
      </trkpt>
      <trkpt lat="49.945097" lon="13.843249">
      </trkpt>
      <trkpt lat="49.944373" lon="13.846037">
      </trkpt>
      <trkpt lat="49.944171" lon="13.847213">
      </trkpt>
      <trkpt lat="49.943946" lon="13.849269">
      </trkpt>
      <trkpt lat="49.943918" lon="13.850229">
      </trkpt>
      <trkpt lat="49.943925" lon="13.850967">
      </trkpt>
      <trkpt lat="49.943983" lon="13.851641">
      </trkpt>
      <trkpt lat="49.941191" lon="13.858905">
      </trkpt>
      <trkpt lat="49.935352" lon="13.861274">
      </trkpt>
      <trkpt lat="49.932733" lon="13.862976">
      </trkpt>
      <trkpt lat="49.924178" lon="13.861941">
      </trkpt>
      <trkpt lat="49.921232" lon="13.857796">
      </trkpt>
      <trkpt lat="49.919911" lon="13.849135">
      </trkpt>
      <trkpt lat="49.922031" lon="13.847753">
      </trkpt>
      <trkpt lat="49.925936" lon="13.845848">
      </trkpt>
      <trkpt lat="49.928575" lon="13.845692">
      </trkpt>
      <trkpt lat="49.928587" lon="13.844272">
      </trkpt>
      <trkpt lat="49.928754" lon="13.841881">
      </trkpt>
      <trkpt lat="49.931906" lon="13.834765">
      </trkpt>
      <trkpt lat="49.933267" lon="13.833468">
      </trkpt>
      <trkpt lat="49.930782" lon="13.830863">
      </trkpt>
      <trkpt lat="49.924288" lon="13.82708">
      </trkpt>
      <trkpt lat="49.921884" lon="13.819051">
      </trkpt>
      <trkpt lat="49.922591" lon="13.817573">
      </trkpt>
      <trkpt lat="49.923015" lon="13.816578">
      </trkpt>
      <trkpt lat="49.923211" lon="13.815827">
      </trkpt>
      <trkpt lat="49.923283" lon="13.815053">
      </trkpt>
      <trkpt lat="49.923606" lon="13.811694">
      </trkpt>
      <trkpt lat="49.924225" lon="13.8097">
      </trkpt>
      <trkpt lat="49.926343" lon="13.803644">
      </trkpt>
      <trkpt lat="49.926985" lon="13.801245">
      </trkpt>
      <trkpt lat="49.927264" lon="13.800597">
      </trkpt>
      <trkpt lat="49.927993" lon="13.798927">
      </trkpt>
      <trkpt lat="49.928344" lon="13.797592">
      </trkpt>
      <trkpt lat="49.928717" lon="13.796344">
      </trkpt>
      <trkpt lat="49.928969" lon="13.795636">
      </trkpt>
      <trkpt lat="49.92949" lon="13.794466">
      </trkpt>
      <trkpt lat="49.937991" lon="13.794543">
      </trkpt>
      <trkpt lat="49.937936" lon="13.798116">
      </trkpt>
      <trkpt lat="49.938358" lon="13.798876">
      </trkpt>
      <trkpt lat="49.939033" lon="13.799737">
      </trkpt>
      <trkpt lat="49.939915" lon="13.800816">
      </trkpt>
      <trkpt lat="49.940636" lon="13.801628">
      </trkpt>
      <trkpt lat="49.943381" lon="13.808397">
      </trkpt>
      <trkpt lat="49.943436" lon="13.808936">
      </trkpt>
      <trkpt lat="49.943613" lon="13.809628">
      </trkpt>
      <trkpt lat="49.943875" lon="13.811129">
      </trkpt>
      <trkpt lat="49.943938" lon="13.811481">
      </trkpt>
      <trkpt lat="49.944098" lon="13.812386">
      </trkpt>
      <trkpt lat="49.945877" lon="13.813264">
      </trkpt>
      <trkpt lat="49.946422" lon="13.813454">
      </trkpt>
      <trkpt lat="49.94705" lon="13.813336">
      </trkpt>
      <trkpt lat="49.947696" lon="13.812474">
      </trkpt>
      <trkpt lat="49.94768" lon="13.811938">
      </trkpt>
      <trkpt lat="49.947605" lon="13.811382">
      </trkpt>
      <trkpt lat="49.947396" lon="13.809809">
      </trkpt>
      <trkpt lat="49.948575" lon="13.804089">
      </trkpt>
      <trkpt lat="49.951773" lon="13.801572">
      </trkpt>
      <trkpt lat="49.952694" lon="13.80121">
      </trkpt>
      <trkpt lat="49.95636" lon="13.794898">
      </trkpt>
      <trkpt lat="49.962234" lon="13.794167">
      </trkpt>
      <trkpt lat="49.963536" lon="13.793582">
      </trkpt>
      <trkpt lat="49.963944" lon="13.792954">
      </trkpt>
      <trkpt lat="49.964153" lon="13.792391">
      </trkpt>
      <trkpt lat="49.96546" lon="13.789656">
      </trkpt>
      <trkpt lat="49.97249" lon="13.785217">
      </trkpt>
      <trkpt lat="49.973612" lon="13.785536">
      </trkpt>
      <trkpt lat="49.974088" lon="13.785609">
      </trkpt>
      <trkpt lat="49.976179" lon="13.785557">
      </trkpt>
      <trkpt lat="49.976646" lon="13.781988">
      </trkpt>
      <trkpt lat="49.972639" lon="13.775401">
      </trkpt>
      <trkpt lat="49.972736" lon="13.769151">
      </trkpt>
      <trkpt lat="49.972862" lon="13.768655">
      </trkpt>
      <trkpt lat="49.973028" lon="13.767227">
      </trkpt>
      <trkpt lat="49.973107" lon="13.766694">
      </trkpt>
      <trkpt lat="49.973103" lon="13.762963">
      </trkpt>
      <trkpt lat="49.972979" lon="13.762025">
      </trkpt>
      <trkpt lat="49.972621" lon="13.75927">
      </trkpt>
      <trkpt lat="49.972563" lon="13.758882">
      </trkpt>
      <trkpt lat="49.969677" lon="13.754256">
      </trkpt>
      <trkpt lat="49.967966" lon="13.750223">
      </trkpt>
      <trkpt lat="49.967685" lon="13.749442">
      </trkpt>
      <trkpt lat="49.967364" lon="13.748982">
      </trkpt>
      <trkpt lat="49.967339" lon="13.74895">
      </trkpt>
      <trkpt lat="49.96364" lon="13.741263">
      </trkpt>
      <trkpt lat="49.963969" lon="13.739033">
      </trkpt>
      <trkpt lat="49.964062" lon="13.738226">
      </trkpt>
      <trkpt lat="49.963853" lon="13.735211">
      </trkpt>
      <trkpt lat="49.96381" lon="13.735132">
      </trkpt>
      <trkpt lat="49.963772" lon="13.735111">
      </trkpt>
      <trkpt lat="49.963417" lon="13.735021">
      </trkpt>
      <trkpt lat="49.963174" lon="13.734966">
      </trkpt>
      <trkpt lat="49.962838" lon="13.734934">
      </trkpt>
      <trkpt lat="49.962725" lon="13.734925">
      </trkpt>
      <trkpt lat="49.961018" lon="13.735663">
      </trkpt>
      <trkpt lat="49.960325" lon="13.736393">
      </trkpt>
      <trkpt lat="49.959954" lon="13.737009">
      </trkpt>
      <trkpt lat="49.959826" lon="13.737579">
      </trkpt>
      <trkpt lat="49.959669" lon="13.738495">
      </trkpt>
      <trkpt lat="49.951632" lon="13.741632">
      </trkpt>
      <trkpt lat="49.950511" lon="13.741346">
      </trkpt>
      <trkpt lat="49.947463" lon="13.740305">
      </trkpt>
      <trkpt lat="49.943582" lon="13.73427">
      </trkpt>
      <trkpt lat="49.943505" lon="13.730326">
      </trkpt>
      <trkpt lat="49.943615" lon="13.729815">
      </trkpt>
      <trkpt lat="49.948579" lon="13.723141">
      </trkpt>
      <trkpt lat="49.949252" lon="13.722704">
      </trkpt>
      <trkpt lat="49.958032" lon="13.721491">
      </trkpt>
      <trkpt lat="49.959936" lon="13.723956">
      </trkpt>
      <trkpt lat="49.960835" lon="13.72388">
      </trkpt>
      <trkpt lat="49.968001" lon="13.726263">
      </trkpt>
      <trkpt lat="49.968413" lon="13.726527">
      </trkpt>
      <trkpt lat="49.969406" lon="13.726794">
      </trkpt>
      <trkpt lat="49.969996" lon="13.726702">
      </trkpt>
      <trkpt lat="49.971002" lon="13.726262">
      </trkpt>
      <trkpt lat="49.971369" lon="13.725949">
      </trkpt>
      <trkpt lat="49.975669" lon="13.7229">
      </trkpt>
      <trkpt lat="49.975375" lon="13.722265">
      </trkpt>
      <trkpt lat="49.974612" lon="13.721256">
      </trkpt>
      <trkpt lat="49.973462" lon="13.720173">
      </trkpt>
      <trkpt lat="49.972734" lon="13.719755">
      </trkpt>
      <trkpt lat="49.970079" lon="13.716594">
      </trkpt>
      <trkpt lat="49.969627" lon="13.713138">
      </trkpt>
      <trkpt lat="49.975825" lon="13.70758">
      </trkpt>
      <trkpt lat="49.976605" lon="13.707295">
      </trkpt>
      <trkpt lat="49.97737" lon="13.706791">
      </trkpt>
      <trkpt lat="49.977635" lon="13.706492">
      </trkpt>
      <trkpt lat="49.977882" lon="13.706161">
      </trkpt>
      <trkpt lat="49.978307" lon="13.705464">
      </trkpt>
      <trkpt lat="49.978506" lon="13.70497">
      </trkpt>
      <trkpt lat="49.979133" lon="13.703202">
      </trkpt>
      <trkpt lat="49.979278" lon="13.702862">
      </trkpt>
      <trkpt lat="49.9806" lon="13.700274">
      </trkpt>
      <trkpt lat="49.982215" lon="13.697772">
      </trkpt>
      <trkpt lat="49.983032" lon="13.696709">
      </trkpt>
      <trkpt lat="49.991649" lon="13.698778">
      </trkpt>
      <trkpt lat="49.993209" lon="13.701482">
      </trkpt>
      <trkpt lat="49.994515" lon="13.704679">
      </trkpt>
      <trkpt lat="49.995821" lon="13.707876">
      </trkpt>
      <trkpt lat="49.999154" lon="13.706514">
      </trkpt>
      <trkpt lat="49.997848" lon="13.703317">
      </trkpt>
      <trkpt lat="49.997087" lon="13.696713">
      </trkpt>
      <trkpt lat="49.997128" lon="13.695878">
      </trkpt>
      <trkpt lat="50.001972" lon="13.68852">
      </trkpt>
      <trkpt lat="50.004546" lon="13.687217">
      </trkpt>
      <trkpt lat="50.006752" lon="13.684372">
      </trkpt>
      <trkpt lat="50.005401" lon="13.683324">
      </trkpt>
      <trkpt lat="50.002706" lon="13.680624">
      </trkpt>
      <trkpt lat="49.996337" lon="13.677763">
      </trkpt>
      <trkpt lat="49.992738" lon="13.677678">
      </trkpt>
      <trkpt lat="49.98885" lon="13.680926">
      </trkpt>
      <trkpt lat="49.985343" lon="13.689155">
      </trkpt>
      <trkpt lat="49.984851" lon="13.689464">
      </trkpt>
      <trkpt lat="49.983331" lon="13.690139">
      </trkpt>
      <trkpt lat="49.976084" lon="13.68578">
      </trkpt>
      <trkpt lat="49.978095" lon="13.678748">
      </trkpt>
      <trkpt lat="49.979316" lon="13.677745">
      </trkpt>
      <trkpt lat="49.979936" lon="13.676857">
      </trkpt>
      <trkpt lat="49.980819" lon="13.676018">
      </trkpt>
      <trkpt lat="49.980972" lon="13.675753">
      </trkpt>
      <trkpt lat="49.981427" lon="13.674852">
      </trkpt>
      <trkpt lat="49.98461" lon="13.670992">
      </trkpt>
      <trkpt lat="49.986338" lon="13.67011">
      </trkpt>
      <trkpt lat="49.985351" lon="13.664885">
      </trkpt>
      <trkpt lat="49.993191" lon="13.663454">
      </trkpt>
      <trkpt lat="49.996441" lon="13.664982">
      </trkpt>
      <trkpt lat="49.996569" lon="13.6647">
      </trkpt>
      <trkpt lat="49.996778" lon="13.663765">
      </trkpt>
      <trkpt lat="49.999523" lon="13.659225">
      </trkpt>
      <trkpt lat="50.007995" lon="13.658725">
      </trkpt>
      <trkpt lat="50.009337" lon="13.660994">
      </trkpt>
      <trkpt lat="50.009904" lon="13.663528">
      </trkpt>
      <trkpt lat="50.013501" lon="13.663665">
      </trkpt>
      <trkpt lat="50.013525" lon="13.663037">
      </trkpt>
      <trkpt lat="50.013478" lon="13.662336">
      </trkpt>
      <trkpt lat="50.013217" lon="13.66106">
      </trkpt>
      <trkpt lat="50.013223" lon="13.655684">
      </trkpt>
      <trkpt lat="50.014083" lon="13.648264">
      </trkpt>
      <trkpt lat="50.013894" lon="13.647165">
      </trkpt>
      <trkpt lat="50.017919" lon="13.640364">
      </trkpt>
      <trkpt lat="50.019362" lon="13.639954">
      </trkpt>
      <trkpt lat="50.021495" lon="13.638846">
      </trkpt>
      <trkpt lat="50.02196" lon="13.638588">
      </trkpt>
      <trkpt lat="50.022434" lon="13.638279">
      </trkpt>
      <trkpt lat="50.022313" lon="13.637385">
      </trkpt>
      <trkpt lat="50.022312" lon="13.637384">
      </trkpt>
      <trkpt lat="50.02047" lon="13.635261">
      </trkpt>
      <trkpt lat="50.017484" lon="13.629585">
      </trkpt>
      <trkpt lat="50.017213" lon="13.628563">
      </trkpt>
      <trkpt lat="50.01634" lon="13.625881">
      </trkpt>
      <trkpt lat="50.015496" lon="13.623296">
      </trkpt>
      <trkpt lat="50.019922" lon="13.616144">
      </trkpt>
      <trkpt lat="50.020293" lon="13.615946">
      </trkpt>
      <trkpt lat="50.021898" lon="13.615093">
      </trkpt>
      <trkpt lat="50.024299" lon="13.61442">
      </trkpt>
      <trkpt lat="50.031652" lon="13.61521">
      </trkpt>
      <trkpt lat="50.033525" lon="13.615889">
      </trkpt>
      <trkpt lat="50.039518" lon="13.620651">
      </trkpt>
      <trkpt lat="50.040798" lon="13.621321">
      </trkpt>
      <trkpt lat="50.045118" lon="13.62261">
      </trkpt>
      <trkpt lat="50.047042" lon="13.623556">
      </trkpt>
      <trkpt lat="50.048699" lon="13.624511">
      </trkpt>
      <trkpt lat="50.05083" lon="13.631459">
      </trkpt>
      <trkpt lat="50.049362" lon="13.633834">
      </trkpt>
      <trkpt lat="50.045948" lon="13.6359">
      </trkpt>
      <trkpt lat="50.045446" lon="13.636136">
      </trkpt>
      <trkpt lat="50.043247" lon="13.637569">
      </trkpt>
      <trkpt lat="50.03984" lon="13.638858">
      </trkpt>
      <trkpt lat="50.038445" lon="13.642746">
      </trkpt>
      <trkpt lat="50.037872" lon="13.643739">
      </trkpt>
      <trkpt lat="50.037059" lon="13.645483">
      </trkpt>
      <trkpt lat="50.039991" lon="13.647572">
      </trkpt>
      <trkpt lat="50.040842" lon="13.646376">
      </trkpt>
      <trkpt lat="50.041168" lon="13.645664">
      </trkpt>
      <trkpt lat="50.041844" lon="13.644417">
      </trkpt>
      <trkpt lat="50.042954" lon="13.643052">
      </trkpt>
      <trkpt lat="50.044016" lon="13.641934">
      </trkpt>
      <trkpt lat="50.052548" lon="13.643127">
      </trkpt>
      <trkpt lat="50.053008" lon="13.645745">
      </trkpt>
      <trkpt lat="50.053602" lon="13.646489">
      </trkpt>
      <trkpt lat="50.054578" lon="13.647591">
      </trkpt>
      <trkpt lat="50.057345" lon="13.645287">
      </trkpt>
      <trkpt lat="50.056993" lon="13.64392">
      </trkpt>
      <trkpt lat="50.056001" lon="13.640083">
      </trkpt>
      <trkpt lat="50.055859" lon="13.63722">
      </trkpt>
      <trkpt lat="50.061209" lon="13.632884">
      </trkpt>
      <trkpt lat="50.065098" lon="13.636788">
      </trkpt>
      <trkpt lat="50.065166" lon="13.637143">
      </trkpt>
      <trkpt lat="50.065235" lon="13.638084">
      </trkpt>
      <trkpt lat="50.065391" lon="13.639342">
      </trkpt>
      <trkpt lat="50.065392" lon="13.639344">
      </trkpt>
      <trkpt lat="50.067172" lon="13.639778">
      </trkpt>
      <trkpt lat="50.068558" lon="13.639468">
      </trkpt>
      <trkpt lat="50.069293" lon="13.637952">
      </trkpt>
      <trkpt lat="50.069326" lon="13.635948">
      </trkpt>
      <trkpt lat="50.069317" lon="13.635901">
      </trkpt>
      <trkpt lat="50.067602" lon="13.631389">
      </trkpt>
      <trkpt lat="50.067258" lon="13.630783">
      </trkpt>
      <trkpt lat="50.066858" lon="13.630354">
      </trkpt>
      <trkpt lat="50.066364" lon="13.630043">
      </trkpt>
      <trkpt lat="50.064277" lon="13.629102">
      </trkpt>
      <trkpt lat="50.060119" lon="13.625372">
      </trkpt>
      <trkpt lat="50.059607" lon="13.618321">
      </trkpt>
      <trkpt lat="50.059629" lon="13.617873">
      </trkpt>
      <trkpt lat="50.060301" lon="13.613698">
      </trkpt>
      <trkpt lat="50.060604" lon="13.612576">
      </trkpt>
      <trkpt lat="50.061164" lon="13.610892">
      </trkpt>
      <trkpt lat="50.061357" lon="13.610252">
      </trkpt>
      <trkpt lat="50.061909" lon="13.608136">
      </trkpt>
      <trkpt lat="50.062464" lon="13.606012">
      </trkpt>
      <trkpt lat="50.062969" lon="13.604042">
      </trkpt>
      <trkpt lat="50.063483" lon="13.602035">
      </trkpt>
      <trkpt lat="50.063581" lon="13.601604">
      </trkpt>
      <trkpt lat="50.063938" lon="13.599616">
      </trkpt>
      <trkpt lat="50.064316" lon="13.597503">
      </trkpt>
      <trkpt lat="50.064473" lon="13.596634">
      </trkpt>
      <trkpt lat="50.065466" lon="13.587996">
      </trkpt>
      <trkpt lat="50.066285" lon="13.586594">
      </trkpt>
      <trkpt lat="50.064006" lon="13.581213">
      </trkpt>
      <trkpt lat="50.063033" lon="13.580386">
      </trkpt>
      <trkpt lat="50.062307" lon="13.579678">
      </trkpt>
      <trkpt lat="50.061279" lon="13.579858">
      </trkpt>
      <trkpt lat="50.053961" lon="13.575363">
      </trkpt>
      <trkpt lat="50.052828" lon="13.573296">
      </trkpt>
      <trkpt lat="50.052069" lon="13.571447">
      </trkpt>
      <trkpt lat="50.051555" lon="13.569988">
      </trkpt>
      <trkpt lat="50.051409" lon="13.569649">
      </trkpt>
      <trkpt lat="50.05127" lon="13.569384">
      </trkpt>
      <trkpt lat="50.050277" lon="13.568042">
      </trkpt>
      <trkpt lat="50.049977" lon="13.567496">
      </trkpt>
      <trkpt lat="50.052487" lon="13.559192">
      </trkpt>
      <trkpt lat="50.053307" lon="13.559034">
      </trkpt>
      <trkpt lat="50.054822" lon="13.558665">
      </trkpt>
      <trkpt lat="50.055286" lon="13.558489">
      </trkpt>
      <trkpt lat="50.063778" lon="13.561057">
      </trkpt>
      <trkpt lat="50.064499" lon="13.562807">
      </trkpt>
      <trkpt lat="50.064852" lon="13.563065">
      </trkpt>
      <trkpt lat="50.067268" lon="13.561939">
      </trkpt>
      <trkpt lat="50.069525" lon="13.558863">
      </trkpt>
      <trkpt lat="50.071778" lon="13.556055">
      </trkpt>
      <trkpt lat="50.069964" lon="13.553271">
      </trkpt>
      <trkpt lat="50.067205" lon="13.545769">
      </trkpt>
      <trkpt lat="50.072029" lon="13.538872">
      </trkpt>
      <trkpt lat="50.073486" lon="13.53558">
      </trkpt>
      <trkpt lat="50.070737" lon="13.531457">
      </trkpt>
      <trkpt lat="50.073128" lon="13.525811">
      </trkpt>
      <trkpt lat="50.075098" lon="13.522799">
      </trkpt>
      <trkpt lat="50.078107" lon="13.52024">
      </trkpt>
      <trkpt lat="50.082439" lon="13.515887">
      </trkpt>
      <trkpt lat="50.082601" lon="13.513626">
      </trkpt>
      <trkpt lat="50.082609" lon="13.512496">
      </trkpt>
      <trkpt lat="50.086017" lon="13.507353">
      </trkpt>
      <trkpt lat="50.08942" lon="13.506176">
      </trkpt>
      <trkpt lat="50.093955" lon="13.511872">
      </trkpt>
      <trkpt lat="50.097542" lon="13.51157">
      </trkpt>
      <trkpt lat="50.105441" lon="13.511464">
      </trkpt>
      <trkpt lat="50.109039" lon="13.511573">
      </trkpt>
      <trkpt lat="50.10905" lon="13.511231">
      </trkpt>
      <trkpt lat="50.108971" lon="13.510575">
      </trkpt>
      <trkpt lat="50.108883" lon="13.510245">
      </trkpt>
      <trkpt lat="50.10859" lon="13.509598">
      </trkpt>
      <trkpt lat="50.107811" lon="13.506734">
      </trkpt>
      <trkpt lat="50.108111" lon="13.504405">
      </trkpt>
      <trkpt lat="50.108073" lon="13.503814">
      </trkpt>
      <trkpt lat="50.108022" lon="13.50343">
      </trkpt>
      <trkpt lat="50.107927" lon="13.50299">
      </trkpt>
      <trkpt lat="50.107561" lon="13.50202">
      </trkpt>
      <trkpt lat="50.107245" lon="13.500994">
      </trkpt>
      <trkpt lat="50.106989" lon="13.500412">
      </trkpt>
      <trkpt lat="50.10598" lon="13.4994">
      </trkpt>
      <trkpt lat="50.104943" lon="13.497521">
      </trkpt>
      <trkpt lat="50.104709" lon="13.49693">
      </trkpt>
      <trkpt lat="50.104411" lon="13.496107">
      </trkpt>
      <trkpt lat="50.104043" lon="13.495195">
      </trkpt>
      <trkpt lat="50.103775" lon="13.493969">
      </trkpt>
      <trkpt lat="50.103684" lon="13.493388">
      </trkpt>
      <trkpt lat="50.103269" lon="13.492567">
      </trkpt>
      <trkpt lat="50.109472" lon="13.486088">
      </trkpt>
      <trkpt lat="50.112117" lon="13.488093">
      </trkpt>
      <trkpt lat="50.112611" lon="13.488426">
      </trkpt>
      <trkpt lat="50.115672" lon="13.494632">
      </trkpt>
      <trkpt lat="50.115518" lon="13.495363">
      </trkpt>
      <trkpt lat="50.115489" lon="13.49564">
      </trkpt>
      <trkpt lat="50.118137" lon="13.502466">
      </trkpt>
      <trkpt lat="50.118082" lon="13.503982">
      </trkpt>
      <trkpt lat="50.12168" lon="13.504112">
      </trkpt>
      <trkpt lat="50.122307" lon="13.500959">
      </trkpt>
      <trkpt lat="50.122421" lon="13.500499">
      </trkpt>
      <trkpt lat="50.128038" lon="13.493919">
      </trkpt>
      <trkpt lat="50.128695" lon="13.493863">
      </trkpt>
      <trkpt lat="50.132191" lon="13.493463">
      </trkpt>
      <trkpt lat="50.132798" lon="13.493521">
      </trkpt>
      <trkpt lat="50.135782" lon="13.49344">
      </trkpt>
      <trkpt lat="50.135684" lon="13.489841">
      </trkpt>
      <trkpt lat="50.132415" lon="13.489382">
      </trkpt>
      <trkpt lat="50.131449" lon="13.489132">
      </trkpt>
      <trkpt lat="50.130328" lon="13.489359">
      </trkpt>
      <trkpt lat="50.122781" lon="13.485207">
      </trkpt>
      <trkpt lat="50.122651" lon="13.48453">
      </trkpt>
      <trkpt lat="50.123517" lon="13.479558">
      </trkpt>
      <trkpt lat="50.125641" lon="13.476651">
      </trkpt>
      <trkpt lat="50.125824" lon="13.47397">
      </trkpt>
      <trkpt lat="50.122299" lon="13.473237">
      </trkpt>
      <trkpt lat="50.122015" lon="13.474397">
      </trkpt>
      <trkpt lat="50.121236" lon="13.475854">
      </trkpt>
      <trkpt lat="50.120543" lon="13.476969">
      </trkpt>
      <trkpt lat="50.119849" lon="13.478285">
      </trkpt>
      <trkpt lat="50.111538" lon="13.474939">
      </trkpt>
      <trkpt lat="50.111567" lon="13.474371">
      </trkpt>
      <trkpt lat="50.111607" lon="13.473891">
      </trkpt>
      <trkpt lat="50.111548" lon="13.473245">
      </trkpt>
      <trkpt lat="50.111492" lon="13.472958">
      </trkpt>
      <trkpt lat="50.111372" lon="13.472254">
      </trkpt>
      <trkpt lat="50.111206" lon="13.471415">
      </trkpt>
      <trkpt lat="50.110989" lon="13.470382">
      </trkpt>
      <trkpt lat="50.110954" lon="13.470081">
      </trkpt>
      <trkpt lat="50.110755" lon="13.468917">
      </trkpt>
      <trkpt lat="50.107206" lon="13.469524">
      </trkpt>
      <trkpt lat="50.101365" lon="13.468602">
      </trkpt>
      <trkpt lat="50.097721" lon="13.46431">
      </trkpt>
      <trkpt lat="50.09739" lon="13.463794">
      </trkpt>
      <trkpt lat="50.09605" lon="13.46094">
      </trkpt>
      <trkpt lat="50.095501" lon="13.45844">
      </trkpt>
      <trkpt lat="50.095256" lon="13.456649">
      </trkpt>
      <trkpt lat="50.095223" lon="13.456249">
      </trkpt>
      <trkpt lat="50.095173" lon="13.455909">
      </trkpt>
      <trkpt lat="50.094773" lon="13.450443">
      </trkpt>
      <trkpt lat="50.095161" lon="13.448035">
      </trkpt>
      <trkpt lat="50.095306" lon="13.446843">
      </trkpt>
      <trkpt lat="50.095339" lon="13.446299">
      </trkpt>
      <trkpt lat="50.09534" lon="13.445263">
      </trkpt>
      <trkpt lat="50.095293" lon="13.444339">
      </trkpt>
      <trkpt lat="50.09529" lon="13.44182">
      </trkpt>
      <trkpt lat="50.097585" lon="13.43555">
      </trkpt>
      <trkpt lat="50.097611" lon="13.43195">
      </trkpt>
      <trkpt lat="50.095377" lon="13.424584">
      </trkpt>
      <trkpt lat="50.09549" lon="13.422254">
      </trkpt>
      <trkpt lat="50.091894" lon="13.422079">
      </trkpt>
      <trkpt lat="50.091781" lon="13.424409">
      </trkpt>
      <trkpt lat="50.08933" lon="13.429044">
      </trkpt>
      <trkpt lat="50.089308" lon="13.429163">
      </trkpt>
      <trkpt lat="50.088042" lon="13.432152">
      </trkpt>
      <trkpt lat="50.0869" lon="13.433597">
      </trkpt>
      <trkpt lat="50.086334" lon="13.434218">
      </trkpt>
      <trkpt lat="50.079904" lon="13.435911">
      </trkpt>
      <trkpt lat="50.076171" lon="13.431175">
      </trkpt>
      <trkpt lat="50.075775" lon="13.426899">
      </trkpt>
      <trkpt lat="50.075853" lon="13.426336">
      </trkpt>
      <trkpt lat="50.077416" lon="13.420456">
      </trkpt>
      <trkpt lat="50.08043" lon="13.418488">
      </trkpt>
      <trkpt lat="50.081679" lon="13.41551">
      </trkpt>
      <trkpt lat="50.082992" lon="13.41075">
      </trkpt>
      <trkpt lat="50.082414" lon="13.409938">
      </trkpt>
      <trkpt lat="50.082355" lon="13.40985">
      </trkpt>
      <trkpt lat="50.081979" lon="13.40924">
      </trkpt>
      <trkpt lat="50.077113" lon="13.405016">
      </trkpt>
      <trkpt lat="50.079068" lon="13.400572">
      </trkpt>
      <trkpt lat="50.082424" lon="13.399603">
      </trkpt>
      <trkpt lat="50.081425" lon="13.396144">
      </trkpt>
      <trkpt lat="50.078301" lon="13.397032">
      </trkpt>
      <trkpt lat="50.072113" lon="13.39131">
      </trkpt>
      <trkpt lat="50.071812" lon="13.389339">
      </trkpt>
      <trkpt lat="50.071511" lon="13.387857">
      </trkpt>
      <trkpt lat="50.072744" lon="13.381521">
      </trkpt>
      <trkpt lat="50.073749" lon="13.380106">
      </trkpt>
      <trkpt lat="50.074888" lon="13.377951">
      </trkpt>
      <trkpt lat="50.074401" lon="13.374414">
      </trkpt>
      <trkpt lat="50.074139" lon="13.372399">
      </trkpt>
      <trkpt lat="50.072019" lon="13.369903">
      </trkpt>
      <trkpt lat="50.067453" lon="13.362251">
      </trkpt>
      <trkpt lat="50.066896" lon="13.358101">
      </trkpt>
      <trkpt lat="50.074614" lon="13.356339">
      </trkpt>
      <trkpt lat="50.078156" lon="13.35698">
      </trkpt>
      <trkpt lat="50.081601" lon="13.354753">
      </trkpt>
      <trkpt lat="50.08113" lon="13.351184">
      </trkpt>
      <trkpt lat="50.07962" lon="13.344266">
      </trkpt>
      <trkpt lat="50.080644" lon="13.340691">
      </trkpt>
      <trkpt lat="50.082929" lon="13.33291">
      </trkpt>
      <trkpt lat="50.08394" lon="13.332062">
      </trkpt>
      <trkpt lat="50.083538" lon="13.330631">
      </trkpt>
      <trkpt lat="50.083434" lon="13.330276">
      </trkpt>
      <trkpt lat="50.083044" lon="13.329595">
      </trkpt>
      <trkpt lat="50.078489" lon="13.32267">
      </trkpt>
      <trkpt lat="50.077479" lon="13.314991">
      </trkpt>
      <trkpt lat="50.07772" lon="13.3135">
      </trkpt>
      <trkpt lat="50.078921" lon="13.308044">
      </trkpt>
      <trkpt lat="50.079239" lon="13.307036">
      </trkpt>
      <trkpt lat="50.079361" lon="13.30603">
      </trkpt>
      <trkpt lat="50.079397" lon="13.304742">
      </trkpt>
      <trkpt lat="50.073513" lon="13.298551">
      </trkpt>
      <trkpt lat="50.073189" lon="13.297282">
      </trkpt>
      <trkpt lat="50.072386" lon="13.290976">
      </trkpt>
      <trkpt lat="50.072592" lon="13.2889">
      </trkpt>
      <trkpt lat="50.072702" lon="13.288295">
      </trkpt>
      <trkpt lat="50.072754" lon="13.287743">
      </trkpt>
      <trkpt lat="50.072785" lon="13.287147">
      </trkpt>
      <trkpt lat="50.072802" lon="13.286053">
      </trkpt>
      <trkpt lat="50.072636" lon="13.285194">
      </trkpt>
      <trkpt lat="50.072357" lon="13.282491">
      </trkpt>
      <trkpt lat="50.069718" lon="13.28169">
      </trkpt>
      <trkpt lat="50.068757" lon="13.281411">
      </trkpt>
      <trkpt lat="50.066979" lon="13.281941">
      </trkpt>
      <trkpt lat="50.065097" lon="13.283375">
      </trkpt>
      <trkpt lat="50.056766" lon="13.28246">
      </trkpt>
      <trkpt lat="50.055283" lon="13.274494">
      </trkpt>
      <trkpt lat="50.055375" lon="13.274007">
      </trkpt>
      <trkpt lat="50.055433" lon="13.273469">
      </trkpt>
      <trkpt lat="50.055454" lon="13.272906">
      </trkpt>
      <trkpt lat="50.055393" lon="13.271612">
      </trkpt>
      <trkpt lat="50.061806" lon="13.267313">
      </trkpt>
      <trkpt lat="50.064565" lon="13.26958">
      </trkpt>
      <trkpt lat="50.065047" lon="13.268882">
      </trkpt>
      <trkpt lat="50.073836" lon="13.270315">
      </trkpt>
      <trkpt lat="50.073853" lon="13.270757">
      </trkpt>
      <trkpt lat="50.074003" lon="13.271368">
      </trkpt>
      <trkpt lat="50.074183" lon="13.271738">
      </trkpt>
      <trkpt lat="50.074489" lon="13.272229">
      </trkpt>
      <trkpt lat="50.075115" lon="13.273339">
      </trkpt>
      <trkpt lat="50.075574" lon="13.273839">
      </trkpt>
      <trkpt lat="50.076047" lon="13.274123">
      </trkpt>
      <trkpt lat="50.077575" lon="13.2751">
      </trkpt>
      <trkpt lat="50.079055" lon="13.276265">
      </trkpt>
      <trkpt lat="50.080931" lon="13.276404">
      </trkpt>
      <trkpt lat="50.087705" lon="13.277284">
      </trkpt>
      <trkpt lat="50.091304" lon="13.277">
      </trkpt>
      <trkpt lat="50.091943" lon="13.276919">
      </trkpt>
      <trkpt lat="50.095537" lon="13.271645">
      </trkpt>
      <trkpt lat="50.098145" lon="13.27059">
      </trkpt>
      <trkpt lat="50.106143" lon="13.273955">
      </trkpt>
      <trkpt lat="50.108034" lon="13.278124">
      </trkpt>
      <trkpt lat="50.108258" lon="13.278844">
      </trkpt>
      <trkpt lat="50.10854" lon="13.279305">
      </trkpt>
      <trkpt lat="50.108942" lon="13.279738">
      </trkpt>
      <trkpt lat="50.110529" lon="13.281644">
      </trkpt>
      <trkpt lat="50.111226" lon="13.282612">
      </trkpt>
      <trkpt lat="50.114148" lon="13.28051">
      </trkpt>
      <trkpt lat="50.113304" lon="13.27906">
      </trkpt>
      <trkpt lat="50.113049" lon="13.278571">
      </trkpt>
      <trkpt lat="50.112774" lon="13.278172">
      </trkpt>
      <trkpt lat="50.11228" lon="13.269999">
      </trkpt>
      <trkpt lat="50.117295" lon="13.26687">
      </trkpt>
      <trkpt lat="50.117927" lon="13.265547">
      </trkpt>
      <trkpt lat="50.118914" lon="13.263677">
      </trkpt>
      <trkpt lat="50.118768" lon="13.263443">
      </trkpt>
      <trkpt lat="50.118409" lon="13.263057">
      </trkpt>
      <trkpt lat="50.117567" lon="13.262276">
      </trkpt>
      <trkpt lat="50.116302" lon="13.260471">
      </trkpt>
      <trkpt lat="50.115635" lon="13.25885">
      </trkpt>
      <trkpt lat="50.115522" lon="13.258289">
      </trkpt>
      <trkpt lat="50.115268" lon="13.25752">
      </trkpt>
      <trkpt lat="50.121982" lon="13.251611">
      </trkpt>
      <trkpt lat="50.124625" lon="13.249207">
      </trkpt>
      <trkpt lat="50.125532" lon="13.243858">
      </trkpt>
      <trkpt lat="50.122232" lon="13.242419">
      </trkpt>
      <trkpt lat="50.118374" lon="13.246906">
      </trkpt>
      <trkpt lat="50.11157" lon="13.241352">
      </trkpt>
      <trkpt lat="50.111723" lon="13.240197">
      </trkpt>
      <trkpt lat="50.111685" lon="13.239623">
      </trkpt>
      <trkpt lat="50.111742" lon="13.237804">
      </trkpt>
      <trkpt lat="50.1118" lon="13.23594">
      </trkpt>
      <trkpt lat="50.11181" lon="13.234408">
      </trkpt>
      <trkpt lat="50.111798" lon="13.232958">
      </trkpt>
      <trkpt lat="50.108198" lon="13.232987">
      </trkpt>
      <trkpt lat="50.099808" lon="13.230937">
      </trkpt>
      <trkpt lat="50.099468" lon="13.230491">
      </trkpt>
      <trkpt lat="50.098514" lon="13.229908">
      </trkpt>
      <trkpt lat="50.097378" lon="13.229922">
      </trkpt>
      <trkpt lat="50.097043" lon="13.230058">
      </trkpt>
      <trkpt lat="50.091991" lon="13.230624">
      </trkpt>
      <trkpt lat="50.090463" lon="13.231469">
      </trkpt>
      <trkpt lat="50.090343" lon="13.233824">
      </trkpt>
      <trkpt lat="50.089197" lon="13.241124">
      </trkpt>
      <trkpt lat="50.08358" lon="13.241668">
      </trkpt>
      <trkpt lat="50.079929" lon="13.239126">
      </trkpt>
      <trkpt lat="50.079391" lon="13.238451">
      </trkpt>
      <trkpt lat="50.078542" lon="13.237863">
      </trkpt>
      <trkpt lat="50.07592" lon="13.237995">
      </trkpt>
      <trkpt lat="50.069071" lon="13.232805">
      </trkpt>
      <trkpt lat="50.068012" lon="13.230962">
      </trkpt>
      <trkpt lat="50.067461" lon="13.230188">
      </trkpt>
      <trkpt lat="50.066924" lon="13.229675">
      </trkpt>
      <trkpt lat="50.063595" lon="13.227529">
      </trkpt>
      <trkpt lat="50.0629" lon="13.226881">
      </trkpt>
      <trkpt lat="50.061561" lon="13.225884">
      </trkpt>
      <trkpt lat="50.059145" lon="13.21785">
      </trkpt>
      <trkpt lat="50.05993" lon="13.216208">
      </trkpt>
      <trkpt lat="50.060125" lon="13.215638">
      </trkpt>
      <trkpt lat="50.060409" lon="13.214472">
      </trkpt>
      <trkpt lat="50.061325" lon="13.212803">
      </trkpt>
      <trkpt lat="50.06963" lon="13.213668">
      </trkpt>
      <trkpt lat="50.069905" lon="13.214202">
      </trkpt>
      <trkpt lat="50.070636" lon="13.215433">
      </trkpt>
      <trkpt lat="50.070799" lon="13.215839">
      </trkpt>
      <trkpt lat="50.07127" lon="13.216779">
      </trkpt>
      <trkpt lat="50.071515" lon="13.217203">
      </trkpt>
      <trkpt lat="50.072837" lon="13.21906">
      </trkpt>
      <trkpt lat="50.073175" lon="13.219549">
      </trkpt>
      <trkpt lat="50.074133" lon="13.22117">
      </trkpt>
      <trkpt lat="50.074426" lon="13.22162">
      </trkpt>
      <trkpt lat="50.074835" lon="13.22205">
      </trkpt>
      <trkpt lat="50.076266" lon="13.22263">
      </trkpt>
      <trkpt lat="50.077226" lon="13.219327">
      </trkpt>
      <trkpt lat="50.077141" lon="13.219068">
      </trkpt>
      <trkpt lat="50.076723" lon="13.218258">
      </trkpt>
      <trkpt lat="50.076482" lon="13.217885">
      </trkpt>
      <trkpt lat="50.075688" lon="13.210184">
      </trkpt>
      <trkpt lat="50.079087" lon="13.206733">
      </trkpt>
      <trkpt lat="50.079716" lon="13.206376">
      </trkpt>
      <trkpt lat="50.082328" lon="13.205494">
      </trkpt>
      <trkpt lat="50.089186" lon="13.210717">
      </trkpt>
      <trkpt lat="50.089802" lon="13.213059">
      </trkpt>
      <trkpt lat="50.090503" lon="13.215694">
      </trkpt>
      <trkpt lat="50.09074" lon="13.216839">
      </trkpt>
      <trkpt lat="50.094338" lon="13.216975">
      </trkpt>
      <trkpt lat="50.100013" lon="13.210872">
      </trkpt>
      <trkpt lat="50.100977" lon="13.208026">
      </trkpt>
      <trkpt lat="50.099671" lon="13.206196">
      </trkpt>
      <trkpt lat="50.099483" lon="13.205971">
      </trkpt>
      <trkpt lat="50.098964" lon="13.205552">
      </trkpt>
      <trkpt lat="50.098442" lon="13.205339">
      </trkpt>
      <trkpt lat="50.094633" lon="13.202931">
      </trkpt>
      <trkpt lat="50.091229" lon="13.197607">
      </trkpt>
      <trkpt lat="50.090864" lon="13.196456">
      </trkpt>
      <trkpt lat="50.090304" lon="13.19497">
      </trkpt>
      <trkpt lat="50.089401" lon="13.192833">
      </trkpt>
      <trkpt lat="50.092428" lon="13.185734">
      </trkpt>
      <trkpt lat="50.093049" lon="13.185293">
      </trkpt>
      <trkpt lat="50.094083" lon="13.184727">
      </trkpt>
      <trkpt lat="50.095947" lon="13.183548">
      </trkpt>
      <trkpt lat="50.096364" lon="13.183042">
      </trkpt>
      <trkpt lat="50.09674" lon="13.182418">
      </trkpt>
      <trkpt lat="50.097092" lon="13.181743">
      </trkpt>
      <trkpt lat="50.093901" lon="13.180078">
      </trkpt>
      <trkpt lat="50.090216" lon="13.173545">
      </trkpt>
      <trkpt lat="50.097441" lon="13.168503">
      </trkpt>
      <trkpt lat="50.097644" lon="13.168499">
      </trkpt>
      <trkpt lat="50.097973" lon="13.16847">
      </trkpt>
      <trkpt lat="50.104584" lon="13.169687">
      </trkpt>
      <trkpt lat="50.105339" lon="13.169965">
      </trkpt>
      <trkpt lat="50.10914" lon="13.172097">
      </trkpt>
      <trkpt lat="50.112605" lon="13.171118">
      </trkpt>
      <trkpt lat="50.112436" lon="13.170387">
      </trkpt>
      <trkpt lat="50.11118" lon="13.165687">
      </trkpt>
      <trkpt lat="50.111052" lon="13.165171">
      </trkpt>
      <trkpt lat="50.110645" lon="13.164432">
      </trkpt>
      <trkpt lat="50.108988" lon="13.162546">
      </trkpt>
      <trkpt lat="50.108427" lon="13.161803">
      </trkpt>
      <trkpt lat="50.107792" lon="13.16139">
      </trkpt>
      <trkpt lat="50.106779" lon="13.161249">
      </trkpt>
      <trkpt lat="50.106161" lon="13.16141">
      </trkpt>
      <trkpt lat="50.101293" lon="13.16025">
      </trkpt>
      <trkpt lat="50.100698" lon="13.153218">
      </trkpt>
      <trkpt lat="50.101227" lon="13.152536">
      </trkpt>
      <trkpt lat="50.102969" lon="13.150232">
      </trkpt>
      <trkpt lat="50.103601" lon="13.149616">
      </trkpt>
      <trkpt lat="50.10389" lon="13.149243">
      </trkpt>
      <trkpt lat="50.107616" lon="13.146571">
      </trkpt>
      <trkpt lat="50.108336" lon="13.146273">
      </trkpt>
      <trkpt lat="50.108741" lon="13.14597">
      </trkpt>
      <trkpt lat="50.109034" lon="13.145673">
      </trkpt>
      <trkpt lat="50.109438" lon="13.145156">
      </trkpt>
      <trkpt lat="50.109767" lon="13.144632">
      </trkpt>
      <trkpt lat="50.117258" lon="13.140245">
      </trkpt>
      <trkpt lat="50.118247" lon="13.139984">
      </trkpt>
      <trkpt lat="50.118571" lon="13.139787">
      </trkpt>
      <trkpt lat="50.11879" lon="13.139643">
      </trkpt>
      <trkpt lat="50.118637" lon="13.13682">
      </trkpt>
      <trkpt lat="50.117157" lon="13.135522">
      </trkpt>
      <trkpt lat="50.111926" lon="13.128427">
      </trkpt>
      <trkpt lat="50.108449" lon="13.127492">
      </trkpt>
      <trkpt lat="50.108147" lon="13.128614">
      </trkpt>
      <trkpt lat="50.107826" lon="13.129339">
      </trkpt>
      <trkpt lat="50.099766" lon="13.132207">
      </trkpt>
      <trkpt lat="50.096938" lon="13.13221">
      </trkpt>
      <trkpt lat="50.096683" lon="13.132262">
      </trkpt>
      <trkpt lat="50.092924" lon="13.132782">
      </trkpt>
      <trkpt lat="50.084835" lon="13.134578">
      </trkpt>
      <trkpt lat="50.081243" lon="13.134815">
      </trkpt>
      <trkpt lat="50.081336" lon="13.136229">
      </trkpt>
      <trkpt lat="50.081106" lon="13.137617">
      </trkpt>
      <trkpt lat="50.080832" lon="13.138408">
      </trkpt>
      <trkpt lat="50.07191" lon="13.139169">
      </trkpt>
      <trkpt lat="50.071789" lon="13.138794">
      </trkpt>
      <trkpt lat="50.071641" lon="13.138201">
      </trkpt>
      <trkpt lat="50.071431" lon="13.137219">
      </trkpt>
      <trkpt lat="50.071468" lon="13.134802">
      </trkpt>
      <trkpt lat="50.071588" lon="13.13389">
      </trkpt>
      <trkpt lat="50.071521" lon="13.133145">
      </trkpt>
      <trkpt lat="50.071347" lon="13.132625">
      </trkpt>
      <trkpt lat="50.06858" lon="13.131884">
      </trkpt>
      <trkpt lat="50.068528" lon="13.13188">
      </trkpt>
      <trkpt lat="50.066086" lon="13.132173">
      </trkpt>
      <trkpt lat="50.067512" lon="13.136233">
      </trkpt>
      <trkpt lat="50.067566" lon="13.136952">
      </trkpt>
      <trkpt lat="50.067912" lon="13.138269">
      </trkpt>
      <trkpt lat="50.068087" lon="13.138913">
      </trkpt>
      <trkpt lat="50.068287" lon="13.139628">
      </trkpt>
      <trkpt lat="50.068457" lon="13.141556">
      </trkpt>
      <trkpt lat="50.068448" lon="13.141813">
      </trkpt>
      <trkpt lat="50.060413" lon="13.145605">
      </trkpt>
      <trkpt lat="50.057673" lon="13.143653">
      </trkpt>
      <trkpt lat="50.05458" lon="13.142049">
      </trkpt>
      <trkpt lat="50.053642" lon="13.14117">
      </trkpt>
      <trkpt lat="50.053165" lon="13.1408">
      </trkpt>
      <trkpt lat="50.049988" lon="13.138256">
      </trkpt>
      <trkpt lat="50.048678" lon="13.129844">
      </trkpt>
      <trkpt lat="50.048963" lon="13.129205">
      </trkpt>
      <trkpt lat="50.049796" lon="13.126544">
      </trkpt>
      <trkpt lat="50.053746" lon="13.120703">
      </trkpt>
      <trkpt lat="50.054052" lon="13.120344">
      </trkpt>
      <trkpt lat="50.059586" lon="13.116691">
      </trkpt>
      <trkpt lat="50.063106" lon="13.116137">
      </trkpt>
      <trkpt lat="50.068045" lon="13.115474">
      </trkpt>
      <trkpt lat="50.068758" lon="13.115417">
      </trkpt>
      <trkpt lat="50.069849" lon="13.115115">
      </trkpt>
      <trkpt lat="50.072272" lon="13.114449">
      </trkpt>
      <trkpt lat="50.07594" lon="13.114239">
      </trkpt>
      <trkpt lat="50.07799" lon="13.11123">
      </trkpt>
      <trkpt lat="50.083917" lon="13.10597">
      </trkpt>
      <trkpt lat="50.087493" lon="13.105556">
      </trkpt>
      <trkpt lat="50.087269" lon="13.103622">
      </trkpt>
      <trkpt lat="50.087145" lon="13.10243">
      </trkpt>
      <trkpt lat="50.086498" lon="13.098086">
      </trkpt>
      <trkpt lat="50.086439" lon="13.097659">
      </trkpt>
      <trkpt lat="50.086289" lon="13.097128">
      </trkpt>
      <trkpt lat="50.086108" lon="13.09668">
      </trkpt>
      <trkpt lat="50.085699" lon="13.095877">
      </trkpt>
      <trkpt lat="50.08269" lon="13.091011">
      </trkpt>
      <trkpt lat="50.081784" lon="13.088787">
      </trkpt>
      <trkpt lat="50.081582" lon="13.08835">
      </trkpt>
      <trkpt lat="50.081219" lon="13.087861">
      </trkpt>
      <trkpt lat="50.079676" lon="13.083184">
      </trkpt>
      <trkpt lat="50.082006" lon="13.077917">
      </trkpt>
      <trkpt lat="50.082325" lon="13.077629">
      </trkpt>
      <trkpt lat="50.082345" lon="13.077539">
      </trkpt>
      <trkpt lat="50.080259" lon="13.074606">
      </trkpt>
      <trkpt lat="50.078436" lon="13.074611">
      </trkpt>
      <trkpt lat="50.0773" lon="13.075222">
      </trkpt>
      <trkpt lat="50.076919" lon="13.07586">
      </trkpt>
      <trkpt lat="50.076485" lon="13.077389">
      </trkpt>
      <trkpt lat="50.076254" lon="13.077953">
      </trkpt>
      <trkpt lat="50.076164" lon="13.078218">
      </trkpt>
      <trkpt lat="50.076082" lon="13.078653">
      </trkpt>
      <trkpt lat="50.076079" lon="13.079724">
      </trkpt>
      <trkpt lat="50.076039" lon="13.080403">
      </trkpt>
      <trkpt lat="50.069953" lon="13.086785">
      </trkpt>
      <trkpt lat="50.066854" lon="13.086743">
      </trkpt>
      <trkpt lat="50.060743" lon="13.08056">
      </trkpt>
      <trkpt lat="50.060954" lon="13.07889">
      </trkpt>
      <trkpt lat="50.061045" lon="13.077843">
      </trkpt>
      <trkpt lat="50.061065" lon="13.076695">
      </trkpt>
      <trkpt lat="50.061035" lon="13.075628">
      </trkpt>
      <trkpt lat="50.06149" lon="13.068275">
      </trkpt>
      <trkpt lat="50.061508" lon="13.067636">
      </trkpt>
      <trkpt lat="50.061241" lon="13.066814">
      </trkpt>
      <trkpt lat="50.059808" lon="13.062005">
      </trkpt>
      <trkpt lat="50.061087" lon="13.055124">
      </trkpt>
      <trkpt lat="50.06126" lon="13.05462">
      </trkpt>
      <trkpt lat="50.061345" lon="13.053991">
      </trkpt>
      <trkpt lat="50.062039" lon="13.050969">
      </trkpt>
      <trkpt lat="50.069842" lon="13.046541">
      </trkpt>
      <trkpt lat="50.071159" lon="13.046288">
      </trkpt>
      <trkpt lat="50.075166" lon="13.04541">
      </trkpt>
      <trkpt lat="50.080901" lon="13.052066">
      </trkpt>
      <trkpt lat="50.080894" lon="13.053321">
      </trkpt>
      <trkpt lat="50.080932" lon="13.054009">
      </trkpt>
      <trkpt lat="50.081018" lon="13.054935">
      </trkpt>
      <trkpt lat="50.082784" lon="13.05696">
      </trkpt>
      <trkpt lat="50.082874" lon="13.056961">
      </trkpt>
      <trkpt lat="50.084385" lon="13.056067">
      </trkpt>
      <trkpt lat="50.084474" lon="13.055856">
      </trkpt>
      <trkpt lat="50.084617" lon="13.055006">
      </trkpt>
      <trkpt lat="50.08452" lon="13.053713">
      </trkpt>
      <trkpt lat="50.08455" lon="13.051486">
      </trkpt>
      <trkpt lat="50.08456" lon="13.051083">
      </trkpt>
      <trkpt lat="50.084857" lon="13.047285">
      </trkpt>
      <trkpt lat="50.084895" lon="13.046493">
      </trkpt>
      <trkpt lat="50.084839" lon="13.045756">
      </trkpt>
      <trkpt lat="50.084753" lon="13.045266">
      </trkpt>
      <trkpt lat="50.084362" lon="13.044088">
      </trkpt>
      <trkpt lat="50.083972" lon="13.042026">
      </trkpt>
      <trkpt lat="50.082916" lon="13.039103">
      </trkpt>
      <trkpt lat="50.082688" lon="13.038967">
      </trkpt>
      <trkpt lat="50.082563" lon="13.038936">
      </trkpt>
      <trkpt lat="50.082438" lon="13.038968">
      </trkpt>
      <trkpt lat="50.077606" lon="13.040918">
      </trkpt>
      <trkpt lat="50.076187" lon="13.041423">
      </trkpt>
      <trkpt lat="50.072318" lon="13.041604">
      </trkpt>
      <trkpt lat="50.065559" lon="13.036141">
      </trkpt>
      <trkpt lat="50.065227" lon="13.034154">
      </trkpt>
      <trkpt lat="50.063081" lon="13.03268">
      </trkpt>
      <trkpt lat="50.055154" lon="13.028805">
      </trkpt>
      <trkpt lat="50.052008" lon="13.020417">
      </trkpt>
      <trkpt lat="50.048472" lon="13.019358">
      </trkpt>
      <trkpt lat="50.04391" lon="13.0159">
      </trkpt>
      <trkpt lat="50.050116" lon="13.009404">
      </trkpt>
      <trkpt lat="50.050284" lon="13.008992">
      </trkpt>
      <trkpt lat="50.051468" lon="13.006029">
      </trkpt>
      <trkpt lat="50.051298" lon="13.001918">
      </trkpt>
      <trkpt lat="50.051874" lon="13.000019">
      </trkpt>
      <trkpt lat="50.052173" lon="12.999179">
      </trkpt>
      <trkpt lat="50.057147" lon="12.994849">
      </trkpt>
      <trkpt lat="50.061924" lon="12.99574">
      </trkpt>
      <trkpt lat="50.069487" lon="12.996367">
      </trkpt>
      <trkpt lat="50.0733" lon="13.000186">
      </trkpt>
      <trkpt lat="50.074349" lon="13.002021">
      </trkpt>
      <trkpt lat="50.074644" lon="13.002651">
      </trkpt>
      <trkpt lat="50.074917" lon="13.003048">
      </trkpt>
      <trkpt lat="50.07665" lon="13.005542">
      </trkpt>
      <trkpt lat="50.07841" lon="13.009573">
      </trkpt>
      <trkpt lat="50.078854" lon="13.010843">
      </trkpt>
      <trkpt lat="50.078973" lon="13.011245">
      </trkpt>
      <trkpt lat="50.079175" lon="13.011816">
      </trkpt>
      <trkpt lat="50.079766" lon="13.013607">
      </trkpt>
      <trkpt lat="50.080346" lon="13.015604">
      </trkpt>
      <trkpt lat="50.081067" lon="13.021484">
      </trkpt>
      <trkpt lat="50.08454" lon="13.022432">
      </trkpt>
      <trkpt lat="50.088836" lon="13.029405">
      </trkpt>
      <trkpt lat="50.092436" lon="13.029405">
      </trkpt>
      <trkpt lat="50.100068" lon="13.033038">
      </trkpt>
      <trkpt lat="50.107876" lon="13.037492">
      </trkpt>
      <trkpt lat="50.108034" lon="13.038035">
      </trkpt>
      <trkpt lat="50.108264" lon="13.038494">
      </trkpt>
      <trkpt lat="50.10846" lon="13.038775">
      </trkpt>
      <trkpt lat="50.109838" lon="13.040677">
      </trkpt>
      <trkpt lat="50.110525" lon="13.041405">
      </trkpt>
      <trkpt lat="50.112804" lon="13.043429">
      </trkpt>
      <trkpt lat="50.113322" lon="13.043889">
      </trkpt>
      <trkpt lat="50.113841" lon="13.04418">
      </trkpt>
      <trkpt lat="50.114626" lon="13.04434">
      </trkpt>
      <trkpt lat="50.115791" lon="13.044">
      </trkpt>
      <trkpt lat="50.116317" lon="13.043517">
      </trkpt>
      <trkpt lat="50.116924" lon="13.042743">
      </trkpt>
      <trkpt lat="50.115338" lon="13.040872">
      </trkpt>
      <trkpt lat="50.114206" lon="13.039426">
      </trkpt>
      <trkpt lat="50.111079" lon="13.033359">
      </trkpt>
      <trkpt lat="50.11082" lon="13.028138">
      </trkpt>
      <trkpt lat="50.109004" lon="13.024824">
      </trkpt>
      <trkpt lat="50.108751" lon="13.01798">
      </trkpt>
      <trkpt lat="50.112361" lon="13.010662">
      </trkpt>
      <trkpt lat="50.112782" lon="13.010186">
      </trkpt>
      <trkpt lat="50.113058" lon="13.009594">
      </trkpt>
      <trkpt lat="50.11315" lon="13.008946">
      </trkpt>
      <trkpt lat="50.113112" lon="13.008499">
      </trkpt>
      <trkpt lat="50.112837" lon="13.007095">
      </trkpt>
      <trkpt lat="50.112511" lon="13.005769">
      </trkpt>
      <trkpt lat="50.109015" lon="13.006629">
      </trkpt>
      <trkpt lat="50.107764" lon="13.007658">
      </trkpt>
      <trkpt lat="50.106736" lon="13.012127">
      </trkpt>
      <trkpt lat="50.106486" lon="13.012807">
      </trkpt>
      <trkpt lat="50.10623" lon="13.013625">
      </trkpt>
      <trkpt lat="50.105283" lon="13.017011">
      </trkpt>
      <trkpt lat="50.104107" lon="13.018687">
      </trkpt>
      <trkpt lat="50.102666" lon="13.020317">
      </trkpt>
      <trkpt lat="50.095071" lon="13.018743">
      </trkpt>
      <trkpt lat="50.094616" lon="13.018122">
      </trkpt>
      <trkpt lat="50.093139" lon="13.016743">
      </trkpt>
      <trkpt lat="50.092602" lon="13.016427">
      </trkpt>
      <trkpt lat="50.087071" lon="13.009411">
      </trkpt>
      <trkpt lat="50.086809" lon="13.008184">
      </trkpt>
      <trkpt lat="50.086574" lon="13.007457">
      </trkpt>
      <trkpt lat="50.086301" lon="13.006865">
      </trkpt>
      <trkpt lat="50.086024" lon="13.006415">
      </trkpt>
      <trkpt lat="50.08509" lon="13.004427">
      </trkpt>
      <trkpt lat="50.081518" lon="13.003974">
      </trkpt>
      <trkpt lat="50.07895" lon="13.002248">
      </trkpt>
      <trkpt lat="50.081538" lon="12.994021">
      </trkpt>
      <trkpt lat="50.082069" lon="12.993834">
      </trkpt>
      <trkpt lat="50.082462" lon="12.99367">
      </trkpt>
      <trkpt lat="50.08573" lon="12.993329">
      </trkpt>
      <trkpt lat="50.088315" lon="12.993082">
      </trkpt>
      <trkpt lat="50.089954" lon="12.992358">
      </trkpt>
      <trkpt lat="50.091019" lon="12.991786">
      </trkpt>
      <trkpt lat="50.091475" lon="12.991285">
      </trkpt>
      <trkpt lat="50.095027" lon="12.988483">
      </trkpt>
      <trkpt lat="50.095559" lon="12.988052">
      </trkpt>
      <trkpt lat="50.10092" lon="12.984151">
      </trkpt>
      <trkpt lat="50.101664" lon="12.983521">
      </trkpt>
      <trkpt lat="50.102854" lon="12.982561">
      </trkpt>
      <trkpt lat="50.103794" lon="12.981526">
      </trkpt>
      <trkpt lat="50.10412" lon="12.981053">
      </trkpt>
      <trkpt lat="50.104367" lon="12.980602">
      </trkpt>
      <trkpt lat="50.104618" lon="12.980039">
      </trkpt>
      <trkpt lat="50.10515" lon="12.978748">
      </trkpt>
      <trkpt lat="50.101822" lon="12.977376">
      </trkpt>
      <trkpt lat="50.10129" lon="12.978667">
      </trkpt>
      <trkpt lat="50.099446" lon="12.980686">
      </trkpt>
      <trkpt lat="50.097806" lon="12.981471">
      </trkpt>
      <trkpt lat="50.091437" lon="12.975676">
      </trkpt>
      <trkpt lat="50.091561" lon="12.975085">
      </trkpt>
      <trkpt lat="50.091668" lon="12.973959">
      </trkpt>
      <trkpt lat="50.092105" lon="12.971847">
      </trkpt>
      <trkpt lat="50.092304" lon="12.971241">
      </trkpt>
      <trkpt lat="50.092974" lon="12.969126">
      </trkpt>
      <trkpt lat="50.093338" lon="12.968227">
      </trkpt>
      <trkpt lat="50.098766" lon="12.961855">
      </trkpt>
      <trkpt lat="50.099326" lon="12.961655">
      </trkpt>
      <trkpt lat="50.098116" lon="12.958265">
      </trkpt>
      <trkpt lat="50.096186" lon="12.958737">
      </trkpt>
      <trkpt lat="50.09541" lon="12.959008">
      </trkpt>
      <trkpt lat="50.094389" lon="12.959707">
      </trkpt>
      <trkpt lat="50.093347" lon="12.960623">
      </trkpt>
      <trkpt lat="50.085832" lon="12.963275">
      </trkpt>
      <trkpt lat="50.082562" lon="12.96184">
      </trkpt>
      <trkpt lat="50.081205" lon="12.961632">
      </trkpt>
      <trkpt lat="50.078304" lon="12.960426">
      </trkpt>
      <trkpt lat="50.076723" lon="12.959207">
      </trkpt>
      <trkpt lat="50.076059" lon="12.958548">
      </trkpt>
      <trkpt lat="50.074675" lon="12.950779">
      </trkpt>
      <trkpt lat="50.076632" lon="12.948128">
      </trkpt>
      <trkpt lat="50.077305" lon="12.947582">
      </trkpt>
      <trkpt lat="50.077674" lon="12.947115">
      </trkpt>
      <trkpt lat="50.078162" lon="12.946297">
      </trkpt>
      <trkpt lat="50.08304" lon="12.942457">
      </trkpt>
      <trkpt lat="50.089599" lon="12.942479">
      </trkpt>
      <trkpt lat="50.091785" lon="12.943096">
      </trkpt>
      <trkpt lat="50.09256" lon="12.943133">
      </trkpt>
      <trkpt lat="50.093067" lon="12.943075">
      </trkpt>
      <trkpt lat="50.093733" lon="12.942861">
      </trkpt>
      <trkpt lat="50.095772" lon="12.94206">
      </trkpt>
      <trkpt lat="50.096532" lon="12.94168">
      </trkpt>
      <trkpt lat="50.097262" lon="12.941205">
      </trkpt>
      <trkpt lat="50.102464" lon="12.939729">
      </trkpt>
      <trkpt lat="50.106232" lon="12.942869">
      </trkpt>
      <trkpt lat="50.106826" lon="12.943657">
      </trkpt>
      <trkpt lat="50.107659" lon="12.94447">
      </trkpt>
      <trkpt lat="50.108895" lon="12.946045">
      </trkpt>
      <trkpt lat="50.110171" lon="12.947669">
      </trkpt>
      <trkpt lat="50.110593" lon="12.948158">
      </trkpt>
      <trkpt lat="50.111559" lon="12.949104">
      </trkpt>
      <trkpt lat="50.112907" lon="12.94833">
      </trkpt>
      <trkpt lat="50.113403" lon="12.947888">
      </trkpt>
      <trkpt lat="50.113514" lon="12.947748">
      </trkpt>
      <trkpt lat="50.114078" lon="12.946532">
      </trkpt>
      <trkpt lat="50.111727" lon="12.943823">
      </trkpt>
      <trkpt lat="50.110491" lon="12.942248">
      </trkpt>
      <trkpt lat="50.110086" lon="12.94179">
      </trkpt>
      <trkpt lat="50.107701" lon="12.93838">
      </trkpt>
      <trkpt lat="50.106928" lon="12.930951">
      </trkpt>
      <trkpt lat="50.107692" lon="12.929073">
      </trkpt>
      <trkpt lat="50.107902" lon="12.928691">
      </trkpt>
      <trkpt lat="50.108113" lon="12.92823">
      </trkpt>
      <trkpt lat="50.108797" lon="12.92639">
      </trkpt>
      <trkpt lat="50.109842" lon="12.923782">
      </trkpt>
      <trkpt lat="50.110924" lon="12.921006">
      </trkpt>
      <trkpt lat="50.10757" lon="12.919698">
      </trkpt>
      <trkpt lat="50.102632" lon="12.924548">
      </trkpt>
      <trkpt lat="50.09456" lon="12.924626">
      </trkpt>
      <trkpt lat="50.089754" lon="12.920421">
      </trkpt>
      <trkpt lat="50.086362" lon="12.919215">
      </trkpt>
      <trkpt lat="50.083853" lon="12.913488">
      </trkpt>
      <trkpt lat="50.083879" lon="12.912477">
      </trkpt>
      <trkpt lat="50.08028" lon="12.912384">
      </trkpt>
      <trkpt lat="50.074163" lon="12.908212">
      </trkpt>
      <trkpt lat="50.074107" lon="12.905435">
      </trkpt>
      <trkpt lat="50.077616" lon="12.898855">
      </trkpt>
      <trkpt lat="50.078552" lon="12.898148">
      </trkpt>
      <trkpt lat="50.078853" lon="12.897671">
      </trkpt>
      <trkpt lat="50.08067" lon="12.895219">
      </trkpt>
      <trkpt lat="50.079002" lon="12.892028">
      </trkpt>
      <trkpt lat="50.076014" lon="12.88612">
      </trkpt>
      <trkpt lat="50.07669" lon="12.882629">
      </trkpt>
      <trkpt lat="50.077017" lon="12.881422">
      </trkpt>
      <trkpt lat="50.077228" lon="12.880766">
      </trkpt>
      <trkpt lat="50.077747" lon="12.879251">
      </trkpt>
      <trkpt lat="50.078403" lon="12.877787">
      </trkpt>
      <trkpt lat="50.080211" lon="12.872183">
      </trkpt>
      <trkpt lat="50.080196" lon="12.871643">
      </trkpt>
      <trkpt lat="50.080024" lon="12.870169">
      </trkpt>
      <trkpt lat="50.079965" lon="12.869696">
      </trkpt>
      <trkpt lat="50.079332" lon="12.863768">
      </trkpt>
      <trkpt lat="50.075733" lon="12.863859">
      </trkpt>
      <trkpt lat="50.07305" lon="12.872029">
      </trkpt>
      <trkpt lat="50.072989" lon="12.873141">
      </trkpt>
      <trkpt lat="50.071859" lon="12.878197">
      </trkpt>
      <trkpt lat="50.072176" lon="12.88028">
      </trkpt>
      <trkpt lat="50.068205" lon="12.888055">
      </trkpt>
      <trkpt lat="50.068311" lon="12.888862">
      </trkpt>
      <trkpt lat="50.068502" lon="12.88959">
      </trkpt>
      <trkpt lat="50.068601" lon="12.890175">
      </trkpt>
      <trkpt lat="50.069262" lon="12.892072">
      </trkpt>
      <trkpt lat="50.069395" lon="12.892908">
      </trkpt>
      <trkpt lat="50.069505" lon="12.893418">
      </trkpt>
      <trkpt lat="50.069714" lon="12.893998">
      </trkpt>
      <trkpt lat="50.062893" lon="12.899864">
      </trkpt>
      <trkpt lat="50.061937" lon="12.898962">
      </trkpt>
      <trkpt lat="50.060718" lon="12.898738">
      </trkpt>
      <trkpt lat="50.056295" lon="12.896098">
      </trkpt>
      <trkpt lat="50.055659" lon="12.895367">
      </trkpt>
      <trkpt lat="50.053281" lon="12.892179">
      </trkpt>
      <trkpt lat="50.049715" lon="12.891685">
      </trkpt>
      <trkpt lat="50.046021" lon="12.890686">
      </trkpt>
      <trkpt lat="50.039781" lon="12.886676">
      </trkpt>
      <trkpt lat="50.036473" lon="12.879913">
      </trkpt>
      <trkpt lat="50.036487" lon="12.878065">
      </trkpt>
      <trkpt lat="50.032887" lon="12.878038">
      </trkpt>
      <trkpt lat="50.031018" lon="12.884111">
      </trkpt>
      <trkpt lat="50.023754" lon="12.888178">
      </trkpt>
      <trkpt lat="50.021222" lon="12.88802">
      </trkpt>
      <trkpt lat="50.019261" lon="12.88982">
      </trkpt>
      <trkpt lat="50.018669" lon="12.890557">
      </trkpt>
      <trkpt lat="50.018805" lon="12.890695">
      </trkpt>
      <trkpt lat="50.02097" lon="12.892989">
      </trkpt>
      <trkpt lat="50.025462" lon="12.897201">
      </trkpt>
      <trkpt lat="50.028789" lon="12.904692">
      </trkpt>
      <trkpt lat="50.029133" lon="12.908259">
      </trkpt>
      <trkpt lat="50.029041" lon="12.9123">
      </trkpt>
      <trkpt lat="50.028975" lon="12.912858">
      </trkpt>
      <trkpt lat="50.028622" lon="12.915872">
      </trkpt>
      <trkpt lat="50.028534" lon="12.916683">
      </trkpt>
      <trkpt lat="50.028487" lon="12.918919">
      </trkpt>
      <trkpt lat="50.028383" lon="12.919547">
      </trkpt>
      <trkpt lat="50.026407" lon="12.923962">
      </trkpt>
      <trkpt lat="50.024104" lon="12.92606">
      </trkpt>
      <trkpt lat="50.022291" lon="12.928777">
      </trkpt>
      <trkpt lat="50.021791" lon="12.929313">
      </trkpt>
      <trkpt lat="50.020845" lon="12.930913">
      </trkpt>
      <trkpt lat="50.020242" lon="12.931614">
      </trkpt>
      <trkpt lat="50.019824" lon="12.932356">
      </trkpt>
      <trkpt lat="50.017943" lon="12.9349">
      </trkpt>
      <trkpt lat="50.016002" lon="12.937255">
      </trkpt>
      <trkpt lat="50.007408" lon="12.936759">
      </trkpt>
      <trkpt lat="50.006986" lon="12.935057">
      </trkpt>
      <trkpt lat="50.006895" lon="12.934453">
      </trkpt>
      <trkpt lat="50.0065" lon="12.931459">
      </trkpt>
      <trkpt lat="50.010525" lon="12.923893">
      </trkpt>
      <trkpt lat="50.012237" lon="12.922073">
      </trkpt>
      <trkpt lat="50.012296" lon="12.920282">
      </trkpt>
      <trkpt lat="50.012713" lon="12.917705">
      </trkpt>
      <trkpt lat="50.012643" lon="12.916359">
      </trkpt>
      <trkpt lat="50.009048" lon="12.916546">
      </trkpt>
      <trkpt lat="50.005963" lon="12.917319">
      </trkpt>
      <trkpt lat="50.000849" lon="12.911009">
      </trkpt>
      <trkpt lat="50.001007" lon="12.909813">
      </trkpt>
      <trkpt lat="50.001044" lon="12.909219">
      </trkpt>
      <trkpt lat="50.001038" lon="12.908579">
      </trkpt>
      <trkpt lat="50.000969" lon="12.907848">
      </trkpt>
      <trkpt lat="50.000881" lon="12.907187">
      </trkpt>
      <trkpt lat="50.000771" lon="12.905887">
      </trkpt>
      <trkpt lat="50.000762" lon="12.905408">
      </trkpt>
      <trkpt lat="50.000843" lon="12.903652">
      </trkpt>
      <trkpt lat="50.001077" lon="12.901926">
      </trkpt>
      <trkpt lat="50.001299" lon="12.900738">
      </trkpt>
      <trkpt lat="50.001742" lon="12.899139">
      </trkpt>
      <trkpt lat="50.001822" lon="12.898727">
      </trkpt>
      <trkpt lat="50.001783" lon="12.897774">
      </trkpt>
      <trkpt lat="50.001455" lon="12.896382">
      </trkpt>
      <trkpt lat="50.001321" lon="12.895964">
      </trkpt>
      <trkpt lat="50.001122" lon="12.895475">
      </trkpt>
      <trkpt lat="50.000783" lon="12.894901">
      </trkpt>
      <trkpt lat="49.998974" lon="12.891809">
      </trkpt>
      <trkpt lat="49.998386" lon="12.89008">
      </trkpt>
      <trkpt lat="49.99764" lon="12.888212">
      </trkpt>
      <trkpt lat="49.997053" lon="12.88689">
      </trkpt>
      <trkpt lat="49.996526" lon="12.88605">
      </trkpt>
      <trkpt lat="49.998602" lon="12.877711">
      </trkpt>
      <trkpt lat="49.998864" lon="12.874121">
      </trkpt>
      <trkpt lat="49.994436" lon="12.871695">
      </trkpt>
      <trkpt lat="49.993798" lon="12.871288">
      </trkpt>
      <trkpt lat="49.990255" lon="12.868583">
      </trkpt>
      <trkpt lat="49.989827" lon="12.867976">
      </trkpt>
      <trkpt lat="49.989355" lon="12.867397">
      </trkpt>
      <trkpt lat="49.988768" lon="12.866803">
      </trkpt>
      <trkpt lat="49.990966" lon="12.858402">
      </trkpt>
      <trkpt lat="49.991535" lon="12.858024">
      </trkpt>
      <trkpt lat="49.99186" lon="12.857712">
      </trkpt>
      <trkpt lat="49.992943" lon="12.856495">
      </trkpt>
      <trkpt lat="49.993507" lon="12.855631">
      </trkpt>
      <trkpt lat="49.996219" lon="12.852878">
      </trkpt>
      <trkpt lat="49.997244" lon="12.852054">
      </trkpt>
      <trkpt lat="49.996496" lon="12.849577">
      </trkpt>
      <trkpt lat="49.995228" lon="12.849072">
      </trkpt>
      <trkpt lat="49.993043" lon="12.84856">
      </trkpt>
      <trkpt lat="49.992928" lon="12.848951">
      </trkpt>
      <trkpt lat="49.991623" lon="12.851381">
      </trkpt>
      <trkpt lat="49.984126" lon="12.853296">
      </trkpt>
      <trkpt lat="49.98377" lon="12.85317">
      </trkpt>
      <trkpt lat="49.976767" lon="12.85167">
      </trkpt>
      <trkpt lat="49.976345" lon="12.843965">
      </trkpt>
      <trkpt lat="49.979487" lon="12.842915">
      </trkpt>
      <trkpt lat="49.980488" lon="12.842331">
      </trkpt>
      <trkpt lat="49.981384" lon="12.84128">
      </trkpt>
      <trkpt lat="49.981688" lon="12.840774">
      </trkpt>
      <trkpt lat="49.982068" lon="12.840038">
      </trkpt>
      <trkpt lat="49.983753" lon="12.837841">
      </trkpt>
      <trkpt lat="49.980897" lon="12.83565">
      </trkpt>
      <trkpt lat="49.975148" lon="12.829403">
      </trkpt>
      <trkpt lat="49.976392" lon="12.826927">
      </trkpt>
      <trkpt lat="49.977645" lon="12.824431">
      </trkpt>
      <trkpt lat="49.97801" lon="12.823677">
      </trkpt>
      <trkpt lat="49.978229" lon="12.823168">
      </trkpt>
      <trkpt lat="49.978822" lon="12.821973">
      </trkpt>
      <trkpt lat="49.979407" lon="12.820633">
      </trkpt>
      <trkpt lat="49.979591" lon="12.819999">
      </trkpt>
      <trkpt lat="49.979713" lon="12.819436">
      </trkpt>
      <trkpt lat="49.980301" lon="12.816044">
      </trkpt>
      <trkpt lat="49.980647" lon="12.81251">
      </trkpt>
      <trkpt lat="49.977064" lon="12.812159">
      </trkpt>
      <trkpt lat="49.976718" lon="12.815692">
      </trkpt>
      <trkpt lat="49.976167" lon="12.818816">
      </trkpt>
      <trkpt lat="49.975539" lon="12.820495">
      </trkpt>
      <trkpt lat="49.975006" lon="12.821564">
      </trkpt>
      <trkpt lat="49.974709" lon="12.822239">
      </trkpt>
      <trkpt lat="49.974407" lon="12.822857">
      </trkpt>
      <trkpt lat="49.973174" lon="12.825312">
      </trkpt>
      <trkpt lat="49.965157" lon="12.828211">
      </trkpt>
      <trkpt lat="49.964234" lon="12.827421">
      </trkpt>
      <trkpt lat="49.962127" lon="12.825574">
      </trkpt>
      <trkpt lat="49.958536" lon="12.825831">
      </trkpt>
      <trkpt lat="49.957615" lon="12.831614">
      </trkpt>
      <trkpt lat="49.957458" lon="12.832682">
      </trkpt>
      <trkpt lat="49.960794" lon="12.834034">
      </trkpt>
      <trkpt lat="49.965729" lon="12.841468">
      </trkpt>
      <trkpt lat="49.965538" lon="12.841931">
      </trkpt>
      <trkpt lat="49.965402" lon="12.842569">
      </trkpt>
      <trkpt lat="49.965342" lon="12.843164">
      </trkpt>
      <trkpt lat="49.965117" lon="12.846317">
      </trkpt>
      <trkpt lat="49.95907" lon="12.84983">
      </trkpt>
      <trkpt lat="49.958362" lon="12.849901">
      </trkpt>
      <trkpt lat="49.95749" lon="12.85022">
      </trkpt>
      <trkpt lat="49.956325" lon="12.850904">
      </trkpt>
      <trkpt lat="49.956174" lon="12.851355">
      </trkpt>
      <trkpt lat="49.955994" lon="12.851772">
      </trkpt>
      <trkpt lat="49.955915" lon="12.852">
      </trkpt>
      <trkpt lat="49.955662" lon="12.852869">
      </trkpt>
      <trkpt lat="49.948055" lon="12.857674">
      </trkpt>
      <trkpt lat="49.947799" lon="12.857318">
      </trkpt>
      <trkpt lat="49.946775" lon="12.856648">
      </trkpt>
      <trkpt lat="49.94288" lon="12.853678">
      </trkpt>
      <trkpt lat="49.947867" lon="12.847177">
      </trkpt>
      <trkpt lat="49.947585" lon="12.843588">
      </trkpt>
      <trkpt lat="49.944084" lon="12.842969">
      </trkpt>
      <trkpt lat="49.943397" lon="12.84284">
      </trkpt>
      <trkpt lat="49.943247" lon="12.842835">
      </trkpt>
      <trkpt lat="49.942402" lon="12.842986">
      </trkpt>
      <trkpt lat="49.940488" lon="12.844368">
      </trkpt>
      <trkpt lat="49.93563" lon="12.846811">
      </trkpt>
      <trkpt lat="49.933184" lon="12.849453">
      </trkpt>
      <trkpt lat="49.934425" lon="12.850601">
      </trkpt>
      <trkpt lat="49.935068" lon="12.851069">
      </trkpt>
      <trkpt lat="49.940017" lon="12.857559">
      </trkpt>
      <trkpt lat="49.940215" lon="12.859296">
      </trkpt>
      <trkpt lat="49.940455" lon="12.860608">
      </trkpt>
      <trkpt lat="49.940711" lon="12.862323">
      </trkpt>
      <trkpt lat="49.940704" lon="12.863822">
      </trkpt>
      <trkpt lat="49.94045" lon="12.867081">
      </trkpt>
      <trkpt lat="49.940389" lon="12.868453">
      </trkpt>
      <trkpt lat="49.940463" lon="12.870051">
      </trkpt>
      <trkpt lat="49.935574" lon="12.876201">
      </trkpt>
      <trkpt lat="49.932311" lon="12.875421">
      </trkpt>
      <trkpt lat="49.931688" lon="12.875119">
      </trkpt>
      <trkpt lat="49.930939" lon="12.875">
      </trkpt>
      <trkpt lat="49.926622" lon="12.872878">
      </trkpt>
      <trkpt lat="49.923124" lon="12.872028">
      </trkpt>
      <trkpt lat="49.920319" lon="12.873012">
      </trkpt>
      <trkpt lat="49.91299" lon="12.86829">
      </trkpt>
      <trkpt lat="49.909974" lon="12.866324">
      </trkpt>
      <trkpt lat="49.908579" lon="12.868425">
      </trkpt>
      <trkpt lat="49.906693" lon="12.870408">
      </trkpt>
      <trkpt lat="49.90499" lon="12.873682">
      </trkpt>
      <trkpt lat="49.905674" lon="12.87783">
      </trkpt>
      <trkpt lat="49.906354" lon="12.881951">
      </trkpt>
      <trkpt lat="49.89936" lon="12.884489">
      </trkpt>
      <trkpt lat="49.898507" lon="12.884352">
      </trkpt>
      <trkpt lat="49.895339" lon="12.883599">
      </trkpt>
      <trkpt lat="49.896578" lon="12.887392">
      </trkpt>
      <trkpt lat="49.899873" lon="12.890987">
      </trkpt>
      <trkpt lat="49.900576" lon="12.891968">
      </trkpt>
      <trkpt lat="49.901628" lon="12.892884">
      </trkpt>
      <trkpt lat="49.903916" lon="12.89583">
      </trkpt>
      <trkpt lat="49.904208" lon="12.896381">
      </trkpt>
      <trkpt lat="49.907029" lon="12.900895">
      </trkpt>
      <trkpt lat="49.907271" lon="12.901424">
      </trkpt>
      <trkpt lat="49.90812" lon="12.905135">
      </trkpt>
      <trkpt lat="49.908122" lon="12.905569">
      </trkpt>
      <trkpt lat="49.908235" lon="12.906235">
      </trkpt>
      <trkpt lat="49.908548" lon="12.90768">
      </trkpt>
      <trkpt lat="49.908495" lon="12.909581">
      </trkpt>
      <trkpt lat="49.908468" lon="12.91024">
      </trkpt>
      <trkpt lat="49.908499" lon="12.9107">
      </trkpt>
      <trkpt lat="49.908995" lon="12.913155">
      </trkpt>
      <trkpt lat="49.901366" lon="12.916784">
      </trkpt>
      <trkpt lat="49.898713" lon="12.914571">
      </trkpt>
      <trkpt lat="49.898277" lon="12.914671">
      </trkpt>
      <trkpt lat="49.890783" lon="12.914296">
      </trkpt>
      <trkpt lat="49.887657" lon="12.907919">
      </trkpt>
      <trkpt lat="49.885711" lon="12.907983">
      </trkpt>
      <trkpt lat="49.878792" lon="12.903842">
      </trkpt>
      <trkpt lat="49.878862" lon="12.901309">
      </trkpt>
      <trkpt lat="49.878931" lon="12.898819">
      </trkpt>
      <trkpt lat="49.878961" lon="12.898099">
      </trkpt>
      <trkpt lat="49.879263" lon="12.89589">
      </trkpt>
      <trkpt lat="49.880676" lon="12.891948">
      </trkpt>
      <trkpt lat="49.88093" lon="12.891329">
      </trkpt>
      <trkpt lat="49.881088" lon="12.890821">
      </trkpt>
      <trkpt lat="49.881237" lon="12.890252">
      </trkpt>
      <trkpt lat="49.882203" lon="12.886891">
      </trkpt>
      <trkpt lat="49.882325" lon="12.88643">
      </trkpt>
      <trkpt lat="49.882375" lon="12.885978">
      </trkpt>
      <trkpt lat="49.88237" lon="12.885537">
      </trkpt>
      <trkpt lat="49.882298" lon="12.885021">
      </trkpt>
      <trkpt lat="49.882307" lon="12.883356">
      </trkpt>
      <trkpt lat="49.882404" lon="12.88274">
      </trkpt>
      <trkpt lat="49.882405" lon="12.882324">
      </trkpt>
      <trkpt lat="49.882516" lon="12.880529">
      </trkpt>
      <trkpt lat="49.883188" lon="12.878617">
      </trkpt>
      <trkpt lat="49.88376" lon="12.877615">
      </trkpt>
      <trkpt lat="49.884849" lon="12.871507">
      </trkpt>
      <trkpt lat="49.884969" lon="12.87045">
      </trkpt>
      <trkpt lat="49.885526" lon="12.867972">
      </trkpt>
      <trkpt lat="49.883103" lon="12.861687">
      </trkpt>
      <trkpt lat="49.883065" lon="12.857695">
      </trkpt>
      <trkpt lat="49.883387" lon="12.855902">
      </trkpt>
      <trkpt lat="49.883726" lon="12.853992">
      </trkpt>
      <trkpt lat="49.883807" lon="12.853276">
      </trkpt>
      <trkpt lat="49.890945" lon="12.847934">
      </trkpt>
      <trkpt lat="49.89206" lon="12.848167">
      </trkpt>
      <trkpt lat="49.894553" lon="12.848941">
      </trkpt>
      <trkpt lat="49.895094" lon="12.845382">
      </trkpt>
      <trkpt lat="49.8942" lon="12.841719">
      </trkpt>
      <trkpt lat="49.891611" lon="12.839218">
      </trkpt>
      <trkpt lat="49.891555" lon="12.839226">
      </trkpt>
      <trkpt lat="49.891128" lon="12.839612">
      </trkpt>
      <trkpt lat="49.890389" lon="12.84058">
      </trkpt>
      <trkpt lat="49.882245" lon="12.837559">
      </trkpt>
      <trkpt lat="49.882149" lon="12.835843">
      </trkpt>
      <trkpt lat="49.882058" lon="12.833748">
      </trkpt>
      <trkpt lat="49.885926" lon="12.828224">
      </trkpt>
      <trkpt lat="49.886317" lon="12.82731">
      </trkpt>
      <trkpt lat="49.886877" lon="12.82515">
      </trkpt>
      <trkpt lat="49.887137" lon="12.8246">
      </trkpt>
      <trkpt lat="49.887486" lon="12.82264">
      </trkpt>
      <trkpt lat="49.887177" lon="12.821617">
      </trkpt>
      <trkpt lat="49.886599" lon="12.820192">
      </trkpt>
      <trkpt lat="49.885293" lon="12.818313">
      </trkpt>
      <trkpt lat="49.88376" lon="12.816636">
      </trkpt>
      <trkpt lat="49.883089" lon="12.815627">
      </trkpt>
      <trkpt lat="49.881581" lon="12.814325">
      </trkpt>
      <trkpt lat="49.880431" lon="12.812834">
      </trkpt>
      <trkpt lat="49.879552" lon="12.812482">
      </trkpt>
      <trkpt lat="49.875724" lon="12.805202">
      </trkpt>
      <trkpt lat="49.883937" lon="12.802098">
      </trkpt>
      <trkpt lat="49.887857" lon="12.804494">
      </trkpt>
      <trkpt lat="49.891366" lon="12.803689">
      </trkpt>
      <trkpt lat="49.896179" lon="12.80938">
      </trkpt>
      <trkpt lat="49.896367" lon="12.8108">
      </trkpt>
      <trkpt lat="49.896439" lon="12.811676">
      </trkpt>
      <trkpt lat="49.896604" lon="12.812341">
      </trkpt>
      <trkpt lat="49.896613" lon="12.8159">
      </trkpt>
      <trkpt lat="49.896627" lon="12.817835">
      </trkpt>
      <trkpt lat="49.896722" lon="12.818295">
      </trkpt>
      <trkpt lat="49.896977" lon="12.818877">
      </trkpt>
      <trkpt lat="49.897513" lon="12.819485">
      </trkpt>
      <trkpt lat="49.899711" lon="12.823748">
      </trkpt>
      <trkpt lat="49.899795" lon="12.824191">
      </trkpt>
      <trkpt lat="49.899967" lon="12.824666">
      </trkpt>
      <trkpt lat="49.900181" lon="12.825035">
      </trkpt>
      <trkpt lat="49.901801" lon="12.829078">
      </trkpt>
      <trkpt lat="49.901684" lon="12.832715">
      </trkpt>
      <trkpt lat="49.901802" lon="12.833427">
      </trkpt>
      <trkpt lat="49.902483" lon="12.835505">
      </trkpt>
      <trkpt lat="49.903115" lon="12.837403">
      </trkpt>
      <trkpt lat="49.903331" lon="12.838378">
      </trkpt>
      <trkpt lat="49.903464" lon="12.83928">
      </trkpt>
      <trkpt lat="49.904276" lon="12.842726">
      </trkpt>
      <trkpt lat="49.906521" lon="12.847532">
      </trkpt>
      <trkpt lat="49.907328" lon="12.847631">
      </trkpt>
      <trkpt lat="49.908056" lon="12.847596">
      </trkpt>
      <trkpt lat="49.908995" lon="12.847448">
      </trkpt>
      <trkpt lat="49.911414" lon="12.846985">
      </trkpt>
      <trkpt lat="49.911318" lon="12.843386">
      </trkpt>
      <trkpt lat="49.906634" lon="12.836642">
      </trkpt>
      <trkpt lat="49.905904" lon="12.834384">
      </trkpt>
      <trkpt lat="49.905398" lon="12.829214">
      </trkpt>
      <trkpt lat="49.905393" lon="12.828746">
      </trkpt>
      <trkpt lat="49.905196" lon="12.82732">
      </trkpt>
      <trkpt lat="49.904793" lon="12.825145">
      </trkpt>
      <trkpt lat="49.904416" lon="12.824223">
      </trkpt>
      <trkpt lat="49.90259" lon="12.821405">
      </trkpt>
      <trkpt lat="49.90038" lon="12.81547">
      </trkpt>
      <trkpt lat="49.900448" lon="12.814882">
      </trkpt>
      <trkpt lat="49.900334" lon="12.812573">
      </trkpt>
      <trkpt lat="49.902324" lon="12.807836">
      </trkpt>
      <trkpt lat="49.903123" lon="12.806657">
      </trkpt>
      <trkpt lat="49.910071" lon="12.801944">
      </trkpt>
      <trkpt lat="49.912332" lon="12.807792">
      </trkpt>
      <trkpt lat="49.912315" lon="12.808504">
      </trkpt>
      <trkpt lat="49.912486" lon="12.809243">
      </trkpt>
      <trkpt lat="49.913368" lon="12.811298">
      </trkpt>
      <trkpt lat="49.914169" lon="12.813124">
      </trkpt>
      <trkpt lat="49.914362" lon="12.813815">
      </trkpt>
      <trkpt lat="49.914921" lon="12.816178">
      </trkpt>
      <trkpt lat="49.915565" lon="12.818805">
      </trkpt>
      <trkpt lat="49.916191" lon="12.820341">
      </trkpt>
      <trkpt lat="49.919525" lon="12.818984">
      </trkpt>
      <trkpt lat="49.924651" lon="12.812049">
      </trkpt>
      <trkpt lat="49.927996" lon="12.815824">
      </trkpt>
      <trkpt lat="49.931542" lon="12.816444">
      </trkpt>
      <trkpt lat="49.935583" lon="12.812125">
      </trkpt>
      <trkpt lat="49.935333" lon="12.808534">
      </trkpt>
      <trkpt lat="49.93422" lon="12.802541">
      </trkpt>
      <trkpt lat="49.930619" lon="12.802523">
      </trkpt>
      <trkpt lat="49.930355" lon="12.802919">
      </trkpt>
      <trkpt lat="49.921715" lon="12.805349">
      </trkpt>
      <trkpt lat="49.920943" lon="12.80511">
      </trkpt>
      <trkpt lat="49.918019" lon="12.804608">
      </trkpt>
      <trkpt lat="49.91639" lon="12.804015">
      </trkpt>
      <trkpt lat="49.912474" lon="12.801896">
      </trkpt>
      <trkpt lat="49.909878" lon="12.798344">
      </trkpt>
      <trkpt lat="49.914595" lon="12.793057">
      </trkpt>
      <trkpt lat="49.915246" lon="12.79307">
      </trkpt>
      <trkpt lat="49.916326" lon="12.792698">
      </trkpt>
      <trkpt lat="49.915097" lon="12.789492">
      </trkpt>
      <trkpt lat="49.917138" lon="12.784251">
      </trkpt>
      <trkpt lat="49.917753" lon="12.783577">
      </trkpt>
      <trkpt lat="49.919464" lon="12.782415">
      </trkpt>
      <trkpt lat="49.926708" lon="12.786885">
      </trkpt>
      <trkpt lat="49.929306" lon="12.790951">
      </trkpt>
      <trkpt lat="49.931318" lon="12.787026">
      </trkpt>
      <trkpt lat="49.931557" lon="12.786337">
      </trkpt>
      <trkpt lat="49.935343" lon="12.778742">
      </trkpt>
      <trkpt lat="49.934905" lon="12.777909">
      </trkpt>
      <trkpt lat="49.93446" lon="12.776862">
      </trkpt>
      <trkpt lat="49.933902" lon="12.77577">
      </trkpt>
      <trkpt lat="49.933405" lon="12.774663">
      </trkpt>
      <trkpt lat="49.932786" lon="12.769617">
      </trkpt>
      <trkpt lat="49.939225" lon="12.763765">
      </trkpt>
      <trkpt lat="49.941095" lon="12.760918">
      </trkpt>
      <trkpt lat="49.941193" lon="12.760769">
      </trkpt>
      <trkpt lat="49.941038" lon="12.756727">
      </trkpt>
      <trkpt lat="49.941025" lon="12.756074">
      </trkpt>
      <trkpt lat="49.940936" lon="12.755643">
      </trkpt>
      <trkpt lat="49.940673" lon="12.75301">
      </trkpt>
      <trkpt lat="49.940524" lon="12.751559">
      </trkpt>
      <trkpt lat="49.939679" lon="12.746362">
      </trkpt>
      <trkpt lat="49.946876" lon="12.741803">
      </trkpt>
      <trkpt lat="49.947493" lon="12.741771">
      </trkpt>
      <trkpt lat="49.948088" lon="12.74178">
      </trkpt>
      <trkpt lat="49.948349" lon="12.741673">
      </trkpt>
      <trkpt lat="49.948736" lon="12.741459">
      </trkpt>
      <trkpt lat="49.949165" lon="12.741094">
      </trkpt>
      <trkpt lat="49.950241" lon="12.739764">
      </trkpt>
      <trkpt lat="49.950463" lon="12.73952">
      </trkpt>
      <trkpt lat="49.950504" lon="12.739434">
      </trkpt>
      <trkpt lat="49.95056" lon="12.738482">
      </trkpt>
      <trkpt lat="49.955662" lon="12.733617">
      </trkpt>
      <trkpt lat="49.96006" lon="12.73537">
      </trkpt>
      <trkpt lat="49.960476" lon="12.735805">
      </trkpt>
      <trkpt lat="49.960935" lon="12.736327">
      </trkpt>
      <trkpt lat="49.961344" lon="12.736827">
      </trkpt>
      <trkpt lat="49.961941" lon="12.737629">
      </trkpt>
      <trkpt lat="49.963716" lon="12.740292">
      </trkpt>
      <trkpt lat="49.965492" lon="12.742956">
      </trkpt>
      <trkpt lat="49.966943" lon="12.745133">
      </trkpt>
      <trkpt lat="49.968394" lon="12.74731">
      </trkpt>
      <trkpt lat="49.971389" lon="12.745313">
      </trkpt>
      <trkpt lat="49.969938" lon="12.743136">
      </trkpt>
      <trkpt lat="49.968487" lon="12.740959">
      </trkpt>
      <trkpt lat="49.966712" lon="12.738296">
      </trkpt>
      <trkpt lat="49.964936" lon="12.735632">
      </trkpt>
      <trkpt lat="49.96232" lon="12.73035">
      </trkpt>
      <trkpt lat="49.962067" lon="12.729991">
      </trkpt>
      <trkpt lat="49.959737" lon="12.721394">
      </trkpt>
      <trkpt lat="49.959868" lon="12.720576">
      </trkpt>
      <trkpt lat="49.959889" lon="12.719808">
      </trkpt>
      <trkpt lat="49.95982" lon="12.719042">
      </trkpt>
      <trkpt lat="49.959679" lon="12.71839">
      </trkpt>
      <trkpt lat="49.959422" lon="12.717658">
      </trkpt>
      <trkpt lat="49.959027" lon="12.716921">
      </trkpt>
      <trkpt lat="49.958506" lon="12.716281">
      </trkpt>
      <trkpt lat="49.956471" lon="12.710129">
      </trkpt>
      <trkpt lat="49.960206" lon="12.704758">
      </trkpt>
      <trkpt lat="49.960347" lon="12.704493">
      </trkpt>
      <trkpt lat="49.960348" lon="12.704492">
      </trkpt>
      <trkpt lat="49.960361" lon="12.704468">
      </trkpt>
      <trkpt lat="49.960906" lon="12.698848">
      </trkpt>
      <trkpt lat="49.959628" lon="12.696891">
      </trkpt>
      <trkpt lat="49.959618" lon="12.696883">
      </trkpt>
      <trkpt lat="49.956756" lon="12.690668">
      </trkpt>
      <trkpt lat="49.962009" lon="12.687286">
      </trkpt>
      <trkpt lat="49.965601" lon="12.687058">
      </trkpt>
      <trkpt lat="49.965552" lon="12.686283">
      </trkpt>
      <trkpt lat="49.965401" lon="12.683959">
      </trkpt>
      <trkpt lat="49.965339" lon="12.68323">
      </trkpt>
      <trkpt lat="49.965261" lon="12.682643">
      </trkpt>
      <trkpt lat="49.965971" lon="12.673756">
      </trkpt>
      <trkpt lat="49.966775" lon="12.671775">
      </trkpt>
      <trkpt lat="49.966812" lon="12.670475">
      </trkpt>
      <trkpt lat="49.972452" lon="12.663605">
      </trkpt>
      <trkpt lat="49.97352" lon="12.66352">
      </trkpt>
      <trkpt lat="49.97393" lon="12.663386">
      </trkpt>
      <trkpt lat="49.974757" lon="12.662961">
      </trkpt>
      <trkpt lat="49.974968" lon="12.662792">
      </trkpt>
      <trkpt lat="49.97281" lon="12.659476">
      </trkpt>
      <trkpt lat="49.967675" lon="12.654402">
      </trkpt>
      <trkpt lat="49.97076" lon="12.650407">
      </trkpt>
      <trkpt lat="49.972248" lon="12.64693">
      </trkpt>
      <trkpt lat="49.973736" lon="12.643454">
      </trkpt>
      <trkpt lat="49.974652" lon="12.641321">
      </trkpt>
      <trkpt lat="49.976166" lon="12.638304">
      </trkpt>
      <trkpt lat="49.977003" lon="12.636357">
      </trkpt>
      <trkpt lat="49.97784" lon="12.634409">
      </trkpt>
      <trkpt lat="49.979967" lon="12.62889">
      </trkpt>
      <trkpt lat="49.980627" lon="12.62726">
      </trkpt>
      <trkpt lat="49.981415" lon="12.625264">
      </trkpt>
      <trkpt lat="49.982887" lon="12.621596">
      </trkpt>
      <trkpt lat="49.984357" lon="12.617933">
      </trkpt>
      <trkpt lat="49.985509" lon="12.615083">
      </trkpt>
      <trkpt lat="49.98666" lon="12.612234">
      </trkpt>
      <trkpt lat="49.983322" lon="12.610885">
      </trkpt>
      <trkpt lat="49.982171" lon="12.613735">
      </trkpt>
      <trkpt lat="49.98102" lon="12.616585">
      </trkpt>
      <trkpt lat="49.979546" lon="12.620255">
      </trkpt>
      <trkpt lat="49.973599" lon="12.625584">
      </trkpt>
      <trkpt lat="49.973901" lon="12.627156">
      </trkpt>
      <trkpt lat="49.974084" lon="12.628205">
      </trkpt>
      <trkpt lat="49.97186" lon="12.632951">
      </trkpt>
      <trkpt lat="49.963947" lon="12.629837">
      </trkpt>
      <trkpt lat="49.963678" lon="12.629225">
      </trkpt>
      <trkpt lat="49.960382" lon="12.630672">
      </trkpt>
      <trkpt lat="49.960651" lon="12.631285">
      </trkpt>
      <trkpt lat="49.961675" lon="12.636462">
      </trkpt>
      <trkpt lat="49.962319" lon="12.638556">
      </trkpt>
      <trkpt lat="49.964095" lon="12.646174">
      </trkpt>
      <trkpt lat="49.962277" lon="12.650195">
      </trkpt>
      <trkpt lat="49.962302" lon="12.652077">
      </trkpt>
      <trkpt lat="49.955697" lon="12.657951">
      </trkpt>
      <trkpt lat="49.951944" lon="12.654836">
      </trkpt>
      <trkpt lat="49.948985" lon="12.656887">
      </trkpt>
      <trkpt lat="49.94922" lon="12.662351">
      </trkpt>
      <trkpt lat="49.948841" lon="12.663153">
      </trkpt>
      <trkpt lat="49.940133" lon="12.661696">
      </trkpt>
      <trkpt lat="49.939829" lon="12.658255">
      </trkpt>
      <trkpt lat="49.93978" lon="12.657228">
      </trkpt>
      <trkpt lat="49.939821" lon="12.652509">
      </trkpt>
      <trkpt lat="49.940049" lon="12.649868">
      </trkpt>
      <trkpt lat="49.943929" lon="12.645214">
      </trkpt>
      <trkpt lat="49.944867" lon="12.64381">
      </trkpt>
      <trkpt lat="49.945047" lon="12.643228">
      </trkpt>
      <trkpt lat="49.945094" lon="12.642505">
      </trkpt>
      <trkpt lat="49.940846" lon="12.641614">
      </trkpt>
      <trkpt lat="49.93609" lon="12.634441">
      </trkpt>
      <trkpt lat="49.936132" lon="12.633688">
      </trkpt>
      <trkpt lat="49.936388" lon="12.632097">
      </trkpt>
      <trkpt lat="49.937049" lon="12.629074">
      </trkpt>
      <trkpt lat="49.937057" lon="12.628481">
      </trkpt>
      <trkpt lat="49.936987" lon="12.628014">
      </trkpt>
      <trkpt lat="49.936345" lon="12.62549">
      </trkpt>
      <trkpt lat="49.932856" lon="12.626377">
      </trkpt>
      <trkpt lat="49.933455" lon="12.628867">
      </trkpt>
      <trkpt lat="49.92653" lon="12.633822">
      </trkpt>
      <trkpt lat="49.92293" lon="12.633804">
      </trkpt>
      <trkpt lat="49.919472" lon="12.633782">
      </trkpt>
      <trkpt lat="49.918065" lon="12.633974">
      </trkpt>
      <trkpt lat="49.91691" lon="12.634887">
      </trkpt>
      <trkpt lat="49.915689" lon="12.637958">
      </trkpt>
      <trkpt lat="49.914957" lon="12.639089">
      </trkpt>
      <trkpt lat="49.914952" lon="12.64103">
      </trkpt>
      <trkpt lat="49.915118" lon="12.642326">
      </trkpt>
      <trkpt lat="49.915147" lon="12.642699">
      </trkpt>
      <trkpt lat="49.915448" lon="12.643859">
      </trkpt>
      <trkpt lat="49.915659" lon="12.644443">
      </trkpt>
      <trkpt lat="49.913892" lon="12.652986">
      </trkpt>
      <trkpt lat="49.913982" lon="12.653173">
      </trkpt>
      <trkpt lat="49.915083" lon="12.658172">
      </trkpt>
      <trkpt lat="49.914821" lon="12.660097">
      </trkpt>
      <trkpt lat="49.914537" lon="12.663345">
      </trkpt>
      <trkpt lat="49.907625" lon="12.66655">
      </trkpt>
      <trkpt lat="49.905795" lon="12.66625">
      </trkpt>
      <trkpt lat="49.90079" lon="12.662264">
      </trkpt>
      <trkpt lat="49.8997" lon="12.658984">
      </trkpt>
      <trkpt lat="49.899386" lon="12.657758">
      </trkpt>
      <trkpt lat="49.899107" lon="12.656993">
      </trkpt>
      <trkpt lat="49.898612" lon="12.656226">
      </trkpt>
      <trkpt lat="49.897286" lon="12.655088">
      </trkpt>
      <trkpt lat="49.893255" lon="12.651539">
      </trkpt>
      <trkpt lat="49.891043" lon="12.643954">
      </trkpt>
      <trkpt lat="49.891047" lon="12.643382">
      </trkpt>
      <trkpt lat="49.890985" lon="12.642765">
      </trkpt>
      <trkpt lat="49.89064" lon="12.640833">
      </trkpt>
      <trkpt lat="49.892658" lon="12.633422">
      </trkpt>
      <trkpt lat="49.89565" lon="12.631803">
      </trkpt>
      <trkpt lat="49.896732" lon="12.631581">
      </trkpt>
      <trkpt lat="49.902436" lon="12.632654">
      </trkpt>
      <trkpt lat="49.904206" lon="12.630726">
      </trkpt>
      <trkpt lat="49.904565" lon="12.630217">
      </trkpt>
      <trkpt lat="49.910378" lon="12.626626">
      </trkpt>
      <trkpt lat="49.910856" lon="12.626363">
      </trkpt>
      <trkpt lat="49.912787" lon="12.625685">
      </trkpt>
      <trkpt lat="49.91331" lon="12.620615">
      </trkpt>
      <trkpt lat="49.913473" lon="12.619951">
      </trkpt>
      <trkpt lat="49.913819" lon="12.618876">
      </trkpt>
      <trkpt lat="49.918718" lon="12.611404">
      </trkpt>
      <trkpt lat="49.919424" lon="12.611524">
      </trkpt>
      <trkpt lat="49.919588" lon="12.611558">
      </trkpt>
      <trkpt lat="49.921492" lon="12.612403">
      </trkpt>
      <trkpt lat="49.92297" lon="12.612443">
      </trkpt>
      <trkpt lat="49.923606" lon="12.612515">
      </trkpt>
      <trkpt lat="49.924009" lon="12.608938">
      </trkpt>
      <trkpt lat="49.924466" lon="12.606555">
      </trkpt>
      <trkpt lat="49.924057" lon="12.604816">
      </trkpt>
      <trkpt lat="49.923695" lon="12.604632">
      </trkpt>
      <trkpt lat="49.917833" lon="12.597959">
      </trkpt>
      <trkpt lat="49.917931" lon="12.596709">
      </trkpt>
      <trkpt lat="49.914421" lon="12.595906">
      </trkpt>
      <trkpt lat="49.909267" lon="12.595231">
      </trkpt>
      <trkpt lat="49.906122" lon="12.59502">
      </trkpt>
      <trkpt lat="49.903955" lon="12.595091">
      </trkpt>
      <trkpt lat="49.902976" lon="12.595397">
      </trkpt>
      <trkpt lat="49.902363" lon="12.595876">
      </trkpt>
      <trkpt lat="49.90049" lon="12.598231">
      </trkpt>
      <trkpt lat="49.897589" lon="12.599043">
      </trkpt>
      <trkpt lat="49.893319" lon="12.592448">
      </trkpt>
      <trkpt lat="49.893505" lon="12.591976">
      </trkpt>
      <trkpt lat="49.894521" lon="12.589681">
      </trkpt>
      <trkpt lat="49.895357" lon="12.588839">
      </trkpt>
      <trkpt lat="49.895697" lon="12.588371">
      </trkpt>
      <trkpt lat="49.896" lon="12.587801">
      </trkpt>
      <trkpt lat="49.896136" lon="12.587358">
      </trkpt>
      <trkpt lat="49.896573" lon="12.585149">
      </trkpt>
      <trkpt lat="49.896666" lon="12.584506">
      </trkpt>
      <trkpt lat="49.896899" lon="12.583219">
      </trkpt>
      <trkpt lat="49.897343" lon="12.581167">
      </trkpt>
      <trkpt lat="49.897792" lon="12.579092">
      </trkpt>
      <trkpt lat="49.898241" lon="12.576875">
      </trkpt>
      <trkpt lat="49.898324" lon="12.576503">
      </trkpt>
      <trkpt lat="49.899072" lon="12.574164">
      </trkpt>
      <trkpt lat="49.899184" lon="12.573732">
      </trkpt>
      <trkpt lat="49.899282" lon="12.573143">
      </trkpt>
      <trkpt lat="49.899316" lon="12.572515">
      </trkpt>
      <trkpt lat="49.899271" lon="12.571966">
      </trkpt>
      <trkpt lat="49.899115" lon="12.571226">
      </trkpt>
      <trkpt lat="49.898988" lon="12.570844">
      </trkpt>
      <trkpt lat="49.898055" lon="12.568393">
      </trkpt>
      <trkpt lat="49.897146" lon="12.56601">
      </trkpt>
      <trkpt lat="49.900487" lon="12.558976">
      </trkpt>
      <trkpt lat="49.901992" lon="12.556063">
      </trkpt>
      <trkpt lat="49.902203" lon="12.552469">
      </trkpt>
      <trkpt lat="49.900953" lon="12.549015">
      </trkpt>
      <trkpt lat="49.89758" lon="12.547758">
      </trkpt>
      <trkpt lat="49.8974" lon="12.54824">
      </trkpt>
      <trkpt lat="49.894523" lon="12.5544">
      </trkpt>
      <trkpt lat="49.893351" lon="12.560823">
      </trkpt>
      <trkpt lat="49.893204" lon="12.561298">
      </trkpt>
      <trkpt lat="49.893103" lon="12.561729">
      </trkpt>
      <trkpt lat="49.893036" lon="12.562129">
      </trkpt>
      <trkpt lat="49.892993" lon="12.563125">
      </trkpt>
      <trkpt lat="49.893098" lon="12.564658">
      </trkpt>
      <trkpt lat="49.893174" lon="12.565216">
      </trkpt>
      <trkpt lat="49.893263" lon="12.565677">
      </trkpt>
      <trkpt lat="49.893352" lon="12.56601">
      </trkpt>
      <trkpt lat="49.893732" lon="12.567152">
      </trkpt>
      <trkpt lat="49.894739" lon="12.57604">
      </trkpt>
      <trkpt lat="49.894264" lon="12.578377">
      </trkpt>
      <trkpt lat="49.893825" lon="12.580405">
      </trkpt>
      <trkpt lat="49.89338" lon="12.582457">
      </trkpt>
      <trkpt lat="49.892015" lon="12.587097">
      </trkpt>
      <trkpt lat="49.890245" lon="12.59045">
      </trkpt>
      <trkpt lat="49.889882" lon="12.591301">
      </trkpt>
      <trkpt lat="49.888057" lon="12.596627">
      </trkpt>
      <trkpt lat="49.882781" lon="12.599102">
      </trkpt>
      <trkpt lat="49.879315" lon="12.600076">
      </trkpt>
      <trkpt lat="49.871193" lon="12.597641">
      </trkpt>
      <trkpt lat="49.869038" lon="12.594757">
      </trkpt>
      <trkpt lat="49.860596" lon="12.591971">
      </trkpt>
      <trkpt lat="49.858126" lon="12.583739">
      </trkpt>
      <trkpt lat="49.855631" lon="12.579792">
      </trkpt>
      <trkpt lat="49.854144" lon="12.576513">
      </trkpt>
      <trkpt lat="49.852198" lon="12.577396">
      </trkpt>
      <trkpt lat="49.844683" lon="12.574219">
      </trkpt>
      <trkpt lat="49.844006" lon="12.570967">
      </trkpt>
      <trkpt lat="49.839317" lon="12.566579">
      </trkpt>
      <trkpt lat="49.837039" lon="12.563791">
      </trkpt>
      <trkpt lat="49.830624" lon="12.558051">
      </trkpt>
      <trkpt lat="49.833388" lon="12.552">
      </trkpt>
      <trkpt lat="49.833359" lon="12.548724">
      </trkpt>
      <trkpt lat="49.833305" lon="12.54853">
      </trkpt>
      <trkpt lat="49.832989" lon="12.548228">
      </trkpt>
      <trkpt lat="49.830647" lon="12.545152">
      </trkpt>
      <trkpt lat="49.829702" lon="12.53734">
      </trkpt>
      <trkpt lat="49.831256" lon="12.533874">
      </trkpt>
      <trkpt lat="49.832718" lon="12.531638">
      </trkpt>
      <trkpt lat="49.830171" lon="12.523181">
      </trkpt>
      <trkpt lat="49.830466" lon="12.522583">
      </trkpt>
      <trkpt lat="49.83065" lon="12.522069">
      </trkpt>
      <trkpt lat="49.828925" lon="12.516547">
      </trkpt>
      <trkpt lat="49.827924" lon="12.513334">
      </trkpt>
      <trkpt lat="49.827384" lon="12.511303">
      </trkpt>
      <trkpt lat="49.820837" lon="12.507866">
      </trkpt>
      <trkpt lat="49.820333" lon="12.505653">
      </trkpt>
      <trkpt lat="49.817018" lon="12.504165">
      </trkpt>
      <trkpt lat="49.814519" lon="12.506756">
      </trkpt>
      <trkpt lat="49.816604" lon="12.508766">
      </trkpt>
      <trkpt lat="49.818324" lon="12.510443">
      </trkpt>
      <trkpt lat="49.820414" lon="12.513035">
      </trkpt>
      <trkpt lat="49.820398" lon="12.52137">
      </trkpt>
      <trkpt lat="49.819042" lon="12.522688">
      </trkpt>
      <trkpt lat="49.81862" lon="12.523362">
      </trkpt>
      <trkpt lat="49.811161" lon="12.527898">
      </trkpt>
      <trkpt lat="49.811123" lon="12.528285">
      </trkpt>
      <trkpt lat="49.811151" lon="12.529257">
      </trkpt>
      <trkpt lat="49.811452" lon="12.531747">
      </trkpt>
      <trkpt lat="49.811485" lon="12.534418">
      </trkpt>
      <trkpt lat="49.811448" lon="12.534871">
      </trkpt>
      <trkpt lat="49.811453" lon="12.535232">
      </trkpt>
      <trkpt lat="49.811363" lon="12.536768">
      </trkpt>
      <trkpt lat="49.811523" lon="12.537124">
      </trkpt>
      <trkpt lat="49.811711" lon="12.537469">
      </trkpt>
      <trkpt lat="49.812263" lon="12.543677">
      </trkpt>
      <trkpt lat="49.812025" lon="12.544565">
      </trkpt>
      <trkpt lat="49.811701" lon="12.545398">
      </trkpt>
      <trkpt lat="49.811459" lon="12.546398">
      </trkpt>
      <trkpt lat="49.811101" lon="12.549745">
      </trkpt>
      <trkpt lat="49.808543" lon="12.553077">
      </trkpt>
      <trkpt lat="49.800554" lon="12.551444">
      </trkpt>
      <trkpt lat="49.800455" lon="12.548393">
      </trkpt>
      <trkpt lat="49.800432" lon="12.547852">
      </trkpt>
      <trkpt lat="49.800248" lon="12.547205">
      </trkpt>
      <trkpt lat="49.800148" lon="12.54695">
      </trkpt>
      <trkpt lat="49.798655" lon="12.546391">
      </trkpt>
      <trkpt lat="49.79387" lon="12.543105">
      </trkpt>
      <trkpt lat="49.793454" lon="12.542635">
      </trkpt>
      <trkpt lat="49.792459" lon="12.541669">
      </trkpt>
      <trkpt lat="49.79141" lon="12.541009">
      </trkpt>
      <trkpt lat="49.789113" lon="12.540446">
      </trkpt>
      <trkpt lat="49.789004" lon="12.540461">
      </trkpt>
      <trkpt lat="49.787879" lon="12.543276">
      </trkpt>
      <trkpt lat="49.787993" lon="12.543407">
      </trkpt>
      <trkpt lat="49.792268" lon="12.547986">
      </trkpt>
      <trkpt lat="49.792452" lon="12.548483">
      </trkpt>
      <trkpt lat="49.795515" lon="12.551715">
      </trkpt>
      <trkpt lat="49.795535" lon="12.551779">
      </trkpt>
      <trkpt lat="49.795658" lon="12.55202">
      </trkpt>
      <trkpt lat="49.795556" lon="12.556513">
      </trkpt>
      <trkpt lat="49.788321" lon="12.557507">
      </trkpt>
      <trkpt lat="49.784862" lon="12.55651">
      </trkpt>
      <trkpt lat="49.784781" lon="12.556893">
      </trkpt>
      <trkpt lat="49.784739" lon="12.55734">
      </trkpt>
      <trkpt lat="49.784899" lon="12.558657">
      </trkpt>
      <trkpt lat="49.778614" lon="12.564426">
      </trkpt>
      <trkpt lat="49.772988" lon="12.560501">
      </trkpt>
      <trkpt lat="49.772856" lon="12.560156">
      </trkpt>
      <trkpt lat="49.772393" lon="12.559466">
      </trkpt>
      <trkpt lat="49.771488" lon="12.558932">
      </trkpt>
      <trkpt lat="49.768731" lon="12.556743">
      </trkpt>
      <trkpt lat="49.768055" lon="12.556303">
      </trkpt>
      <trkpt lat="49.767667" lon="12.556179">
      </trkpt>
      <trkpt lat="49.766118" lon="12.555855">
      </trkpt>
      <trkpt lat="49.765713" lon="12.55582">
      </trkpt>
      <trkpt lat="49.764931" lon="12.555914">
      </trkpt>
      <trkpt lat="49.758253" lon="12.550296">
      </trkpt>
      <trkpt lat="49.758144" lon="12.549829">
      </trkpt>
      <trkpt lat="49.757989" lon="12.54941">
      </trkpt>
      <trkpt lat="49.756914" lon="12.545968">
      </trkpt>
      <trkpt lat="49.756803" lon="12.545357">
      </trkpt>
      <trkpt lat="49.758053" lon="12.537916">
      </trkpt>
      <trkpt lat="49.763358" lon="12.533988">
      </trkpt>
      <trkpt lat="49.763259" lon="12.532997">
      </trkpt>
      <trkpt lat="49.763192" lon="12.532462">
      </trkpt>
      <trkpt lat="49.763003" lon="12.531787">
      </trkpt>
      <trkpt lat="49.761597" lon="12.527524">
      </trkpt>
      <trkpt lat="49.758003" lon="12.527747">
      </trkpt>
      <trkpt lat="49.752372" lon="12.526299">
      </trkpt>
      <trkpt lat="49.745762" lon="12.523119">
      </trkpt>
      <trkpt lat="49.737629" lon="12.521042">
      </trkpt>
      <trkpt lat="49.736923" lon="12.520365">
      </trkpt>
      <trkpt lat="49.736187" lon="12.519924">
      </trkpt>
      <trkpt lat="49.73501" lon="12.519752">
      </trkpt>
      <trkpt lat="49.728997" lon="12.518963">
      </trkpt>
      <trkpt lat="49.727772" lon="12.518673">
      </trkpt>
      <trkpt lat="49.726334" lon="12.518879">
      </trkpt>
      <trkpt lat="49.723391" lon="12.510603">
      </trkpt>
      <trkpt lat="49.723602" lon="12.510241">
      </trkpt>
      <trkpt lat="49.723839" lon="12.509693">
      </trkpt>
      <trkpt lat="49.723965" lon="12.509247">
      </trkpt>
      <trkpt lat="49.729618" lon="12.503527">
      </trkpt>
      <trkpt lat="49.729172" lon="12.499954">
      </trkpt>
      <trkpt lat="49.727357" lon="12.499708">
      </trkpt>
      <trkpt lat="49.726597" lon="12.499566">
      </trkpt>
      <trkpt lat="49.726007" lon="12.499615">
      </trkpt>
      <trkpt lat="49.717702" lon="12.498448">
      </trkpt>
      <trkpt lat="49.714076" lon="12.500938">
      </trkpt>
      <trkpt lat="49.714501" lon="12.501706">
      </trkpt>
      <trkpt lat="49.710704" lon="12.509508">
      </trkpt>
      <trkpt lat="49.710145" lon="12.509704">
      </trkpt>
      <trkpt lat="49.709649" lon="12.509964">
      </trkpt>
      <trkpt lat="49.709237" lon="12.510256">
      </trkpt>
      <trkpt lat="49.708779" lon="12.510719">
      </trkpt>
      <trkpt lat="49.708368" lon="12.511271">
      </trkpt>
      <trkpt lat="49.700078" lon="12.507775">
      </trkpt>
      <trkpt lat="49.699962" lon="12.504937">
      </trkpt>
      <trkpt lat="49.700073" lon="12.504417">
      </trkpt>
      <trkpt lat="49.700132" lon="12.503945">
      </trkpt>
      <trkpt lat="49.700178" lon="12.503397">
      </trkpt>
      <trkpt lat="49.700222" lon="12.502414">
      </trkpt>
      <trkpt lat="49.700494" lon="12.500471">
      </trkpt>
      <trkpt lat="49.701291" lon="12.498472">
      </trkpt>
      <trkpt lat="49.701375" lon="12.498041">
      </trkpt>
      <trkpt lat="49.701411" lon="12.497626">
      </trkpt>
      <trkpt lat="49.701442" lon="12.49632">
      </trkpt>
      <trkpt lat="49.701679" lon="12.494674">
      </trkpt>
      <trkpt lat="49.701705" lon="12.494132">
      </trkpt>
      <trkpt lat="49.701688" lon="12.492696">
      </trkpt>
      <trkpt lat="49.701726" lon="12.491754">
      </trkpt>
      <trkpt lat="49.704144" lon="12.484685">
      </trkpt>
      <trkpt lat="49.704521" lon="12.484173">
      </trkpt>
      <trkpt lat="49.704827" lon="12.483602">
      </trkpt>
      <trkpt lat="49.710507" lon="12.47784">
      </trkpt>
      <trkpt lat="49.711888" lon="12.474515">
      </trkpt>
      <trkpt lat="49.706718" lon="12.467816">
      </trkpt>
      <trkpt lat="49.703121" lon="12.467663">
      </trkpt>
      <trkpt lat="49.703083" lon="12.468554">
      </trkpt>
      <trkpt lat="49.703079" lon="12.46895">
      </trkpt>
      <trkpt lat="49.702781" lon="12.470974">
      </trkpt>
      <trkpt lat="49.702622" lon="12.471679">
      </trkpt>
      <trkpt lat="49.702537" lon="12.472599">
      </trkpt>
      <trkpt lat="49.702539" lon="12.473139">
      </trkpt>
      <trkpt lat="49.702595" lon="12.473632">
      </trkpt>
      <trkpt lat="49.694266" lon="12.476483">
      </trkpt>
      <trkpt lat="49.693738" lon="12.475446">
      </trkpt>
      <trkpt lat="49.693386" lon="12.474912">
      </trkpt>
      <trkpt lat="49.693001" lon="12.474477">
      </trkpt>
      <trkpt lat="49.692599" lon="12.466921">
      </trkpt>
      <trkpt lat="49.69314" lon="12.465205">
      </trkpt>
      <trkpt lat="49.693738" lon="12.46107">
      </trkpt>
      <trkpt lat="49.699004" lon="12.456492">
      </trkpt>
      <trkpt lat="49.70025" lon="12.456407">
      </trkpt>
      <trkpt lat="49.700701" lon="12.455037">
      </trkpt>
      <trkpt lat="49.700823" lon="12.454562">
      </trkpt>
      <trkpt lat="49.70113" lon="12.452824">
      </trkpt>
      <trkpt lat="49.702113" lon="12.444692">
      </trkpt>
      <trkpt lat="49.704709" lon="12.443126">
      </trkpt>
      <trkpt lat="49.706921" lon="12.44119">
      </trkpt>
      <trkpt lat="49.704911" lon="12.435239">
      </trkpt>
      <trkpt lat="49.704688" lon="12.426721">
      </trkpt>
      <trkpt lat="49.705273" lon="12.423846">
      </trkpt>
      <trkpt lat="49.705314" lon="12.423552">
      </trkpt>
      <trkpt lat="49.702378" lon="12.419837">
      </trkpt>
      <trkpt lat="49.699339" lon="12.417907">
      </trkpt>
      <trkpt lat="49.693908" lon="12.414339">
      </trkpt>
      <trkpt lat="49.692378" lon="12.411957">
      </trkpt>
      <trkpt lat="49.691838" lon="12.408391">
      </trkpt>
      <trkpt lat="49.697129" lon="12.403065">
      </trkpt>
      <trkpt lat="49.701267" lon="12.402324">
      </trkpt>
      <trkpt lat="49.706471" lon="12.399721">
      </trkpt>
      <trkpt lat="49.707432" lon="12.399113">
      </trkpt>
      <trkpt lat="49.707226" lon="12.397923">
      </trkpt>
      <trkpt lat="49.707153" lon="12.397572">
      </trkpt>
      <trkpt lat="49.706575" lon="12.392327">
      </trkpt>
      <trkpt lat="49.705947" lon="12.387319">
      </trkpt>
      <trkpt lat="49.709094" lon="12.381827">
      </trkpt>
      <trkpt lat="49.711826" lon="12.376742">
      </trkpt>
      <trkpt lat="49.712047" lon="12.376388">
      </trkpt>
      <trkpt lat="49.712331" lon="12.375841">
      </trkpt>
      <trkpt lat="49.712848" lon="12.374557">
      </trkpt>
      <trkpt lat="49.713016" lon="12.373608">
      </trkpt>
      <trkpt lat="49.709592" lon="12.372495">
      </trkpt>
      <trkpt lat="49.707542" lon="12.375131">
      </trkpt>
      <trkpt lat="49.706582" lon="12.376668">
      </trkpt>
      <trkpt lat="49.698224" lon="12.37336">
      </trkpt>
      <trkpt lat="49.698149" lon="12.372659">
      </trkpt>
      <trkpt lat="49.698038" lon="12.371996">
      </trkpt>
      <trkpt lat="49.697855" lon="12.371523">
      </trkpt>
      <trkpt lat="49.697487" lon="12.370808">
      </trkpt>
      <trkpt lat="49.696904" lon="12.36505">
      </trkpt>
      <trkpt lat="49.697102" lon="12.364372">
      </trkpt>
      <trkpt lat="49.697202" lon="12.363851">
      </trkpt>
      <trkpt lat="49.697241" lon="12.363433">
      </trkpt>
      <trkpt lat="49.693076" lon="12.35648">
      </trkpt>
      <trkpt lat="49.689455" lon="12.353766">
      </trkpt>
      <trkpt lat="49.689136" lon="12.353374">
      </trkpt>
      <trkpt lat="49.688694" lon="12.353001">
      </trkpt>
      <trkpt lat="49.686868" lon="12.344721">
      </trkpt>
      <trkpt lat="49.687952" lon="12.343561">
      </trkpt>
      <trkpt lat="49.6877" lon="12.343156">
      </trkpt>
      <trkpt lat="49.68457" lon="12.337972">
      </trkpt>
      <trkpt lat="49.679423" lon="12.331281">
      </trkpt>
      <trkpt lat="49.6786" lon="12.323178">
      </trkpt>
      <trkpt lat="49.680803" lon="12.320331">
      </trkpt>
      <trkpt lat="49.680167" lon="12.313586">
      </trkpt>
      <trkpt lat="49.677582" lon="12.309893">
      </trkpt>
      <trkpt lat="49.673822" lon="12.304054">
      </trkpt>
      <trkpt lat="49.673648" lon="12.303506">
      </trkpt>
      <trkpt lat="49.673215" lon="12.29814">
      </trkpt>
      <trkpt lat="49.67341" lon="12.294462">
      </trkpt>
      <trkpt lat="49.673396" lon="12.29432">
      </trkpt>
      <trkpt lat="49.677122" lon="12.287622">
      </trkpt>
      <trkpt lat="49.681648" lon="12.2877">
      </trkpt>
      <trkpt lat="49.685184" lon="12.287025">
      </trkpt>
      <trkpt lat="49.685428" lon="12.285106">
      </trkpt>
      <trkpt lat="49.685675" lon="12.283058">
      </trkpt>
      <trkpt lat="49.685413" lon="12.282756">
      </trkpt>
      <trkpt lat="49.682313" lon="12.279764">
      </trkpt>
      <trkpt lat="49.676793" lon="12.27857">
      </trkpt>
      <trkpt lat="49.673913" lon="12.276157">
      </trkpt>
      <trkpt lat="49.668984" lon="12.271578">
      </trkpt>
      <trkpt lat="49.670294" lon="12.267431">
      </trkpt>
      <trkpt lat="49.670452" lon="12.266806">
      </trkpt>
      <trkpt lat="49.677125" lon="12.261313">
      </trkpt>
      <trkpt lat="49.680063" lon="12.259232">
      </trkpt>
      <trkpt lat="49.679934" lon="12.259051">
      </trkpt>
      <trkpt lat="49.678353" lon="12.256589">
      </trkpt>
      <trkpt lat="49.678873" lon="12.247622">
      </trkpt>
      <trkpt lat="49.679037" lon="12.247427">
      </trkpt>
      <trkpt lat="49.676282" lon="12.24511">
      </trkpt>
    </trkseg>
  </trk>
</gpx>