<?xml version="1.0" encoding="UTF-8"?>
<gpx xmlns="http://www.topografix.com/GPX/1/1" xmlns:xsi="http://www.w3.org/2001/XMLSchema-instance" xsi:schemaLocation="http://www.topografix.com/GPX/1/1 http://www.topografix.com/GPX/1/1/gpx.xsd" version="1.1" creator="gpx.py -- https://github.com/tkrajina/gpxpy">
  <trk>
    <trkseg>
      <trkpt lat="49.821564" lon="16.402213">
      </trkpt>
      <trkpt lat="49.818978" lon="16.406593">
      </trkpt>
      <trkpt lat="49.81778" lon="16.408606">
      </trkpt>
      <trkpt lat="49.817272" lon="16.409525">
      </trkpt>
      <trkpt lat="49.816723" lon="16.410582">
      </trkpt>
      <trkpt lat="49.815987" lon="16.412134">
      </trkpt>
      <trkpt lat="49.815292" lon="16.413761">
      </trkpt>
      <trkpt lat="49.814676" lon="16.415375">
      </trkpt>
      <trkpt lat="49.81429" lon="16.41649">
      </trkpt>
      <trkpt lat="49.813867" lon="16.41782">
      </trkpt>
      <trkpt lat="49.813511" lon="16.419051">
      </trkpt>
      <trkpt lat="49.813072" lon="16.420699">
      </trkpt>
      <trkpt lat="49.812575" lon="16.42271">
      </trkpt>
      <trkpt lat="49.812086" lon="16.424691">
      </trkpt>
      <trkpt lat="49.81157" lon="16.42672">
      </trkpt>
      <trkpt lat="49.810013" lon="16.431717">
      </trkpt>
      <trkpt lat="49.809218" lon="16.433797">
      </trkpt>
      <trkpt lat="49.808409" lon="16.435912">
      </trkpt>
      <trkpt lat="49.807968" lon="16.437114">
      </trkpt>
      <trkpt lat="49.807322" lon="16.439022">
      </trkpt>
      <trkpt lat="49.806782" lon="16.440868">
      </trkpt>
      <trkpt lat="49.806306" lon="16.44271">
      </trkpt>
      <trkpt lat="49.805507" lon="16.446059">
      </trkpt>
      <trkpt lat="49.805267" lon="16.446994">
      </trkpt>
      <trkpt lat="49.80497" lon="16.448013">
      </trkpt>
      <trkpt lat="49.804586" lon="16.449143">
      </trkpt>
      <trkpt lat="49.804336" lon="16.449786">
      </trkpt>
      <trkpt lat="49.804035" lon="16.45049">
      </trkpt>
      <trkpt lat="49.803496" lon="16.451602">
      </trkpt>
      <trkpt lat="49.803037" lon="16.452425">
      </trkpt>
      <trkpt lat="49.79713" lon="16.457996">
      </trkpt>
      <trkpt lat="49.796274" lon="16.458585">
      </trkpt>
      <trkpt lat="49.795835" lon="16.458935">
      </trkpt>
      <trkpt lat="49.795308" lon="16.459414">
      </trkpt>
      <trkpt lat="49.794566" lon="16.460193">
      </trkpt>
      <trkpt lat="49.794018" lon="16.460862">
      </trkpt>
      <trkpt lat="49.793535" lon="16.46153">
      </trkpt>
      <trkpt lat="49.792865" lon="16.46261">
      </trkpt>
      <trkpt lat="49.792256" lon="16.46379">
      </trkpt>
      <trkpt lat="49.791727" lon="16.465038">
      </trkpt>
      <trkpt lat="49.791279" lon="16.466346">
      </trkpt>
      <trkpt lat="49.790913" lon="16.467704">
      </trkpt>
      <trkpt lat="49.790631" lon="16.469101">
      </trkpt>
      <trkpt lat="49.790489" lon="16.470067">
      </trkpt>
      <trkpt lat="49.790387" lon="16.471025">
      </trkpt>
      <trkpt lat="49.789542" lon="16.473693">
      </trkpt>
      <trkpt lat="49.781197" lon="16.476105">
      </trkpt>
      <trkpt lat="49.777363" lon="16.473908">
      </trkpt>
      <trkpt lat="49.775718" lon="16.471339">
      </trkpt>
      <trkpt lat="49.772295" lon="16.470226">
      </trkpt>
      <trkpt lat="49.769451" lon="16.469087">
      </trkpt>
      <trkpt lat="49.768947" lon="16.469103">
      </trkpt>
      <trkpt lat="49.768941" lon="16.469103">
      </trkpt>
      <trkpt lat="49.768663" lon="16.469111">
      </trkpt>
      <trkpt lat="49.766309" lon="16.469227">
      </trkpt>
      <trkpt lat="49.7585" lon="16.465503">
      </trkpt>
      <trkpt lat="49.758445" lon="16.464283">
      </trkpt>
      <trkpt lat="49.75844" lon="16.464275">
      </trkpt>
      <trkpt lat="49.756236" lon="16.46369">
      </trkpt>
      <trkpt lat="49.755368" lon="16.463728">
      </trkpt>
      <trkpt lat="49.753751" lon="16.464022">
      </trkpt>
      <trkpt lat="49.752808" lon="16.464283">
      </trkpt>
      <trkpt lat="49.752499" lon="16.464892">
      </trkpt>
      <trkpt lat="49.748667" lon="16.470679">
      </trkpt>
      <trkpt lat="49.740338" lon="16.467319">
      </trkpt>
      <trkpt lat="49.739858" lon="16.464177">
      </trkpt>
      <trkpt lat="49.739636" lon="16.462489">
      </trkpt>
      <trkpt lat="49.736067" lon="16.462958">
      </trkpt>
      <trkpt lat="49.736289" lon="16.464646">
      </trkpt>
      <trkpt lat="49.73678" lon="16.467862">
      </trkpt>
      <trkpt lat="49.737097" lon="16.469501">
      </trkpt>
      <trkpt lat="49.732479" lon="16.475909">
      </trkpt>
      <trkpt lat="49.729029" lon="16.476939">
      </trkpt>
      <trkpt lat="49.724401" lon="16.479774">
      </trkpt>
      <trkpt lat="49.71876" lon="16.479644">
      </trkpt>
      <trkpt lat="49.711824" lon="16.476302">
      </trkpt>
      <trkpt lat="49.711135" lon="16.475728">
      </trkpt>
      <trkpt lat="49.710762" lon="16.475527">
      </trkpt>
      <trkpt lat="49.707238" lon="16.478443">
      </trkpt>
      <trkpt lat="49.704872" lon="16.481341">
      </trkpt>
      <trkpt lat="49.702598" lon="16.488705">
      </trkpt>
      <trkpt lat="49.69907" lon="16.488961">
      </trkpt>
      <trkpt lat="49.696659" lon="16.49109">
      </trkpt>
      <trkpt lat="49.695602" lon="16.49215">
      </trkpt>
      <trkpt lat="49.695209" lon="16.492866">
      </trkpt>
      <trkpt lat="49.695599" lon="16.493733">
      </trkpt>
      <trkpt lat="49.69699" lon="16.495995">
      </trkpt>
      <trkpt lat="49.698288" lon="16.495256">
      </trkpt>
      <trkpt lat="49.701953" lon="16.493759">
      </trkpt>
      <trkpt lat="49.709603" lon="16.498224">
      </trkpt>
      <trkpt lat="49.709777" lon="16.499777">
      </trkpt>
      <trkpt lat="49.709895" lon="16.500764">
      </trkpt>
      <trkpt lat="49.710019" lon="16.501599">
      </trkpt>
      <trkpt lat="49.710006" lon="16.503548">
      </trkpt>
      <trkpt lat="49.713605" lon="16.503626">
      </trkpt>
      <trkpt lat="49.713643" lon="16.501871">
      </trkpt>
      <trkpt lat="49.713608" lon="16.50131">
      </trkpt>
      <trkpt lat="49.713457" lon="16.500248">
      </trkpt>
      <trkpt lat="49.713353" lon="16.499355">
      </trkpt>
      <trkpt lat="49.716445" lon="16.491423">
      </trkpt>
      <trkpt lat="49.716612" lon="16.491225">
      </trkpt>
      <trkpt lat="49.722171" lon="16.487335">
      </trkpt>
      <trkpt lat="49.728745" lon="16.491433">
      </trkpt>
      <trkpt lat="49.731526" lon="16.498554">
      </trkpt>
      <trkpt lat="49.736675" lon="16.502976">
      </trkpt>
      <trkpt lat="49.731837" lon="16.510411">
      </trkpt>
      <trkpt lat="49.728214" lon="16.510711">
      </trkpt>
      <trkpt lat="49.727517" lon="16.51084">
      </trkpt>
      <trkpt lat="49.72687" lon="16.511079">
      </trkpt>
      <trkpt lat="49.72624" lon="16.511517">
      </trkpt>
      <trkpt lat="49.724922" lon="16.512468">
      </trkpt>
      <trkpt lat="49.726522" lon="16.515692">
      </trkpt>
      <trkpt lat="49.729732" lon="16.523477">
      </trkpt>
      <trkpt lat="49.728944" lon="16.524524">
      </trkpt>
      <trkpt lat="49.727111" lon="16.525921">
      </trkpt>
      <trkpt lat="49.725138" lon="16.527155">
      </trkpt>
      <trkpt lat="49.723078" lon="16.528448">
      </trkpt>
      <trkpt lat="49.719681" lon="16.530566">
      </trkpt>
      <trkpt lat="49.717974" lon="16.536926">
      </trkpt>
      <trkpt lat="49.715541" lon="16.53958">
      </trkpt>
      <trkpt lat="49.716686" lon="16.541926">
      </trkpt>
      <trkpt lat="49.717039" lon="16.542633">
      </trkpt>
      <trkpt lat="49.717863" lon="16.549419">
      </trkpt>
      <trkpt lat="49.715061" lon="16.552239">
      </trkpt>
      <trkpt lat="49.714557" lon="16.552476">
      </trkpt>
      <trkpt lat="49.714168" lon="16.552732">
      </trkpt>
      <trkpt lat="49.71386" lon="16.55298">
      </trkpt>
      <trkpt lat="49.713296" lon="16.553506">
      </trkpt>
      <trkpt lat="49.712776" lon="16.554131">
      </trkpt>
      <trkpt lat="49.712496" lon="16.554626">
      </trkpt>
      <trkpt lat="49.71237" lon="16.554896">
      </trkpt>
      <trkpt lat="49.715634" lon="16.556415">
      </trkpt>
      <trkpt lat="49.714427" lon="16.563985">
      </trkpt>
      <trkpt lat="49.71083" lon="16.564126">
      </trkpt>
      <trkpt lat="49.708195" lon="16.567397">
      </trkpt>
      <trkpt lat="49.707564" lon="16.567899">
      </trkpt>
      <trkpt lat="49.707037" lon="16.568532">
      </trkpt>
      <trkpt lat="49.706753" lon="16.568991">
      </trkpt>
      <trkpt lat="49.705523" lon="16.572286">
      </trkpt>
      <trkpt lat="49.705051" lon="16.573734">
      </trkpt>
      <trkpt lat="49.704393" lon="16.575271">
      </trkpt>
      <trkpt lat="49.703433" lon="16.576658">
      </trkpt>
      <trkpt lat="49.695331" lon="16.5759">
      </trkpt>
      <trkpt lat="49.694549" lon="16.574159">
      </trkpt>
      <trkpt lat="49.694155" lon="16.573447">
      </trkpt>
      <trkpt lat="49.693658" lon="16.572578">
      </trkpt>
      <trkpt lat="49.692191" lon="16.566607">
      </trkpt>
      <trkpt lat="49.692325" lon="16.56505">
      </trkpt>
      <trkpt lat="49.695354" lon="16.56009">
      </trkpt>
      <trkpt lat="49.695294" lon="16.55929">
      </trkpt>
      <trkpt lat="49.695256" lon="16.559191">
      </trkpt>
      <trkpt lat="49.694582" lon="16.558211">
      </trkpt>
      <trkpt lat="49.690387" lon="16.553294">
      </trkpt>
      <trkpt lat="49.690324" lon="16.553214">
      </trkpt>
      <trkpt lat="49.689203" lon="16.552458">
      </trkpt>
      <trkpt lat="49.688193" lon="16.552659">
      </trkpt>
      <trkpt lat="49.687078" lon="16.555065">
      </trkpt>
      <trkpt lat="49.68694" lon="16.555925">
      </trkpt>
      <trkpt lat="49.686923" lon="16.556583">
      </trkpt>
      <trkpt lat="49.686991" lon="16.557073">
      </trkpt>
      <trkpt lat="49.687299" lon="16.557859">
      </trkpt>
      <trkpt lat="49.688351" lon="16.562334">
      </trkpt>
      <trkpt lat="49.687117" lon="16.570375">
      </trkpt>
      <trkpt lat="49.684863" lon="16.574497">
      </trkpt>
      <trkpt lat="49.683095" lon="16.576594">
      </trkpt>
      <trkpt lat="49.681294" lon="16.57821">
      </trkpt>
      <trkpt lat="49.680605" lon="16.578823">
      </trkpt>
      <trkpt lat="49.68006" lon="16.582406">
      </trkpt>
      <trkpt lat="49.671742" lon="16.584204">
      </trkpt>
      <trkpt lat="49.670618" lon="16.583589">
      </trkpt>
      <trkpt lat="49.663341" lon="16.581712">
      </trkpt>
      <trkpt lat="49.659473" lon="16.578052">
      </trkpt>
      <trkpt lat="49.659401" lon="16.577956">
      </trkpt>
      <trkpt lat="49.658308" lon="16.577296">
      </trkpt>
      <trkpt lat="49.658208" lon="16.577276">
      </trkpt>
      <trkpt lat="49.656542" lon="16.577833">
      </trkpt>
      <trkpt lat="49.655655" lon="16.579211">
      </trkpt>
      <trkpt lat="49.655434" lon="16.579807">
      </trkpt>
      <trkpt lat="49.655404" lon="16.580581">
      </trkpt>
      <trkpt lat="49.655621" lon="16.58127">
      </trkpt>
      <trkpt lat="49.655816" lon="16.581702">
      </trkpt>
      <trkpt lat="49.656186" lon="16.581958">
      </trkpt>
      <trkpt lat="49.656506" lon="16.582115">
      </trkpt>
      <trkpt lat="49.656895" lon="16.582311">
      </trkpt>
      <trkpt lat="49.659172" lon="16.583661">
      </trkpt>
      <trkpt lat="49.65968" lon="16.584037">
      </trkpt>
      <trkpt lat="49.660103" lon="16.584255">
      </trkpt>
      <trkpt lat="49.663305" lon="16.586675">
      </trkpt>
      <trkpt lat="49.664954" lon="16.588031">
      </trkpt>
      <trkpt lat="49.665687" lon="16.588353">
      </trkpt>
      <trkpt lat="49.6683" lon="16.596185">
      </trkpt>
      <trkpt lat="49.665632" lon="16.598713">
      </trkpt>
      <trkpt lat="49.66536" lon="16.599013">
      </trkpt>
      <trkpt lat="49.664935" lon="16.599618">
      </trkpt>
      <trkpt lat="49.664509" lon="16.600227">
      </trkpt>
      <trkpt lat="49.663497" lon="16.603682">
      </trkpt>
      <trkpt lat="49.662282" lon="16.608603">
      </trkpt>
      <trkpt lat="49.654002" lon="16.60948">
      </trkpt>
      <trkpt lat="49.653099" lon="16.608627">
      </trkpt>
      <trkpt lat="49.650069" lon="16.607114">
      </trkpt>
      <trkpt lat="49.648163" lon="16.60596">
      </trkpt>
      <trkpt lat="49.647955" lon="16.605984">
      </trkpt>
      <trkpt lat="49.647688" lon="16.606114">
      </trkpt>
      <trkpt lat="49.646443" lon="16.607105">
      </trkpt>
      <trkpt lat="49.638479" lon="16.608994">
      </trkpt>
      <trkpt lat="49.637096" lon="16.607408">
      </trkpt>
      <trkpt lat="49.636229" lon="16.606816">
      </trkpt>
      <trkpt lat="49.629643" lon="16.604811">
      </trkpt>
      <trkpt lat="49.629396" lon="16.605092">
      </trkpt>
      <trkpt lat="49.627971" lon="16.606771">
      </trkpt>
      <trkpt lat="49.627403" lon="16.607888">
      </trkpt>
      <trkpt lat="49.627522" lon="16.608707">
      </trkpt>
      <trkpt lat="49.627619" lon="16.608955">
      </trkpt>
      <trkpt lat="49.62795" lon="16.609318">
      </trkpt>
      <trkpt lat="49.630296" lon="16.610031">
      </trkpt>
      <trkpt lat="49.633452" lon="16.611201">
      </trkpt>
      <trkpt lat="49.63793" lon="16.614675">
      </trkpt>
      <trkpt lat="49.638786" lon="16.621271">
      </trkpt>
      <trkpt lat="49.638627" lon="16.621853">
      </trkpt>
      <trkpt lat="49.63853" lon="16.622254">
      </trkpt>
      <trkpt lat="49.638813" lon="16.623452">
      </trkpt>
      <trkpt lat="49.639015" lon="16.624353">
      </trkpt>
      <trkpt lat="49.639209" lon="16.625083">
      </trkpt>
      <trkpt lat="49.639423" lon="16.625637">
      </trkpt>
      <trkpt lat="49.639768" lon="16.632157">
      </trkpt>
      <trkpt lat="49.638595" lon="16.634681">
      </trkpt>
      <trkpt lat="49.638079" lon="16.640342">
      </trkpt>
      <trkpt lat="49.635136" lon="16.64344">
      </trkpt>
      <trkpt lat="49.632117" lon="16.646535">
      </trkpt>
      <trkpt lat="49.634296" lon="16.6494">
      </trkpt>
      <trkpt lat="49.637543" lon="16.648625">
      </trkpt>
      <trkpt lat="49.638106" lon="16.648435">
      </trkpt>
      <trkpt lat="49.639719" lon="16.647599">
      </trkpt>
      <trkpt lat="49.640152" lon="16.647332">
      </trkpt>
      <trkpt lat="49.641676" lon="16.645819">
      </trkpt>
      <trkpt lat="49.641715" lon="16.645683">
      </trkpt>
      <trkpt lat="49.641717" lon="16.645623">
      </trkpt>
      <trkpt lat="49.639969" lon="16.643262">
      </trkpt>
      <trkpt lat="49.644784" lon="16.636278">
      </trkpt>
      <trkpt lat="49.646047" lon="16.635481">
      </trkpt>
      <trkpt lat="49.646274" lon="16.635359">
      </trkpt>
      <trkpt lat="49.648718" lon="16.628054">
      </trkpt>
      <trkpt lat="49.655921" lon="16.628603">
      </trkpt>
      <trkpt lat="49.65775" lon="16.630999">
      </trkpt>
      <trkpt lat="49.661117" lon="16.634081">
      </trkpt>
      <trkpt lat="49.661849" lon="16.634778">
      </trkpt>
      <trkpt lat="49.662437" lon="16.635132">
      </trkpt>
      <trkpt lat="49.665827" lon="16.641937">
      </trkpt>
      <trkpt lat="49.664055" lon="16.645071">
      </trkpt>
      <trkpt lat="49.66352" lon="16.649996">
      </trkpt>
      <trkpt lat="49.663451" lon="16.65033">
      </trkpt>
      <trkpt lat="49.660149" lon="16.656532">
      </trkpt>
      <trkpt lat="49.659517" lon="16.657255">
      </trkpt>
      <trkpt lat="49.659243" lon="16.657823">
      </trkpt>
      <trkpt lat="49.657339" lon="16.661275">
      </trkpt>
      <trkpt lat="49.651479" lon="16.664216">
      </trkpt>
      <trkpt lat="49.648479" lon="16.666207">
      </trkpt>
      <trkpt lat="49.64854" lon="16.667073">
      </trkpt>
      <trkpt lat="49.648657" lon="16.667879">
      </trkpt>
      <trkpt lat="49.649394" lon="16.672743">
      </trkpt>
      <trkpt lat="49.649246" lon="16.673618">
      </trkpt>
      <trkpt lat="49.64918" lon="16.675288">
      </trkpt>
      <trkpt lat="49.643202" lon="16.680631">
      </trkpt>
      <trkpt lat="49.637594" lon="16.676954">
      </trkpt>
      <trkpt lat="49.637235" lon="16.676082">
      </trkpt>
      <trkpt lat="49.636767" lon="16.675433">
      </trkpt>
      <trkpt lat="49.636594" lon="16.675267">
      </trkpt>
      <trkpt lat="49.634096" lon="16.677859">
      </trkpt>
      <trkpt lat="49.630633" lon="16.680237">
      </trkpt>
      <trkpt lat="49.625598" lon="16.681993">
      </trkpt>
      <trkpt lat="49.622187" lon="16.683146">
      </trkpt>
      <trkpt lat="49.6163" lon="16.687678">
      </trkpt>
      <trkpt lat="49.614557" lon="16.688273">
      </trkpt>
      <trkpt lat="49.614898" lon="16.689828">
      </trkpt>
      <trkpt lat="49.615134" lon="16.690741">
      </trkpt>
      <trkpt lat="49.615333" lon="16.691379">
      </trkpt>
      <trkpt lat="49.616614" lon="16.697827">
      </trkpt>
      <trkpt lat="49.616982" lon="16.699512">
      </trkpt>
      <trkpt lat="49.617417" lon="16.701108">
      </trkpt>
      <trkpt lat="49.619504" lon="16.705669">
      </trkpt>
      <trkpt lat="49.620581" lon="16.707142">
      </trkpt>
      <trkpt lat="49.62133" lon="16.707775">
      </trkpt>
      <trkpt lat="49.625988" lon="16.712583">
      </trkpt>
      <trkpt lat="49.626537" lon="16.714876">
      </trkpt>
      <trkpt lat="49.630378" lon="16.72059">
      </trkpt>
      <trkpt lat="49.628623" lon="16.725593">
      </trkpt>
      <trkpt lat="49.628546" lon="16.72603">
      </trkpt>
      <trkpt lat="49.628482" lon="16.726613">
      </trkpt>
      <trkpt lat="49.628447" lon="16.727325">
      </trkpt>
      <trkpt lat="49.628429" lon="16.729309">
      </trkpt>
      <trkpt lat="49.62454" lon="16.734819">
      </trkpt>
      <trkpt lat="49.61878" lon="16.735758">
      </trkpt>
      <trkpt lat="49.616376" lon="16.729028">
      </trkpt>
      <trkpt lat="49.616804" lon="16.728065">
      </trkpt>
      <trkpt lat="49.616945" lon="16.727632">
      </trkpt>
      <trkpt lat="49.616499" lon="16.724745">
      </trkpt>
      <trkpt lat="49.615072" lon="16.72009">
      </trkpt>
      <trkpt lat="49.611474" lon="16.720219">
      </trkpt>
      <trkpt lat="49.611572" lon="16.722959">
      </trkpt>
      <trkpt lat="49.61167" lon="16.724683">
      </trkpt>
      <trkpt lat="49.611723" lon="16.730646">
      </trkpt>
      <trkpt lat="49.605661" lon="16.732941">
      </trkpt>
      <trkpt lat="49.604761" lon="16.732856">
      </trkpt>
      <trkpt lat="49.603635" lon="16.732914">
      </trkpt>
      <trkpt lat="49.601807" lon="16.732741">
      </trkpt>
      <trkpt lat="49.597454" lon="16.73166">
      </trkpt>
      <trkpt lat="49.593729" lon="16.733158">
      </trkpt>
      <trkpt lat="49.592356" lon="16.73366">
      </trkpt>
      <trkpt lat="49.592297" lon="16.734234">
      </trkpt>
      <trkpt lat="49.594311" lon="16.73668">
      </trkpt>
      <trkpt lat="49.597463" lon="16.738421">
      </trkpt>
      <trkpt lat="49.606169" lon="16.736929">
      </trkpt>
      <trkpt lat="49.609963" lon="16.738121">
      </trkpt>
      <trkpt lat="49.61058" lon="16.7383">
      </trkpt>
      <trkpt lat="49.613902" lon="16.73895">
      </trkpt>
      <trkpt lat="49.614349" lon="16.739094">
      </trkpt>
      <trkpt lat="49.614924" lon="16.739189">
      </trkpt>
      <trkpt lat="49.615689" lon="16.739295">
      </trkpt>
      <trkpt lat="49.618891" lon="16.740765">
      </trkpt>
      <trkpt lat="49.621272" lon="16.748242">
      </trkpt>
      <trkpt lat="49.61685" lon="16.753752">
      </trkpt>
      <trkpt lat="49.616676" lon="16.753867">
      </trkpt>
      <trkpt lat="49.613939" lon="16.756267">
      </trkpt>
      <trkpt lat="49.608999" lon="16.759479">
      </trkpt>
      <trkpt lat="49.604884" lon="16.759279">
      </trkpt>
      <trkpt lat="49.600923" lon="16.759274">
      </trkpt>
      <trkpt lat="49.596676" lon="16.759846">
      </trkpt>
      <trkpt lat="49.595947" lon="16.759773">
      </trkpt>
      <trkpt lat="49.594976" lon="16.759858">
      </trkpt>
      <trkpt lat="49.593585" lon="16.7599">
      </trkpt>
      <trkpt lat="49.592792" lon="16.759902">
      </trkpt>
      <trkpt lat="49.591366" lon="16.760221">
      </trkpt>
      <trkpt lat="49.58838" lon="16.761038">
      </trkpt>
      <trkpt lat="49.582259" lon="16.761568">
      </trkpt>
      <trkpt lat="49.581678" lon="16.761451">
      </trkpt>
      <trkpt lat="49.578614" lon="16.760602">
      </trkpt>
      <trkpt lat="49.576789" lon="16.759978">
      </trkpt>
      <trkpt lat="49.57513" lon="16.751178">
      </trkpt>
      <trkpt lat="49.575186" lon="16.748447">
      </trkpt>
      <trkpt lat="49.572483" lon="16.741287">
      </trkpt>
      <trkpt lat="49.569673" lon="16.739037">
      </trkpt>
      <trkpt lat="49.567475" lon="16.741198">
      </trkpt>
      <trkpt lat="49.566818" lon="16.741604">
      </trkpt>
      <trkpt lat="49.565335" lon="16.742592">
      </trkpt>
      <trkpt lat="49.564136" lon="16.743485">
      </trkpt>
      <trkpt lat="49.563511" lon="16.744092">
      </trkpt>
      <trkpt lat="49.556854" lon="16.746037">
      </trkpt>
      <trkpt lat="49.554294" lon="16.740924">
      </trkpt>
      <trkpt lat="49.554395" lon="16.74028">
      </trkpt>
      <trkpt lat="49.554404" lon="16.73945">
      </trkpt>
      <trkpt lat="49.554537" lon="16.738351">
      </trkpt>
      <trkpt lat="49.554506" lon="16.737297">
      </trkpt>
      <trkpt lat="49.554436" lon="16.736364">
      </trkpt>
      <trkpt lat="49.554332" lon="16.735957">
      </trkpt>
      <trkpt lat="49.554023" lon="16.733826">
      </trkpt>
      <trkpt lat="49.553861" lon="16.733197">
      </trkpt>
      <trkpt lat="49.553129" lon="16.732041">
      </trkpt>
      <trkpt lat="49.552321" lon="16.730989">
      </trkpt>
      <trkpt lat="49.550093" lon="16.730951">
      </trkpt>
      <trkpt lat="49.546888" lon="16.732591">
      </trkpt>
      <trkpt lat="49.545316" lon="16.733349">
      </trkpt>
      <trkpt lat="49.545891" lon="16.736903">
      </trkpt>
      <trkpt lat="49.547833" lon="16.744056">
      </trkpt>
      <trkpt lat="49.546986" lon="16.746292">
      </trkpt>
      <trkpt lat="49.543958" lon="16.748895">
      </trkpt>
      <trkpt lat="49.536255" lon="16.744347">
      </trkpt>
      <trkpt lat="49.536424" lon="16.743105">
      </trkpt>
      <trkpt lat="49.536475" lon="16.742615">
      </trkpt>
      <trkpt lat="49.536483" lon="16.742131">
      </trkpt>
      <trkpt lat="49.53645" lon="16.741711">
      </trkpt>
      <trkpt lat="49.536281" lon="16.740346">
      </trkpt>
      <trkpt lat="49.532708" lon="16.740787">
      </trkpt>
      <trkpt lat="49.529456" lon="16.746743">
      </trkpt>
      <trkpt lat="49.529042" lon="16.747762">
      </trkpt>
      <trkpt lat="49.528261" lon="16.749823">
      </trkpt>
      <trkpt lat="49.526085" lon="16.755771">
      </trkpt>
      <trkpt lat="49.526119" lon="16.756384">
      </trkpt>
      <trkpt lat="49.526414" lon="16.757283">
      </trkpt>
      <trkpt lat="49.523013" lon="16.76468">
      </trkpt>
      <trkpt lat="49.516722" lon="16.763666">
      </trkpt>
      <trkpt lat="49.513718" lon="16.757436">
      </trkpt>
      <trkpt lat="49.51368" lon="16.757232">
      </trkpt>
      <trkpt lat="49.51326" lon="16.755566">
      </trkpt>
      <trkpt lat="49.512865" lon="16.751573">
      </trkpt>
      <trkpt lat="49.512894" lon="16.750704">
      </trkpt>
      <trkpt lat="49.516115" lon="16.745222">
      </trkpt>
      <trkpt lat="49.518847" lon="16.74306">
      </trkpt>
      <trkpt lat="49.518644" lon="16.742756">
      </trkpt>
      <trkpt lat="49.517355" lon="16.734138">
      </trkpt>
      <trkpt lat="49.515124" lon="16.73134">
      </trkpt>
      <trkpt lat="49.513682" lon="16.729353">
      </trkpt>
      <trkpt lat="49.512439" lon="16.727177">
      </trkpt>
      <trkpt lat="49.50937" lon="16.725294">
      </trkpt>
      <trkpt lat="49.501971" lon="16.720697">
      </trkpt>
      <trkpt lat="49.501617" lon="16.719887">
      </trkpt>
      <trkpt lat="49.50106" lon="16.718524">
      </trkpt>
      <trkpt lat="49.500798" lon="16.717789">
      </trkpt>
      <trkpt lat="49.500196" lon="16.715759">
      </trkpt>
      <trkpt lat="49.496659" lon="16.716425">
      </trkpt>
      <trkpt lat="49.496738" lon="16.716847">
      </trkpt>
      <trkpt lat="49.497191" lon="16.718434">
      </trkpt>
      <trkpt lat="49.497448" lon="16.719106">
      </trkpt>
      <trkpt lat="49.497666" lon="16.719726">
      </trkpt>
      <trkpt lat="49.497899" lon="16.720542">
      </trkpt>
      <trkpt lat="49.498501" lon="16.72169">
      </trkpt>
      <trkpt lat="49.498649" lon="16.722083">
      </trkpt>
      <trkpt lat="49.499281" lon="16.72326">
      </trkpt>
      <trkpt lat="49.500111" lon="16.724961">
      </trkpt>
      <trkpt lat="49.500519" lon="16.725583">
      </trkpt>
      <trkpt lat="49.501637" lon="16.727381">
      </trkpt>
      <trkpt lat="49.501785" lon="16.727738">
      </trkpt>
      <trkpt lat="49.502485" lon="16.728844">
      </trkpt>
      <trkpt lat="49.503931" lon="16.732393">
      </trkpt>
      <trkpt lat="49.50399" lon="16.734382">
      </trkpt>
      <trkpt lat="49.503926" lon="16.735482">
      </trkpt>
      <trkpt lat="49.504128" lon="16.73585">
      </trkpt>
      <trkpt lat="49.505524" lon="16.740766">
      </trkpt>
      <trkpt lat="49.504787" lon="16.744289">
      </trkpt>
      <trkpt lat="49.497433" lon="16.747186">
      </trkpt>
      <trkpt lat="49.496328" lon="16.747013">
      </trkpt>
      <trkpt lat="49.493232" lon="16.745856">
      </trkpt>
      <trkpt lat="49.491907" lon="16.745525">
      </trkpt>
      <trkpt lat="49.488658" lon="16.737253">
      </trkpt>
      <trkpt lat="49.489234" lon="16.734996">
      </trkpt>
      <trkpt lat="49.489404" lon="16.734472">
      </trkpt>
      <trkpt lat="49.489468" lon="16.73405">
      </trkpt>
      <trkpt lat="49.489626" lon="16.733216">
      </trkpt>
      <trkpt lat="49.489755" lon="16.731945">
      </trkpt>
      <trkpt lat="49.489759" lon="16.731535">
      </trkpt>
      <trkpt lat="49.489123" lon="16.728237">
      </trkpt>
      <trkpt lat="49.488058" lon="16.727696">
      </trkpt>
      <trkpt lat="49.48506" lon="16.725965">
      </trkpt>
      <trkpt lat="49.484517" lon="16.725399">
      </trkpt>
      <trkpt lat="49.483804" lon="16.724724">
      </trkpt>
      <trkpt lat="49.48235" lon="16.723468">
      </trkpt>
      <trkpt lat="49.482067" lon="16.723189">
      </trkpt>
      <trkpt lat="49.480765" lon="16.721897">
      </trkpt>
      <trkpt lat="49.47949" lon="16.720752">
      </trkpt>
      <trkpt lat="49.479176" lon="16.720478">
      </trkpt>
      <trkpt lat="49.477829" lon="16.71165">
      </trkpt>
      <trkpt lat="49.479031" lon="16.710507">
      </trkpt>
      <trkpt lat="49.482022" lon="16.708954">
      </trkpt>
      <trkpt lat="49.482536" lon="16.708664">
      </trkpt>
      <trkpt lat="49.483157" lon="16.708372">
      </trkpt>
      <trkpt lat="49.483746" lon="16.704207">
      </trkpt>
      <trkpt lat="49.483918" lon="16.703382">
      </trkpt>
      <trkpt lat="49.481038" lon="16.701233">
      </trkpt>
      <trkpt lat="49.485406" lon="16.694437">
      </trkpt>
      <trkpt lat="49.488939" lon="16.69374">
      </trkpt>
      <trkpt lat="49.488454" lon="16.688308">
      </trkpt>
      <trkpt lat="49.484513" lon="16.682348">
      </trkpt>
      <trkpt lat="49.483375" lon="16.681606">
      </trkpt>
      <trkpt lat="49.483127" lon="16.68154">
      </trkpt>
      <trkpt lat="49.480914" lon="16.682288">
      </trkpt>
      <trkpt lat="49.479016" lon="16.686378">
      </trkpt>
      <trkpt lat="49.473385" lon="16.689822">
      </trkpt>
      <trkpt lat="49.468795" lon="16.696073">
      </trkpt>
      <trkpt lat="49.468691" lon="16.6968">
      </trkpt>
      <trkpt lat="49.46873" lon="16.697877">
      </trkpt>
      <trkpt lat="49.469011" lon="16.699937">
      </trkpt>
      <trkpt lat="49.461408" lon="16.704681">
      </trkpt>
      <trkpt lat="49.460376" lon="16.704338">
      </trkpt>
      <trkpt lat="49.45956" lon="16.704201">
      </trkpt>
      <trkpt lat="49.45209" lon="16.700491">
      </trkpt>
      <trkpt lat="49.448719" lon="16.69923">
      </trkpt>
      <trkpt lat="49.441906" lon="16.694536">
      </trkpt>
      <trkpt lat="49.43732" lon="16.688535">
      </trkpt>
      <trkpt lat="49.437886" lon="16.684446">
      </trkpt>
      <trkpt lat="49.435989" lon="16.677607">
      </trkpt>
      <trkpt lat="49.435783" lon="16.677557">
      </trkpt>
      <trkpt lat="49.43002" lon="16.675229">
      </trkpt>
      <trkpt lat="49.428041" lon="16.672757">
      </trkpt>
      <trkpt lat="49.427601" lon="16.672164">
      </trkpt>
      <trkpt lat="49.42471" lon="16.674309">
      </trkpt>
      <trkpt lat="49.426102" lon="16.676473">
      </trkpt>
      <trkpt lat="49.428495" lon="16.680171">
      </trkpt>
      <trkpt lat="49.432644" lon="16.686799">
      </trkpt>
      <trkpt lat="49.43232" lon="16.693772">
      </trkpt>
      <trkpt lat="49.431775" lon="16.697307">
      </trkpt>
      <trkpt lat="49.42944" lon="16.703204">
      </trkpt>
      <trkpt lat="49.429445" lon="16.704148">
      </trkpt>
      <trkpt lat="49.432336" lon="16.70719">
      </trkpt>
      <trkpt lat="49.433488" lon="16.709339">
      </trkpt>
      <trkpt lat="49.432013" lon="16.717422">
      </trkpt>
      <trkpt lat="49.425393" lon="16.72236">
      </trkpt>
      <trkpt lat="49.423768" lon="16.723872">
      </trkpt>
      <trkpt lat="49.416779" lon="16.719684">
      </trkpt>
      <trkpt lat="49.416887" lon="16.717645">
      </trkpt>
      <trkpt lat="49.41685" lon="16.717074">
      </trkpt>
      <trkpt lat="49.417427" lon="16.713766">
      </trkpt>
      <trkpt lat="49.41692" lon="16.710846">
      </trkpt>
      <trkpt lat="49.416945" lon="16.710014">
      </trkpt>
      <trkpt lat="49.416861" lon="16.707631">
      </trkpt>
      <trkpt lat="49.416889" lon="16.707407">
      </trkpt>
      <trkpt lat="49.416897" lon="16.707235">
      </trkpt>
      <trkpt lat="49.4169" lon="16.706941">
      </trkpt>
      <trkpt lat="49.416516" lon="16.706261">
      </trkpt>
      <trkpt lat="49.416356" lon="16.705936">
      </trkpt>
      <trkpt lat="49.415901" lon="16.705174">
      </trkpt>
      <trkpt lat="49.413815" lon="16.706069">
      </trkpt>
      <trkpt lat="49.41281" lon="16.70702">
      </trkpt>
      <trkpt lat="49.413322" lon="16.710724">
      </trkpt>
      <trkpt lat="49.413271" lon="16.711577">
      </trkpt>
      <trkpt lat="49.413244" lon="16.712927">
      </trkpt>
      <trkpt lat="49.41323" lon="16.713571">
      </trkpt>
      <trkpt lat="49.413139" lon="16.715106">
      </trkpt>
      <trkpt lat="49.40653" lon="16.719982">
      </trkpt>
      <trkpt lat="49.404143" lon="16.719863">
      </trkpt>
      <trkpt lat="49.403973" lon="16.719829">
      </trkpt>
      <trkpt lat="49.402895" lon="16.720358">
      </trkpt>
      <trkpt lat="49.401892" lon="16.721269">
      </trkpt>
      <trkpt lat="49.401933" lon="16.721697">
      </trkpt>
      <trkpt lat="49.402269" lon="16.722591">
      </trkpt>
      <trkpt lat="49.403265" lon="16.723358">
      </trkpt>
      <trkpt lat="49.406774" lon="16.727168">
      </trkpt>
      <trkpt lat="49.406942" lon="16.727544">
      </trkpt>
      <trkpt lat="49.407295" lon="16.728096">
      </trkpt>
      <trkpt lat="49.408755" lon="16.731256">
      </trkpt>
      <trkpt lat="49.40883" lon="16.73186">
      </trkpt>
      <trkpt lat="49.401867" lon="16.737117">
      </trkpt>
      <trkpt lat="49.394919" lon="16.740654">
      </trkpt>
      <trkpt lat="49.394638" lon="16.744168">
      </trkpt>
      <trkpt lat="49.391862" lon="16.751091">
      </trkpt>
      <trkpt lat="49.388143" lon="16.753184">
      </trkpt>
      <trkpt lat="49.386977" lon="16.753451">
      </trkpt>
      <trkpt lat="49.381715" lon="16.754501">
      </trkpt>
      <trkpt lat="49.381399" lon="16.756256">
      </trkpt>
      <trkpt lat="49.380712" lon="16.760199">
      </trkpt>
      <trkpt lat="49.380673" lon="16.760367">
      </trkpt>
      <trkpt lat="49.380715" lon="16.76101">
      </trkpt>
      <trkpt lat="49.379986" lon="16.765366">
      </trkpt>
      <trkpt lat="49.373248" lon="16.769884">
      </trkpt>
      <trkpt lat="49.37315" lon="16.770291">
      </trkpt>
      <trkpt lat="49.373036" lon="16.770665">
      </trkpt>
      <trkpt lat="49.372929" lon="16.771319">
      </trkpt>
      <trkpt lat="49.372934" lon="16.772046">
      </trkpt>
      <trkpt lat="49.372875" lon="16.77274">
      </trkpt>
      <trkpt lat="49.370764" lon="16.776335">
      </trkpt>
      <trkpt lat="49.369389" lon="16.777692">
      </trkpt>
      <trkpt lat="49.369372" lon="16.778228">
      </trkpt>
      <trkpt lat="49.36938" lon="16.778689">
      </trkpt>
      <trkpt lat="49.369487" lon="16.779284">
      </trkpt>
      <trkpt lat="49.369673" lon="16.780759">
      </trkpt>
      <trkpt lat="49.36975" lon="16.78137">
      </trkpt>
      <trkpt lat="49.368018" lon="16.785817">
      </trkpt>
      <trkpt lat="49.360328" lon="16.785441">
      </trkpt>
      <trkpt lat="49.356976" lon="16.780509">
      </trkpt>
      <trkpt lat="49.356877" lon="16.779591">
      </trkpt>
      <trkpt lat="49.3589" lon="16.77442">
      </trkpt>
      <trkpt lat="49.360652" lon="16.772591">
      </trkpt>
      <trkpt lat="49.36209" lon="16.770421">
      </trkpt>
      <trkpt lat="49.363287" lon="16.768471">
      </trkpt>
      <trkpt lat="49.363312" lon="16.768401">
      </trkpt>
      <trkpt lat="49.362952" lon="16.766622">
      </trkpt>
      <trkpt lat="49.362858" lon="16.7665">
      </trkpt>
      <trkpt lat="49.361518" lon="16.766071">
      </trkpt>
      <trkpt lat="49.36143" lon="16.766079">
      </trkpt>
      <trkpt lat="49.35628" lon="16.766112">
      </trkpt>
      <trkpt lat="49.349112" lon="16.760985">
      </trkpt>
      <trkpt lat="49.346953" lon="16.760481">
      </trkpt>
      <trkpt lat="49.346189" lon="16.761023">
      </trkpt>
      <trkpt lat="49.346055" lon="16.761186">
      </trkpt>
      <trkpt lat="49.345812" lon="16.761679">
      </trkpt>
      <trkpt lat="49.345813" lon="16.761833">
      </trkpt>
      <trkpt lat="49.345935" lon="16.762773">
      </trkpt>
      <trkpt lat="49.346007" lon="16.763033">
      </trkpt>
      <trkpt lat="49.347008" lon="16.764626">
      </trkpt>
      <trkpt lat="49.347388" lon="16.765141">
      </trkpt>
      <trkpt lat="49.351876" lon="16.769843">
      </trkpt>
      <trkpt lat="49.35207" lon="16.770383">
      </trkpt>
      <trkpt lat="49.349668" lon="16.778778">
      </trkpt>
      <trkpt lat="49.344603" lon="16.783323">
      </trkpt>
      <trkpt lat="49.343057" lon="16.786574">
      </trkpt>
      <trkpt lat="49.344425" lon="16.788628">
      </trkpt>
      <trkpt lat="49.347677" lon="16.789718">
      </trkpt>
      <trkpt lat="49.349908" lon="16.791908">
      </trkpt>
      <trkpt lat="49.35059" lon="16.792646">
      </trkpt>
      <trkpt lat="49.350232" lon="16.801144">
      </trkpt>
      <trkpt lat="49.34263" lon="16.802174">
      </trkpt>
      <trkpt lat="49.339087" lon="16.802813">
      </trkpt>
      <trkpt lat="49.335743" lon="16.80536">
      </trkpt>
      <trkpt lat="49.329556" lon="16.80649">
      </trkpt>
      <trkpt lat="49.329444" lon="16.806508">
      </trkpt>
      <trkpt lat="49.328199" lon="16.807101">
      </trkpt>
      <trkpt lat="49.327591" lon="16.808465">
      </trkpt>
      <trkpt lat="49.328016" lon="16.811825">
      </trkpt>
      <trkpt lat="49.327915" lon="16.813801">
      </trkpt>
      <trkpt lat="49.319635" lon="16.816946">
      </trkpt>
      <trkpt lat="49.317175" lon="16.81435">
      </trkpt>
      <trkpt lat="49.315309" lon="16.81249">
      </trkpt>
      <trkpt lat="49.312442" lon="16.805647">
      </trkpt>
      <trkpt lat="49.312173" lon="16.805262">
      </trkpt>
      <trkpt lat="49.311853" lon="16.804767">
      </trkpt>
      <trkpt lat="49.311549" lon="16.804419">
      </trkpt>
      <trkpt lat="49.310226" lon="16.802619">
      </trkpt>
      <trkpt lat="49.309013" lon="16.801354">
      </trkpt>
      <trkpt lat="49.308081" lon="16.800881">
      </trkpt>
      <trkpt lat="49.307343" lon="16.800826">
      </trkpt>
      <trkpt lat="49.306438" lon="16.801045">
      </trkpt>
      <trkpt lat="49.305592" lon="16.801533">
      </trkpt>
      <trkpt lat="49.297928" lon="16.800491">
      </trkpt>
      <trkpt lat="49.298433" lon="16.794338">
      </trkpt>
      <trkpt lat="49.298716" lon="16.794">
      </trkpt>
      <trkpt lat="49.298954" lon="16.793643">
      </trkpt>
      <trkpt lat="49.299237" lon="16.786276">
      </trkpt>
      <trkpt lat="49.300201" lon="16.783583">
      </trkpt>
      <trkpt lat="49.30032" lon="16.781622">
      </trkpt>
      <trkpt lat="49.300397" lon="16.780412">
      </trkpt>
      <trkpt lat="49.304631" lon="16.772869">
      </trkpt>
      <trkpt lat="49.305192" lon="16.772524">
      </trkpt>
      <trkpt lat="49.305793" lon="16.771905">
      </trkpt>
      <trkpt lat="49.305984" lon="16.771541">
      </trkpt>
      <trkpt lat="49.306104" lon="16.771227">
      </trkpt>
      <trkpt lat="49.306485" lon="16.770125">
      </trkpt>
      <trkpt lat="49.307698" lon="16.765343">
      </trkpt>
      <trkpt lat="49.308211" lon="16.763707">
      </trkpt>
      <trkpt lat="49.308542" lon="16.762316">
      </trkpt>
      <trkpt lat="49.308248" lon="16.76171">
      </trkpt>
      <trkpt lat="49.306563" lon="16.760507">
      </trkpt>
      <trkpt lat="49.305645" lon="16.759884">
      </trkpt>
      <trkpt lat="49.305118" lon="16.759578">
      </trkpt>
      <trkpt lat="49.304578" lon="16.759359">
      </trkpt>
      <trkpt lat="49.302996" lon="16.759065">
      </trkpt>
      <trkpt lat="49.299263" lon="16.755064">
      </trkpt>
      <trkpt lat="49.30123" lon="16.74963">
      </trkpt>
      <trkpt lat="49.301706" lon="16.749281">
      </trkpt>
      <trkpt lat="49.306869" lon="16.748164">
      </trkpt>
      <trkpt lat="49.307722" lon="16.748301">
      </trkpt>
      <trkpt lat="49.308203" lon="16.748306">
      </trkpt>
      <trkpt lat="49.308238" lon="16.744706">
      </trkpt>
      <trkpt lat="49.307558" lon="16.743889">
      </trkpt>
      <trkpt lat="49.30718" lon="16.743466">
      </trkpt>
      <trkpt lat="49.303822" lon="16.740657">
      </trkpt>
      <trkpt lat="49.298638" lon="16.734739">
      </trkpt>
      <trkpt lat="49.298078" lon="16.734147">
      </trkpt>
      <trkpt lat="49.293484" lon="16.728728">
      </trkpt>
      <trkpt lat="49.289933" lon="16.72814">
      </trkpt>
      <trkpt lat="49.288612" lon="16.730321">
      </trkpt>
      <trkpt lat="49.28903" lon="16.733896">
      </trkpt>
      <trkpt lat="49.283793" lon="16.739067">
      </trkpt>
      <trkpt lat="49.278325" lon="16.7417">
      </trkpt>
      <trkpt lat="49.274755" lon="16.740151">
      </trkpt>
      <trkpt lat="49.274318" lon="16.739748">
      </trkpt>
      <trkpt lat="49.27356" lon="16.739337">
      </trkpt>
      <trkpt lat="49.272917" lon="16.739215">
      </trkpt>
      <trkpt lat="49.272071" lon="16.739286">
      </trkpt>
      <trkpt lat="49.271463" lon="16.73957">
      </trkpt>
      <trkpt lat="49.271084" lon="16.739882">
      </trkpt>
      <trkpt lat="49.270874" lon="16.74012">
      </trkpt>
      <trkpt lat="49.270078" lon="16.742732">
      </trkpt>
      <trkpt lat="49.270242" lon="16.742883">
      </trkpt>
      <trkpt lat="49.273871" lon="16.747304">
      </trkpt>
      <trkpt lat="49.275643" lon="16.75523">
      </trkpt>
      <trkpt lat="49.274561" lon="16.76195">
      </trkpt>
      <trkpt lat="49.275181" lon="16.765497">
      </trkpt>
      <trkpt lat="49.277136" lon="16.771874">
      </trkpt>
      <trkpt lat="49.271337" lon="16.778614">
      </trkpt>
      <trkpt lat="49.270551" lon="16.77842">
      </trkpt>
      <trkpt lat="49.269687" lon="16.781915">
      </trkpt>
      <trkpt lat="49.270553" lon="16.782463">
      </trkpt>
      <trkpt lat="49.272582" lon="16.783422">
      </trkpt>
      <trkpt lat="49.2753" lon="16.785305">
      </trkpt>
      <trkpt lat="49.271129" lon="16.793114">
      </trkpt>
      <trkpt lat="49.268701" lon="16.795772">
      </trkpt>
      <trkpt lat="49.266021" lon="16.804013">
      </trkpt>
      <trkpt lat="49.258141" lon="16.80807">
      </trkpt>
      <trkpt lat="49.256521" lon="16.806508">
      </trkpt>
      <trkpt lat="49.254599" lon="16.80464">
      </trkpt>
      <trkpt lat="49.25343" lon="16.800479">
      </trkpt>
      <trkpt lat="49.253421" lon="16.80029">
      </trkpt>
      <trkpt lat="49.253146" lon="16.799742">
      </trkpt>
      <trkpt lat="49.249661" lon="16.800648">
      </trkpt>
      <trkpt lat="49.242458" lon="16.801949">
      </trkpt>
      <trkpt lat="49.239889" lon="16.800202">
      </trkpt>
      <trkpt lat="49.236211" lon="16.793302">
      </trkpt>
      <trkpt lat="49.236172" lon="16.792859">
      </trkpt>
      <trkpt lat="49.236058" lon="16.792104">
      </trkpt>
      <trkpt lat="49.235746" lon="16.79036">
      </trkpt>
      <trkpt lat="49.23552" lon="16.789238">
      </trkpt>
      <trkpt lat="49.237631" lon="16.781014">
      </trkpt>
      <trkpt lat="49.239574" lon="16.774724">
      </trkpt>
      <trkpt lat="49.246177" lon="16.774096">
      </trkpt>
      <trkpt lat="49.249675" lon="16.774945">
      </trkpt>
      <trkpt lat="49.25233" lon="16.775592">
      </trkpt>
      <trkpt lat="49.252865" lon="16.775147">
      </trkpt>
      <trkpt lat="49.253708" lon="16.773874">
      </trkpt>
      <trkpt lat="49.254037" lon="16.773217">
      </trkpt>
      <trkpt lat="49.256863" lon="16.76841">
      </trkpt>
      <trkpt lat="49.257662" lon="16.767796">
      </trkpt>
      <trkpt lat="49.258094" lon="16.767242">
      </trkpt>
      <trkpt lat="49.258534" lon="16.766526">
      </trkpt>
      <trkpt lat="49.259501" lon="16.764548">
      </trkpt>
      <trkpt lat="49.255532" lon="16.757112">
      </trkpt>
      <trkpt lat="49.255762" lon="16.756188">
      </trkpt>
      <trkpt lat="49.255867" lon="16.755566">
      </trkpt>
      <trkpt lat="49.255917" lon="16.754638">
      </trkpt>
      <trkpt lat="49.256774" lon="16.750974">
      </trkpt>
      <trkpt lat="49.25695" lon="16.75043">
      </trkpt>
      <trkpt lat="49.256944" lon="16.750287">
      </trkpt>
      <trkpt lat="49.25705" lon="16.745029">
      </trkpt>
      <trkpt lat="49.256554" lon="16.73909">
      </trkpt>
      <trkpt lat="49.256491" lon="16.738134">
      </trkpt>
      <trkpt lat="49.256873" lon="16.735472">
      </trkpt>
      <trkpt lat="49.257102" lon="16.73168">
      </trkpt>
      <trkpt lat="49.257078" lon="16.731609">
      </trkpt>
      <trkpt lat="49.25424" lon="16.724569">
      </trkpt>
      <trkpt lat="49.253348" lon="16.721403">
      </trkpt>
      <trkpt lat="49.252999" lon="16.721189">
      </trkpt>
      <trkpt lat="49.248354" lon="16.713623">
      </trkpt>
      <trkpt lat="49.248701" lon="16.713108">
      </trkpt>
      <trkpt lat="49.252968" lon="16.710451">
      </trkpt>
      <trkpt lat="49.253277" lon="16.709857">
      </trkpt>
      <trkpt lat="49.255015" lon="16.707489">
      </trkpt>
      <trkpt lat="49.254382" lon="16.706935">
      </trkpt>
      <trkpt lat="49.250114" lon="16.69928">
      </trkpt>
      <trkpt lat="49.246652" lon="16.698294">
      </trkpt>
      <trkpt lat="49.245544" lon="16.698814">
      </trkpt>
      <trkpt lat="49.24543" lon="16.699546">
      </trkpt>
      <trkpt lat="49.245396" lon="16.699953">
      </trkpt>
      <trkpt lat="49.2454" lon="16.700327">
      </trkpt>
      <trkpt lat="49.245562" lon="16.701734">
      </trkpt>
      <trkpt lat="49.245591" lon="16.702243">
      </trkpt>
      <trkpt lat="49.245669" lon="16.702668">
      </trkpt>
      <trkpt lat="49.245981" lon="16.705434">
      </trkpt>
      <trkpt lat="49.237998" lon="16.708723">
      </trkpt>
      <trkpt lat="49.235712" lon="16.706846">
      </trkpt>
      <trkpt lat="49.234256" lon="16.704605">
      </trkpt>
      <trkpt lat="49.234008" lon="16.704074">
      </trkpt>
      <trkpt lat="49.233293" lon="16.702621">
      </trkpt>
      <trkpt lat="49.233104" lon="16.702108">
      </trkpt>
      <trkpt lat="49.232858" lon="16.701608">
      </trkpt>
      <trkpt lat="49.232577" lon="16.70118">
      </trkpt>
      <trkpt lat="49.232084" lon="16.700556">
      </trkpt>
      <trkpt lat="49.231522" lon="16.699895">
      </trkpt>
      <trkpt lat="49.229843" lon="16.697125">
      </trkpt>
      <trkpt lat="49.229561" lon="16.696406">
      </trkpt>
      <trkpt lat="49.229347" lon="16.695775">
      </trkpt>
      <trkpt lat="49.228882" lon="16.693846">
      </trkpt>
      <trkpt lat="49.226693" lon="16.6928">
      </trkpt>
      <trkpt lat="49.224143" lon="16.690261">
      </trkpt>
      <trkpt lat="49.223262" lon="16.682191">
      </trkpt>
      <trkpt lat="49.224967" lon="16.679062">
      </trkpt>
      <trkpt lat="49.225115" lon="16.678114">
      </trkpt>
      <trkpt lat="49.224719" lon="16.677029">
      </trkpt>
      <trkpt lat="49.223795" lon="16.674711">
      </trkpt>
      <trkpt lat="49.222021" lon="16.674463">
      </trkpt>
      <trkpt lat="49.215711" lon="16.67153">
      </trkpt>
      <trkpt lat="49.214925" lon="16.666363">
      </trkpt>
      <trkpt lat="49.215167" lon="16.658847">
      </trkpt>
      <trkpt lat="49.218602" lon="16.655762">
      </trkpt>
      <trkpt lat="49.220254" lon="16.654901">
      </trkpt>
      <trkpt lat="49.220762" lon="16.654669">
      </trkpt>
      <trkpt lat="49.227644" lon="16.651137">
      </trkpt>
      <trkpt lat="49.22832" lon="16.650844">
      </trkpt>
      <trkpt lat="49.228918" lon="16.650561">
      </trkpt>
      <trkpt lat="49.229359" lon="16.649762">
      </trkpt>
      <trkpt lat="49.229265" lon="16.649416">
      </trkpt>
      <trkpt lat="49.227043" lon="16.644121">
      </trkpt>
      <trkpt lat="49.226145" lon="16.640954">
      </trkpt>
      <trkpt lat="49.224859" lon="16.640026">
      </trkpt>
      <trkpt lat="49.220554" lon="16.634202">
      </trkpt>
      <trkpt lat="49.221857" lon="16.631164">
      </trkpt>
      <trkpt lat="49.222051" lon="16.630931">
      </trkpt>
      <trkpt lat="49.222546" lon="16.629439">
      </trkpt>
      <trkpt lat="49.223757" lon="16.622241">
      </trkpt>
      <trkpt lat="49.223851" lon="16.621784">
      </trkpt>
      <trkpt lat="49.223889" lon="16.621488">
      </trkpt>
      <trkpt lat="49.222609" lon="16.619512">
      </trkpt>
      <trkpt lat="49.219078" lon="16.620212">
      </trkpt>
      <trkpt lat="49.211072" lon="16.617662">
      </trkpt>
      <trkpt lat="49.209223" lon="16.611789">
      </trkpt>
      <trkpt lat="49.209253" lon="16.610228">
      </trkpt>
      <trkpt lat="49.209191" lon="16.61011">
      </trkpt>
      <trkpt lat="49.201682" lon="16.605591">
      </trkpt>
      <trkpt lat="49.201106" lon="16.604956">
      </trkpt>
      <trkpt lat="49.200628" lon="16.604417">
      </trkpt>
      <trkpt lat="49.200447" lon="16.604226">
      </trkpt>
      <trkpt lat="49.197623" lon="16.605864">
      </trkpt>
      <trkpt lat="49.191036" lon="16.603278">
      </trkpt>
      <trkpt lat="49.190008" lon="16.602057">
      </trkpt>
      <trkpt lat="49.18874" lon="16.596078">
      </trkpt>
      <trkpt lat="49.188628" lon="16.595001">
      </trkpt>
      <trkpt lat="49.188618" lon="16.594862">
      </trkpt>
      <trkpt lat="49.18797" lon="16.593904">
      </trkpt>
      <trkpt lat="49.183143" lon="16.590598">
      </trkpt>
      <trkpt lat="49.179499" lon="16.58305">
      </trkpt>
      <trkpt lat="49.179002" lon="16.580298">
      </trkpt>
      <trkpt lat="49.180033" lon="16.57566">
      </trkpt>
      <trkpt lat="49.18783" lon="16.574664">
      </trkpt>
      <trkpt lat="49.193562" lon="16.571586">
      </trkpt>
      <trkpt lat="49.194121" lon="16.571406">
      </trkpt>
      <trkpt lat="49.193017" lon="16.567979">
      </trkpt>
      <trkpt lat="49.188827" lon="16.564964">
      </trkpt>
      <trkpt lat="49.185354" lon="16.561327">
      </trkpt>
      <trkpt lat="49.182766" lon="16.558226">
      </trkpt>
      <trkpt lat="49.180335" lon="16.552508">
      </trkpt>
      <trkpt lat="49.178514" lon="16.549402">
      </trkpt>
      <trkpt lat="49.174439" lon="16.54711">
      </trkpt>
      <trkpt lat="49.174333" lon="16.54704">
      </trkpt>
      <trkpt lat="49.170216" lon="16.541008">
      </trkpt>
      <trkpt lat="49.170822" lon="16.537674">
      </trkpt>
      <trkpt lat="49.171192" lon="16.535271">
      </trkpt>
      <trkpt lat="49.17155" lon="16.532423">
      </trkpt>
      <trkpt lat="49.171908" lon="16.529575">
      </trkpt>
      <trkpt lat="49.172266" lon="16.526727">
      </trkpt>
      <trkpt lat="49.172649" lon="16.523666">
      </trkpt>
      <trkpt lat="49.174374" lon="16.516193">
      </trkpt>
      <trkpt lat="49.174981" lon="16.514628">
      </trkpt>
      <trkpt lat="49.175502" lon="16.513208">
      </trkpt>
      <trkpt lat="49.17579" lon="16.512334">
      </trkpt>
      <trkpt lat="49.176137" lon="16.511185">
      </trkpt>
      <trkpt lat="49.17645" lon="16.509939">
      </trkpt>
      <trkpt lat="49.176908" lon="16.507881">
      </trkpt>
      <trkpt lat="49.17707" lon="16.506956">
      </trkpt>
      <trkpt lat="49.177296" lon="16.50549">
      </trkpt>
      <trkpt lat="49.177494" lon="16.503994">
      </trkpt>
      <trkpt lat="49.177745" lon="16.502199">
      </trkpt>
      <trkpt lat="49.177987" lon="16.500453">
      </trkpt>
      <trkpt lat="49.179429" lon="16.493933">
      </trkpt>
      <trkpt lat="49.180799" lon="16.489871">
      </trkpt>
      <trkpt lat="49.181479" lon="16.488025">
      </trkpt>
      <trkpt lat="49.182184" lon="16.486012">
      </trkpt>
      <trkpt lat="49.182896" lon="16.483977">
      </trkpt>
      <trkpt lat="49.183966" lon="16.480637">
      </trkpt>
      <trkpt lat="49.185612" lon="16.476006">
      </trkpt>
      <trkpt lat="49.186807" lon="16.467302">
      </trkpt>
      <trkpt lat="49.187348" lon="16.464299">
      </trkpt>
      <trkpt lat="49.187888" lon="16.461296">
      </trkpt>
      <trkpt lat="49.188428" lon="16.458293">
      </trkpt>
      <trkpt lat="49.189758" lon="16.451054">
      </trkpt>
      <trkpt lat="49.191716" lon="16.446363">
      </trkpt>
      <trkpt lat="49.191763" lon="16.445916">
      </trkpt>
      <trkpt lat="49.193374" lon="16.438692">
      </trkpt>
      <trkpt lat="49.194135" lon="16.43686">
      </trkpt>
      <trkpt lat="49.194698" lon="16.435624">
      </trkpt>
      <trkpt lat="49.195598" lon="16.43376">
      </trkpt>
      <trkpt lat="49.192356" lon="16.432195">
      </trkpt>
      <trkpt lat="49.191456" lon="16.434059">
      </trkpt>
      <trkpt lat="49.190859" lon="16.435365">
      </trkpt>
      <trkpt lat="49.19005" lon="16.43731">
      </trkpt>
      <trkpt lat="49.18836" lon="16.442026">
      </trkpt>
      <trkpt lat="49.188009" lon="16.443173">
      </trkpt>
      <trkpt lat="49.187681" lon="16.444298">
      </trkpt>
      <trkpt lat="49.187306" lon="16.445678">
      </trkpt>
      <trkpt lat="49.186989" lon="16.446915">
      </trkpt>
      <trkpt lat="49.186353" lon="16.449731">
      </trkpt>
      <trkpt lat="49.186229" lon="16.450339">
      </trkpt>
      <trkpt lat="49.184885" lon="16.457656">
      </trkpt>
      <trkpt lat="49.184345" lon="16.460659">
      </trkpt>
      <trkpt lat="49.183804" lon="16.463662">
      </trkpt>
      <trkpt lat="49.183264" lon="16.466665">
      </trkpt>
      <trkpt lat="49.182724" lon="16.469668">
      </trkpt>
      <trkpt lat="49.182169" lon="16.472744">
      </trkpt>
      <trkpt lat="49.181888" lon="16.474128">
      </trkpt>
      <trkpt lat="49.180504" lon="16.479648">
      </trkpt>
      <trkpt lat="49.179483" lon="16.482831">
      </trkpt>
      <trkpt lat="49.178786" lon="16.484823">
      </trkpt>
      <trkpt lat="49.178081" lon="16.486836">
      </trkpt>
      <trkpt lat="49.177422" lon="16.488626">
      </trkpt>
      <trkpt lat="49.176003" lon="16.492826">
      </trkpt>
      <trkpt lat="49.175512" lon="16.494589">
      </trkpt>
      <trkpt lat="49.175222" lon="16.495761">
      </trkpt>
      <trkpt lat="49.174933" lon="16.497044">
      </trkpt>
      <trkpt lat="49.174783" lon="16.497793">
      </trkpt>
      <trkpt lat="49.174437" lon="16.499859">
      </trkpt>
      <trkpt lat="49.174179" lon="16.501702">
      </trkpt>
      <trkpt lat="49.173929" lon="16.503497">
      </trkpt>
      <trkpt lat="49.173729" lon="16.505003">
      </trkpt>
      <trkpt lat="49.171602" lon="16.513385">
      </trkpt>
      <trkpt lat="49.171018" lon="16.514891">
      </trkpt>
      <trkpt lat="49.170636" lon="16.515979">
      </trkpt>
      <trkpt lat="49.170276" lon="16.517088">
      </trkpt>
      <trkpt lat="49.16994" lon="16.518276">
      </trkpt>
      <trkpt lat="49.169594" lon="16.519788">
      </trkpt>
      <trkpt lat="49.169435" lon="16.520664">
      </trkpt>
      <trkpt lat="49.169294" lon="16.521551">
      </trkpt>
      <trkpt lat="49.169079" lon="16.523204">
      </trkpt>
      <trkpt lat="49.168694" lon="16.526278">
      </trkpt>
      <trkpt lat="49.168336" lon="16.529126">
      </trkpt>
      <trkpt lat="49.167978" lon="16.531974">
      </trkpt>
      <trkpt lat="49.167621" lon="16.534822">
      </trkpt>
      <trkpt lat="49.165282" lon="16.540831">
      </trkpt>
      <trkpt lat="49.165025" lon="16.54151">
      </trkpt>
      <trkpt lat="49.164939" lon="16.541918">
      </trkpt>
      <trkpt lat="49.164889" lon="16.542427">
      </trkpt>
      <trkpt lat="49.164896" lon="16.542933">
      </trkpt>
      <trkpt lat="49.164361" lon="16.549518">
      </trkpt>
      <trkpt lat="49.163353" lon="16.552491">
      </trkpt>
      <trkpt lat="49.162319" lon="16.55555">
      </trkpt>
      <trkpt lat="49.161311" lon="16.558535">
      </trkpt>
      <trkpt lat="49.160606" lon="16.560617">
      </trkpt>
      <trkpt lat="49.16021" lon="16.561931">
      </trkpt>
      <trkpt lat="49.159839" lon="16.563346">
      </trkpt>
      <trkpt lat="49.159524" lon="16.564838">
      </trkpt>
      <trkpt lat="49.159376" lon="16.565688">
      </trkpt>
      <trkpt lat="49.159158" lon="16.567173">
      </trkpt>
      <trkpt lat="49.159072" lon="16.567957">
      </trkpt>
      <trkpt lat="49.158979" lon="16.569098">
      </trkpt>
      <trkpt lat="49.158933" lon="16.569874">
      </trkpt>
      <trkpt lat="49.158905" lon="16.57064">
      </trkpt>
      <trkpt lat="49.158892" lon="16.571583">
      </trkpt>
      <trkpt lat="49.158898" lon="16.572388">
      </trkpt>
      <trkpt lat="49.158923" lon="16.573176">
      </trkpt>
      <trkpt lat="49.158955" lon="16.573849">
      </trkpt>
      <trkpt lat="49.155206" lon="16.579387">
      </trkpt>
      <trkpt lat="49.149297" lon="16.574662">
      </trkpt>
      <trkpt lat="49.148949" lon="16.572515">
      </trkpt>
      <trkpt lat="49.14972" lon="16.570056">
      </trkpt>
      <trkpt lat="49.149774" lon="16.569306">
      </trkpt>
      <trkpt lat="49.149775" lon="16.568816">
      </trkpt>
      <trkpt lat="49.146175" lon="16.568806">
      </trkpt>
      <trkpt lat="49.143889" lon="16.575092">
      </trkpt>
      <trkpt lat="49.140841" lon="16.580257">
      </trkpt>
      <trkpt lat="49.138698" lon="16.583149">
      </trkpt>
      <trkpt lat="49.140587" lon="16.584549">
      </trkpt>
      <trkpt lat="49.142532" lon="16.59329">
      </trkpt>
      <trkpt lat="49.136892" lon="16.598138">
      </trkpt>
      <trkpt lat="49.133003" lon="16.598355">
      </trkpt>
      <trkpt lat="49.127136" lon="16.598812">
      </trkpt>
      <trkpt lat="49.122687" lon="16.591493">
      </trkpt>
      <trkpt lat="49.122668" lon="16.591396">
      </trkpt>
      <trkpt lat="49.119258" lon="16.586237">
      </trkpt>
      <trkpt lat="49.117341" lon="16.584779">
      </trkpt>
      <trkpt lat="49.117269" lon="16.584785">
      </trkpt>
      <trkpt lat="49.115675" lon="16.586586">
      </trkpt>
      <trkpt lat="49.114863" lon="16.591326">
      </trkpt>
      <trkpt lat="49.111625" lon="16.598995">
      </trkpt>
      <trkpt lat="49.106248" lon="16.600648">
      </trkpt>
      <trkpt lat="49.099972" lon="16.598739">
      </trkpt>
      <trkpt lat="49.098161" lon="16.597338">
      </trkpt>
      <trkpt lat="49.097634" lon="16.596897">
      </trkpt>
      <trkpt lat="49.096636" lon="16.595971">
      </trkpt>
      <trkpt lat="49.09599" lon="16.595293">
      </trkpt>
      <trkpt lat="49.093383" lon="16.597776">
      </trkpt>
      <trkpt lat="49.094029" lon="16.598454">
      </trkpt>
      <trkpt lat="49.097891" lon="16.602517">
      </trkpt>
      <trkpt lat="49.101508" lon="16.604071">
      </trkpt>
      <trkpt lat="49.102163" lon="16.604413">
      </trkpt>
      <trkpt lat="49.106661" lon="16.60613">
      </trkpt>
      <trkpt lat="49.108039" lon="16.606433">
      </trkpt>
      <trkpt lat="49.108799" lon="16.606554">
      </trkpt>
      <trkpt lat="49.110232" lon="16.606704">
      </trkpt>
      <trkpt lat="49.111283" lon="16.60675">
      </trkpt>
      <trkpt lat="49.112049" lon="16.606746">
      </trkpt>
      <trkpt lat="49.117456" lon="16.608901">
      </trkpt>
      <trkpt lat="49.118573" lon="16.613641">
      </trkpt>
      <trkpt lat="49.119231" lon="16.620587">
      </trkpt>
      <trkpt lat="49.124197" lon="16.622614">
      </trkpt>
      <trkpt lat="49.127064" lon="16.626018">
      </trkpt>
      <trkpt lat="49.124448" lon="16.633293">
      </trkpt>
      <trkpt lat="49.124487" lon="16.63363">
      </trkpt>
      <trkpt lat="49.124544" lon="16.64143">
      </trkpt>
      <trkpt lat="49.121811" lon="16.64298">
      </trkpt>
      <trkpt lat="49.119323" lon="16.64438">
      </trkpt>
      <trkpt lat="49.112461" lon="16.642601">
      </trkpt>
      <trkpt lat="49.111706" lon="16.641708">
      </trkpt>
      <trkpt lat="49.109436" lon="16.639129">
      </trkpt>
      <trkpt lat="49.109136" lon="16.638628">
      </trkpt>
      <trkpt lat="49.107428" lon="16.637701">
      </trkpt>
      <trkpt lat="49.104963" lon="16.638844">
      </trkpt>
      <trkpt lat="49.104911" lon="16.638944">
      </trkpt>
      <trkpt lat="49.104885" lon="16.63907">
      </trkpt>
      <trkpt lat="49.104878" lon="16.639213">
      </trkpt>
      <trkpt lat="49.105033" lon="16.640389">
      </trkpt>
      <trkpt lat="49.105467" lon="16.640776">
      </trkpt>
      <trkpt lat="49.106538" lon="16.64201">
      </trkpt>
      <trkpt lat="49.107948" lon="16.646403">
      </trkpt>
      <trkpt lat="49.104633" lon="16.651161">
      </trkpt>
      <trkpt lat="49.102443" lon="16.651907">
      </trkpt>
      <trkpt lat="49.100341" lon="16.652532">
      </trkpt>
      <trkpt lat="49.098296" lon="16.653079">
      </trkpt>
      <trkpt lat="49.094541" lon="16.65402">
      </trkpt>
      <trkpt lat="49.090585" lon="16.655013">
      </trkpt>
      <trkpt lat="49.087714" lon="16.655745">
      </trkpt>
      <trkpt lat="49.084844" lon="16.656477">
      </trkpt>
      <trkpt lat="49.081973" lon="16.657209">
      </trkpt>
      <trkpt lat="49.07908" lon="16.657947">
      </trkpt>
      <trkpt lat="49.077182" lon="16.658458">
      </trkpt>
      <trkpt lat="49.075334" lon="16.658993">
      </trkpt>
      <trkpt lat="49.072852" lon="16.659807">
      </trkpt>
      <trkpt lat="49.071156" lon="16.660425">
      </trkpt>
      <trkpt lat="49.069273" lon="16.66118">
      </trkpt>
      <trkpt lat="49.062622" lon="16.664367">
      </trkpt>
      <trkpt lat="49.058769" lon="16.660987">
      </trkpt>
      <trkpt lat="49.058116" lon="16.659569">
      </trkpt>
      <trkpt lat="49.054539" lon="16.659165">
      </trkpt>
      <trkpt lat="49.051723" lon="16.660331">
      </trkpt>
      <trkpt lat="49.051536" lon="16.660436">
      </trkpt>
      <trkpt lat="49.05073" lon="16.661032">
      </trkpt>
      <trkpt lat="49.050805" lon="16.662038">
      </trkpt>
      <trkpt lat="49.050794" lon="16.664832">
      </trkpt>
      <trkpt lat="49.050444" lon="16.67194">
      </trkpt>
      <trkpt lat="49.04742" lon="16.673814">
      </trkpt>
      <trkpt lat="49.046329" lon="16.674457">
      </trkpt>
      <trkpt lat="49.043544" lon="16.676013">
      </trkpt>
      <trkpt lat="49.042204" lon="16.676738">
      </trkpt>
      <trkpt lat="49.039579" lon="16.678068">
      </trkpt>
      <trkpt lat="49.036761" lon="16.679359">
      </trkpt>
      <trkpt lat="49.035493" lon="16.679907">
      </trkpt>
      <trkpt lat="49.032397" lon="16.681092">
      </trkpt>
      <trkpt lat="49.033683" lon="16.684454">
      </trkpt>
      <trkpt lat="49.036779" lon="16.683269">
      </trkpt>
      <trkpt lat="49.038185" lon="16.682666">
      </trkpt>
      <trkpt lat="49.041078" lon="16.681342">
      </trkpt>
      <trkpt lat="49.04383" lon="16.67995">
      </trkpt>
      <trkpt lat="49.045256" lon="16.67918">
      </trkpt>
      <trkpt lat="49.048084" lon="16.6776">
      </trkpt>
      <trkpt lat="49.049246" lon="16.676917">
      </trkpt>
      <trkpt lat="49.052341" lon="16.674999">
      </trkpt>
      <trkpt lat="49.060393" lon="16.673093">
      </trkpt>
      <trkpt lat="49.062307" lon="16.673432">
      </trkpt>
      <trkpt lat="49.06385" lon="16.67369">
      </trkpt>
      <trkpt lat="49.064258" lon="16.67235">
      </trkpt>
      <trkpt lat="49.064341" lon="16.671945">
      </trkpt>
      <trkpt lat="49.064413" lon="16.66749">
      </trkpt>
      <trkpt lat="49.070767" lon="16.664455">
      </trkpt>
      <trkpt lat="49.072491" lon="16.663769">
      </trkpt>
      <trkpt lat="49.074083" lon="16.66319">
      </trkpt>
      <trkpt lat="49.076455" lon="16.662414">
      </trkpt>
      <trkpt lat="49.078182" lon="16.661916">
      </trkpt>
      <trkpt lat="49.080014" lon="16.661424">
      </trkpt>
      <trkpt lat="49.082862" lon="16.660698">
      </trkpt>
      <trkpt lat="49.085733" lon="16.659966">
      </trkpt>
      <trkpt lat="49.088604" lon="16.659234">
      </trkpt>
      <trkpt lat="49.091475" lon="16.658502">
      </trkpt>
      <trkpt lat="49.095416" lon="16.657512">
      </trkpt>
      <trkpt lat="49.099171" lon="16.656571">
      </trkpt>
      <trkpt lat="49.101271" lon="16.65601">
      </trkpt>
      <trkpt lat="49.103468" lon="16.655358">
      </trkpt>
      <trkpt lat="49.105793" lon="16.654569">
      </trkpt>
      <trkpt lat="49.107773" lon="16.65386">
      </trkpt>
      <trkpt lat="49.116058" lon="16.653792">
      </trkpt>
      <trkpt lat="49.116996" lon="16.654118">
      </trkpt>
      <trkpt lat="49.12232" lon="16.660099">
      </trkpt>
      <trkpt lat="49.122056" lon="16.662165">
      </trkpt>
      <trkpt lat="49.121624" lon="16.664605">
      </trkpt>
      <trkpt lat="49.121575" lon="16.665287">
      </trkpt>
      <trkpt lat="49.120657" lon="16.670807">
      </trkpt>
      <trkpt lat="49.1236" lon="16.678863">
      </trkpt>
      <trkpt lat="49.123788" lon="16.679665">
      </trkpt>
      <trkpt lat="49.124101" lon="16.680457">
      </trkpt>
      <trkpt lat="49.124327" lon="16.680877">
      </trkpt>
      <trkpt lat="49.127659" lon="16.687923">
      </trkpt>
      <trkpt lat="49.125644" lon="16.691937">
      </trkpt>
      <trkpt lat="49.121661" lon="16.694669">
      </trkpt>
      <trkpt lat="49.119068" lon="16.698945">
      </trkpt>
      <trkpt lat="49.115687" lon="16.706322">
      </trkpt>
      <trkpt lat="49.112102" lon="16.706653">
      </trkpt>
      <trkpt lat="49.107366" lon="16.711784">
      </trkpt>
      <trkpt lat="49.100774" lon="16.716265">
      </trkpt>
      <trkpt lat="49.100367" lon="16.716574">
      </trkpt>
      <trkpt lat="49.099372" lon="16.718255">
      </trkpt>
      <trkpt lat="49.098526" lon="16.722069">
      </trkpt>
      <trkpt lat="49.098744" lon="16.722543">
      </trkpt>
      <trkpt lat="49.099506" lon="16.724314">
      </trkpt>
      <trkpt lat="49.099617" lon="16.724595">
      </trkpt>
      <trkpt lat="49.10127" lon="16.726076">
      </trkpt>
      <trkpt lat="49.104594" lon="16.728515">
      </trkpt>
      <trkpt lat="49.102717" lon="16.736859">
      </trkpt>
      <trkpt lat="49.101464" lon="16.737315">
      </trkpt>
      <trkpt lat="49.1004" lon="16.737777">
      </trkpt>
      <trkpt lat="49.099692" lon="16.738186">
      </trkpt>
      <trkpt lat="49.099234" lon="16.738542">
      </trkpt>
      <trkpt lat="49.097426" lon="16.740148">
      </trkpt>
      <trkpt lat="49.097218" lon="16.740301">
      </trkpt>
      <trkpt lat="49.099348" lon="16.743203">
      </trkpt>
      <trkpt lat="49.103605" lon="16.748545">
      </trkpt>
      <trkpt lat="49.101867" lon="16.755313">
      </trkpt>
      <trkpt lat="49.101814" lon="16.755673">
      </trkpt>
      <trkpt lat="49.101785" lon="16.756132">
      </trkpt>
      <trkpt lat="49.10194" lon="16.756945">
      </trkpt>
      <trkpt lat="49.102546" lon="16.75978">
      </trkpt>
      <trkpt lat="49.10415" lon="16.763913">
      </trkpt>
      <trkpt lat="49.104694" lon="16.764897">
      </trkpt>
      <trkpt lat="49.101111" lon="16.772555">
      </trkpt>
      <trkpt lat="49.097598" lon="16.771767">
      </trkpt>
      <trkpt lat="49.096757" lon="16.775518">
      </trkpt>
      <trkpt lat="49.095915" lon="16.77927">
      </trkpt>
      <trkpt lat="49.095407" lon="16.781503">
      </trkpt>
      <trkpt lat="49.089689" lon="16.784992">
      </trkpt>
      <trkpt lat="49.085862" lon="16.779928">
      </trkpt>
      <trkpt lat="49.082265" lon="16.780084">
      </trkpt>
      <trkpt lat="49.076442" lon="16.784846">
      </trkpt>
      <trkpt lat="49.07799" lon="16.788097">
      </trkpt>
      <trkpt lat="49.085937" lon="16.788124">
      </trkpt>
      <trkpt lat="49.08627" lon="16.788301">
      </trkpt>
      <trkpt lat="49.087509" lon="16.789069">
      </trkpt>
      <trkpt lat="49.090314" lon="16.796573">
      </trkpt>
      <trkpt lat="49.089308" lon="16.800172">
      </trkpt>
      <trkpt lat="49.087429" lon="16.803624">
      </trkpt>
      <trkpt lat="49.087541" lon="16.805841">
      </trkpt>
      <trkpt lat="49.08763" lon="16.807954">
      </trkpt>
      <trkpt lat="49.091227" lon="16.808096">
      </trkpt>
      <trkpt lat="49.091421" lon="16.806004">
      </trkpt>
      <trkpt lat="49.092776" lon="16.801141">
      </trkpt>
      <trkpt lat="49.098897" lon="16.796148">
      </trkpt>
      <trkpt lat="49.101384" lon="16.796865">
      </trkpt>
      <trkpt lat="49.103872" lon="16.797583">
      </trkpt>
      <trkpt lat="49.105752" lon="16.798129">
      </trkpt>
      <trkpt lat="49.107636" lon="16.798675">
      </trkpt>
      <trkpt lat="49.108617" lon="16.798939">
      </trkpt>
      <trkpt lat="49.110497" lon="16.799445">
      </trkpt>
      <trkpt lat="49.112321" lon="16.807843">
      </trkpt>
      <trkpt lat="49.110739" lon="16.809746">
      </trkpt>
      <trkpt lat="49.110387" lon="16.810345">
      </trkpt>
      <trkpt lat="49.110229" lon="16.810739">
      </trkpt>
      <trkpt lat="49.109497" lon="16.812823">
      </trkpt>
      <trkpt lat="49.108844" lon="16.814717">
      </trkpt>
      <trkpt lat="49.108648" lon="16.815136">
      </trkpt>
      <trkpt lat="49.107578" lon="16.816927">
      </trkpt>
      <trkpt lat="49.106535" lon="16.818673">
      </trkpt>
      <trkpt lat="49.10528" lon="16.820266">
      </trkpt>
      <trkpt lat="49.103948" lon="16.821824">
      </trkpt>
      <trkpt lat="49.102611" lon="16.823388">
      </trkpt>
      <trkpt lat="49.10018" lon="16.826256">
      </trkpt>
      <trkpt lat="49.097741" lon="16.829134">
      </trkpt>
      <trkpt lat="49.096377" lon="16.830782">
      </trkpt>
      <trkpt lat="49.095183" lon="16.832588">
      </trkpt>
      <trkpt lat="49.094714" lon="16.833438">
      </trkpt>
      <trkpt lat="49.094371" lon="16.834427">
      </trkpt>
      <trkpt lat="49.094244" lon="16.835015">
      </trkpt>
      <trkpt lat="49.094144" lon="16.835702">
      </trkpt>
      <trkpt lat="49.094103" lon="16.836331">
      </trkpt>
      <trkpt lat="49.094031" lon="16.839021">
      </trkpt>
      <trkpt lat="49.093959" lon="16.841711">
      </trkpt>
      <trkpt lat="49.093057" lon="16.845516">
      </trkpt>
      <trkpt lat="49.086146" lon="16.84881">
      </trkpt>
      <trkpt lat="49.08574" lon="16.849147">
      </trkpt>
      <trkpt lat="49.085656" lon="16.849393">
      </trkpt>
      <trkpt lat="49.085571" lon="16.849682">
      </trkpt>
      <trkpt lat="49.08804" lon="16.851916">
      </trkpt>
      <trkpt lat="49.089379" lon="16.853047">
      </trkpt>
      <trkpt lat="49.089466" lon="16.853082">
      </trkpt>
      <trkpt lat="49.091528" lon="16.852255">
      </trkpt>
      <trkpt lat="49.095787" lon="16.851148">
      </trkpt>
      <trkpt lat="49.096711" lon="16.850273">
      </trkpt>
      <trkpt lat="49.097171" lon="16.848869">
      </trkpt>
      <trkpt lat="49.097313" lon="16.848275">
      </trkpt>
      <trkpt lat="49.097378" lon="16.847797">
      </trkpt>
      <trkpt lat="49.097412" lon="16.847236">
      </trkpt>
      <trkpt lat="49.097486" lon="16.844497">
      </trkpt>
      <trkpt lat="49.10592" lon="16.841709">
      </trkpt>
      <trkpt lat="49.108617" lon="16.844094">
      </trkpt>
      <trkpt lat="49.112908" lon="16.841297">
      </trkpt>
      <trkpt lat="49.117699" lon="16.840635">
      </trkpt>
      <trkpt lat="49.119621" lon="16.839067">
      </trkpt>
      <trkpt lat="49.120792" lon="16.838251">
      </trkpt>
      <trkpt lat="49.129526" lon="16.839982">
      </trkpt>
      <trkpt lat="49.128833" lon="16.847084">
      </trkpt>
      <trkpt lat="49.127671" lon="16.848409">
      </trkpt>
      <trkpt lat="49.126942" lon="16.851009">
      </trkpt>
      <trkpt lat="49.125131" lon="16.857095">
      </trkpt>
      <trkpt lat="49.124589" lon="16.859663">
      </trkpt>
      <trkpt lat="49.126909" lon="16.860225">
      </trkpt>
      <trkpt lat="49.131855" lon="16.865012">
      </trkpt>
      <trkpt lat="49.133098" lon="16.867461">
      </trkpt>
      <trkpt lat="49.133893" lon="16.870366">
      </trkpt>
      <trkpt lat="49.13438" lon="16.87174">
      </trkpt>
      <trkpt lat="49.135215" lon="16.873703">
      </trkpt>
      <trkpt lat="49.134016" lon="16.880914">
      </trkpt>
      <trkpt lat="49.131562" lon="16.882027">
      </trkpt>
      <trkpt lat="49.124081" lon="16.879364">
      </trkpt>
      <trkpt lat="49.120987" lon="16.881203">
      </trkpt>
      <trkpt lat="49.113621" lon="16.880176">
      </trkpt>
      <trkpt lat="49.111899" lon="16.87944">
      </trkpt>
      <trkpt lat="49.105071" lon="16.874389">
      </trkpt>
      <trkpt lat="49.104901" lon="16.873707">
      </trkpt>
      <trkpt lat="49.104731" lon="16.873345">
      </trkpt>
      <trkpt lat="49.103857" lon="16.871812">
      </trkpt>
      <trkpt lat="49.103306" lon="16.870922">
      </trkpt>
      <trkpt lat="49.101797" lon="16.868256">
      </trkpt>
      <trkpt lat="49.096505" lon="16.863204">
      </trkpt>
      <trkpt lat="49.095332" lon="16.861278">
      </trkpt>
      <trkpt lat="49.094526" lon="16.861348">
      </trkpt>
      <trkpt lat="49.093541" lon="16.861316">
      </trkpt>
      <trkpt lat="49.09262" lon="16.861525">
      </trkpt>
      <trkpt lat="49.091363" lon="16.862783">
      </trkpt>
      <trkpt lat="49.09124" lon="16.863399">
      </trkpt>
      <trkpt lat="49.09058" lon="16.865517">
      </trkpt>
      <trkpt lat="49.091895" lon="16.868868">
      </trkpt>
      <trkpt lat="49.094129" lon="16.875162">
      </trkpt>
      <trkpt lat="49.091813" lon="16.878758">
      </trkpt>
      <trkpt lat="49.091487" lon="16.879006">
      </trkpt>
      <trkpt lat="49.091086" lon="16.879482">
      </trkpt>
      <trkpt lat="49.083301" lon="16.883813">
      </trkpt>
      <trkpt lat="49.082056" lon="16.883637">
      </trkpt>
      <trkpt lat="49.079677" lon="16.884036">
      </trkpt>
      <trkpt lat="49.078675" lon="16.884224">
      </trkpt>
      <trkpt lat="49.077951" lon="16.884461">
      </trkpt>
      <trkpt lat="49.07783" lon="16.88452">
      </trkpt>
      <trkpt lat="49.079069" lon="16.890095">
      </trkpt>
      <trkpt lat="49.082457" lon="16.891311">
      </trkpt>
      <trkpt lat="49.089001" lon="16.894145">
      </trkpt>
      <trkpt lat="49.088716" lon="16.899191">
      </trkpt>
      <trkpt lat="49.08618" lon="16.901746">
      </trkpt>
      <trkpt lat="49.086739" lon="16.902301">
      </trkpt>
      <trkpt lat="49.09125" lon="16.908685">
      </trkpt>
      <trkpt lat="49.091595" lon="16.910085">
      </trkpt>
      <trkpt lat="49.091643" lon="16.91199">
      </trkpt>
      <trkpt lat="49.090136" lon="16.919496">
      </trkpt>
      <trkpt lat="49.081221" lon="16.920708">
      </trkpt>
      <trkpt lat="49.079594" lon="16.917567">
      </trkpt>
      <trkpt lat="49.073172" lon="16.914802">
      </trkpt>
      <trkpt lat="49.072725" lon="16.914359">
      </trkpt>
      <trkpt lat="49.072425" lon="16.914088">
      </trkpt>
      <trkpt lat="49.072093" lon="16.913846">
      </trkpt>
      <trkpt lat="49.068196" lon="16.913256">
      </trkpt>
      <trkpt lat="49.064771" lon="16.914366">
      </trkpt>
      <trkpt lat="49.065276" lon="16.918815">
      </trkpt>
      <trkpt lat="49.062292" lon="16.926811">
      </trkpt>
      <trkpt lat="49.06149" lon="16.927708">
      </trkpt>
      <trkpt lat="49.060342" lon="16.929385">
      </trkpt>
      <trkpt lat="49.06019" lon="16.929886">
      </trkpt>
      <trkpt lat="49.060297" lon="16.93009">
      </trkpt>
      <trkpt lat="49.063286" lon="16.931722">
      </trkpt>
      <trkpt lat="49.067636" lon="16.929876">
      </trkpt>
      <trkpt lat="49.068239" lon="16.92993">
      </trkpt>
      <trkpt lat="49.071601" lon="16.931946">
      </trkpt>
      <trkpt lat="49.06959" lon="16.939662">
      </trkpt>
      <trkpt lat="49.068863" lon="16.940199">
      </trkpt>
      <trkpt lat="49.068357" lon="16.940713">
      </trkpt>
      <trkpt lat="49.063801" lon="16.942983">
      </trkpt>
      <trkpt lat="49.063199" lon="16.943003">
      </trkpt>
      <trkpt lat="49.062676" lon="16.943112">
      </trkpt>
      <trkpt lat="49.062303" lon="16.943238">
      </trkpt>
      <trkpt lat="49.060147" lon="16.944128">
      </trkpt>
      <trkpt lat="49.053797" lon="16.944654">
      </trkpt>
      <trkpt lat="49.050231" lon="16.945149">
      </trkpt>
      <trkpt lat="49.050187" lon="16.945555">
      </trkpt>
      <trkpt lat="49.050171" lon="16.9459">
      </trkpt>
      <trkpt lat="49.050223" lon="16.946562">
      </trkpt>
      <trkpt lat="49.049883" lon="16.949265">
      </trkpt>
      <trkpt lat="49.043037" lon="16.954449">
      </trkpt>
      <trkpt lat="49.043395" lon="16.958031">
      </trkpt>
      <trkpt lat="49.05056" lon="16.959915">
      </trkpt>
      <trkpt lat="49.053633" lon="16.961792">
      </trkpt>
      <trkpt lat="49.057647" lon="16.957015">
      </trkpt>
      <trkpt lat="49.057974" lon="16.95343">
      </trkpt>
      <trkpt lat="49.066127" lon="16.950722">
      </trkpt>
      <trkpt lat="49.067255" lon="16.951128">
      </trkpt>
      <trkpt lat="49.069953" lon="16.952249">
      </trkpt>
      <trkpt lat="49.070224" lon="16.951679">
      </trkpt>
      <trkpt lat="49.072158" lon="16.949252">
      </trkpt>
      <trkpt lat="49.079921" lon="16.952377">
      </trkpt>
      <trkpt lat="49.084223" lon="16.954724">
      </trkpt>
      <trkpt lat="49.084493" lon="16.954293">
      </trkpt>
      <trkpt lat="49.084813" lon="16.953673">
      </trkpt>
      <trkpt lat="49.085039" lon="16.953284">
      </trkpt>
      <trkpt lat="49.085467" lon="16.952467">
      </trkpt>
      <trkpt lat="49.093524" lon="16.948804">
      </trkpt>
      <trkpt lat="49.097091" lon="16.94929">
      </trkpt>
      <trkpt lat="49.105688" lon="16.950578">
      </trkpt>
      <trkpt lat="49.107777" lon="16.956917">
      </trkpt>
      <trkpt lat="49.11111" lon="16.958278">
      </trkpt>
      <trkpt lat="49.116483" lon="16.965288">
      </trkpt>
      <trkpt lat="49.116568" lon="16.96641">
      </trkpt>
      <trkpt lat="49.116635" lon="16.968037">
      </trkpt>
      <trkpt lat="49.116644" lon="16.969864">
      </trkpt>
      <trkpt lat="49.116386" lon="16.972863">
      </trkpt>
      <trkpt lat="49.116354" lon="16.973635">
      </trkpt>
      <trkpt lat="49.11635" lon="16.974078">
      </trkpt>
      <trkpt lat="49.118161" lon="16.976245">
      </trkpt>
      <trkpt lat="49.115727" lon="16.984304">
      </trkpt>
      <trkpt lat="49.115501" lon="16.985259">
      </trkpt>
      <trkpt lat="49.115551" lon="16.98629">
      </trkpt>
      <trkpt lat="49.11669" lon="16.987688">
      </trkpt>
      <trkpt lat="49.119564" lon="16.990108">
      </trkpt>
      <trkpt lat="49.118982" lon="16.998456">
      </trkpt>
      <trkpt lat="49.11772" lon="16.999057">
      </trkpt>
      <trkpt lat="49.115061" lon="17.000606">
      </trkpt>
      <trkpt lat="49.114918" lon="17.000664">
      </trkpt>
      <trkpt lat="49.114061" lon="17.001628">
      </trkpt>
      <trkpt lat="49.114005" lon="17.001775">
      </trkpt>
      <trkpt lat="49.116281" lon="17.003996">
      </trkpt>
      <trkpt lat="49.114184" lon="17.011154">
      </trkpt>
      <trkpt lat="49.113427" lon="17.011539">
      </trkpt>
      <trkpt lat="49.112834" lon="17.011999">
      </trkpt>
      <trkpt lat="49.109421" lon="17.013954">
      </trkpt>
      <trkpt lat="49.102165" lon="17.015372">
      </trkpt>
      <trkpt lat="49.101367" lon="17.015335">
      </trkpt>
      <trkpt lat="49.100651" lon="17.015457">
      </trkpt>
      <trkpt lat="49.100167" lon="17.015631">
      </trkpt>
      <trkpt lat="49.09968" lon="17.015902">
      </trkpt>
      <trkpt lat="49.098629" lon="17.016654">
      </trkpt>
      <trkpt lat="49.100628" lon="17.019648">
      </trkpt>
      <trkpt lat="49.10559" lon="17.021152">
      </trkpt>
      <trkpt lat="49.109412" lon="17.019122">
      </trkpt>
      <trkpt lat="49.110089" lon="17.01886">
      </trkpt>
      <trkpt lat="49.110886" lon="17.018334">
      </trkpt>
      <trkpt lat="49.113061" lon="17.016511">
      </trkpt>
      <trkpt lat="49.11515" lon="17.014755">
      </trkpt>
      <trkpt lat="49.118781" lon="17.013761">
      </trkpt>
      <trkpt lat="49.120853" lon="17.013848">
      </trkpt>
      <trkpt lat="49.124777" lon="17.021361">
      </trkpt>
      <trkpt lat="49.124035" lon="17.022839">
      </trkpt>
      <trkpt lat="49.123422" lon="17.023615">
      </trkpt>
      <trkpt lat="49.12602" lon="17.026107">
      </trkpt>
      <trkpt lat="49.126296" lon="17.033012">
      </trkpt>
      <trkpt lat="49.125378" lon="17.03626">
      </trkpt>
      <trkpt lat="49.12509" lon="17.037351">
      </trkpt>
      <trkpt lat="49.125729" lon="17.037835">
      </trkpt>
      <trkpt lat="49.1264" lon="17.046579">
      </trkpt>
      <trkpt lat="49.126104" lon="17.047291">
      </trkpt>
      <trkpt lat="49.125888" lon="17.047834">
      </trkpt>
      <trkpt lat="49.126011" lon="17.048379">
      </trkpt>
      <trkpt lat="49.129682" lon="17.05608">
      </trkpt>
      <trkpt lat="49.130302" lon="17.059575">
      </trkpt>
      <trkpt lat="49.13293" lon="17.062036">
      </trkpt>
      <trkpt lat="49.134379" lon="17.060488">
      </trkpt>
      <trkpt lat="49.135184" lon="17.059679">
      </trkpt>
      <trkpt lat="49.135853" lon="17.058945">
      </trkpt>
      <trkpt lat="49.144428" lon="17.059317">
      </trkpt>
      <trkpt lat="49.145075" lon="17.062828">
      </trkpt>
      <trkpt lat="49.145062" lon="17.065589">
      </trkpt>
      <trkpt lat="49.144419" lon="17.069117">
      </trkpt>
      <trkpt lat="49.140836" lon="17.075357">
      </trkpt>
      <trkpt lat="49.134297" lon="17.077521">
      </trkpt>
      <trkpt lat="49.131014" lon="17.076653">
      </trkpt>
      <trkpt lat="49.128457" lon="17.074585">
      </trkpt>
      <trkpt lat="49.127967" lon="17.074182">
      </trkpt>
      <trkpt lat="49.127376" lon="17.073827">
      </trkpt>
      <trkpt lat="49.124807" lon="17.072371">
      </trkpt>
      <trkpt lat="49.123032" lon="17.075503">
      </trkpt>
      <trkpt lat="49.127533" lon="17.080487">
      </trkpt>
      <trkpt lat="49.128189" lon="17.082104">
      </trkpt>
      <trkpt lat="49.130064" lon="17.08472">
      </trkpt>
      <trkpt lat="49.131811" lon="17.087118">
      </trkpt>
      <trkpt lat="49.132352" lon="17.093146">
      </trkpt>
      <trkpt lat="49.124845" lon="17.094421">
      </trkpt>
      <trkpt lat="49.121296" lon="17.095022">
      </trkpt>
      <trkpt lat="49.121143" lon="17.095801">
      </trkpt>
      <trkpt lat="49.121718" lon="17.099355">
      </trkpt>
      <trkpt lat="49.122854" lon="17.103799">
      </trkpt>
      <trkpt lat="49.123712" lon="17.104331">
      </trkpt>
      <trkpt lat="49.124911" lon="17.10478">
      </trkpt>
      <trkpt lat="49.130246" lon="17.110449">
      </trkpt>
      <trkpt lat="49.130483" lon="17.111153">
      </trkpt>
      <trkpt lat="49.128678" lon="17.11996">
      </trkpt>
      <trkpt lat="49.128005" lon="17.120945">
      </trkpt>
      <trkpt lat="49.127821" lon="17.124904">
      </trkpt>
      <trkpt lat="49.128007" lon="17.125401">
      </trkpt>
      <trkpt lat="49.128536" lon="17.125889">
      </trkpt>
      <trkpt lat="49.130299" lon="17.127515">
      </trkpt>
      <trkpt lat="49.13053" lon="17.127296">
      </trkpt>
      <trkpt lat="49.130918" lon="17.126798">
      </trkpt>
      <trkpt lat="49.138207" lon="17.122194">
      </trkpt>
      <trkpt lat="49.138019" lon="17.121601">
      </trkpt>
      <trkpt lat="49.13729" lon="17.118928">
      </trkpt>
      <trkpt lat="49.137147" lon="17.117684">
      </trkpt>
      <trkpt lat="49.14325" lon="17.111724">
      </trkpt>
      <trkpt lat="49.147046" lon="17.113932">
      </trkpt>
      <trkpt lat="49.148025" lon="17.120449">
      </trkpt>
      <trkpt lat="49.148368" lon="17.121332">
      </trkpt>
      <trkpt lat="49.148623" lon="17.122953">
      </trkpt>
      <trkpt lat="49.149146" lon="17.125912">
      </trkpt>
      <trkpt lat="49.149425" lon="17.126489">
      </trkpt>
      <trkpt lat="49.150128" lon="17.131938">
      </trkpt>
      <trkpt lat="49.150701" lon="17.134693">
      </trkpt>
      <trkpt lat="49.151148" lon="17.139433">
      </trkpt>
      <trkpt lat="49.153864" lon="17.141796">
      </trkpt>
      <trkpt lat="49.157486" lon="17.148837">
      </trkpt>
      <trkpt lat="49.157689" lon="17.151388">
      </trkpt>
      <trkpt lat="49.157902" lon="17.154032">
      </trkpt>
      <trkpt lat="49.158292" lon="17.157541">
      </trkpt>
      <trkpt lat="49.159172" lon="17.158129">
      </trkpt>
      <trkpt lat="49.159328" lon="17.15822">
      </trkpt>
      <trkpt lat="49.161892" lon="17.157571">
      </trkpt>
      <trkpt lat="49.167342" lon="17.15163">
      </trkpt>
      <trkpt lat="49.175397" lon="17.15553">
      </trkpt>
      <trkpt lat="49.175299" lon="17.156058">
      </trkpt>
      <trkpt lat="49.175318" lon="17.156676">
      </trkpt>
      <trkpt lat="49.175115" lon="17.158414">
      </trkpt>
      <trkpt lat="49.17482" lon="17.16039">
      </trkpt>
      <trkpt lat="49.174511" lon="17.162504">
      </trkpt>
      <trkpt lat="49.174481" lon="17.163114">
      </trkpt>
      <trkpt lat="49.174524" lon="17.163821">
      </trkpt>
      <trkpt lat="49.174575" lon="17.164162">
      </trkpt>
      <trkpt lat="49.174767" lon="17.16678">
      </trkpt>
      <trkpt lat="49.174717" lon="17.167365">
      </trkpt>
      <trkpt lat="49.174709" lon="17.167901">
      </trkpt>
      <trkpt lat="49.174453" lon="17.170891">
      </trkpt>
      <trkpt lat="49.179085" lon="17.175261">
      </trkpt>
      <trkpt lat="49.179595" lon="17.17614">
      </trkpt>
      <trkpt lat="49.180941" lon="17.182782">
      </trkpt>
      <trkpt lat="49.176352" lon="17.185048">
      </trkpt>
      <trkpt lat="49.175089" lon="17.188419">
      </trkpt>
      <trkpt lat="49.177899" lon="17.190346">
      </trkpt>
      <trkpt lat="49.178604" lon="17.191132">
      </trkpt>
      <trkpt lat="49.179025" lon="17.191481">
      </trkpt>
      <trkpt lat="49.183342" lon="17.197235">
      </trkpt>
      <trkpt lat="49.181038" lon="17.20332">
      </trkpt>
      <trkpt lat="49.180808" lon="17.203571">
      </trkpt>
      <trkpt lat="49.180558" lon="17.203927">
      </trkpt>
      <trkpt lat="49.180401" lon="17.204228">
      </trkpt>
      <trkpt lat="49.180238" lon="17.204659">
      </trkpt>
      <trkpt lat="49.180101" lon="17.205245">
      </trkpt>
      <trkpt lat="49.180061" lon="17.20566">
      </trkpt>
      <trkpt lat="49.18006" lon="17.205909">
      </trkpt>
      <trkpt lat="49.179524" lon="17.208415">
      </trkpt>
      <trkpt lat="49.170937" lon="17.208287">
      </trkpt>
      <trkpt lat="49.170748" lon="17.207955">
      </trkpt>
      <trkpt lat="49.16967" lon="17.206309">
      </trkpt>
      <trkpt lat="49.168993" lon="17.205477">
      </trkpt>
      <trkpt lat="49.166202" lon="17.207751">
      </trkpt>
      <trkpt lat="49.162347" lon="17.209835">
      </trkpt>
      <trkpt lat="49.161802" lon="17.210329">
      </trkpt>
      <trkpt lat="49.161585" lon="17.210623">
      </trkpt>
      <trkpt lat="49.161317" lon="17.211042">
      </trkpt>
      <trkpt lat="49.162895" lon="17.212911">
      </trkpt>
      <trkpt lat="49.16328" lon="17.21331">
      </trkpt>
      <trkpt lat="49.163857" lon="17.213741">
      </trkpt>
      <trkpt lat="49.164977" lon="17.214632">
      </trkpt>
      <trkpt lat="49.172837" lon="17.216122">
      </trkpt>
      <trkpt lat="49.173825" lon="17.216527">
      </trkpt>
      <trkpt lat="49.175303" lon="17.21654">
      </trkpt>
      <trkpt lat="49.177278" lon="17.216006">
      </trkpt>
      <trkpt lat="49.177634" lon="17.215885">
      </trkpt>
      <trkpt lat="49.178009" lon="17.215713">
      </trkpt>
      <trkpt lat="49.17861" lon="17.21532">
      </trkpt>
      <trkpt lat="49.18074" lon="17.213554">
      </trkpt>
      <trkpt lat="49.181179" lon="17.213131">
      </trkpt>
      <trkpt lat="49.187832" lon="17.208226">
      </trkpt>
      <trkpt lat="49.190361" lon="17.208806">
      </trkpt>
      <trkpt lat="49.192414" lon="17.209277">
      </trkpt>
      <trkpt lat="49.19447" lon="17.209749">
      </trkpt>
      <trkpt lat="49.194137" lon="17.218434">
      </trkpt>
      <trkpt lat="49.190712" lon="17.221763">
      </trkpt>
      <trkpt lat="49.190304" lon="17.222241">
      </trkpt>
      <trkpt lat="49.189993" lon="17.222766">
      </trkpt>
      <trkpt lat="49.18976" lon="17.22332">
      </trkpt>
      <trkpt lat="49.189626" lon="17.223738">
      </trkpt>
      <trkpt lat="49.189502" lon="17.224327">
      </trkpt>
      <trkpt lat="49.189425" lon="17.225124">
      </trkpt>
      <trkpt lat="49.187908" lon="17.229514">
      </trkpt>
      <trkpt lat="49.17999" lon="17.232953">
      </trkpt>
      <trkpt lat="49.179346" lon="17.232833">
      </trkpt>
      <trkpt lat="49.178052" lon="17.232914">
      </trkpt>
      <trkpt lat="49.177382" lon="17.233314">
      </trkpt>
      <trkpt lat="49.176824" lon="17.234186">
      </trkpt>
      <trkpt lat="49.176795" lon="17.234286">
      </trkpt>
      <trkpt lat="49.179109" lon="17.236425">
      </trkpt>
      <trkpt lat="49.179222" lon="17.23647">
      </trkpt>
      <trkpt lat="49.18066" lon="17.236911">
      </trkpt>
      <trkpt lat="49.181661" lon="17.237187">
      </trkpt>
      <trkpt lat="49.182203" lon="17.237362">
      </trkpt>
      <trkpt lat="49.18855" lon="17.241013">
      </trkpt>
      <trkpt lat="49.19193" lon="17.242251">
      </trkpt>
      <trkpt lat="49.196233" lon="17.244493">
      </trkpt>
      <trkpt lat="49.197725" lon="17.246603">
      </trkpt>
      <trkpt lat="49.195293" lon="17.255251">
      </trkpt>
      <trkpt lat="49.194243" lon="17.255949">
      </trkpt>
      <trkpt lat="49.196238" lon="17.258946">
      </trkpt>
      <trkpt lat="49.200572" lon="17.258226">
      </trkpt>
      <trkpt lat="49.201215" lon="17.258062">
      </trkpt>
      <trkpt lat="49.209424" lon="17.259487">
      </trkpt>
      <trkpt lat="49.210828" lon="17.260724">
      </trkpt>
      <trkpt lat="49.212546" lon="17.262597">
      </trkpt>
      <trkpt lat="49.21418" lon="17.265453">
      </trkpt>
      <trkpt lat="49.215638" lon="17.268185">
      </trkpt>
      <trkpt lat="49.21622" lon="17.2695">
      </trkpt>
      <trkpt lat="49.216786" lon="17.270547">
      </trkpt>
      <trkpt lat="49.21921" lon="17.273365">
      </trkpt>
      <trkpt lat="49.220505" lon="17.275563">
      </trkpt>
      <trkpt lat="49.221252" lon="17.276283">
      </trkpt>
      <trkpt lat="49.223913" lon="17.277726">
      </trkpt>
      <trkpt lat="49.224427" lon="17.277935">
      </trkpt>
      <trkpt lat="49.226332" lon="17.278808">
      </trkpt>
      <trkpt lat="49.227925" lon="17.280243">
      </trkpt>
      <trkpt lat="49.228259" lon="17.280466">
      </trkpt>
      <trkpt lat="49.22862" lon="17.280675">
      </trkpt>
      <trkpt lat="49.230134" lon="17.281325">
      </trkpt>
      <trkpt lat="49.232055" lon="17.283134">
      </trkpt>
      <trkpt lat="49.233326" lon="17.285141">
      </trkpt>
      <trkpt lat="49.230212" lon="17.293437">
      </trkpt>
      <trkpt lat="49.223137" lon="17.294634">
      </trkpt>
      <trkpt lat="49.221297" lon="17.288896">
      </trkpt>
      <trkpt lat="49.21964" lon="17.288131">
      </trkpt>
      <trkpt lat="49.217634" lon="17.287652">
      </trkpt>
      <trkpt lat="49.215317" lon="17.286659">
      </trkpt>
      <trkpt lat="49.213816" lon="17.286437">
      </trkpt>
      <trkpt lat="49.213235" lon="17.286262">
      </trkpt>
      <trkpt lat="49.209199" lon="17.286405">
      </trkpt>
      <trkpt lat="49.205804" lon="17.28521">
      </trkpt>
      <trkpt lat="49.198233" lon="17.286542">
      </trkpt>
      <trkpt lat="49.194955" lon="17.285416">
      </trkpt>
      <trkpt lat="49.192357" lon="17.284951">
      </trkpt>
      <trkpt lat="49.191988" lon="17.285251">
      </trkpt>
      <trkpt lat="49.19159" lon="17.285665">
      </trkpt>
      <trkpt lat="49.191263" lon="17.286071">
      </trkpt>
      <trkpt lat="49.188185" lon="17.290699">
      </trkpt>
      <trkpt lat="49.188167" lon="17.290835">
      </trkpt>
      <trkpt lat="49.188402" lon="17.291984">
      </trkpt>
      <trkpt lat="49.188402" lon="17.291986">
      </trkpt>
      <trkpt lat="49.188639" lon="17.292218">
      </trkpt>
      <trkpt lat="49.192203" lon="17.292727">
      </trkpt>
      <trkpt lat="49.193472" lon="17.292106">
      </trkpt>
      <trkpt lat="49.198949" lon="17.291379">
      </trkpt>
      <trkpt lat="49.204088" lon="17.295838">
      </trkpt>
      <trkpt lat="49.204436" lon="17.296372">
      </trkpt>
      <trkpt lat="49.205412" lon="17.297009">
      </trkpt>
      <trkpt lat="49.206309" lon="17.297116">
      </trkpt>
      <trkpt lat="49.207993" lon="17.2971">
      </trkpt>
      <trkpt lat="49.212051" lon="17.304676">
      </trkpt>
      <trkpt lat="49.211739" lon="17.30525">
      </trkpt>
      <trkpt lat="49.211076" lon="17.307072">
      </trkpt>
      <trkpt lat="49.208761" lon="17.310161">
      </trkpt>
      <trkpt lat="49.208474" lon="17.310477">
      </trkpt>
      <trkpt lat="49.205335" lon="17.313785">
      </trkpt>
      <trkpt lat="49.204283" lon="17.314445">
      </trkpt>
      <trkpt lat="49.203719" lon="17.315012">
      </trkpt>
      <trkpt lat="49.203244" lon="17.315723">
      </trkpt>
      <trkpt lat="49.20551" lon="17.318491">
      </trkpt>
      <trkpt lat="49.2057" lon="17.318366">
      </trkpt>
      <trkpt lat="49.213759" lon="17.318754">
      </trkpt>
      <trkpt lat="49.215179" lon="17.323056">
      </trkpt>
      <trkpt lat="49.212619" lon="17.328324">
      </trkpt>
      <trkpt lat="49.21215" lon="17.328833">
      </trkpt>
      <trkpt lat="49.210709" lon="17.331318">
      </trkpt>
      <trkpt lat="49.209611" lon="17.333206">
      </trkpt>
      <trkpt lat="49.208502" lon="17.335213">
      </trkpt>
      <trkpt lat="49.207263" lon="17.337393">
      </trkpt>
      <trkpt lat="49.201493" lon="17.342216">
      </trkpt>
      <trkpt lat="49.199194" lon="17.342314">
      </trkpt>
      <trkpt lat="49.195745" lon="17.342389">
      </trkpt>
      <trkpt lat="49.194418" lon="17.342667">
      </trkpt>
      <trkpt lat="49.194457" lon="17.346266">
      </trkpt>
      <trkpt lat="49.196746" lon="17.346242">
      </trkpt>
      <trkpt lat="49.19968" lon="17.345881">
      </trkpt>
      <trkpt lat="49.201634" lon="17.345813">
      </trkpt>
      <trkpt lat="49.202483" lon="17.34576">
      </trkpt>
      <trkpt lat="49.207124" lon="17.343902">
      </trkpt>
      <trkpt lat="49.207564" lon="17.343649">
      </trkpt>
      <trkpt lat="49.208121" lon="17.343117">
      </trkpt>
      <trkpt lat="49.209154" lon="17.341351">
      </trkpt>
      <trkpt lat="49.210393" lon="17.339172">
      </trkpt>
      <trkpt lat="49.211632" lon="17.336992">
      </trkpt>
      <trkpt lat="49.212763" lon="17.334945">
      </trkpt>
      <trkpt lat="49.21382" lon="17.333129">
      </trkpt>
      <trkpt lat="49.215102" lon="17.330931">
      </trkpt>
      <trkpt lat="49.223026" lon="17.332336">
      </trkpt>
      <trkpt lat="49.224104" lon="17.336268">
      </trkpt>
      <trkpt lat="49.223722" lon="17.339377">
      </trkpt>
      <trkpt lat="49.220889" lon="17.347316">
      </trkpt>
      <trkpt lat="49.219244" lon="17.351266">
      </trkpt>
      <trkpt lat="49.219107" lon="17.351743">
      </trkpt>
      <trkpt lat="49.219067" lon="17.352305">
      </trkpt>
      <trkpt lat="49.212439" lon="17.356599">
      </trkpt>
      <trkpt lat="49.2105" lon="17.355289">
      </trkpt>
      <trkpt lat="49.209299" lon="17.355153">
      </trkpt>
      <trkpt lat="49.208142" lon="17.358562">
      </trkpt>
      <trkpt lat="49.212163" lon="17.364239">
      </trkpt>
      <trkpt lat="49.211832" lon="17.366807">
      </trkpt>
      <trkpt lat="49.209655" lon="17.372785">
      </trkpt>
      <trkpt lat="49.207648" lon="17.37404">
      </trkpt>
      <trkpt lat="49.200518" lon="17.371645">
      </trkpt>
      <trkpt lat="49.199651" lon="17.37049">
      </trkpt>
      <trkpt lat="49.197079" lon="17.364817">
      </trkpt>
      <trkpt lat="49.19703" lon="17.363689">
      </trkpt>
      <trkpt lat="49.196844" lon="17.362585">
      </trkpt>
      <trkpt lat="49.191278" lon="17.361514">
      </trkpt>
      <trkpt lat="49.190398" lon="17.361223">
      </trkpt>
      <trkpt lat="49.190097" lon="17.361144">
      </trkpt>
      <trkpt lat="49.189603" lon="17.361079">
      </trkpt>
      <trkpt lat="49.189578" lon="17.3611">
      </trkpt>
      <trkpt lat="49.185744" lon="17.363579">
      </trkpt>
      <trkpt lat="49.185729" lon="17.365367">
      </trkpt>
      <trkpt lat="49.186381" lon="17.366544">
      </trkpt>
      <trkpt lat="49.187496" lon="17.367629">
      </trkpt>
      <trkpt lat="49.188232" lon="17.368024">
      </trkpt>
      <trkpt lat="49.189622" lon="17.36818">
      </trkpt>
      <trkpt lat="49.193446" lon="17.369853">
      </trkpt>
      <trkpt lat="49.194158" lon="17.370398">
      </trkpt>
      <trkpt lat="49.192483" lon="17.378831">
      </trkpt>
      <trkpt lat="49.193047" lon="17.382303">
      </trkpt>
      <trkpt lat="49.192176" lon="17.390724">
      </trkpt>
      <trkpt lat="49.192449" lon="17.392592">
      </trkpt>
      <trkpt lat="49.193184" lon="17.393007">
      </trkpt>
      <trkpt lat="49.200476" lon="17.398264">
      </trkpt>
      <trkpt lat="49.200411" lon="17.398612">
      </trkpt>
      <trkpt lat="49.196898" lon="17.403005">
      </trkpt>
      <trkpt lat="49.196394" lon="17.403164">
      </trkpt>
      <trkpt lat="49.194999" lon="17.403367">
      </trkpt>
      <trkpt lat="49.193386" lon="17.403408">
      </trkpt>
      <trkpt lat="49.193477" lon="17.407007">
      </trkpt>
      <trkpt lat="49.199384" lon="17.413016">
      </trkpt>
      <trkpt lat="49.204209" lon="17.419152">
      </trkpt>
      <trkpt lat="49.205033" lon="17.4209">
      </trkpt>
      <trkpt lat="49.201659" lon="17.42856">
      </trkpt>
      <trkpt lat="49.197842" lon="17.434185">
      </trkpt>
      <trkpt lat="49.197414" lon="17.434583">
      </trkpt>
      <trkpt lat="49.197259" lon="17.434778">
      </trkpt>
      <trkpt lat="49.200029" lon="17.437054">
      </trkpt>
      <trkpt lat="49.205332" lon="17.444038">
      </trkpt>
      <trkpt lat="49.205212" lon="17.447168">
      </trkpt>
      <trkpt lat="49.205234" lon="17.447638">
      </trkpt>
      <trkpt lat="49.207951" lon="17.452517">
      </trkpt>
      <trkpt lat="49.209622" lon="17.45824">
      </trkpt>
      <trkpt lat="49.209193" lon="17.459693">
      </trkpt>
      <trkpt lat="49.205637" lon="17.462975">
      </trkpt>
      <trkpt lat="49.199227" lon="17.460334">
      </trkpt>
      <trkpt lat="49.198937" lon="17.460019">
      </trkpt>
      <trkpt lat="49.19835" lon="17.459301">
      </trkpt>
      <trkpt lat="49.197468" lon="17.458891">
      </trkpt>
      <trkpt lat="49.196677" lon="17.458768">
      </trkpt>
      <trkpt lat="49.195799" lon="17.461784">
      </trkpt>
      <trkpt lat="49.196648" lon="17.464052">
      </trkpt>
      <trkpt lat="49.197324" lon="17.46593">
      </trkpt>
      <trkpt lat="49.195574" lon="17.472473">
      </trkpt>
      <trkpt lat="49.192226" lon="17.473794">
      </trkpt>
      <trkpt lat="49.184596" lon="17.473878">
      </trkpt>
      <trkpt lat="49.183315" lon="17.470482">
      </trkpt>
      <trkpt lat="49.181983" lon="17.470203">
      </trkpt>
      <trkpt lat="49.181599" lon="17.470113">
      </trkpt>
      <trkpt lat="49.178197" lon="17.466746">
      </trkpt>
      <trkpt lat="49.182248" lon="17.460828">
      </trkpt>
      <trkpt lat="49.183011" lon="17.460493">
      </trkpt>
      <trkpt lat="49.18342" lon="17.460173">
      </trkpt>
      <trkpt lat="49.18355" lon="17.460032">
      </trkpt>
      <trkpt lat="49.186978" lon="17.454019">
      </trkpt>
      <trkpt lat="49.187389" lon="17.453525">
      </trkpt>
      <trkpt lat="49.186887" lon="17.452363">
      </trkpt>
      <trkpt lat="49.185764" lon="17.450312">
      </trkpt>
      <trkpt lat="49.184149" lon="17.447993">
      </trkpt>
      <trkpt lat="49.182468" lon="17.445435">
      </trkpt>
      <trkpt lat="49.176303" lon="17.443369">
      </trkpt>
      <trkpt lat="49.170039" lon="17.443655">
      </trkpt>
      <trkpt lat="49.169246" lon="17.444401">
      </trkpt>
      <trkpt lat="49.168493" lon="17.445732">
      </trkpt>
      <trkpt lat="49.161603" lon="17.448816">
      </trkpt>
      <trkpt lat="49.158289" lon="17.447172">
      </trkpt>
      <trkpt lat="49.155931" lon="17.444452">
      </trkpt>
      <trkpt lat="49.150908" lon="17.444521">
      </trkpt>
      <trkpt lat="49.147196" lon="17.441548">
      </trkpt>
      <trkpt lat="49.14643" lon="17.43634">
      </trkpt>
      <trkpt lat="49.145014" lon="17.43303">
      </trkpt>
      <trkpt lat="49.142385" lon="17.431874">
      </trkpt>
      <trkpt lat="49.139809" lon="17.434389">
      </trkpt>
      <trkpt lat="49.136376" lon="17.438742">
      </trkpt>
      <trkpt lat="49.132382" lon="17.440851">
      </trkpt>
      <trkpt lat="49.129488" lon="17.442991">
      </trkpt>
      <trkpt lat="49.124561" lon="17.450501">
      </trkpt>
      <trkpt lat="49.120665" lon="17.449126">
      </trkpt>
      <trkpt lat="49.116374" lon="17.446321">
      </trkpt>
      <trkpt lat="49.1131" lon="17.447818">
      </trkpt>
      <trkpt lat="49.105904" lon="17.446479">
      </trkpt>
      <trkpt lat="49.104855" lon="17.445682">
      </trkpt>
      <trkpt lat="49.103163" lon="17.444423">
      </trkpt>
      <trkpt lat="49.099521" lon="17.44041">
      </trkpt>
      <trkpt lat="49.099221" lon="17.439914">
      </trkpt>
      <trkpt lat="49.098831" lon="17.439484">
      </trkpt>
      <trkpt lat="49.09835" lon="17.439117">
      </trkpt>
      <trkpt lat="49.097678" lon="17.438818">
      </trkpt>
      <trkpt lat="49.090297" lon="17.43398">
      </trkpt>
      <trkpt lat="49.089214" lon="17.432843">
      </trkpt>
      <trkpt lat="49.087577" lon="17.430901">
      </trkpt>
      <trkpt lat="49.087003" lon="17.430181">
      </trkpt>
      <trkpt lat="49.085886" lon="17.42864">
      </trkpt>
      <trkpt lat="49.084594" lon="17.426693">
      </trkpt>
      <trkpt lat="49.082964" lon="17.424065">
      </trkpt>
      <trkpt lat="49.081759" lon="17.422028">
      </trkpt>
      <trkpt lat="49.080532" lon="17.419954">
      </trkpt>
      <trkpt lat="49.079342" lon="17.418049">
      </trkpt>
      <trkpt lat="49.078038" lon="17.416083">
      </trkpt>
      <trkpt lat="49.076832" lon="17.414415">
      </trkpt>
      <trkpt lat="49.076222" lon="17.413615">
      </trkpt>
      <trkpt lat="49.074519" lon="17.411558">
      </trkpt>
      <trkpt lat="49.073249" lon="17.410098">
      </trkpt>
      <trkpt lat="49.069996" lon="17.40225">
      </trkpt>
      <trkpt lat="49.070232" lon="17.401059">
      </trkpt>
      <trkpt lat="49.070364" lon="17.400219">
      </trkpt>
      <trkpt lat="49.070433" lon="17.399684">
      </trkpt>
      <trkpt lat="49.070526" lon="17.398697">
      </trkpt>
      <trkpt lat="49.070588" lon="17.397666">
      </trkpt>
      <trkpt lat="49.070612" lon="17.396719">
      </trkpt>
      <trkpt lat="49.067013" lon="17.396627">
      </trkpt>
      <trkpt lat="49.058092" lon="17.397692">
      </trkpt>
      <trkpt lat="49.056317" lon="17.396221">
      </trkpt>
      <trkpt lat="49.055256" lon="17.395216">
      </trkpt>
      <trkpt lat="49.054008" lon="17.393885">
      </trkpt>
      <trkpt lat="49.053636" lon="17.39352">
      </trkpt>
      <trkpt lat="49.051115" lon="17.39609">
      </trkpt>
      <trkpt lat="49.052628" lon="17.397676">
      </trkpt>
      <trkpt lat="49.053835" lon="17.398829">
      </trkpt>
      <trkpt lat="49.05579" lon="17.400459">
      </trkpt>
      <trkpt lat="49.057821" lon="17.402054">
      </trkpt>
      <trkpt lat="49.059327" lon="17.403228">
      </trkpt>
      <trkpt lat="49.061535" lon="17.404929">
      </trkpt>
      <trkpt lat="49.062152" lon="17.405383">
      </trkpt>
      <trkpt lat="49.06905" lon="17.410989">
      </trkpt>
      <trkpt lat="49.071797" lon="17.413913">
      </trkpt>
      <trkpt lat="49.073422" lon="17.415878">
      </trkpt>
      <trkpt lat="49.073968" lon="17.416596">
      </trkpt>
      <trkpt lat="49.07512" lon="17.418191">
      </trkpt>
      <trkpt lat="49.076341" lon="17.420037">
      </trkpt>
      <trkpt lat="49.077477" lon="17.42186">
      </trkpt>
      <trkpt lat="49.07866" lon="17.423861">
      </trkpt>
      <trkpt lat="49.079866" lon="17.425898">
      </trkpt>
      <trkpt lat="49.081534" lon="17.428589">
      </trkpt>
      <trkpt lat="49.083212" lon="17.43484">
      </trkpt>
      <trkpt lat="49.080851" lon="17.443106">
      </trkpt>
      <trkpt lat="49.080038" lon="17.443478">
      </trkpt>
      <trkpt lat="49.07818" lon="17.443853">
      </trkpt>
      <trkpt lat="49.07784" lon="17.444107">
      </trkpt>
      <trkpt lat="49.077681" lon="17.444251">
      </trkpt>
      <trkpt lat="49.077415" lon="17.445624">
      </trkpt>
      <trkpt lat="49.077876" lon="17.453694">
      </trkpt>
      <trkpt lat="49.077847" lon="17.454746">
      </trkpt>
      <trkpt lat="49.079021" lon="17.45555">
      </trkpt>
      <trkpt lat="49.079674" lon="17.455543">
      </trkpt>
      <trkpt lat="49.080224" lon="17.455497">
      </trkpt>
      <trkpt lat="49.080901" lon="17.455313">
      </trkpt>
      <trkpt lat="49.084508" lon="17.454821">
      </trkpt>
      <trkpt lat="49.085414" lon="17.45373">
      </trkpt>
      <trkpt lat="49.086179" lon="17.452775">
      </trkpt>
      <trkpt lat="49.088911" lon="17.450944">
      </trkpt>
      <trkpt lat="49.089378" lon="17.450776">
      </trkpt>
      <trkpt lat="49.089864" lon="17.450521">
      </trkpt>
      <trkpt lat="49.09062" lon="17.45005">
      </trkpt>
      <trkpt lat="49.097994" lon="17.449644">
      </trkpt>
      <trkpt lat="49.098859" lon="17.453868">
      </trkpt>
      <trkpt lat="49.098625" lon="17.455205">
      </trkpt>
      <trkpt lat="49.098163" lon="17.456462">
      </trkpt>
      <trkpt lat="49.097647" lon="17.457991">
      </trkpt>
      <trkpt lat="49.096542" lon="17.460757">
      </trkpt>
      <trkpt lat="49.097929" lon="17.466946">
      </trkpt>
      <trkpt lat="49.096393" lon="17.470202">
      </trkpt>
      <trkpt lat="49.099372" lon="17.478504">
      </trkpt>
      <trkpt lat="49.099228" lon="17.479168">
      </trkpt>
      <trkpt lat="49.099025" lon="17.480249">
      </trkpt>
      <trkpt lat="49.102562" lon="17.480916">
      </trkpt>
      <trkpt lat="49.106718" lon="17.485365">
      </trkpt>
      <trkpt lat="49.108705" lon="17.485945">
      </trkpt>
      <trkpt lat="49.109548" lon="17.485872">
      </trkpt>
      <trkpt lat="49.116811" lon="17.49032">
      </trkpt>
      <trkpt lat="49.116992" lon="17.491294">
      </trkpt>
      <trkpt lat="49.12046" lon="17.490328">
      </trkpt>
      <trkpt lat="49.123017" lon="17.486753">
      </trkpt>
      <trkpt lat="49.130626" lon="17.486492">
      </trkpt>
      <trkpt lat="49.132443" lon="17.488449">
      </trkpt>
      <trkpt lat="49.133911" lon="17.494254">
      </trkpt>
      <trkpt lat="49.128638" lon="17.497931">
      </trkpt>
      <trkpt lat="49.128025" lon="17.501409">
      </trkpt>
      <trkpt lat="49.128255" lon="17.507072">
      </trkpt>
      <trkpt lat="49.125921" lon="17.51122">
      </trkpt>
      <trkpt lat="49.128085" lon="17.514467">
      </trkpt>
      <trkpt lat="49.128977" lon="17.522853">
      </trkpt>
      <trkpt lat="49.128855" lon="17.523487">
      </trkpt>
      <trkpt lat="49.128473" lon="17.5266">
      </trkpt>
      <trkpt lat="49.128444" lon="17.526949">
      </trkpt>
      <trkpt lat="49.128459" lon="17.527456">
      </trkpt>
      <trkpt lat="49.127618" lon="17.532135">
      </trkpt>
      <trkpt lat="49.120489" lon="17.534695">
      </trkpt>
      <trkpt lat="49.113709" lon="17.538685">
      </trkpt>
      <trkpt lat="49.110581" lon="17.537414">
      </trkpt>
      <trkpt lat="49.108641" lon="17.535933">
      </trkpt>
      <trkpt lat="49.106488" lon="17.532275">
      </trkpt>
      <trkpt lat="49.105298" lon="17.529533">
      </trkpt>
      <trkpt lat="49.104107" lon="17.526791">
      </trkpt>
      <trkpt lat="49.102917" lon="17.524049">
      </trkpt>
      <trkpt lat="49.101702" lon="17.521087">
      </trkpt>
      <trkpt lat="49.101641" lon="17.520892">
      </trkpt>
      <trkpt lat="49.100994" lon="17.516977">
      </trkpt>
      <trkpt lat="49.100985" lon="17.5169">
      </trkpt>
      <trkpt lat="49.100494" lon="17.515894">
      </trkpt>
      <trkpt lat="49.100094" lon="17.515426">
      </trkpt>
      <trkpt lat="49.097795" lon="17.514817">
      </trkpt>
      <trkpt lat="49.095872" lon="17.516345">
      </trkpt>
      <trkpt lat="49.097896" lon="17.521022">
      </trkpt>
      <trkpt lat="49.09828" lon="17.522292">
      </trkpt>
      <trkpt lat="49.093824" lon="17.529561">
      </trkpt>
      <trkpt lat="49.092275" lon="17.53039">
      </trkpt>
      <trkpt lat="49.090711" lon="17.530906">
      </trkpt>
      <trkpt lat="49.090162" lon="17.531019">
      </trkpt>
      <trkpt lat="49.08974" lon="17.531637">
      </trkpt>
      <trkpt lat="49.090051" lon="17.534273">
      </trkpt>
      <trkpt lat="49.090121" lon="17.534324">
      </trkpt>
      <trkpt lat="49.090891" lon="17.534545">
      </trkpt>
      <trkpt lat="49.096159" lon="17.540455">
      </trkpt>
      <trkpt lat="49.095056" lon="17.543134">
      </trkpt>
      <trkpt lat="49.094129" lon="17.545345">
      </trkpt>
      <trkpt lat="49.094089" lon="17.549822">
      </trkpt>
      <trkpt lat="49.094786" lon="17.556894">
      </trkpt>
      <trkpt lat="49.095767" lon="17.560288">
      </trkpt>
      <trkpt lat="49.096007" lon="17.566458">
      </trkpt>
      <trkpt lat="49.095965" lon="17.566873">
      </trkpt>
      <trkpt lat="49.095917" lon="17.568531">
      </trkpt>
      <trkpt lat="49.095828" lon="17.572572">
      </trkpt>
      <trkpt lat="49.095556" lon="17.577318">
      </trkpt>
      <trkpt lat="49.095563" lon="17.578917">
      </trkpt>
      <trkpt lat="49.095613" lon="17.580115">
      </trkpt>
      <trkpt lat="49.09921" lon="17.579966">
      </trkpt>
      <trkpt lat="49.09916" lon="17.578768">
      </trkpt>
      <trkpt lat="49.09927" lon="17.57659">
      </trkpt>
      <trkpt lat="49.099316" lon="17.57593">
      </trkpt>
      <trkpt lat="49.099426" lon="17.572694">
      </trkpt>
      <trkpt lat="49.099515" lon="17.570415">
      </trkpt>
      <trkpt lat="49.099517" lon="17.568531">
      </trkpt>
      <trkpt lat="49.107205" lon="17.564033">
      </trkpt>
      <trkpt lat="49.110045" lon="17.566245">
      </trkpt>
      <trkpt lat="49.110603" lon="17.56712">
      </trkpt>
      <trkpt lat="49.117352" lon="17.563406">
      </trkpt>
      <trkpt lat="49.118538" lon="17.562782">
      </trkpt>
      <trkpt lat="49.119815" lon="17.561831">
      </trkpt>
      <trkpt lat="49.120587" lon="17.560898">
      </trkpt>
      <trkpt lat="49.125532" lon="17.555768">
      </trkpt>
      <trkpt lat="49.128072" lon="17.553034">
      </trkpt>
      <trkpt lat="49.13112" lon="17.54796">
      </trkpt>
      <trkpt lat="49.131702" lon="17.547326">
      </trkpt>
      <trkpt lat="49.131925" lon="17.546874">
      </trkpt>
      <trkpt lat="49.132074" lon="17.54637">
      </trkpt>
      <trkpt lat="49.132269" lon="17.54352">
      </trkpt>
      <trkpt lat="49.140983" lon="17.542061">
      </trkpt>
      <trkpt lat="49.142172" lon="17.544551">
      </trkpt>
      <trkpt lat="49.142245" lon="17.544867">
      </trkpt>
      <trkpt lat="49.142388" lon="17.545556">
      </trkpt>
      <trkpt lat="49.142483" lon="17.545687">
      </trkpt>
      <trkpt lat="49.144325" lon="17.552191">
      </trkpt>
      <trkpt lat="49.144215" lon="17.552605">
      </trkpt>
      <trkpt lat="49.144152" lon="17.553102">
      </trkpt>
      <trkpt lat="49.144165" lon="17.553562">
      </trkpt>
      <trkpt lat="49.144318" lon="17.554176">
      </trkpt>
      <trkpt lat="49.144765" lon="17.555535">
      </trkpt>
      <trkpt lat="49.146193" lon="17.560115">
      </trkpt>
      <trkpt lat="49.146195" lon="17.562106">
      </trkpt>
      <trkpt lat="49.146244" lon="17.562551">
      </trkpt>
      <trkpt lat="49.146333" lon="17.562936">
      </trkpt>
      <trkpt lat="49.146534" lon="17.563467">
      </trkpt>
      <trkpt lat="49.146877" lon="17.56412">
      </trkpt>
      <trkpt lat="49.145121" lon="17.572565">
      </trkpt>
      <trkpt lat="49.145428" lon="17.57375">
      </trkpt>
      <trkpt lat="49.14605" lon="17.575186">
      </trkpt>
      <trkpt lat="49.146277" lon="17.575563">
      </trkpt>
      <trkpt lat="49.146633" lon="17.575939">
      </trkpt>
      <trkpt lat="49.149675" lon="17.582681">
      </trkpt>
      <trkpt lat="49.153864" lon="17.587525">
      </trkpt>
      <trkpt lat="49.14842" lon="17.593941">
      </trkpt>
      <trkpt lat="49.145173" lon="17.593196">
      </trkpt>
      <trkpt lat="49.144274" lon="17.594154">
      </trkpt>
      <trkpt lat="49.144147" lon="17.594492">
      </trkpt>
      <trkpt lat="49.143896" lon="17.595356">
      </trkpt>
      <trkpt lat="49.143773" lon="17.595772">
      </trkpt>
      <trkpt lat="49.143653" lon="17.59838">
      </trkpt>
      <trkpt lat="49.143871" lon="17.60734">
      </trkpt>
      <trkpt lat="49.148459" lon="17.609393">
      </trkpt>
      <trkpt lat="49.152671" lon="17.616043">
      </trkpt>
      <trkpt lat="49.152876" lon="17.616684">
      </trkpt>
      <trkpt lat="49.154193" lon="17.622505">
      </trkpt>
      <trkpt lat="49.154472" lon="17.625061">
      </trkpt>
      <trkpt lat="49.154549" lon="17.625543">
      </trkpt>
      <trkpt lat="49.154705" lon="17.626264">
      </trkpt>
      <trkpt lat="49.154836" lon="17.62673">
      </trkpt>
      <trkpt lat="49.155007" lon="17.627207">
      </trkpt>
      <trkpt lat="49.156527" lon="17.632859">
      </trkpt>
      <trkpt lat="49.156619" lon="17.633417">
      </trkpt>
      <trkpt lat="49.156755" lon="17.633895">
      </trkpt>
      <trkpt lat="49.156884" lon="17.634209">
      </trkpt>
      <trkpt lat="49.158206" lon="17.640571">
      </trkpt>
      <trkpt lat="49.158178" lon="17.641194">
      </trkpt>
      <trkpt lat="49.152766" lon="17.647779">
      </trkpt>
      <trkpt lat="49.152114" lon="17.648116">
      </trkpt>
      <trkpt lat="49.151766" lon="17.648409">
      </trkpt>
      <trkpt lat="49.151405" lon="17.64878">
      </trkpt>
      <trkpt lat="49.151035" lon="17.649204">
      </trkpt>
      <trkpt lat="49.150168" lon="17.650198">
      </trkpt>
      <trkpt lat="49.142279" lon="17.653685">
      </trkpt>
      <trkpt lat="49.141512" lon="17.653882">
      </trkpt>
      <trkpt lat="49.140841" lon="17.654332">
      </trkpt>
      <trkpt lat="49.140639" lon="17.654542">
      </trkpt>
      <trkpt lat="49.137722" lon="17.662125">
      </trkpt>
      <trkpt lat="49.137926" lon="17.669822">
      </trkpt>
      <trkpt lat="49.13987" lon="17.672852">
      </trkpt>
      <trkpt lat="49.141454" lon="17.673407">
      </trkpt>
      <trkpt lat="49.144871" lon="17.672272">
      </trkpt>
      <trkpt lat="49.144857" lon="17.669244">
      </trkpt>
      <trkpt lat="49.148519" lon="17.661673">
      </trkpt>
      <trkpt lat="49.156433" lon="17.658038">
      </trkpt>
      <trkpt lat="49.157874" lon="17.658904">
      </trkpt>
      <trkpt lat="49.160916" lon="17.659495">
      </trkpt>
      <trkpt lat="49.163029" lon="17.659767">
      </trkpt>
      <trkpt lat="49.163176" lon="17.659612">
      </trkpt>
      <trkpt lat="49.163507" lon="17.658325">
      </trkpt>
      <trkpt lat="49.168958" lon="17.652244">
      </trkpt>
      <trkpt lat="49.169786" lon="17.651767">
      </trkpt>
      <trkpt lat="49.177208" lon="17.650863">
      </trkpt>
      <trkpt lat="49.181804" lon="17.654412">
      </trkpt>
      <trkpt lat="49.182701" lon="17.656184">
      </trkpt>
      <trkpt lat="49.185395" lon="17.658951">
      </trkpt>
      <trkpt lat="49.185515" lon="17.658995">
      </trkpt>
      <trkpt lat="49.193555" lon="17.661192">
      </trkpt>
      <trkpt lat="49.196458" lon="17.66332">
      </trkpt>
      <trkpt lat="49.200322" lon="17.664685">
      </trkpt>
      <trkpt lat="49.202619" lon="17.665785">
      </trkpt>
      <trkpt lat="49.202745" lon="17.665734">
      </trkpt>
      <trkpt lat="49.205028" lon="17.66516">
      </trkpt>
      <trkpt lat="49.205669" lon="17.665024">
      </trkpt>
      <trkpt lat="49.206342" lon="17.6647">
      </trkpt>
      <trkpt lat="49.211483" lon="17.663767">
      </trkpt>
      <trkpt lat="49.218381" lon="17.667805">
      </trkpt>
      <trkpt lat="49.215553" lon="17.673024">
      </trkpt>
      <trkpt lat="49.215202" lon="17.673291">
      </trkpt>
      <trkpt lat="49.21474" lon="17.67372">
      </trkpt>
      <trkpt lat="49.2144" lon="17.674091">
      </trkpt>
      <trkpt lat="49.213905" lon="17.674683">
      </trkpt>
      <trkpt lat="49.213577" lon="17.675122">
      </trkpt>
      <trkpt lat="49.212886" lon="17.675965">
      </trkpt>
      <trkpt lat="49.212648" lon="17.676408">
      </trkpt>
      <trkpt lat="49.204208" lon="17.678852">
      </trkpt>
      <trkpt lat="49.203381" lon="17.678944">
      </trkpt>
      <trkpt lat="49.202788" lon="17.679223">
      </trkpt>
      <trkpt lat="49.202701" lon="17.679284">
      </trkpt>
      <trkpt lat="49.202031" lon="17.679857">
      </trkpt>
      <trkpt lat="49.200408" lon="17.68098">
      </trkpt>
      <trkpt lat="49.199049" lon="17.681728">
      </trkpt>
      <trkpt lat="49.197423" lon="17.684257">
      </trkpt>
      <trkpt lat="49.196455" lon="17.685726">
      </trkpt>
      <trkpt lat="49.196712" lon="17.688586">
      </trkpt>
      <trkpt lat="49.198256" lon="17.691606">
      </trkpt>
      <trkpt lat="49.201418" lon="17.691476">
      </trkpt>
      <trkpt lat="49.201848" lon="17.691362">
      </trkpt>
      <trkpt lat="49.206659" lon="17.688108">
      </trkpt>
      <trkpt lat="49.211594" lon="17.695484">
      </trkpt>
      <trkpt lat="49.209999" lon="17.69735">
      </trkpt>
      <trkpt lat="49.210434" lon="17.699213">
      </trkpt>
      <trkpt lat="49.215035" lon="17.705518">
      </trkpt>
      <trkpt lat="49.217326" lon="17.710409">
      </trkpt>
      <trkpt lat="49.218928" lon="17.718468">
      </trkpt>
      <trkpt lat="49.21877" lon="17.721117">
      </trkpt>
      <trkpt lat="49.218746" lon="17.722676">
      </trkpt>
      <trkpt lat="49.218794" lon="17.723956">
      </trkpt>
      <trkpt lat="49.216762" lon="17.732246">
      </trkpt>
      <trkpt lat="49.216762" lon="17.73283">
      </trkpt>
      <trkpt lat="49.216876" lon="17.734116">
      </trkpt>
      <trkpt lat="49.215046" lon="17.740029">
      </trkpt>
      <trkpt lat="49.211896" lon="17.742241">
      </trkpt>
      <trkpt lat="49.211833" lon="17.742342">
      </trkpt>
      <trkpt lat="49.211606" lon="17.742902">
      </trkpt>
      <trkpt lat="49.21153" lon="17.743249">
      </trkpt>
      <trkpt lat="49.211902" lon="17.744393">
      </trkpt>
      <trkpt lat="49.215021" lon="17.74987">
      </trkpt>
      <trkpt lat="49.214897" lon="17.755317">
      </trkpt>
      <trkpt lat="49.214627" lon="17.756268">
      </trkpt>
      <trkpt lat="49.21809" lon="17.757252">
      </trkpt>
      <trkpt lat="49.218361" lon="17.756301">
      </trkpt>
      <trkpt lat="49.219587" lon="17.753882">
      </trkpt>
      <trkpt lat="49.226871" lon="17.75006">
      </trkpt>
      <trkpt lat="49.234759" lon="17.753458">
      </trkpt>
      <trkpt lat="49.238002" lon="17.755021">
      </trkpt>
      <trkpt lat="49.245055" lon="17.753798">
      </trkpt>
      <trkpt lat="49.250371" lon="17.755422">
      </trkpt>
      <trkpt lat="49.248716" lon="17.762103">
      </trkpt>
      <trkpt lat="49.247277" lon="17.762697">
      </trkpt>
      <trkpt lat="49.244604" lon="17.76345">
      </trkpt>
      <trkpt lat="49.243476" lon="17.764083">
      </trkpt>
      <trkpt lat="49.242724" lon="17.764718">
      </trkpt>
      <trkpt lat="49.24012" lon="17.767217">
      </trkpt>
      <trkpt lat="49.232838" lon="17.770759">
      </trkpt>
      <trkpt lat="49.231347" lon="17.770405">
      </trkpt>
      <trkpt lat="49.227728" lon="17.769503">
      </trkpt>
      <trkpt lat="49.22368" lon="17.770047">
      </trkpt>
      <trkpt lat="49.220961" lon="17.772407">
      </trkpt>
      <trkpt lat="49.221173" lon="17.772652">
      </trkpt>
      <trkpt lat="49.22178" lon="17.773202">
      </trkpt>
      <trkpt lat="49.22258" lon="17.773638">
      </trkpt>
      <trkpt lat="49.223087" lon="17.773793">
      </trkpt>
      <trkpt lat="49.223714" lon="17.773872">
      </trkpt>
      <trkpt lat="49.228095" lon="17.775234">
      </trkpt>
      <trkpt lat="49.233127" lon="17.778361">
      </trkpt>
      <trkpt lat="49.233826" lon="17.785258">
      </trkpt>
      <trkpt lat="49.232319" lon="17.788527">
      </trkpt>
      <trkpt lat="49.237474" lon="17.792336">
      </trkpt>
      <trkpt lat="49.242386" lon="17.797647">
      </trkpt>
      <trkpt lat="49.244271" lon="17.799509">
      </trkpt>
      <trkpt lat="49.246081" lon="17.80631">
      </trkpt>
      <trkpt lat="49.246194" lon="17.806976">
      </trkpt>
      <trkpt lat="49.246335" lon="17.807622">
      </trkpt>
      <trkpt lat="49.246416" lon="17.807883">
      </trkpt>
      <trkpt lat="49.24777" lon="17.807432">
      </trkpt>
      <trkpt lat="49.249854" lon="17.806816">
      </trkpt>
      <trkpt lat="49.258341" lon="17.80622">
      </trkpt>
      <trkpt lat="49.261807" lon="17.805247">
      </trkpt>
      <trkpt lat="49.269302" lon="17.807171">
      </trkpt>
      <trkpt lat="49.269363" lon="17.807147">
      </trkpt>
      <trkpt lat="49.270494" lon="17.806127">
      </trkpt>
      <trkpt lat="49.271988" lon="17.804329">
      </trkpt>
      <trkpt lat="49.272587" lon="17.802478">
      </trkpt>
      <trkpt lat="49.273187" lon="17.800628">
      </trkpt>
      <trkpt lat="49.273256" lon="17.800355">
      </trkpt>
      <trkpt lat="49.273373" lon="17.799893">
      </trkpt>
      <trkpt lat="49.273388" lon="17.799368">
      </trkpt>
      <trkpt lat="49.2733" lon="17.798862">
      </trkpt>
      <trkpt lat="49.27308" lon="17.798334">
      </trkpt>
      <trkpt lat="49.279412" lon="17.792189">
      </trkpt>
      <trkpt lat="49.281975" lon="17.789401">
      </trkpt>
      <trkpt lat="49.282389" lon="17.789055">
      </trkpt>
      <trkpt lat="49.282852" lon="17.788354">
      </trkpt>
      <trkpt lat="49.283024" lon="17.78768">
      </trkpt>
      <trkpt lat="49.291052" lon="17.784299">
      </trkpt>
      <trkpt lat="49.293258" lon="17.785973">
      </trkpt>
      <trkpt lat="49.294679" lon="17.788102">
      </trkpt>
      <trkpt lat="49.295127" lon="17.789008">
      </trkpt>
      <trkpt lat="49.296196" lon="17.792636">
      </trkpt>
      <trkpt lat="49.296251" lon="17.793017">
      </trkpt>
      <trkpt lat="49.296423" lon="17.794551">
      </trkpt>
      <trkpt lat="49.296444" lon="17.79494">
      </trkpt>
      <trkpt lat="49.296221" lon="17.79747">
      </trkpt>
      <trkpt lat="49.296186" lon="17.79808">
      </trkpt>
      <trkpt lat="49.296331" lon="17.799609">
      </trkpt>
      <trkpt lat="49.296342" lon="17.800375">
      </trkpt>
      <trkpt lat="49.296371" lon="17.800984">
      </trkpt>
      <trkpt lat="49.296551" lon="17.802222">
      </trkpt>
      <trkpt lat="49.298185" lon="17.806551">
      </trkpt>
      <trkpt lat="49.298357" lon="17.807111">
      </trkpt>
      <trkpt lat="49.299444" lon="17.808777">
      </trkpt>
      <trkpt lat="49.300044" lon="17.809411">
      </trkpt>
      <trkpt lat="49.301023" lon="17.810297">
      </trkpt>
      <trkpt lat="49.301967" lon="17.810618">
      </trkpt>
      <trkpt lat="49.303586" lon="17.810485">
      </trkpt>
      <trkpt lat="49.306668" lon="17.808625">
      </trkpt>
      <trkpt lat="49.306412" lon="17.8082">
      </trkpt>
      <trkpt lat="49.304506" lon="17.801566">
      </trkpt>
      <trkpt lat="49.305809" lon="17.797763">
      </trkpt>
      <trkpt lat="49.306281" lon="17.796735">
      </trkpt>
      <trkpt lat="49.306386" lon="17.794891">
      </trkpt>
      <trkpt lat="49.306454" lon="17.793886">
      </trkpt>
      <trkpt lat="49.313344" lon="17.788286">
      </trkpt>
      <trkpt lat="49.314087" lon="17.78811">
      </trkpt>
      <trkpt lat="49.31449" lon="17.78797">
      </trkpt>
      <trkpt lat="49.315003" lon="17.787732">
      </trkpt>
      <trkpt lat="49.315509" lon="17.787421">
      </trkpt>
      <trkpt lat="49.317537" lon="17.786193">
      </trkpt>
      <trkpt lat="49.320533" lon="17.784196">
      </trkpt>
      <trkpt lat="49.319931" lon="17.783252">
      </trkpt>
      <trkpt lat="49.319541" lon="17.782703">
      </trkpt>
      <trkpt lat="49.318946" lon="17.782036">
      </trkpt>
      <trkpt lat="49.318312" lon="17.781574">
      </trkpt>
      <trkpt lat="49.317469" lon="17.781329">
      </trkpt>
      <trkpt lat="49.316294" lon="17.780927">
      </trkpt>
      <trkpt lat="49.315979" lon="17.7722">
      </trkpt>
      <trkpt lat="49.316311" lon="17.771983">
      </trkpt>
      <trkpt lat="49.316381" lon="17.771883">
      </trkpt>
      <trkpt lat="49.316526" lon="17.771592">
      </trkpt>
      <trkpt lat="49.317002" lon="17.770733">
      </trkpt>
      <trkpt lat="49.31701" lon="17.770032">
      </trkpt>
      <trkpt lat="49.316878" lon="17.769289">
      </trkpt>
      <trkpt lat="49.314695" lon="17.768887">
      </trkpt>
      <trkpt lat="49.31281" lon="17.760882">
      </trkpt>
      <trkpt lat="49.314416" lon="17.757542">
      </trkpt>
      <trkpt lat="49.31618" lon="17.754403">
      </trkpt>
      <trkpt lat="49.314828" lon="17.751181">
      </trkpt>
      <trkpt lat="49.312892" lon="17.748146">
      </trkpt>
      <trkpt lat="49.308627" lon="17.747893">
      </trkpt>
      <trkpt lat="49.308434" lon="17.748007">
      </trkpt>
      <trkpt lat="49.307711" lon="17.748552">
      </trkpt>
      <trkpt lat="49.307304" lon="17.749023">
      </trkpt>
      <trkpt lat="49.307209" lon="17.74915">
      </trkpt>
      <trkpt lat="49.306819" lon="17.749811">
      </trkpt>
      <trkpt lat="49.306547" lon="17.750615">
      </trkpt>
      <trkpt lat="49.306347" lon="17.751229">
      </trkpt>
      <trkpt lat="49.306136" lon="17.752326">
      </trkpt>
      <trkpt lat="49.306293" lon="17.754199">
      </trkpt>
      <trkpt lat="49.306531" lon="17.754792">
      </trkpt>
      <trkpt lat="49.306807" lon="17.755407">
      </trkpt>
      <trkpt lat="49.302776" lon="17.762974">
      </trkpt>
      <trkpt lat="49.296191" lon="17.75854">
      </trkpt>
      <trkpt lat="49.296071" lon="17.757985">
      </trkpt>
      <trkpt lat="49.295849" lon="17.757461">
      </trkpt>
      <trkpt lat="49.295593" lon="17.757081">
      </trkpt>
      <trkpt lat="49.294455" lon="17.755929">
      </trkpt>
      <trkpt lat="49.293517" lon="17.754325">
      </trkpt>
      <trkpt lat="49.293359" lon="17.754016">
      </trkpt>
      <trkpt lat="49.293098" lon="17.75362">
      </trkpt>
      <trkpt lat="49.292744" lon="17.753178">
      </trkpt>
      <trkpt lat="49.292065" lon="17.752461">
      </trkpt>
      <trkpt lat="49.290255" lon="17.748909">
      </trkpt>
      <trkpt lat="49.290209" lon="17.748403">
      </trkpt>
      <trkpt lat="49.293503" lon="17.742572">
      </trkpt>
      <trkpt lat="49.297785" lon="17.742492">
      </trkpt>
      <trkpt lat="49.297754" lon="17.742156">
      </trkpt>
      <trkpt lat="49.297523" lon="17.741266">
      </trkpt>
      <trkpt lat="49.297606" lon="17.736811">
      </trkpt>
      <trkpt lat="49.298291" lon="17.735007">
      </trkpt>
      <trkpt lat="49.298327" lon="17.734731">
      </trkpt>
      <trkpt lat="49.298339" lon="17.734595">
      </trkpt>
      <trkpt lat="49.298493" lon="17.727533">
      </trkpt>
      <trkpt lat="49.297146" lon="17.727201">
      </trkpt>
      <trkpt lat="49.292009" lon="17.722227">
      </trkpt>
      <trkpt lat="49.289941" lon="17.718575">
      </trkpt>
      <trkpt lat="49.289664" lon="17.716507">
      </trkpt>
      <trkpt lat="49.289616" lon="17.716046">
      </trkpt>
      <trkpt lat="49.28959" lon="17.71563">
      </trkpt>
      <trkpt lat="49.291214" lon="17.711455">
      </trkpt>
      <trkpt lat="49.297627" lon="17.710227">
      </trkpt>
      <trkpt lat="49.298529" lon="17.7106">
      </trkpt>
      <trkpt lat="49.299651" lon="17.71108">
      </trkpt>
      <trkpt lat="49.300078" lon="17.711259">
      </trkpt>
      <trkpt lat="49.300952" lon="17.711658">
      </trkpt>
      <trkpt lat="49.305224" lon="17.706211">
      </trkpt>
      <trkpt lat="49.305387" lon="17.705996">
      </trkpt>
      <trkpt lat="49.305582" lon="17.705618">
      </trkpt>
      <trkpt lat="49.305685" lon="17.70533">
      </trkpt>
      <trkpt lat="49.305697" lon="17.704283">
      </trkpt>
      <trkpt lat="49.304214" lon="17.703276">
      </trkpt>
      <trkpt lat="49.303763" lon="17.70294">
      </trkpt>
      <trkpt lat="49.30194" lon="17.70119">
      </trkpt>
      <trkpt lat="49.299833" lon="17.69426">
      </trkpt>
      <trkpt lat="49.298252" lon="17.689343">
      </trkpt>
      <trkpt lat="49.302355" lon="17.683168">
      </trkpt>
      <trkpt lat="49.302591" lon="17.682193">
      </trkpt>
      <trkpt lat="49.303327" lon="17.678845">
      </trkpt>
      <trkpt lat="49.303865" lon="17.676824">
      </trkpt>
      <trkpt lat="49.309734" lon="17.672365">
      </trkpt>
      <trkpt lat="49.308023" lon="17.669408">
      </trkpt>
      <trkpt lat="49.307202" lon="17.664174">
      </trkpt>
      <trkpt lat="49.315266" lon="17.663945">
      </trkpt>
      <trkpt lat="49.315773" lon="17.664522">
      </trkpt>
      <trkpt lat="49.317077" lon="17.666433">
      </trkpt>
      <trkpt lat="49.318523" lon="17.667074">
      </trkpt>
      <trkpt lat="49.319904" lon="17.66656">
      </trkpt>
      <trkpt lat="49.322566" lon="17.664535">
      </trkpt>
      <trkpt lat="49.322304" lon="17.656119">
      </trkpt>
      <trkpt lat="49.322209" lon="17.65561">
      </trkpt>
      <trkpt lat="49.322041" lon="17.655082">
      </trkpt>
      <trkpt lat="49.321739" lon="17.654479">
      </trkpt>
      <trkpt lat="49.320369" lon="17.651799">
      </trkpt>
      <trkpt lat="49.320207" lon="17.651267">
      </trkpt>
      <trkpt lat="49.320033" lon="17.650788">
      </trkpt>
      <trkpt lat="49.319647" lon="17.649515">
      </trkpt>
      <trkpt lat="49.319402" lon="17.648607">
      </trkpt>
      <trkpt lat="49.31933" lon="17.648103">
      </trkpt>
      <trkpt lat="49.319149" lon="17.646582">
      </trkpt>
      <trkpt lat="49.319018" lon="17.645974">
      </trkpt>
      <trkpt lat="49.318865" lon="17.645521">
      </trkpt>
      <trkpt lat="49.318304" lon="17.643132">
      </trkpt>
      <trkpt lat="49.318265" lon="17.641533">
      </trkpt>
      <trkpt lat="49.318213" lon="17.640728">
      </trkpt>
      <trkpt lat="49.317905" lon="17.639705">
      </trkpt>
      <trkpt lat="49.319269" lon="17.632856">
      </trkpt>
      <trkpt lat="49.327251" lon="17.636034">
      </trkpt>
      <trkpt lat="49.327557" lon="17.636959">
      </trkpt>
      <trkpt lat="49.328469" lon="17.641109">
      </trkpt>
      <trkpt lat="49.328678" lon="17.642622">
      </trkpt>
      <trkpt lat="49.329027" lon="17.643961">
      </trkpt>
      <trkpt lat="49.329639" lon="17.645422">
      </trkpt>
      <trkpt lat="49.33047" lon="17.646873">
      </trkpt>
      <trkpt lat="49.331176" lon="17.648298">
      </trkpt>
      <trkpt lat="49.332901" lon="17.650748">
      </trkpt>
      <trkpt lat="49.333189" lon="17.65124">
      </trkpt>
      <trkpt lat="49.334036" lon="17.652431">
      </trkpt>
      <trkpt lat="49.334334" lon="17.652956">
      </trkpt>
      <trkpt lat="49.334976" lon="17.654325">
      </trkpt>
      <trkpt lat="49.337631" lon="17.656993">
      </trkpt>
      <trkpt lat="49.339073" lon="17.657642">
      </trkpt>
      <trkpt lat="49.339704" lon="17.657882">
      </trkpt>
      <trkpt lat="49.340445" lon="17.658165">
      </trkpt>
      <trkpt lat="49.341575" lon="17.658141">
      </trkpt>
      <trkpt lat="49.342425" lon="17.657744">
      </trkpt>
      <trkpt lat="49.348395" lon="17.656529">
      </trkpt>
      <trkpt lat="49.348654" lon="17.656548">
      </trkpt>
      <trkpt lat="49.349303" lon="17.656529">
      </trkpt>
      <trkpt lat="49.350429" lon="17.656402">
      </trkpt>
      <trkpt lat="49.353849" lon="17.655093">
      </trkpt>
      <trkpt lat="49.354187" lon="17.655066">
      </trkpt>
      <trkpt lat="49.360428" lon="17.655882">
      </trkpt>
      <trkpt lat="49.361514" lon="17.6616">
      </trkpt>
      <trkpt lat="49.361015" lon="17.66394">
      </trkpt>
      <trkpt lat="49.360524" lon="17.665083">
      </trkpt>
      <trkpt lat="49.360299" lon="17.665646">
      </trkpt>
      <trkpt lat="49.360192" lon="17.665956">
      </trkpt>
      <trkpt lat="49.356119" lon="17.671799">
      </trkpt>
      <trkpt lat="49.352738" lon="17.673133">
      </trkpt>
      <trkpt lat="49.352614" lon="17.673186">
      </trkpt>
      <trkpt lat="49.351123" lon="17.673841">
      </trkpt>
      <trkpt lat="49.35033" lon="17.674208">
      </trkpt>
      <trkpt lat="49.350275" lon="17.674264">
      </trkpt>
      <trkpt lat="49.347575" lon="17.677129">
      </trkpt>
      <trkpt lat="49.346872" lon="17.677797">
      </trkpt>
      <trkpt lat="49.341165" lon="17.680949">
      </trkpt>
      <trkpt lat="49.340848" lon="17.68121">
      </trkpt>
      <trkpt lat="49.337697" lon="17.683301">
      </trkpt>
      <trkpt lat="49.335588" lon="17.68544">
      </trkpt>
      <trkpt lat="49.335573" lon="17.69116">
      </trkpt>
      <trkpt lat="49.334382" lon="17.694558">
      </trkpt>
      <trkpt lat="49.333371" lon="17.696872">
      </trkpt>
      <trkpt lat="49.33312" lon="17.697469">
      </trkpt>
      <trkpt lat="49.332604" lon="17.698725">
      </trkpt>
      <trkpt lat="49.332282" lon="17.699529">
      </trkpt>
      <trkpt lat="49.332592" lon="17.701491">
      </trkpt>
      <trkpt lat="49.336189" lon="17.70165">
      </trkpt>
      <trkpt lat="49.33884" lon="17.698012">
      </trkpt>
      <trkpt lat="49.339437" lon="17.697411">
      </trkpt>
      <trkpt lat="49.347269" lon="17.696721">
      </trkpt>
      <trkpt lat="49.348817" lon="17.698833">
      </trkpt>
      <trkpt lat="49.349233" lon="17.699695">
      </trkpt>
      <trkpt lat="49.353306" lon="17.703958">
      </trkpt>
      <trkpt lat="49.353549" lon="17.704301">
      </trkpt>
      <trkpt lat="49.353709" lon="17.704482">
      </trkpt>
      <trkpt lat="49.355055" lon="17.704189">
      </trkpt>
      <trkpt lat="49.356415" lon="17.702108">
      </trkpt>
      <trkpt lat="49.356479" lon="17.700882">
      </trkpt>
      <trkpt lat="49.354998" lon="17.696149">
      </trkpt>
      <trkpt lat="49.356708" lon="17.690643">
      </trkpt>
      <trkpt lat="49.358442" lon="17.688617">
      </trkpt>
      <trkpt lat="49.36178" lon="17.687271">
      </trkpt>
      <trkpt lat="49.367706" lon="17.688185">
      </trkpt>
      <trkpt lat="49.368872" lon="17.693136">
      </trkpt>
      <trkpt lat="49.368916" lon="17.693677">
      </trkpt>
      <trkpt lat="49.369023" lon="17.694108">
      </trkpt>
      <trkpt lat="49.369351" lon="17.695295">
      </trkpt>
      <trkpt lat="49.369446" lon="17.695598">
      </trkpt>
      <trkpt lat="49.370629" lon="17.696852">
      </trkpt>
      <trkpt lat="49.37417" lon="17.6975">
      </trkpt>
      <trkpt lat="49.37727" lon="17.703008">
      </trkpt>
      <trkpt lat="49.376224" lon="17.706453">
      </trkpt>
      <trkpt lat="49.376318" lon="17.706685">
      </trkpt>
      <trkpt lat="49.376765" lon="17.707806">
      </trkpt>
      <trkpt lat="49.377381" lon="17.709125">
      </trkpt>
      <trkpt lat="49.377892" lon="17.710432">
      </trkpt>
      <trkpt lat="49.37819" lon="17.711261">
      </trkpt>
      <trkpt lat="49.378429" lon="17.711717">
      </trkpt>
      <trkpt lat="49.379836" lon="17.713361">
      </trkpt>
      <trkpt lat="49.380398" lon="17.713848">
      </trkpt>
      <trkpt lat="49.380713" lon="17.714024">
      </trkpt>
      <trkpt lat="49.381597" lon="17.714243">
      </trkpt>
      <trkpt lat="49.388293" lon="17.715162">
      </trkpt>
      <trkpt lat="49.390231" lon="17.712967">
      </trkpt>
      <trkpt lat="49.392578" lon="17.710188">
      </trkpt>
      <trkpt lat="49.40132" lon="17.711987">
      </trkpt>
      <trkpt lat="49.401928" lon="17.712374">
      </trkpt>
      <trkpt lat="49.406829" lon="17.717297">
      </trkpt>
      <trkpt lat="49.408204" lon="17.717926">
      </trkpt>
      <trkpt lat="49.412838" lon="17.719291">
      </trkpt>
      <trkpt lat="49.417106" lon="17.726048">
      </trkpt>
      <trkpt lat="49.416781" lon="17.733987">
      </trkpt>
      <trkpt lat="49.41619" lon="17.73524">
      </trkpt>
      <trkpt lat="49.416206" lon="17.739317">
      </trkpt>
      <trkpt lat="49.416413" lon="17.747483">
      </trkpt>
      <trkpt lat="49.416566" lon="17.748354">
      </trkpt>
      <trkpt lat="49.416975" lon="17.750539">
      </trkpt>
      <trkpt lat="49.420564" lon="17.750257">
      </trkpt>
      <trkpt lat="49.425762" lon="17.756673">
      </trkpt>
      <trkpt lat="49.426393" lon="17.759721">
      </trkpt>
      <trkpt lat="49.423366" lon="17.767527">
      </trkpt>
      <trkpt lat="49.424393" lon="17.770977">
      </trkpt>
      <trkpt lat="49.429037" lon="17.77547">
      </trkpt>
      <trkpt lat="49.429421" lon="17.778687">
      </trkpt>
      <trkpt lat="49.43085" lon="17.785293">
      </trkpt>
      <trkpt lat="49.429649" lon="17.78875">
      </trkpt>
      <trkpt lat="49.430488" lon="17.789087">
      </trkpt>
      <trkpt lat="49.431345" lon="17.789551">
      </trkpt>
      <trkpt lat="49.432674" lon="17.790701">
      </trkpt>
      <trkpt lat="49.433965" lon="17.797963">
      </trkpt>
      <trkpt lat="49.430777" lon="17.799635">
      </trkpt>
      <trkpt lat="49.430926" lon="17.799918">
      </trkpt>
      <trkpt lat="49.431241" lon="17.800439">
      </trkpt>
      <trkpt lat="49.431571" lon="17.800918">
      </trkpt>
      <trkpt lat="49.4319" lon="17.801317">
      </trkpt>
      <trkpt lat="49.432193" lon="17.801599">
      </trkpt>
      <trkpt lat="49.434553" lon="17.804137">
      </trkpt>
      <trkpt lat="49.434923" lon="17.804525">
      </trkpt>
      <trkpt lat="49.438938" lon="17.810903">
      </trkpt>
      <trkpt lat="49.437717" lon="17.818459">
      </trkpt>
      <trkpt lat="49.437939" lon="17.823576">
      </trkpt>
      <trkpt lat="49.440276" lon="17.827837">
      </trkpt>
      <trkpt lat="49.44202" lon="17.830298">
      </trkpt>
      <trkpt lat="49.442844" lon="17.83036">
      </trkpt>
      <trkpt lat="49.443358" lon="17.829997">
      </trkpt>
      <trkpt lat="49.443822" lon="17.829096">
      </trkpt>
      <trkpt lat="49.451013" lon="17.823754">
      </trkpt>
      <trkpt lat="49.455101" lon="17.817864">
      </trkpt>
      <trkpt lat="49.459825" lon="17.818111">
      </trkpt>
      <trkpt lat="49.46096" lon="17.818797">
      </trkpt>
      <trkpt lat="49.463256" lon="17.820687">
      </trkpt>
      <trkpt lat="49.463592" lon="17.820927">
      </trkpt>
      <trkpt lat="49.469758" lon="17.827355">
      </trkpt>
      <trkpt lat="49.466899" lon="17.832242">
      </trkpt>
      <trkpt lat="49.466459" lon="17.832674">
      </trkpt>
      <trkpt lat="49.465926" lon="17.833378">
      </trkpt>
      <trkpt lat="49.46565" lon="17.834008">
      </trkpt>
      <trkpt lat="49.467906" lon="17.841952">
      </trkpt>
      <trkpt lat="49.467778" lon="17.843711">
      </trkpt>
      <trkpt lat="49.467882" lon="17.845321">
      </trkpt>
      <trkpt lat="49.467906" lon="17.84653">
      </trkpt>
      <trkpt lat="49.467887" lon="17.848157">
      </trkpt>
      <trkpt lat="49.467778" lon="17.849541">
      </trkpt>
      <trkpt lat="49.467644" lon="17.850873">
      </trkpt>
      <trkpt lat="49.467232" lon="17.852858">
      </trkpt>
      <trkpt lat="49.466972" lon="17.854263">
      </trkpt>
      <trkpt lat="49.466373" lon="17.856522">
      </trkpt>
      <trkpt lat="49.46574" lon="17.857874">
      </trkpt>
      <trkpt lat="49.458455" lon="17.86202">
      </trkpt>
      <trkpt lat="49.457061" lon="17.862563">
      </trkpt>
      <trkpt lat="49.45507" lon="17.863229">
      </trkpt>
      <trkpt lat="49.452053" lon="17.864426">
      </trkpt>
      <trkpt lat="49.450711" lon="17.865763">
      </trkpt>
      <trkpt lat="49.450687" lon="17.865891">
      </trkpt>
      <trkpt lat="49.450573" lon="17.866553">
      </trkpt>
      <trkpt lat="49.450621" lon="17.866716">
      </trkpt>
      <trkpt lat="49.455315" lon="17.871692">
      </trkpt>
      <trkpt lat="49.458467" lon="17.875941">
      </trkpt>
      <trkpt lat="49.462036" lon="17.875469">
      </trkpt>
      <trkpt lat="49.46615" lon="17.882935">
      </trkpt>
      <trkpt lat="49.464655" lon="17.884685">
      </trkpt>
      <trkpt lat="49.464327" lon="17.885012">
      </trkpt>
      <trkpt lat="49.463976" lon="17.885457">
      </trkpt>
      <trkpt lat="49.459388" lon="17.888164">
      </trkpt>
      <trkpt lat="49.458763" lon="17.888314">
      </trkpt>
      <trkpt lat="49.458692" lon="17.888384">
      </trkpt>
      <trkpt lat="49.4569" lon="17.892581">
      </trkpt>
      <trkpt lat="49.456902" lon="17.892689">
      </trkpt>
      <trkpt lat="49.456917" lon="17.892919">
      </trkpt>
      <trkpt lat="49.459462" lon="17.89628">
      </trkpt>
      <trkpt lat="49.46148" lon="17.89739">
      </trkpt>
      <trkpt lat="49.461606" lon="17.897371">
      </trkpt>
      <trkpt lat="49.469915" lon="17.898723">
      </trkpt>
      <trkpt lat="49.471613" lon="17.90271">
      </trkpt>
      <trkpt lat="49.471653" lon="17.903954">
      </trkpt>
      <trkpt lat="49.471697" lon="17.904661">
      </trkpt>
      <trkpt lat="49.471998" lon="17.905544">
      </trkpt>
      <trkpt lat="49.472759" lon="17.906282">
      </trkpt>
      <trkpt lat="49.472852" lon="17.914729">
      </trkpt>
      <trkpt lat="49.473103" lon="17.916314">
      </trkpt>
      <trkpt lat="49.465345" lon="17.920627">
      </trkpt>
      <trkpt lat="49.461746" lon="17.920546">
      </trkpt>
      <trkpt lat="49.46103" lon="17.925587">
      </trkpt>
      <trkpt lat="49.460979" lon="17.926031">
      </trkpt>
      <trkpt lat="49.461014" lon="17.926659">
      </trkpt>
      <trkpt lat="49.461204" lon="17.92739">
      </trkpt>
      <trkpt lat="49.462313" lon="17.932836">
      </trkpt>
      <trkpt lat="49.462767" lon="17.936946">
      </trkpt>
      <trkpt lat="49.462948" lon="17.937604">
      </trkpt>
      <trkpt lat="49.463098" lon="17.93802">
      </trkpt>
      <trkpt lat="49.464695" lon="17.941187">
      </trkpt>
      <trkpt lat="49.465475" lon="17.941549">
      </trkpt>
      <trkpt lat="49.471127" lon="17.945253">
      </trkpt>
      <trkpt lat="49.47285" lon="17.948414">
      </trkpt>
      <trkpt lat="49.469885" lon="17.955987">
      </trkpt>
      <trkpt lat="49.468251" lon="17.957427">
      </trkpt>
      <trkpt lat="49.467365" lon="17.959247">
      </trkpt>
      <trkpt lat="49.466527" lon="17.960554">
      </trkpt>
      <trkpt lat="49.466511" lon="17.960646">
      </trkpt>
      <trkpt lat="49.466242" lon="17.963746">
      </trkpt>
      <trkpt lat="49.465722" lon="17.969249">
      </trkpt>
      <trkpt lat="49.463605" lon="17.972865">
      </trkpt>
      <trkpt lat="49.462572" lon="17.974164">
      </trkpt>
      <trkpt lat="49.462476" lon="17.974651">
      </trkpt>
      <trkpt lat="49.4625" lon="17.975006">
      </trkpt>
      <trkpt lat="49.463915" lon="17.976451">
      </trkpt>
      <trkpt lat="49.466297" lon="17.978791">
      </trkpt>
      <trkpt lat="49.467036" lon="17.978823">
      </trkpt>
      <trkpt lat="49.471375" lon="17.980384">
      </trkpt>
      <trkpt lat="49.475082" lon="17.988085">
      </trkpt>
      <trkpt lat="49.474768" lon="17.989392">
      </trkpt>
      <trkpt lat="49.474139" lon="17.992937">
      </trkpt>
      <trkpt lat="49.474412" lon="17.996061">
      </trkpt>
      <trkpt lat="49.474479" lon="17.998202">
      </trkpt>
      <trkpt lat="49.474513" lon="17.999297">
      </trkpt>
      <trkpt lat="49.478111" lon="17.999188">
      </trkpt>
      <trkpt lat="49.486337" lon="17.997079">
      </trkpt>
      <trkpt lat="49.491731" lon="17.998533">
      </trkpt>
      <trkpt lat="49.494694" lon="17.999701">
      </trkpt>
      <trkpt lat="49.49881" lon="18.000594">
      </trkpt>
      <trkpt lat="49.50237" lon="18.000054">
      </trkpt>
      <trkpt lat="49.50785" lon="18.006519">
      </trkpt>
      <trkpt lat="49.508469" lon="18.008366">
      </trkpt>
      <trkpt lat="49.513179" lon="18.011376">
      </trkpt>
      <trkpt lat="49.518906" lon="18.017637">
      </trkpt>
      <trkpt lat="49.51906" lon="18.017844">
      </trkpt>
      <trkpt lat="49.526367" lon="18.019138">
      </trkpt>
      <trkpt lat="49.526784" lon="18.019286">
      </trkpt>
      <trkpt lat="49.530902" lon="18.020127">
      </trkpt>
      <trkpt lat="49.534785" lon="18.026939">
      </trkpt>
      <trkpt lat="49.536198" lon="18.033816">
      </trkpt>
      <trkpt lat="49.536147" lon="18.034793">
      </trkpt>
      <trkpt lat="49.536165" lon="18.036213">
      </trkpt>
      <trkpt lat="49.536175" lon="18.037189">
      </trkpt>
      <trkpt lat="49.536173" lon="18.038348">
      </trkpt>
      <trkpt lat="49.53614" lon="18.039475">
      </trkpt>
      <trkpt lat="49.536127" lon="18.040004">
      </trkpt>
      <trkpt lat="49.535414" lon="18.044956">
      </trkpt>
      <trkpt lat="49.53549" lon="18.045273">
      </trkpt>
      <trkpt lat="49.536408" lon="18.04617">
      </trkpt>
      <trkpt lat="49.536611" lon="18.046224">
      </trkpt>
      <trkpt lat="49.53725" lon="18.046278">
      </trkpt>
      <trkpt lat="49.538335" lon="18.045903">
      </trkpt>
      <trkpt lat="49.538405" lon="18.045836">
      </trkpt>
      <trkpt lat="49.53899" lon="18.044428">
      </trkpt>
      <trkpt lat="49.538913" lon="18.044111">
      </trkpt>
      <trkpt lat="49.55114" lon="18.02894">
      </trkpt>
      <trkpt lat="49.553944" lon="18.028556">
      </trkpt>
      <trkpt lat="49.560045" lon="18.027465">
      </trkpt>
      <trkpt lat="49.560527" lon="18.036421">
      </trkpt>
      <trkpt lat="49.559968" lon="18.036958">
      </trkpt>
      <trkpt lat="49.559728" lon="18.03722">
      </trkpt>
      <trkpt lat="49.559612" lon="18.037412">
      </trkpt>
      <trkpt lat="49.55929" lon="18.038284">
      </trkpt>
      <trkpt lat="49.557738" lon="18.041461">
      </trkpt>
      <trkpt lat="49.557051" lon="18.042422">
      </trkpt>
      <trkpt lat="49.556784" lon="18.042875">
      </trkpt>
      <trkpt lat="49.55658" lon="18.043746">
      </trkpt>
      <trkpt lat="49.552628" lon="18.049052">
      </trkpt>
      <trkpt lat="49.552351" lon="18.049315">
      </trkpt>
      <trkpt lat="49.55154" lon="18.050212">
      </trkpt>
      <trkpt lat="49.552381" lon="18.051605">
      </trkpt>
      <trkpt lat="49.554212" lon="18.052626">
      </trkpt>
      <trkpt lat="49.555052" lon="18.051713">
      </trkpt>
      <trkpt lat="49.563449" lon="18.048559">
      </trkpt>
      <trkpt lat="49.564515" lon="18.048734">
      </trkpt>
      <trkpt lat="49.564861" lon="18.048738">
      </trkpt>
      <trkpt lat="49.56601" lon="18.048312">
      </trkpt>
      <trkpt lat="49.573041" lon="18.04714">
      </trkpt>
      <trkpt lat="49.580255" lon="18.051805">
      </trkpt>
      <trkpt lat="49.580472" lon="18.052372">
      </trkpt>
      <trkpt lat="49.581077" lon="18.053474">
      </trkpt>
      <trkpt lat="49.582029" lon="18.054627">
      </trkpt>
      <trkpt lat="49.578877" lon="18.062825">
      </trkpt>
      <trkpt lat="49.578172" lon="18.062979">
      </trkpt>
      <trkpt lat="49.577855" lon="18.063131">
      </trkpt>
      <trkpt lat="49.577003" lon="18.063656">
      </trkpt>
      <trkpt lat="49.575416" lon="18.071632">
      </trkpt>
      <trkpt lat="49.57534" lon="18.07288">
      </trkpt>
      <trkpt lat="49.575388" lon="18.073008">
      </trkpt>
      <trkpt lat="49.576144" lon="18.075195">
      </trkpt>
      <trkpt lat="49.578464" lon="18.082232">
      </trkpt>
      <trkpt lat="49.58127" lon="18.089063">
      </trkpt>
      <trkpt lat="49.58036" lon="18.091803">
      </trkpt>
      <trkpt lat="49.579887" lon="18.093863">
      </trkpt>
      <trkpt lat="49.578247" lon="18.099126">
      </trkpt>
      <trkpt lat="49.577103" lon="18.104446">
      </trkpt>
      <trkpt lat="49.579256" lon="18.107331">
      </trkpt>
      <trkpt lat="49.585866" lon="18.110562">
      </trkpt>
      <trkpt lat="49.586538" lon="18.114007">
      </trkpt>
      <trkpt lat="49.586558" lon="18.114499">
      </trkpt>
      <trkpt lat="49.586572" lon="18.114604">
      </trkpt>
      <trkpt lat="49.585381" lon="18.123524">
      </trkpt>
      <trkpt lat="49.585107" lon="18.124251">
      </trkpt>
      <trkpt lat="49.585181" lon="18.124882">
      </trkpt>
      <trkpt lat="49.585483" lon="18.125217">
      </trkpt>
      <trkpt lat="49.585972" lon="18.12559">
      </trkpt>
      <trkpt lat="49.588474" lon="18.125523">
      </trkpt>
      <trkpt lat="49.588739" lon="18.125429">
      </trkpt>
      <trkpt lat="49.588854" lon="18.12468">
      </trkpt>
      <trkpt lat="49.597315" lon="18.121699">
      </trkpt>
      <trkpt lat="49.598313" lon="18.12282">
      </trkpt>
      <trkpt lat="49.599617" lon="18.127717">
      </trkpt>
      <trkpt lat="49.598744" lon="18.131587">
      </trkpt>
      <trkpt lat="49.598562" lon="18.132767">
      </trkpt>
      <trkpt lat="49.593843" lon="18.138661">
      </trkpt>
      <trkpt lat="49.593562" lon="18.13956">
      </trkpt>
      <trkpt lat="49.593472" lon="18.141115">
      </trkpt>
      <trkpt lat="49.596636" lon="18.145689">
      </trkpt>
      <trkpt lat="49.596817" lon="18.145818">
      </trkpt>
      <trkpt lat="49.599108" lon="18.147046">
      </trkpt>
      <trkpt lat="49.599574" lon="18.147272">
      </trkpt>
      <trkpt lat="49.600097" lon="18.147475">
      </trkpt>
      <trkpt lat="49.602844" lon="18.147524">
      </trkpt>
      <trkpt lat="49.607585" lon="18.153345">
      </trkpt>
      <trkpt lat="49.608422" lon="18.156469">
      </trkpt>
      <trkpt lat="49.608874" lon="18.158964">
      </trkpt>
      <trkpt lat="49.606434" lon="18.165258">
      </trkpt>
      <trkpt lat="49.606231" lon="18.16584">
      </trkpt>
      <trkpt lat="49.604633" lon="18.174384">
      </trkpt>
      <trkpt lat="49.604906" lon="18.175792">
      </trkpt>
      <trkpt lat="49.605494" lon="18.17644">
      </trkpt>
      <trkpt lat="49.612391" lon="18.181814">
      </trkpt>
      <trkpt lat="49.612595" lon="18.182221">
      </trkpt>
      <trkpt lat="49.613128" lon="18.182871">
      </trkpt>
      <trkpt lat="49.618383" lon="18.18879">
      </trkpt>
      <trkpt lat="49.61789" lon="18.195452">
      </trkpt>
      <trkpt lat="49.617051" lon="18.197754">
      </trkpt>
      <trkpt lat="49.617793" lon="18.198066">
      </trkpt>
      <trkpt lat="49.618886" lon="18.198345">
      </trkpt>
      <trkpt lat="49.624713" lon="18.204317">
      </trkpt>
      <trkpt lat="49.624719" lon="18.205864">
      </trkpt>
      <trkpt lat="49.621579" lon="18.21223">
      </trkpt>
      <trkpt lat="49.621009" lon="18.21349">
      </trkpt>
      <trkpt lat="49.622551" lon="18.220298">
      </trkpt>
      <trkpt lat="49.622967" lon="18.221902">
      </trkpt>
      <trkpt lat="49.623065" lon="18.222005">
      </trkpt>
      <trkpt lat="49.629023" lon="18.224165">
      </trkpt>
      <trkpt lat="49.631564" lon="18.224372">
      </trkpt>
      <trkpt lat="49.639068" lon="18.229187">
      </trkpt>
      <trkpt lat="49.638374" lon="18.23155">
      </trkpt>
      <trkpt lat="49.641829" lon="18.232564">
      </trkpt>
      <trkpt lat="49.650008" lon="18.234772">
      </trkpt>
      <trkpt lat="49.650282" lon="18.235995">
      </trkpt>
      <trkpt lat="49.650582" lon="18.23724">
      </trkpt>
      <trkpt lat="49.650828" lon="18.239602">
      </trkpt>
      <trkpt lat="49.65123" lon="18.241457">
      </trkpt>
      <trkpt lat="49.651323" lon="18.241889">
      </trkpt>
      <trkpt lat="49.651649" lon="18.242577">
      </trkpt>
      <trkpt lat="49.653587" lon="18.247776">
      </trkpt>
      <trkpt lat="49.654104" lon="18.249956">
      </trkpt>
      <trkpt lat="49.655178" lon="18.254492">
      </trkpt>
      <trkpt lat="49.655445" lon="18.255574">
      </trkpt>
      <trkpt lat="49.655722" lon="18.256604">
      </trkpt>
      <trkpt lat="49.656399" lon="18.258926">
      </trkpt>
      <trkpt lat="49.657743" lon="18.263213">
      </trkpt>
      <trkpt lat="49.659081" lon="18.267479">
      </trkpt>
      <trkpt lat="49.659754" lon="18.269716">
      </trkpt>
      <trkpt lat="49.661486" lon="18.277581">
      </trkpt>
      <trkpt lat="49.661791" lon="18.279751">
      </trkpt>
      <trkpt lat="49.662008" lon="18.281636">
      </trkpt>
      <trkpt lat="49.66236" lon="18.285087">
      </trkpt>
      <trkpt lat="49.663006" lon="18.29093">
      </trkpt>
      <trkpt lat="49.663192" lon="18.292216">
      </trkpt>
      <trkpt lat="49.663425" lon="18.293663">
      </trkpt>
      <trkpt lat="49.663696" lon="18.29516">
      </trkpt>
      <trkpt lat="49.664036" lon="18.296841">
      </trkpt>
      <trkpt lat="49.664965" lon="18.300771">
      </trkpt>
      <trkpt lat="49.666347" lon="18.307733">
      </trkpt>
      <trkpt lat="49.669931" lon="18.307389">
      </trkpt>
      <trkpt lat="49.669831" lon="18.30635">
      </trkpt>
      <trkpt lat="49.66902" lon="18.302093">
      </trkpt>
      <trkpt lat="49.668453" lon="18.299878">
      </trkpt>
      <trkpt lat="49.667552" lon="18.296068">
      </trkpt>
      <trkpt lat="49.667225" lon="18.294447">
      </trkpt>
      <trkpt lat="49.666968" lon="18.293024">
      </trkpt>
      <trkpt lat="49.666747" lon="18.291645">
      </trkpt>
      <trkpt lat="49.666569" lon="18.290414">
      </trkpt>
      <trkpt lat="49.665941" lon="18.284722">
      </trkpt>
      <trkpt lat="49.66559" lon="18.281271">
      </trkpt>
      <trkpt lat="49.665368" lon="18.27934">
      </trkpt>
      <trkpt lat="49.665051" lon="18.27708">
      </trkpt>
      <trkpt lat="49.664719" lon="18.275117">
      </trkpt>
      <trkpt lat="49.663606" lon="18.27015">
      </trkpt>
      <trkpt lat="49.663225" lon="18.268762">
      </trkpt>
      <trkpt lat="49.662529" lon="18.266444">
      </trkpt>
      <trkpt lat="49.661178" lon="18.262136">
      </trkpt>
      <trkpt lat="49.659833" lon="18.257848">
      </trkpt>
      <trkpt lat="49.659325" lon="18.251863">
      </trkpt>
      <trkpt lat="49.657778" lon="18.24624">
      </trkpt>
      <trkpt lat="49.657502" lon="18.245609">
      </trkpt>
      <trkpt lat="49.656331" lon="18.242747">
      </trkpt>
      <trkpt lat="49.656001" lon="18.241146">
      </trkpt>
      <trkpt lat="49.655877" lon="18.240647">
      </trkpt>
      <trkpt lat="49.65576" lon="18.240252">
      </trkpt>
      <trkpt lat="49.659467" lon="18.23235">
      </trkpt>
      <trkpt lat="49.665611" lon="18.230712">
      </trkpt>
      <trkpt lat="49.67002" lon="18.233125">
      </trkpt>
      <trkpt lat="49.671206" lon="18.233482">
      </trkpt>
      <trkpt lat="49.672606" lon="18.233727">
      </trkpt>
      <trkpt lat="49.6734" lon="18.233866">
      </trkpt>
      <trkpt lat="49.674021" lon="18.23032">
      </trkpt>
      <trkpt lat="49.668355" lon="18.224696">
      </trkpt>
      <trkpt lat="49.665054" lon="18.220904">
      </trkpt>
      <trkpt lat="49.663551" lon="18.218974">
      </trkpt>
      <trkpt lat="49.663475" lon="18.218903">
      </trkpt>
      <trkpt lat="49.65978" lon="18.216091">
      </trkpt>
      <trkpt lat="49.654675" lon="18.210478">
      </trkpt>
      <trkpt lat="49.654616" lon="18.208479">
      </trkpt>
      <trkpt lat="49.65461" lon="18.207658">
      </trkpt>
      <trkpt lat="49.654586" lon="18.206878">
      </trkpt>
      <trkpt lat="49.65033" lon="18.199637">
      </trkpt>
      <trkpt lat="49.650151" lon="18.197384">
      </trkpt>
      <trkpt lat="49.649973" lon="18.195132">
      </trkpt>
      <trkpt lat="49.656646" lon="18.189768">
      </trkpt>
      <trkpt lat="49.662875" lon="18.19262">
      </trkpt>
      <trkpt lat="49.665528" lon="18.192223">
      </trkpt>
      <trkpt lat="49.667115" lon="18.191443">
      </trkpt>
      <trkpt lat="49.670751" lon="18.189755">
      </trkpt>
      <trkpt lat="49.674011" lon="18.186182">
      </trkpt>
      <trkpt lat="49.675942" lon="18.183045">
      </trkpt>
      <trkpt lat="49.675873" lon="18.18247">
      </trkpt>
      <trkpt lat="49.674708" lon="18.180223">
      </trkpt>
      <trkpt lat="49.671049" lon="18.17798">
      </trkpt>
      <trkpt lat="49.667902" lon="18.179729">
      </trkpt>
      <trkpt lat="49.660375" lon="18.180776">
      </trkpt>
      <trkpt lat="49.657877" lon="18.177308">
      </trkpt>
      <trkpt lat="49.657751" lon="18.176838">
      </trkpt>
      <trkpt lat="49.656868" lon="18.173414">
      </trkpt>
      <trkpt lat="49.656888" lon="18.172401">
      </trkpt>
      <trkpt lat="49.656855" lon="18.171885">
      </trkpt>
      <trkpt lat="49.656632" lon="18.170466">
      </trkpt>
      <trkpt lat="49.656143" lon="18.168055">
      </trkpt>
      <trkpt lat="49.656258" lon="18.163005">
      </trkpt>
      <trkpt lat="49.654293" lon="18.159324">
      </trkpt>
      <trkpt lat="49.650253" lon="18.153631">
      </trkpt>
      <trkpt lat="49.653161" lon="18.150333">
      </trkpt>
      <trkpt lat="49.656777" lon="18.145077">
      </trkpt>
      <trkpt lat="49.659466" lon="18.142817">
      </trkpt>
      <trkpt lat="49.662965" lon="18.14084">
      </trkpt>
      <trkpt lat="49.663898" lon="18.137363">
      </trkpt>
      <trkpt lat="49.672575" lon="18.135069">
      </trkpt>
      <trkpt lat="49.678611" lon="18.136271">
      </trkpt>
      <trkpt lat="49.68218" lon="18.1358">
      </trkpt>
      <trkpt lat="49.688856" lon="18.138818">
      </trkpt>
      <trkpt lat="49.692402" lon="18.142367">
      </trkpt>
      <trkpt lat="49.697731" lon="18.147687">
      </trkpt>
      <trkpt lat="49.698572" lon="18.149994">
      </trkpt>
      <trkpt lat="49.698829" lon="18.15093">
      </trkpt>
      <trkpt lat="49.699039" lon="18.151409">
      </trkpt>
      <trkpt lat="49.699902" lon="18.152831">
      </trkpt>
      <trkpt lat="49.70054" lon="18.153849">
      </trkpt>
      <trkpt lat="49.70097" lon="18.154469">
      </trkpt>
      <trkpt lat="49.703927" lon="18.152416">
      </trkpt>
      <trkpt lat="49.704161" lon="18.145291">
      </trkpt>
      <trkpt lat="49.703584" lon="18.144693">
      </trkpt>
      <trkpt lat="49.703068" lon="18.144271">
      </trkpt>
      <trkpt lat="49.697883" lon="18.137537">
      </trkpt>
      <trkpt lat="49.696658" lon="18.134173">
      </trkpt>
      <trkpt lat="49.700268" lon="18.126201">
      </trkpt>
      <trkpt lat="49.699465" lon="18.124915">
      </trkpt>
      <trkpt lat="49.698911" lon="18.123986">
      </trkpt>
      <trkpt lat="49.698108" lon="18.123394">
      </trkpt>
      <trkpt lat="49.697685" lon="18.12317">
      </trkpt>
      <trkpt lat="49.697139" lon="18.122849">
      </trkpt>
      <trkpt lat="49.69501" lon="18.120877">
      </trkpt>
      <trkpt lat="49.693619" lon="18.119356">
      </trkpt>
      <trkpt lat="49.692578" lon="18.118117">
      </trkpt>
      <trkpt lat="49.691851" lon="18.116944">
      </trkpt>
      <trkpt lat="49.691115" lon="18.115743">
      </trkpt>
      <trkpt lat="49.690455" lon="18.114536">
      </trkpt>
      <trkpt lat="49.690108" lon="18.113888">
      </trkpt>
      <trkpt lat="49.68969" lon="18.113111">
      </trkpt>
      <trkpt lat="49.689533" lon="18.112815">
      </trkpt>
      <trkpt lat="49.689445" lon="18.112656">
      </trkpt>
      <trkpt lat="49.689253" lon="18.1123">
      </trkpt>
      <trkpt lat="49.688842" lon="18.11155">
      </trkpt>
      <trkpt lat="49.688156" lon="18.110279">
      </trkpt>
      <trkpt lat="49.6872" lon="18.107719">
      </trkpt>
      <trkpt lat="49.686722" lon="18.106839">
      </trkpt>
      <trkpt lat="49.694434" lon="18.1023">
      </trkpt>
      <trkpt lat="49.698001" lon="18.100903">
      </trkpt>
      <trkpt lat="49.703958" lon="18.105481">
      </trkpt>
      <trkpt lat="49.704061" lon="18.105878">
      </trkpt>
      <trkpt lat="49.704292" lon="18.106596">
      </trkpt>
      <trkpt lat="49.704597" lon="18.107449">
      </trkpt>
      <trkpt lat="49.705051" lon="18.108507">
      </trkpt>
      <trkpt lat="49.705561" lon="18.109581">
      </trkpt>
      <trkpt lat="49.70612" lon="18.110571">
      </trkpt>
      <trkpt lat="49.706403" lon="18.110961">
      </trkpt>
      <trkpt lat="49.706573" lon="18.1112">
      </trkpt>
      <trkpt lat="49.709506" lon="18.109112">
      </trkpt>
      <trkpt lat="49.708308" lon="18.106973">
      </trkpt>
      <trkpt lat="49.707906" lon="18.106031">
      </trkpt>
      <trkpt lat="49.707686" lon="18.105397">
      </trkpt>
      <trkpt lat="49.707449" lon="18.104604">
      </trkpt>
      <trkpt lat="49.707059" lon="18.102641">
      </trkpt>
      <trkpt lat="49.706904" lon="18.102071">
      </trkpt>
      <trkpt lat="49.706749" lon="18.101602">
      </trkpt>
      <trkpt lat="49.706295" lon="18.100587">
      </trkpt>
      <trkpt lat="49.705802" lon="18.099651">
      </trkpt>
      <trkpt lat="49.704733" lon="18.095225">
      </trkpt>
      <trkpt lat="49.705322" lon="18.091676">
      </trkpt>
      <trkpt lat="49.705238" lon="18.091464">
      </trkpt>
      <trkpt lat="49.705414" lon="18.084183">
      </trkpt>
      <trkpt lat="49.710407" lon="18.078264">
      </trkpt>
      <trkpt lat="49.713947" lon="18.080723">
      </trkpt>
      <trkpt lat="49.715684" lon="18.087219">
      </trkpt>
      <trkpt lat="49.716185" lon="18.088904">
      </trkpt>
      <trkpt lat="49.716689" lon="18.089452">
      </trkpt>
      <trkpt lat="49.719094" lon="18.089976">
      </trkpt>
      <trkpt lat="49.721862" lon="18.087674">
      </trkpt>
      <trkpt lat="49.723902" lon="18.083856">
      </trkpt>
      <trkpt lat="49.724042" lon="18.083721">
      </trkpt>
      <trkpt lat="49.731533" lon="18.080882">
      </trkpt>
      <trkpt lat="49.733169" lon="18.083387">
      </trkpt>
      <trkpt lat="49.73394" lon="18.08453">
      </trkpt>
      <trkpt lat="49.735197" lon="18.086239">
      </trkpt>
      <trkpt lat="49.735711" lon="18.093404">
      </trkpt>
      <trkpt lat="49.734359" lon="18.096045">
      </trkpt>
      <trkpt lat="49.733915" lon="18.097688">
      </trkpt>
      <trkpt lat="49.733609" lon="18.099432">
      </trkpt>
      <trkpt lat="49.732889" lon="18.101391">
      </trkpt>
      <trkpt lat="49.732863" lon="18.101487">
      </trkpt>
      <trkpt lat="49.732419" lon="18.103263">
      </trkpt>
      <trkpt lat="49.732199" lon="18.104664">
      </trkpt>
      <trkpt lat="49.733522" lon="18.107338">
      </trkpt>
      <trkpt lat="49.735775" lon="18.105077">
      </trkpt>
      <trkpt lat="49.735854" lon="18.10472">
      </trkpt>
      <trkpt lat="49.735988" lon="18.103732">
      </trkpt>
      <trkpt lat="49.744915" lon="18.103995">
      </trkpt>
      <trkpt lat="49.745161" lon="18.105283">
      </trkpt>
      <trkpt lat="49.745342" lon="18.106359">
      </trkpt>
      <trkpt lat="49.745379" lon="18.108798">
      </trkpt>
      <trkpt lat="49.745403" lon="18.109285">
      </trkpt>
      <trkpt lat="49.745518" lon="18.110014">
      </trkpt>
      <trkpt lat="49.745635" lon="18.110382">
      </trkpt>
      <trkpt lat="49.746222" lon="18.112018">
      </trkpt>
      <trkpt lat="49.747096" lon="18.114626">
      </trkpt>
      <trkpt lat="49.754773" lon="18.118207">
      </trkpt>
      <trkpt lat="49.754312" lon="18.121976">
      </trkpt>
      <trkpt lat="49.75287" lon="18.127509">
      </trkpt>
      <trkpt lat="49.74803" lon="18.130671">
      </trkpt>
      <trkpt lat="49.741712" lon="18.127408">
      </trkpt>
      <trkpt lat="49.741202" lon="18.126514">
      </trkpt>
      <trkpt lat="49.740316" lon="18.125408">
      </trkpt>
      <trkpt lat="49.739788" lon="18.125014">
      </trkpt>
      <trkpt lat="49.738673" lon="18.124717">
      </trkpt>
      <trkpt lat="49.738152" lon="18.124531">
      </trkpt>
      <trkpt lat="49.734645" lon="18.123489">
      </trkpt>
      <trkpt lat="49.734406" lon="18.123775">
      </trkpt>
      <trkpt lat="49.735425" lon="18.126881">
      </trkpt>
      <trkpt lat="49.736538" lon="18.127698">
      </trkpt>
      <trkpt lat="49.738794" lon="18.129776">
      </trkpt>
      <trkpt lat="49.742352" lon="18.13641">
      </trkpt>
      <trkpt lat="49.743411" lon="18.138958">
      </trkpt>
      <trkpt lat="49.744469" lon="18.142392">
      </trkpt>
      <trkpt lat="49.744828" lon="18.148221">
      </trkpt>
      <trkpt lat="49.737047" lon="18.15241">
      </trkpt>
      <trkpt lat="49.735351" lon="18.155586">
      </trkpt>
      <trkpt lat="49.737543" lon="18.157841">
      </trkpt>
      <trkpt lat="49.741083" lon="18.15719">
      </trkpt>
      <trkpt lat="49.747412" lon="18.155757">
      </trkpt>
      <trkpt lat="49.750928" lon="18.154985">
      </trkpt>
      <trkpt lat="49.757376" lon="18.158534">
      </trkpt>
      <trkpt lat="49.760973" lon="18.158399">
      </trkpt>
      <trkpt lat="49.760947" lon="18.157713">
      </trkpt>
      <trkpt lat="49.760884" lon="18.156628">
      </trkpt>
      <trkpt lat="49.760883" lon="18.156261">
      </trkpt>
      <trkpt lat="49.760849" lon="18.155532">
      </trkpt>
      <trkpt lat="49.760811" lon="18.154906">
      </trkpt>
      <trkpt lat="49.760755" lon="18.154485">
      </trkpt>
      <trkpt lat="49.76052" lon="18.153391">
      </trkpt>
      <trkpt lat="49.76345" lon="18.1456">
      </trkpt>
      <trkpt lat="49.761509" lon="18.142569">
      </trkpt>
      <trkpt lat="49.757205" lon="18.138762">
      </trkpt>
      <trkpt lat="49.758749" lon="18.133544">
      </trkpt>
      <trkpt lat="49.758773" lon="18.132155">
      </trkpt>
      <trkpt lat="49.761555" lon="18.125778">
      </trkpt>
      <trkpt lat="49.763633" lon="18.123555">
      </trkpt>
      <trkpt lat="49.764441" lon="18.122952">
      </trkpt>
      <trkpt lat="49.765084" lon="18.122325">
      </trkpt>
      <trkpt lat="49.772375" lon="18.121452">
      </trkpt>
      <trkpt lat="49.774339" lon="18.123019">
      </trkpt>
      <trkpt lat="49.776303" lon="18.124587">
      </trkpt>
      <trkpt lat="49.778336" lon="18.126206">
      </trkpt>
      <trkpt lat="49.776778" lon="18.134483">
      </trkpt>
      <trkpt lat="49.775526" lon="18.135763">
      </trkpt>
      <trkpt lat="49.777577" lon="18.138722">
      </trkpt>
      <trkpt lat="49.778189" lon="18.146498">
      </trkpt>
      <trkpt lat="49.778375" lon="18.146892">
      </trkpt>
      <trkpt lat="49.778602" lon="18.147449">
      </trkpt>
      <trkpt lat="49.780317" lon="18.153605">
      </trkpt>
      <trkpt lat="49.780233" lon="18.154789">
      </trkpt>
      <trkpt lat="49.782912" lon="18.160405">
      </trkpt>
      <trkpt lat="49.781166" lon="18.165341">
      </trkpt>
      <trkpt lat="49.781045" lon="18.167226">
      </trkpt>
      <trkpt lat="49.781163" lon="18.167608">
      </trkpt>
      <trkpt lat="49.781276" lon="18.167901">
      </trkpt>
      <trkpt lat="49.782733" lon="18.168582">
      </trkpt>
      <trkpt lat="49.786149" lon="18.168509">
      </trkpt>
      <trkpt lat="49.790937" lon="18.16474">
      </trkpt>
      <trkpt lat="49.795248" lon="18.164579">
      </trkpt>
      <trkpt lat="49.798865" lon="18.1713">
      </trkpt>
      <trkpt lat="49.798941" lon="18.174596">
      </trkpt>
      <trkpt lat="49.799081" lon="18.179847">
      </trkpt>
      <trkpt lat="49.799179" lon="18.181708">
      </trkpt>
      <trkpt lat="49.79931" lon="18.183539">
      </trkpt>
      <trkpt lat="49.799487" lon="18.185394">
      </trkpt>
      <trkpt lat="49.799686" lon="18.187167">
      </trkpt>
      <trkpt lat="49.799897" lon="18.188687">
      </trkpt>
      <trkpt lat="49.800129" lon="18.190195">
      </trkpt>
      <trkpt lat="49.800336" lon="18.191508">
      </trkpt>
      <trkpt lat="49.80058" lon="18.192848">
      </trkpt>
      <trkpt lat="49.800877" lon="18.194298">
      </trkpt>
      <trkpt lat="49.801972" lon="18.198677">
      </trkpt>
      <trkpt lat="49.802257" lon="18.199542">
      </trkpt>
      <trkpt lat="49.802701" lon="18.200702">
      </trkpt>
      <trkpt lat="49.803006" lon="18.201405">
      </trkpt>
      <trkpt lat="49.803352" lon="18.202089">
      </trkpt>
      <trkpt lat="49.803907" lon="18.2028">
      </trkpt>
      <trkpt lat="49.804565" lon="18.211488">
      </trkpt>
      <trkpt lat="49.802289" lon="18.214457">
      </trkpt>
      <trkpt lat="49.798873" lon="18.219122">
      </trkpt>
      <trkpt lat="49.798397" lon="18.219849">
      </trkpt>
      <trkpt lat="49.797908" lon="18.220685">
      </trkpt>
      <trkpt lat="49.797357" lon="18.221701">
      </trkpt>
      <trkpt lat="49.796222" lon="18.223851">
      </trkpt>
      <trkpt lat="49.79576" lon="18.227791">
      </trkpt>
      <trkpt lat="49.795588" lon="18.228924">
      </trkpt>
      <trkpt lat="49.795471" lon="18.2299">
      </trkpt>
      <trkpt lat="49.795308" lon="18.233275">
      </trkpt>
      <trkpt lat="49.79532" lon="18.234129">
      </trkpt>
      <trkpt lat="49.798919" lon="18.23408">
      </trkpt>
      <trkpt lat="49.800955" lon="18.226368">
      </trkpt>
      <trkpt lat="49.802008" lon="18.221157">
      </trkpt>
      <trkpt lat="49.805146" lon="18.216647">
      </trkpt>
      <trkpt lat="49.807422" lon="18.213678">
      </trkpt>
      <trkpt lat="49.807813" lon="18.213045">
      </trkpt>
      <trkpt lat="49.816029" lon="18.211042">
      </trkpt>
      <trkpt lat="49.818272" lon="18.212098">
      </trkpt>
      <trkpt lat="49.819807" lon="18.212916">
      </trkpt>
      <trkpt lat="49.821085" lon="18.213737">
      </trkpt>
      <trkpt lat="49.822852" lon="18.215103">
      </trkpt>
      <trkpt lat="49.823446" lon="18.215578">
      </trkpt>
      <trkpt lat="49.825459" lon="18.217293">
      </trkpt>
      <trkpt lat="49.82689" lon="18.218367">
      </trkpt>
      <trkpt lat="49.830659" lon="18.226526">
      </trkpt>
      <trkpt lat="49.830385" lon="18.227549">
      </trkpt>
      <trkpt lat="49.830272" lon="18.228017">
      </trkpt>
      <trkpt lat="49.830184" lon="18.228505">
      </trkpt>
      <trkpt lat="49.830124" lon="18.228978">
      </trkpt>
      <trkpt lat="49.830096" lon="18.229414">
      </trkpt>
      <trkpt lat="49.830098" lon="18.230297">
      </trkpt>
      <trkpt lat="49.830141" lon="18.230796">
      </trkpt>
      <trkpt lat="49.830198" lon="18.231196">
      </trkpt>
      <trkpt lat="49.830379" lon="18.232222">
      </trkpt>
      <trkpt lat="49.833924" lon="18.231594">
      </trkpt>
      <trkpt lat="49.834623" lon="18.228444">
      </trkpt>
      <trkpt lat="49.835234" lon="18.225351">
      </trkpt>
      <trkpt lat="49.843664" lon="18.224703">
      </trkpt>
      <trkpt lat="49.844407" lon="18.225525">
      </trkpt>
      <trkpt lat="49.845126" lon="18.226398">
      </trkpt>
      <trkpt lat="49.845607" lon="18.227011">
      </trkpt>
      <trkpt lat="49.846106" lon="18.227708">
      </trkpt>
      <trkpt lat="49.846505" lon="18.228307">
      </trkpt>
      <trkpt lat="49.84689" lon="18.228964">
      </trkpt>
      <trkpt lat="49.847213" lon="18.229559">
      </trkpt>
      <trkpt lat="49.847481" lon="18.230101">
      </trkpt>
      <trkpt lat="49.847963" lon="18.231247">
      </trkpt>
      <trkpt lat="49.848266" lon="18.232091">
      </trkpt>
      <trkpt lat="49.848508" lon="18.232873">
      </trkpt>
      <trkpt lat="49.848767" lon="18.233849">
      </trkpt>
      <trkpt lat="49.848902" lon="18.234448">
      </trkpt>
      <trkpt lat="49.849075" lon="18.235358">
      </trkpt>
      <trkpt lat="49.849305" lon="18.236835">
      </trkpt>
      <trkpt lat="49.849447" lon="18.238016">
      </trkpt>
      <trkpt lat="49.849754" lon="18.240449">
      </trkpt>
      <trkpt lat="49.850062" lon="18.242896">
      </trkpt>
      <trkpt lat="49.850182" lon="18.243784">
      </trkpt>
      <trkpt lat="49.850572" lon="18.245949">
      </trkpt>
      <trkpt lat="49.850907" lon="18.247118">
      </trkpt>
      <trkpt lat="49.854387" lon="18.246195">
      </trkpt>
      <trkpt lat="49.853019" lon="18.237565">
      </trkpt>
      <trkpt lat="49.852879" lon="18.236405">
      </trkpt>
      <trkpt lat="49.852633" lon="18.234807">
      </trkpt>
      <trkpt lat="49.852439" lon="18.233779">
      </trkpt>
      <trkpt lat="49.852279" lon="18.233061">
      </trkpt>
      <trkpt lat="49.851989" lon="18.231955">
      </trkpt>
      <trkpt lat="49.851706" lon="18.231032">
      </trkpt>
      <trkpt lat="49.851354" lon="18.230038">
      </trkpt>
      <trkpt lat="49.850803" lon="18.228713">
      </trkpt>
      <trkpt lat="49.850447" lon="18.227978">
      </trkpt>
      <trkpt lat="49.850057" lon="18.227252">
      </trkpt>
      <trkpt lat="49.849615" lon="18.226493">
      </trkpt>
      <trkpt lat="49.849109" lon="18.225723">
      </trkpt>
      <trkpt lat="49.848538" lon="18.22492">
      </trkpt>
      <trkpt lat="49.847963" lon="18.224182">
      </trkpt>
      <trkpt lat="49.847186" lon="18.223236">
      </trkpt>
      <trkpt lat="49.846338" lon="18.222293">
      </trkpt>
      <trkpt lat="49.845148" lon="18.221113">
      </trkpt>
      <trkpt lat="49.844243" lon="18.220316">
      </trkpt>
      <trkpt lat="49.838193" lon="18.214209">
      </trkpt>
      <trkpt lat="49.837757" lon="18.213832">
      </trkpt>
      <trkpt lat="49.837279" lon="18.213562">
      </trkpt>
      <trkpt lat="49.836132" lon="18.21345">
      </trkpt>
      <trkpt lat="49.835357" lon="18.213779">
      </trkpt>
      <trkpt lat="49.82763" lon="18.21442">
      </trkpt>
      <trkpt lat="49.825783" lon="18.21284">
      </trkpt>
      <trkpt lat="49.825103" lon="18.212294">
      </trkpt>
      <trkpt lat="49.823277" lon="18.210882">
      </trkpt>
      <trkpt lat="49.821765" lon="18.209895">
      </trkpt>
      <trkpt lat="49.819975" lon="18.208927">
      </trkpt>
      <trkpt lat="49.817566" lon="18.207787">
      </trkpt>
      <trkpt lat="49.813946" lon="18.199986">
      </trkpt>
      <trkpt lat="49.814039" lon="18.198304">
      </trkpt>
      <trkpt lat="49.814175" lon="18.195822">
      </trkpt>
      <trkpt lat="49.814359" lon="18.192552">
      </trkpt>
      <trkpt lat="49.814412" lon="18.191771">
      </trkpt>
      <trkpt lat="49.814518" lon="18.190633">
      </trkpt>
      <trkpt lat="49.81463" lon="18.189835">
      </trkpt>
      <trkpt lat="49.814794" lon="18.188944">
      </trkpt>
      <trkpt lat="49.819265" lon="18.181536">
      </trkpt>
      <trkpt lat="49.819823" lon="18.177232">
      </trkpt>
      <trkpt lat="49.819988" lon="18.17658">
      </trkpt>
      <trkpt lat="49.82017" lon="18.175685">
      </trkpt>
      <trkpt lat="49.824757" lon="18.168726">
      </trkpt>
      <trkpt lat="49.828809" lon="18.162863">
      </trkpt>
      <trkpt lat="49.828886" lon="18.162525">
      </trkpt>
      <trkpt lat="49.82883" lon="18.16089">
      </trkpt>
      <trkpt lat="49.827672" lon="18.158223">
      </trkpt>
      <trkpt lat="49.825214" lon="18.1496">
      </trkpt>
      <trkpt lat="49.824449" lon="18.141122">
      </trkpt>
      <trkpt lat="49.828896" lon="18.135978">
      </trkpt>
      <trkpt lat="49.827445" lon="18.132683">
      </trkpt>
      <trkpt lat="49.826959" lon="18.132898">
      </trkpt>
      <trkpt lat="49.82632" lon="18.133238">
      </trkpt>
      <trkpt lat="49.825704" lon="18.133632">
      </trkpt>
      <trkpt lat="49.825113" lon="18.134077">
      </trkpt>
      <trkpt lat="49.824549" lon="18.134569">
      </trkpt>
      <trkpt lat="49.823883" lon="18.135239">
      </trkpt>
      <trkpt lat="49.823241" lon="18.136002">
      </trkpt>
      <trkpt lat="49.814565" lon="18.136182">
      </trkpt>
      <trkpt lat="49.813231" lon="18.134364">
      </trkpt>
      <trkpt lat="49.813446" lon="18.12548">
      </trkpt>
      <trkpt lat="49.816364" lon="18.124221">
      </trkpt>
      <trkpt lat="49.817804" lon="18.123488">
      </trkpt>
      <trkpt lat="49.818193" lon="18.123265">
      </trkpt>
      <trkpt lat="49.818604" lon="18.122531">
      </trkpt>
      <trkpt lat="49.818628" lon="18.122466">
      </trkpt>
      <trkpt lat="49.818007" lon="18.121017">
      </trkpt>
      <trkpt lat="49.81766" lon="18.120839">
      </trkpt>
      <trkpt lat="49.816403" lon="18.120141">
      </trkpt>
      <trkpt lat="49.809681" lon="18.118347">
      </trkpt>
      <trkpt lat="49.806631" lon="18.116433">
      </trkpt>
      <trkpt lat="49.799079" lon="18.113405">
      </trkpt>
      <trkpt lat="49.800165" lon="18.110069">
      </trkpt>
      <trkpt lat="49.806442" lon="18.105492">
      </trkpt>
      <trkpt lat="49.806509" lon="18.105414">
      </trkpt>
      <trkpt lat="49.808194" lon="18.097961">
      </trkpt>
      <trkpt lat="49.808168" lon="18.096215">
      </trkpt>
      <trkpt lat="49.807809" lon="18.095768">
      </trkpt>
      <trkpt lat="49.807677" lon="18.09567">
      </trkpt>
      <trkpt lat="49.805788" lon="18.095283">
      </trkpt>
      <trkpt lat="49.800852" lon="18.09022">
      </trkpt>
      <trkpt lat="49.800251" lon="18.088966">
      </trkpt>
      <trkpt lat="49.805505" lon="18.082494">
      </trkpt>
      <trkpt lat="49.808564" lon="18.080595">
      </trkpt>
      <trkpt lat="49.808318" lon="18.072773">
      </trkpt>
      <trkpt lat="49.808299" lon="18.071411">
      </trkpt>
      <trkpt lat="49.808279" lon="18.071365">
      </trkpt>
      <trkpt lat="49.807927" lon="18.070983">
      </trkpt>
      <trkpt lat="49.805341" lon="18.070749">
      </trkpt>
      <trkpt lat="49.805133" lon="18.071055">
      </trkpt>
      <trkpt lat="49.803004" lon="18.074739">
      </trkpt>
      <trkpt lat="49.797435" lon="18.078269">
      </trkpt>
      <trkpt lat="49.79118" lon="18.076992">
      </trkpt>
      <trkpt lat="49.787627" lon="18.07641">
      </trkpt>
      <trkpt lat="49.780689" lon="18.070857">
      </trkpt>
      <trkpt lat="49.781436" lon="18.067426">
      </trkpt>
      <trkpt lat="49.781383" lon="18.067149">
      </trkpt>
      <trkpt lat="49.780838" lon="18.066137">
      </trkpt>
      <trkpt lat="49.780023" lon="18.065435">
      </trkpt>
      <trkpt lat="49.779193" lon="18.065062">
      </trkpt>
      <trkpt lat="49.777608" lon="18.065365">
      </trkpt>
      <trkpt lat="49.773619" lon="18.067936">
      </trkpt>
      <trkpt lat="49.772292" lon="18.069024">
      </trkpt>
      <trkpt lat="49.770829" lon="18.070397">
      </trkpt>
      <trkpt lat="49.769513" lon="18.071116">
      </trkpt>
      <trkpt lat="49.768988" lon="18.071685">
      </trkpt>
      <trkpt lat="49.768362" lon="18.072646">
      </trkpt>
      <trkpt lat="49.767804" lon="18.074155">
      </trkpt>
      <trkpt lat="49.767559" lon="18.075256">
      </trkpt>
      <trkpt lat="49.766747" lon="18.076841">
      </trkpt>
      <trkpt lat="49.766094" lon="18.077675">
      </trkpt>
      <trkpt lat="49.757568" lon="18.077006">
      </trkpt>
      <trkpt lat="49.756623" lon="18.074106">
      </trkpt>
      <trkpt lat="49.758924" lon="18.068702">
      </trkpt>
      <trkpt lat="49.761099" lon="18.066488">
      </trkpt>
      <trkpt lat="49.761474" lon="18.064142">
      </trkpt>
      <trkpt lat="49.759209" lon="18.061867">
      </trkpt>
      <trkpt lat="49.756983" lon="18.057524">
      </trkpt>
      <trkpt lat="49.756687" lon="18.054861">
      </trkpt>
      <trkpt lat="49.756859" lon="18.050151">
      </trkpt>
      <trkpt lat="49.756993" lon="18.049657">
      </trkpt>
      <trkpt lat="49.757017" lon="18.049573">
      </trkpt>
      <trkpt lat="49.757345" lon="18.048176">
      </trkpt>
      <trkpt lat="49.757407" lon="18.047503">
      </trkpt>
      <trkpt lat="49.757079" lon="18.046498">
      </trkpt>
      <trkpt lat="49.75606" lon="18.045645">
      </trkpt>
      <trkpt lat="49.751155" lon="18.040233">
      </trkpt>
      <trkpt lat="49.752702" lon="18.037231">
      </trkpt>
      <trkpt lat="49.761514" lon="18.036495">
      </trkpt>
      <trkpt lat="49.761694" lon="18.036566">
      </trkpt>
      <trkpt lat="49.763437" lon="18.036637">
      </trkpt>
      <trkpt lat="49.771176" lon="18.036822">
      </trkpt>
      <trkpt lat="49.773825" lon="18.03883">
      </trkpt>
      <trkpt lat="49.774253" lon="18.0392">
      </trkpt>
      <trkpt lat="49.774708" lon="18.039525">
      </trkpt>
      <trkpt lat="49.775908" lon="18.040228">
      </trkpt>
      <trkpt lat="49.778062" lon="18.048347">
      </trkpt>
      <trkpt lat="49.775982" lon="18.051285">
      </trkpt>
      <trkpt lat="49.776801" lon="18.051865">
      </trkpt>
      <trkpt lat="49.778374" lon="18.052673">
      </trkpt>
      <trkpt lat="49.781036" lon="18.052268">
      </trkpt>
      <trkpt lat="49.782409" lon="18.052451">
      </trkpt>
      <trkpt lat="49.787542" lon="18.052833">
      </trkpt>
      <trkpt lat="49.788308" lon="18.053078">
      </trkpt>
      <trkpt lat="49.789135" lon="18.053176">
      </trkpt>
      <trkpt lat="49.789938" lon="18.053083">
      </trkpt>
      <trkpt lat="49.794772" lon="18.052571">
      </trkpt>
      <trkpt lat="49.795554" lon="18.049057">
      </trkpt>
      <trkpt lat="49.794011" lon="18.048713">
      </trkpt>
      <trkpt lat="49.790034" lon="18.046463">
      </trkpt>
      <trkpt lat="49.791017" lon="18.038009">
      </trkpt>
      <trkpt lat="49.791236" lon="18.037335">
      </trkpt>
      <trkpt lat="49.79161" lon="18.035524">
      </trkpt>
      <trkpt lat="49.796888" lon="18.029656">
      </trkpt>
      <trkpt lat="49.798451" lon="18.026414">
      </trkpt>
      <trkpt lat="49.801352" lon="18.018401">
      </trkpt>
      <trkpt lat="49.804441" lon="18.016552">
      </trkpt>
      <trkpt lat="49.804361" lon="18.008364">
      </trkpt>
      <trkpt lat="49.803886" lon="18.002863">
      </trkpt>
      <trkpt lat="49.803624" lon="18.002411">
      </trkpt>
      <trkpt lat="49.805008" lon="17.993649">
      </trkpt>
      <trkpt lat="49.80662" lon="17.99268">
      </trkpt>
      <trkpt lat="49.807271" lon="17.992256">
      </trkpt>
      <trkpt lat="49.80769" lon="17.991928">
      </trkpt>
      <trkpt lat="49.808066" lon="17.991547">
      </trkpt>
      <trkpt lat="49.808401" lon="17.991123">
      </trkpt>
      <trkpt lat="49.808191" lon="17.99012">
      </trkpt>
      <trkpt lat="49.808128" lon="17.989959">
      </trkpt>
      <trkpt lat="49.805578" lon="17.98889">
      </trkpt>
      <trkpt lat="49.803155" lon="17.990562">
      </trkpt>
      <trkpt lat="49.801591" lon="17.991501">
      </trkpt>
      <trkpt lat="49.801245" lon="17.991747">
      </trkpt>
      <trkpt lat="49.800882" lon="17.992089">
      </trkpt>
      <trkpt lat="49.799181" lon="17.994413">
      </trkpt>
      <trkpt lat="49.791595" lon="17.991369">
      </trkpt>
      <trkpt lat="49.791437" lon="17.990868">
      </trkpt>
      <trkpt lat="49.791198" lon="17.990303">
      </trkpt>
      <trkpt lat="49.790852" lon="17.98971">
      </trkpt>
      <trkpt lat="49.790434" lon="17.989195">
      </trkpt>
      <trkpt lat="49.789638" lon="17.988473">
      </trkpt>
      <trkpt lat="49.78872" lon="17.988113">
      </trkpt>
      <trkpt lat="49.787602" lon="17.988303">
      </trkpt>
      <trkpt lat="49.786851" lon="17.988939">
      </trkpt>
      <trkpt lat="49.786652" lon="17.991732">
      </trkpt>
      <trkpt lat="49.778885" lon="17.995809">
      </trkpt>
      <trkpt lat="49.776909" lon="17.99617">
      </trkpt>
      <trkpt lat="49.770014" lon="17.990694">
      </trkpt>
      <trkpt lat="49.768539" lon="17.982205">
      </trkpt>
      <trkpt lat="49.77097" lon="17.978285">
      </trkpt>
      <trkpt lat="49.775652" lon="17.973642">
      </trkpt>
      <trkpt lat="49.776207" lon="17.973397">
      </trkpt>
      <trkpt lat="49.777344" lon="17.972957">
      </trkpt>
      <trkpt lat="49.785508" lon="17.975641">
      </trkpt>
      <trkpt lat="49.787086" lon="17.977507">
      </trkpt>
      <trkpt lat="49.787287" lon="17.977705">
      </trkpt>
      <trkpt lat="49.790674" lon="17.977218">
      </trkpt>
      <trkpt lat="49.790638" lon="17.97677">
      </trkpt>
      <trkpt lat="49.790572" lon="17.976371">
      </trkpt>
      <trkpt lat="49.790227" lon="17.975588">
      </trkpt>
      <trkpt lat="49.789054" lon="17.97262">
      </trkpt>
      <trkpt lat="49.787595" lon="17.964153">
      </trkpt>
      <trkpt lat="49.790446" lon="17.955745">
      </trkpt>
      <trkpt lat="49.789865" lon="17.953715">
      </trkpt>
      <trkpt lat="49.789694" lon="17.953558">
      </trkpt>
      <trkpt lat="49.784411" lon="17.948642">
      </trkpt>
      <trkpt lat="49.784371" lon="17.948594">
      </trkpt>
      <trkpt lat="49.783315" lon="17.94823">
      </trkpt>
      <trkpt lat="49.783044" lon="17.948294">
      </trkpt>
      <trkpt lat="49.782211" lon="17.948715">
      </trkpt>
      <trkpt lat="49.781329" lon="17.949886">
      </trkpt>
      <trkpt lat="49.78076" lon="17.950617">
      </trkpt>
      <trkpt lat="49.780306" lon="17.9513">
      </trkpt>
      <trkpt lat="49.779763" lon="17.952263">
      </trkpt>
      <trkpt lat="49.778815" lon="17.954014">
      </trkpt>
      <trkpt lat="49.778543" lon="17.95441">
      </trkpt>
      <trkpt lat="49.777747" lon="17.955851">
      </trkpt>
      <trkpt lat="49.777531" lon="17.956452">
      </trkpt>
      <trkpt lat="49.776874" lon="17.958459">
      </trkpt>
      <trkpt lat="49.775575" lon="17.962028">
      </trkpt>
      <trkpt lat="49.775365" lon="17.962444">
      </trkpt>
      <trkpt lat="49.775234" lon="17.962766">
      </trkpt>
      <trkpt lat="49.775083" lon="17.963252">
      </trkpt>
      <trkpt lat="49.774971" lon="17.963746">
      </trkpt>
      <trkpt lat="49.774848" lon="17.964698">
      </trkpt>
      <trkpt lat="49.772746" lon="17.969501">
      </trkpt>
      <trkpt lat="49.772403" lon="17.970051">
      </trkpt>
      <trkpt lat="49.772018" lon="17.970856">
      </trkpt>
      <trkpt lat="49.771843" lon="17.971164">
      </trkpt>
      <trkpt lat="49.768829" lon="17.974539">
      </trkpt>
      <trkpt lat="49.768523" lon="17.975033">
      </trkpt>
      <trkpt lat="49.768214" lon="17.975671">
      </trkpt>
      <trkpt lat="49.768011" lon="17.976157">
      </trkpt>
      <trkpt lat="49.767744" lon="17.976688">
      </trkpt>
      <trkpt lat="49.76556" lon="17.979953">
      </trkpt>
      <trkpt lat="49.765371" lon="17.980323">
      </trkpt>
      <trkpt lat="49.764588" lon="17.981618">
      </trkpt>
      <trkpt lat="49.764254" lon="17.982116">
      </trkpt>
      <trkpt lat="49.763334" lon="17.984796">
      </trkpt>
      <trkpt lat="49.76317" lon="17.985117">
      </trkpt>
      <trkpt lat="49.762514" lon="17.98643">
      </trkpt>
      <trkpt lat="49.761079" lon="17.989459">
      </trkpt>
      <trkpt lat="49.760806" lon="17.990011">
      </trkpt>
      <trkpt lat="49.760093" lon="17.992273">
      </trkpt>
      <trkpt lat="49.759701" lon="17.997067">
      </trkpt>
      <trkpt lat="49.758732" lon="17.999127">
      </trkpt>
      <trkpt lat="49.758674" lon="17.999212">
      </trkpt>
      <trkpt lat="49.756299" lon="18.00216">
      </trkpt>
      <trkpt lat="49.752051" lon="18.003056">
      </trkpt>
      <trkpt lat="49.745632" lon="17.997239">
      </trkpt>
      <trkpt lat="49.746795" lon="17.994931">
      </trkpt>
      <trkpt lat="49.746885" lon="17.994815">
      </trkpt>
      <trkpt lat="49.750487" lon="17.991637">
      </trkpt>
      <trkpt lat="49.751067" lon="17.98849">
      </trkpt>
      <trkpt lat="49.751883" lon="17.980599">
      </trkpt>
      <trkpt lat="49.752304" lon="17.980033">
      </trkpt>
      <trkpt lat="49.752533" lon="17.97949">
      </trkpt>
      <trkpt lat="49.75306" lon="17.977396">
      </trkpt>
      <trkpt lat="49.754183" lon="17.974908">
      </trkpt>
      <trkpt lat="49.754276" lon="17.974585">
      </trkpt>
      <trkpt lat="49.754805" lon="17.972393">
      </trkpt>
      <trkpt lat="49.75536" lon="17.970074">
      </trkpt>
      <trkpt lat="49.755479" lon="17.969094">
      </trkpt>
      <trkpt lat="49.75536" lon="17.966846">
      </trkpt>
      <trkpt lat="49.757759" lon="17.959187">
      </trkpt>
      <trkpt lat="49.759484" lon="17.955625">
      </trkpt>
      <trkpt lat="49.760114" lon="17.952737">
      </trkpt>
      <trkpt lat="49.760754" lon="17.9498">
      </trkpt>
      <trkpt lat="49.760937" lon="17.948813">
      </trkpt>
      <trkpt lat="49.761173" lon="17.947028">
      </trkpt>
      <trkpt lat="49.761336" lon="17.945113">
      </trkpt>
      <trkpt lat="49.76149" lon="17.943282">
      </trkpt>
      <trkpt lat="49.767009" lon="17.937815">
      </trkpt>
      <trkpt lat="49.772517" lon="17.931876">
      </trkpt>
      <trkpt lat="49.772982" lon="17.931566">
      </trkpt>
      <trkpt lat="49.775151" lon="17.929769">
      </trkpt>
      <trkpt lat="49.781444" lon="17.927489">
      </trkpt>
      <trkpt lat="49.78202" lon="17.927177">
      </trkpt>
      <trkpt lat="49.782656" lon="17.926718">
      </trkpt>
      <trkpt lat="49.783189" lon="17.926207">
      </trkpt>
      <trkpt lat="49.78599" lon="17.923627">
      </trkpt>
      <trkpt lat="49.786441" lon="17.923208">
      </trkpt>
      <trkpt lat="49.787028" lon="17.922457">
      </trkpt>
      <trkpt lat="49.787411" lon="17.921647">
      </trkpt>
      <trkpt lat="49.790139" lon="17.918143">
      </trkpt>
      <trkpt lat="49.795496" lon="17.917409">
      </trkpt>
      <trkpt lat="49.795808" lon="17.913823">
      </trkpt>
      <trkpt lat="49.792536" lon="17.913538">
      </trkpt>
      <trkpt lat="49.790724" lon="17.906082">
      </trkpt>
      <trkpt lat="49.787579" lon="17.904332">
      </trkpt>
      <trkpt lat="49.786522" lon="17.90623">
      </trkpt>
      <trkpt lat="49.780985" lon="17.91199">
      </trkpt>
      <trkpt lat="49.775854" lon="17.916713">
      </trkpt>
      <trkpt lat="49.772261" lon="17.91693">
      </trkpt>
      <trkpt lat="49.765537" lon="17.911559">
      </trkpt>
      <trkpt lat="49.765694" lon="17.910399">
      </trkpt>
      <trkpt lat="49.765736" lon="17.909881">
      </trkpt>
      <trkpt lat="49.76574" lon="17.909562">
      </trkpt>
      <trkpt lat="49.765816" lon="17.908681">
      </trkpt>
      <trkpt lat="49.762229" lon="17.908371">
      </trkpt>
      <trkpt lat="49.758133" lon="17.913847">
      </trkpt>
      <trkpt lat="49.749266" lon="17.913665">
      </trkpt>
      <trkpt lat="49.748945" lon="17.913475">
      </trkpt>
      <trkpt lat="49.748349" lon="17.91325">
      </trkpt>
      <trkpt lat="49.747534" lon="17.913119">
      </trkpt>
      <trkpt lat="49.745909" lon="17.91296">
      </trkpt>
      <trkpt lat="49.744933" lon="17.912897">
      </trkpt>
      <trkpt lat="49.7443" lon="17.912944">
      </trkpt>
      <trkpt lat="49.743657" lon="17.913119">
      </trkpt>
      <trkpt lat="49.743208" lon="17.913306">
      </trkpt>
      <trkpt lat="49.738767" lon="17.914941">
      </trkpt>
      <trkpt lat="49.734197" lon="17.910715">
      </trkpt>
      <trkpt lat="49.734016" lon="17.910196">
      </trkpt>
      <trkpt lat="49.734887" lon="17.904227">
      </trkpt>
      <trkpt lat="49.736402" lon="17.902533">
      </trkpt>
      <trkpt lat="49.737981" lon="17.901442">
      </trkpt>
      <trkpt lat="49.739974" lon="17.900766">
      </trkpt>
      <trkpt lat="49.740724" lon="17.900311">
      </trkpt>
      <trkpt lat="49.742176" lon="17.899093">
      </trkpt>
      <trkpt lat="49.743913" lon="17.897492">
      </trkpt>
      <trkpt lat="49.744257" lon="17.897001">
      </trkpt>
      <trkpt lat="49.744548" lon="17.89645">
      </trkpt>
      <trkpt lat="49.748469" lon="17.891824">
      </trkpt>
      <trkpt lat="49.748869" lon="17.891503">
      </trkpt>
      <trkpt lat="49.749208" lon="17.891157">
      </trkpt>
      <trkpt lat="49.749591" lon="17.890634">
      </trkpt>
      <trkpt lat="49.749872" lon="17.890041">
      </trkpt>
      <trkpt lat="49.75001" lon="17.889572">
      </trkpt>
      <trkpt lat="49.751278" lon="17.885367">
      </trkpt>
      <trkpt lat="49.751506" lon="17.884724">
      </trkpt>
      <trkpt lat="49.751596" lon="17.88439">
      </trkpt>
      <trkpt lat="49.75172" lon="17.883845">
      </trkpt>
      <trkpt lat="49.751839" lon="17.883099">
      </trkpt>
      <trkpt lat="49.752213" lon="17.880323">
      </trkpt>
      <trkpt lat="49.752329" lon="17.878337">
      </trkpt>
      <trkpt lat="49.752437" lon="17.877788">
      </trkpt>
      <trkpt lat="49.752519" lon="17.877246">
      </trkpt>
      <trkpt lat="49.752532" lon="17.876846">
      </trkpt>
      <trkpt lat="49.754554" lon="17.871131">
      </trkpt>
      <trkpt lat="49.757376" lon="17.869059">
      </trkpt>
      <trkpt lat="49.760184" lon="17.866996">
      </trkpt>
      <trkpt lat="49.763939" lon="17.866155">
      </trkpt>
      <trkpt lat="49.764723" lon="17.866143">
      </trkpt>
      <trkpt lat="49.766552" lon="17.866192">
      </trkpt>
      <trkpt lat="49.772706" lon="17.872145">
      </trkpt>
      <trkpt lat="49.772009" lon="17.878302">
      </trkpt>
      <trkpt lat="49.770685" lon="17.880138">
      </trkpt>
      <trkpt lat="49.770109" lon="17.881019">
      </trkpt>
      <trkpt lat="49.773121" lon="17.882991">
      </trkpt>
      <trkpt lat="49.781991" lon="17.882187">
      </trkpt>
      <trkpt lat="49.783164" lon="17.884049">
      </trkpt>
      <trkpt lat="49.783912" lon="17.88612">
      </trkpt>
      <trkpt lat="49.784343" lon="17.886902">
      </trkpt>
      <trkpt lat="49.787496" lon="17.885165">
      </trkpt>
      <trkpt lat="49.790957" lon="17.877227">
      </trkpt>
      <trkpt lat="49.794542" lon="17.876893">
      </trkpt>
      <trkpt lat="49.794431" lon="17.8757">
      </trkpt>
      <trkpt lat="49.794257" lon="17.874314">
      </trkpt>
      <trkpt lat="49.794061" lon="17.873299">
      </trkpt>
      <trkpt lat="49.793816" lon="17.872319">
      </trkpt>
      <trkpt lat="49.793705" lon="17.871426">
      </trkpt>
      <trkpt lat="49.797233" lon="17.865066">
      </trkpt>
      <trkpt lat="49.800547" lon="17.865182">
      </trkpt>
      <trkpt lat="49.803286" lon="17.865549">
      </trkpt>
      <trkpt lat="49.803732" lon="17.865043">
      </trkpt>
      <trkpt lat="49.8045" lon="17.86216">
      </trkpt>
      <trkpt lat="49.80301" lon="17.861517">
      </trkpt>
      <trkpt lat="49.795281" lon="17.85789">
      </trkpt>
      <trkpt lat="49.790835" lon="17.851657">
      </trkpt>
      <trkpt lat="49.790913" lon="17.849628">
      </trkpt>
      <trkpt lat="49.787316" lon="17.849489">
      </trkpt>
      <trkpt lat="49.779638" lon="17.84576">
      </trkpt>
      <trkpt lat="49.779652" lon="17.844396">
      </trkpt>
      <trkpt lat="49.779565" lon="17.843064">
      </trkpt>
      <trkpt lat="49.779431" lon="17.842144">
      </trkpt>
      <trkpt lat="49.779391" lon="17.84158">
      </trkpt>
      <trkpt lat="49.779316" lon="17.838996">
      </trkpt>
      <trkpt lat="49.779295" lon="17.836896">
      </trkpt>
      <trkpt lat="49.779309" lon="17.834611">
      </trkpt>
      <trkpt lat="49.779323" lon="17.832299">
      </trkpt>
      <trkpt lat="49.779308" lon="17.830456">
      </trkpt>
      <trkpt lat="49.779475" lon="17.826548">
      </trkpt>
      <trkpt lat="49.780143" lon="17.822882">
      </trkpt>
      <trkpt lat="49.776681" lon="17.821895">
      </trkpt>
      <trkpt lat="49.776239" lon="17.823446">
      </trkpt>
      <trkpt lat="49.776156" lon="17.823784">
      </trkpt>
      <trkpt lat="49.77608" lon="17.824204">
      </trkpt>
      <trkpt lat="49.77589" lon="17.82622">
      </trkpt>
      <trkpt lat="49.775718" lon="17.828096">
      </trkpt>
      <trkpt lat="49.775694" lon="17.828537">
      </trkpt>
      <trkpt lat="49.775708" lon="17.830486">
      </trkpt>
      <trkpt lat="49.775723" lon="17.832329">
      </trkpt>
      <trkpt lat="49.775709" lon="17.834589">
      </trkpt>
      <trkpt lat="49.775695" lon="17.836874">
      </trkpt>
      <trkpt lat="49.768687" lon="17.840327">
      </trkpt>
      <trkpt lat="49.763066" lon="17.839808">
      </trkpt>
      <trkpt lat="49.760427" lon="17.842257">
      </trkpt>
      <trkpt lat="49.753974" lon="17.846786">
      </trkpt>
      <trkpt lat="49.750892" lon="17.848648">
      </trkpt>
      <trkpt lat="49.751218" lon="17.849844">
      </trkpt>
      <trkpt lat="49.751356" lon="17.850342">
      </trkpt>
      <trkpt lat="49.752033" lon="17.853813">
      </trkpt>
      <trkpt lat="49.754267" lon="17.85457">
      </trkpt>
      <trkpt lat="49.755458" lon="17.855423">
      </trkpt>
      <trkpt lat="49.757563" lon="17.855954">
      </trkpt>
      <trkpt lat="49.758081" lon="17.864075">
      </trkpt>
      <trkpt lat="49.753601" lon="17.864996">
      </trkpt>
      <trkpt lat="49.750152" lon="17.863965">
      </trkpt>
      <trkpt lat="49.749798" lon="17.865922">
      </trkpt>
      <trkpt lat="49.749575" lon="17.866841">
      </trkpt>
      <trkpt lat="49.747809" lon="17.873198">
      </trkpt>
      <trkpt lat="49.747789" lon="17.873706">
      </trkpt>
      <trkpt lat="49.747872" lon="17.874803">
      </trkpt>
      <trkpt lat="49.747784" lon="17.877895">
      </trkpt>
      <trkpt lat="49.748272" lon="17.882611">
      </trkpt>
      <trkpt lat="49.747895" lon="17.884135">
      </trkpt>
      <trkpt lat="49.74723" lon="17.885581">
      </trkpt>
      <trkpt lat="49.746975" lon="17.886445">
      </trkpt>
      <trkpt lat="49.745001" lon="17.88967">
      </trkpt>
      <trkpt lat="49.744248" lon="17.890292">
      </trkpt>
      <trkpt lat="49.743502" lon="17.891136">
      </trkpt>
      <trkpt lat="49.74277" lon="17.891876">
      </trkpt>
      <trkpt lat="49.742422" lon="17.89229">
      </trkpt>
      <trkpt lat="49.742002" lon="17.892975">
      </trkpt>
      <trkpt lat="49.741783" lon="17.893452">
      </trkpt>
      <trkpt lat="49.739779" lon="17.896406">
      </trkpt>
      <trkpt lat="49.736881" lon="17.898014">
      </trkpt>
      <trkpt lat="49.736322" lon="17.898219">
      </trkpt>
      <trkpt lat="49.735701" lon="17.898482">
      </trkpt>
      <trkpt lat="49.735199" lon="17.898767">
      </trkpt>
      <trkpt lat="49.734453" lon="17.899369">
      </trkpt>
      <trkpt lat="49.733782" lon="17.900064">
      </trkpt>
      <trkpt lat="49.732204" lon="17.901826">
      </trkpt>
      <trkpt lat="49.730658" lon="17.903554">
      </trkpt>
      <trkpt lat="49.723219" lon="17.898888">
      </trkpt>
      <trkpt lat="49.724003" lon="17.895844">
      </trkpt>
      <trkpt lat="49.727458" lon="17.893058">
      </trkpt>
      <trkpt lat="49.728188" lon="17.892636">
      </trkpt>
      <trkpt lat="49.728999" lon="17.891905">
      </trkpt>
      <trkpt lat="49.729469" lon="17.891326">
      </trkpt>
      <trkpt lat="49.729836" lon="17.890679">
      </trkpt>
      <trkpt lat="49.730467" lon="17.889096">
      </trkpt>
      <trkpt lat="49.731074" lon="17.887326">
      </trkpt>
      <trkpt lat="49.731728" lon="17.886309">
      </trkpt>
      <trkpt lat="49.732022" lon="17.885751">
      </trkpt>
      <trkpt lat="49.732267" lon="17.88523">
      </trkpt>
      <trkpt lat="49.733124" lon="17.883148">
      </trkpt>
      <trkpt lat="49.733728" lon="17.881509">
      </trkpt>
      <trkpt lat="49.733663" lon="17.881104">
      </trkpt>
      <trkpt lat="49.733502" lon="17.88005">
      </trkpt>
      <trkpt lat="49.733052" lon="17.879325">
      </trkpt>
      <trkpt lat="49.733949" lon="17.870551">
      </trkpt>
      <trkpt lat="49.734185" lon="17.870324">
      </trkpt>
      <trkpt lat="49.734998" lon="17.869302">
      </trkpt>
      <trkpt lat="49.735852" lon="17.867505">
      </trkpt>
      <trkpt lat="49.735981" lon="17.867188">
      </trkpt>
      <trkpt lat="49.738113" lon="17.859456">
      </trkpt>
      <trkpt lat="49.739309" lon="17.856823">
      </trkpt>
      <trkpt lat="49.739654" lon="17.855648">
      </trkpt>
      <trkpt lat="49.740158" lon="17.85139">
      </trkpt>
      <trkpt lat="49.740147" lon="17.851024">
      </trkpt>
      <trkpt lat="49.740044" lon="17.849479">
      </trkpt>
      <trkpt lat="49.740057" lon="17.848864">
      </trkpt>
      <trkpt lat="49.740043" lon="17.848039">
      </trkpt>
      <trkpt lat="49.739914" lon="17.847236">
      </trkpt>
      <trkpt lat="49.739673" lon="17.846551">
      </trkpt>
      <trkpt lat="49.743719" lon="17.838553">
      </trkpt>
      <trkpt lat="49.744411" lon="17.838488">
      </trkpt>
      <trkpt lat="49.745148" lon="17.838327">
      </trkpt>
      <trkpt lat="49.746041" lon="17.837917">
      </trkpt>
      <trkpt lat="49.746612" lon="17.837471">
      </trkpt>
      <trkpt lat="49.746926" lon="17.837087">
      </trkpt>
      <trkpt lat="49.747132" lon="17.836731">
      </trkpt>
      <trkpt lat="49.748837" lon="17.834231">
      </trkpt>
      <trkpt lat="49.749114" lon="17.833044">
      </trkpt>
      <trkpt lat="49.749903" lon="17.831069">
      </trkpt>
      <trkpt lat="49.749948" lon="17.830461">
      </trkpt>
      <trkpt lat="49.749928" lon="17.83024">
      </trkpt>
      <trkpt lat="49.747074" lon="17.828843">
      </trkpt>
      <trkpt lat="49.746721" lon="17.829292">
      </trkpt>
      <trkpt lat="49.743948" lon="17.831461">
      </trkpt>
      <trkpt lat="49.740109" lon="17.835316">
      </trkpt>
      <trkpt lat="49.7394" lon="17.835634">
      </trkpt>
      <trkpt lat="49.73274" lon="17.829938">
      </trkpt>
      <trkpt lat="49.733408" lon="17.828308">
      </trkpt>
      <trkpt lat="49.734025" lon="17.825645">
      </trkpt>
      <trkpt lat="49.733471" lon="17.825334">
      </trkpt>
      <trkpt lat="49.732974" lon="17.825139">
      </trkpt>
      <trkpt lat="49.731276" lon="17.825443">
      </trkpt>
      <trkpt lat="49.72571" lon="17.826828">
      </trkpt>
      <trkpt lat="49.722117" lon="17.82705">
      </trkpt>
      <trkpt lat="49.722073" lon="17.827434">
      </trkpt>
      <trkpt lat="49.721919" lon="17.828467">
      </trkpt>
      <trkpt lat="49.721825" lon="17.829318">
      </trkpt>
      <trkpt lat="49.721792" lon="17.830092">
      </trkpt>
      <trkpt lat="49.721807" lon="17.831883">
      </trkpt>
      <trkpt lat="49.723894" lon="17.836069">
      </trkpt>
      <trkpt lat="49.723925" lon="17.836548">
      </trkpt>
      <trkpt lat="49.715627" lon="17.839954">
      </trkpt>
      <trkpt lat="49.714652" lon="17.838588">
      </trkpt>
      <trkpt lat="49.713576" lon="17.837041">
      </trkpt>
      <trkpt lat="49.713083" lon="17.8364">
      </trkpt>
      <trkpt lat="49.712101" lon="17.835265">
      </trkpt>
      <trkpt lat="49.710505" lon="17.833372">
      </trkpt>
      <trkpt lat="49.709903" lon="17.832882">
      </trkpt>
      <trkpt lat="49.707324" lon="17.825121">
      </trkpt>
      <trkpt lat="49.703971" lon="17.823812">
      </trkpt>
      <trkpt lat="49.702264" lon="17.815818">
      </trkpt>
      <trkpt lat="49.703688" lon="17.81426">
      </trkpt>
      <trkpt lat="49.705054" lon="17.813002">
      </trkpt>
      <trkpt lat="49.705908" lon="17.812371">
      </trkpt>
      <trkpt lat="49.706603" lon="17.811855">
      </trkpt>
      <trkpt lat="49.707315" lon="17.811372">
      </trkpt>
      <trkpt lat="49.708701" lon="17.810589">
      </trkpt>
      <trkpt lat="49.710401" lon="17.809831">
      </trkpt>
      <trkpt lat="49.719002" lon="17.810532">
      </trkpt>
      <trkpt lat="49.72167" lon="17.814304">
      </trkpt>
      <trkpt lat="49.72286" lon="17.813009">
      </trkpt>
      <trkpt lat="49.722701" lon="17.810667">
      </trkpt>
      <trkpt lat="49.724042" lon="17.804599">
      </trkpt>
      <trkpt lat="49.72485" lon="17.803373">
      </trkpt>
      <trkpt lat="49.730044" lon="17.800141">
      </trkpt>
      <trkpt lat="49.735201" lon="17.801939">
      </trkpt>
      <trkpt lat="49.738714" lon="17.801152">
      </trkpt>
      <trkpt lat="49.742847" lon="17.798294">
      </trkpt>
      <trkpt lat="49.744026" lon="17.796417">
      </trkpt>
      <trkpt lat="49.743699" lon="17.795811">
      </trkpt>
      <trkpt lat="49.742686" lon="17.794697">
      </trkpt>
      <trkpt lat="49.741423" lon="17.793475">
      </trkpt>
      <trkpt lat="49.737874" lon="17.79287">
      </trkpt>
      <trkpt lat="49.734655" lon="17.793081">
      </trkpt>
      <trkpt lat="49.729362" lon="17.787737">
      </trkpt>
      <trkpt lat="49.726813" lon="17.780165">
      </trkpt>
      <trkpt lat="49.728792" lon="17.777158">
      </trkpt>
      <trkpt lat="49.733058" lon="17.770403">
      </trkpt>
      <trkpt lat="49.735762" lon="17.771247">
      </trkpt>
      <trkpt lat="49.740294" lon="17.772797">
      </trkpt>
      <trkpt lat="49.74186" lon="17.773864">
      </trkpt>
      <trkpt lat="49.743886" lon="17.770889">
      </trkpt>
      <trkpt lat="49.740994" lon="17.767209">
      </trkpt>
      <trkpt lat="49.738468" lon="17.765664">
      </trkpt>
      <trkpt lat="49.736641" lon="17.757834">
      </trkpt>
      <trkpt lat="49.737938" lon="17.755604">
      </trkpt>
      <trkpt lat="49.73825" lon="17.754876">
      </trkpt>
      <trkpt lat="49.73863" lon="17.753977">
      </trkpt>
      <trkpt lat="49.735313" lon="17.752577">
      </trkpt>
      <trkpt lat="49.7268" lon="17.751305">
      </trkpt>
      <trkpt lat="49.727295" lon="17.747463">
      </trkpt>
      <trkpt lat="49.727376" lon="17.747042">
      </trkpt>
      <trkpt lat="49.72744" lon="17.74675">
      </trkpt>
      <trkpt lat="49.725699" lon="17.743856">
      </trkpt>
      <trkpt lat="49.722672" lon="17.737115">
      </trkpt>
      <trkpt lat="49.725758" lon="17.729522">
      </trkpt>
      <trkpt lat="49.726554" lon="17.7287">
      </trkpt>
      <trkpt lat="49.726872" lon="17.728053">
      </trkpt>
      <trkpt lat="49.730052" lon="17.720278">
      </trkpt>
      <trkpt lat="49.729113" lon="17.719542">
      </trkpt>
      <trkpt lat="49.728734" lon="17.719279">
      </trkpt>
      <trkpt lat="49.728121" lon="17.718956">
      </trkpt>
      <trkpt lat="49.727353" lon="17.718611">
      </trkpt>
      <trkpt lat="49.722906" lon="17.713014">
      </trkpt>
      <trkpt lat="49.723058" lon="17.710382">
      </trkpt>
      <trkpt lat="49.723057" lon="17.710156">
      </trkpt>
      <trkpt lat="49.722352" lon="17.707256">
      </trkpt>
      <trkpt lat="49.722147" lon="17.706521">
      </trkpt>
      <trkpt lat="49.722016" lon="17.705949">
      </trkpt>
      <trkpt lat="49.723662" lon="17.697289">
      </trkpt>
      <trkpt lat="49.724933" lon="17.696187">
      </trkpt>
      <trkpt lat="49.726225" lon="17.694757">
      </trkpt>
      <trkpt lat="49.722073" lon="17.69041">
      </trkpt>
      <trkpt lat="49.721188" lon="17.68929">
      </trkpt>
      <trkpt lat="49.718535" lon="17.687325">
      </trkpt>
      <trkpt lat="49.716716" lon="17.685309">
      </trkpt>
      <trkpt lat="49.715872" lon="17.684304">
      </trkpt>
      <trkpt lat="49.715509" lon="17.683974">
      </trkpt>
      <trkpt lat="49.714099" lon="17.676849">
      </trkpt>
      <trkpt lat="49.716412" lon="17.67409">
      </trkpt>
      <trkpt lat="49.714619" lon="17.672156">
      </trkpt>
      <trkpt lat="49.715047" lon="17.664336">
      </trkpt>
      <trkpt lat="49.715262" lon="17.663302">
      </trkpt>
      <trkpt lat="49.715453" lon="17.662425">
      </trkpt>
      <trkpt lat="49.715488" lon="17.661766">
      </trkpt>
      <trkpt lat="49.715575" lon="17.660081">
      </trkpt>
      <trkpt lat="49.716472" lon="17.65168">
      </trkpt>
      <trkpt lat="49.715066" lon="17.649428">
      </trkpt>
      <trkpt lat="49.714596" lon="17.648892">
      </trkpt>
      <trkpt lat="49.71445" lon="17.648779">
      </trkpt>
      <trkpt lat="49.711983" lon="17.651294">
      </trkpt>
      <trkpt lat="49.711987" lon="17.65135">
      </trkpt>
      <trkpt lat="49.711796" lon="17.653961">
      </trkpt>
      <trkpt lat="49.707953" lon="17.659868">
      </trkpt>
      <trkpt lat="49.70464" lon="17.660451">
      </trkpt>
      <trkpt lat="49.698142" lon="17.6612">
      </trkpt>
      <trkpt lat="49.695445" lon="17.658815">
      </trkpt>
      <trkpt lat="49.69199" lon="17.652418">
      </trkpt>
      <trkpt lat="49.691165" lon="17.651185">
      </trkpt>
      <trkpt lat="49.689719" lon="17.647417">
      </trkpt>
      <trkpt lat="49.689259" lon="17.644751">
      </trkpt>
      <trkpt lat="49.689179" lon="17.64258">
      </trkpt>
      <trkpt lat="49.689162" lon="17.641987">
      </trkpt>
      <trkpt lat="49.689033" lon="17.640658">
      </trkpt>
      <trkpt lat="49.688622" lon="17.639052">
      </trkpt>
      <trkpt lat="49.688121" lon="17.637315">
      </trkpt>
      <trkpt lat="49.687657" lon="17.635736">
      </trkpt>
      <trkpt lat="49.687458" lon="17.634338">
      </trkpt>
      <trkpt lat="49.691651" lon="17.626824">
      </trkpt>
      <trkpt lat="49.694853" lon="17.626227">
      </trkpt>
      <trkpt lat="49.697289" lon="17.623412">
      </trkpt>
      <trkpt lat="49.697984" lon="17.62168">
      </trkpt>
      <trkpt lat="49.701515" lon="17.616353">
      </trkpt>
      <trkpt lat="49.707018" lon="17.61421">
      </trkpt>
      <trkpt lat="49.708086" lon="17.614097">
      </trkpt>
      <trkpt lat="49.710062" lon="17.612287">
      </trkpt>
      <trkpt lat="49.713439" lon="17.609685">
      </trkpt>
      <trkpt lat="49.715386" lon="17.605814">
      </trkpt>
      <trkpt lat="49.716008" lon="17.604759">
      </trkpt>
      <trkpt lat="49.716546" lon="17.603215">
      </trkpt>
      <trkpt lat="49.717177" lon="17.600186">
      </trkpt>
      <trkpt lat="49.717354" lon="17.599122">
      </trkpt>
      <trkpt lat="49.717964" lon="17.596446">
      </trkpt>
      <trkpt lat="49.71809" lon="17.595638">
      </trkpt>
      <trkpt lat="49.718175" lon="17.594706">
      </trkpt>
      <trkpt lat="49.718249" lon="17.593562">
      </trkpt>
      <trkpt lat="49.718332" lon="17.590202">
      </trkpt>
      <trkpt lat="49.716006" lon="17.587977">
      </trkpt>
      <trkpt lat="49.714086" lon="17.586969">
      </trkpt>
      <trkpt lat="49.709464" lon="17.581128">
      </trkpt>
      <trkpt lat="49.708825" lon="17.578858">
      </trkpt>
      <trkpt lat="49.708582" lon="17.578245">
      </trkpt>
      <trkpt lat="49.708019" lon="17.577447">
      </trkpt>
      <trkpt lat="49.707605" lon="17.577017">
      </trkpt>
      <trkpt lat="49.707035" lon="17.576602">
      </trkpt>
      <trkpt lat="49.702737" lon="17.570655">
      </trkpt>
      <trkpt lat="49.702234" lon="17.563984">
      </trkpt>
      <trkpt lat="49.700883" lon="17.560648">
      </trkpt>
      <trkpt lat="49.705671" lon="17.555632">
      </trkpt>
      <trkpt lat="49.7065" lon="17.555038">
      </trkpt>
      <trkpt lat="49.706888" lon="17.554466">
      </trkpt>
      <trkpt lat="49.709715" lon="17.549948">
      </trkpt>
      <trkpt lat="49.713768" lon="17.546705">
      </trkpt>
      <trkpt lat="49.715624" lon="17.545737">
      </trkpt>
      <trkpt lat="49.716308" lon="17.544843">
      </trkpt>
      <trkpt lat="49.716744" lon="17.543898">
      </trkpt>
      <trkpt lat="49.717782" lon="17.538702">
      </trkpt>
      <trkpt lat="49.71815" lon="17.536728">
      </trkpt>
      <trkpt lat="49.725875" lon="17.53423">
      </trkpt>
      <trkpt lat="49.727157" lon="17.537265">
      </trkpt>
      <trkpt lat="49.72856" lon="17.540536">
      </trkpt>
      <trkpt lat="49.729961" lon="17.542836">
      </trkpt>
      <trkpt lat="49.731216" lon="17.545006">
      </trkpt>
      <trkpt lat="49.732835" lon="17.548179">
      </trkpt>
      <trkpt lat="49.733312" lon="17.548905">
      </trkpt>
      <trkpt lat="49.733686" lon="17.549347">
      </trkpt>
      <trkpt lat="49.73503" lon="17.550642">
      </trkpt>
      <trkpt lat="49.737911" lon="17.554837">
      </trkpt>
      <trkpt lat="49.738668" lon="17.556581">
      </trkpt>
      <trkpt lat="49.739636" lon="17.559448">
      </trkpt>
      <trkpt lat="49.740584" lon="17.562251">
      </trkpt>
      <trkpt lat="49.737825" lon="17.570241">
      </trkpt>
      <trkpt lat="49.73755" lon="17.570491">
      </trkpt>
      <trkpt lat="49.736518" lon="17.571434">
      </trkpt>
      <trkpt lat="49.736454" lon="17.571571">
      </trkpt>
      <trkpt lat="49.735997" lon="17.573054">
      </trkpt>
      <trkpt lat="49.735986" lon="17.573169">
      </trkpt>
      <trkpt lat="49.735843" lon="17.575052">
      </trkpt>
      <trkpt lat="49.736832" lon="17.575227">
      </trkpt>
      <trkpt lat="49.745119" lon="17.577996">
      </trkpt>
      <trkpt lat="49.745514" lon="17.578298">
      </trkpt>
      <trkpt lat="49.746031" lon="17.578634">
      </trkpt>
      <trkpt lat="49.746738" lon="17.579025">
      </trkpt>
      <trkpt lat="49.750929" lon="17.582192">
      </trkpt>
      <trkpt lat="49.752756" lon="17.583896">
      </trkpt>
      <trkpt lat="49.754557" lon="17.585569">
      </trkpt>
      <trkpt lat="49.75905" lon="17.591596">
      </trkpt>
      <trkpt lat="49.761625" lon="17.593773">
      </trkpt>
      <trkpt lat="49.761782" lon="17.593877">
      </trkpt>
      <trkpt lat="49.764221" lon="17.593544">
      </trkpt>
      <trkpt lat="49.764392" lon="17.592593">
      </trkpt>
      <trkpt lat="49.763774" lon="17.590878">
      </trkpt>
      <trkpt lat="49.761846" lon="17.587889">
      </trkpt>
      <trkpt lat="49.76068" lon="17.586381">
      </trkpt>
      <trkpt lat="49.760129" lon="17.585714">
      </trkpt>
      <trkpt lat="49.759341" lon="17.584968">
      </trkpt>
      <trkpt lat="49.757027" lon="17.577233">
      </trkpt>
      <trkpt lat="49.753735" lon="17.575776">
      </trkpt>
      <trkpt lat="49.746802" lon="17.574726">
      </trkpt>
      <trkpt lat="49.745618" lon="17.565831">
      </trkpt>
      <trkpt lat="49.746008" lon="17.565342">
      </trkpt>
      <trkpt lat="49.746357" lon="17.564748">
      </trkpt>
      <trkpt lat="49.746597" lon="17.564209">
      </trkpt>
      <trkpt lat="49.747032" lon="17.56338">
      </trkpt>
      <trkpt lat="49.7474" lon="17.562729">
      </trkpt>
      <trkpt lat="49.747788" lon="17.561832">
      </trkpt>
      <trkpt lat="49.747952" lon="17.56133">
      </trkpt>
      <trkpt lat="49.748126" lon="17.560566">
      </trkpt>
      <trkpt lat="49.748589" lon="17.559002">
      </trkpt>
      <trkpt lat="49.748667" lon="17.558263">
      </trkpt>
      <trkpt lat="49.752257" lon="17.551296">
      </trkpt>
      <trkpt lat="49.755485" lon="17.54638">
      </trkpt>
      <trkpt lat="49.761704" lon="17.545861">
      </trkpt>
      <trkpt lat="49.763279" lon="17.546096">
      </trkpt>
      <trkpt lat="49.770529" lon="17.55064">
      </trkpt>
      <trkpt lat="49.770897" lon="17.552982">
      </trkpt>
      <trkpt lat="49.770446" lon="17.556194">
      </trkpt>
      <trkpt lat="49.770724" lon="17.557321">
      </trkpt>
      <trkpt lat="49.77102" lon="17.559462">
      </trkpt>
      <trkpt lat="49.771045" lon="17.560242">
      </trkpt>
      <trkpt lat="49.770784" lon="17.565251">
      </trkpt>
      <trkpt lat="49.773989" lon="17.56689">
      </trkpt>
      <trkpt lat="49.77449" lon="17.565909">
      </trkpt>
      <trkpt lat="49.774675" lon="17.565439">
      </trkpt>
      <trkpt lat="49.774901" lon="17.564449">
      </trkpt>
      <trkpt lat="49.775049" lon="17.562283">
      </trkpt>
      <trkpt lat="49.775012" lon="17.56165">
      </trkpt>
      <trkpt lat="49.774728" lon="17.55898">
      </trkpt>
      <trkpt lat="49.774663" lon="17.557674">
      </trkpt>
      <trkpt lat="49.774453" lon="17.556863">
      </trkpt>
      <trkpt lat="49.774478" lon="17.553683">
      </trkpt>
      <trkpt lat="49.780336" lon="17.549905">
      </trkpt>
      <trkpt lat="49.782625" lon="17.547127">
      </trkpt>
      <trkpt lat="49.782592" lon="17.547072">
      </trkpt>
      <trkpt lat="49.782261" lon="17.546454">
      </trkpt>
      <trkpt lat="49.782075" lon="17.546085">
      </trkpt>
      <trkpt lat="49.781886" lon="17.54567">
      </trkpt>
      <trkpt lat="49.781243" lon="17.544885">
      </trkpt>
      <trkpt lat="49.780015" lon="17.542825">
      </trkpt>
      <trkpt lat="49.779511" lon="17.541934">
      </trkpt>
      <trkpt lat="49.77891" lon="17.537574">
      </trkpt>
      <trkpt lat="49.778729" lon="17.537134">
      </trkpt>
      <trkpt lat="49.780768" lon="17.530974">
      </trkpt>
      <trkpt lat="49.787325" lon="17.53202">
      </trkpt>
      <trkpt lat="49.788247" lon="17.533418">
      </trkpt>
      <trkpt lat="49.788498" lon="17.533964">
      </trkpt>
      <trkpt lat="49.789079" lon="17.535391">
      </trkpt>
      <trkpt lat="49.789389" lon="17.536183">
      </trkpt>
      <trkpt lat="49.789457" lon="17.536369">
      </trkpt>
      <trkpt lat="49.789992" lon="17.538725">
      </trkpt>
      <trkpt lat="49.790228" lon="17.539475">
      </trkpt>
      <trkpt lat="49.790603" lon="17.54029">
      </trkpt>
      <trkpt lat="49.791072" lon="17.542369">
      </trkpt>
      <trkpt lat="49.791192" lon="17.543286">
      </trkpt>
      <trkpt lat="49.791277" lon="17.543767">
      </trkpt>
      <trkpt lat="49.791397" lon="17.544226">
      </trkpt>
      <trkpt lat="49.791788" lon="17.545776">
      </trkpt>
      <trkpt lat="49.792227" lon="17.551578">
      </trkpt>
      <trkpt lat="49.792477" lon="17.553171">
      </trkpt>
      <trkpt lat="49.792744" lon="17.554204">
      </trkpt>
      <trkpt lat="49.793008" lon="17.555695">
      </trkpt>
      <trkpt lat="49.793147" lon="17.556774">
      </trkpt>
      <trkpt lat="49.793254" lon="17.55741">
      </trkpt>
      <trkpt lat="49.793613" lon="17.559044">
      </trkpt>
      <trkpt lat="49.793768" lon="17.559622">
      </trkpt>
      <trkpt lat="49.794015" lon="17.560441">
      </trkpt>
      <trkpt lat="49.794147" lon="17.561011">
      </trkpt>
      <trkpt lat="49.794426" lon="17.562527">
      </trkpt>
      <trkpt lat="49.794991" lon="17.565315">
      </trkpt>
      <trkpt lat="49.788464" lon="17.570557">
      </trkpt>
      <trkpt lat="49.785972" lon="17.570136">
      </trkpt>
      <trkpt lat="49.784745" lon="17.57352">
      </trkpt>
      <trkpt lat="49.785241" lon="17.5737">
      </trkpt>
      <trkpt lat="49.788214" lon="17.574227">
      </trkpt>
      <trkpt lat="49.789702" lon="17.574428">
      </trkpt>
      <trkpt lat="49.790755" lon="17.574308">
      </trkpt>
      <trkpt lat="49.792793" lon="17.574163">
      </trkpt>
      <trkpt lat="49.798614" lon="17.579848">
      </trkpt>
      <trkpt lat="49.799425" lon="17.582506">
      </trkpt>
      <trkpt lat="49.799749" lon="17.584535">
      </trkpt>
      <trkpt lat="49.800037" lon="17.586611">
      </trkpt>
      <trkpt lat="49.80013" lon="17.587005">
      </trkpt>
      <trkpt lat="49.797252" lon="17.595313">
      </trkpt>
      <trkpt lat="49.796765" lon="17.599533">
      </trkpt>
      <trkpt lat="49.797423" lon="17.603073">
      </trkpt>
      <trkpt lat="49.794982" lon="17.611543">
      </trkpt>
      <trkpt lat="49.794521" lon="17.616853">
      </trkpt>
      <trkpt lat="49.794394" lon="17.618007">
      </trkpt>
      <trkpt lat="49.794061" lon="17.620089">
      </trkpt>
      <trkpt lat="49.797571" lon="17.62089">
      </trkpt>
      <trkpt lat="49.79848" lon="17.618606">
      </trkpt>
      <trkpt lat="49.79941" lon="17.613703">
      </trkpt>
      <trkpt lat="49.800357" lon="17.610511">
      </trkpt>
      <trkpt lat="49.800494" lon="17.60993">
      </trkpt>
      <trkpt lat="49.801822" lon="17.604789">
      </trkpt>
      <trkpt lat="49.802642" lon="17.602028">
      </trkpt>
      <trkpt lat="49.802849" lon="17.600924">
      </trkpt>
      <trkpt lat="49.803031" lon="17.599611">
      </trkpt>
      <trkpt lat="49.80303" lon="17.597922">
      </trkpt>
      <trkpt lat="49.803349" lon="17.595669">
      </trkpt>
      <trkpt lat="49.803422" lon="17.595134">
      </trkpt>
      <trkpt lat="49.803437" lon="17.593122">
      </trkpt>
      <trkpt lat="49.803527" lon="17.591915">
      </trkpt>
      <trkpt lat="49.804048" lon="17.588959">
      </trkpt>
      <trkpt lat="49.810251" lon="17.584353">
      </trkpt>
      <trkpt lat="49.817556" lon="17.586083">
      </trkpt>
      <trkpt lat="49.820975" lon="17.587208">
      </trkpt>
      <trkpt lat="49.82154" lon="17.585492">
      </trkpt>
      <trkpt lat="49.824022" lon="17.581003">
      </trkpt>
      <trkpt lat="49.824123" lon="17.580847">
      </trkpt>
      <trkpt lat="49.824411" lon="17.579097">
      </trkpt>
      <trkpt lat="49.824653" lon="17.578037">
      </trkpt>
      <trkpt lat="49.829836" lon="17.573946">
      </trkpt>
      <trkpt lat="49.833459" lon="17.575464">
      </trkpt>
      <trkpt lat="49.834799" lon="17.576374">
      </trkpt>
      <trkpt lat="49.838415" lon="17.577121">
      </trkpt>
      <trkpt lat="49.840871" lon="17.577821">
      </trkpt>
      <trkpt lat="49.848404" lon="17.576035">
      </trkpt>
      <trkpt lat="49.856379" lon="17.577062">
      </trkpt>
      <trkpt lat="49.857405" lon="17.581646">
      </trkpt>
      <trkpt lat="49.860416" lon="17.58362">
      </trkpt>
      <trkpt lat="49.867629" lon="17.588035">
      </trkpt>
      <trkpt lat="49.867121" lon="17.589786">
      </trkpt>
      <trkpt lat="49.866613" lon="17.591536">
      </trkpt>
      <trkpt lat="49.868938" lon="17.599829">
      </trkpt>
      <trkpt lat="49.86903" lon="17.600314">
      </trkpt>
      <trkpt lat="49.869238" lon="17.600823">
      </trkpt>
      <trkpt lat="49.869686" lon="17.601421">
      </trkpt>
      <trkpt lat="49.870366" lon="17.60187">
      </trkpt>
      <trkpt lat="49.871209" lon="17.602038">
      </trkpt>
      <trkpt lat="49.877144" lon="17.608364">
      </trkpt>
      <trkpt lat="49.880743" lon="17.608422">
      </trkpt>
      <trkpt lat="49.880775" lon="17.60642">
      </trkpt>
      <trkpt lat="49.880807" lon="17.604419">
      </trkpt>
      <trkpt lat="49.880788" lon="17.604005">
      </trkpt>
      <trkpt lat="49.880722" lon="17.603597">
      </trkpt>
      <trkpt lat="49.880528" lon="17.603062">
      </trkpt>
      <trkpt lat="49.878634" lon="17.598921">
      </trkpt>
      <trkpt lat="49.87843" lon="17.598299">
      </trkpt>
      <trkpt lat="49.876166" lon="17.592014">
      </trkpt>
      <trkpt lat="49.87628" lon="17.588971">
      </trkpt>
      <trkpt lat="49.876317" lon="17.587437">
      </trkpt>
      <trkpt lat="49.876271" lon="17.586853">
      </trkpt>
      <trkpt lat="49.876118" lon="17.586208">
      </trkpt>
      <trkpt lat="49.875249" lon="17.583799">
      </trkpt>
      <trkpt lat="49.874816" lon="17.582667">
      </trkpt>
      <trkpt lat="49.874692" lon="17.582283">
      </trkpt>
      <trkpt lat="49.874332" lon="17.580681">
      </trkpt>
      <trkpt lat="49.87394" lon="17.578734">
      </trkpt>
      <trkpt lat="49.878923" lon="17.573653">
      </trkpt>
      <trkpt lat="49.882261" lon="17.575001">
      </trkpt>
      <trkpt lat="49.886422" lon="17.579737">
      </trkpt>
      <trkpt lat="49.886657" lon="17.580093">
      </trkpt>
      <trkpt lat="49.889187" lon="17.579783">
      </trkpt>
      <trkpt lat="49.889236" lon="17.579723">
      </trkpt>
      <trkpt lat="49.889659" lon="17.578105">
      </trkpt>
      <trkpt lat="49.890003" lon="17.571853">
      </trkpt>
      <trkpt lat="49.893074" lon="17.564594">
      </trkpt>
      <trkpt lat="49.892426" lon="17.561053">
      </trkpt>
      <trkpt lat="49.891478" lon="17.561226">
      </trkpt>
      <trkpt lat="49.889791" lon="17.561604">
      </trkpt>
      <trkpt lat="49.884991" lon="17.561979">
      </trkpt>
      <trkpt lat="49.883026" lon="17.553377">
      </trkpt>
      <trkpt lat="49.885725" lon="17.551225">
      </trkpt>
      <trkpt lat="49.889021" lon="17.545844">
      </trkpt>
      <trkpt lat="49.889635" lon="17.544602">
      </trkpt>
      <trkpt lat="49.890005" lon="17.543939">
      </trkpt>
      <trkpt lat="49.89029" lon="17.543304">
      </trkpt>
      <trkpt lat="49.890548" lon="17.542575">
      </trkpt>
      <trkpt lat="49.889707" lon="17.541291">
      </trkpt>
      <trkpt lat="49.8889" lon="17.540654">
      </trkpt>
      <trkpt lat="49.887153" lon="17.541375">
      </trkpt>
      <trkpt lat="49.882404" lon="17.54428">
      </trkpt>
      <trkpt lat="49.881604" lon="17.544613">
      </trkpt>
      <trkpt lat="49.877695" lon="17.548078">
      </trkpt>
      <trkpt lat="49.870033" lon="17.546083">
      </trkpt>
      <trkpt lat="49.869238" lon="17.543722">
      </trkpt>
      <trkpt lat="49.869704" lon="17.536286">
      </trkpt>
      <trkpt lat="49.869899" lon="17.536002">
      </trkpt>
      <trkpt lat="49.866932" lon="17.533962">
      </trkpt>
      <trkpt lat="49.865236" lon="17.532159">
      </trkpt>
      <trkpt lat="49.863334" lon="17.529525">
      </trkpt>
      <trkpt lat="49.862016" lon="17.527816">
      </trkpt>
      <trkpt lat="49.859916" lon="17.523033">
      </trkpt>
      <trkpt lat="49.859296" lon="17.520313">
      </trkpt>
      <trkpt lat="49.859005" lon="17.518436">
      </trkpt>
      <trkpt lat="49.85865" lon="17.51579">
      </trkpt>
      <trkpt lat="49.863557" lon="17.510806">
      </trkpt>
      <trkpt lat="49.868169" lon="17.515041">
      </trkpt>
      <trkpt lat="49.871755" lon="17.514726">
      </trkpt>
      <trkpt lat="49.879176" lon="17.515118">
      </trkpt>
      <trkpt lat="49.882161" lon="17.517286">
      </trkpt>
      <trkpt lat="49.882882" lon="17.517636">
      </trkpt>
      <trkpt lat="49.884064" lon="17.517905">
      </trkpt>
      <trkpt lat="49.884899" lon="17.517816">
      </trkpt>
      <trkpt lat="49.88608" lon="17.517322">
      </trkpt>
      <trkpt lat="49.889135" lon="17.515495">
      </trkpt>
      <trkpt lat="49.894418" lon="17.514248">
      </trkpt>
      <trkpt lat="49.896343" lon="17.511206">
      </trkpt>
      <trkpt lat="49.895392" lon="17.504607">
      </trkpt>
      <trkpt lat="49.887812" lon="17.500543">
      </trkpt>
      <trkpt lat="49.887237" lon="17.499402">
      </trkpt>
      <trkpt lat="49.886312" lon="17.496907">
      </trkpt>
      <trkpt lat="49.885913" lon="17.495615">
      </trkpt>
      <trkpt lat="49.885661" lon="17.494686">
      </trkpt>
      <trkpt lat="49.885372" lon="17.493703">
      </trkpt>
      <trkpt lat="49.8851" lon="17.484833">
      </trkpt>
      <trkpt lat="49.88612" lon="17.48138">
      </trkpt>
      <trkpt lat="49.891967" lon="17.474944">
      </trkpt>
      <trkpt lat="49.893757" lon="17.47182">
      </trkpt>
      <trkpt lat="49.893038" lon="17.468757">
      </trkpt>
      <trkpt lat="49.892352" lon="17.465223">
      </trkpt>
      <trkpt lat="49.891937" lon="17.462378">
      </trkpt>
      <trkpt lat="49.891962" lon="17.461767">
      </trkpt>
      <trkpt lat="49.892006" lon="17.461266">
      </trkpt>
      <trkpt lat="49.898497" lon="17.455204">
      </trkpt>
      <trkpt lat="49.90421" lon="17.449627">
      </trkpt>
      <trkpt lat="49.907523" lon="17.449384">
      </trkpt>
      <trkpt lat="49.910088" lon="17.449844">
      </trkpt>
      <trkpt lat="49.916594" lon="17.451844">
      </trkpt>
      <trkpt lat="49.918078" lon="17.454099">
      </trkpt>
      <trkpt lat="49.920532" lon="17.458209">
      </trkpt>
      <trkpt lat="49.915381" lon="17.463706">
      </trkpt>
      <trkpt lat="49.914311" lon="17.467143">
      </trkpt>
      <trkpt lat="49.918592" lon="17.472451">
      </trkpt>
      <trkpt lat="49.919225" lon="17.475995">
      </trkpt>
      <trkpt lat="49.920109" lon="17.475837">
      </trkpt>
      <trkpt lat="49.921499" lon="17.475421">
      </trkpt>
      <trkpt lat="49.922566" lon="17.474959">
      </trkpt>
      <trkpt lat="49.922942" lon="17.474766">
      </trkpt>
      <trkpt lat="49.923418" lon="17.474471">
      </trkpt>
      <trkpt lat="49.923989" lon="17.474009">
      </trkpt>
      <trkpt lat="49.924397" lon="17.473564">
      </trkpt>
      <trkpt lat="49.924662" lon="17.473195">
      </trkpt>
      <trkpt lat="49.925013" lon="17.472578">
      </trkpt>
      <trkpt lat="49.925287" lon="17.471932">
      </trkpt>
      <trkpt lat="49.927897" lon="17.466069">
      </trkpt>
      <trkpt lat="49.933549" lon="17.460751">
      </trkpt>
      <trkpt lat="49.933964" lon="17.459484">
      </trkpt>
      <trkpt lat="49.935877" lon="17.453665">
      </trkpt>
      <trkpt lat="49.93631" lon="17.452956">
      </trkpt>
      <trkpt lat="49.936687" lon="17.452228">
      </trkpt>
      <trkpt lat="49.937042" lon="17.451159">
      </trkpt>
      <trkpt lat="49.93722" lon="17.45">
      </trkpt>
      <trkpt lat="49.937218" lon="17.449022">
      </trkpt>
      <trkpt lat="49.943438" lon="17.443199">
      </trkpt>
      <trkpt lat="49.946509" lon="17.443391">
      </trkpt>
      <trkpt lat="49.949659" lon="17.445139">
      </trkpt>
      <trkpt lat="49.953905" lon="17.447497">
      </trkpt>
      <trkpt lat="49.956059" lon="17.448758">
      </trkpt>
      <trkpt lat="49.956792" lon="17.449097">
      </trkpt>
      <trkpt lat="49.958582" lon="17.449855">
      </trkpt>
      <trkpt lat="49.960467" lon="17.450543">
      </trkpt>
      <trkpt lat="49.961702" lon="17.447162">
      </trkpt>
      <trkpt lat="49.957179" lon="17.442933">
      </trkpt>
      <trkpt lat="49.954124" lon="17.442443">
      </trkpt>
      <trkpt lat="49.953839" lon="17.442418">
      </trkpt>
      <trkpt lat="49.951406" lon="17.441992">
      </trkpt>
      <trkpt lat="49.947254" lon="17.434679">
      </trkpt>
      <trkpt lat="49.947101" lon="17.434631">
      </trkpt>
      <trkpt lat="49.946437" lon="17.434419">
      </trkpt>
      <trkpt lat="49.945682" lon="17.434289">
      </trkpt>
      <trkpt lat="49.944734" lon="17.434418">
      </trkpt>
      <trkpt lat="49.937798" lon="17.436612">
      </trkpt>
      <trkpt lat="49.93458" lon="17.436619">
      </trkpt>
      <trkpt lat="49.928049" lon="17.431891">
      </trkpt>
      <trkpt lat="49.927484" lon="17.429915">
      </trkpt>
      <trkpt lat="49.925916" lon="17.423662">
      </trkpt>
      <trkpt lat="49.925882" lon="17.422781">
      </trkpt>
      <trkpt lat="49.926963" lon="17.415926">
      </trkpt>
      <trkpt lat="49.926925" lon="17.414569">
      </trkpt>
      <trkpt lat="49.925129" lon="17.407059">
      </trkpt>
      <trkpt lat="49.925425" lon="17.402671">
      </trkpt>
      <trkpt lat="49.922325" lon="17.394587">
      </trkpt>
      <trkpt lat="49.922118" lon="17.393927">
      </trkpt>
      <trkpt lat="49.920462" lon="17.390189">
      </trkpt>
      <trkpt lat="49.918528" lon="17.383865">
      </trkpt>
      <trkpt lat="49.91738" lon="17.378166">
      </trkpt>
      <trkpt lat="49.918449" lon="17.371419">
      </trkpt>
      <trkpt lat="49.921477" lon="17.366117">
      </trkpt>
      <trkpt lat="49.924641" lon="17.361803">
      </trkpt>
      <trkpt lat="49.92496" lon="17.358217">
      </trkpt>
      <trkpt lat="49.924562" lon="17.358182">
      </trkpt>
      <trkpt lat="49.922322" lon="17.35852">
      </trkpt>
      <trkpt lat="49.920374" lon="17.358611">
      </trkpt>
      <trkpt lat="49.913297" lon="17.356877">
      </trkpt>
      <trkpt lat="49.906579" lon="17.356437">
      </trkpt>
      <trkpt lat="49.905469" lon="17.356315">
      </trkpt>
      <trkpt lat="49.901236" lon="17.355782">
      </trkpt>
      <trkpt lat="49.900681" lon="17.355671">
      </trkpt>
      <trkpt lat="49.8945" lon="17.351604">
      </trkpt>
      <trkpt lat="49.894044" lon="17.348774">
      </trkpt>
      <trkpt lat="49.893591" lon="17.345966">
      </trkpt>
      <trkpt lat="49.893489" lon="17.342873">
      </trkpt>
      <trkpt lat="49.893495" lon="17.342188">
      </trkpt>
      <trkpt lat="49.892962" lon="17.340593">
      </trkpt>
      <trkpt lat="49.891816" lon="17.339902">
      </trkpt>
      <trkpt lat="49.88913" lon="17.337302">
      </trkpt>
      <trkpt lat="49.887959" lon="17.335932">
      </trkpt>
      <trkpt lat="49.886848" lon="17.3353">
      </trkpt>
      <trkpt lat="49.885655" lon="17.334495">
      </trkpt>
      <trkpt lat="49.885316" lon="17.334269">
      </trkpt>
      <trkpt lat="49.884206" lon="17.333561">
      </trkpt>
      <trkpt lat="49.88227" lon="17.336596">
      </trkpt>
      <trkpt lat="49.883381" lon="17.337304">
      </trkpt>
      <trkpt lat="49.884253" lon="17.337995">
      </trkpt>
      <trkpt lat="49.886625" lon="17.341173">
      </trkpt>
      <trkpt lat="49.887454" lon="17.342039">
      </trkpt>
      <trkpt lat="49.89003" lon="17.346496">
      </trkpt>
      <trkpt lat="49.89049" lon="17.349347">
      </trkpt>
      <trkpt lat="49.88668" lon="17.356377">
      </trkpt>
      <trkpt lat="49.883801" lon="17.356076">
      </trkpt>
      <trkpt lat="49.883304" lon="17.355897">
      </trkpt>
      <trkpt lat="49.882777" lon="17.355771">
      </trkpt>
      <trkpt lat="49.882259" lon="17.355702">
      </trkpt>
      <trkpt lat="49.876439" lon="17.351566">
      </trkpt>
      <trkpt lat="49.872843" lon="17.351399">
      </trkpt>
      <trkpt lat="49.869623" lon="17.352202">
      </trkpt>
      <trkpt lat="49.862978" lon="17.35823">
      </trkpt>
      <trkpt lat="49.861826" lon="17.359078">
      </trkpt>
      <trkpt lat="49.860099" lon="17.360791">
      </trkpt>
      <trkpt lat="49.8586" lon="17.362224">
      </trkpt>
      <trkpt lat="49.856233" lon="17.36453">
      </trkpt>
      <trkpt lat="49.85384" lon="17.365754">
      </trkpt>
      <trkpt lat="49.852005" lon="17.366434">
      </trkpt>
      <trkpt lat="49.850795" lon="17.366818">
      </trkpt>
      <trkpt lat="49.846788" lon="17.359025">
      </trkpt>
      <trkpt lat="49.849485" lon="17.356581">
      </trkpt>
      <trkpt lat="49.849456" lon="17.356387">
      </trkpt>
      <trkpt lat="49.849435" lon="17.356249">
      </trkpt>
      <trkpt lat="49.848371" lon="17.353981">
      </trkpt>
      <trkpt lat="49.848071" lon="17.353594">
      </trkpt>
      <trkpt lat="49.847552" lon="17.353167">
      </trkpt>
      <trkpt lat="49.842829" lon="17.347611">
      </trkpt>
      <trkpt lat="49.842542" lon="17.346442">
      </trkpt>
      <trkpt lat="49.841731" lon="17.343002">
      </trkpt>
      <trkpt lat="49.841633" lon="17.342653">
      </trkpt>
      <trkpt lat="49.841407" lon="17.34214">
      </trkpt>
      <trkpt lat="49.841134" lon="17.341739">
      </trkpt>
      <trkpt lat="49.838541" lon="17.337847">
      </trkpt>
      <trkpt lat="49.838344" lon="17.336495">
      </trkpt>
      <trkpt lat="49.846657" lon="17.333376">
      </trkpt>
      <trkpt lat="49.847132" lon="17.333782">
      </trkpt>
      <trkpt lat="49.848612" lon="17.334675">
      </trkpt>
      <trkpt lat="49.849637" lon="17.335093">
      </trkpt>
      <trkpt lat="49.85097" lon="17.335964">
      </trkpt>
      <trkpt lat="49.854276" lon="17.33454">
      </trkpt>
      <trkpt lat="49.859353" lon="17.327401">
      </trkpt>
      <trkpt lat="49.862548" lon="17.328254">
      </trkpt>
      <trkpt lat="49.864686" lon="17.328385">
      </trkpt>
      <trkpt lat="49.864797" lon="17.328393">
      </trkpt>
      <trkpt lat="49.865273" lon="17.328324">
      </trkpt>
      <trkpt lat="49.873276" lon="17.32765">
      </trkpt>
      <trkpt lat="49.874626" lon="17.327819">
      </trkpt>
      <trkpt lat="49.874736" lon="17.324432">
      </trkpt>
      <trkpt lat="49.874191" lon="17.317234">
      </trkpt>
      <trkpt lat="49.874892" lon="17.313836">
      </trkpt>
      <trkpt lat="49.881341" lon="17.308235">
      </trkpt>
      <trkpt lat="49.883083" lon="17.308062">
      </trkpt>
      <trkpt lat="49.883872" lon="17.308071">
      </trkpt>
      <trkpt lat="49.886865" lon="17.308248">
      </trkpt>
      <trkpt lat="49.892646" lon="17.309457">
      </trkpt>
      <trkpt lat="49.897046" lon="17.3112">
      </trkpt>
      <trkpt lat="49.901929" lon="17.314914">
      </trkpt>
      <trkpt lat="49.902462" lon="17.315395">
      </trkpt>
      <trkpt lat="49.904403" lon="17.316823">
      </trkpt>
      <trkpt lat="49.904978" lon="17.317362">
      </trkpt>
      <trkpt lat="49.907188" lon="17.321977">
      </trkpt>
      <trkpt lat="49.905831" lon="17.326416">
      </trkpt>
      <trkpt lat="49.904906" lon="17.327955">
      </trkpt>
      <trkpt lat="49.904142" lon="17.329424">
      </trkpt>
      <trkpt lat="49.903844" lon="17.330307">
      </trkpt>
      <trkpt lat="49.90319" lon="17.332861">
      </trkpt>
      <trkpt lat="49.902655" lon="17.334001">
      </trkpt>
      <trkpt lat="49.905777" lon="17.335794">
      </trkpt>
      <trkpt lat="49.906077" lon="17.335333">
      </trkpt>
      <trkpt lat="49.906577" lon="17.33408">
      </trkpt>
      <trkpt lat="49.90959" lon="17.328002">
      </trkpt>
      <trkpt lat="49.911154" lon="17.325349">
      </trkpt>
      <trkpt lat="49.910709" lon="17.321226">
      </trkpt>
      <trkpt lat="49.91009" lon="17.318327">
      </trkpt>
      <trkpt lat="49.910001" lon="17.318007">
      </trkpt>
      <trkpt lat="49.909775" lon="17.317504">
      </trkpt>
      <trkpt lat="49.907716" lon="17.315026">
      </trkpt>
      <trkpt lat="49.906897" lon="17.314226">
      </trkpt>
      <trkpt lat="49.904613" lon="17.312508">
      </trkpt>
      <trkpt lat="49.904379" lon="17.312276">
      </trkpt>
      <trkpt lat="49.903269" lon="17.3107">
      </trkpt>
      <trkpt lat="49.909351" lon="17.304495">
      </trkpt>
      <trkpt lat="49.911744" lon="17.30554">
      </trkpt>
      <trkpt lat="49.913265" lon="17.305851">
      </trkpt>
      <trkpt lat="49.91413" lon="17.305822">
      </trkpt>
      <trkpt lat="49.915132" lon="17.30556">
      </trkpt>
      <trkpt lat="49.916111" lon="17.305075">
      </trkpt>
      <trkpt lat="49.91655" lon="17.304764">
      </trkpt>
      <trkpt lat="49.916884" lon="17.304395">
      </trkpt>
      <trkpt lat="49.91712" lon="17.304014">
      </trkpt>
      <trkpt lat="49.917303" lon="17.303595">
      </trkpt>
      <trkpt lat="49.917866" lon="17.30185">
      </trkpt>
      <trkpt lat="49.918451" lon="17.300028">
      </trkpt>
      <trkpt lat="49.927204" lon="17.298811">
      </trkpt>
      <trkpt lat="49.929591" lon="17.302654">
      </trkpt>
      <trkpt lat="49.929777" lon="17.303482">
      </trkpt>
      <trkpt lat="49.930007" lon="17.304154">
      </trkpt>
      <trkpt lat="49.931017" lon="17.307323">
      </trkpt>
      <trkpt lat="49.932234" lon="17.310069">
      </trkpt>
      <trkpt lat="49.932245" lon="17.310107">
      </trkpt>
      <trkpt lat="49.93547" lon="17.314171">
      </trkpt>
      <trkpt lat="49.938856" lon="17.312947">
      </trkpt>
      <trkpt lat="49.93802" lon="17.310635">
      </trkpt>
      <trkpt lat="49.936975" lon="17.305827">
      </trkpt>
      <trkpt lat="49.935657" lon="17.303006">
      </trkpt>
      <trkpt lat="49.934713" lon="17.297798">
      </trkpt>
      <trkpt lat="49.934802" lon="17.295481">
      </trkpt>
      <trkpt lat="49.934892" lon="17.293154">
      </trkpt>
      <trkpt lat="49.934981" lon="17.290828">
      </trkpt>
      <trkpt lat="49.935071" lon="17.288501">
      </trkpt>
      <trkpt lat="49.941227" lon="17.282153">
      </trkpt>
      <trkpt lat="49.942626" lon="17.282219">
      </trkpt>
      <trkpt lat="49.945293" lon="17.283001">
      </trkpt>
      <trkpt lat="49.945502" lon="17.283088">
      </trkpt>
      <trkpt lat="49.947718" lon="17.281833">
      </trkpt>
      <trkpt lat="49.954618" lon="17.280088">
      </trkpt>
      <trkpt lat="49.956521" lon="17.277033">
      </trkpt>
      <trkpt lat="49.953639" lon="17.275238">
      </trkpt>
      <trkpt lat="49.9533" lon="17.27505">
      </trkpt>
      <trkpt lat="49.952495" lon="17.274809">
      </trkpt>
      <trkpt lat="49.950835" lon="17.274351">
      </trkpt>
      <trkpt lat="49.947251" lon="17.274686">
      </trkpt>
      <trkpt lat="49.942177" lon="17.272646">
      </trkpt>
      <trkpt lat="49.943959" lon="17.26388">
      </trkpt>
      <trkpt lat="49.944243" lon="17.263357">
      </trkpt>
      <trkpt lat="49.944483" lon="17.262822">
      </trkpt>
      <trkpt lat="49.946854" lon="17.258156">
      </trkpt>
      <trkpt lat="49.948323" lon="17.254241">
      </trkpt>
      <trkpt lat="49.948732" lon="17.253375">
      </trkpt>
      <trkpt lat="49.949011" lon="17.252725">
      </trkpt>
      <trkpt lat="49.945704" lon="17.251303">
      </trkpt>
      <trkpt lat="49.942077" lon="17.254707">
      </trkpt>
      <trkpt lat="49.941991" lon="17.254766">
      </trkpt>
      <trkpt lat="49.937389" lon="17.258223">
      </trkpt>
      <trkpt lat="49.932061" lon="17.253826">
      </trkpt>
      <trkpt lat="49.931877" lon="17.253372">
      </trkpt>
      <trkpt lat="49.931475" lon="17.252716">
      </trkpt>
      <trkpt lat="49.931181" lon="17.252361">
      </trkpt>
      <trkpt lat="49.931049" lon="17.252191">
      </trkpt>
      <trkpt lat="49.929602" lon="17.249383">
      </trkpt>
      <trkpt lat="49.928784" lon="17.247446">
      </trkpt>
      <trkpt lat="49.92858" lon="17.247045">
      </trkpt>
      <trkpt lat="49.925725" lon="17.243322">
      </trkpt>
      <trkpt lat="49.922932" lon="17.241731">
      </trkpt>
      <trkpt lat="49.924951" lon="17.234117">
      </trkpt>
      <trkpt lat="49.927273" lon="17.227234">
      </trkpt>
      <trkpt lat="49.927575" lon="17.225342">
      </trkpt>
      <trkpt lat="49.927377" lon="17.225064">
      </trkpt>
      <trkpt lat="49.925568" lon="17.224063">
      </trkpt>
      <trkpt lat="49.918724" lon="17.223674">
      </trkpt>
      <trkpt lat="49.913285" lon="17.219015">
      </trkpt>
      <trkpt lat="49.912731" lon="17.217775">
      </trkpt>
      <trkpt lat="49.912928" lon="17.210204">
      </trkpt>
      <trkpt lat="49.915039" lon="17.208166">
      </trkpt>
      <trkpt lat="49.915432" lon="17.207854">
      </trkpt>
      <trkpt lat="49.915968" lon="17.207228">
      </trkpt>
      <trkpt lat="49.916129" lon="17.206934">
      </trkpt>
      <trkpt lat="49.916369" lon="17.206416">
      </trkpt>
      <trkpt lat="49.916915" lon="17.205049">
      </trkpt>
      <trkpt lat="49.91714" lon="17.204321">
      </trkpt>
      <trkpt lat="49.917395" lon="17.20329">
      </trkpt>
      <trkpt lat="49.917607" lon="17.202502">
      </trkpt>
      <trkpt lat="49.917709" lon="17.201772">
      </trkpt>
      <trkpt lat="49.917686" lon="17.201379">
      </trkpt>
      <trkpt lat="49.917592" lon="17.200916">
      </trkpt>
      <trkpt lat="49.917251" lon="17.192253">
      </trkpt>
      <trkpt lat="49.917339" lon="17.191643">
      </trkpt>
      <trkpt lat="49.917368" lon="17.191107">
      </trkpt>
      <trkpt lat="49.917365" lon="17.189941">
      </trkpt>
      <trkpt lat="49.917422" lon="17.187684">
      </trkpt>
      <trkpt lat="49.917905" lon="17.184465">
      </trkpt>
      <trkpt lat="49.917658" lon="17.184215">
      </trkpt>
      <trkpt lat="49.917356" lon="17.183925">
      </trkpt>
      <trkpt lat="49.915741" lon="17.181933">
      </trkpt>
      <trkpt lat="49.915468" lon="17.18202">
      </trkpt>
      <trkpt lat="49.914819" lon="17.182388">
      </trkpt>
      <trkpt lat="49.914343" lon="17.182977">
      </trkpt>
      <trkpt lat="49.914134" lon="17.183501">
      </trkpt>
      <trkpt lat="49.914066" lon="17.183974">
      </trkpt>
      <trkpt lat="49.914117" lon="17.184864">
      </trkpt>
      <trkpt lat="49.913842" lon="17.187302">
      </trkpt>
      <trkpt lat="49.913742" lon="17.188027">
      </trkpt>
      <trkpt lat="49.913703" lon="17.188511">
      </trkpt>
      <trkpt lat="49.913698" lon="17.188865">
      </trkpt>
      <trkpt lat="49.913771" lon="17.190153">
      </trkpt>
      <trkpt lat="49.913768" lon="17.191107">
      </trkpt>
      <trkpt lat="49.913646" lon="17.191912">
      </trkpt>
      <trkpt lat="49.904957" lon="17.193424">
      </trkpt>
      <trkpt lat="49.903874" lon="17.190235">
      </trkpt>
      <trkpt lat="49.903424" lon="17.188877">
      </trkpt>
      <trkpt lat="49.903303" lon="17.188565">
      </trkpt>
      <trkpt lat="49.903023" lon="17.188041">
      </trkpt>
      <trkpt lat="49.902016" lon="17.18644">
      </trkpt>
      <trkpt lat="49.901325" lon="17.184771">
      </trkpt>
      <trkpt lat="49.901105" lon="17.184286">
      </trkpt>
      <trkpt lat="49.900894" lon="17.183898">
      </trkpt>
      <trkpt lat="49.900506" lon="17.183394">
      </trkpt>
      <trkpt lat="49.898725" lon="17.176666">
      </trkpt>
      <trkpt lat="49.895598" lon="17.170141">
      </trkpt>
      <trkpt lat="49.895464" lon="17.16965">
      </trkpt>
      <trkpt lat="49.895297" lon="17.16915">
      </trkpt>
      <trkpt lat="49.895139" lon="17.168745">
      </trkpt>
      <trkpt lat="49.894842" lon="17.168195">
      </trkpt>
      <trkpt lat="49.894347" lon="17.166966">
      </trkpt>
      <trkpt lat="49.89376" lon="17.16551">
      </trkpt>
      <trkpt lat="49.89794" lon="17.158339">
      </trkpt>
      <trkpt lat="49.901209" lon="17.156831">
      </trkpt>
      <trkpt lat="49.900582" lon="17.15547">
      </trkpt>
      <trkpt lat="49.903866" lon="17.148799">
      </trkpt>
      <trkpt lat="49.907455" lon="17.149085">
      </trkpt>
      <trkpt lat="49.907567" lon="17.148775">
      </trkpt>
      <trkpt lat="49.91627" lon="17.14695">
      </trkpt>
      <trkpt lat="49.918406" lon="17.148948">
      </trkpt>
      <trkpt lat="49.919103" lon="17.149842">
      </trkpt>
      <trkpt lat="49.922291" lon="17.152358">
      </trkpt>
      <trkpt lat="49.924737" lon="17.15758">
      </trkpt>
      <trkpt lat="49.924807" lon="17.158004">
      </trkpt>
      <trkpt lat="49.925017" lon="17.158667">
      </trkpt>
      <trkpt lat="49.925624" lon="17.160168">
      </trkpt>
      <trkpt lat="49.925259" lon="17.168511">
      </trkpt>
      <trkpt lat="49.925843" lon="17.171683">
      </trkpt>
      <trkpt lat="49.92594" lon="17.172616">
      </trkpt>
      <trkpt lat="49.927129" lon="17.173077">
      </trkpt>
      <trkpt lat="49.928215" lon="17.173378">
      </trkpt>
      <trkpt lat="49.935462" lon="17.17559">
      </trkpt>
      <trkpt lat="49.936129" lon="17.176096">
      </trkpt>
      <trkpt lat="49.938424" lon="17.173322">
      </trkpt>
      <trkpt lat="49.937049" lon="17.171691">
      </trkpt>
      <trkpt lat="49.936359" lon="17.170723">
      </trkpt>
      <trkpt lat="49.939846" lon="17.162654">
      </trkpt>
      <trkpt lat="49.941334" lon="17.162649">
      </trkpt>
      <trkpt lat="49.942048" lon="17.162767">
      </trkpt>
      <trkpt lat="49.942708" lon="17.162663">
      </trkpt>
      <trkpt lat="49.943284" lon="17.16254">
      </trkpt>
      <trkpt lat="49.944595" lon="17.161942">
      </trkpt>
      <trkpt lat="49.945089" lon="17.160921">
      </trkpt>
      <trkpt lat="49.945003" lon="17.160022">
      </trkpt>
      <trkpt lat="49.94477" lon="17.159515">
      </trkpt>
      <trkpt lat="49.944161" lon="17.158395">
      </trkpt>
      <trkpt lat="49.940734" lon="17.157907">
      </trkpt>
      <trkpt lat="49.94002" lon="17.157764">
      </trkpt>
      <trkpt lat="49.936449" lon="17.156295">
      </trkpt>
      <trkpt lat="49.933254" lon="17.151688">
      </trkpt>
      <trkpt lat="49.931402" lon="17.1486">
      </trkpt>
      <trkpt lat="49.928534" lon="17.141706">
      </trkpt>
      <trkpt lat="49.933602" lon="17.138717">
      </trkpt>
      <trkpt lat="49.936004" lon="17.136036">
      </trkpt>
      <trkpt lat="49.935677" lon="17.135743">
      </trkpt>
      <trkpt lat="49.934838" lon="17.135279">
      </trkpt>
      <trkpt lat="49.933207" lon="17.134226">
      </trkpt>
      <trkpt lat="49.932812" lon="17.134003">
      </trkpt>
      <trkpt lat="49.932069" lon="17.133768">
      </trkpt>
      <trkpt lat="49.930731" lon="17.133809">
      </trkpt>
      <trkpt lat="49.923346" lon="17.129751">
      </trkpt>
      <trkpt lat="49.918398" lon="17.12551">
      </trkpt>
      <trkpt lat="49.920717" lon="17.120365">
      </trkpt>
      <trkpt lat="49.928139" lon="17.118947">
      </trkpt>
      <trkpt lat="49.929046" lon="17.119531">
      </trkpt>
      <trkpt lat="49.930995" lon="17.116505">
      </trkpt>
      <trkpt lat="49.938276" lon="17.113445">
      </trkpt>
      <trkpt lat="49.940948" lon="17.111026">
      </trkpt>
      <trkpt lat="49.941313" lon="17.110319">
      </trkpt>
      <trkpt lat="49.942545" lon="17.107845">
      </trkpt>
      <trkpt lat="49.940937" lon="17.101738">
      </trkpt>
      <trkpt lat="49.940288" lon="17.096587">
      </trkpt>
      <trkpt lat="49.938523" lon="17.09421">
      </trkpt>
      <trkpt lat="49.937844" lon="17.093276">
      </trkpt>
      <trkpt lat="49.935994" lon="17.089691">
      </trkpt>
      <trkpt lat="49.934553" lon="17.089825">
      </trkpt>
      <trkpt lat="49.930477" lon="17.082097">
      </trkpt>
      <trkpt lat="49.931721" lon="17.080491">
      </trkpt>
      <trkpt lat="49.932133" lon="17.079948">
      </trkpt>
      <trkpt lat="49.934782" lon="17.077628">
      </trkpt>
      <trkpt lat="49.935702" lon="17.076519">
      </trkpt>
      <trkpt lat="49.937006" lon="17.075018">
      </trkpt>
      <trkpt lat="49.93628" lon="17.072383">
      </trkpt>
      <trkpt lat="49.936061" lon="17.07202">
      </trkpt>
      <trkpt lat="49.93589" lon="17.071765">
      </trkpt>
      <trkpt lat="49.938871" lon="17.063434">
      </trkpt>
      <trkpt lat="49.947002" lon="17.066042">
      </trkpt>
      <trkpt lat="49.947289" lon="17.066936">
      </trkpt>
      <trkpt lat="49.947456" lon="17.067301">
      </trkpt>
      <trkpt lat="49.948049" lon="17.06837">
      </trkpt>
      <trkpt lat="49.948458" lon="17.068841">
      </trkpt>
      <trkpt lat="49.950288" lon="17.071537">
      </trkpt>
      <trkpt lat="49.950551" lon="17.071978">
      </trkpt>
      <trkpt lat="49.951313" lon="17.072744">
      </trkpt>
      <trkpt lat="49.95393" lon="17.076607">
      </trkpt>
      <trkpt lat="49.954414" lon="17.077727">
      </trkpt>
      <trkpt lat="49.954745" lon="17.078284">
      </trkpt>
      <trkpt lat="49.95799" lon="17.076724">
      </trkpt>
      <trkpt lat="49.957873" lon="17.07648">
      </trkpt>
      <trkpt lat="49.957074" lon="17.07451">
      </trkpt>
      <trkpt lat="49.95642" lon="17.073113">
      </trkpt>
      <trkpt lat="49.956189" lon="17.072706">
      </trkpt>
      <trkpt lat="49.955808" lon="17.071945">
      </trkpt>
      <trkpt lat="49.955168" lon="17.071112">
      </trkpt>
      <trkpt lat="49.954901" lon="17.070736">
      </trkpt>
      <trkpt lat="49.954482" lon="17.070271">
      </trkpt>
      <trkpt lat="49.953185" lon="17.068591">
      </trkpt>
      <trkpt lat="49.952882" lon="17.068046">
      </trkpt>
      <trkpt lat="49.954364" lon="17.060299">
      </trkpt>
      <trkpt lat="49.95395" lon="17.05946">
      </trkpt>
      <trkpt lat="49.958502" lon="17.051981">
      </trkpt>
      <trkpt lat="49.964699" lon="17.053321">
      </trkpt>
      <trkpt lat="49.965106" lon="17.058387">
      </trkpt>
      <trkpt lat="49.964989" lon="17.058762">
      </trkpt>
      <trkpt lat="49.964889" lon="17.059258">
      </trkpt>
      <trkpt lat="49.964575" lon="17.060298">
      </trkpt>
      <trkpt lat="49.964295" lon="17.060976">
      </trkpt>
      <trkpt lat="49.963997" lon="17.061891">
      </trkpt>
      <trkpt lat="49.963936" lon="17.062394">
      </trkpt>
      <trkpt lat="49.963996" lon="17.062998">
      </trkpt>
      <trkpt lat="49.964167" lon="17.063504">
      </trkpt>
      <trkpt lat="49.964275" lon="17.063723">
      </trkpt>
      <trkpt lat="49.968079" lon="17.070907">
      </trkpt>
      <trkpt lat="49.967255" lon="17.072232">
      </trkpt>
      <trkpt lat="49.968225" lon="17.073144">
      </trkpt>
      <trkpt lat="49.968326" lon="17.073239">
      </trkpt>
      <trkpt lat="49.969957" lon="17.074171">
      </trkpt>
      <trkpt lat="49.975315" lon="17.079101">
      </trkpt>
      <trkpt lat="49.976389" lon="17.0789">
      </trkpt>
      <trkpt lat="49.976437" lon="17.07888">
      </trkpt>
      <trkpt lat="49.978686" lon="17.077839">
      </trkpt>
      <trkpt lat="49.978402" lon="17.077079">
      </trkpt>
      <trkpt lat="49.976582" lon="17.071211">
      </trkpt>
      <trkpt lat="49.97642" lon="17.070612">
      </trkpt>
      <trkpt lat="49.976304" lon="17.070298">
      </trkpt>
      <trkpt lat="49.976221" lon="17.070102">
      </trkpt>
      <trkpt lat="49.97397" lon="17.064474">
      </trkpt>
      <trkpt lat="49.97387" lon="17.064045">
      </trkpt>
      <trkpt lat="49.973721" lon="17.063619">
      </trkpt>
      <trkpt lat="49.973621" lon="17.063366">
      </trkpt>
      <trkpt lat="49.973387" lon="17.062861">
      </trkpt>
      <trkpt lat="49.972856" lon="17.062032">
      </trkpt>
      <trkpt lat="49.972174" lon="17.06104">
      </trkpt>
      <trkpt lat="49.96989" lon="17.05621">
      </trkpt>
      <trkpt lat="49.969523" lon="17.055266">
      </trkpt>
      <trkpt lat="49.968646" lon="17.052896">
      </trkpt>
      <trkpt lat="49.968458" lon="17.052375">
      </trkpt>
      <trkpt lat="49.968073" lon="17.051707">
      </trkpt>
      <trkpt lat="49.966454" lon="17.049035">
      </trkpt>
      <trkpt lat="49.966286" lon="17.048626">
      </trkpt>
      <trkpt lat="49.969172" lon="17.040331">
      </trkpt>
      <trkpt lat="49.971355" lon="17.038127">
      </trkpt>
      <trkpt lat="49.978564" lon="17.034923">
      </trkpt>
      <trkpt lat="49.984719" lon="17.037925">
      </trkpt>
      <trkpt lat="49.985231" lon="17.038459">
      </trkpt>
      <trkpt lat="49.985578" lon="17.038623">
      </trkpt>
      <trkpt lat="49.986108" lon="17.038079">
      </trkpt>
      <trkpt lat="49.98643" lon="17.037671">
      </trkpt>
      <trkpt lat="49.987829" lon="17.035966">
      </trkpt>
      <trkpt lat="49.996128" lon="17.034123">
      </trkpt>
      <trkpt lat="50.001218" lon="17.03748">
      </trkpt>
      <trkpt lat="50.002753" lon="17.040555">
      </trkpt>
      <trkpt lat="50.003204" lon="17.042163">
      </trkpt>
      <trkpt lat="50.003522" lon="17.043064">
      </trkpt>
      <trkpt lat="50.003705" lon="17.043393">
      </trkpt>
      <trkpt lat="50.005901" lon="17.043149">
      </trkpt>
      <trkpt lat="50.006172" lon="17.042975">
      </trkpt>
      <trkpt lat="50.00685" lon="17.04164">
      </trkpt>
      <trkpt lat="50.006647" lon="17.041111">
      </trkpt>
      <trkpt lat="50.006219" lon="17.039583">
      </trkpt>
      <trkpt lat="50.010141" lon="17.03201">
      </trkpt>
      <trkpt lat="50.010729" lon="17.03164">
      </trkpt>
      <trkpt lat="50.011392" lon="17.030932">
      </trkpt>
      <trkpt lat="50.01156" lon="17.030555">
      </trkpt>
      <trkpt lat="50.011404" lon="17.030275">
      </trkpt>
      <trkpt lat="50.009494" lon="17.026121">
      </trkpt>
      <trkpt lat="50.008108" lon="17.020186">
      </trkpt>
      <trkpt lat="50.003408" lon="17.017643">
      </trkpt>
      <trkpt lat="50.000722" lon="17.015246">
      </trkpt>
      <trkpt lat="49.99876" lon="17.011926">
      </trkpt>
      <trkpt lat="50.003893" lon="17.004898">
      </trkpt>
      <trkpt lat="50.006355" lon="17.004707">
      </trkpt>
      <trkpt lat="50.006454" lon="17.004649">
      </trkpt>
      <trkpt lat="50.007256" lon="17.003592">
      </trkpt>
      <trkpt lat="50.007432" lon="17.002695">
      </trkpt>
      <trkpt lat="50.00742" lon="17.002656">
      </trkpt>
      <trkpt lat="50.008786" lon="16.994466">
      </trkpt>
      <trkpt lat="50.009807" lon="16.99337">
      </trkpt>
      <trkpt lat="50.011025" lon="16.99201">
      </trkpt>
      <trkpt lat="50.014503" lon="16.988819">
      </trkpt>
      <trkpt lat="50.01668" lon="16.986824">
      </trkpt>
      <trkpt lat="50.014367" lon="16.984065">
      </trkpt>
      <trkpt lat="50.013207" lon="16.985037">
      </trkpt>
      <trkpt lat="50.013077" lon="16.985127">
      </trkpt>
      <trkpt lat="50.012459" lon="16.985718">
      </trkpt>
      <trkpt lat="50.010681" lon="16.986987">
      </trkpt>
      <trkpt lat="50.009971" lon="16.987633">
      </trkpt>
      <trkpt lat="50.009515" lon="16.988186">
      </trkpt>
      <trkpt lat="50.00825" lon="16.989717">
      </trkpt>
      <trkpt lat="50.007128" lon="16.990965">
      </trkpt>
      <trkpt lat="50.004303" lon="16.993112">
      </trkpt>
      <trkpt lat="50.003917" lon="16.993329">
      </trkpt>
      <trkpt lat="50.003215" lon="16.993996">
      </trkpt>
      <trkpt lat="49.995105" lon="16.990704">
      </trkpt>
      <trkpt lat="49.993505" lon="16.989621">
      </trkpt>
      <trkpt lat="49.992137" lon="16.989116">
      </trkpt>
      <trkpt lat="49.989471" lon="16.984356">
      </trkpt>
      <trkpt lat="49.994801" lon="16.980326">
      </trkpt>
      <trkpt lat="49.999727" lon="16.976326">
      </trkpt>
      <trkpt lat="50.001566" lon="16.973232">
      </trkpt>
      <trkpt lat="50.004861" lon="16.969646">
      </trkpt>
      <trkpt lat="50.005484" lon="16.969304">
      </trkpt>
      <trkpt lat="50.005846" lon="16.968947">
      </trkpt>
      <trkpt lat="50.006163" lon="16.968415">
      </trkpt>
      <trkpt lat="50.006342" lon="16.967691">
      </trkpt>
      <trkpt lat="50.00636" lon="16.967222">
      </trkpt>
      <trkpt lat="50.006322" lon="16.966773">
      </trkpt>
      <trkpt lat="50.00617" lon="16.96616">
      </trkpt>
      <trkpt lat="50.005845" lon="16.96546">
      </trkpt>
      <trkpt lat="50.004394" lon="16.962803">
      </trkpt>
      <trkpt lat="50.004194" lon="16.962155">
      </trkpt>
      <trkpt lat="50.003872" lon="16.961414">
      </trkpt>
      <trkpt lat="50.003719" lon="16.955556">
      </trkpt>
      <trkpt lat="50.007069" lon="16.95196">
      </trkpt>
      <trkpt lat="50.011567" lon="16.951039">
      </trkpt>
      <trkpt lat="50.012243" lon="16.950911">
      </trkpt>
      <trkpt lat="50.014881" lon="16.950642">
      </trkpt>
      <trkpt lat="50.015376" lon="16.950433">
      </trkpt>
      <trkpt lat="50.023887" lon="16.952202">
      </trkpt>
      <trkpt lat="50.02502" lon="16.952177">
      </trkpt>
      <trkpt lat="50.025973" lon="16.951483">
      </trkpt>
      <trkpt lat="50.028155" lon="16.949031">
      </trkpt>
      <trkpt lat="50.028427" lon="16.947811">
      </trkpt>
      <trkpt lat="50.028277" lon="16.947065">
      </trkpt>
      <trkpt lat="50.027894" lon="16.945969">
      </trkpt>
      <trkpt lat="50.025805" lon="16.944321">
      </trkpt>
      <trkpt lat="50.024689" lon="16.94346">
      </trkpt>
      <trkpt lat="50.022213" lon="16.943619">
      </trkpt>
      <trkpt lat="50.019323" lon="16.943365">
      </trkpt>
      <trkpt lat="50.018532" lon="16.94341">
      </trkpt>
      <trkpt lat="50.011241" lon="16.940445">
      </trkpt>
      <trkpt lat="50.011021" lon="16.936173">
      </trkpt>
      <trkpt lat="50.00769" lon="16.934809">
      </trkpt>
      <trkpt lat="50.001627" lon="16.929284">
      </trkpt>
      <trkpt lat="50.001712" lon="16.928004">
      </trkpt>
      <trkpt lat="50.001683" lon="16.927211">
      </trkpt>
      <trkpt lat="50.001747" lon="16.925599">
      </trkpt>
      <trkpt lat="50.005721" lon="16.92047">
      </trkpt>
      <trkpt lat="50.009471" lon="16.920457">
      </trkpt>
      <trkpt lat="50.009544" lon="16.919972">
      </trkpt>
      <trkpt lat="50.009875" lon="16.916181">
      </trkpt>
      <trkpt lat="50.009865" lon="16.915349">
      </trkpt>
      <trkpt lat="50.009794" lon="16.914735">
      </trkpt>
      <trkpt lat="50.009641" lon="16.914145">
      </trkpt>
      <trkpt lat="50.009318" lon="16.913427">
      </trkpt>
      <trkpt lat="50.00836" lon="16.911761">
      </trkpt>
      <trkpt lat="50.012662" lon="16.904003">
      </trkpt>
      <trkpt lat="50.013542" lon="16.903825">
      </trkpt>
      <trkpt lat="50.021827" lon="16.903394">
      </trkpt>
      <trkpt lat="50.026145" lon="16.903752">
      </trkpt>
      <trkpt lat="50.031062" lon="16.906146">
      </trkpt>
      <trkpt lat="50.031453" lon="16.906398">
      </trkpt>
      <trkpt lat="50.031915" lon="16.906623">
      </trkpt>
      <trkpt lat="50.032996" lon="16.904967">
      </trkpt>
      <trkpt lat="50.033466" lon="16.903507">
      </trkpt>
      <trkpt lat="50.033494" lon="16.903388">
      </trkpt>
      <trkpt lat="50.031557" lon="16.896539">
      </trkpt>
      <trkpt lat="50.028627" lon="16.893414">
      </trkpt>
      <trkpt lat="50.028481" lon="16.893349">
      </trkpt>
      <trkpt lat="50.027946" lon="16.893114">
      </trkpt>
      <trkpt lat="50.022838" lon="16.893693">
      </trkpt>
      <trkpt lat="50.019965" lon="16.886909">
      </trkpt>
      <trkpt lat="50.020008" lon="16.886364">
      </trkpt>
      <trkpt lat="50.020424" lon="16.883392">
      </trkpt>
      <trkpt lat="50.020666" lon="16.882789">
      </trkpt>
      <trkpt lat="50.021663" lon="16.881143">
      </trkpt>
      <trkpt lat="50.022047" lon="16.880437">
      </trkpt>
      <trkpt lat="50.028316" lon="16.874192">
      </trkpt>
      <trkpt lat="50.028885" lon="16.874276">
      </trkpt>
      <trkpt lat="50.031143" lon="16.87386">
      </trkpt>
      <trkpt lat="50.031185" lon="16.873734">
      </trkpt>
      <trkpt lat="50.03128" lon="16.872898">
      </trkpt>
      <trkpt lat="50.031139" lon="16.872274">
      </trkpt>
      <trkpt lat="50.030784" lon="16.871218">
      </trkpt>
      <trkpt lat="50.027703" lon="16.868377">
      </trkpt>
      <trkpt lat="50.023342" lon="16.86817">
      </trkpt>
      <trkpt lat="50.021609" lon="16.868172">
      </trkpt>
      <trkpt lat="50.019197" lon="16.867631">
      </trkpt>
      <trkpt lat="50.018052" lon="16.867413">
      </trkpt>
      <trkpt lat="50.012964" lon="16.866938">
      </trkpt>
      <trkpt lat="50.012305" lon="16.86674">
      </trkpt>
      <trkpt lat="50.00945" lon="16.865099">
      </trkpt>
      <trkpt lat="50.009052" lon="16.865388">
      </trkpt>
      <trkpt lat="50.008091" lon="16.865952">
      </trkpt>
      <trkpt lat="50.006711" lon="16.866608">
      </trkpt>
      <trkpt lat="50.006009" lon="16.867928">
      </trkpt>
      <trkpt lat="49.999917" lon="16.872179">
      </trkpt>
      <trkpt lat="49.999503" lon="16.872635">
      </trkpt>
      <trkpt lat="49.999143" lon="16.873236">
      </trkpt>
      <trkpt lat="49.998853" lon="16.873863">
      </trkpt>
      <trkpt lat="49.99824" lon="16.875726">
      </trkpt>
      <trkpt lat="49.991846" lon="16.878205">
      </trkpt>
      <trkpt lat="49.989497" lon="16.871013">
      </trkpt>
      <trkpt lat="49.990093" lon="16.870112">
      </trkpt>
      <trkpt lat="49.987336" lon="16.867797">
      </trkpt>
      <trkpt lat="49.982462" lon="16.862919">
      </trkpt>
      <trkpt lat="49.982164" lon="16.862291">
      </trkpt>
      <trkpt lat="49.981019" lon="16.861512">
      </trkpt>
      <trkpt lat="49.979264" lon="16.859847">
      </trkpt>
      <trkpt lat="49.977491" lon="16.859399">
      </trkpt>
      <trkpt lat="49.974401" lon="16.858791">
      </trkpt>
      <trkpt lat="49.973057" lon="16.858539">
      </trkpt>
      <trkpt lat="49.968867" lon="16.851126">
      </trkpt>
      <trkpt lat="49.970248" lon="16.84907">
      </trkpt>
      <trkpt lat="49.972515" lon="16.846729">
      </trkpt>
      <trkpt lat="49.973865" lon="16.845639">
      </trkpt>
      <trkpt lat="49.974285" lon="16.844536">
      </trkpt>
      <trkpt lat="49.983193" lon="16.844736">
      </trkpt>
      <trkpt lat="49.986111" lon="16.846844">
      </trkpt>
      <trkpt lat="49.993451" lon="16.850873">
      </trkpt>
      <trkpt lat="49.993351" lon="16.853432">
      </trkpt>
      <trkpt lat="49.993223" lon="16.855662">
      </trkpt>
      <trkpt lat="49.996272" lon="16.8577">
      </trkpt>
      <trkpt lat="49.996755" lon="16.856556">
      </trkpt>
      <trkpt lat="49.996992" lon="16.855786">
      </trkpt>
      <trkpt lat="49.997069" lon="16.855244">
      </trkpt>
      <trkpt lat="49.996979" lon="16.853921">
      </trkpt>
      <trkpt lat="49.996946" lon="16.853249">
      </trkpt>
      <trkpt lat="49.997048" lon="16.851025">
      </trkpt>
      <trkpt lat="49.997052" lon="16.850648">
      </trkpt>
      <trkpt lat="50.002331" lon="16.844499">
      </trkpt>
      <trkpt lat="50.004725" lon="16.844717">
      </trkpt>
      <trkpt lat="50.005475" lon="16.844753">
      </trkpt>
      <trkpt lat="50.006509" lon="16.844562">
      </trkpt>
      <trkpt lat="50.011029" lon="16.845892">
      </trkpt>
      <trkpt lat="50.013061" lon="16.851993">
      </trkpt>
      <trkpt lat="50.01384" lon="16.852842">
      </trkpt>
      <trkpt lat="50.015137" lon="16.854108">
      </trkpt>
      <trkpt lat="50.01549" lon="16.854397">
      </trkpt>
      <trkpt lat="50.016589" lon="16.854776">
      </trkpt>
      <trkpt lat="50.017631" lon="16.85477">
      </trkpt>
      <trkpt lat="50.018459" lon="16.854707">
      </trkpt>
      <trkpt lat="50.018976" lon="16.854518">
      </trkpt>
      <trkpt lat="50.019544" lon="16.854135">
      </trkpt>
      <trkpt lat="50.020143" lon="16.853798">
      </trkpt>
      <trkpt lat="50.020628" lon="16.853384">
      </trkpt>
      <trkpt lat="50.020983" lon="16.852887">
      </trkpt>
      <trkpt lat="50.021544" lon="16.851751">
      </trkpt>
      <trkpt lat="50.021855" lon="16.850931">
      </trkpt>
      <trkpt lat="50.017581" lon="16.847873">
      </trkpt>
      <trkpt lat="50.02036" lon="16.841552">
      </trkpt>
      <trkpt lat="50.020758" lon="16.840956">
      </trkpt>
      <trkpt lat="50.020961" lon="16.840104">
      </trkpt>
      <trkpt lat="50.021945" lon="16.836441">
      </trkpt>
      <trkpt lat="50.020619" lon="16.834923">
      </trkpt>
      <trkpt lat="50.020139" lon="16.834766">
      </trkpt>
      <trkpt lat="50.019099" lon="16.834768">
      </trkpt>
      <trkpt lat="50.018486" lon="16.834777">
      </trkpt>
      <trkpt lat="50.012249" lon="16.82896">
      </trkpt>
      <trkpt lat="50.012457" lon="16.827887">
      </trkpt>
      <trkpt lat="50.012409" lon="16.82731">
      </trkpt>
      <trkpt lat="50.009196" lon="16.825598">
      </trkpt>
      <trkpt lat="50.008928" lon="16.826306">
      </trkpt>
      <trkpt lat="50.008812" lon="16.826952">
      </trkpt>
      <trkpt lat="50.008364" lon="16.828665">
      </trkpt>
      <trkpt lat="50.007819" lon="16.831443">
      </trkpt>
      <trkpt lat="50.007738" lon="16.831966">
      </trkpt>
      <trkpt lat="50.006036" lon="16.836021">
      </trkpt>
      <trkpt lat="49.997973" lon="16.837756">
      </trkpt>
      <trkpt lat="49.996222" lon="16.835288">
      </trkpt>
      <trkpt lat="49.996949" lon="16.829942">
      </trkpt>
      <trkpt lat="49.997939" lon="16.82857">
      </trkpt>
      <trkpt lat="49.998372" lon="16.827848">
      </trkpt>
      <trkpt lat="49.998485" lon="16.827402">
      </trkpt>
      <trkpt lat="49.998508" lon="16.8268">
      </trkpt>
      <trkpt lat="49.998433" lon="16.826372">
      </trkpt>
      <trkpt lat="49.998083" lon="16.82344">
      </trkpt>
      <trkpt lat="49.994495" lon="16.815201">
      </trkpt>
      <trkpt lat="49.999919" lon="16.808795">
      </trkpt>
      <trkpt lat="50.002712" lon="16.806421">
      </trkpt>
      <trkpt lat="50.003055" lon="16.80606">
      </trkpt>
      <trkpt lat="50.003696" lon="16.805413">
      </trkpt>
      <trkpt lat="50.006256" lon="16.802718">
      </trkpt>
      <trkpt lat="50.008217" lon="16.80159">
      </trkpt>
      <trkpt lat="50.016277" lon="16.802373">
      </trkpt>
      <trkpt lat="50.016866" lon="16.802706">
      </trkpt>
      <trkpt lat="50.018977" lon="16.79979">
      </trkpt>
      <trkpt lat="50.019771" lon="16.795454">
      </trkpt>
      <trkpt lat="50.022791" lon="16.790786">
      </trkpt>
      <trkpt lat="50.024389" lon="16.787793">
      </trkpt>
      <trkpt lat="50.024294" lon="16.787519">
      </trkpt>
      <trkpt lat="50.024068" lon="16.787063">
      </trkpt>
      <trkpt lat="50.023377" lon="16.786355">
      </trkpt>
      <trkpt lat="50.022868" lon="16.78605">
      </trkpt>
      <trkpt lat="50.020058" lon="16.784521">
      </trkpt>
      <trkpt lat="50.016987" lon="16.782642">
      </trkpt>
      <trkpt lat="50.016835" lon="16.782835">
      </trkpt>
      <trkpt lat="50.016984" lon="16.785718">
      </trkpt>
      <trkpt lat="50.015934" lon="16.788261">
      </trkpt>
      <trkpt lat="50.015647" lon="16.788756">
      </trkpt>
      <trkpt lat="50.015416" lon="16.789337">
      </trkpt>
      <trkpt lat="50.012451" lon="16.791886">
      </trkpt>
      <trkpt lat="50.006569" lon="16.787661">
      </trkpt>
      <trkpt lat="50.003274" lon="16.786211">
      </trkpt>
      <trkpt lat="50.000632" lon="16.778938">
      </trkpt>
      <trkpt lat="50.001001" lon="16.777683">
      </trkpt>
      <trkpt lat="50.001296" lon="16.776374">
      </trkpt>
      <trkpt lat="50.001711" lon="16.774947">
      </trkpt>
      <trkpt lat="50.001984" lon="16.774246">
      </trkpt>
      <trkpt lat="50.002411" lon="16.773307">
      </trkpt>
      <trkpt lat="50.002697" lon="16.772722">
      </trkpt>
      <trkpt lat="50.003123" lon="16.771914">
      </trkpt>
      <trkpt lat="50.003268" lon="16.77094">
      </trkpt>
      <trkpt lat="50.006762" lon="16.763241">
      </trkpt>
      <trkpt lat="50.010006" lon="16.76168">
      </trkpt>
      <trkpt lat="50.012189" lon="16.756212">
      </trkpt>
      <trkpt lat="50.012172" lon="16.755619">
      </trkpt>
      <trkpt lat="50.0179" lon="16.748926">
      </trkpt>
      <trkpt lat="50.019213" lon="16.746239">
      </trkpt>
      <trkpt lat="50.019078" lon="16.745039">
      </trkpt>
      <trkpt lat="50.018817" lon="16.744703">
      </trkpt>
      <trkpt lat="50.016272" lon="16.744162">
      </trkpt>
      <trkpt lat="50.008192" lon="16.743845">
      </trkpt>
      <trkpt lat="50.006761" lon="16.741627">
      </trkpt>
      <trkpt lat="50.006723" lon="16.741526">
      </trkpt>
      <trkpt lat="50.003972" lon="16.740693">
      </trkpt>
      <trkpt lat="50.003822" lon="16.74083">
      </trkpt>
      <trkpt lat="50.001236" lon="16.744748">
      </trkpt>
      <trkpt lat="50.000729" lon="16.745152">
      </trkpt>
      <trkpt lat="49.993874" lon="16.746939">
      </trkpt>
      <trkpt lat="49.991432" lon="16.743468">
      </trkpt>
      <trkpt lat="49.9911" lon="16.742281">
      </trkpt>
      <trkpt lat="49.990974" lon="16.741203">
      </trkpt>
      <trkpt lat="49.990868" lon="16.740649">
      </trkpt>
      <trkpt lat="49.990707" lon="16.740222">
      </trkpt>
      <trkpt lat="49.990308" lon="16.738961">
      </trkpt>
      <trkpt lat="49.990119" lon="16.738013">
      </trkpt>
      <trkpt lat="49.990049" lon="16.737451">
      </trkpt>
      <trkpt lat="49.986477" lon="16.737897">
      </trkpt>
      <trkpt lat="49.986547" lon="16.738459">
      </trkpt>
      <trkpt lat="49.986775" lon="16.739651">
      </trkpt>
      <trkpt lat="49.986949" lon="16.74055">
      </trkpt>
      <trkpt lat="49.983598" lon="16.74833">
      </trkpt>
      <trkpt lat="49.982317" lon="16.748846">
      </trkpt>
      <trkpt lat="49.981705" lon="16.749038">
      </trkpt>
      <trkpt lat="49.977245" lon="16.749915">
      </trkpt>
      <trkpt lat="49.976138" lon="16.749867">
      </trkpt>
      <trkpt lat="49.972245" lon="16.75073">
      </trkpt>
      <trkpt lat="49.966733" lon="16.743725">
      </trkpt>
      <trkpt lat="49.966818" lon="16.743296">
      </trkpt>
      <trkpt lat="49.967349" lon="16.741775">
      </trkpt>
      <trkpt lat="49.967464" lon="16.741452">
      </trkpt>
      <trkpt lat="49.967559" lon="16.741077">
      </trkpt>
      <trkpt lat="49.967633" lon="16.740629">
      </trkpt>
      <trkpt lat="49.96774" lon="16.739272">
      </trkpt>
      <trkpt lat="49.967733" lon="16.738548">
      </trkpt>
      <trkpt lat="49.967664" lon="16.738035">
      </trkpt>
      <trkpt lat="49.967439" lon="16.737371">
      </trkpt>
      <trkpt lat="49.966347" lon="16.73542">
      </trkpt>
      <trkpt lat="49.965751" lon="16.734435">
      </trkpt>
      <trkpt lat="49.96452" lon="16.731128">
      </trkpt>
      <trkpt lat="49.972631" lon="16.727937">
      </trkpt>
      <trkpt lat="49.973189" lon="16.728284">
      </trkpt>
      <trkpt lat="49.973885" lon="16.728449">
      </trkpt>
      <trkpt lat="49.974782" lon="16.728289">
      </trkpt>
      <trkpt lat="49.975254" lon="16.728062">
      </trkpt>
      <trkpt lat="49.976138" lon="16.727351">
      </trkpt>
      <trkpt lat="49.97746" lon="16.725907">
      </trkpt>
      <trkpt lat="49.978141" lon="16.724633">
      </trkpt>
      <trkpt lat="49.978642" lon="16.72362">
      </trkpt>
      <trkpt lat="49.97416" lon="16.717674">
      </trkpt>
      <trkpt lat="49.970574" lon="16.717347">
      </trkpt>
      <trkpt lat="49.966638" lon="16.718312">
      </trkpt>
      <trkpt lat="49.960881" lon="16.712027">
      </trkpt>
      <trkpt lat="49.960857" lon="16.71159">
      </trkpt>
      <trkpt lat="49.960862" lon="16.710585">
      </trkpt>
      <trkpt lat="49.961248" lon="16.707735">
      </trkpt>
      <trkpt lat="49.961495" lon="16.706908">
      </trkpt>
      <trkpt lat="49.961727" lon="16.706054">
      </trkpt>
      <trkpt lat="49.963999" lon="16.701673">
      </trkpt>
      <trkpt lat="49.96475" lon="16.700294">
      </trkpt>
      <trkpt lat="49.965069" lon="16.699468">
      </trkpt>
      <trkpt lat="49.965223" lon="16.698792">
      </trkpt>
      <trkpt lat="49.965573" lon="16.696858">
      </trkpt>
      <trkpt lat="49.965643" lon="16.696178">
      </trkpt>
      <trkpt lat="49.96565" lon="16.695652">
      </trkpt>
      <trkpt lat="49.965579" lon="16.695032">
      </trkpt>
      <trkpt lat="49.965502" lon="16.694739">
      </trkpt>
      <trkpt lat="49.96202" lon="16.695652">
      </trkpt>
      <trkpt lat="49.954816" lon="16.695257">
      </trkpt>
      <trkpt lat="49.951221" lon="16.695433">
      </trkpt>
      <trkpt lat="49.951285" lon="16.696748">
      </trkpt>
      <trkpt lat="49.951357" lon="16.697202">
      </trkpt>
      <trkpt lat="49.951495" lon="16.69766">
      </trkpt>
      <trkpt lat="49.952607" lon="16.703506">
      </trkpt>
      <trkpt lat="49.954928" lon="16.706258">
      </trkpt>
      <trkpt lat="49.954111" lon="16.71384">
      </trkpt>
      <trkpt lat="49.954367" lon="16.714348">
      </trkpt>
      <trkpt lat="49.955716" lon="16.715345">
      </trkpt>
      <trkpt lat="49.959246" lon="16.721413">
      </trkpt>
      <trkpt lat="49.959275" lon="16.723973">
      </trkpt>
      <trkpt lat="49.959324" lon="16.72442">
      </trkpt>
      <trkpt lat="49.959501" lon="16.725215">
      </trkpt>
      <trkpt lat="49.960221" lon="16.727784">
      </trkpt>
      <trkpt lat="49.960826" lon="16.729935">
      </trkpt>
      <trkpt lat="49.960779" lon="16.731554">
      </trkpt>
      <trkpt lat="49.95464" lon="16.73595">
      </trkpt>
      <trkpt lat="49.950953" lon="16.731895">
      </trkpt>
      <trkpt lat="49.950775" lon="16.731433">
      </trkpt>
      <trkpt lat="49.950112" lon="16.730188">
      </trkpt>
      <trkpt lat="49.949699" lon="16.729731">
      </trkpt>
      <trkpt lat="49.948897" lon="16.729026">
      </trkpt>
      <trkpt lat="49.947721" lon="16.727339">
      </trkpt>
      <trkpt lat="49.943391" lon="16.722739">
      </trkpt>
      <trkpt lat="49.942178" lon="16.720364">
      </trkpt>
      <trkpt lat="49.941858" lon="16.719891">
      </trkpt>
      <trkpt lat="49.941204" lon="16.719339">
      </trkpt>
      <trkpt lat="49.938728" lon="16.717794">
      </trkpt>
      <trkpt lat="49.937229" lon="16.717678">
      </trkpt>
      <trkpt lat="49.931868" lon="16.718817">
      </trkpt>
      <trkpt lat="49.929972" lon="16.720954">
      </trkpt>
      <trkpt lat="49.92995" lon="16.721863">
      </trkpt>
      <trkpt lat="49.932486" lon="16.727102">
      </trkpt>
      <trkpt lat="49.931252" lon="16.732267">
      </trkpt>
      <trkpt lat="49.926391" lon="16.737811">
      </trkpt>
      <trkpt lat="49.926122" lon="16.738661">
      </trkpt>
      <trkpt lat="49.926009" lon="16.739604">
      </trkpt>
      <trkpt lat="49.925994" lon="16.740398">
      </trkpt>
      <trkpt lat="49.918675" lon="16.745038">
      </trkpt>
      <trkpt lat="49.915225" lon="16.744009">
      </trkpt>
      <trkpt lat="49.910829" lon="16.737032">
      </trkpt>
      <trkpt lat="49.908667" lon="16.734155">
      </trkpt>
      <trkpt lat="49.903345" lon="16.735689">
      </trkpt>
      <trkpt lat="49.903193" lon="16.738648">
      </trkpt>
      <trkpt lat="49.901088" lon="16.74482">
      </trkpt>
      <trkpt lat="49.89372" lon="16.746281">
      </trkpt>
      <trkpt lat="49.891861" lon="16.748481">
      </trkpt>
      <trkpt lat="49.887199" lon="16.751635">
      </trkpt>
      <trkpt lat="49.886676" lon="16.75203">
      </trkpt>
      <trkpt lat="49.885409" lon="16.753322">
      </trkpt>
      <trkpt lat="49.881987" lon="16.758986">
      </trkpt>
      <trkpt lat="49.878177" lon="16.759725">
      </trkpt>
      <trkpt lat="49.877342" lon="16.759826">
      </trkpt>
      <trkpt lat="49.872139" lon="16.752866">
      </trkpt>
      <trkpt lat="49.870845" lon="16.750605">
      </trkpt>
      <trkpt lat="49.870434" lon="16.74966">
      </trkpt>
      <trkpt lat="49.87016" lon="16.748955">
      </trkpt>
      <trkpt lat="49.869495" lon="16.747456">
      </trkpt>
      <trkpt lat="49.86914" lon="16.746706">
      </trkpt>
      <trkpt lat="49.867986" lon="16.743473">
      </trkpt>
      <trkpt lat="49.869264" lon="16.735682">
      </trkpt>
      <trkpt lat="49.869555" lon="16.735171">
      </trkpt>
      <trkpt lat="49.869805" lon="16.73455">
      </trkpt>
      <trkpt lat="49.870479" lon="16.731513">
      </trkpt>
      <trkpt lat="49.870423" lon="16.730995">
      </trkpt>
      <trkpt lat="49.870291" lon="16.73047">
      </trkpt>
      <trkpt lat="49.869767" lon="16.728716">
      </trkpt>
      <trkpt lat="49.868495" lon="16.726504">
      </trkpt>
      <trkpt lat="49.865713" lon="16.723181">
      </trkpt>
      <trkpt lat="49.865429" lon="16.72191">
      </trkpt>
      <trkpt lat="49.865023" lon="16.719873">
      </trkpt>
      <trkpt lat="49.87289" lon="16.716041">
      </trkpt>
      <trkpt lat="49.873885" lon="16.716804">
      </trkpt>
      <trkpt lat="49.875703" lon="16.718737">
      </trkpt>
      <trkpt lat="49.876649" lon="16.720278">
      </trkpt>
      <trkpt lat="49.879717" lon="16.718394">
      </trkpt>
      <trkpt lat="49.881164" lon="16.710066">
      </trkpt>
      <trkpt lat="49.883291" lon="16.707161">
      </trkpt>
      <trkpt lat="49.890804" lon="16.703147">
      </trkpt>
      <trkpt lat="49.899275" lon="16.701671">
      </trkpt>
      <trkpt lat="49.900119" lon="16.702037">
      </trkpt>
      <trkpt lat="49.904586" lon="16.705806">
      </trkpt>
      <trkpt lat="49.907699" lon="16.703998">
      </trkpt>
      <trkpt lat="49.906549" lon="16.702017">
      </trkpt>
      <trkpt lat="49.906093" lon="16.701438">
      </trkpt>
      <trkpt lat="49.901475" lon="16.696074">
      </trkpt>
      <trkpt lat="49.901065" lon="16.695732">
      </trkpt>
      <trkpt lat="49.900217" lon="16.695362">
      </trkpt>
      <trkpt lat="49.895798" lon="16.692678">
      </trkpt>
      <trkpt lat="49.894277" lon="16.692495">
      </trkpt>
      <trkpt lat="49.890672" lon="16.690934">
      </trkpt>
      <trkpt lat="49.889486" lon="16.689964">
      </trkpt>
      <trkpt lat="49.888422" lon="16.6817">
      </trkpt>
      <trkpt lat="49.888037" lon="16.679496">
      </trkpt>
      <trkpt lat="49.88787" lon="16.678098">
      </trkpt>
      <trkpt lat="49.887629" lon="16.676652">
      </trkpt>
      <trkpt lat="49.887517" lon="16.675898">
      </trkpt>
      <trkpt lat="49.882245" lon="16.66865">
      </trkpt>
      <trkpt lat="49.8831" lon="16.667574">
      </trkpt>
      <trkpt lat="49.888934" lon="16.66209">
      </trkpt>
      <trkpt lat="49.890325" lon="16.661903">
      </trkpt>
      <trkpt lat="49.892494" lon="16.661553">
      </trkpt>
      <trkpt lat="49.894204" lon="16.6608">
      </trkpt>
      <trkpt lat="49.894927" lon="16.66029">
      </trkpt>
      <trkpt lat="49.895242" lon="16.659911">
      </trkpt>
      <trkpt lat="49.895379" lon="16.659711">
      </trkpt>
      <trkpt lat="49.892626" lon="16.657564">
      </trkpt>
      <trkpt lat="49.889829" lon="16.657775">
      </trkpt>
      <trkpt lat="49.883338" lon="16.654315">
      </trkpt>
      <trkpt lat="49.882245" lon="16.650885">
      </trkpt>
      <trkpt lat="49.883095" lon="16.646093">
      </trkpt>
      <trkpt lat="49.883101" lon="16.646046">
      </trkpt>
      <trkpt lat="49.883396" lon="16.644434">
      </trkpt>
      <trkpt lat="49.883439" lon="16.643642">
      </trkpt>
      <trkpt lat="49.884576" lon="16.638875">
      </trkpt>
      <trkpt lat="49.885555" lon="16.635781">
      </trkpt>
      <trkpt lat="49.885547" lon="16.635751">
      </trkpt>
      <trkpt lat="49.883691" lon="16.634442">
      </trkpt>
      <trkpt lat="49.88367" lon="16.634444">
      </trkpt>
      <trkpt lat="49.881543" lon="16.635093">
      </trkpt>
      <trkpt lat="49.881298" lon="16.635185">
      </trkpt>
      <trkpt lat="49.874766" lon="16.636741">
      </trkpt>
      <trkpt lat="49.872865" lon="16.638123">
      </trkpt>
      <trkpt lat="49.872214" lon="16.63879">
      </trkpt>
      <trkpt lat="49.871385" lon="16.639624">
      </trkpt>
      <trkpt lat="49.863841" lon="16.643843">
      </trkpt>
      <trkpt lat="49.860271" lon="16.642222">
      </trkpt>
      <trkpt lat="49.860148" lon="16.642243">
      </trkpt>
      <trkpt lat="49.859508" lon="16.642473">
      </trkpt>
      <trkpt lat="49.858868" lon="16.642884">
      </trkpt>
      <trkpt lat="49.857814" lon="16.644096">
      </trkpt>
      <trkpt lat="49.857263" lon="16.644598">
      </trkpt>
      <trkpt lat="49.855845" lon="16.646238">
      </trkpt>
      <trkpt lat="49.848404" lon="16.647175">
      </trkpt>
      <trkpt lat="49.848312" lon="16.647158">
      </trkpt>
      <trkpt lat="49.841982" lon="16.64291">
      </trkpt>
      <trkpt lat="49.842748" lon="16.63488">
      </trkpt>
      <trkpt lat="49.843372" lon="16.634004">
      </trkpt>
      <trkpt lat="49.84353" lon="16.633747">
      </trkpt>
      <trkpt lat="49.84367" lon="16.633469">
      </trkpt>
      <trkpt lat="49.844879" lon="16.630792">
      </trkpt>
      <trkpt lat="49.845801" lon="16.629579">
      </trkpt>
      <trkpt lat="49.846355" lon="16.628816">
      </trkpt>
      <trkpt lat="49.843533" lon="16.626581">
      </trkpt>
      <trkpt lat="49.837463" lon="16.620397">
      </trkpt>
      <trkpt lat="49.835561" lon="16.61161">
      </trkpt>
      <trkpt lat="49.832328" lon="16.610027">
      </trkpt>
      <trkpt lat="49.826612" lon="16.603742">
      </trkpt>
      <trkpt lat="49.826469" lon="16.602311">
      </trkpt>
      <trkpt lat="49.830273" lon="16.594286">
      </trkpt>
      <trkpt lat="49.837751" lon="16.593851">
      </trkpt>
      <trkpt lat="49.840955" lon="16.595884">
      </trkpt>
      <trkpt lat="49.841183" lon="16.596022">
      </trkpt>
      <trkpt lat="49.84237" lon="16.596837">
      </trkpt>
      <trkpt lat="49.84378" lon="16.597052">
      </trkpt>
      <trkpt lat="49.844412" lon="16.596936">
      </trkpt>
      <trkpt lat="49.847341" lon="16.596109">
      </trkpt>
      <trkpt lat="49.847363" lon="16.592509">
      </trkpt>
      <trkpt lat="49.848007" lon="16.585172">
      </trkpt>
      <trkpt lat="49.850709" lon="16.582931">
      </trkpt>
      <trkpt lat="49.855275" lon="16.575824">
      </trkpt>
      <trkpt lat="49.858229" lon="16.573767">
      </trkpt>
      <trkpt lat="49.861707" lon="16.568123">
      </trkpt>
      <trkpt lat="49.859595" lon="16.565207">
      </trkpt>
      <trkpt lat="49.851844" lon="16.56357">
      </trkpt>
      <trkpt lat="49.848279" lon="16.563069">
      </trkpt>
      <trkpt lat="49.844124" lon="16.565393">
      </trkpt>
      <trkpt lat="49.843953" lon="16.565649">
      </trkpt>
      <trkpt lat="49.843677" lon="16.566175">
      </trkpt>
      <trkpt lat="49.843452" lon="16.566826">
      </trkpt>
      <trkpt lat="49.841619" lon="16.570215">
      </trkpt>
      <trkpt lat="49.840121" lon="16.572841">
      </trkpt>
      <trkpt lat="49.83993" lon="16.573194">
      </trkpt>
      <trkpt lat="49.839739" lon="16.573665">
      </trkpt>
      <trkpt lat="49.838609" lon="16.576897">
      </trkpt>
      <trkpt lat="49.837787" lon="16.579335">
      </trkpt>
      <trkpt lat="49.836973" lon="16.581754">
      </trkpt>
      <trkpt lat="49.836159" lon="16.584172">
      </trkpt>
      <trkpt lat="49.832734" lon="16.58874">
      </trkpt>
      <trkpt lat="49.831005" lon="16.58963">
      </trkpt>
      <trkpt lat="49.823298" lon="16.586411">
      </trkpt>
      <trkpt lat="49.822599" lon="16.586222">
      </trkpt>
      <trkpt lat="49.818015" lon="16.58255">
      </trkpt>
      <trkpt lat="49.823025" lon="16.576658">
      </trkpt>
      <trkpt lat="49.82346" lon="16.575574">
      </trkpt>
      <trkpt lat="49.823479" lon="16.575164">
      </trkpt>
      <trkpt lat="49.823397" lon="16.573412">
      </trkpt>
      <trkpt lat="49.822571" lon="16.571276">
      </trkpt>
      <trkpt lat="49.821134" lon="16.570275">
      </trkpt>
      <trkpt lat="49.820899" lon="16.570262">
      </trkpt>
      <trkpt lat="49.820564" lon="16.570276">
      </trkpt>
      <trkpt lat="49.813915" lon="16.567555">
      </trkpt>
      <trkpt lat="49.812474" lon="16.565429">
      </trkpt>
      <trkpt lat="49.810807" lon="16.564363">
      </trkpt>
      <trkpt lat="49.809859" lon="16.563769">
      </trkpt>
      <trkpt lat="49.809124" lon="16.563275">
      </trkpt>
      <trkpt lat="49.80563" lon="16.555123">
      </trkpt>
      <trkpt lat="49.805742" lon="16.554235">
      </trkpt>
      <trkpt lat="49.805809" lon="16.552612">
      </trkpt>
      <trkpt lat="49.805913" lon="16.551293">
      </trkpt>
      <trkpt lat="49.805925" lon="16.549921">
      </trkpt>
      <trkpt lat="49.805964" lon="16.548964">
      </trkpt>
      <trkpt lat="49.805924" lon="16.548411">
      </trkpt>
      <trkpt lat="49.80585" lon="16.548057">
      </trkpt>
      <trkpt lat="49.805179" lon="16.544157">
      </trkpt>
      <trkpt lat="49.804908" lon="16.542465">
      </trkpt>
      <trkpt lat="49.804826" lon="16.541819">
      </trkpt>
      <trkpt lat="49.801516" lon="16.534509">
      </trkpt>
      <trkpt lat="49.798819" lon="16.533547">
      </trkpt>
      <trkpt lat="49.798342" lon="16.533319">
      </trkpt>
      <trkpt lat="49.796127" lon="16.533109">
      </trkpt>
      <trkpt lat="49.794479" lon="16.53631">
      </trkpt>
      <trkpt lat="49.785922" lon="16.534005">
      </trkpt>
      <trkpt lat="49.782453" lon="16.533041">
      </trkpt>
      <trkpt lat="49.777238" lon="16.530179">
      </trkpt>
      <trkpt lat="49.777213" lon="16.521617">
      </trkpt>
      <trkpt lat="49.77769" lon="16.521096">
      </trkpt>
      <trkpt lat="49.778243" lon="16.52033">
      </trkpt>
      <trkpt lat="49.779853" lon="16.517876">
      </trkpt>
      <trkpt lat="49.780868" lon="16.516711">
      </trkpt>
      <trkpt lat="49.782595" lon="16.515157">
      </trkpt>
      <trkpt lat="49.783123" lon="16.514634">
      </trkpt>
      <trkpt lat="49.783408" lon="16.514311">
      </trkpt>
      <trkpt lat="49.783901" lon="16.513661">
      </trkpt>
      <trkpt lat="49.784279" lon="16.513051">
      </trkpt>
      <trkpt lat="49.784686" lon="16.51229">
      </trkpt>
      <trkpt lat="49.788645" lon="16.506794">
      </trkpt>
      <trkpt lat="49.790359" lon="16.505119">
      </trkpt>
      <trkpt lat="49.790746" lon="16.504522">
      </trkpt>
      <trkpt lat="49.79092" lon="16.504204">
      </trkpt>
      <trkpt lat="49.791236" lon="16.503524">
      </trkpt>
      <trkpt lat="49.791489" lon="16.502836">
      </trkpt>
      <trkpt lat="49.791718" lon="16.502047">
      </trkpt>
      <trkpt lat="49.791886" lon="16.501247">
      </trkpt>
      <trkpt lat="49.791959" lon="16.50083">
      </trkpt>
      <trkpt lat="49.79252" lon="16.497307">
      </trkpt>
      <trkpt lat="49.799697" lon="16.493232">
      </trkpt>
      <trkpt lat="49.803909" lon="16.500425">
      </trkpt>
      <trkpt lat="49.802437" lon="16.502357">
      </trkpt>
      <trkpt lat="49.802176" lon="16.503619">
      </trkpt>
      <trkpt lat="49.804745" lon="16.51099">
      </trkpt>
      <trkpt lat="49.804491" lon="16.512551">
      </trkpt>
      <trkpt lat="49.804218" lon="16.513722">
      </trkpt>
      <trkpt lat="49.803811" lon="16.517104">
      </trkpt>
      <trkpt lat="49.803402" lon="16.519407">
      </trkpt>
      <trkpt lat="49.806946" lon="16.520037">
      </trkpt>
      <trkpt lat="49.807356" lon="16.517734">
      </trkpt>
      <trkpt lat="49.809654" lon="16.510408">
      </trkpt>
      <trkpt lat="49.808867" lon="16.507881">
      </trkpt>
      <trkpt lat="49.809236" lon="16.504711">
      </trkpt>
      <trkpt lat="49.809169" lon="16.50383">
      </trkpt>
      <trkpt lat="49.815784" lon="16.497829">
      </trkpt>
      <trkpt lat="49.820359" lon="16.501317">
      </trkpt>
      <trkpt lat="49.820696" lon="16.502086">
      </trkpt>
      <trkpt lat="49.82612" lon="16.501258">
      </trkpt>
      <trkpt lat="49.827691" lon="16.499428">
      </trkpt>
      <trkpt lat="49.827732" lon="16.498039">
      </trkpt>
      <trkpt lat="49.827148" lon="16.497747">
      </trkpt>
      <trkpt lat="49.825007" lon="16.496653">
      </trkpt>
      <trkpt lat="49.820713" lon="16.491313">
      </trkpt>
      <trkpt lat="49.819165" lon="16.490565">
      </trkpt>
      <trkpt lat="49.813642" lon="16.485413">
      </trkpt>
      <trkpt lat="49.812981" lon="16.484687">
      </trkpt>
      <trkpt lat="49.812043" lon="16.484105">
      </trkpt>
      <trkpt lat="49.811719" lon="16.483941">
      </trkpt>
      <trkpt lat="49.811132" lon="16.48378">
      </trkpt>
      <trkpt lat="49.80662" lon="16.476496">
      </trkpt>
      <trkpt lat="49.806319" lon="16.472909">
      </trkpt>
      <trkpt lat="49.806201" lon="16.470728">
      </trkpt>
      <trkpt lat="49.806212" lon="16.469015">
      </trkpt>
      <trkpt lat="49.804815" lon="16.467162">
      </trkpt>
      <trkpt lat="49.804032" lon="16.459002">
      </trkpt>
      <trkpt lat="49.805964" lon="16.456665">
      </trkpt>
      <trkpt lat="49.806283" lon="16.455933">
      </trkpt>
      <trkpt lat="49.806543" lon="16.455159">
      </trkpt>
      <trkpt lat="49.806708" lon="16.454531">
      </trkpt>
      <trkpt lat="49.807996" lon="16.450297">
      </trkpt>
      <trkpt lat="49.808427" lon="16.449017">
      </trkpt>
      <trkpt lat="49.808754" lon="16.447887">
      </trkpt>
      <trkpt lat="49.809008" lon="16.446895">
      </trkpt>
      <trkpt lat="49.809792" lon="16.443609">
      </trkpt>
      <trkpt lat="49.811772" lon="16.437197">
      </trkpt>
      <trkpt lat="49.81258" lon="16.435083">
      </trkpt>
      <trkpt lat="49.813401" lon="16.432934">
      </trkpt>
      <trkpt lat="49.813817" lon="16.431776">
      </trkpt>
      <trkpt lat="49.814312" lon="16.430265">
      </trkpt>
      <trkpt lat="49.814702" lon="16.428945">
      </trkpt>
      <trkpt lat="49.815059" lon="16.427607">
      </trkpt>
      <trkpt lat="49.815581" lon="16.425554">
      </trkpt>
      <trkpt lat="49.81607" lon="16.423574">
      </trkpt>
      <trkpt lat="49.816552" lon="16.421624">
      </trkpt>
      <trkpt lat="49.816969" lon="16.420051">
      </trkpt>
      <trkpt lat="49.817299" lon="16.418908">
      </trkpt>
      <trkpt lat="49.817692" lon="16.417667">
      </trkpt>
      <trkpt lat="49.820874" lon="16.410447">
      </trkpt>
      <trkpt lat="49.82204" lon="16.408486">
      </trkpt>
      <trkpt lat="49.82358" lon="16.405994">
      </trkpt>
      <trkpt lat="49.823986" lon="16.405302">
      </trkpt>
      <trkpt lat="49.82473" lon="16.403926">
      </trkpt>
      <trkpt lat="49.821564" lon="16.402213">
      </trkpt>
    </trkseg>
  </trk>
</gpx>