<?xml version="1.0" encoding="UTF-8"?>
<gpx xmlns="http://www.topografix.com/GPX/1/1" xmlns:xsi="http://www.w3.org/2001/XMLSchema-instance" xsi:schemaLocation="http://www.topografix.com/GPX/1/1 http://www.topografix.com/GPX/1/1/gpx.xsd" version="1.1" creator="gpx.py -- https://github.com/tkrajina/gpxpy">
  <trk>
    <trkseg>
      <trkpt lat="50.130095" lon="14.760406">
      </trkpt>
      <trkpt lat="50.13052" lon="14.763143">
      </trkpt>
      <trkpt lat="50.130942" lon="14.766321">
      </trkpt>
      <trkpt lat="50.131463" lon="14.771857">
      </trkpt>
      <trkpt lat="50.131708" lon="14.778948">
      </trkpt>
      <trkpt lat="50.131672" lon="14.782113">
      </trkpt>
      <trkpt lat="50.131626" lon="14.783856">
      </trkpt>
      <trkpt lat="50.131483" lon="14.787615">
      </trkpt>
      <trkpt lat="50.13135" lon="14.790981">
      </trkpt>
      <trkpt lat="50.131246" lon="14.793671">
      </trkpt>
      <trkpt lat="50.131205" lon="14.795163">
      </trkpt>
      <trkpt lat="50.131163" lon="14.797916">
      </trkpt>
      <trkpt lat="50.131176" lon="14.800487">
      </trkpt>
      <trkpt lat="50.131251" lon="14.803091">
      </trkpt>
      <trkpt lat="50.131314" lon="14.804411">
      </trkpt>
      <trkpt lat="50.131439" lon="14.806535">
      </trkpt>
      <trkpt lat="50.131626" lon="14.80876">
      </trkpt>
      <trkpt lat="50.131734" lon="14.809858">
      </trkpt>
      <trkpt lat="50.132004" lon="14.812247">
      </trkpt>
      <trkpt lat="50.132379" lon="14.814947">
      </trkpt>
      <trkpt lat="50.1326" lon="14.816339">
      </trkpt>
      <trkpt lat="50.133151" lon="14.819475">
      </trkpt>
      <trkpt lat="50.133916" lon="14.823514">
      </trkpt>
      <trkpt lat="50.132779" lon="14.83094">
      </trkpt>
      <trkpt lat="50.132793" lon="14.833049">
      </trkpt>
      <trkpt lat="50.131571" lon="14.839535">
      </trkpt>
      <trkpt lat="50.127201" lon="14.845828">
      </trkpt>
      <trkpt lat="50.126711" lon="14.846317">
      </trkpt>
      <trkpt lat="50.126129" lon="14.846999">
      </trkpt>
      <trkpt lat="50.124357" lon="14.849394">
      </trkpt>
      <trkpt lat="50.122144" lon="14.852241">
      </trkpt>
      <trkpt lat="50.116215" lon="14.856982">
      </trkpt>
      <trkpt lat="50.115394" lon="14.85745">
      </trkpt>
      <trkpt lat="50.11487" lon="14.858045">
      </trkpt>
      <trkpt lat="50.114648" lon="14.858443">
      </trkpt>
      <trkpt lat="50.114063" lon="14.859693">
      </trkpt>
      <trkpt lat="50.113757" lon="14.860351">
      </trkpt>
      <trkpt lat="50.113892" lon="14.863157">
      </trkpt>
      <trkpt lat="50.115705" lon="14.864412">
      </trkpt>
      <trkpt lat="50.117753" lon="14.861452">
      </trkpt>
      <trkpt lat="50.119533" lon="14.859955">
      </trkpt>
      <trkpt lat="50.120123" lon="14.859589">
      </trkpt>
      <trkpt lat="50.121701" lon="14.85805">
      </trkpt>
      <trkpt lat="50.129042" lon="14.85746">
      </trkpt>
      <trkpt lat="50.130197" lon="14.863451">
      </trkpt>
      <trkpt lat="50.129802" lon="14.864745">
      </trkpt>
      <trkpt lat="50.129453" lon="14.865952">
      </trkpt>
      <trkpt lat="50.129139" lon="14.867113">
      </trkpt>
      <trkpt lat="50.128766" lon="14.868639">
      </trkpt>
      <trkpt lat="50.128568" lon="14.869492">
      </trkpt>
      <trkpt lat="50.128223" lon="14.87114">
      </trkpt>
      <trkpt lat="50.128014" lon="14.872221">
      </trkpt>
      <trkpt lat="50.127802" lon="14.87345">
      </trkpt>
      <trkpt lat="50.127658" lon="14.874342">
      </trkpt>
      <trkpt lat="50.127395" lon="14.87624">
      </trkpt>
      <trkpt lat="50.127158" lon="14.878351">
      </trkpt>
      <trkpt lat="50.127027" lon="14.879767">
      </trkpt>
      <trkpt lat="50.126931" lon="14.881015">
      </trkpt>
      <trkpt lat="50.126846" lon="14.882285">
      </trkpt>
      <trkpt lat="50.126722" lon="14.884692">
      </trkpt>
      <trkpt lat="50.120753" lon="14.890004">
      </trkpt>
      <trkpt lat="50.119175" lon="14.891937">
      </trkpt>
      <trkpt lat="50.111672" lon="14.887069">
      </trkpt>
      <trkpt lat="50.111853" lon="14.885741">
      </trkpt>
      <trkpt lat="50.111902" lon="14.885496">
      </trkpt>
      <trkpt lat="50.112337" lon="14.883859">
      </trkpt>
      <trkpt lat="50.112408" lon="14.883424">
      </trkpt>
      <trkpt lat="50.112426" lon="14.882889">
      </trkpt>
      <trkpt lat="50.112373" lon="14.882454">
      </trkpt>
      <trkpt lat="50.112272" lon="14.882072">
      </trkpt>
      <trkpt lat="50.112069" lon="14.881524">
      </trkpt>
      <trkpt lat="50.111866" lon="14.880857">
      </trkpt>
      <trkpt lat="50.108422" lon="14.881905">
      </trkpt>
      <trkpt lat="50.108331" lon="14.884997">
      </trkpt>
      <trkpt lat="50.108106" lon="14.886569">
      </trkpt>
      <trkpt lat="50.107999" lon="14.887141">
      </trkpt>
      <trkpt lat="50.107902" lon="14.887569">
      </trkpt>
      <trkpt lat="50.10778" lon="14.888036">
      </trkpt>
      <trkpt lat="50.107439" lon="14.889017">
      </trkpt>
      <trkpt lat="50.107302" lon="14.889492">
      </trkpt>
      <trkpt lat="50.10718" lon="14.890036">
      </trkpt>
      <trkpt lat="50.107071" lon="14.890704">
      </trkpt>
      <trkpt lat="50.106989" lon="14.891708">
      </trkpt>
      <trkpt lat="50.106984" lon="14.893287">
      </trkpt>
      <trkpt lat="50.10701" lon="14.893804">
      </trkpt>
      <trkpt lat="50.107016" lon="14.894605">
      </trkpt>
      <trkpt lat="50.107042" lon="14.895151">
      </trkpt>
      <trkpt lat="50.10682" lon="14.896751">
      </trkpt>
      <trkpt lat="50.106587" lon="14.89839">
      </trkpt>
      <trkpt lat="50.099182" lon="14.902554">
      </trkpt>
      <trkpt lat="50.09652" lon="14.898934">
      </trkpt>
      <trkpt lat="50.096188" lon="14.897163">
      </trkpt>
      <trkpt lat="50.096079" lon="14.894023">
      </trkpt>
      <trkpt lat="50.089262" lon="14.889552">
      </trkpt>
      <trkpt lat="50.08784" lon="14.886288">
      </trkpt>
      <trkpt lat="50.084539" lon="14.887726">
      </trkpt>
      <trkpt lat="50.085962" lon="14.89099">
      </trkpt>
      <trkpt lat="50.087384" lon="14.894254">
      </trkpt>
      <trkpt lat="50.089052" lon="14.898083">
      </trkpt>
      <trkpt lat="50.09072" lon="14.901911">
      </trkpt>
      <trkpt lat="50.090461" lon="14.908364">
      </trkpt>
      <trkpt lat="50.090548" lon="14.908884">
      </trkpt>
      <trkpt lat="50.090774" lon="14.909539">
      </trkpt>
      <trkpt lat="50.09325" lon="14.913043">
      </trkpt>
      <trkpt lat="50.093489" lon="14.913339">
      </trkpt>
      <trkpt lat="50.094103" lon="14.913679">
      </trkpt>
      <trkpt lat="50.094323" lon="14.913642">
      </trkpt>
      <trkpt lat="50.10137" lon="14.913926">
      </trkpt>
      <trkpt lat="50.102793" lon="14.916879">
      </trkpt>
      <trkpt lat="50.103047" lon="14.917613">
      </trkpt>
      <trkpt lat="50.103191" lon="14.918153">
      </trkpt>
      <trkpt lat="50.103321" lon="14.918509">
      </trkpt>
      <trkpt lat="50.103765" lon="14.920272">
      </trkpt>
      <trkpt lat="50.104059" lon="14.923129">
      </trkpt>
      <trkpt lat="50.104043" lon="14.923404">
      </trkpt>
      <trkpt lat="50.100248" lon="14.930953">
      </trkpt>
      <trkpt lat="50.099776" lon="14.932503">
      </trkpt>
      <trkpt lat="50.099107" lon="14.935111">
      </trkpt>
      <trkpt lat="50.09874" lon="14.936985">
      </trkpt>
      <trkpt lat="50.094568" lon="14.944931">
      </trkpt>
      <trkpt lat="50.094606" lon="14.945304">
      </trkpt>
      <trkpt lat="50.094684" lon="14.945692">
      </trkpt>
      <trkpt lat="50.09494" lon="14.946269">
      </trkpt>
      <trkpt lat="50.096019" lon="14.948208">
      </trkpt>
      <trkpt lat="50.099562" lon="14.948842">
      </trkpt>
      <trkpt lat="50.104903" lon="14.95181">
      </trkpt>
      <trkpt lat="50.108411" lon="14.952616">
      </trkpt>
      <trkpt lat="50.114495" lon="14.958329">
      </trkpt>
      <trkpt lat="50.114399" lon="14.959671">
      </trkpt>
      <trkpt lat="50.114333" lon="14.961036">
      </trkpt>
      <trkpt lat="50.114285" lon="14.962412">
      </trkpt>
      <trkpt lat="50.114258" lon="14.964726">
      </trkpt>
      <trkpt lat="50.114265" lon="14.965998">
      </trkpt>
      <trkpt lat="50.11236" lon="14.972891">
      </trkpt>
      <trkpt lat="50.112579" lon="14.975671">
      </trkpt>
      <trkpt lat="50.112576" lon="14.975951">
      </trkpt>
      <trkpt lat="50.115527" lon="14.979694">
      </trkpt>
      <trkpt lat="50.11583" lon="14.981421">
      </trkpt>
      <trkpt lat="50.116148" lon="14.983105">
      </trkpt>
      <trkpt lat="50.108682" lon="14.987471">
      </trkpt>
      <trkpt lat="50.108332" lon="14.987362">
      </trkpt>
      <trkpt lat="50.104753" lon="14.987021">
      </trkpt>
      <trkpt lat="50.102512" lon="14.986525">
      </trkpt>
      <trkpt lat="50.097501" lon="14.985799">
      </trkpt>
      <trkpt lat="50.096849" lon="14.988626">
      </trkpt>
      <trkpt lat="50.096196" lon="14.991453">
      </trkpt>
      <trkpt lat="50.096089" lon="14.991816">
      </trkpt>
      <trkpt lat="50.095835" lon="14.992849">
      </trkpt>
      <trkpt lat="50.089074" lon="14.998507">
      </trkpt>
      <trkpt lat="50.085698" lon="14.997258">
      </trkpt>
      <trkpt lat="50.084506" lon="15.000481">
      </trkpt>
      <trkpt lat="50.083557" lon="15.003137">
      </trkpt>
      <trkpt lat="50.083112" lon="15.004545">
      </trkpt>
      <trkpt lat="50.082801" lon="15.005623">
      </trkpt>
      <trkpt lat="50.074381" lon="15.008694">
      </trkpt>
      <trkpt lat="50.073368" lon="15.008552">
      </trkpt>
      <trkpt lat="50.070603" lon="15.009031">
      </trkpt>
      <trkpt lat="50.070582" lon="15.009072">
      </trkpt>
      <trkpt lat="50.069801" lon="15.011549">
      </trkpt>
      <trkpt lat="50.069805" lon="15.011713">
      </trkpt>
      <trkpt lat="50.070285" lon="15.014535">
      </trkpt>
      <trkpt lat="50.073691" lon="15.0172">
      </trkpt>
      <trkpt lat="50.076068" lon="15.019762">
      </trkpt>
      <trkpt lat="50.077704" lon="15.028209">
      </trkpt>
      <trkpt lat="50.077349" lon="15.03376">
      </trkpt>
      <trkpt lat="50.077811" lon="15.033854">
      </trkpt>
      <trkpt lat="50.079248" lon="15.034077">
      </trkpt>
      <trkpt lat="50.079365" lon="15.034089">
      </trkpt>
      <trkpt lat="50.086162" lon="15.0398">
      </trkpt>
      <trkpt lat="50.086421" lon="15.041344">
      </trkpt>
      <trkpt lat="50.086436" lon="15.041472">
      </trkpt>
      <trkpt lat="50.086592" lon="15.041862">
      </trkpt>
      <trkpt lat="50.085201" lon="15.050611">
      </trkpt>
      <trkpt lat="50.085185" lon="15.0512">
      </trkpt>
      <trkpt lat="50.085253" lon="15.051645">
      </trkpt>
      <trkpt lat="50.086428" lon="15.054039">
      </trkpt>
      <trkpt lat="50.086739" lon="15.054508">
      </trkpt>
      <trkpt lat="50.085885" lon="15.063205">
      </trkpt>
      <trkpt lat="50.084956" lon="15.063954">
      </trkpt>
      <trkpt lat="50.084553" lon="15.064319">
      </trkpt>
      <trkpt lat="50.082851" lon="15.065917">
      </trkpt>
      <trkpt lat="50.082501" lon="15.06634">
      </trkpt>
      <trkpt lat="50.082206" lon="15.066782">
      </trkpt>
      <trkpt lat="50.081809" lon="15.067495">
      </trkpt>
      <trkpt lat="50.07288" lon="15.066734">
      </trkpt>
      <trkpt lat="50.072657" lon="15.064638">
      </trkpt>
      <trkpt lat="50.072943" lon="15.063445">
      </trkpt>
      <trkpt lat="50.073175" lon="15.06254">
      </trkpt>
      <trkpt lat="50.073259" lon="15.061732">
      </trkpt>
      <trkpt lat="50.073222" lon="15.061121">
      </trkpt>
      <trkpt lat="50.073056" lon="15.06022">
      </trkpt>
      <trkpt lat="50.073032" lon="15.059998">
      </trkpt>
      <trkpt lat="50.072924" lon="15.05774">
      </trkpt>
      <trkpt lat="50.073002" lon="15.055995">
      </trkpt>
      <trkpt lat="50.069406" lon="15.055834">
      </trkpt>
      <trkpt lat="50.066992" lon="15.061746">
      </trkpt>
      <trkpt lat="50.059648" lon="15.064676">
      </trkpt>
      <trkpt lat="50.058717" lon="15.068153">
      </trkpt>
      <trkpt lat="50.063623" lon="15.072877">
      </trkpt>
      <trkpt lat="50.06914" lon="15.07909">
      </trkpt>
      <trkpt lat="50.069332" lon="15.079549">
      </trkpt>
      <trkpt lat="50.06965" lon="15.079991">
      </trkpt>
      <trkpt lat="50.069972" lon="15.080318">
      </trkpt>
      <trkpt lat="50.070424" lon="15.080716">
      </trkpt>
      <trkpt lat="50.070858" lon="15.081035">
      </trkpt>
      <trkpt lat="50.072163" lon="15.082009">
      </trkpt>
      <trkpt lat="50.072919" lon="15.082537">
      </trkpt>
      <trkpt lat="50.078374" lon="15.088468">
      </trkpt>
      <trkpt lat="50.07846" lon="15.088917">
      </trkpt>
      <trkpt lat="50.078723" lon="15.089666">
      </trkpt>
      <trkpt lat="50.079152" lon="15.090519">
      </trkpt>
      <trkpt lat="50.079643" lon="15.091295">
      </trkpt>
      <trkpt lat="50.080908" lon="15.094854">
      </trkpt>
      <trkpt lat="50.081133" lon="15.095599">
      </trkpt>
      <trkpt lat="50.081418" lon="15.096106">
      </trkpt>
      <trkpt lat="50.082511" lon="15.097111">
      </trkpt>
      <trkpt lat="50.0844" lon="15.09987">
      </trkpt>
      <trkpt lat="50.085103" lon="15.102571">
      </trkpt>
      <trkpt lat="50.085242" lon="15.103013">
      </trkpt>
      <trkpt lat="50.085505" lon="15.103546">
      </trkpt>
      <trkpt lat="50.085897" lon="15.107204">
      </trkpt>
      <trkpt lat="50.084698" lon="15.110599">
      </trkpt>
      <trkpt lat="50.087259" lon="15.111504">
      </trkpt>
      <trkpt lat="50.091794" lon="15.118781">
      </trkpt>
      <trkpt lat="50.087375" lon="15.123185">
      </trkpt>
      <trkpt lat="50.084969" lon="15.123517">
      </trkpt>
      <trkpt lat="50.085924" lon="15.126988">
      </trkpt>
      <trkpt lat="50.090173" lon="15.132324">
      </trkpt>
      <trkpt lat="50.090267" lon="15.133124">
      </trkpt>
      <trkpt lat="50.086172" lon="15.140057">
      </trkpt>
      <trkpt lat="50.078161" lon="15.136784">
      </trkpt>
      <trkpt lat="50.075145" lon="15.133455">
      </trkpt>
      <trkpt lat="50.074905" lon="15.133023">
      </trkpt>
      <trkpt lat="50.074567" lon="15.132554">
      </trkpt>
      <trkpt lat="50.07429" lon="15.132256">
      </trkpt>
      <trkpt lat="50.070014" lon="15.124617">
      </trkpt>
      <trkpt lat="50.070249" lon="15.123285">
      </trkpt>
      <trkpt lat="50.071132" lon="15.120997">
      </trkpt>
      <trkpt lat="50.071192" lon="15.120484">
      </trkpt>
      <trkpt lat="50.07114" lon="15.119978">
      </trkpt>
      <trkpt lat="50.071243" lon="15.117531">
      </trkpt>
      <trkpt lat="50.071886" lon="15.115422">
      </trkpt>
      <trkpt lat="50.07297" lon="15.113047">
      </trkpt>
      <trkpt lat="50.073904" lon="15.11016">
      </trkpt>
      <trkpt lat="50.074737" lon="15.107843">
      </trkpt>
      <trkpt lat="50.074922" lon="15.107379">
      </trkpt>
      <trkpt lat="50.072168" lon="15.10517">
      </trkpt>
      <trkpt lat="50.071671" lon="15.105833">
      </trkpt>
      <trkpt lat="50.06812" lon="15.107736">
      </trkpt>
      <trkpt lat="50.062647" lon="15.10241">
      </trkpt>
      <trkpt lat="50.063458" lon="15.099967">
      </trkpt>
      <trkpt lat="50.064278" lon="15.098976">
      </trkpt>
      <trkpt lat="50.064469" lon="15.09874">
      </trkpt>
      <trkpt lat="50.065027" lon="15.097941">
      </trkpt>
      <trkpt lat="50.065197" lon="15.097616">
      </trkpt>
      <trkpt lat="50.06305" lon="15.09324">
      </trkpt>
      <trkpt lat="50.063109" lon="15.089753">
      </trkpt>
      <trkpt lat="50.059509" lon="15.089693">
      </trkpt>
      <trkpt lat="50.051795" lon="15.09409">
      </trkpt>
      <trkpt lat="50.049786" lon="15.09231">
      </trkpt>
      <trkpt lat="50.048284" lon="15.090958">
      </trkpt>
      <trkpt lat="50.046881" lon="15.089703">
      </trkpt>
      <trkpt lat="50.046632" lon="15.089455">
      </trkpt>
      <trkpt lat="50.044688" lon="15.086965">
      </trkpt>
      <trkpt lat="50.041851" lon="15.08918">
      </trkpt>
      <trkpt lat="50.043795" lon="15.09167">
      </trkpt>
      <trkpt lat="50.044274" lon="15.092186">
      </trkpt>
      <trkpt lat="50.045876" lon="15.093634">
      </trkpt>
      <trkpt lat="50.047379" lon="15.094986">
      </trkpt>
      <trkpt lat="50.049407" lon="15.096784">
      </trkpt>
      <trkpt lat="50.051425" lon="15.098573">
      </trkpt>
      <trkpt lat="50.053073" lon="15.099795">
      </trkpt>
      <trkpt lat="50.055082" lon="15.101303">
      </trkpt>
      <trkpt lat="50.055373" lon="15.101611">
      </trkpt>
      <trkpt lat="50.058091" lon="15.106362">
      </trkpt>
      <trkpt lat="50.05351" lon="15.11344">
      </trkpt>
      <trkpt lat="50.052472" lon="15.114963">
      </trkpt>
      <trkpt lat="50.052265" lon="15.115354">
      </trkpt>
      <trkpt lat="50.046831" lon="15.118528">
      </trkpt>
      <trkpt lat="50.046528" lon="15.118584">
      </trkpt>
      <trkpt lat="50.040675" lon="15.114701">
      </trkpt>
      <trkpt lat="50.041192" lon="15.111303">
      </trkpt>
      <trkpt lat="50.041477" lon="15.10946">
      </trkpt>
      <trkpt lat="50.041764" lon="15.107604">
      </trkpt>
      <trkpt lat="50.041862" lon="15.106936">
      </trkpt>
      <trkpt lat="50.039438" lon="15.105627">
      </trkpt>
      <trkpt lat="50.039394" lon="15.105642">
      </trkpt>
      <trkpt lat="50.039265" lon="15.105686">
      </trkpt>
      <trkpt lat="50.039073" lon="15.105838">
      </trkpt>
      <trkpt lat="50.0383" lon="15.106413">
      </trkpt>
      <trkpt lat="50.036133" lon="15.10934">
      </trkpt>
      <trkpt lat="50.036042" lon="15.112938">
      </trkpt>
      <trkpt lat="50.036109" lon="15.12157">
      </trkpt>
      <trkpt lat="50.034027" lon="15.129961">
      </trkpt>
      <trkpt lat="50.034052" lon="15.130526">
      </trkpt>
      <trkpt lat="50.034906" lon="15.132326">
      </trkpt>
      <trkpt lat="50.035995" lon="15.132238">
      </trkpt>
      <trkpt lat="50.037202" lon="15.131481">
      </trkpt>
      <trkpt lat="50.037649" lon="15.130362">
      </trkpt>
      <trkpt lat="50.039194" lon="15.12848">
      </trkpt>
      <trkpt lat="50.047489" lon="15.130729">
      </trkpt>
      <trkpt lat="50.04696" lon="15.134099">
      </trkpt>
      <trkpt lat="50.04599" lon="15.135677">
      </trkpt>
      <trkpt lat="50.045971" lon="15.13574">
      </trkpt>
      <trkpt lat="50.045395" lon="15.137341">
      </trkpt>
      <trkpt lat="50.046302" lon="15.138634">
      </trkpt>
      <trkpt lat="50.048203" lon="15.140987">
      </trkpt>
      <trkpt lat="50.046737" lon="15.149251">
      </trkpt>
      <trkpt lat="50.046039" lon="15.153285">
      </trkpt>
      <trkpt lat="50.045336" lon="15.154257">
      </trkpt>
      <trkpt lat="50.036983" lon="15.151839">
      </trkpt>
      <trkpt lat="50.036406" lon="15.147853">
      </trkpt>
      <trkpt lat="50.033012" lon="15.144266">
      </trkpt>
      <trkpt lat="50.032655" lon="15.14372">
      </trkpt>
      <trkpt lat="50.03171" lon="15.142597">
      </trkpt>
      <trkpt lat="50.030426" lon="15.140835">
      </trkpt>
      <trkpt lat="50.030378" lon="15.14077">
      </trkpt>
      <trkpt lat="50.027918" lon="15.140337">
      </trkpt>
      <trkpt lat="50.027568" lon="15.140774">
      </trkpt>
      <trkpt lat="50.027474" lon="15.142896">
      </trkpt>
      <trkpt lat="50.027522" lon="15.142962">
      </trkpt>
      <trkpt lat="50.028867" lon="15.144806">
      </trkpt>
      <trkpt lat="50.030977" lon="15.147981">
      </trkpt>
      <trkpt lat="50.032395" lon="15.156466">
      </trkpt>
      <trkpt lat="50.032235" lon="15.157496">
      </trkpt>
      <trkpt lat="50.032151" lon="15.158145">
      </trkpt>
      <trkpt lat="50.031659" lon="15.161147">
      </trkpt>
      <trkpt lat="50.025763" lon="15.167077">
      </trkpt>
      <trkpt lat="50.025068" lon="15.167382">
      </trkpt>
      <trkpt lat="50.024398" lon="15.1678">
      </trkpt>
      <trkpt lat="50.0238" lon="15.168292">
      </trkpt>
      <trkpt lat="50.022561" lon="15.169824">
      </trkpt>
      <trkpt lat="50.019519" lon="15.174119">
      </trkpt>
      <trkpt lat="50.018112" lon="15.175819">
      </trkpt>
      <trkpt lat="50.016699" lon="15.177525">
      </trkpt>
      <trkpt lat="50.015823" lon="15.178596">
      </trkpt>
      <trkpt lat="50.015514" lon="15.179005">
      </trkpt>
      <trkpt lat="50.015006" lon="15.179738">
      </trkpt>
      <trkpt lat="50.014423" lon="15.180698">
      </trkpt>
      <trkpt lat="50.013205" lon="15.182926">
      </trkpt>
      <trkpt lat="50.016363" lon="15.184653">
      </trkpt>
      <trkpt lat="50.020654" lon="15.190071">
      </trkpt>
      <trkpt lat="50.018455" lon="15.194021">
      </trkpt>
      <trkpt lat="50.016425" lon="15.195694">
      </trkpt>
      <trkpt lat="50.012261" lon="15.196457">
      </trkpt>
      <trkpt lat="50.011936" lon="15.196622">
      </trkpt>
      <trkpt lat="50.01177" lon="15.196699">
      </trkpt>
      <trkpt lat="50.011591" lon="15.196831">
      </trkpt>
      <trkpt lat="50.011053" lon="15.197493">
      </trkpt>
      <trkpt lat="50.010584" lon="15.202537">
      </trkpt>
      <trkpt lat="50.00971" lon="15.21132">
      </trkpt>
      <trkpt lat="50.009072" lon="15.213356">
      </trkpt>
      <trkpt lat="50.008416" lon="15.215452">
      </trkpt>
      <trkpt lat="50.00703" lon="15.21984">
      </trkpt>
      <trkpt lat="50.006429" lon="15.221743">
      </trkpt>
      <trkpt lat="50.004989" lon="15.22632">
      </trkpt>
      <trkpt lat="50.001506" lon="15.232494">
      </trkpt>
      <trkpt lat="49.997925" lon="15.232862">
      </trkpt>
      <trkpt lat="49.998059" lon="15.23416">
      </trkpt>
      <trkpt lat="49.998139" lon="15.235532">
      </trkpt>
      <trkpt lat="49.997426" lon="15.241514">
      </trkpt>
      <trkpt lat="49.996713" lon="15.242587">
      </trkpt>
      <trkpt lat="49.995377" lon="15.244709">
      </trkpt>
      <trkpt lat="49.994957" lon="15.24548">
      </trkpt>
      <trkpt lat="49.994525" lon="15.246487">
      </trkpt>
      <trkpt lat="49.99349" lon="15.249208">
      </trkpt>
      <trkpt lat="49.985058" lon="15.249243">
      </trkpt>
      <trkpt lat="49.984527" lon="15.246306">
      </trkpt>
      <trkpt lat="49.984535" lon="15.244723">
      </trkpt>
      <trkpt lat="49.984597" lon="15.244309">
      </trkpt>
      <trkpt lat="49.984599" lon="15.243884">
      </trkpt>
      <trkpt lat="49.984553" lon="15.243463">
      </trkpt>
      <trkpt lat="49.984189" lon="15.241476">
      </trkpt>
      <trkpt lat="49.983916" lon="15.240107">
      </trkpt>
      <trkpt lat="49.983961" lon="15.237184">
      </trkpt>
      <trkpt lat="49.984347" lon="15.234493">
      </trkpt>
      <trkpt lat="49.984413" lon="15.234171">
      </trkpt>
      <trkpt lat="49.984819" lon="15.232625">
      </trkpt>
      <trkpt lat="49.981336" lon="15.231712">
      </trkpt>
      <trkpt lat="49.980931" lon="15.233257">
      </trkpt>
      <trkpt lat="49.980026" lon="15.236215">
      </trkpt>
      <trkpt lat="49.979309" lon="15.242633">
      </trkpt>
      <trkpt lat="49.978627" lon="15.246168">
      </trkpt>
      <trkpt lat="49.974611" lon="15.252352">
      </trkpt>
      <trkpt lat="49.971148" lon="15.253665">
      </trkpt>
      <trkpt lat="49.970447" lon="15.253906">
      </trkpt>
      <trkpt lat="49.969738" lon="15.254335">
      </trkpt>
      <trkpt lat="49.968293" lon="15.255297">
      </trkpt>
      <trkpt lat="49.967504" lon="15.255948">
      </trkpt>
      <trkpt lat="49.967124" lon="15.256799">
      </trkpt>
      <trkpt lat="49.967104" lon="15.257468">
      </trkpt>
      <trkpt lat="49.967263" lon="15.258043">
      </trkpt>
      <trkpt lat="49.967511" lon="15.258475">
      </trkpt>
      <trkpt lat="49.968066" lon="15.258997">
      </trkpt>
      <trkpt lat="49.968302" lon="15.259111">
      </trkpt>
      <trkpt lat="49.968584" lon="15.259261">
      </trkpt>
      <trkpt lat="49.971534" lon="15.263122">
      </trkpt>
      <trkpt lat="49.971391" lon="15.266506">
      </trkpt>
      <trkpt lat="49.963632" lon="15.26764">
      </trkpt>
      <trkpt lat="49.961566" lon="15.266498">
      </trkpt>
      <trkpt lat="49.961486" lon="15.266503">
      </trkpt>
      <trkpt lat="49.957476" lon="15.266389">
      </trkpt>
      <trkpt lat="49.956923" lon="15.266299">
      </trkpt>
      <trkpt lat="49.953168" lon="15.265965">
      </trkpt>
      <trkpt lat="49.951972" lon="15.265912">
      </trkpt>
      <trkpt lat="49.945267" lon="15.267155">
      </trkpt>
      <trkpt lat="49.941262" lon="15.270919">
      </trkpt>
      <trkpt lat="49.932983" lon="15.273084">
      </trkpt>
      <trkpt lat="49.928042" lon="15.270385">
      </trkpt>
      <trkpt lat="49.926538" lon="15.261518">
      </trkpt>
      <trkpt lat="49.922485" lon="15.256161">
      </trkpt>
      <trkpt lat="49.922116" lon="15.255476">
      </trkpt>
      <trkpt lat="49.921846" lon="15.255042">
      </trkpt>
      <trkpt lat="49.919209" lon="15.255269">
      </trkpt>
      <trkpt lat="49.917889" lon="15.256839">
      </trkpt>
      <trkpt lat="49.919851" lon="15.259385">
      </trkpt>
      <trkpt lat="49.918673" lon="15.266314">
      </trkpt>
      <trkpt lat="49.910809" lon="15.269949">
      </trkpt>
      <trkpt lat="49.907282" lon="15.269227">
      </trkpt>
      <trkpt lat="49.907167" lon="15.269792">
      </trkpt>
      <trkpt lat="49.907415" lon="15.273713">
      </trkpt>
      <trkpt lat="49.907129" lon="15.275579">
      </trkpt>
      <trkpt lat="49.903458" lon="15.281179">
      </trkpt>
      <trkpt lat="49.899894" lon="15.281688">
      </trkpt>
      <trkpt lat="49.898762" lon="15.287292">
      </trkpt>
      <trkpt lat="49.900341" lon="15.288077">
      </trkpt>
      <trkpt lat="49.898973" lon="15.296865">
      </trkpt>
      <trkpt lat="49.895515" lon="15.295861">
      </trkpt>
      <trkpt lat="49.889462" lon="15.301178">
      </trkpt>
      <trkpt lat="49.885889" lon="15.301051">
      </trkpt>
      <trkpt lat="49.885579" lon="15.301468">
      </trkpt>
      <trkpt lat="49.885161" lon="15.302267">
      </trkpt>
      <trkpt lat="49.886486" lon="15.304166">
      </trkpt>
      <trkpt lat="49.887175" lon="15.305032">
      </trkpt>
      <trkpt lat="49.888903" lon="15.305405">
      </trkpt>
      <trkpt lat="49.892149" lon="15.306444">
      </trkpt>
      <trkpt lat="49.893534" lon="15.307053">
      </trkpt>
      <trkpt lat="49.895836" lon="15.307672">
      </trkpt>
      <trkpt lat="49.89806" lon="15.308691">
      </trkpt>
      <trkpt lat="49.899835" lon="15.310101">
      </trkpt>
      <trkpt lat="49.893794" lon="15.316668">
      </trkpt>
      <trkpt lat="49.890113" lon="15.316681">
      </trkpt>
      <trkpt lat="49.88843" lon="15.316859">
      </trkpt>
      <trkpt lat="49.882194" lon="15.312538">
      </trkpt>
      <trkpt lat="49.881185" lon="15.311977">
      </trkpt>
      <trkpt lat="49.879558" lon="15.311735">
      </trkpt>
      <trkpt lat="49.879123" lon="15.3118">
      </trkpt>
      <trkpt lat="49.873528" lon="15.31145">
      </trkpt>
      <trkpt lat="49.873194" lon="15.311331">
      </trkpt>
      <trkpt lat="49.872202" lon="15.311282">
      </trkpt>
      <trkpt lat="49.867618" lon="15.311436">
      </trkpt>
      <trkpt lat="49.860683" lon="15.308026">
      </trkpt>
      <trkpt lat="49.859654" lon="15.306091">
      </trkpt>
      <trkpt lat="49.858167" lon="15.303289">
      </trkpt>
      <trkpt lat="49.857063" lon="15.299509">
      </trkpt>
      <trkpt lat="49.856964" lon="15.29884">
      </trkpt>
      <trkpt lat="49.856929" lon="15.295771">
      </trkpt>
      <trkpt lat="49.863746" lon="15.291264">
      </trkpt>
      <trkpt lat="49.864112" lon="15.291293">
      </trkpt>
      <trkpt lat="49.864397" lon="15.287704">
      </trkpt>
      <trkpt lat="49.862415" lon="15.286194">
      </trkpt>
      <trkpt lat="49.861634" lon="15.285516">
      </trkpt>
      <trkpt lat="49.861255" lon="15.285246">
      </trkpt>
      <trkpt lat="49.860776" lon="15.285008">
      </trkpt>
      <trkpt lat="49.860202" lon="15.284764">
      </trkpt>
      <trkpt lat="49.853422" lon="15.279098">
      </trkpt>
      <trkpt lat="49.846791" lon="15.274753">
      </trkpt>
      <trkpt lat="49.846057" lon="15.272224">
      </trkpt>
      <trkpt lat="49.845876" lon="15.271664">
      </trkpt>
      <trkpt lat="49.845494" lon="15.270624">
      </trkpt>
      <trkpt lat="49.842115" lon="15.271867">
      </trkpt>
      <trkpt lat="49.842627" lon="15.273318">
      </trkpt>
      <trkpt lat="49.843333" lon="15.275756">
      </trkpt>
      <trkpt lat="49.843537" lon="15.276707">
      </trkpt>
      <trkpt lat="49.844047" lon="15.279532">
      </trkpt>
      <trkpt lat="49.844573" lon="15.281978">
      </trkpt>
      <trkpt lat="49.842864" lon="15.288933">
      </trkpt>
      <trkpt lat="49.842487" lon="15.289553">
      </trkpt>
      <trkpt lat="49.8424" lon="15.289779">
      </trkpt>
      <trkpt lat="49.845758" lon="15.291075">
      </trkpt>
      <trkpt lat="49.843952" lon="15.299192">
      </trkpt>
      <trkpt lat="49.841025" lon="15.299583">
      </trkpt>
      <trkpt lat="49.840094" lon="15.299867">
      </trkpt>
      <trkpt lat="49.839847" lon="15.300025">
      </trkpt>
      <trkpt lat="49.840256" lon="15.30291">
      </trkpt>
      <trkpt lat="49.840432" lon="15.303529">
      </trkpt>
      <trkpt lat="49.840597" lon="15.303692">
      </trkpt>
      <trkpt lat="49.841274" lon="15.30437">
      </trkpt>
      <trkpt lat="49.846098" lon="15.307284">
      </trkpt>
      <trkpt lat="49.850078" lon="15.30604">
      </trkpt>
      <trkpt lat="49.852159" lon="15.306194">
      </trkpt>
      <trkpt lat="49.85745" lon="15.312976">
      </trkpt>
      <trkpt lat="49.857314" lon="15.313613">
      </trkpt>
      <trkpt lat="49.857287" lon="15.314281">
      </trkpt>
      <trkpt lat="49.856789" lon="15.317017">
      </trkpt>
      <trkpt lat="49.856783" lon="15.317858">
      </trkpt>
      <trkpt lat="49.851204" lon="15.324506">
      </trkpt>
      <trkpt lat="49.847635" lon="15.324981">
      </trkpt>
      <trkpt lat="49.845765" lon="15.329807">
      </trkpt>
      <trkpt lat="49.847552" lon="15.335648">
      </trkpt>
      <trkpt lat="49.848175" lon="15.337527">
      </trkpt>
      <trkpt lat="49.849261" lon="15.338817">
      </trkpt>
      <trkpt lat="49.851497" lon="15.338916">
      </trkpt>
      <trkpt lat="49.855073" lon="15.337751">
      </trkpt>
      <trkpt lat="49.858466" lon="15.336549">
      </trkpt>
      <trkpt lat="49.860328" lon="15.331239">
      </trkpt>
      <trkpt lat="49.863193" lon="15.329451">
      </trkpt>
      <trkpt lat="49.868877" lon="15.33636">
      </trkpt>
      <trkpt lat="49.868871" lon="15.337308">
      </trkpt>
      <trkpt lat="49.868585" lon="15.338724">
      </trkpt>
      <trkpt lat="49.868519" lon="15.339246">
      </trkpt>
      <trkpt lat="49.868312" lon="15.34034">
      </trkpt>
      <trkpt lat="49.868238" lon="15.341596">
      </trkpt>
      <trkpt lat="49.864647" lon="15.347841">
      </trkpt>
      <trkpt lat="49.858189" lon="15.35239">
      </trkpt>
      <trkpt lat="49.850955" lon="15.35689">
      </trkpt>
      <trkpt lat="49.849473" lon="15.356469">
      </trkpt>
      <trkpt lat="49.84282" lon="15.350587">
      </trkpt>
      <trkpt lat="49.842722" lon="15.348536">
      </trkpt>
      <trkpt lat="49.842081" lon="15.347094">
      </trkpt>
      <trkpt lat="49.841352" lon="15.346583">
      </trkpt>
      <trkpt lat="49.838406" lon="15.348409">
      </trkpt>
      <trkpt lat="49.838537" lon="15.348673">
      </trkpt>
      <trkpt lat="49.839202" lon="15.350711">
      </trkpt>
      <trkpt lat="49.839269" lon="15.351184">
      </trkpt>
      <trkpt lat="49.839353" lon="15.352094">
      </trkpt>
      <trkpt lat="49.839578" lon="15.353605">
      </trkpt>
      <trkpt lat="49.839705" lon="15.354595">
      </trkpt>
      <trkpt lat="49.84025" lon="15.355692">
      </trkpt>
      <trkpt lat="49.840745" lon="15.358238">
      </trkpt>
      <trkpt lat="49.834408" lon="15.363902">
      </trkpt>
      <trkpt lat="49.829354" lon="15.362245">
      </trkpt>
      <trkpt lat="49.828874" lon="15.361898">
      </trkpt>
      <trkpt lat="49.828338" lon="15.361693">
      </trkpt>
      <trkpt lat="49.825509" lon="15.359853">
      </trkpt>
      <trkpt lat="49.824536" lon="15.353488">
      </trkpt>
      <trkpt lat="49.825073" lon="15.351639">
      </trkpt>
      <trkpt lat="49.825071" lon="15.351632">
      </trkpt>
      <trkpt lat="49.822194" lon="15.350754">
      </trkpt>
      <trkpt lat="49.814809" lon="15.352018">
      </trkpt>
      <trkpt lat="49.814288" lon="15.35215">
      </trkpt>
      <trkpt lat="49.814366" lon="15.35338">
      </trkpt>
      <trkpt lat="49.815411" lon="15.357269">
      </trkpt>
      <trkpt lat="49.817319" lon="15.362366">
      </trkpt>
      <trkpt lat="49.817681" lon="15.363754">
      </trkpt>
      <trkpt lat="49.818019" lon="15.371389">
      </trkpt>
      <trkpt lat="49.815415" lon="15.37487">
      </trkpt>
      <trkpt lat="49.813732" lon="15.376192">
      </trkpt>
      <trkpt lat="49.815955" lon="15.379023">
      </trkpt>
      <trkpt lat="49.821995" lon="15.378948">
      </trkpt>
      <trkpt lat="49.82531" lon="15.377545">
      </trkpt>
      <trkpt lat="49.828133" lon="15.372277">
      </trkpt>
      <trkpt lat="49.834984" lon="15.374471">
      </trkpt>
      <trkpt lat="49.835182" lon="15.374742">
      </trkpt>
      <trkpt lat="49.835554" lon="15.37514">
      </trkpt>
      <trkpt lat="49.836883" lon="15.376112">
      </trkpt>
      <trkpt lat="49.837415" lon="15.376404">
      </trkpt>
      <trkpt lat="49.837933" lon="15.376605">
      </trkpt>
      <trkpt lat="49.840443" lon="15.377455">
      </trkpt>
      <trkpt lat="49.841908" lon="15.377964">
      </trkpt>
      <trkpt lat="49.844239" lon="15.379323">
      </trkpt>
      <trkpt lat="49.845378" lon="15.37988">
      </trkpt>
      <trkpt lat="49.848467" lon="15.387867">
      </trkpt>
      <trkpt lat="49.848337" lon="15.388533">
      </trkpt>
      <trkpt lat="49.848255" lon="15.389225">
      </trkpt>
      <trkpt lat="49.849647" lon="15.393712">
      </trkpt>
      <trkpt lat="49.849654" lon="15.394008">
      </trkpt>
      <trkpt lat="49.849761" lon="15.394288">
      </trkpt>
      <trkpt lat="49.851786" lon="15.401412">
      </trkpt>
      <trkpt lat="49.84488" lon="15.406611">
      </trkpt>
      <trkpt lat="49.842827" lon="15.405438">
      </trkpt>
      <trkpt lat="49.842761" lon="15.405412">
      </trkpt>
      <trkpt lat="49.840458" lon="15.404447">
      </trkpt>
      <trkpt lat="49.838195" lon="15.403319">
      </trkpt>
      <trkpt lat="49.833399" lon="15.395962">
      </trkpt>
      <trkpt lat="49.832757" lon="15.39373">
      </trkpt>
      <trkpt lat="49.832365" lon="15.392847">
      </trkpt>
      <trkpt lat="49.832144" lon="15.392519">
      </trkpt>
      <trkpt lat="49.83183" lon="15.392163">
      </trkpt>
      <trkpt lat="49.829025" lon="15.391986">
      </trkpt>
      <trkpt lat="49.828806" lon="15.392217">
      </trkpt>
      <trkpt lat="49.829245" lon="15.394786">
      </trkpt>
      <trkpt lat="49.829353" lon="15.397762">
      </trkpt>
      <trkpt lat="49.829269" lon="15.39844">
      </trkpt>
      <trkpt lat="49.828976" lon="15.399777">
      </trkpt>
      <trkpt lat="49.822007" lon="15.404936">
      </trkpt>
      <trkpt lat="49.818895" lon="15.406747">
      </trkpt>
      <trkpt lat="49.814757" lon="15.409184">
      </trkpt>
      <trkpt lat="49.814283" lon="15.40941">
      </trkpt>
      <trkpt lat="49.815254" lon="15.412646">
      </trkpt>
      <trkpt lat="49.818649" lon="15.415318">
      </trkpt>
      <trkpt lat="49.823634" lon="15.412057">
      </trkpt>
      <trkpt lat="49.824376" lon="15.411767">
      </trkpt>
      <trkpt lat="49.826678" lon="15.409522">
      </trkpt>
      <trkpt lat="49.828472" lon="15.407648">
      </trkpt>
      <trkpt lat="49.83339" lon="15.407088">
      </trkpt>
      <trkpt lat="49.836945" lon="15.412138">
      </trkpt>
      <trkpt lat="49.839063" lon="15.418391">
      </trkpt>
      <trkpt lat="49.836133" lon="15.422941">
      </trkpt>
      <trkpt lat="49.833912" lon="15.425774">
      </trkpt>
      <trkpt lat="49.829258" lon="15.431071">
      </trkpt>
      <trkpt lat="49.825393" lon="15.431023">
      </trkpt>
      <trkpt lat="49.82501" lon="15.430965">
      </trkpt>
      <trkpt lat="49.824229" lon="15.430911">
      </trkpt>
      <trkpt lat="49.823256" lon="15.432504">
      </trkpt>
      <trkpt lat="49.820783" lon="15.43823">
      </trkpt>
      <trkpt lat="49.819588" lon="15.441626">
      </trkpt>
      <trkpt lat="49.817282" lon="15.44652">
      </trkpt>
      <trkpt lat="49.808588" lon="15.445942">
      </trkpt>
      <trkpt lat="49.80561" lon="15.441131">
      </trkpt>
      <trkpt lat="49.802887" lon="15.438732">
      </trkpt>
      <trkpt lat="49.800099" lon="15.44101">
      </trkpt>
      <trkpt lat="49.793484" lon="15.439758">
      </trkpt>
      <trkpt lat="49.790772" lon="15.442125">
      </trkpt>
      <trkpt lat="49.792058" lon="15.447597">
      </trkpt>
      <trkpt lat="49.789326" lon="15.45393">
      </trkpt>
      <trkpt lat="49.787719" lon="15.457151">
      </trkpt>
      <trkpt lat="49.789636" lon="15.462341">
      </trkpt>
      <trkpt lat="49.793939" lon="15.469549">
      </trkpt>
      <trkpt lat="49.795501" lon="15.472792">
      </trkpt>
      <trkpt lat="49.790844" lon="15.479818">
      </trkpt>
      <trkpt lat="49.788395" lon="15.480954">
      </trkpt>
      <trkpt lat="49.786344" lon="15.481907">
      </trkpt>
      <trkpt lat="49.785427" lon="15.482419">
      </trkpt>
      <trkpt lat="49.779218" lon="15.484617">
      </trkpt>
      <trkpt lat="49.77907" lon="15.484711">
      </trkpt>
      <trkpt lat="49.778236" lon="15.486134">
      </trkpt>
      <trkpt lat="49.776588" lon="15.490175">
      </trkpt>
      <trkpt lat="49.776785" lon="15.490389">
      </trkpt>
      <trkpt lat="49.777382" lon="15.490886">
      </trkpt>
      <trkpt lat="49.778948" lon="15.490781">
      </trkpt>
      <trkpt lat="49.78254" lon="15.491021">
      </trkpt>
      <trkpt lat="49.784035" lon="15.489237">
      </trkpt>
      <trkpt lat="49.784486" lon="15.488868">
      </trkpt>
      <trkpt lat="49.784902" lon="15.488453">
      </trkpt>
      <trkpt lat="49.785165" lon="15.488157">
      </trkpt>
      <trkpt lat="49.785617" lon="15.487569">
      </trkpt>
      <trkpt lat="49.786312" lon="15.486569">
      </trkpt>
      <trkpt lat="49.788052" lon="15.485077">
      </trkpt>
      <trkpt lat="49.789907" lon="15.484222">
      </trkpt>
      <trkpt lat="49.79236" lon="15.483083">
      </trkpt>
      <trkpt lat="49.794935" lon="15.481886">
      </trkpt>
      <trkpt lat="49.802261" lon="15.480395">
      </trkpt>
      <trkpt lat="49.805399" lon="15.48637">
      </trkpt>
      <trkpt lat="49.800893" lon="15.490509">
      </trkpt>
      <trkpt lat="49.800483" lon="15.490711">
      </trkpt>
      <trkpt lat="49.800305" lon="15.490849">
      </trkpt>
      <trkpt lat="49.798848" lon="15.492342">
      </trkpt>
      <trkpt lat="49.798427" lon="15.492629">
      </trkpt>
      <trkpt lat="49.797187" lon="15.493265">
      </trkpt>
      <trkpt lat="49.79688" lon="15.49353">
      </trkpt>
      <trkpt lat="49.796667" lon="15.493771">
      </trkpt>
      <trkpt lat="49.795983" lon="15.494697">
      </trkpt>
      <trkpt lat="49.795786" lon="15.495064">
      </trkpt>
      <trkpt lat="49.795566" lon="15.495622">
      </trkpt>
      <trkpt lat="49.795049" lon="15.497498">
      </trkpt>
      <trkpt lat="49.794607" lon="15.499158">
      </trkpt>
      <trkpt lat="49.794506" lon="15.499406">
      </trkpt>
      <trkpt lat="49.78758" lon="15.505071">
      </trkpt>
      <trkpt lat="49.786321" lon="15.505218">
      </trkpt>
      <trkpt lat="49.785629" lon="15.505411">
      </trkpt>
      <trkpt lat="49.784316" lon="15.506365">
      </trkpt>
      <trkpt lat="49.783855" lon="15.506896">
      </trkpt>
      <trkpt lat="49.775917" lon="15.510253">
      </trkpt>
      <trkpt lat="49.77258" lon="15.508779">
      </trkpt>
      <trkpt lat="49.772094" lon="15.508483">
      </trkpt>
      <trkpt lat="49.769338" lon="15.505669">
      </trkpt>
      <trkpt lat="49.769068" lon="15.505243">
      </trkpt>
      <trkpt lat="49.767949" lon="15.503777">
      </trkpt>
      <trkpt lat="49.767452" lon="15.502988">
      </trkpt>
      <trkpt lat="49.765929" lon="15.500193">
      </trkpt>
      <trkpt lat="49.765747" lon="15.499841">
      </trkpt>
      <trkpt lat="49.76493" lon="15.49743">
      </trkpt>
      <trkpt lat="49.76474" lon="15.496894">
      </trkpt>
      <trkpt lat="49.764502" lon="15.496485">
      </trkpt>
      <trkpt lat="49.763687" lon="15.495354">
      </trkpt>
      <trkpt lat="49.762838" lon="15.495326">
      </trkpt>
      <trkpt lat="49.760111" lon="15.495765">
      </trkpt>
      <trkpt lat="49.760125" lon="15.496397">
      </trkpt>
      <trkpt lat="49.760169" lon="15.496833">
      </trkpt>
      <trkpt lat="49.760316" lon="15.497602">
      </trkpt>
      <trkpt lat="49.760538" lon="15.497921">
      </trkpt>
      <trkpt lat="49.762433" lon="15.501245">
      </trkpt>
      <trkpt lat="49.762711" lon="15.501809">
      </trkpt>
      <trkpt lat="49.76429" lon="15.50471">
      </trkpt>
      <trkpt lat="49.761105" lon="15.513118">
      </trkpt>
      <trkpt lat="49.761322" lon="15.513566">
      </trkpt>
      <trkpt lat="49.761629" lon="15.514247">
      </trkpt>
      <trkpt lat="49.761962" lon="15.514983">
      </trkpt>
      <trkpt lat="49.761968" lon="15.522982">
      </trkpt>
      <trkpt lat="49.762221" lon="15.526534">
      </trkpt>
      <trkpt lat="49.768483" lon="15.529585">
      </trkpt>
      <trkpt lat="49.770043" lon="15.531794">
      </trkpt>
      <trkpt lat="49.770402" lon="15.532309">
      </trkpt>
      <trkpt lat="49.771483" lon="15.532878">
      </trkpt>
      <trkpt lat="49.772768" lon="15.532728">
      </trkpt>
      <trkpt lat="49.775129" lon="15.532281">
      </trkpt>
      <trkpt lat="49.783519" lon="15.5342">
      </trkpt>
      <trkpt lat="49.787023" lon="15.533376">
      </trkpt>
      <trkpt lat="49.787405" lon="15.533245">
      </trkpt>
      <trkpt lat="49.789263" lon="15.531526">
      </trkpt>
      <trkpt lat="49.793855" lon="15.529611">
      </trkpt>
      <trkpt lat="49.79776" lon="15.528001">
      </trkpt>
      <trkpt lat="49.804202" lon="15.530396">
      </trkpt>
      <trkpt lat="49.804476" lon="15.530652">
      </trkpt>
      <trkpt lat="49.80488" lon="15.530948">
      </trkpt>
      <trkpt lat="49.806221" lon="15.539087">
      </trkpt>
      <trkpt lat="49.804903" lon="15.540271">
      </trkpt>
      <trkpt lat="49.801085" lon="15.542613">
      </trkpt>
      <trkpt lat="49.797825" lon="15.542895">
      </trkpt>
      <trkpt lat="49.797443" lon="15.543055">
      </trkpt>
      <trkpt lat="49.794096" lon="15.543754">
      </trkpt>
      <trkpt lat="49.790153" lon="15.546162">
      </trkpt>
      <trkpt lat="49.788293" lon="15.547646">
      </trkpt>
      <trkpt lat="49.78613" lon="15.548701">
      </trkpt>
      <trkpt lat="49.785439" lon="15.549341">
      </trkpt>
      <trkpt lat="49.78537" lon="15.549399">
      </trkpt>
      <trkpt lat="49.783733" lon="15.552501">
      </trkpt>
      <trkpt lat="49.781499" lon="15.555419">
      </trkpt>
      <trkpt lat="49.77431" lon="15.554652">
      </trkpt>
      <trkpt lat="49.772042" lon="15.553717">
      </trkpt>
      <trkpt lat="49.76985" lon="15.55647">
      </trkpt>
      <trkpt lat="49.770767" lon="15.565194">
      </trkpt>
      <trkpt lat="49.76627" lon="15.568664">
      </trkpt>
      <trkpt lat="49.762888" lon="15.569899">
      </trkpt>
      <trkpt lat="49.762721" lon="15.570116">
      </trkpt>
      <trkpt lat="49.761989" lon="15.571993">
      </trkpt>
      <trkpt lat="49.754623" lon="15.575093">
      </trkpt>
      <trkpt lat="49.753146" lon="15.574329">
      </trkpt>
      <trkpt lat="49.752093" lon="15.573613">
      </trkpt>
      <trkpt lat="49.751225" lon="15.572742">
      </trkpt>
      <trkpt lat="49.749351" lon="15.564759">
      </trkpt>
      <trkpt lat="49.753051" lon="15.559926">
      </trkpt>
      <trkpt lat="49.75498" lon="15.55911">
      </trkpt>
      <trkpt lat="49.755766" lon="15.558631">
      </trkpt>
      <trkpt lat="49.756073" lon="15.55839">
      </trkpt>
      <trkpt lat="49.756278" lon="15.55824">
      </trkpt>
      <trkpt lat="49.757817" lon="15.557311">
      </trkpt>
      <trkpt lat="49.757851" lon="15.555002">
      </trkpt>
      <trkpt lat="49.755552" lon="15.551519">
      </trkpt>
      <trkpt lat="49.753369" lon="15.548656">
      </trkpt>
      <trkpt lat="49.748526" lon="15.542931">
      </trkpt>
      <trkpt lat="49.745605" lon="15.541151">
      </trkpt>
      <trkpt lat="49.744825" lon="15.540431">
      </trkpt>
      <trkpt lat="49.742606" lon="15.531854">
      </trkpt>
      <trkpt lat="49.744062" lon="15.528447">
      </trkpt>
      <trkpt lat="49.74429" lon="15.528046">
      </trkpt>
      <trkpt lat="49.74501" lon="15.526492">
      </trkpt>
      <trkpt lat="49.743108" lon="15.525688">
      </trkpt>
      <trkpt lat="49.741744" lon="15.524979">
      </trkpt>
      <trkpt lat="49.74097" lon="15.526603">
      </trkpt>
      <trkpt lat="49.739319" lon="15.52933">
      </trkpt>
      <trkpt lat="49.73323" lon="15.53135">
      </trkpt>
      <trkpt lat="49.732323" lon="15.531548">
      </trkpt>
      <trkpt lat="49.731809" lon="15.532161">
      </trkpt>
      <trkpt lat="49.731316" lon="15.534399">
      </trkpt>
      <trkpt lat="49.735342" lon="15.540937">
      </trkpt>
      <trkpt lat="49.735337" lon="15.542594">
      </trkpt>
      <trkpt lat="49.735384" lon="15.543139">
      </trkpt>
      <trkpt lat="49.735652" lon="15.544415">
      </trkpt>
      <trkpt lat="49.735977" lon="15.545691">
      </trkpt>
      <trkpt lat="49.736104" lon="15.54614">
      </trkpt>
      <trkpt lat="49.736294" lon="15.546686">
      </trkpt>
      <trkpt lat="49.736659" lon="15.547484">
      </trkpt>
      <trkpt lat="49.737324" lon="15.548742">
      </trkpt>
      <trkpt lat="49.738117" lon="15.550153">
      </trkpt>
      <trkpt lat="49.739077" lon="15.551573">
      </trkpt>
      <trkpt lat="49.739304" lon="15.551886">
      </trkpt>
      <trkpt lat="49.739664" lon="15.552311">
      </trkpt>
      <trkpt lat="49.741675" lon="15.557769">
      </trkpt>
      <trkpt lat="49.741207" lon="15.559538">
      </trkpt>
      <trkpt lat="49.732758" lon="15.561713">
      </trkpt>
      <trkpt lat="49.731944" lon="15.560969">
      </trkpt>
      <trkpt lat="49.731227" lon="15.560398">
      </trkpt>
      <trkpt lat="49.730725" lon="15.560134">
      </trkpt>
      <trkpt lat="49.730017" lon="15.559981">
      </trkpt>
      <trkpt lat="49.72868" lon="15.560086">
      </trkpt>
      <trkpt lat="49.72787" lon="15.560352">
      </trkpt>
      <trkpt lat="49.726484" lon="15.561416">
      </trkpt>
      <trkpt lat="49.726464" lon="15.561437">
      </trkpt>
      <trkpt lat="49.719532" lon="15.563388">
      </trkpt>
      <trkpt lat="49.717057" lon="15.560774">
      </trkpt>
      <trkpt lat="49.708963" lon="15.558436">
      </trkpt>
      <trkpt lat="49.706122" lon="15.558053">
      </trkpt>
      <trkpt lat="49.705952" lon="15.558286">
      </trkpt>
      <trkpt lat="49.705741" lon="15.560041">
      </trkpt>
      <trkpt lat="49.706173" lon="15.568133">
      </trkpt>
      <trkpt lat="49.707769" lon="15.57439">
      </trkpt>
      <trkpt lat="49.708462" lon="15.581924">
      </trkpt>
      <trkpt lat="49.703768" lon="15.585498">
      </trkpt>
      <trkpt lat="49.704012" lon="15.587625">
      </trkpt>
      <trkpt lat="49.704907" lon="15.588913">
      </trkpt>
      <trkpt lat="49.711111" lon="15.594156">
      </trkpt>
      <trkpt lat="49.711038" lon="15.595599">
      </trkpt>
      <trkpt lat="49.711022" lon="15.59607">
      </trkpt>
      <trkpt lat="49.711005" lon="15.597843">
      </trkpt>
      <trkpt lat="49.710943" lon="15.599933">
      </trkpt>
      <trkpt lat="49.71094" lon="15.602556">
      </trkpt>
      <trkpt lat="49.710913" lon="15.603407">
      </trkpt>
      <trkpt lat="49.703277" lon="15.608042">
      </trkpt>
      <trkpt lat="49.701435" lon="15.601737">
      </trkpt>
      <trkpt lat="49.701013" lon="15.599153">
      </trkpt>
      <trkpt lat="49.700561" lon="15.599003">
      </trkpt>
      <trkpt lat="49.698756" lon="15.599397">
      </trkpt>
      <trkpt lat="49.69363" lon="15.603333">
      </trkpt>
      <trkpt lat="49.690505" lon="15.605119">
      </trkpt>
      <trkpt lat="49.687705" lon="15.609927">
      </trkpt>
      <trkpt lat="49.688307" lon="15.612683">
      </trkpt>
      <trkpt lat="49.684969" lon="15.619176">
      </trkpt>
      <trkpt lat="49.676207" lon="15.617446">
      </trkpt>
      <trkpt lat="49.675984" lon="15.617209">
      </trkpt>
      <trkpt lat="49.674935" lon="15.616677">
      </trkpt>
      <trkpt lat="49.673458" lon="15.617041">
      </trkpt>
      <trkpt lat="49.666115" lon="15.613564">
      </trkpt>
      <trkpt lat="49.665896" lon="15.609301">
      </trkpt>
      <trkpt lat="49.665868" lon="15.608546">
      </trkpt>
      <trkpt lat="49.665734" lon="15.60809">
      </trkpt>
      <trkpt lat="49.665482" lon="15.607481">
      </trkpt>
      <trkpt lat="49.66476" lon="15.604998">
      </trkpt>
      <trkpt lat="49.662795" lon="15.604221">
      </trkpt>
      <trkpt lat="49.662566" lon="15.604168">
      </trkpt>
      <trkpt lat="49.661346" lon="15.603858">
      </trkpt>
      <trkpt lat="49.66042" lon="15.605653">
      </trkpt>
      <trkpt lat="49.66067" lon="15.606656">
      </trkpt>
      <trkpt lat="49.662562" lon="15.614144">
      </trkpt>
      <trkpt lat="49.662887" lon="15.620729">
      </trkpt>
      <trkpt lat="49.664359" lon="15.624046">
      </trkpt>
      <trkpt lat="49.663906" lon="15.631004">
      </trkpt>
      <trkpt lat="49.663762" lon="15.637559">
      </trkpt>
      <trkpt lat="49.66254" lon="15.642707">
      </trkpt>
      <trkpt lat="49.661458" lon="15.649906">
      </trkpt>
      <trkpt lat="49.660735" lon="15.651771">
      </trkpt>
      <trkpt lat="49.65915" lon="15.656473">
      </trkpt>
      <trkpt lat="49.661721" lon="15.658993">
      </trkpt>
      <trkpt lat="49.662635" lon="15.658061">
      </trkpt>
      <trkpt lat="49.66303" lon="15.657559">
      </trkpt>
      <trkpt lat="49.663245" lon="15.6572">
      </trkpt>
      <trkpt lat="49.663302" lon="15.657093">
      </trkpt>
      <trkpt lat="49.669237" lon="15.651634">
      </trkpt>
      <trkpt lat="49.675418" lon="15.655455">
      </trkpt>
      <trkpt lat="49.681266" lon="15.655483">
      </trkpt>
      <trkpt lat="49.683004" lon="15.656698">
      </trkpt>
      <trkpt lat="49.683886" lon="15.657442">
      </trkpt>
      <trkpt lat="49.685014" lon="15.658297">
      </trkpt>
      <trkpt lat="49.688134" lon="15.66022">
      </trkpt>
      <trkpt lat="49.689525" lon="15.663541">
      </trkpt>
      <trkpt lat="49.688356" lon="15.670803">
      </trkpt>
      <trkpt lat="49.679807" lon="15.673006">
      </trkpt>
      <trkpt lat="49.679353" lon="15.670784">
      </trkpt>
      <trkpt lat="49.679056" lon="15.668068">
      </trkpt>
      <trkpt lat="49.679091" lon="15.667381">
      </trkpt>
      <trkpt lat="49.679059" lon="15.665643">
      </trkpt>
      <trkpt lat="49.679003" lon="15.665376">
      </trkpt>
      <trkpt lat="49.675479" lon="15.666112">
      </trkpt>
      <trkpt lat="49.673763" lon="15.667539">
      </trkpt>
      <trkpt lat="49.675132" lon="15.670869">
      </trkpt>
      <trkpt lat="49.676194" lon="15.676825">
      </trkpt>
      <trkpt lat="49.676062" lon="15.677947">
      </trkpt>
      <trkpt lat="49.670418" lon="15.684601">
      </trkpt>
      <trkpt lat="49.668064" lon="15.685427">
      </trkpt>
      <trkpt lat="49.664594" lon="15.687393">
      </trkpt>
      <trkpt lat="49.658167" lon="15.685511">
      </trkpt>
      <trkpt lat="49.65485" lon="15.684112">
      </trkpt>
      <trkpt lat="49.647635" lon="15.679036">
      </trkpt>
      <trkpt lat="49.643053" lon="15.677966">
      </trkpt>
      <trkpt lat="49.639788" lon="15.679481">
      </trkpt>
      <trkpt lat="49.640416" lon="15.681718">
      </trkpt>
      <trkpt lat="49.633369" lon="15.685845">
      </trkpt>
      <trkpt lat="49.632949" lon="15.685621">
      </trkpt>
      <trkpt lat="49.630412" lon="15.684521">
      </trkpt>
      <trkpt lat="49.630255" lon="15.684439">
      </trkpt>
      <trkpt lat="49.628249" lon="15.683248">
      </trkpt>
      <trkpt lat="49.62792" lon="15.683194">
      </trkpt>
      <trkpt lat="49.627332" lon="15.686745">
      </trkpt>
      <trkpt lat="49.628232" lon="15.687531">
      </trkpt>
      <trkpt lat="49.632965" lon="15.692182">
      </trkpt>
      <trkpt lat="49.635496" lon="15.694742">
      </trkpt>
      <trkpt lat="49.635997" lon="15.700776">
      </trkpt>
      <trkpt lat="49.635808" lon="15.701283">
      </trkpt>
      <trkpt lat="49.635733" lon="15.701564">
      </trkpt>
      <trkpt lat="49.640074" lon="15.706434">
      </trkpt>
      <trkpt lat="49.63991" lon="15.709592">
      </trkpt>
      <trkpt lat="49.639784" lon="15.710538">
      </trkpt>
      <trkpt lat="49.639514" lon="15.711874">
      </trkpt>
      <trkpt lat="49.639263" lon="15.712821">
      </trkpt>
      <trkpt lat="49.638966" lon="15.714201">
      </trkpt>
      <trkpt lat="49.63891" lon="15.715138">
      </trkpt>
      <trkpt lat="49.638988" lon="15.715997">
      </trkpt>
      <trkpt lat="49.638591" lon="15.720232">
      </trkpt>
      <trkpt lat="49.638449" lon="15.72109">
      </trkpt>
      <trkpt lat="49.638385" lon="15.721904">
      </trkpt>
      <trkpt lat="49.638345" lon="15.722788">
      </trkpt>
      <trkpt lat="49.638409" lon="15.723883">
      </trkpt>
      <trkpt lat="49.638667" lon="15.725868">
      </trkpt>
      <trkpt lat="49.638913" lon="15.727741">
      </trkpt>
      <trkpt lat="49.639168" lon="15.729673">
      </trkpt>
      <trkpt lat="49.632253" lon="15.735139">
      </trkpt>
      <trkpt lat="49.629754" lon="15.733823">
      </trkpt>
      <trkpt lat="49.629039" lon="15.733178">
      </trkpt>
      <trkpt lat="49.628692" lon="15.732999">
      </trkpt>
      <trkpt lat="49.628245" lon="15.732812">
      </trkpt>
      <trkpt lat="49.626989" lon="15.732385">
      </trkpt>
      <trkpt lat="49.622919" lon="15.724762">
      </trkpt>
      <trkpt lat="49.619398" lon="15.724009">
      </trkpt>
      <trkpt lat="49.617182" lon="15.728948">
      </trkpt>
      <trkpt lat="49.611899" lon="15.735727">
      </trkpt>
      <trkpt lat="49.611474" lon="15.736105">
      </trkpt>
      <trkpt lat="49.611753" lon="15.737338">
      </trkpt>
      <trkpt lat="49.613488" lon="15.738957">
      </trkpt>
      <trkpt lat="49.614303" lon="15.738556">
      </trkpt>
      <trkpt lat="49.619924" lon="15.737273">
      </trkpt>
      <trkpt lat="49.621647" lon="15.73691">
      </trkpt>
      <trkpt lat="49.627667" lon="15.737209">
      </trkpt>
      <trkpt lat="49.628753" lon="15.737882">
      </trkpt>
      <trkpt lat="49.631357" lon="15.7454">
      </trkpt>
      <trkpt lat="49.629366" lon="15.746967">
      </trkpt>
      <trkpt lat="49.628096" lon="15.74783">
      </trkpt>
      <trkpt lat="49.627237" lon="15.748313">
      </trkpt>
      <trkpt lat="49.62653" lon="15.748897">
      </trkpt>
      <trkpt lat="49.625918" lon="15.749619">
      </trkpt>
      <trkpt lat="49.624536" lon="15.751495">
      </trkpt>
      <trkpt lat="49.624301" lon="15.751823">
      </trkpt>
      <trkpt lat="49.623692" lon="15.752568">
      </trkpt>
      <trkpt lat="49.623497" lon="15.752971">
      </trkpt>
      <trkpt lat="49.626738" lon="15.754539">
      </trkpt>
      <trkpt lat="49.627898" lon="15.753226">
      </trkpt>
      <trkpt lat="49.629764" lon="15.75102">
      </trkpt>
      <trkpt lat="49.638627" lon="15.752175">
      </trkpt>
      <trkpt lat="49.639039" lon="15.752777">
      </trkpt>
      <trkpt lat="49.639546" lon="15.753366">
      </trkpt>
      <trkpt lat="49.640012" lon="15.753811">
      </trkpt>
      <trkpt lat="49.642597" lon="15.760383">
      </trkpt>
      <trkpt lat="49.641374" lon="15.762976">
      </trkpt>
      <trkpt lat="49.640905" lon="15.763963">
      </trkpt>
      <trkpt lat="49.640667" lon="15.764583">
      </trkpt>
      <trkpt lat="49.639593" lon="15.768445">
      </trkpt>
      <trkpt lat="49.633823" lon="15.771984">
      </trkpt>
      <trkpt lat="49.625711" lon="15.769839">
      </trkpt>
      <trkpt lat="49.624685" lon="15.769206">
      </trkpt>
      <trkpt lat="49.624047" lon="15.768799">
      </trkpt>
      <trkpt lat="49.622623" lon="15.768047">
      </trkpt>
      <trkpt lat="49.619963" lon="15.765909">
      </trkpt>
      <trkpt lat="49.615478" lon="15.759547">
      </trkpt>
      <trkpt lat="49.61546" lon="15.7591">
      </trkpt>
      <trkpt lat="49.615418" lon="15.75879">
      </trkpt>
      <trkpt lat="49.615318" lon="15.758221">
      </trkpt>
      <trkpt lat="49.615082" lon="15.757406">
      </trkpt>
      <trkpt lat="49.614714" lon="15.756578">
      </trkpt>
      <trkpt lat="49.611424" lon="15.758038">
      </trkpt>
      <trkpt lat="49.604745" lon="15.764068">
      </trkpt>
      <trkpt lat="49.602363" lon="15.762252">
      </trkpt>
      <trkpt lat="49.601269" lon="15.761667">
      </trkpt>
      <trkpt lat="49.599991" lon="15.761154">
      </trkpt>
      <trkpt lat="49.598705" lon="15.760747">
      </trkpt>
      <trkpt lat="49.597644" lon="15.760709">
      </trkpt>
      <trkpt lat="49.592289" lon="15.759956">
      </trkpt>
      <trkpt lat="49.590963" lon="15.760707">
      </trkpt>
      <trkpt lat="49.590617" lon="15.763145">
      </trkpt>
      <trkpt lat="49.593118" lon="15.764898">
      </trkpt>
      <trkpt lat="49.593494" lon="15.765184">
      </trkpt>
      <trkpt lat="49.596776" lon="15.764655">
      </trkpt>
      <trkpt lat="49.60254" lon="15.766914">
      </trkpt>
      <trkpt lat="49.603151" lon="15.775342">
      </trkpt>
      <trkpt lat="49.604822" lon="15.779055">
      </trkpt>
      <trkpt lat="49.60841" lon="15.779341">
      </trkpt>
      <trkpt lat="49.615487" lon="15.780501">
      </trkpt>
      <trkpt lat="49.615858" lon="15.780755">
      </trkpt>
      <trkpt lat="49.616979" lon="15.781069">
      </trkpt>
      <trkpt lat="49.617709" lon="15.781026">
      </trkpt>
      <trkpt lat="49.621046" lon="15.780523">
      </trkpt>
      <trkpt lat="49.622281" lon="15.780463">
      </trkpt>
      <trkpt lat="49.624871" lon="15.780638">
      </trkpt>
      <trkpt lat="49.628117" lon="15.788778">
      </trkpt>
      <trkpt lat="49.627177" lon="15.791688">
      </trkpt>
      <trkpt lat="49.626212" lon="15.794557">
      </trkpt>
      <trkpt lat="49.625247" lon="15.797427">
      </trkpt>
      <trkpt lat="49.624282" lon="15.800296">
      </trkpt>
      <trkpt lat="49.623318" lon="15.803162">
      </trkpt>
      <trkpt lat="49.615439" lon="15.803867">
      </trkpt>
      <trkpt lat="49.61403" lon="15.802053">
      </trkpt>
      <trkpt lat="49.613188" lon="15.801131">
      </trkpt>
      <trkpt lat="49.612618" lon="15.800679">
      </trkpt>
      <trkpt lat="49.608216" lon="15.796172">
      </trkpt>
      <trkpt lat="49.604636" lon="15.796552">
      </trkpt>
      <trkpt lat="49.604831" lon="15.798383">
      </trkpt>
      <trkpt lat="49.605111" lon="15.799737">
      </trkpt>
      <trkpt lat="49.605323" lon="15.800321">
      </trkpt>
      <trkpt lat="49.605554" lon="15.800747">
      </trkpt>
      <trkpt lat="49.606147" lon="15.801419">
      </trkpt>
      <trkpt lat="49.607326" lon="15.802381">
      </trkpt>
      <trkpt lat="49.607941" lon="15.802741">
      </trkpt>
      <trkpt lat="49.611341" lon="15.804446">
      </trkpt>
      <trkpt lat="49.612063" lon="15.811837">
      </trkpt>
      <trkpt lat="49.611623" lon="15.812514">
      </trkpt>
      <trkpt lat="49.611418" lon="15.812995">
      </trkpt>
      <trkpt lat="49.61102" lon="15.813906">
      </trkpt>
      <trkpt lat="49.610258" lon="15.815281">
      </trkpt>
      <trkpt lat="49.610019" lon="15.815998">
      </trkpt>
      <trkpt lat="49.60987" lon="15.816888">
      </trkpt>
      <trkpt lat="49.61064" lon="15.821237">
      </trkpt>
      <trkpt lat="49.608706" lon="15.827234">
      </trkpt>
      <trkpt lat="49.608631" lon="15.827532">
      </trkpt>
      <trkpt lat="49.609613" lon="15.829603">
      </trkpt>
      <trkpt lat="49.610178" lon="15.830817">
      </trkpt>
      <trkpt lat="49.610851" lon="15.8313">
      </trkpt>
      <trkpt lat="49.614058" lon="15.833427">
      </trkpt>
      <trkpt lat="49.616946" lon="15.831277">
      </trkpt>
      <trkpt lat="49.616336" lon="15.82465">
      </trkpt>
      <trkpt lat="49.618047" lon="15.818835">
      </trkpt>
      <trkpt lat="49.618248" lon="15.818371">
      </trkpt>
      <trkpt lat="49.618817" lon="15.816893">
      </trkpt>
      <trkpt lat="49.619285" lon="15.815844">
      </trkpt>
      <trkpt lat="49.619406" lon="15.815538">
      </trkpt>
      <trkpt lat="49.622785" lon="15.809937">
      </trkpt>
      <trkpt lat="49.624936" lon="15.807689">
      </trkpt>
      <trkpt lat="49.625362" lon="15.807161">
      </trkpt>
      <trkpt lat="49.625792" lon="15.806537">
      </trkpt>
      <trkpt lat="49.626115" lon="15.805935">
      </trkpt>
      <trkpt lat="49.626349" lon="15.805412">
      </trkpt>
      <trkpt lat="49.626728" lon="15.804316">
      </trkpt>
      <trkpt lat="49.627694" lon="15.801444">
      </trkpt>
      <trkpt lat="49.628659" lon="15.798574">
      </trkpt>
      <trkpt lat="49.637059" lon="15.800328">
      </trkpt>
      <trkpt lat="49.637304" lon="15.801421">
      </trkpt>
      <trkpt lat="49.637994" lon="15.802468">
      </trkpt>
      <trkpt lat="49.639876" lon="15.802886">
      </trkpt>
      <trkpt lat="49.642815" lon="15.801708">
      </trkpt>
      <trkpt lat="49.650168" lon="15.80415">
      </trkpt>
      <trkpt lat="49.653244" lon="15.806022">
      </trkpt>
      <trkpt lat="49.654265" lon="15.804765">
      </trkpt>
      <trkpt lat="49.654632" lon="15.80416">
      </trkpt>
      <trkpt lat="49.655453" lon="15.802577">
      </trkpt>
      <trkpt lat="49.655784" lon="15.801872">
      </trkpt>
      <trkpt lat="49.656255" lon="15.800404">
      </trkpt>
      <trkpt lat="49.656407" lon="15.799802">
      </trkpt>
      <trkpt lat="49.656466" lon="15.799438">
      </trkpt>
      <trkpt lat="49.656447" lon="15.79883">
      </trkpt>
      <trkpt lat="49.659799" lon="15.790526">
      </trkpt>
      <trkpt lat="49.660562" lon="15.789841">
      </trkpt>
      <trkpt lat="49.661296" lon="15.788603">
      </trkpt>
      <trkpt lat="49.662095" lon="15.787106">
      </trkpt>
      <trkpt lat="49.662958" lon="15.785122">
      </trkpt>
      <trkpt lat="49.663841" lon="15.782407">
      </trkpt>
      <trkpt lat="49.67164" lon="15.779068">
      </trkpt>
      <trkpt lat="49.680402" lon="15.779006">
      </trkpt>
      <trkpt lat="49.681647" lon="15.781309">
      </trkpt>
      <trkpt lat="49.682862" lon="15.783556">
      </trkpt>
      <trkpt lat="49.684077" lon="15.785803">
      </trkpt>
      <trkpt lat="49.685464" lon="15.788485">
      </trkpt>
      <trkpt lat="49.686336" lon="15.791017">
      </trkpt>
      <trkpt lat="49.686528" lon="15.791519">
      </trkpt>
      <trkpt lat="49.687725" lon="15.794067">
      </trkpt>
      <trkpt lat="49.688871" lon="15.796493">
      </trkpt>
      <trkpt lat="49.691108" lon="15.80436">
      </trkpt>
      <trkpt lat="49.688461" lon="15.810312">
      </trkpt>
      <trkpt lat="49.684107" lon="15.81291">
      </trkpt>
      <trkpt lat="49.684056" lon="15.813212">
      </trkpt>
      <trkpt lat="49.681959" lon="15.820347">
      </trkpt>
      <trkpt lat="49.680943" lon="15.827742">
      </trkpt>
      <trkpt lat="49.679021" lon="15.830673">
      </trkpt>
      <trkpt lat="49.678093" lon="15.83206">
      </trkpt>
      <trkpt lat="49.677772" lon="15.832569">
      </trkpt>
      <trkpt lat="49.676541" lon="15.835066">
      </trkpt>
      <trkpt lat="49.675404" lon="15.837567">
      </trkpt>
      <trkpt lat="49.675255" lon="15.83809">
      </trkpt>
      <trkpt lat="49.674983" lon="15.840708">
      </trkpt>
      <trkpt lat="49.675556" lon="15.844973">
      </trkpt>
      <trkpt lat="49.675725" lon="15.845584">
      </trkpt>
      <trkpt lat="49.675832" lon="15.846056">
      </trkpt>
      <trkpt lat="49.675966" lon="15.846992">
      </trkpt>
      <trkpt lat="49.676114" lon="15.847576">
      </trkpt>
      <trkpt lat="49.671838" lon="15.85399">
      </trkpt>
      <trkpt lat="49.666253" lon="15.847288">
      </trkpt>
      <trkpt lat="49.663734" lon="15.844716">
      </trkpt>
      <trkpt lat="49.659228" lon="15.839834">
      </trkpt>
      <trkpt lat="49.658841" lon="15.839049">
      </trkpt>
      <trkpt lat="49.65856" lon="15.838655">
      </trkpt>
      <trkpt lat="49.658423" lon="15.838513">
      </trkpt>
      <trkpt lat="49.655299" lon="15.840303">
      </trkpt>
      <trkpt lat="49.655462" lon="15.843479">
      </trkpt>
      <trkpt lat="49.655519" lon="15.844229">
      </trkpt>
      <trkpt lat="49.65571" lon="15.845465">
      </trkpt>
      <trkpt lat="49.655881" lon="15.847306">
      </trkpt>
      <trkpt lat="49.655981" lon="15.847903">
      </trkpt>
      <trkpt lat="49.656148" lon="15.848653">
      </trkpt>
      <trkpt lat="49.656233" lon="15.849159">
      </trkpt>
      <trkpt lat="49.656381" lon="15.849655">
      </trkpt>
      <trkpt lat="49.65669" lon="15.850263">
      </trkpt>
      <trkpt lat="49.656962" lon="15.850691">
      </trkpt>
      <trkpt lat="49.65163" lon="15.857778">
      </trkpt>
      <trkpt lat="49.649659" lon="15.857321">
      </trkpt>
      <trkpt lat="49.64885" lon="15.857286">
      </trkpt>
      <trkpt lat="49.649042" lon="15.860881">
      </trkpt>
      <trkpt lat="49.652811" lon="15.862724">
      </trkpt>
      <trkpt lat="49.653982" lon="15.864161">
      </trkpt>
      <trkpt lat="49.654927" lon="15.873081">
      </trkpt>
      <trkpt lat="49.653128" lon="15.873388">
      </trkpt>
      <trkpt lat="49.6512" lon="15.874057">
      </trkpt>
      <trkpt lat="49.651148" lon="15.874885">
      </trkpt>
      <trkpt lat="49.651171" lon="15.875161">
      </trkpt>
      <trkpt lat="49.651787" lon="15.882191">
      </trkpt>
      <trkpt lat="49.656265" lon="15.888444">
      </trkpt>
      <trkpt lat="49.655112" lon="15.89101">
      </trkpt>
      <trkpt lat="49.65507" lon="15.891356">
      </trkpt>
      <trkpt lat="49.65487" lon="15.892756">
      </trkpt>
      <trkpt lat="49.65477" lon="15.893496">
      </trkpt>
      <trkpt lat="49.653725" lon="15.896913">
      </trkpt>
      <trkpt lat="49.653546" lon="15.897309">
      </trkpt>
      <trkpt lat="49.653408" lon="15.898504">
      </trkpt>
      <trkpt lat="49.65141" lon="15.905641">
      </trkpt>
      <trkpt lat="49.648814" lon="15.908074">
      </trkpt>
      <trkpt lat="49.645099" lon="15.911289">
      </trkpt>
      <trkpt lat="49.64042" lon="15.911581">
      </trkpt>
      <trkpt lat="49.633875" lon="15.906255">
      </trkpt>
      <trkpt lat="49.633887" lon="15.905285">
      </trkpt>
      <trkpt lat="49.633546" lon="15.901271">
      </trkpt>
      <trkpt lat="49.633437" lon="15.900604">
      </trkpt>
      <trkpt lat="49.633207" lon="15.898512">
      </trkpt>
      <trkpt lat="49.63007" lon="15.898827">
      </trkpt>
      <trkpt lat="49.625879" lon="15.899953">
      </trkpt>
      <trkpt lat="49.625039" lon="15.900214">
      </trkpt>
      <trkpt lat="49.624804" lon="15.901131">
      </trkpt>
      <trkpt lat="49.625695" lon="15.903754">
      </trkpt>
      <trkpt lat="49.627521" lon="15.911719">
      </trkpt>
      <trkpt lat="49.627465" lon="15.912086">
      </trkpt>
      <trkpt lat="49.627457" lon="15.912864">
      </trkpt>
      <trkpt lat="49.627477" lon="15.915653">
      </trkpt>
      <trkpt lat="49.627406" lon="15.917891">
      </trkpt>
      <trkpt lat="49.627413" lon="15.918396">
      </trkpt>
      <trkpt lat="49.627439" lon="15.918762">
      </trkpt>
      <trkpt lat="49.627522" lon="15.919248">
      </trkpt>
      <trkpt lat="49.623235" lon="15.926474">
      </trkpt>
      <trkpt lat="49.621348" lon="15.926864">
      </trkpt>
      <trkpt lat="49.617647" lon="15.927651">
      </trkpt>
      <trkpt lat="49.612927" lon="15.923118">
      </trkpt>
      <trkpt lat="49.612834" lon="15.92254">
      </trkpt>
      <trkpt lat="49.612576" lon="15.921713">
      </trkpt>
      <trkpt lat="49.612524" lon="15.921598">
      </trkpt>
      <trkpt lat="49.612504" lon="15.921553">
      </trkpt>
      <trkpt lat="49.612148" lon="15.921059">
      </trkpt>
      <trkpt lat="49.612139" lon="15.921051">
      </trkpt>
      <trkpt lat="49.611892" lon="15.92085">
      </trkpt>
      <trkpt lat="49.611872" lon="15.920837">
      </trkpt>
      <trkpt lat="49.609226" lon="15.923041">
      </trkpt>
      <trkpt lat="49.609052" lon="15.924592">
      </trkpt>
      <trkpt lat="49.60904" lon="15.925055">
      </trkpt>
      <trkpt lat="49.609134" lon="15.925704">
      </trkpt>
      <trkpt lat="49.604768" lon="15.93316">
      </trkpt>
      <trkpt lat="49.60621" lon="15.936458">
      </trkpt>
      <trkpt lat="49.613767" lon="15.936798">
      </trkpt>
      <trkpt lat="49.615161" lon="15.940611">
      </trkpt>
      <trkpt lat="49.615054" lon="15.941716">
      </trkpt>
      <trkpt lat="49.618638" lon="15.942062">
      </trkpt>
      <trkpt lat="49.621624" lon="15.93831">
      </trkpt>
      <trkpt lat="49.628189" lon="15.940639">
      </trkpt>
      <trkpt lat="49.630891" lon="15.943018">
      </trkpt>
      <trkpt lat="49.634006" lon="15.942674">
      </trkpt>
      <trkpt lat="49.636798" lon="15.940402">
      </trkpt>
      <trkpt lat="49.638453" lon="15.933193">
      </trkpt>
      <trkpt lat="49.642986" lon="15.931433">
      </trkpt>
      <trkpt lat="49.646914" lon="15.929684">
      </trkpt>
      <trkpt lat="49.649436" lon="15.927115">
      </trkpt>
      <trkpt lat="49.648915" lon="15.926486">
      </trkpt>
      <trkpt lat="49.647915" lon="15.918097">
      </trkpt>
      <trkpt lat="49.651504" lon="15.913745">
      </trkpt>
      <trkpt lat="49.651553" lon="15.913431">
      </trkpt>
      <trkpt lat="49.651592" lon="15.912971">
      </trkpt>
      <trkpt lat="49.653872" lon="15.908267">
      </trkpt>
      <trkpt lat="49.65546" lon="15.906777">
      </trkpt>
      <trkpt lat="49.6567" lon="15.906027">
      </trkpt>
      <trkpt lat="49.663878" lon="15.910861">
      </trkpt>
      <trkpt lat="49.664119" lon="15.911681">
      </trkpt>
      <trkpt lat="49.664201" lon="15.911848">
      </trkpt>
      <trkpt lat="49.664906" lon="15.912769">
      </trkpt>
      <trkpt lat="49.666919" lon="15.91462">
      </trkpt>
      <trkpt lat="49.670599" lon="15.916527">
      </trkpt>
      <trkpt lat="49.673142" lon="15.915525">
      </trkpt>
      <trkpt lat="49.673419" lon="15.914591">
      </trkpt>
      <trkpt lat="49.673376" lon="15.913701">
      </trkpt>
      <trkpt lat="49.673284" lon="15.913198">
      </trkpt>
      <trkpt lat="49.671684" lon="15.911743">
      </trkpt>
      <trkpt lat="49.66682" lon="15.906159">
      </trkpt>
      <trkpt lat="49.668561" lon="15.900058">
      </trkpt>
      <trkpt lat="49.669315" lon="15.899289">
      </trkpt>
      <trkpt lat="49.670038" lon="15.898424">
      </trkpt>
      <trkpt lat="49.670606" lon="15.897635">
      </trkpt>
      <trkpt lat="49.671124" lon="15.896837">
      </trkpt>
      <trkpt lat="49.671431" lon="15.896307">
      </trkpt>
      <trkpt lat="49.671784" lon="15.895656">
      </trkpt>
      <trkpt lat="49.67287" lon="15.893563">
      </trkpt>
      <trkpt lat="49.673943" lon="15.891497">
      </trkpt>
      <trkpt lat="49.679099" lon="15.886538">
      </trkpt>
      <trkpt lat="49.683148" lon="15.886822">
      </trkpt>
      <trkpt lat="49.686126" lon="15.886927">
      </trkpt>
      <trkpt lat="49.687381" lon="15.886457">
      </trkpt>
      <trkpt lat="49.694301" lon="15.886591">
      </trkpt>
      <trkpt lat="49.696342" lon="15.889323">
      </trkpt>
      <trkpt lat="49.69672" lon="15.889439">
      </trkpt>
      <trkpt lat="49.697724" lon="15.889452">
      </trkpt>
      <trkpt lat="49.699669" lon="15.888877">
      </trkpt>
      <trkpt lat="49.708424" lon="15.889574">
      </trkpt>
      <trkpt lat="49.709876" lon="15.890361">
      </trkpt>
      <trkpt lat="49.71744" lon="15.894902">
      </trkpt>
      <trkpt lat="49.717296" lon="15.895753">
      </trkpt>
      <trkpt lat="49.716895" lon="15.897865">
      </trkpt>
      <trkpt lat="49.715042" lon="15.900537">
      </trkpt>
      <trkpt lat="49.714706" lon="15.900933">
      </trkpt>
      <trkpt lat="49.713237" lon="15.903009">
      </trkpt>
      <trkpt lat="49.712858" lon="15.903611">
      </trkpt>
      <trkpt lat="49.712342" lon="15.904888">
      </trkpt>
      <trkpt lat="49.711727" lon="15.906974">
      </trkpt>
      <trkpt lat="49.711529" lon="15.907829">
      </trkpt>
      <trkpt lat="49.711202" lon="15.909138">
      </trkpt>
      <trkpt lat="49.714656" lon="15.910153">
      </trkpt>
      <trkpt lat="49.715021" lon="15.908704">
      </trkpt>
      <trkpt lat="49.715275" lon="15.907885">
      </trkpt>
      <trkpt lat="49.716197" lon="15.905059">
      </trkpt>
      <trkpt lat="49.718316" lon="15.902975">
      </trkpt>
      <trkpt lat="49.725522" lon="15.908078">
      </trkpt>
      <trkpt lat="49.725246" lon="15.909732">
      </trkpt>
      <trkpt lat="49.725467" lon="15.910521">
      </trkpt>
      <trkpt lat="49.72574" lon="15.910996">
      </trkpt>
      <trkpt lat="49.725909" lon="15.911219">
      </trkpt>
      <trkpt lat="49.730549" lon="15.90933">
      </trkpt>
      <trkpt lat="49.737567" lon="15.913569">
      </trkpt>
      <trkpt lat="49.738264" lon="15.915177">
      </trkpt>
      <trkpt lat="49.738758" lon="15.916558">
      </trkpt>
      <trkpt lat="49.738272" lon="15.923318">
      </trkpt>
      <trkpt lat="49.734358" lon="15.928356">
      </trkpt>
      <trkpt lat="49.733438" lon="15.928938">
      </trkpt>
      <trkpt lat="49.732309" lon="15.929723">
      </trkpt>
      <trkpt lat="49.72992" lon="15.931565">
      </trkpt>
      <trkpt lat="49.728368" lon="15.932922">
      </trkpt>
      <trkpt lat="49.724816" lon="15.934106">
      </trkpt>
      <trkpt lat="49.721395" lon="15.934265">
      </trkpt>
      <trkpt lat="49.720498" lon="15.934026">
      </trkpt>
      <trkpt lat="49.716149" lon="15.928028">
      </trkpt>
      <trkpt lat="49.71769" lon="15.924789">
      </trkpt>
      <trkpt lat="49.717379" lon="15.924082">
      </trkpt>
      <trkpt lat="49.715674" lon="15.923247">
      </trkpt>
      <trkpt lat="49.714063" lon="15.923892">
      </trkpt>
      <trkpt lat="49.713025" lon="15.924239">
      </trkpt>
      <trkpt lat="49.712266" lon="15.924416">
      </trkpt>
      <trkpt lat="49.711562" lon="15.928751">
      </trkpt>
      <trkpt lat="49.707533" lon="15.936162">
      </trkpt>
      <trkpt lat="49.705497" lon="15.938293">
      </trkpt>
      <trkpt lat="49.703307" lon="15.940607">
      </trkpt>
      <trkpt lat="49.701728" lon="15.942772">
      </trkpt>
      <trkpt lat="49.70014" lon="15.944951">
      </trkpt>
      <trkpt lat="49.698597" lon="15.947109">
      </trkpt>
      <trkpt lat="49.697063" lon="15.949254">
      </trkpt>
      <trkpt lat="49.695428" lon="15.951498">
      </trkpt>
      <trkpt lat="49.693621" lon="15.954031">
      </trkpt>
      <trkpt lat="49.688458" lon="15.958574">
      </trkpt>
      <trkpt lat="49.685974" lon="15.959006">
      </trkpt>
      <trkpt lat="49.682888" lon="15.959584">
      </trkpt>
      <trkpt lat="49.679995" lon="15.961773">
      </trkpt>
      <trkpt lat="49.680133" lon="15.961931">
      </trkpt>
      <trkpt lat="49.68355" lon="15.963122">
      </trkpt>
      <trkpt lat="49.686637" lon="15.962544">
      </trkpt>
      <trkpt lat="49.693056" lon="15.967835">
      </trkpt>
      <trkpt lat="49.693029" lon="15.972583">
      </trkpt>
      <trkpt lat="49.693001" lon="15.976136">
      </trkpt>
      <trkpt lat="49.692978" lon="15.979573">
      </trkpt>
      <trkpt lat="49.692965" lon="15.979803">
      </trkpt>
      <trkpt lat="49.687919" lon="15.986828">
      </trkpt>
      <trkpt lat="49.684869" lon="15.986257">
      </trkpt>
      <trkpt lat="49.68338" lon="15.98637">
      </trkpt>
      <trkpt lat="49.6792" lon="15.986251">
      </trkpt>
      <trkpt lat="49.673954" lon="15.987019">
      </trkpt>
      <trkpt lat="49.671565" lon="15.988496">
      </trkpt>
      <trkpt lat="49.671541" lon="15.988678">
      </trkpt>
      <trkpt lat="49.672316" lon="15.99021">
      </trkpt>
      <trkpt lat="49.672435" lon="15.99028">
      </trkpt>
      <trkpt lat="49.675111" lon="15.992413">
      </trkpt>
      <trkpt lat="49.673825" lon="16.001038">
      </trkpt>
      <trkpt lat="49.676066" lon="16.003856">
      </trkpt>
      <trkpt lat="49.677206" lon="16.002949">
      </trkpt>
      <trkpt lat="49.685162" lon="15.999744">
      </trkpt>
      <trkpt lat="49.68914" lon="15.999489">
      </trkpt>
      <trkpt lat="49.695212" lon="15.997577">
      </trkpt>
      <trkpt lat="49.699935" lon="15.999652">
      </trkpt>
      <trkpt lat="49.700408" lon="16.000051">
      </trkpt>
      <trkpt lat="49.700696" lon="16.000256">
      </trkpt>
      <trkpt lat="49.701006" lon="16.000424">
      </trkpt>
      <trkpt lat="49.706486" lon="16.00546">
      </trkpt>
      <trkpt lat="49.707029" lon="16.008762">
      </trkpt>
      <trkpt lat="49.706906" lon="16.011424">
      </trkpt>
      <trkpt lat="49.705885" lon="16.014416">
      </trkpt>
      <trkpt lat="49.705787" lon="16.01494">
      </trkpt>
      <trkpt lat="49.706579" lon="16.01856">
      </trkpt>
      <trkpt lat="49.708039" lon="16.022773">
      </trkpt>
      <trkpt lat="49.704024" lon="16.028444">
      </trkpt>
      <trkpt lat="49.703758" lon="16.030313">
      </trkpt>
      <trkpt lat="49.704316" lon="16.033739">
      </trkpt>
      <trkpt lat="49.706392" lon="16.038133">
      </trkpt>
      <trkpt lat="49.70888" lon="16.040415">
      </trkpt>
      <trkpt lat="49.707678" lon="16.048403">
      </trkpt>
      <trkpt lat="49.707333" lon="16.049125">
      </trkpt>
      <trkpt lat="49.710582" lon="16.050677">
      </trkpt>
      <trkpt lat="49.717706" lon="16.051843">
      </trkpt>
      <trkpt lat="49.721058" lon="16.053157">
      </trkpt>
      <trkpt lat="49.723666" lon="16.052848">
      </trkpt>
      <trkpt lat="49.725347" lon="16.052825">
      </trkpt>
      <trkpt lat="49.725715" lon="16.052591">
      </trkpt>
      <trkpt lat="49.726069" lon="16.052306">
      </trkpt>
      <trkpt lat="49.730053" lon="16.04924">
      </trkpt>
      <trkpt lat="49.735991" lon="16.055832">
      </trkpt>
      <trkpt lat="49.735332" lon="16.056653">
      </trkpt>
      <trkpt lat="49.734964" lon="16.057277">
      </trkpt>
      <trkpt lat="49.734546" lon="16.058094">
      </trkpt>
      <trkpt lat="49.734051" lon="16.059421">
      </trkpt>
      <trkpt lat="49.737425" lon="16.060678">
      </trkpt>
      <trkpt lat="49.740846" lon="16.066949">
      </trkpt>
      <trkpt lat="49.741501" lon="16.075372">
      </trkpt>
      <trkpt lat="49.740607" lon="16.077109">
      </trkpt>
      <trkpt lat="49.740334" lon="16.077746">
      </trkpt>
      <trkpt lat="49.740276" lon="16.078245">
      </trkpt>
      <trkpt lat="49.740305" lon="16.078678">
      </trkpt>
      <trkpt lat="49.740662" lon="16.07991">
      </trkpt>
      <trkpt lat="49.741226" lon="16.080571">
      </trkpt>
      <trkpt lat="49.74178" lon="16.080886">
      </trkpt>
      <trkpt lat="49.742061" lon="16.080986">
      </trkpt>
      <trkpt lat="49.743266" lon="16.0795">
      </trkpt>
      <trkpt lat="49.743776" lon="16.079075">
      </trkpt>
      <trkpt lat="49.744128" lon="16.078625">
      </trkpt>
      <trkpt lat="49.744443" lon="16.077862">
      </trkpt>
      <trkpt lat="49.7455" lon="16.076293">
      </trkpt>
      <trkpt lat="49.745909" lon="16.075533">
      </trkpt>
      <trkpt lat="49.746192" lon="16.074905">
      </trkpt>
      <trkpt lat="49.746278" lon="16.074521">
      </trkpt>
      <trkpt lat="49.747607" lon="16.071205">
      </trkpt>
      <trkpt lat="49.752938" lon="16.064809">
      </trkpt>
      <trkpt lat="49.758231" lon="16.071714">
      </trkpt>
      <trkpt lat="49.757728" lon="16.074316">
      </trkpt>
      <trkpt lat="49.757693" lon="16.074764">
      </trkpt>
      <trkpt lat="49.754598" lon="16.079185">
      </trkpt>
      <trkpt lat="49.753044" lon="16.082127">
      </trkpt>
      <trkpt lat="49.753539" lon="16.086455">
      </trkpt>
      <trkpt lat="49.752975" lon="16.08809">
      </trkpt>
      <trkpt lat="49.75266" lon="16.088838">
      </trkpt>
      <trkpt lat="49.750793" lon="16.09166">
      </trkpt>
      <trkpt lat="49.750118" lon="16.093196">
      </trkpt>
      <trkpt lat="49.745027" lon="16.098882">
      </trkpt>
      <trkpt lat="49.740504" lon="16.097772">
      </trkpt>
      <trkpt lat="49.74001" lon="16.097752">
      </trkpt>
      <trkpt lat="49.738837" lon="16.097634">
      </trkpt>
      <trkpt lat="49.73822" lon="16.101181">
      </trkpt>
      <trkpt lat="49.736348" lon="16.107531">
      </trkpt>
      <trkpt lat="49.736282" lon="16.108339">
      </trkpt>
      <trkpt lat="49.736328" lon="16.108805">
      </trkpt>
      <trkpt lat="49.736449" lon="16.10935">
      </trkpt>
      <trkpt lat="49.736928" lon="16.110735">
      </trkpt>
      <trkpt lat="49.740315" lon="16.110073">
      </trkpt>
      <trkpt lat="49.743764" lon="16.111103">
      </trkpt>
      <trkpt lat="49.745881" lon="16.113017">
      </trkpt>
      <trkpt lat="49.747559" lon="16.114943">
      </trkpt>
      <trkpt lat="49.752205" lon="16.120271">
      </trkpt>
      <trkpt lat="49.745271" lon="16.124407">
      </trkpt>
      <trkpt lat="49.73722" lon="16.121166">
      </trkpt>
      <trkpt lat="49.733932" lon="16.119699">
      </trkpt>
      <trkpt lat="49.730878" lon="16.124551">
      </trkpt>
      <trkpt lat="49.730481" lon="16.127361">
      </trkpt>
      <trkpt lat="49.734187" lon="16.13423">
      </trkpt>
      <trkpt lat="49.733329" lon="16.136181">
      </trkpt>
      <trkpt lat="49.732237" lon="16.138421">
      </trkpt>
      <trkpt lat="49.731836" lon="16.139448">
      </trkpt>
      <trkpt lat="49.731246" lon="16.140766">
      </trkpt>
      <trkpt lat="49.73215" lon="16.141398">
      </trkpt>
      <trkpt lat="49.734531" lon="16.142238">
      </trkpt>
      <trkpt lat="49.736733" lon="16.143339">
      </trkpt>
      <trkpt lat="49.739333" lon="16.151082">
      </trkpt>
      <trkpt lat="49.737286" lon="16.152591">
      </trkpt>
      <trkpt lat="49.735961" lon="16.155938">
      </trkpt>
      <trkpt lat="49.737375" lon="16.163841">
      </trkpt>
      <trkpt lat="49.737991" lon="16.168176">
      </trkpt>
      <trkpt lat="49.738447" lon="16.173207">
      </trkpt>
      <trkpt lat="49.738736" lon="16.175178">
      </trkpt>
      <trkpt lat="49.742298" lon="16.174655">
      </trkpt>
      <trkpt lat="49.747509" lon="16.167602">
      </trkpt>
      <trkpt lat="49.749948" lon="16.162182">
      </trkpt>
      <trkpt lat="49.756329" lon="16.16022">
      </trkpt>
      <trkpt lat="49.756429" lon="16.160141">
      </trkpt>
      <trkpt lat="49.756896" lon="16.159673">
      </trkpt>
      <trkpt lat="49.760286" lon="16.155521">
      </trkpt>
      <trkpt lat="49.759372" lon="16.15189">
      </trkpt>
      <trkpt lat="49.754839" lon="16.144948">
      </trkpt>
      <trkpt lat="49.758628" lon="16.140145">
      </trkpt>
      <trkpt lat="49.766911" lon="16.141649">
      </trkpt>
      <trkpt lat="49.77051" lon="16.141543">
      </trkpt>
      <trkpt lat="49.777464" lon="16.138811">
      </trkpt>
      <trkpt lat="49.780945" lon="16.141984">
      </trkpt>
      <trkpt lat="49.783132" lon="16.142758">
      </trkpt>
      <trkpt lat="49.789903" lon="16.147455">
      </trkpt>
      <trkpt lat="49.79349" lon="16.147754">
      </trkpt>
      <trkpt lat="49.795174" lon="16.155715">
      </trkpt>
      <trkpt lat="49.793247" lon="16.157264">
      </trkpt>
      <trkpt lat="49.790095" lon="16.158309">
      </trkpt>
      <trkpt lat="49.789071" lon="16.15978">
      </trkpt>
      <trkpt lat="49.788834" lon="16.160168">
      </trkpt>
      <trkpt lat="49.789097" lon="16.160727">
      </trkpt>
      <trkpt lat="49.790448" lon="16.163106">
      </trkpt>
      <trkpt lat="49.793125" lon="16.170477">
      </trkpt>
      <trkpt lat="49.790894" lon="16.177031">
      </trkpt>
      <trkpt lat="49.791031" lon="16.177687">
      </trkpt>
      <trkpt lat="49.79159" lon="16.178683">
      </trkpt>
      <trkpt lat="49.793966" lon="16.183545">
      </trkpt>
      <trkpt lat="49.793745" lon="16.188618">
      </trkpt>
      <trkpt lat="49.792869" lon="16.195754">
      </trkpt>
      <trkpt lat="49.793064" lon="16.198678">
      </trkpt>
      <trkpt lat="49.793114" lon="16.199345">
      </trkpt>
      <trkpt lat="49.793965" lon="16.199394">
      </trkpt>
      <trkpt lat="49.800982" lon="16.203994">
      </trkpt>
      <trkpt lat="49.803893" lon="16.204516">
      </trkpt>
      <trkpt lat="49.804023" lon="16.204356">
      </trkpt>
      <trkpt lat="49.804425" lon="16.202943">
      </trkpt>
      <trkpt lat="49.804636" lon="16.202109">
      </trkpt>
      <trkpt lat="49.803202" lon="16.197993">
      </trkpt>
      <trkpt lat="49.803151" lon="16.197805">
      </trkpt>
      <trkpt lat="49.803131" lon="16.197758">
      </trkpt>
      <trkpt lat="49.802586" lon="16.19591">
      </trkpt>
      <trkpt lat="49.802522" lon="16.19581">
      </trkpt>
      <trkpt lat="49.801731" lon="16.194193">
      </trkpt>
      <trkpt lat="49.800971" lon="16.192687">
      </trkpt>
      <trkpt lat="49.799462" lon="16.186724">
      </trkpt>
      <trkpt lat="49.799398" lon="16.185349">
      </trkpt>
      <trkpt lat="49.799851" lon="16.182571">
      </trkpt>
      <trkpt lat="49.808822" lon="16.183072">
      </trkpt>
      <trkpt lat="49.811194" lon="16.185781">
      </trkpt>
      <trkpt lat="49.81869" lon="16.189007">
      </trkpt>
      <trkpt lat="49.818438" lon="16.193584">
      </trkpt>
      <trkpt lat="49.817923" lon="16.194441">
      </trkpt>
      <trkpt lat="49.816524" lon="16.196158">
      </trkpt>
      <trkpt lat="49.815398" lon="16.197876">
      </trkpt>
      <trkpt lat="49.818409" lon="16.199849">
      </trkpt>
      <trkpt lat="49.822713" lon="16.206597">
      </trkpt>
      <trkpt lat="49.821531" lon="16.208843">
      </trkpt>
      <trkpt lat="49.824716" lon="16.21052">
      </trkpt>
      <trkpt lat="49.831604" lon="16.213636">
      </trkpt>
      <trkpt lat="49.832745" lon="16.215552">
      </trkpt>
      <trkpt lat="49.833239" lon="16.221079">
      </trkpt>
      <trkpt lat="49.827408" lon="16.224292">
      </trkpt>
      <trkpt lat="49.826819" lon="16.2243">
      </trkpt>
      <trkpt lat="49.825263" lon="16.224138">
      </trkpt>
      <trkpt lat="49.823751" lon="16.224568">
      </trkpt>
      <trkpt lat="49.820183" lon="16.225431">
      </trkpt>
      <trkpt lat="49.817552" lon="16.227889">
      </trkpt>
      <trkpt lat="49.818438" lon="16.228837">
      </trkpt>
      <trkpt lat="49.820117" lon="16.229636">
      </trkpt>
      <trkpt lat="49.820893" lon="16.229807">
      </trkpt>
      <trkpt lat="49.822636" lon="16.229304">
      </trkpt>
      <trkpt lat="49.827862" lon="16.235595">
      </trkpt>
      <trkpt lat="49.827134" lon="16.237561">
      </trkpt>
      <trkpt lat="49.827022" lon="16.238219">
      </trkpt>
      <trkpt lat="49.827032" lon="16.238806">
      </trkpt>
      <trkpt lat="49.824538" lon="16.245168">
      </trkpt>
      <trkpt lat="49.823777" lon="16.245943">
      </trkpt>
      <trkpt lat="49.820029" lon="16.248084">
      </trkpt>
      <trkpt lat="49.819257" lon="16.249208">
      </trkpt>
      <trkpt lat="49.820408" lon="16.251664">
      </trkpt>
      <trkpt lat="49.821329" lon="16.252003">
      </trkpt>
      <trkpt lat="49.825416" lon="16.253743">
      </trkpt>
      <trkpt lat="49.829994" lon="16.259877">
      </trkpt>
      <trkpt lat="49.83268" lon="16.260886">
      </trkpt>
      <trkpt lat="49.832781" lon="16.260812">
      </trkpt>
      <trkpt lat="49.841485" lon="16.260825">
      </trkpt>
      <trkpt lat="49.843437" lon="16.265216">
      </trkpt>
      <trkpt lat="49.845295" lon="16.27217">
      </trkpt>
      <trkpt lat="49.843651" lon="16.274545">
      </trkpt>
      <trkpt lat="49.837535" lon="16.278063">
      </trkpt>
      <trkpt lat="49.837406" lon="16.278228">
      </trkpt>
      <trkpt lat="49.83682" lon="16.278973">
      </trkpt>
      <trkpt lat="49.836915" lon="16.279338">
      </trkpt>
      <trkpt lat="49.837136" lon="16.279962">
      </trkpt>
      <trkpt lat="49.837891" lon="16.281491">
      </trkpt>
      <trkpt lat="49.837993" lon="16.281619">
      </trkpt>
      <trkpt lat="49.838315" lon="16.281956">
      </trkpt>
      <trkpt lat="49.842278" lon="16.286669">
      </trkpt>
      <trkpt lat="49.843088" lon="16.28754">
      </trkpt>
      <trkpt lat="49.844501" lon="16.288083">
      </trkpt>
      <trkpt lat="49.846533" lon="16.285111">
      </trkpt>
      <trkpt lat="49.850621" lon="16.28238">
      </trkpt>
      <trkpt lat="49.857506" lon="16.282707">
      </trkpt>
      <trkpt lat="49.860231" lon="16.28506">
      </trkpt>
      <trkpt lat="49.861067" lon="16.284091">
      </trkpt>
      <trkpt lat="49.862472" lon="16.282522">
      </trkpt>
      <trkpt lat="49.87006" lon="16.281795">
      </trkpt>
      <trkpt lat="49.873647" lon="16.282098">
      </trkpt>
      <trkpt lat="49.880599" lon="16.287574">
      </trkpt>
      <trkpt lat="49.880055" lon="16.289435">
      </trkpt>
      <trkpt lat="49.87338" lon="16.292385">
      </trkpt>
      <trkpt lat="49.872655" lon="16.294721">
      </trkpt>
      <trkpt lat="49.872352" lon="16.296129">
      </trkpt>
      <trkpt lat="49.872282" lon="16.296581">
      </trkpt>
      <trkpt lat="49.872259" lon="16.296967">
      </trkpt>
      <trkpt lat="49.869478" lon="16.301488">
      </trkpt>
      <trkpt lat="49.862571" lon="16.298923">
      </trkpt>
      <trkpt lat="49.860315" lon="16.296534">
      </trkpt>
      <trkpt lat="49.855854" lon="16.293539">
      </trkpt>
      <trkpt lat="49.852466" lon="16.294756">
      </trkpt>
      <trkpt lat="49.852472" lon="16.294773">
      </trkpt>
      <trkpt lat="49.852812" lon="16.295771">
      </trkpt>
      <trkpt lat="49.853135" lon="16.296432">
      </trkpt>
      <trkpt lat="49.853953" lon="16.297992">
      </trkpt>
      <trkpt lat="49.854341" lon="16.298377">
      </trkpt>
      <trkpt lat="49.855313" lon="16.299015">
      </trkpt>
      <trkpt lat="49.857435" lon="16.301273">
      </trkpt>
      <trkpt lat="49.857572" lon="16.301494">
      </trkpt>
      <trkpt lat="49.858232" lon="16.302841">
      </trkpt>
      <trkpt lat="49.858655" lon="16.303625">
      </trkpt>
      <trkpt lat="49.859753" lon="16.30528">
      </trkpt>
      <trkpt lat="49.855093" lon="16.31296">
      </trkpt>
      <trkpt lat="49.854281" lon="16.312787">
      </trkpt>
      <trkpt lat="49.853992" lon="16.312702">
      </trkpt>
      <trkpt lat="49.851928" lon="16.314412">
      </trkpt>
      <trkpt lat="49.852001" lon="16.314825">
      </trkpt>
      <trkpt lat="49.852977" lon="16.316155">
      </trkpt>
      <trkpt lat="49.853266" lon="16.31624">
      </trkpt>
      <trkpt lat="49.854322" lon="16.316477">
      </trkpt>
      <trkpt lat="49.861078" lon="16.322094">
      </trkpt>
      <trkpt lat="49.861198" lon="16.322291">
      </trkpt>
      <trkpt lat="49.863396" lon="16.323772">
      </trkpt>
      <trkpt lat="49.867947" lon="16.324811">
      </trkpt>
      <trkpt lat="49.874022" lon="16.322522">
      </trkpt>
      <trkpt lat="49.882151" lon="16.322901">
      </trkpt>
      <trkpt lat="49.884599" lon="16.320261">
      </trkpt>
      <trkpt lat="49.883599" lon="16.319124">
      </trkpt>
      <trkpt lat="49.881858" lon="16.310495">
      </trkpt>
      <trkpt lat="49.882289" lon="16.308354">
      </trkpt>
      <trkpt lat="49.882539" lon="16.307791">
      </trkpt>
      <trkpt lat="49.882674" lon="16.307312">
      </trkpt>
      <trkpt lat="49.890692" lon="16.304331">
      </trkpt>
      <trkpt lat="49.891775" lon="16.306952">
      </trkpt>
      <trkpt lat="49.892362" lon="16.307017">
      </trkpt>
      <trkpt lat="49.89507" lon="16.306905">
      </trkpt>
      <trkpt lat="49.900417" lon="16.308412">
      </trkpt>
      <trkpt lat="49.901277" lon="16.308183">
      </trkpt>
      <trkpt lat="49.902048" lon="16.30762">
      </trkpt>
      <trkpt lat="49.902537" lon="16.306969">
      </trkpt>
      <trkpt lat="49.907445" lon="16.302976">
      </trkpt>
      <trkpt lat="49.907454" lon="16.302266">
      </trkpt>
      <trkpt lat="49.907543" lon="16.300851">
      </trkpt>
      <trkpt lat="49.907766" lon="16.299441">
      </trkpt>
      <trkpt lat="49.90781" lon="16.298876">
      </trkpt>
      <trkpt lat="49.907849" lon="16.297676">
      </trkpt>
      <trkpt lat="49.907891" lon="16.295558">
      </trkpt>
      <trkpt lat="49.914202" lon="16.291152">
      </trkpt>
      <trkpt lat="49.917834" lon="16.292835">
      </trkpt>
      <trkpt lat="49.92123" lon="16.300866">
      </trkpt>
      <trkpt lat="49.920448" lon="16.302156">
      </trkpt>
      <trkpt lat="49.92001" lon="16.303099">
      </trkpt>
      <trkpt lat="49.918491" lon="16.306377">
      </trkpt>
      <trkpt lat="49.917821" lon="16.30865">
      </trkpt>
      <trkpt lat="49.917827" lon="16.308963">
      </trkpt>
      <trkpt lat="49.917744" lon="16.310309">
      </trkpt>
      <trkpt lat="49.91779" lon="16.310919">
      </trkpt>
      <trkpt lat="49.917902" lon="16.311499">
      </trkpt>
      <trkpt lat="49.918196" lon="16.312485">
      </trkpt>
      <trkpt lat="49.918362" lon="16.312845">
      </trkpt>
      <trkpt lat="49.919054" lon="16.319831">
      </trkpt>
      <trkpt lat="49.916284" lon="16.323199">
      </trkpt>
      <trkpt lat="49.916004" lon="16.326788">
      </trkpt>
      <trkpt lat="49.919684" lon="16.334456">
      </trkpt>
      <trkpt lat="49.919636" lon="16.338164">
      </trkpt>
      <trkpt lat="49.923156" lon="16.338919">
      </trkpt>
      <trkpt lat="49.9235" lon="16.337315">
      </trkpt>
      <trkpt lat="49.923623" lon="16.336493">
      </trkpt>
      <trkpt lat="49.923629" lon="16.335948">
      </trkpt>
      <trkpt lat="49.923759" lon="16.334069">
      </trkpt>
      <trkpt lat="49.923648" lon="16.333415">
      </trkpt>
      <trkpt lat="49.923458" lon="16.332787">
      </trkpt>
      <trkpt lat="49.92321" lon="16.331909">
      </trkpt>
      <trkpt lat="49.922829" lon="16.328976">
      </trkpt>
      <trkpt lat="49.922778" lon="16.326785">
      </trkpt>
      <trkpt lat="49.922036" lon="16.323331">
      </trkpt>
      <trkpt lat="49.922588" lon="16.320515">
      </trkpt>
      <trkpt lat="49.929426" lon="16.317204">
      </trkpt>
      <trkpt lat="49.931635" lon="16.31855">
      </trkpt>
      <trkpt lat="49.933883" lon="16.321339">
      </trkpt>
      <trkpt lat="49.940798" lon="16.3267">
      </trkpt>
      <trkpt lat="49.940874" lon="16.328018">
      </trkpt>
      <trkpt lat="49.948221" lon="16.333121">
      </trkpt>
      <trkpt lat="49.948318" lon="16.334594">
      </trkpt>
      <trkpt lat="49.949075" lon="16.336408">
      </trkpt>
      <trkpt lat="49.952588" lon="16.337191">
      </trkpt>
      <trkpt lat="49.952724" lon="16.336581">
      </trkpt>
      <trkpt lat="49.952779" lon="16.335819">
      </trkpt>
      <trkpt lat="49.952221" lon="16.334197">
      </trkpt>
      <trkpt lat="49.952335" lon="16.331434">
      </trkpt>
      <trkpt lat="49.960733" lon="16.328871">
      </trkpt>
      <trkpt lat="49.963335" lon="16.333605">
      </trkpt>
      <trkpt lat="49.963353" lon="16.334092">
      </trkpt>
      <trkpt lat="49.963986" lon="16.33549">
      </trkpt>
      <trkpt lat="49.964122" lon="16.335755">
      </trkpt>
      <trkpt lat="49.96435" lon="16.33611">
      </trkpt>
      <trkpt lat="49.965942" lon="16.340712">
      </trkpt>
      <trkpt lat="49.969521" lon="16.341101">
      </trkpt>
      <trkpt lat="49.97031" lon="16.340678">
      </trkpt>
      <trkpt lat="49.970651" lon="16.340496">
      </trkpt>
      <trkpt lat="49.972037" lon="16.337407">
      </trkpt>
      <trkpt lat="49.972304" lon="16.336963">
      </trkpt>
      <trkpt lat="49.971434" lon="16.335117">
      </trkpt>
      <trkpt lat="49.971214" lon="16.335005">
      </trkpt>
      <trkpt lat="49.971071" lon="16.33494">
      </trkpt>
      <trkpt lat="49.970862" lon="16.334856">
      </trkpt>
      <trkpt lat="49.967369" lon="16.330074">
      </trkpt>
      <trkpt lat="49.967223" lon="16.329264">
      </trkpt>
      <trkpt lat="49.96747" lon="16.32532">
      </trkpt>
      <trkpt lat="49.96899" lon="16.322658">
      </trkpt>
      <trkpt lat="49.977478" lon="16.32388">
      </trkpt>
      <trkpt lat="49.977597" lon="16.326792">
      </trkpt>
      <trkpt lat="49.98161" lon="16.328131">
      </trkpt>
      <trkpt lat="49.984334" lon="16.330484">
      </trkpt>
      <trkpt lat="49.989874" lon="16.327465">
      </trkpt>
      <trkpt lat="49.990559" lon="16.326887">
      </trkpt>
      <trkpt lat="49.990918" lon="16.326115">
      </trkpt>
      <trkpt lat="49.990984" lon="16.325608">
      </trkpt>
      <trkpt lat="49.990935" lon="16.324909">
      </trkpt>
      <trkpt lat="49.990817" lon="16.32438">
      </trkpt>
      <trkpt lat="49.990439" lon="16.322869">
      </trkpt>
      <trkpt lat="49.990361" lon="16.315959">
      </trkpt>
      <trkpt lat="49.990499" lon="16.315587">
      </trkpt>
      <trkpt lat="49.998661" lon="16.31216">
      </trkpt>
      <trkpt lat="50.001943" lon="16.315708">
      </trkpt>
      <trkpt lat="50.002377" lon="16.316707">
      </trkpt>
      <trkpt lat="50.002773" lon="16.317533">
      </trkpt>
      <trkpt lat="50.003168" lon="16.318083">
      </trkpt>
      <trkpt lat="50.004514" lon="16.316888">
      </trkpt>
      <trkpt lat="50.006019" lon="16.315977">
      </trkpt>
      <trkpt lat="50.009825" lon="16.311587">
      </trkpt>
      <trkpt lat="50.011232" lon="16.311001">
      </trkpt>
      <trkpt lat="50.018474" lon="16.31525">
      </trkpt>
      <trkpt lat="50.016362" lon="16.318966">
      </trkpt>
      <trkpt lat="50.016798" lon="16.321905">
      </trkpt>
      <trkpt lat="50.017235" lon="16.324843">
      </trkpt>
      <trkpt lat="50.017427" lon="16.326002">
      </trkpt>
      <trkpt lat="50.017585" lon="16.326726">
      </trkpt>
      <trkpt lat="50.017669" lon="16.32873">
      </trkpt>
      <trkpt lat="50.011189" lon="16.33408">
      </trkpt>
      <trkpt lat="50.007643" lon="16.334702">
      </trkpt>
      <trkpt lat="50.005272" lon="16.340264">
      </trkpt>
      <trkpt lat="50.005088" lon="16.342468">
      </trkpt>
      <trkpt lat="50.005185" lon="16.342592">
      </trkpt>
      <trkpt lat="50.005844" lon="16.343117">
      </trkpt>
      <trkpt lat="50.005972" lon="16.343188">
      </trkpt>
      <trkpt lat="50.00772" lon="16.342904">
      </trkpt>
      <trkpt lat="50.015419" lon="16.345594">
      </trkpt>
      <trkpt lat="50.016999" lon="16.348829">
      </trkpt>
      <trkpt lat="50.018157" lon="16.35276">
      </trkpt>
      <trkpt lat="50.018224" lon="16.353575">
      </trkpt>
      <trkpt lat="50.018431" lon="16.3544">
      </trkpt>
      <trkpt lat="50.01881" lon="16.355094">
      </trkpt>
      <trkpt lat="50.022318" lon="16.36198">
      </trkpt>
      <trkpt lat="50.022661" lon="16.364018">
      </trkpt>
      <trkpt lat="50.022814" lon="16.364636">
      </trkpt>
      <trkpt lat="50.023017" lon="16.365143">
      </trkpt>
      <trkpt lat="50.02437" lon="16.368105">
      </trkpt>
      <trkpt lat="50.027777" lon="16.366943">
      </trkpt>
      <trkpt lat="50.027575" lon="16.366351">
      </trkpt>
      <trkpt lat="50.025768" lon="16.360871">
      </trkpt>
      <trkpt lat="50.025076" lon="16.358346">
      </trkpt>
      <trkpt lat="50.024709" lon="16.356925">
      </trkpt>
      <trkpt lat="50.02455" lon="16.356438">
      </trkpt>
      <trkpt lat="50.024141" lon="16.35567">
      </trkpt>
      <trkpt lat="50.023858" lon="16.355246">
      </trkpt>
      <trkpt lat="50.021737" lon="16.351044">
      </trkpt>
      <trkpt lat="50.021574" lon="16.349875">
      </trkpt>
      <trkpt lat="50.021487" lon="16.349433">
      </trkpt>
      <trkpt lat="50.02589" lon="16.341964">
      </trkpt>
      <trkpt lat="50.028174" lon="16.338569">
      </trkpt>
      <trkpt lat="50.028355" lon="16.334973">
      </trkpt>
      <trkpt lat="50.031064" lon="16.329583">
      </trkpt>
      <trkpt lat="50.034427" lon="16.328298">
      </trkpt>
      <trkpt lat="50.034241" lon="16.327451">
      </trkpt>
      <trkpt lat="50.034056" lon="16.325958">
      </trkpt>
      <trkpt lat="50.033997" lon="16.324842">
      </trkpt>
      <trkpt lat="50.033787" lon="16.323471">
      </trkpt>
      <trkpt lat="50.037577" lon="16.316555">
      </trkpt>
      <trkpt lat="50.041093" lon="16.31578">
      </trkpt>
      <trkpt lat="50.040498" lon="16.313083">
      </trkpt>
      <trkpt lat="50.039903" lon="16.310387">
      </trkpt>
      <trkpt lat="50.039927" lon="16.307387">
      </trkpt>
      <trkpt lat="50.045256" lon="16.300288">
      </trkpt>
      <trkpt lat="50.048807" lon="16.300878">
      </trkpt>
      <trkpt lat="50.053365" lon="16.301961">
      </trkpt>
      <trkpt lat="50.054133" lon="16.302406">
      </trkpt>
      <trkpt lat="50.054555" lon="16.302538">
      </trkpt>
      <trkpt lat="50.05579" lon="16.299327">
      </trkpt>
      <trkpt lat="50.055795" lon="16.299256">
      </trkpt>
      <trkpt lat="50.055608" lon="16.298814">
      </trkpt>
      <trkpt lat="50.054422" lon="16.296874">
      </trkpt>
      <trkpt lat="50.054219" lon="16.29655">
      </trkpt>
      <trkpt lat="50.052149" lon="16.289706">
      </trkpt>
      <trkpt lat="50.05955" lon="16.285432">
      </trkpt>
      <trkpt lat="50.067258" lon="16.28683">
      </trkpt>
      <trkpt lat="50.068984" lon="16.289204">
      </trkpt>
      <trkpt lat="50.073256" lon="16.28959">
      </trkpt>
      <trkpt lat="50.079732" lon="16.290771">
      </trkpt>
      <trkpt lat="50.081517" lon="16.294739">
      </trkpt>
      <trkpt lat="50.081736" lon="16.295423">
      </trkpt>
      <trkpt lat="50.078505" lon="16.303532">
      </trkpt>
      <trkpt lat="50.077462" lon="16.303659">
      </trkpt>
      <trkpt lat="50.077896" lon="16.307233">
      </trkpt>
      <trkpt lat="50.079227" lon="16.309756">
      </trkpt>
      <trkpt lat="50.081171" lon="16.311387">
      </trkpt>
      <trkpt lat="50.082247" lon="16.311963">
      </trkpt>
      <trkpt lat="50.082409" lon="16.311972">
      </trkpt>
      <trkpt lat="50.090965" lon="16.314256">
      </trkpt>
      <trkpt lat="50.094552" lon="16.314555">
      </trkpt>
      <trkpt lat="50.094685" lon="16.312957">
      </trkpt>
      <trkpt lat="50.094933" lon="16.310958">
      </trkpt>
      <trkpt lat="50.094953" lon="16.310326">
      </trkpt>
      <trkpt lat="50.094967" lon="16.309737">
      </trkpt>
      <trkpt lat="50.094867" lon="16.308791">
      </trkpt>
      <trkpt lat="50.101864" lon="16.303601">
      </trkpt>
      <trkpt lat="50.104346" lon="16.300993">
      </trkpt>
      <trkpt lat="50.10631" lon="16.295384">
      </trkpt>
      <trkpt lat="50.106794" lon="16.295037">
      </trkpt>
      <trkpt lat="50.112039" lon="16.294622">
      </trkpt>
      <trkpt lat="50.115365" lon="16.299187">
      </trkpt>
      <trkpt lat="50.117333" lon="16.304339">
      </trkpt>
      <trkpt lat="50.117294" lon="16.305393">
      </trkpt>
      <trkpt lat="50.117332" lon="16.307412">
      </trkpt>
      <trkpt lat="50.117061" lon="16.308869">
      </trkpt>
      <trkpt lat="50.116895" lon="16.309379">
      </trkpt>
      <trkpt lat="50.116829" lon="16.309725">
      </trkpt>
      <trkpt lat="50.119159" lon="16.313791">
      </trkpt>
      <trkpt lat="50.119344" lon="16.314306">
      </trkpt>
      <trkpt lat="50.119542" lon="16.314754">
      </trkpt>
      <trkpt lat="50.120216" lon="16.316125">
      </trkpt>
      <trkpt lat="50.123447" lon="16.314538">
      </trkpt>
      <trkpt lat="50.122477" lon="16.309236">
      </trkpt>
      <trkpt lat="50.12244" lon="16.308466">
      </trkpt>
      <trkpt lat="50.120995" lon="16.303774">
      </trkpt>
      <trkpt lat="50.122582" lon="16.299007">
      </trkpt>
      <trkpt lat="50.124432" lon="16.296044">
      </trkpt>
      <trkpt lat="50.131324" lon="16.292923">
      </trkpt>
      <trkpt lat="50.134916" lon="16.293158">
      </trkpt>
      <trkpt lat="50.138604" lon="16.287481">
      </trkpt>
      <trkpt lat="50.145164" lon="16.287272">
      </trkpt>
      <trkpt lat="50.145587" lon="16.287481">
      </trkpt>
      <trkpt lat="50.149025" lon="16.289445">
      </trkpt>
      <trkpt lat="50.152412" lon="16.290664">
      </trkpt>
      <trkpt lat="50.160958" lon="16.291561">
      </trkpt>
      <trkpt lat="50.161389" lon="16.292155">
      </trkpt>
      <trkpt lat="50.162125" lon="16.293545">
      </trkpt>
      <trkpt lat="50.162438" lon="16.294343">
      </trkpt>
      <trkpt lat="50.162669" lon="16.295045">
      </trkpt>
      <trkpt lat="50.16278" lon="16.295447">
      </trkpt>
      <trkpt lat="50.162902" lon="16.295967">
      </trkpt>
      <trkpt lat="50.163021" lon="16.296577">
      </trkpt>
      <trkpt lat="50.166555" lon="16.295892">
      </trkpt>
      <trkpt lat="50.166436" lon="16.295281">
      </trkpt>
      <trkpt lat="50.166286" lon="16.294629">
      </trkpt>
      <trkpt lat="50.165849" lon="16.290656">
      </trkpt>
      <trkpt lat="50.165468" lon="16.290217">
      </trkpt>
      <trkpt lat="50.163933" lon="16.288213">
      </trkpt>
      <trkpt lat="50.16387" lon="16.282808">
      </trkpt>
      <trkpt lat="50.170826" lon="16.279737">
      </trkpt>
      <trkpt lat="50.17091" lon="16.279759">
      </trkpt>
      <trkpt lat="50.171542" lon="16.279806">
      </trkpt>
      <trkpt lat="50.171687" lon="16.279728">
      </trkpt>
      <trkpt lat="50.172894" lon="16.278825">
      </trkpt>
      <trkpt lat="50.172951" lon="16.278689">
      </trkpt>
      <trkpt lat="50.172639" lon="16.278055">
      </trkpt>
      <trkpt lat="50.171836" lon="16.276281">
      </trkpt>
      <trkpt lat="50.171588" lon="16.27183">
      </trkpt>
      <trkpt lat="50.178431" lon="16.268828">
      </trkpt>
      <trkpt lat="50.183157" lon="16.267962">
      </trkpt>
      <trkpt lat="50.1855" lon="16.267055">
      </trkpt>
      <trkpt lat="50.186327" lon="16.266254">
      </trkpt>
      <trkpt lat="50.187798" lon="16.264287">
      </trkpt>
      <trkpt lat="50.188435" lon="16.255477">
      </trkpt>
      <trkpt lat="50.191358" lon="16.25388">
      </trkpt>
      <trkpt lat="50.196537" lon="16.253851">
      </trkpt>
      <trkpt lat="50.20513" lon="16.253096">
      </trkpt>
      <trkpt lat="50.207973" lon="16.25336">
      </trkpt>
      <trkpt lat="50.208035" lon="16.253285">
      </trkpt>
      <trkpt lat="50.210219" lon="16.248938">
      </trkpt>
      <trkpt lat="50.210156" lon="16.248771">
      </trkpt>
      <trkpt lat="50.209034" lon="16.245902">
      </trkpt>
      <trkpt lat="50.20836" lon="16.242679">
      </trkpt>
      <trkpt lat="50.208741" lon="16.23637">
      </trkpt>
      <trkpt lat="50.20871" lon="16.236177">
      </trkpt>
      <trkpt lat="50.207932" lon="16.233197">
      </trkpt>
      <trkpt lat="50.204366" lon="16.232702">
      </trkpt>
      <trkpt lat="50.199228" lon="16.228531">
      </trkpt>
      <trkpt lat="50.198492" lon="16.227305">
      </trkpt>
      <trkpt lat="50.198124" lon="16.226725">
      </trkpt>
      <trkpt lat="50.197319" lon="16.225707">
      </trkpt>
      <trkpt lat="50.196969" lon="16.217238">
      </trkpt>
      <trkpt lat="50.202814" lon="16.212396">
      </trkpt>
      <trkpt lat="50.208301" lon="16.212292">
      </trkpt>
      <trkpt lat="50.211142" lon="16.212195">
      </trkpt>
      <trkpt lat="50.211325" lon="16.211686">
      </trkpt>
      <trkpt lat="50.212098" lon="16.206909">
      </trkpt>
      <trkpt lat="50.21229" lon="16.205669">
      </trkpt>
      <trkpt lat="50.212672" lon="16.203594">
      </trkpt>
      <trkpt lat="50.213078" lon="16.201374">
      </trkpt>
      <trkpt lat="50.213504" lon="16.1981">
      </trkpt>
      <trkpt lat="50.212521" lon="16.190294">
      </trkpt>
      <trkpt lat="50.212532" lon="16.189262">
      </trkpt>
      <trkpt lat="50.212513" lon="16.188451">
      </trkpt>
      <trkpt lat="50.212514" lon="16.18842">
      </trkpt>
      <trkpt lat="50.212539" lon="16.187521">
      </trkpt>
      <trkpt lat="50.212549" lon="16.186336">
      </trkpt>
      <trkpt lat="50.219425" lon="16.181717">
      </trkpt>
      <trkpt lat="50.222692" lon="16.183229">
      </trkpt>
      <trkpt lat="50.223612" lon="16.181242">
      </trkpt>
      <trkpt lat="50.223781" lon="16.180784">
      </trkpt>
      <trkpt lat="50.223925" lon="16.180089">
      </trkpt>
      <trkpt lat="50.224142" lon="16.176732">
      </trkpt>
      <trkpt lat="50.224218" lon="16.176357">
      </trkpt>
      <trkpt lat="50.225125" lon="16.173545">
      </trkpt>
      <trkpt lat="50.229809" lon="16.169181">
      </trkpt>
      <trkpt lat="50.22994" lon="16.169113">
      </trkpt>
      <trkpt lat="50.230191" lon="16.168791">
      </trkpt>
      <trkpt lat="50.230776" lon="16.167223">
      </trkpt>
      <trkpt lat="50.230647" lon="16.166905">
      </trkpt>
      <trkpt lat="50.228281" lon="16.165918">
      </trkpt>
      <trkpt lat="50.22815" lon="16.165986">
      </trkpt>
      <trkpt lat="50.221994" lon="16.165829">
      </trkpt>
      <trkpt lat="50.221744" lon="16.159662">
      </trkpt>
      <trkpt lat="50.222769" lon="16.156211">
      </trkpt>
      <trkpt lat="50.220478" lon="16.154968">
      </trkpt>
      <trkpt lat="50.219467" lon="16.154496">
      </trkpt>
      <trkpt lat="50.218955" lon="16.154351">
      </trkpt>
      <trkpt lat="50.218397" lon="16.154295">
      </trkpt>
      <trkpt lat="50.21163" lon="16.149492">
      </trkpt>
      <trkpt lat="50.212606" lon="16.146983">
      </trkpt>
      <trkpt lat="50.213407" lon="16.144788">
      </trkpt>
      <trkpt lat="50.213491" lon="16.14441">
      </trkpt>
      <trkpt lat="50.21356" lon="16.14393">
      </trkpt>
      <trkpt lat="50.216216" lon="16.138931">
      </trkpt>
      <trkpt lat="50.221136" lon="16.136952">
      </trkpt>
      <trkpt lat="50.221544" lon="16.136726">
      </trkpt>
      <trkpt lat="50.222053" lon="16.136323">
      </trkpt>
      <trkpt lat="50.224481" lon="16.134492">
      </trkpt>
      <trkpt lat="50.232085" lon="16.137866">
      </trkpt>
      <trkpt lat="50.237704" lon="16.143073">
      </trkpt>
      <trkpt lat="50.238282" lon="16.143983">
      </trkpt>
      <trkpt lat="50.238513" lon="16.144408">
      </trkpt>
      <trkpt lat="50.239797" lon="16.148073">
      </trkpt>
      <trkpt lat="50.239975" lon="16.148802">
      </trkpt>
      <trkpt lat="50.240729" lon="16.152586">
      </trkpt>
      <trkpt lat="50.24078" lon="16.153563">
      </trkpt>
      <trkpt lat="50.241061" lon="16.155564">
      </trkpt>
      <trkpt lat="50.244626" lon="16.155063">
      </trkpt>
      <trkpt lat="50.244408" lon="16.150751">
      </trkpt>
      <trkpt lat="50.244402" lon="16.149978">
      </trkpt>
      <trkpt lat="50.244239" lon="16.149142">
      </trkpt>
      <trkpt lat="50.244109" lon="16.148766">
      </trkpt>
      <trkpt lat="50.243912" lon="16.148333">
      </trkpt>
      <trkpt lat="50.243299" lon="16.147241">
      </trkpt>
      <trkpt lat="50.241855" lon="16.143069">
      </trkpt>
      <trkpt lat="50.244769" lon="16.135067">
      </trkpt>
      <trkpt lat="50.245029" lon="16.133645">
      </trkpt>
      <trkpt lat="50.245209" lon="16.132901">
      </trkpt>
      <trkpt lat="50.253412" lon="16.129688">
      </trkpt>
      <trkpt lat="50.256508" lon="16.12785">
      </trkpt>
      <trkpt lat="50.255968" lon="16.126941">
      </trkpt>
      <trkpt lat="50.255622" lon="16.126501">
      </trkpt>
      <trkpt lat="50.255297" lon="16.126203">
      </trkpt>
      <trkpt lat="50.253246" lon="16.125429">
      </trkpt>
      <trkpt lat="50.252452" lon="16.125277">
      </trkpt>
      <trkpt lat="50.251065" lon="16.12518">
      </trkpt>
      <trkpt lat="50.244633" lon="16.122168">
      </trkpt>
      <trkpt lat="50.244071" lon="16.122051">
      </trkpt>
      <trkpt lat="50.238009" lon="16.11853">
      </trkpt>
      <trkpt lat="50.237311" lon="16.116513">
      </trkpt>
      <trkpt lat="50.23736" lon="16.113846">
      </trkpt>
      <trkpt lat="50.244814" lon="16.110078">
      </trkpt>
      <trkpt lat="50.245645" lon="16.110475">
      </trkpt>
      <trkpt lat="50.246205" lon="16.110591">
      </trkpt>
      <trkpt lat="50.246876" lon="16.110563">
      </trkpt>
      <trkpt lat="50.247545" lon="16.110369">
      </trkpt>
      <trkpt lat="50.247917" lon="16.110183">
      </trkpt>
      <trkpt lat="50.248528" lon="16.109811">
      </trkpt>
      <trkpt lat="50.249988" lon="16.108858">
      </trkpt>
      <trkpt lat="50.250028" lon="16.108829">
      </trkpt>
      <trkpt lat="50.251809" lon="16.10701">
      </trkpt>
      <trkpt lat="50.260285" lon="16.104531">
      </trkpt>
      <trkpt lat="50.260633" lon="16.104981">
      </trkpt>
      <trkpt lat="50.260985" lon="16.105348">
      </trkpt>
      <trkpt lat="50.262779" lon="16.108102">
      </trkpt>
      <trkpt lat="50.263219" lon="16.108776">
      </trkpt>
      <trkpt lat="50.26344" lon="16.109044">
      </trkpt>
      <trkpt lat="50.267251" lon="16.114435">
      </trkpt>
      <trkpt lat="50.267673" lon="16.115264">
      </trkpt>
      <trkpt lat="50.268425" lon="16.118475">
      </trkpt>
      <trkpt lat="50.268469" lon="16.125981">
      </trkpt>
      <trkpt lat="50.268416" lon="16.127163">
      </trkpt>
      <trkpt lat="50.268457" lon="16.128682">
      </trkpt>
      <trkpt lat="50.269118" lon="16.129578">
      </trkpt>
      <trkpt lat="50.269137" lon="16.1296">
      </trkpt>
      <trkpt lat="50.274774" lon="16.135164">
      </trkpt>
      <trkpt lat="50.27484" lon="16.137291">
      </trkpt>
      <trkpt lat="50.275103" lon="16.140488">
      </trkpt>
      <trkpt lat="50.275012" lon="16.141654">
      </trkpt>
      <trkpt lat="50.276886" lon="16.144564">
      </trkpt>
      <trkpt lat="50.280021" lon="16.142795">
      </trkpt>
      <trkpt lat="50.282861" lon="16.137777">
      </trkpt>
      <trkpt lat="50.28128" lon="16.134542">
      </trkpt>
      <trkpt lat="50.278472" lon="16.129063">
      </trkpt>
      <trkpt lat="50.277099" lon="16.125734">
      </trkpt>
      <trkpt lat="50.27567" lon="16.121965">
      </trkpt>
      <trkpt lat="50.275567" lon="16.120503">
      </trkpt>
      <trkpt lat="50.279057" lon="16.113398">
      </trkpt>
      <trkpt lat="50.287589" lon="16.115305">
      </trkpt>
      <trkpt lat="50.290948" lon="16.114011">
      </trkpt>
      <trkpt lat="50.299305" lon="16.113015">
      </trkpt>
      <trkpt lat="50.300743" lon="16.116399">
      </trkpt>
      <trkpt lat="50.300599" lon="16.11974">
      </trkpt>
      <trkpt lat="50.300081" lon="16.123642">
      </trkpt>
      <trkpt lat="50.299917" lon="16.124028">
      </trkpt>
      <trkpt lat="50.299565" lon="16.125095">
      </trkpt>
      <trkpt lat="50.302983" lon="16.126223">
      </trkpt>
      <trkpt lat="50.303621" lon="16.124715">
      </trkpt>
      <trkpt lat="50.303989" lon="16.123738">
      </trkpt>
      <trkpt lat="50.304087" lon="16.12317">
      </trkpt>
      <trkpt lat="50.304118" lon="16.12273">
      </trkpt>
      <trkpt lat="50.304197" lon="16.119837">
      </trkpt>
      <trkpt lat="50.30434" lon="16.116555">
      </trkpt>
      <trkpt lat="50.304421" lon="16.115368">
      </trkpt>
      <trkpt lat="50.304465" lon="16.114816">
      </trkpt>
      <trkpt lat="50.304527" lon="16.114268">
      </trkpt>
      <trkpt lat="50.304739" lon="16.11274">
      </trkpt>
      <trkpt lat="50.307469" lon="16.106063">
      </trkpt>
      <trkpt lat="50.308331" lon="16.105251">
      </trkpt>
      <trkpt lat="50.308648" lon="16.104879">
      </trkpt>
      <trkpt lat="50.308856" lon="16.104548">
      </trkpt>
      <trkpt lat="50.308985" lon="16.104265">
      </trkpt>
      <trkpt lat="50.309155" lon="16.103655">
      </trkpt>
      <trkpt lat="50.309461" lon="16.101955">
      </trkpt>
      <trkpt lat="50.309745" lon="16.100069">
      </trkpt>
      <trkpt lat="50.310009" lon="16.097097">
      </trkpt>
      <trkpt lat="50.313239" lon="16.091636">
      </trkpt>
      <trkpt lat="50.322101" lon="16.092116">
      </trkpt>
      <trkpt lat="50.324873" lon="16.096234">
      </trkpt>
      <trkpt lat="50.325435" lon="16.097457">
      </trkpt>
      <trkpt lat="50.327313" lon="16.097129">
      </trkpt>
      <trkpt lat="50.330676" lon="16.105081">
      </trkpt>
      <trkpt lat="50.329158" lon="16.106184">
      </trkpt>
      <trkpt lat="50.327382" lon="16.107587">
      </trkpt>
      <trkpt lat="50.325726" lon="16.108973">
      </trkpt>
      <trkpt lat="50.32407" lon="16.110359">
      </trkpt>
      <trkpt lat="50.32638" lon="16.11312">
      </trkpt>
      <trkpt lat="50.328036" lon="16.111734">
      </trkpt>
      <trkpt lat="50.329692" lon="16.110348">
      </trkpt>
      <trkpt lat="50.331388" lon="16.10901">
      </trkpt>
      <trkpt lat="50.33279" lon="16.107994">
      </trkpt>
      <trkpt lat="50.33425" lon="16.106935">
      </trkpt>
      <trkpt lat="50.334499" lon="16.106622">
      </trkpt>
      <trkpt lat="50.33808" lon="16.102396">
      </trkpt>
      <trkpt lat="50.339549" lon="16.101158">
      </trkpt>
      <trkpt lat="50.339228" lon="16.100505">
      </trkpt>
      <trkpt lat="50.338737" lon="16.095121">
      </trkpt>
      <trkpt lat="50.338749" lon="16.094872">
      </trkpt>
      <trkpt lat="50.338525" lon="16.094448">
      </trkpt>
      <trkpt lat="50.33725" lon="16.090814">
      </trkpt>
      <trkpt lat="50.337113" lon="16.089551">
      </trkpt>
      <trkpt lat="50.337111" lon="16.089359">
      </trkpt>
      <trkpt lat="50.337115" lon="16.088566">
      </trkpt>
      <trkpt lat="50.336896" lon="16.086717">
      </trkpt>
      <trkpt lat="50.336775" lon="16.085627">
      </trkpt>
      <trkpt lat="50.336689" lon="16.084175">
      </trkpt>
      <trkpt lat="50.336705" lon="16.083733">
      </trkpt>
      <trkpt lat="50.336897" lon="16.082237">
      </trkpt>
      <trkpt lat="50.337279" lon="16.080216">
      </trkpt>
      <trkpt lat="50.342971" lon="16.077078">
      </trkpt>
      <trkpt lat="50.347086" lon="16.082495">
      </trkpt>
      <trkpt lat="50.347942" lon="16.08512">
      </trkpt>
      <trkpt lat="50.352653" lon="16.089223">
      </trkpt>
      <trkpt lat="50.353707" lon="16.091642">
      </trkpt>
      <trkpt lat="50.353983" lon="16.092941">
      </trkpt>
      <trkpt lat="50.354439" lon="16.096674">
      </trkpt>
      <trkpt lat="50.354899" lon="16.100437">
      </trkpt>
      <trkpt lat="50.35523" lon="16.102808">
      </trkpt>
      <trkpt lat="50.355394" lon="16.103981">
      </trkpt>
      <trkpt lat="50.355524" lon="16.105119">
      </trkpt>
      <trkpt lat="50.355389" lon="16.107723">
      </trkpt>
      <trkpt lat="50.35181" lon="16.114368">
      </trkpt>
      <trkpt lat="50.351857" lon="16.115724">
      </trkpt>
      <trkpt lat="50.351851" lon="16.115879">
      </trkpt>
      <trkpt lat="50.351752" lon="16.118009">
      </trkpt>
      <trkpt lat="50.351304" lon="16.119349">
      </trkpt>
      <trkpt lat="50.342581" lon="16.11817">
      </trkpt>
      <trkpt lat="50.342459" lon="16.117815">
      </trkpt>
      <trkpt lat="50.342279" lon="16.117383">
      </trkpt>
      <trkpt lat="50.342091" lon="16.117028">
      </trkpt>
      <trkpt lat="50.340937" lon="16.123317">
      </trkpt>
      <trkpt lat="50.340944" lon="16.123625">
      </trkpt>
      <trkpt lat="50.341" lon="16.124118">
      </trkpt>
      <trkpt lat="50.341107" lon="16.124618">
      </trkpt>
      <trkpt lat="50.341209" lon="16.12495">
      </trkpt>
      <trkpt lat="50.341413" lon="16.125419">
      </trkpt>
      <trkpt lat="50.341642" lon="16.125824">
      </trkpt>
      <trkpt lat="50.341873" lon="16.126146">
      </trkpt>
      <trkpt lat="50.340776" lon="16.134554">
      </trkpt>
      <trkpt lat="50.339819" lon="16.134988">
      </trkpt>
      <trkpt lat="50.339445" lon="16.135206">
      </trkpt>
      <trkpt lat="50.338414" lon="16.135914">
      </trkpt>
      <trkpt lat="50.337661" lon="16.136517">
      </trkpt>
      <trkpt lat="50.33671" lon="16.137215">
      </trkpt>
      <trkpt lat="50.336251" lon="16.137623">
      </trkpt>
      <trkpt lat="50.338646" lon="16.140312">
      </trkpt>
      <trkpt lat="50.339105" lon="16.139903">
      </trkpt>
      <trkpt lat="50.339767" lon="16.139437">
      </trkpt>
      <trkpt lat="50.348156" lon="16.142058">
      </trkpt>
      <trkpt lat="50.345549" lon="16.148475">
      </trkpt>
      <trkpt lat="50.34447" lon="16.150074">
      </trkpt>
      <trkpt lat="50.344457" lon="16.150218">
      </trkpt>
      <trkpt lat="50.348691" lon="16.157399">
      </trkpt>
      <trkpt lat="50.35228" lon="16.157113">
      </trkpt>
      <trkpt lat="50.355476" lon="16.155246">
      </trkpt>
      <trkpt lat="50.359637" lon="16.151303">
      </trkpt>
      <trkpt lat="50.359797" lon="16.151239">
      </trkpt>
      <trkpt lat="50.367292" lon="16.154576">
      </trkpt>
      <trkpt lat="50.367631" lon="16.156065">
      </trkpt>
      <trkpt lat="50.374385" lon="16.161903">
      </trkpt>
      <trkpt lat="50.374011" lon="16.163133">
      </trkpt>
      <trkpt lat="50.373671" lon="16.164376">
      </trkpt>
      <trkpt lat="50.377143" lon="16.165327">
      </trkpt>
      <trkpt lat="50.377483" lon="16.164084">
      </trkpt>
      <trkpt lat="50.377795" lon="16.163121">
      </trkpt>
      <trkpt lat="50.3779" lon="16.162679">
      </trkpt>
      <trkpt lat="50.378168" lon="16.16173">
      </trkpt>
      <trkpt lat="50.378278" lon="16.161285">
      </trkpt>
      <trkpt lat="50.378415" lon="16.160546">
      </trkpt>
      <trkpt lat="50.378572" lon="16.160008">
      </trkpt>
      <trkpt lat="50.379278" lon="16.157433">
      </trkpt>
      <trkpt lat="50.387888" lon="16.159644">
      </trkpt>
      <trkpt lat="50.38806" lon="16.161946">
      </trkpt>
      <trkpt lat="50.388455" lon="16.163299">
      </trkpt>
      <trkpt lat="50.388625" lon="16.163745">
      </trkpt>
      <trkpt lat="50.389097" lon="16.164484">
      </trkpt>
      <trkpt lat="50.389584" lon="16.164949">
      </trkpt>
      <trkpt lat="50.390428" lon="16.165323">
      </trkpt>
      <trkpt lat="50.391129" lon="16.1654">
      </trkpt>
      <trkpt lat="50.399805" lon="16.166325">
      </trkpt>
      <trkpt lat="50.403498" lon="16.166866">
      </trkpt>
      <trkpt lat="50.40869" lon="16.167483">
      </trkpt>
      <trkpt lat="50.413665" lon="16.169501">
      </trkpt>
      <trkpt lat="50.416168" lon="16.169606">
      </trkpt>
      <trkpt lat="50.417851" lon="16.169393">
      </trkpt>
      <trkpt lat="50.417897" lon="16.168946">
      </trkpt>
      <trkpt lat="50.418347" lon="16.161574">
      </trkpt>
      <trkpt lat="50.419216" lon="16.15634">
      </trkpt>
      <trkpt lat="50.419416" lon="16.155">
      </trkpt>
      <trkpt lat="50.418169" lon="16.146204">
      </trkpt>
      <trkpt lat="50.418807" lon="16.145799">
      </trkpt>
      <trkpt lat="50.419109" lon="16.14557">
      </trkpt>
      <trkpt lat="50.419457" lon="16.145221">
      </trkpt>
      <trkpt lat="50.420768" lon="16.14427">
      </trkpt>
      <trkpt lat="50.421553" lon="16.142883">
      </trkpt>
      <trkpt lat="50.422979" lon="16.138109">
      </trkpt>
      <trkpt lat="50.42335" lon="16.137327">
      </trkpt>
      <trkpt lat="50.423792" lon="16.136418">
      </trkpt>
      <trkpt lat="50.430573" lon="16.130697">
      </trkpt>
      <trkpt lat="50.430902" lon="16.130306">
      </trkpt>
      <trkpt lat="50.43178" lon="16.128885">
      </trkpt>
      <trkpt lat="50.431947" lon="16.128572">
      </trkpt>
      <trkpt lat="50.432124" lon="16.128135">
      </trkpt>
      <trkpt lat="50.433323" lon="16.124381">
      </trkpt>
      <trkpt lat="50.433695" lon="16.123626">
      </trkpt>
      <trkpt lat="50.433833" lon="16.123178">
      </trkpt>
      <trkpt lat="50.434029" lon="16.121475">
      </trkpt>
      <trkpt lat="50.437861" lon="16.115403">
      </trkpt>
      <trkpt lat="50.442424" lon="16.116716">
      </trkpt>
      <trkpt lat="50.445659" lon="16.115136">
      </trkpt>
      <trkpt lat="50.44532" lon="16.114444">
      </trkpt>
      <trkpt lat="50.444868" lon="16.113674">
      </trkpt>
      <trkpt lat="50.441564" lon="16.106747">
      </trkpt>
      <trkpt lat="50.442554" lon="16.099832">
      </trkpt>
      <trkpt lat="50.443292" lon="16.098312">
      </trkpt>
      <trkpt lat="50.443481" lon="16.097879">
      </trkpt>
      <trkpt lat="50.440182" lon="16.096438">
      </trkpt>
      <trkpt lat="50.435353" lon="16.093262">
      </trkpt>
      <trkpt lat="50.437405" lon="16.085367">
      </trkpt>
      <trkpt lat="50.441715" lon="16.078822">
      </trkpt>
      <trkpt lat="50.441872" lon="16.078702">
      </trkpt>
      <trkpt lat="50.444987" lon="16.072272">
      </trkpt>
      <trkpt lat="50.446553" lon="16.069752">
      </trkpt>
      <trkpt lat="50.453797" lon="16.065074">
      </trkpt>
      <trkpt lat="50.453299" lon="16.063288">
      </trkpt>
      <trkpt lat="50.453087" lon="16.062486">
      </trkpt>
      <trkpt lat="50.45277" lon="16.061479">
      </trkpt>
      <trkpt lat="50.452623" lon="16.060791">
      </trkpt>
      <trkpt lat="50.449925" lon="16.057246">
      </trkpt>
      <trkpt lat="50.455331" lon="16.051118">
      </trkpt>
      <trkpt lat="50.457118" lon="16.051372">
      </trkpt>
      <trkpt lat="50.460421" lon="16.046758">
      </trkpt>
      <trkpt lat="50.460358" lon="16.046059">
      </trkpt>
      <trkpt lat="50.460173" lon="16.045338">
      </trkpt>
      <trkpt lat="50.463043" lon="16.037929">
      </trkpt>
      <trkpt lat="50.466361" lon="16.037056">
      </trkpt>
      <trkpt lat="50.468184" lon="16.034369">
      </trkpt>
      <trkpt lat="50.467795" lon="16.029597">
      </trkpt>
      <trkpt lat="50.470367" lon="16.024046">
      </trkpt>
      <trkpt lat="50.470227" lon="16.020448">
      </trkpt>
      <trkpt lat="50.466998" lon="16.015323">
      </trkpt>
      <trkpt lat="50.466938" lon="16.014893">
      </trkpt>
      <trkpt lat="50.466305" lon="16.013247">
      </trkpt>
      <trkpt lat="50.466006" lon="16.01275">
      </trkpt>
      <trkpt lat="50.465328" lon="16.011433">
      </trkpt>
      <trkpt lat="50.465171" lon="16.011009">
      </trkpt>
      <trkpt lat="50.464582" lon="16.008281">
      </trkpt>
      <trkpt lat="50.464565" lon="16.00767">
      </trkpt>
      <trkpt lat="50.469184" lon="16.000458">
      </trkpt>
      <trkpt lat="50.46994" lon="16.000275">
      </trkpt>
      <trkpt lat="50.472623" lon="15.999045">
      </trkpt>
      <trkpt lat="50.475217" lon="15.999063">
      </trkpt>
      <trkpt lat="50.480139" lon="16.004043">
      </trkpt>
      <trkpt lat="50.480311" lon="16.009817">
      </trkpt>
      <trkpt lat="50.480367" lon="16.010301">
      </trkpt>
      <trkpt lat="50.480492" lon="16.011007">
      </trkpt>
      <trkpt lat="50.480646" lon="16.011715">
      </trkpt>
      <trkpt lat="50.48056" lon="16.014603">
      </trkpt>
      <trkpt lat="50.480482" lon="16.015715">
      </trkpt>
      <trkpt lat="50.480173" lon="16.017232">
      </trkpt>
      <trkpt lat="50.480039" lon="16.01774">
      </trkpt>
      <trkpt lat="50.479994" lon="16.018124">
      </trkpt>
      <trkpt lat="50.47982" lon="16.020204">
      </trkpt>
      <trkpt lat="50.479787" lon="16.02102">
      </trkpt>
      <trkpt lat="50.479812" lon="16.021943">
      </trkpt>
      <trkpt lat="50.481376" lon="16.024304">
      </trkpt>
      <trkpt lat="50.481648" lon="16.02489">
      </trkpt>
      <trkpt lat="50.484913" lon="16.023374">
      </trkpt>
      <trkpt lat="50.484151" lon="16.014857">
      </trkpt>
      <trkpt lat="50.484413" lon="16.01157">
      </trkpt>
      <trkpt lat="50.485903" lon="16.002823">
      </trkpt>
      <trkpt lat="50.486441" lon="15.999263">
      </trkpt>
      <trkpt lat="50.483339" lon="15.994033">
      </trkpt>
      <trkpt lat="50.483489" lon="15.990385">
      </trkpt>
      <trkpt lat="50.484261" lon="15.988165">
      </trkpt>
      <trkpt lat="50.484637" lon="15.987223">
      </trkpt>
      <trkpt lat="50.486831" lon="15.983908">
      </trkpt>
      <trkpt lat="50.487198" lon="15.983201">
      </trkpt>
      <trkpt lat="50.484004" lon="15.98154">
      </trkpt>
      <trkpt lat="50.482733" lon="15.982756">
      </trkpt>
      <trkpt lat="50.482127" lon="15.983446">
      </trkpt>
      <trkpt lat="50.481774" lon="15.984228">
      </trkpt>
      <trkpt lat="50.481185" lon="15.986202">
      </trkpt>
      <trkpt lat="50.480563" lon="15.987494">
      </trkpt>
      <trkpt lat="50.479425" lon="15.990073">
      </trkpt>
      <trkpt lat="50.472939" lon="15.995054">
      </trkpt>
      <trkpt lat="50.472" lon="15.995372">
      </trkpt>
      <trkpt lat="50.466403" lon="15.995441">
      </trkpt>
      <trkpt lat="50.465817" lon="15.995269">
      </trkpt>
      <trkpt lat="50.465179" lon="15.995177">
      </trkpt>
      <trkpt lat="50.464603" lon="15.995163">
      </trkpt>
      <trkpt lat="50.45949" lon="15.98918">
      </trkpt>
      <trkpt lat="50.460543" lon="15.986888">
      </trkpt>
      <trkpt lat="50.460254" lon="15.986594">
      </trkpt>
      <trkpt lat="50.460043" lon="15.986436">
      </trkpt>
      <trkpt lat="50.459754" lon="15.986389">
      </trkpt>
      <trkpt lat="50.454425" lon="15.981712">
      </trkpt>
      <trkpt lat="50.454139" lon="15.981323">
      </trkpt>
      <trkpt lat="50.452428" lon="15.977349">
      </trkpt>
      <trkpt lat="50.452366" lon="15.976801">
      </trkpt>
      <trkpt lat="50.460966" lon="15.974456">
      </trkpt>
      <trkpt lat="50.462616" lon="15.974339">
      </trkpt>
      <trkpt lat="50.464561" lon="15.974268">
      </trkpt>
      <trkpt lat="50.464745" lon="15.973089">
      </trkpt>
      <trkpt lat="50.471962" lon="15.9681">
      </trkpt>
      <trkpt lat="50.473476" lon="15.967647">
      </trkpt>
      <trkpt lat="50.473869" lon="15.967267">
      </trkpt>
      <trkpt lat="50.474384" lon="15.966643">
      </trkpt>
      <trkpt lat="50.47685" lon="15.964644">
      </trkpt>
      <trkpt lat="50.477688" lon="15.964056">
      </trkpt>
      <trkpt lat="50.478999" lon="15.962518">
      </trkpt>
      <trkpt lat="50.479662" lon="15.961168">
      </trkpt>
      <trkpt lat="50.480021" lon="15.960505">
      </trkpt>
      <trkpt lat="50.483478" lon="15.953454">
      </trkpt>
      <trkpt lat="50.487038" lon="15.952917">
      </trkpt>
      <trkpt lat="50.489503" lon="15.944844">
      </trkpt>
      <trkpt lat="50.48981" lon="15.944056">
      </trkpt>
      <trkpt lat="50.489887" lon="15.943846">
      </trkpt>
      <trkpt lat="50.490652" lon="15.940329">
      </trkpt>
      <trkpt lat="50.49094" lon="15.932849">
      </trkpt>
      <trkpt lat="50.491411" lon="15.930685">
      </trkpt>
      <trkpt lat="50.491466" lon="15.930161">
      </trkpt>
      <trkpt lat="50.491704" lon="15.926361">
      </trkpt>
      <trkpt lat="50.492273" lon="15.923057">
      </trkpt>
      <trkpt lat="50.493653" lon="15.919731">
      </trkpt>
      <trkpt lat="50.490531" lon="15.915486">
      </trkpt>
      <trkpt lat="50.489458" lon="15.909641">
      </trkpt>
      <trkpt lat="50.490285" lon="15.906137">
      </trkpt>
      <trkpt lat="50.488011" lon="15.901403">
      </trkpt>
      <trkpt lat="50.494229" lon="15.89519">
      </trkpt>
      <trkpt lat="50.496948" lon="15.896125">
      </trkpt>
      <trkpt lat="50.498027" lon="15.896944">
      </trkpt>
      <trkpt lat="50.499821" lon="15.898876">
      </trkpt>
      <trkpt lat="50.500517" lon="15.899539">
      </trkpt>
      <trkpt lat="50.501042" lon="15.899969">
      </trkpt>
      <trkpt lat="50.501586" lon="15.900365">
      </trkpt>
      <trkpt lat="50.502056" lon="15.90066">
      </trkpt>
      <trkpt lat="50.502746" lon="15.901023">
      </trkpt>
      <trkpt lat="50.503359" lon="15.90131">
      </trkpt>
      <trkpt lat="50.50812" lon="15.908534">
      </trkpt>
      <trkpt lat="50.508381" lon="15.909501">
      </trkpt>
      <trkpt lat="50.509326" lon="15.912282">
      </trkpt>
      <trkpt lat="50.509719" lon="15.91318">
      </trkpt>
      <trkpt lat="50.510433" lon="15.914472">
      </trkpt>
      <trkpt lat="50.51091" lon="15.915054">
      </trkpt>
      <trkpt lat="50.514608" lon="15.916431">
      </trkpt>
      <trkpt lat="50.515199" lon="15.916698">
      </trkpt>
      <trkpt lat="50.515787" lon="15.916921">
      </trkpt>
      <trkpt lat="50.517064" lon="15.913555">
      </trkpt>
      <trkpt lat="50.514398" lon="15.910594">
      </trkpt>
      <trkpt lat="50.511395" lon="15.903707">
      </trkpt>
      <trkpt lat="50.511253" lon="15.902942">
      </trkpt>
      <trkpt lat="50.511007" lon="15.902115">
      </trkpt>
      <trkpt lat="50.510698" lon="15.901431">
      </trkpt>
      <trkpt lat="50.510167" lon="15.900617">
      </trkpt>
      <trkpt lat="50.509594" lon="15.89999">
      </trkpt>
      <trkpt lat="50.509096" lon="15.899568">
      </trkpt>
      <trkpt lat="50.508125" lon="15.899085">
      </trkpt>
      <trkpt lat="50.506439" lon="15.898549">
      </trkpt>
      <trkpt lat="50.505211" lon="15.898164">
      </trkpt>
      <trkpt lat="50.502317" lon="15.896282">
      </trkpt>
      <trkpt lat="50.500668" lon="15.894498">
      </trkpt>
      <trkpt lat="50.499902" lon="15.893786">
      </trkpt>
      <trkpt lat="50.499043" lon="15.89316">
      </trkpt>
      <trkpt lat="50.498462" lon="15.892859">
      </trkpt>
      <trkpt lat="50.493795" lon="15.889448">
      </trkpt>
      <trkpt lat="50.493204" lon="15.888641">
      </trkpt>
      <trkpt lat="50.492569" lon="15.888036">
      </trkpt>
      <trkpt lat="50.490601" lon="15.882806">
      </trkpt>
      <trkpt lat="50.4907" lon="15.882336">
      </trkpt>
      <trkpt lat="50.490805" lon="15.88154">
      </trkpt>
      <trkpt lat="50.49084" lon="15.880245">
      </trkpt>
      <trkpt lat="50.490969" lon="15.879308">
      </trkpt>
      <trkpt lat="50.498985" lon="15.876305">
      </trkpt>
      <trkpt lat="50.500014" lon="15.879378">
      </trkpt>
      <trkpt lat="50.499961" lon="15.880022">
      </trkpt>
      <trkpt lat="50.49996" lon="15.880539">
      </trkpt>
      <trkpt lat="50.5" lon="15.880884">
      </trkpt>
      <trkpt lat="50.500121" lon="15.881359">
      </trkpt>
      <trkpt lat="50.500401" lon="15.881966">
      </trkpt>
      <trkpt lat="50.5011" lon="15.882797">
      </trkpt>
      <trkpt lat="50.501885" lon="15.883152">
      </trkpt>
      <trkpt lat="50.502687" lon="15.883191">
      </trkpt>
      <trkpt lat="50.503113" lon="15.883087">
      </trkpt>
      <trkpt lat="50.503463" lon="15.882956">
      </trkpt>
      <trkpt lat="50.503941" lon="15.877916">
      </trkpt>
      <trkpt lat="50.504025" lon="15.877267">
      </trkpt>
      <trkpt lat="50.503998" lon="15.876744">
      </trkpt>
      <trkpt lat="50.503839" lon="15.876114">
      </trkpt>
      <trkpt lat="50.50352" lon="15.875422">
      </trkpt>
      <trkpt lat="50.501511" lon="15.871527">
      </trkpt>
      <trkpt lat="50.501051" lon="15.870503">
      </trkpt>
      <trkpt lat="50.500768" lon="15.869797">
      </trkpt>
      <trkpt lat="50.500557" lon="15.869374">
      </trkpt>
      <trkpt lat="50.499766" lon="15.860532">
      </trkpt>
      <trkpt lat="50.500116" lon="15.858632">
      </trkpt>
      <trkpt lat="50.493687" lon="15.852358">
      </trkpt>
      <trkpt lat="50.492713" lon="15.852073">
      </trkpt>
      <trkpt lat="50.490427" lon="15.852353">
      </trkpt>
      <trkpt lat="50.489664" lon="15.852786">
      </trkpt>
      <trkpt lat="50.486873" lon="15.854719">
      </trkpt>
      <trkpt lat="50.485957" lon="15.855185">
      </trkpt>
      <trkpt lat="50.485292" lon="15.855856">
      </trkpt>
      <trkpt lat="50.482618" lon="15.857795">
      </trkpt>
      <trkpt lat="50.481518" lon="15.859136">
      </trkpt>
      <trkpt lat="50.480339" lon="15.860313">
      </trkpt>
      <trkpt lat="50.479715" lon="15.862297">
      </trkpt>
      <trkpt lat="50.472226" lon="15.867003">
      </trkpt>
      <trkpt lat="50.47092" lon="15.866606">
      </trkpt>
      <trkpt lat="50.46843" lon="15.865184">
      </trkpt>
      <trkpt lat="50.467893" lon="15.864829">
      </trkpt>
      <trkpt lat="50.464128" lon="15.85905">
      </trkpt>
      <trkpt lat="50.461064" lon="15.854269">
      </trkpt>
      <trkpt lat="50.454915" lon="15.849081">
      </trkpt>
      <trkpt lat="50.45445" lon="15.847638">
      </trkpt>
      <trkpt lat="50.455662" lon="15.839649">
      </trkpt>
      <trkpt lat="50.455914" lon="15.839212">
      </trkpt>
      <trkpt lat="50.461569" lon="15.83469">
      </trkpt>
      <trkpt lat="50.46503" lon="15.833703">
      </trkpt>
      <trkpt lat="50.468682" lon="15.828042">
      </trkpt>
      <trkpt lat="50.474698" lon="15.834094">
      </trkpt>
      <trkpt lat="50.474658" lon="15.8362">
      </trkpt>
      <trkpt lat="50.476341" lon="15.837299">
      </trkpt>
      <trkpt lat="50.482788" lon="15.840481">
      </trkpt>
      <trkpt lat="50.4863" lon="15.839691">
      </trkpt>
      <trkpt lat="50.486021" lon="15.837463">
      </trkpt>
      <trkpt lat="50.485896" lon="15.836703">
      </trkpt>
      <trkpt lat="50.487985" lon="15.828587">
      </trkpt>
      <trkpt lat="50.488456" lon="15.827793">
      </trkpt>
      <trkpt lat="50.48862" lon="15.827053">
      </trkpt>
      <trkpt lat="50.489457" lon="15.82375">
      </trkpt>
      <trkpt lat="50.489641" lon="15.823001">
      </trkpt>
      <trkpt lat="50.489821" lon="15.821854">
      </trkpt>
      <trkpt lat="50.490911" lon="15.81529">
      </trkpt>
      <trkpt lat="50.487639" lon="15.808891">
      </trkpt>
      <trkpt lat="50.48956" lon="15.804524">
      </trkpt>
      <trkpt lat="50.492554" lon="15.802299">
      </trkpt>
      <trkpt lat="50.493134" lon="15.801916">
      </trkpt>
      <trkpt lat="50.495021" lon="15.800391">
      </trkpt>
      <trkpt lat="50.4953" lon="15.79957">
      </trkpt>
      <trkpt lat="50.495388" lon="15.799085">
      </trkpt>
      <trkpt lat="50.495487" lon="15.798413">
      </trkpt>
      <trkpt lat="50.494425" lon="15.797354">
      </trkpt>
      <trkpt lat="50.490061" lon="15.794273">
      </trkpt>
      <trkpt lat="50.486156" lon="15.793244">
      </trkpt>
      <trkpt lat="50.482561" lon="15.793048">
      </trkpt>
      <trkpt lat="50.479486" lon="15.795366">
      </trkpt>
      <trkpt lat="50.479178" lon="15.795565">
      </trkpt>
      <trkpt lat="50.478635" lon="15.795946">
      </trkpt>
      <trkpt lat="50.477783" lon="15.797028">
      </trkpt>
      <trkpt lat="50.476388" lon="15.798899">
      </trkpt>
      <trkpt lat="50.467949" lon="15.799317">
      </trkpt>
      <trkpt lat="50.464567" lon="15.798085">
      </trkpt>
      <trkpt lat="50.456551" lon="15.797804">
      </trkpt>
      <trkpt lat="50.453176" lon="15.795338">
      </trkpt>
      <trkpt lat="50.451159" lon="15.794669">
      </trkpt>
      <trkpt lat="50.447707" lon="15.790145">
      </trkpt>
      <trkpt lat="50.449389" lon="15.784448">
      </trkpt>
      <trkpt lat="50.449703" lon="15.783892">
      </trkpt>
      <trkpt lat="50.449826" lon="15.783491">
      </trkpt>
      <trkpt lat="50.453744" lon="15.777438">
      </trkpt>
      <trkpt lat="50.456562" lon="15.774852">
      </trkpt>
      <trkpt lat="50.456991" lon="15.769844">
      </trkpt>
      <trkpt lat="50.456529" lon="15.767672">
      </trkpt>
      <trkpt lat="50.45565" lon="15.763272">
      </trkpt>
      <trkpt lat="50.45497" lon="15.760902">
      </trkpt>
      <trkpt lat="50.454079" lon="15.757538">
      </trkpt>
      <trkpt lat="50.453756" lon="15.756466">
      </trkpt>
      <trkpt lat="50.452956" lon="15.754037">
      </trkpt>
      <trkpt lat="50.452672" lon="15.753111">
      </trkpt>
      <trkpt lat="50.452447" lon="15.752497">
      </trkpt>
      <trkpt lat="50.451811" lon="15.751151">
      </trkpt>
      <trkpt lat="50.451036" lon="15.749607">
      </trkpt>
      <trkpt lat="50.450057" lon="15.747731">
      </trkpt>
      <trkpt lat="50.44951" lon="15.746642">
      </trkpt>
      <trkpt lat="50.448328" lon="15.744257">
      </trkpt>
      <trkpt lat="50.447906" lon="15.743372">
      </trkpt>
      <trkpt lat="50.450788" lon="15.736518">
      </trkpt>
      <trkpt lat="50.454927" lon="15.73685">
      </trkpt>
      <trkpt lat="50.457739" lon="15.734602">
      </trkpt>
      <trkpt lat="50.460442" lon="15.731378">
      </trkpt>
      <trkpt lat="50.460716" lon="15.729486">
      </trkpt>
      <trkpt lat="50.463676" lon="15.721224">
      </trkpt>
      <trkpt lat="50.462854" lon="15.720053">
      </trkpt>
      <trkpt lat="50.461491" lon="15.719524">
      </trkpt>
      <trkpt lat="50.460569" lon="15.719406">
      </trkpt>
      <trkpt lat="50.459554" lon="15.720757">
      </trkpt>
      <trkpt lat="50.45152" lon="15.722903">
      </trkpt>
      <trkpt lat="50.446823" lon="15.726262">
      </trkpt>
      <trkpt lat="50.441212" lon="15.725537">
      </trkpt>
      <trkpt lat="50.43814" lon="15.725486">
      </trkpt>
      <trkpt lat="50.435186" lon="15.718">
      </trkpt>
      <trkpt lat="50.434246" lon="15.71596">
      </trkpt>
      <trkpt lat="50.433725" lon="15.710287">
      </trkpt>
      <trkpt lat="50.435108" lon="15.706897">
      </trkpt>
      <trkpt lat="50.438254" lon="15.702269">
      </trkpt>
      <trkpt lat="50.440825" lon="15.69876">
      </trkpt>
      <trkpt lat="50.443735" lon="15.695725">
      </trkpt>
      <trkpt lat="50.443326" lon="15.695189">
      </trkpt>
      <trkpt lat="50.442938" lon="15.694789">
      </trkpt>
      <trkpt lat="50.442155" lon="15.694211">
      </trkpt>
      <trkpt lat="50.441701" lon="15.693968">
      </trkpt>
      <trkpt lat="50.439946" lon="15.693781">
      </trkpt>
      <trkpt lat="50.439075" lon="15.69373">
      </trkpt>
      <trkpt lat="50.432024" lon="15.691487">
      </trkpt>
      <trkpt lat="50.434894" lon="15.684548">
      </trkpt>
      <trkpt lat="50.43573" lon="15.681046">
      </trkpt>
      <trkpt lat="50.441267" lon="15.674274">
      </trkpt>
      <trkpt lat="50.440976" lon="15.670685">
      </trkpt>
      <trkpt lat="50.437399" lon="15.670975">
      </trkpt>
      <trkpt lat="50.435867" lon="15.671206">
      </trkpt>
      <trkpt lat="50.43259" lon="15.670068">
      </trkpt>
      <trkpt lat="50.433351" lon="15.661544">
      </trkpt>
      <trkpt lat="50.436805" lon="15.6578">
      </trkpt>
      <trkpt lat="50.441881" lon="15.657974">
      </trkpt>
      <trkpt lat="50.445026" lon="15.65906">
      </trkpt>
      <trkpt lat="50.449063" lon="15.659542">
      </trkpt>
      <trkpt lat="50.449947" lon="15.657789">
      </trkpt>
      <trkpt lat="50.446942" lon="15.655807">
      </trkpt>
      <trkpt lat="50.447416" lon="15.648531">
      </trkpt>
      <trkpt lat="50.448146" lon="15.6477">
      </trkpt>
      <trkpt lat="50.446897" lon="15.645223">
      </trkpt>
      <trkpt lat="50.45043" lon="15.637272">
      </trkpt>
      <trkpt lat="50.451104" lon="15.637085">
      </trkpt>
      <trkpt lat="50.451717" lon="15.636757">
      </trkpt>
      <trkpt lat="50.452148" lon="15.636421">
      </trkpt>
      <trkpt lat="50.454262" lon="15.635103">
      </trkpt>
      <trkpt lat="50.455361" lon="15.631674">
      </trkpt>
      <trkpt lat="50.454996" lon="15.631558">
      </trkpt>
      <trkpt lat="50.453854" lon="15.63141">
      </trkpt>
      <trkpt lat="50.453303" lon="15.631324">
      </trkpt>
      <trkpt lat="50.452388" lon="15.631415">
      </trkpt>
      <trkpt lat="50.447539" lon="15.631076">
      </trkpt>
      <trkpt lat="50.445612" lon="15.62296">
      </trkpt>
      <trkpt lat="50.448189" lon="15.621743">
      </trkpt>
      <trkpt lat="50.450061" lon="15.621398">
      </trkpt>
      <trkpt lat="50.452094" lon="15.621102">
      </trkpt>
      <trkpt lat="50.453304" lon="15.62077">
      </trkpt>
      <trkpt lat="50.454196" lon="15.620319">
      </trkpt>
      <trkpt lat="50.45625" lon="15.619147">
      </trkpt>
      <trkpt lat="50.458183" lon="15.618038">
      </trkpt>
      <trkpt lat="50.460458" lon="15.616962">
      </trkpt>
      <trkpt lat="50.458919" lon="15.613708">
      </trkpt>
      <trkpt lat="50.457914" lon="15.613142">
      </trkpt>
      <trkpt lat="50.454563" lon="15.614457">
      </trkpt>
      <trkpt lat="50.449187" lon="15.616494">
      </trkpt>
      <trkpt lat="50.445998" lon="15.618559">
      </trkpt>
      <trkpt lat="50.443668" lon="15.619929">
      </trkpt>
      <trkpt lat="50.441944" lon="15.621583">
      </trkpt>
      <trkpt lat="50.440244" lon="15.623299">
      </trkpt>
      <trkpt lat="50.437453" lon="15.624702">
      </trkpt>
      <trkpt lat="50.436953" lon="15.624803">
      </trkpt>
      <trkpt lat="50.43064" lon="15.618791">
      </trkpt>
      <trkpt lat="50.430816" lon="15.616919">
      </trkpt>
      <trkpt lat="50.431095" lon="15.614928">
      </trkpt>
      <trkpt lat="50.431834" lon="15.612666">
      </trkpt>
      <trkpt lat="50.437401" lon="15.606197">
      </trkpt>
      <trkpt lat="50.438069" lon="15.605912">
      </trkpt>
      <trkpt lat="50.438592" lon="15.605543">
      </trkpt>
      <trkpt lat="50.440059" lon="15.603773">
      </trkpt>
      <trkpt lat="50.440082" lon="15.603649">
      </trkpt>
      <trkpt lat="50.440433" lon="15.601982">
      </trkpt>
      <trkpt lat="50.440197" lon="15.601832">
      </trkpt>
      <trkpt lat="50.433814" lon="15.598954">
      </trkpt>
      <trkpt lat="50.431933" lon="15.594693">
      </trkpt>
      <trkpt lat="50.432323" lon="15.587608">
      </trkpt>
      <trkpt lat="50.437033" lon="15.584991">
      </trkpt>
      <trkpt lat="50.438335" lon="15.583567">
      </trkpt>
      <trkpt lat="50.438342" lon="15.583367">
      </trkpt>
      <trkpt lat="50.437874" lon="15.582098">
      </trkpt>
      <trkpt lat="50.435734" lon="15.578836">
      </trkpt>
      <trkpt lat="50.432581" lon="15.571832">
      </trkpt>
      <trkpt lat="50.431729" lon="15.570379">
      </trkpt>
      <trkpt lat="50.431053" lon="15.570151">
      </trkpt>
      <trkpt lat="50.43091" lon="15.570144">
      </trkpt>
      <trkpt lat="50.429042" lon="15.57117">
      </trkpt>
      <trkpt lat="50.427017" lon="15.572958">
      </trkpt>
      <trkpt lat="50.421285" lon="15.576439">
      </trkpt>
      <trkpt lat="50.417743" lon="15.577084">
      </trkpt>
      <trkpt lat="50.411888" lon="15.580947">
      </trkpt>
      <trkpt lat="50.407437" lon="15.573382">
      </trkpt>
      <trkpt lat="50.407746" lon="15.572049">
      </trkpt>
      <trkpt lat="50.407892" lon="15.571395">
      </trkpt>
      <trkpt lat="50.408254" lon="15.570137">
      </trkpt>
      <trkpt lat="50.408376" lon="15.569482">
      </trkpt>
      <trkpt lat="50.408506" lon="15.568709">
      </trkpt>
      <trkpt lat="50.408572" lon="15.568152">
      </trkpt>
      <trkpt lat="50.409243" lon="15.561291">
      </trkpt>
      <trkpt lat="50.40936" lon="15.561033">
      </trkpt>
      <trkpt lat="50.40945" lon="15.560704">
      </trkpt>
      <trkpt lat="50.414997" lon="15.553899">
      </trkpt>
      <trkpt lat="50.415573" lon="15.553674">
      </trkpt>
      <trkpt lat="50.416204" lon="15.553213">
      </trkpt>
      <trkpt lat="50.416608" lon="15.5527">
      </trkpt>
      <trkpt lat="50.421409" lon="15.548295">
      </trkpt>
      <trkpt lat="50.429527" lon="15.547041">
      </trkpt>
      <trkpt lat="50.430139" lon="15.547061">
      </trkpt>
      <trkpt lat="50.430735" lon="15.546994">
      </trkpt>
      <trkpt lat="50.430617" lon="15.54359">
      </trkpt>
      <trkpt lat="50.427638" lon="15.539078">
      </trkpt>
      <trkpt lat="50.425231" lon="15.538231">
      </trkpt>
      <trkpt lat="50.425119" lon="15.538359">
      </trkpt>
      <trkpt lat="50.421358" lon="15.544135">
      </trkpt>
      <trkpt lat="50.413753" lon="15.539875">
      </trkpt>
      <trkpt lat="50.413603" lon="15.538998">
      </trkpt>
      <trkpt lat="50.41343" lon="15.538524">
      </trkpt>
      <trkpt lat="50.412802" lon="15.535925">
      </trkpt>
      <trkpt lat="50.412829" lon="15.535108">
      </trkpt>
      <trkpt lat="50.412953" lon="15.534323">
      </trkpt>
      <trkpt lat="50.413153" lon="15.533317">
      </trkpt>
      <trkpt lat="50.413225" lon="15.53258">
      </trkpt>
      <trkpt lat="50.413176" lon="15.531903">
      </trkpt>
      <trkpt lat="50.412903" lon="15.529851">
      </trkpt>
      <trkpt lat="50.412893" lon="15.529657">
      </trkpt>
      <trkpt lat="50.41607" lon="15.522094">
      </trkpt>
      <trkpt lat="50.416394" lon="15.521807">
      </trkpt>
      <trkpt lat="50.416775" lon="15.520664">
      </trkpt>
      <trkpt lat="50.416554" lon="15.520095">
      </trkpt>
      <trkpt lat="50.414006" lon="15.519113">
      </trkpt>
      <trkpt lat="50.412094" lon="15.510851">
      </trkpt>
      <trkpt lat="50.41289" lon="15.509786">
      </trkpt>
      <trkpt lat="50.4133" lon="15.508971">
      </trkpt>
      <trkpt lat="50.413938" lon="15.507013">
      </trkpt>
      <trkpt lat="50.408911" lon="15.500108">
      </trkpt>
      <trkpt lat="50.408827" lon="15.499578">
      </trkpt>
      <trkpt lat="50.408707" lon="15.496637">
      </trkpt>
      <trkpt lat="50.408997" lon="15.49449">
      </trkpt>
      <trkpt lat="50.409152" lon="15.493178">
      </trkpt>
      <trkpt lat="50.409205" lon="15.492324">
      </trkpt>
      <trkpt lat="50.409216" lon="15.49189">
      </trkpt>
      <trkpt lat="50.409197" lon="15.491428">
      </trkpt>
      <trkpt lat="50.409107" lon="15.490785">
      </trkpt>
      <trkpt lat="50.408931" lon="15.49021">
      </trkpt>
      <trkpt lat="50.408582" lon="15.489613">
      </trkpt>
      <trkpt lat="50.407588" lon="15.487883">
      </trkpt>
      <trkpt lat="50.412474" lon="15.481338">
      </trkpt>
      <trkpt lat="50.417569" lon="15.485445">
      </trkpt>
      <trkpt lat="50.42107" lon="15.484607">
      </trkpt>
      <trkpt lat="50.420921" lon="15.483987">
      </trkpt>
      <trkpt lat="50.420711" lon="15.482736">
      </trkpt>
      <trkpt lat="50.420523" lon="15.481489">
      </trkpt>
      <trkpt lat="50.420078" lon="15.480346">
      </trkpt>
      <trkpt lat="50.419544" lon="15.474373">
      </trkpt>
      <trkpt lat="50.425071" lon="15.469055">
      </trkpt>
      <trkpt lat="50.429096" lon="15.470512">
      </trkpt>
      <trkpt lat="50.430525" lon="15.471278">
      </trkpt>
      <trkpt lat="50.430571" lon="15.471282">
      </trkpt>
      <trkpt lat="50.431621" lon="15.471025">
      </trkpt>
      <trkpt lat="50.432381" lon="15.469039">
      </trkpt>
      <trkpt lat="50.432269" lon="15.468788">
      </trkpt>
      <trkpt lat="50.43069" lon="15.467096">
      </trkpt>
      <trkpt lat="50.428633" lon="15.464672">
      </trkpt>
      <trkpt lat="50.428561" lon="15.464589">
      </trkpt>
      <trkpt lat="50.426033" lon="15.460349">
      </trkpt>
      <trkpt lat="50.430095" lon="15.45323">
      </trkpt>
      <trkpt lat="50.433695" lon="15.453235">
      </trkpt>
      <trkpt lat="50.434991" lon="15.448731">
      </trkpt>
      <trkpt lat="50.435528" lon="15.447021">
      </trkpt>
      <trkpt lat="50.435791" lon="15.443813">
      </trkpt>
      <trkpt lat="50.435796" lon="15.443751">
      </trkpt>
      <trkpt lat="50.435982" lon="15.439594">
      </trkpt>
      <trkpt lat="50.435834" lon="15.436995">
      </trkpt>
      <trkpt lat="50.435292" lon="15.43564">
      </trkpt>
      <trkpt lat="50.434956" lon="15.435042">
      </trkpt>
      <trkpt lat="50.434571" lon="15.434588">
      </trkpt>
      <trkpt lat="50.433699" lon="15.433713">
      </trkpt>
      <trkpt lat="50.426885" lon="15.438948">
      </trkpt>
      <trkpt lat="50.427555" lon="15.440818">
      </trkpt>
      <trkpt lat="50.426233" lon="15.446592">
      </trkpt>
      <trkpt lat="50.41822" lon="15.446637">
      </trkpt>
      <trkpt lat="50.41754" lon="15.442412">
      </trkpt>
      <trkpt lat="50.414323" lon="15.440796">
      </trkpt>
      <trkpt lat="50.413368" lon="15.442695">
      </trkpt>
      <trkpt lat="50.412464" lon="15.444501">
      </trkpt>
      <trkpt lat="50.405895" lon="15.44942">
      </trkpt>
      <trkpt lat="50.405056" lon="15.451236">
      </trkpt>
      <trkpt lat="50.402582" lon="15.453925">
      </trkpt>
      <trkpt lat="50.395682" lon="15.45382">
      </trkpt>
      <trkpt lat="50.393963" lon="15.450777">
      </trkpt>
      <trkpt lat="50.394761" lon="15.445003">
      </trkpt>
      <trkpt lat="50.39324" lon="15.443061">
      </trkpt>
      <trkpt lat="50.389048" lon="15.436438">
      </trkpt>
      <trkpt lat="50.385464" lon="15.436779">
      </trkpt>
      <trkpt lat="50.382348" lon="15.444069">
      </trkpt>
      <trkpt lat="50.378602" lon="15.449344">
      </trkpt>
      <trkpt lat="50.375033" lon="15.449818">
      </trkpt>
      <trkpt lat="50.375149" lon="15.450691">
      </trkpt>
      <trkpt lat="50.375231" lon="15.453283">
      </trkpt>
      <trkpt lat="50.375268" lon="15.453898">
      </trkpt>
      <trkpt lat="50.375569" lon="15.455474">
      </trkpt>
      <trkpt lat="50.375591" lon="15.456245">
      </trkpt>
      <trkpt lat="50.371838" lon="15.461683">
      </trkpt>
      <trkpt lat="50.367624" lon="15.461012">
      </trkpt>
      <trkpt lat="50.366979" lon="15.460555">
      </trkpt>
      <trkpt lat="50.366548" lon="15.460319">
      </trkpt>
      <trkpt lat="50.36582" lon="15.45997">
      </trkpt>
      <trkpt lat="50.365164" lon="15.459602">
      </trkpt>
      <trkpt lat="50.364655" lon="15.459377">
      </trkpt>
      <trkpt lat="50.356944" lon="15.458647">
      </trkpt>
      <trkpt lat="50.35369" lon="15.457106">
      </trkpt>
      <trkpt lat="50.352535" lon="15.459546">
      </trkpt>
      <trkpt lat="50.351396" lon="15.461841">
      </trkpt>
      <trkpt lat="50.351207" lon="15.462428">
      </trkpt>
      <trkpt lat="50.351196" lon="15.463284">
      </trkpt>
      <trkpt lat="50.351947" lon="15.465363">
      </trkpt>
      <trkpt lat="50.352599" lon="15.467401">
      </trkpt>
      <trkpt lat="50.352863" lon="15.468547">
      </trkpt>
      <trkpt lat="50.353012" lon="15.469859">
      </trkpt>
      <trkpt lat="50.353553" lon="15.471541">
      </trkpt>
      <trkpt lat="50.353889" lon="15.472408">
      </trkpt>
      <trkpt lat="50.354141" lon="15.474082">
      </trkpt>
      <trkpt lat="50.354231" lon="15.475736">
      </trkpt>
      <trkpt lat="50.354213" lon="15.478009">
      </trkpt>
      <trkpt lat="50.345479" lon="15.478699">
      </trkpt>
      <trkpt lat="50.344621" lon="15.475795">
      </trkpt>
      <trkpt lat="50.344186" lon="15.473975">
      </trkpt>
      <trkpt lat="50.343715" lon="15.472025">
      </trkpt>
      <trkpt lat="50.343219" lon="15.470483">
      </trkpt>
      <trkpt lat="50.343074" lon="15.470008">
      </trkpt>
      <trkpt lat="50.342781" lon="15.468639">
      </trkpt>
      <trkpt lat="50.342598" lon="15.46804">
      </trkpt>
      <trkpt lat="50.342173" lon="15.46587">
      </trkpt>
      <trkpt lat="50.342073" lon="15.465362">
      </trkpt>
      <trkpt lat="50.341911" lon="15.464818">
      </trkpt>
      <trkpt lat="50.341564" lon="15.463947">
      </trkpt>
      <trkpt lat="50.34144" lon="15.463597">
      </trkpt>
      <trkpt lat="50.341235" lon="15.462697">
      </trkpt>
      <trkpt lat="50.340604" lon="15.460814">
      </trkpt>
      <trkpt lat="50.340047" lon="15.459236">
      </trkpt>
      <trkpt lat="50.339906" lon="15.458306">
      </trkpt>
      <trkpt lat="50.339574" lon="15.456544">
      </trkpt>
      <trkpt lat="50.339754" lon="15.453956">
      </trkpt>
      <trkpt lat="50.340078" lon="15.452459">
      </trkpt>
      <trkpt lat="50.338351" lon="15.451255">
      </trkpt>
      <trkpt lat="50.336589" lon="15.451572">
      </trkpt>
      <trkpt lat="50.335818" lon="15.453814">
      </trkpt>
      <trkpt lat="50.328904" lon="15.459429">
      </trkpt>
      <trkpt lat="50.328836" lon="15.461833">
      </trkpt>
      <trkpt lat="50.328768" lon="15.464237">
      </trkpt>
      <trkpt lat="50.328698" lon="15.464862">
      </trkpt>
      <trkpt lat="50.328326" lon="15.467011">
      </trkpt>
      <trkpt lat="50.321411" lon="15.469915">
      </trkpt>
      <trkpt lat="50.31928" lon="15.467922">
      </trkpt>
      <trkpt lat="50.318277" lon="15.467198">
      </trkpt>
      <trkpt lat="50.31775" lon="15.466939">
      </trkpt>
      <trkpt lat="50.316488" lon="15.466396">
      </trkpt>
      <trkpt lat="50.315493" lon="15.465941">
      </trkpt>
      <trkpt lat="50.314743" lon="15.465756">
      </trkpt>
      <trkpt lat="50.3141" lon="15.465782">
      </trkpt>
      <trkpt lat="50.306398" lon="15.464614">
      </trkpt>
      <trkpt lat="50.302266" lon="15.464147">
      </trkpt>
      <trkpt lat="50.301867" lon="15.46438">
      </trkpt>
      <trkpt lat="50.300413" lon="15.465425">
      </trkpt>
      <trkpt lat="50.299526" lon="15.466331">
      </trkpt>
      <trkpt lat="50.299072" lon="15.467027">
      </trkpt>
      <trkpt lat="50.295184" lon="15.469533">
      </trkpt>
      <trkpt lat="50.289663" lon="15.467563">
      </trkpt>
      <trkpt lat="50.283023" lon="15.466229">
      </trkpt>
      <trkpt lat="50.281416" lon="15.465571">
      </trkpt>
      <trkpt lat="50.284957" lon="15.457379">
      </trkpt>
      <trkpt lat="50.285776" lon="15.457535">
      </trkpt>
      <trkpt lat="50.287803" lon="15.455497">
      </trkpt>
      <trkpt lat="50.287818" lon="15.455451">
      </trkpt>
      <trkpt lat="50.287788" lon="15.454487">
      </trkpt>
      <trkpt lat="50.28804" lon="15.451385">
      </trkpt>
      <trkpt lat="50.288694" lon="15.447795">
      </trkpt>
      <trkpt lat="50.288868" lon="15.445912">
      </trkpt>
      <trkpt lat="50.289042" lon="15.44403">
      </trkpt>
      <trkpt lat="50.287051" lon="15.435775">
      </trkpt>
      <trkpt lat="50.287726" lon="15.434973">
      </trkpt>
      <trkpt lat="50.288192" lon="15.434464">
      </trkpt>
      <trkpt lat="50.288193" lon="15.433605">
      </trkpt>
      <trkpt lat="50.28817" lon="15.43334">
      </trkpt>
      <trkpt lat="50.285539" lon="15.432031">
      </trkpt>
      <trkpt lat="50.280447" lon="15.429126">
      </trkpt>
      <trkpt lat="50.276097" lon="15.424151">
      </trkpt>
      <trkpt lat="50.274245" lon="15.417703">
      </trkpt>
      <trkpt lat="50.277498" lon="15.413629">
      </trkpt>
      <trkpt lat="50.278592" lon="15.410199">
      </trkpt>
      <trkpt lat="50.277797" lon="15.409945">
      </trkpt>
      <trkpt lat="50.277003" lon="15.409731">
      </trkpt>
      <trkpt lat="50.275" lon="15.408912">
      </trkpt>
      <trkpt lat="50.272683" lon="15.408037">
      </trkpt>
      <trkpt lat="50.267476" lon="15.402689">
      </trkpt>
      <trkpt lat="50.269008" lon="15.394415">
      </trkpt>
      <trkpt lat="50.269352" lon="15.393938">
      </trkpt>
      <trkpt lat="50.270094" lon="15.392689">
      </trkpt>
      <trkpt lat="50.270557" lon="15.391802">
      </trkpt>
      <trkpt lat="50.271061" lon="15.390623">
      </trkpt>
      <trkpt lat="50.271832" lon="15.38846">
      </trkpt>
      <trkpt lat="50.273027" lon="15.385724">
      </trkpt>
      <trkpt lat="50.273408" lon="15.385121">
      </trkpt>
      <trkpt lat="50.281279" lon="15.38307">
      </trkpt>
      <trkpt lat="50.283909" lon="15.385449">
      </trkpt>
      <trkpt lat="50.29076" lon="15.387915">
      </trkpt>
      <trkpt lat="50.291447" lon="15.388299">
      </trkpt>
      <trkpt lat="50.292443" lon="15.388728">
      </trkpt>
      <trkpt lat="50.293867" lon="15.385422">
      </trkpt>
      <trkpt lat="50.29066" lon="15.380213">
      </trkpt>
      <trkpt lat="50.284345" lon="15.374317">
      </trkpt>
      <trkpt lat="50.282501" lon="15.3726">
      </trkpt>
      <trkpt lat="50.281141" lon="15.37276">
      </trkpt>
      <trkpt lat="50.276314" lon="15.371789">
      </trkpt>
      <trkpt lat="50.274162" lon="15.372085">
      </trkpt>
      <trkpt lat="50.270232" lon="15.364973">
      </trkpt>
      <trkpt lat="50.270371" lon="15.364629">
      </trkpt>
      <trkpt lat="50.270652" lon="15.363916">
      </trkpt>
      <trkpt lat="50.270739" lon="15.363586">
      </trkpt>
      <trkpt lat="50.27104" lon="15.362283">
      </trkpt>
      <trkpt lat="50.277858" lon="15.357627">
      </trkpt>
      <trkpt lat="50.279534" lon="15.357165">
      </trkpt>
      <trkpt lat="50.284446" lon="15.356584">
      </trkpt>
      <trkpt lat="50.288026" lon="15.356205">
      </trkpt>
      <trkpt lat="50.291882" lon="15.348618">
      </trkpt>
      <trkpt lat="50.292871" lon="15.345156">
      </trkpt>
      <trkpt lat="50.290363" lon="15.341765">
      </trkpt>
      <trkpt lat="50.286728" lon="15.339493">
      </trkpt>
      <trkpt lat="50.283552" lon="15.337799">
      </trkpt>
      <trkpt lat="50.279249" lon="15.334656">
      </trkpt>
      <trkpt lat="50.278323" lon="15.333307">
      </trkpt>
      <trkpt lat="50.27995" lon="15.325441">
      </trkpt>
      <trkpt lat="50.279534" lon="15.321865">
      </trkpt>
      <trkpt lat="50.279265" lon="15.315639">
      </trkpt>
      <trkpt lat="50.273954" lon="15.310335">
      </trkpt>
      <trkpt lat="50.273645" lon="15.308007">
      </trkpt>
      <trkpt lat="50.27333" lon="15.306087">
      </trkpt>
      <trkpt lat="50.269777" lon="15.30667">
      </trkpt>
      <trkpt lat="50.270093" lon="15.308591">
      </trkpt>
      <trkpt lat="50.270384" lon="15.310807">
      </trkpt>
      <trkpt lat="50.267406" lon="15.319096">
      </trkpt>
      <trkpt lat="50.269195" lon="15.32352">
      </trkpt>
      <trkpt lat="50.269246" lon="15.325315">
      </trkpt>
      <trkpt lat="50.264116" lon="15.332085">
      </trkpt>
      <trkpt lat="50.257139" lon="15.32799">
      </trkpt>
      <trkpt lat="50.25668" lon="15.325006">
      </trkpt>
      <trkpt lat="50.256428" lon="15.323143">
      </trkpt>
      <trkpt lat="50.252861" lon="15.323625">
      </trkpt>
      <trkpt lat="50.253113" lon="15.325489">
      </trkpt>
      <trkpt lat="50.252836" lon="15.330148">
      </trkpt>
      <trkpt lat="50.245949" lon="15.33233">
      </trkpt>
      <trkpt lat="50.244761" lon="15.331588">
      </trkpt>
      <trkpt lat="50.238806" lon="15.329492">
      </trkpt>
      <trkpt lat="50.238348" lon="15.329238">
      </trkpt>
      <trkpt lat="50.237312" lon="15.328801">
      </trkpt>
      <trkpt lat="50.232228" lon="15.324468">
      </trkpt>
      <trkpt lat="50.229776" lon="15.31968">
      </trkpt>
      <trkpt lat="50.229293" lon="15.316946">
      </trkpt>
      <trkpt lat="50.22882" lon="15.314268">
      </trkpt>
      <trkpt lat="50.228683" lon="15.311161">
      </trkpt>
      <trkpt lat="50.228698" lon="15.308863">
      </trkpt>
      <trkpt lat="50.228532" lon="15.306483">
      </trkpt>
      <trkpt lat="50.224983" lon="15.307091">
      </trkpt>
      <trkpt lat="50.225106" lon="15.309099">
      </trkpt>
      <trkpt lat="50.225083" lon="15.31113">
      </trkpt>
      <trkpt lat="50.225064" lon="15.313294">
      </trkpt>
      <trkpt lat="50.225257" lon="15.314781">
      </trkpt>
      <trkpt lat="50.218679" lon="15.319712">
      </trkpt>
      <trkpt lat="50.218007" lon="15.31957">
      </trkpt>
      <trkpt lat="50.213003" lon="15.31806">
      </trkpt>
      <trkpt lat="50.21092" lon="15.311159">
      </trkpt>
      <trkpt lat="50.210639" lon="15.305436">
      </trkpt>
      <trkpt lat="50.210698" lon="15.304118">
      </trkpt>
      <trkpt lat="50.210351" lon="15.300113">
      </trkpt>
      <trkpt lat="50.216393" lon="15.294548">
      </trkpt>
      <trkpt lat="50.218263" lon="15.295303">
      </trkpt>
      <trkpt lat="50.218834" lon="15.295374">
      </trkpt>
      <trkpt lat="50.219349" lon="15.295318">
      </trkpt>
      <trkpt lat="50.220047" lon="15.29507">
      </trkpt>
      <trkpt lat="50.220445" lon="15.29481">
      </trkpt>
      <trkpt lat="50.220742" lon="15.294559">
      </trkpt>
      <trkpt lat="50.221208" lon="15.294127">
      </trkpt>
      <trkpt lat="50.224226" lon="15.29213">
      </trkpt>
      <trkpt lat="50.229193" lon="15.288426">
      </trkpt>
      <trkpt lat="50.232955" lon="15.287831">
      </trkpt>
      <trkpt lat="50.238627" lon="15.290532">
      </trkpt>
      <trkpt lat="50.238947" lon="15.290749">
      </trkpt>
      <trkpt lat="50.243546" lon="15.294778">
      </trkpt>
      <trkpt lat="50.246912" lon="15.298124">
      </trkpt>
      <trkpt lat="50.247969" lon="15.299651">
      </trkpt>
      <trkpt lat="50.249008" lon="15.298179">
      </trkpt>
      <trkpt lat="50.250114" lon="15.29648">
      </trkpt>
      <trkpt lat="50.250087" lon="15.296081">
      </trkpt>
      <trkpt lat="50.249919" lon="15.294485">
      </trkpt>
      <trkpt lat="50.249836" lon="15.293819">
      </trkpt>
      <trkpt lat="50.251254" lon="15.286703">
      </trkpt>
      <trkpt lat="50.255248" lon="15.286139">
      </trkpt>
      <trkpt lat="50.255536" lon="15.286082">
      </trkpt>
      <trkpt lat="50.259015" lon="15.286297">
      </trkpt>
      <trkpt lat="50.259237" lon="15.282704">
      </trkpt>
      <trkpt lat="50.255758" lon="15.282489">
      </trkpt>
      <trkpt lat="50.253389" lon="15.282289">
      </trkpt>
      <trkpt lat="50.247691" lon="15.275823">
      </trkpt>
      <trkpt lat="50.247115" lon="15.271569">
      </trkpt>
      <trkpt lat="50.247269" lon="15.268235">
      </trkpt>
      <trkpt lat="50.246399" lon="15.266242">
      </trkpt>
      <trkpt lat="50.245541" lon="15.265076">
      </trkpt>
      <trkpt lat="50.243893" lon="15.265978">
      </trkpt>
      <trkpt lat="50.24283" lon="15.266711">
      </trkpt>
      <trkpt lat="50.242972" lon="15.267792">
      </trkpt>
      <trkpt lat="50.243548" lon="15.272052">
      </trkpt>
      <trkpt lat="50.244123" lon="15.276305">
      </trkpt>
      <trkpt lat="50.244372" lon="15.278225">
      </trkpt>
      <trkpt lat="50.244623" lon="15.280154">
      </trkpt>
      <trkpt lat="50.237596" lon="15.285175">
      </trkpt>
      <trkpt lat="50.236936" lon="15.284843">
      </trkpt>
      <trkpt lat="50.235448" lon="15.284408">
      </trkpt>
      <trkpt lat="50.230395" lon="15.277644">
      </trkpt>
      <trkpt lat="50.230576" lon="15.276059">
      </trkpt>
      <trkpt lat="50.231179" lon="15.27431">
      </trkpt>
      <trkpt lat="50.231216" lon="15.273818">
      </trkpt>
      <trkpt lat="50.231188" lon="15.27342">
      </trkpt>
      <trkpt lat="50.231027" lon="15.272454">
      </trkpt>
      <trkpt lat="50.230953" lon="15.272244">
      </trkpt>
      <trkpt lat="50.230163" lon="15.270758">
      </trkpt>
      <trkpt lat="50.229126" lon="15.270034">
      </trkpt>
      <trkpt lat="50.226094" lon="15.269952">
      </trkpt>
      <trkpt lat="50.225917" lon="15.269961">
      </trkpt>
      <trkpt lat="50.219995" lon="15.264918">
      </trkpt>
      <trkpt lat="50.220831" lon="15.262134">
      </trkpt>
      <trkpt lat="50.221863" lon="15.258656">
      </trkpt>
      <trkpt lat="50.22906" lon="15.255713">
      </trkpt>
      <trkpt lat="50.229893" lon="15.253834">
      </trkpt>
      <trkpt lat="50.230727" lon="15.251955">
      </trkpt>
      <trkpt lat="50.231751" lon="15.249711">
      </trkpt>
      <trkpt lat="50.232783" lon="15.247448">
      </trkpt>
      <trkpt lat="50.232842" lon="15.244745">
      </trkpt>
      <trkpt lat="50.232708" lon="15.241891">
      </trkpt>
      <trkpt lat="50.23875" lon="15.23615">
      </trkpt>
      <trkpt lat="50.24122" lon="15.238838">
      </trkpt>
      <trkpt lat="50.244285" lon="15.244855">
      </trkpt>
      <trkpt lat="50.243869" lon="15.247557">
      </trkpt>
      <trkpt lat="50.243808" lon="15.2479">
      </trkpt>
      <trkpt lat="50.243757" lon="15.24815">
      </trkpt>
      <trkpt lat="50.243088" lon="15.250279">
      </trkpt>
      <trkpt lat="50.242611" lon="15.251826">
      </trkpt>
      <trkpt lat="50.242284" lon="15.253361">
      </trkpt>
      <trkpt lat="50.242218" lon="15.253822">
      </trkpt>
      <trkpt lat="50.242186" lon="15.254229">
      </trkpt>
      <trkpt lat="50.242115" lon="15.255563">
      </trkpt>
      <trkpt lat="50.24571" lon="15.255755">
      </trkpt>
      <trkpt lat="50.245781" lon="15.25442">
      </trkpt>
      <trkpt lat="50.249692" lon="15.247408">
      </trkpt>
      <trkpt lat="50.251594" lon="15.241663">
      </trkpt>
      <trkpt lat="50.252567" lon="15.238914">
      </trkpt>
      <trkpt lat="50.252069" lon="15.237038">
      </trkpt>
      <trkpt lat="50.248962" lon="15.23522">
      </trkpt>
      <trkpt lat="50.247893" lon="15.234796">
      </trkpt>
      <trkpt lat="50.242912" lon="15.232386">
      </trkpt>
      <trkpt lat="50.242664" lon="15.232241">
      </trkpt>
      <trkpt lat="50.239314" lon="15.224666">
      </trkpt>
      <trkpt lat="50.245912" lon="15.220153">
      </trkpt>
      <trkpt lat="50.253731" lon="15.22231">
      </trkpt>
      <trkpt lat="50.254276" lon="15.222938">
      </trkpt>
      <trkpt lat="50.25514" lon="15.224121">
      </trkpt>
      <trkpt lat="50.256244" lon="15.225783">
      </trkpt>
      <trkpt lat="50.257335" lon="15.227425">
      </trkpt>
      <trkpt lat="50.258547" lon="15.229306">
      </trkpt>
      <trkpt lat="50.259751" lon="15.231174">
      </trkpt>
      <trkpt lat="50.261519" lon="15.233971">
      </trkpt>
      <trkpt lat="50.263285" lon="15.236765">
      </trkpt>
      <trkpt lat="50.264565" lon="15.238802">
      </trkpt>
      <trkpt lat="50.265138" lon="15.239693">
      </trkpt>
      <trkpt lat="50.265866" lon="15.240735">
      </trkpt>
      <trkpt lat="50.267131" lon="15.242349">
      </trkpt>
      <trkpt lat="50.269174" lon="15.244749">
      </trkpt>
      <trkpt lat="50.270069" lon="15.245714">
      </trkpt>
      <trkpt lat="50.270483" lon="15.246131">
      </trkpt>
      <trkpt lat="50.273039" lon="15.243596">
      </trkpt>
      <trkpt lat="50.271814" lon="15.242302">
      </trkpt>
      <trkpt lat="50.269879" lon="15.240023">
      </trkpt>
      <trkpt lat="50.267595" lon="15.236859">
      </trkpt>
      <trkpt lat="50.266333" lon="15.23485">
      </trkpt>
      <trkpt lat="50.264562" lon="15.232048">
      </trkpt>
      <trkpt lat="50.263258" lon="15.224258">
      </trkpt>
      <trkpt lat="50.263401" lon="15.221917">
      </trkpt>
      <trkpt lat="50.261032" lon="15.215564">
      </trkpt>
      <trkpt lat="50.260738" lon="15.214434">
      </trkpt>
      <trkpt lat="50.258277" lon="15.212566">
      </trkpt>
      <trkpt lat="50.25695" lon="15.204749">
      </trkpt>
      <trkpt lat="50.260301" lon="15.203047">
      </trkpt>
      <trkpt lat="50.260831" lon="15.202936">
      </trkpt>
      <trkpt lat="50.261732" lon="15.2013">
      </trkpt>
      <trkpt lat="50.261758" lon="15.198039">
      </trkpt>
      <trkpt lat="50.258159" lon="15.198009">
      </trkpt>
      <trkpt lat="50.254826" lon="15.200312">
      </trkpt>
      <trkpt lat="50.2497" lon="15.194391">
      </trkpt>
      <trkpt lat="50.248551" lon="15.192536">
      </trkpt>
      <trkpt lat="50.248429" lon="15.192488">
      </trkpt>
      <trkpt lat="50.246229" lon="15.193436">
      </trkpt>
      <trkpt lat="50.243335" lon="15.19427">
      </trkpt>
      <trkpt lat="50.243238" lon="15.194371">
      </trkpt>
      <trkpt lat="50.241432" lon="15.19692">
      </trkpt>
      <trkpt lat="50.24202" lon="15.200472">
      </trkpt>
      <trkpt lat="50.239951" lon="15.208759">
      </trkpt>
      <trkpt lat="50.233675" lon="15.205095">
      </trkpt>
      <trkpt lat="50.23364" lon="15.204936">
      </trkpt>
      <trkpt lat="50.231155" lon="15.203671">
      </trkpt>
      <trkpt lat="50.228949" lon="15.200553">
      </trkpt>
      <trkpt lat="50.228289" lon="15.197893">
      </trkpt>
      <trkpt lat="50.224691" lon="15.197781">
      </trkpt>
      <trkpt lat="50.217004" lon="15.194536">
      </trkpt>
      <trkpt lat="50.213586" lon="15.191224">
      </trkpt>
      <trkpt lat="50.212224" lon="15.188367">
      </trkpt>
      <trkpt lat="50.210863" lon="15.18551">
      </trkpt>
      <trkpt lat="50.213889" lon="15.178983">
      </trkpt>
      <trkpt lat="50.213985" lon="15.178707">
      </trkpt>
      <trkpt lat="50.214297" lon="15.177608">
      </trkpt>
      <trkpt lat="50.210834" lon="15.176625">
      </trkpt>
      <trkpt lat="50.208933" lon="15.168698">
      </trkpt>
      <trkpt lat="50.215456" lon="15.167032">
      </trkpt>
      <trkpt lat="50.218864" lon="15.163682">
      </trkpt>
      <trkpt lat="50.221732" lon="15.161506">
      </trkpt>
      <trkpt lat="50.220078" lon="15.157156">
      </trkpt>
      <trkpt lat="50.220843" lon="15.149873">
      </trkpt>
      <trkpt lat="50.220497" lon="15.149195">
      </trkpt>
      <trkpt lat="50.219171" lon="15.146453">
      </trkpt>
      <trkpt lat="50.218839" lon="15.145927">
      </trkpt>
      <trkpt lat="50.216286" lon="15.13823">
      </trkpt>
      <trkpt lat="50.21629" lon="15.135809">
      </trkpt>
      <trkpt lat="50.216301" lon="15.134531">
      </trkpt>
      <trkpt lat="50.216194" lon="15.133432">
      </trkpt>
      <trkpt lat="50.21604" lon="15.132689">
      </trkpt>
      <trkpt lat="50.21537" lon="15.129985">
      </trkpt>
      <trkpt lat="50.211876" lon="15.130851">
      </trkpt>
      <trkpt lat="50.212546" lon="15.133555">
      </trkpt>
      <trkpt lat="50.212691" lon="15.135752">
      </trkpt>
      <trkpt lat="50.212686" lon="15.138224">
      </trkpt>
      <trkpt lat="50.206995" lon="15.142877">
      </trkpt>
      <trkpt lat="50.203584" lon="15.142387">
      </trkpt>
      <trkpt lat="50.203102" lon="15.142349">
      </trkpt>
      <trkpt lat="50.202225" lon="15.142396">
      </trkpt>
      <trkpt lat="50.20143" lon="15.14259">
      </trkpt>
      <trkpt lat="50.200801" lon="15.142902">
      </trkpt>
      <trkpt lat="50.192781" lon="15.143605">
      </trkpt>
      <trkpt lat="50.191645" lon="15.142937">
      </trkpt>
      <trkpt lat="50.188658" lon="15.142287">
      </trkpt>
      <trkpt lat="50.187715" lon="15.141992">
      </trkpt>
      <trkpt lat="50.185709" lon="15.142269">
      </trkpt>
      <trkpt lat="50.184823" lon="15.142609">
      </trkpt>
      <trkpt lat="50.184158" lon="15.142973">
      </trkpt>
      <trkpt lat="50.181399" lon="15.145656">
      </trkpt>
      <trkpt lat="50.174415" lon="15.140098">
      </trkpt>
      <trkpt lat="50.174581" lon="15.138949">
      </trkpt>
      <trkpt lat="50.174756" lon="15.137862">
      </trkpt>
      <trkpt lat="50.175439" lon="15.135067">
      </trkpt>
      <trkpt lat="50.1762" lon="15.131982">
      </trkpt>
      <trkpt lat="50.176936" lon="15.12899">
      </trkpt>
      <trkpt lat="50.17725" lon="15.127942">
      </trkpt>
      <trkpt lat="50.178405" lon="15.125583">
      </trkpt>
      <trkpt lat="50.17959" lon="15.123574">
      </trkpt>
      <trkpt lat="50.180214" lon="15.122444">
      </trkpt>
      <trkpt lat="50.180727" lon="15.12129">
      </trkpt>
      <trkpt lat="50.181138" lon="15.119935">
      </trkpt>
      <trkpt lat="50.186049" lon="15.11451">
      </trkpt>
      <trkpt lat="50.188085" lon="15.114119">
      </trkpt>
      <trkpt lat="50.190196" lon="15.113711">
      </trkpt>
      <trkpt lat="50.197296" lon="15.11473">
      </trkpt>
      <trkpt lat="50.198188" lon="15.115154">
      </trkpt>
      <trkpt lat="50.199098" lon="15.115339">
      </trkpt>
      <trkpt lat="50.203534" lon="15.116885">
      </trkpt>
      <trkpt lat="50.208065" lon="15.117999">
      </trkpt>
      <trkpt lat="50.208276" lon="15.118071">
      </trkpt>
      <trkpt lat="50.208511" lon="15.118124">
      </trkpt>
      <trkpt lat="50.210591" lon="15.117236">
      </trkpt>
      <trkpt lat="50.210749" lon="15.116406">
      </trkpt>
      <trkpt lat="50.210878" lon="15.1148">
      </trkpt>
      <trkpt lat="50.204766" lon="15.113431">
      </trkpt>
      <trkpt lat="50.202798" lon="15.112329">
      </trkpt>
      <trkpt lat="50.202045" lon="15.111938">
      </trkpt>
      <trkpt lat="50.198688" lon="15.108725">
      </trkpt>
      <trkpt lat="50.195801" lon="15.10317">
      </trkpt>
      <trkpt lat="50.195497" lon="15.101569">
      </trkpt>
      <trkpt lat="50.20124" lon="15.094752">
      </trkpt>
      <trkpt lat="50.204819" lon="15.09436">
      </trkpt>
      <trkpt lat="50.207247" lon="15.088974">
      </trkpt>
      <trkpt lat="50.210871" lon="15.086959">
      </trkpt>
      <trkpt lat="50.21139" lon="15.086507">
      </trkpt>
      <trkpt lat="50.211648" lon="15.08621">
      </trkpt>
      <trkpt lat="50.213042" lon="15.084323">
      </trkpt>
      <trkpt lat="50.210146" lon="15.082184">
      </trkpt>
      <trkpt lat="50.208573" lon="15.084188">
      </trkpt>
      <trkpt lat="50.205545" lon="15.085802">
      </trkpt>
      <trkpt lat="50.19903" lon="15.08408">
      </trkpt>
      <trkpt lat="50.19315" lon="15.081672">
      </trkpt>
      <trkpt lat="50.19298" lon="15.073889">
      </trkpt>
      <trkpt lat="50.193283" lon="15.073394">
      </trkpt>
      <trkpt lat="50.193782" lon="15.072475">
      </trkpt>
      <trkpt lat="50.194206" lon="15.071569">
      </trkpt>
      <trkpt lat="50.195475" lon="15.068566">
      </trkpt>
      <trkpt lat="50.196743" lon="15.065563">
      </trkpt>
      <trkpt lat="50.198011" lon="15.06256">
      </trkpt>
      <trkpt lat="50.199271" lon="15.059576">
      </trkpt>
      <trkpt lat="50.200123" lon="15.057622">
      </trkpt>
      <trkpt lat="50.201305" lon="15.05497">
      </trkpt>
      <trkpt lat="50.202487" lon="15.052318">
      </trkpt>
      <trkpt lat="50.203668" lon="15.049667">
      </trkpt>
      <trkpt lat="50.204862" lon="15.046988">
      </trkpt>
      <trkpt lat="50.205176" lon="15.046251">
      </trkpt>
      <trkpt lat="50.205381" lon="15.045741">
      </trkpt>
      <trkpt lat="50.205672" lon="15.04489">
      </trkpt>
      <trkpt lat="50.205821" lon="15.044378">
      </trkpt>
      <trkpt lat="50.206035" lon="15.043499">
      </trkpt>
      <trkpt lat="50.209449" lon="15.035492">
      </trkpt>
      <trkpt lat="50.209473" lon="15.033968">
      </trkpt>
      <trkpt lat="50.209377" lon="15.033427">
      </trkpt>
      <trkpt lat="50.208033" lon="15.032182">
      </trkpt>
      <trkpt lat="50.206993" lon="15.032627">
      </trkpt>
      <trkpt lat="50.202512" lon="15.034557">
      </trkpt>
      <trkpt lat="50.202339" lon="15.034628">
      </trkpt>
      <trkpt lat="50.202812" lon="15.040901">
      </trkpt>
      <trkpt lat="50.202675" lon="15.041932">
      </trkpt>
      <trkpt lat="50.202596" lon="15.042381">
      </trkpt>
      <trkpt lat="50.202517" lon="15.042738">
      </trkpt>
      <trkpt lat="50.202324" lon="15.043523">
      </trkpt>
      <trkpt lat="50.20222" lon="15.043867">
      </trkpt>
      <trkpt lat="50.201976" lon="15.044571">
      </trkpt>
      <trkpt lat="50.201843" lon="15.04489">
      </trkpt>
      <trkpt lat="50.20155" lon="15.045576">
      </trkpt>
      <trkpt lat="50.20038" lon="15.048201">
      </trkpt>
      <trkpt lat="50.192499" lon="15.047543">
      </trkpt>
      <trkpt lat="50.191058" lon="15.046011">
      </trkpt>
      <trkpt lat="50.190106" lon="15.043873">
      </trkpt>
      <trkpt lat="50.190114" lon="15.040596">
      </trkpt>
      <trkpt lat="50.189996" lon="15.040193">
      </trkpt>
      <trkpt lat="50.189656" lon="15.039307">
      </trkpt>
      <trkpt lat="50.186295" lon="15.040596">
      </trkpt>
      <trkpt lat="50.179523" lon="15.03791">
      </trkpt>
      <trkpt lat="50.177672" lon="15.037798">
      </trkpt>
      <trkpt lat="50.169922" lon="15.038185">
      </trkpt>
      <trkpt lat="50.166328" lon="15.037976">
      </trkpt>
      <trkpt lat="50.159215" lon="15.041866">
      </trkpt>
      <trkpt lat="50.156212" lon="15.04093">
      </trkpt>
      <trkpt lat="50.155489" lon="15.040623">
      </trkpt>
      <trkpt lat="50.155099" lon="15.040506">
      </trkpt>
      <trkpt lat="50.151012" lon="15.033252">
      </trkpt>
      <trkpt lat="50.154243" lon="15.029141">
      </trkpt>
      <trkpt lat="50.154742" lon="15.028353">
      </trkpt>
      <trkpt lat="50.155685" lon="15.026067">
      </trkpt>
      <trkpt lat="50.156643" lon="15.023743">
      </trkpt>
      <trkpt lat="50.157008" lon="15.022042">
      </trkpt>
      <trkpt lat="50.157926" lon="15.0188">
      </trkpt>
      <trkpt lat="50.153542" lon="15.011681">
      </trkpt>
      <trkpt lat="50.150072" lon="15.012639">
      </trkpt>
      <trkpt lat="50.150601" lon="15.014556">
      </trkpt>
      <trkpt lat="50.150739" lon="15.016711">
      </trkpt>
      <trkpt lat="50.150504" lon="15.019572">
      </trkpt>
      <trkpt lat="50.150262" lon="15.022591">
      </trkpt>
      <trkpt lat="50.150177" lon="15.023657">
      </trkpt>
      <trkpt lat="50.149917" lon="15.025235">
      </trkpt>
      <trkpt lat="50.149788" lon="15.025704">
      </trkpt>
      <trkpt lat="50.149617" lon="15.026221">
      </trkpt>
      <trkpt lat="50.149538" lon="15.026512">
      </trkpt>
      <trkpt lat="50.149464" lon="15.02694">
      </trkpt>
      <trkpt lat="50.149706" lon="15.036062">
      </trkpt>
      <trkpt lat="50.142878" lon="15.038885">
      </trkpt>
      <trkpt lat="50.141649" lon="15.038842">
      </trkpt>
      <trkpt lat="50.141522" lon="15.042439">
      </trkpt>
      <trkpt lat="50.138349" lon="15.050628">
      </trkpt>
      <trkpt lat="50.136364" lon="15.053113">
      </trkpt>
      <trkpt lat="50.134671" lon="15.055088">
      </trkpt>
      <trkpt lat="50.133072" lon="15.056916">
      </trkpt>
      <trkpt lat="50.131495" lon="15.060765">
      </trkpt>
      <trkpt lat="50.123428" lon="15.05685">
      </trkpt>
      <trkpt lat="50.123682" lon="15.054291">
      </trkpt>
      <trkpt lat="50.123822" lon="15.051913">
      </trkpt>
      <trkpt lat="50.124016" lon="15.051182">
      </trkpt>
      <trkpt lat="50.12407" lon="15.049572">
      </trkpt>
      <trkpt lat="50.12435" lon="15.048065">
      </trkpt>
      <trkpt lat="50.124318" lon="15.047231">
      </trkpt>
      <trkpt lat="50.124677" lon="15.044881">
      </trkpt>
      <trkpt lat="50.124871" lon="15.041567">
      </trkpt>
      <trkpt lat="50.125051" lon="15.040731">
      </trkpt>
      <trkpt lat="50.130166" lon="15.034892">
      </trkpt>
      <trkpt lat="50.13028" lon="15.03454">
      </trkpt>
      <trkpt lat="50.130089" lon="15.033018">
      </trkpt>
      <trkpt lat="50.130339" lon="15.029497">
      </trkpt>
      <trkpt lat="50.131432" lon="15.027247">
      </trkpt>
      <trkpt lat="50.131376" lon="15.024709">
      </trkpt>
      <trkpt lat="50.131905" lon="15.021722">
      </trkpt>
      <trkpt lat="50.131983" lon="15.021149">
      </trkpt>
      <trkpt lat="50.131909" lon="15.018519">
      </trkpt>
      <trkpt lat="50.132564" lon="15.013354">
      </trkpt>
      <trkpt lat="50.132822" lon="15.011299">
      </trkpt>
      <trkpt lat="50.133081" lon="15.009244">
      </trkpt>
      <trkpt lat="50.133521" lon="15.005747">
      </trkpt>
      <trkpt lat="50.133962" lon="15.00225">
      </trkpt>
      <trkpt lat="50.13434" lon="14.999208">
      </trkpt>
      <trkpt lat="50.138021" lon="14.991376">
      </trkpt>
      <trkpt lat="50.140755" lon="14.986936">
      </trkpt>
      <trkpt lat="50.141515" lon="14.985674">
      </trkpt>
      <trkpt lat="50.141792" lon="14.985088">
      </trkpt>
      <trkpt lat="50.141786" lon="14.985036">
      </trkpt>
      <trkpt lat="50.138415" lon="14.979175">
      </trkpt>
      <trkpt lat="50.137937" lon="14.970223">
      </trkpt>
      <trkpt lat="50.137903" lon="14.970078">
      </trkpt>
      <trkpt lat="50.134752" lon="14.963342">
      </trkpt>
      <trkpt lat="50.134273" lon="14.959756">
      </trkpt>
      <trkpt lat="50.133793" lon="14.956172">
      </trkpt>
      <trkpt lat="50.133925" lon="14.9494">
      </trkpt>
      <trkpt lat="50.134218" lon="14.947243">
      </trkpt>
      <trkpt lat="50.134512" lon="14.945087">
      </trkpt>
      <trkpt lat="50.135072" lon="14.940985">
      </trkpt>
      <trkpt lat="50.138676" lon="14.936555">
      </trkpt>
      <trkpt lat="50.139157" lon="14.933332">
      </trkpt>
      <trkpt lat="50.140768" lon="14.92765">
      </trkpt>
      <trkpt lat="50.140737" lon="14.922304">
      </trkpt>
      <trkpt lat="50.138429" lon="14.916129">
      </trkpt>
      <trkpt lat="50.139693" lon="14.912362">
      </trkpt>
      <trkpt lat="50.140922" lon="14.908978">
      </trkpt>
      <trkpt lat="50.142399" lon="14.906251">
      </trkpt>
      <trkpt lat="50.142667" lon="14.905423">
      </trkpt>
      <trkpt lat="50.142544" lon="14.9044">
      </trkpt>
      <trkpt lat="50.140835" lon="14.898037">
      </trkpt>
      <trkpt lat="50.139982" lon="14.897481">
      </trkpt>
      <trkpt lat="50.139397" lon="14.897311">
      </trkpt>
      <trkpt lat="50.137261" lon="14.897602">
      </trkpt>
      <trkpt lat="50.130089" lon="14.892287">
      </trkpt>
      <trkpt lat="50.130216" lon="14.89175">
      </trkpt>
      <trkpt lat="50.130306" lon="14.888306">
      </trkpt>
      <trkpt lat="50.130428" lon="14.884866">
      </trkpt>
      <trkpt lat="50.130548" lon="14.882512">
      </trkpt>
      <trkpt lat="50.130783" lon="14.879432">
      </trkpt>
      <trkpt lat="50.130987" lon="14.877454">
      </trkpt>
      <trkpt lat="50.131194" lon="14.875849">
      </trkpt>
      <trkpt lat="50.131324" lon="14.874946">
      </trkpt>
      <trkpt lat="50.131482" lon="14.873964">
      </trkpt>
      <trkpt lat="50.131773" lon="14.872336">
      </trkpt>
      <trkpt lat="50.132025" lon="14.871072">
      </trkpt>
      <trkpt lat="50.132367" lon="14.869544">
      </trkpt>
      <trkpt lat="50.132729" lon="14.868081">
      </trkpt>
      <trkpt lat="50.133191" lon="14.866397">
      </trkpt>
      <trkpt lat="50.133744" lon="14.864562">
      </trkpt>
      <trkpt lat="50.13432" lon="14.862844">
      </trkpt>
      <trkpt lat="50.134818" lon="14.861386">
      </trkpt>
      <trkpt lat="50.135074" lon="14.860309">
      </trkpt>
      <trkpt lat="50.141751" lon="14.855127">
      </trkpt>
      <trkpt lat="50.145315" lon="14.855633">
      </trkpt>
      <trkpt lat="50.152237" lon="14.850016">
      </trkpt>
      <trkpt lat="50.152813" lon="14.850253">
      </trkpt>
      <trkpt lat="50.154765" lon="14.850934">
      </trkpt>
      <trkpt lat="50.155146" lon="14.851082">
      </trkpt>
      <trkpt lat="50.157159" lon="14.849324">
      </trkpt>
      <trkpt lat="50.157177" lon="14.848955">
      </trkpt>
      <trkpt lat="50.157144" lon="14.848088">
      </trkpt>
      <trkpt lat="50.156999" lon="14.84799">
      </trkpt>
      <trkpt lat="50.156493" lon="14.847734">
      </trkpt>
      <trkpt lat="50.155957" lon="14.847537">
      </trkpt>
      <trkpt lat="50.154024" lon="14.846863">
      </trkpt>
      <trkpt lat="50.153622" lon="14.846693">
      </trkpt>
      <trkpt lat="50.15292" lon="14.846358">
      </trkpt>
      <trkpt lat="50.152126" lon="14.845906">
      </trkpt>
      <trkpt lat="50.149191" lon="14.837479">
      </trkpt>
      <trkpt lat="50.150068" lon="14.833987">
      </trkpt>
      <trkpt lat="50.149472" lon="14.826844">
      </trkpt>
      <trkpt lat="50.149332" lon="14.822506">
      </trkpt>
      <trkpt lat="50.145732" lon="14.822461">
      </trkpt>
      <trkpt lat="50.137453" lon="14.822844">
      </trkpt>
      <trkpt lat="50.136697" lon="14.818851">
      </trkpt>
      <trkpt lat="50.136155" lon="14.815775">
      </trkpt>
      <trkpt lat="50.135945" lon="14.81445">
      </trkpt>
      <trkpt lat="50.135581" lon="14.811842">
      </trkpt>
      <trkpt lat="50.135316" lon="14.809507">
      </trkpt>
      <trkpt lat="50.135214" lon="14.808457">
      </trkpt>
      <trkpt lat="50.135033" lon="14.806324">
      </trkpt>
      <trkpt lat="50.13491" lon="14.804238">
      </trkpt>
      <trkpt lat="50.134849" lon="14.802986">
      </trkpt>
      <trkpt lat="50.134775" lon="14.800469">
      </trkpt>
      <trkpt lat="50.134762" lon="14.797971">
      </trkpt>
      <trkpt lat="50.134803" lon="14.795262">
      </trkpt>
      <trkpt lat="50.134843" lon="14.79381">
      </trkpt>
      <trkpt lat="50.134948" lon="14.791121">
      </trkpt>
      <trkpt lat="50.13508" lon="14.787757">
      </trkpt>
      <trkpt lat="50.135225" lon="14.78395">
      </trkpt>
      <trkpt lat="50.135272" lon="14.782154">
      </trkpt>
      <trkpt lat="50.135308" lon="14.778921">
      </trkpt>
      <trkpt lat="50.135297" lon="14.777406">
      </trkpt>
      <trkpt lat="50.135267" lon="14.776047">
      </trkpt>
      <trkpt lat="50.135151" lon="14.77313">
      </trkpt>
      <trkpt lat="50.135052" lon="14.771574">
      </trkpt>
      <trkpt lat="50.134819" lon="14.768637">
      </trkpt>
      <trkpt lat="50.134514" lon="14.765873">
      </trkpt>
      <trkpt lat="50.134309" lon="14.764236">
      </trkpt>
      <trkpt lat="50.134077" lon="14.76259">
      </trkpt>
      <trkpt lat="50.133642" lon="14.75979">
      </trkpt>
      <trkpt lat="50.133163" lon="14.757029">
      </trkpt>
      <trkpt lat="50.129616" lon="14.757645">
      </trkpt>
      <trkpt lat="50.130095" lon="14.760406">
      </trkpt>
    </trkseg>
  </trk>
</gpx>